Timestamp,Energy (MwH),Speed (RPM),Speed Setpoint (%),Motor Winding Temp.,Motor Bearing Temp.,Fan Bearing Temp.,Motor Vibration (mm/s),Fan Vibration (mm/s),Motor Power ( kW),Bag Filter Inlet Pressure (Pa),Bag Filter Outlet Pressure (Pa),Bag Filter Diff. Pressure 1 (Pa),Bag Filter  Inlet Temp.,Bag Filter Outlet Temp.,Current,
16.08.2026 07:42:00,0.0296875,740.0480816,92.5060102,54.73846201,60.79230793,54.66923083,0.41456731,0.489855766,1541.615385,-216.2019231,-2201.009615,2097.230769,146.6538462,130.0153879, , 
16.08.2026 07:45:00, , , , , , , , , , , , , , , , 
16.08.2026 07:55:00,0.040625,739.8692392,92.4836549,54.92307722,62.78461603,54.86153881,0.410528848,0.500336544,1527,-207.3245192,-2327.759615,2029.692308,146.8999986,130.4307697, , 
16.08.2026 08:00:00, , , , , , , , , , , , , , , , 
16.08.2026 08:08:00, ,739.9307767,92.49134709,55.16153776,64.54615314,54.89230787,0.415528845,0.503509615,1541.769231,-212.34375,-2241.134615,2072.384615,147.3000007,130.5538471, , 
16.08.2026 08:09:00,0.024739583, , , , , , , , , , , , , , , 
16.08.2026 08:15:00, , , , , , , , , , , , , , , , 
16.08.2026 08:21:00, ,739.9807692,92.49759615,55.26923018,65.33846166,55.06153811,0.425961533,0.51067308,1545.769231,-208.8064904,-2297.221154,2055.923077,147.430772,130.9153841, , 
16.08.2026 08:22:00,0.032986111, , , , , , , , , , , , , , , 
16.08.2026 08:30:00, , , , , , , , , , , , , , , , 
16.08.2026 08:34:00, ,739.9153912,92.4894239,55.56923118,65.80769289,55.17692331,0.410144235,0.500336542,1541.692308,-212.3545673,-2240.125,2079.461538,147.0769219,130.4230781, , 
16.08.2026 08:36:00,0.036931818, , , , , , , , , , , , , , , 
16.08.2026 08:45:00, , , , , , , , , , , , , , , , 
16.08.2026 08:47:00, ,742.5807777,92.82259721,55.76923106,66.30769172,55.25384639,0.39855769,0.516009615,1563.615385,-198.6598558,-2318.528846,2036.615385,147.2615403,131.1000002, , 
16.08.2026 08:49:00,0.0390625, , , , , , , , , , , , , , , 
16.08.2026 09:00:00, ,747.3269372,93.41586715,56.16153834,66.89999977,55.45384656,0.407355772,0.518365381,1577.461538,-188.5673077,-2305.701923,2046.307692,147.0307688,131.9230781, , 
16.08.2026 09:03:00,0.028409091, , , , , , , , , , , , , , , 
16.08.2026 09:13:00, ,747.1577008,93.39471259,56.5615387,66.72307704,55.59230716,0.410048079,0.52197115,1574.769231,-223.2620192,-2333.942308,2079.076923,147.7230741,132.1769245, , 
16.08.2026 09:15:00, , , , , , , , , , , , , , , , 
16.08.2026 09:16:00,0.035511364, , , , , , , , , , , , , , , 
16.08.2026 09:26:00, ,747.3000113,93.41250141,56.6230771,67.04615432,55.66153834,0.401778845,0.520048082,1574.538462,-210.8942308,-2304.432692,2108.615385,148.5461531,133.1000026, , 
16.08.2026 09:29:00,0.0296875, , , , , , , , , , , , , , , 
16.08.2026 09:30:00, , , , , , , , , , , , , , , , 
16.08.2026 09:39:00, ,747.2923114,93.41153893,56.64615426,67.43846189,55.74615361,0.40355769,0.519278847,1574.692308,-212.765625,-2373.663462,2106.846154,148.3461527,133.4076937, , 
16.08.2026 09:42:00,0.040625, , , , , , , , , , , , , , , 
16.08.2026 09:45:00, , , , , , , , , , , , , , , , 
16.08.2026 09:52:00, ,747.2365441,93.40456801,56.7461539,66.69230828,56.03076935,0.407644233,0.519230772,1572.076923,-214.2223558,-2367.740385,2084.538462,147.0769231,132.8076911, , 
16.08.2026 09:55:00,0.0296875, , , , , , , , , , , , , , , 
16.08.2026 10:00:00, , , , , , , , , , , , , , , , 
16.08.2026 10:05:00, ,746.8923199,93.36153999,57.00769219,63.83076888,56.1846155,0.423942307,0.52716346,1583.461538,-218.0408654,-2360.144231,2164.384615,148.4153853,133.3307683, , 
16.08.2026 10:08:00,0.03125, , , , , , , , , , , , , , , 
16.08.2026 10:15:00, , , , , , , , , , , , , , , , 
16.08.2026 10:18:00, ,747.3134672,93.4141834,57.13846119,63.53076905,56.59999994,0.418173082,0.515192307,1581.615385,-219.5805288,-2367.586538,2073.538462,148.0461543,133.392307, , 
16.08.2026 10:21:00,0.022836538, , , , , , , , , , , , , , , 
16.08.2026 10:30:00, , , , , , , , , , , , , , , , 
16.08.2026 10:31:00, ,747.319242,93.41490525,57.32307728,65.2538458,56.6307687,0.405721155,0.520048073,1577.923077,-210.7427885,-2321.778846,2090.692308,148.0076928,133.623075, , 
16.08.2026 10:34:00,0.03125, , , , , , , , , , , , , , , 
16.08.2026 10:44:00, ,747.307697,93.41346213,57.66923053,66.29230793,56.63846119,0.42028846,0.537500006,1575.153846,-219.8221154,-2363.451923,2082.846154,148.0307723,133.3615394, , 
16.08.2026 10:45:00, , , , , , , , , , , , , , , , 
16.08.2026 10:47:00,0.022836538, , , , , , , , , , , , , , , 
16.08.2026 10:57:00, ,747.1980779,93.39975973,57.9923081,66.50769219,57.02307716,0.41264423,0.517884612,1583.076923,-225.3966346,-2334.451923,2114.384615,148.5230772,133.7000016, , 
16.08.2026 11:00:00,0.022836538, , , , , , , , , , , , , , , 
16.08.2026 11:10:00, ,747.5096201,93.43870251,58.50000059,67.14615455,57.26923048,0.412211537,0.527499994,1569.461538,-219.5012019,-2265.461538,2083.692308,148.2538464,133.5538471, , 
16.08.2026 11:13:00,0.03125, , , , , , , , , , , , , , , 
16.08.2026 11:15:00, , , , , , , , , , , , , , , , 
16.08.2026 11:23:00, ,747.4980844,93.43726055,58.75384668,67.64615396,57.33846224,0.413317309,0.521778843,1584,-194.2932692,-2222.519231,2082.076923,147.2461536,133.3153827, , 
16.08.2026 11:26:00,0.022836538, , , , , , , , , , , , , , , 
16.08.2026 11:30:00, , , , , , , , , , , , , , , , 
16.08.2026 11:36:00, ,747.2500047,93.40625059,58.88461568,67.33846166,57.57692278,0.412451927,0.516682694,1570.923077,-196.5396635,-2310.682692,2117.846154,148.784614,133.7153872, , 
16.08.2026 11:39:00,0.030048077, , , , , , , , , , , , , , , 
16.08.2026 11:45:00, , , , , , , , , , , , , , , , 
16.08.2026 11:49:00, ,747.6634615,93.45793269,58.81538508,65.97692284,58.01538497,0.429278848,0.524230764,1558.923077,-197.9495192,-2281.201923,2072,150.0923075,135.2923091, , 
16.08.2026 11:52:00,0.024038462, , , , , , , , , , , , , , , 
16.08.2026 12:00:00, , , , , , , , , , , , , , , , 
16.08.2026 12:02:00, ,747.6769315,93.45961644,58.95384627,64.22307616,58.12307681,0.419471154,0.516778857,1565.923077,-203.859375,-2287.663462,2085.384615,150.9076937,136.3000007, , 
16.08.2026 12:05:00,0.0296875, , , , , , , , , , , , , , , 
16.08.2026 12:15:00, ,747.5307758,93.44134698,59.07692337,65.21538426,58.20769207,0.425721152,0.52735577,1555.846154,-191.6286058,-2284.932692,2127.769231,148.8384634,134.7153849, , 
16.08.2026 12:18:00,0.0390625, , , , , , , , , , , , , , , 
16.08.2026 12:28:00, ,747.2000028,93.40000035,59.43846189,65.97692402,58.23846113,0.41783654,0.511923072,1565.538462,-200.0661058,-2217.759615,2116.384615,149.5461555,134.9692301, , 
16.08.2026 12:30:00, , , , , , , , , , , , , , , , 
16.08.2026 12:32:00,0.028409091, , , , , , , , , , , , , , , 
16.08.2026 12:41:00, ,747.5538565,93.44423206,59.51538467,66.30769231,58.50769219,0.417403847,0.516009622,1550.153846,-176.9206731,-2297.413462,2113.076923,150.6384629,136.2538464, , 
16.08.2026 12:45:00,0.0390625, , , , , , , , , , , , , , , 
16.08.2026 12:54:00, ,747.7346191,93.46682739,59.42307663,66.35384545,58.33846166,0.428557694,0.528221162,1549.076923,-168,-2242.413462,2047.923077,151.3538443,137.2538476, , 
16.08.2026 12:59:00,0.026988636, , , , , , , , , , , , , , , 
16.08.2026 13:00:00, , , , , , , , , , , , , , , , 
16.08.2026 13:07:00, ,747.7500094,93.46875117,59.35384662,66.12307739,58.33076947,0.420432696,0.512067309,1549.923077,-181.9038462,-2274.711538,2061.461538,153.6538462,138.8538431, , 
16.08.2026 13:12:00,0.040625, , , , , , , , , , , , , , , 
16.08.2026 13:15:00, , , , , , , , , , , , , , , , 
16.08.2026 13:20:00, ,735.7307739,91.96634674,59.1923074,65.91538532,58.42307692,0.439519229,0.484711539,1464.076923,-210.4038462,-2283.528846,2004.307692,153.7461548,138.9307685, , 
16.08.2026 13:25:00,0.0296875, , , , , , , , , , , , , , , 
16.08.2026 13:30:00, , , , , , , , , , , , , , , , 
16.08.2026 13:33:00, ,745.8788593,93.23485741,59.04615373,65.43076911,58.64615396,0.412355769,0.502067311,1533.923077,-228.1658654,-2305.903846,2096,151.0307711,137.6538438, , 
16.08.2026 13:39:00,0.0296875, , , , , , , , , , , , , , , 
16.08.2026 13:45:00, , , , , , , , , , , , , , , , 
16.08.2026 13:46:00, ,747.4288471,93.42860589,59.29999982,65.86923042,58.63846148,0.418942309,0.515144234,1551.846154,-211.5649038,-2284.740385,2113.846154,148.8923082,136.2153849, , 
16.08.2026 13:52:00,0.036931818, , , , , , , , , , , , , , , 
16.08.2026 13:59:00, ,747.4673133,93.43341417,59.61538403,66.07692249,58.69230769,0.432692303,0.51509616,1550.538462,-224.2319712,-2322.673077,2047.230769,148.5307688,135.7461548, , 
16.08.2026 14:00:00, , , , , , , , , , , , , , , , 
16.08.2026 14:06:00,0.0296875, , , , , , , , , , , , , , , 
16.08.2026 14:12:00, ,720.1288546,90.01610683,59.33076888,65.64615338,58.630769,0.460384621,0.45625,1404.615385,-281.2175481,-2223.788462,1990.307692,148.4615396,135.5923075, , 
16.08.2026 14:15:00, , , , , , , , , , , , , , , , 
16.08.2026 14:20:00,0.032986111, , , , , , , , , , , , , , , 
16.08.2026 14:25:00, ,689.0884681,86.13605851,58.15384615,64.85384486,58.33846166,0.551250008,0.406490383,1258.538462,-345.75,-2157.634615,1832.076923,142.2230753,131.0230783, , 
16.08.2026 14:30:00, , , , , , , , , , , , , , , , 
16.08.2026 14:35:00,0.034722222, , , , , , , , , , , , , , , 
16.08.2026 14:38:00, ,687.8903949,85.98629937,57.20000076,64.01538438,57.88461509,0.566923075,0.40471154,1244.384615,-353.7944712,-2157.461538,1796.076923,141.3307659,129.0615375, , 
16.08.2026 14:45:00, , , , , , , , , , , , , , , , 
16.08.2026 14:50:00,0.032986111, , , , , , , , , , , , , , , 
16.08.2026 14:51:00, ,655.9461576,81.9932697,56.33076888,63.5615384,57.53846095,0.57990385,0.372740388,1065.692308,-622.7956731,-2381.807692,1769.461538,131.1307708,124.8692304, , 
16.08.2026 15:00:00, , , , , , , , , , , , , , , , 
16.08.2026 15:04:00,0.029017857,614.3788546,76.79735683,54.30769172,62.64615396,56.89230728,0.551346155,0.329471155,891.7692308,-587.765625,-2091.875,1530.307692,118.2846163,116.1076913, , 
16.08.2026 15:15:00, , , , , , , , , , , , , , , , 
16.08.2026 15:17:00,0.03125,614.409621,76.80120263,53.20769207,59.77692267,56.20000018,0.563798079,0.331875001,896.8461538,-580.7704327,-2116.317308,1455.230769,113.4923078,111.3384599, , 
16.08.2026 15:30:00,0.033854167,614.203848,76.775481,52.38461538,56.40769254,55.35384604,0.574086533,0.328605773,891.7692308,-534.5877404,-2017,1522.769231,113.2999989,109.7076921, , 
16.08.2026 15:43:00, ,613.9769334,76.74711668,51.78461515,53.15384645,55.0615384,0.572596156,0.340192309,914.6923077,-412.7163462,-1919.125,1539.384615,112.8692298,108.5307693, , 
16.08.2026 15:45:00,0.033854167, , , , , , , , , , , , , , , 
16.08.2026 15:56:00, ,614.2000169,76.77500211,51.49230781,50.88461597,54.69230711,0.547019234,0.313894228,916.6923077,-666.1370192,-2216.259615,1548.230769,141.3230773,119.738462, , 
16.08.2026 15:58:00,0.042410714, , , , , , , , , , , , , , , 
16.08.2026 16:00:00, , , , , , , , , , , , , , , , 
16.08.2026 16:09:00, ,614.3403978,76.79254972,51.1923074,49.27692296,54.4384616,0.557884611,0.317836544,886.8461538,-603.2920673,-2129.826923,1486.692308,156.0153832,134.7769224, , 
16.08.2026 16:11:00,0.029017857, , , , , , , , , , , , , , , 
16.08.2026 16:15:00, , , , , , , , , , , , , , , , 
16.08.2026 16:22:00, ,614.2903959,76.78629949,50.85384574,48.23076952,54.06153811,0.567836541,0.338701922,890.6153846,-334.9939904,-1802.067308,1432.461538,129.6076907,127.6384612, , 
16.08.2026 16:24:00,0.01875, , , , , , , , , , , , , , , 
16.08.2026 16:30:00, , , , , , , , , , , , , , , , 
16.08.2026 16:35:00, ,614.3576989,76.79471236,50.86923071,47.10769243,53.83846166,0.572692307,0.349086537,937.2307692,-339.5372596,-1763.653846,1486.615385,104.6384612,107.7692302, , 
16.08.2026 16:37:00,0.044642857, , , , , , , , , , , , , , , 
16.08.2026 16:45:00, , , , , , , , , , , , , , , , 
16.08.2026 16:48:00, ,614.217318,76.77716475,51.04615344,46.01538409,53.69230769,0.59221154,0.350769231,927.1538462,-266.3221154,-1711.365385,1440.846154,108.2153854,106.6538456, , 
16.08.2026 16:50:00,0.03125, , , , , , , , , , , , , , , 
16.08.2026 17:00:00, , , , , , , , , , , , , , , , 
16.08.2026 17:01:00, ,614.2577045,76.78221306,51.00769248,45.39230728,53.47692314,0.57514424,0.340625,939,-274.8209135,-1747.346154,1474.461538,109.4538469,105.084617, , 
16.08.2026 17:03:00,0.029017857, , , , , , , , , , , , , , , 
16.08.2026 17:14:00, ,614.078848,76.759856,50.94615379,44.89999977,53.16923083,0.561682692,0.359471154,943,-261.5661058,-1673.634615,1443.692308,101.3615382,101.3846154, , 
16.08.2026 17:15:00, , , , , , , , , , , , , , , , 
16.08.2026 17:16:00,0.021875, , , , , , , , , , , , , , , 
16.08.2026 17:27:00, ,614.0288462,76.75360577,50.96923095,45.91538503,52.97692314,0.571298077,0.34129808,964.9230769,-352.2475962,-1821.586538,1511.769231,102.6230774,97.96923006, , 
16.08.2026 17:29:00,0.037109375, , , , , , , , , , , , , , , 
16.08.2026 17:30:00, , , , , , , , , , , , , , , , 
16.08.2026 17:40:00, ,614.2961614,76.78702017,51.03846183,45.40769225,52.99230752,0.550865389,0.320913462,922.5384615,-522.8509615,-2048.682692,1500.923077,136.8153845,115.8923082, , 
16.08.2026 17:42:00,0.033854167, , , , , , , , , , , , , , , 
16.08.2026 17:45:00, , , , , , , , , , , , , , , , 
16.08.2026 17:53:00, ,614.1576961,76.76971201,50.630769,44.8153845,52.90769284,0.552403844,0.334999999,892.7692308,-560.3365385,-2092.288462,1477.461538,148.5307676,130.7076921, , 
16.08.2026 17:55:00,0.0375, , , , , , , , , , , , , , , 
16.08.2026 18:00:00, , , , , , , , , , , , , , , , 
16.08.2026 18:06:00, ,614.2229207,76.77786509,50.25833321, ,52.85000006,0.5603125,0.353072916,878.3076923,-557.8085938,-2030,1475.5,153.0749995,137.1916682, , 
16.08.2026 18:07:00, , , , ,44.48333327, , , , , , , , , , , 
16.08.2026 18:08:00,0.029017857, , , , , , , , , , , , , , , 
16.08.2026 18:15:00, , , , , , , , , , , , , , , , 
16.08.2026 18:19:00, ,614.2346191,76.77932739,50.04999987, ,52.66666635,0.525000006,0.336105766,877.6153846,-575.3867188,-2069.875,1481.076923,154.1846137,139.8999998, , 
16.08.2026 18:20:00, , , , ,44.67000008, , , , , , , , , , , 
16.08.2026 18:21:00,0.021875, , , , , , , , , , , , , , , 
16.08.2026 18:30:00, , , , , , , , , , , , , , , , 
16.08.2026 18:32:00, , , , , , , , ,906.9230769, , , , , , , 
16.08.2026 18:34:00,0.03125, , , , , , , , , , , , , , , 
16.08.2026 18:36:00, ,613.8125,76.7265625,49.80000114, , ,0.519062489,0.330624998, ,-622.03125,-2161.125,1595,154, , , 
16.08.2026 18:45:00, , , , , , , , ,919.0769231, , , , , , , 
16.08.2026 18:47:00,0.033854167, , , , , , , , , , , , , , , 
16.08.2026 18:51:00, , , , , , , , , , , , , , , , 
16.08.2026 18:58:00, , , , , , , , ,930.0769231, , , , , , , 
16.08.2026 19:00:00,0.033854167, , , , , , , , , , , , , , , 
16.08.2026 19:11:00, , , , , , , , ,852.4615385, , , , , , , 
16.08.2026 19:15:00, , , , , , , , , , , , , , , , 
16.08.2026 19:18:00,0.033854167, , , , , , , , , , , , , , , 
16.08.2026 19:24:00, , , , , , , , ,268.6923077, , , , , , , 
16.08.2026 19:30:00, , , , , , , , , , , , , , , , 
16.08.2026 19:35:00,0.03125, , , , , , , , , , , , , , , 
16.08.2026 19:37:00, , , , , , , , ,277, , , , , , , 
16.08.2026 19:45:00, , , , , , , , , , , , , , , , 
16.08.2026 19:50:00, , , , , , , , ,285, , , , , , , 
16.08.2026 19:57:00,0.02734375, , , , , , , , , , , , , , , 
16.08.2026 20:00:00, , , , , , , , , , , , , , , , 
16.08.2026 20:03:00, , , , , , , , ,283.2307692, , , , , , , 
16.08.2026 20:15:00, , , , , , , , , , , , , , , , 
16.08.2026 20:16:00, , , , , , , , ,286.6923077, , , , , , , 
16.08.2026 20:18:00,0.01875, , , , , , , , , , , , , , , 
16.08.2026 20:29:00, , , , , , , , ,289.8461538, , , , , , , 
16.08.2026 20:30:00, , , , , , , , , , , , , , , , 
16.08.2026 20:39:00,0.0234375, , , , , , , , , , , , , , , 
16.08.2026 20:42:00, , , , , , , , ,292.2307692, , , , , , , 
16.08.2026 20:45:00, , , , , , , , , , , , , , , , 
16.08.2026 20:55:00, , , , , , , , ,289.6923077, , , , , , , 
16.08.2026 21:00:00,0.02734375, , , , , , , , , , , , , , , 
16.08.2026 21:08:00, , , , , , , , ,294.6153846, , , , , , , 
16.08.2026 21:15:00, , , , , , , , , , , , , , , , 
16.08.2026 21:20:00,0.0234375, , , , , , , , , , , , , , , 
16.08.2026 21:21:00, , , , , , , , ,292.0769231, , , , , , , 
16.08.2026 21:30:00, , , , , , , , , , , , , , , , 
16.08.2026 21:34:00, , , , , , , , ,296.7692308, , , , , , , 
16.08.2026 21:41:00,0.02734375, , , , , , , , , , , , , , , 
16.08.2026 21:45:00, , , , , , , , , , , , , , , , 
16.08.2026 21:47:00, , , , , , , , ,295.3846154, , , , , , , 
16.08.2026 22:00:00,0.0234375, , , , , , , ,296.6923077, , , , , , , 
16.08.2026 22:13:00, , , , , , , , ,296.6153846, , , , , , , 
16.08.2026 22:15:00, , , , , , , , , , , , , , , , 
16.08.2026 22:21:00,0.0234375, , , , , , , , , , , , , , , 
16.08.2026 22:26:00, , , , , , , , ,298.6923077, , , , , , , 
16.08.2026 22:30:00, , , , , , , , , , , , , , , , 
16.08.2026 22:39:00, , , , , , , , ,296.7692308, , , , , , , 
16.08.2026 22:41:00,0.02734375, , , , , , , , , , , , , , , 
16.08.2026 22:45:00, , , , , , , , , , , , , , , , 
16.08.2026 22:52:00, , , , , , , , ,296.9230769, , , , , , , 
16.08.2026 23:00:00,0.0234375, , , , , , , , , , , , , , , 
16.08.2026 23:05:00, , , , , , , , ,299.8461538, , , , , , , 
16.08.2026 23:15:00, , , , , , , , , , , , , , , , 
16.08.2026 23:18:00, , , , , , , , ,298.5384615, , , , , , , 
16.08.2026 23:21:00,0.02734375, , , , , , , , , , , , , , , 
16.08.2026 23:30:00, , , , , , , , , , , , , , , , 
16.08.2026 23:31:00, , , , , , , , ,300.6153846, , , , , , , 
16.08.2026 23:41:00,0.0234375, , , , , , , , , , , , , , , 
16.08.2026 23:44:00, , , , , , , , ,302.6153846, , , , , , , 
16.08.2026 23:45:00, , , , , , , , , , , , , , , , 
16.08.2026 23:57:00, , , , , , , , ,300.0769231, , , , , , , 
17.08.2026 00:00:00,0.0234375, , , , , , , , , , , , , , , 
17.08.2026 00:10:00, , , , , , , , ,301.6923077, , , , , , , 
17.08.2026 00:15:00, , , , , , , , , , , , , , , , 
17.08.2026 00:20:00,0.02734375, , , , , , , , , , , , , , , 
17.08.2026 00:23:00, , , , , , , , ,301.8461538, , , , , , , 
17.08.2026 00:30:00, , , , , , , , , , , , , , , , 
17.08.2026 00:36:00, , , , , , , , ,303.2307692, , , , , , , 
17.08.2026 00:40:00,0.0234375, , , , , , , , , , , , , , , 
17.08.2026 00:45:00, , , , , , , , , , , , , , , , 
17.08.2026 00:49:00, , , , , , , , ,302, , , , , , , 
17.08.2026 01:00:00,0.02734375, , , , , , , , , , , , , , , 
17.08.2026 01:02:00, , , , , , , , ,306.3846154, , , , , , , 
17.08.2026 01:15:00, , , , , , , , ,304.9230769, , , , , , , 
17.08.2026 01:20:00,0.0234375, , , , , , , , , , , , , , , 
17.08.2026 01:28:00, , , , , , , , ,297.0769231, , , , , , , 
17.08.2026 01:30:00, , , , , , , , , , , , , , , , 
17.08.2026 01:39:00,0.0234375, , , , , , , , , , , , , , , 
17.08.2026 01:41:00, , , , , , , , ,293.6153846, , , , , , , 
17.08.2026 01:45:00, , , , , , , , , , , , , , , , 
17.08.2026 01:54:00, , , , , , , , ,295.0769231, , , , , , , 
17.08.2026 01:59:00,0.02734375, , , , , , , , , , , , , , , 
17.08.2026 02:00:00, , , , , , , , , , , , , , , , 
17.08.2026 02:07:00, , , , , , , , ,295.4615385, , , , , , , 
17.08.2026 02:15:00, , , , , , , , , , , , , , , , 
17.08.2026 02:20:00,0.01875, , , , , , , ,293.4615385, , , , , , , 
17.08.2026 02:30:00, , , , , , , , , , , , , , , , 
17.08.2026 02:33:00, , , , , , , , ,293.8461538, , , , , , , 
17.08.2026 02:40:00,0.02734375, , , , , , , , , , , , , , , 
17.08.2026 02:45:00, , , , , , , , , , , , , , , , 
17.08.2026 02:46:00, , , , , , , , ,298.3076923, , , , , , , 
17.08.2026 02:59:00, , , , , , , , ,296.9230769, , , , , , , 
17.08.2026 03:00:00,0.0234375, , , , , , , , , , , , , , , 
17.08.2026 03:12:00, , , , , , , , ,297.3076923, , , , , , , 
17.08.2026 03:15:00, , , , , , , , , , , , , , , , 
17.08.2026 03:21:00,0.0234375, , , , , , , , , , , , , , , 
17.08.2026 03:25:00, , , , , , , , ,295.9230769, , , , , , , 
17.08.2026 03:30:00, , , , , , , , , , , , , , , , 
17.08.2026 03:38:00, , , , , , , , ,295.1538462, , , , , , , 
17.08.2026 03:40:00,0.02734375, , , , , , , , , , , , , , , 
17.08.2026 03:45:00, , , , , , , , , , , , , , , , 
17.08.2026 03:51:00, , , , , , , , ,299, , , , , , , 
17.08.2026 04:00:00,0.0234375, , , , , , , , , , , , , , , 
17.08.2026 04:04:00, , , , , , , , ,295.4615385, , , , , , , 
17.08.2026 04:15:00, , , , , , , , , , , , , , , , 
17.08.2026 04:17:00, , , , , , , , ,297.2307692, , , , , , , 
17.08.2026 04:21:00,0.02734375, , , , , , , , , , , , , , , 
17.08.2026 04:30:00, , , , , , , , ,297.6153846, , , , , , , 
17.08.2026 04:41:00,0.0234375, , , , , , , , , , , , , , , 
17.08.2026 04:43:00, , , , , , , , ,295.8461538, , , , , , , 
17.08.2026 04:45:00, , , , , , , , , , , , , , , , 
17.08.2026 04:56:00, , , , , , , , ,300.3076923, , , , , , , 
17.08.2026 05:00:00,0.0234375, , , , , , , , , , , , , , , 
17.08.2026 05:09:00, , , , , , , , ,298.2307692, , , , , , , 
17.08.2026 05:15:00, , , , , , , , , , , , , , , , 
17.08.2026 05:21:00,0.02734375, , , , , , , , , , , , , , , 
17.08.2026 05:22:00, , , , , , , , ,304.3076923, , , , , , , 
17.08.2026 05:30:00, , , , , , , , , , , , , , , , 
17.08.2026 05:35:00, , , , , , , , ,298, , , , , , , 
17.08.2026 05:41:00,0.0234375, , , , , , , , , , , , , , , 
17.08.2026 05:45:00, , , , , , , , , , , , , , , , 
17.08.2026 05:48:00, , , , , , , , ,300.8461538, , , , , , , 
17.08.2026 06:00:00,0.02734375, , , , , , , , , , , , , , , 
17.08.2026 06:01:00, , , , , , , , ,297.7692308, , , , , , , 
17.08.2026 06:14:00, , , , , , , , ,299.7692308, , , , , , , 
17.08.2026 06:15:00, , , , , , , , , , , , , , , , 
17.08.2026 06:21:00,0.0234375, , , , , , , , , , , , , , , 
17.08.2026 06:27:00, , , , , , , , ,299.6153846, , , , , , , 
17.08.2026 06:30:00, , , , , , , , , , , , , , , , 
17.08.2026 06:40:00, , , , , , , , ,301, , , , , , , 
17.08.2026 06:41:00,0.0234375, , , , , , , , , , , , , , , 
17.08.2026 06:45:00, , , , , , , , , , , , , , , , 
17.08.2026 06:53:00, , , , , , , , ,301.0769231, , , , , , , 
17.08.2026 07:00:00,0.02734375, , , , , , , , , , , , , , , 
17.08.2026 07:06:00, , , , , , , , ,301.6153846, , , , , , , 
17.08.2026 07:15:00, , , , , , , , , , , , , , , , 
17.08.2026 07:19:00, , , , , , , , ,300, , , , , , , 
17.08.2026 07:20:00,0.0234375, , , , , , , , , , , , , , , 
17.08.2026 07:30:00, , , , , , , , , , , , , , , , 
17.08.2026 07:32:00, , , , , , , , ,299.2307692, , , , , , , 
17.08.2026 07:40:00,0.02734375, , , , , , , , , , , , , , , 
17.08.2026 07:45:00, , , , , , , , ,301.4615385, , , , , , , 
17.08.2026 07:58:00, , , , , , , , ,302.4615385, , , , , , , 
17.08.2026 08:00:00,0.0234375, , , , , , , , , , , , , , , 
17.08.2026 08:11:00, , , , , , , , ,308.0769231, , , , , , , 
17.08.2026 08:15:00, , , , , , , , , , , , , , , , 
17.08.2026 08:20:00,0.0234375, , , , , , , , , , , , , , , 
17.08.2026 08:24:00, , , , , , , , ,185.1538462, , , , , , , 
17.08.2026 08:30:00, , , , , , , , , , , , , , , , 
17.08.2026 08:34:00,0, , , , , , , , , , , , , , , 
17.08.2026 08:37:00, , , , , , , , ,88.15384615, , , , , , , 
17.08.2026 08:45:00, , , , , , , , , , , , , , , , 
17.08.2026 08:50:00, , , , , , , , ,86.92307692, , , , , , , 
17.08.2026 08:51:00,0.036458333, , , , , , , , , , , , , , , 
17.08.2026 09:00:00, , , , , , , , , , , , , , , , 
17.08.2026 09:03:00, , , , , , , , ,87.69230769, , , , , , , 
17.08.2026 09:15:00,0, , , , , , , , , , , , , , , 
17.08.2026 09:16:00, , , , , , , , ,87.38461538, , , , , , , 
17.08.2026 09:29:00, , , , , , , , ,86.84615385, , , , , , , 
17.08.2026 09:30:00,0, , , , , , , , , , , , , , , 
17.08.2026 09:42:00, , , , , , , , ,87.53846154, , , , , , , 
17.08.2026 09:43:00,0, , , , , , , , , , , , , , , 
17.08.2026 09:45:00, , , , , , , , , , , , , , , , 
17.08.2026 09:55:00, , , , , , , , ,87.84615385, , , , , , , 
17.08.2026 10:00:00,0.03125, , , , , , , , , , , , , , , 
17.08.2026 10:08:00, , , , , , , , ,88.15384615, , , , , , , 
17.08.2026 10:15:00,0, , , , , , , , , , , , , , , 
17.08.2026 10:21:00, , , , , , , , ,66.69230769, , , , , , , 
17.08.2026 10:30:00,0, , , , , , , , , , , , , , , 
17.08.2026 10:34:00, , , , , , , , ,61.76923077, , , , , , , 
17.08.2026 10:45:00,0, , , , , , , , , , , , , , , 
17.08.2026 10:47:00, , , , , , , , ,60.69230769, , , , , , , 
17.08.2026 11:00:00,0, , , , , , , ,61.53846154, , , , , , , 
17.08.2026 11:13:00, , , , , , , , ,60.92307692, , , , , , , 
17.08.2026 11:15:00, , , , , , , , , , , , , , , , 
17.08.2026 11:24:00,0.02734375, , , , , , , , , , , , , , , 
17.08.2026 11:26:00, , , , , , , , ,61.61538462, , , , , , , 
17.08.2026 11:30:00, , , , , , , , , , , , , , , , 
17.08.2026 11:39:00,0, , , , , , , ,61.84615385, , , , , , , 
17.08.2026 11:45:00, , , , , , , , , , , , , , , , 
17.08.2026 11:52:00, , , , , , , , ,61.61538462, , , , , , , 
17.08.2026 11:54:00,0, , , , , , , , , , , , , , , 
17.08.2026 12:00:00, , , , , , , , , , , , , , , , 
17.08.2026 12:05:00, , , , , , , , ,60.30769231, , , , , , , 
17.08.2026 12:15:00,0, , , , , , , , , , , , , , , 
17.08.2026 12:18:00, , , , , , , , ,62, , , , , , , 
17.08.2026 12:30:00,0, , , , , , , , , , , , , , , 
17.08.2026 12:31:00, , , , , , , , ,61.76923077, , , , , , , 
17.08.2026 12:43:00,0.046875, , , , , , , , , , , , , , , 
17.08.2026 12:44:00, , , , , , , , ,62.30769231, , , , , , , 
17.08.2026 12:45:00, , , , , , , , , , , , , , , , 
17.08.2026 12:57:00, , , , , , , , ,62.23076923, , , , , , , 
17.08.2026 12:59:00,0, , , , , , , , , , , , , , , 
17.08.2026 13:00:00, , , , , , , , , , , , , , , , 
17.08.2026 13:10:00, , , , , , , , ,61.07692308, , , , , , , 
17.08.2026 13:15:00,0, , , , , , , , , , , , , , , 
17.08.2026 13:23:00, , , , , , , , ,61.46153846, , , , , , , 
17.08.2026 13:30:00,0, , , , , , , , , , , , , , , 
17.08.2026 13:36:00, , , , , , , , ,62.30769231, , , , , , , 
17.08.2026 13:45:00,0, , , , , , , , , , , , , , , 
17.08.2026 13:49:00, , , , , , , , ,62.15384615, , , , , , , 
17.08.2026 14:00:00,0, , , , , , , , , , , , , , , 
17.08.2026 14:02:00, , , , , , , , ,62.53846154, , , , , , , 
17.08.2026 14:15:00,0, , , , , , , ,61.15384615, , , , , , , 
17.08.2026 14:28:00, , , , , , , , ,61.53846154, , , , , , , 
17.08.2026 14:30:00, , , , , , , , , , , , , , , , 
17.08.2026 14:34:00,0.0234375, , , , , , , , , , , , , , , 
17.08.2026 14:41:00, , , , , , , , ,61.61538462, , , , , , , 
17.08.2026 14:45:00, , , , , , , , , , , , , , , , 
17.08.2026 14:49:00,0, , , , , , , , , , , , , , , 
17.08.2026 14:54:00, , , , , , , , ,61.15384615, , , , , , , 
17.08.2026 15:00:00, , , , , , , , , , , , , , , , 
17.08.2026 15:07:00, , , , , , , , ,61.30769231, , , , , , , 
17.08.2026 15:15:00,0, , , , , , , , , , , , , , , 
17.08.2026 15:20:00, , , , , , , , ,61.15384615, , , , , , , 
17.08.2026 15:30:00,0, , , , , , , , , , , , , , , 
17.08.2026 15:33:00, , , , , , , , ,61.38461538, , , , , , , 
17.08.2026 15:45:00,0, , , , , , , , , , , , , , , 
17.08.2026 15:46:00, , , , , , , , ,60.69230769, , , , , , , 
17.08.2026 15:59:00, , , , , , , , ,60.61538462, , , , , , , 
17.08.2026 16:00:00,0.02734375, , , , , , , , , , , , , , , 
17.08.2026 16:12:00, , , , , , , , ,61.61538462, , , , , , , 
17.08.2026 16:15:00,0, , , , , , , , , , , , , , , 
17.08.2026 16:25:00, , , , , , , , ,61.07692308, , , , , , , 
17.08.2026 16:30:00,0, , , , , , , , , , , , , , , 
17.08.2026 16:38:00, , , , , , , , ,61.23076923, , , , , , , 
17.08.2026 16:45:00,0, , , , , , , , , , , , , , , 
17.08.2026 16:51:00, , , , , , , , ,61.07692308, , , , , , , 
17.08.2026 17:00:00,0, , , , , , , , , , , , , , , 
17.08.2026 17:04:00, , , , , , , , ,60.92307692, , , , , , , 
17.08.2026 17:15:00,0, , , , , , , , , , , , , , , 
17.08.2026 17:17:00, , , , , , , , ,61.30769231, , , , , , , 
17.08.2026 17:30:00,0, , , , , , , ,61.76923077, , , , , , , 
17.08.2026 17:43:00, , , , , , , , ,60.92307692, , , , , , , 
17.08.2026 17:45:00, , , , , , , , , , , , , , , , 
17.08.2026 17:47:00,0.03125, , , , , , , , , , , , , , , 
17.08.2026 17:56:00, , , , , , , , ,61.30769231, , , , , , , 
17.08.2026 18:00:00,0, , , , , , , , , , , , , , , 
17.08.2026 18:09:00, , , , , , , , ,61, , , , , , , 
17.08.2026 18:15:00,0, , , , , , , , , , , , , , , 
17.08.2026 18:22:00, , , , , , , , ,61.15384615, , , , , , , 
17.08.2026 18:30:00,0, , , , , , , , , , , , , , , 
17.08.2026 18:35:00, , , , , , , , ,61.76923077, , , , , , , 
17.08.2026 18:45:00,0, , , , , , , , , , , , , , , 
17.08.2026 18:48:00, , , , , , , , ,60.46153846, , , , , , , 
17.08.2026 19:00:00,0, , , , , , , , , , , , , , , 
17.08.2026 19:01:00, , , , , , , , ,61.07692308, , , , , , , 
17.08.2026 19:14:00, , , , , , , , ,60.69230769, , , , , , , 
17.08.2026 19:15:00, , , , , , , , , , , , , , , , 
17.08.2026 19:23:00,0.02734375, , , , , , , , , , , , , , , 
17.08.2026 19:27:00, , , , , , , , ,61.38461538, , , , , , , 
17.08.2026 19:30:00, , , , , , , , , , , , , , , , 
17.08.2026 19:38:00,0, , , , , , , , , , , , , , , 
17.08.2026 19:40:00, , , , , , , , ,61.07692308, , , , , , , 
17.08.2026 19:45:00, , , , , , , , , , , , , , , , 
17.08.2026 19:53:00,0, , , , , , , ,61.53846154, , , , , , , 
17.08.2026 20:00:00, , , , , , , , , , , , , , , , 
17.08.2026 20:06:00, , , , , , , , ,61.23076923, , , , , , , 
17.08.2026 20:15:00,0, , , , , , , , , , , , , , , 
17.08.2026 20:19:00, , , , , , , , ,60.92307692, , , , , , , 
17.08.2026 20:30:00,0, , , , , , , , , , , , , , , 
17.08.2026 20:32:00, , , , , , , , ,61.30769231, , , , , , , 
17.08.2026 20:43:00,0.046875, , , , , , , , , , , , , , , 
17.08.2026 20:45:00, , , , , , , , ,60.92307692, , , , , , , 
17.08.2026 20:58:00, , , , , , , , ,61.15384615, , , , , , , 
17.08.2026 20:59:00,0, , , , , , , , , , , , , , , 
17.08.2026 21:00:00, , , , , , , , , , , , , , , , 
17.08.2026 21:11:00, , , , , , , , ,63.07692308, , , , , , , 
17.08.2026 21:15:00,0, , , , , , , , , , , , , , , 
17.08.2026 21:24:00, , , , , , , , ,61.46153846, , , , , , , 
17.08.2026 21:30:00,0, , , , , , , , , , , , , , , 
17.08.2026 21:37:00, , , , , , , , ,62.84615385, , , , , , , 
17.08.2026 21:45:00,0, , , , , , , , , , , , , , , 
17.08.2026 21:50:00, , , , , , , , ,62.84615385, , , , , , , 
17.08.2026 22:00:00,0, , , , , , , , , , , , , , , 
17.08.2026 22:03:00, , , , , , , , ,62.92307692, , , , , , , 
17.08.2026 22:15:00,0, , , , , , , , , , , , , , , 
17.08.2026 22:16:00, , , , , , , , ,63, , , , , , , 
17.08.2026 22:29:00, , , , , , , , ,63.15384615, , , , , , , 
17.08.2026 22:30:00, , , , , , , , , , , , , , , , 
17.08.2026 22:34:00,0.0234375, , , , , , , , , , , , , , , 
17.08.2026 22:42:00, , , , , , , , ,62.84615385, , , , , , , 
17.08.2026 22:45:00, , , , , , , , , , , , , , , , 
17.08.2026 22:49:00,0, , , , , , , , , , , , , , , 
17.08.2026 22:55:00, , , , , , , , ,63.38461538, , , , , , , 
17.08.2026 23:00:00, , , , , , , , , , , , , , , , 
17.08.2026 23:08:00, , , , , , , , ,63.23076923, , , , , , , 
17.08.2026 23:15:00,0, , , , , , , , , , , , , , , 
17.08.2026 23:21:00, , , , , , , , ,63.07692308, , , , , , , 
17.08.2026 23:30:00,0, , , , , , , , , , , , , , , 
17.08.2026 23:34:00, , , , , , , , ,63.76923077, , , , , , , 
17.08.2026 23:45:00,0, , , , , , , , , , , , , , , 
17.08.2026 23:47:00, , , , , , , , ,39.92307692, , , , , , , 
18.08.2026 00:00:00,0, , , , , , , ,32.76923077, , , , , , , 
18.08.2026 00:13:00, , , , , , , , ,32.38461538, , , , , , , 
18.08.2026 00:15:00, , , , , , , , , , , , , , , , 
18.08.2026 00:20:00,0.02734375, , , , , , , , , , , , , , , 
18.08.2026 00:26:00, , , , , , , , ,32.69230769, , , , , , , 
18.08.2026 00:30:00, , , , , , , , , , , , , , , , 
18.08.2026 00:35:00,0, , , , , , , , , , , , , , , 
18.08.2026 00:39:00, , , , , , , , ,32.23076923, , , , , , , 
18.08.2026 00:45:00, , , , , , , , , , , , , , , , 
18.08.2026 00:50:00,0, , , , , , , , , , , , , , , 
18.08.2026 00:52:00, , , , , , , , ,32.61538462, , , , , , , 
18.08.2026 01:00:00, , , , , , , , , , , , , , , , 
18.08.2026 01:07:00, , , , , , , , ,32.45454545, , , , , , , 
18.08.2026 01:15:00,0, , , , , , , , , , , , , , , 
18.08.2026 01:20:00, , , , , , , , ,33, , , , , , , 
18.08.2026 01:30:00,0, , , , , , , , , , , , , , , 
18.08.2026 01:33:00, , , , , , , , ,32.27272727, , , , , , , 
18.08.2026 01:45:00,0, , , , , , , , , , , , , , , 
18.08.2026 01:58:00, , , , , , , , ,25.33333333, , , , , , , 
18.08.2026 02:00:00,0, , , , , , , , , , , , , , , 
18.08.2026 02:15:00,0, , , , , , , ,0, , , , , , , 
18.08.2026 02:30:00,0, , , , , , , ,0, , , , , , , 
18.08.2026 02:45:00,0, , , , , , , ,0, , , , , , , 
18.08.2026 03:00:00,0, , , , , , , ,0, , , , , , , 
18.08.2026 03:15:00,0, , , , , , , ,0, , , , , , , 
18.08.2026 03:30:00, , , , , , , , ,0, , , , , , , 
18.08.2026 03:37:00,0.0234375, , , , , , , , , , , , , , , 
18.08.2026 03:45:00, , , , , , , , ,0, , , , , , , 
18.08.2026 03:52:00,0, , , , , , , , , , , , , , , 
18.08.2026 04:00:00, , , , , , , , ,0, , , , , , , 
18.08.2026 04:15:00,0, , , , , , , ,0, , , , , , , 
18.08.2026 04:30:00,0, , , , , , , ,0, , , , , , , 
18.08.2026 04:45:00,0, , , , , , , ,0, , , , , , , 
18.08.2026 05:00:00,0, , , , , , , ,0, , , , , , , 
18.08.2026 05:15:00,0, , , , , , , ,0, , , , , , , 
18.08.2026 05:30:00,0, , , , , , , ,0, , , , , , , 
18.08.2026 05:45:00,0, , , , , , , ,0, , , , , , , 
18.08.2026 06:00:00,0, , , , , , , ,0, , , , , , , 
18.08.2026 06:15:00,0, , , , , , , ,0, , , , , , , 
18.08.2026 06:30:00,0, , , , , , , ,0, , , , , , , 
18.08.2026 06:45:00,0, , , , , , , ,0, , , , , , , 
18.08.2026 07:00:00,0, , , , , , , ,0, , , , , , , 
18.08.2026 07:15:00,0, , , , , , , ,0, , , , , , , 
18.08.2026 07:30:00, , , , , , , , ,0, , , , , , , 
18.08.2026 07:42:00,0.02734375, , , , , , , , , , , , , , , 
18.08.2026 07:45:00, , , , , , , , ,0, , , , , , , 
18.08.2026 07:57:00,0, , , , , , , , , , , , , , , 
18.08.2026 08:00:00, , , , , , , , ,0, , , , , , , 
18.08.2026 08:15:00,0, , , , , , , ,0, , , , , , , 
18.08.2026 08:30:00,0, , , , , , , ,0, , , , , , , 
18.08.2026 08:45:00,0, , , , , , , ,0, , , , , , , 
18.08.2026 09:00:00,0, , , , , , , ,0, , , , , , , 
18.08.2026 09:15:00,0, , , , , , , ,0, , , , , , , 
18.08.2026 09:30:00,0, , , , , , , ,0, , , , , , , 
18.08.2026 09:45:00,0, , , , , , , ,0, , , , , , , 
18.08.2026 10:00:00,0, , , , , , , ,0, , , , , , , 
18.08.2026 10:15:00,0, , , , , , , ,0, , , , , , , 
18.08.2026 10:30:00,0, , , , , , , ,0, , , , , , , 
18.08.2026 10:45:00,0, , , , , , , ,0, , , , , , , 
18.08.2026 11:00:00,0, , , , , , , ,0, , , , , , , 
18.08.2026 11:15:00,0, , , , , , , ,0, , , , , , , 
18.08.2026 11:30:00,0, , , , , , , ,0, , , , , , , 
18.08.2026 11:45:00,0, , , , , , , ,0, , , , , , , 
18.08.2026 12:00:00,0.0234375, , , , , , , ,0, , , , , , , 
18.08.2026 12:13:00, , , , , , , , ,34.28571429, , , , , , , 
18.08.2026 12:15:00,0, , , , , , , , , , , , , , , 
18.08.2026 12:26:00, , , , , , , , ,80.38461538, , , , , , , 
18.08.2026 12:30:00,0, , , , , , , , , , , , , , , 
18.08.2026 12:39:00, , , , , , , , ,82.69230769, , , , , , , 
18.08.2026 12:45:00,0, , , , , , , , , , , , , , , 
18.08.2026 12:52:00, , , , , , , , ,82.84615385, , , , , , , 
18.08.2026 13:00:00,0, , , , , , , , , , , , , , , 
18.08.2026 13:05:00, , , , , , , , ,81.23076923, , , , , , , 
18.08.2026 13:15:00,0, , , , , , , , , , , , , , , 
18.08.2026 13:18:00, , , , , , , , ,81.38461538, , , , , , , 
18.08.2026 13:30:00, , , , , , , , , , , , , , , , 
18.08.2026 13:31:00, , , , , , , , ,81.76923077, , , , , , , 
18.08.2026 13:33:00,0.0234375, , , , , , , , , , , , , , , 
18.08.2026 13:43:00, ,279.9874878,34.99843597,44.04999924,36.25,34.69999886,0.220937498,0.189374998, ,-65.5546875,-481.6875,413.5,85.14999771,85.15000153, , 
18.08.2026 13:44:00, , , , , , , , ,107.3846154, , , , , , , 
18.08.2026 13:45:00, , , , , , , , , , , , , , , , 
18.08.2026 13:48:00,0, , , , , , , , , , , , , , , 
18.08.2026 13:56:00, ,396.0884634,49.51105793,44.38333321,36.4625001,35.02499962,0.333854165,0.240048081, ,-314.6358173,-1084.269231,769.1538462,87.08181832,84.30769231, , 
18.08.2026 13:57:00, , , , , , , , ,476.5384615, , , , , , , 
18.08.2026 14:00:00, , , , , , , , , , , , , , , , 
18.08.2026 14:02:00,0.021875, , , , , , , , , , , , , , , 
18.08.2026 14:09:00, ,546.8125044,68.35156304,46.26153858,37.59285682,36.54999978,0.325624998,0.275401786, ,-719.0491071,-2044.75,1298.714286,77.6285711,76.73571505, , 
18.08.2026 14:10:00, , , , , , , , ,737.3846154, , , , , , , 
18.08.2026 14:15:00, , , , , , , , , , , , , , , , 
18.08.2026 14:18:00,0.033854167, , , , , , , , , , , , , , , 
18.08.2026 14:22:00, ,548.7711604,68.59639505,47.38461597,39.59999965,38.50769219,0.332163462,0.279278845, ,-448.5612981,-1684.182692,1214.923077,95.89999859,84.12307739, , 
18.08.2026 14:23:00, , , , , , , , ,771.7692308, , , , , , , 
18.08.2026 14:30:00, , , , , , , , , , , , , , , , 
18.08.2026 14:31:00,0.03125, , , , , , , , , , , , , , , 
18.08.2026 14:35:00, ,642.7269334,80.34086668,48.52307745,44.56923118,40.41538415,0.590817309,0.388221156, ,-254.6935096,-1761.567308,1511.307692,135.0538459,109.7384608, , 
18.08.2026 14:36:00, , , , , , , , ,1070.923077, , , , , , , 
18.08.2026 14:44:00,0.0390625, , , , , , , , , , , , , , , 
18.08.2026 14:45:00, , , , , , , , , , , , , , , , 
18.08.2026 14:48:00, ,650.9057758,81.36322198,49.89230757,49.06153899,42.47692314,0.612211539,0.410769229, ,-225.7319712,-1752.432692,1523.461538,146.8461538,126.5769213, , 
18.08.2026 14:49:00, , , , , , , , ,1056.230769, , , , , , , 
18.08.2026 15:00:00,0.026785714, , , , , , , , , , , , , , , 
18.08.2026 15:01:00, ,650.9423171,81.36778964,50.50769219,52.49230752,44.22307675,0.591153842,0.404855772, ,-178.7560096,-1709.778846,1561.769231,153.0923086,134.9153865, , 
18.08.2026 15:02:00, , , , , , , , ,1030.461538, , , , , , , 
18.08.2026 15:13:00,0.0390625, , , , , , , , , , , , , , , 
18.08.2026 15:14:00, ,651.0442317,81.38052896,50.86153911,53.89999947,45.71538456,0.613269233,0.400769234, ,-60.52283654,-1536.125,1459.461538,180.4384613,148.715386, , 
18.08.2026 15:15:00, , , , , , , , ,1003, , , , , , , 
18.08.2026 15:26:00,0.03125, , , , , , , , , , , , , , , 
18.08.2026 15:27:00, ,654.4519278,81.80649097,50.91538503,54.70000018,47.00769248,0.588701931,0.40149039, ,17.73677885,-1355.692308,1372.153846,195.515382,165.846155, , 
18.08.2026 15:28:00, , , , , , , , ,1003.307692, , , , , , , 
18.08.2026 15:30:00, , , , , , , , , , , , , , , , 
18.08.2026 15:40:00,0.029017857,676.7576998,84.59471248,51.56923118,55.59230716,48.14615396,0.573269232,0.401249998, ,-17.54927885,-1643.990385,1633.461538,190.8923093,167.9615385, , 
18.08.2026 15:41:00, , , , , , , , ,1114.538462, , , , , , , 
18.08.2026 15:45:00, , , , , , , , , , , , , , , , 
18.08.2026 15:53:00, ,696.0115403,87.00144254,52.630769,56.93846248,49.36923071,0.544471154,0.433317311, ,-43.01322115,-1818.346154,1828.615385,188.8153839,168.9538457, , 
18.08.2026 15:54:00, , , , , , , , ,1192.153846, , , , , , , 
18.08.2026 15:55:00,0.032986111, , , , , , , , , , , , , , , 
18.08.2026 16:00:00, , , , , , , , , , , , , , , , 
18.08.2026 16:06:00, ,696.1211642,87.01514552,53.33076947,59.50000029,50.45384656,0.528798078,0.421394234, ,-27.609375,-1848.548077,1793.307692,198.6538462,176.4923084, , 
18.08.2026 16:07:00, , , , , , , , ,1164.538462, , , , , , , 
18.08.2026 16:08:00,0.0390625, , , , , , , , , , , , , , , 
18.08.2026 16:15:00, , , , , , , , , , , , , , , , 
18.08.2026 16:19:00, ,696.0442364,87.00552955,53.42307663,61.00000059,51.40769254,0.527692313,0.426346153, ,13.96153846,-1664.375,1675.846154,194.9538469,175.7615368, , 
18.08.2026 16:20:00, , , , , , , , ,1133.615385, , , , , , , 
18.08.2026 16:21:00,0.026785714, , , , , , , , , , , , , , , 
18.08.2026 16:30:00, , , , , , , , , , , , , , , , 
18.08.2026 16:32:00, ,696.2076886,87.02596107,53.46153846,62.17692361,52.14615367,0.533653853,0.428125006, ,16.171875,-1732.923077,1715.769231,192.7692296,168.1000002, , 
18.08.2026 16:33:00, , , , , , , , ,1153.307692, , , , , , , 
18.08.2026 16:34:00,0.0390625, , , , , , , , , , , , , , , 
18.08.2026 16:45:00, ,696.1442355,87.01802943,53.7461539,63.08461527,52.86153852,0.527836541,0.428701921, ,-39.54447115,-1858.201923,1824.615385,185.1769221,163.9692312, , 
18.08.2026 16:46:00, , , , , , , , ,1183.538462, , , , , , , 
18.08.2026 16:47:00,0.026785714, , , , , , , , , , , , , , , 
18.08.2026 16:58:00, ,695.9846238,86.99807798,54.14615367,63.29230793,53.51538409,0.553894233,0.419663464, ,-185.5024038,-2047.326923,1881.461538,155.6461557,147.5692303, , 
18.08.2026 16:59:00, , , , , , , , ,1236.461538, , , , , , , 
18.08.2026 17:00:00,0.0390625, , , , , , , , , , , , , , , 
18.08.2026 17:11:00, ,696.2769306,87.03461632,54.55384592,63.4307697,54.00769248,0.514230765,0.416201917, ,-184.6009615,-1985.192308,1868.230769,164.5230795,144.8307695, , 
18.08.2026 17:12:00, , , , , , , , ,1233.923077, , , , , , , 
18.08.2026 17:13:00,0.032986111, , , , , , , , , , , , , , , 
18.08.2026 17:15:00, , , , , , , , , , , , , , , , 
18.08.2026 17:24:00, ,696.3365479,87.04206848,54.38461597,63.34615326,54.40769254,0.539759615,0.416875, ,-114.65625,-1954.759615,1836.538462,187.8999974,156.869231, , 
18.08.2026 17:25:00, , , , , , , , ,1211.923077, , , , , , , 
18.08.2026 17:26:00,0.029017857, , , , , , , , , , , , , , , 
18.08.2026 17:30:00, , , , , , , , , , , , , , , , 
18.08.2026 17:37:00, ,695.8961651,86.98702064,54.26923106,63.37692349,54.82307728,0.54759615,0.40144231, ,-240.0252404,-2252.173077,1963.230769,196.1384618,166.9461529, , 
18.08.2026 17:38:00, , , , , , , , ,1191.846154, , , , , , , 
18.08.2026 17:41:00,0.032986111, , , , , , , , , , , , , , , 
18.08.2026 17:45:00, , , , , , , , , , , , , , , , 
18.08.2026 17:50:00, ,692.6846173,86.58557716,53.869231,62.86153911,55.07692278,0.598124999,0.40740385, ,-402.0721154,-2294.173077,1971.769231,190.7846151,174.4538469, , 
18.08.2026 17:51:00, , , , , , , , ,1165.769231, , , , , , , 
18.08.2026 17:59:00,0.032986111, , , , , , , , , , , , , , , 
18.08.2026 18:00:00, , , , , , , , , , , , , , , , 
18.08.2026 18:03:00, ,651.3346276,81.41682845,52.72307675,62.08461497,55.3692313,0.616586552,0.369423073, ,-470.8701923,-2133.307692,1624.153846,192.0538436,173.0538459, , 
18.08.2026 18:04:00, , , , , , , , ,963.2307692, , , , , , , 
18.08.2026 18:12:00,0.037109375, , , , , , , , , , , , , , , 
18.08.2026 18:15:00, , , , , , , , , , , , , , , , 
18.08.2026 18:16:00, ,651.2480844,81.40601055,51.49230781,60.78461515,55.30769289,0.596442305,0.364086541, ,-435.2524038,-1987.009615,1590.769231,210.4615408,185.476924, , 
18.08.2026 18:17:00, , , , , , , , ,925.6923077, , , , , , , 
18.08.2026 18:25:00,0.033854167, , , , , , , , , , , , , , , 
18.08.2026 18:29:00, ,651.1057786,81.38822233,50.63846177,60.27692267,55.3076926,0.592548077,0.365000003, ,-245.1995192,-1757.317308,1552.615385,223.8615382,196.176921, , 
18.08.2026 18:30:00, , , , , , , , ,923.3076923, , , , , , , 
18.08.2026 18:38:00,0.033854167, , , , , , , , , , , , , , , 
18.08.2026 18:42:00, ,651.1038584,81.3879823,50.1846158,57.82307698,55.21538456,0.604855767,0.364326926, ,-201.9302885,-1841.817308,1629.923077,208.3999974,192.1384618, , 
18.08.2026 18:43:00, , , , , , , , ,951.7692308, , , , , , , 
18.08.2026 18:45:00, , , , , , , , , , , , , , , , 
18.08.2026 18:51:00,0.033854167, , , , , , , , , , , , , , , 
18.08.2026 18:55:00, ,661.6173237,82.70216546,49.78461515,54.13076958,55.2461539,0.610336542,0.378028844, ,-201.5336538,-1869.980769,1679.461538,201.5692315,187.5538447, , 
18.08.2026 18:56:00, , , , , , , , ,1018.384615, , , , , , , 
18.08.2026 19:00:00, , , , , , , , , , , , , , , , 
18.08.2026 19:05:00,0.026785714, , , , , , , , , , , , , , , 
18.08.2026 19:08:00, ,688.2557655,86.03197068,50.43846218,51.80769231,55.28461486,0.589855781,0.38269231, ,-249.9663462,-2100.307692,1815.923077,196.876925,183.7230765, , 
18.08.2026 19:09:00, , , , , , , , ,1126.461538, , , , , , , 
18.08.2026 19:15:00, , , , , , , , , , , , , , , , 
18.08.2026 19:18:00,0.0390625, , , , , , , , , , , , , , , 
18.08.2026 19:21:00, ,688.1173143,86.01466428,50.90000035,55.20769295,55.57692278,0.582740385,0.390048075, ,-182.3581731,-2053.403846,1851.923077,189.9076937,179.3999998, , 
18.08.2026 19:22:00, , , , , , , , ,1145.230769, , , , , , , 
18.08.2026 19:30:00, , , , , , , , , , , , , , , , 
18.08.2026 19:32:00,0.026785714, , , , , , , , , , , , , , , 
18.08.2026 19:34:00, ,703.4615479,87.93269348,51.44615379,58.28461515,55.82307698,0.554423082,0.41394231, ,-146.9711538,-2033.826923,1919.769231,181.5846147,171.2538452, , 
18.08.2026 19:35:00, , , , , , , , ,1231.076923, , , , , , , 
18.08.2026 19:45:00, , , , , , , , , , , , , , , , 
18.08.2026 19:46:00,0.034722222, , , , , , , , , , , , , , , 
18.08.2026 19:47:00, ,702.9634681,87.87043351,52.09999935,59.71538514,56.20769295,0.533990385,0.438557691, ,-32.41225962,-1894.346154,1896.230769,168.4538457,164.1538473, , 
18.08.2026 19:48:00, , , , , , , , ,1247.538462, , , , , , , 
18.08.2026 20:00:00,0.032986111,703.0692326,87.88365408,52.57692337,60.84615443,56.40769225,0.516442313,0.432307695, ,-157.9507212,-2001.759615,1846,142.4538469,143.8076935, , 
18.08.2026 20:01:00, , , , , , , , ,1297.307692, , , , , , , 
18.08.2026 20:13:00,0.032986111,703.0730826,87.88413532,53.29230763,62.26153799,56.59999935,0.496538463,0.434134621, ,-178.4170673,-2038.961538,1829.923077,139.0076916,132.5153844, , 
18.08.2026 20:14:00, , , , , , , , ,1314.461538, , , , , , , 
18.08.2026 20:15:00, , , , , , , , , , , , , , , , 
18.08.2026 20:26:00, ,703.0673124,87.88341405,53.5076916,62.83846195,56.81538479,0.49711539,0.426250004, ,-160.3810096,-2070.461538,1914.230769,180.5076928,153.7692319, , 
18.08.2026 20:27:00,0.032986111, , , , , , , ,1261.692308, , , , , , , 
18.08.2026 20:30:00, , , , , , , , , , , , , , , , 
18.08.2026 20:39:00, ,691.8192467,86.47740584,53.03846154,63.23076894,56.95384656,0.544615386,0.402115391, ,-41.39423077,-1898.442308,1830.692308,180.9769217,162.2692296, , 
18.08.2026 20:40:00,0.037109375, , , , , , , ,1177.461538, , , , , , , 
18.08.2026 20:45:00, , , , , , , , , , , , , , , , 
18.08.2026 20:52:00, ,688.1403902,86.01754878,52.33076947,63.79999982,56.88461538,0.578894225,0.386586538, ,-130.640625,-2003.326923,1865.769231,190.0846147,168.8846154, , 
18.08.2026 20:53:00,0.029017857, , , , , , , ,1158.230769, , , , , , , 
18.08.2026 21:00:00, , , , , , , , , , , , , , , , 
18.08.2026 21:05:00, ,688.0269353,86.00336691,52.03846154,64.01538379,56.82307757,0.555721152,0.392788458, ,-144.0540865,-2021.288462,1881.076923,192.3769238,173.0846159, , 
18.08.2026 21:06:00, , , , , , , , ,1152.769231, , , , , , , 
18.08.2026 21:10:00,0.032986111, , , , , , , , , , , , , , , 
18.08.2026 21:15:00, , , , , , , , , , , , , , , , 
18.08.2026 21:18:00, ,696.1538602,87.01923253,51.6923074,63.65384615,56.75384639,0.532403847,0.411201926, ,-32.18149038,-1808.990385,1799.153846,183.4461529,172.0153856, , 
18.08.2026 21:19:00, , , , , , , , ,1192.307692, , , , , , , 
18.08.2026 21:24:00,0.034722222, , , , , , , , , , , , , , , 
18.08.2026 21:30:00, , , , , , , , , , , , , , , , 
18.08.2026 21:31:00, ,715.3134672,89.4141834,52.0615387,63.73846171,56.8076926,0.465192307,0.449375001, ,-59.14543269,-1967.298077,1913.692308,153.0230772,152.2461536, , 
18.08.2026 21:32:00, , , , , , , , ,1324.461538, , , , , , , 
18.08.2026 21:37:00,0.032986111, , , , , , , , , , , , , , , 
18.08.2026 21:44:00, ,725.4000103,90.67500129,53.34615385,64.08461439,57.03846154,0.454807692,0.477692311, ,-163.6189904,-2091.451923,1999.846154,141.1153858,136.1846161, , 
18.08.2026 21:45:00, , , , , , , , ,1429.923077, , , , , , , 
18.08.2026 21:50:00,0.0390625, , , , , , , , , , , , , , , 
18.08.2026 21:57:00, ,726.4211614,90.80264517,54.17692272,64.33846166,57.17692302,0.447403846,0.466201922, ,-140.9242788,-2120.548077,1947.153846,145.6230762,133.8769238, , 
18.08.2026 21:58:00, , , , , , , , ,1437.307692, , , , , , , 
18.08.2026 22:00:00, , , , , , , , , , , , , , , , 
18.08.2026 22:03:00,0.034722222, , , , , , , , , , , , , , , 
18.08.2026 22:10:00, ,740.2230882,92.52788602,54.85384633,65.4307697,57.29230763,0.42870193,0.499807688, ,-146.9350962,-2224.634615,2022.461538,152.2999995,136.5769254, , 
18.08.2026 22:11:00, , , , , , , , ,1499.230769, , , , , , , 
18.08.2026 22:15:00, , , , , , , , , , , , , , , , 
18.08.2026 22:16:00,0.0296875, , , , , , , , , , , , , , , 
18.08.2026 22:23:00, ,740.2519343,92.53149179,55.33076917,66.0615387,57.41538503,0.433798079,0.501394233, ,-117.2379808,-2132.480769,1958.307692,153.176921,137.6153846, , 
18.08.2026 22:24:00, , , , , , , , ,1496.846154, , , , , , , 
18.08.2026 22:30:00,0.0296875, , , , , , , , , , , , , , , 
18.08.2026 22:36:00, ,740.1288499,92.51610624,55.56923059,66.44615349,57.56923059,0.44480769,0.502259614, ,-120.8725962,-2121.134615,2042.307692,153.3538466,137.1846173, , 
18.08.2026 22:37:00, , , , , , , , ,1497.769231, , , , , , , 
18.08.2026 22:43:00,0.040625, , , , , , , , , , , , , , , 
18.08.2026 22:45:00, , , , , , , , , , , , , , , , 
18.08.2026 22:49:00, ,740.4557777,92.55697221,55.83846166,66.5,57.59230775,0.433653848,0.505, ,-110.296875,-2082.730769,2020.615385,153.4538457,137.7384608, , 
18.08.2026 22:50:00, , , , , , , , ,1494.230769, , , , , , , 
18.08.2026 22:56:00,0.0296875, , , , , , , , , , , , , , , 
18.08.2026 23:00:00, , , , , , , , , , , , , , , , 
18.08.2026 23:02:00, ,740.3576942,92.54471177,56.01538409,66.78181804,57.69230769,0.424567307,0.501394242, ,-121.8461538,-2092.221154,2067.076923,151.3615394,136.4538469, , 
18.08.2026 23:03:00, , , , , , , , ,1505, , , , , , , 
18.08.2026 23:10:00,0.0296875, , , , , , , , , , , , , , , 
18.08.2026 23:15:00, ,740.4576932,92.55721166,56.13076929,67.09166718,57.69230769,0.419086543,0.493798079, ,-128.0697115,-2193.692308,2014,152.8846166,136.8846142, , 
18.08.2026 23:16:00, , , , , , , , ,1500.230769, , , , , , , 
18.08.2026 23:23:00,0.040625, , , , , , , , , , , , , , , 
18.08.2026 23:28:00, ,740.2365488,92.5295686,56.19999988, ,57.56922971,0.431201921,0.49769231, ,-134.3762019,-2168.576923,2085.461538,153.8461538,137.7000016, , 
18.08.2026 23:29:00, , , , ,67.44444444, , , ,1508.923077, , , , , , , 
18.08.2026 23:30:00, , , , , , , , , , , , , , , , 
18.08.2026 23:36:00,0.0296875, , , , , , , , , , , , , , , 
18.08.2026 23:41:00, ,740.2788462,92.53485577,56.26153829, ,57.59999965,0.453413464,0.504759614, ,-151.1177885,-2171.086538,2047.692308,154.3999998,137.9769217, , 
18.08.2026 23:42:00, , , , , , , , ,1496.461538, , , , , , , 
18.08.2026 23:44:00, , , , ,67.61666616, , , , , , , , , , , 
18.08.2026 23:45:00, , , , , , , , , , , , , , , , 
18.08.2026 23:50:00,0.0296875, , , , , , , , , , , , , , , 
18.08.2026 23:54:00, ,740.1673161,92.52091452,56.38461597, ,57.59230746,0.452451924,0.504086533, ,-163.265625,-2274.769231,2085.846154,156.1615389,138.9153865, , 
18.08.2026 23:55:00, , , , , , , , ,1501.461538, , , , , , , 
18.08.2026 23:57:00, , , , ,67.72999954, , , , , , , , , , , 
19.08.2026 00:00:00, , , , , , , , , , , , , , , , 
19.08.2026 00:03:00,0.040625, , , , , , , , , , , , , , , 
19.08.2026 00:07:00, ,740.77694,92.5971175,56.34615414, ,57.48461533,0.457692314,0.516009613, ,-135.6634615,-2117.730769,1997.076923,156.4230757,139.715386, , 
19.08.2026 00:08:00, , , , , , , , ,1487.923077, , , , , , , 
19.08.2026 00:10:00, , , , ,67.71428517, , , , , , , , , , , 
19.08.2026 00:15:00, , , , , , , , , , , , , , , , 
19.08.2026 00:16:00,0.0296875, , , , , , , , , , , , , , , 
19.08.2026 00:20:00, ,740.3730844,92.54663555,56.26923106, ,57.32307698,0.474999999,0.51951923, ,-117.6021635,-2126.980769,1977.769231,156.5153832,139.8538454, , 
19.08.2026 00:21:00, , , , , , , , ,1479.538462, , , , , , , 
19.08.2026 00:23:00, , , , ,67.76153917, , , , , , , , , , , 
19.08.2026 00:30:00, , , , , , , , , , , , , , , , 
19.08.2026 00:31:00,0.0296875, , , , , , , , , , , , , , , 
19.08.2026 00:33:00, ,740.5192402,92.56490502,56.2461539, ,57.28461544,0.473317309,0.501875006, ,-132.7716346,-2158,1992.923077,155.0923063,139.2923091, , 
19.08.2026 00:34:00, , , , , , , , ,1490.538462, , , , , , , 
19.08.2026 00:36:00, , , , ,67.76153858, , , , , , , , , , , 
19.08.2026 00:44:00,0.036931818, , , , , , , , , , , , , , , 
19.08.2026 00:45:00, , , , , , , , , , , , , , , , 
19.08.2026 00:46:00, ,740.3653893,92.54567366,56.30769231, ,57.21538456,0.471298083,0.521634613, ,-141.2704327,-2142.807692,1960.384615,152.5000012,137.9076914, , 
19.08.2026 00:47:00, , , , , , , , ,1497.538462, , , , , , , 
19.08.2026 00:49:00, , , , ,68.01538438, , , , , , , , , , , 
19.08.2026 00:58:00,0.0296875, , , , , , , , , , , , , , , 
19.08.2026 00:59:00, ,740.2653856,92.53317319,56.41538503, ,57.16923024,0.466682693,0.503509606, ,-157.8497596,-2239.990385,1993.538462,151.3076923,136.8307695, , 
19.08.2026 01:00:00, , , , , , , , ,1503.230769, , , , , , , 
19.08.2026 01:02:00, , , , ,67.9307697, , , , , , , , , , , 
19.08.2026 01:11:00,0.0390625, , , , , , , , , , , , , , , 
19.08.2026 01:12:00, ,740.1692317,92.52115396,56.46999969, ,57.09999943,0.477740386,0.496538463, ,-170.5384615,-2219.163462,2007.384615,151.9230746,136.3692322, , 
19.08.2026 01:13:00, , , , , , , , ,1511.692308, , , , , , , 
19.08.2026 01:15:00, , , , ,67.86923159, , , , , , , , , , , 
19.08.2026 01:24:00,0.03125, , , , , , , , , , , , , , , 
19.08.2026 01:25:00, ,740.4461623,92.55577029, , ,57.11666648,0.48538462,0.513076913, ,-157.6334135,-2211.134615,1980.923077,151.2769247,135.8769214, , 
19.08.2026 01:26:00, , , ,56.51999969, , , , ,1508.230769, , , , , , , 
19.08.2026 01:28:00, , , , ,67.76153799, , , , , , , , , , , 
19.08.2026 01:30:00, , , , , , , , , , , , , , , , 
19.08.2026 01:38:00,0.0296875,739.9442326,92.49302908, , , ,0.484471158,0.515384612, ,-171.4254808,-2222.259615,2094.461538,151.630769,135.8307718, , 
19.08.2026 01:39:00, , , ,56.44545503, ,57.14545441, , ,1513.538462, , , , , , , 
19.08.2026 01:41:00, , , , ,67.8538478, , , , , , , , , , , 
19.08.2026 01:45:00, , , , , , , , , , , , , , , , 
19.08.2026 01:51:00,0.035511364,740.3442289,92.54302861, , , ,0.479230768,0.511057698, ,-227.1706731,-2278.826923,2066.230769,147.0153856,133.2769235, , 
19.08.2026 01:52:00, , , , , ,57.05555513, , ,1514.692308, , , , , , , 
19.08.2026 01:53:00, , , ,56.54444377, , , , , , , , , , , , 
19.08.2026 01:54:00, , , , ,67.69230711, , , , , , , , , , , 
19.08.2026 02:00:00, , , , , , , , , , , , , , , , 
19.08.2026 02:04:00, ,740.2788555,92.53485694, , , ,0.484038465,0.483221155, ,-908.9639423,-3099.490385,2198.384615,134.2230765,125.5769237, , 
19.08.2026 02:05:00, , , , , ,57.10769213, , ,1554.384615, , , , , , , 
19.08.2026 02:06:00,0.028409091, , ,56.63571439, , , , , , , , , , , , 
19.08.2026 02:07:00, , , , ,67.6999993, , , , , , , , , , , 
19.08.2026 02:15:00, , , , , , , , , , , , , , , , 
19.08.2026 02:17:00, ,740.1000085,92.51250106, , , ,0.483413467,0.489423085, ,-1012.280048,-3195.701923,2136.384615,130.8769214,120.6692311, , 
19.08.2026 02:18:00, , , , , ,56.92307751, , ,1554.153846, , , , , , , 
19.08.2026 02:19:00,0.035511364, , ,56.90769284, , , , , , , , , , , , 
19.08.2026 02:20:00, , , , ,67.71538368, , , , , , , , , , , 
19.08.2026 02:30:00, ,739.8750047,92.48437559, , , ,0.503125003,0.481634617, ,-990.3930288,-3162.855769,2113.230769,127.584617,117.6076924, , 
19.08.2026 02:31:00, , , , , ,56.90000065, , ,1562.076923, , , , , , , 
19.08.2026 02:32:00,0.0296875, , ,57.03846154, , , , , , , , , , , , 
19.08.2026 02:33:00, , , , ,67.91538532, , , , , , , , , , , 
19.08.2026 02:43:00, ,740.2365441,92.52956801, , , ,0.463749996,0.489519229, ,-980.7367788,-3038.625,2094.461538,125.1769227,114.7307686, , 
19.08.2026 02:44:00, , , , , ,56.76153887, , ,1556.076923, , , , , , , 
19.08.2026 02:45:00,0.040625, , ,57.23076923, , , , , , , , , , , , 
19.08.2026 02:46:00, , , , ,67.83846342, , , , , , , , , , , 
19.08.2026 02:56:00, ,722.4884691,90.31105863, , , ,0.539759615,0.454375003, ,-902.4266827,-2991.836538,2073.692308,123.0230772,113.2846151, , 
19.08.2026 02:57:00, , , , , ,56.67692272, , ,1458.384615, , , , , , , 
19.08.2026 02:58:00, , , ,57.16923112, , , , , , , , , , , , 
19.08.2026 02:59:00, , , , ,67.37692378, , , , , , , , , , , 
19.08.2026 03:00:00,0.0296875, , , , , , , , , , , , , , , 
19.08.2026 03:09:00, ,702.5192355,87.81490443, , , ,0.548942309,0.424086539, ,-679.6730769,-2567.471154,1925.076923,123.3384593,111.623078, , 
19.08.2026 03:10:00, , , , , ,56.40769225, , ,1330.769231, , , , , , , 
19.08.2026 03:11:00, , , ,56.06153811, , , , , , , , , , , , 
19.08.2026 03:12:00, , , , ,66.70769149, , , , , , , , , , , 
19.08.2026 03:13:00,0.032986111, , , , , , , , , , , , , , , 
19.08.2026 03:15:00, , , , , , , , , , , , , , , , 
19.08.2026 03:22:00, ,702.7115432,87.83894289, , , ,0.561730775,0.442932693, ,-267.515625,-2123,1858.461538,138.1846149,120.9307691, , 
19.08.2026 03:23:00, , , , , ,56.00769248, , ,1329.307692, , , , , , , 
19.08.2026 03:24:00, , , ,55.35384662, , , , , , , , , , , , 
19.08.2026 03:25:00, , , , ,66.19230711, , , , , , , , , , , 
19.08.2026 03:26:00, , , , , , , , , , , , , , , , 
19.08.2026 03:27:00,0.034722222, , , , , , , , , , , , , , , 
19.08.2026 03:30:00, , , , , , , , , , , , , , , , 
19.08.2026 03:35:00, ,711.5211604,88.94014505, , , ,0.550865389,0.468173073, ,-198.2524038,-2133.326923,1901.230769,139.6230774,123.7923079, , 
19.08.2026 03:36:00, , , , , ,55.76153829, , ,1367.461538, , , , , , , 
19.08.2026 03:37:00, , , ,55.08461527, , , , , , , , , , , , 
19.08.2026 03:38:00, , , , ,65.64615279, , , , , , , , , , , 
19.08.2026 03:39:00, , , , , , , , , , , , , , , , 
19.08.2026 03:40:00,0.032986111, , , , , , , , , , , , , , , 
19.08.2026 03:45:00, , , , , , , , , , , , , , , , 
19.08.2026 03:48:00, ,724.6538555,90.58173194, , , ,0.481442305,0.476201924, ,-277.125,-2273.769231,2066.307692,140.1923065,125.9769228, , 
19.08.2026 03:49:00, , , , , ,55.66923083, , ,1456.307692, , , , , , , 
19.08.2026 03:50:00, , , ,55.42307663, , , , , , , , , , , , 
19.08.2026 03:51:00, , , , ,63.27692325, , , , , , , , , , , 
19.08.2026 03:52:00, , , , , , , , , , , , , , , , 
19.08.2026 03:53:00,0.032986111, , , , , , , , , , , , , , , 
19.08.2026 04:00:00, , , , , , , , , , , , , , , , 
19.08.2026 04:01:00, ,725.4057758,90.67572198, , , ,0.515721161,0.487788464, ,-218.5456731,-2138.413462,1939.615385,138.6615401,125.884616, , 
19.08.2026 04:02:00, , , , , ,55.62307681, , ,1440.769231, , , , , , , 
19.08.2026 04:03:00, , , ,55.66923083, , , , , , , , , , , , 
19.08.2026 04:04:00, , , , ,62, , , , , , , , , , , 
19.08.2026 04:05:00, , , , , , , , , , , , , , , , 
19.08.2026 04:06:00,0.040625, , , , , , , , , , , , , , , 
19.08.2026 04:14:00, ,725.0288555,90.62860694, , , ,0.484471158,0.492836542, ,-207.8329327,-2188.557692,1998.153846,137.4538445,125.7307692, , 
19.08.2026 04:15:00, , , , , ,55.60000023, , ,1448.230769, , , , , , , 
19.08.2026 04:16:00, , , ,55.75384639, , , , , , , , , , , , 
19.08.2026 04:17:00, , , , ,63.89999947, , , , , , , , , , , 
19.08.2026 04:18:00, , , , , , , , , , , , , , , , 
19.08.2026 04:19:00,0.032986111, , , , , , , , , , , , , , , 
19.08.2026 04:27:00, ,724.7865554,90.59831942, , , ,0.497355777,0.479855769, ,-234.8762019,-2194.884615,1955.846154,137.2461536,125.7999995, , 
19.08.2026 04:28:00, , , , , ,55.59230716, , ,1458.307692, , , , , , , 
19.08.2026 04:29:00, , , ,55.85384604, , , , , , , , , , , , 
19.08.2026 04:30:00, , , , ,64.65384733, , , , , , , , , , , 
19.08.2026 04:31:00, , , , , , , , , , , , , , , , 
19.08.2026 04:34:00,0.026988636, , , , , , , , , , , , , , , 
19.08.2026 04:40:00, ,725.1403856,90.64254819, , , ,0.503846152,0.470817309, ,-246.6346154,-2257.730769,2015.384615,139.7538464,126.9230763, , 
19.08.2026 04:41:00, , , , , ,55.46153846, , ,1456.076923, , , , , , , 
19.08.2026 04:42:00, , , ,55.85384604, , , , , , , , , , , , 
19.08.2026 04:43:00, , , , ,65.13846177, , , , , , , , , , , 
19.08.2026 04:44:00, , , , , , , , , , , , , , , , 
19.08.2026 04:45:00, , , , , , , , , , , , , , , , 
19.08.2026 04:47:00,0.040625, , , , , , , , , , , , , , , 
19.08.2026 04:53:00, ,724.8480788,90.60600985, , , ,0.488413458,0.467403843, ,-280.1213942,-2317.067308,1983,141.2000028,127.7846169, , 
19.08.2026 04:54:00, , , , , ,55.52307716, , ,1452.307692, , , , , , , 
19.08.2026 04:55:00, , , ,55.85384633, , , , , , , , , , , , 
19.08.2026 04:56:00, , , , ,65.83076947, , , , , , , , , , , 
19.08.2026 04:57:00, , , , , , , , , , , , , , , , 
19.08.2026 05:00:00,0.0296875, , , , , , , , , , , , , , , 
19.08.2026 05:06:00, ,725.0461567,90.63076958, , , ,0.475048079,0.482211535, ,-285.4795673,-2245.365385,2026.615385,141.9076925,128.399998, , 
19.08.2026 05:07:00, , , , , ,55.66153834, , ,1449.461538, , , , , , , 
19.08.2026 05:08:00, , , ,56.00769219, , , , , , , , , , , , 
19.08.2026 05:09:00, , , , ,65.67692272, , , , , , , , , , , 
19.08.2026 05:10:00, , , , , , , , , , , , , , , , 
19.08.2026 05:13:00,0.032986111, , , , , , , , , , , , , , , 
19.08.2026 05:15:00, , , , , , , , , , , , , , , , 
19.08.2026 05:19:00, ,724.9980844,90.62476055, , , ,0.508605771,0.48110577, ,-290.1201923,-2318.451923,1978.153846,141.6230774,127.9000009, , 
19.08.2026 05:20:00, , , , , ,55.7461539, , ,1462.307692, , , , , , , 
19.08.2026 05:21:00, , , ,56.08461527, , , , , , , , , , , , 
19.08.2026 05:22:00, , , , ,65.79999953, , , , , , , , , , , 
19.08.2026 05:23:00, , , , , , , , , , , , , , , , 
19.08.2026 05:27:00,0.0296875, , , , , , , , , , , , , , , 
19.08.2026 05:30:00, , , , , , , , , , , , , , , , 
19.08.2026 05:32:00, ,724.8250075,90.60312594, , , ,0.492548067,0.478750002, ,-547.3233173,-2622.288462,2096.923077,139.1307713,127.0769231, , 
19.08.2026 05:33:00, , , , , ,55.57692308, , ,1461.461538, , , , , , , 
19.08.2026 05:34:00, , , ,56.09999965, , , , , , , , , , , , 
19.08.2026 05:35:00, , , , ,66.13846119, , , , , , , , , , , 
19.08.2026 05:40:00,0.040625, , , , , , , , , , , , , , , 
19.08.2026 05:44:00, , , , , , , , , , , , , , , , 
19.08.2026 05:45:00, ,724.9846285,90.62307857, , , ,0.490721155,0.459278843, ,-927.1802885,-3073.240385,2071.230769,127.1307696,118.5461543, , 
19.08.2026 05:46:00, , , , , ,55.37692349, , ,1470.769231, , , , , , , 
19.08.2026 05:47:00, , , ,56.30000041, , , , , , , , , , , , 
19.08.2026 05:48:00, , , , ,66.03846213, , , , , , , , , , , 
19.08.2026 05:53:00,0.025390625, , , , , , , , , , , , , , , 
19.08.2026 05:57:00, , , , , , , , , , , , , , , , 
19.08.2026 05:58:00, ,724.5538518,90.56923147, , , ,0.4875,0.457307687, ,-692.625,-2701.365385,2031.692308,134.1153858,119.130769, , 
19.08.2026 05:59:00, , , , , ,55.21538456, , ,1446.538462, , , , , , , 
19.08.2026 06:00:00, , , ,56.16153834, , , , , , , , , , , , 
19.08.2026 06:01:00, , , , ,66.35384662, , , , , , , , , , , 
19.08.2026 06:06:00,0.035511364, , , , , , , , , , , , , , , 
19.08.2026 06:10:00, , , , , , , , , , , , , , , , 
19.08.2026 06:11:00, ,724.8980854,90.61226067, , , ,0.496201919,0.471682695, ,-380.9098558,-2353.115385,1963.769231,138.476924,123.5846153, , 
19.08.2026 06:12:00, , , , , ,55.1923074, , ,1459.153846, , , , , , , 
19.08.2026 06:13:00, , , ,56.05384621, , , , , , , , , , , , 
19.08.2026 06:14:00, , , , ,66.47692343, , , , , , , , , , , 
19.08.2026 06:15:00, , , , , , , , , , , , , , , , 
19.08.2026 06:21:00,0.0296875, , , , , , , , , , , , , , , 
19.08.2026 06:23:00, , , , , , , , , , , , , , , , 
19.08.2026 06:24:00, ,725.0269306,90.62836632, , , ,0.495336539,0.481778849, ,-337.1826923,-2362.394231,1992.692308,133.5461555,121.8538454, , 
19.08.2026 06:25:00, , , , , ,55.20769207, , ,1472.307692, , , , , , , 
19.08.2026 06:26:00, , , ,56.2538461, , , , , , , , , , , , 
19.08.2026 06:27:00, , , , ,66.13076841, , , , , , , , , , , 
19.08.2026 06:30:00, , , , , , , , , , , , , , , , 
19.08.2026 06:34:00,0.034722222, , , , , , , , , , , , , , , 
19.08.2026 06:36:00, , , , , , , , , , , , , , , , 
19.08.2026 06:37:00, ,725.0000094,90.62500117, , , ,0.482788457,0.48629808, ,-299.25,-2309.25,2057.384615,132.8923082,121.0384621, , 
19.08.2026 06:38:00, , , , , ,55.15384586, , ,1478.384615, , , , , , , 
19.08.2026 06:39:00, , , ,56.369231, , , , , , , , , , , , 
19.08.2026 06:40:00, , , , ,66.41538532, , , , , , , , , , , 
19.08.2026 06:45:00, , , , , , , , , , , , , , , , 
19.08.2026 06:47:00,0.035511364, , , , , , , , , , , , , , , 
19.08.2026 06:49:00, , , , , , , , , , , , , , , , 
19.08.2026 06:50:00, ,717.9538574,89.74423218, , , ,0.516682696,0.473557695, ,-247.6442308,-2245.615385,1949.923077,131.892307,120.7692308, , 
19.08.2026 06:51:00, , , , , ,55.08461497, , ,1417.153846, , , , , , , 
19.08.2026 06:52:00, , , ,56.23846171, , , , , , , , , , , , 
19.08.2026 06:53:00, , , , ,66.37692437, , , , , , , , , , , 
19.08.2026 07:00:00,0.032986111, , , , , , , , , , , , , , , 
19.08.2026 07:02:00, , , , , , , , , , , , , , , , 
19.08.2026 07:03:00, ,710.0250009,88.75312512, , , ,0.527692316,0.458365388, ,-236.6754808,-2095.163462,1908.461538,129.8153851,119.1076913, , 
19.08.2026 07:04:00, , , , , ,55.08461556, , ,1388.384615, , , , , , , 
19.08.2026 07:05:00, , , ,55.69230799, , , , , , , , , , , , 
19.08.2026 07:06:00, , , , ,66.13846177, , , , , , , , , , , 
19.08.2026 07:13:00,0.0390625, , , , , , , , , , , , , , , 
19.08.2026 07:15:00, , , , , , , , , , , , , , , , 
19.08.2026 07:16:00, ,709.8250075,88.72812594, , , ,0.512115378,0.453221154, ,-248.3365385,-2169,1859.923077,132.6615401,120.4461541, , 
19.08.2026 07:17:00, , , , , ,54.9307697, , ,1388.615385, , , , , , , 
19.08.2026 07:18:00, , , ,55.54615432, , , , , , , , , , , , 
19.08.2026 07:19:00, , , , ,66.09230746, , , , , , , , , , , 
19.08.2026 07:26:00,0.032986111, , , , , , , , , , , , , , , 
19.08.2026 07:28:00, , , , , , , , , , , , , , , , 
19.08.2026 07:29:00, ,710.0326961,88.75408701, , , ,0.518365397,0.447788461, ,-183.5048077,-2139.230769,2005.769231,168.323079,136.7076903, , 
19.08.2026 07:30:00, , , , , ,54.83076947, , ,1344.923077, , , , , , , 
19.08.2026 07:31:00, , , ,55.23076952, , , , , , , , , , , , 
19.08.2026 07:32:00, , , , ,65.95384686, , , , , , , , , , , 
19.08.2026 07:39:00,0.032986111, , , , , , , , , , , , , , , 
19.08.2026 07:41:00, , , , , , , , , , , , , , , , 
19.08.2026 07:42:00, ,709.9557777,88.74447221, , , ,0.527163467,0.44485577, ,-65.20673077,-2047.865385,1943,181.3692298,156.1615389, , 
19.08.2026 07:43:00, , , , , ,54.76923077, , ,1294.461538, , , , , , , 
19.08.2026 07:44:00, , , ,54.5, , , , , , , , , , , , 
19.08.2026 07:45:00, , , , ,65.95384568, , , , , , , , , , , 
19.08.2026 07:52:00,0.032986111, , , , , , , , , , , , , , , 
19.08.2026 07:54:00, , , , , , , , , , , , , , , , 
19.08.2026 07:55:00, ,709.7576998,88.71971248, , , ,0.572163463,0.451682694, ,-25.69110577,-1951.682692,1908.692308,150.1307713,144.3692298, , 
19.08.2026 07:56:00, , , , , ,54.80000041, , ,1320.230769, , , , , , , 
19.08.2026 07:57:00, , , ,54.13076958, , , , , , , , , , , , 
19.08.2026 07:58:00, , , , ,65.05384592, , , , , , , , , , , 
19.08.2026 08:00:00, , , , , , , , , , , , , , , , 
19.08.2026 08:05:00,0.022569444, , , , , , , , , , , , , , , 
19.08.2026 08:07:00, , , , , , , , , , , , , , , , 
19.08.2026 08:08:00, ,709.819228,88.72740349, , , ,0.572067302,0.460576926, ,-57.68870192,-1878.519231,1894.923077,134.2461513,127.8307695, , 
19.08.2026 08:09:00, , , , , ,54.90000006, , ,1351.692308, , , , , , , 
19.08.2026 08:10:00, , , ,54.29999953, , , , , , , , , , , , 
19.08.2026 08:11:00, , , , ,63.29230793, , , , , , , , , , , 
19.08.2026 08:15:00, , , , , , , , , , , , , , , , 
19.08.2026 08:18:00,0.032986111, , , , , , , , , , , , , , , 
19.08.2026 08:20:00, , , , , , , , , , , , , , , , 
19.08.2026 08:21:00, ,709.7134728,88.7141841, , , ,0.550192303,0.463173075, ,-134.5024038,-2050.221154,1877.769231,143.9846144,128.9923084, , 
19.08.2026 08:22:00, , , , , ,54.9923081, , ,1355.307692, , , , , , , 
19.08.2026 08:23:00, , , ,54.44615379, , , , , , , , , , , , 
19.08.2026 08:24:00, , , , ,61.62307651, , , , , , , , , , , 
19.08.2026 08:30:00, , , , , , , , , , , , , , , , 
19.08.2026 08:32:00,0.032986111, , , , , , , , , , , , , , , 
19.08.2026 08:33:00, , , , , , , , , , , , , , , , 
19.08.2026 08:34:00, ,709.7673152,88.7209144, , , ,0.550624999,0.454326925, ,-84.31730769,-1953.028846,1865.076923,151.6846137,133.1769245, , 
19.08.2026 08:35:00, , , , , ,55.130769, , ,1320.769231, , , , , , , 
19.08.2026 08:36:00, , , ,54.41538473, , , , , , , , , , , , 
19.08.2026 08:37:00, , , , ,61.70769295, , , , , , , , , , , 
19.08.2026 08:45:00,0.034722222, , , , , , , , , , , , , , , 
19.08.2026 08:46:00, , , , , , , , , , , , , , , , 
19.08.2026 08:47:00, ,709.7211585,88.71514482, , , ,0.560576923,0.448749996, ,-62.015625,-1934.682692,1876.384615,154.2230776,136.1692294, , 
19.08.2026 08:48:00, , , , , ,55.14615367, , ,1314.461538, , , , , , , 
19.08.2026 08:49:00, , , ,54.48461562, , , , , , , , , , , , 
19.08.2026 08:50:00, , , , ,61.13846119, , , , , , , , , , , 
19.08.2026 08:58:00,0.037109375, , , , , , , , , , , , , , , 
19.08.2026 08:59:00, , , , , , , , , , , , , , , , 
19.08.2026 09:00:00, ,709.740394,88.71754925, , , ,0.561923077,0.451826923, ,-67.81370192,-1939.721154,1929.230769,155.4230757,137.6615401, , 
19.08.2026 09:01:00, , , , , ,55.27692325, , ,1321.538462, , , , , , , 
19.08.2026 09:02:00, , , ,54.42307751, , , , , , , , , , , , 
19.08.2026 09:03:00, , , , ,61.64615426, , , , , , , , , , , 
19.08.2026 09:12:00, , , , , , , , , , , , , , , , 
19.08.2026 09:13:00,0.0296875,710.0192355,88.75240443, , , ,0.53860577,0.460048077, ,-46.24759615,-1881.903846,1842.692308,154.3000007,137.6384629, , 
19.08.2026 09:14:00, , , , , ,55.18461492, , ,1309.538462, , , , , , , 
19.08.2026 09:15:00, , , ,54.52307716, , , , , , , , , , , , 
19.08.2026 09:16:00, , , , ,61.35384662, , , , , , , , , , , 
19.08.2026 09:25:00, , , , , , , , , , , , , , , , 
19.08.2026 09:26:00,0.032986111,723.559622,90.44495274, , , ,0.521009608,0.47552885, ,-84.84014423,-1973.125,1991.538462,157.8230779,139.4923084, , 
19.08.2026 09:27:00, , , , , ,55.57692278, , ,1403.538462, , , , , , , 
19.08.2026 09:28:00, , , ,54.90000035, , , , , , , , , , , , 
19.08.2026 09:29:00, , , , ,60.54615432, , , , , , , , , , , 
19.08.2026 09:30:00, , , , , , , , , , , , , , , , 
19.08.2026 09:38:00, , , , , , , , , , , , , , , , 
19.08.2026 09:39:00,0.032986111,724.9711585,90.62139482, , , ,0.547836535,0.485769231, ,-106.9759615,-2078.125,1964,155.5461555,139.0923075, , 
19.08.2026 09:40:00, , , , , ,55.87692319, , ,1410.076923, , , , , , , 
19.08.2026 09:41:00, , , ,55.48461562, , , , , , , , , , , , 
19.08.2026 09:42:00, , , , ,60.53076935, , , , , , , , , , , 
19.08.2026 09:45:00, , , , , , , , , , , , , , , , 
19.08.2026 09:51:00, , , , , , , , , , , , , , , , 
19.08.2026 09:52:00,0.040625,724.9576979,90.61971224, , , ,0.492163463,0.485048076, ,-85.97956731,-2057.701923,1950.615385,156.4538445,138.0769231, , 
19.08.2026 09:53:00, , , , , ,55.869231, , ,1389.461538, , , , , , , 
19.08.2026 09:54:00, , , ,55.71538426, , , , , , , , , , , , 
19.08.2026 09:55:00, , , , ,60.64615367, , , , , , , , , , , 
19.08.2026 10:00:00, , , , , , , , , , , , , , , , 
19.08.2026 10:04:00, , , , , , , , , , , , , , , , 
19.08.2026 10:05:00,0.032986111,726.6173096,90.8271637, , , ,0.603365385,0.491875002, ,-39.29567308,-2003.875,1899.538462,159.7000016,140.5769254, , 
19.08.2026 10:06:00, , , , , ,56.14615367, , ,1394.384615, , , , , , , 
19.08.2026 10:07:00, , , ,55.94615408, , , , , , , , , , , , 
19.08.2026 10:08:00, , , , ,62.9384613, , , , , , , , , , , 
19.08.2026 10:15:00, , , , , , , , , , , , , , , , 
19.08.2026 10:17:00, , , , , , , , , , , , , , , , 
19.08.2026 10:18:00,0.032986111,740.2076932,92.52596166, , , ,0.634759619,0.541875, ,-69.31370192,-2076.259615,1988.230769,161.4307697,142.4538469, , 
19.08.2026 10:19:00, , , , , ,56.64615396, , ,1467.692308, , , , , , , 
19.08.2026 10:20:00, , , ,56.5, , , , , , , , , , , , 
19.08.2026 10:21:00, , , , ,64.64615396, , , , , , , , , , , 
19.08.2026 10:30:00, , , , , , , , , , , , , , , , 
19.08.2026 10:31:00,0.03125,739.9250066,92.49062582, , , ,0.594326925,0.520096151, ,-83.92067308,-2114.451923,2035.384615,161.6615389,143.3538466, , 
19.08.2026 10:32:00, , , , , ,57.3153845, , ,1473.692308, , , , , , , 
19.08.2026 10:33:00, , , ,56.89999977, , , , , , , , , , , , 
19.08.2026 10:34:00, , , , ,65.8153845, , , , , , , , , , , 
19.08.2026 10:43:00, , , , , , , , , , , , , , , , 
19.08.2026 10:44:00, ,739.8403837,92.48004796, , , ,0.610192299,0.532307694, ,-107.6394231,-2199.807692,2084.846154,161.5000012,143.4384601, , 
19.08.2026 10:45:00,0.0296875, , , , ,57.53846213, , ,1483.769231, , , , , , , 
19.08.2026 10:46:00, , , ,57.37692407, , , , , , , , , , , , 
19.08.2026 10:47:00, , , , ,67.0461549, , , , , , , , , , , 
19.08.2026 10:56:00, , , , , , , , , , , , , , , , 
19.08.2026 10:57:00, ,739.88847,92.48605875, , , ,0.634038467,0.516682684, ,-110.2319712,-2202.923077,1982.769231,161.3923082,143.5307664, , 
19.08.2026 10:58:00,0.0390625, , , , ,57.76923048, , ,1482.307692, , , , , , , 
19.08.2026 10:59:00, , , ,57.73846142, , , , , , , , , , , , 
19.08.2026 11:00:00, , , , ,67.5461549, , , , , , , , , , , 
19.08.2026 11:09:00, , , , , , , , , , , , , , , , 
19.08.2026 11:10:00, ,739.6711614,92.45889517, , , ,0.660913467,0.533413461, ,-108.5877404,-2233.923077,2142.538462,159.4307674,142.2076944, , 
19.08.2026 11:11:00,0.028409091, , , , ,57.99230781, , ,1491.076923, , , , , , , 
19.08.2026 11:12:00, , , ,58.04615373, , , , , , , , , , , , 
19.08.2026 11:13:00, , , , ,67.55384533, , , , , , , , , , , 
19.08.2026 11:15:00, , , , , , , , , , , , , , , , 
19.08.2026 11:22:00, , , , , , , , , , , , , , , , 
19.08.2026 11:23:00, ,739.6980826,92.46226032, , , ,0.643750003,0.530817305, ,-110.4555288,-2093.048077,2098.307692,160.6384629,142.653845, , 
19.08.2026 11:24:00, , , , , ,58.23846201, , ,1490.384615, , , , , , , 
19.08.2026 11:25:00,0.0296875, , ,58.24615449, , , , , , , , , , , , 
19.08.2026 11:26:00, , , , ,67.57692249, , , , , , , , , , , 
19.08.2026 11:30:00, , , , , , , , , , , , , , , , 
19.08.2026 11:35:00, , , , , , , , , , , , , , , , 
19.08.2026 11:36:00, ,739.8346229,92.47932786, , , ,0.67240384,0.532980774, ,-104.7836538,-2086.875,2021.230769,160.3384622,143.2692319, , 
19.08.2026 11:37:00, , , , , ,58.45384598, , ,1484.076923, , , , , , , 
19.08.2026 11:38:00,0.032986111, , ,58.55384651, , , , , , , , , , , , 
19.08.2026 11:39:00, , , , ,67.63076782, , , , , , , , , , , 
19.08.2026 11:45:00, , , , , , , , , , , , , , , , 
19.08.2026 11:48:00, , , , , , , , , , , , , , , , 
19.08.2026 11:49:00, ,739.9884691,92.49855863, , , ,0.643509622,0.538269226, ,-110.6935096,-2032.480769,1995.692308,158.261538,141.876925, , 
19.08.2026 11:50:00, , , , , ,58.61538491, , ,1487.384615, , , , , , , 
19.08.2026 11:51:00,0.040625, , ,58.69999959, , , , , , , , , , , , 
19.08.2026 11:52:00, , , , ,68.06153752, , , , , , , , , , , 
19.08.2026 12:00:00, , , , , , , , , , , , , , , , 
19.08.2026 12:01:00, , , , , , , , , , , , , , , , 
19.08.2026 12:02:00, ,740.1980826,92.52476032, , , ,0.685192305,0.531201917, ,-121.2331731,-2065.692308,1952.923077,158.3999998,141.6384618, , 
19.08.2026 12:03:00, , , , , ,58.96923124, , ,1481.076923, , , , , , , 
19.08.2026 12:04:00,0.0296875, , ,58.89999977, , , , , , , , , , , , 
19.08.2026 12:05:00, , , , ,68.33076829, , , , , , , , , , , 
19.08.2026 12:14:00, , , , , , , , , , , , , , , , 
19.08.2026 12:15:00, ,740.0807824,92.5100978, , , ,0.692932688,0.535624997, ,-126.1478365,-2082.605769,2022.384615,158.5923075,141.6692317, , 
19.08.2026 12:16:00, , , , , ,59.22307675, , ,1496.538462, , , , , , , 
19.08.2026 12:17:00, , , ,59.1153852, , , , , , , , , , , , 
19.08.2026 12:18:00,0.0296875, , , ,68.59230628, , , , , , , , , , , 
19.08.2026 12:27:00, , , , , , , , , , , , , , , , 
19.08.2026 12:28:00, ,740.2192383,92.52740479, , , ,0.675336544,0.531923079, ,-132.375,-2108.336538,1988.153846,156.0384615,140.0384615, , 
19.08.2026 12:29:00, , , , , ,59.33076947, , ,1493, , , , , , , 
19.08.2026 12:30:00, , , ,59.24615361, , , , , , , , , , , , 
19.08.2026 12:31:00,0.040625, , , ,68.56923089, , , , , , , , , , , 
19.08.2026 12:40:00, , , , , , , , , , , , , , , , 
19.08.2026 12:41:00, ,739.9519278,92.49399097, , , ,0.695769227,0.515913459, ,-171.3930288,-2196.451923,2101.230769,153.1307702,137.8153863, , 
19.08.2026 12:42:00, , , , , ,59.30769231, , ,1514.615385, , , , , , , 
19.08.2026 12:43:00, , , ,59.53076905, , , , , , , , , , , , 
19.08.2026 12:44:00,0.0296875, , , ,68.57692308, , , , , , , , , , , 
19.08.2026 12:45:00, , , , , , , , , , , , , , , , 
19.08.2026 12:53:00, , , , , , , , , , , , , , , , 
19.08.2026 12:54:00, ,739.8173124,92.47716405, , , ,0.679134616,0.524375008, ,-185.6862981,-2223.759615,2035,152.653845,136.5923098, , 
19.08.2026 12:55:00, , , , , ,59.41538532, , ,1511.461538, , , , , , , 
19.08.2026 12:56:00, , , ,59.77692355, , , , , , , , , , , , 
19.08.2026 12:57:00, , , , ,68.68461609, , , , , , , , , , , 
19.08.2026 12:59:00,0.0296875, , , , , , , , , , , , , , , 
19.08.2026 13:00:00, , , , , , , , , , , , , , , , 
19.08.2026 13:06:00, , , , , , , , , , , , , , , , 
19.08.2026 13:07:00, ,739.6423105,92.45528881, , , ,0.690576925,0.519999999, ,-183.8762019,-2243.538462,2040.692308,154.6384618,137.6000002, , 
19.08.2026 13:08:00, , , , , ,59.55384651, , ,1514.384615, , , , , , , 
19.08.2026 13:09:00, , , ,59.90769284, , , , , , , , , , , , 
19.08.2026 13:10:00, , , , ,68.72307528, , , , , , , , , , , 
19.08.2026 13:12:00,0.036931818, , , , , , , , , , , , , , , 
19.08.2026 13:15:00, , , , , , , , , , , , , , , , 
19.08.2026 13:19:00, , , , , , , , , , , , , , , , 
19.08.2026 13:20:00, ,740.0826979,92.51033724, , , ,0.733557692,0.513798074, ,-164.484375,-2140.567308,2005.461538,156.0615387,138.9769228, , 
19.08.2026 13:21:00, , , , , ,59.630769, , ,1491.384615, , , , , , , 
19.08.2026 13:22:00, , , ,60.03846125, , , , , , , , , , , , 
19.08.2026 13:23:00, , , , ,68.66153834, , , , , , , , , , , 
19.08.2026 13:26:00,0.0296875, , , , , , , , , , , , , , , 
19.08.2026 13:30:00, , , , , , , , , , , , , , , , 
19.08.2026 13:32:00, , , , , , , , , , , , , , , , 
19.08.2026 13:33:00, ,740.0038499,92.50048124, , , ,0.715048075,0.515288468, ,-176.3149038,-2234.403846,2021.153846,155.0000012,138.8769238, , 
19.08.2026 13:34:00, , , , , ,59.7538458, , ,1501.307692, , , , , , , 
19.08.2026 13:35:00, , , ,60.05384563, , , , , , , , , , , , 
19.08.2026 13:36:00, , , , ,68.80000012, , , , , , , , , , , 
19.08.2026 13:39:00,0.0390625, , , , , , , , , , , , , , , 
19.08.2026 13:45:00, , , , , , , , , , , , , , , , 
19.08.2026 13:46:00, ,740.2096229,92.52620286, , , ,0.723173077,0.530576926, ,-179.6682692,-2173.163462,2009.230769,154.7153849,138.8615382, , 
19.08.2026 13:47:00, , , , , ,59.86153852, , ,1489.692308, , , , , , , 
19.08.2026 13:48:00, , , ,60.26153799, , , , , , , , , , , , 
19.08.2026 13:49:00, , , , ,68.91538532, , , , , , , , , , , 
19.08.2026 13:52:00,0.034722222, , , , , , , , , , , , , , , 
19.08.2026 13:58:00, , , , , , , , , , , , , , , , 
19.08.2026 13:59:00, ,739.9326923,92.49158654, , , ,0.692740385,0.533124995, ,-197.0048077,-2229.798077,2012.076923,154.5692315,138.5384615, , 
19.08.2026 14:00:00, , , , , ,59.83846166, , ,1506.615385, , , , , , , 
19.08.2026 14:01:00, , , ,60.46923124, , , , , , , , , , , , 
19.08.2026 14:02:00, , , , ,68.84615326, , , , , , , , , , , 
19.08.2026 14:07:00,0.026988636, , , , , , , , , , , , , , , 
19.08.2026 14:11:00, , , , , , , , , , , , , , , , 
19.08.2026 14:12:00, ,740.1403949,92.51754937, , , ,0.690048071,0.526586539, ,-186.5985577,-2234.355769,2039.846154,151.8076923,136.507694, , 
19.08.2026 14:13:00, , , , , ,59.60769243, , ,1516.230769, , , , , , , 
19.08.2026 14:14:00, , , ,60.49230752, , , , , , , , , , , , 
19.08.2026 14:15:00, , , , ,68.86923276, , , , , , , , , , , 
19.08.2026 14:21:00,0.035511364, , , , , , , , , , , , , , , 
19.08.2026 14:24:00, , , , , , , , , , , , , , , , 
19.08.2026 14:25:00, ,740.034621,92.50432763, , , ,0.71336539,0.521153844, ,-184.0492788,-2247.192308,2000.846154,152.0307699,135.6461534, , 
19.08.2026 14:26:00, , , , , ,59.50000029, , ,1513.461538, , , , , , , 
19.08.2026 14:27:00, , , ,60.66923083, , , , , , , , , , , , 
19.08.2026 14:28:00, , , , ,68.92307751, , , , , , , , , , , 
19.08.2026 14:30:00, , , , , , , , , , , , , , , , 
19.08.2026 14:34:00,0.040625, , , , , , , , , , , , , , , 
19.08.2026 14:37:00, , , , , , , , , , , , , , , , 
19.08.2026 14:38:00, ,740.0500113,92.50625141, , , ,0.686682697,0.526682698, ,-191.953125,-2285.692308,2008.307692,155.2692296,137.8615394, , 
19.08.2026 14:39:00, , , , , ,59.69999959, , ,1518.076923, , , , , , , 
19.08.2026 14:40:00, , , ,60.73846201, , , , , , , , , , , , 
19.08.2026 14:41:00, , , , ,68.91538473, , , , , , , , , , , 
19.08.2026 14:45:00, , , , , , , , , , , , , , , , 
19.08.2026 14:47:00,0.0296875, , , , , , , , , , , , , , , 
19.08.2026 14:50:00, , , , , , , , , , , , , , , , 
19.08.2026 14:51:00, ,739.9134662,92.48918328, , , ,0.678269235,0.517451919, ,-186.2524038,-2226.413462,2050.076923,154.3000007,138.0923063, , 
19.08.2026 14:52:00, , , , , ,59.70769237, , ,1518.230769, , , , , , , 
19.08.2026 14:53:00, , , ,60.80000041, , , , , , , , , , , , 
19.08.2026 14:54:00, , , , ,69.0615387, , , , , , , , , , , 
19.08.2026 15:00:00,0.0296875, , , , , , , , , , , , , , , 
19.08.2026 15:03:00, , , , , , , , , , , , , , , , 
19.08.2026 15:04:00, ,740.0057749,92.50072186, , , ,0.708894234,0.533413465, ,-206.0480769,-2178.932692,2022.076923,152.0846147,136.8153874, , 
19.08.2026 15:05:00, , , , , ,59.83846166, , ,1520, , , , , , , 
19.08.2026 15:06:00, , , ,61.17692331, , , , , , , , , , , , 
19.08.2026 15:07:00, , , , ,69.23076923, , , , , , , , , , , 
19.08.2026 15:14:00,0.03125, , , , , , , , , , , , , , , 
19.08.2026 15:15:00, , , , , , , , , , , , , , , , 
19.08.2026 15:16:00, , , , , , , , , , , , , , , , 
19.08.2026 15:17:00, ,740.1403809,92.51754761, , , ,0.646730771,0.520480766, ,-189.0108173,-2222.615385,2007.384615,153.3615394,136.9153865, , 
19.08.2026 15:18:00, , , , , ,60.00769219, , ,1522, , , , , , , 
19.08.2026 15:19:00, , , ,61.2461539, , , , , , , , , , , , 
19.08.2026 15:20:00, , , , ,69.36922983, , , , , , , , , , , 
19.08.2026 15:27:00,0.035511364, , , , , , , , , , , , , , , 
19.08.2026 15:29:00, , , , , , , , , , , , , , , , 
19.08.2026 15:30:00, ,740.0173152,92.5021644, , , ,0.727932692,0.525192311, ,-200.1237981,-2230.076923,2026.153846,153.4230793,137.8153851, , 
19.08.2026 15:31:00, , , , , ,60.39230728, , ,1515.307692, , , , , , , 
19.08.2026 15:32:00, , , ,61.38461597, , , , , , , , , , , , 
19.08.2026 15:33:00, , , , ,69.53076876, , , , , , , , , , , 
19.08.2026 15:41:00,0.0296875, , , , , , , , , , , , , , , 
19.08.2026 15:42:00, , , , , , , , , , , , , , , , 
19.08.2026 15:43:00, ,692.7635216,92.51081848, , , ,0.737355773,0.524759618, ,-192.2848558,-2151.240385,2040.461538,154.3538478,137.5076928, , 
19.08.2026 15:44:00, , , , , ,60.4307697, , ,1518.538462, , , , , , , 
19.08.2026 15:45:00, , , ,61.35384662, , , , , , , , , , , , 
19.08.2026 15:46:00, , , , ,69.52307598, , , , , , , , , , , 
19.08.2026 15:54:00,0.036931818, , , , , , , , , , , , , , , 
19.08.2026 15:55:00, , , , , , , , , , , , , , , , 
19.08.2026 15:56:00, ,693.6201923,92.48269301, , , ,0.733942312,0.521875003, ,-200.4915865,-2253.817308,2026.923077,157.9692312,140.3846166, , 
19.08.2026 15:57:00, , , , , ,60.36923042, , ,1507.538462, , , , , , , 
19.08.2026 15:58:00, , , ,61.14615396, , , , , , , , , , , , 
19.08.2026 15:59:00, , , , ,69.61538462, , , , , , , , , , , 
19.08.2026 16:00:00, , , , , , , , , , , , , , , , 
19.08.2026 16:08:00,0.0296875, , , , , , , , , , , , , , , 
19.08.2026 16:09:00, ,693.9519231,92.52692413, , , ,0.743365389,0.526778852, ,-216.4074519,-2244.971154,2045.692308,157.8538443,140.9307662, , 
19.08.2026 16:10:00, , , , , ,60.37692349, , ,1507.538462, , , , , , , 
19.08.2026 16:11:00, , , ,61.03846154, , , , , , , , , , , , 
19.08.2026 16:12:00, , , , ,69.52307657, , , , , , , , , , , 
19.08.2026 16:15:00, , , , , , , , , , , , , , , , 
19.08.2026 16:21:00,0.040625, , , , , , , , , , , , , , , 
19.08.2026 16:22:00, ,694.1304087,92.5507208, , , ,0.720528855,0.528317319, ,-216.6995192,-2223.355769,2026.230769,155.1846161,139.2769235, , 
19.08.2026 16:23:00, , , , , ,60.47692314, , ,1506, , , , , , , 
19.08.2026 16:24:00, , , ,61.16153834, , , , , , , , , , , , 
19.08.2026 16:25:00, , , , ,69.53076935, , , , , , , , , , , 
19.08.2026 16:30:00, , , , , , , , , , , , , , , , 
19.08.2026 16:34:00,0.0296875, , , , , , , , , , , , , , , 
19.08.2026 16:35:00, ,694.3719952,92.58293328, , , ,0.722692306,0.52048077, ,-250.8533654,-2299.413462,2008.461538,156.7230765,139.7999995, , 
19.08.2026 16:36:00, , , , , ,60.26153858, , ,1515, , , , , , , 
19.08.2026 16:37:00, , , ,61.14615367, , , , , , , , , , , , 
19.08.2026 16:38:00, , , , ,69.37692319, , , , , , , , , , , 
19.08.2026 16:45:00, , , , , , , , , , , , , , , , 
19.08.2026 16:47:00, , , , , , , , , , , , , , , , 
19.08.2026 16:48:00,0.0296875,696.3713942,92.849519, , , ,0.750673074,0.52509616, ,-217.1430288,-2267.644231,1986,160.1538462,142.9000009, , 
19.08.2026 16:49:00, , , , , ,60.26923077, , ,1510.923077, , , , , , , 
19.08.2026 16:50:00, , , ,60.91538415, , , , , , , , , , , , 
19.08.2026 16:51:00, , , , ,69.16922995, , , , , , , , , , , 
19.08.2026 17:00:00, , , , , , , , , , , , , , , , 
19.08.2026 17:01:00,0.040625,701.0570913,93.47428014, , , ,0.679615392,0.535384623, ,-189.8257212,-2225.326923,2004,162.3000019,145.2153837, , 
19.08.2026 17:02:00, , , , , ,60.1307687, , ,1518.307692, , , , , , , 
19.08.2026 17:03:00, , , ,60.78461544, , , , , , , , , , , , 
19.08.2026 17:04:00, , , , ,69.23076864, , , , , , , , , , , 
19.08.2026 17:13:00, , , , , , , , , , , , , , , , 
19.08.2026 17:14:00,0.0296875,700.4765625,93.39687582, , , ,0.67572115,0.538701924, ,-188.2536058,-2256.125,2053.846154,165.2538464,148.8076935, , 
19.08.2026 17:15:00, , , , , ,60.06153752, , ,1512.076923, , , , , , , 
19.08.2026 17:16:00, , , ,60.48461562, , , , , , , , , , , , 
19.08.2026 17:17:00, , , , ,69.53076935, , , , , , , , , , , 
19.08.2026 17:26:00, , , , , , , , , , , , , , , , 
19.08.2026 17:27:00,0.0296875,701.1057692,93.48076923, , , ,0.672451927,0.521346143, ,-186.0721154,-2177.980769,2015.076923,165.1076918,149.3307706, , 
19.08.2026 17:28:00, , , , , ,60.12307622, , ,1514.692308, , , , , , , 
19.08.2026 17:29:00, , , ,60.09999935, , , , , , , , , , , , 
19.08.2026 17:30:00, , , , ,69.81538508, , , , , , , , , , , 
19.08.2026 17:39:00, , , , , , , , , , , , , , , , 
19.08.2026 17:40:00,0.040625,700.7668269,93.43557798, , , ,0.664519237,0.535480765, ,-188.1382212,-2209.423077,2015.307692,163.7153837,148.3692322, , 
19.08.2026 17:41:00, , , , , ,60.03076905, , ,1521.615385, , , , , , , 
19.08.2026 17:42:00, , , ,59.83846107, , , , , , , , , , , , 
19.08.2026 17:43:00, , , , ,70.03846154, , , , , , , , , , , 
19.08.2026 17:45:00, , , , , , , , , , , , , , , , 
19.08.2026 17:52:00, , , , , , , , , , , , , , , , 
19.08.2026 17:53:00,0.0296875,700.8371394,93.44495333, , , ,0.66100961,0.532500001, ,-177.3786058,-2213.615385,1987,162.4153841,147.546152, , 
19.08.2026 17:54:00, , , , , ,59.9384616, , ,1519.307692, , , , , , , 
19.08.2026 17:55:00, , , ,59.84615414, , , , , , , , , , , , 
19.08.2026 17:56:00, , , , ,70.3615394, , , , , , , , , , , 
19.08.2026 18:00:00, , , , , , , , , , , , , , , , 
19.08.2026 18:05:00, , , , , , , , , , , , , , , , 
19.08.2026 18:06:00, ,700.7890625,93.43854205, , , ,0.655208334,0.542760412, ,-192.546875,-2204.614583,2042.5,162.6333338,147.4666672, , 
19.08.2026 18:07:00,0.0296875, , , , ,59.98333359, , ,1529.166667, , , , , , , 
19.08.2026 18:08:00, , , ,59.54166667, , , , , , , , , , , , 
19.08.2026 18:09:00, , , , ,69.9, , , , , , , , , , , 
19.08.2026 18:15:00, , , , , , , , , , , , , , , , 
19.08.2026 18:18:00, , , , , , , , , , , , , , , , 
19.08.2026 18:19:00, ,701.0805288,93.47740525, , , ,0.649086535,0.545673068, ,-180.2668269,-2173.519231,1956.384615,162.390908,147.2999984, , 
19.08.2026 18:20:00,0.032986111, , , , ,59.95000038, , ,1512.833333, , , , , , , 
19.08.2026 18:25:00, , , ,59.43636287,69.42999954, , , , , , , , , , , 
19.08.2026 18:31:00, , , , , , , , , , , , , , , , 
19.08.2026 18:32:00, ,701.5234375,93.53645833, , , ,0.723749995,0.582708319, ,-178.59375,-2178.291667,1893.666667,161.899999,147.5, , 
19.08.2026 18:33:00,0.1015625, , , , ,59.82500076, , ,1510.5, , , , , , , 
19.08.2026 18:38:00, , , ,59.21249962,69.02222273, , , , , , , , , , , 
19.08.2026 18:41:00, , , , , , , , , , , , , , , , 
19.08.2026 18:44:00, , , , , , , , , , , , , , , , 
19.08.2026 18:45:00, ,700.703726,93.4271651, , , ,0.658798071,0.542211542, ,-182.1923077,-2183.548077,1977.692308,161.4499982,147.1916669, , 
19.08.2026 18:46:00, , , , , , , , ,1516.692308, , , , , , , 
19.08.2026 18:47:00,0.0296875, , , , ,59.71818161, , , , , , , , , , 
19.08.2026 18:51:00, , , ,59.00769248,68.63999863, , , , , , , , , , , 
19.08.2026 18:56:00, , , , , , , , , , , , , , , , 
19.08.2026 18:57:00, , , , , , , , , , , , , , , , 
19.08.2026 18:58:00, ,701.0138221,93.46851055, , , ,0.639519233,0.530865394, ,-182.0444712,-2235.528846,2023.615385,162.1692305,147.176921, , 
19.08.2026 18:59:00, , , , , , , , ,1507.846154, , , , , , , 
19.08.2026 19:00:00,0.040625, , , , ,59.53076876, , , , , , , , , , 
19.08.2026 19:04:00, , , ,58.85833327,68.42500114, , , , , , , , , , , 
19.08.2026 19:10:00, , , , , , , , , , , , , , , , 
19.08.2026 19:15:00,0.022569444,700.8245192,93.443269, , ,59.44999981,0.603461545,0.531730762,1513.833333,-164.5024038,-2223.557692,1947.846154,159.9923096,145.9230757, , 
19.08.2026 19:20:00, , , ,58.81999969,68.24999905, , , , , , , , , , , 
19.08.2026 19:23:00, , , , , , , , , , , , , , , , 
19.08.2026 19:28:00,0.0625,700.8255208,93.44340346, , ,59.45714242,0.630763888,0.545069436,1505.555556,-147.8125,-2256,1998.444444,159.9000007,146.0428554, , 
19.08.2026 19:29:00, , , , , , , , , , , , , , , , 
19.08.2026 19:31:00, , , , , , , , , , , , , , , , 
19.08.2026 19:33:00, , , ,58.42307663,68.09999789, , , , , , , , , , , 
19.08.2026 19:36:00, , , , , , , , , , , , , , , , 
19.08.2026 19:41:00,0.0296875,700.938101,93.4584151, , ,59.44615408,0.630721161,0.535432696,1517.384615,-169.96875,-2269.25,1996.153846,158.8249982,145.715386, , 
19.08.2026 19:42:00, , , , , , , , , , , , , , , , 
19.08.2026 19:46:00, , , ,58.35384633,67.96923006, , , , , , , , , , , 
19.08.2026 19:49:00, , , , , , , , , , , , , , , , 
19.08.2026 19:54:00,0.0296875,700.8641827,93.4485591, , , ,0.643605769,0.526778849, ,-181.6225962,-2145.894231,1978.076923,156.2999989,142.9083341, , 
19.08.2026 19:55:00, , , , , ,59.45, , ,1527.769231, , , , , , , 
19.08.2026 19:56:00, , , , , , , , , , , , , , , , 
19.08.2026 19:59:00, , , ,58.47999954,67.74545496, , , , , , , , , , , 
19.08.2026 20:00:00, , , , , , , , , , , , , , , , 
19.08.2026 20:02:00, , , , , , , , , , , , , , , , 
19.08.2026 20:07:00,0.040625,700.7327009,93.43102809, , , ,0.620714281,0.523660722, ,-219.4185268,-2301.642857,2075,154.721429,141.021431, , 
19.08.2026 20:08:00, , , , , ,59.32142857, , ,1551.071429, , , , , , , 
19.08.2026 20:09:00, , , , , , , , , , , , , , , , 
19.08.2026 20:12:00, , , ,58.52142797,67.83571516, , , , , , , , , , , 
19.08.2026 20:15:00, , , , , , , , , , , , , , , , 
19.08.2026 20:20:00,0.0296875,700.7019231,93.4269239, , , ,0.563076927,0.541346151, ,-201.2055288,-2241.557692,2072.230769,156.1769245,141.4461541, , 
19.08.2026 20:21:00, , , , , ,59.17692302, , ,1542.461538, , , , , , , 
19.08.2026 20:22:00, , , , , , , , , , , , , , , , 
19.08.2026 20:25:00, , , ,58.35384662,68.41538473, , , , , , , , , , , 
19.08.2026 20:28:00, , , , , , , , , , , , , , , , 
19.08.2026 20:30:00, , , , , , , , , , , , , , , , 
19.08.2026 20:33:00,0.0296875,700.8768029,93.45024168, , , ,0.594278845,0.535865392, ,-204.9519231,-2236.230769,2040.076923,155.6461534,141.6153846, , 
19.08.2026 20:34:00, , , , , ,59.16153864, , ,1541.153846, , , , , , , 
19.08.2026 20:35:00, , , , , , , , , , , , , , , , 
19.08.2026 20:38:00, , , ,58.32307728,69.05384592, , , , , , , , , , , 
19.08.2026 20:41:00, , , , , , , , , , , , , , , , 
19.08.2026 20:45:00, , , , , , , , , , , , , , , , 
19.08.2026 20:46:00,0.040625,700.7307692,93.43077029, , , ,0.604999996,0.532884602, ,-208.5721154,-2267.721154,2088,154.4923072,140.2615368, , 
19.08.2026 20:47:00, , , , , ,59.04615344, , ,1550.076923, , , , , , , 
19.08.2026 20:48:00, , , , , , , , , , , , , , , , 
19.08.2026 20:51:00, , , ,58.33076888,69.36153823, , , , , , , , , , , 
19.08.2026 20:54:00, , , , , , , , , , , , , , , , 
19.08.2026 20:59:00, ,700.6532452,93.42043363, , , ,0.579423079,0.543846158, ,-208.7740385,-2241.230769,2062.769231,153.2307704,139.1615366, , 
19.08.2026 21:00:00,0.026988636, , , , ,58.99230781, , ,1546.692308, , , , , , , 
19.08.2026 21:01:00, , , , , , , , , , , , , , , , 
19.08.2026 21:04:00, , , ,58.31538508,69.48461621, , , , , , , , , , , 
19.08.2026 21:07:00, , , , , , , , , , , , , , , , 
19.08.2026 21:12:00, ,700.6983173,93.42644325, , , ,0.603846151,0.544615383, ,-206.3112981,-2258.903846,2105,154.1230774,139.3307695, , 
19.08.2026 21:13:00,0.0390625, , , , ,58.93076911, , ,1547.846154, , , , , , , 
19.08.2026 21:14:00, , , , , , , , , , , , , , , , 
19.08.2026 21:15:00, , , , , , , , , , , , , , , , 
19.08.2026 21:17:00, , , ,58.2538461,70.08461527, , , , , , , , , , , 
19.08.2026 21:20:00, , , , , , , , , , , , , , , , 
19.08.2026 21:25:00, ,700.6225962,93.41634721, , , ,0.625721143,0.539038461, ,-225.5877404,-2341.096154,2059.230769,153.6999993,139.1230786, , 
19.08.2026 21:26:00, , , , , ,58.8153842, , ,1562.153846, , , , , , , 
19.08.2026 21:27:00,0.028409091, , , , , , , , , , , , , , , 
19.08.2026 21:30:00, , , ,58.32307669,70.61538403, , , , , , , , , , , 
19.08.2026 21:33:00, , , , , , , , , , , , , , , , 
19.08.2026 21:38:00, ,700.8317308,93.44423206, , , ,0.587259609,0.53725962, ,-233.0625,-2255.980769,2086.538462,150.4076914,136.9692289, , 
19.08.2026 21:39:00, , , , , ,58.80769289, , ,1556.692308, , , , , , , 
19.08.2026 21:40:00,0.0390625, , , , , , , , , , , , , , , 
19.08.2026 21:43:00, , , ,58.30769231,70.62307681, , , , , , , , , , , 
19.08.2026 21:45:00, , , , , , , , , , , , , , , , 
19.08.2026 21:46:00, , , , , , , , , , , , , , , , 
19.08.2026 21:51:00, ,700.5847356,93.41129831, , , ,0.599903849,0.551249995, ,-251.1959135,-2348.865385,2080.307692,149.4538457,135.6461546, , 
19.08.2026 21:52:00, , , , , ,58.8153845, , ,1573.538462, , , , , , , 
19.08.2026 21:53:00, , , , , , , , , , , , , , , , 
19.08.2026 21:54:00,0.026988636, , , , , , , , , , , , , , , 
19.08.2026 21:56:00, , , ,58.36153793,70.50769278, , , , , , , , , , , 
19.08.2026 21:59:00, , , , , , , , , , , , , , , , 
19.08.2026 22:00:00, , , , , , , , , , , , , , , , 
19.08.2026 22:04:00, ,700.5612981,93.40817378, , , ,0.591490388,0.543605768, ,-240.8401442,-2346.461538,2037.769231,148.930772,134.6769233, , 
19.08.2026 22:05:00, , , , , ,58.67692272, , ,1577.692308, , , , , , , 
19.08.2026 22:06:00, , , , , , , , , , , , , , , , 
19.08.2026 22:07:00,0.040625, , , , , , , , , , , , , , , 
19.08.2026 22:09:00, , , ,58.39230757,70.4923084, , , , , , , , , , , 
19.08.2026 22:12:00, , , , , , , , , , , , , , , , 
19.08.2026 22:15:00, , , , , , , , , , , , , , , , 
19.08.2026 22:17:00, ,700.9741587,93.4632228, , , ,0.562307692,0.550817311, ,-228.5913462,-2280.076923,2051.692308,150.892307,135.8307695, , 
19.08.2026 22:18:00, , , , , ,58.51538467, , ,1555.384615, , , , , , , 
19.08.2026 22:19:00, , , , , , , , , , , , , , , , 
19.08.2026 22:20:00,0.032986111, , , , , , , , , , , , , , , 
19.08.2026 22:22:00, , , ,58.38461568,70.51538379, , , , , , , , , , , 
19.08.2026 22:25:00, , , , , , , , , , , , , , , , 
19.08.2026 22:30:00, ,700.6838942,93.42452064, , , ,0.547980765,0.536874996, ,-238.7307692,-2357.653846,2103.692308,150.5153832,135.753844, , 
19.08.2026 22:31:00, , , , , ,58.44615408, , ,1570.230769, , , , , , , 
19.08.2026 22:32:00, , , , , , , , , , , , , , , , 
19.08.2026 22:33:00,0.040625, , , , , , , , , , , , , , , 
19.08.2026 22:35:00, , , ,58.29999953,70.40000153, , , , , , , , , , , 
19.08.2026 22:38:00, , , , , , , , , , , , , , , , 
19.08.2026 22:43:00, ,700.624399,93.41658783, , , ,0.543269222,0.538461534, ,-235.9399038,-2287.701923,2083.384615,150.4538445,135.9230793, , 
19.08.2026 22:44:00, , , , , ,58.38461538, , ,1582.153846, , , , , , , 
19.08.2026 22:45:00, , , , , , , , , , , , , , , , 
19.08.2026 22:46:00,0.0296875, , , , , , , , , , , , , , , 
19.08.2026 22:48:00, , , ,58.33846166,70.6999993, , , , , , , , , , , 
19.08.2026 22:51:00, , , , , , , , , , , , , , , , 
19.08.2026 22:56:00, ,700.8966346,93.45288555, , , ,0.56697116,0.5433173, ,-231.0288462,-2274.663462,2008.230769,150.1692294,135.5923063, , 
19.08.2026 22:57:00, , , , , ,58.26923018, , ,1566.076923, , , , , , , 
19.08.2026 22:58:00, , , , , , , , , , , , , , , , 
19.08.2026 22:59:00,0.0296875, , , , , , , , , , , , , , , 
19.08.2026 23:00:00, , , , , , , , , , , , , , , , 
19.08.2026 23:01:00, , , ,58.07692278,70.54615432, , , , , , , , , , , 
19.08.2026 23:04:00, , , , , , , , , , , , , , , , 
19.08.2026 23:09:00, ,700.828125,93.44375141, , , ,0.589038461,0.53841346, ,-224.5600962,-2277.663462,2127.615385,151.2923079,136.0307699, , 
19.08.2026 23:10:00, , , , , ,58.17692272, , ,1567.307692, , , , , , , 
19.08.2026 23:11:00, , , , , , , , , , , , , , , , 
19.08.2026 23:12:00,0.036931818, , , , , , , , , , , , , , , 
19.08.2026 23:14:00, , , ,58.09999994,70.45384627, , , , , , , , , , , 
19.08.2026 23:15:00, , , , , , , , , , , , , , , , 
19.08.2026 23:17:00, , , , , , , , , , , , , , , , 
19.08.2026 23:22:00, ,700.7145433,93.42860647, , , ,0.578076927,0.53086538, ,-237.703125,-2358.548077,2080.846154,151.7538476,136.8230767, , 
19.08.2026 23:23:00, , , , , ,58.00769248, , ,1579, , , , , , , 
19.08.2026 23:24:00, , , , , , , , , , , , , , , , 
19.08.2026 23:26:00,0.0296875, , , , , , , , , , , , , , , 
19.08.2026 23:27:00, , , ,58.00769278,70.33846166, , , , , , , , , , , 
19.08.2026 23:30:00, , , , , , , , , , , , , , , , 
19.08.2026 23:35:00, ,700.750601,93.43341475, , , ,0.568076922,0.557980771, ,-226.3918269,-2250.442308,2102.076923,150.369231,135.9307709, , 
19.08.2026 23:36:00, , , , , ,57.80769231, , ,1579.153846, , , , , , , 
19.08.2026 23:37:00, , , , , , , , , , , , , , , , 
19.08.2026 23:39:00,0.036931818, , , , , , , , , , , , , , , 
19.08.2026 23:40:00, , , ,57.94615408,70.08461468, , , , , , , , , , , 
19.08.2026 23:43:00, , , , , , , , , , , , , , , , 
19.08.2026 23:45:00, , , , , , , , , , , , , , , , 
19.08.2026 23:48:00, ,700.656851,93.4209137, , , ,0.562692314,0.531298083, ,-213.0072115,-2278.278846,2076.769231,151.8000019,136.2307728, , 
19.08.2026 23:49:00, , , , , ,57.73076923, , ,1557.846154, , , , , , , 
19.08.2026 23:50:00, , , , , , , , , , , , , , , , 
19.08.2026 23:52:00,0.0296875, , , , , , , , , , , , , , , 
19.08.2026 23:53:00, , , ,57.93076911,69.84615326, , , , , , , , , , , 
19.08.2026 23:56:00, , , , , , , , , , , , , , , , 
20.08.2026 00:00:00, , , , , , , , , , , , , , , , 
20.08.2026 00:01:00, ,700.6802885,93.4240394, , , ,0.559615383,0.538798075, ,-240.9122596,-2292.307692,2039.384615,152.5384615,137.2769247, , 
20.08.2026 00:02:00, , , , , ,57.63846148, , ,1569.769231, , , , , , , 
20.08.2026 00:03:00, , , , , , , , , , , , , , , , 
20.08.2026 00:05:00,0.032986111, , , , , , , , , , , , , , , 
20.08.2026 00:06:00, , , ,57.84615355,69.97692343, , , , , , , , , , , 
20.08.2026 00:09:00, , , , , , , , , , , , , , , , 
20.08.2026 00:14:00, ,700.6514423,93.42019243, , , ,0.540576923,0.546923083, ,-223.6658654,-2250.365385,2063.384615,150.938459,136.2615356, , 
20.08.2026 00:15:00, , , , , ,57.6230771, , ,1571.538462, , , , , , , 
20.08.2026 00:16:00, , , , , , , , , , , , , , , , 
20.08.2026 00:19:00,0.036931818, , ,58.01538467,69.80000012, , , , , , , , , , , 
20.08.2026 00:22:00, , , , , , , , , , , , , , , , 
20.08.2026 00:27:00, ,700.7902644,93.43870192, , , ,0.527403843,0.53533654, ,-213.890625,-2273.913462,2025.615385,152.0692303,136.6846149, , 
20.08.2026 00:28:00, , , , , ,57.64615279, , ,1561.461538, , , , , , , 
20.08.2026 00:29:00, , , , , , , , , , , , , , , , 
20.08.2026 00:30:00, , , , , , , , , , , , , , , , 
20.08.2026 00:32:00,0.0390625, , ,57.98461533,69.75384756, , , , , , , , , , , 
20.08.2026 00:35:00, , , , , , , , , , , , , , , , 
20.08.2026 00:40:00, ,700.6730769,93.42307751, , , ,0.55269231,0.553942304, ,-229.6983173,-2294.221154,2124.923077,153.69231,137.7846151, , 
20.08.2026 00:41:00, , , , , ,57.630769, , ,1561.538462, , , , , , , 
20.08.2026 00:42:00, , , , , , , , , , , , , , , , 
20.08.2026 00:45:00, , , ,57.89999977,69.63076841, , , , , , , , , , , 
20.08.2026 00:46:00,0.026988636, , , , , , , , , , , , , , , 
20.08.2026 00:48:00, , , , , , , , , , , , , , , , 
20.08.2026 00:53:00, ,700.609976,93.41466346, , , ,0.571201921,0.545384618, ,-241.0168269,-2312.076923,2070.923077,150.8615394,136.9384625, , 
20.08.2026 00:54:00, , , , , ,57.66923053, , ,1570.692308, , , , , , , 
20.08.2026 00:55:00, , , , , , , , , , , , , , , , 
20.08.2026 00:58:00, , , ,57.88461538,69.36923159, , , , , , , , , , , 
20.08.2026 00:59:00,0.040625, , , , , , , , , , , , , , , 
20.08.2026 01:00:00, , , , , , , , , , , , , , , , 
20.08.2026 01:01:00, , , , , , , , , , , , , , , , 
20.08.2026 01:06:00, ,700.5703125,93.40937512, , , ,0.557403853,0.5539423, ,-249.5084135,-2355.605769,2046.846154,148.9999977,135.3384622, , 
20.08.2026 01:07:00, , , , , ,57.53076994, , ,1570.615385, , , , , , , 
20.08.2026 01:08:00, , , , , , , , , , , , , , , , 
20.08.2026 01:11:00, , , ,57.99230752,69.09230628, , , , , , , , , , , 
20.08.2026 01:12:00,0.021205357, , , , , , , , , , , , , , , 
20.08.2026 01:14:00, , , , , , , , , , , , , , , , 
20.08.2026 01:15:00, , , , , , , , , , , , , , , , 
20.08.2026 01:19:00, ,700.8010817,93.44014505, , , ,0.552355762,0.545096145, ,-253.4747596,-2370.740385,2049.615385,150.0923075,135.2923079, , 
20.08.2026 01:20:00, , , , , ,57.47692255, , ,1567.153846, , , , , , , 
20.08.2026 01:21:00, , , , , , , , , , , , , , , , 
20.08.2026 01:24:00, , , ,58.16923053,69.10769125, , , , , , , , , , , 
20.08.2026 01:25:00,0.03125, , , , , , , , , , , , , , , 
20.08.2026 01:27:00, , , , , , , , , , , , , , , , 
20.08.2026 01:30:00, , , , , , , , , , , , , , , , 
20.08.2026 01:32:00, ,700.6262019,93.41682786, , , ,0.545576935,0.544663471, ,-241.4134615,-2324.278846,2056.384615,150.546152,135.9230769, , 
20.08.2026 01:33:00, , , , , ,57.43076941, , ,1571.461538, , , , , , , 
20.08.2026 01:34:00, , , , , , , , , , , , , , , , 
20.08.2026 01:37:00, , , ,58.06923118,69.17692214, , , , , , , , , , , 
20.08.2026 01:38:00,0.022836538, , , , , , , , , , , , , , , 
20.08.2026 01:40:00, , , , , , , , , , , , , , , , 
20.08.2026 01:45:00, ,700.5685096,93.40913567, , , ,0.565625003,0.546875, ,-243.4939904,-2269.567308,2014.538462,149.1153834,134.69231, , 
20.08.2026 01:46:00, , , , , ,57.33076947, , ,1570.461538, , , , , , , 
20.08.2026 01:47:00, , , , , , , , , , , , , , , , 
20.08.2026 01:50:00, , , ,58.04615344,69.18461609, , , , , , , , , , , 
20.08.2026 01:51:00,0.03125, , , , , , , , , , , , , , , 
20.08.2026 01:53:00, , , , , , , , , , , , , , , , 
20.08.2026 01:58:00, ,700.3882212,93.38509662, , , ,0.575865393,0.544759613, ,-252.5805288,-2321.490385,2104.230769,149.6384594,134.4846133, , 
20.08.2026 01:59:00, , , , , ,57.38461538, , ,1582.769231, , , , , , , 
20.08.2026 02:00:00, , , , , , , , , , , , , , , , 
20.08.2026 02:03:00, , , ,58.130769,69.45384627, , , , , , , , , , , 
20.08.2026 02:04:00,0.026988636, , , , , , , , , , , , , , , 
20.08.2026 02:06:00, , , , , , , , , , , , , , , , 
20.08.2026 02:11:00, ,700.7560096,93.43413485, , , ,0.553028847,0.559999998, ,-256.4747596,-2267.451923,2115.846154,149.9076914,134.9538445, , 
20.08.2026 02:12:00, , , , , ,57.34615355, , ,1570, , , , , , , 
20.08.2026 02:13:00, , , , , , , , , , , , , , , , 
20.08.2026 02:15:00, , , , , , , , , , , , , , , , 
20.08.2026 02:16:00, , , ,58.16153834,69.82307728, , , , , , , , , , , 
20.08.2026 02:17:00,0.0296875, , , , , , , , , , , , , , , 
20.08.2026 02:19:00, , , , , , , , , , , , , , , , 
20.08.2026 02:24:00, ,700.3737981,93.3831746, , , ,0.5525,0.552980767, ,-252.5012019,-2319.009615,2119.461538,149.261538,134.4846156, , 
20.08.2026 02:25:00, , , , , ,57.32307698, , ,1582.153846, , , , , , , 
20.08.2026 02:26:00, , , , , , , , , , , , , , , , 
20.08.2026 02:29:00, , , ,58.05384592,69.7538458, , , , , , , , , , , 
20.08.2026 02:30:00,0.040625, , , , , , , , , , , , , , , 
20.08.2026 02:32:00, , , , , , , , , , , , , , , , 
20.08.2026 02:37:00, ,700.5955529,93.41274203, , , ,0.566009618,0.557211527, ,-244.7451923,-2312.076923,2096.384615,148.8999986,134.2846151, , 
20.08.2026 02:38:00, , , , , ,57.19999988, , ,1567.846154, , , , , , , 
20.08.2026 02:39:00, , , , , , , , , , , , , , , , 
20.08.2026 02:42:00, , , ,58.0076919,69.73076923, , , , , , , , , , , 
20.08.2026 02:44:00,0.026988636, , , , , , , , , , , , , , , 
20.08.2026 02:45:00, , , , , , , , , , , , , , , , 
20.08.2026 02:50:00, ,700.5829327,93.41105887, , , ,0.529663462,0.535576926, ,-259.4747596,-2347.019231,2056.846154,150.1692294,134.8692345, , 
20.08.2026 02:51:00, , , , , ,57.15384615, , ,1572, , , , , , , 
20.08.2026 02:52:00, , , , , , , , , , , , , , , , 
20.08.2026 02:55:00, , , ,57.96923095,69.89230699, , , , , , , , , , , 
20.08.2026 02:57:00,0.035511364, , , , , , , , , , , , , , , 
20.08.2026 02:58:00, , , , , , , , , , , , , , , , 
20.08.2026 03:00:00, , , , , , , , , , , , , , , , 
20.08.2026 03:03:00, ,700.3323317,93.37764505, , , ,0.539134619,0.543365382, ,-260.7512019,-2382.192308,2146.769231,153.1538473,136.7538487, , 
20.08.2026 03:04:00, , , , , ,57.25384668, , ,1580.769231, , , , , , , 
20.08.2026 03:05:00, , , , , , , , , , , , , , , , 
20.08.2026 03:08:00, , , ,57.99230752,69.66153834, , , , , , , , , , , 
20.08.2026 03:10:00,0.024038462, , , , , , , , , , , , , , , 
20.08.2026 03:11:00, , , , , , , , , , , , , , , , 
20.08.2026 03:15:00, , , , , , , , , , , , , , , , 
20.08.2026 03:16:00, ,700.5703125,93.4093757, , , ,0.559711539,0.528221158, ,-251.9242788,-2333.980769,2088.307692,146.6230762,133.892307, , 
20.08.2026 03:17:00, , , , , ,57.23846142, , ,1595.307692, , , , , , , 
20.08.2026 03:18:00, , , , , , , , , , , , , , , , 
20.08.2026 03:21:00, , , ,58.12307681,69.51538438, , , , , , , , , , , 
20.08.2026 03:23:00,0.030048077, , , , , , , , , , , , , , , 
20.08.2026 03:24:00, , , , , , , , , , , , , , , , 
20.08.2026 03:29:00, ,700.8064904,93.44086632, , , ,0.520144226,0.542019225, ,-284.4699519,-2376.884615,2131.230769,141.2230776,128.4307703, , 
20.08.2026 03:30:00, , , , , ,57.26923048, , ,1619.615385, , , , , , , 
20.08.2026 03:31:00, , , , , , , , , , , , , , , , 
20.08.2026 03:34:00, , , ,58.37692319,69.56923089, , , , , , , , , , , 
20.08.2026 03:36:00,0.022836538, , , , , , , , , , , , , , , 
20.08.2026 03:37:00, , , , , , , , , , , , , , , , 
20.08.2026 03:42:00, ,700.734375,93.43125035, , , ,0.553605777,0.545048067, ,-280.4711538,-2373,2081.153846,139.676921,126.5307688, , 
20.08.2026 03:43:00, , , , , ,57.26923106, , ,1617.461538, , , , , , , 
20.08.2026 03:44:00, , , , , , , , , , , , , , , , 
20.08.2026 03:45:00, , , , , , , , , , , , , , , , 
20.08.2026 03:47:00, , , ,58.67692302,69.76153858, , , , , , , , , , , 
20.08.2026 03:49:00,0.03125, , , , , , , , , , , , , , , 
20.08.2026 03:50:00, , , , , , , , , , , , , , , , 
20.08.2026 03:55:00, ,700.3305288,93.37740443, , , ,0.562307702,0.546682697, ,-303.0324519,-2471.759615,2130.846154,138.1153834,124.3076929, , 
20.08.2026 03:56:00, , , , , ,57.11538462, , ,1636.384615, , , , , , , 
20.08.2026 03:57:00, , , , , , , , , , , , , , , , 
20.08.2026 04:00:00, , , ,58.77692355,69.72307704, , , , , , , , , , , 
20.08.2026 04:03:00,0.024739583, , , , , , , , , , , , , , , 
20.08.2026 04:08:00, ,700.624399,93.41658724, , , ,0.557548069,0.542644235, ,-314.6286058,-2424.769231,2110,143.0384604,126.2230759, , 
20.08.2026 04:09:00, , , , , ,57.06153811, , ,1603, , , , , , , 
20.08.2026 04:10:00, , , , , , , , , , , , , , , , 
20.08.2026 04:13:00, , , ,58.72307733,69.69230711, , , , , , , , , , , 
20.08.2026 04:15:00, , , , , , , , , , , , , , , , 
20.08.2026 04:16:00,0.040625, , , , , , , , , , , , , , , 
20.08.2026 04:21:00, ,700.1754808,93.35673171, , , ,0.544807695,0.532836545, ,-293.3798077,-2413.653846,2113.384615,147.8999998,130.8692298, , 
20.08.2026 04:22:00, , , , , ,56.93076999, , ,1604.384615, , , , , , , 
20.08.2026 04:23:00, , , , , , , , , , , , , , , , 
20.08.2026 04:26:00, , , ,58.53846125,69.59999965, , , , , , , , , , , 
20.08.2026 04:29:00,0.0296875, , , , , , , , , , , , , , , 
20.08.2026 04:30:00, , , , , , , , , , , , , , , , 
20.08.2026 04:34:00, ,700.5793269,93.41057645, , , ,0.54149039,0.55456731, ,-266.765625,-2395.721154,2139.230769,149.0538471,133.0307699, , 
20.08.2026 04:35:00, , , , , ,56.92307751, , ,1598.384615, , , , , , , 
20.08.2026 04:36:00, , , , , , , , , , , , , , , , 
20.08.2026 04:39:00, , , ,58.33076888,69.69230887, , , , , , , , , , , 
20.08.2026 04:42:00,0.036931818, , , , , , , , , , , , , , , 
20.08.2026 04:45:00, , , , , , , , , , , , , , , , 
20.08.2026 04:47:00, ,700.6316106,93.41754913, , , ,0.538557683,0.550096159, ,-267.5913462,-2350.807692,2082.461538,148.5846147,133.0384615, , 
20.08.2026 04:48:00, , , , , ,56.96153875, , ,1587.846154, , , , , , , 
20.08.2026 04:49:00, , , , , , , , , , , , , , , , 
20.08.2026 04:52:00, , , ,58.20769178,69.63846119, , , , , , , , , , , 
20.08.2026 04:55:00,0.0296875, , , , , , , , , , , , , , , 
20.08.2026 05:00:00, ,700.7109375,93.42812523, , , ,0.551923082,0.540865385, ,-259.0709135,-2357.355769,2082.461538,150.6153834,134.3307695, , 
20.08.2026 05:01:00, , , , , ,57.01538467, , ,1575.153846, , , , , , , 
20.08.2026 05:02:00, , , , , , , , , , , , , , , , 
20.08.2026 05:05:00, , , ,58.11538462,69.43076911, , , , , , , , , , , 
20.08.2026 05:08:00,0.032986111, , , , , , , , , , , , , , , 
20.08.2026 05:13:00, ,700.5540865,93.40721306, , , ,0.54495192,0.541105766, ,-254.6862981,-2308.788462,2088.307692,151.3846142,136.0307688, , 
20.08.2026 05:14:00, , , , , ,56.95384598, , ,1579.153846, , , , , , , 
20.08.2026 05:15:00, , , , , , , , , , , , , , , , 
20.08.2026 05:18:00, , , ,58.14615338,69.39230934, , , , , , , , , , , 
20.08.2026 05:21:00, , , , , , , , , , , , , , , , 
20.08.2026 05:22:00,0.036931818, , , , , , , , , , , , , , , 
20.08.2026 05:26:00, ,700.7163462,93.42884651, , , ,0.552067321,0.561394228, ,-259.4242788,-2335.625,2082.307692,148.8461515,133.7615403, , 
20.08.2026 05:27:00, , , , , ,57.02307686, , ,1578.384615, , , , , , , 
20.08.2026 05:28:00, , , , , , , , , , , , , , , , 
20.08.2026 05:30:00, , , , , , , , , , , , , , , , 
20.08.2026 05:31:00, , , ,58.15384586,69.13846119, , , , , , , , , , , 
20.08.2026 05:34:00, , , , , , , , , , , , , , , , 
20.08.2026 05:35:00,0.035511364, , , , , , , , , , , , , , , 
20.08.2026 05:39:00, ,700.5090144,93.40120345, , , ,0.554759615,0.55403846, ,-271.7740385,-2343.307692,2093.615385,150.4307697,134.6692317, , 
20.08.2026 05:40:00, , , , , ,57.10769272, , ,1577.846154, , , , , , , 
20.08.2026 05:41:00, , , , , , , , , , , , , , , , 
20.08.2026 05:44:00, , , ,57.93076941,69.10000023, , , , , , , , , , , 
20.08.2026 05:45:00, , , , , , , , , , , , , , , , 
20.08.2026 05:47:00, , , , , , , , , , , , , , , , 
20.08.2026 05:48:00,0.0296875, , , , , , , , , , , , , , , 
20.08.2026 05:52:00, ,700.6424279,93.41899168, , , ,0.556153857,0.547548083, ,-258.4146635,-2340.442308,2086.615385,151.2538499,135.8846166, , 
20.08.2026 05:53:00, , , , , ,57.00769278, , ,1577.769231, , , , , , , 
20.08.2026 05:54:00, , , , , , , , , , , , , , , , 
20.08.2026 05:57:00, , , ,57.95384627,69.01538497, , , , , , , , , , , 
20.08.2026 06:00:00, , , , , , , , , , , , , , , , 
20.08.2026 06:01:00,0.036931818, , , , , , , , , , , , , , , 
20.08.2026 06:05:00, ,700.7632212,93.43509733, , , ,0.541826918,0.553990392, ,-265.1430288,-2358.942308,2130.307692,147.5461555,133.1923077, , 
20.08.2026 06:06:00, , , , , ,57.07499981, , ,1588.692308, , , , , , , 
20.08.2026 06:07:00, , , , , , , , , , , , , , , , 
20.08.2026 06:10:00, , , ,58.02307657,68.86153881, , , , , , , , , , , 
20.08.2026 06:13:00, , , , , , , , , , , , , , , , 
20.08.2026 06:14:00,0.022836538, , , , , , , , , , , , , , , 
20.08.2026 06:15:00, , , , , , , , , , , , , , , , 
20.08.2026 06:18:00, ,700.5793269,93.41057763, , , ,0.54225962,0.550673077, ,-265.2151442,-2300.836538,2119.769231,149.0615387,133.9461529, , 
20.08.2026 06:19:00, , , , , , , , ,1578.538462, , , , , , , 
20.08.2026 06:20:00, , , , , ,57.05555556, , , , , , , , , , 
20.08.2026 06:23:00, , , ,57.96153846,68.89230875, , , , , , , , , , , 
20.08.2026 06:26:00, , , , , , , , , , , , , , , , 
20.08.2026 06:27:00,0.03125, , , , , , , , , , , , , , , 
20.08.2026 06:30:00, , , , , , , , , , , , , , , , 
20.08.2026 06:31:00, ,700.4909856,93.39879843, , , ,0.544567314,0.544807693, ,-265.8677885,-2324.634615,2054.846154,150.7076909,134.8000007, , 
20.08.2026 06:32:00, , , , , , , , ,1574.307692, , , , , , , 
20.08.2026 06:33:00, , , , , ,57.00833352, , , , , , , , , , 
20.08.2026 06:36:00, , , ,57.96153875,68.6384606, , , , , , , , , , , 
20.08.2026 06:39:00, , , , , , , , , , , , , , , , 
20.08.2026 06:40:00,0.022836538, , , , , , , , , , , , , , , 
20.08.2026 06:44:00, ,700.4134615,93.38846236, , , ,0.558413457,0.549855773, ,-263.7439904,-2357.798077,2134.230769,153.7307704,137.1999981, , 
20.08.2026 06:45:00, , , , , , , , ,1572.769231, , , , , , , 
20.08.2026 06:46:00, , , , , , , , , , , , , , , , 
20.08.2026 06:48:00, , , , , ,57.03999977, , , , , , , , , , 
20.08.2026 06:49:00, , , ,57.88461597,68.53076876, , , , , , , , , , , 
20.08.2026 06:52:00, , , , , , , , , , , , , , , , 
20.08.2026 06:53:00,0.022836538, , , , , , , , , , , , , , , 
20.08.2026 06:57:00, ,700.6730769,93.42307751, , , ,0.525144229,0.540192306, ,-251.0769231,-2419.480769,2094.923077,153,137.3461538, , 
20.08.2026 06:58:00, , , , , , , , ,1568, , , , , , , 
20.08.2026 06:59:00, , , , , , , , , , , , , , , , 
20.08.2026 07:00:00, , , , , , , , , , , , , , , , 
20.08.2026 07:01:00, , , , , ,57.13636364, , , , , , , , , , 
20.08.2026 07:02:00, , , ,57.8692313,68.38461656, , , , , , , , , , , 
20.08.2026 07:05:00, , , , , , , , , , , , , , , , 
20.08.2026 07:06:00,0.036931818, , , , , , , , , , , , , , , 
20.08.2026 07:10:00, ,700.5180288,93.40240479, , , ,0.54360577,0.55471153, ,-256.4567308,-2342.096154,2059.384615,151.9153853,136.6461546, , 
20.08.2026 07:11:00, , , , , , , , ,1574, , , , , , , 
20.08.2026 07:12:00, , , , , , , , , , , , , , , , 
20.08.2026 07:14:00, , , , , ,57.09230687, , , , , , , , , , 
20.08.2026 07:15:00, , , ,57.80769231,68.38461538, , , , , , , , , , , 
20.08.2026 07:18:00, , , , , , , , , , , , , , , , 
20.08.2026 07:20:00,0.0296875, , , , , , , , , , , , , , , 
20.08.2026 07:23:00, ,700.3052885,93.3740387, , , ,0.554182701,0.534086532, ,-258.1622596,-2339.461538,2039.769231,153.1384606,137.5538483, , 
20.08.2026 07:24:00, , , , , , , , ,1572, , , , , , , 
20.08.2026 07:25:00, , , , , , , , , , , , , , , , 
20.08.2026 07:27:00, , , , , ,57.06922971, , , , , , , , , , 
20.08.2026 07:28:00, , , ,57.76923106,68.26923077, , , , , , , , , , , 
20.08.2026 07:30:00, , , , , , , , , , , , , , , , 
20.08.2026 07:31:00, , , , , , , , , , , , , , , , 
20.08.2026 07:33:00,0.036931818, , , , , , , , , , , , , , , 
20.08.2026 07:36:00, ,700.3179087,93.37572186, , , ,0.561009625,0.549278846, ,-240.1802885,-2312.951923,2105.384615,152.2769224,137.5999991, , 
20.08.2026 07:37:00, , , , , , , , ,1567.076923, , , , , , , 
20.08.2026 07:38:00, , , , , , , , , , , , , , , , 
20.08.2026 07:40:00, , , , , ,57.09999965, , , , , , , , , , 
20.08.2026 07:41:00, , , ,57.82307728,67.90769137, , , , , , , , , , , 
20.08.2026 07:44:00, , , , , , , , , , , , , , , , 
20.08.2026 07:45:00, , , , , , , , , , , , , , , , 
20.08.2026 07:46:00,0.0296875, , , , , , , , , , , , , , , 
20.08.2026 07:49:00, ,700.3052885,93.3740387, , , ,0.536875005,0.531057692, ,-253.8713942,-2371.115385,2056.846154,150.3307718,135.9923072, , 
20.08.2026 07:50:00, , , , , , , , ,1584.230769, , , , , , , 
20.08.2026 07:51:00, , , , , , , , , , , , , , , , 
20.08.2026 07:53:00, , , , , ,57.09230746, , , , , , , , , , 
20.08.2026 07:54:00, , , ,57.85384604,67.33846166, , , , , , , , , , , 
20.08.2026 07:57:00, , , , , , , , , , , , , , , , 
20.08.2026 07:59:00,0.0390625, , , , , , , , , , , , , , , 
20.08.2026 08:00:00, , , , , , , , , , , , , , , , 
20.08.2026 08:02:00, ,700.5072115,93.40096342, , , ,0.536201924,0.535528848, ,-253.9759615,-2366.817308,2043.692308,151.6230762,136.4230757, , 
20.08.2026 08:03:00, , , , , , , , ,1577.076923, , , , , , , 
20.08.2026 08:04:00, , , , , , , , , , , , , , , , 
20.08.2026 08:06:00, , , , , ,57.19999988, , , , , , , , , , 
20.08.2026 08:07:00, , , ,57.92307722,66.97692343, , , , , , , , , , , 
20.08.2026 08:10:00, , , , , , , , , , , , , , , , 
20.08.2026 08:13:00,0.028409091, , , , , , , , , , , , , , , 
20.08.2026 08:15:00, ,700.4603365,93.39471318, , , ,0.57004808,0.537307698, ,-243.3569712,-2265.451923,2116.846154,150.9307709,136.3615382, , 
20.08.2026 08:16:00, , , , , , , , ,1566.538462, , , , , , , 
20.08.2026 08:17:00, , , , , , , , , , , , , , , , 
20.08.2026 08:19:00, , , , , ,57.33076888, , , , , , , , , , 
20.08.2026 08:20:00, , , ,57.96153875,66.86923042, , , , , , , , , , , 
20.08.2026 08:23:00, , , , , , , , , , , , , , , , 
20.08.2026 08:26:00,0.035511364, , , , , , , , , , , , , , , 
20.08.2026 08:28:00, ,700.4729567,93.39639517, , , ,0.545240386,0.543605768, ,-247.8028846,-2386.269231,2086.846154,150.1076942,135.2769224, , 
20.08.2026 08:29:00, , , , , , , , ,1577, , , , , , , 
20.08.2026 08:30:00, , , , , , , , , , , , , , , , 
20.08.2026 08:32:00, , , , , ,57.43846218, , , , , , , , , , 
20.08.2026 08:33:00, , , ,58.00769248,66.62307798, , , , , , , , , , , 
20.08.2026 08:36:00, , , , , , , , , , , , , , , , 
20.08.2026 08:40:00,0.0296875, , , , , , , , , , , , , , , 
20.08.2026 08:41:00, ,700.3143029,93.37524121, , , ,0.57317308,0.540817304, ,-260.0480769,-2294.692308,2090.538462,150.7538452,135.6076907, , 
20.08.2026 08:42:00, , , , , , , , ,1587.692308, , , , , , , 
20.08.2026 08:43:00, , , , , , , , , , , , , , , , 
20.08.2026 08:45:00, , , , , ,57.49230781, , , , , , , , , , 
20.08.2026 08:46:00, , , ,58.23076923,66.93846248, , , , , , , , , , , 
20.08.2026 08:49:00, , , , , , , , , , , , , , , , 
20.08.2026 08:53:00,0.036931818, , , , , , , , , , , , , , , 
20.08.2026 08:54:00, ,700.2926683,93.37235671, , , ,0.582163462,0.540721146, ,-249.1622596,-2355.471154,2058.461538,152.7230765,137.1923089, , 
20.08.2026 08:55:00, , , , , , , , ,1573.153846, , , , , , , 
20.08.2026 08:56:00, , , , , , , , , , , , , , , , 
20.08.2026 08:58:00, , , , , ,57.7461542, , , , , , , , , , 
20.08.2026 08:59:00, , , ,58.29230793,66.96153964, , , , , , , , , , , 
20.08.2026 09:00:00, , , , , , , , , , , , , , , , 
20.08.2026 09:02:00, , , , , , , , , , , , , , , , 
20.08.2026 09:06:00,0.0296875, , , , , , , , , , , , , , , 
20.08.2026 09:07:00, ,700.4350962,93.39134686, , , ,0.618461538,0.540865394, ,-248.7944712,-2355.634615,2056.076923,150.6461546,136.4538469, , 
20.08.2026 09:08:00, , , , , , , , ,1578.384615, , , , , , , 
20.08.2026 09:09:00, , , , , , , , , , , , , , , , 
20.08.2026 09:11:00, , , , , ,57.93076941, , , , , , , , , , 
20.08.2026 09:12:00, , , ,58.49230781,66.92307692, , , , , , , , , , , 
20.08.2026 09:15:00, , , , , , , , , , , , , , , , 
20.08.2026 09:19:00,0.040625, , , , , , , , , , , , , , , 
20.08.2026 09:20:00, ,700.4927885,93.39903905, , , ,0.59413461,0.549326924, ,-260.5204327,-2306.605769,1989.923077,150.3538454,135.653845, , 
20.08.2026 09:21:00, , , , , , , , ,1576.692308, , , , , , , 
20.08.2026 09:22:00, , , , , , , , , , , , , , , , 
20.08.2026 09:24:00, , , , , ,58.27692267, , , , , , , , , , 
20.08.2026 09:25:00, , , ,58.60769213,66.73076982, , , , , , , , , , , 
20.08.2026 09:28:00, , , , , , , , , , , , , , , , 
20.08.2026 09:30:00, , , , , , , , , , , , , , , , 
20.08.2026 09:33:00,0.026988636,700.3683894,93.38245216, , , ,0.550336542,0.5398077, ,-261.8581731,-2304.019231,2050,150.6615401,135.7923068, , 
20.08.2026 09:34:00, , , , , , , , ,1578.384615, , , , , , , 
20.08.2026 09:35:00, , , , , , , , , , , , , , , , 
20.08.2026 09:37:00, , , , , ,58.11538432, , , , , , , , , , 
20.08.2026 09:38:00, , , ,58.83076976,66.6769239, , , , , , , , , , , 
20.08.2026 09:41:00, , , , , , , , , , , , , , , , 
20.08.2026 09:45:00, , , , , , , , , , , , , , , , 
20.08.2026 09:46:00,0.036931818,700.2890625,93.37187606, , , ,0.598557685,0.533605768, ,-261.5372596,-2404.307692,2090.615385,149.892307,135.0923063, , 
20.08.2026 09:47:00, , , , , , , , ,1587.076923, , , , , , , 
20.08.2026 09:48:00, , , , , , , , , , , , , , , , 
20.08.2026 09:50:00, , , , , ,58.00000029, , , , , , , , , , 
20.08.2026 09:51:00, , , ,59.01538409,67.09230746, , , , , , , , , , , 
20.08.2026 09:54:00, , , , , , , , , , , , , , , , 
20.08.2026 09:59:00, ,700.2169471,93.36226067, , , ,0.560048076,0.528846149, ,-268.2692308,-2270.298077,2087.384615,151.4307697,135.7384585, , 
20.08.2026 10:00:00,0.0296875, , , , , , , ,1578.076923, , , , , , , 
20.08.2026 10:01:00, , , , , , , , , , , , , , , , 
20.08.2026 10:03:00, , , , , ,57.92307722, , , , , , , , , , 
20.08.2026 10:04:00, , , ,59.19230769,66.63077017, , , , , , , , , , , 
20.08.2026 10:07:00, , , , , , , , , , , , , , , , 
20.08.2026 10:12:00, ,700.4080529,93.3877405, , , ,0.517211534,0.538028843, ,-241.1177885,-2328.980769,2085.833333,152.1461534,136.4846144, , 
20.08.2026 10:13:00,0.027901786, , , , , , , ,1583.153846, , , , , , , 
20.08.2026 10:14:00, , , , , , , , , , , , , , , , 
20.08.2026 10:15:00, , , , , , , , , , , , , , , , 
20.08.2026 10:16:00, , , , , ,57.91538532, , , , , , , , , , 
20.08.2026 10:17:00, , , ,59.19230769,66.60000023, , , , , , , , , , , 
20.08.2026 10:20:00, , , , , , , , , , , , , , , , 
20.08.2026 10:25:00, ,700.3972356,93.38629913, , , ,0.506057687,0.531009619, ,-186.9338942,-2282.846154, ,152.0076904,136.5153832, , 
20.08.2026 10:26:00,0.03125, , , , , , , ,1570.384615, , , , , , , 
20.08.2026 10:27:00, , , , , , , , , , , , , , , , 
20.08.2026 10:28:00, , , , , , , , , , , ,1600, , , , 
20.08.2026 10:29:00, , , , , ,58.14615367, , , , , , , , , , 
20.08.2026 10:30:00, , , ,59.369231,66.83846166, , , , , , , , , , , 
20.08.2026 10:33:00, , , , , , , , , , , , , , , , 
20.08.2026 10:38:00, ,700.3233173,93.37644313, , , ,0.502355768,0.516538469, ,-1.514423077,-2310.317308, ,152.523076,137.1307678, , 
20.08.2026 10:39:00,0.022836538, , , , , , , ,1573.923077, , , , , , , 
20.08.2026 10:40:00, , , , , , , , , , , , , , , , 
20.08.2026 10:42:00, , , , , ,58.40769284, , , , , , , , , , 
20.08.2026 10:43:00, , , ,59.60769243,66.96923006, , , , , , ,1600, , , , 
20.08.2026 10:44:00, , , , , , , , , , , , , , , , 
20.08.2026 10:45:00, , , , , , , , , , , , , , , , 
20.08.2026 10:46:00, , , , , , , , , , , , , , , , 
20.08.2026 10:51:00, ,700.2710337,93.36947221, , , ,0.491442302,0.524519239, ,-30.88701923,-2299.855769, ,153.8153827,137.8846142, , 
20.08.2026 10:52:00,0.022836538, , , , , , , ,1572.230769, , , , , , , 
20.08.2026 10:53:00, , , , , , , , , , , , , , , , 
20.08.2026 10:55:00, , , , , ,58.53846066, , , , , , , , , , 
20.08.2026 10:56:00, , , ,59.81538479,67.28461574, , , , , , , , , , , 
20.08.2026 10:58:00, , , , , , , , , , , ,1600, , , , 
20.08.2026 10:59:00, , , , , , , , , , , , , , , , 
20.08.2026 11:00:00, , , , , , , , , , , , , , , , 
20.08.2026 11:04:00, ,700.5018029,93.40024156, , , ,0.479423074,0.523173075, ,-37.32331731,-2328.740385, ,153.4461529,137.4384625, , 
20.08.2026 11:05:00,0.033854167, , , , , , , ,1564.307692, , , , , , , 
20.08.2026 11:06:00, , , , , , , , , , , , , , , , 
20.08.2026 11:08:00, , , , , ,58.61538403, , , , , , , , , , 
20.08.2026 11:09:00, , , ,59.90769196,67.52307598, , , , , , , , , , , 
20.08.2026 11:12:00, , , , , , , , , , , , , , , , 
20.08.2026 11:15:00, , , , , , , , , , , ,1600, , , , 
20.08.2026 11:17:00, ,700.4080529,93.38774168, , , ,0.456346157,0.507067316, ,-473.9855769,-2578.980769, ,158.9076914,140.4230757, , 
20.08.2026 11:18:00,0.0296875, , , , , , , ,1546.461538, , , , , , , 
20.08.2026 11:19:00, , , , , , , , , , , , , , , , 
20.08.2026 11:21:00, , , , , ,58.68461521, , , , , , , , , , 
20.08.2026 11:22:00, , , ,59.79230763,67.57692249, , , , , , , , , , , 
20.08.2026 11:25:00, , , , , , , , , , , , , , , , 
20.08.2026 11:30:00, ,653.3383413,87.11177943, , , ,0.571826926,0.435144227, ,-175.1105769,-2193.326923,1600,153.0307699,138.6307678, , 
20.08.2026 11:31:00,0.037109375, , , , , , , ,1256.769231, , , , , , , 
20.08.2026 11:32:00, , , , , , , , , , , , , , , , 
20.08.2026 11:34:00, , , , , ,58.56923118, , , , , , , , , , 
20.08.2026 11:35:00, , , ,58.31538479,66.97692343, , , , , , , , , , , 
20.08.2026 11:38:00, , , , , , , , , , , , , , , , 
20.08.2026 11:43:00, ,657.2469952,87.6329334, , , ,0.567596154,0.436346157, ,-42.71033654,-2081.913462, ,155.9230769,139.4000021, , 
20.08.2026 11:44:00,0.025390625, , , , , , , ,1304.538462, , , , , , , 
20.08.2026 11:45:00, , , , , , , , , , , ,1600, , , , 
20.08.2026 11:47:00, , , , , ,58.32307698, , , , , , , , , , 
20.08.2026 11:48:00, , , ,57.8076926,66.36153999, , , , , , , , , , , 
20.08.2026 11:51:00, , , , , , , , , , , , , , , , 
20.08.2026 11:56:00, ,665.3960337,88.71947186, , , ,0.502355775,0.441442315, ,15.51923077,-2005.730769, ,154.9230781,140.2692319, , 
20.08.2026 11:57:00,0.032986111, , , , , , , ,1343.923077, , , , , , , 
20.08.2026 11:58:00, , , , , , , , , , , , , , , , 
20.08.2026 11:59:00, , , , , , , , , , , ,1600, , , , 
20.08.2026 12:00:00, , , , , ,58.1923074, , , , , , , , , , 
20.08.2026 12:01:00, , , ,57.92307663,66.22307704, , , , , , , , , , , 
20.08.2026 12:04:00, , , , , , , , , , , , , , , , 
20.08.2026 12:09:00, ,665.5060096,88.73413614, , , ,0.508076927,0.448076924, ,8.917067308,-2094.826923, ,147.5769231,136.0307711, , 
20.08.2026 12:10:00, , , , , , , , ,1355.615385, , , , , , , 
20.08.2026 12:11:00,0.03125, , , , , , , , , , , , , , , 
20.08.2026 12:12:00, , , , , , , , , , , ,2128, , , , 
20.08.2026 12:13:00, , , , , ,58.19999988, , , , , , , , , , 
20.08.2026 12:14:00, , , ,58.02307657,66.23846142, , , , , , , , , , , 
20.08.2026 12:15:00, , , , , , , , , , , , , , , , 
20.08.2026 12:17:00, , , , , , , , , , , , , , , , 
20.08.2026 12:22:00, ,665.4573317,88.72764587, , , ,0.533942317,0.445480768, ,-2.978365385,-2174.173077, ,172.1615401,149.1923065, , 
20.08.2026 12:23:00, , , , , , , , ,1322.230769, , , , , , , 
20.08.2026 12:24:00,0.032986111, , , , , , , , , , , , , , , 
20.08.2026 12:25:00, , , , , , , , , , , ,2037.153846, , , , 
20.08.2026 12:26:00, , , , , ,58.17692331, , , , , , , , , , 
20.08.2026 12:27:00, , , ,57.84615355,66.16153834, , , , , , , , , , , 
20.08.2026 12:30:00, , , , , , , , , , , , , , , , 
20.08.2026 12:35:00, ,670.7830529,89.43774121, , , ,0.486538465,0.457980768, ,17.72235577,-2067.480769, ,172.3307706,158.4846144, , 
20.08.2026 12:36:00, , , , , , , , ,1340.076923, , , , , , , 
20.08.2026 12:37:00,0.032986111, , , , , , , , , , , , , , , 
20.08.2026 12:38:00, , , , , , , , , , , ,2033.538462, , , , 
20.08.2026 12:39:00, , , , , ,58.19230769, , , , , , , , , , 
20.08.2026 12:40:00, , , ,57.63846177,66.31538626, , , , , , , , , , , 
20.08.2026 12:43:00, , , , , , , , , , , , , , , , 
20.08.2026 12:45:00, , , , , , , , , , , , , , , , 
20.08.2026 12:48:00, ,688.0673077,91.7423084, , , ,0.44331731,0.490673079, ,13.33052885,-2234.625, ,166.4846121,152.7153837, , 
20.08.2026 12:49:00, , , , , , , , ,1455.769231, , , , , , , 
20.08.2026 12:50:00,0.032986111, , , , , , , , , , , , , , , 
20.08.2026 12:51:00, , , , , , , , , , , ,2191.384615, , , , 
20.08.2026 12:52:00, , , , , ,58.32307669, , , , , , , , , , 
20.08.2026 12:53:00, , , ,58.35384574,66.47692343, , , , , , , , , , , 
20.08.2026 12:56:00, , , , , , , , , , , , , , , , 
20.08.2026 13:00:00, , , , , , , , , , , , , , , , 
20.08.2026 13:01:00, ,693.6526442,92.48701947, , , ,0.443317306,0.495769237, ,-36.16947115,-2252.403846, ,158.9384613,146.8153851, , 
20.08.2026 13:02:00, , , , , , , , ,1506.384615, , , , , , , 
20.08.2026 13:03:00,0.040625, , , , , , , , , , , , , , , 
20.08.2026 13:04:00, , , , , , , , , , , ,2218.153846, , , , 
20.08.2026 13:05:00, , , , , ,58.56153811, , , , , , , , , , 
20.08.2026 13:06:00, , , ,58.91538473,66.5615387, , , , , , , , , , , 
20.08.2026 13:09:00, , , , , , , , , , , , , , , , 
20.08.2026 13:14:00, ,693.4723558,92.462981, , , ,0.456009615,0.501442315, ,-34.17908654,-2293.875, ,157.9384601,144.3230767, , 
20.08.2026 13:15:00, , , , , , , , ,1510.538462, , , , , , , 
20.08.2026 13:16:00,0.0296875, , , , , , , , , , , , , , , 
20.08.2026 13:17:00, , , , , , , , , , , ,2269.769231, , , , 
20.08.2026 13:18:00, , , , , ,58.85384633, , , , , , , , , , 
20.08.2026 13:19:00, , , ,59.44615496,66.72307645, , , , , , , , , , , 
20.08.2026 13:22:00, , , , , , , , , , , , , , , , 
20.08.2026 13:27:00, ,693.4867788,92.46490479, , , ,0.455673076,0.506586529, ,-9.180288462,-2277.403846, ,158.6692305,143.8615371, , 
20.08.2026 13:28:00, , , , , , , , ,1525.615385, , , , , , , 
20.08.2026 13:29:00,0.0296875, , , , , , , , , , , , , , , 
20.08.2026 13:30:00, , , , , , , , , , , ,2250.692308, , , , 
20.08.2026 13:31:00, , , , , ,58.98461562, , , , , , , , , , 
20.08.2026 13:32:00, , , ,59.67692331,67.38461538, , , , , , , , , , , 
20.08.2026 13:35:00, , , , , , , , , , , , , , , , 
20.08.2026 13:40:00, ,693.593149,92.47908724, , , ,0.435721152,0.500048078, ,-88.43509615,-2318.384615, ,157.6692317,143.4153865, , 
20.08.2026 13:41:00, , , , , , , , ,1530.153846, , , , , , , 
20.08.2026 13:42:00,0.040625, , , , , , , , , , , , , , , 
20.08.2026 13:43:00, , , , , , , , , , , ,2256.461538, , , , 
20.08.2026 13:44:00, , , , , ,59.07692337, , , , , , , , , , 
20.08.2026 13:45:00, , , ,59.88461597,68.09999906, , , , , , , , , , , 
20.08.2026 13:48:00, , , , , , , , , , , , , , , , 
20.08.2026 13:53:00, ,693.499399,92.46658619, , , ,0.441778846,0.493461545, ,-77.02283654,-2349.528846, ,155.715386,141.19231, , 
20.08.2026 13:54:00, , , , , , , , ,1512.230769, , , , , , , 
20.08.2026 13:55:00,0.0296875, , , , , , , , , , , , , , , 
20.08.2026 13:56:00, , , , , , , , , , , ,2255.307692, , , , 
20.08.2026 13:57:00, , , , , ,59.21538456, , , , , , , , , , 
20.08.2026 13:58:00, , , ,60.21538426,68.36923159, , , , , , , , , , , 
20.08.2026 14:00:00, , , , , , , , , , , , , , , , 
20.08.2026 14:01:00, , , , , , , , , , , , , , , , 
20.08.2026 14:06:00, ,693.8076923,92.50769278, , , ,0.433269226,0.491971158, ,-34.24399038,-2304.086538, ,158.6461534,142.1076954, , 
20.08.2026 14:07:00, , , , , , , , ,1517.307692, , , , , , , 
20.08.2026 14:08:00, , , , , , , , , , , , , , , , 
20.08.2026 14:09:00,0.026988636, , , , , , , , , , ,2173.923077, , , , 
20.08.2026 14:10:00, , , , , ,59.1846155, , , , , , , , , , 
20.08.2026 14:11:00, , , ,60.1923074,68.63846119, , , , , , , , , , , 
20.08.2026 14:14:00, , , , , , , , , , , , , , , , 
20.08.2026 14:15:00, , , , , , , , , , , , , , , , 
20.08.2026 14:19:00, ,693.6670673,92.48894325, , , ,0.430000003,0.494038465, ,-79.79206731,-2290.173077, ,162.2999972,144.5692303, , 
20.08.2026 14:20:00, , , , , , , , ,1500.615385, , , , , , , 
20.08.2026 14:21:00, , , , , , , , , , , , , , , , 
20.08.2026 14:22:00,0.040625, , , , , , , , , , ,2241.461538, , , , 
20.08.2026 14:23:00, , , , , ,59.30000041, , , , , , , , , , 
20.08.2026 14:24:00, , , ,60.29999982,69.12307681, , , , , , , , , , , 
20.08.2026 14:27:00, , , , , , , , , , , , , , , , 
20.08.2026 14:30:00, , , , , , , , , , , , , , , , 
20.08.2026 14:32:00, ,693.827524,92.51033724, , , ,0.441394233,0.494471158, ,-64.04206731,-2306.288462, ,161.2538464,143.6153823, , 
20.08.2026 14:33:00, , , , , , , , ,1515.923077, , , , , , , 
20.08.2026 14:34:00, , , , , , , , , , , , , , , , 
20.08.2026 14:35:00,0.0296875, , , , , , , , , , ,2176.538462, , , , 
20.08.2026 14:36:00, , , , , ,59.50000029, , , , , , , , , , 
20.08.2026 14:37:00, , , ,60.46923095,69.31538508, , , , , , , , , , , 
20.08.2026 14:40:00, , , , , , , , , , , , , , , , 
20.08.2026 14:45:00, ,693.6923077,92.4923084, , , ,0.439278846,0.494326926, ,17.73677885,-2275.115385, ,160.353849,142.5384639, , 
20.08.2026 14:46:00, , , , , , , , ,1521.923077, , , , , , , 
20.08.2026 14:47:00, , , , , , , , , , , , , , , , 
20.08.2026 14:48:00, , , , , , , , , , , ,2324.615385, , , , 
20.08.2026 14:49:00,0.0296875, , , , ,59.59999965, , , , , , , , , , 
20.08.2026 14:50:00, , , ,60.55384651,69.38461538, , , , , , , , , , , 
20.08.2026 14:53:00, , , , , , , , , , , , , , , , 
20.08.2026 14:58:00, ,669.9897837,89.33197198, , , ,0.487067305,0.439663461, ,17.69350962,-2234.096154, ,179.6999993,155.415383, , 
20.08.2026 14:59:00, , , , , , , , ,1329.692308, , , , , , , 
20.08.2026 15:00:00, , , , , , , , , , , , , , , , 
20.08.2026 15:01:00, , , , , , , , , , , ,2239.692308, , , , 
20.08.2026 15:02:00,0.032986111, , , , ,59.59230746, , , , , , , , , , 
20.08.2026 15:03:00, , , ,59.85384574,68.75384639, , , , , , , , , , , 
20.08.2026 15:06:00, , , , , , , , , , , , , , , , 
20.08.2026 15:11:00, ,665.7439904,88.76586621, , , ,0.494471156,0.423269233, ,-189.3461538,-2200.836538, ,178.0846194,163.8307706, , 
20.08.2026 15:12:00, , , , , , , , ,1308.076923, , , , , , , 
20.08.2026 15:13:00, , , , , , , , , , , , , , , , 
20.08.2026 15:14:00, , , , , , , , , , , ,1852.923077, , , , 
20.08.2026 15:15:00, , , , , ,59.40769254, , , , , , , , , , 
20.08.2026 15:16:00,0.034722222, , ,59.16923053,68.39999918, , , , , , , , , , , 
20.08.2026 15:19:00, , , , , , , , , , , , , , , , 
20.08.2026 15:24:00, ,665.688101,88.75841464, , , ,0.493221157,0.419711542, ,-540.140625,-2214.105769, ,173.5076928,163.4923072, , 
20.08.2026 15:25:00, , , , , , , , ,1307.846154, , , , , , , 
20.08.2026 15:26:00, , , , , , , , , , , , , , , , 
20.08.2026 15:27:00, , , , , , , , , , , ,1657.384615, , , , 
20.08.2026 15:28:00, , , , , ,59.43846189, , , , , , , , , , 
20.08.2026 15:29:00, , , ,58.99230752,67.46923065, , , , , , , , , , , 
20.08.2026 15:30:00,0.032986111, , , , , , , , , , , , , , , 
20.08.2026 15:32:00, , , , , , , , , , , , , , , , 
20.08.2026 15:37:00, ,665.7079327,88.76105851, , , ,0.501586536,0.428653841, ,-555.3245192,-2205.259615, ,170.7999995,162.0384615, , 
20.08.2026 15:38:00, , , , , , , , ,1319.461538, , , , , , , 
20.08.2026 15:39:00, , , , , , , , , , , , , , , , 
20.08.2026 15:40:00, , , , , , , , , , , ,1673, , , , 
20.08.2026 15:41:00, , , , , ,59.56153899, , , , , , , , , , 
20.08.2026 15:42:00, , , ,58.92307751,67.37692437, , , , , , , , , , , 
20.08.2026 15:43:00,0.032986111, , , , , , , , , , , , , , , 
20.08.2026 15:45:00, , , , , , , , , , , , , , , , 
20.08.2026 15:50:00, ,665.8179087,88.77572221, , , ,0.502403846,0.428173079, ,-570.0865385,-2240.846154, ,169.1846149,161.1538473, , 
20.08.2026 15:51:00, , , , , , , , ,1319.307692, , , , , , , 
20.08.2026 15:52:00, , , , , , , , , , , , , , , , 
20.08.2026 15:53:00, , , , , , , , , , , ,1668, , , , 
20.08.2026 15:54:00, , , , , ,59.55384592, , , , , , , , , , 
20.08.2026 15:55:00, , , ,59.08461585,67.14615396, , , , , , , , , , , 
20.08.2026 15:58:00,0.032986111, , , , , , , , , , , , , , , 
20.08.2026 16:00:00, , , , , , , , , , , , , , , , 
20.08.2026 16:03:00, ,665.7079327,88.7610591, , , ,0.521346152,0.429230763, ,-569.3473558,-2251.346154, ,168.1384606,160.3846142, , 
20.08.2026 16:04:00, , , , , , , , ,1304.230769, , , , , , , 
20.08.2026 16:05:00, , , , , , , , , , , , , , , , 
20.08.2026 16:06:00, , , , , , , , , , , ,1688.307692, , , , 
20.08.2026 16:07:00, , , , , ,59.97692255, , , , , , , , , , 
20.08.2026 16:08:00, , , ,59.07692249,66.86153823, , , , , , , , , , , 
20.08.2026 16:11:00,0.032986111, , , , , , , , , , , , , , , 
20.08.2026 16:15:00, , , , , , , , , , , , , , , , 
20.08.2026 16:16:00, ,666.0360577,88.80480781, , , ,0.499471153,0.435192308, ,-558.8112981,-2251.913462, ,166.6230739,159.3538466, , 
20.08.2026 16:17:00, , , , , , , , ,1328, , , , , , , 
20.08.2026 16:18:00, , , , , , , , , , , , , , , , 
20.08.2026 16:19:00, , , , , , , , , , , ,1739.769231, , , , 
20.08.2026 16:20:00, , , , , ,59.96923095, , , , , , , , , , 
20.08.2026 16:21:00, , , ,59.23846113,66.73846142, , , , , , , , , , , 
20.08.2026 16:24:00,0.034722222, , , , , , , , , , , , , , , 
20.08.2026 16:29:00, ,666.046875,88.80625035, , , ,0.491442304,0.446778845, ,-579.4182692,-2210.817308, ,165.6384606,158.3615371, , 
20.08.2026 16:30:00, , , , , , , , ,1338.846154, , , , , , , 
20.08.2026 16:31:00, , , , , , , , , , , , , , , , 
20.08.2026 16:32:00, , , , , , , , , , , ,1689.846154, , , , 
20.08.2026 16:33:00, , , , , ,60.17692272, , , , , , , , , , 
20.08.2026 16:34:00, , , ,59.27692325,66.57692366, , , , , , , , , , , 
20.08.2026 16:37:00, , , , , , , , , , , , , , , , 
20.08.2026 16:38:00,0.032986111, , , , , , , , , , , , , , , 
20.08.2026 16:42:00, ,665.9891827,88.79855875, , , ,0.497355766,0.434711546, ,-569.5961538,-2247.817308, ,164.9769217,157.7230788, , 
20.08.2026 16:43:00, , , , , , , , ,1327.692308, , , , , , , 
20.08.2026 16:44:00, , , , , , , , , , , , , , , , 
20.08.2026 16:45:00, , , , , , , , , , , ,1726, , , , 
20.08.2026 16:46:00, , , , , ,60.0692303, , , , , , , , , , 
20.08.2026 16:47:00, , , ,59.37692319,66.76153858, , , , , , , , , , , 
20.08.2026 16:50:00, , , , , , , , , , , , , , , , 
20.08.2026 16:51:00,0.032986111, , , , , , , , , , , , , , , 
20.08.2026 16:55:00, ,683.4356971,91.12476055, , , ,0.461682696,0.477932689, ,-260.3329327,-2149.057692, ,157.3999986,153.1230762, , 
20.08.2026 16:56:00, , , , , , , , ,1466.076923, , , , , , , 
20.08.2026 16:57:00, , , , , , , , , , , , , , , , 
20.08.2026 16:58:00, , , , , , , , , , , ,1904.384615, , , , 
20.08.2026 16:59:00, , , , , ,60.12307622, , , , , , , , , , 
20.08.2026 17:00:00, , , ,59.91538473,67.24615361, , , , , , , , , , , 
20.08.2026 17:03:00, , , , , , , , , , , , , , , , 
20.08.2026 17:04:00,0.040625, , , , , , , , , , , , , , , 
20.08.2026 17:08:00, ,694.2277644,92.56370251, , , ,0.430096154,0.484038458, ,-453.8942308,-2269.336538, ,142.5846135,138.9076902, , 
20.08.2026 17:09:00, , , , , , , , ,1529.846154, , , , , , , 
20.08.2026 17:10:00, , , , , , , , , , , , , , , , 
20.08.2026 17:11:00, , , , , , , , , , , ,1793.384615, , , , 
20.08.2026 17:12:00, , , , , ,60.40769254, , , , , , , , , , 
20.08.2026 17:13:00, , , ,60.95384568,67.40000094, , , , , , , , , , , 
20.08.2026 17:15:00, , , , , , , , , , , , , , , , 
20.08.2026 17:16:00, , , , , , , , , , , , , , , , 
20.08.2026 17:17:00,0.0296875, , , , , , , , , , , , , , , 
20.08.2026 17:21:00, ,693.8545673,92.51394301, , , ,0.434711541,0.49283654, ,-487.5144231,-2209.605769, ,147.4692301,135.1461546, , 
20.08.2026 17:22:00, , , , , , , , ,1534.769231, , , , , , , 
20.08.2026 17:23:00, , , , , , , , , , , , , , , , 
20.08.2026 17:24:00, , , , , , , , , , , ,1797, , , , 
20.08.2026 17:25:00, , , , , ,60.79230793, , , , , , , , , , 
20.08.2026 17:26:00, , , ,61.29230734,68.60000023, , , , , , , , , , , 
20.08.2026 17:29:00, , , , , , , , , , , , , , , , 
20.08.2026 17:30:00,0.0296875, , , , , , , , , , , , , , , 
20.08.2026 17:34:00, ,694.3179087,92.57572174, , , ,0.431442309,0.496778848, ,-452.2283654,-2181.990385, ,148.9769228,134.5461531, , 
20.08.2026 17:35:00, , , , , , , , ,1513.923077, , , , , , , 
20.08.2026 17:36:00, , , , , , , , , , , , , , , , 
20.08.2026 17:37:00, , , , , , , , , , , ,1729.615385, , , , 
20.08.2026 17:38:00, , , , , ,60.99230781, , , , , , , , , , 
20.08.2026 17:39:00, , , ,61.60769154,69.73076923, , , , , , , , , , , 
20.08.2026 17:42:00, , , , , , , , , , , , , , , , 
20.08.2026 17:43:00,0.040625, , , , , , , , , , , , , , , 
20.08.2026 17:45:00, , , , , , , , , , , , , , , , 
20.08.2026 17:47:00, ,694.2728365,92.56971213, , , ,0.44134615,0.496586538, ,-461.7259615,-2237.105769, ,148.0000023,133.0538483, , 
20.08.2026 17:48:00, , , , , , , , ,1544.230769, , , , , , , 
20.08.2026 17:49:00, , , , , , , , , , , , , , , , 
20.08.2026 17:50:00, , , , , , , , , , , ,1759.615385, , , , 
20.08.2026 17:51:00, , , , , ,61.04615344, , , , , , , , , , 
20.08.2026 17:52:00, , , ,61.79230793,70.3153845, , , , , , , , , , , 
20.08.2026 17:55:00, , , , , , , , , , , , , , , , 
20.08.2026 17:56:00,0.0296875, , , , , , , , , , , , , , , 
20.08.2026 18:00:00, ,694.1069712,92.54759686, , , ,0.436971153,0.49764423, ,-495.3605769,-2249.057692, ,147.715386,132.2923079, , 
20.08.2026 18:01:00, , , , , , , , ,1538.307692, , , , , , , 
20.08.2026 18:02:00, , , , , , , , , , , , , , , , 
20.08.2026 18:03:00, , , , , , , , , , , ,1792.153846, , , , 
20.08.2026 18:04:00, , , , , ,61.0615384, , , , , , , , , , 
20.08.2026 18:05:00, , , ,62.01538467,70.73076982, , , , , , , , , , , 
20.08.2026 18:08:00, , , , , , , , , , , , , , , , 
20.08.2026 18:09:00,0.0296875, , , , , , , , , , , , , , , 
20.08.2026 18:13:00, ,694.3575721,92.58101008, , , ,0.446346159,0.505576925, ,-400.359375,-2125.442308, ,151.4538469,133.7615403, , 
20.08.2026 18:14:00, , , , , , , , ,1527.923077, , , , , , , 
20.08.2026 18:15:00, , , , , , , , , , , , , , , , 
20.08.2026 18:16:00, , , , , , , , , , , ,1768.615385, , , , 
20.08.2026 18:17:00, , , , , ,61.15384645, , , , , , , , , , 
20.08.2026 18:18:00, , , ,61.69999988,70.65384733, , , , , , , , , , , 
20.08.2026 18:21:00, , , , , , , , , , , , , , , , 
20.08.2026 18:22:00,0.040625, , , , , , , , , , , , , , , 
20.08.2026 18:26:00, ,694.1971154,92.5596155, , , ,0.419855771,0.491105777, ,-400.0709135,-2232.605769, ,154.2923056,136.2153849, , 
20.08.2026 18:27:00, , , , , , , , ,1515.846154, , , , , , , 
20.08.2026 18:28:00, , , , , , , , , , , , , , , , 
20.08.2026 18:29:00, , , , , , , , , , , ,1835.461538, , , , 
20.08.2026 18:30:00, , , , , ,61.04615373, , , , , , , , , , 
20.08.2026 18:31:00, , , ,61.35384604,70.78461574, , , , , , , , , , , 
20.08.2026 18:34:00, , , , , , , , , , , , , , , , 
20.08.2026 18:35:00,0.032986111, , , , , , , , , , , , , , , 
20.08.2026 18:39:00, ,694.2746394,92.56995274, , , ,0.44019231,0.497019229, ,-331.5180288,-2152.884615, ,155.4692312,136.9000009, , 
20.08.2026 18:40:00, , , , , , , , ,1495.923077, , , , , , , 
20.08.2026 18:41:00, , , , , , , , , , , , , , , , 
20.08.2026 18:42:00, , , , , , , , , , , ,1803.461538, , , , 
20.08.2026 18:43:00, , , , , ,60.93846189, , , , , , , , , , 
20.08.2026 18:44:00, , , ,61.09230746,71.23846083, , , , , , , , , , , 
20.08.2026 18:45:00, , , , , , , , , , , , , , , , 
20.08.2026 18:47:00, , , , , , , , , , , , , , , , 
20.08.2026 18:49:00,0.026988636, , , , , , , , , , , , , , , 
20.08.2026 18:52:00, ,694.141226,92.55216452, , , ,0.424711537,0.500528849, ,-345.2199519,-2130.548077, ,153.2461536,136.2307704, , 
20.08.2026 18:53:00, , , , , , , , ,1506, , , , , , , 
20.08.2026 18:54:00, , , , , , , , , , , , , , , , 
20.08.2026 18:55:00, , , , , , , , , , , ,1804, , , , 
20.08.2026 18:56:00, , , , , ,60.83846136, , , , , , , , , , 
20.08.2026 18:57:00, , , ,60.82307669,71.42307692, , , , , , , , , , , 
20.08.2026 19:00:00, , , , , , , , , , , , , , , , 
20.08.2026 19:02:00,0.036931818, , , , , , , , , , , , , , , 
20.08.2026 19:05:00, ,694.2908654,92.57211656, , , ,0.436153852,0.503124996, ,-318.8257212,-2092.846154, ,153.1846173,135.3999998, , 
20.08.2026 19:06:00, , , , , , , , ,1517.538462, , , , , , , 
20.08.2026 19:07:00, , , , , , , , , , , , , , , , 
20.08.2026 19:08:00, , , , , , , , , , , ,1801.384615, , , , 
20.08.2026 19:09:00, , , , , ,60.8153845, , , , , , , , , , 
20.08.2026 19:10:00, , , ,60.5,71.35384604, , , , , , , , , , , 
20.08.2026 19:13:00, , , , , , , , , , , , , , , , 
20.08.2026 19:15:00,0.0296875, , , , , , , , , , , , , , , 
20.08.2026 19:18:00, ,694.2692308,92.56923089, , , ,0.434471158,0.5060577, ,-315.8221154,-2129.076923, ,153.8846154,135.6076942, , 
20.08.2026 19:19:00, , , , , , , , ,1510.384615, , , , , , , 
20.08.2026 19:20:00, , , , , , , , , , , , , , , , 
20.08.2026 19:21:00, , , , , , , , , , , ,1806.076923, , , , 
20.08.2026 19:22:00, , , , , ,60.58461556, , , , , , , , , , 
20.08.2026 19:23:00, , , ,60.17692272,71.34615502, , , , , , , , , , , 
20.08.2026 19:26:00, , , , , , , , , , , , , , , , 
20.08.2026 19:29:00,0.0296875, , , , , , , , , , , , , , , 
20.08.2026 19:30:00, , , , , , , , , , , , , , , , 
20.08.2026 19:31:00, ,694.0889423,92.5451936, , , ,0.436105767,0.502692314, ,-321.09375,-2182.490385, ,151.5923086,134.6230786, , 
20.08.2026 19:32:00, , , , , , , , ,1513.692308, , , , , , , 
20.08.2026 19:33:00, , , , , , , , , , , , , , , , 
20.08.2026 19:34:00, , , , , , , , , , , ,1818.615385, , , , 
20.08.2026 19:35:00, , , , , ,60.46153905, , , , , , , , , , 
20.08.2026 19:36:00, , , ,59.9384616,71.16922995, , , , , , , , , , , 
20.08.2026 19:39:00, , , , , , , , , , , , , , , , 
20.08.2026 19:42:00,0.040625, , , , , , , , , , , , , , , 
20.08.2026 19:44:00, ,694.2890625,92.57187653, , , ,0.431923075,0.498653843, ,-311.8269231,-2146.826923, ,152.7846128,134.5461555, , 
20.08.2026 19:45:00, , , , , , , , ,1507.384615, , , , , , , 
20.08.2026 19:46:00, , , , , , , , , , , , , , , , 
20.08.2026 19:47:00, , , , , , , , , , , ,1767.076923, , , , 
20.08.2026 19:48:00, , , , , ,60.26153799, , , , , , , , , , 
20.08.2026 19:49:00, , , ,59.82307639,71.16153717, , , , , , , , , , , 
20.08.2026 19:52:00, , , , , , , , , , , , , , , , 
20.08.2026 19:55:00,0.0296875, , , , , , , , , , , , , , , 
20.08.2026 19:57:00, ,694.1322115,92.55096259, , , ,0.418221155,0.503173078, ,-325.2475962,-2104.5, ,154.2461524,135.4769264, , 
20.08.2026 19:58:00, , , , , , , , ,1513.307692, , , , , , , 
20.08.2026 19:59:00, , , , , , , , , , , , , , , , 
20.08.2026 20:00:00, , , , , , , , , , , ,1778, , , , 
20.08.2026 20:01:00, , , , , ,60.16153805, , , , , , , , , , 
20.08.2026 20:02:00, , , ,59.53846154,70.77692237, , , , , , , , , , , 
20.08.2026 20:05:00, , , , , , , , , , , , , , , , 
20.08.2026 20:08:00,0.0296875, , , , , , , , , , , , , , , 
20.08.2026 20:10:00, ,694.328726,92.57716428, , , ,0.433028847,0.505865381, ,-326.9098558,-2108.942308, ,153.7384608,135.7000005, , 
20.08.2026 20:11:00, , , , , , , , ,1512.692308, , , , , , , 
20.08.2026 20:12:00, , , , , , , , , , , , , , , , 
20.08.2026 20:13:00, , , , , , , , , , , ,1765.692308, , , , 
20.08.2026 20:14:00, , , , , ,60.10769213, , , , , , , , , , 
20.08.2026 20:15:00, , , ,59.40769254,70.13077017, , , , , , , , , , , 
20.08.2026 20:18:00, , , , , , , , , , , , , , , , 
20.08.2026 20:21:00,0.040625, , , , , , , , , , , , , , , 
20.08.2026 20:23:00, ,693.9753606,92.53004749, , , ,0.452836541,0.498653845, ,-311.1706731,-2126.980769, ,151.6384606,134.584617, , 
20.08.2026 20:24:00, , , , , , , , ,1517.153846, , , , , , , 
20.08.2026 20:25:00, , , , , , , , , , , , , , , , 
20.08.2026 20:26:00, , , , , , , , , , , ,1810.153846, , , , 
20.08.2026 20:27:00, , , , , ,59.91538503, , , , , , , , , , 
20.08.2026 20:28:00, , , ,59.30769201,69.61538462, , , , , , , , , , , 
20.08.2026 20:30:00, , , , , , , , , , , , , , , , 
20.08.2026 20:31:00, , , , , , , , , , , , , , , , 
20.08.2026 20:34:00,0.032986111, , , , , , , , , , , , , , , 
20.08.2026 20:36:00, ,694.0114183,92.53485577, , , ,0.433509618,0.515865388, ,-323.3076923,-2157.865385, ,152.0230772,134.4923072, , 
20.08.2026 20:37:00, , , , , , , , ,1517.615385, , , , , , , 
20.08.2026 20:38:00, , , , , , , , , , , , , , , , 
20.08.2026 20:39:00, , , , , , , , , , , ,1757.461538, , , , 
20.08.2026 20:40:00, , , , , ,59.79230822, , , , , , , , , , 
20.08.2026 20:41:00, , , ,59.14615367,69.3153845, , , , , , , , , , , 
20.08.2026 20:44:00, , , , , , , , , , , , , , , , 
20.08.2026 20:45:00, , , , , , , , , , , , , , , , 
20.08.2026 20:48:00,0.026988636, , , , , , , , , , , , , , , 
20.08.2026 20:49:00, ,694.2169471,92.56225938, , , ,0.429375,0.508413459, ,-294.8473558,-2105.038462, ,151.7692319,134.7461536, , 
20.08.2026 20:50:00, , , , , , , , ,1512.384615, , , , , , , 
20.08.2026 20:51:00, , , , , , , , , , , , , , , , 
20.08.2026 20:52:00, , , , , , , , , , , ,1812.538462, , , , 
20.08.2026 20:53:00, , , , , ,59.67692272, , , , , , , , , , 
20.08.2026 20:54:00, , , ,58.8769229,69.06923089, , , , , , , , , , , 
20.08.2026 20:57:00, , , , , , , , , , , , , , , , 
20.08.2026 21:00:00, , , , , , , , , , , , , , , , 
20.08.2026 21:01:00,0.040625, , , , , , , , , , , , , , , 
20.08.2026 21:02:00, ,693.9753606,92.53004866, , , ,0.438413462,0.511009624, ,-311.0733173,-2162.259615, ,151.8769226,134.5692326, , 
20.08.2026 21:03:00, , , , , , , , ,1521.153846, , , , , , , 
20.08.2026 21:04:00, , , , , , , , , , , , , , , , 
20.08.2026 21:05:00, , , , , , , , , , , ,1845.461538, , , , 
20.08.2026 21:06:00, , , , , ,59.66153834, , , , , , , , , , 
20.08.2026 21:07:00, , , ,58.84615443,69.0615387, , , , , , , , , , , 
20.08.2026 21:10:00, , , , , , , , , , , , , , , , 
20.08.2026 21:14:00,0.0296875, , , , , , , , , , , , , , , 
20.08.2026 21:15:00, ,694.2331731,92.56442319, , , ,0.438028847,0.501923077, ,-307.7596154,-2122.144231, ,151.2923103,134.3923082, , 
20.08.2026 21:16:00, , , , , , , , ,1504.307692, , , , , , , 
20.08.2026 21:17:00, , , , , , , , , , , , , , , , 
20.08.2026 21:18:00, , , , , , , , , , , ,1869.692308, , , , 
20.08.2026 21:19:00, , , , , ,59.40769342, , , , , , , , , , 
20.08.2026 21:20:00, , , ,58.77692355,68.94615408, , , , , , , , , , , 
20.08.2026 21:23:00, , , , , , , , , , , , , , , , 
20.08.2026 21:28:00,0.0296875,693.8635817,92.51514435, , , ,0.414807693,0.507403848, ,-331.1033654,-2134.769231, ,152.492306,135.0461543, , 
20.08.2026 21:29:00, , , , , , , , ,1516.307692, , , , , , , 
20.08.2026 21:30:00, , , , , , , , , , , , , , , , 
20.08.2026 21:31:00, , , , , , , , , , , ,1823.461538, , , , 
20.08.2026 21:32:00, , , , , ,59.29230763, , , , , , , , , , 
20.08.2026 21:33:00, , , ,58.7461539,68.96153905, , , , , , , , , , , 
20.08.2026 21:36:00, , , , , , , , , , , , , , , , 
20.08.2026 21:41:00,0.040625,694.1790865,92.55721224, , , ,0.432932696,0.526634617, ,-312.2019231,-2105.692308, ,153.2692308,135.9538469, , 
20.08.2026 21:42:00, , , , , , , , ,1500.076923, , , , , , , 
20.08.2026 21:43:00, , , , , , , , , , , , , , , , 
20.08.2026 21:44:00, , , , , , , , , , , ,1805.230769, , , , 
20.08.2026 21:45:00, , , , , ,59.20000018, , , , , , , , , , 
20.08.2026 21:46:00, , , ,58.55384651,69.11538403, , , , , , , , , , , 
20.08.2026 21:49:00, , , , , , , , , , , , , , , , 
20.08.2026 21:54:00,0.0296875,693.8473558,92.51298171, , , ,0.432211539,0.499230775, ,-327.6995192,-2142.557692, ,151.9923072,135.392307, , 
20.08.2026 21:55:00, , , , , , , , ,1513.923077, , , , , , , 
20.08.2026 21:56:00, , , , , , , , , , , , , , , , 
20.08.2026 21:57:00, , , , , , , , , , , ,1831.846154, , , , 
20.08.2026 21:58:00, , , , , ,59.16153805, , , , , , , , , , 
20.08.2026 21:59:00, , , ,58.53846095,69.15384615, , , , , , , , , , , 
20.08.2026 22:00:00, , , , , , , , , , , , , , , , 
20.08.2026 22:02:00, , , , , , , , , , , , , , , , 
20.08.2026 22:07:00,0.0296875,693.9519231,92.52692355, , , ,0.42346154,0.505769232, ,-351.1911058,-2167.048077, ,151.9307685,134.9615396, , 
20.08.2026 22:08:00, , , , , , , , ,1520.538462, , , , , , , 
20.08.2026 22:09:00, , , , , , , , , , , , , , , , 
20.08.2026 22:10:00, , , , , , , , , , , ,1820.846154, , , , 
20.08.2026 22:11:00, , , , , ,59.03076905, , , , , , , , , , 
20.08.2026 22:12:00, , , ,58.44615349,69.28461574, , , , , , , , , , , 
20.08.2026 22:15:00, , , , , , , , , , , , , , , , 
20.08.2026 22:20:00,0.040625,694.0078125,92.53437688, , , ,0.420913465,0.512211536, ,-320.9747596,-2152.846154, ,152.1769233,135.5692315, , 
20.08.2026 22:21:00, , , , , , , , ,1520.846154, , , , , , , 
20.08.2026 22:22:00, , , , , , , , , , , , , , , , 
20.08.2026 22:23:00, , , , , , , , , , , ,1831.692308, , , , 
20.08.2026 22:24:00, , , , , ,59.03076935, , , , , , , , , , 
20.08.2026 22:25:00, , , ,58.33846195,69.09999965, , , , , , , , , , , 
20.08.2026 22:28:00, , , , , , , , , , , , , , , , 
20.08.2026 22:30:00, , , , , , , , , , , , , , , , 
20.08.2026 22:33:00,0.0296875,693.9933894,92.53245251, , , ,0.426298082,0.516298079, ,-350.5060096,-2104.567308, ,153.4923084,136.1923065, , 
20.08.2026 22:34:00, , , , , , , , ,1509.846154, , , , , , , 
20.08.2026 22:35:00, , , , , , , , , , , , , , , , 
20.08.2026 22:36:00, , , , , , , , , , , ,1769.846154, , , , 
20.08.2026 22:37:00, , , , , ,58.84615414, , , , , , , , , , 
20.08.2026 22:38:00, , , ,58.19230711,69.12307739, , , , , , , , , , , 
20.08.2026 22:41:00, , , , , , , , , , , , , , , , 
20.08.2026 22:45:00, , , , , , , , , , , , , , , , 
20.08.2026 22:46:00, ,693.8311298,92.51081907, , , ,0.409086532,0.499374995, ,-301.0961538,-2142.451923, ,153.5000023,136.6153846, , 
20.08.2026 22:47:00,0.0296875, , , , , , , ,1510.769231, , , , , , , 
20.08.2026 22:48:00, , , , , , , , , , , , , , , , 
20.08.2026 22:49:00, , , , , , , , , , , ,1826.769231, , , , 
20.08.2026 22:50:00, , , , , ,58.73846142, , , , , , , , , , 
20.08.2026 22:51:00, , , ,58.10769184,69.24615361, , , , , , , , , , , 
20.08.2026 22:54:00, , , , , , , , , , , , , , , , 
20.08.2026 22:59:00, ,693.827524,92.51033724, , , ,0.432259612,0.508413462, ,-335.7331731,-2119.759615, ,153.1846161,136.1384606, , 
20.08.2026 23:00:00,0.040625, , , , , , , ,1518.307692, , , , , , , 
20.08.2026 23:01:00, , , , , , , , , , , , , , , , 
20.08.2026 23:02:00, , , , , , , , , , , ,1836.307692, , , , 
20.08.2026 23:03:00, , , , , ,58.73846142, , , , , , , , , , 
20.08.2026 23:04:00, , , ,58.06153782,69.36153881, , , , , , , , , , , 
20.08.2026 23:07:00, , , , , , , , , , , , , , , , 
20.08.2026 23:12:00, ,693.84375,92.51249988, , , ,0.432307695,0.517067313, ,-260.4483173,-2122.490385, ,153.6692294,137.0769254, , 
20.08.2026 23:13:00,0.0296875, , , , , , , ,1501.769231, , , , , , , 
20.08.2026 23:14:00, , , , , , , , , , , , , , , , 
20.08.2026 23:15:00, , , , , , , , , , , ,1755.307692, , , , 
20.08.2026 23:16:00, , , , , ,58.77692325, , , , , , , , , , 
20.08.2026 23:17:00, , , ,58.06153782,69.26153858, , , , , , , , , , , 
20.08.2026 23:20:00, , , , , , , , , , , , , , , , 
20.08.2026 23:25:00, ,694.0240385,92.53653952, , , ,0.421298077,0.507259614, ,-306.1550481,-2077.375, ,153.19231,136.8153851, , 
20.08.2026 23:26:00, , , , , , , , ,1499.692308, , , , , , , 
20.08.2026 23:27:00,0.0296875, , , , , , , , , , , , , , , 
20.08.2026 23:28:00, , , , , , , , , , , ,1800.461538, , , , 
20.08.2026 23:29:00, , , , , ,58.84615385, , , , , , , , , , 
20.08.2026 23:30:00, , , ,57.97692284,69.28461515, , , , , , , , , , , 
20.08.2026 23:33:00, , , , , , , , , , , , , , , , 
20.08.2026 23:38:00, ,693.7229567,92.4963954, , , ,0.425625001,0.5185577, ,-314.9963942,-2135.355769, ,153.1615378,136.7307692, , 
20.08.2026 23:39:00, , , , , , , , ,1511.769231, , , , , , , 
20.08.2026 23:40:00,0.040625, , , , , , , , , , , , , , , 
20.08.2026 23:41:00, , , , , , , , , , , ,1838.923077, , , , 
20.08.2026 23:42:00, , , , , ,58.5692303, , , , , , , , , , 
20.08.2026 23:43:00, , , ,57.83846166,69.41538591, , , , , , , , , , , 
20.08.2026 23:45:00, , , , , , , , , , , , , , , , 
20.08.2026 23:46:00, , , , , , , , , , , , , , , , 
20.08.2026 23:51:00, ,693.8798077,92.51730816, , , ,0.435336542,0.51620192, ,-329.5384615,-2142.875, ,153.5846147,137.2923079, , 
20.08.2026 23:52:00, , , , , , , , ,1499.076923, , , , , , , 
20.08.2026 23:53:00,0.0296875, , , , , , , , , , , , , , , 
20.08.2026 23:54:00, , , , , , , , , , , ,1839.538462, , , , 
20.08.2026 23:55:00, , , , , ,58.46923065, , , , , , , , , , 
20.08.2026 23:56:00, , , ,57.57692308,69.39999977, , , , , , , , , , , 
20.08.2026 23:59:00, , , , , , , , , , , , , , , , 
21.08.2026 00:00:00, , , , , , , , , , , , , , , , 
21.08.2026 00:04:00, ,694.0384615,92.53846271, , , ,0.424471156,0.50173077, ,-266.4122596,-2114.653846, ,152.9307685,136.7461548, , 
21.08.2026 00:05:00, , , , , , , , ,1499.384615, , , , , , , 
21.08.2026 00:06:00, , , , , , , , , , , , , , , , 
21.08.2026 00:07:00,0.0296875, , , , , , , , , , ,1819.307692, , , , 
21.08.2026 00:08:00, , , , , ,58.28461515, , , , , , , , , , 
21.08.2026 00:09:00, , , ,57.34615385,69.41538473, , , , , , , , , , , 
21.08.2026 00:12:00, , , , , , , , , , , , , , , , 
21.08.2026 00:15:00, , , , , , , , , , , , , , , , 
21.08.2026 00:17:00, ,693.7716346,92.50288508, , , ,0.43365385,0.512163472, ,-297.421875,-2124.115385, ,156.892307,138.2923056, , 
21.08.2026 00:18:00, , , , , , , , ,1505.769231, , , , , , , 
21.08.2026 00:19:00, , , , , , , , , , , , , , , , 
21.08.2026 00:20:00,0.032986111, , , , , , , , , , ,1842.230769, , , , 
21.08.2026 00:21:00, , , , , ,58.16153864, , , , , , , , , , 
21.08.2026 00:22:00, , , ,57.27692296,69.09230628, , , , , , , , , , , 
21.08.2026 00:25:00, , , , , , , , , , , , , , , , 
21.08.2026 00:30:00, ,693.813101,92.50841405, , , ,0.413701931,0.504855768, ,-303.8149038,-2165.807692, ,155.630769,138.0384627, , 
21.08.2026 00:31:00, , , , , , , , ,1494.307692, , , , , , , 
21.08.2026 00:32:00, , , , , , , , , , , , , , , , 
21.08.2026 00:33:00,0.036931818, , , , , , , , , , ,1801.461538, , , , 
21.08.2026 00:34:00, , , , , ,58.09230658, , , , , , , , , , 
21.08.2026 00:35:00, , , ,57.2538461,69.09999965, , , , , , , , , , , 
21.08.2026 00:38:00, , , , , , , , , , , , , , , , 
21.08.2026 00:43:00, ,693.7626202,92.50168316, , , ,0.433750001,0.513653847, ,-310.1754808,-2114.653846, ,153.8230767,137.0692291, , 
21.08.2026 00:44:00, , , , , , , , ,1509.076923, , , , , , , 
21.08.2026 00:45:00, , , , , , , , , , , , , , , , 
21.08.2026 00:46:00,0.0296875, , , , , , , , , , ,1838.384615, , , , 
21.08.2026 00:47:00, , , , , ,58.01538409, , , , , , , , , , 
21.08.2026 00:48:00, , , ,57.23846113,69.1846155, , , , , , , , , , , 
21.08.2026 00:51:00, , , , , , , , , , , , , , , , 
21.08.2026 00:56:00, ,693.8221154,92.50961656, , , ,0.441874999,0.508653847, ,-349.7992788,-2153.326923, ,153.1846149,136.9384601, , 
21.08.2026 00:57:00, , , , , , , , ,1504.692308, , , , , , , 
21.08.2026 00:58:00, , , , , , , , , , , , , , , , 
21.08.2026 00:59:00,0.040625, , , , , , , , , , ,1798.230769, , , , 
21.08.2026 01:00:00, , , , , ,57.88461626, , , , , , , , , , 
21.08.2026 01:01:00, , , ,57.17692302,68.94615467, , , , , , , , , , , 
21.08.2026 01:04:00, , , , , , , , , , , , , , , , 
21.08.2026 01:09:00, ,693.5192308,92.46923183, , , ,0.418413463,0.5025, ,-328.3016827,-2154.538462, ,153.6999993,137.1461546, , 
21.08.2026 01:10:00, , , , , , , , ,1498.692308, , , , , , , 
21.08.2026 01:11:00, , , , , , , , , , , , , , , , 
21.08.2026 01:12:00,0.0296875, , , , , , , , , , ,1860.461538, , , , 
21.08.2026 01:13:00, , , , , ,57.94615408, , , , , , , , , , 
21.08.2026 01:14:00, , , ,57.10769243,68.96153905, , , , , , , , , , , 
21.08.2026 01:15:00, , , , , , , , , , , , , , , , 
21.08.2026 01:17:00, , , , , , , , , , , , , , , , 
21.08.2026 01:22:00, ,693.8167067,92.5088947, , , ,0.436682692,0.505288466, ,-364.9146635,-2165.644231, ,154.4615396,137.5692303, , 
21.08.2026 01:23:00, , , , , , , , ,1516.769231, , , , , , , 
21.08.2026 01:24:00, , , , , , , , , , , , , , , , 
21.08.2026 01:25:00,0.032986111, , , , , , , , , , ,1793.076923, , , , 
21.08.2026 01:26:00, , , , , ,57.90769254, , , , , , , , , , 
21.08.2026 01:27:00, , , ,57.10000023,69.05384592, , , , , , , , , , , 
21.08.2026 01:30:00, , , , , , , , , , , , , , , , 
21.08.2026 01:35:00, ,693.6364183,92.48485624, , , ,0.422500001,0.509807697, ,-352.3016827,-2210.528846, ,153.261538,137.7461524, , 
21.08.2026 01:36:00, , , , , , , , ,1502.307692, , , , , , , 
21.08.2026 01:37:00, , , , , , , , , , , , , , , , 
21.08.2026 01:38:00,0.0296875, , , , , , , , , , ,1793.846154, , , , 
21.08.2026 01:39:00, , , , , ,57.72307733, , , , , , , , , , 
21.08.2026 01:40:00, , , ,57.00769219,68.98461503, , , , , , , , , , , 
21.08.2026 01:43:00, , , , , , , , , , , , , , , , 
21.08.2026 01:45:00, , , , , , , , , , , , , , , , 
21.08.2026 01:48:00, ,693.8617788,92.51490549, , , ,0.412644233,0.512500004, ,-314.3293269,-2142.038462, ,152.7846128,136.8230767, , 
21.08.2026 01:49:00, , , , , , , , ,1513.769231, , , , , , , 
21.08.2026 01:50:00, , , , , , , , , , , , , , , , 
21.08.2026 01:51:00,0.040625, , , , , , , , , , ,1838.538462, , , , 
21.08.2026 01:52:00, , , , , ,57.62307681, , , , , , , , , , 
21.08.2026 01:53:00, , , ,56.98461562,68.47692402, , , , , , , , , , , 
21.08.2026 01:56:00, , , , , , , , , , , , , , , , 
21.08.2026 02:00:00, , , , , , , , , , , , , , , , 
21.08.2026 02:01:00, ,693.9194712,92.52259709, , , ,0.43442308,0.509711541, ,-351.2740385,-2192.778846, ,153.7769235,137.3153851, , 
21.08.2026 02:02:00, , , , , , , , ,1518, , , , , , , 
21.08.2026 02:03:00, , , , , , , , , , , , , , , , 
21.08.2026 02:04:00,0.0296875, , , , , , , , , , ,1771.076923, , , , 
21.08.2026 02:05:00, , , , , ,57.53846125, , , , , , , , , , 
21.08.2026 02:06:00, , , ,56.81538479,68.39230816, , , , , , , , , , , 
21.08.2026 02:09:00, , , , , , , , , , , , , , , , 
21.08.2026 02:14:00, ,693.5859375,92.47812594, , , ,0.427019234,0.502019231, ,-360.375,-2142.519231, ,153.5153856,137.5692303, , 
21.08.2026 02:15:00, , , , , , , , ,1514.153846, , , , , , , 
21.08.2026 02:16:00, , , , , , , , , , , , , , , , 
21.08.2026 02:17:00, , , , , , , , , , , ,1784, , , , 
21.08.2026 02:18:00,0.0296875, , , , ,57.41538503, , , , , , , , , , 
21.08.2026 02:19:00, , , ,56.56923001,68.16923053, , , , , , , , , , , 
21.08.2026 02:22:00, , , , , , , , , , , , , , , , 
21.08.2026 02:27:00, ,694.2205529,92.56274179, , , ,0.429663461,0.516682687, ,-343.5180288,-2189.451923, ,153.0615375,137.3923082, , 
21.08.2026 02:28:00, , , , , , , , ,1498.384615, , , , , , , 
21.08.2026 02:29:00, , , , , , , , , , , , , , , , 
21.08.2026 02:30:00, , , , , , , , , , , ,1794.692308, , , , 
21.08.2026 02:31:00,0.032986111, , , , ,57.29999982, , , , , , , , , , 
21.08.2026 02:32:00, , , ,56.41538444,67.83077005, , , , , , , , , , , 
21.08.2026 02:35:00, , , , , , , , , , , , , , , , 
21.08.2026 02:40:00, ,693.7644231,92.50192378, , , ,0.427307697,0.521538457, ,-367.9759615,-2196.163462, ,152.492306,136.9461553, , 
21.08.2026 02:41:00, , , , , , , , ,1517.153846, , , , , , , 
21.08.2026 02:42:00, , , , , , , , , , , , , , , , 
21.08.2026 02:43:00, , , , , , , , , , , ,1773.307692, , , , 
21.08.2026 02:44:00,0.036931818, , , , ,57.1923074, , , , , , , , , , 
21.08.2026 02:45:00, , , ,56.37692319,67.60769066, , , , , , , , , , , 
21.08.2026 02:48:00, , , , , , , , , , , , , , , , 
21.08.2026 02:53:00, ,693.827524,92.51033783, , , ,0.417500003,0.51057692, ,-356.7007212,-2187.192308, ,151.8999998,136.6923077, , 
21.08.2026 02:54:00, , , , , , , , ,1516.846154, , , , , , , 
21.08.2026 02:55:00, , , , , , , , , , , , , , , , 
21.08.2026 02:56:00, , , , , , , , , , , ,1780.461538, , , , 
21.08.2026 02:57:00, , , , , ,57.26153829, , , , , , , , , , 
21.08.2026 02:58:00,0.0296875, , ,56.38461568,67.55384651, , , , , , , , , , , 
21.08.2026 03:00:00, , , , , , , , , , , , , , , , 
21.08.2026 03:01:00, , , , , , , , , , , , , , , , 
21.08.2026 03:06:00, ,693.8780048,92.51706813, , , ,0.410192309,0.499951931, ,-321.6165865,-2155.961538, ,150.5769207,135.9461529, , 
21.08.2026 03:07:00, , , , , , , , ,1522.153846, , , , , , , 
21.08.2026 03:08:00, , , , , , , , , , , , , , , , 
21.08.2026 03:09:00, , , , , , , , , , , ,1810.846154, , , , 
21.08.2026 03:10:00, , , , , ,57.13846119, , , , , , , , , , 
21.08.2026 03:11:00,0.040625, , ,56.41538473,67.57692366, , , , , , , , , , , 
21.08.2026 03:14:00, , , , , , , , , , , , , , , , 
21.08.2026 03:15:00, , , , , , , , , , , , , , , , 
21.08.2026 03:19:00, ,693.8185096,92.50913591, , , ,0.416105766,0.505817308, ,-378.0612981,-2122.067308, ,151.0307711,135.5230772, , 
21.08.2026 03:20:00, , , , , , , , ,1510.307692, , , , , , , 
21.08.2026 03:21:00, , , , , , , , , , , , , , , , 
21.08.2026 03:22:00, , , , , , , , , , , ,1758.384615, , , , 
21.08.2026 03:23:00, , , , , ,57.10769243, , , , , , , , , , 
21.08.2026 03:24:00, , , ,56.28461574,67.95384568, , , , , , , , , , , 
21.08.2026 03:26:00,0.026988636, , , , , , , , , , , , , , , 
21.08.2026 03:27:00, , , , , , , , , , , , , , , , 
21.08.2026 03:30:00, , , , , , , , , , , , , , , , 
21.08.2026 03:32:00, ,693.8239183,92.50985659, , , ,0.430384618,0.514134623, ,-360.6418269,-2132.173077, ,154.7153825,137.6461546, , 
21.08.2026 03:33:00, , , , , , , , ,1512.230769, , , , , , , 
21.08.2026 03:34:00, , , , , , , , , , , , , , , , 
21.08.2026 03:35:00, , , , , , , , , , , ,1834.230769, , , , 
21.08.2026 03:36:00, , , , , ,57.13846148, , , , , , , , , , 
21.08.2026 03:37:00, , , ,56.26153858,68.17692272, , , , , , , , , , , 
21.08.2026 03:39:00,0.036931818, , , , , , , , , , , , , , , 
21.08.2026 03:40:00, , , , , , , , , , , , , , , , 
21.08.2026 03:45:00, ,693.5913462,92.47884721, , , ,0.410673077,0.519759614, ,-378.9338942,-2099.653846, ,155.3461538,138.6923065, , 
21.08.2026 03:46:00, , , , , , , , ,1501, , , , , , , 
21.08.2026 03:47:00, , , , , , , , , , , , , , , , 
21.08.2026 03:48:00, , , , , , , , , , , ,1797.846154, , , , 
21.08.2026 03:49:00, , , , , ,57.09999965, , , , , , , , , , 
21.08.2026 03:50:00, , , ,56.16153776,67.86153881, , , , , , , , , , , 
21.08.2026 03:53:00,0.0296875, , , , , , , , , , , , , , , 
21.08.2026 03:58:00, ,693.921274,92.52283771, , , ,0.441971151,0.522548079, ,-419.3509615,-2233.605769, ,157.2076921,139.8153851, , 
21.08.2026 03:59:00, , , , , , , , ,1517.923077, , , , , , , 
21.08.2026 04:00:00, , , , , , , , , , , , , , , , 
21.08.2026 04:01:00, , , , , , , , , , , ,1844.230769, , , , 
21.08.2026 04:02:00, , , , , ,57.01538497, , , , , , , , , , 
21.08.2026 04:03:00, , , ,56.39999977,67.55384768, , , , , , , , , , , 
21.08.2026 04:06:00,0.035511364, , , , , , , , , , , , , , , 
21.08.2026 04:11:00, ,694.0078125,92.5343757, , , ,0.431826924,0.526826916, ,-316.8966346,-2179.826923, ,160.5461543,144.1076918, , 
21.08.2026 04:12:00, , , , , , , , ,1490.307692, , , , , , , 
21.08.2026 04:13:00, , , , , , , , , , , , , , , , 
21.08.2026 04:14:00, , , , , , , , , , , ,1801.692308, , , , 
21.08.2026 04:15:00, , , , , ,57.10000023, , , , , , , , , , 
21.08.2026 04:16:00, , , ,56.33846195,67.59230746, , , , , , , , , , , 
21.08.2026 04:19:00,0.03125, , , , , , , , , , , , , , , 
21.08.2026 04:24:00, ,693.8401442,92.51201982, , , ,0.42341346,0.510192316, ,-339.7932692,-2151.317308, ,150.0769231,137.5153844, , 
21.08.2026 04:25:00, , , , , , , , ,1512.692308, , , , , , , 
21.08.2026 04:26:00, , , , , , , , , , , , , , , , 
21.08.2026 04:27:00, , , , , , , , , , , ,1869.461538, , , , 
21.08.2026 04:28:00, , , , , ,57.06153811, , , , , , , , , , 
21.08.2026 04:29:00, , , ,56.33076888,67.44615467, , , , , , , , , , , 
21.08.2026 04:30:00, , , , , , , , , , , , , , , , 
21.08.2026 04:32:00, , , , , , , , , , , , , , , , 
21.08.2026 04:33:00,0.0296875, , , , , , , , , , , , , , , 
21.08.2026 04:37:00, ,693.6237981,92.48317308, , , ,0.418846156,0.508749999, ,-428.296875,-2169.509615, ,148.630769,134.5384615, , 
21.08.2026 04:38:00, , , , , , , , ,1527.153846, , , , , , , 
21.08.2026 04:39:00, , , , , , , , , , , , , , , , 
21.08.2026 04:40:00, , , , , , , , , , , ,1770.153846, , , , 
21.08.2026 04:41:00, , , , , ,57.05384592, , , , , , , , , , 
21.08.2026 04:42:00, , , ,56.29999953,67.69230711, , , , , , , , , , , 
21.08.2026 04:45:00, , , , , , , , , , , , , , , , 
21.08.2026 04:46:00,0.0390625, , , , , , , , , , , , , , , 
21.08.2026 04:50:00, ,693.9158654,92.52211585, , , ,0.420865387,0.514278845, ,-372.0973558,-2178.432692, ,147.9461564,133.4076937, , 
21.08.2026 04:51:00, , , , , , , , ,1514.692308, , , , , , , 
21.08.2026 04:52:00, , , , , , , , , , , , , , , , 
21.08.2026 04:53:00, , , , , , , , , , , ,1775.230769, , , , 
21.08.2026 04:54:00, , , , , ,56.99999971, , , , , , , , , , 
21.08.2026 04:55:00, , , ,56.39999977,67.57692308, , , , , , , , , , , 
21.08.2026 04:58:00, , , , , , , , , , , , , , , , 
21.08.2026 04:59:00,0.03125, , , , , , , , , , , , , , , 
21.08.2026 05:00:00, , , , , , , , , , , , , , , , 
21.08.2026 05:03:00, ,693.8617788,92.5149049, , , ,0.416971156,0.508509618, ,-440.6574519,-2219.173077, ,148.3615359,132.8153851, , 
21.08.2026 05:04:00, , , , , , , , ,1520.846154, , , , , , , 
21.08.2026 05:05:00, , , , , , , , , , , , , , , , 
21.08.2026 05:06:00, , , , , , , , , , , ,1746.923077, , , , 
21.08.2026 05:07:00, , , , , ,56.87692378, , , , , , , , , , 
21.08.2026 05:08:00, , , ,56.36923071,66.95384627, , , , , , , , , , , 
21.08.2026 05:11:00, , , , , , , , , , , , , , , , 
21.08.2026 05:13:00,0.026988636, , , , , , , , , , , , , , , 
21.08.2026 05:15:00, , , , , , , , , , , , , , , , 
21.08.2026 05:16:00, ,693.6742788,92.48990455, , , ,0.429567307,0.505528844, ,-422.0480769,-2256.009615, ,149.023076,133.4846156, , 
21.08.2026 05:17:00, , , , , , , , ,1522.846154, , , , , , , 
21.08.2026 05:18:00, , , , , , , , , , , , , , , , 
21.08.2026 05:19:00, , , , , , , , , , , ,1825.692308, , , , 
21.08.2026 05:20:00, , , , , ,56.89230816, , , , , , , , , , 
21.08.2026 05:21:00, , , ,56.39230757,67.25384698, , , , , , , , , , , 
21.08.2026 05:24:00, , , , , , , , , , , , , , , , 
21.08.2026 05:26:00,0.035511364, , , , , , , , , , , , , , , 
21.08.2026 05:29:00, ,693.6454327,92.48605875, , , ,0.411298076,0.514230772, ,-352.3485577,-2185.538462, ,147.9153853,132.8153827, , 
21.08.2026 05:30:00, , , , , , , , ,1515.615385, , , , , , , 
21.08.2026 05:31:00, , , , , , , , , , , , , , , , 
21.08.2026 05:32:00, , , , , , , , , , , ,1827.153846, , , , 
21.08.2026 05:33:00, , , , , ,56.77692355, , , , , , , , , , 
21.08.2026 05:34:00, , , ,56.36923042,67.36153823, , , , , , , , , , , 
21.08.2026 05:37:00, , , , , , , , , , , , , , , , 
21.08.2026 05:40:00,0.03125, , , , , , , , , , , , , , , 
21.08.2026 05:42:00, ,693.7770433,92.50360577, , , ,0.420096154,0.506490391, ,-420.0685096,-2204.961538, ,148.7153849,132.2692319, , 
21.08.2026 05:43:00, , , , , , , , ,1520.923077, , , , , , , 
21.08.2026 05:44:00, , , , , , , , , , , , , , , , 
21.08.2026 05:45:00, , , , , , , , , , , ,1791.076923, , , , 
21.08.2026 05:46:00, , , , , ,56.86153881, , , , , , , , , , 
21.08.2026 05:47:00, , , ,56.48461533,67.03846095, , , , , , , , , , , 
21.08.2026 05:50:00, , , , , , , , , , , , , , , , 
21.08.2026 05:53:00,0.0390625, , , , , , , , , , , , , , , 
21.08.2026 05:55:00, ,694.1033654,92.54711562, , , ,0.410432694,0.515721142, ,-431.9350962,-2169.201923, ,152.6769233,134.6076907, , 
21.08.2026 05:56:00, , , , , , , , ,1519.307692, , , , , , , 
21.08.2026 05:57:00, , , , , , , , , , , , , , , , 
21.08.2026 05:58:00, , , , , , , , , , , ,1872.153846, , , , 
21.08.2026 05:59:00, , , , , ,56.8692313, , , , , , , , , , 
21.08.2026 06:00:00, , , ,56.48461562,66.88461538, , , , , , , , , , , 
21.08.2026 06:03:00, , , , , , , , , , , , , , , , 
21.08.2026 06:06:00,0.026988636, , , , , , , , , , , , , , , 
21.08.2026 06:08:00, ,693.8942308,92.51923136, , , ,0.421923073,0.502067298, ,-298.21875,-2247.836538, ,169.2461524,145.107693, , 
21.08.2026 06:09:00, , , , , , , , ,1491.230769, , , , , , , 
21.08.2026 06:10:00, , , , , , , , , , , , , , , , 
21.08.2026 06:11:00, , , , , , , , , , , ,1834.384615, , , , 
21.08.2026 06:12:00, , , , , ,56.83076947, , , , , , , , , , 
21.08.2026 06:13:00, , , ,56.14615338,66.96153846, , , , , , , , , , , 
21.08.2026 06:15:00, , , , , , , , , , , , , , , , 
21.08.2026 06:16:00, , , , , , , , , , , , , , , , 
21.08.2026 06:20:00,0.03125, , , , , , , , , , , , , , , 
21.08.2026 06:21:00, ,693.9519231,92.52692413, , , ,0.425240381,0.519759611, ,-337.2620192,-2179.971154, ,154.9846144,139.3615406, , 
21.08.2026 06:22:00, , , , , , , , ,1487.692308, , , , , , , 
21.08.2026 06:23:00, , , , , , , , , , , , , , , , 
21.08.2026 06:24:00, , , , , , , , , , , ,1830.769231, , , , 
21.08.2026 06:25:00, , , , , ,56.85384662, , , , , , , , , , 
21.08.2026 06:26:00, , , ,56.13846089,67.00769336, , , , , , , , , , , 
21.08.2026 06:29:00, , , , , , , , , , , , , , , , 
21.08.2026 06:30:00, , , , , , , , , , , , , , , , 
21.08.2026 06:33:00,0.0390625, , , , , , , , , , , , , , , 
21.08.2026 06:34:00, ,694.0330529,92.53774027, , , ,0.419903849,0.506778848, ,-468.9483173,-2301.394231, ,168.9692324,142.3923058, , 
21.08.2026 06:35:00, , , , , , , , ,1514.538462, , , , , , , 
21.08.2026 06:36:00, , , , , , , , , , , , , , , , 
21.08.2026 06:37:00, , , , , , , , , , , ,1867.153846, , , , 
21.08.2026 06:38:00, , , , , ,56.67692272, , , , , , , , , , 
21.08.2026 06:39:00, , , ,56.18461521,67.36923042, , , , , , , , , , , 
21.08.2026 06:42:00, , , , , , , , , , , , , , , , 
21.08.2026 06:45:00, , , , , , , , , , , , , , , , 
21.08.2026 06:46:00,0.0296875, , , , , , , , , , , , , , , 
21.08.2026 06:47:00, ,693.8365385,92.51153917, , , ,0.432932691,0.51081731, ,-394.8533654,-2296.5, ,196.9538445,164.846155, , 
21.08.2026 06:48:00, , , , , , , , ,1463.923077, , , , , , , 
21.08.2026 06:49:00, , , , , , , , , , , , , , , , 
21.08.2026 06:50:00, , , , , , , , , , , ,1874.846154, , , , 
21.08.2026 06:51:00, , , , , ,56.73076894, , , , , , , , , , 
21.08.2026 06:52:00, , , ,55.78461544,67.16923053, , , , , , , , , , , 
21.08.2026 06:55:00, , , , , , , , , , , , , , , , 
21.08.2026 07:00:00,0.03125,693.8383413,92.51177979, , , ,0.424134614,0.504471153, ,-231.1766827,-2136.625, ,185.3846154,168.0461543, , 
21.08.2026 07:01:00, , , , , , , , ,1444.076923, , , , , , , 
21.08.2026 07:02:00, , , , , , , , , , , , , , , , 
21.08.2026 07:03:00, , , , , , , , , , , ,1858, , , , 
21.08.2026 07:04:00, , , , , ,56.82307698, , , , , , , , , , 
21.08.2026 07:05:00, , , ,55.3076926,66.52307716, , , , , , , , , , , 
21.08.2026 07:08:00, , , , , , , , , , , , , , , , 
21.08.2026 07:13:00,0.032986111,693.6670673,92.48894266, , , ,0.429086543,0.501009618, ,-287.9423077,-2086.826923, ,158.0692291,148.0153856, , 
21.08.2026 07:14:00, , , , , , , , ,1488.692308, , , , , , , 
21.08.2026 07:15:00, , , , , , , , , , , , , , , , 
21.08.2026 07:16:00, , , , , , , , , , , ,1845.307692, , , , 
21.08.2026 07:17:00, , , , , ,56.83846224, , , , , , , , , , 
21.08.2026 07:18:00, , , ,55.38461568,65.91538415, , , , , , , , , , , 
21.08.2026 07:21:00, , , , , , , , , , , , , , , , 
21.08.2026 07:26:00,0.0390625,693.531851,92.4709144, , , ,0.446394235,0.516971153, ,-274.1322115,-2121.471154, ,156.0384627,141.4384601, , 
21.08.2026 07:27:00, , , , , , , , ,1497.615385, , , , , , , 
21.08.2026 07:28:00, , , , , , , , , , , , , , , , 
21.08.2026 07:29:00, , , , , , , , , , , ,1806.153846, , , , 
21.08.2026 07:30:00, , , , , ,56.95384656, , , , , , , , , , 
21.08.2026 07:31:00, , , ,55.58461556,65.369231, , , , , , , , , , , 
21.08.2026 07:34:00, , , , , , , , , , , , , , , , 
21.08.2026 07:39:00,0.034722222,693.3064904,92.44086574, , , ,0.428701921,0.509278845, ,-340.3629808,-2130.721154, ,153.1615354,138.4538469, , 
21.08.2026 07:40:00, , , , , , , , ,1509.076923, , , , , , , 
21.08.2026 07:41:00, , , , , , , , , , , , , , , , 
21.08.2026 07:42:00, , , , , , , , , , , ,1807.307692, , , , 
21.08.2026 07:43:00, , , , , ,57.02307657, , , , , , , , , , 
21.08.2026 07:44:00, , , ,55.82307669,64.64615338, , , , , , , , , , , 
21.08.2026 07:45:00, , , , , , , , , , , , , , , , 
21.08.2026 07:47:00, , , , , , , , , , , , , , , , 
21.08.2026 07:52:00, ,693.6508413,92.48677943, , , ,0.429471153,0.512355763, ,-377.4338942,-2144.067308, ,153.4923072,137.4538469, , 
21.08.2026 07:53:00,0.026988636, , , , , , , ,1510.692308, , , , , , , 
21.08.2026 07:54:00, , , , , , , , , , , , , , , , 
21.08.2026 07:55:00, , , , , , , , , , , ,1844.923077, , , , 
21.08.2026 07:56:00, , , , , ,57.09999994, , , , , , , , , , 
21.08.2026 07:57:00, , , ,55.93846189,64.89230816, , , , , , , , , , , 
21.08.2026 08:00:00, , , , , , , , , , , , , , , , 
21.08.2026 08:05:00, ,693.7445913,92.4992799, , , ,0.428173081,0.517451921, ,-304.3485577,-2109.538462, ,151.1846137,136.3615371, , 
21.08.2026 08:06:00,0.032552083, , , , , , , ,1500.307692, , , , , , , 
21.08.2026 08:07:00, , , , , , , , , , , , , , , , 
21.08.2026 08:08:00, , , , , , , , , , , ,1807.153846, , , , 
21.08.2026 08:09:00, , , , , ,57.09230716, , , , , , , , , , 
21.08.2026 08:10:00, , , ,55.8692313,65.25384698, , , , , , , , , , , 
21.08.2026 08:13:00, , , , , , , , , , , , , , , , 
21.08.2026 08:15:00, , , , , , , , , , , , , , , , 
21.08.2026 08:18:00, ,693.7085337,92.49447221, , , ,0.433173079,0.511394237, ,-360.5877404,-2154.298077, ,151.6846149,135.1615366, , 
21.08.2026 08:19:00, , , , , , , , ,1523.076923, , , , , , , 
21.08.2026 08:20:00,0.03125, , , , , , , , , , , , , , , 
21.08.2026 08:21:00, , , , , , , , , , , ,1816.076923, , , , 
21.08.2026 08:22:00, , , , , ,56.97692284, , , , , , , , , , 
21.08.2026 08:23:00, , , ,55.97692343,66.07692425, , , , , , , , , , , 
21.08.2026 08:26:00, , , , , , , , , , , , , , , , 
21.08.2026 08:30:00, , , , , , , , , , , , , , , , 
21.08.2026 08:31:00, ,693.5949519,92.47932845, , , ,0.432067307,0.514567306, ,-345.2560096,-2142.144231, ,152.7769224,135.6846161, , 
21.08.2026 08:32:00, , , , , , , , ,1524, , , , , , , 
21.08.2026 08:33:00,0.0390625, , , , , , , , , , , , , , , 
21.08.2026 08:34:00, , , , , , , , , , , ,1763.846154, , , , 
21.08.2026 08:35:00, , , , , ,56.96923095, , , , , , , , , , 
21.08.2026 08:36:00, , , ,55.89230787,66.70769207, , , , , , , , , , , 
21.08.2026 08:39:00, , , , , , , , , , , , , , , , 
21.08.2026 08:44:00, ,693.7391827,92.49855863, , , ,0.417259617,0.508173076, ,-355.6153846,-2147.769231, ,154.1615366,136.5076916, , 
21.08.2026 08:45:00, , , , , , , , ,1506.769231, , , , , , , 
21.08.2026 08:46:00,0.0296875, , , , , , , , , , , , , , , 
21.08.2026 08:47:00, , , , , , , , , , , ,1850.692308, , , , 
21.08.2026 08:48:00, , , , , ,56.80000012, , , , , , , , , , 
21.08.2026 08:49:00, , , ,55.86153852,67.34615326, , , , , , , , , , , 
21.08.2026 08:52:00, , , , , , , , , , , , , , , , 
21.08.2026 08:57:00, ,693.6508413,92.48678002, , , ,0.423413465,0.521009613, ,-301.6334135,-2170.182692, ,152.7615392,136.2307681, , 
21.08.2026 08:58:00, , , , , , , , ,1508, , , , , , , 
21.08.2026 08:59:00, , , , , , , , , , , , , , , , 
21.08.2026 09:00:00,0.03125, , , , , , , , , , ,1798.538462, , , , 
21.08.2026 09:01:00, , , , , ,57.03076964, , , , , , , , , , 
21.08.2026 09:02:00, , , ,55.99230693,67.27692355, , , , , , , , , , , 
21.08.2026 09:05:00, , , , , , , , , , , , , , , , 
21.08.2026 09:10:00, ,693.4326923,92.45769383, , , ,0.42360577,0.517019231, ,-309.6201923,-2144.682692, ,152.0923086,135.6461522, , 
21.08.2026 09:11:00, , , , , , , , ,1514.076923, , , , , , , 
21.08.2026 09:12:00, , , , , , , , , , , , , , , , 
21.08.2026 09:13:00,0.0390625, , , , , , , , , , ,1785.615385, , , , 
21.08.2026 09:14:00, , , , , ,57.12307739, , , , , , , , , , 
21.08.2026 09:15:00, , , ,56.06153782,67.51538438, , , , , , , , , , , 
21.08.2026 09:18:00, , , , , , , , , , , , , , , , 
21.08.2026 09:23:00, ,693.5949519,92.47932786, , , ,0.428557694,0.522163462, ,-326.8737981,-2123.634615, ,150.7692319,134.5999991, , 
21.08.2026 09:24:00, , , , , , , , ,1518.769231, , , , , , , 
21.08.2026 09:25:00, , , , , , , , , , , , , , , , 
21.08.2026 09:26:00,0.032986111, , , , , , , , , , ,1819.538462, , , , 
21.08.2026 09:27:00, , , , , ,57.26153799, , , , , , , , , , 
21.08.2026 09:28:00, , , ,56.26923136,67.65384498, , , , , , , , , , , 
21.08.2026 09:30:00, , , , , , , , , , , , , , , , 
21.08.2026 09:31:00, , , , , , , , , , , , , , , , 
21.08.2026 09:36:00, ,693.6634615,92.48846259, , , ,0.426874998,0.517980759, ,-335.5420673,-2155.971154, ,152.623075,134.9692301, , 
21.08.2026 09:37:00, , , , , , , , ,1516.692308, , , , , , , 
21.08.2026 09:38:00, , , , , , , , , , , , , , , , 
21.08.2026 09:39:00, , , , , , , , , , , ,1790.538462, , , , 
21.08.2026 09:40:00,0.028409091, , , , ,57.35384633, , , , , , , , , , 
21.08.2026 09:41:00, , , ,56.51538497,68.03076935, , , , , , , , , , , 
21.08.2026 09:44:00, , , , , , , , , , , , , , , , 
21.08.2026 09:45:00, , , , , , , , , , , , , , , , 
21.08.2026 09:49:00, ,693.6454327,92.48605875, , , ,0.430336537,0.521874996, ,-327.2992788,-2123.076923, ,152.153845,135.1615366, , 
21.08.2026 09:50:00, , , , , , , , ,1510.230769, , , , , , , 
21.08.2026 09:51:00, , , , , , , , , , , , , , , , 
21.08.2026 09:52:00, , , , , , , , , , , ,1812.153846, , , , 
21.08.2026 09:53:00,0.0390625, , , , ,57.60769213, , , , , , , , , , 
21.08.2026 09:54:00, , , ,56.84615443,68.13076782, , , , , , , , , , , 
21.08.2026 09:57:00, , , , , , , , , , , , , , , , 
21.08.2026 10:00:00, , , , , , , , , , , , , , , , 
21.08.2026 10:02:00, ,693.4633413,92.46177967, , , ,0.422355771,0.517884614, ,-352.78125,-2101.759615, ,151.1307702,134.3538454, , 
21.08.2026 10:03:00, , , , , , , , ,1523.615385, , , , , , , 
21.08.2026 10:04:00, , , , , , , , , , , , , , , , 
21.08.2026 10:05:00, , , , , , , , , , , ,1854.153846, , , , 
21.08.2026 10:06:00,0.032986111, , , , ,57.6923074, , , , , , , , , , 
21.08.2026 10:07:00, , , ,57.20769295,68.19999871, , , , , , , , , , , 
21.08.2026 10:10:00, , , , , , , , , , , , , , , , 
21.08.2026 10:15:00, ,693.3804087,92.45072233, , , ,0.414951923,0.513894226, ,-394.2512019,-2188.605769, ,152.0923075,135.130769, , 
21.08.2026 10:16:00, , , , , , , , ,1520, , , , , , , 
21.08.2026 10:17:00, , , , , , , , , , , , , , , , 
21.08.2026 10:18:00, , , , , , , , , , , ,1828.307692, , , , 
21.08.2026 10:19:00,0.028409091, , , , ,57.73846113, , , , , , , , , , 
21.08.2026 10:20:00, , , ,57.53076905,68.25384756, , , , , , , , , , , 
21.08.2026 10:23:00, , , , , , , , , , , , , , , , 
21.08.2026 10:28:00, ,693.8635817,92.51514552, , , ,0.42206731,0.513605767, ,-320.1814904,-2145.875, ,152.5230772,135.4153841, , 
21.08.2026 10:29:00, , , , , , , , ,1510.923077, , , , , , , 
21.08.2026 10:30:00, , , , , , , , , , , , , , , , 
21.08.2026 10:31:00, , , , , , , , , , , ,1774, , , , 
21.08.2026 10:32:00,0.0390625, , , , ,57.90000006, , , , , , , , , , 
21.08.2026 10:33:00, , , ,57.70769237,67.86923042, , , , , , , , , , , 
21.08.2026 10:36:00, , , , , , , , , , , , , , , , 
21.08.2026 10:41:00, ,693.5408654,92.47211632, , , ,0.41471154,0.517019233, ,-380.5528846,-2155.528846, ,151.8230779,134.8538454, , 
21.08.2026 10:42:00, , , , , , , , ,1524.538462, , , , , , , 
21.08.2026 10:43:00, , , , , , , , , , , , , , , , 
21.08.2026 10:44:00, , , , , , , , , , , ,1780.846154, , , , 
21.08.2026 10:45:00,0.0296875, , , , ,58.11538432, , , , , , , , , , 
21.08.2026 10:46:00, , , ,57.90000006,68.12307622, , , , , , , , , , , 
21.08.2026 10:49:00, , , , , , , , , , , , , , , , 
21.08.2026 10:54:00, ,693.780649,92.50408818, , , ,0.415576923,0.51081731, ,-388.8028846,-2171.278846, ,153.5076928,135.7461524, , 
21.08.2026 10:55:00, , , , , , , , ,1505, , , , , , , 
21.08.2026 10:56:00, , , , , , , , , , , , , , , , 
21.08.2026 10:57:00, , , , , , , , , , , ,1804.307692, , , , 
21.08.2026 10:58:00,0.034722222, , , , ,58.18461521, , , , , , , , , , 
21.08.2026 10:59:00, , , ,58.08461497,68.61538462, , , , , , , , , , , 
21.08.2026 11:00:00, , , , , , , , , , , , , , , , 
21.08.2026 11:02:00, , , , , , , , , , , , , , , , 
21.08.2026 11:07:00, ,693.9302885,92.52403964, , , ,0.421730775,0.502403853, ,-326.2788462,-2148.336538, ,153.3307671,136.2153849, , 
21.08.2026 11:08:00, , , , , , , , ,1502.230769, , , , , , , 
21.08.2026 11:09:00, , , , , , , , , , , , , , , , 
21.08.2026 11:10:00, , , , , , , , , , , ,1819.230769, , , , 
21.08.2026 11:11:00, , , , , ,58.34615385, , , , , , , , , , 
21.08.2026 11:12:00,0.0296875, , ,58.12307651,68.73846259, , , , , , , , , , , 
21.08.2026 11:15:00, , , , , , , , , , , , , , , , 
21.08.2026 11:20:00, ,693.796875,92.50625082, , , ,0.426394233,0.515480768, ,-339.2668269,-2169.846154, ,152.1230762,135.1923089, , 
21.08.2026 11:21:00, , , , , , , , ,1515.307692, , , , , , , 
21.08.2026 11:22:00, , , , , , , , , , , , , , , , 
21.08.2026 11:23:00, , , , , , , , , , , ,1786.846154, , , , 
21.08.2026 11:24:00, , , , , ,58.28461486, , , , , , , , , , 
21.08.2026 11:25:00,0.035511364, , ,58.10769184,68.53076817, , , , , , , , , , , 
21.08.2026 11:28:00, , , , , , , , , , , , , , , , 
21.08.2026 11:30:00, , , , , , , , , , , , , , , , 
21.08.2026 11:33:00, ,693.8257212,92.51009721, , , ,0.433125003,0.514615394, ,-332.5384615,-2133.836538, ,153.2076897,135.6538462, , 
21.08.2026 11:34:00, , , , , , , , ,1506.230769, , , , , , , 
21.08.2026 11:35:00, , , , , , , , , , , , , , , , 
21.08.2026 11:36:00, , , , , , , , , , , ,1836.846154, , , , 
21.08.2026 11:37:00, , , , , ,58.52307657, , , , , , , , , , 
21.08.2026 11:38:00,0.034722222, , ,58.1923074,68.66153952, , , , , , , , , , , 
21.08.2026 11:41:00, , , , , , , , , , , , , , , , 
21.08.2026 11:45:00, , , , , , , , , , , , , , , , 
21.08.2026 11:46:00, ,693.515625,92.46875059, , , ,0.423461538,0.508990393, ,-353.0048077,-2167.067308, ,151.7846163,135.1769221, , 
21.08.2026 11:47:00, , , , , , , , ,1514.538462, , , , , , , 
21.08.2026 11:48:00, , , , , , , , , , , , , , , , 
21.08.2026 11:49:00, , , , , , , , , , , ,1839.461538, , , , 
21.08.2026 11:50:00, , , , , ,58.7538461, , , , , , , , , , 
21.08.2026 11:51:00,0.0296875, , ,58.38461509,68.78461515, , , , , , , , , , , 
21.08.2026 11:54:00, , , , , , , , , , , , , , , , 
21.08.2026 11:59:00, ,693.5408654,92.47211632, , , ,0.421826927,0.515096153, ,-345.1334135,-2153.567308, ,152.5076904,135.0999979, , 
21.08.2026 12:00:00, , , , , , , , ,1519.846154, , , , , , , 
21.08.2026 12:01:00, , , , , , , , , , , , , , , , 
21.08.2026 12:02:00, , , , , , , , , , , ,1785.384615, , , , 
21.08.2026 12:03:00, , , , , ,58.80000051, , , , , , , , , , 
21.08.2026 12:04:00,0.0390625, , ,58.57692337,68.76923194, , , , , , , , , , , 
21.08.2026 12:07:00, , , , , , , , , , , , , , , , 
21.08.2026 12:12:00, ,693.7265625,92.49687606, , , ,0.412932694,0.514423084, ,-323.1454327,-2171.240385, ,153.738462,136.0384604, , 
21.08.2026 12:13:00, , , , , , , , ,1508.153846, , , , , , , 
21.08.2026 12:14:00, , , , , , , , , , , , , , , , 
21.08.2026 12:15:00, , , , , , , , , , , ,1792.461538, , , , 
21.08.2026 12:16:00, , , , , ,58.84000015, , , , , , , , , , 
21.08.2026 12:17:00,0.03125, , ,58.89230757,68.99999941, , , , , , , , , , , 
21.08.2026 12:20:00, , , , , , , , , , , , , , , , 
21.08.2026 12:25:00, ,693.6364183,92.48485624, , , ,0.420432691,0.508653847, ,-336.5661058,-2149.663462, ,152.1384594,135.3923058, , 
21.08.2026 12:26:00, , , , , , , , ,1509.076923, , , , , , , 
21.08.2026 12:27:00, , , , , , , , , , , , , , , , 
21.08.2026 12:28:00, , , , , , , , , , , ,1796.230769, , , , 
21.08.2026 12:29:00, , , , , ,58.80000051, , , , , , , , , , 
21.08.2026 12:30:00,0.0296875, , ,59.04615373,69.03076935, , , , , , , , , , , 
21.08.2026 12:33:00, , , , , , , , , , , , , , , , 
21.08.2026 12:38:00, ,693.6977163,92.49303025, , , ,0.421875002,0.506682694, ,-351.9411058,-2182.086538, ,153.5769243,135.4538469, , 
21.08.2026 12:39:00, , , , , , , , ,1510.384615, , , , , , , 
21.08.2026 12:40:00, , , , , , , , , , , , , , , , 
21.08.2026 12:41:00, , , , , , , , , , , ,1811.846154, , , , 
21.08.2026 12:42:00, , , , , ,58.72999992, , , , , , , , , , 
21.08.2026 12:43:00,0.0390625, , ,59.15384557,68.94615408, , , , , , , , , , , 
21.08.2026 12:45:00, , , , , , , , , , , , , , , , 
21.08.2026 12:46:00, , , , , , , , , , , , , , , , 
21.08.2026 12:51:00, ,694.0510817,92.54014529, , , ,0.429471153,0.51120192, ,-318.4543269,-2140.365385, ,153.6076942,136.1846161, , 
21.08.2026 12:52:00, , , , , , , , ,1499.846154, , , , , , , 
21.08.2026 12:53:00, , , , , , , , , , , , , , , , 
21.08.2026 12:54:00, , , , , , , , , , , ,1744.538462, , , , 
21.08.2026 12:55:00, , , , , ,58.81818182, , , , , , , , , , 
21.08.2026 12:56:00,0.03125, , ,59.27692325,69.130769, , , , , , , , , , , 
21.08.2026 12:59:00, , , , , , , , , , , , , , , , 
21.08.2026 13:00:00, , , , , , , , , , , , , , , , 
21.08.2026 13:04:00, ,693.8329327,92.51105793, , , ,0.427692308,0.511923077, ,-316.3449519,-2118.413462, ,151.3307695,135.1692294, , 
21.08.2026 13:05:00, , , , , , , , ,1509.307692, , , , , , , 
21.08.2026 13:06:00, , , , , , , , , , , , , , , , 
21.08.2026 13:07:00, , , , , , , , , , , ,1856.923077, , , , 
21.08.2026 13:08:00, , , , , ,59.10000023, , , , , , , , , , 
21.08.2026 13:09:00, , , ,59.5615384,69.00769219, , , , , , , , , , , 
21.08.2026 13:10:00,0.0296875, , , , , , , , , , , , , , , 
21.08.2026 13:12:00, , , , , , , , , , , , , , , , 
21.08.2026 13:15:00, , , , , , , , , , , , , , , , 
21.08.2026 13:17:00, ,693.7950721,92.5060102, , , ,0.427451925,0.515096158, ,-343.7451923,-2107.701923, ,151.7076932,134.5307676, , 
21.08.2026 13:18:00, , , , , , , , ,1522.846154, , , , , , , 
21.08.2026 13:19:00, , , , , , , , , , , , , , , , 
21.08.2026 13:20:00, , , , , , , , , , , ,1810.923077, , , , 
21.08.2026 13:21:00, , , , , ,59.35384662, , , , , , , , , , 
21.08.2026 13:22:00, , , ,59.78461515,68.89230816, , , , , , , , , , , 
21.08.2026 13:23:00,0.0390625, , , , , , , , , , , , , , , 
21.08.2026 13:25:00, , , , , , , , , , , , , , , , 
21.08.2026 13:30:00, ,693.7463942,92.49951994, , , ,0.42091346,0.507644225, ,-358.8245192,-2135.240385, ,152.9461541,135.8000031, , 
21.08.2026 13:31:00, , , , , , , , ,1502.692308, , , , , , , 
21.08.2026 13:32:00, , , , , , , , , , , , , , , , 
21.08.2026 13:33:00, , , , , , , , , , , ,1759.769231, , , , 
21.08.2026 13:34:00, , , , , ,59.369231, , , , , , , , , , 
21.08.2026 13:35:00, , , ,59.72307675,69.44615408, , , , , , , , , , , 
21.08.2026 13:36:00,0.03125, , , , , , , , , , , , , , , 
21.08.2026 13:38:00, , , , , , , , , , , , , , , , 
21.08.2026 13:43:00, ,693.8996394,92.51995204, , , ,0.423653843,0.50442308, ,-329.8413462,-2139.211538, ,152.1923077,135.2769235, , 
21.08.2026 13:44:00, , , , , , , , ,1507.846154, , , , , , , 
21.08.2026 13:45:00, , , , , , , , , , , , , , , , 
21.08.2026 13:46:00, , , , , , , , , , , ,1794.384615, , , , 
21.08.2026 13:47:00, , , , , ,59.54615373, , , , , , , , , , 
21.08.2026 13:48:00, , , ,59.68461521,69.61538344, , , , , , , , , , , 
21.08.2026 13:50:00,0.0296875, , , , , , , , , , , , , , , 
21.08.2026 13:51:00, , , , , , , , , , , , , , , , 
21.08.2026 13:56:00, ,694.0042067,92.53389388, , , ,0.425432691,0.5054327, ,-341.9747596,-2112.336538, ,154.1692305,135.9769193, , 
21.08.2026 13:57:00, , , , , , , , ,1506.538462, , , , , , , 
21.08.2026 13:58:00, , , , , , , , , , , , , , , , 
21.08.2026 13:59:00, , , , , , , , , , , ,1837.230769, , , , 
21.08.2026 14:00:00, , , , , ,59.54615373, , , , , , , , , , 
21.08.2026 14:01:00, , , ,59.71538456,69.69230887, , , , , , , , , , , 
21.08.2026 14:03:00,0.0390625, , , , , , , , , , , , , , , 
21.08.2026 14:04:00, , , , , , , , , , , , , , , , 
21.08.2026 14:09:00, ,693.6670673,92.48894266, , , ,0.4275,0.512403846, ,-353.4663462,-2135.432692, ,154.2153872,136.6307702, , 
21.08.2026 14:10:00, , , , , , , , ,1510.307692, , , , , , , 
21.08.2026 14:11:00, , , , , , , , , , , , , , , , 
21.08.2026 14:12:00, , , , , , , , , , , ,1839, , , , 
21.08.2026 14:13:00, , , , , ,59.50000029, , , , , , , , , , 
21.08.2026 14:14:00, , , ,59.85384604,69.66153834, , , , , , , , , , , 
21.08.2026 14:15:00, , , , , , , , , , , , , , , , 
21.08.2026 14:16:00,0.03125, , , , , , , , , , , , , , , 
21.08.2026 14:17:00, , , , , , , , , , , , , , , , 
21.08.2026 14:22:00, ,693.7590144,92.5012031, , , ,0.43110577,0.510673078, ,-299.9711538,-2076.192308, ,152.6923077,136.4615396, , 
21.08.2026 14:23:00, , , , , , , , ,1501.846154, , , , , , , 
21.08.2026 14:24:00, , , , , , , , , , , , , , , , 
21.08.2026 14:25:00, , , , , , , , , , , ,1776.846154, , , , 
21.08.2026 14:26:00, , , , , ,59.64615426, , , , , , , , , , 
21.08.2026 14:27:00, , , ,60.0692303,69.66153776, , , , , , , , , , , 
21.08.2026 14:30:00,0.0296875, , , , , , , , , , , , , , , 
21.08.2026 14:35:00, ,693.7914663,92.50552955, , , ,0.439807692,0.519567306, ,-344.6466346,-2195.740385, ,152.4384625,135.3846166, , 
21.08.2026 14:36:00, , , , , , , , ,1512, , , , , , , 
21.08.2026 14:37:00, , , , , , , , , , , , , , , , 
21.08.2026 14:38:00, , , , , , , , , , , ,1843.769231, , , , 
21.08.2026 14:39:00, , , , , ,59.6846155, , , , , , , , , , 
21.08.2026 14:40:00, , , ,60.1923074,69.40000035, , , , , , , , , , , 
21.08.2026 14:43:00,0.0390625, , , , , , , , , , , , , , , 
21.08.2026 14:45:00, , , , , , , , , , , , , , , , 
21.08.2026 14:48:00, ,693.8942308,92.51923136, , , ,0.433125001,0.518461544, ,-322.5576923,-2118.798077, ,152.9538445,136.0538447, , 
21.08.2026 14:49:00, , , , , , , , ,1510.076923, , , , , , , 
21.08.2026 14:50:00, , , , , , , , , , , , , , , , 
21.08.2026 14:51:00, , , , , , , , , , , ,1828.538462, , , , 
21.08.2026 14:52:00, , , , , ,59.75384668, , , , , , , , , , 
21.08.2026 14:53:00, , , ,60.23846113,69.63076958, , , , , , , , , , , 
21.08.2026 14:56:00,0.03125, , , , , , , , , , , , , , , 
21.08.2026 15:00:00, , , , , , , , , , , , , , , , 
21.08.2026 15:01:00, ,694.1682692,92.55577029, , , ,0.426201926,0.519759609, ,-322.9362981,-2125.240385, ,151.2846151,135.3384634, , 
21.08.2026 15:02:00, , , , , , , , ,1508.076923, , , , , , , 
21.08.2026 15:03:00, , , , , , , , , , , , , , , , 
21.08.2026 15:04:00, , , , , , , , , , , ,1818.666667, , , , 
21.08.2026 15:05:00, , , , , ,59.6846158, , , , , , , , , , 
21.08.2026 15:06:00, , , ,60.16923083,69.55384768, , , , , , , , , , , 
21.08.2026 15:09:00, , , , , , , , , , , , , , , , 
21.08.2026 15:10:00,0.0296875, , , , , , , , , , , , , , , 
21.08.2026 15:14:00, ,693.9393029,92.52524097, , , ,0.43423077,0.512307699, ,-328.5216346,-2132.471154, ,150.8769226,134.7000005, , 
21.08.2026 15:15:00, , , , , , , , ,1517.230769, , , , , , , 
21.08.2026 15:16:00, , , , , , , , , , , , , , , , 
21.08.2026 15:17:00, , , , , , , , , , , , , , , , 
21.08.2026 15:18:00, , , , , ,59.54615344, , , , , , , , , , 
21.08.2026 15:19:00, , , ,60.0615387,69.59230746, , , , , , , , , , , 
21.08.2026 15:22:00, , , , , , , , , , , , , , , , 
21.08.2026 15:23:00,0.035511364, , , , , , , , , , ,1682.2, , , , 
21.08.2026 15:27:00, ,694.171875,92.55625094, , , ,0.426875004,0.516105769, ,-315.1730769,-2089.990385, ,151.4076925,135.0538447, , 
21.08.2026 15:28:00, , , , , , , , ,1511.538462, , , , , , , 
21.08.2026 15:29:00, , , , , , , , , , , , , , , , 
21.08.2026 15:30:00, , , , , , , , , , , , , , , , 
21.08.2026 15:31:00, , , , , ,59.2615377, , , , , , , , , , 
21.08.2026 15:32:00, , , ,59.84615443,69.51538438, , , , , , , , , , , 
21.08.2026 15:35:00, , , , , , , , , , , , , , , , 
21.08.2026 15:37:00,0.03125, , , , , , , , , , , , , , , 
21.08.2026 15:38:00, , , , , , , , , , , ,1600, , , , 
21.08.2026 15:40:00, ,694.1502404,92.55336585, , , ,0.424567312,0.506009615, ,-313.9507212,-2153.634615, ,151.5230783,135.2615368, , 
21.08.2026 15:41:00, , , , , , , , ,1505.230769, , , , , , , 
21.08.2026 15:42:00, , , , , , , , , , , , , , , , 
21.08.2026 15:43:00, , , , , , , , , , , , , , , , 
21.08.2026 15:44:00, , , , , ,59.18461492, , , , , , , , , , 
21.08.2026 15:45:00, , , ,59.59230775,69.56923089, , , , , , , , , , , 
21.08.2026 15:48:00, , , , , , , , , , , , , , , , 
21.08.2026 15:50:00,0.0390625, , , , , , , , , , , , , , , 
21.08.2026 15:53:00, ,694.3143029,92.57524168, , , ,0.423894229,0.508076918, ,-327.3533654,-2103.153846,1600,151.7769224,134.9923072, , 
21.08.2026 15:54:00, , , , , , , , ,1497.692308, , , , , , , 
21.08.2026 15:55:00, , , , , , , , , , , , , , , , 
21.08.2026 15:56:00, , , , , , , , , , , , , , , , 
21.08.2026 15:57:00, , , , , ,59.14615308, , , , , , , , , , 
21.08.2026 15:58:00, , , ,59.58461468,69.48461562, , , , , , , , , , , 
21.08.2026 16:00:00, , , , , , , , , , , , , , , , 
21.08.2026 16:01:00, , , , , , , , , , , , , , , , 
21.08.2026 16:03:00,0.026988636, , , , , , , , , , , , , , , 
21.08.2026 16:06:00, ,694.2061298,92.56081801, , , ,0.437884615,0.513413461, ,-301.359375,-2109.115385, ,152.8153839,135.7923079, , 
21.08.2026 16:07:00, , , , , , , , ,1502.615385, , , , , , , 
21.08.2026 16:08:00, , , , , , , , , , , , , , , , 
21.08.2026 16:09:00, , , , , , , , , , , , , , , , 
21.08.2026 16:10:00, , , , , ,59.20769207, , , , , , , , , , 
21.08.2026 16:11:00, , , ,59.5615384,69.43076911, , , , , , , , , , , 
21.08.2026 16:14:00, , , , , , , , , , , , , , , , 
21.08.2026 16:15:00, , , , , , , , , , , ,1600, , , , 
21.08.2026 16:17:00,0.03125, , , , , , , , , , , , , , , 
21.08.2026 16:19:00, ,694.0727163,92.54302979, , , ,0.431682692,0.501442313, ,-315.796875,-2174.682692, ,150.0153856,134.7076944, , 
21.08.2026 16:20:00, , , , , , , , ,1510.461538, , , , , , , 
21.08.2026 16:21:00, , , , , , , , , , , , , , , , 
21.08.2026 16:22:00, , , , , , , , , , , , , , , , 
21.08.2026 16:23:00, , , , , ,59.16153864, , , , , , , , , , 
21.08.2026 16:24:00, , , ,59.64615396,69.16923112, , , , , , , , , , , 
21.08.2026 16:27:00, , , , , , , , , , , , , , , , 
21.08.2026 16:30:00,0.0390625, , , , , , , , , , ,1600, , , , 
21.08.2026 16:32:00, ,694.4909856,92.59879831, , , ,0.437163463,0.517836527, ,-330.9411058,-2078.846154, ,150.2769235,134.0846147, , 
21.08.2026 16:33:00, , , , , , , , ,1492.230769, , , , , , , 
21.08.2026 16:34:00, , , , , , , , , , , , , , , , 
21.08.2026 16:35:00, , , , , , , , , , , , , , , , 
21.08.2026 16:36:00, , , , , ,59.22307675, , , , , , , , , , 
21.08.2026 16:37:00, , , ,59.7538461,68.70769266, , , , , , , , , , , 
21.08.2026 16:40:00, , , , , , , , , , , , , , , , 
21.08.2026 16:43:00,0.0296875, , , , , , , , , , , , , , , 
21.08.2026 16:45:00, ,694.2277644,92.56370192, , , ,0.43418269,0.507451915, ,-361.6947115,-2185.336538,1600,152.1461546,135.1076907, , 
21.08.2026 16:46:00, , , , , , , , ,1503.692308, , , , , , , 
21.08.2026 16:47:00, , , , , , , , , , , , , , , , 
21.08.2026 16:48:00, , , , , , , , , , , , , , , , 
21.08.2026 16:49:00, , , , , ,59.13846119, , , , , , , , , , 
21.08.2026 16:50:00, , , ,59.94615467,68.89999977, , , , , , , , , , , 
21.08.2026 16:53:00, , , , , , , , , , , , , , , , 
21.08.2026 16:57:00,0.03125, , , , , , , , , , , , , , , 
21.08.2026 16:58:00, ,694.3683894,92.58245263, , , ,0.434999998,0.525721147, ,-293.7151442,-2114.009615, ,149.6461546,134.1769198,141.1333364, 
21.08.2026 16:59:00, , , , , , , , ,1502.923077, , , , , , , 
21.08.2026 17:00:00, , , , , , , , , , , ,1600, , , , 
21.08.2026 17:01:00, , , , , , , , , , , , , , , , 
21.08.2026 17:02:00, , , , , ,59.13076958, , , , , , , , , , 
21.08.2026 17:03:00, , , ,59.88461538,69.37692437, , , , , , , , , , , 
21.08.2026 17:06:00, , , , , , , , , , , , , , , , 
21.08.2026 17:10:00,0.035511364, , , , , , , , , , , , , , , 
21.08.2026 17:11:00, ,694.1772837,92.55697221, , , ,0.430336535,0.503221157, ,-313.8894231,-2108.153846, ,150.9923096,134.0538483,141.1000017, 
21.08.2026 17:12:00, , , , , , , , ,1514.769231, , , , , , , 
21.08.2026 17:13:00, , , , , , , , , , , , , , , , 
21.08.2026 17:14:00, , , , , , , , , , , , , , , , 
21.08.2026 17:15:00, , , , , ,59.19230769, , , , , ,1600, , , , 
21.08.2026 17:16:00, , , ,59.99230722,69.6999993, , , , , , , , , , , 
21.08.2026 17:19:00, , , , , , , , , , , , , , , , 
21.08.2026 17:23:00,0.0296875, , , , , , , , , , , , , , , 
21.08.2026 17:24:00, ,693.9933894,92.53245368, , , ,0.422932694,0.514663458, ,-479.5168269,-2261.451923, ,147.1384629,132.6153846,144.5615434, 
21.08.2026 17:25:00, , , , , , , , ,1542.461538, , , , , , , 
21.08.2026 17:26:00, , , , , , , , , , , , , , , , 
21.08.2026 17:27:00, , , , , , , , , , , , , , , , 
21.08.2026 17:28:00, , , , , ,59.16153864, , , , , , , , , , 
21.08.2026 17:29:00, , , ,60.19999959,69.81538508, , , , , , , , , , , 
21.08.2026 17:30:00, , , , , , , , , , , ,1600, , , , 
21.08.2026 17:32:00, , , , , , , , , , , , , , , , 
21.08.2026 17:36:00,0.03125, , , , , , , , , , , , , , , 
21.08.2026 17:37:00, ,693.9176683,92.52235589, , , ,0.431009616,0.514326921, ,-446.3293269,-2274.346154, ,142.2230765,128.3538478,144.9769264, 
21.08.2026 17:38:00, , , , , , , , ,1546.615385, , , , , , , 
21.08.2026 17:39:00, , , , , , , , , , , , , , , , 
21.08.2026 17:40:00, , , , , , , , , , , , , , , , 
21.08.2026 17:41:00, , , , , ,59.45384656, , , , , , , , , , 
21.08.2026 17:42:00, , , ,60.51538497,69.43077029, , , , , , , , , , , 
21.08.2026 17:45:00, , , , , , , , , , , ,1600, , , , 
21.08.2026 17:49:00,0.0390625, , , , , , , , , , , , , , , 
21.08.2026 17:50:00, ,693.8509615,92.51346236, , , ,0.440913459,0.510192303, ,-398.1959135,-2115.144231, ,143.1692317,127.8153839,144.5538506, 
21.08.2026 17:51:00, , , , , , , , ,1549.153846, , , , , , , 
21.08.2026 17:52:00, , , , , , , , , , , , , , , , 
21.08.2026 17:53:00, , , , , , , , , , , , , , , , 
21.08.2026 17:54:00, , , , , ,59.48461591, , , , , , , , , , 
21.08.2026 17:55:00, , , ,60.53846154,69.65384439, , , , , , , , , , , 
21.08.2026 17:58:00, , , , , , , , , , , , , , , , 
21.08.2026 18:00:00, , , , , , , , , , , ,1600, , , , 
21.08.2026 18:02:00,0.0296875, , , , , , , , , , , , , , , 
21.08.2026 18:03:00, ,694.1971154,92.55961668, , , ,0.436249997,0.514230769, ,-346.0456731,-2140.884615, ,146.4076925,130.130769,142.746156, 
21.08.2026 18:04:00, , , , , , , , ,1517.461538, , , , , , , 
21.08.2026 18:05:00, , , , , , , , , , , , , , , , 
21.08.2026 18:06:00, , , , , , , , , , , , , , , , 
21.08.2026 18:07:00, , , , , ,59.5, , , , , , , , , , 
21.08.2026 18:08:00, , , ,60.38461509,69.98461562, , , , , , , , , , , 
21.08.2026 18:11:00, , , , , , , , , , , , , , , , 
21.08.2026 18:13:00, , , , , , , , , , , ,1782.5, , , , 
21.08.2026 18:15:00, , , , , , , , , , , , , , , , 
21.08.2026 18:16:00,0.03125,694.2421875,92.5656257, , , ,0.420432694,0.518557686, ,-358.5036058,-2090.413462, ,150.9538457,132.7615392,142.1307725, 
21.08.2026 18:17:00, , , , , , , , ,1517, , , , , , , 
21.08.2026 18:18:00, , , , , , , , , , , , , , , , 
21.08.2026 18:19:00, , , , , , , , , , , , , , , , 
21.08.2026 18:20:00, , , , , ,59.50769278, , , , , , , , , , 
21.08.2026 18:21:00, , , ,60.11538432,69.92307751, , , , , , , , , , , 
21.08.2026 18:24:00, , , , , , , , , , , , , , , , 
21.08.2026 18:26:00, , , , , , , , , , , ,1806.307692, , , , 
21.08.2026 18:29:00,0.0390625,694.0348558,92.53798147, , , ,0.425576921,0.514711543, ,-366.2992788,-2203.163462, ,150.7923091,134.0230772,142.3153874, 
21.08.2026 18:30:00, , , , , , , , ,1516.923077, , , , , , , 
21.08.2026 18:31:00, , , , , , , , , , , , , , , , 
21.08.2026 18:32:00, , , , , , , , , , , , , , , , 
21.08.2026 18:33:00, , , , , ,59.40769225, , , , , , , , , , 
21.08.2026 18:34:00, , , ,59.82307698,69.53076876, , , , , , , , , , , 
21.08.2026 18:37:00, , , , , , , , , , , , , , , , 
21.08.2026 18:39:00, , , , , , , , , , , ,1781.538462, , , , 
21.08.2026 18:42:00,0.0296875,694.2728365,92.56971213, , , ,0.428509616,0.515624995, ,-323.5420673,-2143.557692, ,148.8615371,132.892307,140.9000045, 
21.08.2026 18:43:00, , , , , , , , ,1504.153846, , , , , , , 
21.08.2026 18:44:00, , , , , , , , , , , , , , , , 
21.08.2026 18:45:00, , , , , , , , , , , , , , , , 
21.08.2026 18:46:00, , , , , ,59.29230793, , , , , , , , , , 
21.08.2026 18:47:00, , , ,59.50769278,69.0615387, , , , , , , , , , , 
21.08.2026 18:50:00, , , , , , , , , , , , , , , , 
21.08.2026 18:52:00, , , , , , , , , , , ,1816.076923, , , , 
21.08.2026 18:55:00, ,694.40625,92.58750153, , , ,0.433749999,0.520721154, ,-259.4891827,-2062.009615, ,149.9307685,133.1846184,140.19231, 
21.08.2026 18:56:00, , , , , , , , ,1496.769231, , , , , , , 
21.08.2026 18:57:00,0.03125, , , , , , , , , , , , , , , 
21.08.2026 18:58:00, , , , , , , , , , , , , , , , 
21.08.2026 18:59:00, , , , , ,59.09230716, , , , , , , , , , 
21.08.2026 19:00:00, , , ,59.20769295,69.11538344, , , , , , , , , , , 
21.08.2026 19:03:00, , , , , , , , , , , , , , , , 
21.08.2026 19:05:00, , , , , , , , , , , ,1818.538462, , , , 
21.08.2026 19:08:00, ,693.9338942,92.52451911, , , ,0.445,0.521057697, ,-248.9206731,-2139.634615, ,148.1999993,133.27692,140.0461567, 
21.08.2026 19:09:00, , , , , , , , ,1499.615385, , , , , , , 
21.08.2026 19:10:00,0.035511364, , , , , , , , , , , , , , , 
21.08.2026 19:11:00, , , , , , , , , , , , , , , , 
21.08.2026 19:12:00, , , , , ,58.96153817, , , , , , , , , , 
21.08.2026 19:13:00, , , ,58.93076911,69.22307704, , , , , , , , , , , 
21.08.2026 19:15:00, , , , , , , , , , , , , , , , 
21.08.2026 19:16:00, , , , , , , , , , , , , , , , 
21.08.2026 19:18:00, , , , , , , , , , , ,1858.307692, , , , 
21.08.2026 19:21:00, ,694.2115385,92.56153928, , , ,0.428317308,0.528798078, ,-240.3353365,-2145.932692, ,146.1461546,131.253844,141.453848, 
21.08.2026 19:22:00, , , , , , , , ,1509.538462, , , , , , , 
21.08.2026 19:23:00,0.032986111, , , , , , , , , , , , , , , 
21.08.2026 19:24:00, , , , , , , , , , , , , , , , 
21.08.2026 19:25:00, , , , , ,58.76153829, , , , , , , , , , 
21.08.2026 19:26:00, , , ,58.69999988,69.29999953, , , , , , , , , , , 
21.08.2026 19:29:00, , , , , , , , , , , , , , , , 
21.08.2026 19:30:00, , , , , , , , , , , , , , , , 
21.08.2026 19:31:00, , , , , , , , , , , ,1825.846154, , , , 
21.08.2026 19:34:00, ,694.1448317,92.55264576, , , ,0.445384617,0.529038464, ,-280.5252404,-2156.365385, ,149.4153841,132.484618,141.4153888, 
21.08.2026 19:35:00, , , , , , , , ,1515.384615, , , , , , , 
21.08.2026 19:36:00,0.040625, , , , , , , , , , , , , , , 
21.08.2026 19:37:00, , , , , , , , , , , , , , , , 
21.08.2026 19:38:00, , , , , ,58.69230711, , , , , , , , , , 
21.08.2026 19:39:00, , , ,58.39230728,69.43846189, , , , , , , , , , , 
21.08.2026 19:42:00, , , , , , , , , , , , , , , , 
21.08.2026 19:44:00, , , , , , , , , , , ,1898.615385, , , , 
21.08.2026 19:45:00, , , , , , , , , , , , , , , , 
21.08.2026 19:47:00, ,694.265625,92.56875082, , , ,0.427644234,0.529663457, ,-181.6478365,-2035.278846, ,149.9076914,133.9076937,140.6230797, 
21.08.2026 19:48:00, , , , , , , , ,1502.615385, , , , , , , 
21.08.2026 19:49:00,0.0296875, , , , , , , , , , , , , , , 
21.08.2026 19:50:00, , , , , , , , , , , , , , , , 
21.08.2026 19:51:00, , , , , ,58.63846119, , , , , , , , , , 
21.08.2026 19:52:00, , , ,58.11538462,68.92307692, , , , , , , , , , , 
21.08.2026 19:55:00, , , , , , , , , , , , , , , , 
21.08.2026 19:57:00, , , , , , , , , , , ,1779.230769, , , , 
21.08.2026 20:00:00, ,694.3125,92.57500106, , , ,0.439278848,0.526826923, ,-232.3485577,-2076.346154, ,146.9307674,132,140.2384632, 
21.08.2026 20:01:00, , , , , , , , ,1503.230769, , , , , , , 
21.08.2026 20:02:00, , , , , , , , , , , , , , , , 
21.08.2026 20:03:00,0.0296875, , , , , , , , , , , , , , , 
21.08.2026 20:04:00, , , , , ,58.50000029, , , , , , , , , , 
21.08.2026 20:05:00, , , ,57.99999941,68.11538579, , , , , , , , , , , 
21.08.2026 20:08:00, , , , , , , , , , , , , , , , 
21.08.2026 20:10:00, , , , , , , , , , , ,1785.230769, , , , 
21.08.2026 20:13:00, ,694.1015625,92.54687559, , , ,0.438846155,0.530769231, ,-251.1814904,-2091.317308, ,149.4538445,132.3307695,141.7384655, 
21.08.2026 20:14:00, , , , , , , , ,1511.076923, , , , , , , 
21.08.2026 20:15:00, , , , , , , , , , , , , , , , 
21.08.2026 20:16:00,0.040625, , , , , , , , , , , , , , , 
21.08.2026 20:17:00, , , , , ,58.33076947, , , , , , , , , , 
21.08.2026 20:18:00, , , ,57.92307663,67.65384557, , , , , , , , , , , 
21.08.2026 20:21:00, , , , , , , , , , , , , , , , 
21.08.2026 20:23:00, , , , , , , , , , , ,1839.384615, , , , 
21.08.2026 20:26:00, ,694.1971154,92.55961668, , , ,0.439326921,0.514374999, ,-265.4603365,-2089.826923, ,149.7769235,133.4769205,140.7538487, 
21.08.2026 20:27:00, , , , , , , , ,1501.923077, , , , , , , 
21.08.2026 20:28:00, , , , , , , , , , , , , , , , 
21.08.2026 20:29:00,0.0296875, , , , , , , , , , , , , , , 
21.08.2026 20:30:00, , , , , ,58.30000041, , , , , , , , , , 
21.08.2026 20:31:00, , , ,57.71538456,67.48461503, , , , , , , , , , , 
21.08.2026 20:34:00, , , , , , , , , , , , , , , , 
21.08.2026 20:36:00, , , , , , , , , , , ,1837.461538, , , , 
21.08.2026 20:39:00, ,694.0727163,92.5430292, , , ,0.438221159,0.529086533, ,-234.8257212,-2117.730769, ,147.0923063,131.9923072,141.6923136, 
21.08.2026 20:40:00, , , , , , , , ,1516, , , , , , , 
21.08.2026 20:41:00, , , , , , , , , , , , , , , , 
21.08.2026 20:42:00,0.032986111, , , , , , , , , , , , , , , 
21.08.2026 20:43:00, , , , , ,58.1846155, , , , , , , , , , 
21.08.2026 20:44:00, , , ,57.5692303,67.9923084, , , , , , , , , , , 
21.08.2026 20:45:00, , , , , , , , , , , , , , , , 
21.08.2026 20:47:00, , , , , , , , , , , , , , , , 
21.08.2026 20:49:00, , , , , , , , , , , ,1892.461538, , , , 
21.08.2026 20:52:00, ,693.9663462,92.52884733, , , ,0.421634617,0.523269232, ,-259.5288462,-2043.076923, ,146.6769233,130.8076911,141.8846189, 
21.08.2026 20:53:00, , , , , , , , ,1514.846154, , , , , , , 
21.08.2026 20:54:00, , , , , , , , , , , , , , , , 
21.08.2026 20:55:00,0.03125, , , , , , , , , , , , , , , 
21.08.2026 20:56:00, , , , , ,58.17692272, , , , , , , , , , 
21.08.2026 20:57:00, , , ,57.66923053,67.77692296, , , , , , , , , , , 
21.08.2026 21:00:00, , , , , , , , , , , , , , , , 
21.08.2026 21:02:00, , , , , , , , , , , ,1860.923077, , , , 
21.08.2026 21:05:00, ,694.0564904,92.54086656, , , ,0.428942311,0.524519228, ,-289.9903846,-2145.230769, ,150.261538,132.8384611,141.9692324, 
21.08.2026 21:06:00, , , , , , , , ,1513.153846, , , , , , , 
21.08.2026 21:07:00, , , , , , , , , , , , , , , , 
21.08.2026 21:08:00,0.0390625, , , , , , , , , , , , , , , 
21.08.2026 21:09:00, , , , , ,58.08461497, , , , , , , , , , 
21.08.2026 21:10:00, , , ,57.53846154,67.72307645, , , , , , , , , , , 
21.08.2026 21:13:00, , , , , , , , , , , , , , , , 
21.08.2026 21:15:00, , , , , , , , , , , ,1887.769231, , , , 
21.08.2026 21:18:00, ,694.0132212,92.5350958, , , ,0.418846156,0.519326925, ,-217.9074519,-2065.576923, ,148.2230776,132.876925,141.1230809, 
21.08.2026 21:19:00, , , , , , , , ,1509.461538, , , , , , , 
21.08.2026 21:20:00, , , , , , , , , , , , , , , , 
21.08.2026 21:21:00,0.0296875, , , , , , , , , , , , , , , 
21.08.2026 21:22:00, , , , , ,58.02307745, , , , , , , , , , 
21.08.2026 21:23:00, , , ,57.37692349,67.68461492, , , , , , , , , , , 
21.08.2026 21:26:00, , , , , , , , , , , , , , , , 
21.08.2026 21:28:00, , , , , , , , , , , ,1867.307692, , , , 
21.08.2026 21:30:00, , , , , , , , , , , , , , , , 
21.08.2026 21:31:00, ,694.0907452,92.54543304, , , ,0.433557694,0.530961534, ,-248.3185096,-2134.951923, ,146.1461534,131.453848,141.2461583, 
21.08.2026 21:32:00, , , , , , , , ,1511.846154, , , , , , , 
21.08.2026 21:33:00, , , , , , , , , , , , , , , , 
21.08.2026 21:34:00,0.03125, , , , , , , , , , , , , , , 
21.08.2026 21:35:00, , , , , ,57.88461568, , , , , , , , , , 
21.08.2026 21:36:00, , , ,57.33846166,67.74615479, , , , , , , , , , , 
21.08.2026 21:39:00, , , , , , , , , , , , , , , , 
21.08.2026 21:41:00, , , , , , , , , , , ,1847.769231, , , , 
21.08.2026 21:44:00, ,693.9861779,92.53149062, , , ,0.423221155,0.51485577, ,-275.5925481,-2043.355769, ,148.1538485,132.1076918,141.7153884, 
21.08.2026 21:45:00, , , , , , , , ,1510.307692, , , , , , , 
21.08.2026 21:46:00, , , , , , , , , , , , , , , , 
21.08.2026 21:47:00,0.0390625, , , , , , , , , , , , , , , 
21.08.2026 21:48:00, , , , , ,57.88461568, , , , , , , , , , 
21.08.2026 21:49:00, , , ,57.28461603,67.85384721, , , , , , , , , , , 
21.08.2026 21:52:00, , , , , , , , , , , , , , , , 
21.08.2026 21:54:00, , , , , , , , , , , ,1876.461538, , , , 
21.08.2026 21:57:00, ,694.015024,92.53533759, , , ,0.42903846,0.511009615, ,-236.8305288,-2056.75, ,151.4076925,134.4846144,141.2307716, 
21.08.2026 21:58:00, , , , , , , , ,1507.692308, , , , , , , 
21.08.2026 21:59:00, , , , , , , , , , , , , , , , 
21.08.2026 22:00:00,0.0296875, , , , , , , , , , , , , , , 
21.08.2026 22:01:00, , , , , ,57.76153917, , , , , , , , , , 
21.08.2026 22:02:00, , , ,57.09230746,67.95384568, , , , , , , , , , , 
21.08.2026 22:05:00, , , , , , , , , , , , , , , , 
21.08.2026 22:07:00, , , , , , , , , , , ,1830, , , , 
21.08.2026 22:10:00, ,694.0024038,92.53365443, , , ,0.425480767,0.528028846, ,-233.4519231,-2066.721154, ,149.7153872,134.4307709,140.8538478, 
21.08.2026 22:11:00, , , , , , , , ,1508.307692, , , , , , , 
21.08.2026 22:12:00, , , , , , , , , , , , , , , , 
21.08.2026 22:14:00, , , , , ,57.7461539, , , , , , , , , , 
21.08.2026 22:15:00,0.03125, , ,56.98461621,68.33076888, , , , , , , , , , , 
21.08.2026 22:18:00, , , , , , , , , , , , , , , , 
21.08.2026 22:20:00, , , , , , , , , , , ,1887, , , , 
21.08.2026 22:23:00, ,693.984375,92.53125059, , , ,0.42923077,0.527019226, ,-200.7548077,-2017.615385, ,146.5692291,132.2076909,141.5846182, 
21.08.2026 22:24:00, , , , , , , , ,1512.461538, , , , , , , 
21.08.2026 22:25:00, , , , , , , , , , , , , , , , 
21.08.2026 22:27:00, , , , , ,57.53076847, , , , , , , , , , 
21.08.2026 22:28:00,0.035511364, , ,56.97692314,67.39230816, , , , , , , , , , , 
21.08.2026 22:30:00, , , , , , , , , , , , , , , , 
21.08.2026 22:31:00, , , , , , , , , , , , , , , , 
21.08.2026 22:33:00, , , , , , , , , , , ,1783, , , , 
21.08.2026 22:36:00, ,694.1808894,92.55745228, , , ,0.429519227,0.529278845, ,-291.1153846,-2071.855769, ,148.7538464,132.1999993,142.8307718, 
21.08.2026 22:37:00, , , , , , , , ,1520.769231, , , , , , , 
21.08.2026 22:38:00, , , , , , , , , , , , , , , , 
21.08.2026 22:40:00, , , , , ,57.48461562, , , , , , , , , , 
21.08.2026 22:41:00,0.032986111, , ,56.91538473,66.81538391, , , , , , , , , , , 
21.08.2026 22:44:00, , , , , , , , , , , , , , , , 
21.08.2026 22:45:00, , , , , , , , , , , , , , , , 
21.08.2026 22:46:00, , , , , , , , , , , ,1868.692308, , , , 
21.08.2026 22:49:00, ,693.84375,92.51250106, , , ,0.435240386,0.533846151, ,-254.4699519,-2103.375, ,150.7076932,134.1384606,140.9846191, 
21.08.2026 22:50:00, , , , , , , , ,1506.769231, , , , , , , 
21.08.2026 22:51:00, , , , , , , , , , , , , , , , 
21.08.2026 22:53:00, , , , , ,57.50769219, , , , , , , , , , 
21.08.2026 22:54:00, , , ,56.84615385,67.29230793, , , , , , , , , , , 
21.08.2026 22:55:00,0.03125, , , , , , , , , , , , , , , 
21.08.2026 22:57:00, , , , , , , , , , , , , , , , 
21.08.2026 22:59:00, , , , , , , , , , , ,1854.307692, , , , 
21.08.2026 23:00:00, , , , , , , , , , , , , , , , 
21.08.2026 23:02:00, ,694.1520433,92.55360765, , , ,0.438653847,0.528028846, ,-241.9290865,-2062.201923, ,150.4769217,134.0999967,141.6000073, 
21.08.2026 23:03:00, , , , , , , , ,1512.307692, , , , , , , 
21.08.2026 23:04:00, , , , , , , , , , , , , , , , 
21.08.2026 23:06:00, , , , , ,57.57692278, , , , , , , , , , 
21.08.2026 23:07:00, , , ,56.77692296,67.03076876, , , , , , , , , , , 
21.08.2026 23:08:00,0.035511364, , , , , , , , , , , , , , , 
21.08.2026 23:10:00, , , , , , , , , , , , , , , , 
21.08.2026 23:12:00, , , , , , , , , , , ,1837.076923, , , , 
21.08.2026 23:15:00, ,693.9789663,92.53053049, , , ,0.430240386,0.520000002, ,-239.9350962,-2070.211538, ,148.5153844,133.6307702,141.2538499, 
21.08.2026 23:16:00, , , , , , , , ,1511, , , , , , , 
21.08.2026 23:17:00, , , , , , , , , , , , , , , , 
21.08.2026 23:19:00, , , , , ,57.63846148, , , , , , , , , , 
21.08.2026 23:20:00, , , ,56.69230799,66.68461609, , , , , , , , , , , 
21.08.2026 23:22:00,0.0296875, , , , , , , , , , , , , , , 
21.08.2026 23:23:00, , , , , , , , , , , , , , , , 
21.08.2026 23:25:00, , , , , , , , , , , ,1848.384615, , , , 
21.08.2026 23:28:00, ,693.9645433,92.52860612, , , ,0.430192308,0.526875003, ,-275.8485577,-2103.269231, ,151.8307695,134.3999998,141.2923114, 
21.08.2026 23:29:00, , , , , , , , ,1509.769231, , , , , , , 
21.08.2026 23:30:00, , , , , , , , , , , , , , , , 
21.08.2026 23:32:00, , , , , ,57.630769, , , , , , , , , , 
21.08.2026 23:33:00, , , ,56.59230716,66.97692343, , , , , , , , , , , 
21.08.2026 23:35:00,0.040625, , , , , , , , , , , , , , , 
21.08.2026 23:36:00, , , , , , , , , , , , , , , , 
21.08.2026 23:38:00, , , , , , , , , , , ,1907.384615, , , , 
21.08.2026 23:41:00, ,693.968149,92.52908736, , , ,0.436250001,0.516875001, ,-235.8713942,-2021.336538, ,152.0769243,135.9461564,140.6538485, 
21.08.2026 23:42:00, , , , , , , , ,1502.384615, , , , , , , 
21.08.2026 23:43:00, , , , , , , , , , , , , , , , 
21.08.2026 23:45:00, , , , , ,57.46923124, , , , , , , , , , 
21.08.2026 23:46:00, , , ,56.53076964,66.91538415, , , , , , , , , , , 
21.08.2026 23:48:00,0.0296875, , , , , , , , , , , , , , , 
21.08.2026 23:49:00, , , , , , , , , , , , , , , , 
21.08.2026 23:51:00, , , , , , , , , , , ,1826.384615, , , , 
21.08.2026 23:54:00, ,693.8545673,92.5139436, , , ,0.439086534,0.537596152, ,-270.1550481,-2089.903846, ,149.3999986,134.2384608,141.6307713, 
21.08.2026 23:55:00, , , , , , , , ,1513.615385, , , , , , , 
21.08.2026 23:56:00, , , , , , , , , , , , , , , , 
21.08.2026 23:58:00, , , , , ,57.37692349, , , , , , , , , , 
21.08.2026 23:59:00, , , ,56.38461538,66.53076935, , , , , , , , , , , 
22.08.2026 00:00:00, , , , , , , , , , , , , , , , 
22.08.2026 00:01:00,0.032986111, , , , , , , , , , , , , , , 
22.08.2026 00:02:00, , , , , , , , , , , , , , , , 
22.08.2026 00:04:00, , , , , , , , , , , ,1836.692308, , , , 
22.08.2026 00:07:00, ,693.9266827,92.52355781, , , ,0.41533654,0.523413456, ,-264.7427885,-2093.480769, ,149.5461531,133.5230783,141.6923124, 
22.08.2026 00:08:00, , , , , , , , ,1510.461538, , , , , , , 
22.08.2026 00:09:00, , , , , , , , , , , , , , , , 
22.08.2026 00:11:00, , , , , ,57.42307722, , , , , , , , , , 
22.08.2026 00:12:00, , , ,56.47692284,66.81538567, , , , , , , , , , , 
22.08.2026 00:14:00,0.03125, , , , , , , , , , , , , , , 
22.08.2026 00:15:00, , , , , , , , , , , , , , , , 
22.08.2026 00:17:00, , , , , , , , , , , ,1803.153846, , , , 
22.08.2026 00:20:00, ,693.9501202,92.52668293, , , ,0.427499998,0.521442312, ,-221.7223558,-2092.788462, ,152.8307695,135.7076897,139.6076942, 
22.08.2026 00:21:00, , , , , , , , ,1497.076923, , , , , , , 
22.08.2026 00:22:00, , , , , , , , , , , , , , , , 
22.08.2026 00:24:00, , , , , ,57.50769219, , , , , , , , , , 
22.08.2026 00:25:00, , , ,56.26923106,67.00769278, , , , , , , , , , , 
22.08.2026 00:27:00,0.0390625, , , , , , , , , , , , , , , 
22.08.2026 00:28:00, , , , , , , , , , , , , , , , 
22.08.2026 00:30:00, , , , , , , , , , , ,1886.692308, , , , 
22.08.2026 00:33:00, ,693.8852163,92.51803002, , , ,0.425192308,0.527644235, ,-182.3617788,-2071.355769, ,151.3153839,136.1000002,141.1769268, 
22.08.2026 00:34:00, , , , , , , , ,1506.230769, , , , , , , 
22.08.2026 00:35:00, , , , , , , , , , , , , , , , 
22.08.2026 00:37:00, , , , , ,57.46153846, , , , , , , , , , 
22.08.2026 00:38:00, , , ,56.34615443,67.27692355, , , , , , , , , , , 
22.08.2026 00:40:00,0.0296875, , , , , , , , , , , , , , , 
22.08.2026 00:41:00, , , , , , , , , , , , , , , , 
22.08.2026 00:43:00, , , , , , , , , , , ,1779.076923, , , , 
22.08.2026 00:45:00, , , , , , , , , , , , , , , , 
22.08.2026 00:46:00, ,693.9086538,92.52115572, , , ,0.43245192,0.530432694, ,-205.21875,-2031.134615, ,149.8230802,135.1615389,140.9076972, 
22.08.2026 00:47:00, , , , , , , , ,1509.384615, , , , , , , 
22.08.2026 00:48:00, , , , , , , , , , , , , , , , 
22.08.2026 00:50:00, , , , , ,57.61538462, , , , , , , , , , 
22.08.2026 00:51:00, , , ,56.4384616,67.00769219, , , , , , , , , , , 
22.08.2026 00:54:00,0.03125, , , , , , , , , , , , , , , 
22.08.2026 00:56:00, , , , , , , , , , , ,1847.076923, , , , 
22.08.2026 00:59:00, ,694.0709135,92.54278975, , , ,0.410384614,0.517836534, ,-226.6081731,-2024.423077, ,147.992306,133.561541,142.3000031, 
22.08.2026 01:00:00, , , , , , , , ,1516.923077, , , , , , , 
22.08.2026 01:03:00, , , , , ,57.5692303, , , , , , , , , , 
22.08.2026 01:04:00, , , ,56.48461562,66.99230722, , , , , , , , , , , 
22.08.2026 01:05:00, , , , , , , , , , , , , , , , 
22.08.2026 01:07:00,0.035511364, , , , , , , , , , , , , , , 
22.08.2026 01:09:00, , , , , , , , , , , ,1801.461538, , , , 
22.08.2026 01:12:00, ,693.8491587,92.51322291, , , ,0.431971156,0.521778852, ,-229.9723558,-2087.490385, ,151.5923086,135.0615387,141.2846175, 
22.08.2026 01:13:00, , , , , , , , ,1511.692308, , , , , , , 
22.08.2026 01:15:00, , , , , , , , , , , , , , , , 
22.08.2026 01:16:00, , , , , ,57.47692314, , , , , , , , , , 
22.08.2026 01:17:00, , , ,56.48461562,66.93077029, , , , , , , , , , , 
22.08.2026 01:18:00, , , , , , , , , , , , , , , , 
22.08.2026 01:20:00, , , , , , , , , , , , , , , , 
22.08.2026 01:22:00,0.0296875, , , , , , , , , , ,1751.153846, , , , 
22.08.2026 01:25:00, ,693.9050481,92.52067331, , , ,0.43230769,0.528269231, ,-217.6478365,-2027.913462, ,152.8307718,136.8461527,140.7538499, 
22.08.2026 01:26:00, , , , , , , , ,1500, , , , , , , 
22.08.2026 01:29:00, , , , , ,57.43076941, , , , , , , , , , 
22.08.2026 01:30:00, , , ,56.300001,66.76923194, , , , , , , , , , , 
22.08.2026 01:31:00, , , , , , , , , , , , , , , , 
22.08.2026 01:33:00, , , , , , , , , , , , , , , , 
22.08.2026 01:35:00,0.036931818, , , , , , , , , , ,1835.461538, , , , 
22.08.2026 01:38:00, ,693.8816106,92.51754937, , , ,0.432980771,0.527644226, ,-159.609375,-2050.807692, ,149.5230772,135.3846142,140.9538492, 
22.08.2026 01:39:00, , , , , , , , ,1511.307692, , , , , , , 
22.08.2026 01:42:00, , , , , ,57.44615408, , , , , , , , , , 
22.08.2026 01:43:00, , , ,56.38461538,66.59230746, , , , , , , , , , , 
22.08.2026 01:44:00, , , , , , , , , , , , , , , , 
22.08.2026 01:45:00, , , , , , , , , , , , , , , , 
22.08.2026 01:46:00, , , , , , , , , , , , , , , , 
22.08.2026 01:48:00, , , , , , , , , , , ,1793.461538, , , , 
22.08.2026 01:49:00,0.0296875, , , , , , , , , , , , , , , 
22.08.2026 01:51:00, ,693.5895433,92.47860659, , , ,0.426778846,0.530576921, ,-237.5841346,-2065.394231, ,149.1846137,134.3846142,141.3461562, 
22.08.2026 01:52:00, , , , , , , , ,1508.461538, , , , , , , 
22.08.2026 01:55:00, , , , , ,57.45384656, , , , , , , , , , 
22.08.2026 01:56:00, , , ,56.26923106,66.43846189, , , , , , , , , , , 
22.08.2026 01:57:00, , , , , , , , , , , , , , , , 
22.08.2026 01:59:00, , , , , , , , , , , , , , , , 
22.08.2026 02:00:00, , , , , , , , , , , , , , , , 
22.08.2026 02:01:00, , , , , , , , , , , ,1904.384615, , , , 
22.08.2026 02:02:00,0.036931818, , , , , , , , , , , , , , , 
22.08.2026 02:04:00, ,693.4146635,92.45528999, , , ,0.432932691,0.522115386, ,-244.8966346,-2103.125, ,153.9692312,136.8538466,141.2846198, 
22.08.2026 02:05:00, , , , , , , , ,1518.846154, , , , , , , 
22.08.2026 02:08:00, , , , , ,57.42307722, , , , , , , , , , 
22.08.2026 02:09:00, , , ,56.35384633,66.10769301, , , , , , , , , , , 
22.08.2026 02:10:00, , , , , , , , , , , , , , , , 
22.08.2026 02:12:00, , , , , , , , , , , , , , , , 
22.08.2026 02:14:00, , , , , , , , , , , ,1828.538462, , , , 
22.08.2026 02:15:00,0.0296875, , , , , , , , , , , , , , , 
22.08.2026 02:17:00, ,693.9429087,92.52572221, , , ,0.415528845,0.521490381, ,-161.6610577,-2042.961538, ,153.6999993,138.3461538,140.3615406, 
22.08.2026 02:18:00, , , , , , , , ,1503, , , , , , , 
22.08.2026 02:21:00, , , , , ,57.48461533, , , , , , , , , , 
22.08.2026 02:22:00, , , ,56.19999959,66.1846155, , , , , , , , , , , 
22.08.2026 02:23:00, , , , , , , , , , , , , , , , 
22.08.2026 02:25:00, , , , , , , , , , , , , , , , 
22.08.2026 02:27:00, , , , , , , , , , , ,1882.153846, , , , 
22.08.2026 02:28:00,0.032986111, , , , , , , , , , , , , , , 
22.08.2026 02:30:00, ,693.6796875,92.49062582, , , ,0.429375002,0.525192297, ,-238.0348558,-2069.086538, ,150.3153839,136.4153841,140.6307737, 
22.08.2026 02:31:00, , , , , , , , ,1503.846154, , , , , , , 
22.08.2026 02:34:00, , , , , ,57.49230781, , , , , , , , , , 
22.08.2026 02:35:00, , , ,56.26923106,66.10000023, , , , , , , , , , , 
22.08.2026 02:36:00, , , , , , , , , , , , , , , , 
22.08.2026 02:38:00, , , , , , , , , , , , , , , , 
22.08.2026 02:40:00, , , , , , , , , , , ,1859.230769, , , , 
22.08.2026 02:41:00,0.032986111, , , , , , , , , , , , , , , 
22.08.2026 02:43:00, ,693.8924279,92.51899132, , , ,0.427836535,0.519423074, ,-247.0384615,-2056.076923, ,149.9923072,135.2846175,140.1692364, 
22.08.2026 02:44:00, , , , , , , , ,1499.230769, , , , , , , 
22.08.2026 02:45:00, , , , , , , , , , , , , , , , 
22.08.2026 02:47:00, , , , , ,57.52307657, , , , , , , , , , 
22.08.2026 02:48:00, , , ,56.36153881,66, , , , , , , , , , , 
22.08.2026 02:49:00, , , , , , , , , , , , , , , , 
22.08.2026 02:51:00, , , , , , , , , , , , , , , , 
22.08.2026 02:53:00, , , , , , , , , , , ,1889.076923, , , , 
22.08.2026 02:54:00,0.03125, , , , , , , , , , , , , , , 
22.08.2026 02:56:00, ,693.8978365,92.51971201, , , ,0.430048076,0.521057691, ,-218.1057692,-2079.163462, ,155.2076921,137.8153863,139.8461574, 
22.08.2026 02:57:00, , , , , , , , ,1496.923077, , , , , , , 
22.08.2026 03:00:00, , , , , ,57.4384616, , , , , , , , , , 
22.08.2026 03:01:00, , , ,56.32307728,65.93846189, , , , , , , , , , , 
22.08.2026 03:02:00, , , , , , , , , , , , , , , , 
22.08.2026 03:04:00, , , , , , , , , , , , , , , , 
22.08.2026 03:06:00, , , , , , , , , , , ,1824, , , , 
22.08.2026 03:07:00,0.0390625, , , , , , , , , , , , , , , 
22.08.2026 03:09:00, ,693.9122596,92.5216352, , , ,0.422644235,0.517500004, ,-244.4026442,-2080.471154, ,154.8384634,139.4461564,137.876925, 
22.08.2026 03:10:00, , , , , , , , ,1477.384615, , , , , , , 
22.08.2026 03:13:00, , , , , ,57.40000035, , , , , , , , , , 
22.08.2026 03:14:00, , , ,56.13846119,66.23076923, , , , , , , , , , , 
22.08.2026 03:15:00, , , , , , , , , , , , , , , , 
22.08.2026 03:17:00, , , , , , , , , , , , , , , , 
22.08.2026 03:19:00, , , , , , , , , , , ,1855.538462, , , , 
22.08.2026 03:20:00,0.0296875, , , , , , , , , , , , , , , 
22.08.2026 03:22:00, ,693.6364183,92.48485624, , , ,0.446682694,0.534326934, ,-192.0432692,-2024.913462, ,151.7461548,137.4769217,140.0000035, 
22.08.2026 03:23:00, , , , , , , , ,1502.461538, , , , , , , 
22.08.2026 03:26:00, , , , , ,57.39230816, , , , , , , , , , 
22.08.2026 03:27:00, , , ,56.20769207,64.82307669, , , , , , , , , , , 
22.08.2026 03:28:00, , , , , , , , , , , , , , , , 
22.08.2026 03:30:00, , , , , , , , , , , , , , , , 
22.08.2026 03:32:00, , , , , , , , , , , ,1751.769231, , , , 
22.08.2026 03:34:00,0.03125, , , , , , , , , , , , , , , 
22.08.2026 03:35:00, ,693.8004808,92.50673147, , , ,0.439759619,0.522692323, ,-206.2427885,-2011.365385, ,150.6923077,136.369231,140.5230795, 
22.08.2026 03:36:00, , , , , , , , ,1500.846154, , , , , , , 
22.08.2026 03:39:00, , , , , ,57.30769231, , , , , , , , , , 
22.08.2026 03:40:00, , , ,56.2461542,61.23846201, , , , , , , , , , , 
22.08.2026 03:41:00, , , , , , , , , , , , , , , , 
22.08.2026 03:43:00, , , , , , , , , , , , , , , , 
22.08.2026 03:45:00, , , , , , , , , , , ,1838.769231, , , , 
22.08.2026 03:47:00,0.0390625, , , , , , , , , , , , , , , 
22.08.2026 03:48:00, ,693.9104567,92.52139517, , , ,0.451730772,0.523798078, ,-228.0829327,-2072.480769, ,153.5153856,137.2538464,138.7307704, 
22.08.2026 03:49:00, , , , , , , , ,1485.615385, , , , , , , 
22.08.2026 03:52:00, , , , , ,57.23076923, , , , , , , , , , 
22.08.2026 03:53:00, , , ,56.29230822,58.66153834, , , , , , , , , , , 
22.08.2026 03:54:00, , , , , , , , , , , , , , , , 
22.08.2026 03:56:00, , , , , , , , , , , , , , , , 
22.08.2026 03:58:00, , , , , , , , , , , ,1825.153846, , , , 
22.08.2026 04:00:00,0.0296875, , , , , , , , , , , , , , , 
22.08.2026 04:01:00, ,693.4435096,92.4591352, , , ,0.435961538,0.519711536, ,-223.1430288,-2039.336538, ,153.353849,137.9999988,140.3615417, 
22.08.2026 04:02:00, , , , , , , , ,1501.384615, , , , , , , 
22.08.2026 04:05:00, , , , , ,57.27692267, , , , , , , , , , 
22.08.2026 04:06:00, , , ,56.29230763,56.97692343, , , , , , , , , , , 
22.08.2026 04:07:00, , , , , , , , , , , , , , , , 
22.08.2026 04:09:00, , , , , , , , , , , , , , , , 
22.08.2026 04:11:00, , , , , , , , , , , ,1812.923077, , , , 
22.08.2026 04:14:00,0.03125,693.813101,92.50841464, , , ,0.452019233,0.533653846, ,-218.0985577,-2051.75, ,152.6615401,137.3076911,139.353849, 
22.08.2026 04:15:00, , , , , , , , ,1494.692308, , , , , , , 
22.08.2026 04:18:00, , , , , ,57.33076976, , , , , , , , , , 
22.08.2026 04:19:00, , , ,56.16153834,55.86923071, , , , , , , , , , , 
22.08.2026 04:20:00, , , , , , , , , , , , , , , , 
22.08.2026 04:22:00, , , , , , , , , , , , , , , , 
22.08.2026 04:24:00, , , , , , , , , , , ,1803.692308, , , , 
22.08.2026 04:27:00,0.032986111,693.8239183,92.509856, , , ,0.458124998,0.524471155, ,-205.2439904,-2038.769231, ,152.6230786,137.5461555,139.1153881, 
22.08.2026 04:28:00, , , , , , , , ,1486.230769, , , , , , , 
22.08.2026 04:30:00, , , , , , , , , , , , , , , , 
22.08.2026 04:31:00, , , , , ,57.28461544, , , , , , , , , , 
22.08.2026 04:32:00, , , ,56.16153834,55.47692255, , , , , , , , , , , 
22.08.2026 04:33:00, , , , , , , , , , , , , , , , 
22.08.2026 04:35:00, , , , , , , , , , , , , , , , 
22.08.2026 04:37:00, , , , , , , , , , , ,1881.923077, , , , 
22.08.2026 04:40:00,0.035511364,693.9140625,92.52187641, , , ,0.450865386,0.52932692, ,-219.6165865,-1969.192308, ,155.1307678,139.0769243,138.9538469, 
22.08.2026 04:41:00, , , , , , , , ,1486.923077, , , , , , , 
22.08.2026 04:44:00, , , , , ,57.26923106, , , , , , , , , , 
22.08.2026 04:45:00, , , ,56.10769213,55.05384621, , , , , , , , , , , 
22.08.2026 04:46:00, , , , , , , , , , , , , , , , 
22.08.2026 04:48:00, , , , , , , , , , , , , , , , 
22.08.2026 04:50:00, , , , , , , , , , , ,1814.307692, , , , 
22.08.2026 04:53:00, ,693.8311298,92.51081789, , , ,0.457211545,0.526009615, ,-222.1478365,-2030.432692, ,152.7769235,138.0615387,139.0000023, 
22.08.2026 04:54:00,0.03125, , , , , , , ,1486.692308, , , , , , , 
22.08.2026 04:57:00, , , , , ,57.3000007, , , , , , , , , , 
22.08.2026 04:58:00, , , ,56.08461497,54.29230763, , , , , , , , , , , 
22.08.2026 04:59:00, , , , , , , , , , , , , , , , 
22.08.2026 05:00:00, , , , , , , , , , , , , , , , 
22.08.2026 05:01:00, , , , , , , , , , , , , , , , 
22.08.2026 05:03:00, , , , , , , , , , , ,1891.615385, , , , 
22.08.2026 05:06:00, ,693.9050481,92.52067507, , , ,0.450528846,0.528653853, ,-175.7487981,-2008.875, ,152.6923089,137.8769226,139.2692331, 
22.08.2026 05:07:00,0.0390625, , , , , , , ,1492, , , , , , , 
22.08.2026 05:10:00, , , , , ,57.35384662, , , , , , , , , , 
22.08.2026 05:11:00, , , ,56.15384586,53.6846155, , , , , , , , , , , 
22.08.2026 05:12:00, , , , , , , , , , , , , , , , 
22.08.2026 05:13:00, , , , , , , , , , , , , , , , 
22.08.2026 05:14:00, , , , , , , , , , , , , , , , 
22.08.2026 05:15:00, , , , , , , , , , , , , , , , 
22.08.2026 05:16:00, , , , , , , , , , , ,1855.769231, , , , 
22.08.2026 05:19:00, ,693.7319712,92.49759733, , , ,0.453990386,0.523028848, ,-233.3112981,-2047.211538, ,155.0307711,138.4615373,139.7076968, 
22.08.2026 05:20:00,0.032986111, , , , , , , ,1491.076923, , , , , , , 
22.08.2026 05:23:00, , , , , ,57.44615437, , , , , , , , , , 
22.08.2026 05:24:00, , , ,56.25384639,53.48461533, , , , , , , , , , , 
22.08.2026 05:25:00, , , , , , , , , , , , , , , , 
22.08.2026 05:26:00, , , , , , , , , , , , , , , , 
22.08.2026 05:27:00, , , , , , , , , , , , , , , , 
22.08.2026 05:29:00, , , , , , , , , , , ,1843.615385, , , , 
22.08.2026 05:30:00, , , , , , , , , , , , , , , , 
22.08.2026 05:32:00, ,693.7067308,92.494231, , , ,0.450961535,0.530624997, ,-216.5588942,-2031.384615, ,154.3538454,139.630769,139.4307709, 
22.08.2026 05:33:00,0.03125, , , , , , , ,1492, , , , , , , 
22.08.2026 05:36:00, , , , , ,57.47692343, , , , , , , , , , 
22.08.2026 05:37:00, , , ,56.23846113,53.18461609, , , , , , , , , , , 
22.08.2026 05:38:00, , , , , , , , , , , , , , , , 
22.08.2026 05:39:00, , , , , , , , , , , , , , , , 
22.08.2026 05:40:00, , , , , , , , , , , , , , , , 
22.08.2026 05:42:00, , , , , , , , , , , ,1761.538462, , , , 
22.08.2026 05:45:00, ,694.0402644,92.53870216, , , ,0.449134623,0.51875, ,-221.8161058,-1992.480769, ,153.7307657,138.761538,137.546159, 
22.08.2026 05:46:00, , , , , , , , ,1475.076923, , , , , , , 
22.08.2026 05:47:00,0.0296875, , , , , , , , , , , , , , , 
22.08.2026 05:49:00, , , , , ,57.58461556, , , , , , , , , , 
22.08.2026 05:50:00, , , ,56.28461544,54.36153881, , , , , , , , , , , 
22.08.2026 05:51:00, , , , , , , , , , , , , , , , 
22.08.2026 05:52:00, , , , , , , , , , , , , , , , 
22.08.2026 05:53:00, , , , , , , , , , , , , , , , 
22.08.2026 05:55:00, , , , , , , , , , , ,1756.615385, , , , 
22.08.2026 05:58:00, ,693.9104567,92.52139634, , , ,0.446201923,0.516249998, ,-257.1814904,-2082.653846, ,152.6923053,138.0384627,138.9769287, 
22.08.2026 05:59:00, , , , , , , , ,1489.769231, , , , , , , 
22.08.2026 06:00:00,0.0390625, , , , , , , , , , , , , , , 
22.08.2026 06:02:00, , , , , ,57.40000035, , , , , , , , , , 
22.08.2026 06:03:00, , , ,56.30769231,58.82307639, , , , , , , , , , , 
22.08.2026 06:04:00, , , , , , , , , , , , , , , , 
22.08.2026 06:05:00, , , , , , , , , , , , , , , , 
22.08.2026 06:06:00, , , , , , , , , , , , , , , , 
22.08.2026 06:08:00, , , , , , , , , , , ,1858.230769, , , , 
22.08.2026 06:11:00, ,693.6544471,92.48726067, , , ,0.43620193,0.515673073, ,-203.6105769,-2066.923077, ,155.8538478,139.0230795,139.6692317, 
22.08.2026 06:12:00, , , , , , , , ,1493.692308, , , , , , , 
22.08.2026 06:13:00,0.03125, , , , , , , , , , , , , , , 
22.08.2026 06:15:00, , , , , ,57.43076911, , , , , , , , , , 
22.08.2026 06:16:00, , , ,56.32307728,61.19230769, , , , , , , , , , , 
22.08.2026 06:17:00, , , , , , , , , , , , , , , , 
22.08.2026 06:18:00, , , , , , , , , , , , , , , , 
22.08.2026 06:19:00, , , , , , , , , , , , , , , , 
22.08.2026 06:21:00, , , , , , , , , , , ,1839.461538, , , , 
22.08.2026 06:24:00, ,693.625601,92.48341428, , , ,0.448413464,0.523173078, ,-236.6754808,-2085.423077, ,156.2538452,140.3461515,138.1461581, 
22.08.2026 06:25:00, , , , , , , , ,1485.384615, , , , , , , 
22.08.2026 06:27:00,0.0296875, , , , , , , , , , , , , , , 
22.08.2026 06:28:00, , , , , ,57.54615344, , , , , , , , , , 
22.08.2026 06:29:00, , , ,56.29230822,62.40769284, , , , , , , , , , , 
22.08.2026 06:30:00, , , , , , , , , , , , , , , , 
22.08.2026 06:31:00, , , , , , , , , , , , , , , , 
22.08.2026 06:32:00, , , , , , , , , , , , , , , , 
22.08.2026 06:34:00, , , , , , , , , , , ,1838.923077, , , , 
22.08.2026 06:37:00, ,693.7265625,92.49687547, , , ,0.443894233,0.524711536, ,-213.9122596,-2060.730769, ,155.3461538,139.6999969,138.5461567, 
22.08.2026 06:38:00, , , , , , , , ,1479.384615, , , , , , , 
22.08.2026 06:40:00,0.032986111, , , , , , , , , , , , , , , 
22.08.2026 06:41:00, , , , , ,57.55384621, , , , , , , , , , 
22.08.2026 06:42:00, , , ,56.29230793,62.869231, , , , , , , , , , , 
22.08.2026 06:43:00, , , , , , , , , , , , , , , , 
22.08.2026 06:44:00, , , , , , , , , , , , , , , , 
22.08.2026 06:45:00, , , , , , , , , , , , , , , , 
22.08.2026 06:47:00, , , , , , , , , , , ,1819.384615, , , , 
22.08.2026 06:50:00, ,693.7554087,92.50072186, , , ,0.441250003,0.516346154, ,-186.4182692,-1999.721154, ,154.3769226,139.1153846,138.5307735, 
22.08.2026 06:51:00, , , , , , , , ,1491.461538, , , , , , , 
22.08.2026 06:53:00,0.036931818, , , , , , , , , , , , , , , 
22.08.2026 06:54:00, , , , , ,57.58461497, , , , , , , , , , 
22.08.2026 06:55:00, , , ,56.28461515,63.03846095, , , , , , , , , , , 
22.08.2026 06:56:00, , , , , , , , , , , , , , , , 
22.08.2026 06:57:00, , , , , , , , , , , , , , , , 
22.08.2026 06:58:00, , , , , , , , , , , , , , , , 
22.08.2026 07:00:00, , , , , , , , , , , ,1834.307692, , , , 
22.08.2026 07:03:00, ,693.7139423,92.49519348, , , ,0.440673078,0.524423081, ,-250.9435096,-2084.490385, ,156.6384618,140.738462,138.807697, 
22.08.2026 07:04:00, , , , , , , , ,1477.307692, , , , , , , 
22.08.2026 07:07:00,0.0296875, , , , ,57.52307657, , , , , , , , , , 
22.08.2026 07:08:00, , , ,56.30000012,63.60769243, , , , , , , , , , , 
22.08.2026 07:09:00, , , , , , , , , , , , , , , , 
22.08.2026 07:10:00, , , , , , , , , , , , , , , , 
22.08.2026 07:11:00, , , , , , , , , , , , , , , , 
22.08.2026 07:13:00, , , , , , , , , , , ,1873, , , , 
22.08.2026 07:15:00, , , , , , , , , , , , , , , , 
22.08.2026 07:16:00, ,693.4813702,92.46418351, , , ,0.441826928,0.525000008, ,-226.4387019,-2104.961538, ,157.0461531,141.4076925,139.1230821, 
22.08.2026 07:17:00, , , , , , , , ,1495, , , , , , , 
22.08.2026 07:20:00,0.0390625, , , , ,57.52307686, , , , , , , , , , 
22.08.2026 07:21:00, , , ,56.23076894,64.15384645, , , , , , , , , , , 
22.08.2026 07:22:00, , , , , , , , , , , , , , , , 
22.08.2026 07:23:00, , , , , , , , , , , , , , , , 
22.08.2026 07:24:00, , , , , , , , , , , , , , , , 
22.08.2026 07:26:00, , , , , , , , , , , ,1790.846154, , , , 
22.08.2026 07:29:00, ,693.499399,92.46658736, , , ,0.449278845,0.537596152, ,-206.4951923,-2049.346154, ,157.5615387,142.3538443,139.3846189, 
22.08.2026 07:30:00, , , , , , , , ,1489.153846, , , , , , , 
22.08.2026 07:33:00,0.03125, , , , ,57.64615367, , , , , , , , , , 
22.08.2026 07:34:00, , , ,56.130769,64, , , , , , , , , , , 
22.08.2026 07:35:00, , , , , , , , , , , , , , , , 
22.08.2026 07:36:00, , , , , , , , , , , , , , , , 
22.08.2026 07:37:00, , , , , , , , , , , , , , , , 
22.08.2026 07:39:00, , , , , , , , , , , ,1830.692308, , , , 
22.08.2026 07:42:00, ,693.4453125,92.45937523, , , ,0.452403846,0.536057697, ,-226.6334135,-2034.413462, ,155.9153865,141.1769221,140.0538471, 
22.08.2026 07:43:00, , , , , , , , ,1493.923077, , , , , , , 
22.08.2026 07:45:00, , , , , , , , , , , , , , , , 
22.08.2026 07:46:00, , , , , ,57.5615387, , , , , , , , , , 
22.08.2026 07:47:00, , , ,56.12307681,63.16923053, , , , , , , , , , , 
22.08.2026 07:48:00,0.0296875, , , , , , , , , , , , , , , 
22.08.2026 07:49:00, , , , , , , , , , , , , , , , 
22.08.2026 07:50:00, , , , , , , , , , , , , , , , 
22.08.2026 07:52:00, , , , , , , , , , , ,1792.384615, , , , 
22.08.2026 07:55:00, ,693.813101,92.50841405, , , ,0.437740388,0.527499997, ,-183.6454327,-2059.278846, ,156.4230757,141.0692315,138.069235, 
22.08.2026 07:56:00, , , , , , , , ,1478.076923, , , , , , , 
22.08.2026 07:59:00, , , , , ,57.53846183, , , , , , , , , , 
22.08.2026 08:00:00, , , , ,63.40000035, , , , , , , , , , , 
22.08.2026 08:01:00,0.0296875, , , , , , , , , , , , , , , 
22.08.2026 08:02:00, , , , , , , , , , , , , , , , 
22.08.2026 08:03:00, , , , , , , , , , , , , , , , 
22.08.2026 08:04:00, , , ,56.22307645, , , , , , , , , , , , 
22.08.2026 08:05:00, , , , , , , , , , , ,1857.076923, , , , 
22.08.2026 08:08:00, ,693.4200721,92.45601008, , , ,0.436009618,0.517499997, ,-273.0829327,-2076.365385, ,157.5538459,141.7846151,139.1384653, 
22.08.2026 08:09:00, , , , , , , , ,1495.384615, , , , , , , 
22.08.2026 08:12:00, , , , , ,57.67692302, , , , , , , , , , 
22.08.2026 08:13:00, , , , ,63.21538456, , , , , , , , , , , 
22.08.2026 08:14:00,0.036931818, , , , , , , , , , , , , , , 
22.08.2026 08:15:00, , , , , , , , , , , , , , , , 
22.08.2026 08:16:00, , , , , , , , , , , , , , , , 
22.08.2026 08:17:00, , , ,56.18888855, , , , , , , , , , , , 
22.08.2026 08:18:00, , , , , , , , , , , ,1849.076923, , , , 
22.08.2026 08:21:00, ,693.593149,92.47908607, , , ,0.454903846,0.528701924, ,-216.7716346,-2028.403846, ,153.6615401,139.715386,139.72308, 
22.08.2026 08:22:00, , , , , , , , ,1487.769231, , , , , , , 
22.08.2026 08:25:00, , , , , ,57.80000012, , , , , , , , , , 
22.08.2026 08:26:00, , , , ,63.03076876, , , , , , , , , , , 
22.08.2026 08:27:00,0.032986111, , , , , , , , , , , , , , , 
22.08.2026 08:28:00, , , , , , , , , , , , , , , , 
22.08.2026 08:29:00, , , , , , , , , , , , , , , , 
22.08.2026 08:30:00, , , , , , , , , , , , , , , , 
22.08.2026 08:31:00, , , ,56.50000032, , , , , , , ,1836.692308, , , , 
22.08.2026 08:34:00, ,693.8563702,92.51418363, , , ,0.443413459,0.519903848, ,-291.8185096,-2056.980769, ,153.0000012,138.3000007,139.3923105, 
22.08.2026 08:35:00, , , , , , , , ,1490.461538, , , , , , , 
22.08.2026 08:38:00, , , , , ,58.02307716, , , , , , , , , , 
22.08.2026 08:39:00, , , , ,63.6230771, , , , , , , , , , , 
22.08.2026 08:40:00,0.0296875, , , , , , , , , , , , , , , 
22.08.2026 08:41:00, , , , , , , , , , , , , , , , 
22.08.2026 08:42:00, , , , , , , , , , , , , , , , 
22.08.2026 08:44:00, , , ,56.68888897, , , , , , , ,1847.923077, , , , 
22.08.2026 08:45:00, , , , , , , , , , , , , , , , 
22.08.2026 08:47:00, ,693.6003606,92.48004913, , , ,0.43923077,0.529375003, ,-279.9591346,-2075.596154, ,154.4307697,138.5461531,140.1538497, 
22.08.2026 08:48:00, , , , , , , , ,1499, , , , , , , 
22.08.2026 08:51:00, , , , , ,57.96153875, , , , , , , , , , 
22.08.2026 08:52:00, , , , ,63.59230834, , , , , , , , , , , 
22.08.2026 08:53:00,0.040625, , , , , , , , , , , , , , , 
22.08.2026 08:54:00, , , , , , , , , , , , , , , , 
22.08.2026 08:55:00, , , , , , , , , , , , , , , , 
22.08.2026 08:57:00, , , ,56.82000008, , , , , , , ,1801.769231, , , , 
22.08.2026 09:00:00, ,693.4344952,92.45793387, , , ,0.436153845,0.525865383, ,-278.8197115,-2064.980769, ,156.5538459,140.7230765,140.4923119, 
22.08.2026 09:01:00, , , , , , , , ,1506.923077, , , , , , , 
22.08.2026 09:04:00, , , , , ,58.02307686, , , , , , , , , , 
22.08.2026 09:05:00, , , , ,63.70769266, , , , , , , , , , , 
22.08.2026 09:06:00,0.0296875, , , , , , , , , , , , , , , 
22.08.2026 09:07:00, , , , , , , , , , , , , , , , 
22.08.2026 09:08:00, , , , , , , , , , , , , , , , 
22.08.2026 09:10:00, , , ,56.9285717, , , , , , , ,1807, , , , 
22.08.2026 09:13:00, ,693.4651442,92.46202029, , , ,0.449423079,0.527019233, ,-259.7379808,-2101.211538, ,155.9615408,139.9230793,140.4230781, 
22.08.2026 09:14:00, , , , , , , , ,1502, , , , , , , 
22.08.2026 09:15:00, , , , , , , , , , , , , , , , 
22.08.2026 09:17:00, , , , , ,58.21538426, , , , , , , , , , 
22.08.2026 09:18:00, , , , ,63.69230769, , , , , , , , , , , 
22.08.2026 09:19:00, , , , , , , , , , , , , , , , 
22.08.2026 09:20:00,0.0296875, , , , , , , , , , , , , , , 
22.08.2026 09:21:00, , , , , , , , , , , , , , , , 
22.08.2026 09:23:00, , , ,57.03076876, , , , , , , ,1788.153846, , , , 
22.08.2026 09:26:00, ,693.8311298,92.51081789, , , ,0.434278846,0.518942306, ,-314.0012019,-2081.692308, ,157.5461531,140.3999986,139.700004, 
22.08.2026 09:27:00, , , , , , , , ,1492.769231, , , , , , , 
22.08.2026 09:30:00, , , , , ,58.29230793, , , , , , , , , , 
22.08.2026 09:31:00, , , , ,63.87692378, , , , , , , , , , , 
22.08.2026 09:32:00, , , , , , , , , , , , , , , , 
22.08.2026 09:33:00,0.032986111, , , , , , , , , , , , , , , 
22.08.2026 09:34:00, , , , , , , , , , , , , , , , 
22.08.2026 09:36:00, , , ,57.3153845, , , , , , , ,1830.076923, , , , 
22.08.2026 09:39:00, ,693.84375,92.51250047, , , ,0.455528844,0.519134615, ,-259.4783654,-2064.730769, ,157.5769219,141.7384608,137.9230781, 
22.08.2026 09:40:00, , , , , , , , ,1477.923077, , , , , , , 
22.08.2026 09:43:00, , , , , ,58.32307786, , , , , , , , , , 
22.08.2026 09:44:00, , , , ,63.46923065, , , , , , , , , , , 
22.08.2026 09:45:00, , , , , , , , , , , , , , , , 
22.08.2026 09:46:00,0.036931818, , , , , , , , , , , , , , , 
22.08.2026 09:47:00, , , , , , , , , , , , , , , , 
22.08.2026 09:49:00, , , ,57.39999977, , , , , , , ,1770.461538, , , , 
22.08.2026 09:52:00, ,693.796875,92.50625082, , , ,0.452548077,0.528894227, ,-253.1322115,-1997.067308, ,157.7461548,141.0615399,139.2923126, 
22.08.2026 09:53:00, , , , , , , , ,1491.846154, , , , , , , 
22.08.2026 09:56:00, , , , , ,58.46153846, , , , , , , , , , 
22.08.2026 09:57:00, , , , ,63.30000041, , , , , , , , , , , 
22.08.2026 09:58:00, , , , , , , , , , , , , , , , 
22.08.2026 09:59:00, , , , , , , , , , , , , , , , 
22.08.2026 10:00:00,0.0296875, , , , , , , , , , , , , , , 
22.08.2026 10:02:00, , , ,57.58461527, , , , , , , ,1802.076923, , , , 
22.08.2026 10:05:00, ,693.65625,92.48750012, , , ,0.447355768,0.518653849, ,-255.4903846,-2035.634615, ,159.3615394,142.7615403,138.9923119, 
22.08.2026 10:06:00, , , , , , , , ,1483.769231, , , , , , , 
22.08.2026 10:09:00, , , , , ,58.49230722, , , , , , , , , , 
22.08.2026 10:10:00, , , , ,63.70769178, , , , , , , , , , , 
22.08.2026 10:11:00, , , , , , , , , , , , , , , , 
22.08.2026 10:12:00, , , , , , , , , , , , , , , , 
22.08.2026 10:13:00,0.040625, , , , , , , , , , , , , , , 
22.08.2026 10:15:00, , , ,57.69999959, , , , , , , ,1754, , , , 
22.08.2026 10:18:00, ,693.7409856,92.49879808, , , ,0.448461537,0.538846158, ,-278.0264423,-2069.509615, ,157.6384606,141.2153825,139.1692329, 
22.08.2026 10:19:00, , , , , , , , ,1491.461538, , , , , , , 
22.08.2026 10:22:00, , , , , ,58.59230716, , , , , , , , , , 
22.08.2026 10:23:00, , , , ,63.94615349, , , , , , , , , , , 
22.08.2026 10:24:00, , , , , , , , , , , , , , , , 
22.08.2026 10:25:00, , , , , , , , , , , , , , , , 
22.08.2026 10:26:00,0.032986111, , , , , , , , , , , , , , , 
22.08.2026 10:28:00, , , ,57.91538444, , , , , , , ,1885.230769, , , , 
22.08.2026 10:30:00, , , , , , , , , , , , , , , , 
22.08.2026 10:31:00, ,693.733774,92.49783795, , , ,0.44274039,0.524278852, ,-368.1598558,-2139.653846, ,161.376925,143.1923077,139.5230795, 
22.08.2026 10:32:00, , , , , , , , ,1481.846154, , , , , , , 
22.08.2026 10:35:00, , , , , ,58.70769207, , , , , , , , , , 
22.08.2026 10:36:00, , , , ,64.21538397, , , , , , , , , , , 
22.08.2026 10:37:00, , , , , , , , , , , , , , , , 
22.08.2026 10:38:00, , , , , , , , , , , , , , , , 
22.08.2026 10:39:00, , , , , , , , , , , , , , , , 
22.08.2026 10:41:00,0.026988636, , ,57.94615408, , , , , , , ,1748.923077, , , , 
22.08.2026 10:44:00, ,693.7067308,92.49423218, , , ,0.438798075,0.534663462, ,-362.1923077,-2159.557692, ,163.4615385,145.9461553,138.1692341, 
22.08.2026 10:45:00, , , , , , , , ,1484.846154, , , , , , , 
22.08.2026 10:48:00, , , , , ,58.84615385, , , , , , , , , , 
22.08.2026 10:49:00, , , , ,64.37692378, , , , , , , , , , , 
22.08.2026 10:50:00, , , , , , , , , , , , , , , , 
22.08.2026 10:51:00, , , , , , , , , , , , , , , , 
22.08.2026 10:52:00, , , , , , , , , , , , , , , , 
22.08.2026 10:54:00,0.036931818, , ,58.09999994, , , , , , , ,1793.230769, , , , 
22.08.2026 10:57:00, ,693.8473558,92.5129823, , , ,0.440240383,0.521298083, ,-348.3317308,-2167.153846, ,161.1538462,144.653845,138.4384648, 
22.08.2026 10:58:00, , , , , , , , ,1481.692308, , , , , , , 
22.08.2026 11:00:00, , , , , , , , , , , , , , , , 
22.08.2026 11:01:00, , , , , ,59.05384621, , , , , , , , , , 
22.08.2026 11:02:00, , , , ,64.46153787, , , , , , , , , , , 
22.08.2026 11:03:00, , , , , , , , , , , , , , , , 
22.08.2026 11:04:00, , , , , , , , , , , , , , , , 
22.08.2026 11:05:00, , , , , , , , , , , , , , , , 
22.08.2026 11:07:00, , , ,58.27692296, , , , , , , ,1831.307692, , , , 
22.08.2026 11:09:00,0.0296875, , , , , , , , , , , , , , , 
22.08.2026 11:10:00, ,693.4092548,92.45456813, , , ,0.445432695,0.531105766, ,-405.0144231,-2255.576923, ,163.669227,145.4000021,138.7153895, 
22.08.2026 11:11:00, , , , , , , , ,1490.153846, , , , , , , 
22.08.2026 11:14:00, , , , , ,59.09999965, , , , , , , , , , 
22.08.2026 11:15:00, , , , ,64.95384568, , , , , , , , , , , 
22.08.2026 11:16:00, , , , , , , , , , , , , , , , 
22.08.2026 11:17:00, , , , , , , , , , , , , , , , 
22.08.2026 11:18:00, , , , , , , , , , , , , , , , 
22.08.2026 11:20:00, , , ,58.06923089, , , , , , , ,1802.384615, , , , 
22.08.2026 11:22:00,0.032986111, , , , , , , , , , , , , , , 
22.08.2026 11:23:00, ,693.8888221,92.51851008, , , ,0.43822115,0.521057697, ,-350.7728365,-2082.019231, ,165.3846177,148.0538471,137.9923131, 
22.08.2026 11:24:00, , , , , , , , ,1479.230769, , , , , , , 
22.08.2026 11:27:00, , , , , ,58.81538479, , , , , , , , , , 
22.08.2026 11:28:00, , , , ,65.16923171, , , , , , , , , , , 
22.08.2026 11:29:00, , , , , , , , , , , , , , , , 
22.08.2026 11:30:00, , , , , , , , , , , , , , , , 
22.08.2026 11:31:00, , , , , , , , , , , , , , , , 
22.08.2026 11:33:00, , , ,58, , , , , , , ,1763.846154, , , , 
22.08.2026 11:35:00,0.036931818, , , , , , , , , , , , , , , 
22.08.2026 11:36:00, ,693.9861779,92.53149121, , , ,0.434711534,0.530288453, ,-299.8305288,-2108.961538, ,161.9538469,145.8461538,138.2230788, 
22.08.2026 11:37:00, , , , , , , , ,1481.384615, , , , , , , 
22.08.2026 11:40:00, , , , , ,58.92307692, , , , , , , , , , 
22.08.2026 11:41:00, , , , ,65.08461468, , , , , , , , , , , 
22.08.2026 11:42:00, , , , , , , , , , , , , , , , 
22.08.2026 11:43:00, , , , , , , , , , , , , , , , 
22.08.2026 11:44:00, , , , , , , , , , , , , , , , 
22.08.2026 11:45:00, , , , , , , , , , , , , , , , 
22.08.2026 11:46:00, , , ,58.06923118, , , , , , , ,1754.384615, , , , 
22.08.2026 11:48:00,0.032986111, , , , , , , , , , , , , , , 
22.08.2026 11:49:00, ,694.0564904,92.54086656, , , ,0.44653846,0.524519235, ,-347.8918269,-2172.211538, ,163.5769231,145.7769235,137.2615415, 
22.08.2026 11:50:00, , , , , , , , ,1471.153846, , , , , , , 
22.08.2026 11:53:00, , , , , ,58.89230846, , , , , , , , , , 
22.08.2026 11:54:00, , , , ,64.23076894, , , , , , , , , , , 
22.08.2026 11:55:00, , , , , , , , , , , , , , , , 
22.08.2026 11:56:00, , , , , , , , , , , , , , , , 
22.08.2026 11:57:00, , , , , , , , , , , , , , , , 
22.08.2026 11:59:00, , , ,58.02307716, , , , , , , ,1736.153846, , , , 
22.08.2026 12:00:00, , , , , , , , , , , , , , , , 
22.08.2026 12:01:00,0.026988636, , , , , , , , , , , , , , , 
22.08.2026 12:02:00, ,694.0132212,92.53509698, , , ,0.450096153,0.532932687, ,-306.3641827,-2151.5, ,163.1307702,146.6384618,137.1153858, 
22.08.2026 12:03:00, , , , , , , , ,1467, , , , , , , 
22.08.2026 12:06:00, , , , , ,58.95384627, , , , , , , , , , 
22.08.2026 12:07:00, , , , ,63.66923112, , , , , , , , , , , 
22.08.2026 12:08:00, , , , , , , , , , , , , , , , 
22.08.2026 12:09:00, , , , , , , , , , , , , , , , 
22.08.2026 12:10:00, , , , , , , , , , , , , , , , 
22.08.2026 12:12:00, , , ,57.96153875, , , , , , , ,1778.846154, , , , 
22.08.2026 12:14:00,0.040625, , , , , , , , , , , , , , , 
22.08.2026 12:15:00, ,694.2584135,92.56778893, , , ,0.462499999,0.520288458, ,-350.3473558,-2153.067308, ,159.4307697,143.8538466,138.6846173, 
22.08.2026 12:16:00, , , , , , , , ,1486.076923, , , , , , , 
22.08.2026 12:19:00, , , , , ,58.92307722, , , , , , , , , , 
22.08.2026 12:20:00, , , , ,63.92307663, , , , , , , , , , , 
22.08.2026 12:21:00, , , , , , , , , , , , , , , , 
22.08.2026 12:22:00, , , , , , , , , , , , , , , , 
22.08.2026 12:23:00, , , , , , , , , , , , , , , , 
22.08.2026 12:25:00, , , ,58.16923053, , , , , , , ,1793.307692, , , , 
22.08.2026 12:27:00,0.0296875, , , , , , , , , , , , , , , 
22.08.2026 12:28:00, ,693.9176683,92.52235647, , , ,0.464471152,0.518413466, ,-361.1790865,-2136, ,162.8384599,144.7769235,139.5307711, 
22.08.2026 12:29:00, , , , , , , , ,1489.615385, , , , , , , 
22.08.2026 12:30:00, , , , , , , , , , , , , , , , 
22.08.2026 12:32:00, , , , , ,59.19999959, , , , , , , , , , 
22.08.2026 12:33:00, , , , ,64.58461585, , , , , , , , , , , 
22.08.2026 12:34:00, , , , , , , , , , , , , , , , 
22.08.2026 12:35:00, , , , , , , , , , , , , , , , 
22.08.2026 12:36:00, , , , , , , , , , , , , , , , 
22.08.2026 12:38:00, , , ,58.36153852, , , , , , , ,1746.538462, , , , 
22.08.2026 12:41:00, ,694.1304087,92.55072198, , , ,0.441634614,0.526057697, ,-352.4927885,-2116.442308, ,164.1538462,146.753844,138.0538506, 
22.08.2026 12:42:00,0.0296875, , , , , , , ,1485.923077, , , , , , , 
22.08.2026 12:45:00, , , , , ,59.56923059, , , , , , , , , , 
22.08.2026 12:46:00, , , , ,64.59230746, , , , , , , , , , , 
22.08.2026 12:47:00, , , , , , , , , , , , , , , , 
22.08.2026 12:48:00, , , , , , , , , , , , , , , , 
22.08.2026 12:49:00, , , , , , , , , , , , , , , , 
22.08.2026 12:51:00, , , ,58.5692303, , , , , , , ,1816.692308, , , , 
22.08.2026 12:54:00, ,694.5378606,92.60504855, , , ,0.432836539,0.502836544, ,-297.8942308,-2094.759615, ,161.5846159,145.4846144,137.176928, 
22.08.2026 12:55:00,0.040625, , , , , , , ,1464.230769, , , , , , , 
22.08.2026 12:58:00, , , , , ,59.49230781, , , , , , , , , , 
22.08.2026 12:59:00, , , , ,64.61538462, , , , , , , , , , , 
22.08.2026 13:00:00, , , , , , , , , , , , , , , , 
22.08.2026 13:01:00, , , , , , , , , , , , , , , , 
22.08.2026 13:02:00, , , , , , , , , , , , , , , , 
22.08.2026 13:04:00, , , ,58.40769254, , , , , , , ,1739.538462, , , , 
22.08.2026 13:07:00, ,694.4116587,92.58822221, , , ,0.428653845,0.519663467, ,-370.9939904,-2093.163462, ,159.3769238,143.4846144,137.5230819, 
22.08.2026 13:08:00,0.0296875, , , , , , , ,1476.923077, , , , , , , 
22.08.2026 13:11:00, , , , , ,59.34615385, , , , , , , , , , 
22.08.2026 13:12:00, , , , ,64.54615373, , , , , , , , , , , 
22.08.2026 13:13:00, , , , , , , , , , , , , , , , 
22.08.2026 13:14:00, , , , , , , , , , , , , , , , 
22.08.2026 13:15:00, , , , , , , , , , , , , , , , 
22.08.2026 13:17:00, , , ,58.53846154, , , , , , , ,1776.153846, , , , 
22.08.2026 13:20:00, ,694.202524,92.56033736, , , ,0.448894233,0.512019235, ,-336.7103365,-2196.942308, ,161.4999988,144.0692315,138.9846168, 
22.08.2026 13:21:00, , , , , , , , ,1488.923077, , , , , , , 
22.08.2026 13:22:00,0.0296875, , , , , , , , , , , , , , , 
22.08.2026 13:24:00, , , , , ,59.33846195, , , , , , , , , , 
22.08.2026 13:25:00, , , , ,64.66923053, , , , , , , , , , , 
22.08.2026 13:26:00, , , , , , , , , , , , , , , , 
22.08.2026 13:27:00, , , , , , , , , , , , , , , , 
22.08.2026 13:28:00, , , , , , , , , , , , , , , , 
22.08.2026 13:30:00, , , ,58.77692296, , , , , , , ,1819.769231, , , , 
22.08.2026 13:33:00, ,694.1592548,92.5545666, , , ,0.450192307,0.527548079, ,-353.34375,-2176.701923, ,164.8153839,146.6000002,138.3538478, 
22.08.2026 13:34:00, , , , , , , , ,1482.692308, , , , , , , 
22.08.2026 13:35:00,0.040625, , , , , , , , , , , , , , , 
22.08.2026 13:37:00, , , , , ,59.66923083, , , , , , , , , , 
22.08.2026 13:38:00, , , , ,64.4384613, , , , , , , , , , , 
22.08.2026 13:39:00, , , , , , , , , , , , , , , , 
22.08.2026 13:40:00, , , , , , , , , , , , , , , , 
22.08.2026 13:41:00, , , , , , , , , , , , , , , , 
22.08.2026 13:43:00, , , ,58.79230763, , , , , , , ,1761.692308, , , , 
22.08.2026 13:45:00, , , , , , , , , , , , , , , , 
22.08.2026 13:46:00, ,694.108774,92.5478363, , , ,0.451586542,0.522980759, ,-301.1538462,-2122.375, ,163.2230776,146.5615387,138.2461548, 
22.08.2026 13:47:00, , , , , , , , ,1472.615385, , , , , , , 
22.08.2026 13:48:00,0.0296875, , , , , , , , , , , , , , , 
22.08.2026 13:50:00, , , , , ,59.77692296, , , , , , , , , , 
22.08.2026 13:51:00, , , , ,64.96153846, , , , , , , , , , , 
22.08.2026 13:52:00, , , , , , , , , , , , , , , , 
22.08.2026 13:53:00, , , , , , , , , , , , , , , , 
22.08.2026 13:54:00, , , , , , , , , , , , , , , , 
22.08.2026 13:56:00, , , ,58.79230763, , , , , , , ,1751.461538, , , , 
22.08.2026 13:59:00, ,694.5540865,92.60721236, , , ,0.423750002,0.525096155, ,-307.3990385,-2137.615385, ,163.0153832,146.1461534,137.2076956, 
22.08.2026 14:00:00, , , , , , , , ,1471.923077, , , , , , , 
22.08.2026 14:02:00,0.0296875, , , , , , , , , , , , , , , 
22.08.2026 14:03:00, , , , , ,59.94615437, , , , , , , , , , 
22.08.2026 14:04:00, , , , ,65.48461562, , , , , , , , , , , 
22.08.2026 14:05:00, , , , , , , , , , , , , , , , 
22.08.2026 14:06:00, , , , , , , , , , , , , , , , 
22.08.2026 14:07:00, , , , , , , , , , , , , , , , 
22.08.2026 14:09:00, , , ,59.11538403, , , , , , , ,1728.769231, , , , 
22.08.2026 14:12:00, ,694.0817308,92.54423171, , , ,0.426298077,0.506490389, ,-442.9939904,-2218.115385, ,165.4538445,147.6230762,138.484618, 
22.08.2026 14:13:00, , , , , , , , ,1487.923077, , , , , , , 
22.08.2026 14:15:00,0.032986111, , , , , , , , , , , , , , , 
22.08.2026 14:16:00, , , , , ,60.12307651, , , , , , , , , , 
22.08.2026 14:17:00, , , , ,65.3153845, , , , , , , , , , , 
22.08.2026 14:18:00, , , , , , , , , , , , , , , , 
22.08.2026 14:19:00, , , , , , , , , , , , , , , , 
22.08.2026 14:20:00, , , , , , , , , , , , , , , , 
22.08.2026 14:22:00, , , ,59.32307698, , , , , , , ,1758.230769, , , , 
22.08.2026 14:25:00, ,694.1340144,92.55120204, , , ,0.441682692,0.526778854, ,-380.7259615,-2083.076923, ,164.3384611,147.3000007,138.1307737, 
22.08.2026 14:26:00, , , , , , , , ,1482.384615, , , , , , , 
22.08.2026 14:28:00,0.040625, , , , , , , , , , , , , , , 
22.08.2026 14:29:00, , , , , ,60.45384686, , , , , , , , , , 
22.08.2026 14:30:00, , , , ,65.91538473, , , , , , , , , , , 
22.08.2026 14:31:00, , , , , , , , , , , , , , , , 
22.08.2026 14:32:00, , , , , , , , , , , , , , , , 
22.08.2026 14:33:00, , , , , , , , , , , , , , , , 
22.08.2026 14:35:00, , , ,59.47692255, , , , , , , ,1783.923077, , , , 
22.08.2026 14:38:00, ,694.0420673,92.53894336, , , ,0.439326928,0.515480761, ,-428.5600962,-2187.288462, ,165.3230755,147.3384634,138.246156, 
22.08.2026 14:39:00, , , , , , , , ,1483.923077, , , , , , , 
22.08.2026 14:41:00,0.0296875, , , , , , , , , , , , , , , 
22.08.2026 14:42:00, , , , , ,60.62307651, , , , , , , , , , 
22.08.2026 14:43:00, , , , ,65.96923065, , , , , , , , , , , 
22.08.2026 14:44:00, , , , , , , , , , , , , , , , 
22.08.2026 14:45:00, , , , , , , , , , , , , , , , 
22.08.2026 14:46:00, , , , , , , , , , , , , , , , 
22.08.2026 14:48:00, , , ,59.95384598, , , , , , , ,1748.384615, , , , 
22.08.2026 14:51:00, ,694.3016827,92.57355851, , , ,0.424230773,0.513557691, ,-362.6430288,-2167.826923, ,164.8461538,148.0769231,138.0000047, 
22.08.2026 14:52:00, , , , , , , , ,1480.538462, , , , , , , 
22.08.2026 14:55:00,0.0296875, , , , ,60.70769237, , , , , , , , , , 
22.08.2026 14:56:00, , , , ,66.14615279, , , , , , , , , , , 
22.08.2026 14:57:00, , , , , , , , , , , , , , , , 
22.08.2026 14:58:00, , , , , , , , , , , , , , , , 
22.08.2026 14:59:00, , , , , , , , , , , , , , , , 
22.08.2026 15:00:00, , , , , , , , , , , , , , , , 
22.08.2026 15:01:00, , , ,60.06923059, , , , , , , ,1774.307692, , , , 
22.08.2026 15:04:00, ,694.281851,92.57091346, , , ,0.447884612,0.51336539, ,-398.3725962,-2100.019231, ,163.0615387,146.7769235,138.484618, 
22.08.2026 15:05:00, , , , , , , , ,1481.769231, , , , , , , 
22.08.2026 15:08:00,0.032986111, , , , ,60.64615367, , , , , , , , , , 
22.08.2026 15:09:00, , , , ,66.06923089, , , , , , , , , , , 
22.08.2026 15:10:00, , , , , , , , , , , , , , , , 
22.08.2026 15:11:00, , , , , , , , , , , , , , , , 
22.08.2026 15:12:00, , , , , , , , , , , , , , , , 
22.08.2026 15:14:00, , , ,60.20769178, , , , , , , ,1777.846154, , , , 
22.08.2026 15:15:00, , , , , , , , , , , , , , , , 
22.08.2026 15:17:00, ,694.4116587,92.58822162, , , ,0.441490387,0.513076924, ,-368.1778846,-2190.586538, ,163.5538459,146.6692294,137.2615439, 
22.08.2026 15:18:00, , , , , , , , ,1467.769231, , , , , , , 
22.08.2026 15:21:00,0.034722222, , , , ,60.80769231, , , , , , , , , , 
22.08.2026 15:22:00, , , , ,65.74615361, , , , , , , , , , , 
22.08.2026 15:23:00, , , , , , , , , , , , , , , , 
22.08.2026 15:24:00, , , , , , , , , , , , , , , , 
22.08.2026 15:25:00, , , , , , , , , , , , , , , , 
22.08.2026 15:27:00, , , ,60.34615355, , , , , , , ,1770.153846, , , , 
22.08.2026 15:30:00, ,694.0997596,92.54663438, , , ,0.443798077,0.517451926, ,-370.8966346,-2126.403846, ,159.238462,144.1999993,137.7461571, 
22.08.2026 15:31:00, , , , , , , , ,1483.230769, , , , , , , 
22.08.2026 15:34:00,0.035511364, , , , ,60.85384721, , , , , , , , , , 
22.08.2026 15:35:00, , , , ,65.39230934, , , , , , , , , , , 
22.08.2026 15:36:00, , , , , , , , , , , , , , , , 
22.08.2026 15:37:00, , , , , , , , , , , , , , , , 
22.08.2026 15:38:00, , , , , , , , , , , , , , , , 
22.08.2026 15:40:00, , , ,60.38461568, , , , , , , ,1844.307692, , , , 
22.08.2026 15:43:00, ,694.234976,92.56466323, , , ,0.448846154,0.510673074, ,-423.3425481,-2195.817308, ,156.8846166,141.392307,139.6153893, 
22.08.2026 15:44:00, , , , , , , , ,1495.153846, , , , , , , 
22.08.2026 15:45:00, , , , , , , , , , , , , , , , 
22.08.2026 15:47:00, , , , , ,60.95384656, , , , , , , , , , 
22.08.2026 15:48:00,0.0296875, , , ,66.05384709, , , , , , , , , , , 
22.08.2026 15:49:00, , , , , , , , , , , , , , , , 
22.08.2026 15:50:00, , , , , , , , , , , , , , , , 
22.08.2026 15:51:00, , , , , , , , , , , , , , , , 
22.08.2026 15:53:00, , , ,60.47692343, , , , , , , ,1825, , , , 
22.08.2026 15:56:00, ,692.0300481,92.27067331, , , ,0.457307696,0.505048078, ,-552.4651442,-2263.365385, ,161.9615385,142.453848,140.0384656, 
22.08.2026 15:57:00, , , , , , , , ,1483.692308, , , , , , , 
22.08.2026 16:00:00, , , , , ,60.92307663, , , , , , , , , , 
22.08.2026 16:01:00,0.040625, , , ,66.53076935, , , , , , , , , , , 
22.08.2026 16:02:00, , , , , , , , , , , , , , , , 
22.08.2026 16:03:00, , , , , , , , , , , , , , , , 
22.08.2026 16:04:00, , , , , , , , , , , , , , , , 
22.08.2026 16:06:00, , , ,60.03846183, , , , , , , ,1693.769231, , , , 
22.08.2026 16:09:00, ,666.1135817,88.81514505, , , ,0.503798077,0.437067309, ,-595.7235577,-2247.519231, ,181.7153849,156,121.1000014, 
22.08.2026 16:10:00, , , , , , , , ,1315.923077, , , , , , , 
22.08.2026 16:13:00, , , , , ,60.79230705, , , , , , , , , , 
22.08.2026 16:14:00,0.025390625, , , ,66.53076935, , , , , , , , , , , 
22.08.2026 16:15:00, , , , , , , , , , , , , , , , 
22.08.2026 16:16:00, , , , , , , , , , , , , , , , 
22.08.2026 16:17:00, , , , , , , , , , , , , , , , 
22.08.2026 16:19:00, , , ,58.95384627, , , , , , , ,1592.615385, , , , 
22.08.2026 16:22:00, ,666.1081731,88.81442319, , , ,0.501586536,0.425817306, ,-650.8377404,-2284.192308, ,181.484618,162.2999984,118.7307704, 
22.08.2026 16:23:00, , , , , , , , ,1290.923077, , , , , , , 
22.08.2026 16:26:00, , , , , ,60.4384616, , , , , , , , , , 
22.08.2026 16:27:00, , , , ,66.17692272, , , , , , , , , , , 
22.08.2026 16:28:00,0.032986111, , , , , , , , , , , , , , , 
22.08.2026 16:29:00, , , , , , , , , , , , , , , , 
22.08.2026 16:30:00, , , , , , , , , , , , , , , , 
22.08.2026 16:32:00, , , ,58.11538432, , , , , , , ,1641.846154, , , , 
22.08.2026 16:35:00, ,666.124399,88.81658759, , , ,0.526875001,0.422884616, ,-726.5372596,-2329.144231, ,181.2461536,164.8153851,117.0461555, 
22.08.2026 16:36:00, , , , , , , , ,1276.384615, , , , , , , 
22.08.2026 16:39:00, , , , , ,60.30000012, , , , , , , , , , 
22.08.2026 16:40:00, , , , ,65.30000012, , , , , , , , , , , 
22.08.2026 16:41:00, , , , , , , , , , , , , , , , 
22.08.2026 16:42:00,0.032986111, , , , , , , , , , , , , , , 
22.08.2026 16:43:00, , , , , , , , , , , , , , , , 
22.08.2026 16:45:00, , , ,57.63076929, , , , , , , ,1574.384615, , , , 
22.08.2026 16:48:00, ,666.5120192,88.8682697, , , ,0.531201927,0.419759615, ,-759.2019231,-2359.394231, ,181.6461534,167.1615378,116.6384629, 
22.08.2026 16:49:00, , , , , , , , ,1270.153846, , , , , , , 
22.08.2026 16:52:00, , , , , ,60.12307681, , , , , , , , , , 
22.08.2026 16:53:00, , , , ,64.25384463, , , , , , , , , , , 
22.08.2026 16:54:00, , , , , , , , , , , , , , , , 
22.08.2026 16:55:00, , , , , , , , , , , , , , , , 
22.08.2026 16:56:00, , , , , , , , , , , , , , , , 
22.08.2026 16:57:00,0.032986111, , , , , , , , , , , , , , , 
22.08.2026 16:58:00, , , ,57.30769289, , , , , , , ,1614.461538, , , , 
22.08.2026 17:00:00, , , , , , , , , , , , , , , , 
22.08.2026 17:01:00, ,666.5264423,88.87019348, , , ,0.535240389,0.432067309, ,-761.4951923,-2332.355769, ,180.284614,167.4615396,117.2000016, 
22.08.2026 17:02:00, , , , , , , , ,1283, , , , , , , 
22.08.2026 17:05:00, , , , , ,60.0615384, , , , , , , , , , 
22.08.2026 17:06:00, , , , ,63.59230775, , , , , , , , , , , 
22.08.2026 17:07:00, , , , , , , , , , , , , , , , 
22.08.2026 17:08:00, , , , , , , , , , , , , , , , 
22.08.2026 17:09:00, , , , , , , , , , , , , , , , 
22.08.2026 17:11:00,0.03125, , ,57.10769213, , , , , , , ,1575.307692, , , , 
22.08.2026 17:14:00, ,666.5733173,88.87644313, , , ,0.522115382,0.420432691, ,-760.9579327,-2360.788462, ,179.615387,167.492306,117.3153863, 
22.08.2026 17:15:00, , , , , , , , ,1276.307692, , , , , , , 
22.08.2026 17:18:00, , , , , ,60.32307698, , , , , , , , , , 
22.08.2026 17:19:00, , , , ,63.60000023, , , , , , , , , , , 
22.08.2026 17:20:00, , , , , , , , , , , , , , , , 
22.08.2026 17:21:00, , , , , , , , , , , , , , , , 
22.08.2026 17:22:00, , , , , , , , , , , , , , , , 
22.08.2026 17:24:00, , , ,56.96923124, , , , , , , ,1586.461538, , , , 
22.08.2026 17:25:00,0.032986111, , , , , , , , , , , , , , , 
22.08.2026 17:27:00, ,666.6742788,88.88990432, , , ,0.548365384,0.432836537, ,-749.1959135,-2351.144231, ,178.930772,167.0307699,117.2384632, 
22.08.2026 17:28:00, , , , , , , , ,1274.307692, , , , , , , 
22.08.2026 17:30:00, , , , , , , , , , , , , , , , 
22.08.2026 17:31:00, , , , , ,60.2461539, , , , , , , , , , 
22.08.2026 17:32:00, , , , ,63.68461521, , , , , , , , , , , 
22.08.2026 17:33:00, , , , , , , , , , , , , , , , 
22.08.2026 17:34:00, , , , , , , , , , , , , , , , 
22.08.2026 17:35:00, , , , , , , , , , , , , , , , 
22.08.2026 17:37:00, , , ,56.78461574, , , , , , , ,1560.538462, , , , 
22.08.2026 17:39:00,0.032986111, , , , , , , , , , , , , , , 
22.08.2026 17:40:00, ,666.640024,88.88533724, , , ,0.539134617,0.429711541, ,-733.0925481,-2355.75, ,177.8384599,166.5923063,116.0000012, 
22.08.2026 17:41:00, , , , , , , , ,1267.846154, , , , , , , 
22.08.2026 17:44:00, , , , , ,60.13076929, , , , , , , , , , 
22.08.2026 17:45:00, , , , ,63.1846158, , , , , , , , , , , 
22.08.2026 17:46:00, , , , , , , , , , , , , , , , 
22.08.2026 17:47:00, , , , , , , , , , , , , , , , 
22.08.2026 17:48:00, , , , , , , , , , , , , , , , 
22.08.2026 17:50:00, , , ,56.60769272, , , , , , , ,1576.461538, , , , 
22.08.2026 17:53:00,0.032986111,666.8689904,88.91586538, , , ,0.550625001,0.43033654, ,-741.6201923,-2294.509615, ,177.4230781,166.2230753,116.3769244, 
22.08.2026 17:54:00, , , , , , , , ,1266.923077, , , , , , , 
22.08.2026 17:57:00, , , , , ,60.11538432, , , , , , , , , , 
22.08.2026 17:58:00, , , , ,62.46923006, , , , , , , , , , , 
22.08.2026 17:59:00, , , , , , , , , , , , , , , , 
22.08.2026 18:00:00, , , , , , , , , , , , , , , , 
22.08.2026 18:01:00, , , , , , , , , , , , , , , , 
22.08.2026 18:03:00, , , ,56.39230846, , , , , , , ,1554.230769, , , , 
22.08.2026 18:06:00, ,666.3659856,88.8487989, , , ,0.551634617,0.433028845, ,-768.0721154,-2372.5, ,177.3230779,165.8384622,117.2538481, 
22.08.2026 18:07:00,0.0296875, , , , , , , ,1279.769231, , , , , , , 
22.08.2026 18:10:00, , , , , ,59.92307722, , , , , , , , , , 
22.08.2026 18:11:00, , , , ,62.4384616, , , , , , , , , , , 
22.08.2026 18:12:00, , , , , , , , , , , , , , , , 
22.08.2026 18:13:00, , , , , , , , , , , , , , , , 
22.08.2026 18:14:00, , , , , , , , , , , , , , , , 
22.08.2026 18:15:00, , , , , , , , , , , , , , , , 
22.08.2026 18:16:00, , , ,56.14615426, , , , , , , ,1594.384615, , , , 
22.08.2026 18:19:00, ,666.4669471,88.86226008, , , ,0.542307693,0.427019232, ,-729.609375,-2352.855769, ,178.9230757,166.9307697,117.6538479, 
22.08.2026 18:20:00, , , , , , , , ,1281, , , , , , , 
22.08.2026 18:22:00,0.034722222, , , , , , , , , , , , , , , 
22.08.2026 18:23:00, , , , , ,60.02307686, , , , , , , , , , 
22.08.2026 18:24:00, , , , ,61.84615355, , , , , , , , , , , 
22.08.2026 18:25:00, , , , , , , , , , , , , , , , 
22.08.2026 18:26:00, , , , , , , , , , , , , , , , 
22.08.2026 18:27:00, , , , , , , , , , , , , , , , 
22.08.2026 18:29:00, , , ,55.9923081, , , , , , , ,1615.153846, , , , 
22.08.2026 18:30:00, , , , , , , , , , , , , , , , 
22.08.2026 18:32:00, ,666.515625,88.86875035, , , ,0.55139424,0.426778846, ,-751.3918269,-2374.980769, ,179.2307669,167.1769233,117.253847, 
22.08.2026 18:33:00, , , , , , , , ,1275.692308, , , , , , , 
22.08.2026 18:35:00,0.032986111, , , , , , , , , , , , , , , 
22.08.2026 18:36:00, , , , , ,59.59230804, , , , , , , , , , 
22.08.2026 18:37:00, , , , ,61.42307692, , , , , , , , , , , 
22.08.2026 18:38:00, , , , , , , , , , , , , , , , 
22.08.2026 18:39:00, , , , , , , , , , , , , , , , 
22.08.2026 18:40:00, , , , , , , , , , , , , , , , 
22.08.2026 18:42:00, , , ,55.88461597, , , , , , , ,1626, , , , 
22.08.2026 18:45:00, ,666.6346154,88.88461538, , , ,0.549038474,0.427740381, ,-730.1574519,-2406.221154, ,178.8384622,167.0076928,116.4461541, 
22.08.2026 18:46:00, , , , , , , , ,1268.230769, , , , , , , 
22.08.2026 18:49:00,0.032986111, , , , ,59.64615338, , , , , , , , , , 
22.08.2026 18:50:00, , , , ,60.73846171, , , , , , , , , , , 
22.08.2026 18:51:00, , , , , , , , , , , , , , , , 
22.08.2026 18:52:00, , , , , , , , , , , , , , , , 
22.08.2026 18:53:00, , , , , , , , , , , , , , , , 
22.08.2026 18:55:00, , , ,55.76923018, , , , , , , ,1643.153846, , , , 
22.08.2026 18:58:00, ,666.6364183,88.88485718, , , ,0.544759622,0.430096156, ,-753.9230769,-2389.625, ,177.7461524,166.6307713,117.7615398, 
22.08.2026 18:59:00, , , , , , , , ,1283.307692, , , , , , , 
22.08.2026 19:00:00, , , , , , , , , , , , , , , , 
22.08.2026 19:02:00, , , , , ,59.60769184, , , , , , , , , , 
22.08.2026 19:03:00,0.032986111, , , ,61.38461568, , , , , , , , , , , 
22.08.2026 19:04:00, , , , , , , , , , , , , , , , 
22.08.2026 19:05:00, , , , , , , , , , , , , , , , 
22.08.2026 19:06:00, , , , , , , , , , , , , , , , 
22.08.2026 19:08:00, , , ,55.65384557, , , , , , , ,1625.461538, , , , 
22.08.2026 19:11:00, ,662.4627404,88.32836679, , , ,0.566250003,0.42182692, ,-701.0949519,-2316.269231, ,176.7307692,165.8615371,111.4615407, 
22.08.2026 19:12:00, , , , , , , , ,1216, , , , , , , 
22.08.2026 19:15:00, , , , , ,59.54615344, , , , , , , , , , 
22.08.2026 19:16:00, , , , ,61.91538444, , , , , , , , , , , 
22.08.2026 19:17:00,0.032986111, , , , , , , , , , , , , , , 
22.08.2026 19:18:00, , , , , , , , , , , , , , , , 
22.08.2026 19:19:00, , , , , , , , , , , , , , , , 
22.08.2026 19:21:00, , , ,55.66153805, , , , , , , ,1751.692308, , , , 
22.08.2026 19:24:00, ,673.811899,89.84158736, , , ,0.507884619,0.449903846, ,-519.8149038,-2292.961538, ,169.8153839,160.9769228,126.1076936, 
22.08.2026 19:25:00, , , , , , , , ,1364.769231, , , , , , , 
22.08.2026 19:28:00, , , , , ,59.49230752, , , , , , , , , , 
22.08.2026 19:29:00, , , , ,62.02307686, , , , , , , , , , , 
22.08.2026 19:30:00,0.034722222, , , , , , , , , , , , , , , 
22.08.2026 19:31:00, , , , , , , , , , , , , , , , 
22.08.2026 19:32:00, , , , , , , , , , , , , , , , 
22.08.2026 19:34:00, , , ,56.26153858, , , , , , , ,1776.307692, , , , 
22.08.2026 19:37:00, ,680.2391827,90.6985591, , , ,0.467067313,0.475096155, ,-305.3365385,-2068.326923, ,155.7230765,151.4538469,130.5692315, 
22.08.2026 19:38:00, , , , , , , , ,1398.538462, , , , , , , 
22.08.2026 19:41:00, , , , , ,59.73846201, , , , , , , , , , 
22.08.2026 19:42:00, , , , ,62.14615338, , , , , , , , , , , 
22.08.2026 19:43:00,0.032986111, , , , , , , , , , , , , , , 
22.08.2026 19:44:00, , , , , , , , , , , , , , , , 
22.08.2026 19:45:00, , , , , , , , , , , , , , , , 
22.08.2026 19:47:00, , , ,56.58461497, , , , , , , ,1687.461538, , , , 
22.08.2026 19:50:00, ,680.0769231,90.67692449, , , ,0.460432695,0.465528848, ,-584.6574519,-2284.346154, ,145.1615378,138.1000002,135.5615422, 
22.08.2026 19:51:00, , , , , , , , ,1454, , , , , , , 
22.08.2026 19:54:00, , , , , ,59.71538485, , , , , , , , , , 
22.08.2026 19:55:00, , , , ,62.61538432, , , , , , , , , , , 
22.08.2026 19:56:00,0.0390625, , , , , , , , , , , , , , , 
22.08.2026 19:57:00, , , , , , , , , , , , , , , , 
22.08.2026 19:58:00, , , , , , , , , , , , , , , , 
22.08.2026 20:00:00, , , ,56.98461562, , , , , , , ,1634.153846, , , , 
22.08.2026 20:03:00, ,679.9723558,90.66298206, , , ,0.434134614,0.465721156, ,-471.5805288,-2163.576923, ,149.7230776,136.8384599,133.0461567, 
22.08.2026 20:04:00, , , , , , , , ,1424.769231, , , , , , , 
22.08.2026 20:07:00, , , , , ,59.62307651, , , , , , , , , , 
22.08.2026 20:08:00, , , , ,63.4384616, , , , , , , , , , , 
22.08.2026 20:09:00,0.034722222, , , , , , , , , , , , , , , 
22.08.2026 20:10:00, , , , , , , , , , , , , , , , 
22.08.2026 20:11:00, , , , , , , , , , , , , , , , 
22.08.2026 20:13:00, , , ,56.97692343, , , , , , , ,1694.923077, , , , 
22.08.2026 20:15:00, , , , , , , , , , , , , , , , 
22.08.2026 20:16:00, ,679.9651442,90.66201958, , , ,0.445096156,0.478701919, ,-396.7463942,-2103.711538, ,150.630769,137.2307681,133.6076965, 
22.08.2026 20:17:00, , , , , , , , ,1426.538462, , , , , , , 
22.08.2026 20:20:00, , , , , ,59.53076905, , , , , , , , , , 
22.08.2026 20:21:00, , , , ,63.99230722, , , , , , , , , , , 
22.08.2026 20:22:00,0.0296875, , , , , , , , , , , , , , , 
22.08.2026 20:23:00, , , , , , , , , , , , , , , , 
22.08.2026 20:24:00, , , , , , , , , , , , , , , , 
22.08.2026 20:26:00, , , ,56.83076947, , , , , , , ,1713.846154, , , , 
22.08.2026 20:29:00, ,680.0282452,90.67043246, , , ,0.451923077,0.461730771, ,-433.7884615,-2107.884615, ,148.8384622,135.0230748,134.2076944, 
22.08.2026 20:30:00, , , , , , , , ,1435.307692, , , , , , , 
22.08.2026 20:33:00, , , , , ,59.53846183, , , , , , , , , , 
22.08.2026 20:34:00, , , , ,64.03846095, , , , , , , , , , , 
22.08.2026 20:35:00,0.032986111, , , , , , , , , , , , , , , 
22.08.2026 20:36:00, , , , , , , , , , , , , , , , 
22.08.2026 20:37:00, , , , , , , , , , , , , , , , 
22.08.2026 20:39:00, , , ,56.91538503, , , , , , , ,1731.461538, , , , 
22.08.2026 20:42:00, ,680.0210337,90.66947174, , , ,0.454999999,0.465576928, ,-396.5120192,-2141.423077, ,149.4384625,134.5153856,133.4153877, 
22.08.2026 20:43:00, , , , , , , , ,1426.384615, , , , , , , 
22.08.2026 20:45:00, , , , , , , , , , , , , , , , 
22.08.2026 20:46:00, , , , , ,59.52307686, , , , , , , , , , 
22.08.2026 20:47:00, , , , ,62.89230699, , , , , , , , , , , 
22.08.2026 20:48:00,0.032986111, , , , , , , , , , , , , , , 
22.08.2026 20:49:00, , , , , , , , , , , , , , , , 
22.08.2026 20:50:00, , , , , , , , , , , , , , , , 
22.08.2026 20:52:00, , , ,56.92307663, , , , , , , ,1734.769231, , , , 
22.08.2026 20:55:00, ,679.9326923,90.65769313, , , ,0.449326921,0.485096154, ,-438.4290865,-2099.451923, ,149.7461524,134.8000007,133.4461564, 
22.08.2026 20:56:00, , , , , , , , ,1425.076923, , , , , , , 
22.08.2026 20:59:00, , , , , ,59.5615387, , , , , , , , , , 
22.08.2026 21:00:00, , , , ,63.28461603, , , , , , , , , , , 
22.08.2026 21:01:00,0.032986111, , , , , , , , , , , , , , , 
22.08.2026 21:02:00, , , , , , , , , , , , , , , , 
22.08.2026 21:03:00, , , , , , , , , , , , , , , , 
22.08.2026 21:05:00, , , ,56.76153799, , , , , , , ,1718.384615, , , , 
22.08.2026 21:08:00, ,679.8695913,90.64927908, , , ,0.450192312,0.467788462, ,-410.1274038,-2090.692308, ,150.5153844,134.8307683,132.6076954, 
22.08.2026 21:09:00, , , , , , , , ,1420.923077, , , , , , , 
22.08.2026 21:12:00, , , , , ,59.46923153, , , , , , , , , , 
22.08.2026 21:13:00, , , , ,63.48461533, , , , , , , , , , , 
22.08.2026 21:14:00, , , , , , , , , , , , , , , , 
22.08.2026 21:15:00,0.03125, , , , , , , , , , , , , , , 
22.08.2026 21:16:00, , , , , , , , , , , , , , , , 
22.08.2026 21:18:00, , , ,56.62307593, , , , , , , ,1691.230769, , , , 
22.08.2026 21:21:00, ,679.9164663,90.6555299, , , ,0.453798076,0.476201924, ,-428.4951923,-2143.721154, ,149.9461529,134.1615389,134.2615427, 
22.08.2026 21:22:00, , , , , , , , ,1434.461538, , , , , , , 
22.08.2026 21:25:00, , , , , ,59.41538473, , , , , , , , , , 
22.08.2026 21:26:00, , , , ,64.6384606, , , , , , , , , , , 
22.08.2026 21:27:00, , , , , , , , , , , , , , , , 
22.08.2026 21:28:00,0.0390625, , , , , , , , , , , , , , , 
22.08.2026 21:29:00, , , , , , , , , , , , , , , , 
22.08.2026 21:30:00, , , , , , , , , , , , , , , , 
22.08.2026 21:31:00, , , ,56.59999906, , , , , , , ,1721.769231, , , , 
22.08.2026 21:34:00, ,679.7560096,90.63413532, , , ,0.449855768,0.482644239, ,-467.5817308,-2141.019231, ,151.1000002,134.7615392,134.5076963, 
22.08.2026 21:35:00, , , , , , , , ,1436.153846, , , , , , , 
22.08.2026 21:38:00, , , , , ,59.04615432, , , , , , , , , , 
22.08.2026 21:39:00, , , , ,65.28461515, , , , , , , , , , , 
22.08.2026 21:40:00, , , , , , , , , , , , , , , , 
22.08.2026 21:41:00,0.032986111, , , , , , , , , , , , , , , 
22.08.2026 21:42:00, , , , , , , , , , , , , , , , 
22.08.2026 21:44:00, , , ,56.4384616, , , , , , , ,1733.230769, , , , 
22.08.2026 21:45:00, , , , , , , , , , , , , , , , 
22.08.2026 21:47:00, ,679.905649,90.65408677, , , ,0.440240385,0.47778846, ,-387.6129808,-2152.317308, ,151.0923063,135.1153846,132.7153872, 
22.08.2026 21:48:00, , , , , , , , ,1419.692308, , , , , , , 
22.08.2026 21:51:00, , , , , ,58.76923106, , , , , , , , , , 
22.08.2026 21:52:00, , , , ,65.46153846, , , , , , , , , , , 
22.08.2026 21:53:00, , , , , , , , , , , , , , , , 
22.08.2026 21:54:00,0.034722222, , , , , , , , , , , , , , , 
22.08.2026 21:55:00, , , , , , , , , , , , , , , , 
22.08.2026 21:57:00, , , ,56.30769231, , , , , , , ,1689.230769, , , , 
22.08.2026 22:00:00, ,680.0408654,90.67211621, , , ,0.445625,0.478365387, ,-399.4110577,-2129.5, ,149.4384625,134.0076916,133.1384653, 
22.08.2026 22:01:00, , , , , , , , ,1423.692308, , , , , , , 
22.08.2026 22:04:00, , , , , ,58.41538473, , , , , , , , , , 
22.08.2026 22:05:00, , , , ,65.52307716, , , , , , , , , , , 
22.08.2026 22:06:00, , , , , , , , , , , , , , , , 
22.08.2026 22:07:00,0.026988636, , , , , , , , , , , , , , , 
22.08.2026 22:08:00, , , , , , , , , , , , , , , , 
22.08.2026 22:10:00, , , ,56.26923048, , , , , , , ,1672.230769, , , , 
22.08.2026 22:13:00, ,679.9236779,90.65649062, , , ,0.438942311,0.477115386, ,-396.5012019,-2145.932692, ,150.5692303,134.3461515,133.5384662, 
22.08.2026 22:14:00, , , , , , , , ,1430, , , , , , , 
22.08.2026 22:15:00, , , , , , , , , , , , , , , , 
22.08.2026 22:17:00, , , , , ,58.26923048, , , , , , , , , , 
22.08.2026 22:18:00, , , , ,65.37692261, , , , , , , , , , , 
22.08.2026 22:19:00, , , , , , , , , , , , , , , , 
22.08.2026 22:20:00,0.032986111, , , , , , , , , , , , , , , 
22.08.2026 22:21:00, , , , , , , , , , , , , , , , 
22.08.2026 22:23:00, , , ,56.31538538, , , , , , , ,1729.538462, , , , 
22.08.2026 22:26:00, ,680.0246394,90.66995239, , , ,0.454615384,0.501105776, ,-376.7235577,-2102.980769, ,151.8538478,135.2538452,132.5769266, 
22.08.2026 22:27:00, , , , , , , , ,1416.153846, , , , , , , 
22.08.2026 22:30:00, , , , , ,58.01538409, , , , , , , , , , 
22.08.2026 22:31:00, , , , ,65.40000035, , , , , , , , , , , 
22.08.2026 22:32:00, , , , , , , , , , , , , , , , 
22.08.2026 22:33:00, , , , , , , , , , , , , , , , 
22.08.2026 22:34:00, , , , , , , , , , , , , , , , 
22.08.2026 22:36:00,0.0296875, , ,56.27692325, , , , , , , ,1655.846154, , , , 
22.08.2026 22:39:00, ,679.6965144,90.6262031, , , ,0.449567307,0.489038461, ,-398.0588942,-2130.326923, ,151.7538452,134.9692289,134.5000023, 
22.08.2026 22:40:00, , , , , , , , ,1436.846154, , , , , , , 
22.08.2026 22:43:00, , , , , ,57.88461538, , , , , , , , , , 
22.08.2026 22:44:00, , , , ,65.79230734, , , , , , , , , , , 
22.08.2026 22:45:00, , , , , , , , , , , , , , , , 
22.08.2026 22:46:00, , , , , , , , , , , , , , , , 
22.08.2026 22:47:00, , , , , , , , , , , , , , , , 
22.08.2026 22:49:00,0.036931818, , ,56.20769237, , , , , , , ,1768, , , , 
22.08.2026 22:52:00, ,679.703726,90.62716381, , , ,0.468750005,0.485096154, ,-453.2560096,-2226.230769, ,151.7307692,135.1000014,134.0692315, 
22.08.2026 22:53:00, , , , , , , , ,1437, , , , , , , 
22.08.2026 22:56:00, , , , , ,57.66153893, , , , , , , , , , 
22.08.2026 22:57:00, , , , ,66.06153752, , , , , , , , , , , 
22.08.2026 22:58:00, , , , , , , , , , , , , , , , 
22.08.2026 22:59:00, , , , , , , , , , , , , , , , 
22.08.2026 23:00:00, , , , , , , , , , , , , , , , 
22.08.2026 23:02:00,0.032986111, , ,56.15384586, , , , , , , ,1776.769231, , , , 
22.08.2026 23:05:00, ,680.1544471,90.68726055, , , ,0.444278848,0.48495192, ,-407.9747596,-2206.240385, ,152.1538462,135.9384625,132.9076937, 
22.08.2026 23:06:00, , , , , , , , ,1419.230769, , , , , , , 
22.08.2026 23:09:00, , , , , ,57.49230752, , , , , , , , , , 
22.08.2026 23:10:00, , , , ,66.23846083, , , , , , , , , , , 
22.08.2026 23:11:00, , , , , , , , , , , , , , , , 
22.08.2026 23:12:00, , , , , , , , , , , , , , , , 
22.08.2026 23:13:00, , , , , , , , , , , , , , , , 
22.08.2026 23:15:00, , , ,56.21538456, , , , , , , ,1827.538462, , , , 
22.08.2026 23:16:00,0.0296875, , , , , , , , , , , , , , , 
22.08.2026 23:18:00, ,679.8299279,90.64399074, , , ,0.445528844,0.488557699, ,-439.5973558,-2127.028846, ,151.0153856,135,134.484618, 
22.08.2026 23:19:00, , , , , , , , ,1444.307692, , , , , , , 
22.08.2026 23:22:00, , , , , ,57.45384656, , , , , , , , , , 
22.08.2026 23:23:00, , , , ,66.66153834, , , , , , , , , , , 
22.08.2026 23:24:00, , , , , , , , , , , , , , , , 
22.08.2026 23:25:00, , , , , , , , , , , , , , , , 
22.08.2026 23:26:00, , , , , , , , , , , , , , , , 
22.08.2026 23:28:00, , , ,56.16923024, , , , , , , ,1704.153846, , , , 
22.08.2026 23:30:00,0.032986111, , , , , , , , , , , , , , , 
22.08.2026 23:31:00, ,679.7325721,90.63101079, , , ,0.444086538,0.487019229, ,-438.5805288,-2096.903846, ,149.2692319,133.6461546,134.0076951, 
22.08.2026 23:32:00, , , , , , , , ,1439.384615, , , , , , , 
22.08.2026 23:35:00, , , , , ,57.4923081, , , , , , , , , , 
22.08.2026 23:36:00, , , , ,66.5692303, , , , , , , , , , , 
22.08.2026 23:37:00, , , , , , , , , , , , , , , , 
22.08.2026 23:38:00, , , , , , , , , , , , , , , , 
22.08.2026 23:39:00, , , , , , , , , , , , , , , , 
22.08.2026 23:41:00, , , ,56.23846142, , , , , , , ,1756.923077, , , , 
22.08.2026 23:43:00,0.040625, , , , , , , , , , , , , , , 
22.08.2026 23:44:00, ,680.0733173,90.67644383, , , ,0.430673077,0.484134624, ,-426.75,-2171.057692, ,151.5307688,134.4461541,133.72308, 
22.08.2026 23:45:00, , , , , , , , ,1429.461538, , , , , , , 
22.08.2026 23:48:00, , , , , ,57.55384563, , , , , , , , , , 
22.08.2026 23:49:00, , , , ,66.5692303, , , , , , , , , , , 
22.08.2026 23:50:00, , , , , , , , , , , , , , , , 
22.08.2026 23:51:00, , , , , , , , , , , , , , , , 
22.08.2026 23:52:00, , , , , , , , , , , , , , , , 
22.08.2026 23:54:00, , , ,56.22307675, , , , , , , ,1702.153846, , , , 
22.08.2026 23:56:00,0.0296875, , , , , , , , , , , , , , , 
22.08.2026 23:57:00, ,679.624399,90.61658771, , , ,0.451682696,0.477019227, ,-446.8341346,-2149.096154, ,151.4384613,134.7307692,134.3000054, 
22.08.2026 23:58:00, , , , , , , , ,1435.923077, , , , , , , 
23.08.2026 00:00:00, , , , , , , , , , , , , , , , 
23.08.2026 00:01:00, , , , , ,57.47692284, , , , , , , , , , 
23.08.2026 00:02:00, , , , ,66.58461527, , , , , , , , , , , 
23.08.2026 00:03:00, , , , , , , , , , , , , , , , 
23.08.2026 00:04:00, , , , , , , , , , , , , , , , 
23.08.2026 00:05:00, , , , , , , , , , , , , , , , 
23.08.2026 00:07:00, , , ,56.20769237, , , , , , , ,1721, , , , 
23.08.2026 00:09:00,0.032986111, , , , , , , , , , , , , , , 
23.08.2026 00:10:00, ,679.5955529,90.61274074, , , ,0.447884617,0.496346162, ,-442.6189904,-2173.682692, ,150.5615387,134.6692294,134.0153867, 
23.08.2026 00:11:00, , , , , , , , ,1434.384615, , , , , , , 
23.08.2026 00:14:00, , , , , ,57.39230757, , , , , , , , , , 
23.08.2026 00:15:00, , , , ,66.5076916, , , , , , , , , , , 
23.08.2026 00:16:00, , , , , , , , , , , , , , , , 
23.08.2026 00:17:00, , , , , , , , , , , , , , , , 
23.08.2026 00:18:00, , , , , , , , , , , , , , , , 
23.08.2026 00:20:00, , , ,56.10769213, , , , , , , ,1708.461538, , , , 
23.08.2026 00:23:00, ,679.5865385,90.6115394, , , ,0.445288459,0.479134617, ,-414.2271635,-2155.192308, ,151.6461534,134.5999991,133.246156, 
23.08.2026 00:24:00,0.03125, , , , , , , ,1431.384615, , , , , , , 
23.08.2026 00:27:00, , , , , ,57.32307698, , , , , , , , , , 
23.08.2026 00:28:00, , , , ,65.29230793, , , , , , , , , , , 
23.08.2026 00:29:00, , , , , , , , , , , , , , , , 
23.08.2026 00:30:00, , , , , , , , , , , , , , , , 
23.08.2026 00:31:00, , , , , , , , , , , , , , , , 
23.08.2026 00:33:00, , , ,56.15384557, , , , , , , ,1732.923077, , , , 
23.08.2026 00:36:00, ,679.5919471,90.61226008, , , ,0.456923074,0.475769233, ,-604.3629808,-2318.307692, ,170.1384618,142.7615356,134.1307725, 
23.08.2026 00:37:00,0.0390625, , , , , , , ,1439.461538, , , , , , , 
23.08.2026 00:40:00, , , , , ,57.02307745, , , , , , , , , , 
23.08.2026 00:41:00, , , , ,65.03846213, , , , , , , , , , , 
23.08.2026 00:42:00, , , , , , , , , , , , , , , , 
23.08.2026 00:43:00, , , , , , , , , , , , , , , , 
23.08.2026 00:44:00, , , , , , , , , , , , , , , , 
23.08.2026 00:45:00, , , , , , , , , , , , , , , , 
23.08.2026 00:46:00, , , ,55.63846148, , , , , , , ,1666.846154, , , , 
23.08.2026 00:49:00, ,666.8509615,88.91346271, , , ,0.499134621,0.433701923, ,-790.6189904,-2422.759615, ,192.630769,164.761538,118.3000019, 
23.08.2026 00:50:00,0.025390625, , , , , , , ,1282.692308, , , , , , , 
23.08.2026 00:53:00, , , , , ,56.85384633, , , , , , , , , , 
23.08.2026 00:54:00, , , , ,64.25384521, , , , , , , , , , , 
23.08.2026 00:55:00, , , , , , , , , , , , , , , , 
23.08.2026 00:56:00, , , , , , , , , , , , , , , , 
23.08.2026 00:57:00, , , , , , , , , , , , , , , , 
23.08.2026 00:59:00, , , ,54.53076905, , , , , , , ,1605.307692, , , , 
23.08.2026 01:00:00, , , , , , , , , , , , , , , , 
23.08.2026 01:02:00, ,665.8539663,88.78052932, , , ,0.541009616,0.430240388, ,-751.9723558,-2324.163462, ,185.1538462,168.2384597,116.1538479, 
23.08.2026 01:03:00, , , , , , , , ,1265.307692, , , , , , , 
23.08.2026 01:04:00,0.032986111, , , , , , , , , , , , , , , 
23.08.2026 01:06:00, , , , , ,56.73846142, , , , , , , , , , 
23.08.2026 01:07:00, , , , ,63.78461486, , , , , , , , , , , 
23.08.2026 01:08:00, , , , , , , , , , , , , , , , 
23.08.2026 01:09:00, , , , , , , , , , , , , , , , 
23.08.2026 01:10:00, , , , , , , , , , , , , , , , 
23.08.2026 01:12:00, , , ,53.93076911, , , , , , , ,1598.230769, , , , 
23.08.2026 01:15:00, ,666.2794471,88.83726091, , , ,0.534471159,0.435480769, ,-740.4086538,-2363.038462, ,181.2538464,167.5846159,117.0846176, 
23.08.2026 01:16:00, , , , , , , , ,1275.538462, , , , , , , 
23.08.2026 01:18:00,0.032986111, , , , , , , , , , , , , , , 
23.08.2026 01:19:00, , , , , ,56.4923081, , , , , , , , , , 
23.08.2026 01:20:00, , , , ,63.55384621, , , , , , , , , , , 
23.08.2026 01:21:00, , , , , , , , , , , , , , , , 
23.08.2026 01:22:00, , , , , , , , , , , , , , , , 
23.08.2026 01:23:00, , , , , , , , , , , , , , , , 
23.08.2026 01:25:00, , , ,53.70000018, , , , , , , ,1591.307692, , , , 
23.08.2026 01:28:00, ,666.2902644,88.83870345, , , ,0.538317304,0.437259617, ,-733.5360577,-2323.442308, ,179.6923077,167.246156,117.2538481, 
23.08.2026 01:29:00, , , , , , , , ,1275.307692, , , , , , , 
23.08.2026 01:30:00, , , , , , , , , , , , , , , , 
23.08.2026 01:32:00,0.034722222, , , , ,56.48461562, , , , , , , , , , 
23.08.2026 01:33:00, , , , ,62.90769196, , , , , , , , , , , 
23.08.2026 01:34:00, , , , , , , , , , , , , , , , 
23.08.2026 01:35:00, , , , , , , , , , , , , , , , 
23.08.2026 01:36:00, , , , , , , , , , , , , , , , 
23.08.2026 01:38:00, , , ,53.33076917, , , , , , , ,1638.846154, , , , 
23.08.2026 01:41:00, ,666.2091346,88.82788555, , , ,0.546971154,0.440336541, ,-751.4747596,-2337.692308, ,178.7076909,166.8384611,117.2076944, 
23.08.2026 01:42:00, , , , , , , , ,1277, , , , , , , 
23.08.2026 01:45:00, , , , , ,56.52307745, , , , , , , , , , 
23.08.2026 01:46:00, , , , ,61.76923136, , , , , , , , , , , 
23.08.2026 01:47:00,0.032986111, , , , , , , , , , , , , , , 
23.08.2026 01:48:00, , , , , , , , , , , , , , , , 
23.08.2026 01:49:00, , , , , , , , , , , , , , , , 
23.08.2026 01:51:00, , , ,53.17692243, , , , , , , ,1565.230769, , , , 
23.08.2026 01:54:00, ,666.2524038,88.83365455, , , ,0.530096146,0.432596156, ,-746.5889423,-2332.778846, ,178.6076918,166.784614,117.6230786, 
23.08.2026 01:55:00, , , , , , , , ,1281.384615, , , , , , , 
23.08.2026 01:58:00, , , , , ,56.43076911, , , , , , , , , , 
23.08.2026 01:59:00, , , , ,61.3153845, , , , , , , , , , , 
23.08.2026 02:00:00,0.032986111, , , , , , , , , , , , , , , 
23.08.2026 02:01:00, , , , , , , , , , , , , , , , 
23.08.2026 02:02:00, , , , , , , , , , , , , , , , 
23.08.2026 02:04:00, , , ,53.07692278, , , , , , , ,1616.384615, , , , 
23.08.2026 02:07:00, ,666.0324519,88.80432774, , , ,0.528413463,0.433269226, ,-786.2379808,-2421.057692, ,178.2846151,166.7846151,117.2000016, 
23.08.2026 02:08:00, , , , , , , , ,1275.076923, , , , , , , 
23.08.2026 02:11:00, , , , , ,56.58461527, , , , , , , , , , 
23.08.2026 02:12:00, , , , ,60.53076905, , , , , , , , , , , 
23.08.2026 02:13:00, , , , , , , , , , , , , , , , 
23.08.2026 02:14:00, , , , , , , , , , , , , , , , 
23.08.2026 02:15:00,0.0296875, , , , , , , , , , , , , , , 
23.08.2026 02:17:00, , , ,53.03846095, , , , , , , ,1582.230769, , , , 
23.08.2026 02:20:00, ,666.2632212,88.83509768, , , ,0.531346151,0.433990387, ,-782.8954327,-2393.259615, ,177.7692319,166.6076907,117.5692315, 
23.08.2026 02:21:00, , , , , , , , ,1283.461538, , , , , , , 
23.08.2026 02:24:00, , , , , ,56.53846154, , , , , , , , , , 
23.08.2026 02:25:00, , , , ,61.01538467, , , , , , , , , , , 
23.08.2026 02:26:00, , , , , , , , , , , , , , , , 
23.08.2026 02:27:00, , , , , , , , , , , , , , , , 
23.08.2026 02:28:00, , , , , , , , , , , , , , , , 
23.08.2026 02:29:00,0.032986111, , , , , , , , , , , , , , , 
23.08.2026 02:30:00, , , ,53.03846154, , , , , , , ,1619.307692, , , , 
23.08.2026 02:33:00, ,666.3028846,88.84038544, , , ,0.545673079,0.438509613, ,-769.3629808,-2395.451923, ,177.3076923,166.3538443,117.2692325, 
23.08.2026 02:34:00, , , , , , , , ,1275.307692, , , , , , , 
23.08.2026 02:37:00, , , , , ,56.66153776, , , , , , , , , , 
23.08.2026 02:38:00, , , , ,61.26153829, , , , , , , , , , , 
23.08.2026 02:39:00, , , , , , , , , , , , , , , , 
23.08.2026 02:40:00, , , , , , , , , , , , , , , , 
23.08.2026 02:41:00, , , , , , , , , , , , , , , , 
23.08.2026 02:43:00,0.034722222, , ,53.02307686, , , , , , , ,1611.769231, , , , 
23.08.2026 02:45:00, , , , , , , , , , , , , , , , 
23.08.2026 02:46:00, ,666.0396635,88.80528964, , , ,0.528173082,0.420288462, ,-778.5901442,-2401.894231, ,176.6307713,166.0153844,118.1923095, 
23.08.2026 02:47:00, , , , , , , , ,1282.923077, , , , , , , 
23.08.2026 02:50:00, , , , , ,56.74615449, , , , , , , , , , 
23.08.2026 02:51:00, , , , ,60.57692337, , , , , , , , , , , 
23.08.2026 02:52:00, , , , , , , , , , , , , , , , 
23.08.2026 02:53:00, , , , , , , , , , , , , , , , 
23.08.2026 02:54:00, , , , , , , , , , , , , , , , 
23.08.2026 02:56:00, , , ,53.05384621, , , , , , , ,1629.538462, , , , 
23.08.2026 02:58:00,0.032986111, , , , , , , , , , , , , , , 
23.08.2026 02:59:00, ,670.3972356,89.38629855, , , ,0.524615391,0.462211538, ,-449.1057692,-2197.913462, ,173.8846166,164.3384634,123.6307719, 
23.08.2026 03:00:00, , , , , , , , ,1347.076923, , , , , , , 
23.08.2026 03:03:00, , , , , ,56.90769342, , , , , , , , , , 
23.08.2026 03:04:00, , , , ,61.04615373, , , , , , , , , , , 
23.08.2026 03:05:00, , , , , , , , , , , , , , , , 
23.08.2026 03:06:00, , , , , , , , , , , , , , , , 
23.08.2026 03:07:00, , , , , , , , , , , , , , , , 
23.08.2026 03:09:00, , , ,53.54615344, , , , , , , ,1905.692308, , , , 
23.08.2026 03:11:00,0.032986111, , , , , , , , , , , , , , , 
23.08.2026 03:12:00, ,679.78125,90.63750106, , , ,0.466634613,0.467403847, ,-304.4603365,-2192.461538, ,162.2538476,157.5846147,129.4384654, 
23.08.2026 03:13:00, , , , , , , , ,1386.461538, , , , , , , 
23.08.2026 03:15:00, , , , , , , , , , , , , , , , 
23.08.2026 03:16:00, , , , , ,57.14615396, , , , , , , , , , 
23.08.2026 03:17:00, , , , ,61.81538538, , , , , , , , , , , 
23.08.2026 03:18:00, , , , , , , , , , , , , , , , 
23.08.2026 03:19:00, , , , , , , , , , , , , , , , 
23.08.2026 03:20:00, , , , , , , , , , , , , , , , 
23.08.2026 03:22:00, , , ,54.16923112, , , , , , , ,1728, , , , 
23.08.2026 03:24:00,0.036931818, , , , , , , , , , , , , , , 
23.08.2026 03:25:00, ,679.8984375,90.65312606, , , ,0.45908654,0.479326924, ,-395.5240385,-2169.913462, ,153.6615378,145.3692298,131.9384648, 
23.08.2026 03:26:00, , , , , , , , ,1414.538462, , , , , , , 
23.08.2026 03:29:00, , , , , ,57.17692302, , , , , , , , , , 
23.08.2026 03:30:00, , , , ,61.79230793, , , , , , , , , , , 
23.08.2026 03:31:00, , , , , , , , , , , , , , , , 
23.08.2026 03:32:00, , , , , , , , , , , , , , , , 
23.08.2026 03:33:00, , , , , , , , , , , , , , , , 
23.08.2026 03:35:00, , , ,54.40769254, , , , , , , ,1753.923077, , , , 
23.08.2026 03:37:00,0.032986111, , , , , , , , , , , , , , , 
23.08.2026 03:38:00, ,679.6550481,90.62067355, , , ,0.446826921,0.477548077, ,-324.3605769,-2056.884615, ,151.9923084,140.9230757,131.7461571, 
23.08.2026 03:39:00, , , , , , , , ,1410.769231, , , , , , , 
23.08.2026 03:42:00, , , , , ,57.18461521, , , , , , , , , , 
23.08.2026 03:43:00, , , , ,62.36153823, , , , , , , , , , , 
23.08.2026 03:44:00, , , , , , , , , , , , , , , , 
23.08.2026 03:45:00, , , , , , , , , , , , , , , , 
23.08.2026 03:46:00, , , , , , , , , , , , , , , , 
23.08.2026 03:48:00, , , ,54.62307739, , , , , , , ,1737.384615, , , , 
23.08.2026 03:50:00,0.032986111, , , , , , , , , , , , , , , 
23.08.2026 03:51:00, ,680.0138221,90.66850985, , , ,0.44475961,0.481586537, ,-273.4831731,-2093.817308, ,156.0153844,141.5769243,129.1153893, 
23.08.2026 03:52:00, , , , , , , , ,1383.846154, , , , , , , 
23.08.2026 03:55:00, , , , , ,57.31538479, , , , , , , , , , 
23.08.2026 03:56:00, , , , ,64.15384615, , , , , , , , , , , 
23.08.2026 03:57:00, , , , , , , , , , , , , , , , 
23.08.2026 03:58:00, , , , , , , , , , , , , , , , 
23.08.2026 03:59:00, , , , , , , , , , , , , , , , 
23.08.2026 04:00:00, , , , , , , , , , , , , , , , 
23.08.2026 04:01:00, , , ,54.45384656, , , , , , , ,1780.769231, , , , 
23.08.2026 04:03:00,0.0296875, , , , , , , , , , , , , , , 
23.08.2026 04:04:00, ,679.8984375,90.65312488, , , ,0.457692307,0.486105772, ,-186.4182692,-1960.75, ,158.5846159,143.5615387,128.5846188, 
23.08.2026 04:05:00, , , , , , , , ,1375.615385, , , , , , , 
23.08.2026 04:08:00, , , , , ,57.29230763, , , , , , , , , , 
23.08.2026 04:09:00, , , , ,64.81538508, , , , , , , , , , , 
23.08.2026 04:10:00, , , , , , , , , , , , , , , , 
23.08.2026 04:11:00, , , , , , , , , , , , , , , , 
23.08.2026 04:12:00, , , , , , , , , , , , , , , , 
23.08.2026 04:14:00, , , ,54.37692319, , , , , , , ,1758.538462, , , , 
23.08.2026 04:15:00, , , , , , , , , , , , , , , , 
23.08.2026 04:16:00,0.032986111, , , , , , , , , , , , , , , 
23.08.2026 04:17:00, ,679.4350962,90.59134674, , , ,0.449711538,0.485096152, ,-252.7319712,-1986.701923, ,159.9692312,144.2461524,128.5769254, 
23.08.2026 04:18:00, , , , , , , , ,1381.384615, , , , , , , 
23.08.2026 04:21:00, , , , , ,57.19230799, , , , , , , , , , 
23.08.2026 04:22:00, , , , ,64.96923065, , , , , , , , , , , 
23.08.2026 04:23:00, , , , , , , , , , , , , , , , 
23.08.2026 04:24:00, , , , , , , , , , , , , , , , 
23.08.2026 04:25:00, , , , , , , , , , , , , , , , 
23.08.2026 04:27:00, , , ,54.23846083, , , , , , , ,1730.846154, , , , 
23.08.2026 04:29:00,0.0390625, , , , , , , , , , , , , , , 
23.08.2026 04:30:00, ,679.640625,90.61875153, , , ,0.449663458,0.483461538, ,-243.2884615,-2028.759615, ,160.7076921,145.0461543,129.5846194, 
23.08.2026 04:31:00, , , , , , , , ,1389.538462, , , , , , , 
23.08.2026 04:34:00, , , , , ,57.3153842, , , , , , , , , , 
23.08.2026 04:35:00, , , , ,65.0692303, , , , , , , , , , , 
23.08.2026 04:36:00, , , , , , , , , , , , , , , , 
23.08.2026 04:37:00, , , , , , , , , , , , , , , , 
23.08.2026 04:38:00, , , , , , , , , , , , , , , , 
23.08.2026 04:40:00, , , ,54.16923053, , , , , , , ,1758, , , , 
23.08.2026 04:42:00,0.0296875, , , , , , , , , , , , , , , 
23.08.2026 04:43:00, ,679.6550481,90.62067413, , , ,0.446394233,0.47471154, ,-266.0697115,-2032.105769, ,162.8846166,146.215386,129.3230808, 
23.08.2026 04:44:00, , , , , , , , ,1389.461538, , , , , , , 
23.08.2026 04:45:00, , , , , , , , , , , , , , , , 
23.08.2026 04:47:00, , , , , ,57.29230822, , , , , , , , , , 
23.08.2026 04:48:00, , , , ,65.1999993, , , , , , , , , , , 
23.08.2026 04:49:00, , , , , , , , , , , , , , , , 
23.08.2026 04:50:00, , , , , , , , , , , , , , , , 
23.08.2026 04:51:00, , , , , , , , , , , , , , , , 
23.08.2026 04:53:00, , , ,54.27692325, , , , , , , ,1742.615385, , , , 
23.08.2026 04:55:00,0.032986111, , , , , , , , , , , , , , , 
23.08.2026 04:56:00, ,679.6280048,90.61706778, , , ,0.443846152,0.473365385, ,-232.8966346,-2017.115385, ,163.0230783,147.0153867,128.6461563, 
23.08.2026 04:57:00, , , , , , , , ,1368.692308, , , , , , , 
23.08.2026 05:00:00, , , , , ,57.29999982, , , , , , , , , , 
23.08.2026 05:01:00, , , , ,64.66153893, , , , , , , , , , , 
23.08.2026 05:02:00, , , , , , , , , , , , , , , , 
23.08.2026 05:03:00, , , , , , , , , , , , , , , , 
23.08.2026 05:04:00, , , , , , , , , , , , , , , , 
23.08.2026 05:06:00, , , ,54.130769, , , , , , , ,1763.153846, , , , 
23.08.2026 05:08:00,0.0296875, , , , , , , , , , , , , , , 
23.08.2026 05:09:00, ,679.6460337,90.61947162, , , ,0.468413463,0.480576916, ,-229.1213942,-1972.028846, ,162.2384632,146.7384608,127.9153865, 
23.08.2026 05:10:00, , , , , , , , ,1373.923077, , , , , , , 
23.08.2026 05:13:00, , , , , ,57.26153829, , , , , , , , , , 
23.08.2026 05:14:00, , , , ,64.70769207, , , , , , , , , , , 
23.08.2026 05:15:00, , , , , , , , , , , , , , , , 
23.08.2026 05:16:00, , , , , , , , , , , , , , , , 
23.08.2026 05:17:00, , , , , , , , , , , , , , , , 
23.08.2026 05:19:00, , , ,53.99999941, , , , , , , ,1753.230769, , , , 
23.08.2026 05:21:00,0.032986111, , , , , , , , , , , , , , , 
23.08.2026 05:22:00, ,679.5973558,90.61298194, , , ,0.448605769,0.488798077, ,-252.5264423,-2035.971154, ,160.7923068,145.8461538,128.6230809, 
23.08.2026 05:23:00, , , , , , , , ,1376.384615, , , , , , , 
23.08.2026 05:26:00, , , , , ,57.16923053, , , , , , , , , , 
23.08.2026 05:27:00, , , , ,64.71538368, , , , , , , , , , , 
23.08.2026 05:28:00, , , , , , , , , , , , , , , , 
23.08.2026 05:29:00, , , , , , , , , , , , , , , , 
23.08.2026 05:30:00, , , , , , , , , , , , , , , , 
23.08.2026 05:32:00, , , ,54.04615344, , , , , , , ,1772.538462, , , , 
23.08.2026 05:34:00,0.034722222, , , , , , , , , , , , , , , 
23.08.2026 05:35:00, ,679.7920673,90.63894301, , , ,0.436201925,0.480288464, ,-256.6334135,-1992.451923, ,160.6538462,145.4384637,128.4076961, 
23.08.2026 05:36:00, , , , , , , , ,1382.307692, , , , , , , 
23.08.2026 05:39:00, , , , , ,57.17692272, , , , , , , , , , 
23.08.2026 05:40:00, , , , ,64.96153846, , , , , , , , , , , 
23.08.2026 05:41:00, , , , , , , , , , , , , , , , 
23.08.2026 05:42:00, , , , , , , , , , , , , , , , 
23.08.2026 05:43:00, , , , , , , , , , , , , , , , 
23.08.2026 05:45:00, , , ,53.96153875, , , , , , , ,1768.076923, , , , 
23.08.2026 05:47:00,0.032986111, , , , , , , , , , , , , , , 
23.08.2026 05:48:00, ,681.6959135,90.89278881, , , ,0.460721151,0.482884616, ,-287.2536058,-2035.355769, ,161.023076,145.8461527,130.215386, 
23.08.2026 05:49:00, , , , , , , , ,1404.769231, , , , , , , 
23.08.2026 05:52:00, , , , , ,57.11538462, , , , , , , , , , 
23.08.2026 05:53:00, , , , ,64.83846107, , , , , , , , , , , 
23.08.2026 05:54:00, , , , , , , , , , , , , , , , 
23.08.2026 05:55:00, , , , , , , , , , , , , , , , 
23.08.2026 05:56:00, , , , , , , , , , , , , , , , 
23.08.2026 05:58:00, , , ,54.16923112, , , , , , , ,1817.384615, , , , 
23.08.2026 06:00:00,0.032986111, , , , , , , , , , , , , , , 
23.08.2026 06:01:00, ,693.7860577,92.50480887, , , ,0.424471156,0.511153854, ,-337.5252404,-2155.375, ,160.9615396,145,137.8230814, 
23.08.2026 06:02:00, , , , , , , , ,1475, , , , , , , 
23.08.2026 06:05:00, , , , , ,57.03846154, , , , , , , , , , 
23.08.2026 06:06:00, , , , ,65.23846201, , , , , , , , , , , 
23.08.2026 06:07:00, , , , , , , , , , , , , , , , 
23.08.2026 06:08:00, , , , , , , , , , , , , , , , 
23.08.2026 06:09:00, , , , , , , , , , , , , , , , 
23.08.2026 06:11:00, , , ,54.49230752, , , , , , , ,1836, , , , 
23.08.2026 06:14:00, ,693.7572115,92.50096248, , , ,0.416009612,0.508125, ,-328.7776442,-2114.932692, ,161.6384641,145.7384632,137.6692341, 
23.08.2026 06:15:00,0.0296875, , , , , , , ,1474, , , , , , , 
23.08.2026 06:18:00, , , , , ,57.16923083, , , , , , , , , , 
23.08.2026 06:19:00, , , , ,65.16922995, , , , , , , , , , , 
23.08.2026 06:20:00, , , , , , , , , , , , , , , , 
23.08.2026 06:21:00, , , , , , , , , , , , , , , , 
23.08.2026 06:22:00, , , , , , , , , , , , , , , , 
23.08.2026 06:24:00, , , ,54.56923059, , , , , , , ,1814.769231, , , , 
23.08.2026 06:27:00, ,694.125,92.55000012, , , ,0.437836539,0.521778836, ,-332.0805288,-2108.509615, ,160.5,145.1307666,137.5692326, 
23.08.2026 06:28:00,0.036931818, , , , , , , ,1470.692308, , , , , , , 
23.08.2026 06:30:00, , , , , , , , , , , , , , , , 
23.08.2026 06:31:00, , , , , ,57.44615408, , , , , , , , , , 
23.08.2026 06:32:00, , , , ,65.69230769, , , , , , , , , , , 
23.08.2026 06:33:00, , , , , , , , , , , , , , , , 
23.08.2026 06:34:00, , , , , , , , , , , , , , , , 
23.08.2026 06:35:00, , , , , , , , , , , , , , , , 
23.08.2026 06:37:00, , , ,54.66923024, , , , , , , ,1813.923077, , , , 
23.08.2026 06:40:00, ,694.1502404,92.55336585, , , ,0.418653843,0.517163465, ,-281.859375,-2143.596154, ,159.584617,144.3615382,136.8615417, 
23.08.2026 06:41:00,0.032986111, , , , , , , ,1461.076923, , , , , , , 
23.08.2026 06:44:00, , , , , ,57.40000094, , , , , , , , , , 
23.08.2026 06:45:00, , , , ,65.89230816, , , , , , , , , , , 
23.08.2026 06:46:00, , , , , , , , , , , , , , , , 
23.08.2026 06:47:00, , , , , , , , , , , , , , , , 
23.08.2026 06:48:00, , , , , , , , , , , , , , , , 
23.08.2026 06:50:00, , , ,54.82307669, , , , , , , ,1824.615385, , , , 
23.08.2026 06:53:00, ,693.9284856,92.5237996, , , ,0.433221154,0.530576921, ,-296.6286058,-2080.980769, ,160.2615356,144.7384644,137.007694, 
23.08.2026 06:54:00, , , , , , , , ,1467.538462, , , , , , , 
23.08.2026 06:55:00,0.0296875, , , , , , , , , , , , , , , 
23.08.2026 06:57:00, , , , , ,57.58461468, , , , , , , , , , 
23.08.2026 06:58:00, , , , ,65.37692261, , , , , , , , , , , 
23.08.2026 06:59:00, , , , , , , , , , , , , , , , 
23.08.2026 07:00:00, , , , , , , , , , , , , , , , 
23.08.2026 07:01:00, , , , , , , , , , , , , , , , 
23.08.2026 07:03:00, , , ,54.87692349, , , , , , , ,1792.230769, , , , 
23.08.2026 07:06:00, ,693.8347356,92.51129796, , , ,0.425288464,0.526874996, ,-312.6274038,-2122.490385, ,161.8230767,145.5230772,137.8230814, 
23.08.2026 07:07:00, , , , , , , , ,1479.076923, , , , , , , 
23.08.2026 07:08:00,0.040625, , , , , , , , , , , , , , , 
23.08.2026 07:10:00, , , , , ,57.53076876, , , , , , , , , , 
23.08.2026 07:11:00, , , , ,65.23846201, , , , , , , , , , , 
23.08.2026 07:12:00, , , , , , , , , , , , , , , , 
23.08.2026 07:13:00, , , , , , , , , , , , , , , , 
23.08.2026 07:14:00, , , , , , , , , , , , , , , , 
23.08.2026 07:15:00, , , , , , , , , , , , , , , , 
23.08.2026 07:16:00, , , ,54.98461533, , , , , , , ,1811.076923, , , , 
23.08.2026 07:19:00, ,693.9320913,92.52427908, , , ,0.431442313,0.521538471, ,-300.2596154,-2117.326923, ,162.1692294,146.1692305,136.853849, 
23.08.2026 07:20:00, , , , , , , , ,1466.692308, , , , , , , 
23.08.2026 07:21:00,0.0296875, , , , , , , , , , , , , , , 
23.08.2026 07:23:00, , , , , ,57.54615285, , , , , , , , , , 
23.08.2026 07:24:00, , , , ,65.24615302, , , , , , , , , , , 
23.08.2026 07:25:00, , , , , , , , , , , , , , , , 
23.08.2026 07:26:00, , , , , , , , , , , , , , , , 
23.08.2026 07:27:00, , , , , , , , , , , , , , , , 
23.08.2026 07:29:00, , , ,55.0615387, , , , , , , ,1790.461538, , , , 
23.08.2026 07:30:00, , , , , , , , , , , , , , , , 
,,,,,,,,,,,,,,,,
,,,,,,,,,,,,,,,,
,,,,,,,,,,,,,,,,
22.08.2026 07:32:00, ,693.6914063,92.4921875,56.05000114,63.69999886,57.64999962,0.46312499,0.541562527,1490,-267.2578125,-2066.5,1822.5,155.9499969,141.5999985,139.9000015, 
22.08.2026 07:33:00,0.0546875, , , , , , , , , , , , , , , 
22.08.2026 07:34:00, ,693.5039063,92.46718597,56.14999962,63.64999962,57.60000038,0.457187504,0.53687501,1511,-235.640625,-1989.1875,1853.5,155.9000015,141.3000031,141.1500015, 
22.08.2026 07:35:00,0, , , , , , , , , , , , , , , 
22.08.2026 07:36:00, ,693.234375,92.43125153,56.14999962,63.45000076,57.60000038,0.459687501,0.549999982,1499.5,-243.09375,-1978.125,1948.5,155.6000061,140.8999939,140.6999969, 
22.08.2026 07:37:00,0.046875, , , , , , , , , , , , , , , 
22.08.2026 07:38:00, ,693.0703125,92.40937424,56.09999847,63.19999886,57.60000038,0.457187504,0.515625,1496,-112.3828125,-2014.1875,1809.5,155.5500031,140.75,139.2000046, 
22.08.2026 07:39:00,0, , , , , , , , , , , , , , , 
22.08.2026 07:40:00, ,693.3984375,92.453125,56.14999962,63.25,57.5,0.428750008,0.538125008,1500,-253.21875,-2090.875,1831,156.3000031,141.25,140.1500015, 
22.08.2026 07:41:00,0.046875, , , , , , , , , , , , , , , 
22.08.2026 07:42:00, ,693.7851563,92.50468826,56.04999924,63,57.60000038,0.44812499,0.538749993,1490,-222.7734375,-2041.0625,1940.5,156,140.9000015,138.8499985, 
22.08.2026 07:43:00,0, , , , , , , , , , , , , , , 
22.08.2026 07:44:00, ,694.3828125,92.58437347,56.40000153,63,57.5,0.409375012,0.498124987,1448,-147.046875,-1988.5,1606,156.3999939,141.3000031,135.6000061, 
22.08.2026 07:45:00,0.0546875, , , , , , , , , , , , , , , 
22.08.2026 07:46:00, ,694.0429688,92.5390625,56,63.04999924,57.60000038,0.447187498,0.530312479,1469,-213,-2158.875,1862,156.3999939,140.6500015,137.4500046, 
22.08.2026 07:48:00,0,692.9414063,92.39218903,56.05000114,63.25,57.44999886,0.453437492,0.547187507,1505.5,-196.734375,-2183.1875,1802,156.3000031,141,141.2000046, 
22.08.2026 07:50:00,0.046875,694.1484375,92.55312729,56.29999924,63.45000076,57.55000114,0.429999992,0.524687499,1470,-86.109375,-1994.6875,1714,156.5,140.8499985,135.6000061, 
22.08.2026 07:52:00, ,693.9375,92.52500153,56.09999847,63.5,57.5,0.423750013,0.508125007,1482,-218.765625,-1986.625,1847,156.5,141.8000031,137.8000031, 
22.08.2026 07:53:00,0, , , , , , , , , , , , , , , 
22.08.2026 07:54:00, ,693.3164063,92.44218826,56.25,63.35000038,57.75,0.454062507,0.545312494,1490,-235.359375,-2012.3125,1850,156.3499985,141.0499954,140.2000046, 
22.08.2026 07:55:00,0.0546875, , , , , , , , , , , , , , , 
22.08.2026 07:56:00, ,693.84375,92.51250076,56.25,63.39999962,57.55000114,0.46656251,0.535312504,1467,-201.9140625,-2022.125,1812.5,156.7000046,140.75,137.25, 
22.08.2026 07:57:00,0.046875, , , , , , , , , , , , , , , 
22.08.2026 07:58:00, ,693.9726563,92.52968597,56.14999962,63.39999962,57.5,0.415625006,0.529687494,1500.5,-265.1015625,-2110.8125,1860.5,157.7999954,141.1500015,139.8000031, 
22.08.2026 08:00:00,0,692.8359375,92.37812805, ,63.40000153,57.40000153,0.451875001,0.52562499,1506,-369.75,-2346,1825,159,141.6999969,141.1000061, 
22.08.2026 08:02:00,0.046875,693.4101563,92.45468903, ,63.5,57.55000114,0.433125004,0.510312498,1484.5,-240.703125,-2074.5,1917.5,158.75,142.1500015,138.9500046, 
22.08.2026 08:04:00,0,693.6914063,92.4921875,56.29999924,63.35000038,57.59999847,0.434375003,0.518124998,1473.5,-248.0859375,-2060.1875,1894,157.5,142.3499985,137.9500046, 
22.08.2026 08:06:00,0.0546875,693.8671875,92.515625,56.04999924,63.39999962,57.75,0.438124999,0.512187511,1470.5,-210.4921875,-2021.375,1872.5,156.6500015,142,138.2500076, 
22.08.2026 08:08:00, ,692.625,92.34999847, ,63.09999847,57.70000076,0.421875,0.507499993,1514,-335.671875,-1922.5,1820,156,141.8000031,140.6999969, 
22.08.2026 08:09:00,0, , , , , , , , , , , , , , , 
22.08.2026 08:10:00, ,693.6796875,92.49062347,56.09999847,63.10000038,57.79999924,0.451875001,0.519374996,1508.5,-176.4375,-1942.5,1879.5,154.8000031,140.6500015,140.5000076, 
22.08.2026 08:11:00,0.046875, , , , , , , , , , , , , , , 
22.08.2026 08:12:00, ,694.265625,92.56874847,56.20000076,62.95000076,57.79999924,0.484375,0.532187492,1506.5,-136.96875,-2037.125,1821,154.6000061,140.0999985,140.3000031, 
22.08.2026 08:13:00,0.0546875, , , , , , , , , , , , , , , 
22.08.2026 08:14:00, ,693.1875,92.42499924,56.25,63.04999924,57.79999924,0.448437497,0.5234375,1498.5,-265.078125,-1973.875,1773.5,153.7000046,139.9499969,140.5, 
22.08.2026 08:15:00, , , , , , , , , , , , , , , , 
22.08.2026 08:16:00, ,692.2734375,92.30312347, ,62.79999924,57.59999847,0.453750014,0.519375026,1487,-202.875,-2173.25,1867,153.3999939,139.8000031,140.9000092, 
22.08.2026 08:17:00,0, , ,56.29999924, , , , , , , , , , , , 
22.08.2026 08:18:00, ,694.1367188,92.55156326, ,62.80000114,57.75,0.428749993,0.543749988,1474.5,-204.0703125,-2019.75,1897,153.2000046,139.25,137.9000015, 
22.08.2026 08:19:00,0.046875, , ,56.5, , , , , , , , , , , , 
22.08.2026 08:20:00, ,693.7851563,92.50468826, ,63.09999847,57.95000076,0.473749995,0.530312508,1471,-283.640625,-2017.375,1778,152.6500015,139.1000061,138, 
22.08.2026 08:21:00,0.046875, , ,56.35000038, , , , , , , , , , , , 
22.08.2026 08:22:00, ,694.0546875,92.54062653, ,63.10000038,57.95000076,0.427187502,0.520624995,1495.5,-256.6171875,-2107.75,1850,153.0499954,138.4000015,140.5, 
22.08.2026 08:23:00, , , ,56.35000038, , , , , , , , , , , , 
22.08.2026 08:24:00, ,693.5859375,92.47812653, ,63.09999847,57.70000076,0.467500001,0.504999995,1481,-348.1875,-2073.875,1981,153.1000061,138.6999969,138.6999969, 
22.08.2026 08:25:00,0, , ,56.40000153, , , , , , , , , , , , 
22.08.2026 08:26:00, ,694.3476563,92.57968903, ,63.25,57.95000076,0.450312495,0.50999999,1491,-306.2578125,-2154.8125,1769,153.3499985,138.3000031,139.75, 
22.08.2026 08:27:00,0.0546875, , ,56.80000114, , , , , , , , , , , , 
22.08.2026 08:28:00, ,693.8554688,92.51406479, ,63.39999962,58.10000038,0.434687495,0.545000017,1479.5,-242.3671875,-2062.875,1827,153.0500031,138.5499954,138.0500031, 
22.08.2026 08:29:00,0.046875, , , , , , , , , , , , , , , 
22.08.2026 08:30:00, ,693.1054688,92.4140625, ,63.60000038,58.10000038,0.420937493,0.533749998,1503,-370.734375,-2024.4375,1903.5,152.8000031,138.5,139.6000061, 
22.08.2026 08:31:00, , , ,56.59999847, , , , , , , , , , , , 
22.08.2026 08:32:00,0,694.4179688,92.58906174, ,63.64999962,57.95000076,0.435312495,0.524375021,1469.5,-289.359375,-2013.5625,1672.5,153.0500031,137.9500046,138.6500015, 
22.08.2026 08:33:00, , , ,56.80000114, , , , , , , , , , , , 
22.08.2026 08:34:00,0.0546875,693.7265625,92.49687576, ,63.60000038,57.90000153,0.462187499,0.508749992,1508,-223.2421875,-1953.8125,1901,152.5499954,137.8500061,140.9000092, 
22.08.2026 08:35:00, , , ,56.54999924, , , , , , , , , , , , 
22.08.2026 08:36:00,0,693.6210938,92.48281479, ,63.70000076,58,0.42406249,0.509687513,1475.5,-285.28125,-2038.5,1898.5,152.4000015,138,138.4000015, 
22.08.2026 08:38:00,0.046875,693.4101563,92.45468903,56.59999847,63.80000114,58.09999847,0.4609375,0.534687519,1473.5,-376.1484375,-2017.0625,1909,152.8499985,137.5500031,136.5500031, 
22.08.2026 08:40:00,0,692.953125,92.39374924, ,63.54999924,58.14999962,0.439687505,0.546562493,1538.5,-294.6796875,-2211.1875,1796,153.8000031,137.8500061,142.4000015, 
22.08.2026 08:42:00,0.046875,694.171875,92.55625153,56.70000076,63.45000076,57.89999962,0.444999993,0.530000001,1481.5,-256.078125,-2007.5625,1722.5,154.9499969,138.5999985,138.8000031, 
22.08.2026 08:44:00,0,693.6328125,92.484375,56.75,63.60000038,58,0.420937508,0.513125002,1520,-256.5703125,-2142.3125,1942,155.4500046,138.8999939,141.8000031, 
22.08.2026 08:45:00, , , , , , , , , , , , , , , , 
22.08.2026 08:46:00,0.0546875,693.1171875,92.41562653,56.90000153,63.45000076,57.90000153,0.441562504,0.540312499,1509.5,-300.4453125,-2067.125,1934.5,156,139.4499969,141.2500076, 
22.08.2026 08:48:00,0,693.8789063,92.51718903, ,63.55000114,57.95000076,0.462187499,0.521874994,1501,-153.65625,-2101.125,1660.5,156.6999969,140.5999985,141.7500076, 
22.08.2026 08:50:00,0.046875,693.609375,92.48125076,56.59999847,63.90000153,57.95000076,0.429374993,0.526562482,1499.5,-274.171875,-2022.1875,1700.5,156.6500015,140.5,140.8000031, 
22.08.2026 08:52:00,0,693.5273438,92.47031403,56.95000076,63.64999962,57.85000038,0.407812506,0.514999986,1511.5,-244.875,-2065.125,1778,156.5499954,140.75,140.9000092, 
22.08.2026 08:54:00,0.0546875,693.4101563,92.45468903,56.70000076,63.70000076,57.90000153,0.450625002,0.527187496,1526.5,-323.7421875,-2083.5625,1950.5,156.5999985,140.7999954,141.5000076, 
22.08.2026 08:56:00,0,693.5507813,92.47343826,56.89999962,64,58.04999924,0.443124995,0.510000005,1508,-302.109375,-2059.75,1744.5,156.6499939,140.3000031,139.8499985, 
22.08.2026 08:58:00,0.046875,693.5390625,92.47187805,56.95000076,63.5,58,0.432500005,0.508125007,1503,-323.015625,-1936.5,1886,156.6000061,141.1999969,140.1999969, 
22.08.2026 09:00:00,0,693.3046875,92.44062424,56.85000038,63.85000038,58.04999924,0.432187498,0.57593751,1492.5,-241.2890625,-2161.75,1774.5,156.2000046,140.75,140.0000076, 
22.08.2026 09:02:00,0.046875,693.7851563,92.50468826,56.90000025,63.65000153,58.04999924,0.454374999,0.513125002,1505.5,-310.3125,-2143.9375,1752.5,156.4000015,140.5999985,141.0999985, 
22.08.2026 09:04:00,0,693.2929688,92.43906403,56.85000038,63.5,58.14999962,0.437187493,0.524375021,1498,-303.328125,-2041.3125,1812,156.2000046,140.5500031,139.9500046, 
22.08.2026 09:06:00,0.0546875,693.7148438,92.49531555,56.89999962,63.85000038,58.29999924,0.438749999,0.51781249,1515.5,-264.3046875,-2033.5625,1755.5,155.8000031,139.9000015,141.6999969, 
22.08.2026 09:08:00,0,693.0351563,92.40468597,57.10000038,63.59999847,58,0.456562504,0.505937502,1502,-302.015625,-2124.875,1914,155.5500031,139.4500046,140.3000031, 
22.08.2026 09:10:00,0.046875,693.4921875,92.46562576,57,63.70000076,58.35000038,0.448750004,0.533749998,1497.5,-225.421875,-2147.9375,1794,155.5999985,139.8000031,141.0999985, 
22.08.2026 09:12:00,0,693.0585938,92.40781403,56.95000076,63.85000038,58.14999962,0.480312511,0.577187508,1500,-215.9765625,-2171.5,1722,155.9000015,139.4000015,139.1000061, 
22.08.2026 09:14:00,0.0546875,693.8671875,92.515625,56.95000076,63.54999924,58.14999962,0.412187502,0.52124998,1498.5,-228.890625,-2075.5,1944,156.25,139.5500031,140.25, 
22.08.2026 09:15:00, , , , , , , , , , , , , , , , 
22.08.2026 09:16:00,0,693.9257813,92.5234375,57.09999847,63.60000038,58.29999924,0.424999997,0.501562506,1486.5,-357.1875,-2081.8125,1819,156.5999985,139.75,139.2500076, 
22.08.2026 09:18:00,0.046875,693.6445313,92.48593903,57.04999924,63.75,58.35000038,0.421250001,0.503437489,1503.5,-353.3203125,-2049.75,1738.5,157.1500015,140.0499954,140.4000015, 
22.08.2026 09:20:00,0,693.4804688,92.46406555,57.09999847,63.80000114,58.40000153,0.431875005,0.514062494,1507,-368.671875,-2173.125,1752.5,157.5500031,140.0999985,139.8000031, 
22.08.2026 09:22:00,0.046875,694.2890625,92.57187653,57.04999924,64.04999924,58.25,0.438749999,0.545937508,1489.5,-293.5078125,-2049.25,1856,157.75,140.5,139.8500061, 
22.08.2026 09:24:00, ,694.03125,92.53749847,57,63.90000153,58.29999924,0.46875,0.520624995,1482,-270.75,-2116.25,1582,158.1999969,140.8999939,138.3000031, 
22.08.2026 09:25:00,0, , , , , , , , , , , , , , , 
22.08.2026 09:26:00, ,693.8085938,92.5078125,57.35000038,63.85000038,58.30000114,0.430312499,0.519687504,1503,-235.6171875,-1980.0625,1894,158.8499985,141.5500031,139.7000046, 
22.08.2026 09:27:00,0.0546875, , , , , , , , , , , , , , , 
22.08.2026 09:28:00, ,694.078125,92.54375076,57.25,63.90000153,58.25,0.448437512,0.51781252,1454,-241.6640625,-1938.0625,1841.5,158.75,141.5,136.25, 
22.08.2026 09:29:00,0.046875, , , , , , , , , , , , , , , 
22.08.2026 09:30:00, ,694.2773438,92.5703125,57.25,63.80000114,58.19999886,0.477812499,0.521874994,1454.5,-245.953125,-2081.6875,1781.5,158.4500046,142.1500015,135.5, 
22.08.2026 09:32:00, ,693.5390625,92.47187805,57.59999847,63.79999924,58.20000076,0.444999993,0.53125,1501,-287.671875,-2284.5,2019,157.8999939,142.1999969,139.6999969, 
22.08.2026 09:33:00,0, , , , , , , , , , , , , , , 
22.08.2026 09:34:00, ,693.7734375,92.50312424,57.40000153,63.5,58.25,0.448749989,0.505624995,1493.5,-289.1484375,-2014.875,1747,157.9499969,142.25,139.0500031, 
22.08.2026 09:35:00,0.0546875, , , , , , , , , , , , , , , 
22.08.2026 09:36:00, ,693.1992188,92.42656326,57.19999886,63.55000114,58.30000114,0.437187493,0.4921875,1476,-284.1796875,-2096,1821.5,157.0499954,141.4499969,138.6500015, 
22.08.2026 09:37:00,0.046875, , , , , , , , , , , , , , , 
22.08.2026 09:38:00, ,694.1601563,92.5546875,57.44999886,63.44999886,58.40000153,0.468437493,0.5234375,1475.5,-215.8125,-1997.6875,1662.5,156.4000015,141.3499985,137.9500046, 
22.08.2026 09:40:00,0,693.984375,92.53125,57.30000114,63.5,58.30000114,0.465000004,0.538437486,1483.5,-249.28125,-2018.5625,1816,155.6999969,140.8000031,138.0500031, 
22.08.2026 09:42:00,0.046875,693.2929688,92.43906403,57.44999886,63.35000038,58.45000076,0.441875011,0.520000011,1498,-236.859375,-1974.5625,1742.5,156.4499969,140.9000015,139.4500046, 
22.08.2026 09:44:00,0,693.5742188,92.4765625,57.30000114,63.29999924,58.45000076,0.4375,0.556249976,1493,-240.0703125,-2014.0625,1777.5,156.9000015,140.5500031,139.4000092, 
22.08.2026 09:45:00, , , , , , , , , , , , , , , , 
22.08.2026 09:46:00,0.0546875,693.6328125,92.484375,57.25,63.25,58.45000076,0.476249993,0.548749983,1512.5,-258.1640625,-2000.1875,1751,157.3500061,140.7000046,141.5500031, 
22.08.2026 09:48:00,0,694.0195313,92.53593826,57.54999924,63.35000038,58.44999886,0.466875002,0.534062505,1483.5,-301.2421875,-1985.9375,1891.5,158.3000031,140.8499985,139.4500046, 
22.08.2026 09:50:00,0.046875,694.1367188,92.55156326,57.64999962,63.25,58.45000076,0.452187493,0.509062499,1464.5,-225.140625,-2063.9375,1775.5,158.75,141.4500046,136.6500015, 
22.08.2026 09:52:00,0,693.9960938,92.53281403,57.5,63.30000114,58.5,0.437187508,0.51343751,1490.5,-256.78125,-1931.625,1832,159.6500015,142.0499954,140.2500076, 
22.08.2026 09:54:00,0.0546875,694.0195313,92.53593826,57.5,63.40000153,58.45000076,0.427812502,0.515000015,1498.5,-273.046875,-1994.9375,1775,160.1500015,142.4499969,140.3000031, 
22.08.2026 09:56:00,0,693.8671875,92.515625,57.69999886,63.14999962,58.44999886,0.462499991,0.522812515,1475,-136.734375,-1983.5625,1831,159.8499985,142.8500061,137.6500015, 
22.08.2026 09:58:00,0.046875,693,92.40000153,57.29999924,63.5,58.59999847,0.456250012,0.504999995,1483,-335.15625,-2238.375,1902,159.6000061,143,138.4000092, 
22.08.2026 10:00:00,0,693.9726563,92.52968597,57.64999962,63.69999886,58.5,0.487812489,0.557812482,1489,-282.5390625,-1990,1681.5,159.6500015,143.1500015,139.3000031, 
22.08.2026 10:02:00,0.046875,693.5273438,92.47031403,57.80000114,63.54999924,58.45000076,0.445624992,0.503750011,1493,-258.5859375,-2033.9375,1783.5,159.3499985,142.75,139.6500015, 
22.08.2026 10:04:00,0,693.8320313,92.51093674,57.79999924,63.64999962,58.5,0.389375001,0.500624985,1477,-218.15625,-1963.875,1828.5,158.5500031,142.6000061,138.2000046, 
22.08.2026 10:06:00,0.0546875,693.6210938,92.48281097,57.59999847,63.79999924,58.54999924,0.466875002,0.551250011,1484,-266.4140625,-2055.125,1842.5,157.5499954,142.0500031,138.8500061, 
22.08.2026 10:08:00,0,694.1015625,92.546875,57.59999847,63.80000114,58.29999924,0.466562495,0.524062514,1477,-210.1875,-1921.5625,1724.5,157.7000046,141.5499954,137.4500046, 
22.08.2026 10:10:00,0.046875,693.375,92.45000076,57.75,63.84999847,58.59999847,0.458437502,0.567500025,1487.5,-308.203125,-2050.4375,1699,157.3499985,141.0999985,139.6500015, 
22.08.2026 10:12:00,0,693.515625,92.46875,57.80000114,63.69999886,58.54999924,0.430625007,0.527500004,1507,-270.7734375,-2175.6875,1721,157.4000015,141.4499969,140.6999969, 
22.08.2026 10:14:00,0.0546875,693.4570313,92.4609375,57.64999962,63.64999962,58.64999962,0.424999997,0.509687483,1495,-256.2421875,-2096.75,1739.5,157.3999939,141,139.7000046, 
22.08.2026 10:15:00, , , , , , , , , , , , , , , , 
22.08.2026 10:16:00,0,693.7734375,92.50312424,57.75,64.04999924,58.44999886,0.449374989,0.553437501,1488.5,-374.296875,-2087.1875,1783,157.75,140.7999954,139.3499985, 
22.08.2026 10:18:00,0.046875,694.0195313,92.53593826,57.89999962,64.20000076,58.54999924,0.456562504,0.535312504,1480.5,-277.5234375,-2092,1904.5,158.1999969,141.0999985,138.8500061, 
22.08.2026 10:20:00,0,693.46875,92.46250153,57.75,63.95000076,58.70000076,0.426562503,0.5234375,1509.5,-410.484375,-2189.875,1998.5,158.9000015,141.5,141.4000015, 
22.08.2026 10:22:00,0.046875,693.703125,92.49375153,57.85000038,64,58.64999962,0.436562508,0.537500024,1482,-346.3359375,-2142.375,1803.5,159.6000061,142.0999985,139.6500092, 
22.08.2026 10:24:00, ,693.796875,92.50624847,57.90000153,64.19999695,58.59999847,0.443749994,0.519375026,1505,-432,-2093.25,1869,160.3999939,142.1999969,142, 
22.08.2026 10:25:00,0, , , , , , , , , , , , , , , 
22.08.2026 10:26:00, ,693.1523438,92.42031479,58.09999847,64.25,58.64999962,0.420937508,0.520937502,1505,-415.7109375,-2115.375,1898.5,162.0500031,143.3499985,140.3000031, 
22.08.2026 10:27:00,0.0546875, , , , , , , , , , , , , , , 
22.08.2026 10:28:00, ,693.9492188,92.52656555,58.04999924,63.99999809,58.75,0.471250013,0.52906248,1485,-410.2734375,-2148.5,1843,162.7000046,144.2000046,139.3499985, 
22.08.2026 10:29:00,0.046875, , , , , , , , , , , , , , , 
22.08.2026 10:30:00, ,694.265625,92.56875229,57.95000076,64.15000153,58.70000076,0.472187504,0.520312518,1466.5,-230.109375,-2144.5625,1728,163.5,144.75,137.1000061, 
22.08.2026 10:32:00, ,693.8671875,92.515625,57.79999924,64.19999695,58.79999924,0.413125008,0.514374971,1438,-296.25,-2147.625,1653,163.6000061,145.3000031,134.1999969, 
22.08.2026 10:33:00,0, , , , , , , , , , , , , , , 
22.08.2026 10:34:00, ,693.4453125,92.45937729,57.85000038,64.25,58.80000114,0.470624998,0.562812507,1503,-334.9921875,-2069.375,1771.5,163.8999939,145.6500015,140.25, 
22.08.2026 10:35:00,0.0546875, , , , , , , , , , , , , , , 
22.08.2026 10:36:00, ,693.6445313,92.48593903,58.10000038,64.45000076,58.64999962,0.4453125,0.537812501,1472.5,-337.265625,-2250.375,1760,163.6500015,145.8499985,137.6000061, 
22.08.2026 10:37:00,0.046875, , , , , , , , , , , , , , , 
22.08.2026 10:38:00, ,693.5039063,92.46718979,57.95000076,64.5,58.69999886,0.431249991,0.531875014,1488,-290.1796875,-2162.375,1723.5,163.5,145.8500061,138.2500076, 
22.08.2026 10:40:00, ,693.5390625,92.47187805,58,64.5,58.70000076,0.444999993,0.528750002,1497,-369.890625,-2075.75,1824,162.8000031,146,139.6999969, 
22.08.2026 10:41:00,0, , , , , , , , , , , , , , , 
22.08.2026 10:42:00, ,694.0429688,92.5390625,58.04999924,64.45000076,58.80000114,0.423124999,0.5390625,1467.5,-454.8046875,-2300.1875,1899,163.5999985,146.25,136.8500061, 
22.08.2026 10:43:00,0.046875, , , , , , , , , , , , , , , 
22.08.2026 10:44:00, ,693.984375,92.53125,58.10000038,64.40000153,58.79999924,0.430312499,0.51781249,1482.5,-418.9921875,-2105.25,1805.5,163.25,146.4000015,138.3500061, 
22.08.2026 10:45:00,0.0546875, , , , , , , , , , , , , , , 
22.08.2026 10:46:00, ,693.7382813,92.49843979,57.85000038,64.20000076,59.04999924,0.426249996,0.535937488,1494.5,-333.84375,-2194.4375,1670.5,162.5499954,145.75,140.0000076, 
22.08.2026 10:48:00,0,693.7148438,92.49531555,58.04999924,64.25,59.10000038,0.448750004,0.52562502,1479,-353.0390625,-2199.4375,1814.5,161.8000031,145.3499985,137.4500046, 
22.08.2026 10:50:00,0.046875,693.9375,92.52500153,58.25,64.25,59.10000038,0.449374989,0.513125002,1469.5,-356.0390625,-2188.375,1822.5,161.25,145.25,137.5500031, 
22.08.2026 10:52:00,0,693.609375,92.48125076,58.20000076,64.25,58.95000076,0.449999988,0.51000002,1473,-327.28125,-2153.25,1746,161.0999985,144.5999985,137.5500031, 
22.08.2026 10:54:00,0.0546875,693.9257813,92.5234375,58.14999962,64.15000153,59.10000038,0.429375008,0.523750007,1482.5,-375.5625,-2209.4375,1806,160.4000015,143.6999969,138.3500061, 
22.08.2026 10:56:00,0,694.0546875,92.54062653,58.29999924,64.54999924,59.20000076,0.431875005,0.5078125,1473,-336.140625,-2068.625,1891,160.3499985,143.75,138.8499985, 
22.08.2026 10:58:00,0.046875,693.5507813,92.47343826,58.35000038,64.59999847,59,0.448125005,0.532187492,1500.5,-374.8359375,-2276.5,1912.5,160.5,143.75,138.8499985, 
22.08.2026 11:00:00,0,693.1289063,92.41718674,58.25,64.75,58.94999886,0.445625007,0.515312493,1479.5,-361.6875,-2346.75,1918.5,161.2999954,143.9000015,137.4500046, 
22.08.2026 11:02:00,0.046875,693.6445313,92.48593903,58.35000038,64.59999847,59.09999847,0.4609375,0.549687505,1482.5,-391.9921875,-2146.5625,1869.5,162.7999954,144.5999985,138.6000061, 
22.08.2026 11:04:00,0,693.46875,92.46250153,58.35000038,64.70000076,59.04999924,0.438749999,0.532499999,1490.5,-416.484375,-2184.8125,1647.5,163.5999985,144.9500046,138.9500046, 
22.08.2026 11:06:00,0.0546875,693.28125,92.4375,58.04999924,64.79999924,59.20000076,0.429062501,0.529687494,1510.5,-453.234375,-2209.75,1740.5,164.5499954,146.0500031,139.6000061, 
22.08.2026 11:08:00, ,693.5742188,92.4765625,58.14999962,64.90000153,59.09999847,0.453125,0.52125001,1496,-427.453125,-2278.8125,1748,165.25,146.5999985,138.2000046, 
22.08.2026 11:09:00,0, , , , , , , , , , , , , , , 
22.08.2026 11:10:00, ,693.5390625,92.47187805,58,65,59.20000076,0.445625007,0.543749988,1498,-389.15625,-2291,1889,165.8999939,147.1000061,140.1000061, 
22.08.2026 11:11:00,0.046875, , , , , , , , , , , , , , , 
22.08.2026 11:12:00, ,694.0078125,92.53437424,58.20000076,65,59.10000038,0.412812501,0.515625,1459,-356.7890625,-2128.3125,1897,166.5,147.8499985,136.1500092, 
22.08.2026 11:13:00,0, , , , , , , , , , , , , , , 
22.08.2026 11:14:00, ,694.1015625,92.546875,58.14999962,65.19999695,58.94999886,0.439999998,0.52125001,1485,-392.296875,-2000.625,1765,166,148.3499985,137.7000046, 
22.08.2026 11:15:00,0.0546875, , , , , , , , , , , , , , , 
22.08.2026 11:16:00, ,694.0078125,92.53437424,58.04999924,65.04999924,58.90000153,0.443124995,0.519374996,1476,-330.5859375,-2089.5,1808.5,165.4500046,148.25,137.7000046, 
22.08.2026 11:17:00,0, , , , , , , , , , , , , , , 
22.08.2026 11:18:00, ,694.125,92.55000305,58.05000114,65.15000153,58.85000038,0.469999999,0.540937513,1469,-332.2265625,-1988.0625,1858.5,165,148.0999985,137.1000061, 
22.08.2026 11:19:00,0.046875, , , , , , , , , , , , , , , 
22.08.2026 11:20:00, ,693.9023438,92.52031326,58,65.15000153,58.79999924,0.428124994,0.515937507,1486,-329.0859375,-2113.1875,1673.5,165.1500015,148.2000046,139.6000061, 
22.08.2026 11:22:00,0,693.3164063,92.44218826,58.04999924,65,58.85000038,0.43249999,0.509375006,1498,-342.2578125,-2207.8125,1774,164.8500061,147.9500046,141.4000015, 
22.08.2026 11:24:00,0.046875,694.1835938,92.55781174,58.09999847,65.20000076,58.75,0.420312494,0.528437495,1471,-327.4453125,-2100.9375,1808.5,164,147.4000015,136.3000031, 
22.08.2026 11:26:00,0.0546875,694.3359375,92.578125,57.85000038,65.15000153,58.75,0.482812509,0.522812486,1491,-276.9375,-2116.625,1712,163.2000046,147.0499954,139.5500031, 
22.08.2026 11:28:00, ,693.515625,92.46875,58,65.5,58.79999924,0.436562493,0.528124988,1499,-229.1953125,-2137.8125,1774,162.8000031,146.3500061,139.5, 
22.08.2026 11:30:00,0,694.1132813,92.54843903,58.10000038,65.39999771,58.85000038,0.433437496,0.537187487,1477.5,-239.4140625,-2097.5,1753,162,145.75,137.5, 
22.08.2026 11:32:00,0.046875,693.4101563,92.45468903,57.95000076,65.25,59,0.442812487,0.531562477,1490.5,-344.109375,-2187.5625,1763,160.9499969,145.4000015,138.0500031, 
22.08.2026 11:34:00,0.0546875,694.2304688,92.56406403,57.95000076,65.09999847,58.75,0.407187492,0.527500004,1476.5,-349.9453125,-2001.25,1737.5,160.8499985,144.8499985,137.7000046, 
22.08.2026 11:36:00, ,693.9375,92.52500153,58.10000038,65.14999771,59.04999924,0.424374998,0.535625011,1468.5,-378.6328125,-2072.1875,1693.5,160.9500046,144.8499985,137.1500015, 
22.08.2026 11:38:00,0,694.078125,92.54375076,58.05000114,65.04999924,59.04999924,0.422499999,0.546875,1462.5,-385.171875,-2188.1875,1607.5,161.2000046,144.7999954,136.2500076, 
22.08.2026 11:40:00,0.046875,694.0898438,92.54531097,57.95000076,64.70000076,58.90000153,0.438749999,0.52125001,1500.5,-368.5078125,-2074.5,1859,162.3499985,144.7000046,140.0500031, 
22.08.2026 11:42:00,0.046875,693.8554688,92.51406479,58,64.65000153,58.85000038,0.419062495,0.5390625,1470,-361.125,-2181.9375,1825,163.5999985,145.5500031,137.9500046, 
22.08.2026 11:44:00, ,694.0664063,92.54219055,58.25,64.5,58.95000076,0.459374994,0.503124997,1466,-303.0234375,-2161.375,1775.5,164,145.8499985,136.6500015, 
22.08.2026 11:45:00, , , , , , , , , , , , , , , , 
22.08.2026 11:46:00,0,693.4453125,92.45937729,58.10000038,64.5,58.95000076,0.470624998,0.525000006,1463,-351.5390625,-2293.5,1786,164.5999985,146.25,136.9000015, 
22.08.2026 11:48:00,0.0546875,694.2890625,92.57187653,58,64.20000076,58.85000038,0.452500001,0.521562517,1473.5,-365.4609375,-2155.8125,1687,165.0999985,146.6500015,137.5999985, 
22.08.2026 11:50:00,0.046875,694.4179688,92.58906174,58.04999924,64.04999924,58.90000153,0.461562499,0.523124993,1453,-214.078125,-2060.375,1971,164.7000046,147.3499985,135.5000076, 
22.08.2026 11:52:00, ,693.6679688,92.48906326,58.05000114,63.99999809,58.90000153,0.450312495,0.538749993,1496,-275.0859375,-2240.25,1813.5,164.0500031,147.4000015,139.3000031, 
22.08.2026 11:53:00,0, , , , , , , , , , , , , , , 
22.08.2026 11:54:00, ,694.1132813,92.54843903,58.05000114,64,58.89999962,0.441562504,0.490312502,1467,-347.0390625,-2103.8125,1561,163.9000015,147.0999985,136.4500046, 
22.08.2026 11:55:00,0.0546875, , , , , , , , , , , , , , , 
22.08.2026 11:56:00, ,694.1015625,92.546875,58.09999847,63.89999962,58.89999962,0.470624998,0.558437496,1454.5,-321.9609375,-2077.75,1801,163.7999954,146.75,137, 
22.08.2026 11:57:00,0, , , , , , , , , , , , , , , 
22.08.2026 11:58:00, ,693.6328125,92.484375,57.90000153,63.90000153,59,0.462500006,0.528750002,1459,-309.65625,-2176.5,1561,163.1000061,146.5,135.1999969, 
22.08.2026 11:59:00,0.046875, , , , , , , , , , , , , , , 
22.08.2026 12:00:00, ,694.2539063,92.56718826,57.95000076,63.85000038,58.89999962,0.454374999,0.547812492,1456,-317.578125,-2254.9375,1789.5,162.1500015,146.25,135.5999985, 
22.08.2026 12:01:00,0, , , , , , , , , , , , , , , 
22.08.2026 12:02:00, ,694.4414063,92.59218979,58.10000038,63.45000076,58.95000076,0.424374998,0.529374987,1477,-332.4375,-2135.1875,1689,161.0499954,145.5500031,139, 
22.08.2026 12:03:00,0.046875, , , , , , , , , , , , , , , 
22.08.2026 12:04:00, ,694.546875,92.60625076,58,63.5,59,0.454374999,0.548749983,1467,-308.0390625,-2117,1837.5,160.1500015,145.25,138.4000015, 
22.08.2026 12:05:00,0, , , , , , , , , , , , , , , 
22.08.2026 12:06:00, ,694.125,92.54999924,57.80000114,63.5,58.95000076,0.485312492,0.51343751,1477.5,-347.4140625,-2150.625,1735.5,159.8499985,144.8499985,137.4499969, 
22.08.2026 12:07:00,0.0546875, , , , , , , , , , , , , , , 
22.08.2026 12:08:00, ,694.7578125,92.63437653,58,63.60000038,58.85000038,0.457499996,0.529374987,1474.5,-343.0078125,-2125.6875,1685,158.9000015,143.9000015,139.2500076, 
22.08.2026 12:09:00,0, , , , , , , , , , , , , , , 
22.08.2026 12:10:00, ,693.9609375,92.52812576,57.89999962,63.64999962,58.85000038,0.473437503,0.502812505,1487,-354.9375,-2193.5625,1935.5,158.4000015,143.5,138.3000031, 
22.08.2026 12:11:00,0.046875, , , , , , , , , , , , , , , 
22.08.2026 12:12:00, ,693.9609375,92.52812576,58,63.80000114,58.85000038,0.435000002,0.499687493,1479.5,-317.765625,-2173,1781,159,143.2000046,138.3499985, 
22.08.2026 12:13:00,0, , , , , , , , , , , , , , , 
22.08.2026 12:14:00, ,694.1601563,92.5546875,58.14999962,64,59.04999924,0.488124996,0.535937488,1502,-433.2421875,-2211.875,1872,159.9499969,142.8499985,140.3500061, 
22.08.2026 12:15:00,0.0546875, , , , , , , , , , , , , , , 
22.08.2026 12:16:00, ,694.0664063,92.54218674,58.19999886,64.09999847,58.90000153,0.461250007,0.501875013,1498,-324.609375,-2255.875,1670.5,159.9000015,143.0500031,139.9000015, 
22.08.2026 12:17:00,0, , , , , , , , , , , , , , , 
22.08.2026 12:18:00, ,693.9375,92.52500153,58.14999962,64,59,0.452812493,0.501249999,1476,-312.9609375,-2026.9375,1694,161.25,143.6500015,138.2000046, 
22.08.2026 12:19:00,0.046875, , , , , , , , , , , , , , , 
22.08.2026 12:20:00, ,693.796875,92.50625229,58.20000076,64.09999847,59.04999924,0.438124999,0.516874999,1486,-346.1953125,-2216.25,1835,161.8499985,144.1999969,138.5999985, 
22.08.2026 12:21:00,0, , , , , , , , , , , , , , , 
22.08.2026 12:22:00, ,694.453125,92.59375,58.09999847,64.30000305,59.20000076,0.462500006,0.503125012,1522,-454.5,-2092.5,1839,162.6999969,144.5,143.6999969, 
22.08.2026 12:23:00,0.046875, , , , , , , , , , , , , , , 
22.08.2026 12:24:00, ,693.9492188,92.52656174,58.20000076,64.29999924,59.14999962,0.460624993,0.5234375,1479,-378.5859375,-2093.5,1931,163.75,145.1500015,138.4000015, 
22.08.2026 12:25:00,0, , , , , , , , , , , , , , , 
22.08.2026 12:26:00, ,693.84375,92.51250076,58.14999962,64.59999847,59.09999847,0.469999999,0.53125,1496.5,-338.7890625,-2150.5625,1763.5,164.25,145.8499985,139.1000061, 
22.08.2026 12:27:00,0.0546875, , , , , , , , , , , , , , , 
22.08.2026 12:28:00, ,693.5859375,92.47812653,58.25,64.75,59.19999886,0.486249998,0.543750018,1490.5,-364.875,-2071.5625,1840,164.7999954,146.1500015,138.4000015, 
22.08.2026 12:29:00,0, , , , , , , , , , , , , , , 
22.08.2026 12:30:00, ,694.125,92.54999924,58.39999962,64.59999847,59.25,0.451875001,0.542187482,1478,-408.75,-2166.625,1728,165.1500015,146.7999954,137.6000061, 
22.08.2026 12:31:00,0.046875, , , , , , , , , , , , , , , 
22.08.2026 12:32:00, ,694.3476563,92.57968903,58.40000153,64.80000305,59.35000038,0.466250002,0.537812501,1450.5,-348.5625,-2074.3125,1617,165.0499954,146.7999954,135.6500015, 
22.08.2026 12:33:00,0, , , , , , , , , , , , , , , 
22.08.2026 12:34:00, ,693.984375,92.53125,58.20000076,64.85000229,59.45000076,0.433437496,0.53687501,1478.5,-338.578125,-2211.375,1746,164.5500031,146.9500046,138.1000061, 
22.08.2026 12:35:00,0.0546875, , , , , , , , , , , , , , , 
22.08.2026 12:36:00, ,694.0195313,92.53593826,58.54999924,64.70000076,59.54999924,0.423749998,0.506250024,1495,-353.625,-2294.1875,1796.5,163.75,146.9000015,138.5000076, 
22.08.2026 12:37:00,0, , , , , , , , , , , , , , , 
22.08.2026 12:38:00, ,694.359375,92.58125305,58.5,64.64999771,59.45000076,0.441562504,0.515000015,1464.5,-324.0703125,-1939.75,1676.5,163.4000015,146.8499985,136.9000015, 
22.08.2026 12:39:00,0.046875, , , , , , , , , , , , , , , 
22.08.2026 12:40:00, ,693.9375,92.52500153,58.59999847,64.40000153,59.59999847,0.434374988,0.528750002,1522,-387.046875,-2006.25,1893,163.5,146.3999939,141.8000031, 
22.08.2026 12:42:00,0,694.1835938,92.55781174,58.59999847,64.35000229,59.64999962,0.4453125,0.495312497,1502.5,-330.375,-2064.375,1898.5,163,146.1499939,140.6000061, 
22.08.2026 12:44:00,0.046875,694.359375,92.58124924,58.60000038,64.64999771,59.64999962,0.443437502,0.516249985,1481.5,-305.953125,-2209.25,1855.5,162.8499985,146.0499954,139.0000076, 
22.08.2026 12:45:00, , , , , , , , , , , , , , , , 
22.08.2026 12:46:00,0,694.4882813,92.59843826,58.45000076,64.69999695,59.55000114,0.423125014,0.509062529,1476.5,-272.4140625,-2061.5625,1777.5,162.5,146,136.8000031, 
22.08.2026 12:48:00,0.0546875,694.453125,92.59375,58.59999847,64.69999695,59.59999847,0.413749993,0.488750011,1435,-277.03125,-2006.875,1721,162.1999969,145.8000031,133.8000031, 
22.08.2026 12:50:00,0,694.7929688,92.63906479,58.60000038,64.70000076,59.55000114,0.404687494,0.508125007,1443.5,-243.984375,-2015.75,1734.5,161.0999985,145.4000015,135.1000061, 
22.08.2026 12:52:00,0.046875,694.3828125,92.58437347,58.5,64.70000076,59.5,0.444687501,0.495312497,1473.5,-352.03125,-2217.3125,1733.5,160.3500061,144.75,139.0500031, 
22.08.2026 12:54:00,0,694.9101563,92.65468979,58.40000153,64.55000305,59.35000038,0.457812503,0.508125007,1471,-285.09375,-2105.1875,1671.5,159.9000015,144.6999969,136.1000061, 
22.08.2026 12:56:00,0.0546875,694.0546875,92.54062653,58.5,64.5,59.59999847,0.409999996,0.513750017,1473,-376.640625,-2088.5,1828,159.8000031,144,136.5, 
22.08.2026 12:58:00,0,694.6992188,92.62656403,58.40000153,64.59999847,59.40000153,0.414375007,0.521874994,1460.5,-355.0546875,-2135.0625,1787,159.5,143.8000031,136.2500076, 
22.08.2026 13:00:00,0.046875,694.8515625,92.64687729,58.39999962,64.5,59.35000038,0.454062492,0.521874994,1465,-351.0234375,-2025.75,1717.5,159.1499939,143.5,136.8500061, 
22.08.2026 13:02:00,0,694.9921875,92.66562653,58.29999924,64.45000076,59.35000038,0.432187498,0.520312518,1484,-323.34375,-2144.1875,1690,159.25,143.2999954,138.6500092, 
22.08.2026 13:04:00,0.046875,694.4179688,92.58906174,58.39999962,64.60000229,59.35000038,0.432812497,0.516874999,1473,-387.6328125,-2026.4375,1808,159.3500061,143,137.6000061, 
22.08.2026 13:06:00,0,693.5507813,92.47343826,58.5,64.40000153,59.35000038,0.413750008,0.513750017,1502.5,-432.9140625,-2071.75,1757.5,159.25,143.4499969,140.0500031, 
22.08.2026 13:08:00,0.0546875,694.1953125,92.55937576,58.60000038,64.64999771,59.39999962,0.459374994,0.51843749,1478.5,-373.171875,-2235.1875,1814,159.4000015,143.0999985,137.75, 
22.08.2026 13:10:00,0,694.40625,92.58750153,58.29999924,64.59999847,59.29999924,0.439062506,0.514375001,1481.5,-200.953125,-2092.3125,1629,159.5999985,143.25,138.2000046, 
22.08.2026 13:12:00,0.046875,693.8085938,92.5078125,58.39999962,64.59999847,59.25,0.465312496,0.534375012,1507,-367.3359375,-2224.5625,1825,160.1499939,143.2000046,140.5, 
22.08.2026 13:14:00,0,693.6914063,92.4921875,58.64999962,64.54999924,59.29999924,0.471249998,0.535624981,1511,-413.3671875,-2239,1705,161.1999969,143.6999969,141.5999985, 
22.08.2026 13:15:00, , , , , , , , , , , , , , , , 
22.08.2026 13:16:00,0.0546875,695.0390625,92.671875,58.70000076,64.90000153,59.09999847,0.398750007,0.485000014,1474,-351,-2151,1946,161.6000061,144.6000061,138.5, 
22.08.2026 13:18:00,0,693.9375,92.52500153,58.64999962,64.65000153,59.40000153,0.454374999,0.51000002,1479,-276.46875,-2190.8125,1727,163.5,144.6999969,136.8000031, 
22.08.2026 13:20:00,0.046875,694.3476563,92.57968903,58.89999962,64.70000076,59.5,0.45875001,0.499687508,1479,-391.171875,-2261.125,1738.5,163.9499969,145.5,138.0500031, 
22.08.2026 13:22:00,0,694.0664063,92.54218674,58.89999962,64.69999695,59.40000153,0.43968749,0.538125008,1479,-426.0703125,-2105.5,1907.5,164.25,145.4000015,137.8499985, 
22.08.2026 13:24:00,0.046875,694.1484375,92.55312347,58.79999924,64.5,59.40000153,0.409999996,0.526875019,1509,-428.34375,-2346.25,1750,164.5,146.1999969,140.8000031, 
22.08.2026 13:26:00,0,693.9492188,92.52656174,58.85000038,64.59999847,59.54999924,0.46875,0.521562487,1481.5,-342.9375,-2260.3125,1870.5,165.2000046,146.7999954,138.4000092, 
22.08.2026 13:28:00,0.0546875,694.5351563,92.60468674,58.60000038,64.29999924,59.5,0.444687501,0.533749998,1469.5,-346.7109375,-2126.1875,1790.5,165.1999969,146.7000046,138.1500015, 
22.08.2026 13:30:00,0,694.0078125,92.53437424,58.70000076,64.34999847,59.75,0.460312501,0.515937507,1471,-320.8125,-2145.4375,1913,164.7999954,146.9000015,137.25, 
22.08.2026 13:32:00,0.046875,694.2070313,92.56093597,58.64999962,64.35000229,59.70000076,0.472812504,0.544375002,1482.5,-309.09375,-2107.5,1807.5,164.6999969,147.4000015,137.9499969, 
22.08.2026 13:34:00,0,694.1953125,92.55937576,58.85000038,64.34999847,59.70000076,0.463125005,0.510937482,1491.5,-331.640625,-2100.375,1767,165.0500031,147,138.5500031, 
22.08.2026 13:36:00,0.0546875,694.1015625,92.546875,58.75,64.70000076,59.69999886,0.449062511,0.535937488,1479,-312.421875,-1936.75,1705,164.8000031,147,137.7500076, 
22.08.2026 13:38:00,0,694.2890625,92.57187653,58.94999886,64.54999924,60,0.445000008,0.53687501,1446,-248.0625,-2108.0625,1798,163.8000031,147.25,135.8499985, 
22.08.2026 13:40:00,0.046875,693.9140625,92.52187347,58.70000076,64.90000153,59.59999847,0.488124996,0.509374976,1476,-290.203125,-2120.875,1803,163.1999969,146.6000061,138.6999969, 
22.08.2026 13:42:00,0,694.4296875,92.59062576,58.85000038,64.59999847,59.75,0.433125004,0.509062484,1464,-186.8203125,-2310.875,1762.5,162.5999985,146.4499969,136.5999985, 
22.08.2026 13:44:00,0.046875,694.21875,92.5625,58.79999924,64.90000153,59.80000114,0.466875002,0.537499994,1482.5,-316.96875,-2071.625,1729.5,162.0999985,145.8000031,139.4499969, 
22.08.2026 13:45:00, , , , , , , , , , , , , , , , 
22.08.2026 13:46:00,0,693.6796875,92.49062347,58.79999924,65,59.70000076,0.420000002,0.508124992,1505,-394.1484375,-2204.25,1796.5,162.0500031,146.0499954,140.6000061, 
22.08.2026 13:48:00,0.0546875,694.8046875,92.640625,58.70000076,65.19999695,59.79999924,0.383125007,0.510625005,1439,-252.703125,-2129,1760,162.1000061,145.8999939,136, 
22.08.2026 13:50:00,0,694.78125,92.63750076,58.70000076,65,59.85000038,0.436250001,0.524999976,1467,-213.3515625,-2162.125,1672,162.4499969,145.8000031,137.1500092, 
22.08.2026 13:52:00,0.046875,694.6054688,92.61406326,58.79999924,65.30000305,59.95000076,0.410312504,0.510312498,1486.5,-385.359375,-2106.125,1728,162.4499969,145.5999985,138.6500015, 
22.08.2026 13:54:00,0,694.3242188,92.57656479,58.89999962,65.40000153,59.85000038,0.428749993,0.540625006,1478,-306.5859375,-2157.1875,1747.5,163.0499954,145.8000031,136.75, 
22.08.2026 13:56:00,0.0546875,694.5703125,92.609375,58.85000038,65.54999924,60.04999924,0.453125,0.551250011,1470,-272.3671875,-2007,1759,163.9000015,146.3000031,136.7000046, 
22.08.2026 13:58:00,0,694.3710938,92.58281326,59,65.5,59.90000153,0.418750003,0.510625005,1470.5,-376.1015625,-2213.5,1741.5,163.6999969,146.9499969,137.4500046, 
22.08.2026 14:00:00,0.046875,694.5585938,92.60781479,58.94999886,65.5,59.95000076,0.438124999,0.510625005,1476,-395.015625,-2163.4375,1717,164.25,147.0999985,138.3500061, 
22.08.2026 14:02:00,0,693.5976563,92.47968674,59.04999924,65.54999924,59.95000076,0.402812496,0.508124992,1511,-545.15625,-2192.9375,1822,165.0499954,147.5999985,140.0999985, 
22.08.2026 14:04:00,0.046875,693.9492188,92.52656555,59.14999962,65.5,60.10000038,0.423749998,0.500312507,1474,-466.21875,-2223.25,1656.5,165.5499954,147.3499985,137.7000046, 
22.08.2026 14:06:00, ,694.4296875,92.59062576,59.19999886,65.29999924,60,0.40843749,0.499687508,1470.5,-368.953125,-2124.375,1699.5,165.6500015,147.8000031,137, 
22.08.2026 14:07:00,0, , , , , , , , , , , , , , , 
22.08.2026 14:08:00, ,694.125,92.54999924,59.25,65.29999924,60.14999962,0.451250002,0.503124997,1495.5,-352.6875,-2313,1742,165.6999969,147.9499969,139.5500031, 
22.08.2026 14:09:00,0.0546875, , , , , , , , , , , , , , , 
22.08.2026 14:10:00, ,694.125,92.54999924,59.29999924,65.25,60.04999924,0.448125005,0.54125002,1488,-498.9140625,-2209.9375,1811,165.6999969,147.8499985,137.9000092, 
22.08.2026 14:11:00,0, , , , , , , , , , , , , , , 
22.08.2026 14:12:00, ,693.890625,92.51875305,59.40000153,65.19999695,60,0.422500014,0.493750006,1496,-444.140625,-2310.375,1708,165.5,147.5,138.6999969, 
22.08.2026 14:13:00,0.046875, , , , , , , , , , , , , , , 
22.08.2026 14:14:00, ,693.9023438,92.52031326,59.25,65.35000229,60.19999886,0.433749989,0.49000001,1476,-451.03125,-2068.25,1646,165.5499954,148.1000061,137.8500061, 
22.08.2026 14:15:00,0, , , , , , , , , , , , , , , 
22.08.2026 14:16:00, ,693.796875,92.50625229,59.5,65.5,60.29999924,0.448750004,0.533749998,1492,-359.25,-2099.0625,1756.5,165.2000046,147.8000031,137.4500046, 
22.08.2026 14:17:00,0.0546875, , , , , , , , , , , , , , , 
22.08.2026 14:18:00, ,693.9257813,92.5234375,59.19999886,65.55000305,60.45000076,0.439374998,0.543437511,1498,-436.078125,-2099.0625,1713.5,164.6500015,147.9499969,140.6500092, 
22.08.2026 14:19:00,0, , , , , , , , , , , , , , , 
22.08.2026 14:20:00, ,694.4179688,92.58906174,59.25,65.84999847,60.45000076,0.439374998,0.533749998,1466.5,-361.4296875,-2121.8125,1865.5,164.0499954,147.5500031,136.4500046, 
22.08.2026 14:21:00,0.046875, , , , , , , , , , , , , , , 
22.08.2026 14:22:00, ,694.3710938,92.58281326,59.35000038,65.95000076,60.40000153,0.45875001,0.547187507,1492.5,-338.25,-2051.8125,1786.5,163.5999985,146.6999969,138.6500015, 
22.08.2026 14:23:00,0, , , , , , , , , , , , , , , 
22.08.2026 14:24:00, ,694.4414063,92.59218597,59.29999924,65.79999924,60.40000153,0.444687501,0.527187526,1460.5,-317.4375,-2054.3125,1683.5,163.4000015,146.25,136.9000015, 
22.08.2026 14:25:00,0.046875, , , , , , , , , , , , , , , 
22.08.2026 14:26:00, ,694.3125,92.57500076,59.29999924,66,60.5,0.423749998,0.498125002,1486.5,-437.53125,-2130.25,1811,163.75,146.0999985,138.6500015, 
22.08.2026 14:27:00,0, , , , , , , , , , , , , , , 
22.08.2026 14:28:00, ,694.359375,92.58125305,59.5,66,60.5,0.453750014,0.529999971,1449,-349.359375,-2135,1681,164.1999969,146.5,134.6999969, 
22.08.2026 14:29:00,0.0546875, , , , , , , , , , , , , , , 
22.08.2026 14:30:00, ,693.9257813,92.5234375,59.54999924,65.95000076,60.5,0.413437501,0.511875004,1506.5,-481.125,-2225.5,1870.5,165.2999954,146.9000015,141.3000031, 
22.08.2026 14:31:00,0, , , , , , , , , , , , , , , 
22.08.2026 14:32:00, ,694.21875,92.5625,59.59999847,66,60.64999962,0.467187509,0.537499994,1489,-409.8984375,-2232.9375,1698,165.5999985,147.5,137.7000046, 
22.08.2026 14:33:00,0.046875, , , , , , , , , , , , , , , 
22.08.2026 14:34:00, ,694.2070313,92.56093597,59.64999962,66.04999924,60.54999924,0.435625002,0.507812485,1470.5,-397.3828125,-2146.4375,1760,165.6999969,147.7000046,136.7000046, 
22.08.2026 14:35:00,0, , , , , , , , , , , , , , , 
22.08.2026 14:36:00, ,694.3125,92.57500076,59.65000153,66.09999847,60.64999962,0.421875,0.493437499,1495,-523.3125,-2193.125,1993,165.9500046,148.0500031,138.5500031, 
22.08.2026 14:37:00,0.0546875, , , , , , , , , , , , , , , 
22.08.2026 14:38:00, ,692.953125,92.39375305,59.79999924,66.04999924,60.59999847,0.446250007,0.520624995,1508,-398.2734375,-2199.8125,1757.5,165.8499985,148.0500031,140.9000015, 
22.08.2026 14:39:00,0, , , , , , , , , , , , , , , 
22.08.2026 14:40:00, ,694.4414063,92.59218979,60.04999924,65.79999924,60.75,0.43468751,0.501875013,1478.5,-427.3359375,-2180.1875,1734.5,165.6500015,148.5,137.75, 
22.08.2026 14:41:00,0.046875, , , , , , , , , , , , , , , 
22.08.2026 14:42:00, ,694.6171875,92.61562729,60.04999924,65.85000229,60.60000038,0.409687504,0.532812506,1469,-351.65625,-2214.625,1896,165.6500015,148.1999969,136.6000061, 
22.08.2026 14:43:00,0, , , , , , , , , , , , , , , 
22.08.2026 14:44:00, ,694.4882813,92.59843826,60.04999924,65.90000153,60.5,0.427187502,0.5234375,1492,-367.78125,-2058.5625,1783.5,165.1500015,147.9499969,139.5000076, 
22.08.2026 14:45:00,0.046875, , , , , , , , , , , , , , , 
22.08.2026 14:46:00, ,693.8671875,92.515625,59.90000153,66.19999695,60.79999924,0.434374988,0.496874988,1487,-378.796875,-2211.375,1690,164.8000031,148.1000061,140.1000061, 
22.08.2026 14:47:00,0, , , , , , , , , , , , , , , 
22.08.2026 14:48:00, ,694.453125,92.59375,59.89999962,66.20000076,60.70000076,0.413750008,0.501874983,1469,-364.1953125,-2139,1601.5,164.3499985,148,137.1500092, 
22.08.2026 14:49:00,0.0546875, , , , , , , , , , , , , , , 
22.08.2026 14:50:00, ,694.1015625,92.546875,60.14999962,66.04999924,60.80000114,0.43531251,0.514062494,1470,-312.9375,-2180.0625,1725,163.8999939,147.9499969,136.4000015, 
22.08.2026 14:51:00,0, , , , , , , , , , , , , , , 
22.08.2026 14:52:00, ,693.8671875,92.515625,60.04999924,66.14999771,60.75,0.434062496,0.534375012,1485.5,-331.03125,-2182.25,1760,163.8000031,147.5500031,138.4500046, 
22.08.2026 14:53:00,0.046875, , , , , , , , , , , , , , , 
22.08.2026 14:54:00, ,695.15625,92.6875,60.20000076,66.09999847,60.59999847,0.4375,0.491874993,1472,-353.203125,-1912.75,1668,163.1000061,146.8999939,137.5, 
22.08.2026 14:55:00,0, , , , , , , , , , , , , , , 
22.08.2026 14:56:00, ,694.40625,92.58750153,59.89999962,66.29999924,60.85000038,0.47874999,0.511562511,1470,-432.5625,-2120.5,1824.5,163.0499954,146.8499985,137.3000031, 
22.08.2026 14:57:00,0.0546875, , , , , , , , , , , , , , , 
22.08.2026 14:58:00, ,694.2070313,92.56093979,60,66,60.75,0.462499991,0.509062499,1481,-391.40625,-2113.25,1738,163,146.9500046,138.6500015, 
22.08.2026 14:59:00,0, , , , , , , , , , , , , , , 
22.08.2026 15:00:00, ,694.03125,92.53749847,60,66.20000076,60.70000076,0.43468751,0.507187486,1476.5,-438.1171875,-2223.625,1914,162.8499985,146.5,139.0000076, 
22.08.2026 15:01:00,0.046875, , , , , , , , , , , , , , , 
22.08.2026 15:02:00, ,693.9140625,92.52187347,60.29999924,66.40000153,60.59999847,0.435624987,0.531875014,1517,-412.59375,-1959.625,1807,163,146.6000061,142.1999969, 
22.08.2026 15:03:00,0, , , , , , , , , , , , , , , 
22.08.2026 15:04:00, ,694.2421875,92.56562424,60.20000076,65.95000076,60.64999962,0.430625007,0.518125027,1480.5,-384.984375,-2245.1875,1705,163.0999985,146.5,136.5500031, 
22.08.2026 15:05:00,0.046875, , , , , , , , , , , , , , , 
22.08.2026 15:06:00, ,694.40625,92.58750153,60.25,66,60.60000038,0.434375003,0.506562516,1465.5,-370.546875,-2129.875,1736,163.6999969,146.5999985,136.1500015, 
22.08.2026 15:08:00,0,694.1835938,92.55781174,60.14999962,65.89999771,60.5,0.408437505,0.496562496,1464.5,-406.734375,-2147,1869.5,164.0499954,146.6499939,136.3500061, 
22.08.2026 15:10:00,0.0546875,694.2539063,92.56718826,60.29999924,66,60.80000114,0.415000007,0.508749992,1480.5,-376.2421875,-2331.4375,1767,164.1500015,146.8499985,138.6000061, 
22.08.2026 15:12:00,0,694.9335938,92.65781403,60.09999847,65.90000153,60.85000038,0.439999998,0.517500013,1493,-322.4765625,-2176,1726,164.3499985,146.9000015,138.1000061, 
22.08.2026 15:14:00,0.046875,693.9726563,92.52968597,60.19999886,65.95000076,60.79999924,0.465312496,0.510937482,1456,-396.6796875,-2196.75,1849,163.5,146.9499969,136.0000076, 
22.08.2026 15:15:00, , , , , , , , , , , , , , , , 
22.08.2026 15:16:00,0,694.3359375,92.578125,60.25,65.59999847,60.89999962,0.483750001,0.526875019,1468,-358.7578125,-2206.4375,1736,162.5500031,146.2000046,137.5500031, 
22.08.2026 15:18:00,0.0546875,695.0039063,92.66719055,60.19999886,65.75,60.75,0.433750004,0.532499999,1447.5,-353.15625,-2047.4375,1806.5,161.3500061,146.1499939,136.7500076, 
22.08.2026 15:20:00, ,694.03125,92.53749847,60.59999847,65.59999847,60.79999924,0.464374989,0.528750002,1460,-372.328125,-2222.125,1770,161.1999969,145.6999969,135.1000061, 
22.08.2026 15:21:00,0, , , , , , , , , , , , , , , 
22.08.2026 15:22:00, ,693.8554688,92.51406097,60.25,65.54999924,60.80000114,0.423437506,0.513437495,1490.5,-355.921875,-2053.125,1589.5,160,144.25,139.5999985, 
22.08.2026 15:23:00,0.046875, , , , , , , , , , , , , , , 
22.08.2026 15:24:00, ,693.890625,92.51874924,60.39999962,65.35000229,60.75,0.461249992,0.510625005,1485.5,-376.7578125,-2161.8125,1814,159.1500015,144.3999939,139.0500031, 
22.08.2026 15:25:00,0.046875, , , , , , , , , , , , , , , 
22.08.2026 15:26:00, ,694.1953125,92.55937576,60.40000153,65.45000076,60.80000114,0.443437502,0.514062494,1482.5,-332.1796875,-2125.8125,1869,158.5999985,143.9500046,138.4000015, 
22.08.2026 15:28:00,0,693.5742188,92.4765625,60.39999962,65.35000229,60.80000114,0.457499996,0.512499988,1481,-409.546875,-2102,1819,157.9499969,143.3500061,138, 
22.08.2026 15:30:00,0.0546875,694.6875,92.625,60.40000153,65.40000153,60.90000153,0.423750013,0.519375026,1481,-372.65625,-2160.625,1926,157.6000061,142.6999969,137.9000092, 
22.08.2026 15:32:00,0,693.9609375,92.52812576,60.35000038,65.35000229,60.95000076,0.465312511,0.515312493,1505,-446.4375,-2324.75,1793.5,157.7999954,142.4499969,140.9500046, 
22.08.2026 15:34:00,0.046875,694.3242188,92.57656097,60.39999962,65.45000076,60.90000153,0.454999998,0.526562482,1505,-383.765625,-2138.9375,1942.5,157.2000046,141.9500046,140.1000061, 
22.08.2026 15:36:00,0,694.03125,92.53749847,60.30000114,65.40000153,60.95000076,0.429062501,0.515312493,1498,-434.7421875,-2162.125,1897,157.1000061,141.7000046,139.2500076, 
22.08.2026 15:38:00,0.0546875,694.2304688,92.56406403,60.19999886,65.65000153,61,0.444687501,0.502812505,1497,-400.0546875,-2114.9375,1787.5,156.5500031,141.25,139.9000015, 
22.08.2026 15:40:00,0,694.4179688,92.58906174,60.60000038,65.85000229,61,0.475312501,0.496250004,1473,-374.71875,-2173.75,1743.5,156.5,140.8999939,138.2000046, 
22.08.2026 15:42:00,0.046875,694.6171875,92.61562347,60.55000114,66.04999924,60.75,0.428749993,0.517187506,1483.5,-481.8984375,-2158.125,1935,156.1500015,140.5499954,138.7000046, 
22.08.2026 15:44:00,0,693.84375,92.51250076,60.54999924,66.15000153,60.95000076,0.453749999,0.507499993,1517.5,-492.2109375,-2248.4375,1830.5,156.8999939,140.5500031,142.8500061, 
22.08.2026 15:45:00, , , , , , , , , , , , , , , , 
22.08.2026 15:46:00,0.046875,694.3945313,92.5859375,60.5,66.40000153,61.10000038,0.443749994,0.521562487,1492.5,-485.1796875,-2238.8125,1696.5,158.1000061,140.3000031,140.4000092, 
22.08.2026 15:48:00,0,694.3828125,92.58437729,60.40000153,66.54999924,60.90000153,0.435937509,0.504062504,1503,-499.171875,-2223.625,1856.5,159.1500015,140.8499985,141.3500061, 
22.08.2026 15:50:00,0.0546875,693.8085938,92.5078125,60.5,66.40000153,60.95000076,0.457499996,0.517187506,1520,-505.6875,-2168,1785.5,160.6500015,142.0500031,141.6500015, 
22.08.2026 15:52:00,0,694.078125,92.54375076,60.35000038,66.35000229,61,0.428437501,0.50281249,1529.5,-578.0625,-2306.9375,1842.5,161.5500031,142.9500046,141.6500015, 
22.08.2026 15:54:00,0.046875,694.2421875,92.56562424,60.45000076,66.79999924,60.79999924,0.461562514,0.517500013,1522.5,-647.109375,-2437.8125,1842.5,163.1499939,143.5499954,140.75, 
22.08.2026 15:56:00,0,680.390625,90.71875,60.5,66.45000076,60.89999962,0.510937512,0.45812501,1426,-613.7109375,-2288.4375,1535.5,171.6999969,145.9500046,132.0000038, 
22.08.2026 15:58:00,0.0546875,666.2226563,88.82968903,60.39999962,66.54999924,61.04999924,0.482500002,0.429062501,1313,-588.46875,-2199.625,1781.5,178.5,149.75,121.1500015, 
22.08.2026 16:00:00,0,666.421875,88.85625076,60.14999962,66.59999847,60.84999847,0.51062499,0.430000007,1323.5,-606.28125,-2212.875,1675,180.8000031,152.6500015,121.75, 
22.08.2026 16:02:00,0.046875,666.1640625,88.82187653,59.80000114,66.64999771,60.79999924,0.516562492,0.438124999,1328,-554.015625,-2325.375,1645,183.1500015,156.1500015,121.7000008, 
22.08.2026 16:04:00, ,665.9414063,88.79218674,59.70000076,66.65000153,60.89999962,0.470937505,0.454062492,1339,-594.7734375,-2242,1760.5,182.7999954,157.3000031,123.3500023, 
22.08.2026 16:05:00,0, , , , , , , , , , , , , , , 
22.08.2026 16:06:00, ,665.6015625,88.74687576,59.5,66.54999924,60.69999886,0.527812496,0.453749999,1332,-556.9921875,-2230.25,1685.5,182.5,158.75,122.5000038, 
22.08.2026 16:07:00,0.046875, , , , , , , , , , , , , , , 
22.08.2026 16:08:00, ,666.2578125,88.83437729,59.40000153,66.70000076,61,0.508125007,0.417812511,1285,-665.859375,-2347.4375,1607,182.3000031,159.1999969,117.7000008, 
22.08.2026 16:09:00,0, , , , , , , , , , , , , , , 
22.08.2026 16:10:00, ,666.2578125,88.83437347,59.20000076,66.44999695,60.75,0.491875008,0.442499995,1283.5,-589.359375,-2152.25,1558,182.1999969,160.5499954,117.2000008, 
22.08.2026 16:11:00,0.0546875, , , , , , , , , , , , , , , 
22.08.2026 16:12:00, ,665.7773438,88.77031326,59.04999924,66.35000229,60.69999886,0.504062489,0.434999987,1275.5,-635.0859375,-2323.625,1575.5,181.8999939,161.25,116.9000015, 
22.08.2026 16:14:00,0,666.5390625,88.87187576,58.69999886,66.40000153,60.59999847,0.492812499,0.429062501,1293.5,-659.203125,-2277.6875,1559.5,182.1000061,161.5499954,119.25, 
22.08.2026 16:15:00, , , , , , , , , , , , , , , , 
22.08.2026 16:16:00,0.046875,666.234375,88.83124924,58.79999924,66.35000229,60.39999962,0.499375001,0.422499999,1302,-645.421875,-2137.3125,1670.5,181.9500046,162.3499985,119.7000008, 
22.08.2026 16:18:00, ,665.9765625,88.796875,58.80000114,66.29999924,60.5,0.511875004,0.425312504,1269.5,-689.1796875,-2355.5625,1543,181.3500061,163.0499954,117.3000031, 
22.08.2026 16:19:00,0, , , , , , , , , , , , , , , 
22.08.2026 16:20:00, ,665.9765625,88.796875,58.5,66.20000076,60.5,0.514375001,0.430937499,1303.5,-634.03125,-2322.125,1609,181.1000061,163.1500015,119.4500008, 
22.08.2026 16:21:00,0.0546875, , , , , , , , , , , , , , , 
22.08.2026 16:22:00, ,666.0703125,88.80937576,58.19999886,66.19999695,60.39999962,0.504062489,0.400625005,1319,-683.9765625,-2330,1724,180.1500015,163.25,120.9500008, 
22.08.2026 16:23:00,0, , , , , , , , , , , , , , , 
22.08.2026 16:24:00, ,666.046875,88.80625153,58.20000076,66.09999847,60.40000153,0.510625005,0.419999987,1256,-622.125,-2198.25,1676,180.1000061,163.8999939,115.8000031, 
22.08.2026 16:25:00,0.046875, , , , , , , , , , , , , , , 
22.08.2026 16:26:00, ,666.2929688,88.83906174,58.19999886,66.15000153,60.35000038,0.529687494,0.417187497,1266,-804.09375,-2350.5625,1594,181.1499939,163.8000031,116.6500015, 
22.08.2026 16:28:00,0,666.0351563,88.8046875,58.05000114,65.75,60.5,0.570625007,0.435625002,1283,-731.0859375,-2366.0625,1549,181.4000015,164.3499985,117.1000023, 
22.08.2026 16:30:00,0.046875,666.1640625,88.82187653,58.04999924,65.75,60.35000038,0.499375001,0.424062505,1279,-705.6796875,-2318.9375,1650.5,181.5999985,164.9000015,117.4000015, 
22.08.2026 16:32:00, ,665.53125,88.73750305,57.79999924,65.80000305,60.20000076,0.513125002,0.413125008,1303,-814.6875,-2419.625,1708,181.5,165.5,120, 
22.08.2026 16:33:00,0, , , , , , , , , , , , , , , 
22.08.2026 16:34:00, ,666.28125,88.83750153,57.69999886,65.34999847,60.35000038,0.555624992,0.415937498,1259,-720.0703125,-2363.5,1600.5,181.5,165.9500046,115.6000023, 
22.08.2026 16:35:00,0.0546875, , , , , , , , , , , , , , , 
22.08.2026 16:36:00, ,666.5273438,88.87031174,57.70000076,65.14999771,60.19999886,0.504062518,0.439062506,1278.5,-738.09375,-2328.3125,1657.5,181.7999954,166.1500015,117.9000015, 
22.08.2026 16:38:00,0,666.6679688,88.88906479,57.75,64.75,60.25,0.520312488,0.426562503,1258.5,-780.5625,-2420.1875,1628.5,181.8000031,166.75,116.1500015, 
22.08.2026 16:40:00,0.046875,666.5742188,88.87656403,57.5,64.75,60.25,0.577500015,0.409062505,1268.5,-743.4609375,-2337.125,1539,181.5,166.8499985,115.9500008, 
22.08.2026 16:42:00,0,666.28125,88.83750153,57.5,64.75,60.19999886,0.506250009,0.427187502,1284.5,-757.1484375,-2367.0625,1546,181.9500046,167,117.0999985, 
22.08.2026 16:44:00,0.0546875,666.8554688,88.9140625,57.60000038,64.34999847,60.14999962,0.527187496,0.41624999,1264,-708.4921875,-2390.25,1508,181.7999954,167.5999985,115.6500015, 
22.08.2026 16:45:00, , , , , , , , , , , , , , , , 
22.08.2026 16:46:00, ,666.4921875,88.86562347,57.60000038,64.14999771,60.29999924,0.517187506,0.409999996,1270,-758.6015625,-2295,1607,181.5,167.5500031,116.3500023, 
22.08.2026 16:47:00,0, , , , , , , , , , , , , , , 
22.08.2026 16:48:00, ,666.3867188,88.8515625,57.25,64.09999847,60.20000076,0.545937493,0.423124999,1278.5,-773.203125,-2320.625,1698.5,181.1999969,167.5499954,117.3000031, 
22.08.2026 16:49:00,0.046875, , , , , , , , , , , , , , , 
22.08.2026 16:50:00, ,666.4101563,88.85469055,57.45000076,64.09999847,60,0.534687519,0.415625006,1279,-752.3203125,-2326.4375,1579.5,180.5999985,167.4000015,117.1000023, 
22.08.2026 16:52:00,0,666.328125,88.84375,57.40000153,64.14999771,59.80000114,0.511249989,0.435937494,1277,-763.6875,-2307.5,1612.5,180.4000015,167.5999985,116.5, 
22.08.2026 16:54:00,0.046875,666.46875,88.86249924,57.35000038,64.09999847,59.95000076,0.541562498,0.438437492,1264.5,-795.2109375,-2243.5,1584,180.25,167.1999969,114.9000015, 
22.08.2026 16:56:00, ,666.28125,88.83750153,57.20000076,63.90000153,59.90000153,0.481875002,0.432500005,1295,-711.65625,-2342.75,1592,180.3999939,167.6000061,119.4000015, 
22.08.2026 16:57:00,0, , , , , , , , , , , , , , , 
22.08.2026 16:58:00, ,666.5976563,88.87968826,57.10000038,63.70000076,60.14999962,0.547812492,0.432500005,1284.5,-761.390625,-2297.0625,1574.5,180.2999954,167.4000015,117.3000031, 
22.08.2026 16:59:00,0.0546875, , , , , , , , , , , , , , , 
22.08.2026 17:00:00, ,666.9023438,88.92031479,57.29999924,63.64999962,60.04999924,0.563125014,0.437187508,1284.5,-784.828125,-2412.375,1616.5,179.9000015,167.5,117.9500008, 
22.08.2026 17:02:00,0,666.6796875,88.890625,57.29999924,63.54999924,60.04999924,0.530312508,0.438749999,1287,-777.9375,-2349,1652,179.8000031,167.7000046,117.9500008, 
22.08.2026 17:04:00,0.046875,667.0664063,88.94218826,56.95000076,63.40000153,60.25,0.543749988,0.420625001,1263,-704.0859375,-2313.125,1495,179.6000061,167.2999954,115.8000031, 
22.08.2026 17:06:00,0,666.515625,88.86875153,57.10000038,63.09999847,60.09999847,0.53687498,0.414687499,1278.5,-717.0234375,-2361.5625,1579,179.6000061,167.5999985,117.4000015, 
22.08.2026 17:08:00,0.0546875,667.1484375,88.953125,57,63.14999962,60.35000038,0.50562501,0.422187492,1261.5,-720.3515625,-2334.3125,1458,180.1999969,167.5499954,116.1000023, 
22.08.2026 17:10:00, ,666.2929688,88.83906174,57.09999847,63.35000038,60.29999924,0.539687514,0.413749993,1280,-813.234375,-2367.375,1648,179.6500015,167.4500046,118.4000015, 
22.08.2026 17:11:00,0, , , , , , , , , , , , , , , 
22.08.2026 17:12:00, ,666.3398438,88.84531403,57,63.5,60.29999924,0.554374993,0.41968751,1289.5,-811.640625,-2445.0625,1668.5,179.1500015,167.5,118.1500015, 
22.08.2026 17:13:00,0.046875, , , , , , , , , , , , , , , 
22.08.2026 17:14:00, ,666.1171875,88.81562805,57.20000076,63.70000076,60.20000076,0.481875002,0.419375002,1283,-782.578125,-2405.375,1607,179.5,167.3999939,117.4000015, 
22.08.2026 17:15:00,0, , , , , , , , , , , , , , , 
22.08.2026 17:16:00, ,666.8554688,88.9140625,56.95000076,63.80000114,60.40000153,0.554062486,0.445625007,1292.5,-699,-2322.25,1497.5,179.2000046,167.4500046,119.4500046, 
22.08.2026 17:17:00,0.046875, , , , , , , , , , , , , , , 
22.08.2026 17:18:00, ,666.8203125,88.90937424,56.80000114,63.89999962,60.5,0.541562498,0.414999992,1277.5,-735.2578125,-2369.1875,1564,179.0500031,166.75,117.4500008, 
22.08.2026 17:20:00,0,666.5976563,88.87968826,57,63.89999962,60.45000076,0.542187512,0.435000002,1282,-733.0078125,-2335.9375,1605,178.9500046,166.7999954,117.2999992, 
22.08.2026 17:22:00,0.0546875,666.5507813,88.87343597,56.80000114,63.59999847,60.40000153,0.553124979,0.439374998,1259,-791.2265625,-2360.6875,1548,178.9500046,167,115.25, 
22.08.2026 17:24:00, ,666.7265625,88.89687729,57,63.80000114,60.30000114,0.564375013,0.432187498,1276,-766.1484375,-2309.1875,1613,178.8499985,167.1500015,117.5500031, 
22.08.2026 17:25:00,0, , , , , , , , , , , , , , , 
22.08.2026 17:26:00, ,666.4570313,88.86093903,56.79999924,63.75,60.04999924,0.554062515,0.429062501,1286,-745.0546875,-2382,1662,178.6500015,167,117.3000031, 
22.08.2026 17:27:00,0.046875, , , , , , , , , , , , , , , 
22.08.2026 17:28:00, ,666.9492188,88.92656326,56.90000153,63.64999962,60.19999886,0.522187501,0.424999997,1250.5,-745.1015625,-2312.6875,1599,178.8499985,167.1000061,114.8500023, 
22.08.2026 17:29:00,0, , , , , , , , , , , , , , , 
22.08.2026 17:30:00, ,666.796875,88.90625,56.90000153,63.60000038,60.14999962,0.572812527,0.417812496,1266,-735.4921875,-2325.625,1499,178.1500015,166.8999939,115.7000008, 
22.08.2026 17:31:00,0.0546875, , , , , , , , , , , , , , , 
22.08.2026 17:32:00, ,666.375,88.84999847,56.75,63.64999962,60.14999962,0.526250005,0.43468751,1244.5,-769.4765625,-2441.6875,1531.5,178.0999985,166.8499985,113.5499992, 
22.08.2026 17:34:00,0,666.234375,88.83124924,56.80000114,63.64999962,60.09999847,0.484375,0.415937498,1275,-771.7265625,-2352.125,1557,177.6999969,166.75,117.3500023, 
22.08.2026 17:36:00,0.046875,666.9609375,88.92812729,56.54999924,63.40000153,60.10000038,0.530000001,0.450312495,1257.5,-701.109375,-2346.5,1557,177.75,166.1999969,116.4000015, 
22.08.2026 17:38:00, ,666.9023438,88.92031479,56.75,63.29999924,60.14999962,0.546249986,0.434062511,1262,-694.03125,-2350.125,1503.5,177.1999969,166.4499969,115.7999992, 
22.08.2026 17:39:00,0, , , , , , , , , , , , , , , 
22.08.2026 17:40:00, ,666.3164063,88.84218979,56.69999886,63,60.10000038,0.577499986,0.432500005,1283.5,-748.2421875,-2386.8125,1552,177.5999985,166.1500015,118.1000023, 
22.08.2026 17:41:00,0.046875, , , , , , , , , , , , , , , 
22.08.2026 17:42:00, ,667.078125,88.94374847,56.55000114,63.10000038,60.25,0.570937514,0.430937499,1278,-793.1484375,-2300.75,1530,177.4499969,166.4000015,116.6500015, 
22.08.2026 17:43:00,0, , , , , , , , , , , , , , , 
22.08.2026 17:44:00, ,667.171875,88.95624924,56.40000153,62.80000114,60.05000114,0.494687513,0.41906251,1257,-728.4140625,-2294.0625,1509,177.8000031,166.0499954,115.3500023, 
22.08.2026 17:45:00,0.0546875, , , , , , , , , , , , , , , 
22.08.2026 17:46:00, ,666.3046875,88.84062576,56.75,62.70000076,60.20000076,0.544062495,0.44312501,1282.5,-754.2890625,-2419.25,1659,177.5,166.1999969,116.9000015, 
22.08.2026 17:48:00,0,666.9609375,88.92812729,56.70000076,62.5,60.14999962,0.621250004,0.453125,1251.5,-695.8125,-2199,1638.5,177.2000046,166.5,114.9000015, 
22.08.2026 17:50:00,0.046875,666.6445313,88.88593674,56.5,62.39999962,60.19999886,0.534374982,0.417187497,1275.5,-733.3828125,-2302.375,1593,177.3000031,166.0999985,117.9500008, 
22.08.2026 17:52:00, ,667.1132813,88.94843674,56.45000076,62.44999886,60.14999962,0.521562487,0.420312494,1271,-765.4453125,-2267.4375,1605.5,177.3000031,166.0999985,117.4000015, 
22.08.2026 17:53:00,0, , , , , , , , , , , , , , , 
22.08.2026 17:54:00, ,666.5039063,88.8671875,56.55000114,62.59999847,60,0.57593751,0.431249991,1272,-733.640625,-2318.125,1425.5,177.1999969,166.1500015,116.9000015, 
22.08.2026 17:55:00,0.0546875, , , , , , , , , , , , , , , 
22.08.2026 17:56:00, ,667.171875,88.95625305,56.40000153,62.29999924,60.09999847,0.554374993,0.466250002,1265,-795,-2379,1586,177.6000061,165.6999969,115.9000015, 
22.08.2026 17:57:00,0, , , , , , , , , , , , , , , 
22.08.2026 17:58:00, ,666.7148438,88.89531326,56.35000038,62.54999924,59.85000038,0.534999996,0.424062505,1277.5,-717.4921875,-2403,1610,176.8499985,165.6500015,117.75, 
22.08.2026 17:59:00,0.046875, , , , , , , , , , , , , , , 
22.08.2026 18:00:00, ,666.2109375,88.828125,56.35000038,62.5,59.85000038,0.56468749,0.434687495,1291,-786.515625,-2459.125,1514.5,176.9000015,165.9500046,116.8500023, 
22.08.2026 18:02:00,0,666.0703125,88.80937576,56.35000038,62.45000076,59.75,0.571249992,0.402187496,1292.5,-737.625,-2325.8125,1509.5,177.0999985,165.7000046,118.6000023, 
22.08.2026 18:04:00,0.046875,666.0585938,88.80781555,56.20000076,62.40000153,59.90000153,0.55687502,0.428124994,1283,-805.03125,-2290,1662,177.4000015,165.6499939,117.1000023, 
22.08.2026 18:06:00, ,666.0234375,88.80312347,56.20000076,62.34999847,59.95000076,0.519687518,0.441562504,1271.5,-767.203125,-2377.625,1594.5,178.25,166.25,116.3500023, 
22.08.2026 18:07:00,0, , , , , , , , , , , , , , , 
22.08.2026 18:08:00, ,666.890625,88.91875076,56.14999962,62.54999924,60.04999924,0.532187492,0.429375008,1277,-705.28125,-2304.875,1508,178.75,166.6500015,117.6500015, 
22.08.2026 18:09:00,0.0546875, , , , , , , , , , , , , , , 
22.08.2026 18:10:00, ,666.6796875,88.890625,56.20000076,62.45000076,60.10000038,0.560000002,0.424062505,1264,-742.8515625,-2427.8125,1680,179.2999954,166.9499969,116.2000008, 
22.08.2026 18:12:00,0,666.2929688,88.83906555,56,62.19999886,60.04999924,0.54468751,0.422812492,1275,-698.0859375,-2345.3125,1702.5,179,167.6000061,116.5500031, 
22.08.2026 18:14:00,0.046875,666.4453125,88.859375,56.20000076,62.20000076,60.14999962,0.485937506,0.427812502,1271.5,-697.921875,-2337.375,1549.5,178.6500015,166.5,116.4000015, 
22.08.2026 18:15:00, , , , , , , , , , , , , , , , 
22.08.2026 18:16:00,0,666.1992188,88.82656097,56.10000038,62,60,0.530000001,0.427812502,1307,-772.3125,-2352.6875,1518.5,178.6500015,167.0500031,119.9500008, 
22.08.2026 18:18:00,0.0546875,666.3632813,88.84843826,56.14999962,61.85000038,59.89999962,0.608749986,0.424999997,1293,-749.578125,-2388.75,1548,178.9499969,166.8499985,119.1000023, 
22.08.2026 18:20:00, ,666.3984375,88.85312653,56.05000114,61.69999886,60.05000114,0.553125024,0.432812497,1277,-746.5546875,-2354.25,1620.5,179.3999939,167.1499939,117.6500015, 
22.08.2026 18:22:00,0,666.609375,88.88125229,55.90000153,61.64999962,60,0.54906252,0.436562493,1260,-761.203125,-2404.25,1620.5,179.25,167.25,115.6500015, 
22.08.2026 18:24:00,0.046875,666.4335938,88.85781097,56.04999924,61.54999924,59.95000076,0.570000023,0.415312499,1279.5,-752.8828125,-2375,1612.5,179.5,167.25,117.2999992, 
22.08.2026 18:26:00,0,666.4453125,88.859375,55.95000076,61.45000076,59.70000076,0.532499999,0.428437501,1283.5,-748.3125,-2342.8125,1675,179.2999954,167.25,117.6500015, 
22.08.2026 18:28:00,0.046875,666.4804688,88.86406326,55.89999962,61.64999962,59.54999924,0.561875015,0.433750004,1270,-713.4609375,-2383.3125,1552,179.4499969,167.2000046,118.2999992, 
22.08.2026 18:30:00,0,666.3867188,88.8515625,56.05000114,61.59999847,59.65000153,0.593437493,0.432187498,1275.5,-781.453125,-2305.875,1713,178.8499985,166.9499969,117.2500038, 
22.08.2026 18:32:00,0.0546875,666.7617188,88.90156174,55.85000038,61.55000114,59.59999847,0.487499997,0.413750008,1274.5,-756.609375,-2408.625,1766,178.9499969,167.0500031,117.25, 
22.08.2026 18:34:00, ,666.890625,88.91875076,55.90000153,61.25,59.5,0.543750003,0.423749998,1266.5,-704.25,-2359.25,1554.5,178.8000031,167.1500015,116.8500023, 
22.08.2026 18:35:00,0, , , , , , , , , , , , , , , 
22.08.2026 18:36:00, ,666.84375,88.91249847,55.70000076,61.20000076,59.40000153,0.513750017,0.426874995,1241,-751.96875,-2474.625,1540,179.1999969,166.6999969,114.0999985, 
22.08.2026 18:37:00,0.046875, , , , , , , , , , , , , , , 
22.08.2026 18:38:00, ,666.3867188,88.8515625,55.89999962,61.19999886,59.75,0.506874993,0.428749993,1282.5,-715.21875,-2343.125,1593.5,178.7000046,167.0500031,116.75, 
22.08.2026 18:40:00,0,666.65625,88.88750076,55.95000076,61.29999924,59.60000038,0.551875025,0.438124999,1273.5,-725.53125,-2306.5625,1622,178.75,167.1999969,116.25, 
22.08.2026 18:42:00,0.0546875,666.3984375,88.85312653,55.85000038,60.95000076,59.44999886,0.57593751,0.419687495,1285,-753.3515625,-2564.0625,1650,178.8499985,166.8499985,118.1500015, 
22.08.2026 18:44:00,0,666.7265625,88.89687347,55.85000038,60.45000076,59.64999962,0.571250021,0.431562498,1271,-739.3359375,-2354.0625,1607.5,178.8000031,167.0500031,115.7999992, 
22.08.2026 18:45:00, , , , , , , , , , , , , , , , 
22.08.2026 18:46:00,0.046875,666.4453125,88.859375,55.59999847,60.29999924,59.79999924,0.610625029,0.423124999,1273,-712.734375,-2477.5,1627,178.6999969,167.1000061,118, 
22.08.2026 18:48:00, ,666.4101563,88.85469055,55.79999924,60.45000076,59.64999962,0.572812498,0.449687496,1282,-736.4765625,-2474.5,1716,178.5500031,166.9000015,117.8499985, 
22.08.2026 18:49:00,0, , , , , , , , , , , , , , , 
22.08.2026 18:50:00, ,666.234375,88.83124924,55.79999924,60.70000076,59.59999847,0.535312504,0.424374998,1269.5,-734.0625,-2446.625,1620,177.6999969,167,116.6500015, 
22.08.2026 18:51:00,0.046875, , , , , , , , , , , , , , , 
22.08.2026 18:52:00, ,666.4921875,88.86562729,55.75,60.60000038,59.75,0.512187511,0.440312505,1289,-675.8671875,-2273.3125,1677.5,177.5499954,166.4000015,118.6500015, 
22.08.2026 18:54:00,0,667.3007813,88.97343826,55.69999886,61.14999962,59.64999962,0.540625006,0.415000007,1264.5,-797.0390625,-2354.4375,1611.5,177.2999954,166.4500046,116.4000015, 
22.08.2026 18:56:00,0.0546875,666.6679688,88.88906479,55.79999924,61.39999962,59.60000038,0.518750012,0.433125004,1283,-814.546875,-2397.25,1638.5,177.3499985,166.5500031,118.0500031, 
22.08.2026 18:58:00,0,666.8085938,88.90781403,55.54999924,61.35000038,59.59999847,0.555937499,0.421562508,1293,-786.140625,-2347.6875,1703,177.5500031,166.25,118.8500023, 
22.08.2026 19:00:00,0.046875,666.0820313,88.81093979,55.59999847,61.80000114,59.59999847,0.574062496,0.416562498,1291.5,-796.828125,-2372.8125,1624.5,177.6000061,166.2999954,118.5500031, 
22.08.2026 19:02:00, ,665.9882813,88.79843903,55.79999924,61.75,59.45000076,0.522187501,0.433124989,1295.5,-830.2734375,-2447.5,1651,177.5499954,166.1500015,118.1000023, 
22.08.2026 19:03:00,0, , , , , , , , , , , , , , , 
22.08.2026 19:04:00, ,666.8671875,88.91562653,55.70000076,61.90000153,59.59999847,0.553125024,0.41624999,1292,-842.953125,-2398.75,1518,177.6999969,166.1999969,118.3000031, 
22.08.2026 19:05:00,0.0546875, , , , , , , , , , , , , , , 
22.08.2026 19:06:00, ,666.3398438,88.84531403,55.64999962,61.80000114,59.54999924,0.5703125,0.427187502,1295,-779.4140625,-2361.25,1695,176.9500046,165.5499954,119.2500038, 
22.08.2026 19:08:00,0,666.75,88.90000153,55.64999962,62,59.5,0.59937501,0.422812507,1255.5,-710.578125,-2360.5,1556.5,177,166.1500015,115.2999992, 
22.08.2026 19:10:00,0.046875,640.96875,85.46250153,55.35000038,62.04999924,59.60000038,0.613124996,0.409374997,787,-347.4375,-2024.125,1523.5,175.25,165.5999985,74.0500021, 
22.08.2026 19:12:00,0,666.3515625,88.84687424,55.39999962,61.89999962,59.44999886,0.519062489,0.420000002,1348,-580.3359375,-2241.5,1738.5,173.1999969,164.0500031,123.5500031, 
22.08.2026 19:14:00,0.046875,666.6445313,88.88593674,55.64999962,61.94999886,59.5,0.494687513,0.431562498,1327,-653.2265625,-2404.375,1849.5,170.7999954,162.75,121.75, 
22.08.2026 19:15:00, , , , , , , , , , , , , , , , 
22.08.2026 19:16:00, ,666.65625,88.88750076,55.69999886,61.79999924,59.70000076,0.557500005,0.421250001,1300.5,-660.0234375,-2302.1875,1638.5,169.5999985,161.4499969,119.5999985, 
22.08.2026 19:17:00,0, , , , , , , , , , , , , , , 
22.08.2026 19:18:00, ,673.5585938,89.80781174,55.75,61.85000038,59.44999886,0.516562492,0.450937495,1338.5,-484.171875,-2276.75,1794,169.1999969,160,122.9500046, 
22.08.2026 19:19:00,0.0546875, , , , , , , , , , , , , , , 
22.08.2026 19:20:00, ,679.6757813,90.62343979,55.94999886,62.10000038,59.5,0.491562515,0.475937501,1416.5,-493.8515625,-2333.375,1844,169.4000015,160.25,131.75, 
22.08.2026 19:21:00,0, , , , , , , , , , , , , , , 
22.08.2026 19:22:00, ,679.8164063,90.64218903,56,61.95000076,59.5,0.487812504,0.454687491,1399,-402.515625,-2202.1875,1921.5,169.9500046,160.4000015,130.4000015, 
22.08.2026 19:23:00,0.046875, , , , , , , , , , , , , , , 
22.08.2026 19:24:00, ,680.0859375,90.67812729,56.25,61.75,59.35000038,0.482500002,0.486562505,1399,-354.3046875,-2234.6875,1875,168.3499985,159.5999985,130.6500015, 
22.08.2026 19:26:00,0,680.6367188,90.75156403,56.25,62.19999886,59.5,0.441875011,0.462812498,1382,-416.578125,-2105.75,1747,166.7000046,158.75,130, 
22.08.2026 19:28:00,0.0546875,679.9101563,90.65468979,56.20000076,62.04999924,59.54999924,0.466875002,0.475312501,1378.5,-286.7578125,-2089.0625,1720,163.5,157.2000046,129.3500061, 
22.08.2026 19:30:00,0,680.1210938,90.68281555,56.35000038,62.35000038,59.55000114,0.460625008,0.458437502,1365,-226.6875,-2152.9375,1870,157.0499954,154.3499985,127.5999985, 
22.08.2026 19:32:00,0.046875,679.7109375,90.62812805,56.29999924,61.90000153,59.70000076,0.490624994,0.493750006,1415,-207,-1831.875,1757,153.3999939,151.3000031,131.6999969, 
22.08.2026 19:34:00,0,680.7070313,90.76093674,56.35000038,62.19999886,59.54999924,0.470937505,0.490937486,1389,-337.59375,-2110.6875,1653.5,149.6500015,147.0500031,131.1500015, 
22.08.2026 19:36:00,0.046875,680.3554688,90.71406174,56.39999962,62.14999962,59.90000153,0.496250018,0.469062507,1398.5,-334.40625,-2089.625,1791,148.0999985,144.3999939,132, 
22.08.2026 19:38:00,0,680.2734375,90.703125,56.30000114,62.09999847,59.85000038,0.461875007,0.460312501,1453,-470.0859375,-2242.3125,1738,147.4500046,142.4000015,135.5500031, 
22.08.2026 19:40:00,0.0546875,680.0390625,90.671875,56.54999924,62.19999886,59.79999924,0.470624998,0.463750005,1446,-538.2890625,-2320.1875,1656,146.6999969,140.8499985,135.0000076, 
22.08.2026 19:42:00, ,679.2421875,90.56562805,56.64999962,62.29999924,59.85000038,0.439999998,0.459999993,1461.5,-647.671875,-2217.3125,1677.5,146.4499969,139.75,136.1999969, 
22.08.2026 19:43:00,0, , , , , , , , , , , , , , , 
22.08.2026 19:44:00, ,680.2265625,90.69687653,56.69999886,62.25,59.90000153,0.452812508,0.455625013,1453,-595.5234375,-2211,1709,145.4000015,138.4500046,134.2500076, 
22.08.2026 19:45:00,0.046875, , , , , , , , , , , , , , , 
22.08.2026 19:46:00, ,680.5078125,90.734375,56.59999847,62.20000076,59.75,0.454687491,0.492500007,1464.5,-548.9296875,-2290.375,1595,144.0999985,136.9499969,136, 
22.08.2026 19:47:00,0, , , , , , , , , , , , , , , 
22.08.2026 19:48:00, ,680.1210938,90.68281555,57.05000114,62.44999886,59.54999924,0.467812508,0.462187499,1457.5,-671.71875,-2380.625,1661.5,143.5999985,135.5500031,135.8000031, 
22.08.2026 19:49:00,0.0546875, , , , , , , , , , , , , , , 
22.08.2026 19:50:00, ,680.203125,90.69375229,56.75,62.79999924,59.70000076,0.453749999,0.469374999,1449,-503.71875,-2250.625,1648.5,143.6500015,135.0999985,135.2500076, 
22.08.2026 19:51:00,0, , , , , , , , , , , , , , , 
22.08.2026 19:52:00, ,679.875,90.65000153,56.95000076,62.75,59.64999962,0.411874995,0.46656251,1461.5,-681.1875,-2354.625,1669,145.7000046,135.0999985,136.25, 
22.08.2026 19:53:00,0.046875, , , , , , , , , , , , , , , 
22.08.2026 19:54:00, ,679.9101563,90.65468979,57.10000038,63,59.70000076,0.425624996,0.460000008,1470.5,-616.1015625,-2214.0625,1561.5,147.5,135.5499954,137.1000061, 
22.08.2026 19:55:00,0, , , , , , , , , , , , , , , 
22.08.2026 19:56:00, ,680.0273438,90.67031479,57.04999924,63.09999847,59.69999886,0.448749989,0.464062497,1420.5,-405.703125,-2129.3125,1533.5,149.5,136.4000015,132.7000046, 
22.08.2026 19:57:00,0.046875, , , , , , , , , , , , , , , 
22.08.2026 19:58:00, ,679.7695313,90.63593674,57.05000114,63.15000153,59.69999886,0.443750009,0.464375004,1402,-485.6953125,-2156.9375,1765.5,151.3000031,137.1499939,130.8000031, 
22.08.2026 19:59:00,0, , , , , , , , , , , , , , , 
22.08.2026 20:00:00, ,679.7695313,90.63594055,57.04999924,63.35000038,59.55000114,0.436562508,0.466249987,1412,-362.6015625,-2144.8125,1584.5,152.4499969,137.9000015,131.0500031, 
22.08.2026 20:01:00,0.0546875, , , , , , , , , , , , , , , 
22.08.2026 20:02:00, ,680.15625,90.6875,57.25,63.45000076,59.64999962,0.423124999,0.469374999,1412.5,-334.9921875,-2098.0625,1694,151.4000015,138.2999954,132.6500015, 
22.08.2026 20:03:00,0, , , , , , , , , , , , , , , 
22.08.2026 20:04:00, ,680.53125,90.73749924,56.95000076,63.54999924,59.64999962,0.457499996,0.471562505,1401.5,-326.484375,-1970.4375,1598.5,150.8499985,138.1000061,130.8499985, 
22.08.2026 20:05:00,0.046875, , , , , , , , , , , , , , , 
22.08.2026 20:06:00, ,679.8046875,90.640625,57,63.79999924,59.5,0.428124994,0.498124987,1414,-377.8125,-2068.375,1747,151,138,132.9000092, 
22.08.2026 20:08:00,0,679.9804688,90.6640625,56.95000076,63.5,59.59999847,0.421562493,0.467500001,1429.5,-369.984375,-2036.4375,1673,150.8999939,137.1999969,134.1000061, 
22.08.2026 20:10:00,0.0546875,680.0625,90.67499924,56.89999962,63.89999771,59.54999924,0.447187498,0.484375,1409.5,-372.1875,-2167.6875,1718,150.8500061,137.0999985,131.7000046, 
22.08.2026 20:12:00,0,679.7578125,90.63437653,56.80000114,63.95000076,59.5,0.449687511,0.481250003,1434,-415.8046875,-2113,1771.5,150.5,136.9499969,134.1500015, 
22.08.2026 20:14:00,0.046875,680.4140625,90.72187805,57,63.90000153,59.5,0.486250013,0.474999994,1434,-401.578125,-2081,1630,150.3000031,137.1999969,133.4000092, 
22.08.2026 20:15:00, , , , , , , , , , , , , , , , 
22.08.2026 20:16:00,0,679.5351563,90.60468674,56.80000114,64,59.45000076,0.435000002,0.470312491,1445,-493.9921875,-2202.625,1565,150.0499954,136.5,135.5999985, 
22.08.2026 20:18:00,0.046875,679.7460938,90.6328125,56.75,64.09999847,59.59999847,0.441562504,0.465312511,1412,-342.5390625,-2220.125,1786.5,149.3000031,135.7999954,131.6500092, 
22.08.2026 20:20:00,0,680.1328125,90.68437576,56.75,64.04999924,59.55000114,0.462499991,0.462499991,1429.5,-400.453125,-1984.5625,1749,148.4000015,135.4499969,134.5999985, 
22.08.2026 20:22:00,0.0546875,679.8046875,90.640625,57,64.09999847,59.40000153,0.462500006,0.460000008,1442,-445.40625,-2042.5,1693,148.8999939,134.8999939,134.6999969, 
22.08.2026 20:24:00,0,680.3671875,90.71562576,56.75,63.99999809,59.5,0.451875001,0.456874996,1435,-421.78125,-2154.5,1648,148.5499954,134.9499969,134.1500015, 
22.08.2026 20:26:00,0.046875,679.9453125,90.65937424,56.85000038,64.20000076,59.64999962,0.440624997,0.463125005,1443.5,-511.171875,-2154.75,1883.5,148.9500046,134.6500015,134.6500015, 
22.08.2026 20:28:00, ,680.1445313,90.68593597,56.95000076,64.15000153,59.70000076,0.450000003,0.461250007,1452.5,-427.6875,-2136.625,1778.5,148.8000031,134.5,136.0500031, 
22.08.2026 20:29:00,0, , , , , , , , , , , , , , , 
22.08.2026 20:30:00, ,680.3671875,90.71562576,56.85000038,64.09999847,59.5,0.466875002,0.451562494,1421.5,-535.4296875,-2001.375,1738,149.1000061,134.5500031,133.8500061, 
22.08.2026 20:31:00,0.0546875, , , , , , , , , , , , , , , 
22.08.2026 20:32:00, ,680.0390625,90.671875,56.95000076,63.99999809,59.5,0.433750004,0.453437507,1419.5,-363.1640625,-2142.75,1676.5,148.9000015,134.4500046,132.8500061, 
22.08.2026 20:33:00,0, , , , , , , , , , , , , , , 
22.08.2026 20:34:00, ,680.0742188,90.67656326,56.75,63.75,59.5,0.453749999,0.468437508,1414.5,-378.65625,-2149.4375,1675,148.9000015,134.0999985,132.8000031, 
22.08.2026 20:35:00,0.046875, , , , , , , , , , , , , , , 
22.08.2026 20:36:00, ,680.4960938,90.73281097,56.80000114,63.54999924,59.54999924,0.438124999,0.457812503,1424.5,-435.9375,-2203.375,1725.5,149.25,134.4500046,133.3000031, 
22.08.2026 20:37:00,0, , , , , , , , , , , , , , , 
22.08.2026 20:38:00, ,679.9570313,90.66093826,57.14999962,63,59.45000076,0.496249989,0.451250002,1451,-372.5625,-2043.5,1738.5,149.75,134.5999985,135.4000015, 
22.08.2026 20:39:00,0.046875, , , , , , , , , , , , , , , 
22.08.2026 20:40:00, ,679.453125,90.59375,57,62.59999847,59.59999847,0.423124999,0.506250024,1429,-334.546875,-2171.875,1845,150,134.8000031,133.3000031, 
22.08.2026 20:41:00,0, , , , , , , , , , , , , , , 
22.08.2026 20:42:00, ,679.7929688,90.63906479,57,62.64999962,59.5,0.474062502,0.469687492,1420.5,-427.6171875,-2215.125,1784,150,134.7999954,132.25, 
22.08.2026 20:43:00,0.0546875, , , , , , , , , , , , , , , 
22.08.2026 20:44:00, ,680.0507813,90.67343903,57.04999924,62.69999886,59.60000038,0.441562489,0.480000004,1431,-482.71875,-2038.4375,1665,150.2999954,134.9500046,134.25, 
22.08.2026 20:45:00, , , , , , , , , , , , , , , , 
22.08.2026 20:46:00,0,680.390625,90.71875,57.04999924,62.79999924,59.45000076,0.46374999,0.495624989,1431,-409.125,-2067.125,1618,150.25,135,134.4500046, 
22.08.2026 20:48:00,0.046875,679.8046875,90.640625,56.75,63.10000038,59.60000038,0.452187493,0.467812493,1426,-434.7421875,-2015.8125,1679.5,149.75,135.0999985,133.3499985, 
22.08.2026 20:50:00,0,679.6523438,90.62031555,56.85000038,63.05000114,59.59999847,0.483125001,0.492500007,1401.5,-460.7578125,-2084.1875,1724.5,149.1500015,134.7000046,130.1000061, 
22.08.2026 20:52:00,0.0546875,679.734375,90.63124847,56.79999924,63.35000038,59.5,0.422812507,0.494687498,1450.5,-473.7421875,-2151.125,1882.5,148.9499969,134.3499985,136.3000031, 
22.08.2026 20:54:00,0,680.1328125,90.68437576,56.69999886,63.30000114,59.55000114,0.453749999,0.485937506,1417,-396.2109375,-2232.5,1559,149.9499969,134.5499954,132.3000031, 
22.08.2026 20:56:00,0.046875,679.78125,90.63750076,56.79999924,63.45000076,59.45000076,0.420937508,0.475000009,1418.5,-343.5,-2105.0625,1708.5,149.9499969,134.8500061,132.5500031, 
22.08.2026 20:58:00, ,679.9453125,90.65937805,57,63.20000076,59.70000076,0.430000007,0.444999993,1401,-399.375,-2254.625,1773,150.8000031,135,130.5, 
22.08.2026 20:59:00,0, , , , , , , , , , , , , , , 
22.08.2026 21:00:00, ,680.0859375,90.67812347,56.64999962,63.39999962,59.60000038,0.442812502,0.47375001,1442.5,-468.5859375,-2136.3125,1712.5,151.25,135.3000031,134.6500015, 
22.08.2026 21:01:00,0.046875, , , , , , , , , , , , , , , 
22.08.2026 21:02:00, ,680.0976563,90.6796875,56.75,63.45000076,59.55000114,0.475000009,0.46875,1415.5,-356.203125,-2098.5,1748.5,150.9499969,135.1499939,132.1000061, 
22.08.2026 21:03:00,0.0546875, , , , , , , , , , , , , , , 
22.08.2026 21:04:00, ,680.0039063,90.66718674,56.75,63.35000038,59.45000076,0.41906251,0.459687501,1423,-404.71875,-2004.375,1825,150.75,135,133.4500046, 
22.08.2026 21:06:00,0,679.8398438,90.64531326,56.69999886,63.5,59.40000153,0.467500001,0.482500002,1414,-429.3984375,-2053.9375,1538.5,150.1500015,134.5999985,131.5000076, 
22.08.2026 21:08:00,0.046875,679.1953125,90.55937576,56.60000038,63.5,59.40000153,0.474374995,0.472499996,1431.5,-456.5390625,-1993.9375,1858.5,149.5,134.0499954,133.8499985, 
22.08.2026 21:10:00, ,680.0625,90.67500305,56.59999847,63.39999962,59.39999962,0.440000013,0.468125001,1420.5,-415.6171875,-2064.125,1696.5,149.4000015,134.25,133, 
22.08.2026 21:11:00,0, , , , , , , , , , , , , , , 
22.08.2026 21:12:00, ,680.203125,90.69375229,56.59999847,63.59999847,59.5,0.460312501,0.466250002,1411.5,-469.6875,-2055.625,1696,149.5,133.9000015,132.7000046, 
22.08.2026 21:13:00,0.0546875, , , , , , , , , , , , , , , 
22.08.2026 21:14:00, ,680.0039063,90.66718674,56.59999847,63.85000038,59.5,0.451875001,0.484999985,1427.5,-460.78125,-2210.5,1684,149.5999985,134.3000031,133.8500061, 
22.08.2026 21:15:00,0, , , , , , , , , , , , , , , 
22.08.2026 21:16:00, ,679.5585938,90.60781479,56.54999924,64.29999924,59.35000038,0.46312499,0.468125001,1458.5,-411.984375,-2135.125,1671.5,149.5999985,133.9499969,136.3500061, 
22.08.2026 21:17:00,0.046875, , , , , , , , , , , , , , , 
22.08.2026 21:18:00, ,679.78125,90.63750076,56.69999886,64.40000153,59.5,0.491874993,0.509687513,1456.5,-378,-2083.1875,1691,150.5,134.1999969,136.3000031, 
22.08.2026 21:19:00,0, , , , , , , , , , , , , , , 
22.08.2026 21:20:00, ,680.0039063,90.66718674,56.59999847,64.69999695,59.5,0.436250001,0.468125001,1433,-417.3046875,-2214,1730,150.5999985,134.3000031,133.6000061, 
22.08.2026 21:21:00,0.046875, , , , , , , , , , , , , , , 
22.08.2026 21:22:00, ,679.828125,90.64374924,56.59999847,64.69999695,59.35000038,0.429999992,0.472812504,1425,-438.2578125,-2230.5,1579.5,150.75,134.5500031,133.0500031, 
22.08.2026 21:23:00,0, , , , , , , , , , , , , , , 
22.08.2026 21:24:00, ,679.3125,90.57500076,56.54999924,64.95000076,59.29999924,0.448437497,0.479062498,1457.5,-553.8046875,-2259.9375,1800.5,151.1999969,134.5,135.8000031, 
22.08.2026 21:25:00,0.0546875, , , , , , , , , , , , , , , 
22.08.2026 21:26:00, ,679.1484375,90.55312347,56.70000076,65.09999847,59.40000153,0.474999994,0.450625002,1433,-396.140625,-2038.75,1590,151.1000061,134.8999939,134.5, 
22.08.2026 21:27:00,0, , , , , , , , , , , , , , , 
22.08.2026 21:28:00, ,679.875,90.65000153,56.54999924,65.14999771,59.25,0.488749996,0.48218751,1421,-532.5703125,-2070.6875,1832,150.4499969,134.6500015,132.5500031, 
22.08.2026 21:29:00,0.046875, , , , , , , , , , , , , , , 
22.08.2026 21:30:00, ,680.0507813,90.67343903,56.59999847,65.25,59,0.446250007,0.495937511,1439.5,-387.703125,-2109.5625,1804,150.7999954,134.9000015,134.8000031, 
22.08.2026 21:32:00,0,679.7929688,90.63906479,56.44999886,65.20000076,59,0.415937498,0.480000019,1454,-475.0078125,-2313.9375,1710.5,150.9499969,134.9000015,136.2500076, 
22.08.2026 21:34:00,0.0546875,680.25,90.70000076,56.5,65.40000153,59,0.425937504,0.506562516,1426,-487.640625,-2064.875,1695.5,152.3500061,134.7000046,134.2500076, 
22.08.2026 21:36:00, ,680.3203125,90.70937347,56.59999847,65.19999695,58.90000153,0.467500001,0.488124996,1408,-363.140625,-2030,1720,152.8999939,135.1999969,132.6999969, 
22.08.2026 21:37:00,0, , , , , , , , , , , , , , , 
22.08.2026 21:38:00, ,679.6523438,90.62031174,56.45000076,65.40000153,58.95000076,0.428437501,0.451562494,1416.5,-405.84375,-2106.875,1754,152.5,135.5999985,132.6500015, 
22.08.2026 21:39:00,0.046875, , , , , , , , , , , , , , , 
22.08.2026 21:40:00, ,680.203125,90.69375229,56.35000038,65.5,58.75,0.454062507,0.492812485,1406,-381.0234375,-2225.875,1732.5,151.75,135.3500061,131.1000061, 
22.08.2026 21:41:00,0.046875, , , , , , , , , , , , , , , 
22.08.2026 21:42:00, ,679.5703125,90.609375,56.40000153,65.54999924,58.85000038,0.431250006,0.478750005,1449.5,-392.6953125,-2226.625,1733,150.75,135.5,135.6000061, 
22.08.2026 21:44:00,0,679.9101563,90.65468979,56.39999962,65.5,58.85000038,0.423749998,0.479375005,1412.5,-355.59375,-2117.5,1776,149.75,134.8499985,131.9000092, 
22.08.2026 21:45:00, , , , , , , , , , , , , , , , 
22.08.2026 21:46:00,0.0546875,679.7695313,90.63593674,56.25,65.45000076,58.85000038,0.461249992,0.480312496,1418,-439.96875,-2261.875,1702.5,149.6999969,134.75,132.5999985, 
22.08.2026 21:48:00,0,679.828125,90.64374924,56.19999886,65.45000076,58.80000114,0.411562502,0.458437502,1421.5,-363.3984375,-2087.625,1785,149.25,134.1999969,133.1500015, 
22.08.2026 21:50:00,0.046875,680.4609375,90.72812653,56.35000038,65.45000076,58.60000038,0.430000007,0.461562499,1414.5,-401.90625,-2146.9375,1622,148.75,133.8499985,133.8000031, 
22.08.2026 21:52:00, ,680.25,90.70000076,56.35000038,65.34999847,58.5,0.474374995,0.51781252,1449.5,-329.109375,-2052.1875,1598.5,148.8000031,134.3500061,135.6500015, 
22.08.2026 21:53:00,0, , , , , , , , , , , , , , , 
22.08.2026 21:54:00, ,679.5820313,90.61093903,56.30000114,65.65000153,58.70000076,0.433750004,0.462812498,1435,-474.0703125,-2233.875,1791,149.9499969,134,133, 
22.08.2026 21:55:00,0.0546875, , , , , , , , , , , , , , , 
22.08.2026 21:56:00, ,680.3789063,90.71718979,56.29999924,65.54999924,58.5,0.484687492,0.473124996,1411.5,-400.171875,-2214.4375,1677.5,150,133.9499969,132.0000076, 
22.08.2026 21:57:00,0, , , , , , , , , , , , , , , 
22.08.2026 21:58:00, ,680.3554688,90.71406174,56.5,65.45000076,58.19999886,0.439999998,0.485937506,1398,-359.8359375,-2098.625,1670.5,149.5500031,133.8499985,131.2000046, 
22.08.2026 21:59:00,0.046875, , , , , , , , , , , , , , , 
22.08.2026 22:00:00, ,679.3710938,90.58281326,56.29999924,65.54999924,58.35000038,0.417500004,0.484375,1429.5,-448.8984375,-2029.375,1648,149.8000031,133.8499985,132.7000046, 
22.08.2026 22:01:00,0, , , , , , , , , , , , , , , 
22.08.2026 22:02:00, ,680.625,90.75,56.20000076,65.5,58.5,0.450625002,0.475625008,1432,-249.84375,-2329,1576,149.8000031,134.1999969,133.6999969, 
22.08.2026 22:03:00,0.046875, , , , , , , , , , , , , , , 
22.08.2026 22:04:00, ,679.7929688,90.63906097,56.04999924,65.45000076,58.25,0.438749999,0.478437498,1439,-441.5625,-2144.6875,1630.5,150.1500015,134.0500031,134.2500076, 
22.08.2026 22:05:00,0, , , , , , , , , , , , , , , 
22.08.2026 22:06:00, ,680.15625,90.6875,56.29999924,65.54999924,58.39999962,0.396562502,0.4765625,1425,-353.6484375,-2012.5625,1677.5,149.6999969,134.3999939,132.4500046, 
22.08.2026 22:07:00,0.0546875, , , , , , , , , , , , , , , 
22.08.2026 22:08:00, ,680.3085938,90.70781326,56.35000038,65.39999771,58.39999962,0.447500005,0.481875002,1438,-394.265625,-2086,1706,149.9000015,134.4499969,133.6000061, 
22.08.2026 22:09:00,0, , , , , , , , , , , , , , , 
22.08.2026 22:10:00, ,679.9101563,90.65468979,56.29999924,65.40000153,58.39999962,0.446875006,0.482812494,1424,-469.125,-2282.4375,1764.5,151.1500015,134.1500015,133.1500015, 
22.08.2026 22:11:00,0.046875, , , , , , , , , , , , , , , 
22.08.2026 22:12:00, ,678.796875,90.50624847,56.5,65.09999847,58.20000076,0.460000008,0.469999999,1430,-435.703125,-1991.25,1615,151.8999939,134.3999939,133.9000092, 
22.08.2026 22:13:00,0, , , , , , , , , , , , , , , 
22.08.2026 22:14:00, ,679.78125,90.63750076,56.30000114,65.29999924,58.14999962,0.448750004,0.467812508,1423,-452.1796875,-2088.0625,1645.5,152.25,135.25,133.7500076, 
22.08.2026 22:15:00,0.0546875, , , , , , , , , , , , , , , 
22.08.2026 22:16:00, ,680.0625,90.67499924,56.40000153,65.40000153,58.14999962,0.451562509,0.489999995,1423.5,-393.5859375,-2176.1875,1730.5,152.5500031,135.4500046,132.9500046, 
22.08.2026 22:18:00,0,679.9804688,90.6640625,56.40000153,65.54999924,58.09999847,0.454062492,0.527187526,1427,-402.4921875,-2127,1824.5,152,135.7999954,133.6500015, 
22.08.2026 22:20:00,0.046875,680.0390625,90.671875,56.30000114,65.45000076,58,0.496562496,0.517500013,1416,-364.7109375,-2105.1875,1822.5,151.8000031,135.3499985,132.5, 
22.08.2026 22:22:00,0,680.5898438,90.74531555,56.19999886,65.25,58.04999924,0.447187498,0.465000004,1396.5,-336.890625,-2048.9375,1720.5,151.2999954,135.3499985,130.9000015, 
22.08.2026 22:24:00,0.046875,679.546875,90.60625076,56.05000114,65.40000153,58.09999847,0.422812492,0.513125002,1418.5,-363.84375,-2203.6875,1680,151.6000061,134.7999954,132.6000061, 
22.08.2026 22:26:00,0,680.0742188,90.67656326,56.39999962,65.54999924,58,0.446875006,0.512500003,1409.5,-368.109375,-2022.9375,1608.5,151.6500015,134.75,132.3500061, 
22.08.2026 22:28:00,0.0546875,679.6054688,90.61406326,56.20000076,65.45000076,57.89999962,0.481875002,0.522187501,1442.5,-371.1328125,-2194.375,1677,151.7999954,135,134.9000015, 
22.08.2026 22:30:00,0,679.8867188,90.65156174,56.35000038,65.29999924,58,0.447500005,0.475625008,1447.5,-398.671875,-2172.5625,1677.5,151.7000046,134.8499985,135.75, 
22.08.2026 22:32:00,0.046875,679.8984375,90.65312576,56.29999924,65.35000229,57.89999962,0.432812497,0.487499997,1390,-412.921875,-2150.125,1681.5,151.6999969,135.0499954,130.3000031, 
22.08.2026 22:34:00, ,679.8515625,90.64687729,56.25,65.45000076,57.94999886,0.436875001,0.486874998,1463.5,-399.5625,-2151,1661.5,151.4499969,134.9499969,136.5, 
22.08.2026 22:36:00,0,679.8867188,90.65156555,56.20000076,65.64999771,58.04999924,0.430624992,0.469687492,1446,-436.640625,-2055.1875,1660.5,151.6499939,135,134.9500046, 
22.08.2026 22:38:00,0.0546875,679.0195313,90.53593826,56.14999962,65.84999847,57.95000076,0.460312501,0.486874998,1434.5,-409.171875,-2090.75,1759,152.0500031,134.8499985,134.5000076, 
22.08.2026 22:40:00,0.046875,679.9921875,90.66562653,56.30000114,66.04999924,57.85000038,0.46875,0.485937506,1429.5,-431.203125,-2146.25,1653,151.8500061,135.25,133.9499969, 
22.08.2026 22:42:00, ,679.734375,90.63125229,56.19999886,66,57.70000076,0.498437494,0.480937496,1426.5,-392.0625,-2229.5625,1778.5,152,134.7000046,133.75, 
22.08.2026 22:44:00,0,679.4882813,90.59843826,56.14999962,66,57.85000038,0.473749995,0.488437504,1424.5,-467.203125,-2239.75,1805.5,151.8499985,134.8500061,132.4000015, 
22.08.2026 22:45:00, , , , , , , , , , , , , , , , 
22.08.2026 22:46:00,0.046875,679.640625,90.61875153,56,66.09999847,57.80000114,0.495000005,0.48156251,1453.5,-448.21875,-2201.25,1710.5,151.8000031,135.1999969,135.3499985, 
22.08.2026 22:48:00,0.0546875,679.3828125,90.58437347,56.40000153,66.09999847,57.70000076,0.441875011,0.501874983,1443,-415.40625,-2205.125,1971,151.8000031,135,136, 
22.08.2026 22:50:00, ,679.4765625,90.59687424,56.14999962,66.04999924,57.75,0.44250001,0.473749995,1435.5,-517.453125,-2240.625,1708.5,151.3999939,135.25,134.2000046, 
22.08.2026 22:51:00,0, , , , , , , , , , , , , , , 
22.08.2026 22:52:00, ,680.2382813,90.69843674,56.04999924,66.09999847,57.64999962,0.45875001,0.490625009,1414.5,-433.8984375,-2241.0625,1675.5,151.5999985,135.5,133.1500015, 
22.08.2026 22:53:00,0.046875, , , , , , , , , , , , , , , 
22.08.2026 22:54:00, ,679.9570313,90.66093826,56.20000076,65.95000076,57.5,0.431562513,0.474999994,1473,-494.765625,-2326.0625,1800,152.5,134.8999939,137.25, 
22.08.2026 22:55:00,0, , , , , , , , , , , , , , , 
22.08.2026 22:56:00, ,679.734375,90.63125229,56.25,66.09999847,57.40000153,0.452812493,0.499375001,1432.5,-491.4140625,-2195.875,1880,155.3000031,136.5,133.9000015, 
22.08.2026 22:57:00,0.0546875, , , , , , , , , , , , , , , 
22.08.2026 22:58:00, ,680.0976563,90.6796875,56.25,66,57.54999924,0.453125,0.501249999,1404.5,-341.7890625,-2156.6875,1630.5,152.5999985,136.75,131.0999985, 
22.08.2026 23:00:00,0,680.6953125,90.75937653,56.04999924,65.95000076,57.5,0.446562499,0.481874987,1391,-327.5390625,-2185.25,1872.5,151,136.4500046,129.9000015, 
22.08.2026 23:02:00,0.046875,680.6132813,90.74843979,56.19999886,66.04999924,57.54999924,0.446562499,0.471249998,1416.5,-420.9609375,-2169.6875,1796.5,151.25,135.8500061,132.2000046, 
22.08.2026 23:04:00,0,679.921875,90.65625,56.19999886,66.25,57.35000038,0.439062506,0.477812499,1421.5,-326.578125,-2237.75,1706,150.75,135.5,132.9500046, 
22.08.2026 23:06:00,0.046875,679.96875,90.66249847,56.5,66.19999695,57.5,0.436250001,0.491250008,1429,-497.578125,-2138.5,2020,151.1999969,135.3000031,133.1999969, 
22.08.2026 23:08:00,0,679.9921875,90.66562653,56.19999886,66.54999924,57.5,0.444375008,0.486874998,1414.5,-475.7578125,-2073.8125,1804,151.5500031,135,133.1000061, 
22.08.2026 23:10:00,0.0546875,679.7226563,90.62968826,55.95000076,66.54999924,57.60000038,0.47937499,0.512187496,1459.5,-468.46875,-2186.4375,1935.5,151.3000031,135.0500031,136.3000031, 
22.08.2026 23:12:00,0,679.6054688,90.61406326,56.25,66.59999847,57.45000076,0.429062501,0.47375001,1437.5,-483.234375,-2139.75,1702,151.6500015,135.5,134.8500061, 
22.08.2026 23:14:00,0.046875,679.734375,90.63124847,56.20000076,66.80000305,57.20000076,0.4375,0.469999999,1478,-421.03125,-2147.75,1732,151.5,134.8999939,135.6999969, 
22.08.2026 23:15:00, , , , , , , , , , , , , , , , 
22.08.2026 23:16:00,0,680.0273438,90.67031479,56.30000114,66.70000076,57.5,0.441874996,0.497500017,1458.5,-357.3515625,-2045.8125,1768.5,150.5,135.0999985,135.4500046, 
22.08.2026 23:18:00,0.0546875,679.828125,90.64374924,56.09999847,66.75,57.45000076,0.445624992,0.489687517,1408,-402.75,-2162.875,1829,149.5,134.3000031,132.1500015, 
22.08.2026 23:20:00, ,679.5117188,90.6015625,56.14999962,66.59999847,57.54999924,0.450000003,0.481875002,1441.5,-478.6640625,-2058.625,1889,149.3000031,134,134.2000046, 
22.08.2026 23:21:00,0, , , , , , , , , , , , , , , 
22.08.2026 23:22:00, ,680.6367188,90.75156403,56.04999924,66.59999847,57.45000076,0.446562499,0.473124996,1424,-452.953125,-2049.25,1685,149,133.9000015,132.1000061, 
22.08.2026 23:23:00,0.046875, , , , , , , , , , , , , , , 
22.08.2026 23:24:00, ,679.0078125,90.53437805,56.09999847,66.5,57.70000076,0.395624995,0.498750001,1454,-386.71875,-2104.375,1713,149.1999969,134.1000061,134.3000031, 
22.08.2026 23:25:00,0, , , , , , , , , , , , , , , 
22.08.2026 23:26:00, ,680.1679688,90.68906403,56.35000038,66.64999771,57.5,0.453437492,0.500937492,1430.5,-378.9609375,-2092.9375,1666,148.8000031,133.5499954,134.8000031, 
22.08.2026 23:27:00,0.046875, , , , , , , , , , , , , , , 
22.08.2026 23:28:00, ,680.0390625,90.671875,56.14999962,66.5,57.5,0.465625003,0.480625004,1427,-403.0078125,-2014.125,1506,149.1000061,133.1500015,132.8000031, 
22.08.2026 23:30:00,0,679.1484375,90.55312729,56.25,66.5,57.40000153,0.4609375,0.488124996,1473.5,-491.8125,-2161.5,1608,149.6500015,133.25,136, 
22.08.2026 23:32:00,0.0546875,679.8984375,90.65312576,56.35000038,66.54999924,57.5,0.422499999,0.475312501,1437.5,-493.921875,-2172,1823,150.3999939,133.4000015,133.6999969, 
22.08.2026 23:34:00,0.046875,679.5234375,90.60312653,56.14999962,66.54999924,57.45000076,0.425312504,0.518125027,1451,-510.4453125,-2207.6875,1777.5,150.25,134.0999985,135.3500061, 
22.08.2026 23:36:00, ,679.921875,90.65625,56.14999962,66.70000076,57.39999962,0.419375002,0.470937505,1455,-473.2265625,-2198.3125,1780.5,151.5,134.2000046,135.3499985, 
22.08.2026 23:37:00,0, , , , , , , , , , , , , , , 
22.08.2026 23:38:00, ,680.0039063,90.66719055,56.25,66.75,57.64999962,0.422499999,0.489687502,1444,-450.9609375,-2213.75,1792,152.2000046,134.3499985,134.6500015, 
22.08.2026 23:39:00,0.0546875, , , , , , , , , , , , , , , 
22.08.2026 23:40:00, ,680.3671875,90.71562576,56.25,66.59999847,57.59999847,0.432500005,0.480000004,1413,-332.4140625,-2135.9375,1751.5,152.5500031,134.75,133.1000061, 
22.08.2026 23:42:00,0,680.34375,90.71250153,56.25,66.59999847,57.45000076,0.4375,0.471250013,1416.5,-379.453125,-2080.375,1784,151.8499985,135.0500031,132.8000031, 
22.08.2026 23:44:00,0.046875,680.1679688,90.68906403,56.35000038,66.5,57.54999924,0.454062492,0.483750001,1403,-392.109375,-2252.875,1773.5,151.3999939,134.7999954,131.1000061, 
22.08.2026 23:45:00, , , , , , , , , , , , , , , , 
22.08.2026 23:46:00,0,679.7109375,90.62812805,56.45000076,66.5,57.54999924,0.449687496,0.469062507,1415.5,-456.4453125,-2110.875,1752.5,151.4499969,134.6500015,132.6000061, 
22.08.2026 23:48:00,0.046875,679.8164063,90.64218903,56.14999962,66.45000076,57.54999924,0.478750005,0.456874996,1431.5,-483.8671875,-2251.4375,1543.5,151.5,134.5,133.5, 
22.08.2026 23:50:00, ,679.640625,90.61875153,56.09999847,66.59999847,57.59999847,0.423750013,0.50999999,1426,-450.796875,-2146.25,1709,151.8000031,134.6999969,133.9000092, 
22.08.2026 23:51:00,0, , , , , , , , , , , , , , , 
22.08.2026 23:52:00, ,678.984375,90.53125,56.19999886,66.45000076,57.39999962,0.441562504,0.446562499,1478.5,-452.953125,-2168.3125,1667,151.2000046,135.0999985,138.1000061, 
22.08.2026 23:53:00,0.0546875, , , , , , , , , , , , , , , 
22.08.2026 23:54:00, ,679.8867188,90.65156174,56.10000038,66.59999847,57.5,0.464062497,0.490312502,1418.5,-480.421875,-2143.875,1722,151.3499985,134.6500015,131.9500046, 
22.08.2026 23:55:00,0.046875, , , , , , , , , , , , , , , 
22.08.2026 23:56:00, ,679.2304688,90.56406403,56.14999962,66.70000076,57.5,0.452812508,0.490312487,1450.5,-382.453125,-2197.4375,1801,151.4499969,134.8499985,135.3500061, 
22.08.2026 23:58:00,0,680.4023438,90.72031403,56.30000114,66.5,57.44999886,0.452187508,0.485312492,1422,-424.6171875,-2047.375,1687,151.4000015,134.75,133.2000046, 
23.08.2026 00:00:00,0.0546875,679.3828125,90.58437729,56.25,66.64999771,57.40000153,0.461250007,0.51343751,1450,-377.953125,-2180.625,1695.5,150.8000031,135,135.5999985, 
23.08.2026 00:02:00, ,679.4648438,90.59531403,56.20000076,66.60000229,57.45000076,0.435000002,0.459062502,1446,-498,-2285.875,1683.5,150.3499985,135.0499954,135, 
23.08.2026 00:03:00,0, , , , , , , , , , , , , , , 
23.08.2026 00:04:00, ,679.828125,90.64374924,56.25,66.70000076,57.39999962,0.40843749,0.492812514,1432.5,-441.0703125,-2246.125,1651.5,150.75,134.6500015,134.0500031, 
23.08.2026 00:05:00,0.046875, , , , , , , , , , , , , , , 
23.08.2026 00:06:00, ,679.265625,90.56874847,56.14999962,66.59999847,57.29999924,0.460624993,0.50562501,1438,-446.0859375,-2153.5,1737.5,151,134.3500061,133.9000092, 
23.08.2026 00:07:00,0, , , , , , , , , , , , , , , 
23.08.2026 00:08:00, ,679.5117188,90.6015625,56.04999924,66.69999695,57.45000076,0.466250002,0.500937507,1431,-440.7421875,-2149.0625,1777,150.0999985,134.3999939,133.7000046, 
23.08.2026 00:09:00,0.046875, , , , , , , , , , , , , , , 
23.08.2026 00:10:00, ,679.8046875,90.640625,56.15000153,66.64999771,57.39999962,0.452812508,0.506562516,1423.5,-446.0390625,-2017.3125,1665,149.8499985,134.4499969,133.1999969, 
23.08.2026 00:11:00,0, , , , , , , , , , , , , , , 
23.08.2026 00:12:00, ,679.1132813,90.54843903,56.14999962,66.45000076,57.54999924,0.422187492,0.480937511,1403.5,-384.1875,-2107.4375,1665,149.7999954,134.1999969,130.5, 
23.08.2026 00:13:00,0.0546875, , , , , , , , , , , , , , , 
23.08.2026 00:14:00, ,679.5585938,90.60781479,56.04999924,66.25,57.25,0.444375008,0.478750005,1447.5,-456.28125,-2207.25,1740,150.4000015,134.2000046,135.1999969, 
23.08.2026 00:15:00,0, , , , , , , , , , , , , , , 
23.08.2026 00:16:00, ,680.4257813,90.72343826,56.04999924,65.70000076,57.39999962,0.414374992,0.485624999,1429,-387.328125,-2032.375,1755.5,151.3000031,134.3499985,133.8500061, 
23.08.2026 00:17:00,0.046875, , , , , , , , , , , , , , , 
23.08.2026 00:18:00, ,679.4179688,90.58906174,56.14999962,65.5,57.35000038,0.455624998,0.467500001,1442.5,-361.5,-2183.5,1765.5,151.9499969,134.5500031,133.8500061, 
23.08.2026 00:19:00,0, , , , , , , , , , , , , , , 
23.08.2026 00:20:00, ,680.0742188,90.67656326,56.14999962,65.35000229,57.5,0.447500005,0.493749991,1434,-300.7734375,-2150.25,1667.5,151.9499969,134.7999954,134.2500076, 
23.08.2026 00:21:00,0.0546875, , , , , , , , , , , , , , , 
23.08.2026 00:22:00, ,679.0195313,90.53593826,56.25,65.29999924,57.30000114,0.481249988,0.471249998,1457.5,-541.78125,-2240.0625,1627.5,153.4000015,134.8999939,133.4499969, 
23.08.2026 00:24:00,0,679.5,90.60000229,56.14999962,65.25,57.29999924,0.448437497,0.482500002,1392.5,-478.59375,-2094.25,1708.5,153.2000046,135.9500046,131, 
23.08.2026 00:26:00,0.046875,679.640625,90.61875153,55.89999962,65.15000153,57.20000076,0.466249987,0.466250002,1467,-527.15625,-2257.5625,1544,152,136.0499954,137.4000092, 
23.08.2026 00:28:00,0,678.8320313,90.51093674,56.19999886,65.09999847,57.04999924,0.438124999,0.46656251,1487,-652.6640625,-2371.75,1849,157.1500015,136.1999969,137.6500015, 
23.08.2026 00:30:00,0.046875,679.59375,90.61249924,56.19999886,65.04999924,57.10000038,0.460000008,0.5078125,1466.5,-617.5546875,-2441.5625,1750,164.8000031,139.4499969,135.8500061, 
23.08.2026 00:32:00,0,679.4765625,90.59687424,56.19999886,65.04999924,57.20000076,0.472187504,0.478750005,1443.5,-623.1796875,-2264.3125,1793,176.75,143.6999969,134.25, 
23.08.2026 00:34:00,0.0546875,679.78125,90.63750076,56.14999962,64.90000153,57,0.439062491,0.454062492,1427.5,-624.515625,-2353.625,1843.5,187,149.3499985,131.5, 
23.08.2026 00:36:00,0,680.2265625,90.69687653,56.10000038,65.15000153,56.90000153,0.474999994,0.473125011,1395.5,-665.3203125,-2373.8125,1672,191.8999939,155.1499939,129.2000046, 
23.08.2026 00:38:00,0.046875,673.21875,89.76250076,55.89999962,65.30000305,56.95000076,0.485312507,0.45875001,1325,-799.78125,-2408.25,1572,193.5499954,157.8999939,122.5499992, 
23.08.2026 00:40:00, ,665.7890625,88.77187729,55.64999962,65,57,0.518437505,0.420625001,1286,-785.71875,-2425,1652.5,194.3000031,162.4000015,118, 
23.08.2026 00:41:00,0, , , , , , , , , , , , , , , 
23.08.2026 00:42:00, ,665.4609375,88.72812653,55.54999924,64.64999771,56.89999962,0.486249998,0.437187493,1298,-799.21875,-2441.9375,1614.5,193.7000046,164.9000015,119.2500038, 
23.08.2026 00:43:00,0.0546875, , , , , , , , , , , , , , , 
23.08.2026 00:44:00, ,665.8828125,88.78437805,55.40000153,64.69999695,56.79999924,0.478125006,0.425624996,1276,-795.140625,-2379,1844,193,166.1999969,117.8000031, 
23.08.2026 00:45:00,0, , , , , , , , , , , , , , , 
23.08.2026 00:46:00, ,665.625,88.75,55,64.34999847,57,0.494062498,0.431875005,1273.5,-785.4140625,-2465.875,1628,192.1500015,167.3500061,116.1000023, 
23.08.2026 00:47:00,0.046875, , , , , , , , , , , , , , , 
23.08.2026 00:48:00, ,665.859375,88.78125,55.04999924,64.25,56.80000114,0.540000021,0.412812501,1278.5,-786.9609375,-2404.25,1522.5,190.7999954,168.0999985,116.9500046, 
23.08.2026 00:50:00,0,665.578125,88.74375153,54.60000038,64.09999847,56.85000038,0.512499988,0.444687501,1270,-750.890625,-2410.1875,1631,188.5999985,168.3499985,117.25, 
23.08.2026 00:52:00,0.046875,665.4726563,88.72968674,54.54999924,63.90000153,56.85000038,0.558750004,0.432812512,1273,-719.53125,-2367.125,1673,187.3499985,168.1999969,116.2000046, 
23.08.2026 00:54:00, ,665.2851563,88.70468903,54.5,64,56.85000038,0.571249992,0.421875,1278,-755.1796875,-2288.375,1613.5,186.4000015,168.1999969,116.1000023, 
23.08.2026 00:55:00,0, , , , , , , , , , , , , , , 
23.08.2026 00:56:00, ,665.625,88.75,54.5,63.89999962,56.95000076,0.487499997,0.429374993,1276.5,-745.171875,-2298.3125,1554.5,185.3499985,168.5,117.2000008, 
23.08.2026 00:57:00,0.0546875, , , , , , , , , , , , , , , 
23.08.2026 00:58:00, ,666.046875,88.80625153,54.29999924,63.69999886,56.85000038,0.56031251,0.425000012,1248.5,-742.640625,-2428.75,1623,184.0999985,168.1999969,115.75, 
23.08.2026 00:59:00,0, , , , , , , , , , , , , , , 
23.08.2026 01:00:00, ,666.4804688,88.86406326,54.10000038,63.89999962,56.64999962,0.567812502,0.443749994,1263.5,-737.8359375,-2259.0625,1572.5,183.5,168.5,116.0999985, 
23.08.2026 01:01:00,0.046875, , , , , , , , , , , , , , , 
23.08.2026 01:02:00, ,666.2578125,88.83437347,54.20000076,63.59999847,56.5,0.500625014,0.431250006,1257,-823.359375,-2278.875,1736,182.8000031,167.6999969,114.7000046, 
23.08.2026 01:04:00,0,666.1289063,88.81718826,53.94999886,63.70000076,56.79999924,0.53687501,0.454062507,1270.5,-741.421875,-2447.625,1600,182.7000046,167.6999969,117.6000023, 
23.08.2026 01:06:00,0.0546875,666.2695313,88.8359375,53.85000038,63.94999886,56.54999924,0.547812492,0.441249996,1281,-694.6171875,-2319.6875,1553,181.9500046,167.3499985,117.6500015, 
23.08.2026 01:08:00, ,666.6445313,88.88594055,53.79999924,63.75,56.45000076,0.495000005,0.433125004,1273,-751.125,-2364.0625,1522.5,181.6999969,167.8000031,116.3500023, 
23.08.2026 01:10:00,0,666.0703125,88.80937576,53.75,63.75,56.55000114,0.514687508,0.436250001,1282.5,-752.4375,-2424.5,1594,181.1500015,167.6500015,117.5000038, 
23.08.2026 01:12:00,0.046875,666.5625,88.875,53.85000038,63.65000153,56.5,0.519687504,0.432812497,1269.5,-728.0859375,-2326.6875,1627.5,180.4000015,167.4000015,116.4000015, 
23.08.2026 01:14:00,0,666.1757813,88.82344055,53.85000038,63.60000038,56.45000076,0.536562502,0.424374998,1265.5,-771.0234375,-2308.125,1609,180.2999954,167.5999985,117.1000023, 
23.08.2026 01:15:00, , , , , , , , , , , , , , , , 
23.08.2026 01:16:00,0.046875,666.2109375,88.828125,53.60000038,63.54999924,56.64999962,0.617812514,0.427812502,1277,-761.765625,-2353.4375,1659,179.8999939,167.5,117.0500031, 
23.08.2026 01:18:00,0,665.9882813,88.79843903,53.75,63.45000076,56.45000076,0.515625,0.438124999,1284,-789.6328125,-2306.3125,1570,180,167.3500061,117.0500031, 
23.08.2026 01:20:00,0.0546875,666.0820313,88.81093979,53.79999924,63.19999886,56.35000038,0.553750008,0.441562504,1271,-716.5078125,-2360.625,1608.5,179.75,166.8000031,116.6000023, 
23.08.2026 01:22:00, ,666.1640625,88.82187653,53.75,63.19999886,56.54999924,0.522187501,0.422499999,1285.5,-736.265625,-2402.25,1589,179.5999985,167.5,118.7999992, 
23.08.2026 01:23:00,0, , , , , , , , , , , , , , , 
23.08.2026 01:24:00, ,666.3632813,88.84843826,53.60000038,62.89999962,56.45000076,0.542499989,0.440624997,1294,-705.7734375,-2299.125,1568,180.0500031,167.4500046,118.7000008, 
23.08.2026 01:25:00,0.046875, , , , , , , , , , , , , , , 
23.08.2026 01:26:00, ,666.5742188,88.87656403,53.40000153,63.10000038,56.55000114,0.569687486,0.435000002,1254,-695.34375,-2209,1531,179.5,167.1500015,115.8500023, 
23.08.2026 01:28:00,0,666.46875,88.86250305,53.5,63,56.55000114,0.500937492,0.4453125,1263,-736.640625,-2340.6875,1667,179.1500015,167.1500015,116.5500031, 
23.08.2026 01:30:00,0.0546875,666.0351563,88.8046875,53.40000153,62.89999962,56.29999924,0.551562503,0.446562499,1269.5,-756.6796875,-2419.5625,1566.5,178.8499985,166.75,116.9500008, 
23.08.2026 01:32:00,0,665.8476563,88.77968979,53.19999886,62.54999924,56.54999924,0.523125008,0.440937504,1281,-739.21875,-2336.25,1668,178.6500015,166.8500061,118.1000023, 
23.08.2026 01:34:00,0.046875,665.9179688,88.7890625,53.19999886,62.60000038,56.30000114,0.550624996,0.45093751,1283,-765.5390625,-2344.8125,1683.5,178.6999969,166.9499969,117.5499992, 
23.08.2026 01:36:00, ,666.28125,88.83750153,53.35000038,62.20000076,56.55000114,0.555624992,0.435000002,1290,-774.234375,-2389.3125,1678,178.7999954,167.0499954,118.7000046, 
23.08.2026 01:37:00,0, , , , , , , , , , , , , , , 
23.08.2026 01:38:00, ,666.421875,88.85625076,53.29999924,62.04999924,56.55000114,0.590000004,0.430312499,1289.5,-727.1015625,-2262.3125,1598.5,178.6500015,166.7999954,117.9000015, 
23.08.2026 01:39:00,0.046875, , , , , , , , , , , , , , , 
23.08.2026 01:40:00, ,666.5742188,88.87656403,53.35000038,61.85000038,56.54999924,0.506874993,0.440312505,1261,-740.1328125,-2294.9375,1534.5,178.75,166.5,115.5500031, 
23.08.2026 01:42:00,0,666.5390625,88.87187576,53.04999924,61.40000153,56.55000114,0.522187501,0.440937504,1264.5,-720.8671875,-2348,1522,178.5999985,167,115.8000031, 
23.08.2026 01:44:00,0.0546875,666.421875,88.85625076,53.25,61.35000038,56.54999924,0.497499987,0.432812497,1283.5,-753.703125,-2351.6875,1508.5,178.75,167.0999985,118.2999992, 
23.08.2026 01:45:00, , , , , , , , , , , , , , , , 
23.08.2026 01:46:00, ,666.3515625,88.84687424,53.19999886,61.30000114,56.64999962,0.56812498,0.433125004,1278,-768.28125,-2293.9375,1612,178.6999969,166.5999985,117.3500023, 
23.08.2026 01:47:00,0, , , , , , , , , , , , , , , 
23.08.2026 01:48:00, ,665.8710938,88.78281403,53.04999924,61.60000038,56.30000114,0.576875001,0.431875005,1297.5,-736.1484375,-2297.875,1718.5,178.5,167.0999985,119.4000015, 
23.08.2026 01:49:00,0.046875, , , , , , , , , , , , , , , 
23.08.2026 01:50:00, ,666.0117188,88.80156326,53.19999886,61.39999962,56.40000153,0.518124998,0.432500005,1294.5,-779.3203125,-2343.3125,1515.5,178.75,166.5999985,117.8000031, 
23.08.2026 01:51:00,0, , , , , , , , , , , , , , , 
23.08.2026 01:52:00, ,666.6679688,88.88906479,53.04999924,61.30000114,56.44999886,0.506562486,0.432500005,1252,-726.46875,-2314.1875,1506,178.2999954,166.3999939,115.6500015, 
23.08.2026 01:53:00,0.0546875, , , , , , , , , , , , , , , 
23.08.2026 01:54:00, ,666.0585938,88.80781174,53,61.44999886,56.39999962,0.533749998,0.426249996,1276.5,-749.71875,-2361.875,1654,178.5500031,166.8500061,117.3500023, 
23.08.2026 01:56:00,0,665.7773438,88.77031326,53,61.19999886,56.5,0.495312497,0.435312495,1277,-787.0078125,-2513.125,1636,178.4000015,166.5999985,117.2000008, 
23.08.2026 01:58:00,0.046875,665.953125,88.79375076,53,61.10000038,56.44999886,0.505937517,0.43187499,1276.5,-772.6875,-2406.0625,1583,178.3499985,167.0500031,117.6500015, 
23.08.2026 02:00:00,0,666.1171875,88.81562424,53.35000038,60.89999962,56.5,0.520312488,0.42406249,1268.5,-776.15625,-2421.25,1641,178.2999954,166.5999985,116.8500023, 
23.08.2026 02:02:00,0.046875,665.953125,88.79375076,53.04999924,60.69999886,56.55000114,0.5234375,0.431249991,1282.5,-833.296875,-2418.5625,1649.5,178.0999985,166.6999969,117.75, 
23.08.2026 02:04:00, ,666.3046875,88.84062576,53.09999847,60.54999924,56.64999962,0.555937499,0.4375,1285.5,-819.84375,-2456.9375,1600,178.3499985,166.9499969,116.8500023, 
23.08.2026 02:05:00,0, , , , , , , , , , , , , , , 
23.08.2026 02:06:00, ,665.8710938,88.78281403,53.25,60.45000076,56.64999962,0.534999996,0.4375,1279.5,-735.703125,-2327.0625,1597.5,178.3000031,166.8500061,116.9000015, 
23.08.2026 02:07:00,0.0546875, , , , , , , , , , , , , , , 
23.08.2026 02:08:00, ,666.5273438,88.87031555,53.14999962,60.29999924,56.54999924,0.545000017,0.435000002,1265.5,-767.109375,-2426.6875,1618,178.1000061,166.5999985,116.8500023, 
23.08.2026 02:10:00,0,666.0117188,88.80156326,52.89999962,60.35000038,56.60000038,0.558750004,0.438124999,1289.5,-803.015625,-2390.625,1648,177.75,166.6500015,118.2999992, 
23.08.2026 02:12:00,0.046875,666.3515625,88.84687805,52.94999886,60.70000076,56.54999924,0.543125004,0.418437496,1272.5,-747.9375,-2362.375,1505.5,177.9000015,166.9499969,116.6500015, 
23.08.2026 02:14:00, ,666.375,88.85000229,53.19999886,60.75,56.59999847,0.520312488,0.438437507,1278.5,-761.4609375,-2386.1875,1466,177.7000046,166.2999954,117.1500015, 
23.08.2026 02:15:00,0, , , , , , , , , , , , , , , 
23.08.2026 02:16:00, ,666.3632813,88.84843826,52.79999924,60.64999962,56.5,0.6015625,0.438749999,1286,-793.453125,-2416.1875,1622.5,177.75,166.2999954,118.7000008, 
23.08.2026 02:17:00,0.0546875, , , , , , , , , , , , , , , 
23.08.2026 02:18:00, ,666.5390625,88.87187576,53,61.04999924,56.45000076,0.484999999,0.4453125,1273.5,-779.953125,-2369.3125,1684.5,177.6999969,166.75,116.4500008, 
23.08.2026 02:19:00,0, , , , , , , , , , , , , , , 
23.08.2026 02:20:00, ,665.7773438,88.77031326,52.85000038,61.05000114,56.5,0.498749986,0.425625011,1295.5,-821.7421875,-2398.6875,1655,177.6500015,166.75,118.7000008, 
23.08.2026 02:21:00,0.046875, , , , , , , , , , , , , , , 
23.08.2026 02:22:00, ,666.3632813,88.84843826,53,61.25,56.55000114,0.540312499,0.444374993,1286,-811.3828125,-2294.25,1686,177.6500015,166.2999954,118.2000008, 
23.08.2026 02:24:00,0,665.8945313,88.78593826,53.04999924,61.25,56.64999962,0.514062494,0.4375,1268.5,-751.453125,-2411.625,1654.5,177.6999969,166.6500015,115.5, 
23.08.2026 02:26:00,0.046875,666.5859375,88.87812424,53.20000076,61.14999962,56.54999924,0.512500003,0.436250001,1280,-779.1796875,-2544.4375,1555,177.4000015,166.0999985,118.3000031, 
23.08.2026 02:28:00, ,665.9765625,88.796875,53.05000114,61.29999924,56.59999847,0.585312515,0.438437507,1269,-753.7265625,-2326.9375,1571,177.3499985,166.4499969,116.7000008, 
23.08.2026 02:29:00,0, , , , , , , , , , , , , , , 
23.08.2026 02:30:00, ,666.6679688,88.88906479,53.09999847,61.30000114,56.64999962,0.530937493,0.438124999,1273,-788.6953125,-2378.625,1546.5,177,166.6999969,116.8500023, 
23.08.2026 02:31:00,0.0546875, , , , , , , , , , , , , , , 
23.08.2026 02:32:00, ,666.3164063,88.84218979,53.10000038,61.29999924,56.69999886,0.569687515,0.431249991,1275,-737.4375,-2333.125,1600.5,176.8000031,166.0999985,118.0000038, 
23.08.2026 02:33:00,0, , , , , , , , , , , , , , , 
23.08.2026 02:34:00, ,666.1054688,88.81406403,52.95000076,61.25,56.59999847,0.555624992,0.432812497,1285,-749.3203125,-2471.875,1654.5,177,166.0500031,118.1000023, 
23.08.2026 02:35:00,0.046875, , , , , , , , , , , , , , , 
23.08.2026 02:36:00, ,665.8242188,88.77656174,53,61.25,56.85000038,0.499375001,0.418437496,1291,-786.609375,-2374.125,1672,176.6000061,166.4499969,119.3500023, 
23.08.2026 02:38:00,0,666.2695313,88.8359375,53.14999962,61.25,56.60000038,0.566562504,0.414374992,1254,-745.734375,-2348.8125,1609,176.5999985,165.8499985,115.2000008, 
23.08.2026 02:40:00,0.0546875,665.9648438,88.79531479,52.89999962,61,56.65000153,0.52562502,0.41906251,1294.5,-813.1171875,-2427.3125,1603.5,176.4000015,166.25,119.1500015, 
23.08.2026 02:42:00, ,666.375,88.85000229,53,60.90000153,56.70000076,0.540937513,0.420000002,1281,-780.5390625,-2382.0625,1561.5,176.6000061,165.9499969,118.2000008, 
23.08.2026 02:43:00,0, , , , , , , , , , , , , , , 
23.08.2026 02:44:00, ,666.1054688,88.81406403,53.14999962,60.5,56.75,0.501249999,0.435937494,1300,-775.2890625,-2504.875,1506.5,176.75,165.6500015,119.3000031, 
23.08.2026 02:45:00,0.046875, , , , , , , , , , , , , , , 
23.08.2026 02:46:00, ,665.7773438,88.77031326,52.95000076,60.35000038,56.75,0.537812501,0.415625006,1275.5,-789.2109375,-2384.6875,1535,176.75,165.9000015,117.6500015, 
23.08.2026 02:47:00,0, , , , , , , , , , , , , , , 
23.08.2026 02:48:00, ,666.6210938,88.8828125,53,60.35000038,56.80000114,0.501874998,0.456562504,1292.5,-752.484375,-2356.0625,1589,176.3499985,165.6500015,118.9000015, 
23.08.2026 02:49:00,0.046875, , , , , , , , , , , , , , , 
23.08.2026 02:50:00, ,665.9648438,88.79531097,52.85000038,60.39999962,56.95000076,0.549374998,0.439687505,1317,-522.3046875,-2222.875,1596,175.6999969,165.75,121.5, 
23.08.2026 02:52:00,0,666.0351563,88.8046875,53.04999924,60.54999924,56.80000114,0.587812513,0.457499996,1310.5,-350.7890625,-2127.25,1705.5,173.9500046,165.1000061,119.5, 
23.08.2026 02:54:00,0.0546875,666.140625,88.81875229,53.25,60.75,56.90000153,0.502812505,0.4375,1308,-329.7421875,-2085.25,1712,173.4000015,164.0500031,121.1500015, 
23.08.2026 02:56:00, ,672.8554688,89.71406174,53.14999962,60.85000038,56.90000153,0.535624996,0.467187494,1368,-414.84375,-2124.3125,1723.5,172.7000046,163.25,126.1000023, 
23.08.2026 02:58:00,0,679.6992188,90.62656403,53.29999924,60.80000114,56.90000153,0.480625018,0.50281249,1421,-397.1015625,-2318.0625,1845.5,172.25,162.9000015,132.0000076, 
23.08.2026 03:00:00,0.046875,680.2265625,90.69687653,53.45000076,61.25,57.14999962,0.505937517,0.494062498,1382,-204.6796875,-2089.3125,1953.5,171.8499985,162.6999969,129.2000046, 
23.08.2026 03:02:00,0.0546875,679.8164063,90.64218903,53.39999962,61.29999924,56.80000114,0.441562504,0.476249993,1368.5,-159.9375,-2190.1875,1863,170.7000046,162.8000031,127.3500023, 
23.08.2026 03:04:00, ,679.9335938,90.65781403,53.44999886,61.54999924,56.95000076,0.488437504,0.468437508,1380,-238.7578125,-1989.4375,2038,166,161.5499954,128.8500061, 
23.08.2026 03:05:00,0, , , , , , , , , , , , , , , 
23.08.2026 03:06:00, ,679.921875,90.65625,53.79999924,61.5,57.04999924,0.465625003,0.464062512,1372,-315.28125,-2213.375,1833,161.4000015,158.7999954,128.1000061, 
23.08.2026 03:07:00,0.046875, , , , , , , , , , , , , , , 
23.08.2026 03:08:00, ,679.9335938,90.65781403,53.69999886,61.65000153,57.14999962,0.430312499,0.495312497,1390.5,-393.7265625,-2244.4375,1807.5,158.5999985,155.75,129.3500061, 
23.08.2026 03:10:00, ,679.171875,90.55625153,53.90000153,61.90000153,57,0.46312499,0.4375,1381,-326.625,-2181.5,2093,157.1000061,153.6000061,131.8000031, 
23.08.2026 03:11:00,0, , , , , , , , , , , , , , , 
23.08.2026 03:12:00, ,679.8398438,90.64531326,54.04999924,61.85000038,57.14999962,0.48999998,0.445625007,1406.5,-491.90625,-2395.375,1637.5,154.9000015,150.5999985,131.1500015, 
23.08.2026 03:13:00,0.046875, , , , , , , , , , , , , , , 
23.08.2026 03:14:00, ,679.6523438,90.62031174,54.04999924,61.85000038,57.40000153,0.51781249,0.493750006,1427.5,-318.140625,-2179.875,1840.5,154.75,148.8000031,132.9000015, 
23.08.2026 03:15:00,0.0546875, , , , , , , , , , , , , , , 
23.08.2026 03:16:00, ,679.9335938,90.65781403,54.10000038,61.95000076,57.20000076,0.438437507,0.467500001,1433,-543.3046875,-2264.3125,1770,153.8499985,147.2999954,134.6500092, 
23.08.2026 03:18:00, ,680.1796875,90.69062805,54.20000076,62.20000076,57.20000076,0.421875,0.488750011,1406,-371.765625,-2174.125,1613,152.8000031,146.3999939,131, 
23.08.2026 03:19:00,0, , , , , , , , , , , , , , , 
23.08.2026 03:20:00, ,680.0625,90.67499924,54.45000076,61.85000038,57.25,0.457500011,0.477812499,1425.5,-431.8828125,-2273.0625,1717,152.0999985,144.1500015,133.7000046, 
23.08.2026 03:21:00,0.046875, , , , , , , , , , , , , , , 
23.08.2026 03:22:00, ,679.7226563,90.62968826,54.30000114,61.80000114,57.10000038,0.445937499,0.479687497,1403.5,-381.421875,-2075.75,1607.5,153.8499985,143.5,130.0999985, 
23.08.2026 03:23:00,0.0546875, , , , , , , , , , , , , , , 
23.08.2026 03:24:00, ,680.1445313,90.68593979,54.35000038,61.80000114,57.09999847,0.477187499,0.491874993,1396.5,-337.359375,-2048.5,1739.5,154.3499985,143.25,130.0500031, 
23.08.2026 03:26:00, ,679.3359375,90.578125,54.20000076,61.64999962,57.14999962,0.436875001,0.444687501,1416,-457.078125,-2141.375,1932,154.25,143.0500031,132.4500046, 
23.08.2026 03:27:00,0, , , , , , , , , , , , , , , 
23.08.2026 03:28:00, ,679.6171875,90.61562347,54.5,61.59999847,57.25,0.402499989,0.452500001,1434.5,-392.6484375,-2025.4375,1594,154,142.7999954,132.8000031, 
23.08.2026 03:29:00,0.046875, , , , , , , , , , , , , , , 
23.08.2026 03:30:00, ,679.4882813,90.59843826,54.60000038,61.85000038,57.10000038,0.477499992,0.477187499,1419.5,-246.84375,-2066.5,1778,152.5,142.0999985,133.2000046, 
23.08.2026 03:31:00,0, , , , , , , , , , , , , , , 
23.08.2026 03:32:00, ,679.9335938,90.65781403,54.45000076,61.80000114,57.20000076,0.463437498,0.504999995,1401.5,-223.5234375,-2031.9375,1768,150.5499954,141.0999985,129.9000015, 
23.08.2026 03:33:00,0.046875, , , , , , , , , , , , , , , 
23.08.2026 03:34:00, ,679.78125,90.63750076,54.25,61.79999924,57.04999924,0.459687501,0.475625008,1394,-282.1640625,-2100,1691.5,150.2000046,139.8000031,130.3000031, 
23.08.2026 03:35:00,0, , , , , , , , , , , , , , , 
23.08.2026 03:36:00, ,679.5,90.60000229,54.75,62.19999886,57.25,0.458437502,0.489062503,1413,-324.375,-1961.875,1733.5,151.1000061,139.0999985,131.9000015, 
23.08.2026 03:37:00,0.0546875, , , , , , , , , , , , , , , 
23.08.2026 03:38:00, ,679.7460938,90.6328125,54.5,62.29999924,57.19999886,0.431250006,0.476249993,1409.5,-368.7421875,-2131.4375,1757.5,152.4499969,139.5499954,131.0000076, 
23.08.2026 03:39:00,0, , , , , , , , , , , , , , , 
23.08.2026 03:40:00, ,680.0859375,90.67812347,54.64999962,62.75,57.25,0.482812479,0.498750001,1390.5,-313.5,-2070.875,1664.5,153.3499985,139.75,129.2000046, 
23.08.2026 03:41:00,0.046875, , , , , , , , , , , , , , , 
23.08.2026 03:42:00, ,679.734375,90.63124847,54.75,62.89999962,57.25,0.475312486,0.496249989,1392.5,-258.984375,-1982.75,1781.5,154.25,140.0499954,129.2000046, 
23.08.2026 03:44:00,0,680.2382813,90.69843674,54.60000038,63.35000038,57.25,0.451562494,0.504062504,1378.5,-257.4140625,-2116.25,1789.5,156.1999969,141.3500061,128.6000061, 
23.08.2026 03:45:00, , , , , , , , , , , , , , , , 
23.08.2026 03:46:00,0.0546875,679.9453125,90.65937805,54.70000076,63.59999847,57.29999924,0.398750007,0.46875,1395,-277.03125,-2273.125,1673,156.3000031,141.8000031,130.3000031, 
23.08.2026 03:48:00,0,680.3554688,90.71406555,54.40000153,64,57.35000038,0.425937489,0.455624998,1369,-246.3515625,-1929.875,1791,157.3000031,142.4500046,127.7000046, 
23.08.2026 03:50:00,0.046875,679.6875,90.625,54.35000038,64.30000305,57.25,0.436875001,0.459062502,1380.5,-295.640625,-2121,1737.5,157.8499985,142.9499969,129.2000046, 
23.08.2026 03:52:00,0,680.1445313,90.68593597,54.40000153,64.5,57.35000038,0.474687502,0.495312497,1387,-181.3359375,-2045,1898.5,157.8499985,143.5500031,131.0000076, 
23.08.2026 03:54:00,0.046875,679.5703125,90.609375,54.54999924,64.40000153,57.30000114,0.439999998,0.460312501,1373,-152.390625,-2016.4375,1787.5,158.1000061,143.3499985,127.4000053, 
23.08.2026 03:56:00, ,680.1914063,90.69218826,54.39999962,64.44999695,57.35000038,0.454999998,0.495000005,1367,-153.9140625,-1902.8125,1873.5,158.2999954,143.25,127.6000023, 
23.08.2026 03:57:00,0, , , , , , , , , , , , , , , 
23.08.2026 03:58:00, ,679.6054688,90.61406326,54.40000153,64.55000305,57.35000038,0.43531251,0.474374995,1386.5,-194.2265625,-2100.9375,1714.5,158.3499985,143.4000015,130.0500031, 
23.08.2026 03:59:00,0.0546875, , , , , , , , , , , , , , , 
23.08.2026 04:00:00, ,679.8632813,90.6484375,54.55000114,64.45000076,57.35000038,0.456562504,0.488124996,1374,-181.8046875,-1973,1674,158.8000031,144,127.9500046, 
23.08.2026 04:01:00,0, , , , , , , , , , , , , , , 
23.08.2026 04:02:00, ,680.2148438,90.6953125,54.54999924,64.75,57.29999924,0.458749995,0.5078125,1371,-225.84375,-1942,1770,158.8499985,143.6999969,126.9500008, 
23.08.2026 04:03:00,0.046875, , , , , , , , , , , , , , , 
23.08.2026 04:04:00, ,679.7929688,90.63906097,54.35000038,65.04999924,57.25,0.474374995,0.48656252,1386,-250.921875,-1880.625,1621.5,159.4000015,143.8000031,129.9000015, 
23.08.2026 04:05:00,0, , , , , , , , , , , , , , , 
23.08.2026 04:06:00, ,679.9570313,90.66093826,54.35000038,65,57.29999924,0.473124996,0.469062492,1375,-243.984375,-2001.375,1689,159.3500061,144.1499939,127.4000015, 
23.08.2026 04:07:00,0.0546875, , , , , , , , , , , , , , , 
23.08.2026 04:08:00, ,679.3710938,90.58281326,54.25,64.95000076,57.25,0.444687501,0.473124996,1389.5,-210.234375,-2009.875,1645.5,159.4500046,143.8999939,128.9500008, 
23.08.2026 04:10:00,0,679.8632813,90.6484375,54.39999962,65.04999924,57.05000114,0.459374994,0.482812494,1385,-358.453125,-2021.875,1928.5,159.8999939,144.0999985,128.8499985, 
23.08.2026 04:12:00,0.046875,678.9140625,90.52187347,54.40000153,64.80000305,57.29999924,0.448125005,0.479375005,1388,-291.9375,-1915.75,1990,159.8000031,144.3000031,130.1000061, 
23.08.2026 04:14:00,0,679.5585938,90.60781479,54.44999886,65,57.30000114,0.45093751,0.488750011,1366.5,-178.0078125,-1878.125,1675.5,160.1999969,144.5,127.2500038, 
23.08.2026 04:15:00, , , , , , , , , , , , , , , , 
23.08.2026 04:16:00,0.046875,679.1367188,90.55156326,54.25,65.29999924,57.10000038,0.430312499,0.490624994,1378.5,-196.5234375,-2098.125,1733,160.75,144.5500031,128.2000046, 
23.08.2026 04:18:00,0,679.5585938,90.60781479,54.39999962,65.14999771,57.14999962,0.456562489,0.504374996,1380.5,-277.171875,-1960.375,1710,160.6999969,144.5,128.4000015, 
23.08.2026 04:20:00,0.0546875,679.6757813,90.62343979,54.19999886,64.79999924,57.25,0.4921875,0.496250004,1367,-244.2890625,-2048.4375,1670.5,160.4000015,144.9499969,128.6500015, 
23.08.2026 04:22:00, ,679.7929688,90.63906479,54.29999924,64.75,57.14999962,0.428124994,0.479999989,1378,-191.6484375,-2031.875,1798,160.6500015,145.25,128.8500061, 
23.08.2026 04:23:00,0, , , , , , , , , , , , , , , 
23.08.2026 04:24:00, ,678.9375,90.52500153,54.19999886,65,57.39999962,0.424999997,0.469374999,1404.5,-382.0546875,-2057.125,1799.5,161,144.6500015,131.2000046, 
23.08.2026 04:25:00,0.046875, , , , , , , , , , , , , , , 
23.08.2026 04:26:00, ,679.9453125,90.65937424,54.14999962,65,57.29999924,0.447500005,0.490937501,1398,-224.2734375,-2112.0625,1741,160.75,145.3000031,129.9500046, 
23.08.2026 04:28:00,0,680.015625,90.66875076,54.14999962,64.95000076,57.39999962,0.432187498,0.495000005,1374.5,-229.7578125,-1986.9375,1738,160.8499985,145.1500015,127.9500046, 
23.08.2026 04:30:00,0.0546875,679.265625,90.56875229,54.04999924,65.29999924,57.5,0.457812488,0.475937501,1423,-195.796875,-1978.5625,1786.5,160.5999985,145.0999985,132.3000031, 
23.08.2026 04:32:00,0.046875,679.7578125,90.63437653,54.14999962,65.04999924,57.20000076,0.459375009,0.489999995,1382.5,-208.921875,-1959.0625,1813,161.4500046,145.0999985,129.4000092, 
23.08.2026 04:34:00, ,679.9570313,90.66093826,54.14999962,65.04999924,57.19999886,0.463125005,0.471250013,1393,-308.484375,-2165.3125,1717.5,163.6500015,145.5999985,129.3000031, 
23.08.2026 04:36:00,0,679.3007813,90.57344055,54.30000114,65.09999847,57.45000076,0.458437502,0.4609375,1387.5,-266.390625,-2077.75,1811.5,166.6999969,146.9500046,129.2500038, 
23.08.2026 04:38:00,0.046875,679.640625,90.61875153,54.14999962,65.04999924,57.25,0.4140625,0.475312501,1386.5,-242.484375,-1973.5,1655.5,163.0500031,147.75,129.3499985, 
23.08.2026 04:40:00,0,679.6875,90.625,54.19999886,65.40000153,57.10000038,0.435312495,0.480000004,1387,-308.015625,-1981.25,1703.5,160.5999985,146.2000046,129.4000015, 
23.08.2026 04:42:00,0.0546875,680.0273438,90.67031097,54.29999924,65.19999695,57.29999924,0.472187504,0.474999994,1371.5,-205.3828125,-2000.75,1631,162.1500015,145.75,128.2000046, 
23.08.2026 04:44:00,0,679.4882813,90.59843826,54.35000038,65.15000153,57.40000153,0.399687499,0.460312501,1410.5,-399.2578125,-2082.8125,1734,162.5999985,146.1000061,131.3500061, 
23.08.2026 04:45:00, , , , , , , , , , , , , , , , 
23.08.2026 04:46:00,0.046875,679.875,90.65000153,54.20000076,65.29999924,57.30000114,0.474062502,0.492499992,1363.5,-283.59375,-1986.6875,1827.5,165.3500061,146.5999985,128.5000076, 
23.08.2026 04:48:00, ,679.2890625,90.57187653,54.25,65.19999695,57.25,0.420312494,0.459687501,1384.5,-232.78125,-2014.8125,1785,164.1500015,147.7000046,129.3499985, 
23.08.2026 04:49:00,0, , , , , , , , , , , , , , , 
23.08.2026 04:50:00, ,679.6523438,90.62031174,54.25,64.95000076,57.25,0.467187494,0.474999994,1371,-189.6796875,-1994.5,1673.5,162.25,147.3499985,129.3000069, 
23.08.2026 04:51:00,0.0546875, , , , , , , , , , , , , , , 
23.08.2026 04:52:00, ,679.8046875,90.640625,54.35000038,64.79999924,57.20000076,0.457812503,0.473437503,1353.5,-147.7265625,-1991.125,1752,162.1000061,147.0500031,127.6500053, 
23.08.2026 04:53:00,0, , , , , , , , , , , , , , , 
23.08.2026 04:54:00, ,679.3945313,90.5859375,54.25,64.75,57.25,0.427187502,0.480000004,1376,-250.640625,-2063.3125,1713,162,146.9000015,128.1999969, 
23.08.2026 04:55:00,0.046875, , , , , , , , , , , , , , , 
23.08.2026 04:56:00, ,679.4648438,90.59531403,54.14999962,64.64999771,57.29999924,0.437812492,0.469062507,1366,-199.921875,-2029.0625,1767,162.3499985,146.9500046,127.5499992, 
23.08.2026 04:57:00,0, , , , , , , , , , , , , , , 
23.08.2026 04:58:00, ,679.6640625,90.62187576,54.10000038,64.55000305,57.39999962,0.463437513,0.480312496,1374.5,-202.1015625,-2039,1840,162,146.9499969,128.4000015, 
23.08.2026 04:59:00,0.046875, , , , , , , , , , , , , , , 
23.08.2026 05:00:00, ,679.3828125,90.58437729,54.14999962,64.30000305,57.39999962,0.493437499,0.484375,1369,-214.4765625,-1973.4375,1836,161.7000046,146.8499985,127.7000046, 
23.08.2026 05:02:00,0,679.2421875,90.56562424,54.19999886,64.5,57.35000038,0.463437513,0.496249989,1383.5,-223.359375,-1920.5625,1807,161.9000015,146.6500015,128.9000053, 
23.08.2026 05:04:00,0.0546875,680.0039063,90.66718674,54.10000038,64.5,57.29999924,0.464999989,0.478437498,1354.5,-205.359375,-1930.75,1744.5,161.75,146.3000031,125.9500008, 
23.08.2026 05:06:00,0,679.8046875,90.640625,54,64.59999847,57.25,0.467500001,0.460624993,1397,-242.2265625,-1960.0625,1677,162.6500015,146.7999954,129.3499985, 
23.08.2026 05:08:00,0.046875,679.6289063,90.6171875,53.85000038,64.75,57.30000114,0.479062498,0.491562486,1372.5,-207.984375,-1956.375,1718.5,163.0500031,146.5999985,128, 
23.08.2026 05:10:00, ,679.6054688,90.61406326,54.10000038,64.79999924,57.19999886,0.444374993,0.482187495,1361.5,-294.09375,-1996.125,1682,162.5999985,147.1500015,126.7500038, 
23.08.2026 05:11:00,0, , , , , , , , , , , , , , , 
23.08.2026 05:12:00, ,679.7929688,90.63906479,54.09999847,64.84999847,57.25,0.412812501,0.483437493,1360.5,-252.046875,-2065.875,1780.5,161.75,146.75,127.5000038, 
23.08.2026 05:13:00,0.0546875, , , , , , , , , , , , , , , 
23.08.2026 05:14:00, ,679.4882813,90.59843826,54.14999962,64.90000153,57.19999886,0.429062501,0.474062487,1389.5,-219.4921875,-1902.75,1918.5,160.9499969,146.5,129.4500046, 
23.08.2026 05:15:00,0, , , , , , , , , , , , , , , 
23.08.2026 05:16:00, ,679.9335938,90.65781403,53.94999886,64.84999847,57.25,0.487812504,0.486874998,1364,-290.0390625,-2051.5625,1649,160.2999954,145.7000046,127.8000069, 
23.08.2026 05:17:00,0.046875, , , , , , , , , , , , , , , 
23.08.2026 05:18:00, ,679.6757813,90.62343979,53.94999886,64.75,57.19999886,0.411562502,0.470624998,1373.5,-248.578125,-2118.375,1703.5,160.2999954,145.25,128.6500053, 
23.08.2026 05:19:00,0, , , , , , , , , , , , , , , 
23.08.2026 05:20:00, ,679.2421875,90.56562424,53.94999886,64.69999695,57.14999962,0.446562499,0.495625019,1397,-275.34375,-2089.3125,1808.5,160.3000031,145.1500015,130.0500031, 
23.08.2026 05:21:00,0.046875, , , , , , , , , , , , , , , 
23.08.2026 05:22:00, ,679.6171875,90.61562729,53.94999886,64.64999771,57.20000076,0.496562496,0.516562507,1390.5,-255.609375,-2047.8125,1857.5,160.4500046,145.1499939,129, 
23.08.2026 05:24:00,0,680.4140625,90.72187805,54,64.54999924,57.04999924,0.431562513,0.490625009,1360.5,-202.5234375,-1911.4375,1729.5,160.5,145.3000031,127.4000053, 
23.08.2026 05:26:00,0.0546875,679.1953125,90.55937576,54,64.70000076,57.10000038,0.435625002,0.483437508,1376,-275.4609375,-2000.5,1779,160.75,145.4500046,127.8000031, 
23.08.2026 05:28:00,0,679.7109375,90.62812424,54.14999962,65,57.19999886,0.450625002,0.472812504,1395,-268.78125,-2151.5,1828,161,145.5999985,129.0500031, 
23.08.2026 05:30:00,0.046875,679.8515625,90.64687347,54,64.90000153,57.25,0.446562499,0.474062502,1374,-234.796875,-2006.125,1735,160.8499985,145.3500061,127.5000038, 
23.08.2026 05:32:00,0,679.9804688,90.6640625,54.14999962,65.20000076,57.09999847,0.420312494,0.474999994,1394,-234.84375,-2001.6875,1728,160.5,145.5,129.8500061, 
23.08.2026 05:34:00,0.0546875,679.6992188,90.62656403,54,64.90000153,57.19999886,0.434062511,0.482812494,1382,-311.4375,-1902.1875,1896.5,160.5,145.1500015,128.8000031, 
23.08.2026 05:36:00, ,679.59375,90.61250305,53.90000153,64.59999847,57.20000076,0.433124989,0.486250013,1375,-280.546875,-1955,1583,160.3000031,146,128.5, 
23.08.2026 05:37:00,0, , , , , , , , , , , , , , , 
23.08.2026 05:38:00, ,679.7226563,90.62968826,53.95000076,64.95000076,57.10000038,0.478437498,0.494687498,1374.5,-191.671875,-1975.1875,1764,161.3499985,145.9499969,127.8000031, 
23.08.2026 05:39:00,0.046875, , , , , , , , , , , , , , , 
23.08.2026 05:40:00, ,679.1015625,90.546875,53.89999962,65.14999771,57.10000038,0.477500007,0.467187494,1400,-323.015625,-2027.5,1867,161.75,145.9000015,130.3000031, 
23.08.2026 05:42:00,0,679.6640625,90.62187576,54,64.89999771,57.10000038,0.483750001,0.474999994,1389,-272.34375,-2012.9375,1816.5,161.9499969,146.1500015,129.5999985, 
23.08.2026 05:44:00,0.046875,679.9453125,90.65937424,54.04999924,64.54999924,57.25,0.471249998,0.479999989,1354,-308.9765625,-1921.4375,1725.5,161.5999985,146.2999954,127.1500015, 
23.08.2026 05:45:00, , , , , , , , , , , , , , , , 
23.08.2026 05:46:00,0.0546875,679.9570313,90.66093826,53.95000076,64.59999847,57.14999962,0.444374993,0.470625013,1356.5,-281.9765625,-2084.0625,1686.5,160.2999954,145.75,126.7000046, 
23.08.2026 05:48:00, ,692.8359375,92.37812424,53.90000153,64.85000229,57,0.422812492,0.508125007,1494.5,-348.890625,-2231.1875,1824.5,159.5500031,144.9499969,140.5999985, 
23.08.2026 05:50:00,0,692.8710938,92.3828125,53.90000153,64.95000076,57.14999962,0.404687494,0.520000011,1493,-322.4296875,-2235.8125,1746,159.5500031,144.6500015,138.3000031, 
23.08.2026 05:52:00,0.046875,694.3476563,92.57968903,54.09999847,65.04999924,57.10000038,0.41968751,0.504062504,1445,-217.40625,-1890,1879.5,160.3499985,144.5500031,135.2000046, 
23.08.2026 05:54:00,0,693.4453125,92.45937729,54.35000038,65.20000076,57.14999962,0.439687505,0.526562512,1487.5,-382.078125,-2246.75,1908.5,160.75,144.9499969,138.3500061, 
23.08.2026 05:56:00,0.0546875,693.8554688,92.51406479,54.45000076,65.09999847,56.94999886,0.424062505,0.503749996,1471.5,-337.640625,-2199.3125,1818.5,161.25,145.0499954,137.0000076, 
23.08.2026 05:58:00,0,693.7851563,92.50468826,54.39999962,65.19999695,56.95000076,0.430312499,0.50562501,1495.5,-423.515625,-2166.75,1789.5,161.8499985,145.25,139.9500046, 
23.08.2026 06:00:00,0.046875,694.2890625,92.57187653,54.5,65.04999924,56.95000076,0.424999997,0.512187511,1481.5,-344.8828125,-2213.5,1904,161.7000046,145.4500046,138.8499985, 
23.08.2026 06:02:00,0,693.8671875,92.515625,54.35000038,65.35000229,57.10000038,0.42687501,0.512812495,1476,-296.90625,-2097.8125,1799,161.75,145.25,137.3500061, 
23.08.2026 06:04:00,0.046875,693.75,92.5,54.55000114,65.30000305,57.04999924,0.434999987,0.510625005,1461,-280.359375,-2070.0625,1771.5,161.7000046,145.75,136.5, 
23.08.2026 06:06:00,0,693.65625,92.48750305,54.45000076,65.40000153,57.20000076,0.426874995,0.52906251,1464,-359.765625,-2127.1875,1896.5,161.8500061,145.9499969,137.0500031, 
23.08.2026 06:08:00,0.0546875,693.375,92.45000076,54.59999847,65.29999924,57.04999924,0.40625,0.492500007,1485.5,-376.828125,-2099.8125,1807.5,162.1500015,145.9500046,139.3000031, 
23.08.2026 06:10:00,0,693.7265625,92.49687576,54.44999886,65.09999847,57.04999924,0.380624995,0.482187495,1468,-382.171875,-2122.25,1841.5,161.8000031,145.9500046,137.0500031, 
23.08.2026 06:12:00,0.046875,694.1484375,92.55312729,54.54999924,65.25,57.10000038,0.427812502,0.500312507,1472,-326.296875,-2084.25,1860.5,161.0999985,145.75,137.4000015, 
23.08.2026 06:14:00, ,693.9140625,92.52187347,54.5,65.09999847,57.09999847,0.41624999,0.52562499,1499,-280.6875,-2203.5,1797,161.1000061,145.3000031,138.4000092, 
23.08.2026 06:15:00,0, , , , , , , , , , , , , , , 
23.08.2026 06:16:00, ,693.8320313,92.51093674,54.64999962,65.04999924,57.30000114,0.459687501,0.553437501,1469,-267.515625,-2017.5,1888.5,161.0500031,145.3499985,137.6000061, 
23.08.2026 06:17:00,0.0546875, , , , , , , , , , , , , , , 
23.08.2026 06:18:00, ,694.5703125,92.609375,54.75,65.20000076,57.40000153,0.409687504,0.511249989,1452,-297.2578125,-2217.6875,1768.5,161.3000031,145.5,136.6000061, 
23.08.2026 06:19:00,0.046875, , , , , , , , , , , , , , , 
23.08.2026 06:20:00, ,693.4570313,92.4609375,54.54999924,65.19999695,57.54999924,0.416562498,0.515937477,1498,-400.1484375,-2127.8125,1875.5,161,145.4499969,140.0500031, 
23.08.2026 06:22:00, ,694.6875,92.625,54.5,65.5,57.5,0.432500005,0.512499988,1458,-322.640625,-1878.25,1773,160.8000031,145.1999969,135.6999969, 
23.08.2026 06:23:00,0, , , , , , , , , , , , , , , 
23.08.2026 06:24:00, ,694.6757813,92.62343597,54.5,65.25,57.35000038,0.419375002,0.518124998,1444,-361.6640625,-2096.25,1747,159.9499969,145,135.5999985, 
23.08.2026 06:25:00,0.046875, , , , , , , , , , , , , , , 
23.08.2026 06:26:00, ,693.703125,92.49375153,54.59999847,65.75,57.45000076,0.469999999,0.526562482,1489,-323.671875,-2222.75,1829.5,159.4499969,144.6499939,139, 
23.08.2026 06:27:00,0.0546875, , , , , , , , , , , , , , , 
23.08.2026 06:28:00, ,693.9492188,92.52656555,54.64999962,65.85000229,57.45000076,0.445937499,0.512187511,1481,-246.328125,-2235.75,1856,158.9499969,144.4499969,138.1000061, 
23.08.2026 06:30:00,0,694.2773438,92.5703125,54.70000076,66.09999847,57.39999962,0.435937509,0.524062514,1466.5,-253.921875,-2191,1758,158.6999969,144.3499985,136.9500046, 
23.08.2026 06:32:00,0.046875,693.6328125,92.484375,54.60000038,65.95000076,57.40000153,0.439062491,0.521874994,1469,-273.984375,-2089.9375,1804.5,159.25,143.9499969,138.4000015, 
23.08.2026 06:34:00,0,693.7265625,92.49687576,54.59999847,65.89999771,57.45000076,0.43187499,0.511875004,1465,-285.4921875,-2184.1875,1835.5,159.5,143.8499985,136.6000061, 
23.08.2026 06:36:00,0.0546875,694.21875,92.5625,54.79999924,65.85000229,57.45000076,0.407812491,0.518749997,1469,-377.671875,-2066.8125,1798,159.9500046,144.4000015,138.1000061, 
23.08.2026 06:38:00, ,694.453125,92.59375,54.89999962,65.75,57.35000038,0.377499998,0.504687503,1452,-303.65625,-2151.3125,1764.5,160.1000061,144.8000031,135.9000015, 
23.08.2026 06:39:00,0, , , , , , , , , , , , , , , 
23.08.2026 06:40:00, ,694.6054688,92.61406326,54.85000038,65.95000076,57.40000153,0.421250001,0.521874994,1443.5,-276.65625,-2159.4375,1855.5,160.5500031,144.75,135.1999969, 
23.08.2026 06:41:00,0.046875, , , , , , , , , , , , , , , 
23.08.2026 06:42:00, ,694.125,92.55000305,54.75,66,57.35000038,0.429374993,0.537812501,1461,-239.34375,-1976.125,1777,160,144.8500061,135.3000031, 
23.08.2026 06:43:00,0, , , , , , , , , , , , , , , 
23.08.2026 06:44:00, ,694.0429688,92.5390625,54.79999924,65.85000229,57.40000153,0.430624992,0.524062485,1461,-337.9453125,-2099.1875,1758,159.7999954,144.7000046,136.1999969, 
23.08.2026 06:45:00,0.046875, , , , , , , , , , , , , , , 
23.08.2026 06:46:00, ,693.8320313,92.51094055,54.89999962,65.95000076,57.45000076,0.413750008,0.541874975,1463.5,-386.1796875,-2087,1722.5,160.0999985,144.8499985,136, 
23.08.2026 06:47:00,0, , , , , , , , , , , , , , , 
23.08.2026 06:48:00, ,693.9023438,92.52031326,54.75,65.70000076,57.5,0.431875005,0.528125018,1454.5,-223.6171875,-1955.4375,1862.5,160.5499954,144.4500046,135.9000015, 
23.08.2026 06:49:00,0.0546875, , , , , , , , , , , , , , , 
23.08.2026 06:50:00, ,693.65625,92.48750305,54.79999924,65.59999847,57.59999847,0.463750005,0.519375026,1496,-305.953125,-2276.25,2029,160.3999939,144.6000061,139.3000031, 
23.08.2026 06:51:00,0, , , , , , , , , , , , , , , 
23.08.2026 06:52:00, ,694.1484375,92.55312347,54.75,65.29999924,57.69999886,0.437812507,0.540312499,1475,-265.2421875,-2045,1737.5,160.4499969,144.7999954,138.1000061, 
23.08.2026 06:53:00,0.046875, , , , , , , , , , , , , , , 
23.08.2026 06:54:00, ,693.7851563,92.50468826,54.90000153,65.20000076,57.54999924,0.398749992,0.519062489,1460,-354.6328125,-2211.875,1901,160.75,145.0500031,136.7000046, 
23.08.2026 06:55:00,0, , , , , , , , , , , , , , , 
23.08.2026 06:56:00, ,694.0429688,92.5390625,54.94999886,65.25,57.69999886,0.447812498,0.542187482,1467,-325.6875,-2170.8125,1843,161.4500046,144.8499985,137.7500076, 
23.08.2026 06:57:00,0.0546875, , , , , , , , , , , , , , , 
23.08.2026 06:58:00, ,693.6679688,92.48906326,54.89999962,64.94999695,57.54999924,0.420312509,0.528437495,1484,-331.7578125,-2210.375,1795,162.3499985,145.25,138.8500061, 
23.08.2026 06:59:00,0, , , , , , , , , , , , , , , 
23.08.2026 07:00:00, ,693.9726563,92.52968597,54.85000038,64.90000153,57.45000076,0.420937508,0.494687498,1471,-240.75,-2008,1631.5,162.1999969,145.8499985,137.1500015, 
23.08.2026 07:01:00,0.046875, , , , , , , , , , , , , , , 
23.08.2026 07:02:00, ,693.609375,92.48125076,54.90000153,65.09999847,57.54999924,0.439687505,0.52906251,1469.5,-289.1484375,-2077.75,1813.5,161.5999985,145.8000031,137.5500031, 
23.08.2026 07:04:00,0,693.28125,92.4375,54.85000038,65.04999924,57.54999924,0.445000008,0.530937493,1499.5,-339.234375,-1991.5625,1770.5,161.6500015,145.6500015,139.6000061, 
23.08.2026 07:06:00,0.046875,694.3945313,92.5859375,54.95000076,65.40000153,57.54999924,0.40062499,0.537499994,1479.5,-320.671875,-2213.1875,1788,162.25,146,138, 
23.08.2026 07:08:00,0.0546875,693.65625,92.48749924,54.95000076,65.45000076,57.54999924,0.43468751,0.50562501,1489,-360.1875,-2122.125,1900,162.4000015,146.1500015,138.8000031, 
23.08.2026 07:10:00, ,693.8554688,92.51406479,54.85000038,65.40000153,57.54999924,0.409062505,0.512187511,1454.5,-322.546875,-2078.375,1788.5,162.25,145.9000015,135.7000046, 
23.08.2026 07:11:00,0, , , , , , , , , , , , , , , 
23.08.2026 07:12:00, ,693.890625,92.51874924,55.10000038,65.34999847,57.59999847,0.452500001,0.515625015,1463.5,-355.9453125,-2197.25,1756.5,162.5499954,146.1500015,136.5999985, 
23.08.2026 07:13:00,0.046875, , , , , , , , , , , , , , , 
23.08.2026 07:14:00, ,693.84375,92.51250076,55.09999847,65.29999924,57.5,0.440937504,0.514375001,1475,-307.9453125,-2105.6875,1823.5,162.3500061,146.2999954,137.4500046, 
23.08.2026 07:15:00,0, , , , , , , , , , , , , , , 
23.08.2026 07:16:00, ,694.7226563,92.62968826,55.04999924,65.35000229,57.54999924,0.435000002,0.529375017,1434.5,-167.8828125,-2030.25,1873,161.9499969,146.3499985,134.1500015, 
23.08.2026 07:17:00,0.0546875, , , , , , , , , , , , , , , 
23.08.2026 07:18:00, ,693.09375,92.41249847,54.90000153,65.40000153,57.59999847,0.409375012,0.539375007,1504,-304.03125,-2240.625,1769,161.8999939,146.3000031,140.3000031, 
23.08.2026 07:19:00,0, , , , , , , , , , , , , , , 
23.08.2026 07:20:00, ,694.734375,92.63125229,55.20000076,65.09999847,57.44999886,0.415000007,0.540625006,1456.5,-243.5859375,-2035.875,1868.5,161.3499985,145.8499985,135.8000031, 
23.08.2026 07:21:00,0.046875, , , , , , , , , , , , , , , 
23.08.2026 07:22:00, ,694.1484375,92.55312729,55.14999962,65.14999771,57.44999886,0.41125001,0.535312504,1473.5,-277.6875,-2061.625,1860.5,161.3499985,146,137.3000031, 
23.08.2026 07:23:00,0, , , , , , , , , , , , , , , 
23.08.2026 07:24:00, ,694.3007813,92.57344055,55.04999924,65.19999695,57.64999962,0.442187488,0.533124983,1454.5,-324.4453125,-2126.875,1778.5,161.6499939,146.25,135.3500061, 
23.08.2026 07:25:00,0.046875, , , , , , , , , , , , , , , 
23.08.2026 07:26:00, ,693.6328125,92.484375,55,65.5,57.5,0.426250011,0.541875005,1512,-280.640625,-2058.5,1804,162.1999969,146.1000061,139.4000092, 
23.08.2026 07:28:00,0,694.3125,92.57500076,55,65.54999924,57.60000038,0.446562514,0.524375007,1446.5,-128.203125,-2101,1751.5,162.2000046,146.1500015,133.6000061, 
23.08.2026 07:30:00,0.0546875,693.984375,92.53125,55.20000076,65.80000305,57.45000076,0.417812496,0.518749982,1474.5,-304.8984375,-2128.1875,1773,162.8000031,146.4500046,136, 
