ts_iso,ts_ms,run_id,replicate,experiment_elapsed_s,experiment_phase,selected_fault_code,selected_fault_severity,asset_id,schema_version,model_version,sequence_id,sequence_gap,stream_status,synchronisation_status,control_mode,operating_mode,speed_command_pct,target_rpm,actual_rpm,speed_error_rpm,process_heat_load_w,effective_process_heat_load_w,mechanical_load,effective_mechanical_load,ambient_temperature_c,temperature_c,current_a,current_multiplier,vibration_g,vibration_offset_g,power_w,energy_wh,cooling_rate_c_per_s,cooling_efficiency,thermal_resistance_c_per_w,legacy_thermal_eff_index,co2_g,health_overall,health_status,embedded_fault_code,embedded_fault_class_id,embedded_fault_binary_label,embedded_fault_label,embedded_fault_severity,embedded_fault_active,anomaly,ai_fault_code,ai_fault_label,ai_confidence,ai_severity,accepted_commands,rejected_commands
2026-08-19T19:34:29.818Z,1787168069818,FAN_DT_001_F4_S03_R01_20260819T193429,1,0.302,BASELINE,F4,0.3,FAN_DT_001,3.0,process-model-3.0.0-build3,9028,1,LIVE,SYNCHRONISED,AUTOMATIC,NORMAL,65,1950,1950,0,145,199,0.3,0.315,25.33802,43.97,1.036,1,0.0255,0,209.64,0,0.00215,1,0.18,1.024,0,80.5,HEALTHY,F0,0,0,healthy,0,0,0,,,,,27,0
2026-08-19T19:34:30.833Z,1787168070833,FAN_DT_001_F4_S03_R01_20260819T193429,1,1.316,BASELINE,F4,0.3,FAN_DT_001,3.0,process-model-3.0.0-build3,9029,1,LIVE,SYNCHRONISED,AUTOMATIC,NORMAL,65,1950,1950,0,145,145,0.3,0.3,25.32119,43.88,1.028,1,0.0254,0,207.97,0.0601,0.08422,1,0.18,40.497,0.014,100,HEALTHY,F0,0,0,healthy,0,0,0,,,,,27,0
2026-08-19T19:34:31.868Z,1787168071868,FAN_DT_001_F4_S03_R01_20260819T193429,1,2.352,BASELINE,F4,0.3,FAN_DT_001,3.0,process-model-3.0.0-build3,9030,1,LIVE,SYNCHRONISED,AUTOMATIC,NORMAL,65,1950,1950,0,145,145,0.3,0.3,25.30441,43.8,1.028,1,0.0254,0,207.97,0.1193,0.08308,1,0.18,39.948,0.0278,100,HEALTHY,F0,0,0,healthy,0,0,0,,,,,27,0
2026-08-19T19:34:32.891Z,1787168072891,FAN_DT_001_F4_S03_R01_20260819T193429,1,3.374,BASELINE,F4,0.3,FAN_DT_001,3.0,process-model-3.0.0-build3,9031,1,LIVE,SYNCHRONISED,AUTOMATIC,NORMAL,65,1950,1950,0,145,145,0.3,0.3,25.28741,43.71,1.028,1,0.0254,0,207.97,0.1787,0.08196,1,0.18,39.408,0.0416,100,HEALTHY,F0,0,0,healthy,0,0,0,,,,,27,0
2026-08-19T19:34:33.919Z,1787168073919,FAN_DT_001_F4_S03_R01_20260819T193429,1,4.403,BASELINE,F4,0.3,FAN_DT_001,3.0,process-model-3.0.0-build3,9032,1,LIVE,SYNCHRONISED,AUTOMATIC,NORMAL,65,1950,1950,0,145,145,0.3,0.3,25.2704,43.63,1.028,1,0.0254,0,207.97,0.2378,0.08086,1,0.18,38.881,0.0554,100,HEALTHY,F0,0,0,healthy,0,0,0,,,,,27,0
2026-08-19T19:34:34.966Z,1787168074966,FAN_DT_001_F4_S03_R01_20260819T193429,1,5.47,BASELINE,F4,0.3,FAN_DT_001,3.0,process-model-3.0.0-build3,9033,1,LIVE,SYNCHRONISED,AUTOMATIC,NORMAL,65,1950,1950,0,145,145,0.3,0.3,25.25312,43.55,1.028,1,0.0254,0,207.97,0.2972,0.07978,1,0.18,38.36,0.0692,100,HEALTHY,F0,0,0,healthy,0,0,0,,,,,27,0
2026-08-19T19:34:35.974Z,1787168075974,FAN_DT_001_F4_S03_R01_20260819T193429,1,6.459,BASELINE,F4,0.3,FAN_DT_001,3.0,process-model-3.0.0-build3,9034,1,LIVE,SYNCHRONISED,AUTOMATIC,NORMAL,65,1950,1950,0,145,145,0.3,0.3,25.23576,43.46,1.028,1,0.0254,0,207.97,0.3564,0.07872,1,0.18,37.853,0.083,100,HEALTHY,F0,0,0,healthy,0,0,0,,,,,27,0
2026-08-19T19:34:37.003Z,1787168077003,FAN_DT_001_F4_S03_R01_20260819T193429,1,7.486,BASELINE,F4,0.3,FAN_DT_001,3.0,process-model-3.0.0-build3,9035,1,LIVE,SYNCHRONISED,AUTOMATIC,NORMAL,65,1950,1950,0,145,145,0.3,0.3,25.21823,43.38,1.028,1,0.0254,0,207.97,0.4158,0.07766,1,0.18,37.341,0.0969,100,HEALTHY,F0,0,0,healthy,0,0,0,,,,,27,0
2026-08-19T19:34:38.036Z,1787168078036,FAN_DT_001_F4_S03_R01_20260819T193429,1,8.519,BASELINE,F4,0.3,FAN_DT_001,3.0,process-model-3.0.0-build3,9036,1,LIVE,SYNCHRONISED,AUTOMATIC,NORMAL,65,1950,1950,0,145,145,0.3,0.3,25.20061,43.3,1.028,1,0.0254,0,207.97,0.4751,0.07667,1,0.18,36.867,0.1107,100,HEALTHY,F0,0,0,healthy,0,0,0,,,,,27,0
2026-08-19T19:34:39.062Z,1787168079062,FAN_DT_001_F4_S03_R01_20260819T193429,1,9.546,BASELINE,F4,0.3,FAN_DT_001,3.0,process-model-3.0.0-build3,9037,1,LIVE,SYNCHRONISED,AUTOMATIC,NORMAL,65,1950,1950,0,145,145,0.3,0.3,25.18285,43.23,1.028,1,0.0254,0,207.97,0.5345,0.07566,1,0.18,36.38,0.1245,100,HEALTHY,F0,0,0,healthy,0,0,0,,,,,27,0
2026-08-19T19:34:40.088Z,1787168080088,FAN_DT_001_F4_S03_R01_20260819T193429,1,10.572,BASELINE,F4,0.3,FAN_DT_001,3.0,process-model-3.0.0-build3,9038,1,LIVE,SYNCHRONISED,AUTOMATIC,NORMAL,65,1950,1950,0,145,145,0.3,0.3,25.16503,43.15,1.028,1,0.0254,0,207.97,0.5939,0.07467,1,0.18,35.904,0.1384,100,HEALTHY,F0,0,0,healthy,0,0,0,,,,,27,0
2026-08-19T19:34:41.119Z,1787168081119,FAN_DT_001_F4_S03_R01_20260819T193429,1,11.602,BASELINE,F4,0.3,FAN_DT_001,3.0,process-model-3.0.0-build3,9039,1,LIVE,SYNCHRONISED,AUTOMATIC,NORMAL,65,1950,1950,0,145,145,0.3,0.3,25.14717,43.07,1.028,1,0.0254,0,207.97,0.6531,0.07371,1,0.18,35.444,0.1522,100,HEALTHY,F0,0,0,healthy,0,0,0,,,,,27,0
2026-08-19T19:34:42.145Z,1787168082145,FAN_DT_001_F4_S03_R01_20260819T193429,1,12.628,BASELINE,F4,0.3,FAN_DT_001,3.0,process-model-3.0.0-build3,9040,1,LIVE,SYNCHRONISED,AUTOMATIC,NORMAL,65,1950,1950,0,145,145,0.3,0.3,25.12914,43,1.028,1,0.0254,0,207.97,0.7125,0.07275,1,0.18,34.983,0.166,100,HEALTHY,F0,0,0,healthy,0,0,0,,,,,27,0
2026-08-19T19:34:43.172Z,1787168083172,FAN_DT_001_F4_S03_R01_20260819T193429,1,13.655,BASELINE,F4,0.3,FAN_DT_001,3.0,process-model-3.0.0-build3,9041,1,LIVE,SYNCHRONISED,AUTOMATIC,NORMAL,65,1950,1950,0,145,145,0.3,0.3,25.11121,42.92,1.028,1,0.0254,0,207.97,0.7715,0.07182,1,0.18,34.532,0.1798,100,HEALTHY,F0,0,0,healthy,0,0,0,,,,,27,0
2026-08-19T19:34:44.229Z,1787168084229,FAN_DT_001_F4_S03_R01_20260819T193429,1,14.713,BASELINE,F4,0.3,FAN_DT_001,3.0,process-model-3.0.0-build3,9042,1,LIVE,SYNCHRONISED,AUTOMATIC,NORMAL,65,1950,1950,0,145,145,0.3,0.3,25.09306,42.85,1.028,1,0.0254,0,207.97,0.8309,0.0709,1,0.18,34.095,0.1936,100,HEALTHY,F0,0,0,healthy,0,0,0,,,,,27,0
2026-08-19T19:34:45.241Z,1787168085241,FAN_DT_001_F4_S03_R01_20260819T193429,1,15.726,BASELINE,F4,0.3,FAN_DT_001,3.0,process-model-3.0.0-build3,9043,1,LIVE,SYNCHRONISED,AUTOMATIC,NORMAL,65,1950,1950,0,145,145,0.3,0.3,25.07471,42.78,1.028,1,0.0254,0,207.97,0.8909,0.07,1,0.18,33.661,0.2076,100,HEALTHY,F0,0,0,healthy,0,0,0,,,,,27,0
2026-08-19T19:34:46.293Z,1787168086293,FAN_DT_001_F4_S03_R01_20260819T193429,1,16.776,BASELINE,F4,0.3,FAN_DT_001,3.0,process-model-3.0.0-build3,9044,1,LIVE,SYNCHRONISED,AUTOMATIC,NORMAL,65,1950,1950,0,145,145,0.3,0.3,25.05654,42.71,1.028,1,0.0254,0,207.97,0.9502,0.06911,1,0.18,33.234,0.2214,100,HEALTHY,F0,0,0,healthy,0,0,0,,,,,27,0
2026-08-19T19:34:47.304Z,1787168087304,FAN_DT_001_F4_S03_R01_20260819T193429,1,17.788,BASELINE,F4,0.3,FAN_DT_001,3.0,process-model-3.0.0-build3,9045,1,LIVE,SYNCHRONISED,AUTOMATIC,NORMAL,65,1950,1950,0,145,145,0.3,0.3,25.03829,42.64,1.028,1,0.0254,0,207.97,1.0096,0.06825,1,0.18,32.818,0.2352,100,HEALTHY,F0,0,0,healthy,0,0,0,,,,,27,0
2026-08-19T19:34:48.325Z,1787168088325,FAN_DT_001_F4_S03_R01_20260819T193429,1,18.808,BASELINE,F4,0.3,FAN_DT_001,3.0,process-model-3.0.0-build3,9046,1,LIVE,SYNCHRONISED,AUTOMATIC,NORMAL,65,1950,1950,0,145,145,0.3,0.3,25.02013,42.57,1.028,1,0.0254,0,207.97,1.0687,0.0674,1,0.18,32.411,0.249,100,HEALTHY,F0,0,0,healthy,0,0,0,,,,,27,0
2026-08-19T19:34:49.348Z,1787168089348,FAN_DT_001_F4_S03_R01_20260819T193429,1,19.832,BASELINE,F4,0.3,FAN_DT_001,3.0,process-model-3.0.0-build3,9047,1,LIVE,SYNCHRONISED,AUTOMATIC,NORMAL,65,1950,1950,0,145,145,0.3,0.3,25.00183,42.5,1.028,1,0.0254,0,207.97,1.1281,0.06656,1,0.18,32.005,0.2628,100,HEALTHY,F0,0,0,healthy,0,0,0,,,,,27,0
2026-08-19T19:34:50.380Z,1787168090380,FAN_DT_001_F4_S03_R01_20260819T193429,1,20.863,BASELINE,F4,0.3,FAN_DT_001,3.0,process-model-3.0.0-build3,9048,1,LIVE,SYNCHRONISED,AUTOMATIC,NORMAL,65,1950,1950,0,145,145,0.3,0.3,24.98364,42.43,1.028,1,0.0254,0,207.97,1.1872,0.06575,1,0.18,31.617,0.2766,100,HEALTHY,F0,0,0,healthy,0,0,0,,,,,27,0
2026-08-19T19:34:51.404Z,1787168091404,FAN_DT_001_F4_S03_R01_20260819T193429,1,21.887,BASELINE,F4,0.3,FAN_DT_001,3.0,process-model-3.0.0-build3,9049,1,LIVE,SYNCHRONISED,AUTOMATIC,NORMAL,65,1950,1950,0,145,145,0.3,0.3,24.96537,42.36,1.028,1,0.0254,0,207.97,1.2466,0.06491,1,0.18,31.212,0.2905,100,HEALTHY,F0,0,0,healthy,0,0,0,,,,,27,0
2026-08-19T19:34:52.433Z,1787168092433,FAN_DT_001_F4_S03_R01_20260819T193429,1,22.917,BASELINE,F4,0.3,FAN_DT_001,3.0,process-model-3.0.0-build3,9050,1,LIVE,SYNCHRONISED,AUTOMATIC,NORMAL,65,1950,1950,0,145,145,0.3,0.3,24.94722,42.3,1.028,1,0.0254,0,207.97,1.3057,0.06413,1,0.18,30.835,0.3042,100,HEALTHY,F0,0,0,healthy,0,0,0,,,,,27,0
2026-08-19T19:34:53.461Z,1787168093461,FAN_DT_001_F4_S03_R01_20260819T193429,1,23.946,BASELINE,F4,0.3,FAN_DT_001,3.0,process-model-3.0.0-build3,9051,1,LIVE,SYNCHRONISED,AUTOMATIC,NORMAL,65,1950,1950,0,145,145,0.3,0.3,24.92896,42.23,1.028,1,0.0254,0,207.97,1.3652,0.06334,1,0.18,30.455,0.3181,100,HEALTHY,F0,0,0,healthy,0,0,0,,,,,27,0
2026-08-19T19:34:54.488Z,1787168094488,FAN_DT_001_F4_S03_R01_20260819T193429,1,24.972,BASELINE,F4,0.3,FAN_DT_001,3.0,process-model-3.0.0-build3,9052,1,LIVE,SYNCHRONISED,AUTOMATIC,NORMAL,65,1950,1950,0,145,145,0.3,0.3,24.91087,42.17,1.028,1,0.0254,0,207.97,1.4243,0.06257,1,0.18,30.085,0.3319,100,HEALTHY,F0,0,0,healthy,0,0,0,,,,,27,0
2026-08-19T19:34:55.518Z,1787168095518,FAN_DT_001_F4_S03_R01_20260819T193429,1,26.004,BASELINE,F4,0.3,FAN_DT_001,3.0,process-model-3.0.0-build3,9053,1,LIVE,SYNCHRONISED,AUTOMATIC,NORMAL,65,1950,1950,0,145,145,0.3,0.3,24.89269,42.1,1.028,1,0.0254,0,207.97,1.4838,0.06182,1,0.18,29.727,0.3457,100,HEALTHY,F0,0,0,healthy,0,0,0,,,,,27,0
2026-08-19T19:34:56.543Z,1787168096543,FAN_DT_001_F4_S03_R01_20260819T193429,1,27.026,BASELINE,F4,0.3,FAN_DT_001,3.0,process-model-3.0.0-build3,9054,1,LIVE,SYNCHRONISED,AUTOMATIC,NORMAL,65,1950,1950,0,145,145,0.3,0.3,24.87466,42.04,1.028,1,0.0254,0,207.97,1.543,0.06106,1,0.18,29.362,0.3595,100,HEALTHY,F0,0,0,healthy,0,0,0,,,,,27,0
2026-08-19T19:34:57.572Z,1787168097572,FAN_DT_001_F4_S03_R01_20260819T193429,1,28.055,BASELINE,F4,0.3,FAN_DT_001,3.0,process-model-3.0.0-build3,9055,1,LIVE,SYNCHRONISED,AUTOMATIC,NORMAL,65,1950,1950,0,145,145,0.3,0.3,24.85671,41.98,1.028,1,0.0254,0,207.97,1.6022,0.06034,1,0.18,29.014,0.3733,100,HEALTHY,F0,0,0,healthy,0,0,0,,,,,27,0
2026-08-19T19:34:58.601Z,1787168098601,FAN_DT_001_F4_S03_R01_20260819T193429,1,29.084,BASELINE,F4,0.3,FAN_DT_001,3.0,process-model-3.0.0-build3,9056,1,LIVE,SYNCHRONISED,AUTOMATIC,NORMAL,65,1950,1950,0,145,145,0.3,0.3,24.83875,41.91,1.028,1,0.0254,0,207.97,1.6616,0.05962,1,0.18,28.668,0.3872,100,HEALTHY,F0,0,0,healthy,0,0,0,,,,,27,0
2026-08-19T19:34:59.669Z,1787168099669,FAN_DT_001_F4_S03_R01_20260819T193429,1,30.152,BASELINE,F4,0.3,FAN_DT_001,3.0,process-model-3.0.0-build3,9057,1,LIVE,SYNCHRONISED,AUTOMATIC,NORMAL,65,1950,1950,0,145,145,0.3,0.3,24.82091,41.85,1.028,1,0.0254,0,207.97,1.721,0.05889,1,0.18,28.317,0.401,100,HEALTHY,F0,0,0,healthy,0,0,0,,,,,27,0
2026-08-19T19:35:00.670Z,1787168100670,FAN_DT_001_F4_S03_R01_20260819T193429,1,31.153,BASELINE,F4,0.3,FAN_DT_001,3.0,process-model-3.0.0-build3,9058,1,LIVE,SYNCHRONISED,AUTOMATIC,NORMAL,65,1950,1950,0,145,145,0.3,0.3,24.80293,41.79,1.028,1,0.0254,0,207.97,1.7811,0.0582,1,0.18,27.983,0.415,100,HEALTHY,F0,0,0,healthy,0,0,0,,,,,27,0
2026-08-19T19:35:01.702Z,1787168101702,FAN_DT_001_F4_S03_R01_20260819T193429,1,32.185,BASELINE,F4,0.3,FAN_DT_001,3.0,process-model-3.0.0-build3,9059,1,LIVE,SYNCHRONISED,AUTOMATIC,NORMAL,65,1950,1950,0,145,145,0.3,0.3,24.78532,41.73,1.028,1,0.0254,0,207.97,1.8403,0.05748,1,0.18,27.641,0.4288,100,HEALTHY,F0,0,0,healthy,0,0,0,,,,,27,0
2026-08-19T19:35:02.729Z,1787168102729,FAN_DT_001_F4_S03_R01_20260819T193429,1,33.212,BASELINE,F4,0.3,FAN_DT_001,3.0,process-model-3.0.0-build3,9060,1,LIVE,SYNCHRONISED,AUTOMATIC,NORMAL,65,1950,1950,0,145,145,0.3,0.3,24.76771,41.67,1.028,1,0.0254,0,207.97,1.8999,0.0568,1,0.18,27.311,0.4427,100,HEALTHY,F0,0,0,healthy,0,0,0,,,,,27,0
2026-08-19T19:35:03.760Z,1787168103760,FAN_DT_001_F4_S03_R01_20260819T193429,1,34.243,BASELINE,F4,0.3,FAN_DT_001,3.0,process-model-3.0.0-build3,9061,1,LIVE,SYNCHRONISED,AUTOMATIC,NORMAL,65,1950,1950,0,145,145,0.3,0.3,24.75036,41.62,1.028,1,0.0254,0,207.97,1.959,0.05615,1,0.18,27,0.4565,100,HEALTHY,F0,0,0,healthy,0,0,0,,,,,27,0
2026-08-19T19:35:04.826Z,1787168104826,FAN_DT_001_F4_S03_R01_20260819T193429,1,35.309,BASELINE,F4,0.3,FAN_DT_001,3.0,process-model-3.0.0-build3,9062,1,LIVE,SYNCHRONISED,AUTOMATIC,NORMAL,65,1950,1950,0,145,145,0.3,0.3,24.73304,41.56,1.028,1,0.0254,0,207.97,2.0185,0.05548,1,0.18,26.678,0.4703,100,HEALTHY,F0,0,0,healthy,0,0,0,,,,,27,0
2026-08-19T19:35:05.823Z,1787168105823,FAN_DT_001_F4_S03_R01_20260819T193429,1,36.306,BASELINE,F4,0.3,FAN_DT_001,3.0,process-model-3.0.0-build3,9063,1,LIVE,SYNCHRONISED,AUTOMATIC,NORMAL,65,1950,1950,0,145,145,0.3,0.3,24.71593,41.5,1.028,1,0.0254,0,207.97,2.0777,0.05482,1,0.18,26.361,0.4841,100,HEALTHY,F0,0,0,healthy,0,0,0,,,,,27,0
2026-08-19T19:35:06.884Z,1787168106884,FAN_DT_001_F4_S03_R01_20260819T193429,1,37.367,BASELINE,F4,0.3,FAN_DT_001,3.0,process-model-3.0.0-build3,9064,1,LIVE,SYNCHRONISED,AUTOMATIC,NORMAL,65,1950,1950,0,145,145,0.3,0.3,24.6989,41.45,1.028,1,0.0254,0,207.97,2.1372,0.05416,1,0.18,26.044,0.498,100,HEALTHY,F0,0,0,healthy,0,0,0,,,,,27,0
2026-08-19T19:35:07.877Z,1787168107877,FAN_DT_001_F4_S03_R01_20260819T193429,1,38.36,BASELINE,F4,0.3,FAN_DT_001,3.0,process-model-3.0.0-build3,9065,1,LIVE,SYNCHRONISED,AUTOMATIC,NORMAL,65,1950,1950,0,145,145,0.3,0.3,24.68211,41.39,1.028,1,0.0254,0,207.97,2.1964,0.05352,1,0.18,25.735,0.5118,100,HEALTHY,F0,0,0,healthy,0,0,0,,,,,27,0
2026-08-19T19:35:08.904Z,1787168108904,FAN_DT_001_F4_S03_R01_20260819T193429,1,39.388,BASELINE,F4,0.3,FAN_DT_001,3.0,process-model-3.0.0-build3,9066,1,LIVE,SYNCHRONISED,AUTOMATIC,NORMAL,65,1950,1950,0,145,145,0.3,0.3,24.66539,41.34,1.028,1,0.0254,0,207.97,2.2559,0.05289,1,0.18,25.433,0.5256,100,HEALTHY,F0,0,0,healthy,0,0,0,,,,,27,0
2026-08-19T19:35:09.932Z,1787168109932,FAN_DT_001_F4_S03_R01_20260819T193429,1,40.415,BASELINE,F4,0.3,FAN_DT_001,3.0,process-model-3.0.0-build3,9067,1,LIVE,SYNCHRONISED,AUTOMATIC,NORMAL,65,1950,1950,0,145,145,0.3,0.3,24.64883,41.28,1.028,1,0.0254,0,207.97,2.3154,0.05227,1,0.18,25.134,0.5395,100,HEALTHY,F0,0,0,healthy,0,0,0,,,,,27,0
2026-08-19T19:35:10.961Z,1787168110961,FAN_DT_001_F4_S03_R01_20260819T193429,1,41.444,BASELINE,F4,0.3,FAN_DT_001,3.0,process-model-3.0.0-build3,9068,1,LIVE,SYNCHRONISED,AUTOMATIC,NORMAL,65,1950,1950,0,145,145,0.3,0.3,24.6326,41.23,1.028,1,0.0254,0,207.97,2.3744,0.05166,1,0.18,24.841,0.5532,100,HEALTHY,F0,0,0,healthy,0,0,0,,,,,27,0
2026-08-19T19:35:11.987Z,1787168111987,FAN_DT_001_F4_S03_R01_20260819T193429,1,42.471,BASELINE,F4,0.3,FAN_DT_001,3.0,process-model-3.0.0-build3,9069,1,LIVE,SYNCHRONISED,AUTOMATIC,NORMAL,65,1950,1950,0,145,145,0.3,0.3,24.61644,41.18,1.028,1,0.0254,0,207.97,2.4339,0.05104,1,0.18,24.544,0.5671,100,HEALTHY,F0,0,0,healthy,0,0,0,,,,,27,0
2026-08-19T19:35:13.018Z,1787168113018,FAN_DT_001_F4_S03_R01_20260819T193429,1,43.501,BASELINE,F4,0.3,FAN_DT_001,3.0,process-model-3.0.0-build3,9070,1,LIVE,SYNCHRONISED,AUTOMATIC,NORMAL,65,1950,1950,0,145,145,0.3,0.3,24.60056,41.12,1.028,1,0.0254,0,207.97,2.4931,0.05046,1,0.18,24.263,0.5809,100,HEALTHY,F0,0,0,healthy,0,0,0,,,,,27,0
2026-08-19T19:35:14.043Z,1787168114043,FAN_DT_001_F4_S03_R01_20260819T193429,1,44.527,BASELINE,F4,0.3,FAN_DT_001,3.0,process-model-3.0.0-build3,9071,1,LIVE,SYNCHRONISED,AUTOMATIC,NORMAL,65,1950,1950,0,145,145,0.3,0.3,24.58482,41.07,1.028,1,0.0254,0,207.97,2.5525,0.04986,1,0.18,23.977,0.5947,100,HEALTHY,F0,0,0,healthy,0,0,0,,,,,27,0
2026-08-19T19:35:15.074Z,1787168115074,FAN_DT_001_F4_S03_R01_20260819T193429,1,45.558,BASELINE,F4,0.3,FAN_DT_001,3.0,process-model-3.0.0-build3,9072,1,LIVE,SYNCHRONISED,AUTOMATIC,NORMAL,65,1950,1950,0,145,145,0.3,0.3,24.56932,41.02,1.028,1,0.0254,0,207.97,2.6118,0.04927,1,0.18,23.693,0.6086,100,HEALTHY,F0,0,0,healthy,0,0,0,,,,,27,0
2026-08-19T19:35:16.108Z,1787168116108,FAN_DT_001_F4_S03_R01_20260819T193429,1,46.591,BASELINE,F4,0.3,FAN_DT_001,3.0,process-model-3.0.0-build3,9073,1,LIVE,SYNCHRONISED,AUTOMATIC,NORMAL,65,1950,1950,0,145,145,0.3,0.3,24.55407,40.97,1.028,1,0.0254,0,207.97,2.6711,0.04868,1,0.18,23.409,0.6224,100,HEALTHY,F0,0,0,healthy,0,0,0,,,,,27,0
2026-08-19T19:35:17.129Z,1787168117129,FAN_DT_001_F4_S03_R01_20260819T193429,1,47.612,BASELINE,F4,0.3,FAN_DT_001,3.0,process-model-3.0.0-build3,9074,1,LIVE,SYNCHRONISED,AUTOMATIC,NORMAL,65,1950,1950,0,145,145,0.3,0.3,24.53906,40.92,1.028,1,0.0254,0,207.97,2.7303,0.04812,1,0.18,23.137,0.6362,100,HEALTHY,F0,0,0,healthy,0,0,0,,,,,27,0
2026-08-19T19:35:18.159Z,1787168118159,FAN_DT_001_F4_S03_R01_20260819T193429,1,48.642,BASELINE,F4,0.3,FAN_DT_001,3.0,process-model-3.0.0-build3,9075,1,LIVE,SYNCHRONISED,AUTOMATIC,NORMAL,65,1950,1950,0,145,145,0.3,0.3,24.52429,40.87,1.028,1,0.0254,0,207.97,2.7895,0.04756,1,0.18,22.871,0.65,100,HEALTHY,F0,0,0,healthy,0,0,0,,,,,27,0
2026-08-19T19:35:19.186Z,1787168119186,FAN_DT_001_F4_S03_R01_20260819T193429,1,49.669,BASELINE,F4,0.3,FAN_DT_001,3.0,process-model-3.0.0-build3,9076,1,LIVE,SYNCHRONISED,AUTOMATIC,NORMAL,65,1950,1950,0,145,145,0.3,0.3,24.50968,40.82,1.028,1,0.0254,0,207.97,2.8491,0.04699,1,0.18,22.595,0.6638,100,HEALTHY,F0,0,0,healthy,0,0,0,,,,,27,0
2026-08-19T19:35:20.215Z,1787168120215,FAN_DT_001_F4_S03_R01_20260819T193429,1,50.698,BASELINE,F4,0.3,FAN_DT_001,3.0,process-model-3.0.0-build3,9077,1,LIVE,SYNCHRONISED,AUTOMATIC,NORMAL,65,1950,1950,0,145,145,0.3,0.3,24.49541,40.78,1.028,1,0.0254,0,207.97,2.9082,0.04641,1,0.18,22.317,0.6776,100,HEALTHY,F0,0,0,healthy,0,0,0,,,,,27,0
2026-08-19T19:35:21.242Z,1787168121242,FAN_DT_001_F4_S03_R01_20260819T193429,1,51.725,BASELINE,F4,0.3,FAN_DT_001,3.0,process-model-3.0.0-build3,9078,1,LIVE,SYNCHRONISED,AUTOMATIC,NORMAL,65,1950,1950,0,145,145,0.3,0.3,24.48135,40.73,1.028,1,0.0254,0,207.97,2.9677,0.04586,1,0.18,22.054,0.6915,100,HEALTHY,F0,0,0,healthy,0,0,0,,,,,27,0
2026-08-19T19:35:22.273Z,1787168122273,FAN_DT_001_F4_S03_R01_20260819T193429,1,52.756,BASELINE,F4,0.3,FAN_DT_001,3.0,process-model-3.0.0-build3,9079,1,LIVE,SYNCHRONISED,AUTOMATIC,NORMAL,65,1950,1950,0,145,145,0.3,0.3,24.46762,40.68,1.028,1,0.0254,0,207.97,3.0269,0.04533,1,0.18,21.796,0.7053,100,HEALTHY,F0,0,0,healthy,0,0,0,,,,,27,0
2026-08-19T19:35:23.299Z,1787168123299,FAN_DT_001_F4_S03_R01_20260819T193429,1,53.782,BASELINE,F4,0.3,FAN_DT_001,3.0,process-model-3.0.0-build3,9080,1,LIVE,SYNCHRONISED,AUTOMATIC,NORMAL,65,1950,1950,0,145,145,0.3,0.3,24.45409,40.64,1.028,1,0.0254,0,207.97,3.0864,0.04478,1,0.18,21.535,0.7191,100,HEALTHY,F0,0,0,healthy,0,0,0,,,,,27,0
2026-08-19T19:35:24.333Z,1787168124333,FAN_DT_001_F4_S03_R01_20260819T193429,1,54.817,BASELINE,F4,0.3,FAN_DT_001,3.0,process-model-3.0.0-build3,9081,1,LIVE,SYNCHRONISED,AUTOMATIC,NORMAL,65,1950,1950,0,145,145,0.3,0.3,24.44096,40.59,1.028,1,0.0254,0,207.97,3.1454,0.04425,1,0.18,21.278,0.7329,100,HEALTHY,F0,0,0,healthy,0,0,0,,,,,27,0
2026-08-19T19:35:25.355Z,1787168125355,FAN_DT_001_F4_S03_R01_20260819T193429,1,55.838,BASELINE,F4,0.3,FAN_DT_001,3.0,process-model-3.0.0-build3,9082,1,LIVE,SYNCHRONISED,AUTOMATIC,NORMAL,65,1950,1950,0,145,145,0.3,0.3,24.42799,40.55,1.028,1,0.0254,0,207.97,3.205,0.0437,1,0.18,21.015,0.7468,100,HEALTHY,F0,0,0,healthy,0,0,0,,,,,27,0
2026-08-19T19:35:26.384Z,1787168126384,FAN_DT_001_F4_S03_R01_20260819T193429,1,56.867,BASELINE,F4,0.3,FAN_DT_001,3.0,process-model-3.0.0-build3,9083,1,LIVE,SYNCHRONISED,AUTOMATIC,NORMAL,65,1950,1950,0,145,145,0.3,0.3,24.41543,40.5,1.028,1,0.0254,0,207.97,3.264,0.04317,1,0.18,20.761,0.7605,100,HEALTHY,F0,0,0,healthy,0,0,0,,,,,27,0
2026-08-19T19:35:27.410Z,1787168127410,FAN_DT_001_F4_S03_R01_20260819T193429,1,57.894,BASELINE,F4,0.3,FAN_DT_001,3.0,process-model-3.0.0-build3,9084,1,LIVE,SYNCHRONISED,AUTOMATIC,NORMAL,65,1950,1950,0,145,145,0.3,0.3,24.40309,40.46,1.028,1,0.0254,0,207.97,3.3235,0.04266,1,0.18,20.512,0.7744,100,HEALTHY,F0,0,0,healthy,0,0,0,,,,,27,0
2026-08-19T19:35:28.442Z,1787168128442,FAN_DT_001_F4_S03_R01_20260819T193429,1,58.927,BASELINE,F4,0.3,FAN_DT_001,3.0,process-model-3.0.0-build3,9085,1,LIVE,SYNCHRONISED,AUTOMATIC,NORMAL,65,1950,1950,0,145,145,0.3,0.3,24.39112,40.41,1.028,1,0.0254,0,207.97,3.3827,0.04213,1,0.18,20.261,0.7882,100,HEALTHY,F0,0,0,healthy,0,0,0,,,,,27,0
2026-08-19T19:35:29.503Z,1787168129503,FAN_DT_001_F4_S03_R01_20260819T193429,1,59.986,BASELINE,F4,0.3,FAN_DT_001,3.0,process-model-3.0.0-build3,9086,1,LIVE,SYNCHRONISED,AUTOMATIC,NORMAL,65,1950,1950,0,145,145,0.3,0.3,24.3794,40.37,1.028,1,0.0254,0,207.97,3.4422,0.0416,1,0.18,20.002,0.802,100,HEALTHY,F0,0,0,healthy,0,0,0,,,,,27,0
2026-08-19T19:35:30.533Z,1787168130533,FAN_DT_001_F4_S03_R01_20260819T193429,1,61.018,FAULT_ACTIVE,F4,0.3,FAN_DT_001,3.0,process-model-3.0.0-build3,9087,1,LIVE,SYNCHRONISED,AUTOMATIC,NORMAL,65,1950,1950,0,145,199,0.3,0.315,24.36803,40.38,1.036,1,0.0255,0,209.64,3.5019,-0.04127,1,0.18,19.686,0.8159,80.5,DEGRADED,F4,4,1,thermal_overload,0.3,1,1,,,,,28,0
2026-08-19T19:35:31.542Z,1787168131542,FAN_DT_001_F4_S03_R01_20260819T193429,1,62.026,FAULT_ACTIVE,F4,0.3,FAN_DT_001,3.0,process-model-3.0.0-build3,9088,1,LIVE,SYNCHRONISED,AUTOMATIC,NORMAL,65,1950,1950,0,145,199,0.3,0.315,24.35691,40.42,1.036,1,0.0255,0,209.64,3.5622,-0.04039,1,0.18,19.265,0.83,80.5,DEGRADED,F4,4,1,thermal_overload,0.3,1,1,,,,,28,0
2026-08-19T19:35:32.572Z,1787168132572,FAN_DT_001_F4_S03_R01_20260819T193429,1,63.055,FAULT_ACTIVE,F4,0.3,FAN_DT_001,3.0,process-model-3.0.0-build3,9089,1,LIVE,SYNCHRONISED,AUTOMATIC,NORMAL,65,1950,1950,0,145,199,0.3,0.315,24.34619,40.46,1.036,1,0.0255,0,209.64,3.6222,-0.03953,1,0.18,18.858,0.844,80.5,DEGRADED,F4,4,1,thermal_overload,0.3,1,1,,,,,28,0
2026-08-19T19:35:33.613Z,1787168133613,FAN_DT_001_F4_S03_R01_20260819T193429,1,64.096,FAULT_ACTIVE,F4,0.3,FAN_DT_001,3.0,process-model-3.0.0-build3,9090,1,LIVE,SYNCHRONISED,AUTOMATIC,NORMAL,65,1950,1950,0,145,199,0.3,0.315,24.33573,40.5,1.036,1,0.0255,0,209.64,3.6826,-0.03869,1,0.18,18.457,0.8581,80.5,DEGRADED,F4,4,1,thermal_overload,0.3,1,1,,,,,28,0
2026-08-19T19:35:34.647Z,1787168134647,FAN_DT_001_F4_S03_R01_20260819T193429,1,65.131,FAULT_ACTIVE,F4,0.3,FAN_DT_001,3.0,process-model-3.0.0-build3,9091,1,LIVE,SYNCHRONISED,AUTOMATIC,NORMAL,65,1950,1950,0,145,199,0.3,0.315,24.3257,40.54,1.036,1,0.0255,0,209.64,3.7427,-0.03786,1,0.18,18.059,0.872,80.5,DEGRADED,F4,4,1,thermal_overload,0.3,1,1,,,,,28,0
2026-08-19T19:35:35.676Z,1787168135676,FAN_DT_001_F4_S03_R01_20260819T193429,1,66.16,FAULT_ACTIVE,F4,0.3,FAN_DT_001,3.0,process-model-3.0.0-build3,9092,1,LIVE,SYNCHRONISED,AUTOMATIC,NORMAL,65,1950,1950,0,145,199,0.3,0.315,24.31602,40.58,1.036,1,0.0255,0,209.64,3.8026,-0.03706,1,0.18,17.677,0.886,80.5,DEGRADED,F4,4,1,thermal_overload,0.3,1,1,,,,,28,0
2026-08-19T19:35:36.708Z,1787168136708,FAN_DT_001_F4_S03_R01_20260819T193429,1,67.191,FAULT_ACTIVE,F4,0.3,FAN_DT_001,3.0,process-model-3.0.0-build3,9093,1,LIVE,SYNCHRONISED,AUTOMATIC,NORMAL,65,1950,1950,0,145,199,0.3,0.315,24.30666,40.62,1.036,1,0.0255,0,209.64,3.8629,-0.0363,1,0.18,17.314,0.9001,80.5,DEGRADED,F4,4,1,thermal_overload,0.3,1,1,,,,,28,0
2026-08-19T19:35:37.746Z,1787168137746,FAN_DT_001_F4_S03_R01_20260819T193429,1,68.23,FAULT_ACTIVE,F4,0.3,FAN_DT_001,3.0,process-model-3.0.0-build3,9094,1,LIVE,SYNCHRONISED,AUTOMATIC,NORMAL,65,1950,1950,0,145,199,0.3,0.315,24.29771,40.66,1.036,1,0.0255,0,209.64,3.9228,-0.03553,1,0.18,16.95,0.914,80.5,DEGRADED,F4,4,1,thermal_overload,0.3,1,1,,,,,28,0
2026-08-19T19:35:38.796Z,1787168138796,FAN_DT_001_F4_S03_R01_20260819T193429,1,69.279,FAULT_ACTIVE,F4,0.3,FAN_DT_001,3.0,process-model-3.0.0-build3,9095,1,LIVE,SYNCHRONISED,AUTOMATIC,NORMAL,65,1950,1950,0,145,199,0.3,0.315,24.28909,40.69,1.036,1,0.0255,0,209.64,3.983,-0.03477,1,0.18,16.587,0.928,80.5,DEGRADED,F4,4,1,thermal_overload,0.3,1,1,,,,,28,0
2026-08-19T19:35:39.819Z,1787168139819,FAN_DT_001_F4_S03_R01_20260819T193429,1,70.306,FAULT_ACTIVE,F4,0.3,FAN_DT_001,3.0,process-model-3.0.0-build3,9096,1,LIVE,SYNCHRONISED,AUTOMATIC,NORMAL,65,1950,1950,0,145,199,0.3,0.315,24.28089,40.73,1.036,1,0.0255,0,209.64,4.043,-0.03406,1,0.18,16.249,0.942,80.5,DEGRADED,F4,4,1,thermal_overload,0.3,1,1,,,,,28,0
2026-08-19T19:35:40.844Z,1787168140844,FAN_DT_001_F4_S03_R01_20260819T193429,1,71.328,FAULT_ACTIVE,F4,0.3,FAN_DT_001,3.0,process-model-3.0.0-build3,9097,1,LIVE,SYNCHRONISED,AUTOMATIC,NORMAL,65,1950,1950,0,145,199,0.3,0.315,24.27303,40.76,1.036,1,0.0255,0,209.64,4.1032,-0.03336,1,0.18,15.911,0.956,80.5,DEGRADED,F4,4,1,thermal_overload,0.3,1,1,,,,,28,0
2026-08-19T19:35:41.879Z,1787168141879,FAN_DT_001_F4_S03_R01_20260819T193429,1,72.362,FAULT_ACTIVE,F4,0.3,FAN_DT_001,3.0,process-model-3.0.0-build3,9098,1,LIVE,SYNCHRONISED,AUTOMATIC,NORMAL,65,1950,1950,0,145,199,0.3,0.315,24.26558,40.8,1.036,1,0.0255,0,209.64,4.1631,-0.03267,1,0.18,15.585,0.97,80.5,DEGRADED,F4,4,1,thermal_overload,0.3,1,1,,,,,28,0
2026-08-19T19:35:42.910Z,1787168142910,FAN_DT_001_F4_S03_R01_20260819T193429,1,73.394,FAULT_ACTIVE,F4,0.3,FAN_DT_001,3.0,process-model-3.0.0-build3,9099,1,LIVE,SYNCHRONISED,AUTOMATIC,NORMAL,65,1950,1950,0,145,199,0.3,0.315,24.25847,40.83,1.036,1,0.0255,0,209.64,4.2234,-0.03197,1,0.18,15.251,0.9841,80.5,DEGRADED,F4,4,1,thermal_overload,0.3,1,1,,,,,28,0
2026-08-19T19:35:43.948Z,1787168143948,FAN_DT_001_F4_S03_R01_20260819T193429,1,74.432,FAULT_ACTIVE,F4,0.3,FAN_DT_001,3.0,process-model-3.0.0-build3,9100,1,LIVE,SYNCHRONISED,AUTOMATIC,NORMAL,65,1950,1950,0,145,199,0.3,0.315,24.25178,40.86,1.036,1,0.0255,0,209.64,4.2836,-0.03133,1,0.18,14.944,0.9981,80.5,DEGRADED,F4,4,1,thermal_overload,0.3,1,1,,,,,28,0
2026-08-19T19:35:44.990Z,1787168144990,FAN_DT_001_F4_S03_R01_20260819T193429,1,75.473,FAULT_ACTIVE,F4,0.3,FAN_DT_001,3.0,process-model-3.0.0-build3,9101,1,LIVE,SYNCHRONISED,AUTOMATIC,NORMAL,65,1950,1950,0,145,199,0.3,0.315,24.24543,40.9,1.036,1,0.0255,0,209.64,4.3442,-0.03069,1,0.18,14.64,1.0122,80.5,DEGRADED,F4,4,1,thermal_overload,0.3,1,1,,,,,28,0
2026-08-19T19:35:46.031Z,1787168146031,FAN_DT_001_F4_S03_R01_20260819T193429,1,76.515,FAULT_ACTIVE,F4,0.3,FAN_DT_001,3.0,process-model-3.0.0-build3,9102,1,LIVE,SYNCHRONISED,AUTOMATIC,NORMAL,65,1950,1950,0,145,199,0.3,0.315,24.23957,40.93,1.036,1,0.0255,0,209.64,4.4039,-0.03008,1,0.18,14.351,1.0261,80.5,DEGRADED,F4,4,1,thermal_overload,0.3,1,1,,,,,28,0
2026-08-19T19:35:47.054Z,1787168147054,FAN_DT_001_F4_S03_R01_20260819T193429,1,77.538,FAULT_ACTIVE,F4,0.3,FAN_DT_001,3.0,process-model-3.0.0-build3,9103,1,LIVE,SYNCHRONISED,AUTOMATIC,NORMAL,65,1950,1950,0,145,199,0.3,0.315,24.23405,40.96,1.036,1,0.0255,0,209.64,4.4643,-0.02949,1,0.18,14.066,1.0402,80.5,DEGRADED,F4,4,1,thermal_overload,0.3,1,1,,,,,28,0
2026-08-19T19:35:48.101Z,1787168148101,FAN_DT_001_F4_S03_R01_20260819T193429,1,78.584,FAULT_ACTIVE,F4,0.3,FAN_DT_001,3.0,process-model-3.0.0-build3,9104,1,LIVE,SYNCHRONISED,AUTOMATIC,NORMAL,65,1950,1950,0,145,199,0.3,0.315,24.22895,40.99,1.036,1,0.0255,0,209.64,4.5244,-0.0289,1,0.18,13.785,1.0542,80.5,DEGRADED,F4,4,1,thermal_overload,0.3,1,1,,,,,28,0
2026-08-19T19:35:49.124Z,1787168149124,FAN_DT_001_F4_S03_R01_20260819T193429,1,79.607,FAULT_ACTIVE,F4,0.3,FAN_DT_001,3.0,process-model-3.0.0-build3,9105,1,LIVE,SYNCHRONISED,AUTOMATIC,NORMAL,65,1950,1950,0,145,199,0.3,0.315,24.22426,41.02,1.036,1,0.0255,0,209.64,4.5845,-0.02834,1,0.18,13.518,1.0682,80.5,DEGRADED,F4,4,1,thermal_overload,0.3,1,1,,,,,28,0
2026-08-19T19:35:50.151Z,1787168150151,FAN_DT_001_F4_S03_R01_20260819T193429,1,80.635,FAULT_ACTIVE,F4,0.3,FAN_DT_001,3.0,process-model-3.0.0-build3,9106,1,LIVE,SYNCHRONISED,AUTOMATIC,NORMAL,65,1950,1950,0,145,199,0.3,0.315,24.21999,41.05,1.036,1,0.0255,0,209.64,4.6446,-0.02777,1,0.18,13.248,1.0822,80.5,DEGRADED,F4,4,1,thermal_overload,0.3,1,1,,,,,28,0
2026-08-19T19:35:51.192Z,1787168151192,FAN_DT_001_F4_S03_R01_20260819T193429,1,81.676,FAULT_ACTIVE,F4,0.3,FAN_DT_001,3.0,process-model-3.0.0-build3,9107,1,LIVE,SYNCHRONISED,AUTOMATIC,NORMAL,65,1950,1950,0,145,199,0.3,0.315,24.21612,41.08,1.036,1,0.0255,0,209.64,4.7045,-0.02724,1,0.18,12.996,1.0962,80.5,DEGRADED,F4,4,1,thermal_overload,0.3,1,1,,,,,28,0
2026-08-19T19:35:52.232Z,1787168152232,FAN_DT_001_F4_S03_R01_20260819T193429,1,82.715,FAULT_ACTIVE,F4,0.3,FAN_DT_001,3.0,process-model-3.0.0-build3,9108,1,LIVE,SYNCHRONISED,AUTOMATIC,NORMAL,65,1950,1950,0,145,199,0.3,0.315,24.21265,41.1,1.036,1,0.0255,0,209.64,4.7648,-0.02673,1,0.18,12.752,1.1102,80.5,DEGRADED,F4,4,1,thermal_overload,0.3,1,1,,,,,28,0
2026-08-19T19:35:53.256Z,1787168153256,FAN_DT_001_F4_S03_R01_20260819T193429,1,83.739,FAULT_ACTIVE,F4,0.3,FAN_DT_001,3.0,process-model-3.0.0-build3,9109,1,LIVE,SYNCHRONISED,AUTOMATIC,NORMAL,65,1950,1950,0,145,199,0.3,0.315,24.20962,41.13,1.036,1,0.0255,0,209.64,4.8247,-0.02623,1,0.18,12.51,1.1242,80.5,DEGRADED,F4,4,1,thermal_overload,0.3,1,1,,,,,28,0
2026-08-19T19:35:54.285Z,1787168154285,FAN_DT_001_F4_S03_R01_20260819T193429,1,84.769,FAULT_ACTIVE,F4,0.3,FAN_DT_001,3.0,process-model-3.0.0-build3,9110,1,LIVE,SYNCHRONISED,AUTOMATIC,NORMAL,65,1950,1950,0,145,199,0.3,0.315,24.20699,41.16,1.036,1,0.0255,0,209.64,4.8849,-0.02574,1,0.18,12.279,1.1382,80.5,DEGRADED,F4,4,1,thermal_overload,0.3,1,1,,,,,28,0
2026-08-19T19:35:55.318Z,1787168155318,FAN_DT_001_F4_S03_R01_20260819T193429,1,85.802,FAULT_ACTIVE,F4,0.3,FAN_DT_001,3.0,process-model-3.0.0-build3,9111,1,LIVE,SYNCHRONISED,AUTOMATIC,NORMAL,65,1950,1950,0,145,199,0.3,0.315,24.20479,41.18,1.036,1,0.0255,0,209.64,4.9447,-0.02526,1,0.18,12.05,1.1521,80.5,DEGRADED,F4,4,1,thermal_overload,0.3,1,1,,,,,28,0
2026-08-19T19:35:56.351Z,1787168156351,FAN_DT_001_F4_S03_R01_20260819T193429,1,86.835,FAULT_ACTIVE,F4,0.3,FAN_DT_001,3.0,process-model-3.0.0-build3,9112,1,LIVE,SYNCHRONISED,AUTOMATIC,NORMAL,65,1950,1950,0,145,199,0.3,0.315,24.20298,41.21,1.036,1,0.0255,0,209.64,5.0051,-0.0248,1,0.18,11.828,1.1662,80.5,DEGRADED,F4,4,1,thermal_overload,0.3,1,1,,,,,28,0
2026-08-19T19:35:57.405Z,1787168157405,FAN_DT_001_F4_S03_R01_20260819T193429,1,87.889,FAULT_ACTIVE,F4,0.3,FAN_DT_001,3.0,process-model-3.0.0-build3,9113,1,LIVE,SYNCHRONISED,AUTOMATIC,NORMAL,65,1950,1950,0,145,199,0.3,0.315,24.20162,41.23,1.036,1,0.0255,0,209.64,5.0649,-0.02437,1,0.18,11.626,1.1801,80.5,DEGRADED,F4,4,1,thermal_overload,0.3,1,1,,,,,28,0
2026-08-19T19:35:58.420Z,1787168158420,FAN_DT_001_F4_S03_R01_20260819T193429,1,88.903,FAULT_ACTIVE,F4,0.3,FAN_DT_001,3.0,process-model-3.0.0-build3,9114,1,LIVE,SYNCHRONISED,AUTOMATIC,NORMAL,65,1950,1950,0,145,199,0.3,0.315,24.20066,41.26,1.036,1,0.0255,0,209.64,5.1253,-0.02394,1,0.18,11.418,1.1942,80.5,DEGRADED,F4,4,1,thermal_overload,0.3,1,1,,,,,28,0
2026-08-19T19:35:59.457Z,1787168159457,FAN_DT_001_F4_S03_R01_20260819T193429,1,89.943,FAULT_ACTIVE,F4,0.3,FAN_DT_001,3.0,process-model-3.0.0-build3,9115,1,LIVE,SYNCHRONISED,AUTOMATIC,NORMAL,65,1950,1950,0,145,199,0.3,0.315,24.20012,41.28,1.036,1,0.0255,0,209.64,5.1853,-0.02351,1,0.18,11.217,1.2082,80.5,DEGRADED,F4,4,1,thermal_overload,0.3,1,1,,,,,28,0
2026-08-19T19:36:00.458Z,1787168160458,FAN_DT_001_F4_S03_R01_20260819T193429,1,90.941,FAULT_ACTIVE,F4,0.3,FAN_DT_001,3.0,process-model-3.0.0-build3,9116,1,LIVE,SYNCHRONISED,AUTOMATIC,NORMAL,65,1950,1950,0,145,199,0.3,0.315,24.20001,41.31,1.036,1,0.0255,0,209.64,5.2463,-0.0231,1,0.18,11.018,1.2224,80.5,DEGRADED,F4,4,1,thermal_overload,0.3,1,1,,,,,28,0
2026-08-19T19:36:01.494Z,1787168161494,FAN_DT_001_F4_S03_R01_20260819T193429,1,91.978,FAULT_ACTIVE,F4,0.3,FAN_DT_001,3.0,process-model-3.0.0-build3,9117,1,LIVE,SYNCHRONISED,AUTOMATIC,NORMAL,65,1950,1950,0,145,199,0.3,0.315,24.2003,41.33,1.036,1,0.0255,0,209.64,5.3037,-0.02274,1,0.18,10.848,1.2358,80.5,DEGRADED,F4,4,1,thermal_overload,0.3,1,1,,,,,28,0
2026-08-19T19:36:02.529Z,1787168162529,FAN_DT_001_F4_S03_R01_20260819T193429,1,93.012,FAULT_ACTIVE,F4,0.3,FAN_DT_001,3.0,process-model-3.0.0-build3,9118,1,LIVE,SYNCHRONISED,AUTOMATIC,NORMAL,65,1950,1950,0,145,199,0.3,0.315,24.20102,41.35,1.036,1,0.0255,0,209.64,5.3639,-0.02237,1,0.18,10.673,1.2498,80.5,DEGRADED,F4,4,1,thermal_overload,0.3,1,1,,,,,28,0
2026-08-19T19:36:03.591Z,1787168163591,FAN_DT_001_F4_S03_R01_20260819T193429,1,94.074,FAULT_ACTIVE,F4,0.3,FAN_DT_001,3.0,process-model-3.0.0-build3,9119,1,LIVE,SYNCHRONISED,AUTOMATIC,NORMAL,65,1950,1950,0,145,199,0.3,0.315,24.20215,41.38,1.036,1,0.0255,0,209.64,5.4238,-0.02199,1,0.18,10.491,1.2637,80.5,DEGRADED,F4,4,1,thermal_overload,0.3,1,1,,,,,28,0
2026-08-19T19:36:04.607Z,1787168164607,FAN_DT_001_F4_S03_R01_20260819T193429,1,95.09,FAULT_ACTIVE,F4,0.3,FAN_DT_001,3.0,process-model-3.0.0-build3,9120,1,LIVE,SYNCHRONISED,AUTOMATIC,NORMAL,65,1950,1950,0,145,199,0.3,0.315,24.20371,41.4,1.036,1,0.0255,0,209.64,5.484,-0.02165,1,0.18,10.326,1.2778,80.5,DEGRADED,F4,4,1,thermal_overload,0.3,1,1,,,,,28,0
2026-08-19T19:36:05.641Z,1787168165641,FAN_DT_001_F4_S03_R01_20260819T193429,1,96.125,FAULT_ACTIVE,F4,0.3,FAN_DT_001,3.0,process-model-3.0.0-build3,9121,1,LIVE,SYNCHRONISED,AUTOMATIC,NORMAL,65,1950,1950,0,145,199,0.3,0.315,24.20569,41.42,1.036,1,0.0255,0,209.64,5.5441,-0.02133,1,0.18,10.174,1.2918,80.5,DEGRADED,F4,4,1,thermal_overload,0.3,1,1,,,,,28,0
2026-08-19T19:36:06.658Z,1787168166658,FAN_DT_001_F4_S03_R01_20260819T193429,1,97.141,FAULT_ACTIVE,F4,0.3,FAN_DT_001,3.0,process-model-3.0.0-build3,9122,1,LIVE,SYNCHRONISED,AUTOMATIC,NORMAL,65,1950,1950,0,145,199,0.3,0.315,24.20807,41.44,1.036,1,0.0255,0,209.64,5.604,-0.02101,1,0.18,10.023,1.3057,80.5,DEGRADED,F4,4,1,thermal_overload,0.3,1,1,,,,,28,0
2026-08-19T19:36:07.690Z,1787168167690,FAN_DT_001_F4_S03_R01_20260819T193429,1,98.173,FAULT_ACTIVE,F4,0.3,FAN_DT_001,3.0,process-model-3.0.0-build3,9123,1,LIVE,SYNCHRONISED,AUTOMATIC,NORMAL,65,1950,1950,0,145,199,0.3,0.315,24.21088,41.47,1.036,1,0.0255,0,209.64,5.6642,-0.02069,1,0.18,9.87,1.3198,80.5,DEGRADED,F4,4,1,thermal_overload,0.3,1,1,,,,,28,0
2026-08-19T19:36:08.721Z,1787168168721,FAN_DT_001_F4_S03_R01_20260819T193429,1,99.205,FAULT_ACTIVE,F4,0.3,FAN_DT_001,3.0,process-model-3.0.0-build3,9124,1,LIVE,SYNCHRONISED,AUTOMATIC,NORMAL,65,1950,1950,0,145,199,0.3,0.315,24.2141,41.49,1.036,1,0.0255,0,209.64,5.7242,-0.02038,1,0.18,9.719,1.3337,80.5,DEGRADED,F4,4,1,thermal_overload,0.3,1,1,,,,,28,0
2026-08-19T19:36:09.753Z,1787168169753,FAN_DT_001_F4_S03_R01_20260819T193429,1,100.238,FAULT_ACTIVE,F4,0.3,FAN_DT_001,3.0,process-model-3.0.0-build3,9125,1,LIVE,SYNCHRONISED,AUTOMATIC,NORMAL,65,1950,1950,0,145,199,0.3,0.315,24.21771,41.51,1.036,1,0.0255,0,209.64,5.7839,-0.02009,1,0.18,9.585,1.3477,80.5,DEGRADED,F4,4,1,thermal_overload,0.3,1,1,,,,,28,0
2026-08-19T19:36:10.788Z,1787168170788,FAN_DT_001_F4_S03_R01_20260819T193429,1,101.272,FAULT_ACTIVE,F4,0.3,FAN_DT_001,3.0,process-model-3.0.0-build3,9126,1,LIVE,SYNCHRONISED,AUTOMATIC,NORMAL,65,1950,1950,0,145,199,0.3,0.315,24.22177,41.53,1.036,1,0.0255,0,209.64,5.8443,-0.01983,1,0.18,9.459,1.3617,80.5,DEGRADED,F4,4,1,thermal_overload,0.3,1,1,,,,,28,0
2026-08-19T19:36:11.831Z,1787168171831,FAN_DT_001_F4_S03_R01_20260819T193429,1,102.315,FAULT_ACTIVE,F4,0.3,FAN_DT_001,3.0,process-model-3.0.0-build3,9127,1,LIVE,SYNCHRONISED,AUTOMATIC,NORMAL,65,1950,1950,0,145,199,0.3,0.315,24.2262,41.55,1.036,1,0.0255,0,209.64,5.9041,-0.01957,1,0.18,9.335,1.3756,80.5,DEGRADED,F4,4,1,thermal_overload,0.3,1,1,,,,,28,0
2026-08-19T19:36:12.850Z,1787168172850,FAN_DT_001_F4_S03_R01_20260819T193429,1,103.334,FAULT_ACTIVE,F4,0.3,FAN_DT_001,3.0,process-model-3.0.0-build3,9128,1,LIVE,SYNCHRONISED,AUTOMATIC,NORMAL,65,1950,1950,0,145,199,0.3,0.315,24.23108,41.57,1.036,1,0.0255,0,209.64,5.9644,-0.01932,1,0.18,9.216,1.3897,80.5,DEGRADED,F4,4,1,thermal_overload,0.3,1,1,,,,,28,0
2026-08-19T19:36:13.898Z,1787168173898,FAN_DT_001_F4_S03_R01_20260819T193429,1,104.382,FAULT_ACTIVE,F4,0.3,FAN_DT_001,3.0,process-model-3.0.0-build3,9129,1,LIVE,SYNCHRONISED,AUTOMATIC,NORMAL,65,1950,1950,0,145,199,0.3,0.315,24.23632,41.59,1.036,1,0.0255,0,209.64,6.0242,-0.01907,1,0.18,9.098,1.4036,80.5,DEGRADED,F4,4,1,thermal_overload,0.3,1,1,,,,,28,0
2026-08-19T19:36:14.923Z,1787168174923,FAN_DT_001_F4_S03_R01_20260819T193429,1,105.406,FAULT_ACTIVE,F4,0.3,FAN_DT_001,3.0,process-model-3.0.0-build3,9130,1,LIVE,SYNCHRONISED,AUTOMATIC,NORMAL,65,1950,1950,0,145,199,0.3,0.315,24.24201,41.61,1.036,1,0.0255,0,209.64,6.0845,-0.01884,1,0.18,8.986,1.4177,80.5,DEGRADED,F4,4,1,thermal_overload,0.3,1,1,,,,,28,0
2026-08-19T19:36:15.948Z,1787168175948,FAN_DT_001_F4_S03_R01_20260819T193429,1,106.432,FAULT_ACTIVE,F4,0.3,FAN_DT_001,3.0,process-model-3.0.0-build3,9131,1,LIVE,SYNCHRONISED,AUTOMATIC,NORMAL,65,1950,1950,0,145,199,0.3,0.315,24.24803,41.63,1.036,1,0.0255,0,209.64,6.1442,-0.01862,1,0.18,8.884,1.4316,80.5,DEGRADED,F4,4,1,thermal_overload,0.3,1,1,,,,,28,0
2026-08-19T19:36:16.980Z,1787168176980,FAN_DT_001_F4_S03_R01_20260819T193429,1,107.463,FAULT_ACTIVE,F4,0.3,FAN_DT_001,3.0,process-model-3.0.0-build3,9132,1,LIVE,SYNCHRONISED,AUTOMATIC,NORMAL,65,1950,1950,0,145,199,0.3,0.315,24.25453,41.65,1.036,1,0.0255,0,209.64,6.2046,-0.01841,1,0.18,8.781,1.4457,80.5,DEGRADED,F4,4,1,thermal_overload,0.3,1,1,,,,,28,0
2026-08-19T19:36:18.027Z,1787168178027,FAN_DT_001_F4_S03_R01_20260819T193429,1,108.51,FAULT_ACTIVE,F4,0.3,FAN_DT_001,3.0,process-model-3.0.0-build3,9133,1,LIVE,SYNCHRONISED,AUTOMATIC,NORMAL,65,1950,1950,0,145,199,0.3,0.315,24.26137,41.66,1.036,1,0.0255,0,209.64,6.2646,-0.01823,1,0.18,8.694,1.4596,80.5,DEGRADED,F4,4,1,thermal_overload,0.3,1,1,,,,,28,0
2026-08-19T19:36:19.051Z,1787168179051,FAN_DT_001_F4_S03_R01_20260819T193429,1,109.535,FAULT_ACTIVE,F4,0.3,FAN_DT_001,3.0,process-model-3.0.0-build3,9134,1,LIVE,SYNCHRONISED,AUTOMATIC,NORMAL,65,1950,1950,0,145,199,0.3,0.315,24.26862,41.68,1.036,1,0.0255,0,209.64,6.3247,-0.01803,1,0.18,8.602,1.4737,80.5,DEGRADED,F4,4,1,thermal_overload,0.3,1,1,,,,,28,0
2026-08-19T19:36:20.084Z,1787168180084,FAN_DT_001_F4_S03_R01_20260819T193429,1,110.568,FAULT_ACTIVE,F4,0.3,FAN_DT_001,3.0,process-model-3.0.0-build3,9135,1,LIVE,SYNCHRONISED,AUTOMATIC,NORMAL,65,1950,1950,0,145,199,0.3,0.315,24.27626,41.7,1.036,1,0.0255,0,209.64,6.385,-0.01783,1,0.18,8.506,1.4877,80.5,DEGRADED,F4,4,1,thermal_overload,0.3,1,1,,,,,28,0
2026-08-19T19:36:21.131Z,1787168181131,FAN_DT_001_F4_S03_R01_20260819T193429,1,111.615,FAULT_ACTIVE,F4,0.3,FAN_DT_001,3.0,process-model-3.0.0-build3,9136,1,LIVE,SYNCHRONISED,AUTOMATIC,NORMAL,65,1950,1950,0,145,199,0.3,0.315,24.28423,41.72,1.036,1,0.0255,0,209.64,6.4448,-0.01769,1,0.18,8.437,1.5016,80.5,DEGRADED,F4,4,1,thermal_overload,0.3,1,1,,,,,28,0
2026-08-19T19:36:22.152Z,1787168182152,FAN_DT_001_F4_S03_R01_20260819T193429,1,112.635,FAULT_ACTIVE,F4,0.3,FAN_DT_001,3.0,process-model-3.0.0-build3,9137,1,LIVE,SYNCHRONISED,AUTOMATIC,NORMAL,65,1950,1950,0,145,199,0.3,0.315,24.29268,41.74,1.036,1,0.0255,0,209.64,6.5054,-0.01752,1,0.18,8.356,1.5157,80.5,DEGRADED,F4,4,1,thermal_overload,0.3,1,1,,,,,28,0
2026-08-19T19:36:23.200Z,1787168183200,FAN_DT_001_F4_S03_R01_20260819T193429,1,113.728,FAULT_ACTIVE,F4,0.3,FAN_DT_001,3.0,process-model-3.0.0-build3,9138,1,LIVE,SYNCHRONISED,AUTOMATIC,NORMAL,65,1950,1950,0,145,199,0.3,0.315,24.3014,41.76,1.036,1,0.0255,0,209.64,6.5652,-0.01735,1,0.18,8.279,1.5297,80.5,DEGRADED,F4,4,1,thermal_overload,0.3,1,1,,,,,28,0
2026-08-19T19:36:24.222Z,1787168184222,FAN_DT_001_F4_S03_R01_20260819T193429,1,114.705,FAULT_ACTIVE,F4,0.3,FAN_DT_001,3.0,process-model-3.0.0-build3,9139,1,LIVE,SYNCHRONISED,AUTOMATIC,NORMAL,65,1950,1950,0,145,199,0.3,0.315,24.31056,41.77,1.036,1,0.0255,0,209.64,6.6256,-0.0172,1,0.18,8.203,1.5438,80.5,DEGRADED,F4,4,1,thermal_overload,0.3,1,1,,,,,28,0
2026-08-19T19:36:25.260Z,1787168185260,FAN_DT_001_F4_S03_R01_20260819T193429,1,115.744,FAULT_ACTIVE,F4,0.3,FAN_DT_001,3.0,process-model-3.0.0-build3,9140,1,LIVE,SYNCHRONISED,AUTOMATIC,NORMAL,65,1950,1950,0,145,199,0.3,0.315,24.32001,41.79,1.036,1,0.0255,0,209.64,6.6855,-0.01708,1,0.18,8.147,1.5577,80.5,DEGRADED,F4,4,1,thermal_overload,0.3,1,1,,,,,28,0
2026-08-19T19:36:26.290Z,1787168186290,FAN_DT_001_F4_S03_R01_20260819T193429,1,116.778,FAULT_ACTIVE,F4,0.3,FAN_DT_001,3.0,process-model-3.0.0-build3,9141,1,LIVE,SYNCHRONISED,AUTOMATIC,NORMAL,65,1950,1950,0,145,199,0.3,0.315,24.32992,41.81,1.036,1,0.0255,0,209.64,6.7459,-0.01695,1,0.18,8.087,1.5718,80.5,DEGRADED,F4,4,1,thermal_overload,0.3,1,1,,,,,28,0
2026-08-19T19:36:27.402Z,1787168187402,FAN_DT_001_F4_S03_R01_20260819T193429,1,117.886,FAULT_ACTIVE,F4,0.3,FAN_DT_001,3.0,process-model-3.0.0-build3,9142,1,LIVE,SYNCHRONISED,AUTOMATIC,NORMAL,65,1950,1950,0,145,199,0.3,0.315,24.34007,41.83,1.036,1,0.0255,0,209.64,6.8057,-0.01683,1,0.18,8.029,1.5857,80.5,DEGRADED,F4,4,1,thermal_overload,0.3,1,1,,,,,28,0
2026-08-19T19:36:28.358Z,1787168188358,FAN_DT_001_F4_S03_R01_20260819T193429,1,118.842,FAULT_ACTIVE,F4,0.3,FAN_DT_001,3.0,process-model-3.0.0-build3,9143,1,LIVE,SYNCHRONISED,AUTOMATIC,NORMAL,65,1950,1950,0,145,199,0.3,0.315,24.35068,41.84,1.036,1,0.0255,0,209.64,6.8662,-0.01671,1,0.18,7.972,1.5998,80.5,DEGRADED,F4,4,1,thermal_overload,0.3,1,1,,,,,28,0
2026-08-19T19:36:29.398Z,1787168189398,FAN_DT_001_F4_S03_R01_20260819T193429,1,119.881,FAULT_ACTIVE,F4,0.3,FAN_DT_001,3.0,process-model-3.0.0-build3,9144,1,LIVE,SYNCHRONISED,AUTOMATIC,NORMAL,65,1950,1950,0,145,199,0.3,0.315,24.36151,41.86,1.036,1,0.0255,0,209.64,6.926,-0.0166,1,0.18,7.918,1.6138,80.5,DEGRADED,F4,4,1,thermal_overload,0.3,1,1,,,,,28,0
2026-08-19T19:36:30.462Z,1787168190462,FAN_DT_001_F4_S03_R01_20260819T193429,1,120.947,FAULT_ACTIVE,F4,0.3,FAN_DT_001,3.0,process-model-3.0.0-build3,9145,1,LIVE,SYNCHRONISED,AUTOMATIC,NORMAL,65,1950,1950,0,145,199,0.3,0.315,24.37283,41.88,1.036,1,0.0255,0,209.64,6.9867,-0.01651,1,0.18,7.876,1.6279,80.5,DEGRADED,F4,4,1,thermal_overload,0.3,1,1,,,,,28,0
2026-08-19T19:36:31.455Z,1787168191455,FAN_DT_001_F4_S03_R01_20260819T193429,1,121.94,FAULT_ACTIVE,F4,0.3,FAN_DT_001,3.0,process-model-3.0.0-build3,9146,1,LIVE,SYNCHRONISED,AUTOMATIC,NORMAL,65,1950,1950,0,145,199,0.3,0.315,24.38423,41.9,1.036,1,0.0255,0,209.64,7.0459,-0.01642,1,0.18,7.835,1.6417,80.5,DEGRADED,F4,4,1,thermal_overload,0.3,1,1,,,,,28,0
2026-08-19T19:36:32.504Z,1787168192504,FAN_DT_001_F4_S03_R01_20260819T193429,1,122.988,FAULT_ACTIVE,F4,0.3,FAN_DT_001,3.0,process-model-3.0.0-build3,9147,1,LIVE,SYNCHRONISED,AUTOMATIC,NORMAL,65,1950,1950,0,145,199,0.3,0.315,24.39617,41.91,1.036,1,0.0255,0,209.64,7.1063,-0.01633,1,0.18,7.791,1.6558,80.5,DEGRADED,F4,4,1,thermal_overload,0.3,1,1,,,,,28,0
2026-08-19T19:36:33.522Z,1787168193522,FAN_DT_001_F4_S03_R01_20260819T193429,1,124.005,FAULT_ACTIVE,F4,0.3,FAN_DT_001,3.0,process-model-3.0.0-build3,9148,1,LIVE,SYNCHRONISED,AUTOMATIC,NORMAL,65,1950,1950,0,145,199,0.3,0.315,24.40829,41.93,1.036,1,0.0255,0,209.64,7.1661,-0.01626,1,0.18,7.754,1.6697,80.5,DEGRADED,F4,4,1,thermal_overload,0.3,1,1,,,,,28,0
2026-08-19T19:36:34.554Z,1787168194554,FAN_DT_001_F4_S03_R01_20260819T193429,1,125.037,FAULT_ACTIVE,F4,0.3,FAN_DT_001,3.0,process-model-3.0.0-build3,9149,1,LIVE,SYNCHRONISED,AUTOMATIC,NORMAL,65,1950,1950,0,145,199,0.3,0.315,24.42084,41.95,1.036,1,0.0255,0,209.64,7.2264,-0.01619,1,0.18,7.723,1.6838,80.5,DEGRADED,F4,4,1,thermal_overload,0.3,1,1,,,,,28,0
2026-08-19T19:36:35.592Z,1787168195592,FAN_DT_001_F4_S03_R01_20260819T193429,1,126.075,FAULT_ACTIVE,F4,0.3,FAN_DT_001,3.0,process-model-3.0.0-build3,9150,1,LIVE,SYNCHRONISED,AUTOMATIC,NORMAL,65,1950,1950,0,145,199,0.3,0.315,24.43361,41.96,1.036,1,0.0255,0,209.64,7.2864,-0.01614,1,0.18,7.699,1.6977,80.5,DEGRADED,F4,4,1,thermal_overload,0.3,1,1,,,,,28,0
2026-08-19T19:36:36.625Z,1787168196625,FAN_DT_001_F4_S03_R01_20260819T193429,1,127.108,FAULT_ACTIVE,F4,0.3,FAN_DT_001,3.0,process-model-3.0.0-build3,9151,1,LIVE,SYNCHRONISED,AUTOMATIC,NORMAL,65,1950,1950,0,145,199,0.3,0.315,24.44676,41.98,1.036,1,0.0255,0,209.64,7.3466,-0.01607,1,0.18,7.666,1.7118,80.5,DEGRADED,F4,4,1,thermal_overload,0.3,1,1,,,,,28,0
2026-08-19T19:36:37.658Z,1787168197658,FAN_DT_001_F4_S03_R01_20260819T193429,1,128.141,FAULT_ACTIVE,F4,0.3,FAN_DT_001,3.0,process-model-3.0.0-build3,9152,1,LIVE,SYNCHRONISED,AUTOMATIC,NORMAL,65,1950,1950,0,145,199,0.3,0.315,24.46011,42,1.036,1,0.0255,0,209.64,7.4065,-0.016,1,0.18,7.634,1.7257,80.5,DEGRADED,F4,4,1,thermal_overload,0.3,1,1,,,,,28,0
2026-08-19T19:36:38.688Z,1787168198688,FAN_DT_001_F4_S03_R01_20260819T193429,1,129.172,FAULT_ACTIVE,F4,0.3,FAN_DT_001,3.0,process-model-3.0.0-build3,9153,1,LIVE,SYNCHRONISED,AUTOMATIC,NORMAL,65,1950,1950,0,145,199,0.3,0.315,24.47385,42.01,1.036,1,0.0255,0,209.64,7.4669,-0.01596,1,0.18,7.612,1.7398,80.5,DEGRADED,F4,4,1,thermal_overload,0.3,1,1,,,,,28,0
2026-08-19T19:36:39.754Z,1787168199754,FAN_DT_001_F4_S03_R01_20260819T193429,1,130.238,FAULT_ACTIVE,F4,0.3,FAN_DT_001,3.0,process-model-3.0.0-build3,9154,1,LIVE,SYNCHRONISED,AUTOMATIC,NORMAL,65,1950,1950,0,145,199,0.3,0.315,24.48771,42.03,1.036,1,0.0255,0,209.64,7.5266,-0.01592,1,0.18,7.594,1.7537,80.5,DEGRADED,F4,4,1,thermal_overload,0.3,1,1,,,,,28,0
2026-08-19T19:36:40.755Z,1787168200755,FAN_DT_001_F4_S03_R01_20260819T193429,1,131.238,FAULT_ACTIVE,F4,0.3,FAN_DT_001,3.0,process-model-3.0.0-build3,9155,1,LIVE,SYNCHRONISED,AUTOMATIC,NORMAL,65,1950,1950,0,145,199,0.3,0.315,24.50197,42.05,1.036,1,0.0255,0,209.64,7.5868,-0.01588,1,0.18,7.575,1.7677,80.5,DEGRADED,F4,4,1,thermal_overload,0.3,1,1,,,,,28,0
2026-08-19T19:36:41.806Z,1787168201806,FAN_DT_001_F4_S03_R01_20260819T193429,1,132.296,FAULT_ACTIVE,F4,0.3,FAN_DT_001,3.0,process-model-3.0.0-build3,9156,1,LIVE,SYNCHRONISED,AUTOMATIC,NORMAL,65,1950,1950,0,145,199,0.3,0.315,24.51645,42.06,1.036,1,0.0255,0,209.64,7.6468,-0.01585,1,0.18,7.559,1.7817,80.5,DEGRADED,F4,4,1,thermal_overload,0.3,1,1,,,,,28,0
2026-08-19T19:36:42.825Z,1787168202825,FAN_DT_001_F4_S03_R01_20260819T193429,1,133.308,FAULT_ACTIVE,F4,0.3,FAN_DT_001,3.0,process-model-3.0.0-build3,9157,1,LIVE,SYNCHRONISED,AUTOMATIC,NORMAL,65,1950,1950,0,145,199,0.3,0.315,24.53123,42.08,1.036,1,0.0255,0,209.64,7.7072,-0.01583,1,0.18,7.553,1.7958,80.5,DEGRADED,F4,4,1,thermal_overload,0.3,1,1,,,,,28,0
2026-08-19T19:36:43.863Z,1787168203863,FAN_DT_001_F4_S03_R01_20260819T193429,1,134.402,FAULT_ACTIVE,F4,0.3,FAN_DT_001,3.0,process-model-3.0.0-build3,9158,1,LIVE,SYNCHRONISED,AUTOMATIC,NORMAL,65,1950,1950,0,145,199,0.3,0.315,24.54621,42.1,1.036,1,0.0255,0,209.64,7.7672,-0.01582,1,0.18,7.545,1.8098,80.5,DEGRADED,F4,4,1,thermal_overload,0.3,1,1,,,,,28,0
2026-08-19T19:36:44.896Z,1787168204896,FAN_DT_001_F4_S03_R01_20260819T193429,1,135.381,FAULT_ACTIVE,F4,0.3,FAN_DT_001,3.0,process-model-3.0.0-build3,9159,1,LIVE,SYNCHRONISED,AUTOMATIC,NORMAL,65,1950,1950,0,145,199,0.3,0.315,24.56149,42.11,1.036,1,0.0255,0,209.64,7.8275,-0.01578,1,0.18,7.526,1.8238,80.5,DEGRADED,F4,4,1,thermal_overload,0.3,1,1,,,,,28,0
2026-08-19T19:36:45.928Z,1787168205928,FAN_DT_001_F4_S03_R01_20260819T193429,1,136.437,FAULT_ACTIVE,F4,0.3,FAN_DT_001,3.0,process-model-3.0.0-build3,9160,1,LIVE,SYNCHRONISED,AUTOMATIC,NORMAL,65,1950,1950,0,145,199,0.3,0.315,24.57689,42.13,1.036,1,0.0255,0,209.64,7.8873,-0.01578,1,0.18,7.529,1.8377,80.5,DEGRADED,F4,4,1,thermal_overload,0.3,1,1,,,,,28,0
2026-08-19T19:36:46.958Z,1787168206958,FAN_DT_001_F4_S03_R01_20260819T193429,1,137.498,FAULT_ACTIVE,F4,0.3,FAN_DT_001,3.0,process-model-3.0.0-build3,9161,1,LIVE,SYNCHRONISED,AUTOMATIC,NORMAL,65,1950,1950,0,145,199,0.3,0.315,24.59263,42.14,1.036,1,0.0255,0,209.64,7.9477,-0.01577,1,0.18,7.524,1.8518,80.5,DEGRADED,F4,4,1,thermal_overload,0.3,1,1,,,,,28,0
2026-08-19T19:36:47.993Z,1787168207993,FAN_DT_001_F4_S03_R01_20260819T193429,1,138.477,FAULT_ACTIVE,F4,0.3,FAN_DT_001,3.0,process-model-3.0.0-build3,9162,1,LIVE,SYNCHRONISED,AUTOMATIC,NORMAL,65,1950,1950,0,145,199,0.3,0.315,24.60844,42.16,1.036,1,0.0255,0,209.64,8.0075,-0.01575,1,0.18,7.511,1.8657,80.5,DEGRADED,F4,4,1,thermal_overload,0.3,1,1,,,,,28,0
2026-08-19T19:36:49.040Z,1787168209040,FAN_DT_001_F4_S03_R01_20260819T193429,1,139.524,FAULT_ACTIVE,F4,0.3,FAN_DT_001,3.0,process-model-3.0.0-build3,9163,1,LIVE,SYNCHRONISED,AUTOMATIC,NORMAL,65,1950,1950,0,145,199,0.3,0.315,24.62459,42.18,1.036,1,0.0255,0,209.64,8.0677,-0.01574,1,0.18,7.51,1.8798,80.5,DEGRADED,F4,4,1,thermal_overload,0.3,1,1,,,,,28,0
2026-08-19T19:36:50.056Z,1787168210056,FAN_DT_001_F4_S03_R01_20260819T193429,1,140.54,FAULT_ACTIVE,F4,0.3,FAN_DT_001,3.0,process-model-3.0.0-build3,9164,1,LIVE,SYNCHRONISED,AUTOMATIC,NORMAL,65,1950,1950,0,145,199,0.3,0.315,24.64085,42.19,1.036,1,0.0255,0,209.64,8.1277,-0.01575,1,0.18,7.513,1.8937,80.5,DEGRADED,F4,4,1,thermal_overload,0.3,1,1,,,,,28,0
2026-08-19T19:36:51.107Z,1787168211107,FAN_DT_001_F4_S03_R01_20260819T193429,1,141.591,FAULT_ACTIVE,F4,0.3,FAN_DT_001,3.0,process-model-3.0.0-build3,9165,1,LIVE,SYNCHRONISED,AUTOMATIC,NORMAL,65,1950,1950,0,145,199,0.3,0.315,24.65736,42.21,1.036,1,0.0255,0,209.64,8.1878,-0.01574,1,0.18,7.51,1.9078,80.5,DEGRADED,F4,4,1,thermal_overload,0.3,1,1,,,,,28,0
2026-08-19T19:36:52.126Z,1787168212126,FAN_DT_001_F4_S03_R01_20260819T193429,1,142.612,FAULT_ACTIVE,F4,0.3,FAN_DT_001,3.0,process-model-3.0.0-build3,9166,1,LIVE,SYNCHRONISED,AUTOMATIC,NORMAL,65,1950,1950,0,145,199,0.3,0.315,24.67403,42.23,1.036,1,0.0255,0,209.64,8.248,-0.01578,1,0.18,7.527,1.9218,80.5,DEGRADED,F4,4,1,thermal_overload,0.3,1,1,,,,,28,0
2026-08-19T19:36:53.163Z,1787168213163,FAN_DT_001_F4_S03_R01_20260819T193429,1,143.647,FAULT_ACTIVE,F4,0.3,FAN_DT_001,3.0,process-model-3.0.0-build3,9167,1,LIVE,SYNCHRONISED,AUTOMATIC,NORMAL,65,1950,1950,0,145,199,0.3,0.315,24.69082,42.24,1.036,1,0.0255,0,209.64,8.3079,-0.01577,1,0.18,7.524,1.9357,80.5,DEGRADED,F4,4,1,thermal_overload,0.3,1,1,,,,,28,0
2026-08-19T19:36:54.192Z,1787168214192,FAN_DT_001_F4_S03_R01_20260819T193429,1,144.676,FAULT_ACTIVE,F4,0.3,FAN_DT_001,3.0,process-model-3.0.0-build3,9168,1,LIVE,SYNCHRONISED,AUTOMATIC,NORMAL,65,1950,1950,0,145,199,0.3,0.315,24.70789,42.26,1.036,1,0.0255,0,209.64,8.3682,-0.01578,1,0.18,7.527,1.9498,80.5,DEGRADED,F4,4,1,thermal_overload,0.3,1,1,,,,,28,0
2026-08-19T19:36:55.228Z,1787168215228,FAN_DT_001_F4_S03_R01_20260819T193429,1,145.713,FAULT_ACTIVE,F4,0.3,FAN_DT_001,3.0,process-model-3.0.0-build3,9169,1,LIVE,SYNCHRONISED,AUTOMATIC,NORMAL,65,1950,1950,0,145,199,0.3,0.315,24.72501,42.27,1.036,1,0.0255,0,209.64,8.4282,-0.0158,1,0.18,7.536,1.9638,80.5,DEGRADED,F4,4,1,thermal_overload,0.3,1,1,,,,,28,0
2026-08-19T19:36:56.277Z,1787168216277,FAN_DT_001_F4_S03_R01_20260819T193429,1,146.761,FAULT_ACTIVE,F4,0.3,FAN_DT_001,3.0,process-model-3.0.0-build3,9170,1,LIVE,SYNCHRONISED,AUTOMATIC,NORMAL,65,1950,1950,0,145,199,0.3,0.315,24.74238,42.29,1.036,1,0.0255,0,209.64,8.4886,-0.01582,1,0.18,7.545,1.9778,80.5,DEGRADED,F4,4,1,thermal_overload,0.3,1,1,,,,,28,0
2026-08-19T19:36:57.295Z,1787168217295,FAN_DT_001_F4_S03_R01_20260819T193429,1,147.779,FAULT_ACTIVE,F4,0.3,FAN_DT_001,3.0,process-model-3.0.0-build3,9171,1,LIVE,SYNCHRONISED,AUTOMATIC,NORMAL,65,1950,1950,0,145,199,0.3,0.315,24.75976,42.31,1.036,1,0.0255,0,209.64,8.5484,-0.01582,1,0.18,7.549,1.9918,80.5,DEGRADED,F4,4,1,thermal_overload,0.3,1,1,,,,,28,0
2026-08-19T19:36:58.331Z,1787168218331,FAN_DT_001_F4_S03_R01_20260819T193429,1,148.815,FAULT_ACTIVE,F4,0.3,FAN_DT_001,3.0,process-model-3.0.0-build3,9172,1,LIVE,SYNCHRONISED,AUTOMATIC,NORMAL,65,1950,1950,0,145,199,0.3,0.315,24.77739,42.32,1.036,1,0.0255,0,209.64,8.6088,-0.01586,1,0.18,7.566,2.0058,80.5,DEGRADED,F4,4,1,thermal_overload,0.3,1,1,,,,,28,0
2026-08-19T19:36:59.362Z,1787168219362,FAN_DT_001_F4_S03_R01_20260819T193429,1,149.846,FAULT_ACTIVE,F4,0.3,FAN_DT_001,3.0,process-model-3.0.0-build3,9173,1,LIVE,SYNCHRONISED,AUTOMATIC,NORMAL,65,1950,1950,0,145,199,0.3,0.315,24.79497,42.34,1.036,1,0.0255,0,209.64,8.6685,-0.01588,1,0.18,7.575,2.0198,80.5,DEGRADED,F4,4,1,thermal_overload,0.3,1,1,,,,,28,0
2026-08-19T19:37:00.415Z,1787168220415,FAN_DT_001_F4_S03_R01_20260819T193429,1,150.902,FAULT_ACTIVE,F4,0.3,FAN_DT_001,3.0,process-model-3.0.0-build3,9174,1,LIVE,SYNCHRONISED,AUTOMATIC,NORMAL,65,1950,1950,0,145,199,0.3,0.315,24.8128,42.36,1.036,1,0.0255,0,209.64,8.7288,-0.01589,1,0.18,7.582,2.0338,80.5,DEGRADED,F4,4,1,thermal_overload,0.3,1,1,,,,,28,0
2026-08-19T19:37:01.432Z,1787168221432,FAN_DT_001_F4_S03_R01_20260819T193429,1,151.916,FAULT_ACTIVE,F4,0.3,FAN_DT_001,3.0,process-model-3.0.0-build3,9175,1,LIVE,SYNCHRONISED,AUTOMATIC,NORMAL,65,1950,1950,0,145,199,0.3,0.315,24.83064,42.37,1.036,1,0.0255,0,209.64,8.7888,-0.01592,1,0.18,7.596,2.0478,80.5,DEGRADED,F4,4,1,thermal_overload,0.3,1,1,,,,,28,0
2026-08-19T19:37:02.469Z,1787168222469,FAN_DT_001_F4_S03_R01_20260819T193429,1,152.953,FAULT_ACTIVE,F4,0.3,FAN_DT_001,3.0,process-model-3.0.0-build3,9176,1,LIVE,SYNCHRONISED,AUTOMATIC,NORMAL,65,1950,1950,0,145,199,0.3,0.315,24.84868,42.39,1.036,1,0.0255,0,209.64,8.849,-0.01596,1,0.18,7.611,2.0618,80.5,DEGRADED,F4,4,1,thermal_overload,0.3,1,1,,,,,28,0
2026-08-19T19:37:03.495Z,1787168223495,FAN_DT_001_F4_S03_R01_20260819T193429,1,153.978,FAULT_ACTIVE,F4,0.3,FAN_DT_001,3.0,process-model-3.0.0-build3,9177,1,LIVE,SYNCHRONISED,AUTOMATIC,NORMAL,65,1950,1950,0,145,199,0.3,0.315,24.86669,42.41,1.036,1,0.0255,0,209.64,8.909,-0.01596,1,0.18,7.612,2.0758,80.5,DEGRADED,F4,4,1,thermal_overload,0.3,1,1,,,,,28,0
2026-08-19T19:37:04.524Z,1787168224524,FAN_DT_001_F4_S03_R01_20260819T193429,1,155.007,FAULT_ACTIVE,F4,0.3,FAN_DT_001,3.0,process-model-3.0.0-build3,9178,1,LIVE,SYNCHRONISED,AUTOMATIC,NORMAL,65,1950,1950,0,145,199,0.3,0.315,24.88482,42.42,1.036,1,0.0255,0,209.64,8.9691,-0.01598,1,0.18,7.625,2.0898,80.5,DEGRADED,F4,4,1,thermal_overload,0.3,1,1,,,,,28,0
2026-08-19T19:37:05.558Z,1787168225558,FAN_DT_001_F4_S03_R01_20260819T193429,1,156.042,FAULT_ACTIVE,F4,0.3,FAN_DT_001,3.0,process-model-3.0.0-build3,9179,1,LIVE,SYNCHRONISED,AUTOMATIC,NORMAL,65,1950,1950,0,145,199,0.3,0.315,24.90291,42.44,1.036,1,0.0255,0,209.64,9.0289,-0.01602,1,0.18,7.64,2.1037,80.5,DEGRADED,F4,4,1,thermal_overload,0.3,1,1,,,,,28,0
2026-08-19T19:37:06.602Z,1787168226602,FAN_DT_001_F4_S03_R01_20260819T193429,1,157.086,FAULT_ACTIVE,F4,0.3,FAN_DT_001,3.0,process-model-3.0.0-build3,9180,1,LIVE,SYNCHRONISED,AUTOMATIC,NORMAL,65,1950,1950,0,145,199,0.3,0.315,24.92129,42.46,1.036,1,0.0255,0,209.64,9.0895,-0.01605,1,0.18,7.657,2.1178,80.5,DEGRADED,F4,4,1,thermal_overload,0.3,1,1,,,,,28,0
2026-08-19T19:37:07.631Z,1787168227631,FAN_DT_001_F4_S03_R01_20260819T193429,1,158.118,FAULT_ACTIVE,F4,0.3,FAN_DT_001,3.0,process-model-3.0.0-build3,9181,1,LIVE,SYNCHRONISED,AUTOMATIC,NORMAL,65,1950,1950,0,145,199,0.3,0.315,24.93953,42.47,1.036,1,0.0255,0,209.64,9.1495,-0.01607,1,0.18,7.665,2.1318,80.5,DEGRADED,F4,4,1,thermal_overload,0.3,1,1,,,,,28,0
2026-08-19T19:37:08.665Z,1787168228665,FAN_DT_001_F4_S03_R01_20260819T193429,1,159.148,FAULT_ACTIVE,F4,0.3,FAN_DT_001,3.0,process-model-3.0.0-build3,9182,1,LIVE,SYNCHRONISED,AUTOMATIC,NORMAL,65,1950,1950,0,145,199,0.3,0.315,24.9579,42.49,1.036,1,0.0255,0,209.64,9.2097,-0.01611,1,0.18,7.683,2.1459,80.5,DEGRADED,F4,4,1,thermal_overload,0.3,1,1,,,,,28,0
2026-08-19T19:37:09.700Z,1787168229700,FAN_DT_001_F4_S03_R01_20260819T193429,1,160.183,FAULT_ACTIVE,F4,0.3,FAN_DT_001,3.0,process-model-3.0.0-build3,9183,1,LIVE,SYNCHRONISED,AUTOMATIC,NORMAL,65,1950,1950,0,145,199,0.3,0.315,24.97614,42.51,1.036,1,0.0255,0,209.64,9.2695,-0.01613,1,0.18,7.692,2.1598,80.5,DEGRADED,F4,4,1,thermal_overload,0.3,1,1,,,,,28,0
2026-08-19T19:37:10.739Z,1787168230739,FAN_DT_001_F4_S03_R01_20260819T193429,1,161.229,FAULT_ACTIVE,F4,0.3,FAN_DT_001,3.0,process-model-3.0.0-build3,9184,1,LIVE,SYNCHRONISED,AUTOMATIC,NORMAL,65,1950,1950,0,145,199,0.3,0.315,24.99452,42.52,1.036,1,0.0255,0,209.64,9.3298,-0.01617,1,0.18,7.712,2.1738,80.5,DEGRADED,F4,4,1,thermal_overload,0.3,1,1,,,,,28,0
2026-08-19T19:37:11.773Z,1787168231773,FAN_DT_001_F4_S03_R01_20260819T193429,1,162.256,FAULT_ACTIVE,F4,0.3,FAN_DT_001,3.0,process-model-3.0.0-build3,9185,1,LIVE,SYNCHRONISED,AUTOMATIC,NORMAL,65,1950,1950,0,145,199,0.3,0.315,25.01287,42.54,1.036,1,0.0255,0,209.64,9.3899,-0.01618,1,0.18,7.72,2.1878,80.5,DEGRADED,F4,4,1,thermal_overload,0.3,1,1,,,,,28,0
2026-08-19T19:37:12.800Z,1787168232800,FAN_DT_001_F4_S03_R01_20260819T193429,1,163.283,FAULT_ACTIVE,F4,0.3,FAN_DT_001,3.0,process-model-3.0.0-build3,9186,1,LIVE,SYNCHRONISED,AUTOMATIC,NORMAL,65,1950,1950,0,145,199,0.3,0.315,25.03127,42.56,1.036,1,0.0255,0,209.64,9.4502,-0.01623,1,0.18,7.741,2.2019,80.5,DEGRADED,F4,4,1,thermal_overload,0.3,1,1,,,,,28,0
2026-08-19T19:37:13.839Z,1787168233839,FAN_DT_001_F4_S03_R01_20260819T193429,1,164.323,FAULT_ACTIVE,F4,0.3,FAN_DT_001,3.0,process-model-3.0.0-build3,9187,1,LIVE,SYNCHRONISED,AUTOMATIC,NORMAL,65,1950,1950,0,145,199,0.3,0.315,25.04962,42.57,1.036,1,0.0255,0,209.64,9.5103,-0.01624,1,0.18,7.747,2.2159,80.5,DEGRADED,F4,4,1,thermal_overload,0.3,1,1,,,,,28,0
2026-08-19T19:37:14.877Z,1787168234877,FAN_DT_001_F4_S03_R01_20260819T193429,1,165.361,FAULT_ACTIVE,F4,0.3,FAN_DT_001,3.0,process-model-3.0.0-build3,9188,1,LIVE,SYNCHRONISED,AUTOMATIC,NORMAL,65,1950,1950,0,145,199,0.3,0.315,25.06797,42.59,1.036,1,0.0255,0,209.64,9.5707,-0.01626,1,0.18,7.755,2.23,80.5,DEGRADED,F4,4,1,thermal_overload,0.3,1,1,,,,,28,0
2026-08-19T19:37:15.920Z,1787168235920,FAN_DT_001_F4_S03_R01_20260819T193429,1,166.404,FAULT_ACTIVE,F4,0.3,FAN_DT_001,3.0,process-model-3.0.0-build3,9189,1,LIVE,SYNCHRONISED,AUTOMATIC,NORMAL,65,1950,1950,0,145,199,0.3,0.315,25.08627,42.61,1.036,1,0.0255,0,209.64,9.6309,-0.0163,1,0.18,7.774,2.244,80.5,DEGRADED,F4,4,1,thermal_overload,0.3,1,1,,,,,28,0
2026-08-19T19:37:16.950Z,1787168236950,FAN_DT_001_F4_S03_R01_20260819T193429,1,167.433,FAULT_ACTIVE,F4,0.3,FAN_DT_001,3.0,process-model-3.0.0-build3,9190,1,LIVE,SYNCHRONISED,AUTOMATIC,NORMAL,65,1950,1950,0,145,199,0.3,0.315,25.10468,42.62,1.036,1,0.0255,0,209.64,9.6916,-0.01632,1,0.18,7.784,2.2581,80.5,DEGRADED,F4,4,1,thermal_overload,0.3,1,1,,,,,28,0
2026-08-19T19:37:17.987Z,1787168237987,FAN_DT_001_F4_S03_R01_20260819T193429,1,168.471,FAULT_ACTIVE,F4,0.3,FAN_DT_001,3.0,process-model-3.0.0-build3,9191,1,LIVE,SYNCHRONISED,AUTOMATIC,NORMAL,65,1950,1950,0,145,199,0.3,0.315,25.12282,42.64,1.036,1,0.0255,0,209.64,9.7516,-0.01633,1,0.18,7.789,2.2721,80.5,DEGRADED,F4,4,1,thermal_overload,0.3,1,1,,,,,28,0
2026-08-19T19:37:19.019Z,1787168239019,FAN_DT_001_F4_S03_R01_20260819T193429,1,169.503,FAULT_ACTIVE,F4,0.3,FAN_DT_001,3.0,process-model-3.0.0-build3,9192,1,LIVE,SYNCHRONISED,AUTOMATIC,NORMAL,65,1950,1950,0,145,199,0.3,0.315,25.14093,42.66,1.036,1,0.0255,0,209.64,9.8117,-0.01635,1,0.18,7.799,2.2861,80.5,DEGRADED,F4,4,1,thermal_overload,0.3,1,1,,,,,28,0
2026-08-19T19:37:20.052Z,1787168240052,FAN_DT_001_F4_S03_R01_20260819T193429,1,170.535,FAULT_ACTIVE,F4,0.3,FAN_DT_001,3.0,process-model-3.0.0-build3,9193,1,LIVE,SYNCHRONISED,AUTOMATIC,NORMAL,65,1950,1950,0,145,199,0.3,0.315,25.15899,42.67,1.036,1,0.0255,0,209.64,9.872,-0.01639,1,0.18,7.816,2.3002,80.5,DEGRADED,F4,4,1,thermal_overload,0.3,1,1,,,,,28,0
2026-08-19T19:37:21.119Z,1787168241119,FAN_DT_001_F4_S03_R01_20260819T193429,1,171.602,FAULT_ACTIVE,F4,0.3,FAN_DT_001,3.0,process-model-3.0.0-build3,9194,1,LIVE,SYNCHRONISED,AUTOMATIC,NORMAL,65,1950,1950,0,145,199,0.3,0.315,25.17692,42.69,1.036,1,0.0255,0,209.64,9.9321,-0.01638,1,0.18,7.813,2.3142,80.5,DEGRADED,F4,4,1,thermal_overload,0.3,1,1,,,,,28,0
2026-08-19T19:37:22.125Z,1787168242125,FAN_DT_001_F4_S03_R01_20260819T193429,1,172.608,FAULT_ACTIVE,F4,0.3,FAN_DT_001,3.0,process-model-3.0.0-build3,9195,1,LIVE,SYNCHRONISED,AUTOMATIC,NORMAL,65,1950,1950,0,145,199,0.3,0.315,25.19484,42.71,1.036,1,0.0255,0,209.64,9.9924,-0.01641,1,0.18,7.83,2.3282,80.5,DEGRADED,F4,4,1,thermal_overload,0.3,1,1,,,,,28,0
2026-08-19T19:37:23.155Z,1787168243155,FAN_DT_001_F4_S03_R01_20260819T193429,1,173.639,FAULT_ACTIVE,F4,0.3,FAN_DT_001,3.0,process-model-3.0.0-build3,9196,1,LIVE,SYNCHRONISED,AUTOMATIC,NORMAL,65,1950,1950,0,145,199,0.3,0.315,25.21253,42.72,1.036,1,0.0255,0,209.64,10.0523,-0.01643,1,0.18,7.837,2.3422,80.5,DEGRADED,F4,4,1,thermal_overload,0.3,1,1,,,,,28,0
2026-08-19T19:37:24.192Z,1787168244192,FAN_DT_001_F4_S03_R01_20260819T193429,1,174.676,FAULT_ACTIVE,F4,0.3,FAN_DT_001,3.0,process-model-3.0.0-build3,9197,1,LIVE,SYNCHRONISED,AUTOMATIC,NORMAL,65,1950,1950,0,145,199,0.3,0.315,25.2302,42.74,1.036,1,0.0255,0,209.64,10.1126,-0.01641,1,0.18,7.83,2.3562,80.5,DEGRADED,F4,4,1,thermal_overload,0.3,1,1,,,,,28,0
2026-08-19T19:37:25.222Z,1787168245222,FAN_DT_001_F4_S03_R01_20260819T193429,1,175.736,FAULT_ACTIVE,F4,0.3,FAN_DT_001,3.0,process-model-3.0.0-build3,9198,1,LIVE,SYNCHRONISED,AUTOMATIC,NORMAL,65,1950,1950,0,145,199,0.3,0.315,25.24762,42.76,1.036,1,0.0255,0,209.64,10.1724,-0.01643,1,0.18,7.837,2.3702,80.5,DEGRADED,F4,4,1,thermal_overload,0.3,1,1,,,,,28,0
2026-08-19T19:37:26.256Z,1787168246256,FAN_DT_001_F4_S03_R01_20260819T193429,1,176.74,FAULT_ACTIVE,F4,0.3,FAN_DT_001,3.0,process-model-3.0.0-build3,9199,1,LIVE,SYNCHRONISED,AUTOMATIC,NORMAL,65,1950,1950,0,145,199,0.3,0.315,25.26508,42.78,1.036,1,0.0255,0,209.64,10.2328,-0.01644,1,0.18,7.843,2.3842,80.5,DEGRADED,F4,4,1,thermal_overload,0.3,1,1,,,,,28,0
2026-08-19T19:37:27.294Z,1787168247294,FAN_DT_001_F4_S03_R01_20260819T193429,1,177.778,FAULT_ACTIVE,F4,0.3,FAN_DT_001,3.0,process-model-3.0.0-build3,9200,1,LIVE,SYNCHRONISED,AUTOMATIC,NORMAL,65,1950,1950,0,145,199,0.3,0.315,25.28233,42.79,1.036,1,0.0255,0,209.64,10.2929,-0.01643,1,0.18,7.839,2.3982,80.5,DEGRADED,F4,4,1,thermal_overload,0.3,1,1,,,,,28,0
2026-08-19T19:37:28.329Z,1787168248329,FAN_DT_001_F4_S03_R01_20260819T193429,1,178.812,FAULT_ACTIVE,F4,0.3,FAN_DT_001,3.0,process-model-3.0.0-build3,9201,1,LIVE,SYNCHRONISED,AUTOMATIC,NORMAL,65,1950,1950,0,145,199,0.3,0.315,25.29947,42.81,1.036,1,0.0255,0,209.64,10.3531,-0.01644,1,0.18,7.842,2.4123,80.5,DEGRADED,F4,4,1,thermal_overload,0.3,1,1,,,,,28,0
2026-08-19T19:37:29.362Z,1787168249362,FAN_DT_001_F4_S03_R01_20260819T193429,1,179.846,FAULT_ACTIVE,F4,0.3,FAN_DT_001,3.0,process-model-3.0.0-build3,9202,1,LIVE,SYNCHRONISED,AUTOMATIC,NORMAL,65,1950,1950,0,145,199,0.3,0.315,25.31635,42.83,1.036,1,0.0255,0,209.64,10.4131,-0.01644,1,0.18,7.844,2.4262,80.5,DEGRADED,F4,4,1,thermal_overload,0.3,1,1,,,,,28,0
2026-08-19T19:37:30.398Z,1787168250398,FAN_DT_001_F4_S03_R01_20260819T193429,1,180.883,FAULT_ACTIVE,F4,0.3,FAN_DT_001,3.0,process-model-3.0.0-build3,9203,1,LIVE,SYNCHRONISED,AUTOMATIC,NORMAL,65,1950,1950,0,145,199,0.3,0.315,25.33318,42.84,1.036,1,0.0255,0,209.64,10.4734,-0.01644,1,0.18,7.842,2.4403,80.5,DEGRADED,F4,4,1,thermal_overload,0.3,1,1,,,,,28,0
2026-08-19T19:37:31.437Z,1787168251437,FAN_DT_001_F4_S03_R01_20260819T193429,1,181.92,FAULT_ACTIVE,F4,0.3,FAN_DT_001,3.0,process-model-3.0.0-build3,9204,1,LIVE,SYNCHRONISED,AUTOMATIC,NORMAL,65,1950,1950,0,145,199,0.3,0.315,25.3498,42.86,1.036,1,0.0255,0,209.64,10.5336,-0.01644,1,0.18,7.844,2.4543,80.5,DEGRADED,F4,4,1,thermal_overload,0.3,1,1,,,,,28,0
2026-08-19T19:37:32.477Z,1787168252477,FAN_DT_001_F4_S03_R01_20260819T193429,1,182.961,FAULT_ACTIVE,F4,0.3,FAN_DT_001,3.0,process-model-3.0.0-build3,9205,1,LIVE,SYNCHRONISED,AUTOMATIC,NORMAL,65,1950,1950,0,145,199,0.3,0.315,25.36621,42.88,1.036,1,0.0255,0,209.64,10.5937,-0.01644,1,0.18,7.842,2.4683,80.5,DEGRADED,F4,4,1,thermal_overload,0.3,1,1,,,,,28,0
2026-08-19T19:37:33.513Z,1787168253513,FAN_DT_001_F4_S03_R01_20260819T193429,1,183.996,FAULT_ACTIVE,F4,0.3,FAN_DT_001,3.0,process-model-3.0.0-build3,9206,1,LIVE,SYNCHRONISED,AUTOMATIC,NORMAL,65,1950,1950,0,145,199,0.3,0.315,25.38238,42.89,1.036,1,0.0255,0,209.64,10.6536,-0.01641,1,0.18,7.83,2.4823,80.5,DEGRADED,F4,4,1,thermal_overload,0.3,1,1,,,,,28,0
2026-08-19T19:37:34.530Z,1787168254530,FAN_DT_001_F4_S03_R01_20260819T193429,1,185.014,FAULT_ACTIVE,F4,0.3,FAN_DT_001,3.0,process-model-3.0.0-build3,9207,1,LIVE,SYNCHRONISED,AUTOMATIC,NORMAL,65,1950,1950,0,145,199,0.3,0.315,25.39839,42.91,1.036,1,0.0255,0,209.64,10.7137,-0.01641,1,0.18,7.827,2.4963,80.5,DEGRADED,F4,4,1,thermal_overload,0.3,1,1,,,,,28,0
2026-08-19T19:37:35.564Z,1787168255564,FAN_DT_001_F4_S03_R01_20260819T193429,1,186.047,FAULT_ACTIVE,F4,0.3,FAN_DT_001,3.0,process-model-3.0.0-build3,9208,1,LIVE,SYNCHRONISED,AUTOMATIC,NORMAL,65,1950,1950,0,145,199,0.3,0.315,25.41421,42.93,1.036,1,0.0255,0,209.64,10.7739,-0.01639,1,0.18,7.816,2.5103,80.5,DEGRADED,F4,4,1,thermal_overload,0.3,1,1,,,,,28,0
2026-08-19T19:37:36.598Z,1787168256598,FAN_DT_001_F4_S03_R01_20260819T193429,1,187.082,FAULT_ACTIVE,F4,0.3,FAN_DT_001,3.0,process-model-3.0.0-build3,9209,1,LIVE,SYNCHRONISED,AUTOMATIC,NORMAL,65,1950,1950,0,145,199,0.3,0.315,25.42978,42.95,1.036,1,0.0255,0,209.64,10.8339,-0.01635,1,0.18,7.799,2.5243,80.5,DEGRADED,F4,4,1,thermal_overload,0.3,1,1,,,,,28,0
2026-08-19T19:37:37.644Z,1787168257644,FAN_DT_001_F4_S03_R01_20260819T193429,1,188.127,FAULT_ACTIVE,F4,0.3,FAN_DT_001,3.0,process-model-3.0.0-build3,9210,1,LIVE,SYNCHRONISED,AUTOMATIC,NORMAL,65,1950,1950,0,145,199,0.3,0.315,25.44518,42.96,1.036,1,0.0255,0,209.64,10.8941,-0.01634,1,0.18,7.793,2.5383,80.5,DEGRADED,F4,4,1,thermal_overload,0.3,1,1,,,,,28,0
2026-08-19T19:37:38.668Z,1787168258668,FAN_DT_001_F4_S03_R01_20260819T193429,1,189.151,FAULT_ACTIVE,F4,0.3,FAN_DT_001,3.0,process-model-3.0.0-build3,9211,1,LIVE,SYNCHRONISED,AUTOMATIC,NORMAL,65,1950,1950,0,145,199,0.3,0.315,25.4603,42.98,1.036,1,0.0255,0,209.64,10.9542,-0.01631,1,0.18,7.78,2.5523,80.5,DEGRADED,F4,4,1,thermal_overload,0.3,1,1,,,,,28,0
2026-08-19T19:37:39.698Z,1787168259698,FAN_DT_001_F4_S03_R01_20260819T193429,1,190.182,FAULT_ACTIVE,F4,0.3,FAN_DT_001,3.0,process-model-3.0.0-build3,9212,1,LIVE,SYNCHRONISED,AUTOMATIC,NORMAL,65,1950,1950,0,145,199,0.3,0.315,25.47518,43,1.036,1,0.0255,0,209.64,11.0144,-0.01626,1,0.18,7.758,2.5663,80.5,DEGRADED,F4,4,1,thermal_overload,0.3,1,1,,,,,28,0
2026-08-19T19:37:40.733Z,1787168260733,FAN_DT_001_F4_S03_R01_20260819T193429,1,191.217,FAULT_ACTIVE,F4,0.3,FAN_DT_001,3.0,process-model-3.0.0-build3,9213,1,LIVE,SYNCHRONISED,AUTOMATIC,NORMAL,65,1950,1950,0,145,199,0.3,0.315,25.48977,43.01,1.036,1,0.0255,0,209.64,11.0742,-0.01624,1,0.18,7.748,2.5803,80.5,DEGRADED,F4,4,1,thermal_overload,0.3,1,1,,,,,28,0
2026-08-19T19:37:41.768Z,1787168261768,FAN_DT_001_F4_S03_R01_20260819T193429,1,192.251,FAULT_ACTIVE,F4,0.3,FAN_DT_001,3.0,process-model-3.0.0-build3,9214,1,LIVE,SYNCHRONISED,AUTOMATIC,NORMAL,65,1950,1950,0,145,199,0.3,0.315,25.5042,43.03,1.036,1,0.0255,0,209.64,11.1346,-0.01619,1,0.18,7.723,2.5944,80.5,DEGRADED,F4,4,1,thermal_overload,0.3,1,1,,,,,28,0
2026-08-19T19:37:42.804Z,1787168262804,FAN_DT_001_F4_S03_R01_20260819T193429,1,193.288,FAULT_ACTIVE,F4,0.3,FAN_DT_001,3.0,process-model-3.0.0-build3,9215,1,LIVE,SYNCHRONISED,AUTOMATIC,NORMAL,65,1950,1950,0,145,199,0.3,0.315,25.51826,43.05,1.036,1,0.0255,0,209.64,11.1944,-0.01614,1,0.18,7.699,2.6083,80.5,DEGRADED,F4,4,1,thermal_overload,0.3,1,1,,,,,28,0
2026-08-19T19:37:43.842Z,1787168263842,FAN_DT_001_F4_S03_R01_20260819T193429,1,194.329,FAULT_ACTIVE,F4,0.3,FAN_DT_001,3.0,process-model-3.0.0-build3,9216,1,LIVE,SYNCHRONISED,AUTOMATIC,NORMAL,65,1950,1950,0,145,199,0.3,0.315,25.53212,43.06,1.036,1,0.0255,0,209.64,11.2546,-0.01611,1,0.18,7.683,2.6223,80.5,DEGRADED,F4,4,1,thermal_overload,0.3,1,1,,,,,28,0
2026-08-19T19:37:44.866Z,1787168264866,FAN_DT_001_F4_S03_R01_20260819T193429,1,195.35,FAULT_ACTIVE,F4,0.3,FAN_DT_001,3.0,process-model-3.0.0-build3,9217,1,LIVE,SYNCHRONISED,AUTOMATIC,NORMAL,65,1950,1950,0,145,199,0.3,0.315,25.54563,43.08,1.036,1,0.0255,0,209.64,11.3145,-0.01607,1,0.18,7.665,2.6363,80.5,DEGRADED,F4,4,1,thermal_overload,0.3,1,1,,,,,28,0
2026-08-19T19:37:45.900Z,1787168265900,FAN_DT_001_F4_S03_R01_20260819T193429,1,196.384,FAULT_ACTIVE,F4,0.3,FAN_DT_001,3.0,process-model-3.0.0-build3,9218,1,LIVE,SYNCHRONISED,AUTOMATIC,NORMAL,65,1950,1950,0,145,199,0.3,0.315,25.55891,43.1,1.036,1,0.0255,0,209.64,11.3747,-0.01598,1,0.18,7.625,2.6503,80.5,DEGRADED,F4,4,1,thermal_overload,0.3,1,1,,,,,28,0
2026-08-19T19:37:46.925Z,1787168266925,FAN_DT_001_F4_S03_R01_20260819T193429,1,197.409,FAULT_ACTIVE,F4,0.3,FAN_DT_001,3.0,process-model-3.0.0-build3,9219,1,LIVE,SYNCHRONISED,AUTOMATIC,NORMAL,65,1950,1950,0,145,199,0.3,0.315,25.57185,43.11,1.036,1,0.0255,0,209.64,11.4345,-0.01595,1,0.18,7.609,2.6642,80.5,DEGRADED,F4,4,1,thermal_overload,0.3,1,1,,,,,28,0
2026-08-19T19:37:47.991Z,1787168267991,FAN_DT_001_F4_S03_R01_20260819T193429,1,198.475,FAULT_ACTIVE,F4,0.3,FAN_DT_001,3.0,process-model-3.0.0-build3,9220,1,LIVE,SYNCHRONISED,AUTOMATIC,NORMAL,65,1950,1950,0,145,199,0.3,0.315,25.58453,43.13,1.036,1,0.0255,0,209.64,11.4947,-0.01588,1,0.18,7.573,2.6783,80.5,DEGRADED,F4,4,1,thermal_overload,0.3,1,1,,,,,28,0
2026-08-19T19:37:49.001Z,1787168269001,FAN_DT_001_F4_S03_R01_20260819T193429,1,199.484,FAULT_ACTIVE,F4,0.3,FAN_DT_001,3.0,process-model-3.0.0-build3,9221,1,LIVE,SYNCHRONISED,AUTOMATIC,NORMAL,65,1950,1950,0,145,199,0.3,0.315,25.59694,43.15,1.036,1,0.0255,0,209.64,11.5549,-0.01582,1,0.18,7.549,2.6923,80.5,DEGRADED,F4,4,1,thermal_overload,0.3,1,1,,,,,28,0
2026-08-19T19:37:50.030Z,1787168270030,FAN_DT_001_F4_S03_R01_20260819T193429,1,200.513,FAULT_ACTIVE,F4,0.3,FAN_DT_001,3.0,process-model-3.0.0-build3,9222,1,LIVE,SYNCHRONISED,AUTOMATIC,NORMAL,65,1950,1950,0,145,199,0.3,0.315,25.60893,43.16,1.036,1,0.0255,0,209.64,11.6147,-0.01576,1,0.18,7.517,2.7062,80.5,DEGRADED,F4,4,1,thermal_overload,0.3,1,1,,,,,28,0
2026-08-19T19:37:51.058Z,1787168271058,FAN_DT_001_F4_S03_R01_20260819T193429,1,201.541,FAULT_ACTIVE,F4,0.3,FAN_DT_001,3.0,process-model-3.0.0-build3,9223,1,LIVE,SYNCHRONISED,AUTOMATIC,NORMAL,65,1950,1950,0,145,199,0.3,0.315,25.6207,43.18,1.036,1,0.0255,0,209.64,11.675,-0.01568,1,0.18,7.481,2.7203,80.5,DEGRADED,F4,4,1,thermal_overload,0.3,1,1,,,,,28,0
2026-08-19T19:37:52.095Z,1787168272095,FAN_DT_001_F4_S03_R01_20260819T193429,1,202.579,FAULT_ACTIVE,F4,0.3,FAN_DT_001,3.0,process-model-3.0.0-build3,9224,1,LIVE,SYNCHRONISED,AUTOMATIC,NORMAL,65,1950,1950,0,145,199,0.3,0.315,25.63208,43.19,1.036,1,0.0255,0,209.64,11.7349,-0.01558,1,0.18,7.431,2.7342,80.5,DEGRADED,F4,4,1,thermal_overload,0.3,1,1,,,,,28,0
2026-08-19T19:37:53.127Z,1787168273127,FAN_DT_001_F4_S03_R01_20260819T193429,1,203.611,FAULT_ACTIVE,F4,0.3,FAN_DT_001,3.0,process-model-3.0.0-build3,9225,1,LIVE,SYNCHRONISED,AUTOMATIC,NORMAL,65,1950,1950,0,145,199,0.3,0.315,25.64317,43.21,1.036,1,0.0255,0,209.64,11.795,-0.0155,1,0.18,7.394,2.7482,80.5,DEGRADED,F4,4,1,thermal_overload,0.3,1,1,,,,,28,0
2026-08-19T19:37:54.180Z,1787168274180,FAN_DT_001_F4_S03_R01_20260819T193429,1,204.663,FAULT_ACTIVE,F4,0.3,FAN_DT_001,3.0,process-model-3.0.0-build3,9226,1,LIVE,SYNCHRONISED,AUTOMATIC,NORMAL,65,1950,1950,0,145,199,0.3,0.315,25.65391,43.23,1.036,1,0.0255,0,209.64,11.8551,-0.01541,1,0.18,7.349,2.7622,80.5,DEGRADED,F4,4,1,thermal_overload,0.3,1,1,,,,,28,0
2026-08-19T19:37:55.196Z,1787168275196,FAN_DT_001_F4_S03_R01_20260819T193429,1,205.679,FAULT_ACTIVE,F4,0.3,FAN_DT_001,3.0,process-model-3.0.0-build3,9227,1,LIVE,SYNCHRONISED,AUTOMATIC,NORMAL,65,1950,1950,0,145,199,0.3,0.315,25.66429,43.24,1.036,1,0.0255,0,209.64,11.9151,-0.01532,1,0.18,7.306,2.7762,80.5,DEGRADED,F4,4,1,thermal_overload,0.3,1,1,,,,,28,0
2026-08-19T19:37:56.232Z,1787168276232,FAN_DT_001_F4_S03_R01_20260819T193429,1,206.716,FAULT_ACTIVE,F4,0.3,FAN_DT_001,3.0,process-model-3.0.0-build3,9228,1,LIVE,SYNCHRONISED,AUTOMATIC,NORMAL,65,1950,1950,0,145,199,0.3,0.315,25.67439,43.26,1.036,1,0.0255,0,209.64,11.9756,-0.01523,1,0.18,7.265,2.7903,80.5,DEGRADED,F4,4,1,thermal_overload,0.3,1,1,,,,,28,0
2026-08-19T19:37:57.267Z,1787168277267,FAN_DT_001_F4_S03_R01_20260819T193429,1,207.75,FAULT_ACTIVE,F4,0.3,FAN_DT_001,3.0,process-model-3.0.0-build3,9229,1,LIVE,SYNCHRONISED,AUTOMATIC,NORMAL,65,1950,1950,0,145,199,0.3,0.315,25.68408,43.27,1.036,1,0.0255,0,209.64,12.0357,-0.01514,1,0.18,7.223,2.8043,80.5,DEGRADED,F4,4,1,thermal_overload,0.3,1,1,,,,,28,0
2026-08-19T19:37:58.303Z,1787168278303,FAN_DT_001_F4_S03_R01_20260819T193429,1,208.786,FAULT_ACTIVE,F4,0.3,FAN_DT_001,3.0,process-model-3.0.0-build3,9230,1,LIVE,SYNCHRONISED,AUTOMATIC,NORMAL,65,1950,1950,0,145,199,0.3,0.315,25.69343,43.29,1.036,1,0.0255,0,209.64,12.0959,-0.01502,1,0.18,7.163,2.8183,80.5,DEGRADED,F4,4,1,thermal_overload,0.3,1,1,,,,,28,0
2026-08-19T19:37:59.340Z,1787168279340,FAN_DT_001_F4_S03_R01_20260819T193429,1,209.824,FAULT_ACTIVE,F4,0.3,FAN_DT_001,3.0,process-model-3.0.0-build3,9231,1,LIVE,SYNCHRONISED,AUTOMATIC,NORMAL,65,1950,1950,0,145,199,0.3,0.315,25.70245,43.3,1.036,1,0.0255,0,209.64,12.1563,-0.01493,1,0.18,7.124,2.8324,80.5,DEGRADED,F4,4,1,thermal_overload,0.3,1,1,,,,,28,0
2026-08-19T19:38:00.378Z,1787168280378,FAN_DT_001_F4_S03_R01_20260819T193429,1,210.861,FAULT_ACTIVE,F4,0.3,FAN_DT_001,3.0,process-model-3.0.0-build3,9232,1,LIVE,SYNCHRONISED,AUTOMATIC,NORMAL,65,1950,1950,0,145,199,0.3,0.315,25.71104,43.32,1.036,1,0.0255,0,209.64,12.2164,-0.01482,1,0.18,7.07,2.8464,80.5,DEGRADED,F4,4,1,thermal_overload,0.3,1,1,,,,,28,0
2026-08-19T19:38:01.410Z,1787168281410,FAN_DT_001_F4_S03_R01_20260819T193429,1,211.893,FAULT_ACTIVE,F4,0.3,FAN_DT_001,3.0,process-model-3.0.0-build3,9233,1,LIVE,SYNCHRONISED,AUTOMATIC,NORMAL,65,1950,1950,0,145,199,0.3,0.315,25.71931,43.34,1.036,1,0.0255,0,209.64,12.2769,-0.0147,1,0.18,7.013,2.8605,80.5,DEGRADED,F4,4,1,thermal_overload,0.3,1,1,,,,,28,0
2026-08-19T19:38:02.445Z,1787168282445,FAN_DT_001_F4_S03_R01_20260819T193429,1,212.929,FAULT_ACTIVE,F4,0.3,FAN_DT_001,3.0,process-model-3.0.0-build3,9234,1,LIVE,SYNCHRONISED,AUTOMATIC,NORMAL,65,1950,1950,0,145,199,0.3,0.315,25.72714,43.35,1.036,1,0.0255,0,209.64,12.3369,-0.01456,1,0.18,6.948,2.8745,80.5,DEGRADED,F4,4,1,thermal_overload,0.3,1,1,,,,,28,0
2026-08-19T19:38:03.510Z,1787168283510,FAN_DT_001_F4_S03_R01_20260819T193429,1,213.993,FAULT_ACTIVE,F4,0.3,FAN_DT_001,3.0,process-model-3.0.0-build3,9235,1,LIVE,SYNCHRONISED,AUTOMATIC,NORMAL,65,1950,1950,0,145,199,0.3,0.315,25.73457,43.37,1.036,1,0.0255,0,209.64,12.3968,-0.01445,1,0.18,6.892,2.8885,80.5,DEGRADED,F4,4,1,thermal_overload,0.3,1,1,,,,,28,0
2026-08-19T19:38:04.512Z,1787168284512,FAN_DT_001_F4_S03_R01_20260819T193429,1,214.996,FAULT_ACTIVE,F4,0.3,FAN_DT_001,3.0,process-model-3.0.0-build3,9236,1,LIVE,SYNCHRONISED,AUTOMATIC,NORMAL,65,1950,1950,0,145,199,0.3,0.315,25.74166,43.38,1.036,1,0.0255,0,209.64,12.457,-0.01433,1,0.18,6.835,2.9025,80.5,DEGRADED,F4,4,1,thermal_overload,0.3,1,1,,,,,28,0
2026-08-19T19:38:05.570Z,1787168285570,FAN_DT_001_F4_S03_R01_20260819T193429,1,216.054,FAULT_ACTIVE,F4,0.3,FAN_DT_001,3.0,process-model-3.0.0-build3,9237,1,LIVE,SYNCHRONISED,AUTOMATIC,NORMAL,65,1950,1950,0,145,199,0.3,0.315,25.74833,43.39,1.036,1,0.0255,0,209.64,12.517,-0.01418,1,0.18,6.765,2.9165,80.5,DEGRADED,F4,4,1,thermal_overload,0.3,1,1,,,,,28,0
2026-08-19T19:38:06.575Z,1787168286575,FAN_DT_001_F4_S03_R01_20260819T193429,1,217.059,FAULT_ACTIVE,F4,0.3,FAN_DT_001,3.0,process-model-3.0.0-build3,9238,1,LIVE,SYNCHRONISED,AUTOMATIC,NORMAL,65,1950,1950,0,145,199,0.3,0.315,25.75462,43.41,1.036,1,0.0255,0,209.64,12.5771,-0.01405,1,0.18,6.701,2.9305,80.5,DEGRADED,F4,4,1,thermal_overload,0.3,1,1,,,,,28,0
2026-08-19T19:38:07.639Z,1787168287639,FAN_DT_001_F4_S03_R01_20260819T193429,1,218.123,FAULT_ACTIVE,F4,0.3,FAN_DT_001,3.0,process-model-3.0.0-build3,9239,1,LIVE,SYNCHRONISED,AUTOMATIC,NORMAL,65,1950,1950,0,145,199,0.3,0.315,25.76049,43.42,1.036,1,0.0255,0,209.64,12.637,-0.0139,1,0.18,6.631,2.9444,80.5,DEGRADED,F4,4,1,thermal_overload,0.3,1,1,,,,,28,0
2026-08-19T19:38:08.644Z,1787168288644,FAN_DT_001_F4_S03_R01_20260819T193429,1,219.127,FAULT_ACTIVE,F4,0.3,FAN_DT_001,3.0,process-model-3.0.0-build3,9240,1,LIVE,SYNCHRONISED,AUTOMATIC,NORMAL,65,1950,1950,0,145,199,0.3,0.315,25.766,43.44,1.036,1,0.0255,0,209.64,12.6973,-0.01378,1,0.18,6.571,2.9585,80.5,DEGRADED,F4,4,1,thermal_overload,0.3,1,1,,,,,28,0
2026-08-19T19:38:09.678Z,1787168289678,FAN_DT_001_F4_S03_R01_20260819T193429,1,220.167,FAULT_ACTIVE,F4,0.3,FAN_DT_001,3.0,process-model-3.0.0-build3,9241,1,LIVE,SYNCHRONISED,AUTOMATIC,NORMAL,65,1950,1950,0,145,199,0.3,0.315,25.77106,43.45,1.036,1,0.0255,0,209.64,12.757,-0.01361,1,0.18,6.493,2.9724,80.5,DEGRADED,F4,4,1,thermal_overload,0.3,1,1,,,,,28,0
2026-08-19T19:38:10.736Z,1787168290736,FAN_DT_001_F4_S03_R01_20260819T193429,1,221.219,FAULT_ACTIVE,F4,0.3,FAN_DT_001,3.0,process-model-3.0.0-build3,9242,1,LIVE,SYNCHRONISED,AUTOMATIC,NORMAL,65,1950,1950,0,145,199,0.3,0.315,25.77576,43.47,1.036,1,0.0255,0,209.64,12.8173,-0.01346,1,0.18,6.42,2.9864,80.5,DEGRADED,F4,4,1,thermal_overload,0.3,1,1,,,,,28,0
2026-08-19T19:38:11.739Z,1787168291739,FAN_DT_001_F4_S03_R01_20260819T193429,1,222.223,FAULT_ACTIVE,F4,0.3,FAN_DT_001,3.0,process-model-3.0.0-build3,9243,1,LIVE,SYNCHRONISED,AUTOMATIC,NORMAL,65,1950,1950,0,145,199,0.3,0.315,25.78002,43.48,1.036,1,0.0255,0,209.64,12.8771,-0.01329,1,0.18,6.341,3.0004,80.5,DEGRADED,F4,4,1,thermal_overload,0.3,1,1,,,,,28,0
2026-08-19T19:38:12.776Z,1787168292776,FAN_DT_001_F4_S03_R01_20260819T193429,1,223.26,FAULT_ACTIVE,F4,0.3,FAN_DT_001,3.0,process-model-3.0.0-build3,9244,1,LIVE,SYNCHRONISED,AUTOMATIC,NORMAL,65,1950,1950,0,145,199,0.3,0.315,25.78391,43.49,1.036,1,0.0255,0,209.64,12.9375,-0.01314,1,0.18,6.268,3.0144,80.5,DEGRADED,F4,4,1,thermal_overload,0.3,1,1,,,,,28,0
2026-08-19T19:38:13.814Z,1787168293814,FAN_DT_001_F4_S03_R01_20260819T193429,1,224.299,FAULT_ACTIVE,F4,0.3,FAN_DT_001,3.0,process-model-3.0.0-build3,9245,1,LIVE,SYNCHRONISED,AUTOMATIC,NORMAL,65,1950,1950,0,145,199,0.3,0.315,25.78736,43.51,1.036,1,0.0255,0,209.64,12.9976,-0.01298,1,0.18,6.19,3.0284,80.5,DEGRADED,F4,4,1,thermal_overload,0.3,1,1,,,,,28,0
2026-08-19T19:38:14.841Z,1787168294841,FAN_DT_001_F4_S03_R01_20260819T193429,1,225.324,FAULT_ACTIVE,F4,0.3,FAN_DT_001,3.0,process-model-3.0.0-build3,9246,1,LIVE,SYNCHRONISED,AUTOMATIC,NORMAL,65,1950,1950,0,145,199,0.3,0.315,25.79041,43.52,1.036,1,0.0255,0,209.64,13.0578,-0.01281,1,0.18,6.109,3.0425,80.5,DEGRADED,F4,4,1,thermal_overload,0.3,1,1,,,,,28,0
2026-08-19T19:38:15.887Z,1787168295887,FAN_DT_001_F4_S03_R01_20260819T193429,1,226.4,FAULT_ACTIVE,F4,0.3,FAN_DT_001,3.0,process-model-3.0.0-build3,9247,1,LIVE,SYNCHRONISED,AUTOMATIC,NORMAL,65,1950,1950,0,145,199,0.3,0.315,25.79303,43.53,1.036,1,0.0255,0,209.64,13.1178,-0.01263,1,0.18,6.024,3.0564,80.5,DEGRADED,F4,4,1,thermal_overload,0.3,1,1,,,,,28,0
2026-08-19T19:38:16.922Z,1787168296922,FAN_DT_001_F4_S03_R01_20260819T193429,1,227.408,FAULT_ACTIVE,F4,0.3,FAN_DT_001,3.0,process-model-3.0.0-build3,9248,1,LIVE,SYNCHRONISED,AUTOMATIC,NORMAL,65,1950,1950,0,145,199,0.3,0.315,25.79523,43.55,1.036,1,0.0255,0,209.64,13.1777,-0.01244,1,0.18,5.936,3.0704,80.5,DEGRADED,F4,4,1,thermal_overload,0.3,1,1,,,,,28,0
2026-08-19T19:38:17.941Z,1787168297941,FAN_DT_001_F4_S03_R01_20260819T193429,1,228.425,FAULT_ACTIVE,F4,0.3,FAN_DT_001,3.0,process-model-3.0.0-build3,9249,1,LIVE,SYNCHRONISED,AUTOMATIC,NORMAL,65,1950,1950,0,145,199,0.3,0.315,25.79702,43.56,1.036,1,0.0255,0,209.64,13.2377,-0.01228,1,0.18,5.859,3.0844,80.5,DEGRADED,F4,4,1,thermal_overload,0.3,1,1,,,,,28,0
2026-08-19T19:38:18.975Z,1787168298975,FAN_DT_001_F4_S03_R01_20260819T193429,1,229.459,FAULT_ACTIVE,F4,0.3,FAN_DT_001,3.0,process-model-3.0.0-build3,9250,1,LIVE,SYNCHRONISED,AUTOMATIC,NORMAL,65,1950,1950,0,145,199,0.3,0.315,25.7984,43.57,1.036,1,0.0255,0,209.64,13.2981,-0.01208,1,0.18,5.762,3.0985,80.5,DEGRADED,F4,4,1,thermal_overload,0.3,1,1,,,,,28,0
2026-08-19T19:38:20.010Z,1787168300010,FAN_DT_001_F4_S03_R01_20260819T193429,1,230.494,FAULT_ACTIVE,F4,0.3,FAN_DT_001,3.0,process-model-3.0.0-build3,9251,1,LIVE,SYNCHRONISED,AUTOMATIC,NORMAL,65,1950,1950,0,145,199,0.3,0.315,25.79935,43.58,1.036,1,0.0255,0,209.64,13.358,-0.01188,1,0.18,5.667,3.1124,80.5,DEGRADED,F4,4,1,thermal_overload,0.3,1,1,,,,,28,0
2026-08-19T19:38:21.045Z,1787168301045,FAN_DT_001_F4_S03_R01_20260819T193429,1,231.528,FAULT_ACTIVE,F4,0.3,FAN_DT_001,3.0,process-model-3.0.0-build3,9252,1,LIVE,SYNCHRONISED,AUTOMATIC,NORMAL,65,1950,1950,0,145,199,0.3,0.315,25.79988,43.6,1.036,1,0.0255,0,209.64,13.4183,-0.01169,1,0.18,5.574,3.1265,80.5,DEGRADED,F4,4,1,thermal_overload,0.3,1,1,,,,,28,0
2026-08-19T19:38:22.078Z,1787168302078,FAN_DT_001_F4_S03_R01_20260819T193429,1,232.562,FAULT_ACTIVE,F4,0.3,FAN_DT_001,3.0,process-model-3.0.0-build3,9253,1,LIVE,SYNCHRONISED,AUTOMATIC,NORMAL,65,1950,1950,0,145,199,0.3,0.315,25.79999,43.61,1.036,1,0.0255,0,209.64,13.4783,-0.0115,1,0.18,5.487,3.1404,80.5,DEGRADED,F4,4,1,thermal_overload,0.3,1,1,,,,,28,0
2026-08-19T19:38:23.112Z,1787168303112,FAN_DT_001_F4_S03_R01_20260819T193429,1,233.596,FAULT_ACTIVE,F4,0.3,FAN_DT_001,3.0,process-model-3.0.0-build3,9254,1,LIVE,SYNCHRONISED,AUTOMATIC,NORMAL,65,1950,1950,0,145,199,0.3,0.315,25.79967,43.62,1.036,1,0.0255,0,209.64,13.5387,-0.01129,1,0.18,5.387,3.1545,80.5,DEGRADED,F4,4,1,thermal_overload,0.3,1,1,,,,,28,0
2026-08-19T19:38:24.153Z,1787168304153,FAN_DT_001_F4_S03_R01_20260819T193429,1,234.636,FAULT_ACTIVE,F4,0.3,FAN_DT_001,3.0,process-model-3.0.0-build3,9255,1,LIVE,SYNCHRONISED,AUTOMATIC,NORMAL,65,1950,1950,0,145,199,0.3,0.315,25.79894,43.63,1.036,1,0.0255,0,209.64,13.5987,-0.0111,1,0.18,5.293,3.1685,80.5,DEGRADED,F4,4,1,thermal_overload,0.3,1,1,,,,,28,0
2026-08-19T19:38:25.178Z,1787168305178,FAN_DT_001_F4_S03_R01_20260819T193429,1,235.662,FAULT_ACTIVE,F4,0.3,FAN_DT_001,3.0,process-model-3.0.0-build3,9256,1,LIVE,SYNCHRONISED,AUTOMATIC,NORMAL,65,1950,1950,0,145,199,0.3,0.315,25.79779,43.64,1.036,1,0.0255,0,209.64,13.6588,-0.0109,1,0.18,5.199,3.1825,80.5,DEGRADED,F4,4,1,thermal_overload,0.3,1,1,,,,,28,0
2026-08-19T19:38:26.211Z,1787168306211,FAN_DT_001_F4_S03_R01_20260819T193429,1,236.695,FAULT_ACTIVE,F4,0.3,FAN_DT_001,3.0,process-model-3.0.0-build3,9257,1,LIVE,SYNCHRONISED,AUTOMATIC,NORMAL,65,1950,1950,0,145,199,0.3,0.315,25.79623,43.65,1.036,1,0.0255,0,209.64,13.7186,-0.01069,1,0.18,5.098,3.1964,80.5,DEGRADED,F4,4,1,thermal_overload,0.3,1,1,,,,,28,0
2026-08-19T19:38:27.297Z,1787168307297,FAN_DT_001_F4_S03_R01_20260819T193429,1,237.781,FAULT_ACTIVE,F4,0.3,FAN_DT_001,3.0,process-model-3.0.0-build3,9258,1,LIVE,SYNCHRONISED,AUTOMATIC,NORMAL,65,1950,1950,0,145,199,0.3,0.315,25.79423,43.67,1.036,1,0.0255,0,209.64,13.7787,-0.01047,1,0.18,4.997,3.2104,80.5,DEGRADED,F4,4,1,thermal_overload,0.3,1,1,,,,,28,0
2026-08-19T19:38:28.277Z,1787168308277,FAN_DT_001_F4_S03_R01_20260819T193429,1,238.761,FAULT_ACTIVE,F4,0.3,FAN_DT_001,3.0,process-model-3.0.0-build3,9259,1,LIVE,SYNCHRONISED,AUTOMATIC,NORMAL,65,1950,1950,0,145,199,0.3,0.315,25.79184,43.68,1.036,1,0.0255,0,209.64,13.8386,-0.01026,1,0.18,4.894,3.2244,80.5,DEGRADED,F4,4,1,thermal_overload,0.3,1,1,,,,,28,0
2026-08-19T19:38:29.307Z,1787168309307,FAN_DT_001_F4_S03_R01_20260819T193429,1,239.791,FAULT_ACTIVE,F4,0.3,FAN_DT_001,3.0,process-model-3.0.0-build3,9260,1,LIVE,SYNCHRONISED,AUTOMATIC,NORMAL,65,1950,1950,0,145,199,0.3,0.315,25.78901,43.69,1.036,1,0.0255,0,209.64,13.8988,-0.01002,1,0.18,4.78,3.2384,80.5,DEGRADED,F4,4,1,thermal_overload,0.3,1,1,,,,,28,0
2026-08-19T19:38:30.340Z,1787168310340,FAN_DT_001_F4_S03_R01_20260819T193429,1,240.824,FAULT_ACTIVE,F4,0.3,FAN_DT_001,3.0,process-model-3.0.0-build3,9261,1,LIVE,SYNCHRONISED,AUTOMATIC,NORMAL,65,1950,1950,0,145,199,0.3,0.315,25.78578,43.7,1.036,1,0.0255,0,209.64,13.9589,-0.0098,1,0.18,4.673,3.2524,80.5,DEGRADED,F4,4,1,thermal_overload,0.3,1,1,,,,,28,0
2026-08-19T19:38:31.382Z,1787168311382,FAN_DT_001_F4_S03_R01_20260819T193429,1,241.866,FAULT_ACTIVE,F4,0.3,FAN_DT_001,3.0,process-model-3.0.0-build3,9262,1,LIVE,SYNCHRONISED,AUTOMATIC,NORMAL,65,1950,1950,0,145,199,0.3,0.315,25.78213,43.71,1.036,1,0.0255,0,209.64,14.0189,-0.00957,1,0.18,4.564,3.2664,80.5,DEGRADED,F4,4,1,thermal_overload,0.3,1,1,,,,,28,0
2026-08-19T19:38:32.381Z,1787168312381,FAN_DT_001_F4_S03_R01_20260819T193429,1,242.864,FAULT_ACTIVE,F4,0.3,FAN_DT_001,3.0,process-model-3.0.0-build3,9263,1,LIVE,SYNCHRONISED,AUTOMATIC,NORMAL,65,1950,1950,0,145,199,0.3,0.315,25.778,43.72,1.036,1,0.0255,0,209.64,14.0799,-0.00934,1,0.18,4.458,3.2806,80.5,DEGRADED,F4,4,1,thermal_overload,0.3,1,1,,,,,28,0
2026-08-19T19:38:33.411Z,1787168313411,FAN_DT_001_F4_S03_R01_20260819T193429,1,243.895,FAULT_ACTIVE,F4,0.3,FAN_DT_001,3.0,process-model-3.0.0-build3,9264,1,LIVE,SYNCHRONISED,AUTOMATIC,NORMAL,65,1950,1950,0,145,199,0.3,0.315,25.77373,43.73,1.036,1,0.0255,0,209.64,14.1373,-0.00913,1,0.18,4.356,3.294,80.5,DEGRADED,F4,4,1,thermal_overload,0.3,1,1,,,,,28,0
2026-08-19T19:38:34.443Z,1787168314443,FAN_DT_001_F4_S03_R01_20260819T193429,1,244.927,FAULT_ACTIVE,F4,0.3,FAN_DT_001,3.0,process-model-3.0.0-build3,9265,1,LIVE,SYNCHRONISED,AUTOMATIC,NORMAL,65,1950,1950,0,145,199,0.3,0.315,25.76886,43.73,1.036,1,0.0255,0,209.64,14.1976,-0.0089,1,0.18,4.246,3.308,80.5,DEGRADED,F4,4,1,thermal_overload,0.3,1,1,,,,,28,0
2026-08-19T19:38:35.476Z,1787168315476,FAN_DT_001_F4_S03_R01_20260819T193429,1,245.959,FAULT_ACTIVE,F4,0.3,FAN_DT_001,3.0,process-model-3.0.0-build3,9266,1,LIVE,SYNCHRONISED,AUTOMATIC,NORMAL,65,1950,1950,0,145,199,0.3,0.315,25.76362,43.74,1.036,1,0.0255,0,209.64,14.2573,-0.00864,1,0.18,4.123,3.322,80.5,DEGRADED,F4,4,1,thermal_overload,0.3,1,1,,,,,28,0
2026-08-19T19:38:36.524Z,1787168316524,FAN_DT_001_F4_S03_R01_20260819T193429,1,247.007,FAULT_ACTIVE,F4,0.3,FAN_DT_001,3.0,process-model-3.0.0-build3,9267,1,LIVE,SYNCHRONISED,AUTOMATIC,NORMAL,65,1950,1950,0,145,199,0.3,0.315,25.75791,43.75,1.036,1,0.0255,0,209.64,14.3178,-0.0084,1,0.18,4.009,3.336,80.5,DEGRADED,F4,4,1,thermal_overload,0.3,1,1,,,,,28,0
2026-08-19T19:38:37.546Z,1787168317546,FAN_DT_001_F4_S03_R01_20260819T193429,1,248.03,FAULT_ACTIVE,F4,0.3,FAN_DT_001,3.0,process-model-3.0.0-build3,9268,1,LIVE,SYNCHRONISED,AUTOMATIC,NORMAL,65,1950,1950,0,145,199,0.3,0.315,25.75186,43.76,1.036,1,0.0255,0,209.64,14.3777,-0.00819,1,0.18,3.905,3.35,80.5,DEGRADED,F4,4,1,thermal_overload,0.3,1,1,,,,,28,0
2026-08-19T19:38:38.582Z,1787168318582,FAN_DT_001_F4_S03_R01_20260819T193429,1,249.065,FAULT_ACTIVE,F4,0.3,FAN_DT_001,3.0,process-model-3.0.0-build3,9269,1,LIVE,SYNCHRONISED,AUTOMATIC,NORMAL,65,1950,1950,0,145,199,0.3,0.315,25.74535,43.77,1.036,1,0.0255,0,209.64,14.4381,-0.00793,1,0.18,3.784,3.3641,80.5,DEGRADED,F4,4,1,thermal_overload,0.3,1,1,,,,,28,0
2026-08-19T19:38:39.622Z,1787168319622,FAN_DT_001_F4_S03_R01_20260819T193429,1,250.106,FAULT_ACTIVE,F4,0.3,FAN_DT_001,3.0,process-model-3.0.0-build3,9270,1,LIVE,SYNCHRONISED,AUTOMATIC,NORMAL,65,1950,1950,0,145,199,0.3,0.315,25.73851,43.78,1.036,1,0.0255,0,209.64,14.4981,-0.00769,1,0.18,3.667,3.3781,80.5,DEGRADED,F4,4,1,thermal_overload,0.3,1,1,,,,,28,0
2026-08-19T19:38:40.657Z,1787168320657,FAN_DT_001_F4_S03_R01_20260819T193429,1,251.14,FAULT_ACTIVE,F4,0.3,FAN_DT_001,3.0,process-model-3.0.0-build3,9271,1,LIVE,SYNCHRONISED,AUTOMATIC,NORMAL,65,1950,1950,0,145,199,0.3,0.315,25.73123,43.79,1.036,1,0.0255,0,209.64,14.5584,-0.00742,1,0.18,3.538,3.3921,80.5,DEGRADED,F4,4,1,thermal_overload,0.3,1,1,,,,,28,0
2026-08-19T19:38:41.683Z,1787168321683,FAN_DT_001_F4_S03_R01_20260819T193429,1,252.167,FAULT_ACTIVE,F4,0.3,FAN_DT_001,3.0,process-model-3.0.0-build3,9272,1,LIVE,SYNCHRONISED,AUTOMATIC,NORMAL,65,1950,1950,0,145,199,0.3,0.315,25.72362,43.79,1.036,1,0.0255,0,209.64,14.6183,-0.00717,1,0.18,3.419,3.4061,80.5,DEGRADED,F4,4,1,thermal_overload,0.3,1,1,,,,,28,0
2026-08-19T19:38:42.716Z,1787168322716,FAN_DT_001_F4_S03_R01_20260819T193429,1,253.2,FAULT_ACTIVE,F4,0.3,FAN_DT_001,3.0,process-model-3.0.0-build3,9273,1,LIVE,SYNCHRONISED,AUTOMATIC,NORMAL,65,1950,1950,0,145,199,0.3,0.315,25.7156,43.8,1.036,1,0.0255,0,209.64,14.6784,-0.00693,1,0.18,3.307,3.4201,80.5,DEGRADED,F4,4,1,thermal_overload,0.3,1,1,,,,,28,0
2026-08-19T19:38:43.751Z,1787168323751,FAN_DT_001_F4_S03_R01_20260819T193429,1,254.235,FAULT_ACTIVE,F4,0.3,FAN_DT_001,3.0,process-model-3.0.0-build3,9274,1,LIVE,SYNCHRONISED,AUTOMATIC,NORMAL,65,1950,1950,0,145,199,0.3,0.315,25.7072,43.81,1.036,1,0.0255,0,209.64,14.7387,-0.00667,1,0.18,3.181,3.4341,80.5,DEGRADED,F4,4,1,thermal_overload,0.3,1,1,,,,,28,0
2026-08-19T19:38:44.797Z,1787168324797,FAN_DT_001_F4_S03_R01_20260819T193429,1,255.28,FAULT_ACTIVE,F4,0.3,FAN_DT_001,3.0,process-model-3.0.0-build3,9275,1,LIVE,SYNCHRONISED,AUTOMATIC,NORMAL,65,1950,1950,0,145,199,0.3,0.315,25.69848,43.81,1.036,1,0.0255,0,209.64,14.7985,-0.00641,1,0.18,3.056,3.448,80.5,DEGRADED,F4,4,1,thermal_overload,0.3,1,1,,,,,28,0
2026-08-19T19:38:45.826Z,1787168325826,FAN_DT_001_F4_S03_R01_20260819T193429,1,256.31,FAULT_ACTIVE,F4,0.3,FAN_DT_001,3.0,process-model-3.0.0-build3,9276,1,LIVE,SYNCHRONISED,AUTOMATIC,NORMAL,65,1950,1950,0,145,199,0.3,0.315,25.68933,43.82,1.036,1,0.0255,0,209.64,14.8587,-0.00615,1,0.18,2.932,3.4621,80.5,DEGRADED,F4,4,1,thermal_overload,0.3,1,1,,,,,28,0
2026-08-19T19:38:46.845Z,1787168326845,FAN_DT_001_F4_S03_R01_20260819T193429,1,257.329,FAULT_ACTIVE,F4,0.3,FAN_DT_001,3.0,process-model-3.0.0-build3,9277,1,LIVE,SYNCHRONISED,AUTOMATIC,NORMAL,65,1950,1950,0,145,199,0.3,0.315,25.67986,43.83,1.036,1,0.0255,0,209.64,14.9187,-0.0059,1,0.18,2.812,3.476,80.5,DEGRADED,F4,4,1,thermal_overload,0.3,1,1,,,,,28,0
2026-08-19T19:38:47.880Z,1787168327880,FAN_DT_001_F4_S03_R01_20260819T193429,1,258.363,FAULT_ACTIVE,F4,0.3,FAN_DT_001,3.0,process-model-3.0.0-build3,9278,1,LIVE,SYNCHRONISED,AUTOMATIC,NORMAL,65,1950,1950,0,145,199,0.3,0.315,25.67005,43.83,1.036,1,0.0255,0,209.64,14.9786,-0.00563,1,0.18,2.686,3.49,80.5,DEGRADED,F4,4,1,thermal_overload,0.3,1,1,,,,,28,0
2026-08-19T19:38:48.913Z,1787168328913,FAN_DT_001_F4_S03_R01_20260819T193429,1,259.397,FAULT_ACTIVE,F4,0.3,FAN_DT_001,3.0,process-model-3.0.0-build3,9279,1,LIVE,SYNCHRONISED,AUTOMATIC,NORMAL,65,1950,1950,0,145,199,0.3,0.315,25.65981,43.84,1.036,1,0.0255,0,209.64,15.0389,-0.00538,1,0.18,2.567,3.5041,80.5,DEGRADED,F4,4,1,thermal_overload,0.3,1,1,,,,,28,0
2026-08-19T19:38:49.956Z,1787168329956,FAN_DT_001_F4_S03_R01_20260819T193429,1,260.44,FAULT_ACTIVE,F4,0.3,FAN_DT_001,3.0,process-model-3.0.0-build3,9280,1,LIVE,SYNCHRONISED,AUTOMATIC,NORMAL,65,1950,1950,0,145,199,0.3,0.315,25.64929,43.84,1.036,1,0.0255,0,209.64,15.0988,-0.0051,1,0.18,2.431,3.518,80.5,DEGRADED,F4,4,1,thermal_overload,0.3,1,1,,,,,28,0
2026-08-19T19:38:50.979Z,1787168330979,FAN_DT_001_F4_S03_R01_20260819T193429,1,261.462,FAULT_ACTIVE,F4,0.3,FAN_DT_001,3.0,process-model-3.0.0-build3,9281,1,LIVE,SYNCHRONISED,AUTOMATIC,NORMAL,65,1950,1950,0,145,199,0.3,0.315,25.63838,43.85,1.036,1,0.0255,0,209.64,15.159,-0.00485,1,0.18,2.314,3.5321,80.5,DEGRADED,F4,4,1,thermal_overload,0.3,1,1,,,,,28,0
2026-08-19T19:38:52.015Z,1787168332015,FAN_DT_001_F4_S03_R01_20260819T193429,1,262.498,FAULT_ACTIVE,F4,0.3,FAN_DT_001,3.0,process-model-3.0.0-build3,9282,1,LIVE,SYNCHRONISED,AUTOMATIC,NORMAL,65,1950,1950,0,145,199,0.3,0.315,25.6272,43.85,1.036,1,0.0255,0,209.64,15.219,-0.00457,1,0.18,2.181,3.546,80.5,DEGRADED,F4,4,1,thermal_overload,0.3,1,1,,,,,28,0
2026-08-19T19:38:53.050Z,1787168333050,FAN_DT_001_F4_S03_R01_20260819T193429,1,263.533,FAULT_ACTIVE,F4,0.3,FAN_DT_001,3.0,process-model-3.0.0-build3,9283,1,LIVE,SYNCHRONISED,AUTOMATIC,NORMAL,65,1950,1950,0,145,199,0.3,0.315,25.61559,43.86,1.036,1,0.0255,0,209.64,15.2794,-0.0043,1,0.18,2.051,3.5601,80.5,DEGRADED,F4,4,1,thermal_overload,0.3,1,1,,,,,28,0
2026-08-19T19:38:54.098Z,1787168334098,FAN_DT_001_F4_S03_R01_20260819T193429,1,264.581,FAULT_ACTIVE,F4,0.3,FAN_DT_001,3.0,process-model-3.0.0-build3,9284,1,LIVE,SYNCHRONISED,AUTOMATIC,NORMAL,65,1950,1950,0,145,199,0.3,0.315,25.60372,43.86,1.036,1,0.0255,0,209.64,15.3394,-0.00405,1,0.18,1.931,3.5741,80.5,DEGRADED,F4,4,1,thermal_overload,0.3,1,1,,,,,28,0
2026-08-19T19:38:55.117Z,1787168335117,FAN_DT_001_F4_S03_R01_20260819T193429,1,265.601,FAULT_ACTIVE,F4,0.3,FAN_DT_001,3.0,process-model-3.0.0-build3,9285,1,LIVE,SYNCHRONISED,AUTOMATIC,NORMAL,65,1950,1950,0,145,199,0.3,0.315,25.59155,43.87,1.036,1,0.0255,0,209.64,15.3993,-0.00379,1,0.18,1.806,3.588,80.5,DEGRADED,F4,4,1,thermal_overload,0.3,1,1,,,,,28,0
2026-08-19T19:38:56.152Z,1787168336152,FAN_DT_001_F4_S03_R01_20260819T193429,1,266.635,FAULT_ACTIVE,F4,0.3,FAN_DT_001,3.0,process-model-3.0.0-build3,9286,1,LIVE,SYNCHRONISED,AUTOMATIC,NORMAL,65,1950,1950,0,145,199,0.3,0.315,25.57896,43.87,1.036,1,0.0255,0,209.64,15.4598,-0.00349,1,0.18,1.663,3.6021,80.5,DEGRADED,F4,4,1,thermal_overload,0.3,1,1,,,,,28,0
2026-08-19T19:38:57.214Z,1787168337214,FAN_DT_001_F4_S03_R01_20260819T193429,1,267.698,FAULT_ACTIVE,F4,0.3,FAN_DT_001,3.0,process-model-3.0.0-build3,9287,1,LIVE,SYNCHRONISED,AUTOMATIC,NORMAL,65,1950,1950,0,145,199,0.3,0.315,25.56618,43.87,1.036,1,0.0255,0,209.64,15.5198,-0.00324,1,0.18,1.544,3.6161,80.5,DEGRADED,F4,4,1,thermal_overload,0.3,1,1,,,,,28,0
2026-08-19T19:38:58.220Z,1787168338220,FAN_DT_001_F4_S03_R01_20260819T193429,1,268.704,FAULT_ACTIVE,F4,0.3,FAN_DT_001,3.0,process-model-3.0.0-build3,9288,1,LIVE,SYNCHRONISED,AUTOMATIC,NORMAL,65,1950,1950,0,145,199,0.3,0.315,25.55305,43.88,1.036,1,0.0255,0,209.64,15.58,-0.00297,1,0.18,1.415,3.6301,80.5,DEGRADED,F4,4,1,thermal_overload,0.3,1,1,,,,,28,0
2026-08-19T19:38:59.279Z,1787168339279,FAN_DT_001_F4_S03_R01_20260819T193429,1,269.763,FAULT_ACTIVE,F4,0.3,FAN_DT_001,3.0,process-model-3.0.0-build3,9289,1,LIVE,SYNCHRONISED,AUTOMATIC,NORMAL,65,1950,1950,0,145,199,0.3,0.315,25.53963,43.88,1.036,1,0.0255,0,209.64,15.6402,-0.00269,1,0.18,1.282,3.6442,80.5,DEGRADED,F4,4,1,thermal_overload,0.3,1,1,,,,,28,0
2026-08-19T19:39:00.297Z,1787168340297,FAN_DT_001_F4_S03_R01_20260819T193429,1,270.78,FAULT_ACTIVE,F4,0.3,FAN_DT_001,3.0,process-model-3.0.0-build3,9290,1,LIVE,SYNCHRONISED,AUTOMATIC,NORMAL,65,1950,1950,0,145,199,0.3,0.315,25.52594,43.88,1.036,1,0.0255,0,209.64,15.7003,-0.00242,1,0.18,1.155,3.6582,80.5,DEGRADED,F4,4,1,thermal_overload,0.3,1,1,,,,,28,0
2026-08-19T19:39:01.324Z,1787168341324,FAN_DT_001_F4_S03_R01_20260819T193429,1,271.807,FAULT_ACTIVE,F4,0.3,FAN_DT_001,3.0,process-model-3.0.0-build3,9291,1,LIVE,SYNCHRONISED,AUTOMATIC,NORMAL,65,1950,1950,0,145,199,0.3,0.315,25.51193,43.88,1.036,1,0.0255,0,209.64,15.7605,-0.00214,1,0.18,1.02,3.6722,80.5,DEGRADED,F4,4,1,thermal_overload,0.3,1,1,,,,,28,0
2026-08-19T19:39:02.354Z,1787168342354,FAN_DT_001_F4_S03_R01_20260819T193429,1,272.838,FAULT_ACTIVE,F4,0.3,FAN_DT_001,3.0,process-model-3.0.0-build3,9292,1,LIVE,SYNCHRONISED,AUTOMATIC,NORMAL,65,1950,1950,0,145,199,0.3,0.315,25.49783,43.89,1.036,1,0.0255,0,209.64,15.8202,-0.00188,1,0.18,0.895,3.6861,80.5,DEGRADED,F4,4,1,thermal_overload,0.3,1,1,,,,,28,0
2026-08-19T19:39:03.403Z,1787168343403,FAN_DT_001_F4_S03_R01_20260819T193429,1,273.886,FAULT_ACTIVE,F4,0.3,FAN_DT_001,3.0,process-model-3.0.0-build3,9293,1,LIVE,SYNCHRONISED,AUTOMATIC,NORMAL,65,1950,1950,0,145,199,0.3,0.315,25.48329,43.89,1.036,1,0.0255,0,209.64,15.8804,-0.00161,1,0.18,0.768,3.7001,80.5,DEGRADED,F4,4,1,thermal_overload,0.3,1,1,,,,,28,0
2026-08-19T19:39:04.464Z,1787168344464,FAN_DT_001_F4_S03_R01_20260819T193429,1,274.947,FAULT_ACTIVE,F4,0.3,FAN_DT_001,3.0,process-model-3.0.0-build3,9294,1,LIVE,SYNCHRONISED,AUTOMATIC,NORMAL,65,1950,1950,0,145,199,0.3,0.315,25.46861,43.89,1.036,1,0.0255,0,209.64,15.9402,-0.00135,1,0.18,0.644,3.7141,80.5,DEGRADED,F4,4,1,thermal_overload,0.3,1,1,,,,,28,0
2026-08-19T19:39:05.452Z,1787168345452,FAN_DT_001_F4_S03_R01_20260819T193429,1,275.935,FAULT_ACTIVE,F4,0.3,FAN_DT_001,3.0,process-model-3.0.0-build3,9295,1,LIVE,SYNCHRONISED,AUTOMATIC,NORMAL,65,1950,1950,0,145,199,0.3,0.315,25.4536,43.89,1.036,1,0.0255,0,209.64,16.0005,-0.00106,1,0.18,0.506,3.7281,80.5,DEGRADED,F4,4,1,thermal_overload,0.3,1,1,,,,,28,0
2026-08-19T19:39:06.485Z,1787168346485,FAN_DT_001_F4_S03_R01_20260819T193429,1,276.969,FAULT_ACTIVE,F4,0.3,FAN_DT_001,3.0,process-model-3.0.0-build3,9296,1,LIVE,SYNCHRONISED,AUTOMATIC,NORMAL,65,1950,1950,0,145,199,0.3,0.315,25.43843,43.89,1.036,1,0.0255,0,209.64,16.0603,-0.00081,1,0.18,0.389,3.7421,80.5,DEGRADED,F4,4,1,thermal_overload,0.3,1,1,,,,,28,0
2026-08-19T19:39:07.545Z,1787168347545,FAN_DT_001_F4_S03_R01_20260819T193429,1,278.032,FAULT_ACTIVE,F4,0.3,FAN_DT_001,3.0,process-model-3.0.0-build3,9297,1,LIVE,SYNCHRONISED,AUTOMATIC,NORMAL,65,1950,1950,0,145,199,0.3,0.315,25.42291,43.89,1.036,1,0.0255,0,209.64,16.1206,-0.00055,1,0.18,0.26,3.7561,80.5,DEGRADED,F4,4,1,thermal_overload,0.3,1,1,,,,,28,0
2026-08-19T19:39:08.551Z,1787168348551,FAN_DT_001_F4_S03_R01_20260819T193429,1,279.035,FAULT_ACTIVE,F4,0.3,FAN_DT_001,3.0,process-model-3.0.0-build3,9298,1,LIVE,SYNCHRONISED,AUTOMATIC,NORMAL,65,1950,1950,0,145,199,0.3,0.315,25.40727,43.89,1.036,1,0.0255,0,209.64,16.1805,-0.00026,1,0.18,0.124,3.7701,80.5,DEGRADED,F4,4,1,thermal_overload,0.3,1,1,,,,,28,0
2026-08-19T19:39:09.585Z,1787168349585,FAN_DT_001_F4_S03_R01_20260819T193429,1,280.074,FAULT_ACTIVE,F4,0.3,FAN_DT_001,3.0,process-model-3.0.0-build3,9299,1,LIVE,SYNCHRONISED,AUTOMATIC,NORMAL,65,1950,1950,0,145,199,0.3,0.315,25.39138,43.89,1.036,1,0.0255,0,209.64,16.2406,0,1,0.18,0,3.7841,80.5,DEGRADED,F4,4,1,thermal_overload,0.3,1,1,,,,,28,0
2026-08-19T19:39:10.614Z,1787168350614,FAN_DT_001_F4_S03_R01_20260819T193429,1,281.101,FAULT_ACTIVE,F4,0.3,FAN_DT_001,3.0,process-model-3.0.0-build3,9300,1,LIVE,SYNCHRONISED,AUTOMATIC,NORMAL,65,1950,1950,0,145,199,0.3,0.315,25.37528,43.89,1.036,1,0.0255,0,209.64,16.3007,0.00026,1,0.18,0.124,3.7981,80.5,DEGRADED,F4,4,1,thermal_overload,0.3,1,1,,,,,28,0
2026-08-19T19:39:11.651Z,1787168351651,FAN_DT_001_F4_S03_R01_20260819T193429,1,282.135,FAULT_ACTIVE,F4,0.3,FAN_DT_001,3.0,process-model-3.0.0-build3,9301,1,LIVE,SYNCHRONISED,AUTOMATIC,NORMAL,65,1950,1950,0,145,199,0.3,0.315,25.35903,43.89,1.036,1,0.0255,0,209.64,16.3606,0.00051,1,0.18,0.244,3.812,80.5,DEGRADED,F4,4,1,thermal_overload,0.3,1,1,,,,,28,0
2026-08-19T19:39:12.682Z,1787168352682,FAN_DT_001_F4_S03_R01_20260819T193429,1,283.166,FAULT_ACTIVE,F4,0.3,FAN_DT_001,3.0,process-model-3.0.0-build3,9302,1,LIVE,SYNCHRONISED,AUTOMATIC,NORMAL,65,1950,1950,0,145,199,0.3,0.315,25.34248,43.89,1.036,1,0.0255,0,209.64,16.4209,0.00077,1,0.18,0.367,3.8261,80.5,DEGRADED,F4,4,1,thermal_overload,0.3,1,1,,,,,28,0
2026-08-19T19:39:13.716Z,1787168353716,FAN_DT_001_F4_S03_R01_20260819T193429,1,284.199,FAULT_ACTIVE,F4,0.3,FAN_DT_001,3.0,process-model-3.0.0-build3,9303,1,LIVE,SYNCHRONISED,AUTOMATIC,NORMAL,65,1950,1950,0,145,199,0.3,0.315,25.32589,43.89,1.036,1,0.0255,0,209.64,16.4807,0.00103,1,0.18,0.49,3.84,80.5,DEGRADED,F4,4,1,thermal_overload,0.3,1,1,,,,,28,0
2026-08-19T19:39:14.747Z,1787168354747,FAN_DT_001_F4_S03_R01_20260819T193429,1,285.232,FAULT_ACTIVE,F4,0.3,FAN_DT_001,3.0,process-model-3.0.0-build3,9304,1,LIVE,SYNCHRONISED,AUTOMATIC,NORMAL,65,1950,1950,0,145,199,0.3,0.315,25.30901,43.89,1.036,1,0.0255,0,209.64,16.541,0.0013,1,0.18,0.621,3.8541,80.5,DEGRADED,F4,4,1,thermal_overload,0.3,1,1,,,,,28,0
2026-08-19T19:39:15.791Z,1787168355791,FAN_DT_001_F4_S03_R01_20260819T193429,1,286.275,FAULT_ACTIVE,F4,0.3,FAN_DT_001,3.0,process-model-3.0.0-build3,9305,1,LIVE,SYNCHRONISED,AUTOMATIC,NORMAL,65,1950,1950,0,145,199,0.3,0.315,25.29202,43.89,1.036,1,0.0255,0,209.64,16.601,0.00156,1,0.18,0.745,3.868,80.5,DEGRADED,F4,4,1,thermal_overload,0.3,1,1,,,,,28,0
2026-08-19T19:39:16.816Z,1787168356816,FAN_DT_001_F4_S03_R01_20260819T193429,1,287.3,FAULT_ACTIVE,F4,0.3,FAN_DT_001,3.0,process-model-3.0.0-build3,9306,1,LIVE,SYNCHRONISED,AUTOMATIC,NORMAL,65,1950,1950,0,145,199,0.3,0.315,25.27482,43.89,1.036,1,0.0255,0,209.64,16.6612,0.00182,1,0.18,0.867,3.8821,80.5,DEGRADED,F4,4,1,thermal_overload,0.3,1,1,,,,,28,0
2026-08-19T19:39:17.847Z,1787168357847,FAN_DT_001_F4_S03_R01_20260819T193429,1,288.331,FAULT_ACTIVE,F4,0.3,FAN_DT_001,3.0,process-model-3.0.0-build3,9307,1,LIVE,SYNCHRONISED,AUTOMATIC,NORMAL,65,1950,1950,0,145,199,0.3,0.315,25.25763,43.88,1.036,1,0.0255,0,209.64,16.721,0.00205,1,0.18,0.979,3.896,80.5,DEGRADED,F4,4,1,thermal_overload,0.3,1,1,,,,,28,0
2026-08-19T19:39:18.897Z,1787168358897,FAN_DT_001_F4_S03_R01_20260819T193429,1,289.428,FAULT_ACTIVE,F4,0.3,FAN_DT_001,3.0,process-model-3.0.0-build3,9308,1,LIVE,SYNCHRONISED,AUTOMATIC,NORMAL,65,1950,1950,0,145,199,0.3,0.315,25.24016,43.88,1.036,1,0.0255,0,209.64,16.7812,0.00233,1,0.18,1.112,3.91,80.5,DEGRADED,F4,4,1,thermal_overload,0.3,1,1,,,,,28,0
2026-08-19T19:39:19.913Z,1787168359913,FAN_DT_001_F4_S03_R01_20260819T193429,1,290.398,FAULT_ACTIVE,F4,0.3,FAN_DT_001,3.0,process-model-3.0.0-build3,9309,1,LIVE,SYNCHRONISED,AUTOMATIC,NORMAL,65,1950,1950,0,145,199,0.3,0.315,25.22259,43.88,1.036,1,0.0255,0,209.64,16.8413,0.00257,1,0.18,1.227,3.924,80.5,DEGRADED,F4,4,1,thermal_overload,0.3,1,1,,,,,28,0
2026-08-19T19:39:20.964Z,1787168360964,FAN_DT_001_F4_S03_R01_20260819T193429,1,291.449,FAULT_ACTIVE,F4,0.3,FAN_DT_001,3.0,process-model-3.0.0-build3,9310,1,LIVE,SYNCHRONISED,AUTOMATIC,NORMAL,65,1950,1950,0,145,199,0.3,0.315,25.20493,43.88,1.036,1,0.0255,0,209.64,16.9013,0.00282,1,0.18,1.343,3.938,80.5,DEGRADED,F4,4,1,thermal_overload,0.3,1,1,,,,,28,0
2026-08-19T19:39:22.002Z,1787168362002,FAN_DT_001_F4_S03_R01_20260819T193429,1,292.504,FAULT_ACTIVE,F4,0.3,FAN_DT_001,3.0,process-model-3.0.0-build3,9311,1,LIVE,SYNCHRONISED,AUTOMATIC,NORMAL,65,1950,1950,0,145,199,0.3,0.315,25.1871,43.87,1.036,1,0.0255,0,209.64,16.9616,0.00306,1,0.18,1.461,3.952,80.5,DEGRADED,F4,4,1,thermal_overload,0.3,1,1,,,,,28,0
2026-08-19T19:39:23.014Z,1787168363014,FAN_DT_001_F4_S03_R01_20260819T193429,1,293.655,FAULT_ACTIVE,F4,0.3,FAN_DT_001,3.0,process-model-3.0.0-build3,9312,1,LIVE,SYNCHRONISED,AUTOMATIC,NORMAL,65,1950,1950,0,145,199,0.3,0.315,25.1693,43.87,1.036,1,0.0255,0,209.64,17.0214,0.0033,1,0.18,1.574,3.966,80.5,DEGRADED,F4,4,1,thermal_overload,0.3,1,1,,,,,28,0
2026-08-19T19:39:24.050Z,1787168364050,FAN_DT_001_F4_S03_R01_20260819T193429,1,294.542,FAULT_ACTIVE,F4,0.3,FAN_DT_001,3.0,process-model-3.0.0-build3,9313,1,LIVE,SYNCHRONISED,AUTOMATIC,NORMAL,65,1950,1950,0,145,199,0.3,0.315,25.15128,43.87,1.036,1,0.0255,0,209.64,17.0816,0.00355,1,0.18,1.694,3.98,80.5,DEGRADED,F4,4,1,thermal_overload,0.3,1,1,,,,,28,0
2026-08-19T19:39:25.082Z,1787168365082,FAN_DT_001_F4_S03_R01_20260819T193429,1,295.566,FAULT_ACTIVE,F4,0.3,FAN_DT_001,3.0,process-model-3.0.0-build3,9314,1,LIVE,SYNCHRONISED,AUTOMATIC,NORMAL,65,1950,1950,0,145,199,0.3,0.315,25.13326,43.86,1.036,1,0.0255,0,209.64,17.1416,0.00379,1,0.18,1.806,3.994,80.5,DEGRADED,F4,4,1,thermal_overload,0.3,1,1,,,,,28,0
2026-08-19T19:39:26.116Z,1787168366116,FAN_DT_001_F4_S03_R01_20260819T193429,1,296.602,FAULT_ACTIVE,F4,0.3,FAN_DT_001,3.0,process-model-3.0.0-build3,9315,1,LIVE,SYNCHRONISED,AUTOMATIC,NORMAL,65,1950,1950,0,145,199,0.3,0.315,25.11503,43.86,1.036,1,0.0255,0,209.64,17.202,0.00402,1,0.18,1.919,4.0081,80.5,DEGRADED,F4,4,1,thermal_overload,0.3,1,1,,,,,28,0
2026-08-19T19:39:27.156Z,1787168367156,FAN_DT_001_F4_S03_R01_20260819T193429,1,297.641,FAULT_ACTIVE,F4,0.3,FAN_DT_001,3.0,process-model-3.0.0-build3,9316,1,LIVE,SYNCHRONISED,AUTOMATIC,NORMAL,65,1950,1950,0,145,199,0.3,0.315,25.09691,43.85,1.036,1,0.0255,0,209.64,17.262,0.00423,1,0.18,2.016,4.022,80.5,DEGRADED,F4,4,1,thermal_overload,0.3,1,1,,,,,28,0
2026-08-19T19:39:28.185Z,1787168368185,FAN_DT_001_F4_S03_R01_20260819T193429,1,298.674,FAULT_ACTIVE,F4,0.3,FAN_DT_001,3.0,process-model-3.0.0-build3,9317,1,LIVE,SYNCHRONISED,AUTOMATIC,NORMAL,65,1950,1950,0,145,199,0.3,0.315,25.07862,43.85,1.036,1,0.0255,0,209.64,17.3222,0.00448,1,0.18,2.135,4.0361,80.5,DEGRADED,F4,4,1,thermal_overload,0.3,1,1,,,,,28,0
2026-08-19T19:39:29.232Z,1787168369232,FAN_DT_001_F4_S03_R01_20260819T193429,1,299.738,FAULT_ACTIVE,F4,0.3,FAN_DT_001,3.0,process-model-3.0.0-build3,9318,1,LIVE,SYNCHRONISED,AUTOMATIC,NORMAL,65,1950,1950,0,145,199,0.3,0.315,25.06038,43.85,1.036,1,0.0255,0,209.64,17.3822,0.0047,1,0.18,2.24,4.0501,80.5,DEGRADED,F4,4,1,thermal_overload,0.3,1,1,,,,,28,0
2026-08-19T19:39:30.256Z,1787168370256,FAN_DT_001_F4_S03_R01_20260819T193429,1,300.741,FAULT_ACTIVE,F4,0.3,FAN_DT_001,3.0,process-model-3.0.0-build3,9319,1,LIVE,SYNCHRONISED,AUTOMATIC,NORMAL,65,1950,1950,0,145,199,0.3,0.315,25.04202,43.84,1.036,1,0.0255,0,209.64,17.4424,0.0049,1,0.18,2.34,4.0641,80.5,DEGRADED,F4,4,1,thermal_overload,0.3,1,1,,,,,28,0
2026-08-19T19:39:31.297Z,1787168371297,FAN_DT_001_F4_S03_R01_20260819T193429,1,301.78,FAULT_ACTIVE,F4,0.3,FAN_DT_001,3.0,process-model-3.0.0-build3,9320,1,LIVE,SYNCHRONISED,AUTOMATIC,NORMAL,65,1950,1950,0,145,199,0.3,0.315,25.02374,43.83,1.036,1,0.0255,0,209.64,17.5024,0.00511,1,0.18,2.44,4.0781,80.5,DEGRADED,F4,4,1,thermal_overload,0.3,1,1,,,,,28,0
2026-08-19T19:39:32.314Z,1787168372314,FAN_DT_001_F4_S03_R01_20260819T193429,1,302.798,FAULT_ACTIVE,F4,0.3,FAN_DT_001,3.0,process-model-3.0.0-build3,9321,1,LIVE,SYNCHRONISED,AUTOMATIC,NORMAL,65,1950,1950,0,145,199,0.3,0.315,25.00534,43.83,1.036,1,0.0255,0,209.64,17.5627,0.00534,1,0.18,2.548,4.0921,80.5,DEGRADED,F4,4,1,thermal_overload,0.3,1,1,,,,,28,0
2026-08-19T19:39:33.345Z,1787168373345,FAN_DT_001_F4_S03_R01_20260819T193429,1,303.831,FAULT_ACTIVE,F4,0.3,FAN_DT_001,3.0,process-model-3.0.0-build3,9322,1,LIVE,SYNCHRONISED,AUTOMATIC,NORMAL,65,1950,1950,0,145,199,0.3,0.315,24.98712,43.82,1.036,1,0.0255,0,209.64,17.6224,0.00556,1,0.18,2.653,4.106,80.5,DEGRADED,F4,4,1,thermal_overload,0.3,1,1,,,,,28,0
2026-08-19T19:39:34.380Z,1787168374380,FAN_DT_001_F4_S03_R01_20260819T193429,1,304.863,FAULT_ACTIVE,F4,0.3,FAN_DT_001,3.0,process-model-3.0.0-build3,9323,1,LIVE,SYNCHRONISED,AUTOMATIC,NORMAL,65,1950,1950,0,145,199,0.3,0.315,24.96883,43.82,1.036,1,0.0255,0,209.64,17.6823,0.00577,1,0.18,2.751,4.12,80.5,DEGRADED,F4,4,1,thermal_overload,0.3,1,1,,,,,28,0
2026-08-19T19:39:35.411Z,1787168375411,FAN_DT_001_F4_S03_R01_20260819T193429,1,305.895,FAULT_ACTIVE,F4,0.3,FAN_DT_001,3.0,process-model-3.0.0-build3,9324,1,LIVE,SYNCHRONISED,AUTOMATIC,NORMAL,65,1950,1950,0,145,199,0.3,0.315,24.95048,43.81,1.036,1,0.0255,0,209.64,17.7425,0.00597,1,0.18,2.849,4.134,80.5,DEGRADED,F4,4,1,thermal_overload,0.3,1,1,,,,,28,0
2026-08-19T19:39:36.445Z,1787168376445,FAN_DT_001_F4_S03_R01_20260819T193429,1,306.929,FAULT_ACTIVE,F4,0.3,FAN_DT_001,3.0,process-model-3.0.0-build3,9325,1,LIVE,SYNCHRONISED,AUTOMATIC,NORMAL,65,1950,1950,0,145,199,0.3,0.315,24.93224,43.81,1.036,1,0.0255,0,209.64,17.8024,0.00617,1,0.18,2.943,4.1479,80.5,DEGRADED,F4,4,1,thermal_overload,0.3,1,1,,,,,28,0
2026-08-19T19:39:37.476Z,1787168377476,FAN_DT_001_F4_S03_R01_20260819T193429,1,307.96,FAULT_ACTIVE,F4,0.3,FAN_DT_001,3.0,process-model-3.0.0-build3,9326,1,LIVE,SYNCHRONISED,AUTOMATIC,NORMAL,65,1950,1950,0,145,199,0.3,0.315,24.91394,43.8,1.036,1,0.0255,0,209.64,17.8626,0.00636,1,0.18,3.033,4.162,80.5,DEGRADED,F4,4,1,thermal_overload,0.3,1,1,,,,,28,0
2026-08-19T19:39:38.572Z,1787168378572,FAN_DT_001_F4_S03_R01_20260819T193429,1,309.056,FAULT_ACTIVE,F4,0.3,FAN_DT_001,3.0,process-model-3.0.0-build3,9327,1,LIVE,SYNCHRONISED,AUTOMATIC,NORMAL,65,1950,1950,0,145,199,0.3,0.315,24.89578,43.79,1.036,1,0.0255,0,209.64,17.9225,0.00653,1,0.18,3.115,4.1759,80.5,DEGRADED,F4,4,1,thermal_overload,0.3,1,1,,,,,28,0
2026-08-19T19:39:39.545Z,1787168379545,FAN_DT_001_F4_S03_R01_20260819T193429,1,310.03,FAULT_ACTIVE,F4,0.3,FAN_DT_001,3.0,process-model-3.0.0-build3,9328,1,LIVE,SYNCHRONISED,AUTOMATIC,NORMAL,65,1950,1950,0,145,199,0.3,0.315,24.87758,43.79,1.036,1,0.0255,0,209.64,17.9828,0.00672,1,0.18,3.206,4.19,80.5,DEGRADED,F4,4,1,thermal_overload,0.3,1,1,,,,,28,0
2026-08-19T19:39:40.581Z,1787168380581,FAN_DT_001_F4_S03_R01_20260819T193429,1,311.069,FAULT_ACTIVE,F4,0.3,FAN_DT_001,3.0,process-model-3.0.0-build3,9329,1,LIVE,SYNCHRONISED,AUTOMATIC,NORMAL,65,1950,1950,0,145,199,0.3,0.315,24.85953,43.78,1.036,1,0.0255,0,209.64,18.0427,0.00691,1,0.18,3.295,4.2039,80.5,DEGRADED,F4,4,1,thermal_overload,0.3,1,1,,,,,28,0
2026-08-19T19:39:41.611Z,1787168381611,FAN_DT_001_F4_S03_R01_20260819T193429,1,312.097,FAULT_ACTIVE,F4,0.3,FAN_DT_001,3.0,process-model-3.0.0-build3,9330,1,LIVE,SYNCHRONISED,AUTOMATIC,NORMAL,65,1950,1950,0,145,199,0.3,0.315,24.84147,43.77,1.036,1,0.0255,0,209.64,18.1029,0.00708,1,0.18,3.379,4.218,80.5,DEGRADED,F4,4,1,thermal_overload,0.3,1,1,,,,,28,0
2026-08-19T19:39:42.643Z,1787168382643,FAN_DT_001_F4_S03_R01_20260819T193429,1,313.127,FAULT_ACTIVE,F4,0.3,FAN_DT_001,3.0,process-model-3.0.0-build3,9331,1,LIVE,SYNCHRONISED,AUTOMATIC,NORMAL,65,1950,1950,0,145,199,0.3,0.315,24.82351,43.76,1.036,1,0.0255,0,209.64,18.163,0.00726,1,0.18,3.463,4.232,80.5,DEGRADED,F4,4,1,thermal_overload,0.3,1,1,,,,,28,0
2026-08-19T19:39:43.684Z,1787168383684,FAN_DT_001_F4_S03_R01_20260819T193429,1,314.168,FAULT_ACTIVE,F4,0.3,FAN_DT_001,3.0,process-model-3.0.0-build3,9332,1,LIVE,SYNCHRONISED,AUTOMATIC,NORMAL,65,1950,1950,0,145,199,0.3,0.315,24.80571,43.76,1.036,1,0.0255,0,209.64,18.223,0.00745,1,0.18,3.553,4.246,80.5,DEGRADED,F4,4,1,thermal_overload,0.3,1,1,,,,,28,0
2026-08-19T19:39:44.713Z,1787168384713,FAN_DT_001_F4_S03_R01_20260819T193429,1,315.197,FAULT_ACTIVE,F4,0.3,FAN_DT_001,3.0,process-model-3.0.0-build3,9333,1,LIVE,SYNCHRONISED,AUTOMATIC,NORMAL,65,1950,1950,0,145,199,0.3,0.315,24.78789,43.75,1.036,1,0.0255,0,209.64,18.2833,0.0076,1,0.18,3.625,4.26,80.5,DEGRADED,F4,4,1,thermal_overload,0.3,1,1,,,,,28,0
2026-08-19T19:39:45.748Z,1787168385748,FAN_DT_001_F4_S03_R01_20260819T193429,1,316.232,FAULT_ACTIVE,F4,0.3,FAN_DT_001,3.0,process-model-3.0.0-build3,9334,1,LIVE,SYNCHRONISED,AUTOMATIC,NORMAL,65,1950,1950,0,145,199,0.3,0.315,24.7703,43.74,1.036,1,0.0255,0,209.64,18.3433,0.00778,1,0.18,3.709,4.274,80.5,DEGRADED,F4,4,1,thermal_overload,0.3,1,1,,,,,28,0
2026-08-19T19:39:46.780Z,1787168386780,FAN_DT_001_F4_S03_R01_20260819T193429,1,317.264,FAULT_ACTIVE,F4,0.3,FAN_DT_001,3.0,process-model-3.0.0-build3,9335,1,LIVE,SYNCHRONISED,AUTOMATIC,NORMAL,65,1950,1950,0,145,199,0.3,0.315,24.75276,43.73,1.036,1,0.0255,0,209.64,18.4035,0.00793,1,0.18,3.784,4.288,80.5,DEGRADED,F4,4,1,thermal_overload,0.3,1,1,,,,,28,0
2026-08-19T19:39:47.809Z,1787168387809,FAN_DT_001_F4_S03_R01_20260819T193429,1,318.293,FAULT_ACTIVE,F4,0.3,FAN_DT_001,3.0,process-model-3.0.0-build3,9336,1,LIVE,SYNCHRONISED,AUTOMATIC,NORMAL,65,1950,1950,0,145,199,0.3,0.315,24.7355,43.72,1.036,1,0.0255,0,209.64,18.4632,0.00806,1,0.18,3.846,4.3019,80.5,DEGRADED,F4,4,1,thermal_overload,0.3,1,1,,,,,28,0
2026-08-19T19:39:48.865Z,1787168388865,FAN_DT_001_F4_S03_R01_20260819T193429,1,319.349,FAULT_ACTIVE,F4,0.3,FAN_DT_001,3.0,process-model-3.0.0-build3,9337,1,LIVE,SYNCHRONISED,AUTOMATIC,NORMAL,65,1950,1950,0,145,199,0.3,0.315,24.71826,43.72,1.036,1,0.0255,0,209.64,18.5233,0.0082,1,0.18,3.912,4.3159,80.5,DEGRADED,F4,4,1,thermal_overload,0.3,1,1,,,,,28,0
2026-08-19T19:39:49.880Z,1787168389880,FAN_DT_001_F4_S03_R01_20260819T193429,1,320.364,FAULT_ACTIVE,F4,0.3,FAN_DT_001,3.0,process-model-3.0.0-build3,9338,1,LIVE,SYNCHRONISED,AUTOMATIC,NORMAL,65,1950,1950,0,145,199,0.3,0.315,24.70115,43.71,1.036,1,0.0255,0,209.64,18.5834,0.00836,1,0.18,3.986,4.3299,80.5,DEGRADED,F4,4,1,thermal_overload,0.3,1,1,,,,,28,0
2026-08-19T19:39:50.914Z,1787168390914,FAN_DT_001_F4_S03_R01_20260819T193429,1,321.398,FAULT_ACTIVE,F4,0.3,FAN_DT_001,3.0,process-model-3.0.0-build3,9339,1,LIVE,SYNCHRONISED,AUTOMATIC,NORMAL,65,1950,1950,0,145,199,0.3,0.315,24.68421,43.7,1.036,1,0.0255,0,209.64,18.6435,0.0085,1,0.18,4.053,4.3439,80.5,DEGRADED,F4,4,1,thermal_overload,0.3,1,1,,,,,28,0
2026-08-19T19:39:51.947Z,1787168391947,FAN_DT_001_F4_S03_R01_20260819T193429,1,322.431,FAULT_ACTIVE,F4,0.3,FAN_DT_001,3.0,process-model-3.0.0-build3,9340,1,LIVE,SYNCHRONISED,AUTOMATIC,NORMAL,65,1950,1950,0,145,199,0.3,0.315,24.66739,43.69,1.036,1,0.0255,0,209.64,18.7037,0.00863,1,0.18,4.116,4.358,80.5,DEGRADED,F4,4,1,thermal_overload,0.3,1,1,,,,,28,0
2026-08-19T19:39:52.979Z,1787168392979,FAN_DT_001_F4_S03_R01_20260819T193429,1,323.463,FAULT_ACTIVE,F4,0.3,FAN_DT_001,3.0,process-model-3.0.0-build3,9341,1,LIVE,SYNCHRONISED,AUTOMATIC,NORMAL,65,1950,1950,0,145,199,0.3,0.315,24.65079,43.68,1.036,1,0.0255,0,209.64,18.7639,0.00875,1,0.18,4.175,4.372,80.5,DEGRADED,F4,4,1,thermal_overload,0.3,1,1,,,,,28,0
2026-08-19T19:39:54.013Z,1787168394013,FAN_DT_001_F4_S03_R01_20260819T193429,1,324.497,FAULT_ACTIVE,F4,0.3,FAN_DT_001,3.0,process-model-3.0.0-build3,9342,1,LIVE,SYNCHRONISED,AUTOMATIC,NORMAL,65,1950,1950,0,145,199,0.3,0.315,24.63441,43.67,1.036,1,0.0255,0,209.64,18.8238,0.00886,1,0.18,4.227,4.3859,80.5,DEGRADED,F4,4,1,thermal_overload,0.3,1,1,,,,,28,0
2026-08-19T19:39:55.048Z,1787168395048,FAN_DT_001_F4_S03_R01_20260819T193429,1,325.531,FAULT_ACTIVE,F4,0.3,FAN_DT_001,3.0,process-model-3.0.0-build3,9343,1,LIVE,SYNCHRONISED,AUTOMATIC,NORMAL,65,1950,1950,0,145,199,0.3,0.315,24.61816,43.66,1.036,1,0.0255,0,209.64,18.884,0.00899,1,0.18,4.289,4.4,80.5,DEGRADED,F4,4,1,thermal_overload,0.3,1,1,,,,,28,0
2026-08-19T19:39:56.080Z,1787168396080,FAN_DT_001_F4_S03_R01_20260819T193429,1,326.563,FAULT_ACTIVE,F4,0.3,FAN_DT_001,3.0,process-model-3.0.0-build3,9344,1,LIVE,SYNCHRONISED,AUTOMATIC,NORMAL,65,1950,1950,0,145,199,0.3,0.315,24.60217,43.65,1.036,1,0.0255,0,209.64,18.944,0.0091,1,0.18,4.342,4.4139,80.5,DEGRADED,F4,4,1,thermal_overload,0.3,1,1,,,,,28,0
2026-08-19T19:39:57.142Z,1787168397142,FAN_DT_001_F4_S03_R01_20260819T193429,1,327.625,FAULT_ACTIVE,F4,0.3,FAN_DT_001,3.0,process-model-3.0.0-build3,9345,1,LIVE,SYNCHRONISED,AUTOMATIC,NORMAL,65,1950,1950,0,145,199,0.3,0.315,24.58635,43.64,1.036,1,0.0255,0,209.64,19.0041,0.0092,1,0.18,4.39,4.428,80.5,DEGRADED,F4,4,1,thermal_overload,0.3,1,1,,,,,28,0
2026-08-19T19:39:58.150Z,1787168398150,FAN_DT_001_F4_S03_R01_20260819T193429,1,328.633,FAULT_ACTIVE,F4,0.3,FAN_DT_001,3.0,process-model-3.0.0-build3,9346,1,LIVE,SYNCHRONISED,AUTOMATIC,NORMAL,65,1950,1950,0,145,199,0.3,0.315,24.57071,43.63,1.036,1,0.0255,0,209.64,19.0644,0.00931,1,0.18,4.439,4.442,80.5,DEGRADED,F4,4,1,thermal_overload,0.3,1,1,,,,,28,0
2026-08-19T19:39:59.202Z,1787168399202,FAN_DT_001_F4_S03_R01_20260819T193429,1,329.686,FAULT_ACTIVE,F4,0.3,FAN_DT_001,3.0,process-model-3.0.0-build3,9347,1,LIVE,SYNCHRONISED,AUTOMATIC,NORMAL,65,1950,1950,0,145,199,0.3,0.315,24.55533,43.62,1.036,1,0.0255,0,209.64,19.1246,0.00938,1,0.18,4.477,4.456,80.5,DEGRADED,F4,4,1,thermal_overload,0.3,1,1,,,,,28,0
2026-08-19T19:40:00.224Z,1787168400224,FAN_DT_001_F4_S03_R01_20260819T193429,1,330.708,FAULT_ACTIVE,F4,0.3,FAN_DT_001,3.0,process-model-3.0.0-build3,9348,1,LIVE,SYNCHRONISED,AUTOMATIC,NORMAL,65,1950,1950,0,145,199,0.3,0.315,24.54016,43.61,1.036,1,0.0255,0,209.64,19.1848,0.00948,1,0.18,4.522,4.4701,80.5,DEGRADED,F4,4,1,thermal_overload,0.3,1,1,,,,,28,0
2026-08-19T19:40:01.259Z,1787168401259,FAN_DT_001_F4_S03_R01_20260819T193429,1,331.742,FAULT_ACTIVE,F4,0.3,FAN_DT_001,3.0,process-model-3.0.0-build3,9349,1,LIVE,SYNCHRONISED,AUTOMATIC,NORMAL,65,1950,1950,0,145,199,0.3,0.315,24.52527,43.6,1.036,1,0.0255,0,209.64,19.2449,0.00957,1,0.18,4.564,4.4841,80.5,DEGRADED,F4,4,1,thermal_overload,0.3,1,1,,,,,28,0
2026-08-19T19:40:02.288Z,1787168402288,FAN_DT_001_F4_S03_R01_20260819T193429,1,332.771,FAULT_ACTIVE,F4,0.3,FAN_DT_001,3.0,process-model-3.0.0-build3,9350,1,LIVE,SYNCHRONISED,AUTOMATIC,NORMAL,65,1950,1950,0,145,199,0.3,0.315,24.51062,43.59,1.036,1,0.0255,0,209.64,19.305,0.00965,1,0.18,4.604,4.4981,80.5,DEGRADED,F4,4,1,thermal_overload,0.3,1,1,,,,,28,0
2026-08-19T19:40:03.319Z,1787168403319,FAN_DT_001_F4_S03_R01_20260819T193429,1,333.802,FAULT_ACTIVE,F4,0.3,FAN_DT_001,3.0,process-model-3.0.0-build3,9351,1,LIVE,SYNCHRONISED,AUTOMATIC,NORMAL,65,1950,1950,0,145,199,0.3,0.315,24.49629,43.58,1.036,1,0.0255,0,209.64,19.3649,0.00973,1,0.18,4.642,4.512,80.5,DEGRADED,F4,4,1,thermal_overload,0.3,1,1,,,,,28,0
2026-08-19T19:40:04.351Z,1787168404351,FAN_DT_001_F4_S03_R01_20260819T193429,1,334.835,FAULT_ACTIVE,F4,0.3,FAN_DT_001,3.0,process-model-3.0.0-build3,9352,1,LIVE,SYNCHRONISED,AUTOMATIC,NORMAL,65,1950,1950,0,145,199,0.3,0.315,24.48213,43.57,1.036,1,0.0255,0,209.64,19.4252,0.00978,1,0.18,4.667,4.5261,80.5,DEGRADED,F4,4,1,thermal_overload,0.3,1,1,,,,,28,0
2026-08-19T19:40:05.415Z,1787168405415,FAN_DT_001_F4_S03_R01_20260819T193429,1,335.898,FAULT_ACTIVE,F4,0.3,FAN_DT_001,3.0,process-model-3.0.0-build3,9353,1,LIVE,SYNCHRONISED,AUTOMATIC,NORMAL,65,1950,1950,0,145,199,0.3,0.315,24.46832,43.56,1.036,1,0.0255,0,209.64,19.4851,0.00985,1,0.18,4.7,4.54,80.5,DEGRADED,F4,4,1,thermal_overload,0.3,1,1,,,,,28,0
2026-08-19T19:40:06.418Z,1787168406418,FAN_DT_001_F4_S03_R01_20260819T193429,1,336.901,FAULT_ACTIVE,F4,0.3,FAN_DT_001,3.0,process-model-3.0.0-build3,9354,1,LIVE,SYNCHRONISED,AUTOMATIC,NORMAL,65,1950,1950,0,145,199,0.3,0.315,24.45476,43.55,1.036,1,0.0255,0,209.64,19.5452,0.00989,1,0.18,4.72,4.554,80.5,DEGRADED,F4,4,1,thermal_overload,0.3,1,1,,,,,28,0
2026-08-19T19:40:07.452Z,1787168407452,FAN_DT_001_F4_S03_R01_20260819T193429,1,337.936,FAULT_ACTIVE,F4,0.3,FAN_DT_001,3.0,process-model-3.0.0-build3,9355,1,LIVE,SYNCHRONISED,AUTOMATIC,NORMAL,65,1950,1950,0,145,199,0.3,0.315,24.4415,43.54,1.036,1,0.0255,0,209.64,19.6051,0.00995,1,0.18,4.745,4.568,80.5,DEGRADED,F4,4,1,thermal_overload,0.3,1,1,,,,,28,0
2026-08-19T19:40:08.497Z,1787168408497,FAN_DT_001_F4_S03_R01_20260819T193429,1,338.981,FAULT_ACTIVE,F4,0.3,FAN_DT_001,3.0,process-model-3.0.0-build3,9356,1,LIVE,SYNCHRONISED,AUTOMATIC,NORMAL,65,1950,1950,0,145,199,0.3,0.315,24.42847,43.53,1.036,1,0.0255,0,209.64,19.6654,0.00999,1,0.18,4.766,4.582,80.5,DEGRADED,F4,4,1,thermal_overload,0.3,1,1,,,,,28,0
2026-08-19T19:40:09.518Z,1787168409518,FAN_DT_001_F4_S03_R01_20260819T193429,1,340.001,FAULT_ACTIVE,F4,0.3,FAN_DT_001,3.0,process-model-3.0.0-build3,9357,1,LIVE,SYNCHRONISED,AUTOMATIC,NORMAL,65,1950,1950,0,145,199,0.3,0.315,24.41583,43.52,1.036,1,0.0255,0,209.64,19.7253,0.01003,1,0.18,4.784,4.596,80.5,DEGRADED,F4,4,1,thermal_overload,0.3,1,1,,,,,28,0
2026-08-19T19:40:10.550Z,1787168410550,FAN_DT_001_F4_S03_R01_20260819T193429,1,341.034,FAULT_ACTIVE,F4,0.3,FAN_DT_001,3.0,process-model-3.0.0-build3,9358,1,LIVE,SYNCHRONISED,AUTOMATIC,NORMAL,65,1950,1950,0,145,199,0.3,0.315,24.40345,43.51,1.036,1,0.0255,0,209.64,19.7854,0.01008,1,0.18,4.809,4.61,80.5,DEGRADED,F4,4,1,thermal_overload,0.3,1,1,,,,,28,0
2026-08-19T19:40:11.579Z,1787168411579,FAN_DT_001_F4_S03_R01_20260819T193429,1,342.063,FAULT_ACTIVE,F4,0.3,FAN_DT_001,3.0,process-model-3.0.0-build3,9359,1,LIVE,SYNCHRONISED,AUTOMATIC,NORMAL,65,1950,1950,0,145,199,0.3,0.315,24.39143,43.5,1.036,1,0.0255,0,209.64,19.8453,0.01009,1,0.18,4.811,4.624,80.5,DEGRADED,F4,4,1,thermal_overload,0.3,1,1,,,,,28,0
2026-08-19T19:40:12.615Z,1787168412615,FAN_DT_001_F4_S03_R01_20260819T193429,1,343.099,FAULT_ACTIVE,F4,0.3,FAN_DT_001,3.0,process-model-3.0.0-build3,9360,1,LIVE,SYNCHRONISED,AUTOMATIC,NORMAL,65,1950,1950,0,145,199,0.3,0.315,24.37966,43.49,1.036,1,0.0255,0,209.64,19.9055,0.01011,1,0.18,4.824,4.638,80.5,DEGRADED,F4,4,1,thermal_overload,0.3,1,1,,,,,28,0
2026-08-19T19:40:13.649Z,1787168413649,FAN_DT_001_F4_S03_R01_20260819T193429,1,344.132,FAULT_ACTIVE,F4,0.3,FAN_DT_001,3.0,process-model-3.0.0-build3,9361,1,LIVE,SYNCHRONISED,AUTOMATIC,NORMAL,65,1950,1950,0,145,199,0.3,0.315,24.36822,43.48,1.036,1,0.0255,0,209.64,19.9657,0.01014,1,0.18,4.839,4.652,80.5,DEGRADED,F4,4,1,thermal_overload,0.3,1,1,,,,,28,0
2026-08-19T19:40:14.687Z,1787168414687,FAN_DT_001_F4_S03_R01_20260819T193429,1,345.17,FAULT_ACTIVE,F4,0.3,FAN_DT_001,3.0,process-model-3.0.0-build3,9362,1,LIVE,SYNCHRONISED,AUTOMATIC,NORMAL,65,1950,1950,0,145,199,0.3,0.315,24.35712,43.47,1.036,1,0.0255,0,209.64,20.0259,0.01014,1,0.18,4.838,4.666,80.5,DEGRADED,F4,4,1,thermal_overload,0.3,1,1,,,,,28,0
2026-08-19T19:40:15.720Z,1787168415720,FAN_DT_001_F4_S03_R01_20260819T193429,1,346.204,FAULT_ACTIVE,F4,0.3,FAN_DT_001,3.0,process-model-3.0.0-build3,9363,1,LIVE,SYNCHRONISED,AUTOMATIC,NORMAL,65,1950,1950,0,145,199,0.3,0.315,24.34634,43.46,1.036,1,0.0255,0,209.64,20.0861,0.01015,1,0.18,4.843,4.6801,80.5,DEGRADED,F4,4,1,thermal_overload,0.3,1,1,,,,,28,0
2026-08-19T19:40:16.793Z,1787168416793,FAN_DT_001_F4_S03_R01_20260819T193429,1,347.276,FAULT_ACTIVE,F4,0.3,FAN_DT_001,3.0,process-model-3.0.0-build3,9364,1,LIVE,SYNCHRONISED,AUTOMATIC,NORMAL,65,1950,1950,0,145,199,0.3,0.315,24.33597,43.45,1.036,1,0.0255,0,209.64,20.146,0.01013,1,0.18,4.834,4.694,80.5,DEGRADED,F4,4,1,thermal_overload,0.3,1,1,,,,,28,0
2026-08-19T19:40:17.783Z,1787168417783,FAN_DT_001_F4_S03_R01_20260819T193429,1,348.266,FAULT_ACTIVE,F4,0.3,FAN_DT_001,3.0,process-model-3.0.0-build3,9365,1,LIVE,SYNCHRONISED,AUTOMATIC,NORMAL,65,1950,1950,0,145,199,0.3,0.315,24.32589,43.44,1.036,1,0.0255,0,209.64,20.2063,0.01015,1,0.18,4.843,4.7081,80.5,DEGRADED,F4,4,1,thermal_overload,0.3,1,1,,,,,28,0
2026-08-19T19:40:18.814Z,1787168418814,FAN_DT_001_F4_S03_R01_20260819T193429,1,349.297,FAULT_ACTIVE,F4,0.3,FAN_DT_001,3.0,process-model-3.0.0-build3,9366,1,LIVE,SYNCHRONISED,AUTOMATIC,NORMAL,65,1950,1950,0,145,199,0.3,0.315,24.31628,43.43,1.036,1,0.0255,0,209.64,20.2658,0.01012,1,0.18,4.825,4.7219,80.5,DEGRADED,F4,4,1,thermal_overload,0.3,1,1,,,,,28,0
2026-08-19T19:40:19.846Z,1787168419846,FAN_DT_001_F4_S03_R01_20260819T193429,1,350.329,FAULT_ACTIVE,F4,0.3,FAN_DT_001,3.0,process-model-3.0.0-build3,9367,1,LIVE,SYNCHRONISED,AUTOMATIC,NORMAL,65,1950,1950,0,145,199,0.3,0.315,24.30692,43.42,1.036,1,0.0255,0,209.64,20.326,0.01011,1,0.18,4.824,4.736,80.5,DEGRADED,F4,4,1,thermal_overload,0.3,1,1,,,,,28,0
2026-08-19T19:40:20.882Z,1787168420882,FAN_DT_001_F4_S03_R01_20260819T193429,1,351.365,FAULT_ACTIVE,F4,0.3,FAN_DT_001,3.0,process-model-3.0.0-build3,9368,1,LIVE,SYNCHRONISED,AUTOMATIC,NORMAL,65,1950,1950,0,145,199,0.3,0.315,24.29794,43.41,1.036,1,0.0255,0,209.64,20.386,0.01009,1,0.18,4.811,4.7499,80.5,DEGRADED,F4,4,1,thermal_overload,0.3,1,1,,,,,28,0
2026-08-19T19:40:21.916Z,1787168421916,FAN_DT_001_F4_S03_R01_20260819T193429,1,352.4,FAULT_ACTIVE,F4,0.3,FAN_DT_001,3.0,process-model-3.0.0-build3,9369,1,LIVE,SYNCHRONISED,AUTOMATIC,NORMAL,65,1950,1950,0,145,199,0.3,0.315,24.28933,43.4,1.036,1,0.0255,0,209.64,20.4461,0.01006,1,0.18,4.8,4.764,80.5,DEGRADED,F4,4,1,thermal_overload,0.3,1,1,,,,,28,0
2026-08-19T19:40:22.957Z,1787168422957,FAN_DT_001_F4_S03_R01_20260819T193429,1,353.441,FAULT_ACTIVE,F4,0.3,FAN_DT_001,3.0,process-model-3.0.0-build3,9370,1,LIVE,SYNCHRONISED,AUTOMATIC,NORMAL,65,1950,1950,0,145,199,0.3,0.315,24.28103,43.39,1.036,1,0.0255,0,209.64,20.5066,0.01002,1,0.18,4.782,4.778,80.5,DEGRADED,F4,4,1,thermal_overload,0.3,1,1,,,,,28,0
2026-08-19T19:40:23.989Z,1787168423989,FAN_DT_001_F4_S03_R01_20260819T193429,1,354.473,FAULT_ACTIVE,F4,0.3,FAN_DT_001,3.0,process-model-3.0.0-build3,9371,1,LIVE,SYNCHRONISED,AUTOMATIC,NORMAL,65,1950,1950,0,145,199,0.3,0.315,24.27321,43.38,1.036,1,0.0255,0,209.64,20.5665,0.00998,1,0.18,4.759,4.792,80.5,DEGRADED,F4,4,1,thermal_overload,0.3,1,1,,,,,28,0
2026-08-19T19:40:25.021Z,1787168425021,FAN_DT_001_F4_S03_R01_20260819T193429,1,355.505,FAULT_ACTIVE,F4,0.3,FAN_DT_001,3.0,process-model-3.0.0-build3,9372,1,LIVE,SYNCHRONISED,AUTOMATIC,NORMAL,65,1950,1950,0,145,199,0.3,0.315,24.26571,43.37,1.036,1,0.0255,0,209.64,20.6268,0.00993,1,0.18,4.737,4.8061,80.5,DEGRADED,F4,4,1,thermal_overload,0.3,1,1,,,,,28,0
2026-08-19T19:40:26.052Z,1787168426052,FAN_DT_001_F4_S03_R01_20260819T193429,1,356.535,FAULT_ACTIVE,F4,0.3,FAN_DT_001,3.0,process-model-3.0.0-build3,9373,1,LIVE,SYNCHRONISED,AUTOMATIC,NORMAL,65,1950,1950,0,145,199,0.3,0.315,24.25863,43.36,1.036,1,0.0255,0,209.64,20.6869,0.00988,1,0.18,4.715,4.82,80.5,DEGRADED,F4,4,1,thermal_overload,0.3,1,1,,,,,28,0
2026-08-19T19:40:27.101Z,1787168427101,FAN_DT_001_F4_S03_R01_20260819T193429,1,357.585,FAULT_ACTIVE,F4,0.3,FAN_DT_001,3.0,process-model-3.0.0-build3,9374,1,LIVE,SYNCHRONISED,AUTOMATIC,NORMAL,65,1950,1950,0,145,199,0.3,0.315,24.25194,43.35,1.036,1,0.0255,0,209.64,20.7469,0.00982,1,0.18,4.685,4.834,80.5,DEGRADED,F4,4,1,thermal_overload,0.3,1,1,,,,,28,0
2026-08-19T19:40:28.122Z,1787168428122,FAN_DT_001_F4_S03_R01_20260819T193429,1,358.605,FAULT_ACTIVE,F4,0.3,FAN_DT_001,3.0,process-model-3.0.0-build3,9375,1,LIVE,SYNCHRONISED,AUTOMATIC,NORMAL,65,1950,1950,0,145,199,0.3,0.315,24.24562,43.34,1.036,1,0.0255,0,209.64,20.8071,0.00976,1,0.18,4.657,4.8481,80.5,DEGRADED,F4,4,1,thermal_overload,0.3,1,1,,,,,28,0
2026-08-19T19:40:29.157Z,1787168429157,FAN_DT_001_F4_S03_R01_20260819T193429,1,359.64,FAULT_ACTIVE,F4,0.3,FAN_DT_001,3.0,process-model-3.0.0-build3,9376,1,LIVE,SYNCHRONISED,AUTOMATIC,NORMAL,65,1950,1950,0,145,199,0.3,0.315,24.23973,43.33,1.036,1,0.0255,0,209.64,20.867,0.0097,1,0.18,4.626,4.862,80.5,DEGRADED,F4,4,1,thermal_overload,0.3,1,1,,,,,28,0
2026-08-19T19:40:30.186Z,1787168430186,FAN_DT_001_F4_S03_R01_20260819T193429,1,360.67,FAULT_ACTIVE,F4,0.3,FAN_DT_001,3.0,process-model-3.0.0-build3,9377,1,LIVE,SYNCHRONISED,AUTOMATIC,NORMAL,65,1950,1950,0,145,199,0.3,0.315,24.23421,43.32,1.036,1,0.0255,0,209.64,20.9272,0.00961,1,0.18,4.586,4.876,80.5,DEGRADED,F4,4,1,thermal_overload,0.3,1,1,,,,,28,0
2026-08-19T19:40:31.220Z,1787168431220,FAN_DT_001_F4_S03_R01_20260819T193429,1,361.704,FAULT_ACTIVE,F4,0.3,FAN_DT_001,3.0,process-model-3.0.0-build3,9378,1,LIVE,SYNCHRONISED,AUTOMATIC,NORMAL,65,1950,1950,0,145,199,0.3,0.315,24.22911,43.31,1.036,1,0.0255,0,209.64,20.9872,0.00954,1,0.18,4.549,4.89,80.5,DEGRADED,F4,4,1,thermal_overload,0.3,1,1,,,,,28,0
2026-08-19T19:40:32.254Z,1787168432254,FAN_DT_001_F4_S03_R01_20260819T193429,1,362.738,FAULT_ACTIVE,F4,0.3,FAN_DT_001,3.0,process-model-3.0.0-build3,9379,1,LIVE,SYNCHRONISED,AUTOMATIC,NORMAL,65,1950,1950,0,145,199,0.3,0.315,24.22442,43.3,1.036,1,0.0255,0,209.64,21.0472,0.00945,1,0.18,4.506,4.904,80.5,DEGRADED,F4,4,1,thermal_overload,0.3,1,1,,,,,28,0
2026-08-19T19:40:33.289Z,1787168433289,FAN_DT_001_F4_S03_R01_20260819T193429,1,363.772,FAULT_ACTIVE,F4,0.3,FAN_DT_001,3.0,process-model-3.0.0-build3,9380,1,LIVE,SYNCHRONISED,AUTOMATIC,NORMAL,65,1950,1950,0,145,199,0.3,0.315,24.2201,43.29,1.036,1,0.0255,0,209.64,21.1077,0.00937,1,0.18,4.472,4.9181,80.5,DEGRADED,F4,4,1,thermal_overload,0.3,1,1,,,,,28,0
2026-08-19T19:40:34.324Z,1787168434324,FAN_DT_001_F4_S03_R01_20260819T193429,1,364.807,FAULT_ACTIVE,F4,0.3,FAN_DT_001,3.0,process-model-3.0.0-build3,9381,1,LIVE,SYNCHRONISED,AUTOMATIC,NORMAL,65,1950,1950,0,145,199,0.3,0.315,24.21623,43.28,1.036,1,0.0255,0,209.64,21.1676,0.00927,1,0.18,4.423,4.932,80.5,DEGRADED,F4,4,1,thermal_overload,0.3,1,1,,,,,28,0
2026-08-19T19:40:35.356Z,1787168435356,FAN_DT_001_F4_S03_R01_20260819T193429,1,365.84,FAULT_ACTIVE,F4,0.3,FAN_DT_001,3.0,process-model-3.0.0-build3,9382,1,LIVE,SYNCHRONISED,AUTOMATIC,NORMAL,65,1950,1950,0,145,199,0.3,0.315,24.21275,43.27,1.036,1,0.0255,0,209.64,21.2278,0.00917,1,0.18,4.376,4.9461,80.5,DEGRADED,F4,4,1,thermal_overload,0.3,1,1,,,,,28,0
2026-08-19T19:40:36.400Z,1787168436400,FAN_DT_001_F4_S03_R01_20260819T193429,1,366.884,FAULT_ACTIVE,F4,0.3,FAN_DT_001,3.0,process-model-3.0.0-build3,9383,1,LIVE,SYNCHRONISED,AUTOMATIC,NORMAL,65,1950,1950,0,145,199,0.3,0.315,24.20971,43.26,1.036,1,0.0255,0,209.64,21.2877,0.00907,1,0.18,4.328,4.96,80.5,DEGRADED,F4,4,1,thermal_overload,0.3,1,1,,,,,28,0
2026-08-19T19:40:37.441Z,1787168437441,FAN_DT_001_F4_S03_R01_20260819T193429,1,367.924,FAULT_ACTIVE,F4,0.3,FAN_DT_001,3.0,process-model-3.0.0-build3,9384,1,LIVE,SYNCHRONISED,AUTOMATIC,NORMAL,65,1950,1950,0,145,199,0.3,0.315,24.20706,43.25,1.036,1,0.0255,0,209.64,21.348,0.00896,1,0.18,4.275,4.9741,80.5,DEGRADED,F4,4,1,thermal_overload,0.3,1,1,,,,,28,0
2026-08-19T19:40:38.456Z,1787168438456,FAN_DT_001_F4_S03_R01_20260819T193429,1,368.94,FAULT_ACTIVE,F4,0.3,FAN_DT_001,3.0,process-model-3.0.0-build3,9385,1,LIVE,SYNCHRONISED,AUTOMATIC,NORMAL,65,1950,1950,0,145,199,0.3,0.315,24.20484,43.24,1.036,1,0.0255,0,209.64,21.4078,0.00884,1,0.18,4.218,4.988,80.5,DEGRADED,F4,4,1,thermal_overload,0.3,1,1,,,,,28,0
2026-08-19T19:40:39.491Z,1787168439491,FAN_DT_001_F4_S03_R01_20260819T193429,1,369.974,FAULT_ACTIVE,F4,0.3,FAN_DT_001,3.0,process-model-3.0.0-build3,9386,1,LIVE,SYNCHRONISED,AUTOMATIC,NORMAL,65,1950,1950,0,145,199,0.3,0.315,24.20303,43.23,1.036,1,0.0255,0,209.64,21.4681,0.00872,1,0.18,4.159,5.0021,80.5,DEGRADED,F4,4,1,thermal_overload,0.3,1,1,,,,,28,0
2026-08-19T19:40:40.521Z,1787168440521,FAN_DT_001_F4_S03_R01_20260819T193429,1,371.004,FAULT_ACTIVE,F4,0.3,FAN_DT_001,3.0,process-model-3.0.0-build3,9387,1,LIVE,SYNCHRONISED,AUTOMATIC,NORMAL,65,1950,1950,0,145,199,0.3,0.315,24.20165,43.22,1.036,1,0.0255,0,209.64,21.528,0.00858,1,0.18,4.094,5.016,80.5,DEGRADED,F4,4,1,thermal_overload,0.3,1,1,,,,,28,0
2026-08-19T19:40:41.555Z,1787168441555,FAN_DT_001_F4_S03_R01_20260819T193429,1,372.039,FAULT_ACTIVE,F4,0.3,FAN_DT_001,3.0,process-model-3.0.0-build3,9388,1,LIVE,SYNCHRONISED,AUTOMATIC,NORMAL,65,1950,1950,0,145,199,0.3,0.315,24.20068,43.21,1.036,1,0.0255,0,209.64,21.588,0.00845,1,0.18,4.029,5.03,80.5,DEGRADED,F4,4,1,thermal_overload,0.3,1,1,,,,,28,0
2026-08-19T19:40:42.589Z,1787168442589,FAN_DT_001_F4_S03_R01_20260819T193429,1,373.073,FAULT_ACTIVE,F4,0.3,FAN_DT_001,3.0,process-model-3.0.0-build3,9389,1,LIVE,SYNCHRONISED,AUTOMATIC,NORMAL,65,1950,1950,0,145,199,0.3,0.315,24.20013,43.2,1.036,1,0.0255,0,209.64,21.6483,0.00833,1,0.18,3.975,5.044,80.5,DEGRADED,F4,4,1,thermal_overload,0.3,1,1,,,,,28,0
2026-08-19T19:40:43.623Z,1787168443623,FAN_DT_001_F4_S03_R01_20260819T193429,1,374.106,FAULT_ACTIVE,F4,0.3,FAN_DT_001,3.0,process-model-3.0.0-build3,9390,1,LIVE,SYNCHRONISED,AUTOMATIC,NORMAL,65,1950,1950,0,145,199,0.3,0.315,24.20001,43.2,1.036,1,0.0255,0,209.64,21.7082,0.0082,1,0.18,3.91,5.058,80.5,DEGRADED,F4,4,1,thermal_overload,0.3,1,1,,,,,28,0
2026-08-19T19:40:44.652Z,1787168444652,FAN_DT_001_F4_S03_R01_20260819T193429,1,375.136,FAULT_ACTIVE,F4,0.3,FAN_DT_001,3.0,process-model-3.0.0-build3,9391,1,LIVE,SYNCHRONISED,AUTOMATIC,NORMAL,65,1950,1950,0,145,199,0.3,0.315,24.2003,43.19,1.036,1,0.0255,0,209.64,21.7684,0.00805,1,0.18,3.841,5.072,80.5,DEGRADED,F4,4,1,thermal_overload,0.3,1,1,,,,,28,0
2026-08-19T19:40:45.702Z,1787168445702,FAN_DT_001_F4_S03_R01_20260819T193429,1,376.187,FAULT_ACTIVE,F4,0.3,FAN_DT_001,3.0,process-model-3.0.0-build3,9392,1,LIVE,SYNCHRONISED,AUTOMATIC,NORMAL,65,1950,1950,0,145,199,0.3,0.315,24.20101,43.18,1.036,1,0.0255,0,209.64,21.8283,0.00789,1,0.18,3.763,5.086,80.5,DEGRADED,F4,4,1,thermal_overload,0.3,1,1,,,,,28,0
2026-08-19T19:40:46.724Z,1787168446724,FAN_DT_001_F4_S03_R01_20260819T193429,1,377.208,FAULT_ACTIVE,F4,0.3,FAN_DT_001,3.0,process-model-3.0.0-build3,9393,1,LIVE,SYNCHRONISED,AUTOMATIC,NORMAL,65,1950,1950,0,145,199,0.3,0.315,24.20215,43.17,1.036,1,0.0255,0,209.64,21.8885,0.00775,1,0.18,3.697,5.1,80.5,DEGRADED,F4,4,1,thermal_overload,0.3,1,1,,,,,28,0
2026-08-19T19:40:47.756Z,1787168447756,FAN_DT_001_F4_S03_R01_20260819T193429,1,378.24,FAULT_ACTIVE,F4,0.3,FAN_DT_001,3.0,process-model-3.0.0-build3,9394,1,LIVE,SYNCHRONISED,AUTOMATIC,NORMAL,65,1950,1950,0,145,199,0.3,0.315,24.20371,43.16,1.036,1,0.0255,0,209.64,21.9487,0.00757,1,0.18,3.612,5.114,80.5,DEGRADED,F4,4,1,thermal_overload,0.3,1,1,,,,,28,0
2026-08-19T19:40:48.793Z,1787168448793,FAN_DT_001_F4_S03_R01_20260819T193429,1,379.276,FAULT_ACTIVE,F4,0.3,FAN_DT_001,3.0,process-model-3.0.0-build3,9395,1,LIVE,SYNCHRONISED,AUTOMATIC,NORMAL,65,1950,1950,0,145,199,0.3,0.315,24.20568,43.16,1.036,1,0.0255,0,209.64,22.0087,0.00742,1,0.18,3.541,5.128,80.5,DEGRADED,F4,4,1,thermal_overload,0.3,1,1,,,,,28,0
2026-08-19T19:40:49.824Z,1787168449824,FAN_DT_001_F4_S03_R01_20260819T193429,1,380.307,FAULT_ACTIVE,F4,0.3,FAN_DT_001,3.0,process-model-3.0.0-build3,9396,1,LIVE,SYNCHRONISED,AUTOMATIC,NORMAL,65,1950,1950,0,145,199,0.3,0.315,24.20808,43.15,1.036,1,0.0255,0,209.64,22.069,0.00724,1,0.18,3.456,5.1421,80.5,DEGRADED,F4,4,1,thermal_overload,0.3,1,1,,,,,28,0
2026-08-19T19:40:50.861Z,1787168450861,FAN_DT_001_F4_S03_R01_20260819T193429,1,381.345,FAULT_ACTIVE,F4,0.3,FAN_DT_001,3.0,process-model-3.0.0-build3,9397,1,LIVE,SYNCHRONISED,AUTOMATIC,NORMAL,65,1950,1950,0,145,199,0.3,0.315,24.21089,43.14,1.036,1,0.0255,0,209.64,22.1291,0.00708,1,0.18,3.377,5.1561,80.5,DEGRADED,F4,4,1,thermal_overload,0.3,1,1,,,,,28,0
2026-08-19T19:40:51.894Z,1787168451894,FAN_DT_001_F4_S03_R01_20260819T193429,1,382.378,FAULT_ACTIVE,F4,0.3,FAN_DT_001,3.0,process-model-3.0.0-build3,9398,1,LIVE,SYNCHRONISED,AUTOMATIC,NORMAL,65,1950,1950,0,145,199,0.3,0.315,24.21411,43.13,1.036,1,0.0255,0,209.64,22.1892,0.0069,1,0.18,3.293,5.1701,80.5,DEGRADED,F4,4,1,thermal_overload,0.3,1,1,,,,,28,0
2026-08-19T19:40:52.949Z,1787168452949,FAN_DT_001_F4_S03_R01_20260819T193429,1,383.434,FAULT_ACTIVE,F4,0.3,FAN_DT_001,3.0,process-model-3.0.0-build3,9399,1,LIVE,SYNCHRONISED,AUTOMATIC,NORMAL,65,1950,1950,0,145,199,0.3,0.315,24.21775,43.13,1.036,1,0.0255,0,209.64,22.2494,0.00673,1,0.18,3.209,5.1841,80.5,DEGRADED,F4,4,1,thermal_overload,0.3,1,1,,,,,28,0
2026-08-19T19:40:53.961Z,1787168453961,FAN_DT_001_F4_S03_R01_20260819T193429,1,384.445,FAULT_ACTIVE,F4,0.3,FAN_DT_001,3.0,process-model-3.0.0-build3,9400,1,LIVE,SYNCHRONISED,AUTOMATIC,NORMAL,65,1950,1950,0,145,199,0.3,0.315,24.22179,43.12,1.036,1,0.0255,0,209.64,22.3093,0.00655,1,0.18,3.125,5.1981,80.5,DEGRADED,F4,4,1,thermal_overload,0.3,1,1,,,,,28,0
2026-08-19T19:40:55.024Z,1787168455024,FAN_DT_001_F4_S03_R01_20260819T193429,1,385.508,FAULT_ACTIVE,F4,0.3,FAN_DT_001,3.0,process-model-3.0.0-build3,9401,1,LIVE,SYNCHRONISED,AUTOMATIC,NORMAL,65,1950,1950,0,145,199,0.3,0.315,24.22626,43.11,1.036,1,0.0255,0,209.64,22.3695,0.00639,1,0.18,3.047,5.2121,80.5,DEGRADED,F4,4,1,thermal_overload,0.3,1,1,,,,,28,0
2026-08-19T19:40:56.064Z,1787168456064,FAN_DT_001_F4_S03_R01_20260819T193429,1,386.548,FAULT_ACTIVE,F4,0.3,FAN_DT_001,3.0,process-model-3.0.0-build3,9402,1,LIVE,SYNCHRONISED,AUTOMATIC,NORMAL,65,1950,1950,0,145,199,0.3,0.315,24.23111,43.11,1.036,1,0.0255,0,209.64,22.4294,0.00618,1,0.18,2.95,5.2261,80.5,DEGRADED,F4,4,1,thermal_overload,0.3,1,1,,,,,28,0
2026-08-19T19:40:57.063Z,1787168457063,FAN_DT_001_F4_S03_R01_20260819T193429,1,387.547,FAULT_ACTIVE,F4,0.3,FAN_DT_001,3.0,process-model-3.0.0-build3,9403,1,LIVE,SYNCHRONISED,AUTOMATIC,NORMAL,65,1950,1950,0,145,199,0.3,0.315,24.23636,43.1,1.036,1,0.0255,0,209.64,22.4894,0.00599,1,0.18,2.857,5.24,80.5,DEGRADED,F4,4,1,thermal_overload,0.3,1,1,,,,,28,0
2026-08-19T19:40:58.090Z,1787168458090,FAN_DT_001_F4_S03_R01_20260819T193429,1,388.573,FAULT_ACTIVE,F4,0.3,FAN_DT_001,3.0,process-model-3.0.0-build3,9404,1,LIVE,SYNCHRONISED,AUTOMATIC,NORMAL,65,1950,1950,0,145,199,0.3,0.315,24.24203,43.09,1.036,1,0.0255,0,209.64,22.5495,0.0058,1,0.18,2.766,5.254,80.5,DEGRADED,F4,4,1,thermal_overload,0.3,1,1,,,,,28,0
2026-08-19T19:40:59.122Z,1787168459122,FAN_DT_001_F4_S03_R01_20260819T193429,1,389.606,FAULT_ACTIVE,F4,0.3,FAN_DT_001,3.0,process-model-3.0.0-build3,9405,1,LIVE,SYNCHRONISED,AUTOMATIC,NORMAL,65,1950,1950,0,145,199,0.3,0.315,24.24808,43.09,1.036,1,0.0255,0,209.64,22.6094,0.00561,1,0.18,2.674,5.268,80.5,DEGRADED,F4,4,1,thermal_overload,0.3,1,1,,,,,28,0
2026-08-19T19:41:00.157Z,1787168460157,FAN_DT_001_F4_S03_R01_20260819T193429,1,390.641,FAULT_ACTIVE,F4,0.3,FAN_DT_001,3.0,process-model-3.0.0-build3,9406,1,LIVE,SYNCHRONISED,AUTOMATIC,NORMAL,65,1950,1950,0,145,199,0.3,0.315,24.25455,43.08,1.036,1,0.0255,0,209.64,22.6696,0.00539,1,0.18,2.571,5.282,80.5,DEGRADED,F4,4,1,thermal_overload,0.3,1,1,,,,,28,0
2026-08-19T19:41:01.187Z,1787168461187,FAN_DT_001_F4_S03_R01_20260819T193429,1,391.67,FAULT_ACTIVE,F4,0.3,FAN_DT_001,3.0,process-model-3.0.0-build3,9407,1,LIVE,SYNCHRONISED,AUTOMATIC,NORMAL,65,1950,1950,0,145,199,0.3,0.315,24.2614,43.08,1.036,1,0.0255,0,209.64,22.7297,0.0052,1,0.18,2.481,5.296,80.5,DEGRADED,F4,4,1,thermal_overload,0.3,1,1,,,,,28,0
2026-08-19T19:41:02.223Z,1787168462223,FAN_DT_001_F4_S03_R01_20260819T193429,1,392.707,FAULT_ACTIVE,F4,0.3,FAN_DT_001,3.0,process-model-3.0.0-build3,9408,1,LIVE,SYNCHRONISED,AUTOMATIC,NORMAL,65,1950,1950,0,145,199,0.3,0.315,24.26863,43.07,1.036,1,0.0255,0,209.64,22.7896,0.00498,1,0.18,2.374,5.31,80.5,DEGRADED,F4,4,1,thermal_overload,0.3,1,1,,,,,28,0
2026-08-19T19:41:03.257Z,1787168463257,FAN_DT_001_F4_S03_R01_20260819T193429,1,393.74,FAULT_ACTIVE,F4,0.3,FAN_DT_001,3.0,process-model-3.0.0-build3,9409,1,LIVE,SYNCHRONISED,AUTOMATIC,NORMAL,65,1950,1950,0,145,199,0.3,0.315,24.27627,43.07,1.036,1,0.0255,0,209.64,22.8499,0.00477,1,0.18,2.274,5.324,80.5,DEGRADED,F4,4,1,thermal_overload,0.3,1,1,,,,,28,0
2026-08-19T19:41:04.302Z,1787168464302,FAN_DT_001_F4_S03_R01_20260819T193429,1,394.785,FAULT_ACTIVE,F4,0.3,FAN_DT_001,3.0,process-model-3.0.0-build3,9410,1,LIVE,SYNCHRONISED,AUTOMATIC,NORMAL,65,1950,1950,0,145,199,0.3,0.315,24.28427,43.06,1.036,1,0.0255,0,209.64,22.9099,0.00458,1,0.18,2.184,5.338,80.5,DEGRADED,F4,4,1,thermal_overload,0.3,1,1,,,,,28,0
2026-08-19T19:41:05.323Z,1787168465323,FAN_DT_001_F4_S03_R01_20260819T193429,1,395.807,FAULT_ACTIVE,F4,0.3,FAN_DT_001,3.0,process-model-3.0.0-build3,9411,1,LIVE,SYNCHRONISED,AUTOMATIC,NORMAL,65,1950,1950,0,145,199,0.3,0.315,24.29269,43.06,1.036,1,0.0255,0,209.64,22.9702,0.00436,1,0.18,2.08,5.3521,80.5,DEGRADED,F4,4,1,thermal_overload,0.3,1,1,,,,,28,0
2026-08-19T19:41:06.359Z,1787168466359,FAN_DT_001_F4_S03_R01_20260819T193429,1,396.843,FAULT_ACTIVE,F4,0.3,FAN_DT_001,3.0,process-model-3.0.0-build3,9412,1,LIVE,SYNCHRONISED,AUTOMATIC,NORMAL,65,1950,1950,0,145,199,0.3,0.315,24.30142,43.05,1.036,1,0.0255,0,209.64,23.0301,0.00413,1,0.18,1.972,5.366,80.5,DEGRADED,F4,4,1,thermal_overload,0.3,1,1,,,,,28,0
2026-08-19T19:41:07.401Z,1787168467401,FAN_DT_001_F4_S03_R01_20260819T193429,1,397.884,FAULT_ACTIVE,F4,0.3,FAN_DT_001,3.0,process-model-3.0.0-build3,9413,1,LIVE,SYNCHRONISED,AUTOMATIC,NORMAL,65,1950,1950,0,145,199,0.3,0.315,24.31059,43.05,1.036,1,0.0255,0,209.64,23.0905,0.00391,1,0.18,1.863,5.3801,80.5,DEGRADED,F4,4,1,thermal_overload,0.3,1,1,,,,,28,0
2026-08-19T19:41:08.432Z,1787168468432,FAN_DT_001_F4_S03_R01_20260819T193429,1,398.915,FAULT_ACTIVE,F4,0.3,FAN_DT_001,3.0,process-model-3.0.0-build3,9414,1,LIVE,SYNCHRONISED,AUTOMATIC,NORMAL,65,1950,1950,0,145,199,0.3,0.315,24.32005,43.04,1.036,1,0.0255,0,209.64,23.1505,0.0037,1,0.18,1.764,5.3941,80.5,DEGRADED,F4,4,1,thermal_overload,0.3,1,1,,,,,28,0
2026-08-19T19:41:09.458Z,1787168469458,FAN_DT_001_F4_S03_R01_20260819T193429,1,399.943,FAULT_ACTIVE,F4,0.3,FAN_DT_001,3.0,process-model-3.0.0-build3,9415,1,LIVE,SYNCHRONISED,AUTOMATIC,NORMAL,65,1950,1950,0,145,199,0.3,0.315,24.32991,43.04,1.036,1,0.0255,0,209.64,23.2107,0.00348,1,0.18,1.66,5.4081,80.5,DEGRADED,F4,4,1,thermal_overload,0.3,1,1,,,,,28,0
2026-08-19T19:41:10.493Z,1787168470493,FAN_DT_001_F4_S03_R01_20260819T193429,1,400.978,FAULT_ACTIVE,F4,0.3,FAN_DT_001,3.0,process-model-3.0.0-build3,9416,1,LIVE,SYNCHRONISED,AUTOMATIC,NORMAL,65,1950,1950,0,145,199,0.3,0.315,24.34008,43.04,1.036,1,0.0255,0,209.64,23.2705,0.00324,1,0.18,1.544,5.422,80.5,DEGRADED,F4,4,1,thermal_overload,0.3,1,1,,,,,28,0
2026-08-19T19:41:11.531Z,1787168471531,FAN_DT_001_F4_S03_R01_20260819T193429,1,402.014,FAULT_ACTIVE,F4,0.3,FAN_DT_001,3.0,process-model-3.0.0-build3,9417,1,LIVE,SYNCHRONISED,AUTOMATIC,NORMAL,65,1950,1950,0,145,199,0.3,0.315,24.35067,43.03,1.036,1,0.0255,0,209.64,23.3309,0.00303,1,0.18,1.444,5.4361,80.5,DEGRADED,F4,4,1,thermal_overload,0.3,1,1,,,,,28,0
2026-08-19T19:41:12.576Z,1787168472576,FAN_DT_001_F4_S03_R01_20260819T193429,1,403.06,FAULT_ACTIVE,F4,0.3,FAN_DT_001,3.0,process-model-3.0.0-build3,9418,1,LIVE,SYNCHRONISED,AUTOMATIC,NORMAL,65,1950,1950,0,145,199,0.3,0.315,24.36153,43.03,1.036,1,0.0255,0,209.64,23.3909,0.00278,1,0.18,1.327,5.4501,80.5,DEGRADED,F4,4,1,thermal_overload,0.3,1,1,,,,,28,0
2026-08-19T19:41:13.601Z,1787168473601,FAN_DT_001_F4_S03_R01_20260819T193429,1,404.085,FAULT_ACTIVE,F4,0.3,FAN_DT_001,3.0,process-model-3.0.0-build3,9419,1,LIVE,SYNCHRONISED,AUTOMATIC,NORMAL,65,1950,1950,0,145,199,0.3,0.315,24.37274,43.03,1.036,1,0.0255,0,209.64,23.4509,0.00254,1,0.18,1.213,5.4641,80.5,DEGRADED,F4,4,1,thermal_overload,0.3,1,1,,,,,28,0
2026-08-19T19:41:14.628Z,1787168474628,FAN_DT_001_F4_S03_R01_20260819T193429,1,405.115,FAULT_ACTIVE,F4,0.3,FAN_DT_001,3.0,process-model-3.0.0-build3,9420,1,LIVE,SYNCHRONISED,AUTOMATIC,NORMAL,65,1950,1950,0,145,199,0.3,0.315,24.38429,43.03,1.036,1,0.0255,0,209.64,23.511,0.00231,1,0.18,1.1,5.4781,80.5,DEGRADED,F4,4,1,thermal_overload,0.3,1,1,,,,,28,0
2026-08-19T19:41:15.660Z,1787168475660,FAN_DT_001_F4_S03_R01_20260819T193429,1,406.143,FAULT_ACTIVE,F4,0.3,FAN_DT_001,3.0,process-model-3.0.0-build3,9421,1,LIVE,SYNCHRONISED,AUTOMATIC,NORMAL,65,1950,1950,0,145,199,0.3,0.315,24.39614,43.02,1.036,1,0.0255,0,209.64,23.5709,0.00208,1,0.18,0.994,5.492,80.5,DEGRADED,F4,4,1,thermal_overload,0.3,1,1,,,,,28,0
2026-08-19T19:41:16.689Z,1787168476689,FAN_DT_001_F4_S03_R01_20260819T193429,1,407.174,FAULT_ACTIVE,F4,0.3,FAN_DT_001,3.0,process-model-3.0.0-build3,9422,1,LIVE,SYNCHRONISED,AUTOMATIC,NORMAL,65,1950,1950,0,145,199,0.3,0.315,24.40832,43.02,1.036,1,0.0255,0,209.64,23.631,0.00186,1,0.18,0.888,5.506,80.5,DEGRADED,F4,4,1,thermal_overload,0.3,1,1,,,,,28,0
2026-08-19T19:41:17.725Z,1787168477725,FAN_DT_001_F4_S03_R01_20260819T193429,1,408.209,FAULT_ACTIVE,F4,0.3,FAN_DT_001,3.0,process-model-3.0.0-build3,9423,1,LIVE,SYNCHRONISED,AUTOMATIC,NORMAL,65,1950,1950,0,145,199,0.3,0.315,24.42085,43.02,1.036,1,0.0255,0,209.64,23.6913,0.00162,1,0.18,0.772,5.5201,80.5,DEGRADED,F4,4,1,thermal_overload,0.3,1,1,,,,,28,0
2026-08-19T19:41:18.759Z,1787168478759,FAN_DT_001_F4_S03_R01_20260819T193429,1,409.254,FAULT_ACTIVE,F4,0.3,FAN_DT_001,3.0,process-model-3.0.0-build3,9424,1,LIVE,SYNCHRONISED,AUTOMATIC,NORMAL,65,1950,1950,0,145,199,0.3,0.315,24.43361,43.02,1.036,1,0.0255,0,209.64,23.751,0.00139,1,0.18,0.664,5.534,80.5,DEGRADED,F4,4,1,thermal_overload,0.3,1,1,,,,,28,0
2026-08-19T19:41:19.825Z,1787168479825,FAN_DT_001_F4_S03_R01_20260819T193429,1,410.322,FAULT_ACTIVE,F4,0.3,FAN_DT_001,3.0,process-model-3.0.0-build3,9425,1,LIVE,SYNCHRONISED,AUTOMATIC,NORMAL,65,1950,1950,0,145,199,0.3,0.315,24.44674,43.02,1.036,1,0.0255,0,209.64,23.8113,0.00114,1,0.18,0.544,5.548,80.5,DEGRADED,F4,4,1,thermal_overload,0.3,1,1,,,,,28,0
2026-08-19T19:41:20.850Z,1787168480850,FAN_DT_001_F4_S03_R01_20260819T193429,1,411.334,FAULT_ACTIVE,F4,0.3,FAN_DT_001,3.0,process-model-3.0.0-build3,9426,1,LIVE,SYNCHRONISED,AUTOMATIC,NORMAL,65,1950,1950,0,145,199,0.3,0.315,24.46008,43.02,1.036,1,0.0255,0,209.64,23.8712,0.0009,1,0.18,0.427,5.562,80.5,DEGRADED,F4,4,1,thermal_overload,0.3,1,1,,,,,28,0
2026-08-19T19:41:21.862Z,1787168481862,FAN_DT_001_F4_S03_R01_20260819T193429,1,412.346,FAULT_ACTIVE,F4,0.3,FAN_DT_001,3.0,process-model-3.0.0-build3,9427,1,LIVE,SYNCHRONISED,AUTOMATIC,NORMAL,65,1950,1950,0,145,199,0.3,0.315,24.47381,43.02,1.036,1,0.0255,0,209.64,23.9315,0.00067,1,0.18,0.318,5.576,80.5,DEGRADED,F4,4,1,thermal_overload,0.3,1,1,,,,,28,0
2026-08-19T19:41:22.902Z,1787168482902,FAN_DT_001_F4_S03_R01_20260819T193429,1,413.387,FAULT_ACTIVE,F4,0.3,FAN_DT_001,3.0,process-model-3.0.0-build3,9428,1,LIVE,SYNCHRONISED,AUTOMATIC,NORMAL,65,1950,1950,0,145,199,0.3,0.315,24.48776,43.02,1.036,1,0.0255,0,209.64,23.9915,0.00043,1,0.18,0.207,5.59,80.5,DEGRADED,F4,4,1,thermal_overload,0.3,1,1,,,,,28,0
2026-08-19T19:41:23.929Z,1787168483929,FAN_DT_001_F4_S03_R01_20260819T193429,1,414.414,FAULT_ACTIVE,F4,0.3,FAN_DT_001,3.0,process-model-3.0.0-build3,9429,1,LIVE,SYNCHRONISED,AUTOMATIC,NORMAL,65,1950,1950,0,145,199,0.3,0.315,24.50201,43.01,1.036,1,0.0255,0,209.64,24.0517,0.00018,1,0.18,0.086,5.604,80.5,DEGRADED,F4,4,1,thermal_overload,0.3,1,1,,,,,28,0
2026-08-19T19:41:24.972Z,1787168484972,FAN_DT_001_F4_S03_R01_20260819T193429,1,415.456,FAULT_ACTIVE,F4,0.3,FAN_DT_001,3.0,process-model-3.0.0-build3,9430,1,LIVE,SYNCHRONISED,AUTOMATIC,NORMAL,65,1950,1950,0,145,199,0.3,0.315,24.51651,43.01,1.036,1,0.0255,0,209.64,24.1119,-0.00006,1,0.18,0.029,5.6181,80.5,DEGRADED,F4,4,1,thermal_overload,0.3,1,1,,,,,28,0
2026-08-19T19:41:26.060Z,1787168486060,FAN_DT_001_F4_S03_R01_20260819T193429,1,416.567,FAULT_ACTIVE,F4,0.3,FAN_DT_001,3.0,process-model-3.0.0-build3,9431,1,LIVE,SYNCHRONISED,AUTOMATIC,NORMAL,65,1950,1950,0,145,199,0.3,0.315,24.53132,43.02,1.036,1,0.0255,0,209.64,24.1722,-0.00032,1,0.18,0.152,5.6321,80.5,DEGRADED,F4,4,1,thermal_overload,0.3,1,1,,,,,28,0
2026-08-19T19:41:27.041Z,1787168487041,FAN_DT_001_F4_S03_R01_20260819T193429,1,417.523,FAULT_ACTIVE,F4,0.3,FAN_DT_001,3.0,process-model-3.0.0-build3,9432,1,LIVE,SYNCHRONISED,AUTOMATIC,NORMAL,65,1950,1950,0,145,199,0.3,0.315,24.54638,43.02,1.036,1,0.0255,0,209.64,24.2326,-0.00055,1,0.18,0.26,5.6462,80.5,DEGRADED,F4,4,1,thermal_overload,0.3,1,1,,,,,28,0
2026-08-19T19:41:28.072Z,1787168488072,FAN_DT_001_F4_S03_R01_20260819T193429,1,418.556,FAULT_ACTIVE,F4,0.3,FAN_DT_001,3.0,process-model-3.0.0-build3,9433,1,LIVE,SYNCHRONISED,AUTOMATIC,NORMAL,65,1950,1950,0,145,199,0.3,0.315,24.56157,43.02,1.036,1,0.0255,0,209.64,24.2925,-0.00078,1,0.18,0.372,5.6602,80.5,DEGRADED,F4,4,1,thermal_overload,0.3,1,1,,,,,28,0
2026-08-19T19:41:29.114Z,1787168489114,FAN_DT_001_F4_S03_R01_20260819T193429,1,419.598,FAULT_ACTIVE,F4,0.3,FAN_DT_001,3.0,process-model-3.0.0-build3,9434,1,LIVE,SYNCHRONISED,AUTOMATIC,NORMAL,65,1950,1950,0,145,199,0.3,0.315,24.57706,43.02,1.036,1,0.0255,0,209.64,24.3528,-0.00103,1,0.18,0.491,5.6742,80.5,DEGRADED,F4,4,1,thermal_overload,0.3,1,1,,,,,28,0
2026-08-19T19:41:30.141Z,1787168490141,FAN_DT_001_F4_S03_R01_20260819T193429,1,420.624,FAULT_ACTIVE,F4,0.3,FAN_DT_001,3.0,process-model-3.0.0-build3,9435,1,LIVE,SYNCHRONISED,AUTOMATIC,NORMAL,65,1950,1950,0,145,199,0.3,0.315,24.59276,43.02,1.036,1,0.0255,0,209.64,24.4129,-0.00127,1,0.18,0.607,5.6882,80.5,DEGRADED,F4,4,1,thermal_overload,0.3,1,1,,,,,28,0
2026-08-19T19:41:31.171Z,1787168491171,FAN_DT_001_F4_S03_R01_20260819T193429,1,421.656,FAULT_ACTIVE,F4,0.3,FAN_DT_001,3.0,process-model-3.0.0-build3,9436,1,LIVE,SYNCHRONISED,AUTOMATIC,NORMAL,65,1950,1950,0,145,199,0.3,0.315,24.60863,43.02,1.036,1,0.0255,0,209.64,24.4729,-0.00151,1,0.18,0.722,5.7022,80.5,DEGRADED,F4,4,1,thermal_overload,0.3,1,1,,,,,28,0
2026-08-19T19:41:32.207Z,1787168492207,FAN_DT_001_F4_S03_R01_20260819T193429,1,422.691,FAULT_ACTIVE,F4,0.3,FAN_DT_001,3.0,process-model-3.0.0-build3,9437,1,LIVE,SYNCHRONISED,AUTOMATIC,NORMAL,65,1950,1950,0,145,199,0.3,0.315,24.62479,43.02,1.036,1,0.0255,0,209.64,24.5332,-0.00175,1,0.18,0.833,5.7162,80.5,DEGRADED,F4,4,1,thermal_overload,0.3,1,1,,,,,28,0
2026-08-19T19:41:33.241Z,1787168493241,FAN_DT_001_F4_S03_R01_20260819T193429,1,423.725,FAULT_ACTIVE,F4,0.3,FAN_DT_001,3.0,process-model-3.0.0-build3,9438,1,LIVE,SYNCHRONISED,AUTOMATIC,NORMAL,65,1950,1950,0,145,199,0.3,0.315,24.64101,43.02,1.036,1,0.0255,0,209.64,24.593,-0.00198,1,0.18,0.945,5.7302,80.5,DEGRADED,F4,4,1,thermal_overload,0.3,1,1,,,,,28,0
2026-08-19T19:41:34.279Z,1787168494279,FAN_DT_001_F4_S03_R01_20260819T193429,1,424.763,FAULT_ACTIVE,F4,0.3,FAN_DT_001,3.0,process-model-3.0.0-build3,9439,1,LIVE,SYNCHRONISED,AUTOMATIC,NORMAL,65,1950,1950,0,145,199,0.3,0.315,24.65769,43.03,1.036,1,0.0255,0,209.64,24.6538,-0.00222,1,0.18,1.058,5.7443,80.5,DEGRADED,F4,4,1,thermal_overload,0.3,1,1,,,,,28,0
2026-08-19T19:41:35.316Z,1787168495316,FAN_DT_001_F4_S03_R01_20260819T193429,1,425.801,FAULT_ACTIVE,F4,0.3,FAN_DT_001,3.0,process-model-3.0.0-build3,9440,1,LIVE,SYNCHRONISED,AUTOMATIC,NORMAL,65,1950,1950,0,145,199,0.3,0.315,24.67435,43.03,1.036,1,0.0255,0,209.64,24.7139,-0.00247,1,0.18,1.176,5.7583,80.5,DEGRADED,F4,4,1,thermal_overload,0.3,1,1,,,,,28,0
2026-08-19T19:41:36.348Z,1787168496348,FAN_DT_001_F4_S03_R01_20260819T193429,1,426.832,FAULT_ACTIVE,F4,0.3,FAN_DT_001,3.0,process-model-3.0.0-build3,9441,1,LIVE,SYNCHRONISED,AUTOMATIC,NORMAL,65,1950,1950,0,145,199,0.3,0.315,24.69123,43.03,1.036,1,0.0255,0,209.64,24.7741,-0.00269,1,0.18,1.286,5.7724,80.5,DEGRADED,F4,4,1,thermal_overload,0.3,1,1,,,,,28,0
2026-08-19T19:41:37.384Z,1787168497384,FAN_DT_001_F4_S03_R01_20260819T193429,1,427.868,FAULT_ACTIVE,F4,0.3,FAN_DT_001,3.0,process-model-3.0.0-build3,9442,1,LIVE,SYNCHRONISED,AUTOMATIC,NORMAL,65,1950,1950,0,145,199,0.3,0.315,24.70819,43.03,1.036,1,0.0255,0,209.64,24.834,-0.00292,1,0.18,1.392,5.7863,80.5,DEGRADED,F4,4,1,thermal_overload,0.3,1,1,,,,,28,0
2026-08-19T19:41:38.425Z,1787168498425,FAN_DT_001_F4_S03_R01_20260819T193429,1,428.909,FAULT_ACTIVE,F4,0.3,FAN_DT_001,3.0,process-model-3.0.0-build3,9443,1,LIVE,SYNCHRONISED,AUTOMATIC,NORMAL,65,1950,1950,0,145,199,0.3,0.315,24.7254,43.04,1.036,1,0.0255,0,209.64,24.8943,-0.00315,1,0.18,1.502,5.8004,80.5,DEGRADED,F4,4,1,thermal_overload,0.3,1,1,,,,,28,0
2026-08-19T19:41:39.457Z,1787168499457,FAN_DT_001_F4_S03_R01_20260819T193429,1,429.944,FAULT_ACTIVE,F4,0.3,FAN_DT_001,3.0,process-model-3.0.0-build3,9444,1,LIVE,SYNCHRONISED,AUTOMATIC,NORMAL,65,1950,1950,0,145,199,0.3,0.315,24.7427,43.04,1.036,1,0.0255,0,209.64,24.9544,-0.00338,1,0.18,1.613,5.8144,80.5,DEGRADED,F4,4,1,thermal_overload,0.3,1,1,,,,,28,0
2026-08-19T19:41:40.498Z,1787168500498,FAN_DT_001_F4_S03_R01_20260819T193429,1,430.982,FAULT_ACTIVE,F4,0.3,FAN_DT_001,3.0,process-model-3.0.0-build3,9445,1,LIVE,SYNCHRONISED,AUTOMATIC,NORMAL,65,1950,1950,0,145,199,0.3,0.315,24.76013,43.04,1.036,1,0.0255,0,209.64,25.0144,-0.0036,1,0.18,1.719,5.8284,80.5,DEGRADED,F4,4,1,thermal_overload,0.3,1,1,,,,,28,0
2026-08-19T19:41:41.524Z,1787168501524,FAN_DT_001_F4_S03_R01_20260819T193429,1,432.007,FAULT_ACTIVE,F4,0.3,FAN_DT_001,3.0,process-model-3.0.0-build3,9446,1,LIVE,SYNCHRONISED,AUTOMATIC,NORMAL,65,1950,1950,0,145,199,0.3,0.315,24.7778,43.05,1.036,1,0.0255,0,209.64,25.0749,-0.00384,1,0.18,1.834,5.8425,80.5,DEGRADED,F4,4,1,thermal_overload,0.3,1,1,,,,,28,0
2026-08-19T19:41:42.558Z,1787168502558,FAN_DT_001_F4_S03_R01_20260819T193429,1,433.041,FAULT_ACTIVE,F4,0.3,FAN_DT_001,3.0,process-model-3.0.0-build3,9447,1,LIVE,SYNCHRONISED,AUTOMATIC,NORMAL,65,1950,1950,0,145,199,0.3,0.315,24.79543,43.05,1.036,1,0.0255,0,209.64,25.1349,-0.00408,1,0.18,1.948,5.8564,80.5,DEGRADED,F4,4,1,thermal_overload,0.3,1,1,,,,,28,0
2026-08-19T19:41:43.600Z,1787168503600,FAN_DT_001_F4_S03_R01_20260819T193429,1,434.084,FAULT_ACTIVE,F4,0.3,FAN_DT_001,3.0,process-model-3.0.0-build3,9448,1,LIVE,SYNCHRONISED,AUTOMATIC,NORMAL,65,1950,1950,0,145,199,0.3,0.315,24.81331,43.06,1.036,1,0.0255,0,209.64,25.1953,-0.00428,1,0.18,2.044,5.8705,80.5,DEGRADED,F4,4,1,thermal_overload,0.3,1,1,,,,,28,0
2026-08-19T19:41:44.627Z,1787168504627,FAN_DT_001_F4_S03_R01_20260819T193429,1,435.11,FAULT_ACTIVE,F4,0.3,FAN_DT_001,3.0,process-model-3.0.0-build3,9449,1,LIVE,SYNCHRONISED,AUTOMATIC,NORMAL,65,1950,1950,0,145,199,0.3,0.315,24.83114,43.06,1.036,1,0.0255,0,209.64,25.2551,-0.0045,1,0.18,2.147,5.8844,80.5,DEGRADED,F4,4,1,thermal_overload,0.3,1,1,,,,,28,0
2026-08-19T19:41:45.692Z,1787168505692,FAN_DT_001_F4_S03_R01_20260819T193429,1,436.183,FAULT_ACTIVE,F4,0.3,FAN_DT_001,3.0,process-model-3.0.0-build3,9450,1,LIVE,SYNCHRONISED,AUTOMATIC,NORMAL,65,1950,1950,0,145,199,0.3,0.315,24.84922,43.07,1.036,1,0.0255,0,209.64,25.3156,-0.00474,1,0.18,2.261,5.8985,80.5,DEGRADED,F4,4,1,thermal_overload,0.3,1,1,,,,,28,0
2026-08-19T19:41:46.705Z,1787168506705,FAN_DT_001_F4_S03_R01_20260819T193429,1,437.189,FAULT_ACTIVE,F4,0.3,FAN_DT_001,3.0,process-model-3.0.0-build3,9451,1,LIVE,SYNCHRONISED,AUTOMATIC,NORMAL,65,1950,1950,0,145,199,0.3,0.315,24.8672,43.07,1.036,1,0.0255,0,209.64,25.3755,-0.00495,1,0.18,2.36,5.9125,80.5,DEGRADED,F4,4,1,thermal_overload,0.3,1,1,,,,,28,0
2026-08-19T19:41:47.728Z,1787168507728,FAN_DT_001_F4_S03_R01_20260819T193429,1,438.211,FAULT_ACTIVE,F4,0.3,FAN_DT_001,3.0,process-model-3.0.0-build3,9452,1,LIVE,SYNCHRONISED,AUTOMATIC,NORMAL,65,1950,1950,0,145,199,0.3,0.315,24.88539,43.08,1.036,1,0.0255,0,209.64,25.4357,-0.00517,1,0.18,2.464,5.9265,80.5,DEGRADED,F4,4,1,thermal_overload,0.3,1,1,,,,,28,0
2026-08-19T19:41:48.784Z,1787168508784,FAN_DT_001_F4_S03_R01_20260819T193429,1,439.268,FAULT_ACTIVE,F4,0.3,FAN_DT_001,3.0,process-model-3.0.0-build3,9453,1,LIVE,SYNCHRONISED,AUTOMATIC,NORMAL,65,1950,1950,0,145,199,0.3,0.315,24.9036,43.08,1.036,1,0.0255,0,209.64,25.4959,-0.00539,1,0.18,2.57,5.9405,80.5,DEGRADED,F4,4,1,thermal_overload,0.3,1,1,,,,,28,0
2026-08-19T19:41:49.794Z,1787168509794,FAN_DT_001_F4_S03_R01_20260819T193429,1,440.277,FAULT_ACTIVE,F4,0.3,FAN_DT_001,3.0,process-model-3.0.0-build3,9454,1,LIVE,SYNCHRONISED,AUTOMATIC,NORMAL,65,1950,1950,0,145,199,0.3,0.315,24.92175,43.09,1.036,1,0.0255,0,209.64,25.5557,-0.00559,1,0.18,2.666,5.9545,80.5,DEGRADED,F4,4,1,thermal_overload,0.3,1,1,,,,,28,0
2026-08-19T19:41:50.837Z,1787168510837,FAN_DT_001_F4_S03_R01_20260819T193429,1,441.321,FAULT_ACTIVE,F4,0.3,FAN_DT_001,3.0,process-model-3.0.0-build3,9455,1,LIVE,SYNCHRONISED,AUTOMATIC,NORMAL,65,1950,1950,0,145,199,0.3,0.315,24.9399,43.09,1.036,1,0.0255,0,209.64,25.6154,-0.00578,1,0.18,2.758,5.9684,80.5,DEGRADED,F4,4,1,thermal_overload,0.3,1,1,,,,,28,0
2026-08-19T19:41:51.854Z,1787168511854,FAN_DT_001_F4_S03_R01_20260819T193429,1,442.338,FAULT_ACTIVE,F4,0.3,FAN_DT_001,3.0,process-model-3.0.0-build3,9456,1,LIVE,SYNCHRONISED,AUTOMATIC,NORMAL,65,1950,1950,0,145,199,0.3,0.315,24.95822,43.1,1.036,1,0.0255,0,209.64,25.6755,-0.00598,1,0.18,2.851,5.9824,80.5,DEGRADED,F4,4,1,thermal_overload,0.3,1,1,,,,,28,0
2026-08-19T19:41:52.901Z,1787168512901,FAN_DT_001_F4_S03_R01_20260819T193429,1,443.385,FAULT_ACTIVE,F4,0.3,FAN_DT_001,3.0,process-model-3.0.0-build3,9457,1,LIVE,SYNCHRONISED,AUTOMATIC,NORMAL,65,1950,1950,0,145,199,0.3,0.315,24.9765,43.11,1.036,1,0.0255,0,209.64,25.7355,-0.00619,1,0.18,2.954,5.9964,80.5,DEGRADED,F4,4,1,thermal_overload,0.3,1,1,,,,,28,0
2026-08-19T19:41:53.919Z,1787168513919,FAN_DT_001_F4_S03_R01_20260819T193429,1,444.404,FAULT_ACTIVE,F4,0.3,FAN_DT_001,3.0,process-model-3.0.0-build3,9458,1,LIVE,SYNCHRONISED,AUTOMATIC,NORMAL,65,1950,1950,0,145,199,0.3,0.315,24.99491,43.11,1.036,1,0.0255,0,209.64,25.7957,-0.00637,1,0.18,3.038,6.0104,80.5,DEGRADED,F4,4,1,thermal_overload,0.3,1,1,,,,,28,0
2026-08-19T19:41:54.951Z,1787168514951,FAN_DT_001_F4_S03_R01_20260819T193429,1,445.436,FAULT_ACTIVE,F4,0.3,FAN_DT_001,3.0,process-model-3.0.0-build3,9459,1,LIVE,SYNCHRONISED,AUTOMATIC,NORMAL,65,1950,1950,0,145,199,0.3,0.315,25.01313,43.12,1.036,1,0.0255,0,209.64,25.8555,-0.00657,1,0.18,3.135,6.0243,80.5,DEGRADED,F4,4,1,thermal_overload,0.3,1,1,,,,,28,0
2026-08-19T19:41:55.987Z,1787168515987,FAN_DT_001_F4_S03_R01_20260819T193429,1,446.472,FAULT_ACTIVE,F4,0.3,FAN_DT_001,3.0,process-model-3.0.0-build3,9460,1,LIVE,SYNCHRONISED,AUTOMATIC,NORMAL,65,1950,1950,0,145,199,0.3,0.315,25.03155,43.13,1.036,1,0.0255,0,209.64,25.9158,-0.00676,1,0.18,3.224,6.0384,80.5,DEGRADED,F4,4,1,thermal_overload,0.3,1,1,,,,,28,0
2026-08-19T19:41:57.017Z,1787168517017,FAN_DT_001_F4_S03_R01_20260819T193429,1,447.501,FAULT_ACTIVE,F4,0.3,FAN_DT_001,3.0,process-model-3.0.0-build3,9461,1,LIVE,SYNCHRONISED,AUTOMATIC,NORMAL,65,1950,1950,0,145,199,0.3,0.315,25.04977,43.13,1.036,1,0.0255,0,209.64,25.9755,-0.00694,1,0.18,3.312,6.0523,80.5,DEGRADED,F4,4,1,thermal_overload,0.3,1,1,,,,,28,0
2026-08-19T19:41:58.062Z,1787168518062,FAN_DT_001_F4_S03_R01_20260819T193429,1,448.545,FAULT_ACTIVE,F4,0.3,FAN_DT_001,3.0,process-model-3.0.0-build3,9462,1,LIVE,SYNCHRONISED,AUTOMATIC,NORMAL,65,1950,1950,0,145,199,0.3,0.315,25.06818,43.14,1.036,1,0.0255,0,209.64,26.036,-0.00712,1,0.18,3.396,6.0664,80.5,DEGRADED,F4,4,1,thermal_overload,0.3,1,1,,,,,28,0
2026-08-19T19:41:59.087Z,1787168519087,FAN_DT_001_F4_S03_R01_20260819T193429,1,449.571,FAULT_ACTIVE,F4,0.3,FAN_DT_001,3.0,process-model-3.0.0-build3,9463,1,LIVE,SYNCHRONISED,AUTOMATIC,NORMAL,65,1950,1950,0,145,199,0.3,0.315,25.08638,43.15,1.036,1,0.0255,0,209.64,26.0959,-0.0073,1,0.18,3.483,6.0803,80.5,DEGRADED,F4,4,1,thermal_overload,0.3,1,1,,,,,28,0
2026-08-19T19:42:00.120Z,1787168520120,FAN_DT_001_F4_S03_R01_20260819T193429,1,450.605,FAULT_ACTIVE,F4,0.3,FAN_DT_001,3.0,process-model-3.0.0-build3,9464,1,LIVE,SYNCHRONISED,AUTOMATIC,NORMAL,65,1950,1950,0,145,199,0.3,0.315,25.10467,43.16,1.036,1,0.0255,0,209.64,26.1562,-0.00748,1,0.18,3.569,6.0944,80.5,DEGRADED,F4,4,1,thermal_overload,0.3,1,1,,,,,28,0
2026-08-19T19:42:01.162Z,1787168521162,FAN_DT_001_F4_S03_R01_20260819T193429,1,451.645,FAULT_ACTIVE,F4,0.3,FAN_DT_001,3.0,process-model-3.0.0-build3,9465,1,LIVE,SYNCHRONISED,AUTOMATIC,NORMAL,65,1950,1950,0,145,199,0.3,0.315,25.12279,43.16,1.036,1,0.0255,0,209.64,26.2162,-0.00766,1,0.18,3.653,6.1084,80.5,DEGRADED,F4,4,1,thermal_overload,0.3,1,1,,,,,28,0
2026-08-19T19:42:02.186Z,1787168522186,FAN_DT_001_F4_S03_R01_20260819T193429,1,452.669,FAULT_ACTIVE,F4,0.3,FAN_DT_001,3.0,process-model-3.0.0-build3,9466,1,LIVE,SYNCHRONISED,AUTOMATIC,NORMAL,65,1950,1950,0,145,199,0.3,0.315,25.14092,43.17,1.036,1,0.0255,0,209.64,26.2764,-0.00783,1,0.18,3.736,6.1224,80.5,DEGRADED,F4,4,1,thermal_overload,0.3,1,1,,,,,28,0
2026-08-19T19:42:03.242Z,1787168523242,FAN_DT_001_F4_S03_R01_20260819T193429,1,453.726,FAULT_ACTIVE,F4,0.3,FAN_DT_001,3.0,process-model-3.0.0-build3,9467,1,LIVE,SYNCHRONISED,AUTOMATIC,NORMAL,65,1950,1950,0,145,199,0.3,0.315,25.15893,43.18,1.036,1,0.0255,0,209.64,26.3365,-0.00799,1,0.18,3.813,6.1364,80.5,DEGRADED,F4,4,1,thermal_overload,0.3,1,1,,,,,28,0
2026-08-19T19:42:04.250Z,1787168524250,FAN_DT_001_F4_S03_R01_20260819T193429,1,454.734,FAULT_ACTIVE,F4,0.3,FAN_DT_001,3.0,process-model-3.0.0-build3,9468,1,LIVE,SYNCHRONISED,AUTOMATIC,NORMAL,65,1950,1950,0,145,199,0.3,0.315,25.17682,43.19,1.036,1,0.0255,0,209.64,26.3964,-0.00814,1,0.18,3.883,6.1504,80.5,DEGRADED,F4,4,1,thermal_overload,0.3,1,1,,,,,28,0
2026-08-19T19:42:05.285Z,1787168525285,FAN_DT_001_F4_S03_R01_20260819T193429,1,455.769,FAULT_ACTIVE,F4,0.3,FAN_DT_001,3.0,process-model-3.0.0-build3,9469,1,LIVE,SYNCHRONISED,AUTOMATIC,NORMAL,65,1950,1950,0,145,199,0.3,0.315,25.19466,43.2,1.036,1,0.0255,0,209.64,26.4565,-0.0083,1,0.18,3.957,6.1644,80.5,DEGRADED,F4,4,1,thermal_overload,0.3,1,1,,,,,28,0
2026-08-19T19:42:06.319Z,1787168526319,FAN_DT_001_F4_S03_R01_20260819T193429,1,456.807,FAULT_ACTIVE,F4,0.3,FAN_DT_001,3.0,process-model-3.0.0-build3,9470,1,LIVE,SYNCHRONISED,AUTOMATIC,NORMAL,65,1950,1950,0,145,199,0.3,0.315,25.21239,43.2,1.036,1,0.0255,0,209.64,26.5165,-0.00844,1,0.18,4.026,6.1783,80.5,DEGRADED,F4,4,1,thermal_overload,0.3,1,1,,,,,28,0
2026-08-19T19:42:07.366Z,1787168527366,FAN_DT_001_F4_S03_R01_20260819T193429,1,457.851,FAULT_ACTIVE,F4,0.3,FAN_DT_001,3.0,process-model-3.0.0-build3,9471,1,LIVE,SYNCHRONISED,AUTOMATIC,NORMAL,65,1950,1950,0,145,199,0.3,0.315,25.23006,43.21,1.036,1,0.0255,0,209.64,26.5768,-0.0086,1,0.18,4.101,6.1924,80.5,DEGRADED,F4,4,1,thermal_overload,0.3,1,1,,,,,28,0
2026-08-19T19:42:08.389Z,1787168528389,FAN_DT_001_F4_S03_R01_20260819T193429,1,458.872,FAULT_ACTIVE,F4,0.3,FAN_DT_001,3.0,process-model-3.0.0-build3,9472,1,LIVE,SYNCHRONISED,AUTOMATIC,NORMAL,65,1950,1950,0,145,199,0.3,0.315,25.2476,43.22,1.036,1,0.0255,0,209.64,26.637,-0.00873,1,0.18,4.163,6.2064,80.5,DEGRADED,F4,4,1,thermal_overload,0.3,1,1,,,,,28,0
2026-08-19T19:42:09.424Z,1787168529424,FAN_DT_001_F4_S03_R01_20260819T193429,1,459.907,FAULT_ACTIVE,F4,0.3,FAN_DT_001,3.0,process-model-3.0.0-build3,9473,1,LIVE,SYNCHRONISED,AUTOMATIC,NORMAL,65,1950,1950,0,145,199,0.3,0.315,25.265,43.23,1.036,1,0.0255,0,209.64,26.6972,-0.00887,1,0.18,4.232,6.2204,80.5,DEGRADED,F4,4,1,thermal_overload,0.3,1,1,,,,,28,0
2026-08-19T19:42:10.457Z,1787168530457,FAN_DT_001_F4_S03_R01_20260819T193429,1,460.94,FAULT_ACTIVE,F4,0.3,FAN_DT_001,3.0,process-model-3.0.0-build3,9474,1,LIVE,SYNCHRONISED,AUTOMATIC,NORMAL,65,1950,1950,0,145,199,0.3,0.315,25.28221,43.24,1.036,1,0.0255,0,209.64,26.7571,-0.00902,1,0.18,4.301,6.2344,80.5,DEGRADED,F4,4,1,thermal_overload,0.3,1,1,,,,,28,0
2026-08-19T19:42:11.500Z,1787168531500,FAN_DT_001_F4_S03_R01_20260819T193429,1,461.983,FAULT_ACTIVE,F4,0.3,FAN_DT_001,3.0,process-model-3.0.0-build3,9475,1,LIVE,SYNCHRONISED,AUTOMATIC,NORMAL,65,1950,1950,0,145,199,0.3,0.315,25.29924,43.25,1.036,1,0.0255,0,209.64,26.817,-0.00914,1,0.18,4.361,6.2484,80.5,DEGRADED,F4,4,1,thermal_overload,0.3,1,1,,,,,28,0
2026-08-19T19:42:12.527Z,1787168532527,FAN_DT_001_F4_S03_R01_20260819T193429,1,463.011,FAULT_ACTIVE,F4,0.3,FAN_DT_001,3.0,process-model-3.0.0-build3,9476,1,LIVE,SYNCHRONISED,AUTOMATIC,NORMAL,65,1950,1950,0,145,199,0.3,0.315,25.31621,43.26,1.036,1,0.0255,0,209.64,26.8773,-0.00926,1,0.18,4.415,6.2624,80.5,DEGRADED,F4,4,1,thermal_overload,0.3,1,1,,,,,28,0
2026-08-19T19:42:13.557Z,1787168533557,FAN_DT_001_F4_S03_R01_20260819T193429,1,464.041,FAULT_ACTIVE,F4,0.3,FAN_DT_001,3.0,process-model-3.0.0-build3,9477,1,LIVE,SYNCHRONISED,AUTOMATIC,NORMAL,65,1950,1950,0,145,199,0.3,0.315,25.33294,43.27,1.036,1,0.0255,0,209.64,26.9372,-0.00939,1,0.18,4.478,6.2764,80.5,DEGRADED,F4,4,1,thermal_overload,0.3,1,1,,,,,28,0
2026-08-19T19:42:14.592Z,1787168534592,FAN_DT_001_F4_S03_R01_20260819T193429,1,465.075,FAULT_ACTIVE,F4,0.3,FAN_DT_001,3.0,process-model-3.0.0-build3,9478,1,LIVE,SYNCHRONISED,AUTOMATIC,NORMAL,65,1950,1950,0,145,199,0.3,0.315,25.34959,43.28,1.036,1,0.0255,0,209.64,26.9975,-0.00949,1,0.18,4.528,6.2904,80.5,DEGRADED,F4,4,1,thermal_overload,0.3,1,1,,,,,28,0
2026-08-19T19:42:15.621Z,1787168535621,FAN_DT_001_F4_S03_R01_20260819T193429,1,466.104,FAULT_ACTIVE,F4,0.3,FAN_DT_001,3.0,process-model-3.0.0-build3,9479,1,LIVE,SYNCHRONISED,AUTOMATIC,NORMAL,65,1950,1950,0,145,199,0.3,0.315,25.36592,43.29,1.036,1,0.0255,0,209.64,27.0573,-0.00959,1,0.18,4.577,6.3044,80.5,DEGRADED,F4,4,1,thermal_overload,0.3,1,1,,,,,28,0
2026-08-19T19:42:16.651Z,1787168536651,FAN_DT_001_F4_S03_R01_20260819T193429,1,467.134,FAULT_ACTIVE,F4,0.3,FAN_DT_001,3.0,process-model-3.0.0-build3,9480,1,LIVE,SYNCHRONISED,AUTOMATIC,NORMAL,65,1950,1950,0,145,199,0.3,0.315,25.38217,43.3,1.036,1,0.0255,0,209.64,27.1175,-0.0097,1,0.18,4.628,6.3184,80.5,DEGRADED,F4,4,1,thermal_overload,0.3,1,1,,,,,28,0
2026-08-19T19:42:17.711Z,1787168537711,FAN_DT_001_F4_S03_R01_20260819T193429,1,468.195,FAULT_ACTIVE,F4,0.3,FAN_DT_001,3.0,process-model-3.0.0-build3,9481,1,LIVE,SYNCHRONISED,AUTOMATIC,NORMAL,65,1950,1950,0,145,199,0.3,0.315,25.39814,43.31,1.036,1,0.0255,0,209.64,27.1774,-0.0098,1,0.18,4.675,6.3323,80.5,DEGRADED,F4,4,1,thermal_overload,0.3,1,1,,,,,28,0
2026-08-19T19:42:18.733Z,1787168538733,FAN_DT_001_F4_S03_R01_20260819T193429,1,469.216,FAULT_ACTIVE,F4,0.3,FAN_DT_001,3.0,process-model-3.0.0-build3,9482,1,LIVE,SYNCHRONISED,AUTOMATIC,NORMAL,65,1950,1950,0,145,199,0.3,0.315,25.41401,43.32,1.036,1,0.0255,0,209.64,27.2378,-0.00988,1,0.18,4.714,6.3464,80.5,DEGRADED,F4,4,1,thermal_overload,0.3,1,1,,,,,28,0
2026-08-19T19:42:19.754Z,1787168539754,FAN_DT_001_F4_S03_R01_20260819T193429,1,470.238,FAULT_ACTIVE,F4,0.3,FAN_DT_001,3.0,process-model-3.0.0-build3,9483,1,LIVE,SYNCHRONISED,AUTOMATIC,NORMAL,65,1950,1950,0,145,199,0.3,0.315,25.42947,43.33,1.036,1,0.0255,0,209.64,27.2974,-0.00997,1,0.18,4.757,6.3603,80.5,DEGRADED,F4,4,1,thermal_overload,0.3,1,1,,,,,28,0
2026-08-19T19:42:20.842Z,1787168540842,FAN_DT_001_F4_S03_R01_20260819T193429,1,471.325,FAULT_ACTIVE,F4,0.3,FAN_DT_001,3.0,process-model-3.0.0-build3,9484,1,LIVE,SYNCHRONISED,AUTOMATIC,NORMAL,65,1950,1950,0,145,199,0.3,0.315,25.44488,43.34,1.036,1,0.0255,0,209.64,27.3577,-0.01008,1,0.18,4.806,6.3743,80.5,DEGRADED,F4,4,1,thermal_overload,0.3,1,1,,,,,28,0
2026-08-19T19:42:21.814Z,1787168541814,FAN_DT_001_F4_S03_R01_20260819T193429,1,472.297,FAULT_ACTIVE,F4,0.3,FAN_DT_001,3.0,process-model-3.0.0-build3,9485,1,LIVE,SYNCHRONISED,AUTOMATIC,NORMAL,65,1950,1950,0,145,199,0.3,0.315,25.45995,43.35,1.036,1,0.0255,0,209.64,27.4175,-0.01014,1,0.18,4.838,6.3883,80.5,DEGRADED,F4,4,1,thermal_overload,0.3,1,1,,,,,28,0
2026-08-19T19:42:22.845Z,1787168542845,FAN_DT_001_F4_S03_R01_20260819T193429,1,473.328,FAULT_ACTIVE,F4,0.3,FAN_DT_001,3.0,process-model-3.0.0-build3,9486,1,LIVE,SYNCHRONISED,AUTOMATIC,NORMAL,65,1950,1950,0,145,199,0.3,0.315,25.47488,43.36,1.036,1,0.0255,0,209.64,27.4777,-0.01022,1,0.18,4.876,6.4023,80.5,DEGRADED,F4,4,1,thermal_overload,0.3,1,1,,,,,28,0
2026-08-19T19:42:23.933Z,1787168543933,FAN_DT_001_F4_S03_R01_20260819T193429,1,474.416,FAULT_ACTIVE,F4,0.3,FAN_DT_001,3.0,process-model-3.0.0-build3,9487,1,LIVE,SYNCHRONISED,AUTOMATIC,NORMAL,65,1950,1950,0,145,199,0.3,0.315,25.4895,43.37,1.036,1,0.0255,0,209.64,27.5378,-0.01028,1,0.18,4.905,6.4163,80.5,DEGRADED,F4,4,1,thermal_overload,0.3,1,1,,,,,28,0
2026-08-19T19:42:24.918Z,1787168544918,FAN_DT_001_F4_S03_R01_20260819T193429,1,475.402,FAULT_ACTIVE,F4,0.3,FAN_DT_001,3.0,process-model-3.0.0-build3,9488,1,LIVE,SYNCHRONISED,AUTOMATIC,NORMAL,65,1950,1950,0,145,199,0.3,0.315,25.50392,43.38,1.036,1,0.0255,0,209.64,27.5981,-0.01035,1,0.18,4.937,6.4303,80.5,DEGRADED,F4,4,1,thermal_overload,0.3,1,1,,,,,28,0
2026-08-19T19:42:26.069Z,1787168546069,FAN_DT_001_F4_S03_R01_20260819T193429,1,476.552,FAULT_ACTIVE,F4,0.3,FAN_DT_001,3.0,process-model-3.0.0-build3,9489,1,LIVE,SYNCHRONISED,AUTOMATIC,NORMAL,65,1950,1950,0,145,199,0.3,0.315,25.51798,43.39,1.036,1,0.0255,0,209.64,27.6579,-0.0104,1,0.18,4.961,6.4443,80.5,DEGRADED,F4,4,1,thermal_overload,0.3,1,1,,,,,28,0
2026-08-19T19:42:26.982Z,1787168546982,FAN_DT_001_F4_S03_R01_20260819T193429,1,477.465,FAULT_ACTIVE,F4,0.3,FAN_DT_001,3.0,process-model-3.0.0-build3,9490,1,LIVE,SYNCHRONISED,AUTOMATIC,NORMAL,65,1950,1950,0,145,199,0.3,0.315,25.53187,43.4,1.036,1,0.0255,0,209.64,27.7182,-0.01044,1,0.18,4.98,6.4583,80.5,DEGRADED,F4,4,1,thermal_overload,0.3,1,1,,,,,28,0
2026-08-19T19:42:28.019Z,1787168548019,FAN_DT_001_F4_S03_R01_20260819T193429,1,478.503,FAULT_ACTIVE,F4,0.3,FAN_DT_001,3.0,process-model-3.0.0-build3,9491,1,LIVE,SYNCHRONISED,AUTOMATIC,NORMAL,65,1950,1950,0,145,199,0.3,0.315,25.54543,43.41,1.036,1,0.0255,0,209.64,27.7783,-0.01051,1,0.18,5.011,6.4723,80.5,DEGRADED,F4,4,1,thermal_overload,0.3,1,1,,,,,28,0
2026-08-19T19:42:29.059Z,1787168549059,FAN_DT_001_F4_S03_R01_20260819T193429,1,479.543,FAULT_ACTIVE,F4,0.3,FAN_DT_001,3.0,process-model-3.0.0-build3,9492,1,LIVE,SYNCHRONISED,AUTOMATIC,NORMAL,65,1950,1950,0,145,199,0.3,0.315,25.55877,43.43,1.036,1,0.0255,0,209.64,27.8387,-0.01052,1,0.18,5.018,6.4864,80.5,DEGRADED,F4,4,1,thermal_overload,0.3,1,1,,,,,28,0
2026-08-19T19:42:30.093Z,1787168550093,FAN_DT_001_F4_S03_R01_20260819T193429,1,480.576,FAULT_ACTIVE,F4,0.3,FAN_DT_001,3.0,process-model-3.0.0-build3,9493,1,LIVE,SYNCHRONISED,AUTOMATIC,NORMAL,65,1950,1950,0,145,199,0.3,0.315,25.57169,43.44,1.036,1,0.0255,0,209.64,27.8985,-0.01056,1,0.18,5.039,6.5003,80.5,DEGRADED,F4,4,1,thermal_overload,0.3,1,1,,,,,28,0
2026-08-19T19:42:31.117Z,1787168551117,FAN_DT_001_F4_S03_R01_20260819T193429,1,481.601,FAULT_ACTIVE,F4,0.3,FAN_DT_001,3.0,process-model-3.0.0-build3,9494,1,LIVE,SYNCHRONISED,AUTOMATIC,NORMAL,65,1950,1950,0,145,199,0.3,0.315,25.58441,43.45,1.036,1,0.0255,0,209.64,27.9587,-0.01059,1,0.18,5.052,6.5144,80.5,DEGRADED,F4,4,1,thermal_overload,0.3,1,1,,,,,28,0
2026-08-19T19:42:32.158Z,1787168552158,FAN_DT_001_F4_S03_R01_20260819T193429,1,482.651,FAULT_ACTIVE,F4,0.3,FAN_DT_001,3.0,process-model-3.0.0-build3,9495,1,LIVE,SYNCHRONISED,AUTOMATIC,NORMAL,65,1950,1950,0,145,199,0.3,0.315,25.59674,43.46,1.036,1,0.0255,0,209.64,28.0186,-0.01062,1,0.18,5.067,6.5283,80.5,DEGRADED,F4,4,1,thermal_overload,0.3,1,1,,,,,28,0
2026-08-19T19:42:33.183Z,1787168553183,FAN_DT_001_F4_S03_R01_20260819T193429,1,483.667,FAULT_ACTIVE,F4,0.3,FAN_DT_001,3.0,process-model-3.0.0-build3,9496,1,LIVE,SYNCHRONISED,AUTOMATIC,NORMAL,65,1950,1950,0,145,199,0.3,0.315,25.60884,43.47,1.036,1,0.0255,0,209.64,28.0789,-0.01063,1,0.18,5.069,6.5424,80.5,DEGRADED,F4,4,1,thermal_overload,0.3,1,1,,,,,28,0
2026-08-19T19:42:34.216Z,1787168554216,FAN_DT_001_F4_S03_R01_20260819T193429,1,484.7,FAULT_ACTIVE,F4,0.3,FAN_DT_001,3.0,process-model-3.0.0-build3,9497,1,LIVE,SYNCHRONISED,AUTOMATIC,NORMAL,65,1950,1950,0,145,199,0.3,0.315,25.6205,43.48,1.036,1,0.0255,0,209.64,28.1386,-0.01064,1,0.18,5.075,6.5563,80.5,DEGRADED,F4,4,1,thermal_overload,0.3,1,1,,,,,28,0
2026-08-19T19:42:35.239Z,1787168555239,FAN_DT_001_F4_S03_R01_20260819T193429,1,485.723,FAULT_ACTIVE,F4,0.3,FAN_DT_001,3.0,process-model-3.0.0-build3,9498,1,LIVE,SYNCHRONISED,AUTOMATIC,NORMAL,65,1950,1950,0,145,199,0.3,0.315,25.63188,43.49,1.036,1,0.0255,0,209.64,28.1985,-0.01065,1,0.18,5.081,6.5702,80.5,DEGRADED,F4,4,1,thermal_overload,0.3,1,1,,,,,28,0
2026-08-19T19:42:36.272Z,1787168556272,FAN_DT_001_F4_S03_R01_20260819T193429,1,486.756,FAULT_ACTIVE,F4,0.3,FAN_DT_001,3.0,process-model-3.0.0-build3,9499,1,LIVE,SYNCHRONISED,AUTOMATIC,NORMAL,65,1950,1950,0,145,199,0.3,0.315,25.64289,43.5,1.036,1,0.0255,0,209.64,28.2582,-0.01066,1,0.18,5.086,6.5842,80.5,DEGRADED,F4,4,1,thermal_overload,0.3,1,1,,,,,28,0
2026-08-19T19:42:37.306Z,1787168557306,FAN_DT_001_F4_S03_R01_20260819T193429,1,487.79,FAULT_ACTIVE,F4,0.3,FAN_DT_001,3.0,process-model-3.0.0-build3,9500,1,LIVE,SYNCHRONISED,AUTOMATIC,NORMAL,65,1950,1950,0,145,199,0.3,0.315,25.65368,43.51,1.036,1,0.0255,0,209.64,28.3185,-0.01066,1,0.18,5.087,6.5982,80.5,DEGRADED,F4,4,1,thermal_overload,0.3,1,1,,,,,28,0
2026-08-19T19:42:38.341Z,1787168558341,FAN_DT_001_F4_S03_R01_20260819T193429,1,488.824,FAULT_ACTIVE,F4,0.3,FAN_DT_001,3.0,process-model-3.0.0-build3,9501,1,LIVE,SYNCHRONISED,AUTOMATIC,NORMAL,65,1950,1950,0,145,199,0.3,0.315,25.66408,43.52,1.036,1,0.0255,0,209.64,28.3785,-0.01063,1,0.18,5.072,6.6122,80.5,DEGRADED,F4,4,1,thermal_overload,0.3,1,1,,,,,28,0
2026-08-19T19:42:39.375Z,1787168559375,FAN_DT_001_F4_S03_R01_20260819T193429,1,489.859,FAULT_ACTIVE,F4,0.3,FAN_DT_001,3.0,process-model-3.0.0-build3,9502,1,LIVE,SYNCHRONISED,AUTOMATIC,NORMAL,65,1950,1950,0,145,199,0.3,0.315,25.67417,43.54,1.036,1,0.0255,0,209.64,28.4389,-0.01064,1,0.18,5.073,6.6263,80.5,DEGRADED,F4,4,1,thermal_overload,0.3,1,1,,,,,28,0
2026-08-19T19:42:40.408Z,1787168560408,FAN_DT_001_F4_S03_R01_20260819T193429,1,490.892,FAULT_ACTIVE,F4,0.3,FAN_DT_001,3.0,process-model-3.0.0-build3,9503,1,LIVE,SYNCHRONISED,AUTOMATIC,NORMAL,65,1950,1950,0,145,199,0.3,0.315,25.68382,43.55,1.036,1,0.0255,0,209.64,28.4987,-0.0106,1,0.18,5.058,6.6402,80.5,DEGRADED,F4,4,1,thermal_overload,0.3,1,1,,,,,28,0
2026-08-19T19:42:41.440Z,1787168561440,FAN_DT_001_F4_S03_R01_20260819T193429,1,491.963,FAULT_ACTIVE,F4,0.3,FAN_DT_001,3.0,process-model-3.0.0-build3,9504,1,LIVE,SYNCHRONISED,AUTOMATIC,NORMAL,65,1950,1950,0,145,199,0.3,0.315,25.69318,43.56,1.036,1,0.0255,0,209.64,28.5589,-0.01059,1,0.18,5.053,6.6542,80.5,DEGRADED,F4,4,1,thermal_overload,0.3,1,1,,,,,28,0
2026-08-19T19:42:42.477Z,1787168562477,FAN_DT_001_F4_S03_R01_20260819T193429,1,493.012,FAULT_ACTIVE,F4,0.3,FAN_DT_001,3.0,process-model-3.0.0-build3,9505,1,LIVE,SYNCHRONISED,AUTOMATIC,NORMAL,65,1950,1950,0,145,199,0.3,0.315,25.70214,43.57,1.036,1,0.0255,0,209.64,28.6189,-0.01055,1,0.18,5.033,6.6682,80.5,DEGRADED,F4,4,1,thermal_overload,0.3,1,1,,,,,28,0
2026-08-19T19:42:43.511Z,1787168563511,FAN_DT_001_F4_S03_R01_20260819T193429,1,494.009,FAULT_ACTIVE,F4,0.3,FAN_DT_001,3.0,process-model-3.0.0-build3,9506,1,LIVE,SYNCHRONISED,AUTOMATIC,NORMAL,65,1950,1950,0,145,199,0.3,0.315,25.71078,43.58,1.036,1,0.0255,0,209.64,28.6792,-0.0105,1,0.18,5.008,6.6823,80.5,DEGRADED,F4,4,1,thermal_overload,0.3,1,1,,,,,28,0
2026-08-19T19:42:44.540Z,1787168564540,FAN_DT_001_F4_S03_R01_20260819T193429,1,495.024,FAULT_ACTIVE,F4,0.3,FAN_DT_001,3.0,process-model-3.0.0-build3,9507,1,LIVE,SYNCHRONISED,AUTOMATIC,NORMAL,65,1950,1950,0,145,199,0.3,0.315,25.71897,43.59,1.036,1,0.0255,0,209.64,28.739,-0.01045,1,0.18,4.986,6.6962,80.5,DEGRADED,F4,4,1,thermal_overload,0.3,1,1,,,,,28,0
2026-08-19T19:42:45.574Z,1787168565574,FAN_DT_001_F4_S03_R01_20260819T193429,1,496.06,FAULT_ACTIVE,F4,0.3,FAN_DT_001,3.0,process-model-3.0.0-build3,9508,1,LIVE,SYNCHRONISED,AUTOMATIC,NORMAL,65,1950,1950,0,145,199,0.3,0.315,25.72686,43.6,1.036,1,0.0255,0,209.64,28.7994,-0.01041,1,0.18,4.965,6.7103,80.5,DEGRADED,F4,4,1,thermal_overload,0.3,1,1,,,,,28,0
2026-08-19T19:42:46.611Z,1787168566611,FAN_DT_001_F4_S03_R01_20260819T193429,1,497.095,FAULT_ACTIVE,F4,0.3,FAN_DT_001,3.0,process-model-3.0.0-build3,9509,1,LIVE,SYNCHRONISED,AUTOMATIC,NORMAL,65,1950,1950,0,145,199,0.3,0.315,25.73432,43.61,1.036,1,0.0255,0,209.64,28.8593,-0.01036,1,0.18,4.941,6.7242,80.5,DEGRADED,F4,4,1,thermal_overload,0.3,1,1,,,,,28,0
2026-08-19T19:42:47.700Z,1787168567700,FAN_DT_001_F4_S03_R01_20260819T193429,1,498.231,FAULT_ACTIVE,F4,0.3,FAN_DT_001,3.0,process-model-3.0.0-build3,9510,1,LIVE,SYNCHRONISED,AUTOMATIC,NORMAL,65,1950,1950,0,145,199,0.3,0.315,25.74142,43.62,1.036,1,0.0255,0,209.64,28.9196,-0.01031,1,0.18,4.92,6.7383,80.5,DEGRADED,F4,4,1,thermal_overload,0.3,1,1,,,,,28,0
2026-08-19T19:42:48.704Z,1787168568704,FAN_DT_001_F4_S03_R01_20260819T193429,1,499.202,FAULT_ACTIVE,F4,0.3,FAN_DT_001,3.0,process-model-3.0.0-build3,9511,1,LIVE,SYNCHRONISED,AUTOMATIC,NORMAL,65,1950,1950,0,145,199,0.3,0.315,25.74811,43.63,1.036,1,0.0255,0,209.64,28.9796,-0.01023,1,0.18,4.88,6.7522,80.5,DEGRADED,F4,4,1,thermal_overload,0.3,1,1,,,,,28,0
2026-08-19T19:42:49.719Z,1787168569719,FAN_DT_001_F4_S03_R01_20260819T193429,1,500.23,FAULT_ACTIVE,F4,0.3,FAN_DT_001,3.0,process-model-3.0.0-build3,9512,1,LIVE,SYNCHRONISED,AUTOMATIC,NORMAL,65,1950,1950,0,145,199,0.3,0.315,25.75448,43.64,1.036,1,0.0255,0,209.64,29.0403,-0.01016,1,0.18,4.848,6.7664,80.5,DEGRADED,F4,4,1,thermal_overload,0.3,1,1,,,,,28,0
2026-08-19T19:42:50.755Z,1787168570755,FAN_DT_001_F4_S03_R01_20260819T193429,1,501.239,FAULT_ACTIVE,F4,0.3,FAN_DT_001,3.0,process-model-3.0.0-build3,9513,1,LIVE,SYNCHRONISED,AUTOMATIC,NORMAL,65,1950,1950,0,145,199,0.3,0.315,25.76036,43.65,1.036,1,0.0255,0,209.64,29.1003,-0.01009,1,0.18,4.811,6.7804,80.5,DEGRADED,F4,4,1,thermal_overload,0.3,1,1,,,,,28,0
2026-08-19T19:42:51.789Z,1787168571789,FAN_DT_001_F4_S03_R01_20260819T193429,1,502.272,FAULT_ACTIVE,F4,0.3,FAN_DT_001,3.0,process-model-3.0.0-build3,9514,1,LIVE,SYNCHRONISED,AUTOMATIC,NORMAL,65,1950,1950,0,145,199,0.3,0.315,25.76587,43.66,1.036,1,0.0255,0,209.64,29.1605,-0.01001,1,0.18,4.775,6.7944,80.5,DEGRADED,F4,4,1,thermal_overload,0.3,1,1,,,,,28,0
2026-08-19T19:42:52.823Z,1787168572823,FAN_DT_001_F4_S03_R01_20260819T193429,1,503.306,FAULT_ACTIVE,F4,0.3,FAN_DT_001,3.0,process-model-3.0.0-build3,9515,1,LIVE,SYNCHRONISED,AUTOMATIC,NORMAL,65,1950,1950,0,145,199,0.3,0.315,25.77097,43.67,1.036,1,0.0255,0,209.64,29.2204,-0.00994,1,0.18,4.742,6.8084,80.5,DEGRADED,F4,4,1,thermal_overload,0.3,1,1,,,,,28,0
2026-08-19T19:42:53.855Z,1787168573855,FAN_DT_001_F4_S03_R01_20260819T193429,1,504.338,FAULT_ACTIVE,F4,0.3,FAN_DT_001,3.0,process-model-3.0.0-build3,9516,1,LIVE,SYNCHRONISED,AUTOMATIC,NORMAL,65,1950,1950,0,145,199,0.3,0.315,25.77568,43.68,1.036,1,0.0255,0,209.64,29.2808,-0.00984,1,0.18,4.693,6.8224,80.5,DEGRADED,F4,4,1,thermal_overload,0.3,1,1,,,,,28,0
2026-08-19T19:42:54.889Z,1787168574889,FAN_DT_001_F4_S03_R01_20260819T193429,1,505.372,FAULT_ACTIVE,F4,0.3,FAN_DT_001,3.0,process-model-3.0.0-build3,9517,1,LIVE,SYNCHRONISED,AUTOMATIC,NORMAL,65,1950,1950,0,145,199,0.3,0.315,25.77996,43.69,1.036,1,0.0255,0,209.64,29.3407,-0.00974,1,0.18,4.646,6.8364,80.5,DEGRADED,F4,4,1,thermal_overload,0.3,1,1,,,,,28,0
2026-08-19T19:42:55.954Z,1787168575954,FAN_DT_001_F4_S03_R01_20260819T193429,1,506.442,FAULT_ACTIVE,F4,0.3,FAN_DT_001,3.0,process-model-3.0.0-build3,9518,1,LIVE,SYNCHRONISED,AUTOMATIC,NORMAL,65,1950,1950,0,145,199,0.3,0.315,25.78384,43.7,1.036,1,0.0255,0,209.64,29.401,-0.00963,1,0.18,4.593,6.8504,80.5,DEGRADED,F4,4,1,thermal_overload,0.3,1,1,,,,,28,0
2026-08-19T19:42:56.955Z,1787168576955,FAN_DT_001_F4_S03_R01_20260819T193429,1,507.439,FAULT_ACTIVE,F4,0.3,FAN_DT_001,3.0,process-model-3.0.0-build3,9519,1,LIVE,SYNCHRONISED,AUTOMATIC,NORMAL,65,1950,1950,0,145,199,0.3,0.315,25.78729,43.71,1.036,1,0.0255,0,209.64,29.4609,-0.00954,1,0.18,4.549,6.8644,80.5,DEGRADED,F4,4,1,thermal_overload,0.3,1,1,,,,,28,0
2026-08-19T19:42:57.994Z,1787168577994,FAN_DT_001_F4_S03_R01_20260819T193429,1,508.477,FAULT_ACTIVE,F4,0.3,FAN_DT_001,3.0,process-model-3.0.0-build3,9520,1,LIVE,SYNCHRONISED,AUTOMATIC,NORMAL,65,1950,1950,0,145,199,0.3,0.315,25.79033,43.72,1.036,1,0.0255,0,209.64,29.5207,-0.00943,1,0.18,4.499,6.8783,80.5,DEGRADED,F4,4,1,thermal_overload,0.3,1,1,,,,,28,0
2026-08-19T19:42:59.080Z,1787168579080,FAN_DT_001_F4_S03_R01_20260819T193429,1,509.563,FAULT_ACTIVE,F4,0.3,FAN_DT_001,3.0,process-model-3.0.0-build3,9521,1,LIVE,SYNCHRONISED,AUTOMATIC,NORMAL,65,1950,1950,0,145,199,0.3,0.315,25.79297,43.73,1.036,1,0.0255,0,209.64,29.581,-0.0093,1,0.18,4.435,6.8924,80.5,DEGRADED,F4,4,1,thermal_overload,0.3,1,1,,,,,28,0
2026-08-19T19:43:00.056Z,1787168580056,FAN_DT_001_F4_S03_R01_20260819T193429,1,510.542,FAULT_ACTIVE,F4,0.3,FAN_DT_001,3.0,process-model-3.0.0-build3,9522,1,LIVE,SYNCHRONISED,AUTOMATIC,NORMAL,65,1950,1950,0,145,199,0.3,0.315,25.79518,43.74,1.036,1,0.0255,0,209.64,29.6409,-0.00919,1,0.18,4.381,6.9063,80.5,DEGRADED,F4,4,1,thermal_overload,0.3,1,1,,,,,28,0
2026-08-19T19:43:01.080Z,1787168581080,FAN_DT_001_F4_S03_R01_20260819T193429,1,511.564,FAULT_ACTIVE,F4,0.3,FAN_DT_001,3.0,process-model-3.0.0-build3,9523,1,LIVE,SYNCHRONISED,AUTOMATIC,NORMAL,65,1950,1950,0,145,199,0.3,0.315,25.79699,43.75,1.036,1,0.0255,0,209.64,29.701,-0.00906,1,0.18,4.324,6.9203,80.5,DEGRADED,F4,4,1,thermal_overload,0.3,1,1,,,,,28,0
2026-08-19T19:43:02.118Z,1787168582118,FAN_DT_001_F4_S03_R01_20260819T193429,1,512.602,FAULT_ACTIVE,F4,0.3,FAN_DT_001,3.0,process-model-3.0.0-build3,9524,1,LIVE,SYNCHRONISED,AUTOMATIC,NORMAL,65,1950,1950,0,145,199,0.3,0.315,25.79837,43.76,1.036,1,0.0255,0,209.64,29.7611,-0.00893,1,0.18,4.26,6.9343,80.5,DEGRADED,F4,4,1,thermal_overload,0.3,1,1,,,,,28,0
2026-08-19T19:43:03.156Z,1787168583156,FAN_DT_001_F4_S03_R01_20260819T193429,1,513.639,FAULT_ACTIVE,F4,0.3,FAN_DT_001,3.0,process-model-3.0.0-build3,9525,1,LIVE,SYNCHRONISED,AUTOMATIC,NORMAL,65,1950,1950,0,145,199,0.3,0.315,25.79933,43.77,1.036,1,0.0255,0,209.64,29.8213,-0.0088,1,0.18,4.198,6.9484,80.5,DEGRADED,F4,4,1,thermal_overload,0.3,1,1,,,,,28,0
2026-08-19T19:43:04.193Z,1787168584193,FAN_DT_001_F4_S03_R01_20260819T193429,1,514.677,FAULT_ACTIVE,F4,0.3,FAN_DT_001,3.0,process-model-3.0.0-build3,9526,1,LIVE,SYNCHRONISED,AUTOMATIC,NORMAL,65,1950,1950,0,145,199,0.3,0.315,25.79987,43.78,1.036,1,0.0255,0,209.64,29.8816,-0.00866,1,0.18,4.129,6.9624,80.5,DEGRADED,F4,4,1,thermal_overload,0.3,1,1,,,,,28,0
2026-08-19T19:43:05.217Z,1787168585217,FAN_DT_001_F4_S03_R01_20260819T193429,1,515.701,FAULT_ACTIVE,F4,0.3,FAN_DT_001,3.0,process-model-3.0.0-build3,9527,1,LIVE,SYNCHRONISED,AUTOMATIC,NORMAL,65,1950,1950,0,145,199,0.3,0.315,25.79999,43.79,1.036,1,0.0255,0,209.64,29.9413,-0.00851,1,0.18,4.059,6.9763,80.5,DEGRADED,F4,4,1,thermal_overload,0.3,1,1,,,,,28,0
2026-08-19T19:43:06.251Z,1787168586251,FAN_DT_001_F4_S03_R01_20260819T193429,1,516.735,FAULT_ACTIVE,F4,0.3,FAN_DT_001,3.0,process-model-3.0.0-build3,9528,1,LIVE,SYNCHRONISED,AUTOMATIC,NORMAL,65,1950,1950,0,145,199,0.3,0.315,25.79969,43.8,1.036,1,0.0255,0,209.64,30.0015,-0.00836,1,0.18,3.986,6.9903,80.5,DEGRADED,F4,4,1,thermal_overload,0.3,1,1,,,,,28,0
2026-08-19T19:43:07.297Z,1787168587297,FAN_DT_001_F4_S03_R01_20260819T193429,1,517.78,FAULT_ACTIVE,F4,0.3,FAN_DT_001,3.0,process-model-3.0.0-build3,9529,1,LIVE,SYNCHRONISED,AUTOMATIC,NORMAL,65,1950,1950,0,145,199,0.3,0.315,25.79897,43.81,1.036,1,0.0255,0,209.64,30.0614,-0.00821,1,0.18,3.915,7.0043,80.5,DEGRADED,F4,4,1,thermal_overload,0.3,1,1,,,,,28,0
2026-08-19T19:43:08.314Z,1787168588314,FAN_DT_001_F4_S03_R01_20260819T193429,1,518.798,FAULT_ACTIVE,F4,0.3,FAN_DT_001,3.0,process-model-3.0.0-build3,9530,1,LIVE,SYNCHRONISED,AUTOMATIC,NORMAL,65,1950,1950,0,145,199,0.3,0.315,25.79783,43.81,1.036,1,0.0255,0,209.64,30.1215,-0.00805,1,0.18,3.841,7.0183,80.5,DEGRADED,F4,4,1,thermal_overload,0.3,1,1,,,,,28,0
2026-08-19T19:43:09.394Z,1787168589394,FAN_DT_001_F4_S03_R01_20260819T193429,1,519.878,FAULT_ACTIVE,F4,0.3,FAN_DT_001,3.0,process-model-3.0.0-build3,9531,1,LIVE,SYNCHRONISED,AUTOMATIC,NORMAL,65,1950,1950,0,145,199,0.3,0.315,25.79627,43.82,1.036,1,0.0255,0,209.64,30.1817,-0.00789,1,0.18,3.763,7.0323,80.5,DEGRADED,F4,4,1,thermal_overload,0.3,1,1,,,,,28,0
2026-08-19T19:43:10.383Z,1787168590383,FAN_DT_001_F4_S03_R01_20260819T193429,1,520.867,FAULT_ACTIVE,F4,0.3,FAN_DT_001,3.0,process-model-3.0.0-build3,9532,1,LIVE,SYNCHRONISED,AUTOMATIC,NORMAL,65,1950,1950,0,145,199,0.3,0.315,25.7943,43.83,1.036,1,0.0255,0,209.64,30.2415,-0.00772,1,0.18,3.683,7.0463,80.5,DEGRADED,F4,4,1,thermal_overload,0.3,1,1,,,,,28,0
2026-08-19T19:43:11.414Z,1787168591414,FAN_DT_001_F4_S03_R01_20260819T193429,1,521.898,FAULT_ACTIVE,F4,0.3,FAN_DT_001,3.0,process-model-3.0.0-build3,9533,1,LIVE,SYNCHRONISED,AUTOMATIC,NORMAL,65,1950,1950,0,145,199,0.3,0.315,25.7919,43.84,1.036,1,0.0255,0,209.64,30.3017,-0.00754,1,0.18,3.598,7.0603,80.5,DEGRADED,F4,4,1,thermal_overload,0.3,1,1,,,,,28,0
2026-08-19T19:43:12.451Z,1787168592451,FAN_DT_001_F4_S03_R01_20260819T193429,1,522.934,FAULT_ACTIVE,F4,0.3,FAN_DT_001,3.0,process-model-3.0.0-build3,9534,1,LIVE,SYNCHRONISED,AUTOMATIC,NORMAL,65,1950,1950,0,145,199,0.3,0.315,25.7891,43.85,1.036,1,0.0255,0,209.64,30.3617,-0.00736,1,0.18,3.511,7.0743,80.5,DEGRADED,F4,4,1,thermal_overload,0.3,1,1,,,,,28,0
2026-08-19T19:43:13.479Z,1787168593479,FAN_DT_001_F4_S03_R01_20260819T193429,1,523.962,FAULT_ACTIVE,F4,0.3,FAN_DT_001,3.0,process-model-3.0.0-build3,9535,1,LIVE,SYNCHRONISED,AUTOMATIC,NORMAL,65,1950,1950,0,145,199,0.3,0.315,25.78587,43.85,1.036,1,0.0255,0,209.64,30.4219,-0.00721,1,0.18,3.437,7.0883,80.5,DEGRADED,F4,4,1,thermal_overload,0.3,1,1,,,,,28,0
2026-08-19T19:43:14.521Z,1787168594521,FAN_DT_001_F4_S03_R01_20260819T193429,1,525.005,FAULT_ACTIVE,F4,0.3,FAN_DT_001,3.0,process-model-3.0.0-build3,9536,1,LIVE,SYNCHRONISED,AUTOMATIC,NORMAL,65,1950,1950,0,145,199,0.3,0.315,25.78223,43.86,1.036,1,0.0255,0,209.64,30.482,-0.00702,1,0.18,3.35,7.1023,80.5,DEGRADED,F4,4,1,thermal_overload,0.3,1,1,,,,,28,0
2026-08-19T19:43:15.552Z,1787168595552,FAN_DT_001_F4_S03_R01_20260819T193429,1,526.035,FAULT_ACTIVE,F4,0.3,FAN_DT_001,3.0,process-model-3.0.0-build3,9537,1,LIVE,SYNCHRONISED,AUTOMATIC,NORMAL,65,1950,1950,0,145,199,0.3,0.315,25.77817,43.87,1.036,1,0.0255,0,209.64,30.5422,-0.00681,1,0.18,3.249,7.1163,80.5,DEGRADED,F4,4,1,thermal_overload,0.3,1,1,,,,,28,0
2026-08-19T19:43:16.614Z,1787168596614,FAN_DT_001_F4_S03_R01_20260819T193429,1,527.098,FAULT_ACTIVE,F4,0.3,FAN_DT_001,3.0,process-model-3.0.0-build3,9538,1,LIVE,SYNCHRONISED,AUTOMATIC,NORMAL,65,1950,1950,0,145,199,0.3,0.315,25.7737,43.88,1.036,1,0.0255,0,209.64,30.6023,-0.00664,1,0.18,3.167,7.1303,80.5,DEGRADED,F4,4,1,thermal_overload,0.3,1,1,,,,,28,0
2026-08-19T19:43:17.634Z,1787168597634,FAN_DT_001_F4_S03_R01_20260819T193429,1,528.118,FAULT_ACTIVE,F4,0.3,FAN_DT_001,3.0,process-model-3.0.0-build3,9539,1,LIVE,SYNCHRONISED,AUTOMATIC,NORMAL,65,1950,1950,0,145,199,0.3,0.315,25.76886,43.88,1.036,1,0.0255,0,209.64,30.6621,-0.00644,1,0.18,3.071,7.1443,80.5,DEGRADED,F4,4,1,thermal_overload,0.3,1,1,,,,,28,0
2026-08-19T19:43:18.649Z,1787168598649,FAN_DT_001_F4_S03_R01_20260819T193429,1,529.132,FAULT_ACTIVE,F4,0.3,FAN_DT_001,3.0,process-model-3.0.0-build3,9540,1,LIVE,SYNCHRONISED,AUTOMATIC,NORMAL,65,1950,1950,0,145,199,0.3,0.315,25.76357,43.89,1.036,1,0.0255,0,209.64,30.7224,-0.00624,1,0.18,2.975,7.1583,80.5,DEGRADED,F4,4,1,thermal_overload,0.3,1,1,,,,,28,0
2026-08-19T19:43:19.682Z,1787168599682,FAN_DT_001_F4_S03_R01_20260819T193429,1,530.166,FAULT_ACTIVE,F4,0.3,FAN_DT_001,3.0,process-model-3.0.0-build3,9541,1,LIVE,SYNCHRONISED,AUTOMATIC,NORMAL,65,1950,1950,0,145,199,0.3,0.315,25.75791,43.9,1.036,1,0.0255,0,209.64,30.7824,-0.00604,1,0.18,2.881,7.1723,80.5,DEGRADED,F4,4,1,thermal_overload,0.3,1,1,,,,,28,0
2026-08-19T19:43:20.722Z,1787168600722,FAN_DT_001_F4_S03_R01_20260819T193429,1,531.205,FAULT_ACTIVE,F4,0.3,FAN_DT_001,3.0,process-model-3.0.0-build3,9542,1,LIVE,SYNCHRONISED,AUTOMATIC,NORMAL,65,1950,1950,0,145,199,0.3,0.315,25.75188,43.9,1.036,1,0.0255,0,209.64,30.8421,-0.00584,1,0.18,2.787,7.1862,80.5,DEGRADED,F4,4,1,thermal_overload,0.3,1,1,,,,,28,0
2026-08-19T19:43:21.748Z,1787168601748,FAN_DT_001_F4_S03_R01_20260819T193429,1,532.231,FAULT_ACTIVE,F4,0.3,FAN_DT_001,3.0,process-model-3.0.0-build3,9543,1,LIVE,SYNCHRONISED,AUTOMATIC,NORMAL,65,1950,1950,0,145,199,0.3,0.315,25.7454,43.91,1.036,1,0.0255,0,209.64,30.9023,-0.00565,1,0.18,2.694,7.2002,80.5,DEGRADED,F4,4,1,thermal_overload,0.3,1,1,,,,,28,0
2026-08-19T19:43:22.781Z,1787168602781,FAN_DT_001_F4_S03_R01_20260819T193429,1,533.264,FAULT_ACTIVE,F4,0.3,FAN_DT_001,3.0,process-model-3.0.0-build3,9544,1,LIVE,SYNCHRONISED,AUTOMATIC,NORMAL,65,1950,1950,0,145,199,0.3,0.315,25.73857,43.91,1.036,1,0.0255,0,209.64,30.9621,-0.00543,1,0.18,2.59,7.2142,80.5,DEGRADED,F4,4,1,thermal_overload,0.3,1,1,,,,,28,0
2026-08-19T19:43:23.808Z,1787168603808,FAN_DT_001_F4_S03_R01_20260819T193429,1,534.292,FAULT_ACTIVE,F4,0.3,FAN_DT_001,3.0,process-model-3.0.0-build3,9545,1,LIVE,SYNCHRONISED,AUTOMATIC,NORMAL,65,1950,1950,0,145,199,0.3,0.315,25.73132,43.92,1.036,1,0.0255,0,209.64,31.0223,-0.00524,1,0.18,2.499,7.2282,80.5,DEGRADED,F4,4,1,thermal_overload,0.3,1,1,,,,,28,0
2026-08-19T19:43:24.888Z,1787168604888,FAN_DT_001_F4_S03_R01_20260819T193429,1,535.371,FAULT_ACTIVE,F4,0.3,FAN_DT_001,3.0,process-model-3.0.0-build3,9546,1,LIVE,SYNCHRONISED,AUTOMATIC,NORMAL,65,1950,1950,0,145,199,0.3,0.315,25.72372,43.92,1.036,1,0.0255,0,209.64,31.0822,-0.00501,1,0.18,2.389,7.2422,80.5,DEGRADED,F4,4,1,thermal_overload,0.3,1,1,,,,,28,0
2026-08-19T19:43:25.872Z,1787168605872,FAN_DT_001_F4_S03_R01_20260819T193429,1,536.356,FAULT_ACTIVE,F4,0.3,FAN_DT_001,3.0,process-model-3.0.0-build3,9547,1,LIVE,SYNCHRONISED,AUTOMATIC,NORMAL,65,1950,1950,0,145,199,0.3,0.315,25.71569,43.93,1.036,1,0.0255,0,209.64,31.1425,-0.00479,1,0.18,2.285,7.2562,80.5,DEGRADED,F4,4,1,thermal_overload,0.3,1,1,,,,,28,0
2026-08-19T19:43:26.910Z,1787168606910,FAN_DT_001_F4_S03_R01_20260819T193429,1,537.393,FAULT_ACTIVE,F4,0.3,FAN_DT_001,3.0,process-model-3.0.0-build3,9548,1,LIVE,SYNCHRONISED,AUTOMATIC,NORMAL,65,1950,1950,0,145,199,0.3,0.315,25.70732,43.93,1.036,1,0.0255,0,209.64,31.2024,-0.00457,1,0.18,2.178,7.2702,80.5,DEGRADED,F4,4,1,thermal_overload,0.3,1,1,,,,,28,0
2026-08-19T19:43:27.940Z,1787168607940,FAN_DT_001_F4_S03_R01_20260819T193429,1,538.424,FAULT_ACTIVE,F4,0.3,FAN_DT_001,3.0,process-model-3.0.0-build3,9549,1,LIVE,SYNCHRONISED,AUTOMATIC,NORMAL,65,1950,1950,0,145,199,0.3,0.315,25.69853,43.94,1.036,1,0.0255,0,209.64,31.2627,-0.00436,1,0.18,2.08,7.2842,80.5,DEGRADED,F4,4,1,thermal_overload,0.3,1,1,,,,,28,0
2026-08-19T19:43:28.978Z,1787168608978,FAN_DT_001_F4_S03_R01_20260819T193429,1,539.461,FAULT_ACTIVE,F4,0.3,FAN_DT_001,3.0,process-model-3.0.0-build3,9550,1,LIVE,SYNCHRONISED,AUTOMATIC,NORMAL,65,1950,1950,0,145,199,0.3,0.315,25.68943,43.94,1.036,1,0.0255,0,209.64,31.3227,-0.00413,1,0.18,1.972,7.2982,80.5,DEGRADED,F4,4,1,thermal_overload,0.3,1,1,,,,,28,0
2026-08-19T19:43:30.014Z,1787168610014,FAN_DT_001_F4_S03_R01_20260819T193429,1,540.497,RECOVERY,F4,0.3,FAN_DT_001,3.0,process-model-3.0.0-build3,9551,1,LIVE,SYNCHRONISED,AUTOMATIC,NORMAL,65,1950,1950,0,145,145,0.3,0.3,25.67988,43.92,1.028,1,0.0254,0,207.97,31.3831,0.07898,1,0.18,37.977,7.3123,100,HEALTHY,F0,0,0,healthy,0,0,0,,,,,29,0
2026-08-19T19:43:31.066Z,1787168611066,FAN_DT_001_F4_S03_R01_20260819T193429,1,541.549,RECOVERY,F4,0.3,FAN_DT_001,3.0,process-model-3.0.0-build3,9552,1,LIVE,SYNCHRONISED,AUTOMATIC,NORMAL,65,1950,1950,0,145,145,0.3,0.3,25.67004,43.84,1.028,1,0.0254,0,207.97,31.4427,0.07781,1,0.18,37.414,7.3261,100,HEALTHY,F0,0,0,healthy,0,0,0,,,,,29,0
2026-08-19T19:43:32.096Z,1787168612096,FAN_DT_001_F4_S03_R01_20260819T193429,1,542.579,RECOVERY,F4,0.3,FAN_DT_001,3.0,process-model-3.0.0-build3,9553,1,LIVE,SYNCHRONISED,AUTOMATIC,NORMAL,65,1950,1950,0,145,145,0.3,0.3,25.65992,43.77,1.028,1,0.0254,0,207.97,31.5018,0.07668,1,0.18,36.873,7.3399,100,HEALTHY,F0,0,0,healthy,0,0,0,,,,,29,0
2026-08-19T19:43:33.103Z,1787168613103,FAN_DT_001_F4_S03_R01_20260819T193429,1,543.587,RECOVERY,F4,0.3,FAN_DT_001,3.0,process-model-3.0.0-build3,9554,1,LIVE,SYNCHRONISED,AUTOMATIC,NORMAL,65,1950,1950,0,145,145,0.3,0.3,25.64938,43.69,1.028,1,0.0254,0,207.97,31.5614,0.07555,1,0.18,36.327,7.3538,100,HEALTHY,F0,0,0,healthy,0,0,0,,,,,29,0
2026-08-19T19:43:34.137Z,1787168614137,FAN_DT_001_F4_S03_R01_20260819T193429,1,544.62,RECOVERY,F4,0.3,FAN_DT_001,3.0,process-model-3.0.0-build3,9555,1,LIVE,SYNCHRONISED,AUTOMATIC,NORMAL,65,1950,1950,0,145,145,0.3,0.3,25.63858,43.61,1.028,1,0.0254,0,207.97,31.6205,0.07445,1,0.18,35.798,7.3676,100,HEALTHY,F0,0,0,healthy,0,0,0,,,,,29,0
2026-08-19T19:43:35.163Z,1787168615163,FAN_DT_001_F4_S03_R01_20260819T193429,1,545.646,RECOVERY,F4,0.3,FAN_DT_001,3.0,process-model-3.0.0-build3,9556,1,LIVE,SYNCHRONISED,AUTOMATIC,NORMAL,65,1950,1950,0,145,145,0.3,0.3,25.62739,43.53,1.028,1,0.0254,0,207.97,31.68,0.07337,1,0.18,35.282,7.3814,100,HEALTHY,F0,0,0,healthy,0,0,0,,,,,29,0
2026-08-19T19:43:36.190Z,1787168616190,FAN_DT_001_F4_S03_R01_20260819T193429,1,546.673,RECOVERY,F4,0.3,FAN_DT_001,3.0,process-model-3.0.0-build3,9557,1,LIVE,SYNCHRONISED,AUTOMATIC,NORMAL,65,1950,1950,0,145,145,0.3,0.3,25.61594,43.46,1.028,1,0.0254,0,207.97,31.7391,0.07233,1,0.18,34.779,7.3952,100,HEALTHY,F0,0,0,healthy,0,0,0,,,,,29,0
2026-08-19T19:43:37.220Z,1787168617220,FAN_DT_001_F4_S03_R01_20260819T193429,1,547.703,RECOVERY,F4,0.3,FAN_DT_001,3.0,process-model-3.0.0-build3,9558,1,LIVE,SYNCHRONISED,AUTOMATIC,NORMAL,65,1950,1950,0,145,145,0.3,0.3,25.60408,43.39,1.028,1,0.0254,0,207.97,31.7987,0.07131,1,0.18,34.291,7.4091,100,HEALTHY,F0,0,0,healthy,0,0,0,,,,,29,0
2026-08-19T19:43:38.248Z,1787168618248,FAN_DT_001_F4_S03_R01_20260819T193429,1,548.732,RECOVERY,F4,0.3,FAN_DT_001,3.0,process-model-3.0.0-build3,9559,1,LIVE,SYNCHRONISED,AUTOMATIC,NORMAL,65,1950,1950,0,145,145,0.3,0.3,25.59199,43.31,1.028,1,0.0254,0,207.97,31.8578,0.0703,1,0.18,33.806,7.4229,100,HEALTHY,F0,0,0,healthy,0,0,0,,,,,29,0
2026-08-19T19:43:39.279Z,1787168619279,FAN_DT_001_F4_S03_R01_20260819T193429,1,549.762,RECOVERY,F4,0.3,FAN_DT_001,3.0,process-model-3.0.0-build3,9560,1,LIVE,SYNCHRONISED,AUTOMATIC,NORMAL,65,1950,1950,0,145,145,0.3,0.3,25.57953,43.24,1.028,1,0.0254,0,207.97,31.9173,0.06932,1,0.18,33.33,7.4367,100,HEALTHY,F0,0,0,healthy,0,0,0,,,,,29,0
2026-08-19T19:43:40.307Z,1787168620307,FAN_DT_001_F4_S03_R01_20260819T193429,1,550.79,RECOVERY,F4,0.3,FAN_DT_001,3.0,process-model-3.0.0-build3,9561,1,LIVE,SYNCHRONISED,AUTOMATIC,NORMAL,65,1950,1950,0,145,145,0.3,0.3,25.5668,43.17,1.028,1,0.0254,0,207.97,31.9766,0.06834,1,0.18,32.86,7.4505,100,HEALTHY,F0,0,0,healthy,0,0,0,,,,,29,0
2026-08-19T19:43:41.332Z,1787168621332,FAN_DT_001_F4_S03_R01_20260819T193429,1,551.816,RECOVERY,F4,0.3,FAN_DT_001,3.0,process-model-3.0.0-build3,9562,1,LIVE,SYNCHRONISED,AUTOMATIC,NORMAL,65,1950,1950,0,145,145,0.3,0.3,25.55373,43.1,1.028,1,0.0254,0,207.97,32.036,0.0674,1,0.18,32.411,7.4644,100,HEALTHY,F0,0,0,healthy,0,0,0,,,,,29,0
2026-08-19T19:43:42.362Z,1787168622362,FAN_DT_001_F4_S03_R01_20260819T193429,1,552.845,RECOVERY,F4,0.3,FAN_DT_001,3.0,process-model-3.0.0-build3,9563,1,LIVE,SYNCHRONISED,AUTOMATIC,NORMAL,65,1950,1950,0,145,145,0.3,0.3,25.54046,43.03,1.028,1,0.0254,0,207.97,32.0952,0.06649,1,0.18,31.973,7.4782,100,HEALTHY,F0,0,0,healthy,0,0,0,,,,,29,0
2026-08-19T19:43:43.392Z,1787168623392,FAN_DT_001_F4_S03_R01_20260819T193429,1,553.875,RECOVERY,F4,0.3,FAN_DT_001,3.0,process-model-3.0.0-build3,9564,1,LIVE,SYNCHRONISED,AUTOMATIC,NORMAL,65,1950,1950,0,145,145,0.3,0.3,25.5268,42.96,1.028,1,0.0254,0,207.97,32.1548,0.06558,1,0.18,31.535,7.4921,100,HEALTHY,F0,0,0,healthy,0,0,0,,,,,29,0
2026-08-19T19:43:44.424Z,1787168624424,FAN_DT_001_F4_S03_R01_20260819T193429,1,554.908,RECOVERY,F4,0.3,FAN_DT_001,3.0,process-model-3.0.0-build3,9565,1,LIVE,SYNCHRONISED,AUTOMATIC,NORMAL,65,1950,1950,0,145,145,0.3,0.3,25.51295,42.9,1.028,1,0.0254,0,207.97,32.214,0.0647,1,0.18,31.113,7.5059,100,HEALTHY,F0,0,0,healthy,0,0,0,,,,,29,0
2026-08-19T19:43:45.448Z,1787168625448,FAN_DT_001_F4_S03_R01_20260819T193429,1,555.931,RECOVERY,F4,0.3,FAN_DT_001,3.0,process-model-3.0.0-build3,9566,1,LIVE,SYNCHRONISED,AUTOMATIC,NORMAL,65,1950,1950,0,145,145,0.3,0.3,25.49882,42.83,1.028,1,0.0254,0,207.97,32.2733,0.06385,1,0.18,30.703,7.5197,100,HEALTHY,F0,0,0,healthy,0,0,0,,,,,29,0
2026-08-19T19:43:46.476Z,1787168626476,FAN_DT_001_F4_S03_R01_20260819T193429,1,556.96,RECOVERY,F4,0.3,FAN_DT_001,3.0,process-model-3.0.0-build3,9567,1,LIVE,SYNCHRONISED,AUTOMATIC,NORMAL,65,1950,1950,0,145,145,0.3,0.3,25.48441,42.77,1.028,1,0.0254,0,207.97,32.3326,0.063,1,0.18,30.293,7.5335,100,HEALTHY,F0,0,0,healthy,0,0,0,,,,,29,0
2026-08-19T19:43:47.502Z,1787168627502,FAN_DT_001_F4_S03_R01_20260819T193429,1,557.986,RECOVERY,F4,0.3,FAN_DT_001,3.0,process-model-3.0.0-build3,9568,1,LIVE,SYNCHRONISED,AUTOMATIC,NORMAL,65,1950,1950,0,145,145,0.3,0.3,25.46982,42.7,1.028,1,0.0254,0,207.97,32.3917,0.06219,1,0.18,29.902,7.5473,100,HEALTHY,F0,0,0,healthy,0,0,0,,,,,29,0
2026-08-19T19:43:48.531Z,1787168628531,FAN_DT_001_F4_S03_R01_20260819T193429,1,559.014,RECOVERY,F4,0.3,FAN_DT_001,3.0,process-model-3.0.0-build3,9569,1,LIVE,SYNCHRONISED,AUTOMATIC,NORMAL,65,1950,1950,0,145,145,0.3,0.3,25.4549,42.64,1.028,1,0.0254,0,207.97,32.4511,0.06139,1,0.18,29.519,7.5611,100,HEALTHY,F0,0,0,healthy,0,0,0,,,,,29,0
2026-08-19T19:43:49.558Z,1787168629558,FAN_DT_001_F4_S03_R01_20260819T193429,1,560.042,RECOVERY,F4,0.3,FAN_DT_001,3.0,process-model-3.0.0-build3,9570,1,LIVE,SYNCHRONISED,AUTOMATIC,NORMAL,65,1950,1950,0,145,145,0.3,0.3,25.4398,42.58,1.028,1,0.0254,0,207.97,32.5103,0.06059,1,0.18,29.134,7.5749,100,HEALTHY,F0,0,0,healthy,0,0,0,,,,,29,0
2026-08-19T19:43:50.586Z,1787168630586,FAN_DT_001_F4_S03_R01_20260819T193429,1,561.069,RECOVERY,F4,0.3,FAN_DT_001,3.0,process-model-3.0.0-build3,9571,1,LIVE,SYNCHRONISED,AUTOMATIC,NORMAL,65,1950,1950,0,145,145,0.3,0.3,25.42437,42.51,1.028,1,0.0254,0,207.97,32.5699,0.05983,1,0.18,28.771,7.5888,100,HEALTHY,F0,0,0,healthy,0,0,0,,,,,29,0
2026-08-19T19:43:51.619Z,1787168631619,FAN_DT_001_F4_S03_R01_20260819T193429,1,562.103,RECOVERY,F4,0.3,FAN_DT_001,3.0,process-model-3.0.0-build3,9572,1,LIVE,SYNCHRONISED,AUTOMATIC,NORMAL,65,1950,1950,0,145,145,0.3,0.3,25.40882,42.45,1.028,1,0.0254,0,207.97,32.6291,0.05907,1,0.18,28.403,7.6026,100,HEALTHY,F0,0,0,healthy,0,0,0,,,,,29,0
2026-08-19T19:43:52.647Z,1787168632647,FAN_DT_001_F4_S03_R01_20260819T193429,1,563.13,RECOVERY,F4,0.3,FAN_DT_001,3.0,process-model-3.0.0-build3,9573,1,LIVE,SYNCHRONISED,AUTOMATIC,NORMAL,65,1950,1950,0,145,145,0.3,0.3,25.39298,42.39,1.028,1,0.0254,0,207.97,32.6885,0.05834,1,0.18,28.053,7.6164,100,HEALTHY,F0,0,0,healthy,0,0,0,,,,,29,0
2026-08-19T19:43:53.678Z,1787168633678,FAN_DT_001_F4_S03_R01_20260819T193429,1,564.161,RECOVERY,F4,0.3,FAN_DT_001,3.0,process-model-3.0.0-build3,9574,1,LIVE,SYNCHRONISED,AUTOMATIC,NORMAL,65,1950,1950,0,145,145,0.3,0.3,25.37698,42.33,1.028,1,0.0254,0,207.97,32.7479,0.0576,1,0.18,27.696,7.6303,100,HEALTHY,F0,0,0,healthy,0,0,0,,,,,29,0
2026-08-19T19:43:54.705Z,1787168634705,FAN_DT_001_F4_S03_R01_20260819T193429,1,565.188,RECOVERY,F4,0.3,FAN_DT_001,3.0,process-model-3.0.0-build3,9575,1,LIVE,SYNCHRONISED,AUTOMATIC,NORMAL,65,1950,1950,0,145,145,0.3,0.3,25.36072,42.27,1.028,1,0.0254,0,207.97,32.8074,0.05689,1,0.18,27.354,7.6441,100,HEALTHY,F0,0,0,healthy,0,0,0,,,,,29,0
2026-08-19T19:43:55.743Z,1787168635743,FAN_DT_001_F4_S03_R01_20260819T193429,1,566.226,RECOVERY,F4,0.3,FAN_DT_001,3.0,process-model-3.0.0-build3,9576,1,LIVE,SYNCHRONISED,AUTOMATIC,NORMAL,65,1950,1950,0,145,145,0.3,0.3,25.34433,42.22,1.028,1,0.0254,0,207.97,32.8667,0.05621,1,0.18,27.028,7.6579,100,HEALTHY,F0,0,0,healthy,0,0,0,,,,,29,0
2026-08-19T19:43:56.804Z,1787168636804,FAN_DT_001_F4_S03_R01_20260819T193429,1,567.287,RECOVERY,F4,0.3,FAN_DT_001,3.0,process-model-3.0.0-build3,9577,1,LIVE,SYNCHRONISED,AUTOMATIC,NORMAL,65,1950,1950,0,145,145,0.3,0.3,25.32768,42.16,1.028,1,0.0254,0,207.97,32.9263,0.05552,1,0.18,26.699,7.6718,100,HEALTHY,F0,0,0,healthy,0,0,0,,,,,29,0
2026-08-19T19:43:57.799Z,1787168637799,FAN_DT_001_F4_S03_R01_20260819T193429,1,568.282,RECOVERY,F4,0.3,FAN_DT_001,3.0,process-model-3.0.0-build3,9578,1,LIVE,SYNCHRONISED,AUTOMATIC,NORMAL,65,1950,1950,0,145,145,0.3,0.3,25.31093,42.1,1.028,1,0.0254,0,207.97,32.9858,0.05487,1,0.18,26.386,7.6857,100,HEALTHY,F0,0,0,healthy,0,0,0,,,,,29,0
2026-08-19T19:43:58.828Z,1787168638828,FAN_DT_001_F4_S03_R01_20260819T193429,1,569.311,RECOVERY,F4,0.3,FAN_DT_001,3.0,process-model-3.0.0-build3,9579,1,LIVE,SYNCHRONISED,AUTOMATIC,NORMAL,65,1950,1950,0,145,145,0.3,0.3,25.29407,42.05,1.028,1,0.0254,0,207.97,33.0449,0.05423,1,0.18,26.075,7.6995,100,HEALTHY,F0,0,0,healthy,0,0,0,,,,,29,0
2026-08-19T19:43:59.853Z,1787168639853,FAN_DT_001_F4_S03_R01_20260819T193429,1,570.336,RECOVERY,F4,0.3,FAN_DT_001,3.0,process-model-3.0.0-build3,9580,1,LIVE,SYNCHRONISED,AUTOMATIC,NORMAL,65,1950,1950,0,145,145,0.3,0.3,25.27695,41.99,1.028,1,0.0254,0,207.97,33.1044,0.05359,1,0.18,25.768,7.7133,100,HEALTHY,F0,0,0,healthy,0,0,0,,,,,29,0
2026-08-19T19:44:00.885Z,1787168640885,FAN_DT_001_F4_S03_R01_20260819T193429,1,571.368,RECOVERY,F4,0.3,FAN_DT_001,3.0,process-model-3.0.0-build3,9581,1,LIVE,SYNCHRONISED,AUTOMATIC,NORMAL,65,1950,1950,0,145,145,0.3,0.3,25.25982,41.94,1.028,1,0.0254,0,207.97,33.1636,0.05297,1,0.18,25.471,7.7271,100,HEALTHY,F0,0,0,healthy,0,0,0,,,,,29,0
2026-08-19T19:44:01.918Z,1787168641918,FAN_DT_001_F4_S03_R01_20260819T193429,1,572.401,RECOVERY,F4,0.3,FAN_DT_001,3.0,process-model-3.0.0-build3,9582,1,LIVE,SYNCHRONISED,AUTOMATIC,NORMAL,65,1950,1950,0,145,145,0.3,0.3,25.24239,41.88,1.028,1,0.0254,0,207.97,33.2232,0.05235,1,0.18,25.17,7.741,100,HEALTHY,F0,0,0,healthy,0,0,0,,,,,29,0
2026-08-19T19:44:02.944Z,1787168642944,FAN_DT_001_F4_S03_R01_20260819T193429,1,573.428,RECOVERY,F4,0.3,FAN_DT_001,3.0,process-model-3.0.0-build3,9583,1,LIVE,SYNCHRONISED,AUTOMATIC,NORMAL,65,1950,1950,0,145,145,0.3,0.3,25.22496,41.83,1.028,1,0.0254,0,207.97,33.2824,0.05176,1,0.18,24.886,7.7548,100,HEALTHY,F0,0,0,healthy,0,0,0,,,,,29,0
2026-08-19T19:44:03.990Z,1787168643990,FAN_DT_001_F4_S03_R01_20260819T193429,1,574.476,RECOVERY,F4,0.3,FAN_DT_001,3.0,process-model-3.0.0-build3,9584,1,LIVE,SYNCHRONISED,AUTOMATIC,NORMAL,65,1950,1950,0,145,145,0.3,0.3,25.20733,41.77,1.028,1,0.0254,0,207.97,33.3419,0.05117,1,0.18,24.603,7.7687,100,HEALTHY,F0,0,0,healthy,0,0,0,,,,,29,0
2026-08-19T19:44:05.026Z,1787168645026,FAN_DT_001_F4_S03_R01_20260819T193429,1,575.511,RECOVERY,F4,0.3,FAN_DT_001,3.0,process-model-3.0.0-build3,9585,1,LIVE,SYNCHRONISED,AUTOMATIC,NORMAL,65,1950,1950,0,145,145,0.3,0.3,25.18962,41.72,1.028,1,0.0254,0,207.97,33.4013,0.0506,1,0.18,24.332,7.7825,100,HEALTHY,F0,0,0,healthy,0,0,0,,,,,29,0
2026-08-19T19:44:06.045Z,1787168646045,FAN_DT_001_F4_S03_R01_20260819T193429,1,576.531,RECOVERY,F4,0.3,FAN_DT_001,3.0,process-model-3.0.0-build3,9586,1,LIVE,SYNCHRONISED,AUTOMATIC,NORMAL,65,1950,1950,0,145,145,0.3,0.3,25.17184,41.67,1.028,1,0.0254,0,207.97,33.4606,0.05004,1,0.18,24.063,7.7963,100,HEALTHY,F0,0,0,healthy,0,0,0,,,,,29,0
2026-08-19T19:44:07.061Z,1787168647061,FAN_DT_001_F4_S03_R01_20260819T193429,1,577.544,RECOVERY,F4,0.3,FAN_DT_001,3.0,process-model-3.0.0-build3,9587,1,LIVE,SYNCHRONISED,AUTOMATIC,NORMAL,65,1950,1950,0,145,145,0.3,0.3,25.15392,41.62,1.028,1,0.0254,0,207.97,33.5201,0.04947,1,0.18,23.789,7.8102,100,HEALTHY,F0,0,0,healthy,0,0,0,,,,,29,0
2026-08-19T19:44:08.096Z,1787168648096,FAN_DT_001_F4_S03_R01_20260819T193429,1,578.584,RECOVERY,F4,0.3,FAN_DT_001,3.0,process-model-3.0.0-build3,9588,1,LIVE,SYNCHRONISED,AUTOMATIC,NORMAL,65,1950,1950,0,145,145,0.3,0.3,25.13595,41.57,1.028,1,0.0254,0,207.97,33.5795,0.04895,1,0.18,23.536,7.824,100,HEALTHY,F0,0,0,healthy,0,0,0,,,,,29,0
2026-08-19T19:44:09.122Z,1787168649122,FAN_DT_001_F4_S03_R01_20260819T193429,1,579.605,RECOVERY,F4,0.3,FAN_DT_001,3.0,process-model-3.0.0-build3,9589,1,LIVE,SYNCHRONISED,AUTOMATIC,NORMAL,65,1950,1950,0,145,145,0.3,0.3,25.11785,41.52,1.028,1,0.0254,0,207.97,33.6391,0.04841,1,0.18,23.278,7.8379,100,HEALTHY,F0,0,0,healthy,0,0,0,,,,,29,0
2026-08-19T19:44:10.160Z,1787168650160,FAN_DT_001_F4_S03_R01_20260819T193429,1,580.643,RECOVERY,F4,0.3,FAN_DT_001,3.0,process-model-3.0.0-build3,9590,1,LIVE,SYNCHRONISED,AUTOMATIC,NORMAL,65,1950,1950,0,145,145,0.3,0.3,25.09984,41.47,1.028,1,0.0254,0,207.97,33.6981,0.04787,1,0.18,23.02,7.8517,100,HEALTHY,F0,0,0,healthy,0,0,0,,,,,29,0
2026-08-19T19:44:11.183Z,1787168651183,FAN_DT_001_F4_S03_R01_20260819T193429,1,581.667,RECOVERY,F4,0.3,FAN_DT_001,3.0,process-model-3.0.0-build3,9591,1,LIVE,SYNCHRONISED,AUTOMATIC,NORMAL,65,1950,1950,0,145,145,0.3,0.3,25.08163,41.42,1.028,1,0.0254,0,207.97,33.7577,0.04738,1,0.18,22.783,7.8655,100,HEALTHY,F0,0,0,healthy,0,0,0,,,,,29,0
2026-08-19T19:44:12.222Z,1787168652222,FAN_DT_001_F4_S03_R01_20260819T193429,1,582.706,RECOVERY,F4,0.3,FAN_DT_001,3.0,process-model-3.0.0-build3,9592,1,LIVE,SYNCHRONISED,AUTOMATIC,NORMAL,65,1950,1950,0,145,145,0.3,0.3,25.06349,41.37,1.028,1,0.0254,0,207.97,33.8169,0.04688,1,0.18,22.544,7.8793,100,HEALTHY,F0,0,0,healthy,0,0,0,,,,,29,0
2026-08-19T19:44:13.239Z,1787168653239,FAN_DT_001_F4_S03_R01_20260819T193429,1,583.723,RECOVERY,F4,0.3,FAN_DT_001,3.0,process-model-3.0.0-build3,9593,1,LIVE,SYNCHRONISED,AUTOMATIC,NORMAL,65,1950,1950,0,145,145,0.3,0.3,25.0452,41.32,1.028,1,0.0254,0,207.97,33.8765,0.04638,1,0.18,22.303,7.8932,100,HEALTHY,F0,0,0,healthy,0,0,0,,,,,29,0
2026-08-19T19:44:14.271Z,1787168654271,FAN_DT_001_F4_S03_R01_20260819T193429,1,584.755,RECOVERY,F4,0.3,FAN_DT_001,3.0,process-model-3.0.0-build3,9594,1,LIVE,SYNCHRONISED,AUTOMATIC,NORMAL,65,1950,1950,0,145,145,0.3,0.3,25.027,41.28,1.028,1,0.0254,0,207.97,33.9356,0.04589,1,0.18,22.067,7.907,100,HEALTHY,F0,0,0,healthy,0,0,0,,,,,29,0
2026-08-19T19:44:15.295Z,1787168655295,FAN_DT_001_F4_S03_R01_20260819T193429,1,585.784,RECOVERY,F4,0.3,FAN_DT_001,3.0,process-model-3.0.0-build3,9595,1,LIVE,SYNCHRONISED,AUTOMATIC,NORMAL,65,1950,1950,0,145,145,0.3,0.3,25.00866,41.23,1.028,1,0.0254,0,207.97,33.9953,0.04541,1,0.18,21.837,7.9209,100,HEALTHY,F0,0,0,healthy,0,0,0,,,,,29,0
2026-08-19T19:44:16.334Z,1787168656334,FAN_DT_001_F4_S03_R01_20260819T193429,1,586.842,RECOVERY,F4,0.3,FAN_DT_001,3.0,process-model-3.0.0-build3,9596,1,LIVE,SYNCHRONISED,AUTOMATIC,NORMAL,65,1950,1950,0,145,145,0.3,0.3,24.99044,41.18,1.028,1,0.0254,0,207.97,34.0545,0.04497,1,0.18,21.622,7.9347,100,HEALTHY,F0,0,0,healthy,0,0,0,,,,,29,0
2026-08-19T19:44:17.364Z,1787168657364,FAN_DT_001_F4_S03_R01_20260819T193429,1,587.853,RECOVERY,F4,0.3,FAN_DT_001,3.0,process-model-3.0.0-build3,9597,1,LIVE,SYNCHRONISED,AUTOMATIC,NORMAL,65,1950,1950,0,145,145,0.3,0.3,24.97216,41.14,1.028,1,0.0254,0,207.97,34.1139,0.04448,1,0.18,21.386,7.9485,100,HEALTHY,F0,0,0,healthy,0,0,0,,,,,29,0
2026-08-19T19:44:18.387Z,1787168658387,FAN_DT_001_F4_S03_R01_20260819T193429,1,588.929,RECOVERY,F4,0.3,FAN_DT_001,3.0,process-model-3.0.0-build3,9598,1,LIVE,SYNCHRONISED,AUTOMATIC,NORMAL,65,1950,1950,0,145,145,0.3,0.3,24.95388,41.09,1.028,1,0.0254,0,207.97,34.1734,0.04404,1,0.18,21.178,7.9624,100,HEALTHY,F0,0,0,healthy,0,0,0,,,,,29,0
2026-08-19T19:44:19.422Z,1787168659422,FAN_DT_001_F4_S03_R01_20260819T193429,1,589.978,RECOVERY,F4,0.3,FAN_DT_001,3.0,process-model-3.0.0-build3,9599,1,LIVE,SYNCHRONISED,AUTOMATIC,NORMAL,65,1950,1950,0,145,145,0.3,0.3,24.9357,41.05,1.028,1,0.0254,0,207.97,34.2326,0.04359,1,0.18,20.959,7.9762,100,HEALTHY,F0,0,0,healthy,0,0,0,,,,,29,0
2026-08-19T19:44:20.455Z,1787168660455,FAN_DT_001_F4_S03_R01_20260819T193429,1,590.998,RECOVERY,F4,0.3,FAN_DT_001,3.0,process-model-3.0.0-build3,9600,1,LIVE,SYNCHRONISED,AUTOMATIC,NORMAL,65,1950,1950,0,145,145,0.3,0.3,24.91745,41,1.028,1,0.0254,0,207.97,34.2921,0.04316,1,0.18,20.755,7.9901,100,HEALTHY,F0,0,0,healthy,0,0,0,,,,,29,0
2026-08-19T19:44:21.475Z,1787168661475,FAN_DT_001_F4_S03_R01_20260819T193429,1,591.959,RECOVERY,F4,0.3,FAN_DT_001,3.0,process-model-3.0.0-build3,9601,1,LIVE,SYNCHRONISED,AUTOMATIC,NORMAL,65,1950,1950,0,145,145,0.3,0.3,24.89936,40.96,1.028,1,0.0254,0,207.97,34.3513,0.04274,1,0.18,20.552,8.0038,100,HEALTHY,F0,0,0,healthy,0,0,0,,,,,29,0
2026-08-19T19:44:22.508Z,1787168662508,FAN_DT_001_F4_S03_R01_20260819T193429,1,592.993,RECOVERY,F4,0.3,FAN_DT_001,3.0,process-model-3.0.0-build3,9602,1,LIVE,SYNCHRONISED,AUTOMATIC,NORMAL,65,1950,1950,0,145,145,0.3,0.3,24.88126,40.91,1.028,1,0.0254,0,207.97,34.4107,0.04229,1,0.18,20.337,8.0177,100,HEALTHY,F0,0,0,healthy,0,0,0,,,,,29,0
2026-08-19T19:44:23.531Z,1787168663531,FAN_DT_001_F4_S03_R01_20260819T193429,1,594.014,RECOVERY,F4,0.3,FAN_DT_001,3.0,process-model-3.0.0-build3,9603,1,LIVE,SYNCHRONISED,AUTOMATIC,NORMAL,65,1950,1950,0,145,145,0.3,0.3,24.86324,40.87,1.028,1,0.0254,0,207.97,34.47,0.04187,1,0.18,20.135,8.0315,100,HEALTHY,F0,0,0,healthy,0,0,0,,,,,29,0
2026-08-19T19:44:24.581Z,1787168664581,FAN_DT_001_F4_S03_R01_20260819T193429,1,595.065,RECOVERY,F4,0.3,FAN_DT_001,3.0,process-model-3.0.0-build3,9604,1,LIVE,SYNCHRONISED,AUTOMATIC,NORMAL,65,1950,1950,0,145,145,0.3,0.3,24.84529,40.83,1.028,1,0.0254,0,207.97,34.5293,0.04148,1,0.18,19.946,8.0453,100,HEALTHY,F0,0,0,healthy,0,0,0,,,,,29,0
2026-08-19T19:44:25.589Z,1787168665589,FAN_DT_001_F4_S03_R01_20260819T193429,1,596.074,RECOVERY,F4,0.3,FAN_DT_001,3.0,process-model-3.0.0-build3,9605,1,LIVE,SYNCHRONISED,AUTOMATIC,NORMAL,65,1950,1950,0,145,145,0.3,0.3,24.82735,40.79,1.028,1,0.0254,0,207.97,34.5889,0.04108,1,0.18,19.751,8.0592,100,HEALTHY,F0,0,0,healthy,0,0,0,,,,,29,0
2026-08-19T19:44:26.620Z,1787168666620,FAN_DT_001_F4_S03_R01_20260819T193429,1,597.103,RECOVERY,F4,0.3,FAN_DT_001,3.0,process-model-3.0.0-build3,9606,1,LIVE,SYNCHRONISED,AUTOMATIC,NORMAL,65,1950,1950,0,145,145,0.3,0.3,24.80964,40.74,1.028,1,0.0254,0,207.97,34.648,0.04065,1,0.18,19.546,8.073,100,HEALTHY,F0,0,0,healthy,0,0,0,,,,,29,0
2026-08-19T19:44:27.650Z,1787168667650,FAN_DT_001_F4_S03_R01_20260819T193429,1,598.14,RECOVERY,F4,0.3,FAN_DT_001,3.0,process-model-3.0.0-build3,9607,1,LIVE,SYNCHRONISED,AUTOMATIC,NORMAL,65,1950,1950,0,145,145,0.3,0.3,24.79185,40.7,1.028,1,0.0254,0,207.97,34.7077,0.04025,1,0.18,19.354,8.0869,100,HEALTHY,F0,0,0,healthy,0,0,0,,,,,29,0
2026-08-19T19:44:28.678Z,1787168668678,FAN_DT_001_F4_S03_R01_20260819T193429,1,599.167,RECOVERY,F4,0.3,FAN_DT_001,3.0,process-model-3.0.0-build3,9608,1,LIVE,SYNCHRONISED,AUTOMATIC,NORMAL,65,1950,1950,0,145,145,0.3,0.3,24.77435,40.66,1.028,1,0.0254,0,207.97,34.7668,0.03988,1,0.18,19.175,8.1007,100,HEALTHY,F0,0,0,healthy,0,0,0,,,,,29,0
