ts_iso,ts_ms,run_id,replicate,experiment_elapsed_s,experiment_phase,selected_fault_code,selected_fault_severity,asset_id,schema_version,model_version,sequence_id,sequence_gap,stream_status,synchronisation_status,control_mode,operating_mode,speed_command_pct,target_rpm,actual_rpm,speed_error_rpm,process_heat_load_w,effective_process_heat_load_w,mechanical_load,effective_mechanical_load,ambient_temperature_c,temperature_c,current_a,current_multiplier,vibration_g,vibration_offset_g,power_w,energy_wh,cooling_rate_c_per_s,cooling_efficiency,thermal_resistance_c_per_w,legacy_thermal_eff_index,co2_g,health_overall,health_status,embedded_fault_code,embedded_fault_class_id,embedded_fault_binary_label,embedded_fault_label,embedded_fault_severity,embedded_fault_active,anomaly,ai_fault_code,ai_fault_label,ai_confidence,ai_severity,accepted_commands,rejected_commands
2026-08-20T07:19:36.865Z,1787210376865,FAN_DT_001_F3_S03_R01_20260820T071935,1,0.924,BASELINE,F3,0.3,FAN_DT_001,3.0,process-model-3.0.0-build3,94,1,LIVE,SYNCHRONISED,AUTOMATIC,NORMAL,65,1950,1950,0,145,145,0.3,0.3,24.56766,39.78,1.028,1,0.0254,0,207.97,0.0651,0.02868,1,0.18,13.793,0.0152,100,HEALTHY,F0,0,0,healthy,0,0,0,,,,,1,0
2026-08-20T07:19:37.894Z,1787210377894,FAN_DT_001_F3_S03_R01_20260820T071935,1,1.95,BASELINE,F3,0.3,FAN_DT_001,3.0,process-model-3.0.0-build3,95,1,LIVE,SYNCHRONISED,AUTOMATIC,NORMAL,65,1950,1950,0,145,145,0.3,0.3,24.55371,39.75,1.028,1,0.0254,0,207.97,0.1193,0.02846,1,0.18,13.684,0.0278,100,HEALTHY,F0,0,0,healthy,0,0,0,,,,,1,0
2026-08-20T07:19:38.918Z,1787210378918,FAN_DT_001_F3_S03_R01_20260820T071935,1,2.975,BASELINE,F3,0.3,FAN_DT_001,3.0,process-model-3.0.0-build3,96,1,LIVE,SYNCHRONISED,AUTOMATIC,NORMAL,65,1950,1950,0,145,145,0.3,0.3,24.53868,39.72,1.028,1,0.0254,0,207.97,0.1787,0.02823,1,0.18,13.577,0.0416,100,HEALTHY,F0,0,0,healthy,0,0,0,,,,,1,0
2026-08-20T07:19:39.944Z,1787210379944,FAN_DT_001_F3_S03_R01_20260820T071935,1,4.003,BASELINE,F3,0.3,FAN_DT_001,3.0,process-model-3.0.0-build3,97,1,LIVE,SYNCHRONISED,AUTOMATIC,NORMAL,65,1950,1950,0,145,145,0.3,0.3,24.52398,39.69,1.028,1,0.0254,0,207.97,0.2376,0.028,1,0.18,13.466,0.0554,100,HEALTHY,F0,0,0,healthy,0,0,0,,,,,1,0
2026-08-20T07:19:40.972Z,1787210380972,FAN_DT_001_F3_S03_R01_20260820T071935,1,5.029,BASELINE,F3,0.3,FAN_DT_001,3.0,process-model-3.0.0-build3,98,1,LIVE,SYNCHRONISED,AUTOMATIC,NORMAL,65,1950,1950,0,145,145,0.3,0.3,24.50942,39.67,1.028,1,0.0254,0,207.97,0.297,0.02777,1,0.18,13.352,0.0692,100,HEALTHY,F0,0,0,healthy,0,0,0,,,,,1,0
2026-08-20T07:19:41.999Z,1787210381999,FAN_DT_001_F3_S03_R01_20260820T071935,1,6.057,BASELINE,F3,0.3,FAN_DT_001,3.0,process-model-3.0.0-build3,99,1,LIVE,SYNCHRONISED,AUTOMATIC,NORMAL,65,1950,1950,0,145,145,0.3,0.3,24.49517,39.64,1.028,1,0.0254,0,207.97,0.3561,0.02754,1,0.18,13.244,0.083,100,HEALTHY,F0,0,0,healthy,0,0,0,,,,,1,0
2026-08-20T07:19:43.030Z,1787210383030,FAN_DT_001_F3_S03_R01_20260820T071935,1,7.088,BASELINE,F3,0.3,FAN_DT_001,3.0,process-model-3.0.0-build3,100,1,LIVE,SYNCHRONISED,AUTOMATIC,NORMAL,65,1950,1950,0,145,145,0.3,0.3,24.48113,39.61,1.028,1,0.0254,0,207.97,0.4155,0.02729,1,0.18,13.124,0.0968,100,HEALTHY,F0,0,0,healthy,0,0,0,,,,,1,0
2026-08-20T07:19:44.066Z,1787210384066,FAN_DT_001_F3_S03_R01_20260820T071935,1,8.123,BASELINE,F3,0.3,FAN_DT_001,3.0,process-model-3.0.0-build3,101,1,LIVE,SYNCHRONISED,AUTOMATIC,NORMAL,65,1950,1950,0,145,145,0.3,0.3,24.46743,39.58,1.028,1,0.0254,0,207.97,0.4746,0.02706,1,0.18,13.013,0.1106,100,HEALTHY,F0,0,0,healthy,0,0,0,,,,,1,0
2026-08-20T07:19:45.078Z,1787210385078,FAN_DT_001_F3_S03_R01_20260820T071935,1,9.135,BASELINE,F3,0.3,FAN_DT_001,3.0,process-model-3.0.0-build3,102,1,LIVE,SYNCHRONISED,AUTOMATIC,NORMAL,65,1950,1950,0,145,145,0.3,0.3,24.45393,39.55,1.028,1,0.0254,0,207.97,0.534,0.02682,1,0.18,12.895,0.1244,100,HEALTHY,F0,0,0,healthy,0,0,0,,,,,1,0
2026-08-20T07:19:46.110Z,1787210386110,FAN_DT_001_F3_S03_R01_20260820T071935,1,10.167,BASELINE,F3,0.3,FAN_DT_001,3.0,process-model-3.0.0-build3,103,1,LIVE,SYNCHRONISED,AUTOMATIC,NORMAL,65,1950,1950,0,145,145,0.3,0.3,24.44077,39.53,1.028,1,0.0254,0,207.97,0.5931,0.02658,1,0.18,12.782,0.1382,100,HEALTHY,F0,0,0,healthy,0,0,0,,,,,1,0
2026-08-20T07:19:47.135Z,1787210387135,FAN_DT_001_F3_S03_R01_20260820T071935,1,11.192,BASELINE,F3,0.3,FAN_DT_001,3.0,process-model-3.0.0-build3,104,1,LIVE,SYNCHRONISED,AUTOMATIC,NORMAL,65,1950,1950,0,145,145,0.3,0.3,24.42782,39.5,1.028,1,0.0254,0,207.97,0.6526,0.02635,1,0.18,12.672,0.1521,100,HEALTHY,F0,0,0,healthy,0,0,0,,,,,1,0
2026-08-20T07:19:48.165Z,1787210388165,FAN_DT_001_F3_S03_R01_20260820T071935,1,12.222,BASELINE,F3,0.3,FAN_DT_001,3.0,process-model-3.0.0-build3,105,1,LIVE,SYNCHRONISED,AUTOMATIC,NORMAL,65,1950,1950,0,145,145,0.3,0.3,24.41527,39.47,1.028,1,0.0254,0,207.97,0.7116,0.0261,1,0.18,12.551,0.1658,100,HEALTHY,F0,0,0,healthy,0,0,0,,,,,1,0
2026-08-20T07:19:49.187Z,1787210389187,FAN_DT_001_F3_S03_R01_20260820T071935,1,13.243,BASELINE,F3,0.3,FAN_DT_001,3.0,process-model-3.0.0-build3,106,1,LIVE,SYNCHRONISED,AUTOMATIC,NORMAL,65,1950,1950,0,145,145,0.3,0.3,24.40295,39.44,1.028,1,0.0254,0,207.97,0.771,0.02587,1,0.18,12.439,0.1797,100,HEALTHY,F0,0,0,healthy,0,0,0,,,,,1,0
2026-08-20T07:19:50.228Z,1787210390228,FAN_DT_001_F3_S03_R01_20260820T071935,1,14.286,BASELINE,F3,0.3,FAN_DT_001,3.0,process-model-3.0.0-build3,107,1,LIVE,SYNCHRONISED,AUTOMATIC,NORMAL,65,1950,1950,0,145,145,0.3,0.3,24.39102,39.42,1.028,1,0.0254,0,207.97,0.8301,0.02563,1,0.18,12.326,0.1934,100,HEALTHY,F0,0,0,healthy,0,0,0,,,,,1,0
2026-08-20T07:19:51.237Z,1787210391237,FAN_DT_001_F3_S03_R01_20260820T071935,1,15.293,BASELINE,F3,0.3,FAN_DT_001,3.0,process-model-3.0.0-build3,108,1,LIVE,SYNCHRONISED,AUTOMATIC,NORMAL,65,1950,1950,0,145,145,0.3,0.3,24.37932,39.39,1.028,1,0.0254,0,207.97,0.8895,0.0254,1,0.18,12.214,0.2072,100,HEALTHY,F0,0,0,healthy,0,0,0,,,,,1,0
2026-08-20T07:19:52.267Z,1787210392267,FAN_DT_001_F3_S03_R01_20260820T071935,1,16.323,BASELINE,F3,0.3,FAN_DT_001,3.0,process-model-3.0.0-build3,109,1,LIVE,SYNCHRONISED,AUTOMATIC,NORMAL,65,1950,1950,0,145,145,0.3,0.3,24.36802,39.37,1.028,1,0.0254,0,207.97,0.9485,0.02517,1,0.18,12.103,0.221,100,HEALTHY,F0,0,0,healthy,0,0,0,,,,,1,0
2026-08-20T07:19:53.294Z,1787210393294,FAN_DT_001_F3_S03_R01_20260820T071935,1,17.35,BASELINE,F3,0.3,FAN_DT_001,3.0,process-model-3.0.0-build3,110,1,LIVE,SYNCHRONISED,AUTOMATIC,NORMAL,65,1950,1950,0,145,145,0.3,0.3,24.35699,39.34,1.028,1,0.0254,0,207.97,1.0078,0.02492,1,0.18,11.981,0.2348,100,HEALTHY,F0,0,0,healthy,0,0,0,,,,,1,0
2026-08-20T07:19:54.320Z,1787210394320,FAN_DT_001_F3_S03_R01_20260820T071935,1,18.376,BASELINE,F3,0.3,FAN_DT_001,3.0,process-model-3.0.0-build3,111,1,LIVE,SYNCHRONISED,AUTOMATIC,NORMAL,65,1950,1950,0,145,145,0.3,0.3,24.34632,39.32,1.028,1,0.0254,0,207.97,1.067,0.02468,1,0.18,11.867,0.2486,100,HEALTHY,F0,0,0,healthy,0,0,0,,,,,1,0
2026-08-20T07:19:55.347Z,1787210395347,FAN_DT_001_F3_S03_R01_20260820T071935,1,19.404,BASELINE,F3,0.3,FAN_DT_001,3.0,process-model-3.0.0-build3,112,1,LIVE,SYNCHRONISED,AUTOMATIC,NORMAL,65,1950,1950,0,145,145,0.3,0.3,24.33602,39.29,1.028,1,0.0254,0,207.97,1.1261,0.02443,1,0.18,11.748,0.2624,100,HEALTHY,F0,0,0,healthy,0,0,0,,,,,1,0
2026-08-20T07:19:56.373Z,1787210396373,FAN_DT_001_F3_S03_R01_20260820T071935,1,20.429,BASELINE,F3,0.3,FAN_DT_001,3.0,process-model-3.0.0-build3,113,1,LIVE,SYNCHRONISED,AUTOMATIC,NORMAL,65,1950,1950,0,145,145,0.3,0.3,24.32598,39.27,1.028,1,0.0254,0,207.97,1.1855,0.02419,1,0.18,11.631,0.2762,100,HEALTHY,F0,0,0,healthy,0,0,0,,,,,1,0
2026-08-20T07:19:57.445Z,1787210397445,FAN_DT_001_F3_S03_R01_20260820T071935,1,21.502,BASELINE,F3,0.3,FAN_DT_001,3.0,process-model-3.0.0-build3,114,1,LIVE,SYNCHRONISED,AUTOMATIC,NORMAL,65,1950,1950,0,145,145,0.3,0.3,24.31638,39.24,1.028,1,0.0254,0,207.97,1.2445,0.02394,1,0.18,11.511,0.29,100,HEALTHY,F0,0,0,healthy,0,0,0,,,,,1,0
2026-08-20T07:19:58.428Z,1787210398428,FAN_DT_001_F3_S03_R01_20260820T071935,1,22.486,BASELINE,F3,0.3,FAN_DT_001,3.0,process-model-3.0.0-build3,115,1,LIVE,SYNCHRONISED,AUTOMATIC,NORMAL,65,1950,1950,0,145,145,0.3,0.3,24.30705,39.22,1.028,1,0.0254,0,207.97,1.304,0.02366,1,0.18,11.378,0.3038,100,HEALTHY,F0,0,0,healthy,0,0,0,,,,,1,0
2026-08-20T07:19:59.454Z,1787210399454,FAN_DT_001_F3_S03_R01_20260820T071935,1,23.511,BASELINE,F3,0.3,FAN_DT_001,3.0,process-model-3.0.0-build3,116,1,LIVE,SYNCHRONISED,AUTOMATIC,NORMAL,65,1950,1950,0,145,145,0.3,0.3,24.29817,39.19,1.028,1,0.0254,0,207.97,1.3629,0.02343,1,0.18,11.264,0.3176,100,HEALTHY,F0,0,0,healthy,0,0,0,,,,,1,0
2026-08-20T07:20:00.479Z,1787210400479,FAN_DT_001_F3_S03_R01_20260820T071935,1,24.535,BASELINE,F3,0.3,FAN_DT_001,3.0,process-model-3.0.0-build3,117,1,LIVE,SYNCHRONISED,AUTOMATIC,NORMAL,65,1950,1950,0,145,145,0.3,0.3,24.28957,39.17,1.028,1,0.0254,0,207.97,1.4224,0.02316,1,0.18,11.135,0.3314,100,HEALTHY,F0,0,0,healthy,0,0,0,,,,,1,0
2026-08-20T07:20:01.509Z,1787210401509,FAN_DT_001_F3_S03_R01_20260820T071935,1,25.565,BASELINE,F3,0.3,FAN_DT_001,3.0,process-model-3.0.0-build3,118,1,LIVE,SYNCHRONISED,AUTOMATIC,NORMAL,65,1950,1950,0,145,145,0.3,0.3,24.2814,39.14,1.028,1,0.0254,0,207.97,1.4814,0.02292,1,0.18,11.02,0.3452,100,HEALTHY,F0,0,0,healthy,0,0,0,,,,,1,0
2026-08-20T07:20:02.535Z,1787210402535,FAN_DT_001_F3_S03_R01_20260820T071935,1,26.593,BASELINE,F3,0.3,FAN_DT_001,3.0,process-model-3.0.0-build3,119,1,LIVE,SYNCHRONISED,AUTOMATIC,NORMAL,65,1950,1950,0,145,145,0.3,0.3,24.27355,39.12,1.028,1,0.0254,0,207.97,1.5409,0.02265,1,0.18,10.892,0.359,100,HEALTHY,F0,0,0,healthy,0,0,0,,,,,1,0
2026-08-20T07:20:03.672Z,1787210403672,FAN_DT_001_F3_S03_R01_20260820T071935,1,27.729,BASELINE,F3,0.3,FAN_DT_001,3.0,process-model-3.0.0-build3,120,1,LIVE,SYNCHRONISED,AUTOMATIC,NORMAL,65,1950,1950,0,145,145,0.3,0.3,24.26613,39.1,1.028,1,0.0254,0,207.97,1.5999,0.02238,1,0.18,10.762,0.3728,100,HEALTHY,F0,0,0,healthy,0,0,0,,,,,1,0
2026-08-20T07:20:04.585Z,1787210404585,FAN_DT_001_F3_S03_R01_20260820T071935,1,28.642,BASELINE,F3,0.3,FAN_DT_001,3.0,process-model-3.0.0-build3,121,1,LIVE,SYNCHRONISED,AUTOMATIC,NORMAL,65,1950,1950,0,145,145,0.3,0.3,24.25905,39.08,1.028,1,0.0254,0,207.97,1.6593,0.02213,1,0.18,10.642,0.3866,100,HEALTHY,F0,0,0,healthy,0,0,0,,,,,1,0
2026-08-20T07:20:05.612Z,1787210405612,FAN_DT_001_F3_S03_R01_20260820T071935,1,29.669,BASELINE,F3,0.3,FAN_DT_001,3.0,process-model-3.0.0-build3,122,1,LIVE,SYNCHRONISED,AUTOMATIC,NORMAL,65,1950,1950,0,145,145,0.3,0.3,24.25241,39.05,1.028,1,0.0254,0,207.97,1.7181,0.02188,1,0.18,10.52,0.4003,100,HEALTHY,F0,0,0,healthy,0,0,0,,,,,1,0
2026-08-20T07:20:06.631Z,1787210406631,FAN_DT_001_F3_S03_R01_20260820T071935,1,30.687,BASELINE,F3,0.3,FAN_DT_001,3.0,process-model-3.0.0-build3,123,1,LIVE,SYNCHRONISED,AUTOMATIC,NORMAL,65,1950,1950,0,145,145,0.3,0.3,24.24614,39.03,1.028,1,0.0254,0,207.97,1.7771,0.02161,1,0.18,10.389,0.4141,100,HEALTHY,F0,0,0,healthy,0,0,0,,,,,1,0
2026-08-20T07:20:07.657Z,1787210407657,FAN_DT_001_F3_S03_R01_20260820T071935,1,31.714,BASELINE,F3,0.3,FAN_DT_001,3.0,process-model-3.0.0-build3,124,1,LIVE,SYNCHRONISED,AUTOMATIC,NORMAL,65,1950,1950,0,145,145,0.3,0.3,24.24026,39.01,1.028,1,0.0254,0,207.97,1.8361,0.02133,1,0.18,10.256,0.4278,100,HEALTHY,F0,0,0,healthy,0,0,0,,,,,1,0
2026-08-20T07:20:08.729Z,1787210408729,FAN_DT_001_F3_S03_R01_20260820T071935,1,32.785,BASELINE,F3,0.3,FAN_DT_001,3.0,process-model-3.0.0-build3,125,1,LIVE,SYNCHRONISED,AUTOMATIC,NORMAL,65,1950,1950,0,145,145,0.3,0.3,24.23473,38.99,1.028,1,0.0254,0,207.97,1.8955,0.02107,1,0.18,10.132,0.4417,100,HEALTHY,F0,0,0,healthy,0,0,0,,,,,1,0
2026-08-20T07:20:09.728Z,1787210409728,FAN_DT_001_F3_S03_R01_20260820T071935,1,33.784,BASELINE,F3,0.3,FAN_DT_001,3.0,process-model-3.0.0-build3,126,1,LIVE,SYNCHRONISED,AUTOMATIC,NORMAL,65,1950,1950,0,145,145,0.3,0.3,24.22964,38.97,1.028,1,0.0254,0,207.97,1.9545,0.02081,1,0.18,10.005,0.4554,100,HEALTHY,F0,0,0,healthy,0,0,0,,,,,1,0
2026-08-20T07:20:10.735Z,1787210410735,FAN_DT_001_F3_S03_R01_20260820T071935,1,34.792,BASELINE,F3,0.3,FAN_DT_001,3.0,process-model-3.0.0-build3,127,1,LIVE,SYNCHRONISED,AUTOMATIC,NORMAL,65,1950,1950,0,145,145,0.3,0.3,24.22491,38.94,1.028,1,0.0254,0,207.97,2.0139,0.02053,1,0.18,9.87,0.4692,100,HEALTHY,F0,0,0,healthy,0,0,0,,,,,1,0
2026-08-20T07:20:11.760Z,1787210411760,FAN_DT_001_F3_S03_R01_20260820T071935,1,35.816,BASELINE,F3,0.3,FAN_DT_001,3.0,process-model-3.0.0-build3,128,1,LIVE,SYNCHRONISED,AUTOMATIC,NORMAL,65,1950,1950,0,145,145,0.3,0.3,24.22061,38.92,1.028,1,0.0254,0,207.97,2.0729,0.02026,1,0.18,9.741,0.483,100,HEALTHY,F0,0,0,healthy,0,0,0,,,,,1,0
2026-08-20T07:20:12.786Z,1787210412786,FAN_DT_001_F3_S03_R01_20260820T071935,1,36.842,BASELINE,F3,0.3,FAN_DT_001,3.0,process-model-3.0.0-build3,129,1,LIVE,SYNCHRONISED,AUTOMATIC,NORMAL,65,1950,1950,0,145,145,0.3,0.3,24.2167,38.9,1.028,1,0.0254,0,207.97,2.1322,0.01996,1,0.18,9.597,0.4968,100,HEALTHY,F0,0,0,healthy,0,0,0,,,,,1,0
2026-08-20T07:20:13.816Z,1787210413816,FAN_DT_001_F3_S03_R01_20260820T071935,1,37.873,BASELINE,F3,0.3,FAN_DT_001,3.0,process-model-3.0.0-build3,130,1,LIVE,SYNCHRONISED,AUTOMATIC,NORMAL,65,1950,1950,0,145,145,0.3,0.3,24.21321,38.88,1.028,1,0.0254,0,207.97,2.1913,0.0197,1,0.18,9.475,0.5106,100,HEALTHY,F0,0,0,healthy,0,0,0,,,,,1,0
2026-08-20T07:20:14.842Z,1787210414842,FAN_DT_001_F3_S03_R01_20260820T071935,1,38.899,BASELINE,F3,0.3,FAN_DT_001,3.0,process-model-3.0.0-build3,131,1,LIVE,SYNCHRONISED,AUTOMATIC,NORMAL,65,1950,1950,0,145,145,0.3,0.3,24.2101,38.86,1.028,1,0.0254,0,207.97,2.2507,0.01941,1,0.18,9.332,0.5244,100,HEALTHY,F0,0,0,healthy,0,0,0,,,,,1,0
2026-08-20T07:20:15.871Z,1787210415871,FAN_DT_001_F3_S03_R01_20260820T071935,1,39.927,BASELINE,F3,0.3,FAN_DT_001,3.0,process-model-3.0.0-build3,132,1,LIVE,SYNCHRONISED,AUTOMATIC,NORMAL,65,1950,1950,0,145,145,0.3,0.3,24.20743,38.84,1.028,1,0.0254,0,207.97,2.3096,0.01913,1,0.18,9.2,0.5381,100,HEALTHY,F0,0,0,healthy,0,0,0,,,,,1,0
2026-08-20T07:20:16.893Z,1787210416893,FAN_DT_001_F3_S03_R01_20260820T071935,1,40.954,BASELINE,F3,0.3,FAN_DT_001,3.0,process-model-3.0.0-build3,133,1,LIVE,SYNCHRONISED,AUTOMATIC,NORMAL,65,1950,1950,0,145,145,0.3,0.3,24.20515,38.82,1.028,1,0.0254,0,207.97,2.3691,0.01883,1,0.18,9.055,0.552,100,HEALTHY,F0,0,0,healthy,0,0,0,,,,,1,0
2026-08-20T07:20:17.924Z,1787210417924,FAN_DT_001_F3_S03_R01_20260820T071935,1,41.98,BASELINE,F3,0.3,FAN_DT_001,3.0,process-model-3.0.0-build3,134,1,LIVE,SYNCHRONISED,AUTOMATIC,NORMAL,65,1950,1950,0,145,145,0.3,0.3,24.2033,38.8,1.028,1,0.0254,0,207.97,2.4282,0.01855,1,0.18,8.921,0.5658,100,HEALTHY,F0,0,0,healthy,0,0,0,,,,,1,0
2026-08-20T07:20:18.969Z,1787210418969,FAN_DT_001_F3_S03_R01_20260820T071935,1,43.025,BASELINE,F3,0.3,FAN_DT_001,3.0,process-model-3.0.0-build3,135,1,LIVE,SYNCHRONISED,AUTOMATIC,NORMAL,65,1950,1950,0,145,145,0.3,0.3,24.20185,38.79,1.028,1,0.0254,0,207.97,2.4876,0.01826,1,0.18,8.778,0.5796,100,HEALTHY,F0,0,0,healthy,0,0,0,,,,,1,0
2026-08-20T07:20:19.975Z,1787210419975,FAN_DT_001_F3_S03_R01_20260820T071935,1,44.035,BASELINE,F3,0.3,FAN_DT_001,3.0,process-model-3.0.0-build3,136,1,LIVE,SYNCHRONISED,AUTOMATIC,NORMAL,65,1950,1950,0,145,145,0.3,0.3,24.20082,38.77,1.028,1,0.0254,0,207.97,2.5466,0.01798,1,0.18,8.643,0.5934,100,HEALTHY,F0,0,0,healthy,0,0,0,,,,,1,0
2026-08-20T07:20:21.000Z,1787210421000,FAN_DT_001_F3_S03_R01_20260820T071935,1,45.056,BASELINE,F3,0.3,FAN_DT_001,3.0,process-model-3.0.0-build3,137,1,LIVE,SYNCHRONISED,AUTOMATIC,NORMAL,65,1950,1950,0,145,145,0.3,0.3,24.2002,38.75,1.028,1,0.0254,0,207.97,2.606,0.01768,1,0.18,8.502,0.6072,100,HEALTHY,F0,0,0,healthy,0,0,0,,,,,1,0
2026-08-20T07:20:22.032Z,1787210422032,FAN_DT_001_F3_S03_R01_20260820T071935,1,46.088,BASELINE,F3,0.3,FAN_DT_001,3.0,process-model-3.0.0-build3,138,1,LIVE,SYNCHRONISED,AUTOMATIC,NORMAL,65,1950,1950,0,145,145,0.3,0.3,24.2,38.73,1.028,1,0.0254,0,207.97,2.6649,0.0174,1,0.18,8.365,0.6209,100,HEALTHY,F0,0,0,healthy,0,0,0,,,,,1,0
2026-08-20T07:20:23.049Z,1787210423049,FAN_DT_001_F3_S03_R01_20260820T071935,1,47.105,BASELINE,F3,0.3,FAN_DT_001,3.0,process-model-3.0.0-build3,139,1,LIVE,SYNCHRONISED,AUTOMATIC,NORMAL,65,1950,1950,0,145,145,0.3,0.3,24.20021,38.71,1.028,1,0.0254,0,207.97,2.7242,0.01711,1,0.18,8.225,0.6347,100,HEALTHY,F0,0,0,healthy,0,0,0,,,,,1,0
2026-08-20T07:20:24.087Z,1787210424087,FAN_DT_001_F3_S03_R01_20260820T071935,1,48.143,BASELINE,F3,0.3,FAN_DT_001,3.0,process-model-3.0.0-build3,140,1,LIVE,SYNCHRONISED,AUTOMATIC,NORMAL,65,1950,1950,0,145,145,0.3,0.3,24.20084,38.7,1.028,1,0.0254,0,207.97,2.7834,0.01679,1,0.18,8.073,0.6485,100,HEALTHY,F0,0,0,healthy,0,0,0,,,,,1,0
2026-08-20T07:20:25.103Z,1787210425103,FAN_DT_001_F3_S03_R01_20260820T071935,1,49.163,BASELINE,F3,0.3,FAN_DT_001,3.0,process-model-3.0.0-build3,141,1,LIVE,SYNCHRONISED,AUTOMATIC,NORMAL,65,1950,1950,0,145,145,0.3,0.3,24.20188,38.68,1.028,1,0.0254,0,207.97,2.8425,0.0165,1,0.18,7.934,0.6623,100,HEALTHY,F0,0,0,healthy,0,0,0,,,,,1,0
2026-08-20T07:20:26.128Z,1787210426128,FAN_DT_001_F3_S03_R01_20260820T071935,1,50.185,BASELINE,F3,0.3,FAN_DT_001,3.0,process-model-3.0.0-build3,142,1,LIVE,SYNCHRONISED,AUTOMATIC,NORMAL,65,1950,1950,0,145,145,0.3,0.3,24.20334,38.66,1.028,1,0.0254,0,207.97,2.9019,0.01618,1,0.18,7.782,0.6761,100,HEALTHY,F0,0,0,healthy,0,0,0,,,,,1,0
2026-08-20T07:20:27.154Z,1787210427154,FAN_DT_001_F3_S03_R01_20260820T071935,1,51.211,BASELINE,F3,0.3,FAN_DT_001,3.0,process-model-3.0.0-build3,143,1,LIVE,SYNCHRONISED,AUTOMATIC,NORMAL,65,1950,1950,0,145,145,0.3,0.3,24.2052,38.65,1.028,1,0.0254,0,207.97,2.9609,0.01589,1,0.18,7.643,0.6899,100,HEALTHY,F0,0,0,healthy,0,0,0,,,,,1,0
2026-08-20T07:20:28.180Z,1787210428180,FAN_DT_001_F3_S03_R01_20260820T071935,1,52.239,BASELINE,F3,0.3,FAN_DT_001,3.0,process-model-3.0.0-build3,144,1,LIVE,SYNCHRONISED,AUTOMATIC,NORMAL,65,1950,1950,0,145,145,0.3,0.3,24.20749,38.63,1.028,1,0.0254,0,207.97,3.0202,0.01558,1,0.18,7.491,0.7037,100,HEALTHY,F0,0,0,healthy,0,0,0,,,,,1,0
2026-08-20T07:20:29.218Z,1787210429218,FAN_DT_001_F3_S03_R01_20260820T071935,1,53.275,BASELINE,F3,0.3,FAN_DT_001,3.0,process-model-3.0.0-build3,145,1,LIVE,SYNCHRONISED,AUTOMATIC,NORMAL,65,1950,1950,0,145,145,0.3,0.3,24.21017,38.61,1.028,1,0.0254,0,207.97,3.0793,0.01529,1,0.18,7.352,0.7175,100,HEALTHY,F0,0,0,healthy,0,0,0,,,,,1,0
2026-08-20T07:20:30.236Z,1787210430236,FAN_DT_001_F3_S03_R01_20260820T071935,1,54.293,BASELINE,F3,0.3,FAN_DT_001,3.0,process-model-3.0.0-build3,146,1,LIVE,SYNCHRONISED,AUTOMATIC,NORMAL,65,1950,1950,0,145,145,0.3,0.3,24.21328,38.6,1.028,1,0.0254,0,207.97,3.1387,0.01496,1,0.18,7.196,0.7313,100,HEALTHY,F0,0,0,healthy,0,0,0,,,,,1,0
2026-08-20T07:20:31.263Z,1787210431263,FAN_DT_001_F3_S03_R01_20260820T071935,1,55.32,BASELINE,F3,0.3,FAN_DT_001,3.0,process-model-3.0.0-build3,147,1,LIVE,SYNCHRONISED,AUTOMATIC,NORMAL,65,1950,1950,0,145,145,0.3,0.3,24.21678,38.58,1.028,1,0.0254,0,207.97,3.1977,0.01466,1,0.18,7.051,0.7451,100,HEALTHY,F0,0,0,healthy,0,0,0,,,,,1,0
2026-08-20T07:20:32.288Z,1787210432288,FAN_DT_001_F3_S03_R01_20260820T071935,1,56.343,BASELINE,F3,0.3,FAN_DT_001,3.0,process-model-3.0.0-build3,148,1,LIVE,SYNCHRONISED,AUTOMATIC,NORMAL,65,1950,1950,0,145,145,0.3,0.3,24.22071,38.57,1.028,1,0.0254,0,207.97,3.2572,0.01436,1,0.18,6.904,0.7589,100,HEALTHY,F0,0,0,healthy,0,0,0,,,,,1,0
2026-08-20T07:20:33.316Z,1787210433316,FAN_DT_001_F3_S03_R01_20260820T071935,1,57.372,BASELINE,F3,0.3,FAN_DT_001,3.0,process-model-3.0.0-build3,149,1,LIVE,SYNCHRONISED,AUTOMATIC,NORMAL,65,1950,1950,0,145,145,0.3,0.3,24.22502,38.55,1.028,1,0.0254,0,207.97,3.3161,0.01403,1,0.18,6.744,0.7727,100,HEALTHY,F0,0,0,healthy,0,0,0,,,,,1,0
2026-08-20T07:20:34.338Z,1787210434338,FAN_DT_001_F3_S03_R01_20260820T071935,1,58.395,BASELINE,F3,0.3,FAN_DT_001,3.0,process-model-3.0.0-build3,150,1,LIVE,SYNCHRONISED,AUTOMATIC,NORMAL,65,1950,1950,0,145,145,0.3,0.3,24.22974,38.54,1.028,1,0.0254,0,207.97,3.3754,0.01371,1,0.18,6.595,0.7865,100,HEALTHY,F0,0,0,healthy,0,0,0,,,,,1,0
2026-08-20T07:20:35.369Z,1787210435369,FAN_DT_001_F3_S03_R01_20260820T071935,1,59.427,BASELINE,F3,0.3,FAN_DT_001,3.0,process-model-3.0.0-build3,151,1,LIVE,SYNCHRONISED,AUTOMATIC,NORMAL,65,1950,1950,0,145,145,0.3,0.3,24.23485,38.52,1.028,1,0.0254,0,207.97,3.4344,0.01341,1,0.18,6.448,0.8002,100,HEALTHY,F0,0,0,healthy,0,0,0,,,,,1,0
2026-08-20T07:20:36.407Z,1787210436407,FAN_DT_001_F3_S03_R01_20260820T071935,1,60.467,FAULT_ACTIVE,F3,0.3,FAN_DT_001,3.0,process-model-3.0.0-build3,152,1,LIVE,SYNCHRONISED,AUTOMATIC,NORMAL,65,1950,1950,0,145,145,0.3,0.3,24.24042,38.52,1.028,1,0.0254,0,207.97,3.4942,-0.04147,0.805,0.2448,19.943,0.8141,80.5,DEGRADED,F3,3,1,cooling_degradation,0.3,1,1,,,,,2,0
2026-08-20T07:20:37.437Z,1787210437437,FAN_DT_001_F3_S03_R01_20260820T071935,1,61.494,FAULT_ACTIVE,F3,0.3,FAN_DT_001,3.0,process-model-3.0.0-build3,153,1,LIVE,SYNCHRONISED,AUTOMATIC,NORMAL,65,1950,1950,0,145,145,0.3,0.3,24.24638,38.56,1.028,1,0.0254,0,207.97,3.5538,-0.04101,0.805,0.2448,19.719,0.828,80.5,DEGRADED,F3,3,1,cooling_degradation,0.3,1,1,,,,,2,0
2026-08-20T07:20:38.473Z,1787210438473,FAN_DT_001_F3_S03_R01_20260820T071935,1,62.543,FAULT_ACTIVE,F3,0.3,FAN_DT_001,3.0,process-model-3.0.0-build3,154,1,LIVE,SYNCHRONISED,AUTOMATIC,NORMAL,65,1950,1950,0,145,145,0.3,0.3,24.25275,38.6,1.028,1,0.0254,0,207.97,3.6136,-0.04054,0.805,0.2448,19.493,0.842,80.5,DEGRADED,F3,3,1,cooling_degradation,0.3,1,1,,,,,2,0
2026-08-20T07:20:39.504Z,1787210439504,FAN_DT_001_F3_S03_R01_20260820T071935,1,63.56,FAULT_ACTIVE,F3,0.3,FAN_DT_001,3.0,process-model-3.0.0-build3,155,1,LIVE,SYNCHRONISED,AUTOMATIC,NORMAL,65,1950,1950,0,145,145,0.3,0.3,24.25948,38.64,1.028,1,0.0254,0,207.97,3.6731,-0.04008,0.805,0.2448,19.274,0.8558,80.5,DEGRADED,F3,3,1,cooling_degradation,0.3,1,1,,,,,2,0
2026-08-20T07:20:40.556Z,1787210440556,FAN_DT_001_F3_S03_R01_20260820T071935,1,64.617,FAULT_ACTIVE,F3,0.3,FAN_DT_001,3.0,process-model-3.0.0-build3,156,1,LIVE,SYNCHRONISED,AUTOMATIC,NORMAL,65,1950,1950,0,145,145,0.3,0.3,24.26663,38.69,1.028,1,0.0254,0,207.97,3.7328,-0.03966,0.805,0.2448,19.071,0.8697,80.5,DEGRADED,F3,3,1,cooling_degradation,0.3,1,1,,,,,2,0
2026-08-20T07:20:41.572Z,1787210441572,FAN_DT_001_F3_S03_R01_20260820T071935,1,65.631,FAULT_ACTIVE,F3,0.3,FAN_DT_001,3.0,process-model-3.0.0-build3,157,1,LIVE,SYNCHRONISED,AUTOMATIC,NORMAL,65,1950,1950,0,145,145,0.3,0.3,24.27416,38.73,1.028,1,0.0254,0,207.97,3.7925,-0.03925,0.805,0.2448,18.871,0.8837,80.5,DEGRADED,F3,3,1,cooling_degradation,0.3,1,1,,,,,2,0
2026-08-20T07:20:42.609Z,1787210442609,FAN_DT_001_F3_S03_R01_20260820T071935,1,66.666,FAULT_ACTIVE,F3,0.3,FAN_DT_001,3.0,process-model-3.0.0-build3,158,1,LIVE,SYNCHRONISED,AUTOMATIC,NORMAL,65,1950,1950,0,145,145,0.3,0.3,24.28204,38.77,1.028,1,0.0254,0,207.97,3.8519,-0.03884,0.805,0.2448,18.675,0.8975,80.5,DEGRADED,F3,3,1,cooling_degradation,0.3,1,1,,,,,2,0
2026-08-20T07:20:43.638Z,1787210443638,FAN_DT_001_F3_S03_R01_20260820T071935,1,67.696,FAULT_ACTIVE,F3,0.3,FAN_DT_001,3.0,process-model-3.0.0-build3,159,1,LIVE,SYNCHRONISED,AUTOMATIC,NORMAL,65,1950,1950,0,145,145,0.3,0.3,24.29033,38.81,1.028,1,0.0254,0,207.97,3.9116,-0.03841,0.805,0.2448,18.471,0.9114,80.5,DEGRADED,F3,3,1,cooling_degradation,0.3,1,1,,,,,2,0
2026-08-20T07:20:44.701Z,1787210444701,FAN_DT_001_F3_S03_R01_20260820T071935,1,68.761,FAULT_ACTIVE,F3,0.3,FAN_DT_001,3.0,process-model-3.0.0-build3,160,1,LIVE,SYNCHRONISED,AUTOMATIC,NORMAL,65,1950,1950,0,145,145,0.3,0.3,24.29896,38.85,1.028,1,0.0254,0,207.97,3.9711,-0.03803,0.805,0.2448,18.287,0.9253,80.5,DEGRADED,F3,3,1,cooling_degradation,0.3,1,1,,,,,2,0
2026-08-20T07:20:45.707Z,1787210445707,FAN_DT_001_F3_S03_R01_20260820T071935,1,69.764,FAULT_ACTIVE,F3,0.3,FAN_DT_001,3.0,process-model-3.0.0-build3,161,1,LIVE,SYNCHRONISED,AUTOMATIC,NORMAL,65,1950,1950,0,145,145,0.3,0.3,24.308,38.89,1.028,1,0.0254,0,207.97,4.0308,-0.03764,0.805,0.2448,18.097,0.9392,80.5,DEGRADED,F3,3,1,cooling_degradation,0.3,1,1,,,,,2,0
2026-08-20T07:20:46.739Z,1787210446739,FAN_DT_001_F3_S03_R01_20260820T071935,1,70.797,FAULT_ACTIVE,F3,0.3,FAN_DT_001,3.0,process-model-3.0.0-build3,162,1,LIVE,SYNCHRONISED,AUTOMATIC,NORMAL,65,1950,1950,0,145,145,0.3,0.3,24.31739,38.92,1.028,1,0.0254,0,207.97,4.0904,-0.03728,0.805,0.2448,17.926,0.9531,80.5,DEGRADED,F3,3,1,cooling_degradation,0.3,1,1,,,,,2,0
2026-08-20T07:20:47.775Z,1787210447775,FAN_DT_001_F3_S03_R01_20260820T071935,1,71.831,FAULT_ACTIVE,F3,0.3,FAN_DT_001,3.0,process-model-3.0.0-build3,163,1,LIVE,SYNCHRONISED,AUTOMATIC,NORMAL,65,1950,1950,0,145,145,0.3,0.3,24.32715,38.96,1.028,1,0.0254,0,207.97,4.1501,-0.03691,0.805,0.2448,17.746,0.967,80.5,DEGRADED,F3,3,1,cooling_degradation,0.3,1,1,,,,,2,0
2026-08-20T07:20:48.808Z,1787210448808,FAN_DT_001_F3_S03_R01_20260820T071935,1,72.866,FAULT_ACTIVE,F3,0.3,FAN_DT_001,3.0,process-model-3.0.0-build3,164,1,LIVE,SYNCHRONISED,AUTOMATIC,NORMAL,65,1950,1950,0,145,145,0.3,0.3,24.33728,39,1.028,1,0.0254,0,207.97,4.2099,-0.03655,0.805,0.2448,17.573,0.9809,80.5,DEGRADED,F3,3,1,cooling_degradation,0.3,1,1,,,,,2,0
2026-08-20T07:20:49.860Z,1787210449860,FAN_DT_001_F3_S03_R01_20260820T071935,1,73.918,FAULT_ACTIVE,F3,0.3,FAN_DT_001,3.0,process-model-3.0.0-build3,165,1,LIVE,SYNCHRONISED,AUTOMATIC,NORMAL,65,1950,1950,0,145,145,0.3,0.3,24.34773,39.04,1.028,1,0.0254,0,207.97,4.2695,-0.03621,0.805,0.2448,17.412,0.9948,80.5,DEGRADED,F3,3,1,cooling_degradation,0.3,1,1,,,,,2,0
2026-08-20T07:20:50.879Z,1787210450879,FAN_DT_001_F3_S03_R01_20260820T071935,1,74.935,FAULT_ACTIVE,F3,0.3,FAN_DT_001,3.0,process-model-3.0.0-build3,166,1,LIVE,SYNCHRONISED,AUTOMATIC,NORMAL,65,1950,1950,0,145,145,0.3,0.3,24.35856,39.08,1.028,1,0.0254,0,207.97,4.3293,-0.03586,0.805,0.2448,17.242,1.0087,80.5,DEGRADED,F3,3,1,cooling_degradation,0.3,1,1,,,,,2,0
2026-08-20T07:20:51.914Z,1787210451914,FAN_DT_001_F3_S03_R01_20260820T071935,1,75.971,FAULT_ACTIVE,F3,0.3,FAN_DT_001,3.0,process-model-3.0.0-build3,167,1,LIVE,SYNCHRONISED,AUTOMATIC,NORMAL,65,1950,1950,0,145,145,0.3,0.3,24.36965,39.11,1.028,1,0.0254,0,207.97,4.3887,-0.03555,0.805,0.2448,17.092,1.0226,80.5,DEGRADED,F3,3,1,cooling_degradation,0.3,1,1,,,,,2,0
2026-08-20T07:20:52.949Z,1787210452949,FAN_DT_001_F3_S03_R01_20260820T071935,1,77.009,FAULT_ACTIVE,F3,0.3,FAN_DT_001,3.0,process-model-3.0.0-build3,168,1,LIVE,SYNCHRONISED,AUTOMATIC,NORMAL,65,1950,1950,0,145,145,0.3,0.3,24.38115,39.15,1.028,1,0.0254,0,207.97,4.4485,-0.03521,0.805,0.2448,16.931,1.0365,80.5,DEGRADED,F3,3,1,cooling_degradation,0.3,1,1,,,,,2,0
2026-08-20T07:20:54.004Z,1787210454004,FAN_DT_001_F3_S03_R01_20260820T071935,1,78.06,FAULT_ACTIVE,F3,0.3,FAN_DT_001,3.0,process-model-3.0.0-build3,169,1,LIVE,SYNCHRONISED,AUTOMATIC,NORMAL,65,1950,1950,0,145,145,0.3,0.3,24.39298,39.18,1.028,1,0.0254,0,207.97,4.5084,-0.03491,0.805,0.2448,16.786,1.0504,80.5,DEGRADED,F3,3,1,cooling_degradation,0.3,1,1,,,,,2,0
2026-08-20T07:20:55.024Z,1787210455024,FAN_DT_001_F3_S03_R01_20260820T071935,1,79.081,FAULT_ACTIVE,F3,0.3,FAN_DT_001,3.0,process-model-3.0.0-build3,170,1,LIVE,SYNCHRONISED,AUTOMATIC,NORMAL,65,1950,1950,0,145,145,0.3,0.3,24.40503,39.22,1.028,1,0.0254,0,207.97,4.5677,-0.0346,0.805,0.2448,16.637,1.0643,80.5,DEGRADED,F3,3,1,cooling_degradation,0.3,1,1,,,,,2,0
2026-08-20T07:20:56.049Z,1787210456049,FAN_DT_001_F3_S03_R01_20260820T071935,1,80.105,FAULT_ACTIVE,F3,0.3,FAN_DT_001,3.0,process-model-3.0.0-build3,171,1,LIVE,SYNCHRONISED,AUTOMATIC,NORMAL,65,1950,1950,0,145,145,0.3,0.3,24.41749,39.26,1.028,1,0.0254,0,207.97,4.6275,-0.0343,0.805,0.2448,16.495,1.0782,80.5,DEGRADED,F3,3,1,cooling_degradation,0.3,1,1,,,,,2,0
2026-08-20T07:20:57.084Z,1787210457084,FAN_DT_001_F3_S03_R01_20260820T071935,1,81.141,FAULT_ACTIVE,F3,0.3,FAN_DT_001,3.0,process-model-3.0.0-build3,172,1,LIVE,SYNCHRONISED,AUTOMATIC,NORMAL,65,1950,1950,0,145,145,0.3,0.3,24.43019,39.29,1.028,1,0.0254,0,207.97,4.687,-0.03404,0.805,0.2448,16.368,1.0921,80.5,DEGRADED,F3,3,1,cooling_degradation,0.3,1,1,,,,,2,0
2026-08-20T07:20:58.114Z,1787210458114,FAN_DT_001_F3_S03_R01_20260820T071935,1,82.172,FAULT_ACTIVE,F3,0.3,FAN_DT_001,3.0,process-model-3.0.0-build3,173,1,LIVE,SYNCHRONISED,AUTOMATIC,NORMAL,65,1950,1950,0,145,145,0.3,0.3,24.44323,39.33,1.028,1,0.0254,0,207.97,4.7467,-0.03375,0.805,0.2448,16.23,1.106,80.5,DEGRADED,F3,3,1,cooling_degradation,0.3,1,1,,,,,2,0
2026-08-20T07:20:59.151Z,1787210459151,FAN_DT_001_F3_S03_R01_20260820T071935,1,83.208,FAULT_ACTIVE,F3,0.3,FAN_DT_001,3.0,process-model-3.0.0-build3,174,1,LIVE,SYNCHRONISED,AUTOMATIC,NORMAL,65,1950,1950,0,145,145,0.3,0.3,24.45651,39.36,1.028,1,0.0254,0,207.97,4.8061,-0.03349,0.805,0.2448,16.103,1.1198,80.5,DEGRADED,F3,3,1,cooling_degradation,0.3,1,1,,,,,2,0
2026-08-20T07:21:00.179Z,1787210460179,FAN_DT_001_F3_S03_R01_20260820T071935,1,84.236,FAULT_ACTIVE,F3,0.3,FAN_DT_001,3.0,process-model-3.0.0-build3,175,1,LIVE,SYNCHRONISED,AUTOMATIC,NORMAL,65,1950,1950,0,145,145,0.3,0.3,24.47013,39.4,1.028,1,0.0254,0,207.97,4.8658,-0.03321,0.805,0.2448,15.97,1.1337,80.5,DEGRADED,F3,3,1,cooling_degradation,0.3,1,1,,,,,2,0
2026-08-20T07:21:01.230Z,1787210461230,FAN_DT_001_F3_S03_R01_20260820T071935,1,85.287,FAULT_ACTIVE,F3,0.3,FAN_DT_001,3.0,process-model-3.0.0-build3,176,1,LIVE,SYNCHRONISED,AUTOMATIC,NORMAL,65,1950,1950,0,145,145,0.3,0.3,24.48398,39.43,1.028,1,0.0254,0,207.97,4.9253,-0.03296,0.805,0.2448,15.851,1.1476,80.5,DEGRADED,F3,3,1,cooling_degradation,0.3,1,1,,,,,2,0
2026-08-20T07:21:02.277Z,1787210462277,FAN_DT_001_F3_S03_R01_20260820T071935,1,86.333,FAULT_ACTIVE,F3,0.3,FAN_DT_001,3.0,process-model-3.0.0-build3,177,1,LIVE,SYNCHRONISED,AUTOMATIC,NORMAL,65,1950,1950,0,145,145,0.3,0.3,24.49818,39.46,1.028,1,0.0254,0,207.97,4.9851,-0.0327,0.805,0.2448,15.722,1.1615,80.5,DEGRADED,F3,3,1,cooling_degradation,0.3,1,1,,,,,2,0
2026-08-20T07:21:03.306Z,1787210463306,FAN_DT_001_F3_S03_R01_20260820T071935,1,87.363,FAULT_ACTIVE,F3,0.3,FAN_DT_001,3.0,process-model-3.0.0-build3,178,1,LIVE,SYNCHRONISED,AUTOMATIC,NORMAL,65,1950,1950,0,145,145,0.3,0.3,24.5126,39.5,1.028,1,0.0254,0,207.97,5.0447,-0.03245,0.805,0.2448,15.605,1.1754,80.5,DEGRADED,F3,3,1,cooling_degradation,0.3,1,1,,,,,2,0
2026-08-20T07:21:04.317Z,1787210464317,FAN_DT_001_F3_S03_R01_20260820T071935,1,88.373,FAULT_ACTIVE,F3,0.3,FAN_DT_001,3.0,process-model-3.0.0-build3,179,1,LIVE,SYNCHRONISED,AUTOMATIC,NORMAL,65,1950,1950,0,145,145,0.3,0.3,24.52727,39.53,1.028,1,0.0254,0,207.97,5.1043,-0.03221,0.805,0.2448,15.49,1.1893,80.5,DEGRADED,F3,3,1,cooling_degradation,0.3,1,1,,,,,2,0
2026-08-20T07:21:05.351Z,1787210465351,FAN_DT_001_F3_S03_R01_20260820T071935,1,89.408,FAULT_ACTIVE,F3,0.3,FAN_DT_001,3.0,process-model-3.0.0-build3,180,1,LIVE,SYNCHRONISED,AUTOMATIC,NORMAL,65,1950,1950,0,145,145,0.3,0.3,24.54222,39.56,1.028,1,0.0254,0,207.97,5.164,-0.03199,0.805,0.2448,15.383,1.2032,80.5,DEGRADED,F3,3,1,cooling_degradation,0.3,1,1,,,,,2,0
2026-08-20T07:21:06.383Z,1787210466383,FAN_DT_001_F3_S03_R01_20260820T071935,1,90.439,FAULT_ACTIVE,F3,0.3,FAN_DT_001,3.0,process-model-3.0.0-build3,181,1,LIVE,SYNCHRONISED,AUTOMATIC,NORMAL,65,1950,1950,0,145,145,0.3,0.3,24.55735,39.6,1.028,1,0.0254,0,207.97,5.2235,-0.03175,0.805,0.2448,15.266,1.2171,80.5,DEGRADED,F3,3,1,cooling_degradation,0.3,1,1,,,,,2,0
2026-08-20T07:21:07.413Z,1787210467413,FAN_DT_001_F3_S03_R01_20260820T071935,1,91.47,FAULT_ACTIVE,F3,0.3,FAN_DT_001,3.0,process-model-3.0.0-build3,182,1,LIVE,SYNCHRONISED,AUTOMATIC,NORMAL,65,1950,1950,0,145,145,0.3,0.3,24.57273,39.63,1.028,1,0.0254,0,207.97,5.283,-0.03154,0.805,0.2448,15.164,1.2309,80.5,DEGRADED,F3,3,1,cooling_degradation,0.3,1,1,,,,,2,0
2026-08-20T07:21:08.450Z,1787210468450,FAN_DT_001_F3_S03_R01_20260820T071935,1,92.507,FAULT_ACTIVE,F3,0.3,FAN_DT_001,3.0,process-model-3.0.0-build3,183,1,LIVE,SYNCHRONISED,AUTOMATIC,NORMAL,65,1950,1950,0,145,145,0.3,0.3,24.58832,39.66,1.028,1,0.0254,0,207.97,5.3425,-0.03133,0.805,0.2448,15.064,1.2448,80.5,DEGRADED,F3,3,1,cooling_degradation,0.3,1,1,,,,,2,0
2026-08-20T07:21:09.500Z,1787210469500,FAN_DT_001_F3_S03_R01_20260820T071935,1,93.556,FAULT_ACTIVE,F3,0.3,FAN_DT_001,3.0,process-model-3.0.0-build3,184,1,LIVE,SYNCHRONISED,AUTOMATIC,NORMAL,65,1950,1950,0,145,145,0.3,0.3,24.60419,39.69,1.028,1,0.0254,0,207.97,5.4023,-0.03111,0.805,0.2448,14.959,1.2587,80.5,DEGRADED,F3,3,1,cooling_degradation,0.3,1,1,,,,,2,0
2026-08-20T07:21:10.516Z,1787210470516,FAN_DT_001_F3_S03_R01_20260820T071935,1,94.573,FAULT_ACTIVE,F3,0.3,FAN_DT_001,3.0,process-model-3.0.0-build3,185,1,LIVE,SYNCHRONISED,AUTOMATIC,NORMAL,65,1950,1950,0,145,145,0.3,0.3,24.62016,39.73,1.028,1,0.0254,0,207.97,5.4616,-0.0309,0.805,0.2448,14.861,1.2726,80.5,DEGRADED,F3,3,1,cooling_degradation,0.3,1,1,,,,,2,0
2026-08-20T07:21:11.555Z,1787210471555,FAN_DT_001_F3_S03_R01_20260820T071935,1,95.611,FAULT_ACTIVE,F3,0.3,FAN_DT_001,3.0,process-model-3.0.0-build3,186,1,LIVE,SYNCHRONISED,AUTOMATIC,NORMAL,65,1950,1950,0,145,145,0.3,0.3,24.63647,39.76,1.028,1,0.0254,0,207.97,5.5215,-0.0307,0.805,0.2448,14.762,1.2865,80.5,DEGRADED,F3,3,1,cooling_degradation,0.3,1,1,,,,,2,0
2026-08-20T07:21:12.604Z,1787210472604,FAN_DT_001_F3_S03_R01_20260820T071935,1,96.662,FAULT_ACTIVE,F3,0.3,FAN_DT_001,3.0,process-model-3.0.0-build3,187,1,LIVE,SYNCHRONISED,AUTOMATIC,NORMAL,65,1950,1950,0,145,145,0.3,0.3,24.65285,39.79,1.028,1,0.0254,0,207.97,5.5809,-0.03052,0.805,0.2448,14.675,1.3003,80.5,DEGRADED,F3,3,1,cooling_degradation,0.3,1,1,,,,,2,0
2026-08-20T07:21:13.615Z,1787210473615,FAN_DT_001_F3_S03_R01_20260820T071935,1,97.672,FAULT_ACTIVE,F3,0.3,FAN_DT_001,3.0,process-model-3.0.0-build3,188,1,LIVE,SYNCHRONISED,AUTOMATIC,NORMAL,65,1950,1950,0,145,145,0.3,0.3,24.66951,39.82,1.028,1,0.0254,0,207.97,5.6406,-0.03034,0.805,0.2448,14.587,1.3143,80.5,DEGRADED,F3,3,1,cooling_degradation,0.3,1,1,,,,,2,0
2026-08-20T07:21:14.649Z,1787210474649,FAN_DT_001_F3_S03_R01_20260820T071935,1,98.705,FAULT_ACTIVE,F3,0.3,FAN_DT_001,3.0,process-model-3.0.0-build3,189,1,LIVE,SYNCHRONISED,AUTOMATIC,NORMAL,65,1950,1950,0,145,145,0.3,0.3,24.6863,39.85,1.028,1,0.0254,0,207.97,5.7002,-0.03014,0.805,0.2448,14.494,1.3282,80.5,DEGRADED,F3,3,1,cooling_degradation,0.3,1,1,,,,,2,0
2026-08-20T07:21:15.682Z,1787210475682,FAN_DT_001_F3_S03_R01_20260820T071935,1,99.738,FAULT_ACTIVE,F3,0.3,FAN_DT_001,3.0,process-model-3.0.0-build3,190,1,LIVE,SYNCHRONISED,AUTOMATIC,NORMAL,65,1950,1950,0,145,145,0.3,0.3,24.70322,39.88,1.028,1,0.0254,0,207.97,5.7597,-0.02998,0.805,0.2448,14.414,1.342,80.5,DEGRADED,F3,3,1,cooling_degradation,0.3,1,1,,,,,2,0
2026-08-20T07:21:16.714Z,1787210476714,FAN_DT_001_F3_S03_R01_20260820T071935,1,100.771,FAULT_ACTIVE,F3,0.3,FAN_DT_001,3.0,process-model-3.0.0-build3,191,1,LIVE,SYNCHRONISED,AUTOMATIC,NORMAL,65,1950,1950,0,145,145,0.3,0.3,24.72039,39.91,1.028,1,0.0254,0,207.97,5.8195,-0.02981,0.805,0.2448,14.333,1.356,80.5,DEGRADED,F3,3,1,cooling_degradation,0.3,1,1,,,,,2,0
2026-08-20T07:21:17.752Z,1787210477752,FAN_DT_001_F3_S03_R01_20260820T071935,1,101.808,FAULT_ACTIVE,F3,0.3,FAN_DT_001,3.0,process-model-3.0.0-build3,192,1,LIVE,SYNCHRONISED,AUTOMATIC,NORMAL,65,1950,1950,0,145,145,0.3,0.3,24.7376,39.94,1.028,1,0.0254,0,207.97,5.879,-0.02964,0.805,0.2448,14.251,1.3698,80.5,DEGRADED,F3,3,1,cooling_degradation,0.3,1,1,,,,,2,0
2026-08-20T07:21:18.779Z,1787210478779,FAN_DT_001_F3_S03_R01_20260820T071935,1,102.836,FAULT_ACTIVE,F3,0.3,FAN_DT_001,3.0,process-model-3.0.0-build3,193,1,LIVE,SYNCHRONISED,AUTOMATIC,NORMAL,65,1950,1950,0,145,145,0.3,0.3,24.75502,39.98,1.028,1,0.0254,0,207.97,5.9387,-0.02945,0.805,0.2448,14.16,1.3837,80.5,DEGRADED,F3,3,1,cooling_degradation,0.3,1,1,,,,,2,0
2026-08-20T07:21:19.814Z,1787210479814,FAN_DT_001_F3_S03_R01_20260820T071935,1,103.871,FAULT_ACTIVE,F3,0.3,FAN_DT_001,3.0,process-model-3.0.0-build3,194,1,LIVE,SYNCHRONISED,AUTOMATIC,NORMAL,65,1950,1950,0,145,145,0.3,0.3,24.77249,40.01,1.028,1,0.0254,0,207.97,5.9981,-0.0293,0.805,0.2448,14.086,1.3976,80.5,DEGRADED,F3,3,1,cooling_degradation,0.3,1,1,,,,,2,0
2026-08-20T07:21:20.846Z,1787210480846,FAN_DT_001_F3_S03_R01_20260820T071935,1,104.903,FAULT_ACTIVE,F3,0.3,FAN_DT_001,3.0,process-model-3.0.0-build3,195,1,LIVE,SYNCHRONISED,AUTOMATIC,NORMAL,65,1950,1950,0,145,145,0.3,0.3,24.79019,40.04,1.028,1,0.0254,0,207.97,6.0579,-0.02913,0.805,0.2448,14.005,1.4115,80.5,DEGRADED,F3,3,1,cooling_degradation,0.3,1,1,,,,,2,0
2026-08-20T07:21:21.904Z,1787210481904,FAN_DT_001_F3_S03_R01_20260820T071935,1,105.961,FAULT_ACTIVE,F3,0.3,FAN_DT_001,3.0,process-model-3.0.0-build3,196,1,LIVE,SYNCHRONISED,AUTOMATIC,NORMAL,65,1950,1950,0,145,145,0.3,0.3,24.80785,40.07,1.028,1,0.0254,0,207.97,6.1172,-0.02899,0.805,0.2448,13.938,1.4253,80.5,DEGRADED,F3,3,1,cooling_degradation,0.3,1,1,,,,,2,0
2026-08-20T07:21:22.912Z,1787210482912,FAN_DT_001_F3_S03_R01_20260820T071935,1,106.969,FAULT_ACTIVE,F3,0.3,FAN_DT_001,3.0,process-model-3.0.0-build3,197,1,LIVE,SYNCHRONISED,AUTOMATIC,NORMAL,65,1950,1950,0,145,145,0.3,0.3,24.82579,40.1,1.028,1,0.0254,0,207.97,6.1771,-0.02882,0.805,0.2448,13.859,1.4393,80.5,DEGRADED,F3,3,1,cooling_degradation,0.3,1,1,,,,,2,0
2026-08-20T07:21:23.948Z,1787210483948,FAN_DT_001_F3_S03_R01_20260820T071935,1,108.005,FAULT_ACTIVE,F3,0.3,FAN_DT_001,3.0,process-model-3.0.0-build3,198,1,LIVE,SYNCHRONISED,AUTOMATIC,NORMAL,65,1950,1950,0,145,145,0.3,0.3,24.84365,40.13,1.028,1,0.0254,0,207.97,6.2364,-0.02867,0.805,0.2448,13.785,1.4531,80.5,DEGRADED,F3,3,1,cooling_degradation,0.3,1,1,,,,,2,0
2026-08-20T07:21:24.984Z,1787210484984,FAN_DT_001_F3_S03_R01_20260820T071935,1,109.043,FAULT_ACTIVE,F3,0.3,FAN_DT_001,3.0,process-model-3.0.0-build3,199,1,LIVE,SYNCHRONISED,AUTOMATIC,NORMAL,65,1950,1950,0,145,145,0.3,0.3,24.86177,40.15,1.028,1,0.0254,0,207.97,6.2963,-0.02854,0.805,0.2448,13.721,1.467,80.5,DEGRADED,F3,3,1,cooling_degradation,0.3,1,1,,,,,2,0
2026-08-20T07:21:26.036Z,1787210486036,FAN_DT_001_F3_S03_R01_20260820T071935,1,110.092,FAULT_ACTIVE,F3,0.3,FAN_DT_001,3.0,process-model-3.0.0-build3,200,1,LIVE,SYNCHRONISED,AUTOMATIC,NORMAL,65,1950,1950,0,145,145,0.3,0.3,24.87979,40.18,1.028,1,0.0254,0,207.97,6.3556,-0.02838,0.805,0.2448,13.644,1.4809,80.5,DEGRADED,F3,3,1,cooling_degradation,0.3,1,1,,,,,2,0
2026-08-20T07:21:27.472Z,1787210487472,FAN_DT_001_F3_S03_R01_20260820T071935,1,111.637,FAULT_ACTIVE,F3,0.3,FAN_DT_001,3.0,process-model-3.0.0-build3,201,1,LIVE,SYNCHRONISED,AUTOMATIC,NORMAL,65,1950,1950,0,145,145,0.3,0.3,24.89801,40.21,1.028,1,0.0254,0,207.97,6.4154,-0.02825,0.805,0.2448,13.583,1.4948,80.5,DEGRADED,F3,3,1,cooling_degradation,0.3,1,1,,,,,2,0
2026-08-20T07:21:28.291Z,1787210488291,FAN_DT_001_F3_S03_R01_20260820T071935,1,112.401,FAULT_ACTIVE,F3,0.3,FAN_DT_001,3.0,process-model-3.0.0-build3,202,1,LIVE,SYNCHRONISED,AUTOMATIC,NORMAL,65,1950,1950,0,145,145,0.3,0.3,24.9162,40.24,1.028,1,0.0254,0,207.97,6.4749,-0.02811,0.805,0.2448,13.517,1.5087,80.5,DEGRADED,F3,3,1,cooling_degradation,0.3,1,1,,,,,2,0
2026-08-20T07:21:29.116Z,1787210489116,FAN_DT_001_F3_S03_R01_20260820T071935,1,113.174,FAULT_ACTIVE,F3,0.3,FAN_DT_001,3.0,process-model-3.0.0-build3,203,1,LIVE,SYNCHRONISED,AUTOMATIC,NORMAL,65,1950,1950,0,145,145,0.3,0.3,24.93457,40.27,1.028,1,0.0254,0,207.97,6.5349,-0.02796,0.805,0.2448,13.442,1.5226,80.5,DEGRADED,F3,3,1,cooling_degradation,0.3,1,1,,,,,2,0
2026-08-20T07:21:30.149Z,1787210490149,FAN_DT_001_F3_S03_R01_20260820T071935,1,114.207,FAULT_ACTIVE,F3,0.3,FAN_DT_001,3.0,process-model-3.0.0-build3,204,1,LIVE,SYNCHRONISED,AUTOMATIC,NORMAL,65,1950,1950,0,145,145,0.3,0.3,24.95277,40.3,1.028,1,0.0254,0,207.97,6.5942,-0.02783,0.805,0.2448,13.384,1.5364,80.5,DEGRADED,F3,3,1,cooling_degradation,0.3,1,1,,,,,2,0
2026-08-20T07:21:31.237Z,1787210491237,FAN_DT_001_F3_S03_R01_20260820T071935,1,115.304,FAULT_ACTIVE,F3,0.3,FAN_DT_001,3.0,process-model-3.0.0-build3,205,1,LIVE,SYNCHRONISED,AUTOMATIC,NORMAL,65,1950,1950,0,145,145,0.3,0.3,24.97116,40.33,1.028,1,0.0254,0,207.97,6.654,-0.02769,0.805,0.2448,13.317,1.5504,80.5,DEGRADED,F3,3,1,cooling_degradation,0.3,1,1,,,,,2,0
2026-08-20T07:21:32.216Z,1787210492216,FAN_DT_001_F3_S03_R01_20260820T071935,1,116.277,FAULT_ACTIVE,F3,0.3,FAN_DT_001,3.0,process-model-3.0.0-build3,206,1,LIVE,SYNCHRONISED,AUTOMATIC,NORMAL,65,1950,1950,0,145,145,0.3,0.3,24.98945,40.36,1.028,1,0.0254,0,207.97,6.7135,-0.02758,0.805,0.2448,13.26,1.5642,80.5,DEGRADED,F3,3,1,cooling_degradation,0.3,1,1,,,,,2,0
2026-08-20T07:21:33.245Z,1787210493245,FAN_DT_001_F3_S03_R01_20260820T071935,1,117.302,FAULT_ACTIVE,F3,0.3,FAN_DT_001,3.0,process-model-3.0.0-build3,207,1,LIVE,SYNCHRONISED,AUTOMATIC,NORMAL,65,1950,1950,0,145,145,0.3,0.3,25.00782,40.39,1.028,1,0.0254,0,207.97,6.7731,-0.02743,0.805,0.2448,13.189,1.5781,80.5,DEGRADED,F3,3,1,cooling_degradation,0.3,1,1,,,,,2,0
2026-08-20T07:21:34.281Z,1787210494281,FAN_DT_001_F3_S03_R01_20260820T071935,1,118.338,FAULT_ACTIVE,F3,0.3,FAN_DT_001,3.0,process-model-3.0.0-build3,208,1,LIVE,SYNCHRONISED,AUTOMATIC,NORMAL,65,1950,1950,0,145,145,0.3,0.3,25.0261,40.41,1.028,1,0.0254,0,207.97,6.8326,-0.02731,0.805,0.2448,13.132,1.592,80.5,DEGRADED,F3,3,1,cooling_degradation,0.3,1,1,,,,,2,0
2026-08-20T07:21:35.313Z,1787210495313,FAN_DT_001_F3_S03_R01_20260820T071935,1,119.371,FAULT_ACTIVE,F3,0.3,FAN_DT_001,3.0,process-model-3.0.0-build3,209,1,LIVE,SYNCHRONISED,AUTOMATIC,NORMAL,65,1950,1950,0,145,145,0.3,0.3,25.04449,40.44,1.028,1,0.0254,0,207.97,6.8924,-0.02719,0.805,0.2448,13.073,1.6059,80.5,DEGRADED,F3,3,1,cooling_degradation,0.3,1,1,,,,,2,0
2026-08-20T07:21:36.362Z,1787210496362,FAN_DT_001_F3_S03_R01_20260820T071935,1,120.476,FAULT_ACTIVE,F3,0.3,FAN_DT_001,3.0,process-model-3.0.0-build3,210,1,LIVE,SYNCHRONISED,AUTOMATIC,NORMAL,65,1950,1950,0,145,145,0.3,0.3,25.06272,40.47,1.028,1,0.0254,0,207.97,6.9517,-0.02708,0.805,0.2448,13.021,1.6198,80.5,DEGRADED,F3,3,1,cooling_degradation,0.3,1,1,,,,,2,0
2026-08-20T07:21:37.375Z,1787210497375,FAN_DT_001_F3_S03_R01_20260820T071935,1,121.435,FAULT_ACTIVE,F3,0.3,FAN_DT_001,3.0,process-model-3.0.0-build3,211,1,LIVE,SYNCHRONISED,AUTOMATIC,NORMAL,65,1950,1950,0,145,145,0.3,0.3,25.08097,40.5,1.028,1,0.0254,0,207.97,7.0113,-0.02695,0.805,0.2448,12.956,1.6336,80.5,DEGRADED,F3,3,1,cooling_degradation,0.3,1,1,,,,,2,0
2026-08-20T07:21:38.409Z,1787210498409,FAN_DT_001_F3_S03_R01_20260820T071935,1,122.466,FAULT_ACTIVE,F3,0.3,FAN_DT_001,3.0,process-model-3.0.0-build3,212,1,LIVE,SYNCHRONISED,AUTOMATIC,NORMAL,65,1950,1950,0,145,145,0.3,0.3,25.09919,40.53,1.028,1,0.0254,0,207.97,7.0709,-0.02682,0.805,0.2448,12.895,1.6475,80.5,DEGRADED,F3,3,1,cooling_degradation,0.3,1,1,,,,,2,0
2026-08-20T07:21:39.444Z,1787210499444,FAN_DT_001_F3_S03_R01_20260820T071935,1,123.501,FAULT_ACTIVE,F3,0.3,FAN_DT_001,3.0,process-model-3.0.0-build3,213,1,LIVE,SYNCHRONISED,AUTOMATIC,NORMAL,65,1950,1950,0,145,145,0.3,0.3,25.11738,40.55,1.028,1,0.0254,0,207.97,7.1305,-0.0267,0.805,0.2448,12.84,1.6614,80.5,DEGRADED,F3,3,1,cooling_degradation,0.3,1,1,,,,,2,0
2026-08-20T07:21:40.503Z,1787210500503,FAN_DT_001_F3_S03_R01_20260820T071935,1,124.638,FAULT_ACTIVE,F3,0.3,FAN_DT_001,3.0,process-model-3.0.0-build3,214,1,LIVE,SYNCHRONISED,AUTOMATIC,NORMAL,65,1950,1950,0,145,145,0.3,0.3,25.13546,40.58,1.028,1,0.0254,0,207.97,7.19,-0.02659,0.805,0.2448,12.784,1.6753,80.5,DEGRADED,F3,3,1,cooling_degradation,0.3,1,1,,,,,2,0
2026-08-20T07:21:41.509Z,1787210501509,FAN_DT_001_F3_S03_R01_20260820T071935,1,126.147,FAULT_ACTIVE,F3,0.3,FAN_DT_001,3.0,process-model-3.0.0-build3,215,1,LIVE,SYNCHRONISED,AUTOMATIC,NORMAL,65,1950,1950,0,145,145,0.3,0.3,25.15347,40.61,1.028,1,0.0254,0,207.97,7.2495,-0.02646,0.805,0.2448,12.724,1.6891,80.5,DEGRADED,F3,3,1,cooling_degradation,0.3,1,1,,,,,2,0
2026-08-20T07:21:42.540Z,1787210502540,FAN_DT_001_F3_S03_R01_20260820T071935,1,126.798,FAULT_ACTIVE,F3,0.3,FAN_DT_001,3.0,process-model-3.0.0-build3,216,1,LIVE,SYNCHRONISED,AUTOMATIC,NORMAL,65,1950,1950,0,145,145,0.3,0.3,25.17144,40.64,1.028,1,0.0254,0,207.97,7.3092,-0.02636,0.805,0.2448,12.673,1.703,80.5,DEGRADED,F3,3,1,cooling_degradation,0.3,1,1,,,,,2,0
2026-08-20T07:21:43.577Z,1787210503577,FAN_DT_001_F3_S03_R01_20260820T071935,1,127.636,FAULT_ACTIVE,F3,0.3,FAN_DT_001,3.0,process-model-3.0.0-build3,217,1,LIVE,SYNCHRONISED,AUTOMATIC,NORMAL,65,1950,1950,0,145,145,0.3,0.3,25.18933,40.66,1.028,1,0.0254,0,207.97,7.3688,-0.02622,0.805,0.2448,12.607,1.7169,80.5,DEGRADED,F3,3,1,cooling_degradation,0.3,1,1,,,,,2,0
2026-08-20T07:21:44.648Z,1787210504648,FAN_DT_001_F3_S03_R01_20260820T071935,1,128.827,FAULT_ACTIVE,F3,0.3,FAN_DT_001,3.0,process-model-3.0.0-build3,218,1,LIVE,SYNCHRONISED,AUTOMATIC,NORMAL,65,1950,1950,0,145,145,0.3,0.3,25.20714,40.69,1.028,1,0.0254,0,207.97,7.4286,-0.02612,0.805,0.2448,12.562,1.7309,80.5,DEGRADED,F3,3,1,cooling_degradation,0.3,1,1,,,,,2,0
2026-08-20T07:21:45.644Z,1787210505644,FAN_DT_001_F3_S03_R01_20260820T071935,1,129.702,FAULT_ACTIVE,F3,0.3,FAN_DT_001,3.0,process-model-3.0.0-build3,219,1,LIVE,SYNCHRONISED,AUTOMATIC,NORMAL,65,1950,1950,0,145,145,0.3,0.3,25.22477,40.72,1.028,1,0.0254,0,207.97,7.4881,-0.02601,0.805,0.2448,12.505,1.7447,80.5,DEGRADED,F3,3,1,cooling_degradation,0.3,1,1,,,,,2,0
2026-08-20T07:21:46.677Z,1787210506677,FAN_DT_001_F3_S03_R01_20260820T071935,1,130.735,FAULT_ACTIVE,F3,0.3,FAN_DT_001,3.0,process-model-3.0.0-build3,220,1,LIVE,SYNCHRONISED,AUTOMATIC,NORMAL,65,1950,1950,0,145,145,0.3,0.3,25.24233,40.74,1.028,1,0.0254,0,207.97,7.5477,-0.02589,0.805,0.2448,12.448,1.7586,80.5,DEGRADED,F3,3,1,cooling_degradation,0.3,1,1,,,,,2,0
2026-08-20T07:21:47.710Z,1787210507710,FAN_DT_001_F3_S03_R01_20260820T071935,1,131.946,FAULT_ACTIVE,F3,0.3,FAN_DT_001,3.0,process-model-3.0.0-build3,221,1,LIVE,SYNCHRONISED,AUTOMATIC,NORMAL,65,1950,1950,0,145,145,0.3,0.3,25.25967,40.77,1.028,1,0.0254,0,207.97,7.6071,-0.02575,0.805,0.2448,12.381,1.7724,80.5,DEGRADED,F3,3,1,cooling_degradation,0.3,1,1,,,,,2,0
2026-08-20T07:21:48.741Z,1787210508741,FAN_DT_001_F3_S03_R01_20260820T071935,1,132.8,FAULT_ACTIVE,F3,0.3,FAN_DT_001,3.0,process-model-3.0.0-build3,222,1,LIVE,SYNCHRONISED,AUTOMATIC,NORMAL,65,1950,1950,0,145,145,0.3,0.3,25.277,40.8,1.028,1,0.0254,0,207.97,7.6669,-0.02564,0.805,0.2448,12.33,1.7864,80.5,DEGRADED,F3,3,1,cooling_degradation,0.3,1,1,,,,,2,0
2026-08-20T07:21:49.805Z,1787210509805,FAN_DT_001_F3_S03_R01_20260820T071935,1,133.863,FAULT_ACTIVE,F3,0.3,FAN_DT_001,3.0,process-model-3.0.0-build3,223,1,LIVE,SYNCHRONISED,AUTOMATIC,NORMAL,65,1950,1950,0,145,145,0.3,0.3,25.29407,40.82,1.028,1,0.0254,0,207.97,7.7263,-0.02552,0.805,0.2448,12.27,1.8002,80.5,DEGRADED,F3,3,1,cooling_degradation,0.3,1,1,,,,,2,0
2026-08-20T07:21:50.813Z,1787210510813,FAN_DT_001_F3_S03_R01_20260820T071935,1,134.878,FAULT_ACTIVE,F3,0.3,FAN_DT_001,3.0,process-model-3.0.0-build3,224,1,LIVE,SYNCHRONISED,AUTOMATIC,NORMAL,65,1950,1950,0,145,145,0.3,0.3,25.3111,40.85,1.028,1,0.0254,0,207.97,7.786,-0.0254,0.805,0.2448,12.214,1.8141,80.5,DEGRADED,F3,3,1,cooling_degradation,0.3,1,1,,,,,2,0
2026-08-20T07:21:51.837Z,1787210511837,FAN_DT_001_F3_S03_R01_20260820T071935,1,135.896,FAULT_ACTIVE,F3,0.3,FAN_DT_001,3.0,process-model-3.0.0-build3,225,1,LIVE,SYNCHRONISED,AUTOMATIC,NORMAL,65,1950,1950,0,145,145,0.3,0.3,25.32797,40.88,1.028,1,0.0254,0,207.97,7.8458,-0.02527,0.805,0.2448,12.152,1.8281,80.5,DEGRADED,F3,3,1,cooling_degradation,0.3,1,1,,,,,2,0
2026-08-20T07:21:52.865Z,1787210512865,FAN_DT_001_F3_S03_R01_20260820T071935,1,136.922,FAULT_ACTIVE,F3,0.3,FAN_DT_001,3.0,process-model-3.0.0-build3,226,1,LIVE,SYNCHRONISED,AUTOMATIC,NORMAL,65,1950,1950,0,145,145,0.3,0.3,25.34435,40.9,1.028,1,0.0254,0,207.97,7.9045,-0.02515,0.805,0.2448,12.095,1.8417,80.5,DEGRADED,F3,3,1,cooling_degradation,0.3,1,1,,,,,2,0
2026-08-20T07:21:53.897Z,1787210513897,FAN_DT_001_F3_S03_R01_20260820T071935,1,137.954,FAULT_ACTIVE,F3,0.3,FAN_DT_001,3.0,process-model-3.0.0-build3,227,1,LIVE,SYNCHRONISED,AUTOMATIC,NORMAL,65,1950,1950,0,145,145,0.3,0.3,25.36089,40.93,1.028,1,0.0254,0,207.97,7.9644,-0.02503,0.805,0.2448,12.038,1.8557,80.5,DEGRADED,F3,3,1,cooling_degradation,0.3,1,1,,,,,2,0
2026-08-20T07:21:54.936Z,1787210514936,FAN_DT_001_F3_S03_R01_20260820T071935,1,139.001,FAULT_ACTIVE,F3,0.3,FAN_DT_001,3.0,process-model-3.0.0-build3,228,1,LIVE,SYNCHRONISED,AUTOMATIC,NORMAL,65,1950,1950,0,145,145,0.3,0.3,25.37717,40.95,1.028,1,0.0254,0,207.97,8.024,-0.02491,0.805,0.2448,11.979,1.8696,80.5,DEGRADED,F3,3,1,cooling_degradation,0.3,1,1,,,,,2,0
2026-08-20T07:21:55.968Z,1787210515968,FAN_DT_001_F3_S03_R01_20260820T071935,1,140.026,FAULT_ACTIVE,F3,0.3,FAN_DT_001,3.0,process-model-3.0.0-build3,229,1,LIVE,SYNCHRONISED,AUTOMATIC,NORMAL,65,1950,1950,0,145,145,0.3,0.3,25.3933,40.98,1.028,1,0.0254,0,207.97,8.0838,-0.0248,0.805,0.2448,11.923,1.8835,80.5,DEGRADED,F3,3,1,cooling_degradation,0.3,1,1,,,,,2,0
2026-08-20T07:21:57.006Z,1787210517006,FAN_DT_001_F3_S03_R01_20260820T071935,1,141.062,FAULT_ACTIVE,F3,0.3,FAN_DT_001,3.0,process-model-3.0.0-build3,230,1,LIVE,SYNCHRONISED,AUTOMATIC,NORMAL,65,1950,1950,0,145,145,0.3,0.3,25.40909,41,1.028,1,0.0254,0,207.97,8.1431,-0.02468,0.805,0.2448,11.866,1.8973,80.5,DEGRADED,F3,3,1,cooling_degradation,0.3,1,1,,,,,2,0
2026-08-20T07:21:58.032Z,1787210518032,FAN_DT_001_F3_S03_R01_20260820T071935,1,142.089,FAULT_ACTIVE,F3,0.3,FAN_DT_001,3.0,process-model-3.0.0-build3,231,1,LIVE,SYNCHRONISED,AUTOMATIC,NORMAL,65,1950,1950,0,145,145,0.3,0.3,25.42479,41.03,1.028,1,0.0254,0,207.97,8.2029,-0.02455,0.805,0.2448,11.806,1.9113,80.5,DEGRADED,F3,3,1,cooling_degradation,0.3,1,1,,,,,2,0
2026-08-20T07:21:59.105Z,1787210519105,FAN_DT_001_F3_S03_R01_20260820T071935,1,143.161,FAULT_ACTIVE,F3,0.3,FAN_DT_001,3.0,process-model-3.0.0-build3,232,1,LIVE,SYNCHRONISED,AUTOMATIC,NORMAL,65,1950,1950,0,145,145,0.3,0.3,25.4402,41.05,1.028,1,0.0254,0,207.97,8.2624,-0.02443,0.805,0.2448,11.748,1.9251,80.5,DEGRADED,F3,3,1,cooling_degradation,0.3,1,1,,,,,2,0
2026-08-20T07:22:00.097Z,1787210520097,FAN_DT_001_F3_S03_R01_20260820T071935,1,144.189,FAULT_ACTIVE,F3,0.3,FAN_DT_001,3.0,process-model-3.0.0-build3,233,1,LIVE,SYNCHRONISED,AUTOMATIC,NORMAL,65,1950,1950,0,145,145,0.3,0.3,25.45541,41.08,1.028,1,0.0254,0,207.97,8.3221,-0.02431,0.805,0.2448,11.69,1.939,80.5,DEGRADED,F3,3,1,cooling_degradation,0.3,1,1,,,,,2,0
2026-08-20T07:22:01.134Z,1787210521134,FAN_DT_001_F3_S03_R01_20260820T071935,1,145.19,FAULT_ACTIVE,F3,0.3,FAN_DT_001,3.0,process-model-3.0.0-build3,234,1,LIVE,SYNCHRONISED,AUTOMATIC,NORMAL,65,1950,1950,0,145,145,0.3,0.3,25.47033,41.1,1.028,1,0.0254,0,207.97,8.3815,-0.02416,0.805,0.2448,11.617,1.9529,80.5,DEGRADED,F3,3,1,cooling_degradation,0.3,1,1,,,,,2,0
2026-08-20T07:22:02.165Z,1787210522165,FAN_DT_001_F3_S03_R01_20260820T071935,1,146.222,FAULT_ACTIVE,F3,0.3,FAN_DT_001,3.0,process-model-3.0.0-build3,235,1,LIVE,SYNCHRONISED,AUTOMATIC,NORMAL,65,1950,1950,0,145,145,0.3,0.3,25.48509,41.13,1.028,1,0.0254,0,207.97,8.4413,-0.02404,0.805,0.2448,11.559,1.9668,80.5,DEGRADED,F3,3,1,cooling_degradation,0.3,1,1,,,,,2,0
2026-08-20T07:22:03.198Z,1787210523198,FAN_DT_001_F3_S03_R01_20260820T071935,1,147.256,FAULT_ACTIVE,F3,0.3,FAN_DT_001,3.0,process-model-3.0.0-build3,236,1,LIVE,SYNCHRONISED,AUTOMATIC,NORMAL,65,1950,1950,0,145,145,0.3,0.3,25.49948,41.15,1.028,1,0.0254,0,207.97,8.5006,-0.0239,0.805,0.2448,11.492,1.9806,80.5,DEGRADED,F3,3,1,cooling_degradation,0.3,1,1,,,,,2,0
2026-08-20T07:22:04.227Z,1787210524227,FAN_DT_001_F3_S03_R01_20260820T071935,1,148.284,FAULT_ACTIVE,F3,0.3,FAN_DT_001,3.0,process-model-3.0.0-build3,237,1,LIVE,SYNCHRONISED,AUTOMATIC,NORMAL,65,1950,1950,0,145,145,0.3,0.3,25.51365,41.18,1.028,1,0.0254,0,207.97,8.5601,-0.02377,0.805,0.2448,11.431,1.9945,80.5,DEGRADED,F3,3,1,cooling_degradation,0.3,1,1,,,,,2,0
2026-08-20T07:22:05.258Z,1787210525258,FAN_DT_001_F3_S03_R01_20260820T071935,1,149.317,FAULT_ACTIVE,F3,0.3,FAN_DT_001,3.0,process-model-3.0.0-build3,238,1,LIVE,SYNCHRONISED,AUTOMATIC,NORMAL,65,1950,1950,0,145,145,0.3,0.3,25.52756,41.2,1.028,1,0.0254,0,207.97,8.6196,-0.02364,0.805,0.2448,11.367,2.0084,80.5,DEGRADED,F3,3,1,cooling_degradation,0.3,1,1,,,,,2,0
2026-08-20T07:22:06.307Z,1787210526307,FAN_DT_001_F3_S03_R01_20260820T071935,1,150.365,FAULT_ACTIVE,F3,0.3,FAN_DT_001,3.0,process-model-3.0.0-build3,239,1,LIVE,SYNCHRONISED,AUTOMATIC,NORMAL,65,1950,1950,0,145,145,0.3,0.3,25.54118,41.23,1.028,1,0.0254,0,207.97,8.6791,-0.02352,0.805,0.2448,11.309,2.0222,80.5,DEGRADED,F3,3,1,cooling_degradation,0.3,1,1,,,,,2,0
2026-08-20T07:22:07.323Z,1787210527323,FAN_DT_001_F3_S03_R01_20260820T071935,1,151.38,FAULT_ACTIVE,F3,0.3,FAN_DT_001,3.0,process-model-3.0.0-build3,240,1,LIVE,SYNCHRONISED,AUTOMATIC,NORMAL,65,1950,1950,0,145,145,0.3,0.3,25.55455,41.25,1.028,1,0.0254,0,207.97,8.7388,-0.02338,0.805,0.2448,11.24,2.0361,80.5,DEGRADED,F3,3,1,cooling_degradation,0.3,1,1,,,,,2,0
2026-08-20T07:22:08.356Z,1787210528356,FAN_DT_001_F3_S03_R01_20260820T071935,1,152.412,FAULT_ACTIVE,F3,0.3,FAN_DT_001,3.0,process-model-3.0.0-build3,241,1,LIVE,SYNCHRONISED,AUTOMATIC,NORMAL,65,1950,1950,0,145,145,0.3,0.3,25.56756,41.28,1.028,1,0.0254,0,207.97,8.7981,-0.02325,0.805,0.2448,11.178,2.05,80.5,DEGRADED,F3,3,1,cooling_degradation,0.3,1,1,,,,,2,0
2026-08-20T07:22:09.388Z,1787210529388,FAN_DT_001_F3_S03_R01_20260820T071935,1,153.444,FAULT_ACTIVE,F3,0.3,FAN_DT_001,3.0,process-model-3.0.0-build3,242,1,LIVE,SYNCHRONISED,AUTOMATIC,NORMAL,65,1950,1950,0,145,145,0.3,0.3,25.58039,41.3,1.028,1,0.0254,0,207.97,8.8579,-0.0231,0.805,0.2448,11.109,2.0639,80.5,DEGRADED,F3,3,1,cooling_degradation,0.3,1,1,,,,,2,0
2026-08-20T07:22:10.428Z,1787210530428,FAN_DT_001_F3_S03_R01_20260820T071935,1,154.485,FAULT_ACTIVE,F3,0.3,FAN_DT_001,3.0,process-model-3.0.0-build3,243,1,LIVE,SYNCHRONISED,AUTOMATIC,NORMAL,65,1950,1950,0,145,145,0.3,0.3,25.59285,41.32,1.028,1,0.0254,0,207.97,8.9175,-0.02295,0.805,0.2448,11.034,2.0778,80.5,DEGRADED,F3,3,1,cooling_degradation,0.3,1,1,,,,,2,0
2026-08-20T07:22:11.457Z,1787210531457,FAN_DT_001_F3_S03_R01_20260820T071935,1,155.514,FAULT_ACTIVE,F3,0.3,FAN_DT_001,3.0,process-model-3.0.0-build3,244,1,LIVE,SYNCHRONISED,AUTOMATIC,NORMAL,65,1950,1950,0,145,145,0.3,0.3,25.60504,41.35,1.028,1,0.0254,0,207.97,8.9772,-0.0228,0.805,0.2448,10.962,2.0917,80.5,DEGRADED,F3,3,1,cooling_degradation,0.3,1,1,,,,,2,0
2026-08-20T07:22:12.488Z,1787210532488,FAN_DT_001_F3_S03_R01_20260820T071935,1,156.545,FAULT_ACTIVE,F3,0.3,FAN_DT_001,3.0,process-model-3.0.0-build3,245,1,LIVE,SYNCHRONISED,AUTOMATIC,NORMAL,65,1950,1950,0,145,145,0.3,0.3,25.61685,41.37,1.028,1,0.0254,0,207.97,9.0367,-0.02266,0.805,0.2448,10.895,2.1055,80.5,DEGRADED,F3,3,1,cooling_degradation,0.3,1,1,,,,,2,0
2026-08-20T07:22:13.523Z,1787210533523,FAN_DT_001_F3_S03_R01_20260820T071935,1,157.58,FAULT_ACTIVE,F3,0.3,FAN_DT_001,3.0,process-model-3.0.0-build3,246,1,LIVE,SYNCHRONISED,AUTOMATIC,NORMAL,65,1950,1950,0,145,145,0.3,0.3,25.62835,41.39,1.028,1,0.0254,0,207.97,9.0962,-0.0225,0.805,0.2448,10.818,2.1194,80.5,DEGRADED,F3,3,1,cooling_degradation,0.3,1,1,,,,,2,0
2026-08-20T07:22:14.556Z,1787210534556,FAN_DT_001_F3_S03_R01_20260820T071935,1,158.613,FAULT_ACTIVE,F3,0.3,FAN_DT_001,3.0,process-model-3.0.0-build3,247,1,LIVE,SYNCHRONISED,AUTOMATIC,NORMAL,65,1950,1950,0,145,145,0.3,0.3,25.63957,41.42,1.028,1,0.0254,0,207.97,9.156,-0.02234,0.805,0.2448,10.74,2.1333,80.5,DEGRADED,F3,3,1,cooling_degradation,0.3,1,1,,,,,2,0
2026-08-20T07:22:15.608Z,1787210535608,FAN_DT_001_F3_S03_R01_20260820T071935,1,159.665,FAULT_ACTIVE,F3,0.3,FAN_DT_001,3.0,process-model-3.0.0-build3,248,1,LIVE,SYNCHRONISED,AUTOMATIC,NORMAL,65,1950,1950,0,145,145,0.3,0.3,25.65038,41.44,1.028,1,0.0254,0,207.97,9.2154,-0.0222,0.805,0.2448,10.676,2.1472,80.5,DEGRADED,F3,3,1,cooling_degradation,0.3,1,1,,,,,2,0
2026-08-20T07:22:16.620Z,1787210536620,FAN_DT_001_F3_S03_R01_20260820T071935,1,160.677,FAULT_ACTIVE,F3,0.3,FAN_DT_001,3.0,process-model-3.0.0-build3,249,1,LIVE,SYNCHRONISED,AUTOMATIC,NORMAL,65,1950,1950,0,145,145,0.3,0.3,25.66092,41.46,1.028,1,0.0254,0,207.97,9.2751,-0.02205,0.805,0.2448,10.601,2.1611,80.5,DEGRADED,F3,3,1,cooling_degradation,0.3,1,1,,,,,2,0
2026-08-20T07:22:17.655Z,1787210537655,FAN_DT_001_F3_S03_R01_20260820T071935,1,161.711,FAULT_ACTIVE,F3,0.3,FAN_DT_001,3.0,process-model-3.0.0-build3,250,1,LIVE,SYNCHRONISED,AUTOMATIC,NORMAL,65,1950,1950,0,145,145,0.3,0.3,25.67104,41.49,1.028,1,0.0254,0,207.97,9.3345,-0.02189,0.805,0.2448,10.526,2.1749,80.5,DEGRADED,F3,3,1,cooling_degradation,0.3,1,1,,,,,2,0
2026-08-20T07:22:18.690Z,1787210538690,FAN_DT_001_F3_S03_R01_20260820T071935,1,162.746,FAULT_ACTIVE,F3,0.3,FAN_DT_001,3.0,process-model-3.0.0-build3,251,1,LIVE,SYNCHRONISED,AUTOMATIC,NORMAL,65,1950,1950,0,145,145,0.3,0.3,25.68089,41.51,1.028,1,0.0254,0,207.97,9.3944,-0.02173,0.805,0.2448,10.448,2.1889,80.5,DEGRADED,F3,3,1,cooling_degradation,0.3,1,1,,,,,2,0
2026-08-20T07:22:19.727Z,1787210539727,FAN_DT_001_F3_S03_R01_20260820T071935,1,163.785,FAULT_ACTIVE,F3,0.3,FAN_DT_001,3.0,process-model-3.0.0-build3,252,1,LIVE,SYNCHRONISED,AUTOMATIC,NORMAL,65,1950,1950,0,145,145,0.3,0.3,25.69032,41.53,1.028,1,0.0254,0,207.97,9.4539,-0.02156,0.805,0.2448,10.367,2.2028,80.5,DEGRADED,F3,3,1,cooling_degradation,0.3,1,1,,,,,2,0
2026-08-20T07:22:20.757Z,1787210540757,FAN_DT_001_F3_S03_R01_20260820T071935,1,164.813,FAULT_ACTIVE,F3,0.3,FAN_DT_001,3.0,process-model-3.0.0-build3,253,1,LIVE,SYNCHRONISED,AUTOMATIC,NORMAL,65,1950,1950,0,145,145,0.3,0.3,25.69946,41.55,1.028,1,0.0254,0,207.97,9.5138,-0.02137,0.805,0.2448,10.278,2.2167,80.5,DEGRADED,F3,3,1,cooling_degradation,0.3,1,1,,,,,2,0
2026-08-20T07:22:21.792Z,1787210541792,FAN_DT_001_F3_S03_R01_20260820T071935,1,165.848,FAULT_ACTIVE,F3,0.3,FAN_DT_001,3.0,process-model-3.0.0-build3,254,1,LIVE,SYNCHRONISED,AUTOMATIC,NORMAL,65,1950,1950,0,145,145,0.3,0.3,25.70815,41.57,1.028,1,0.0254,0,207.97,9.5732,-0.02121,0.805,0.2448,10.2,2.2305,80.5,DEGRADED,F3,3,1,cooling_degradation,0.3,1,1,,,,,2,0
2026-08-20T07:22:22.824Z,1787210542824,FAN_DT_001_F3_S03_R01_20260820T071935,1,166.881,FAULT_ACTIVE,F3,0.3,FAN_DT_001,3.0,process-model-3.0.0-build3,255,1,LIVE,SYNCHRONISED,AUTOMATIC,NORMAL,65,1950,1950,0,145,145,0.3,0.3,25.71648,41.6,1.028,1,0.0254,0,207.97,9.6327,-0.02104,0.805,0.2448,10.118,2.2444,80.5,DEGRADED,F3,3,1,cooling_degradation,0.3,1,1,,,,,2,0
2026-08-20T07:22:23.853Z,1787210543853,FAN_DT_001_F3_S03_R01_20260820T071935,1,167.918,FAULT_ACTIVE,F3,0.3,FAN_DT_001,3.0,process-model-3.0.0-build3,256,1,LIVE,SYNCHRONISED,AUTOMATIC,NORMAL,65,1950,1950,0,145,145,0.3,0.3,25.72445,41.62,1.028,1,0.0254,0,207.97,9.6923,-0.02087,0.805,0.2448,10.033,2.2583,80.5,DEGRADED,F3,3,1,cooling_degradation,0.3,1,1,,,,,2,0
2026-08-20T07:22:24.904Z,1787210544904,FAN_DT_001_F3_S03_R01_20260820T071935,1,168.961,FAULT_ACTIVE,F3,0.3,FAN_DT_001,3.0,process-model-3.0.0-build3,257,1,LIVE,SYNCHRONISED,AUTOMATIC,NORMAL,65,1950,1950,0,145,145,0.3,0.3,25.73201,41.64,1.028,1,0.0254,0,207.97,9.7517,-0.0207,0.805,0.2448,9.951,2.2721,80.5,DEGRADED,F3,3,1,cooling_degradation,0.3,1,1,,,,,2,0
2026-08-20T07:22:25.917Z,1787210545917,FAN_DT_001_F3_S03_R01_20260820T071935,1,169.973,FAULT_ACTIVE,F3,0.3,FAN_DT_001,3.0,process-model-3.0.0-build3,258,1,LIVE,SYNCHRONISED,AUTOMATIC,NORMAL,65,1950,1950,0,145,145,0.3,0.3,25.73923,41.66,1.028,1,0.0254,0,207.97,9.8114,-0.02051,0.805,0.2448,9.865,2.2861,80.5,DEGRADED,F3,3,1,cooling_degradation,0.3,1,1,,,,,2,0
2026-08-20T07:22:26.960Z,1787210546960,FAN_DT_001_F3_S03_R01_20260820T071935,1,171.017,FAULT_ACTIVE,F3,0.3,FAN_DT_001,3.0,process-model-3.0.0-build3,259,1,LIVE,SYNCHRONISED,AUTOMATIC,NORMAL,65,1950,1950,0,145,145,0.3,0.3,25.74603,41.68,1.028,1,0.0254,0,207.97,9.8709,-0.02033,0.805,0.2448,9.774,2.2999,80.5,DEGRADED,F3,3,1,cooling_degradation,0.3,1,1,,,,,2,0
2026-08-20T07:22:27.985Z,1787210547985,FAN_DT_001_F3_S03_R01_20260820T071935,1,172.042,FAULT_ACTIVE,F3,0.3,FAN_DT_001,3.0,process-model-3.0.0-build3,260,1,LIVE,SYNCHRONISED,AUTOMATIC,NORMAL,65,1950,1950,0,145,145,0.3,0.3,25.75247,41.7,1.028,1,0.0254,0,207.97,9.9305,-0.02013,0.805,0.2448,9.681,2.3138,80.5,DEGRADED,F3,3,1,cooling_degradation,0.3,1,1,,,,,2,0
2026-08-20T07:22:29.017Z,1787210549017,FAN_DT_001_F3_S03_R01_20260820T071935,1,173.073,FAULT_ACTIVE,F3,0.3,FAN_DT_001,3.0,process-model-3.0.0-build3,261,1,LIVE,SYNCHRONISED,AUTOMATIC,NORMAL,65,1950,1950,0,145,145,0.3,0.3,25.75849,41.72,1.028,1,0.0254,0,207.97,9.99,-0.01997,0.805,0.2448,9.602,2.3277,80.5,DEGRADED,F3,3,1,cooling_degradation,0.3,1,1,,,,,2,0
2026-08-20T07:22:30.053Z,1787210550053,FAN_DT_001_F3_S03_R01_20260820T071935,1,174.11,FAULT_ACTIVE,F3,0.3,FAN_DT_001,3.0,process-model-3.0.0-build3,262,1,LIVE,SYNCHRONISED,AUTOMATIC,NORMAL,65,1950,1950,0,145,145,0.3,0.3,25.76412,41.74,1.028,1,0.0254,0,207.97,10.0496,-0.01977,0.805,0.2448,9.506,2.3416,80.5,DEGRADED,F3,3,1,cooling_degradation,0.3,1,1,,,,,2,0
2026-08-20T07:22:31.083Z,1787210551083,FAN_DT_001_F3_S03_R01_20260820T071935,1,175.14,FAULT_ACTIVE,F3,0.3,FAN_DT_001,3.0,process-model-3.0.0-build3,263,1,LIVE,SYNCHRONISED,AUTOMATIC,NORMAL,65,1950,1950,0,145,145,0.3,0.3,25.76937,41.76,1.028,1,0.0254,0,207.97,10.1094,-0.01959,0.805,0.2448,9.422,2.3555,80.5,DEGRADED,F3,3,1,cooling_degradation,0.3,1,1,,,,,2,0
2026-08-20T07:22:32.117Z,1787210552117,FAN_DT_001_F3_S03_R01_20260820T071935,1,176.173,FAULT_ACTIVE,F3,0.3,FAN_DT_001,3.0,process-model-3.0.0-build3,264,1,LIVE,SYNCHRONISED,AUTOMATIC,NORMAL,65,1950,1950,0,145,145,0.3,0.3,25.77417,41.78,1.028,1,0.0254,0,207.97,10.1688,-0.01937,0.805,0.2448,9.316,2.3693,80.5,DEGRADED,F3,3,1,cooling_degradation,0.3,1,1,,,,,2,0
2026-08-20T07:22:33.149Z,1787210553149,FAN_DT_001_F3_S03_R01_20260820T071935,1,177.206,FAULT_ACTIVE,F3,0.3,FAN_DT_001,3.0,process-model-3.0.0-build3,265,1,LIVE,SYNCHRONISED,AUTOMATIC,NORMAL,65,1950,1950,0,145,145,0.3,0.3,25.7786,41.8,1.028,1,0.0254,0,207.97,10.2286,-0.01919,0.805,0.2448,9.229,2.3833,80.5,DEGRADED,F3,3,1,cooling_degradation,0.3,1,1,,,,,2,0
2026-08-20T07:22:34.191Z,1787210554191,FAN_DT_001_F3_S03_R01_20260820T071935,1,178.248,FAULT_ACTIVE,F3,0.3,FAN_DT_001,3.0,process-model-3.0.0-build3,266,1,LIVE,SYNCHRONISED,AUTOMATIC,NORMAL,65,1950,1950,0,145,145,0.3,0.3,25.7826,41.82,1.028,1,0.0254,0,207.97,10.2879,-0.01898,0.805,0.2448,9.128,2.3971,80.5,DEGRADED,F3,3,1,cooling_degradation,0.3,1,1,,,,,2,0
2026-08-20T07:22:35.217Z,1787210555217,FAN_DT_001_F3_S03_R01_20260820T071935,1,179.273,FAULT_ACTIVE,F3,0.3,FAN_DT_001,3.0,process-model-3.0.0-build3,267,1,LIVE,SYNCHRONISED,AUTOMATIC,NORMAL,65,1950,1950,0,145,145,0.3,0.3,25.78621,41.84,1.028,1,0.0254,0,207.97,10.3478,-0.01878,0.805,0.2448,9.028,2.411,80.5,DEGRADED,F3,3,1,cooling_degradation,0.3,1,1,,,,,2,0
2026-08-20T07:22:36.253Z,1787210556253,FAN_DT_001_F3_S03_R01_20260820T071935,1,180.31,FAULT_ACTIVE,F3,0.3,FAN_DT_001,3.0,process-model-3.0.0-build3,268,1,LIVE,SYNCHRONISED,AUTOMATIC,NORMAL,65,1950,1950,0,145,145,0.3,0.3,25.78939,41.86,1.028,1,0.0254,0,207.97,10.4073,-0.01858,0.805,0.2448,8.932,2.4249,80.5,DEGRADED,F3,3,1,cooling_degradation,0.3,1,1,,,,,2,0
2026-08-20T07:22:37.295Z,1787210557295,FAN_DT_001_F3_S03_R01_20260820T071935,1,181.352,FAULT_ACTIVE,F3,0.3,FAN_DT_001,3.0,process-model-3.0.0-build3,269,1,LIVE,SYNCHRONISED,AUTOMATIC,NORMAL,65,1950,1950,0,145,145,0.3,0.3,25.79217,41.88,1.028,1,0.0254,0,207.97,10.467,-0.01838,0.805,0.2448,8.837,2.4388,80.5,DEGRADED,F3,3,1,cooling_degradation,0.3,1,1,,,,,2,0
2026-08-20T07:22:38.310Z,1787210558310,FAN_DT_001_F3_S03_R01_20260820T071935,1,182.366,FAULT_ACTIVE,F3,0.3,FAN_DT_001,3.0,process-model-3.0.0-build3,270,1,LIVE,SYNCHRONISED,AUTOMATIC,NORMAL,65,1950,1950,0,145,145,0.3,0.3,25.79449,41.9,1.028,1,0.0254,0,207.97,10.5259,-0.01818,0.805,0.2448,8.741,2.4525,80.5,DEGRADED,F3,3,1,cooling_degradation,0.3,1,1,,,,,2,0
2026-08-20T07:22:39.348Z,1787210559348,FAN_DT_001_F3_S03_R01_20260820T071935,1,183.405,FAULT_ACTIVE,F3,0.3,FAN_DT_001,3.0,process-model-3.0.0-build3,271,1,LIVE,SYNCHRONISED,AUTOMATIC,NORMAL,65,1950,1950,0,145,145,0.3,0.3,25.79644,41.92,1.028,1,0.0254,0,207.97,10.5859,-0.01795,0.805,0.2448,8.633,2.4665,80.5,DEGRADED,F3,3,1,cooling_degradation,0.3,1,1,,,,,2,0
2026-08-20T07:22:40.379Z,1787210560379,FAN_DT_001_F3_S03_R01_20260820T071935,1,184.435,FAULT_ACTIVE,F3,0.3,FAN_DT_001,3.0,process-model-3.0.0-build3,272,1,LIVE,SYNCHRONISED,AUTOMATIC,NORMAL,65,1950,1950,0,145,145,0.3,0.3,25.79796,41.94,1.028,1,0.0254,0,207.97,10.6453,-0.01774,0.805,0.2448,8.532,2.4804,80.5,DEGRADED,F3,3,1,cooling_degradation,0.3,1,1,,,,,2,0
2026-08-20T07:22:41.412Z,1787210561412,FAN_DT_001_F3_S03_R01_20260820T071935,1,185.468,FAULT_ACTIVE,F3,0.3,FAN_DT_001,3.0,process-model-3.0.0-build3,273,1,LIVE,SYNCHRONISED,AUTOMATIC,NORMAL,65,1950,1950,0,145,145,0.3,0.3,25.79906,41.96,1.028,1,0.0254,0,207.97,10.705,-0.01753,0.805,0.2448,8.429,2.4943,80.5,DEGRADED,F3,3,1,cooling_degradation,0.3,1,1,,,,,2,0
2026-08-20T07:22:42.443Z,1787210562443,FAN_DT_001_F3_S03_R01_20260820T071935,1,186.5,FAULT_ACTIVE,F3,0.3,FAN_DT_001,3.0,process-model-3.0.0-build3,274,1,LIVE,SYNCHRONISED,AUTOMATIC,NORMAL,65,1950,1950,0,145,145,0.3,0.3,25.79974,41.97,1.028,1,0.0254,0,207.97,10.7645,-0.01731,0.805,0.2448,8.324,2.5081,80.5,DEGRADED,F3,3,1,cooling_degradation,0.3,1,1,,,,,2,0
2026-08-20T07:22:43.478Z,1787210563478,FAN_DT_001_F3_S03_R01_20260820T071935,1,187.535,FAULT_ACTIVE,F3,0.3,FAN_DT_001,3.0,process-model-3.0.0-build3,275,1,LIVE,SYNCHRONISED,AUTOMATIC,NORMAL,65,1950,1950,0,145,145,0.3,0.3,25.8,41.99,1.028,1,0.0254,0,207.97,10.824,-0.01707,0.805,0.2448,8.21,2.522,80.5,DEGRADED,F3,3,1,cooling_degradation,0.3,1,1,,,,,2,0
2026-08-20T07:22:44.509Z,1787210564509,FAN_DT_001_F3_S03_R01_20260820T071935,1,188.567,FAULT_ACTIVE,F3,0.3,FAN_DT_001,3.0,process-model-3.0.0-build3,276,1,LIVE,SYNCHRONISED,AUTOMATIC,NORMAL,65,1950,1950,0,145,145,0.3,0.3,25.79984,42.01,1.028,1,0.0254,0,207.97,10.8836,-0.01686,0.805,0.2448,8.105,2.5359,80.5,DEGRADED,F3,3,1,cooling_degradation,0.3,1,1,,,,,2,0
2026-08-20T07:22:45.540Z,1787210565540,FAN_DT_001_F3_S03_R01_20260820T071935,1,189.597,FAULT_ACTIVE,F3,0.3,FAN_DT_001,3.0,process-model-3.0.0-build3,277,1,LIVE,SYNCHRONISED,AUTOMATIC,NORMAL,65,1950,1950,0,145,145,0.3,0.3,25.79926,42.03,1.028,1,0.0254,0,207.97,10.943,-0.01661,0.805,0.2448,7.987,2.5497,80.5,DEGRADED,F3,3,1,cooling_degradation,0.3,1,1,,,,,2,0
2026-08-20T07:22:46.596Z,1787210566596,FAN_DT_001_F3_S03_R01_20260820T071935,1,190.654,FAULT_ACTIVE,F3,0.3,FAN_DT_001,3.0,process-model-3.0.0-build3,278,1,LIVE,SYNCHRONISED,AUTOMATIC,NORMAL,65,1950,1950,0,145,145,0.3,0.3,25.79826,42.04,1.028,1,0.0254,0,207.97,11.0027,-0.01638,0.805,0.2448,7.877,2.5636,80.5,DEGRADED,F3,3,1,cooling_degradation,0.3,1,1,,,,,2,0
2026-08-20T07:22:47.608Z,1787210567608,FAN_DT_001_F3_S03_R01_20260820T071935,1,191.667,FAULT_ACTIVE,F3,0.3,FAN_DT_001,3.0,process-model-3.0.0-build3,279,1,LIVE,SYNCHRONISED,AUTOMATIC,NORMAL,65,1950,1950,0,145,145,0.3,0.3,25.79684,42.06,1.028,1,0.0254,0,207.97,11.0621,-0.01615,0.805,0.2448,7.767,2.5775,80.5,DEGRADED,F3,3,1,cooling_degradation,0.3,1,1,,,,,2,0
2026-08-20T07:22:48.635Z,1787210568635,FAN_DT_001_F3_S03_R01_20260820T071935,1,192.692,FAULT_ACTIVE,F3,0.3,FAN_DT_001,3.0,process-model-3.0.0-build3,280,1,LIVE,SYNCHRONISED,AUTOMATIC,NORMAL,65,1950,1950,0,145,145,0.3,0.3,25.79501,42.08,1.028,1,0.0254,0,207.97,11.1218,-0.01593,0.805,0.2448,7.66,2.5914,80.5,DEGRADED,F3,3,1,cooling_degradation,0.3,1,1,,,,,2,0
2026-08-20T07:22:49.671Z,1787210569671,FAN_DT_001_F3_S03_R01_20260820T071935,1,193.731,FAULT_ACTIVE,F3,0.3,FAN_DT_001,3.0,process-model-3.0.0-build3,281,1,LIVE,SYNCHRONISED,AUTOMATIC,NORMAL,65,1950,1950,0,145,145,0.3,0.3,25.79276,42.09,1.028,1,0.0254,0,207.97,11.1813,-0.01569,0.805,0.2448,7.545,2.6052,80.5,DEGRADED,F3,3,1,cooling_degradation,0.3,1,1,,,,,2,0
2026-08-20T07:22:50.704Z,1787210570704,FAN_DT_001_F3_S03_R01_20260820T071935,1,194.761,FAULT_ACTIVE,F3,0.3,FAN_DT_001,3.0,process-model-3.0.0-build3,282,1,LIVE,SYNCHRONISED,AUTOMATIC,NORMAL,65,1950,1950,0,145,145,0.3,0.3,25.79008,42.11,1.028,1,0.0254,0,207.97,11.2409,-0.01544,0.805,0.2448,7.424,2.6191,80.5,DEGRADED,F3,3,1,cooling_degradation,0.3,1,1,,,,,2,0
2026-08-20T07:22:51.735Z,1787210571735,FAN_DT_001_F3_S03_R01_20260820T071935,1,195.792,FAULT_ACTIVE,F3,0.3,FAN_DT_001,3.0,process-model-3.0.0-build3,283,1,LIVE,SYNCHRONISED,AUTOMATIC,NORMAL,65,1950,1950,0,145,145,0.3,0.3,25.78699,42.12,1.028,1,0.0254,0,207.97,11.3006,-0.0152,0.805,0.2448,7.308,2.633,80.5,DEGRADED,F3,3,1,cooling_degradation,0.3,1,1,,,,,2,0
2026-08-20T07:22:52.766Z,1787210572766,FAN_DT_001_F3_S03_R01_20260820T071935,1,196.822,FAULT_ACTIVE,F3,0.3,FAN_DT_001,3.0,process-model-3.0.0-build3,284,1,LIVE,SYNCHRONISED,AUTOMATIC,NORMAL,65,1950,1950,0,145,145,0.3,0.3,25.78352,42.14,1.028,1,0.0254,0,207.97,11.3597,-0.01496,0.805,0.2448,7.193,2.6468,80.5,DEGRADED,F3,3,1,cooling_degradation,0.3,1,1,,,,,2,0
2026-08-20T07:22:53.809Z,1787210573809,FAN_DT_001_F3_S03_R01_20260820T071935,1,197.866,FAULT_ACTIVE,F3,0.3,FAN_DT_001,3.0,process-model-3.0.0-build3,285,1,LIVE,SYNCHRONISED,AUTOMATIC,NORMAL,65,1950,1950,0,145,145,0.3,0.3,25.7796,42.16,1.028,1,0.0254,0,207.97,11.4194,-0.01471,0.805,0.2448,7.075,2.6607,80.5,DEGRADED,F3,3,1,cooling_degradation,0.3,1,1,,,,,2,0
2026-08-20T07:22:54.834Z,1787210574834,FAN_DT_001_F3_S03_R01_20260820T071935,1,198.89,FAULT_ACTIVE,F3,0.3,FAN_DT_001,3.0,process-model-3.0.0-build3,286,1,LIVE,SYNCHRONISED,AUTOMATIC,NORMAL,65,1950,1950,0,145,145,0.3,0.3,25.77529,42.17,1.028,1,0.0254,0,207.97,11.4789,-0.01448,0.805,0.2448,6.962,2.6746,80.5,DEGRADED,F3,3,1,cooling_degradation,0.3,1,1,,,,,2,0
2026-08-20T07:22:55.891Z,1787210575891,FAN_DT_001_F3_S03_R01_20260820T071935,1,199.95,FAULT_ACTIVE,F3,0.3,FAN_DT_001,3.0,process-model-3.0.0-build3,287,1,LIVE,SYNCHRONISED,AUTOMATIC,NORMAL,65,1950,1950,0,145,145,0.3,0.3,25.77057,42.19,1.028,1,0.0254,0,207.97,11.5384,-0.01423,0.805,0.2448,6.842,2.6885,80.5,DEGRADED,F3,3,1,cooling_degradation,0.3,1,1,,,,,2,0
2026-08-20T07:22:56.894Z,1787210576894,FAN_DT_001_F3_S03_R01_20260820T071935,1,200.951,FAULT_ACTIVE,F3,0.3,FAN_DT_001,3.0,process-model-3.0.0-build3,288,1,LIVE,SYNCHRONISED,AUTOMATIC,NORMAL,65,1950,1950,0,145,145,0.3,0.3,25.76543,42.2,1.028,1,0.0254,0,207.97,11.5982,-0.01397,0.805,0.2448,6.716,2.7024,80.5,DEGRADED,F3,3,1,cooling_degradation,0.3,1,1,,,,,2,0
2026-08-20T07:22:57.930Z,1787210577930,FAN_DT_001_F3_S03_R01_20260820T071935,1,201.987,FAULT_ACTIVE,F3,0.3,FAN_DT_001,3.0,process-model-3.0.0-build3,289,1,LIVE,SYNCHRONISED,AUTOMATIC,NORMAL,65,1950,1950,0,145,145,0.3,0.3,25.75991,42.21,1.028,1,0.0254,0,207.97,11.6576,-0.01373,0.805,0.2448,6.601,2.7162,80.5,DEGRADED,F3,3,1,cooling_degradation,0.3,1,1,,,,,2,0
2026-08-20T07:22:58.962Z,1787210578962,FAN_DT_001_F3_S03_R01_20260820T071935,1,203.022,FAULT_ACTIVE,F3,0.3,FAN_DT_001,3.0,process-model-3.0.0-build3,290,1,LIVE,SYNCHRONISED,AUTOMATIC,NORMAL,65,1950,1950,0,145,145,0.3,0.3,25.75397,42.23,1.028,1,0.0254,0,207.97,11.7172,-0.01347,0.805,0.2448,6.478,2.7301,80.5,DEGRADED,F3,3,1,cooling_degradation,0.3,1,1,,,,,2,0
2026-08-20T07:22:59.993Z,1787210579993,FAN_DT_001_F3_S03_R01_20260820T071935,1,204.049,FAULT_ACTIVE,F3,0.3,FAN_DT_001,3.0,process-model-3.0.0-build3,291,1,LIVE,SYNCHRONISED,AUTOMATIC,NORMAL,65,1950,1950,0,145,145,0.3,0.3,25.74764,42.24,1.028,1,0.0254,0,207.97,11.7769,-0.01322,0.805,0.2448,6.356,2.744,80.5,DEGRADED,F3,3,1,cooling_degradation,0.3,1,1,,,,,2,0
2026-08-20T07:23:01.032Z,1787210581032,FAN_DT_001_F3_S03_R01_20260820T071935,1,205.089,FAULT_ACTIVE,F3,0.3,FAN_DT_001,3.0,process-model-3.0.0-build3,292,1,LIVE,SYNCHRONISED,AUTOMATIC,NORMAL,65,1950,1950,0,145,145,0.3,0.3,25.74093,42.26,1.028,1,0.0254,0,207.97,11.8364,-0.01297,0.805,0.2448,6.237,2.7579,80.5,DEGRADED,F3,3,1,cooling_degradation,0.3,1,1,,,,,2,0
2026-08-20T07:23:02.059Z,1787210582059,FAN_DT_001_F3_S03_R01_20260820T071935,1,206.116,FAULT_ACTIVE,F3,0.3,FAN_DT_001,3.0,process-model-3.0.0-build3,293,1,LIVE,SYNCHRONISED,AUTOMATIC,NORMAL,65,1950,1950,0,145,145,0.3,0.3,25.73381,42.27,1.028,1,0.0254,0,207.97,11.896,-0.01269,0.805,0.2448,6.1,2.7718,80.5,DEGRADED,F3,3,1,cooling_degradation,0.3,1,1,,,,,2,0
2026-08-20T07:23:03.095Z,1787210583095,FAN_DT_001_F3_S03_R01_20260820T071935,1,207.151,FAULT_ACTIVE,F3,0.3,FAN_DT_001,3.0,process-model-3.0.0-build3,294,1,LIVE,SYNCHRONISED,AUTOMATIC,NORMAL,65,1950,1950,0,145,145,0.3,0.3,25.72633,42.28,1.028,1,0.0254,0,207.97,11.9555,-0.01243,0.805,0.2448,5.975,2.7856,80.5,DEGRADED,F3,3,1,cooling_degradation,0.3,1,1,,,,,2,0
2026-08-20T07:23:04.128Z,1787210584128,FAN_DT_001_F3_S03_R01_20260820T071935,1,208.187,FAULT_ACTIVE,F3,0.3,FAN_DT_001,3.0,process-model-3.0.0-build3,295,1,LIVE,SYNCHRONISED,AUTOMATIC,NORMAL,65,1950,1950,0,145,145,0.3,0.3,25.71847,42.29,1.028,1,0.0254,0,207.97,12.015,-0.01217,0.805,0.2448,5.85,2.7995,80.5,DEGRADED,F3,3,1,cooling_degradation,0.3,1,1,,,,,2,0
2026-08-20T07:23:05.155Z,1787210585155,FAN_DT_001_F3_S03_R01_20260820T071935,1,209.211,FAULT_ACTIVE,F3,0.3,FAN_DT_001,3.0,process-model-3.0.0-build3,296,1,LIVE,SYNCHRONISED,AUTOMATIC,NORMAL,65,1950,1950,0,145,145,0.3,0.3,25.71021,42.31,1.028,1,0.0254,0,207.97,12.0746,-0.0119,0.805,0.2448,5.723,2.8134,80.5,DEGRADED,F3,3,1,cooling_degradation,0.3,1,1,,,,,2,0
2026-08-20T07:23:06.191Z,1787210586191,FAN_DT_001_F3_S03_R01_20260820T071935,1,210.248,FAULT_ACTIVE,F3,0.3,FAN_DT_001,3.0,process-model-3.0.0-build3,297,1,LIVE,SYNCHRONISED,AUTOMATIC,NORMAL,65,1950,1950,0,145,145,0.3,0.3,25.70162,42.32,1.028,1,0.0254,0,207.97,12.1339,-0.01165,0.805,0.2448,5.6,2.8272,80.5,DEGRADED,F3,3,1,cooling_degradation,0.3,1,1,,,,,2,0
2026-08-20T07:23:07.224Z,1787210587224,FAN_DT_001_F3_S03_R01_20260820T071935,1,211.281,FAULT_ACTIVE,F3,0.3,FAN_DT_001,3.0,process-model-3.0.0-build3,298,1,LIVE,SYNCHRONISED,AUTOMATIC,NORMAL,65,1950,1950,0,145,145,0.3,0.3,25.69259,42.33,1.028,1,0.0254,0,207.97,12.1938,-0.01138,0.805,0.2448,5.474,2.8412,80.5,DEGRADED,F3,3,1,cooling_degradation,0.3,1,1,,,,,2,0
2026-08-20T07:23:08.277Z,1787210588277,FAN_DT_001_F3_S03_R01_20260820T071935,1,212.334,FAULT_ACTIVE,F3,0.3,FAN_DT_001,3.0,process-model-3.0.0-build3,299,1,LIVE,SYNCHRONISED,AUTOMATIC,NORMAL,65,1950,1950,0,145,145,0.3,0.3,25.68324,42.34,1.028,1,0.0254,0,207.97,12.2533,-0.01112,0.805,0.2448,5.348,2.855,80.5,DEGRADED,F3,3,1,cooling_degradation,0.3,1,1,,,,,2,0
2026-08-20T07:23:09.291Z,1787210589291,FAN_DT_001_F3_S03_R01_20260820T071935,1,213.347,FAULT_ACTIVE,F3,0.3,FAN_DT_001,3.0,process-model-3.0.0-build3,300,1,LIVE,SYNCHRONISED,AUTOMATIC,NORMAL,65,1950,1950,0,145,145,0.3,0.3,25.67354,42.35,1.028,1,0.0254,0,207.97,12.3128,-0.01086,0.805,0.2448,5.221,2.8689,80.5,DEGRADED,F3,3,1,cooling_degradation,0.3,1,1,,,,,2,0
2026-08-20T07:23:10.321Z,1787210590321,FAN_DT_001_F3_S03_R01_20260820T071935,1,214.377,FAULT_ACTIVE,F3,0.3,FAN_DT_001,3.0,process-model-3.0.0-build3,301,1,LIVE,SYNCHRONISED,AUTOMATIC,NORMAL,65,1950,1950,0,145,145,0.3,0.3,25.66345,42.36,1.028,1,0.0254,0,207.97,12.3725,-0.01057,0.805,0.2448,5.081,2.8828,80.5,DEGRADED,F3,3,1,cooling_degradation,0.3,1,1,,,,,2,0
2026-08-20T07:23:11.353Z,1787210591353,FAN_DT_001_F3_S03_R01_20260820T071935,1,215.411,FAULT_ACTIVE,F3,0.3,FAN_DT_001,3.0,process-model-3.0.0-build3,302,1,LIVE,SYNCHRONISED,AUTOMATIC,NORMAL,65,1950,1950,0,145,145,0.3,0.3,25.65303,42.38,1.028,1,0.0254,0,207.97,12.4321,-0.01032,0.805,0.2448,4.961,2.8967,80.5,DEGRADED,F3,3,1,cooling_degradation,0.3,1,1,,,,,2,0
2026-08-20T07:23:12.392Z,1787210592392,FAN_DT_001_F3_S03_R01_20260820T071935,1,216.449,FAULT_ACTIVE,F3,0.3,FAN_DT_001,3.0,process-model-3.0.0-build3,303,1,LIVE,SYNCHRONISED,AUTOMATIC,NORMAL,65,1950,1950,0,145,145,0.3,0.3,25.64228,42.39,1.028,1,0.0254,0,207.97,12.4916,-0.01003,0.805,0.2448,4.824,2.9105,80.5,DEGRADED,F3,3,1,cooling_degradation,0.3,1,1,,,,,2,0
2026-08-20T07:23:13.422Z,1787210593422,FAN_DT_001_F3_S03_R01_20260820T071935,1,217.478,FAULT_ACTIVE,F3,0.3,FAN_DT_001,3.0,process-model-3.0.0-build3,304,1,LIVE,SYNCHRONISED,AUTOMATIC,NORMAL,65,1950,1950,0,145,145,0.3,0.3,25.63116,42.4,1.028,1,0.0254,0,207.97,12.5513,-0.00978,0.805,0.2448,4.702,2.9245,80.5,DEGRADED,F3,3,1,cooling_degradation,0.3,1,1,,,,,2,0
2026-08-20T07:23:14.456Z,1787210594456,FAN_DT_001_F3_S03_R01_20260820T071935,1,218.512,FAULT_ACTIVE,F3,0.3,FAN_DT_001,3.0,process-model-3.0.0-build3,305,1,LIVE,SYNCHRONISED,AUTOMATIC,NORMAL,65,1950,1950,0,145,145,0.3,0.3,25.61974,42.41,1.028,1,0.0254,0,207.97,12.6108,-0.00951,0.805,0.2448,4.572,2.9383,80.5,DEGRADED,F3,3,1,cooling_degradation,0.3,1,1,,,,,2,0
2026-08-20T07:23:15.490Z,1787210595490,FAN_DT_001_F3_S03_R01_20260820T071935,1,219.547,FAULT_ACTIVE,F3,0.3,FAN_DT_001,3.0,process-model-3.0.0-build3,306,1,LIVE,SYNCHRONISED,AUTOMATIC,NORMAL,65,1950,1950,0,145,145,0.3,0.3,25.60795,42.42,1.028,1,0.0254,0,207.97,12.6705,-0.00923,0.805,0.2448,4.44,2.9522,80.5,DEGRADED,F3,3,1,cooling_degradation,0.3,1,1,,,,,2,0
2026-08-20T07:23:16.521Z,1787210596521,FAN_DT_001_F3_S03_R01_20260820T071935,1,220.577,FAULT_ACTIVE,F3,0.3,FAN_DT_001,3.0,process-model-3.0.0-build3,307,1,LIVE,SYNCHRONISED,AUTOMATIC,NORMAL,65,1950,1950,0,145,145,0.3,0.3,25.59589,42.42,1.028,1,0.0254,0,207.97,12.73,-0.00896,0.805,0.2448,4.308,2.9661,80.5,DEGRADED,F3,3,1,cooling_degradation,0.3,1,1,,,,,2,0
2026-08-20T07:23:17.557Z,1787210597557,FAN_DT_001_F3_S03_R01_20260820T071935,1,221.613,FAULT_ACTIVE,F3,0.3,FAN_DT_001,3.0,process-model-3.0.0-build3,308,1,LIVE,SYNCHRONISED,AUTOMATIC,NORMAL,65,1950,1950,0,145,145,0.3,0.3,25.5835,42.43,1.028,1,0.0254,0,207.97,12.7897,-0.00869,0.805,0.2448,4.178,2.98,80.5,DEGRADED,F3,3,1,cooling_degradation,0.3,1,1,,,,,2,0
2026-08-20T07:23:18.647Z,1787210598647,FAN_DT_001_F3_S03_R01_20260820T071935,1,222.705,FAULT_ACTIVE,F3,0.3,FAN_DT_001,3.0,process-model-3.0.0-build3,309,1,LIVE,SYNCHRONISED,AUTOMATIC,NORMAL,65,1950,1950,0,145,145,0.3,0.3,25.57078,42.44,1.028,1,0.0254,0,207.97,12.8493,-0.0084,0.805,0.2448,4.038,2.9939,80.5,DEGRADED,F3,3,1,cooling_degradation,0.3,1,1,,,,,2,0
2026-08-20T07:23:19.622Z,1787210599622,FAN_DT_001_F3_S03_R01_20260820T071935,1,223.678,FAULT_ACTIVE,F3,0.3,FAN_DT_001,3.0,process-model-3.0.0-build3,310,1,LIVE,SYNCHRONISED,AUTOMATIC,NORMAL,65,1950,1950,0,145,145,0.3,0.3,25.55783,42.45,1.028,1,0.0254,0,207.97,12.9087,-0.00812,0.805,0.2448,3.906,3.0077,80.5,DEGRADED,F3,3,1,cooling_degradation,0.3,1,1,,,,,2,0
2026-08-20T07:23:20.655Z,1787210600655,FAN_DT_001_F3_S03_R01_20260820T071935,1,224.712,FAULT_ACTIVE,F3,0.3,FAN_DT_001,3.0,process-model-3.0.0-build3,311,1,LIVE,SYNCHRONISED,AUTOMATIC,NORMAL,65,1950,1950,0,145,145,0.3,0.3,25.54448,42.46,1.028,1,0.0254,0,207.97,12.9686,-0.00784,0.805,0.2448,3.77,3.0217,80.5,DEGRADED,F3,3,1,cooling_degradation,0.3,1,1,,,,,2,0
2026-08-20T07:23:21.694Z,1787210601694,FAN_DT_001_F3_S03_R01_20260820T071935,1,225.754,FAULT_ACTIVE,F3,0.3,FAN_DT_001,3.0,process-model-3.0.0-build3,312,1,LIVE,SYNCHRONISED,AUTOMATIC,NORMAL,65,1950,1950,0,145,145,0.3,0.3,25.53091,42.47,1.028,1,0.0254,0,207.97,13.0281,-0.00757,0.805,0.2448,3.641,3.0356,80.5,DEGRADED,F3,3,1,cooling_degradation,0.3,1,1,,,,,2,0
2026-08-20T07:23:22.724Z,1787210602724,FAN_DT_001_F3_S03_R01_20260820T071935,1,226.78,FAULT_ACTIVE,F3,0.3,FAN_DT_001,3.0,process-model-3.0.0-build3,313,1,LIVE,SYNCHRONISED,AUTOMATIC,NORMAL,65,1950,1950,0,145,145,0.3,0.3,25.51703,42.48,1.028,1,0.0254,0,207.97,13.0878,-0.0073,0.805,0.2448,3.508,3.0495,80.5,DEGRADED,F3,3,1,cooling_degradation,0.3,1,1,,,,,2,0
2026-08-20T07:23:23.754Z,1787210603754,FAN_DT_001_F3_S03_R01_20260820T071935,1,227.817,FAULT_ACTIVE,F3,0.3,FAN_DT_001,3.0,process-model-3.0.0-build3,314,1,LIVE,SYNCHRONISED,AUTOMATIC,NORMAL,65,1950,1950,0,145,145,0.3,0.3,25.50299,42.48,1.028,1,0.0254,0,207.97,13.147,-0.00702,0.805,0.2448,3.377,3.0633,80.5,DEGRADED,F3,3,1,cooling_degradation,0.3,1,1,,,,,2,0
2026-08-20T07:23:24.781Z,1787210604781,FAN_DT_001_F3_S03_R01_20260820T071935,1,228.838,FAULT_ACTIVE,F3,0.3,FAN_DT_001,3.0,process-model-3.0.0-build3,315,1,LIVE,SYNCHRONISED,AUTOMATIC,NORMAL,65,1950,1950,0,145,145,0.3,0.3,25.48868,42.49,1.028,1,0.0254,0,207.97,13.2063,-0.00677,0.805,0.2448,3.256,3.0771,80.5,DEGRADED,F3,3,1,cooling_degradation,0.3,1,1,,,,,2,0
2026-08-20T07:23:25.854Z,1787210605854,FAN_DT_001_F3_S03_R01_20260820T071935,1,229.913,FAULT_ACTIVE,F3,0.3,FAN_DT_001,3.0,process-model-3.0.0-build3,316,1,LIVE,SYNCHRONISED,AUTOMATIC,NORMAL,65,1950,1950,0,145,145,0.3,0.3,25.47396,42.5,1.028,1,0.0254,0,207.97,13.2662,-0.00648,0.805,0.2448,3.115,3.091,80.5,DEGRADED,F3,3,1,cooling_degradation,0.3,1,1,,,,,2,0
2026-08-20T07:23:26.848Z,1787210606848,FAN_DT_001_F3_S03_R01_20260820T071935,1,230.904,FAULT_ACTIVE,F3,0.3,FAN_DT_001,3.0,process-model-3.0.0-build3,317,1,LIVE,SYNCHRONISED,AUTOMATIC,NORMAL,65,1950,1950,0,145,145,0.3,0.3,25.45912,42.5,1.028,1,0.0254,0,207.97,13.3255,-0.00621,0.805,0.2448,2.988,3.1048,80.5,DEGRADED,F3,3,1,cooling_degradation,0.3,1,1,,,,,2,0
2026-08-20T07:23:27.880Z,1787210607880,FAN_DT_001_F3_S03_R01_20260820T071935,1,231.937,FAULT_ACTIVE,F3,0.3,FAN_DT_001,3.0,process-model-3.0.0-build3,318,1,LIVE,SYNCHRONISED,AUTOMATIC,NORMAL,65,1950,1950,0,145,145,0.3,0.3,25.44395,42.51,1.028,1,0.0254,0,207.97,13.3852,-0.00593,0.805,0.2448,2.853,3.1188,80.5,DEGRADED,F3,3,1,cooling_degradation,0.3,1,1,,,,,2,0
2026-08-20T07:23:28.912Z,1787210608912,FAN_DT_001_F3_S03_R01_20260820T071935,1,232.968,FAULT_ACTIVE,F3,0.3,FAN_DT_001,3.0,process-model-3.0.0-build3,319,1,LIVE,SYNCHRONISED,AUTOMATIC,NORMAL,65,1950,1950,0,145,145,0.3,0.3,25.4286,42.52,1.028,1,0.0254,0,207.97,13.4448,-0.00566,0.805,0.2448,2.724,3.1326,80.5,DEGRADED,F3,3,1,cooling_degradation,0.3,1,1,,,,,2,0
2026-08-20T07:23:29.948Z,1787210609948,FAN_DT_001_F3_S03_R01_20260820T071935,1,234.005,FAULT_ACTIVE,F3,0.3,FAN_DT_001,3.0,process-model-3.0.0-build3,320,1,LIVE,SYNCHRONISED,AUTOMATIC,NORMAL,65,1950,1950,0,145,145,0.3,0.3,25.41303,42.52,1.028,1,0.0254,0,207.97,13.5043,-0.00539,0.805,0.2448,2.594,3.1465,80.5,DEGRADED,F3,3,1,cooling_degradation,0.3,1,1,,,,,2,0
2026-08-20T07:23:30.990Z,1787210610990,FAN_DT_001_F3_S03_R01_20260820T071935,1,235.051,FAULT_ACTIVE,F3,0.3,FAN_DT_001,3.0,process-model-3.0.0-build3,321,1,LIVE,SYNCHRONISED,AUTOMATIC,NORMAL,65,1950,1950,0,145,145,0.3,0.3,25.39718,42.53,1.028,1,0.0254,0,207.97,13.564,-0.00512,0.805,0.2448,2.46,3.1604,80.5,DEGRADED,F3,3,1,cooling_degradation,0.3,1,1,,,,,2,0
2026-08-20T07:23:32.013Z,1787210612013,FAN_DT_001_F3_S03_R01_20260820T071935,1,236.069,FAULT_ACTIVE,F3,0.3,FAN_DT_001,3.0,process-model-3.0.0-build3,322,1,LIVE,SYNCHRONISED,AUTOMATIC,NORMAL,65,1950,1950,0,145,145,0.3,0.3,25.38118,42.53,1.028,1,0.0254,0,207.97,13.6235,-0.00485,0.805,0.2448,2.335,3.1743,80.5,DEGRADED,F3,3,1,cooling_degradation,0.3,1,1,,,,,2,0
2026-08-20T07:23:33.057Z,1787210613057,FAN_DT_001_F3_S03_R01_20260820T071935,1,237.113,FAULT_ACTIVE,F3,0.3,FAN_DT_001,3.0,process-model-3.0.0-build3,323,1,LIVE,SYNCHRONISED,AUTOMATIC,NORMAL,65,1950,1950,0,145,145,0.3,0.3,25.36489,42.54,1.028,1,0.0254,0,207.97,13.6833,-0.0046,0.805,0.2448,2.213,3.1882,80.5,DEGRADED,F3,3,1,cooling_degradation,0.3,1,1,,,,,2,0
2026-08-20T07:23:34.079Z,1787210614079,FAN_DT_001_F3_S03_R01_20260820T071935,1,238.136,FAULT_ACTIVE,F3,0.3,FAN_DT_001,3.0,process-model-3.0.0-build3,324,1,LIVE,SYNCHRONISED,AUTOMATIC,NORMAL,65,1950,1950,0,145,145,0.3,0.3,25.34848,42.54,1.028,1,0.0254,0,207.97,13.7429,-0.00434,0.805,0.2448,2.084,3.2021,80.5,DEGRADED,F3,3,1,cooling_degradation,0.3,1,1,,,,,2,0
2026-08-20T07:23:35.113Z,1787210615113,FAN_DT_001_F3_S03_R01_20260820T071935,1,239.169,FAULT_ACTIVE,F3,0.3,FAN_DT_001,3.0,process-model-3.0.0-build3,325,1,LIVE,SYNCHRONISED,AUTOMATIC,NORMAL,65,1950,1950,0,145,145,0.3,0.3,25.33195,42.54,1.028,1,0.0254,0,207.97,13.8023,-0.00405,0.805,0.2448,1.949,3.2159,80.5,DEGRADED,F3,3,1,cooling_degradation,0.3,1,1,,,,,2,0
2026-08-20T07:23:36.145Z,1787210616145,FAN_DT_001_F3_S03_R01_20260820T071935,1,240.204,FAULT_ACTIVE,F3,0.3,FAN_DT_001,3.0,process-model-3.0.0-build3,326,1,LIVE,SYNCHRONISED,AUTOMATIC,NORMAL,65,1950,1950,0,145,145,0.3,0.3,25.31517,42.55,1.028,1,0.0254,0,207.97,13.8619,-0.00378,0.805,0.2448,1.82,3.2298,80.5,DEGRADED,F3,3,1,cooling_degradation,0.3,1,1,,,,,2,0
2026-08-20T07:23:37.184Z,1787210617184,FAN_DT_001_F3_S03_R01_20260820T071935,1,241.241,FAULT_ACTIVE,F3,0.3,FAN_DT_001,3.0,process-model-3.0.0-build3,327,1,LIVE,SYNCHRONISED,AUTOMATIC,NORMAL,65,1950,1950,0,145,145,0.3,0.3,25.29829,42.55,1.028,1,0.0254,0,207.97,13.9213,-0.00353,0.805,0.2448,1.695,3.2437,80.5,DEGRADED,F3,3,1,cooling_degradation,0.3,1,1,,,,,2,0
2026-08-20T07:23:38.205Z,1787210618205,FAN_DT_001_F3_S03_R01_20260820T071935,1,242.263,FAULT_ACTIVE,F3,0.3,FAN_DT_001,3.0,process-model-3.0.0-build3,328,1,LIVE,SYNCHRONISED,AUTOMATIC,NORMAL,65,1950,1950,0,145,145,0.3,0.3,25.28122,42.56,1.028,1,0.0254,0,207.97,13.9808,-0.00325,0.805,0.2448,1.564,3.2575,80.5,DEGRADED,F3,3,1,cooling_degradation,0.3,1,1,,,,,2,0
2026-08-20T07:23:39.236Z,1787210619236,FAN_DT_001_F3_S03_R01_20260820T071935,1,243.293,FAULT_ACTIVE,F3,0.3,FAN_DT_001,3.0,process-model-3.0.0-build3,329,1,LIVE,SYNCHRONISED,AUTOMATIC,NORMAL,65,1950,1950,0,145,145,0.3,0.3,25.26401,42.56,1.028,1,0.0254,0,207.97,14.0403,-0.003,0.805,0.2448,1.442,3.2714,80.5,DEGRADED,F3,3,1,cooling_degradation,0.3,1,1,,,,,2,0
2026-08-20T07:23:40.294Z,1787210620294,FAN_DT_001_F3_S03_R01_20260820T071935,1,244.351,FAULT_ACTIVE,F3,0.3,FAN_DT_001,3.0,process-model-3.0.0-build3,330,1,LIVE,SYNCHRONISED,AUTOMATIC,NORMAL,65,1950,1950,0,145,145,0.3,0.3,25.24667,42.56,1.028,1,0.0254,0,207.97,14.0997,-0.00276,0.805,0.2448,1.325,3.2852,80.5,DEGRADED,F3,3,1,cooling_degradation,0.3,1,1,,,,,2,0
2026-08-20T07:23:41.302Z,1787210621302,FAN_DT_001_F3_S03_R01_20260820T071935,1,245.358,FAULT_ACTIVE,F3,0.3,FAN_DT_001,3.0,process-model-3.0.0-build3,331,1,LIVE,SYNCHRONISED,AUTOMATIC,NORMAL,65,1950,1950,0,145,145,0.3,0.3,25.22912,42.57,1.028,1,0.0254,0,207.97,14.1594,-0.00248,0.805,0.2448,1.194,3.2992,80.5,DEGRADED,F3,3,1,cooling_degradation,0.3,1,1,,,,,2,0
2026-08-20T07:23:42.339Z,1787210622339,FAN_DT_001_F3_S03_R01_20260820T071935,1,246.396,FAULT_ACTIVE,F3,0.3,FAN_DT_001,3.0,process-model-3.0.0-build3,332,1,LIVE,SYNCHRONISED,AUTOMATIC,NORMAL,65,1950,1950,0,145,145,0.3,0.3,25.2115,42.57,1.028,1,0.0254,0,207.97,14.219,-0.00224,0.805,0.2448,1.075,3.313,80.5,DEGRADED,F3,3,1,cooling_degradation,0.3,1,1,,,,,2,0
2026-08-20T07:23:43.372Z,1787210623372,FAN_DT_001_F3_S03_R01_20260820T071935,1,247.429,FAULT_ACTIVE,F3,0.3,FAN_DT_001,3.0,process-model-3.0.0-build3,333,1,LIVE,SYNCHRONISED,AUTOMATIC,NORMAL,65,1950,1950,0,145,145,0.3,0.3,25.19368,42.57,1.028,1,0.0254,0,207.97,14.2789,-0.00197,0.805,0.2448,0.946,3.327,80.5,DEGRADED,F3,3,1,cooling_degradation,0.3,1,1,,,,,2,0
2026-08-20T07:23:44.406Z,1787210624406,FAN_DT_001_F3_S03_R01_20260820T071935,1,248.463,FAULT_ACTIVE,F3,0.3,FAN_DT_001,3.0,process-model-3.0.0-build3,334,1,LIVE,SYNCHRONISED,AUTOMATIC,NORMAL,65,1950,1950,0,145,145,0.3,0.3,25.1759,42.57,1.028,1,0.0254,0,207.97,14.3383,-0.00172,0.805,0.2448,0.826,3.3408,80.5,DEGRADED,F3,3,1,cooling_degradation,0.3,1,1,,,,,2,0
2026-08-20T07:23:45.438Z,1787210625438,FAN_DT_001_F3_S03_R01_20260820T071935,1,249.497,FAULT_ACTIVE,F3,0.3,FAN_DT_001,3.0,process-model-3.0.0-build3,335,1,LIVE,SYNCHRONISED,AUTOMATIC,NORMAL,65,1950,1950,0,145,145,0.3,0.3,25.15792,42.57,1.028,1,0.0254,0,207.97,14.398,-0.00148,0.805,0.2448,0.713,3.3547,80.5,DEGRADED,F3,3,1,cooling_degradation,0.3,1,1,,,,,2,0
2026-08-20T07:23:46.472Z,1787210626472,FAN_DT_001_F3_S03_R01_20260820T071935,1,250.529,FAULT_ACTIVE,F3,0.3,FAN_DT_001,3.0,process-model-3.0.0-build3,336,1,LIVE,SYNCHRONISED,AUTOMATIC,NORMAL,65,1950,1950,0,145,145,0.3,0.3,25.13995,42.57,1.028,1,0.0254,0,207.97,14.4574,-0.00124,0.805,0.2448,0.598,3.3686,80.5,DEGRADED,F3,3,1,cooling_degradation,0.3,1,1,,,,,2,0
2026-08-20T07:23:47.504Z,1787210627504,FAN_DT_001_F3_S03_R01_20260820T071935,1,251.561,FAULT_ACTIVE,F3,0.3,FAN_DT_001,3.0,process-model-3.0.0-build3,337,1,LIVE,SYNCHRONISED,AUTOMATIC,NORMAL,65,1950,1950,0,145,145,0.3,0.3,25.12182,42.58,1.028,1,0.0254,0,207.97,14.5172,-0.001,0.805,0.2448,0.48,3.3825,80.5,DEGRADED,F3,3,1,cooling_degradation,0.3,1,1,,,,,2,0
2026-08-20T07:23:48.537Z,1787210628537,FAN_DT_001_F3_S03_R01_20260820T071935,1,252.594,FAULT_ACTIVE,F3,0.3,FAN_DT_001,3.0,process-model-3.0.0-build3,338,1,LIVE,SYNCHRONISED,AUTOMATIC,NORMAL,65,1950,1950,0,145,145,0.3,0.3,25.10367,42.58,1.028,1,0.0254,0,207.97,14.5767,-0.00075,0.805,0.2448,0.361,3.3964,80.5,DEGRADED,F3,3,1,cooling_degradation,0.3,1,1,,,,,2,0
2026-08-20T07:23:49.598Z,1787210629598,FAN_DT_001_F3_S03_R01_20260820T071935,1,253.655,FAULT_ACTIVE,F3,0.3,FAN_DT_001,3.0,process-model-3.0.0-build3,339,1,LIVE,SYNCHRONISED,AUTOMATIC,NORMAL,65,1950,1950,0,145,145,0.3,0.3,25.08549,42.58,1.028,1,0.0254,0,207.97,14.6362,-0.00052,0.805,0.2448,0.248,3.4102,80.5,DEGRADED,F3,3,1,cooling_degradation,0.3,1,1,,,,,2,0
2026-08-20T07:23:50.601Z,1787210630601,FAN_DT_001_F3_S03_R01_20260820T071935,1,254.659,FAULT_ACTIVE,F3,0.3,FAN_DT_001,3.0,process-model-3.0.0-build3,340,1,LIVE,SYNCHRONISED,AUTOMATIC,NORMAL,65,1950,1950,0,145,145,0.3,0.3,25.06721,42.58,1.028,1,0.0254,0,207.97,14.6959,-0.00026,0.805,0.2448,0.125,3.4241,80.5,DEGRADED,F3,3,1,cooling_degradation,0.3,1,1,,,,,2,0
2026-08-20T07:23:51.637Z,1787210631637,FAN_DT_001_F3_S03_R01_20260820T071935,1,255.694,FAULT_ACTIVE,F3,0.3,FAN_DT_001,3.0,process-model-3.0.0-build3,341,1,LIVE,SYNCHRONISED,AUTOMATIC,NORMAL,65,1950,1950,0,145,145,0.3,0.3,25.04895,42.58,1.028,1,0.0254,0,207.97,14.7554,-0.00003,0.805,0.2448,0.014,3.438,80.5,DEGRADED,F3,3,1,cooling_degradation,0.3,1,1,,,,,2,0
2026-08-20T07:23:52.671Z,1787210632671,FAN_DT_001_F3_S03_R01_20260820T071935,1,256.727,FAULT_ACTIVE,F3,0.3,FAN_DT_001,3.0,process-model-3.0.0-build3,342,1,LIVE,SYNCHRONISED,AUTOMATIC,NORMAL,65,1950,1950,0,145,145,0.3,0.3,25.03059,42.58,1.028,1,0.0254,0,207.97,14.8151,0.00021,0.805,0.2448,0.1,3.4519,80.5,DEGRADED,F3,3,1,cooling_degradation,0.3,1,1,,,,,2,0
2026-08-20T07:23:53.699Z,1787210633699,FAN_DT_001_F3_S03_R01_20260820T071935,1,257.756,FAULT_ACTIVE,F3,0.3,FAN_DT_001,3.0,process-model-3.0.0-build3,343,1,LIVE,SYNCHRONISED,AUTOMATIC,NORMAL,65,1950,1950,0,145,145,0.3,0.3,25.01237,42.58,1.028,1,0.0254,0,207.97,14.8743,0.00042,0.805,0.2448,0.202,3.4657,80.5,DEGRADED,F3,3,1,cooling_degradation,0.3,1,1,,,,,2,0
2026-08-20T07:23:54.728Z,1787210634728,FAN_DT_001_F3_S03_R01_20260820T071935,1,258.785,FAULT_ACTIVE,F3,0.3,FAN_DT_001,3.0,process-model-3.0.0-build3,344,1,LIVE,SYNCHRONISED,AUTOMATIC,NORMAL,65,1950,1950,0,145,145,0.3,0.3,24.99403,42.58,1.028,1,0.0254,0,207.97,14.934,0.00065,0.805,0.2448,0.313,3.4796,80.5,DEGRADED,F3,3,1,cooling_degradation,0.3,1,1,,,,,2,0
2026-08-20T07:23:55.763Z,1787210635763,FAN_DT_001_F3_S03_R01_20260820T071935,1,259.823,FAULT_ACTIVE,F3,0.3,FAN_DT_001,3.0,process-model-3.0.0-build3,345,1,LIVE,SYNCHRONISED,AUTOMATIC,NORMAL,65,1950,1950,0,145,145,0.3,0.3,24.97577,42.58,1.028,1,0.0254,0,207.97,14.9933,0.00087,0.805,0.2448,0.419,3.4934,80.5,DEGRADED,F3,3,1,cooling_degradation,0.3,1,1,,,,,2,0
2026-08-20T07:23:56.795Z,1787210636795,FAN_DT_001_F3_S03_R01_20260820T071935,1,260.851,FAULT_ACTIVE,F3,0.3,FAN_DT_001,3.0,process-model-3.0.0-build3,346,1,LIVE,SYNCHRONISED,AUTOMATIC,NORMAL,65,1950,1950,0,145,145,0.3,0.3,24.95735,42.57,1.028,1,0.0254,0,207.97,15.0532,0.00111,0.805,0.2448,0.532,3.5074,80.5,DEGRADED,F3,3,1,cooling_degradation,0.3,1,1,,,,,2,0
2026-08-20T07:23:57.858Z,1787210637858,FAN_DT_001_F3_S03_R01_20260820T071935,1,261.916,FAULT_ACTIVE,F3,0.3,FAN_DT_001,3.0,process-model-3.0.0-build3,347,1,LIVE,SYNCHRONISED,AUTOMATIC,NORMAL,65,1950,1950,0,145,145,0.3,0.3,24.93908,42.57,1.028,1,0.0254,0,207.97,15.1127,0.00132,0.805,0.2448,0.636,3.5213,80.5,DEGRADED,F3,3,1,cooling_degradation,0.3,1,1,,,,,2,0
2026-08-20T07:23:58.893Z,1787210638893,FAN_DT_001_F3_S03_R01_20260820T071935,1,262.95,FAULT_ACTIVE,F3,0.3,FAN_DT_001,3.0,process-model-3.0.0-build3,348,1,LIVE,SYNCHRONISED,AUTOMATIC,NORMAL,65,1950,1950,0,145,145,0.3,0.3,24.92079,42.57,1.028,1,0.0254,0,207.97,15.1724,0.00154,0.805,0.2448,0.74,3.5352,80.5,DEGRADED,F3,3,1,cooling_degradation,0.3,1,1,,,,,2,0
2026-08-20T07:23:59.897Z,1787210639897,FAN_DT_001_F3_S03_R01_20260820T071935,1,263.955,FAULT_ACTIVE,F3,0.3,FAN_DT_001,3.0,process-model-3.0.0-build3,349,1,LIVE,SYNCHRONISED,AUTOMATIC,NORMAL,65,1950,1950,0,145,145,0.3,0.3,24.90262,42.57,1.028,1,0.0254,0,207.97,15.2317,0.00173,0.805,0.2448,0.831,3.549,80.5,DEGRADED,F3,3,1,cooling_degradation,0.3,1,1,,,,,2,0
2026-08-20T07:24:00.930Z,1787210640930,FAN_DT_001_F3_S03_R01_20260820T071935,1,264.986,FAULT_ACTIVE,F3,0.3,FAN_DT_001,3.0,process-model-3.0.0-build3,350,1,LIVE,SYNCHRONISED,AUTOMATIC,NORMAL,65,1950,1950,0,145,145,0.3,0.3,24.88439,42.57,1.028,1,0.0254,0,207.97,15.2915,0.00195,0.805,0.2448,0.939,3.5629,80.5,DEGRADED,F3,3,1,cooling_degradation,0.3,1,1,,,,,2,0
2026-08-20T07:24:01.962Z,1787210641962,FAN_DT_001_F3_S03_R01_20260820T071935,1,266.018,FAULT_ACTIVE,F3,0.3,FAN_DT_001,3.0,process-model-3.0.0-build3,351,1,LIVE,SYNCHRONISED,AUTOMATIC,NORMAL,65,1950,1950,0,145,145,0.3,0.3,24.86634,42.57,1.028,1,0.0254,0,207.97,15.3509,0.00214,0.805,0.2448,1.03,3.5768,80.5,DEGRADED,F3,3,1,cooling_degradation,0.3,1,1,,,,,2,0
2026-08-20T07:24:02.992Z,1787210642992,FAN_DT_001_F3_S03_R01_20260820T071935,1,267.048,FAULT_ACTIVE,F3,0.3,FAN_DT_001,3.0,process-model-3.0.0-build3,352,1,LIVE,SYNCHRONISED,AUTOMATIC,NORMAL,65,1950,1950,0,145,145,0.3,0.3,24.84825,42.56,1.028,1,0.0254,0,207.97,15.4107,0.00235,0.805,0.2448,1.13,3.5907,80.5,DEGRADED,F3,3,1,cooling_degradation,0.3,1,1,,,,,2,0
2026-08-20T07:24:04.051Z,1787210644051,FAN_DT_001_F3_S03_R01_20260820T071935,1,268.108,FAULT_ACTIVE,F3,0.3,FAN_DT_001,3.0,process-model-3.0.0-build3,353,1,LIVE,SYNCHRONISED,AUTOMATIC,NORMAL,65,1950,1950,0,145,145,0.3,0.3,24.83035,42.56,1.028,1,0.0254,0,207.97,15.4701,0.00253,0.805,0.2448,1.218,3.6045,80.5,DEGRADED,F3,3,1,cooling_degradation,0.3,1,1,,,,,2,0
2026-08-20T07:24:05.058Z,1787210645058,FAN_DT_001_F3_S03_R01_20260820T071935,1,269.115,FAULT_ACTIVE,F3,0.3,FAN_DT_001,3.0,process-model-3.0.0-build3,354,1,LIVE,SYNCHRONISED,AUTOMATIC,NORMAL,65,1950,1950,0,145,145,0.3,0.3,24.81243,42.56,1.028,1,0.0254,0,207.97,15.5298,0.00272,0.805,0.2448,1.31,3.6184,80.5,DEGRADED,F3,3,1,cooling_degradation,0.3,1,1,,,,,2,0
2026-08-20T07:24:06.097Z,1787210646097,FAN_DT_001_F3_S03_R01_20260820T071935,1,270.154,FAULT_ACTIVE,F3,0.3,FAN_DT_001,3.0,process-model-3.0.0-build3,355,1,LIVE,SYNCHRONISED,AUTOMATIC,NORMAL,65,1950,1950,0,145,145,0.3,0.3,24.7947,42.56,1.028,1,0.0254,0,207.97,15.5892,0.00292,0.805,0.2448,1.404,3.6323,80.5,DEGRADED,F3,3,1,cooling_degradation,0.3,1,1,,,,,2,0
2026-08-20T07:24:07.123Z,1787210647123,FAN_DT_001_F3_S03_R01_20260820T071935,1,271.18,FAULT_ACTIVE,F3,0.3,FAN_DT_001,3.0,process-model-3.0.0-build3,356,1,LIVE,SYNCHRONISED,AUTOMATIC,NORMAL,65,1950,1950,0,145,145,0.3,0.3,24.77699,42.55,1.028,1,0.0254,0,207.97,15.6489,0.00312,0.805,0.2448,1.499,3.6462,80.5,DEGRADED,F3,3,1,cooling_degradation,0.3,1,1,,,,,2,0
2026-08-20T07:24:08.153Z,1787210648153,FAN_DT_001_F3_S03_R01_20260820T071935,1,272.209,FAULT_ACTIVE,F3,0.3,FAN_DT_001,3.0,process-model-3.0.0-build3,357,1,LIVE,SYNCHRONISED,AUTOMATIC,NORMAL,65,1950,1950,0,145,145,0.3,0.3,24.75948,42.55,1.028,1,0.0254,0,207.97,15.7084,0.0033,0.805,0.2448,1.584,3.6601,80.5,DEGRADED,F3,3,1,cooling_degradation,0.3,1,1,,,,,2,0
2026-08-20T07:24:09.177Z,1787210649177,FAN_DT_001_F3_S03_R01_20260820T071935,1,273.233,FAULT_ACTIVE,F3,0.3,FAN_DT_001,3.0,process-model-3.0.0-build3,358,1,LIVE,SYNCHRONISED,AUTOMATIC,NORMAL,65,1950,1950,0,145,145,0.3,0.3,24.74226,42.55,1.028,1,0.0254,0,207.97,15.7673,0.00348,0.805,0.2448,1.674,3.6738,80.5,DEGRADED,F3,3,1,cooling_degradation,0.3,1,1,,,,,2,0
2026-08-20T07:24:10.239Z,1787210650239,FAN_DT_001_F3_S03_R01_20260820T071935,1,274.295,FAULT_ACTIVE,F3,0.3,FAN_DT_001,3.0,process-model-3.0.0-build3,359,1,LIVE,SYNCHRONISED,AUTOMATIC,NORMAL,65,1950,1950,0,145,145,0.3,0.3,24.725,42.54,1.028,1,0.0254,0,207.97,15.8268,0.00364,0.805,0.2448,1.751,3.6876,80.5,DEGRADED,F3,3,1,cooling_degradation,0.3,1,1,,,,,2,0
2026-08-20T07:24:11.241Z,1787210651241,FAN_DT_001_F3_S03_R01_20260820T071935,1,275.298,FAULT_ACTIVE,F3,0.3,FAN_DT_001,3.0,process-model-3.0.0-build3,360,1,LIVE,SYNCHRONISED,AUTOMATIC,NORMAL,65,1950,1950,0,145,145,0.3,0.3,24.70784,42.54,1.028,1,0.0254,0,207.97,15.8864,0.00381,0.805,0.2448,1.834,3.7015,80.5,DEGRADED,F3,3,1,cooling_degradation,0.3,1,1,,,,,2,0
2026-08-20T07:24:12.272Z,1787210652272,FAN_DT_001_F3_S03_R01_20260820T071935,1,276.329,FAULT_ACTIVE,F3,0.3,FAN_DT_001,3.0,process-model-3.0.0-build3,361,1,LIVE,SYNCHRONISED,AUTOMATIC,NORMAL,65,1950,1950,0,145,145,0.3,0.3,24.69086,42.53,1.028,1,0.0254,0,207.97,15.9459,0.00399,0.805,0.2448,1.918,3.7154,80.5,DEGRADED,F3,3,1,cooling_degradation,0.3,1,1,,,,,2,0
2026-08-20T07:24:13.311Z,1787210653311,FAN_DT_001_F3_S03_R01_20260820T071935,1,277.368,FAULT_ACTIVE,F3,0.3,FAN_DT_001,3.0,process-model-3.0.0-build3,362,1,LIVE,SYNCHRONISED,AUTOMATIC,NORMAL,65,1950,1950,0,145,145,0.3,0.3,24.67407,42.53,1.028,1,0.0254,0,207.97,16.0054,0.00414,0.805,0.2448,1.992,3.7293,80.5,DEGRADED,F3,3,1,cooling_degradation,0.3,1,1,,,,,2,0
2026-08-20T07:24:14.389Z,1787210654389,FAN_DT_001_F3_S03_R01_20260820T071935,1,278.446,FAULT_ACTIVE,F3,0.3,FAN_DT_001,3.0,process-model-3.0.0-build3,363,1,LIVE,SYNCHRONISED,AUTOMATIC,NORMAL,65,1950,1950,0,145,145,0.3,0.3,24.65735,42.53,1.028,1,0.0254,0,207.97,16.0652,0.0043,0.805,0.2448,2.067,3.7432,80.5,DEGRADED,F3,3,1,cooling_degradation,0.3,1,1,,,,,2,0
2026-08-20T07:24:15.395Z,1787210655395,FAN_DT_001_F3_S03_R01_20260820T071935,1,279.452,FAULT_ACTIVE,F3,0.3,FAN_DT_001,3.0,process-model-3.0.0-build3,364,1,LIVE,SYNCHRONISED,AUTOMATIC,NORMAL,65,1950,1950,0,145,145,0.3,0.3,24.64093,42.52,1.028,1,0.0254,0,207.97,16.1246,0.00445,0.805,0.2448,2.14,3.757,80.5,DEGRADED,F3,3,1,cooling_degradation,0.3,1,1,,,,,2,0
2026-08-20T07:24:16.425Z,1787210656425,FAN_DT_001_F3_S03_R01_20260820T071935,1,280.482,FAULT_ACTIVE,F3,0.3,FAN_DT_001,3.0,process-model-3.0.0-build3,365,1,LIVE,SYNCHRONISED,AUTOMATIC,NORMAL,65,1950,1950,0,145,145,0.3,0.3,24.6246,42.52,1.028,1,0.0254,0,207.97,16.1843,0.0046,0.805,0.2448,2.213,3.7709,80.5,DEGRADED,F3,3,1,cooling_degradation,0.3,1,1,,,,,2,0
2026-08-20T07:24:17.437Z,1787210657437,FAN_DT_001_F3_S03_R01_20260820T071935,1,281.494,FAULT_ACTIVE,F3,0.3,FAN_DT_001,3.0,process-model-3.0.0-build3,366,1,LIVE,SYNCHRONISED,AUTOMATIC,NORMAL,65,1950,1950,0,145,145,0.3,0.3,24.60854,42.51,1.028,1,0.0254,0,207.97,16.2437,0.00474,0.805,0.2448,2.279,3.7848,80.5,DEGRADED,F3,3,1,cooling_degradation,0.3,1,1,,,,,2,0
2026-08-20T07:24:18.470Z,1787210658470,FAN_DT_001_F3_S03_R01_20260820T071935,1,282.527,FAULT_ACTIVE,F3,0.3,FAN_DT_001,3.0,process-model-3.0.0-build3,367,1,LIVE,SYNCHRONISED,AUTOMATIC,NORMAL,65,1950,1950,0,145,145,0.3,0.3,24.59268,42.51,1.028,1,0.0254,0,207.97,16.3032,0.00487,0.805,0.2448,2.34,3.7987,80.5,DEGRADED,F3,3,1,cooling_degradation,0.3,1,1,,,,,2,0
2026-08-20T07:24:19.500Z,1787210659500,FAN_DT_001_F3_S03_R01_20260820T071935,1,283.558,FAULT_ACTIVE,F3,0.3,FAN_DT_001,3.0,process-model-3.0.0-build3,368,1,LIVE,SYNCHRONISED,AUTOMATIC,NORMAL,65,1950,1950,0,145,145,0.3,0.3,24.57698,42.5,1.028,1,0.0254,0,207.97,16.3629,0.00502,0.805,0.2448,2.412,3.8126,80.5,DEGRADED,F3,3,1,cooling_degradation,0.3,1,1,,,,,2,0
2026-08-20T07:24:20.536Z,1787210660536,FAN_DT_001_F3_S03_R01_20260820T071935,1,284.596,FAULT_ACTIVE,F3,0.3,FAN_DT_001,3.0,process-model-3.0.0-build3,369,1,LIVE,SYNCHRONISED,AUTOMATIC,NORMAL,65,1950,1950,0,145,145,0.3,0.3,24.56157,42.5,1.028,1,0.0254,0,207.97,16.4224,0.00514,0.805,0.2448,2.473,3.8264,80.5,DEGRADED,F3,3,1,cooling_degradation,0.3,1,1,,,,,2,0
2026-08-20T07:24:21.569Z,1787210661569,FAN_DT_001_F3_S03_R01_20260820T071935,1,285.625,FAULT_ACTIVE,F3,0.3,FAN_DT_001,3.0,process-model-3.0.0-build3,370,1,LIVE,SYNCHRONISED,AUTOMATIC,NORMAL,65,1950,1950,0,145,145,0.3,0.3,24.54629,42.49,1.028,1,0.0254,0,207.97,16.4821,0.00527,0.805,0.2448,2.533,3.8403,80.5,DEGRADED,F3,3,1,cooling_degradation,0.3,1,1,,,,,2,0
2026-08-20T07:24:22.604Z,1787210662604,FAN_DT_001_F3_S03_R01_20260820T071935,1,286.66,FAULT_ACTIVE,F3,0.3,FAN_DT_001,3.0,process-model-3.0.0-build3,371,1,LIVE,SYNCHRONISED,AUTOMATIC,NORMAL,65,1950,1950,0,145,145,0.3,0.3,24.5313,42.49,1.028,1,0.0254,0,207.97,16.5418,0.00537,0.805,0.2448,2.585,3.8542,80.5,DEGRADED,F3,3,1,cooling_degradation,0.3,1,1,,,,,2,0
2026-08-20T07:24:23.659Z,1787210663659,FAN_DT_001_F3_S03_R01_20260820T071935,1,287.716,FAULT_ACTIVE,F3,0.3,FAN_DT_001,3.0,process-model-3.0.0-build3,372,1,LIVE,SYNCHRONISED,AUTOMATIC,NORMAL,65,1950,1950,0,145,145,0.3,0.3,24.51663,42.48,1.028,1,0.0254,0,207.97,16.6011,0.0055,0.805,0.2448,2.646,3.8681,80.5,DEGRADED,F3,3,1,cooling_degradation,0.3,1,1,,,,,2,0
2026-08-20T07:24:24.695Z,1787210664695,FAN_DT_001_F3_S03_R01_20260820T071935,1,288.752,FAULT_ACTIVE,F3,0.3,FAN_DT_001,3.0,process-model-3.0.0-build3,373,1,LIVE,SYNCHRONISED,AUTOMATIC,NORMAL,65,1950,1950,0,145,145,0.3,0.3,24.50215,42.47,1.028,1,0.0254,0,207.97,16.6606,0.00562,0.805,0.2448,2.702,3.8819,80.5,DEGRADED,F3,3,1,cooling_degradation,0.3,1,1,,,,,2,0
2026-08-20T07:24:25.695Z,1787210665695,FAN_DT_001_F3_S03_R01_20260820T071935,1,289.753,FAULT_ACTIVE,F3,0.3,FAN_DT_001,3.0,process-model-3.0.0-build3,374,1,LIVE,SYNCHRONISED,AUTOMATIC,NORMAL,65,1950,1950,0,145,145,0.3,0.3,24.48801,42.47,1.028,1,0.0254,0,207.97,16.7199,0.00572,0.805,0.2448,2.751,3.8957,80.5,DEGRADED,F3,3,1,cooling_degradation,0.3,1,1,,,,,2,0
2026-08-20T07:24:26.729Z,1787210666729,FAN_DT_001_F3_S03_R01_20260820T071935,1,290.786,FAULT_ACTIVE,F3,0.3,FAN_DT_001,3.0,process-model-3.0.0-build3,375,1,LIVE,SYNCHRONISED,AUTOMATIC,NORMAL,65,1950,1950,0,145,145,0.3,0.3,24.47402,42.46,1.028,1,0.0254,0,207.97,16.7796,0.00581,0.805,0.2448,2.795,3.9097,80.5,DEGRADED,F3,3,1,cooling_degradation,0.3,1,1,,,,,2,0
2026-08-20T07:24:27.764Z,1787210667764,FAN_DT_001_F3_S03_R01_20260820T071935,1,291.821,FAULT_ACTIVE,F3,0.3,FAN_DT_001,3.0,process-model-3.0.0-build3,376,1,LIVE,SYNCHRONISED,AUTOMATIC,NORMAL,65,1950,1950,0,145,145,0.3,0.3,24.46035,42.46,1.028,1,0.0254,0,207.97,16.8392,0.00592,0.805,0.2448,2.849,3.9235,80.5,DEGRADED,F3,3,1,cooling_degradation,0.3,1,1,,,,,2,0
2026-08-20T07:24:28.795Z,1787210668795,FAN_DT_001_F3_S03_R01_20260820T071935,1,292.852,FAULT_ACTIVE,F3,0.3,FAN_DT_001,3.0,process-model-3.0.0-build3,377,1,LIVE,SYNCHRONISED,AUTOMATIC,NORMAL,65,1950,1950,0,145,145,0.3,0.3,24.44695,42.45,1.028,1,0.0254,0,207.97,16.8988,0.00602,0.805,0.2448,2.897,3.9374,80.5,DEGRADED,F3,3,1,cooling_degradation,0.3,1,1,,,,,2,0
2026-08-20T07:24:29.849Z,1787210669849,FAN_DT_001_F3_S03_R01_20260820T071935,1,293.906,FAULT_ACTIVE,F3,0.3,FAN_DT_001,3.0,process-model-3.0.0-build3,378,1,LIVE,SYNCHRONISED,AUTOMATIC,NORMAL,65,1950,1950,0,145,145,0.3,0.3,24.43381,42.44,1.028,1,0.0254,0,207.97,16.9585,0.0061,0.805,0.2448,2.932,3.9513,80.5,DEGRADED,F3,3,1,cooling_degradation,0.3,1,1,,,,,2,0
2026-08-20T07:24:30.882Z,1787210670882,FAN_DT_001_F3_S03_R01_20260820T071935,1,294.939,FAULT_ACTIVE,F3,0.3,FAN_DT_001,3.0,process-model-3.0.0-build3,379,1,LIVE,SYNCHRONISED,AUTOMATIC,NORMAL,65,1950,1950,0,145,145,0.3,0.3,24.42104,42.44,1.028,1,0.0254,0,207.97,17.018,0.00619,0.805,0.2448,2.975,3.9652,80.5,DEGRADED,F3,3,1,cooling_degradation,0.3,1,1,,,,,2,0
2026-08-20T07:24:31.897Z,1787210671897,FAN_DT_001_F3_S03_R01_20260820T071935,1,295.954,FAULT_ACTIVE,F3,0.3,FAN_DT_001,3.0,process-model-3.0.0-build3,380,1,LIVE,SYNCHRONISED,AUTOMATIC,NORMAL,65,1950,1950,0,145,145,0.3,0.3,24.40849,42.43,1.028,1,0.0254,0,207.97,17.0778,0.00626,0.805,0.2448,3.011,3.9791,80.5,DEGRADED,F3,3,1,cooling_degradation,0.3,1,1,,,,,2,0
2026-08-20T07:24:32.958Z,1787210672958,FAN_DT_001_F3_S03_R01_20260820T071935,1,297.018,FAULT_ACTIVE,F3,0.3,FAN_DT_001,3.0,process-model-3.0.0-build3,381,1,LIVE,SYNCHRONISED,AUTOMATIC,NORMAL,65,1950,1950,0,145,145,0.3,0.3,24.39634,42.42,1.028,1,0.0254,0,207.97,17.1372,0.00632,0.805,0.2448,3.038,3.993,80.5,DEGRADED,F3,3,1,cooling_degradation,0.3,1,1,,,,,2,0
2026-08-20T07:24:34.205Z,1787210674205,FAN_DT_001_F3_S03_R01_20260820T071935,1,298.353,FAULT_ACTIVE,F3,0.3,FAN_DT_001,3.0,process-model-3.0.0-build3,382,1,LIVE,SYNCHRONISED,AUTOMATIC,NORMAL,65,1950,1950,0,145,145,0.3,0.3,24.38442,42.42,1.028,1,0.0254,0,207.97,17.197,0.00641,0.805,0.2448,3.081,4.0069,80.5,DEGRADED,F3,3,1,cooling_degradation,0.3,1,1,,,,,2,0
2026-08-20T07:24:34.996Z,1787210674996,FAN_DT_001_F3_S03_R01_20260820T071935,1,299.053,FAULT_ACTIVE,F3,0.3,FAN_DT_001,3.0,process-model-3.0.0-build3,383,1,LIVE,SYNCHRONISED,AUTOMATIC,NORMAL,65,1950,1950,0,145,145,0.3,0.3,24.37291,42.41,1.028,1,0.0254,0,207.97,17.2564,0.00645,0.805,0.2448,3.1,4.0207,80.5,DEGRADED,F3,3,1,cooling_degradation,0.3,1,1,,,,,2,0
2026-08-20T07:24:36.025Z,1787210676025,FAN_DT_001_F3_S03_R01_20260820T071935,1,300.082,FAULT_ACTIVE,F3,0.3,FAN_DT_001,3.0,process-model-3.0.0-build3,384,1,LIVE,SYNCHRONISED,AUTOMATIC,NORMAL,65,1950,1950,0,145,145,0.3,0.3,24.36167,42.4,1.028,1,0.0254,0,207.97,17.3161,0.00651,0.805,0.2448,3.13,4.0346,80.5,DEGRADED,F3,3,1,cooling_degradation,0.3,1,1,,,,,2,0
2026-08-20T07:24:37.060Z,1787210677060,FAN_DT_001_F3_S03_R01_20260820T071935,1,301.117,FAULT_ACTIVE,F3,0.3,FAN_DT_001,3.0,process-model-3.0.0-build3,385,1,LIVE,SYNCHRONISED,AUTOMATIC,NORMAL,65,1950,1950,0,145,145,0.3,0.3,24.35083,42.4,1.028,1,0.0254,0,207.97,17.3754,0.00658,0.805,0.2448,3.164,4.0485,80.5,DEGRADED,F3,3,1,cooling_degradation,0.3,1,1,,,,,2,0
2026-08-20T07:24:38.097Z,1787210678097,FAN_DT_001_F3_S03_R01_20260820T071935,1,302.154,FAULT_ACTIVE,F3,0.3,FAN_DT_001,3.0,process-model-3.0.0-build3,386,1,LIVE,SYNCHRONISED,AUTOMATIC,NORMAL,65,1950,1950,0,145,145,0.3,0.3,24.34027,42.39,1.028,1,0.0254,0,207.97,17.4351,0.00663,0.805,0.2448,3.188,4.0624,80.5,DEGRADED,F3,3,1,cooling_degradation,0.3,1,1,,,,,2,0
2026-08-20T07:24:39.123Z,1787210679123,FAN_DT_001_F3_S03_R01_20260820T071935,1,303.18,FAULT_ACTIVE,F3,0.3,FAN_DT_001,3.0,process-model-3.0.0-build3,387,1,LIVE,SYNCHRONISED,AUTOMATIC,NORMAL,65,1950,1950,0,145,145,0.3,0.3,24.33013,42.38,1.028,1,0.0254,0,207.97,17.4944,0.00665,0.805,0.2448,3.196,4.0762,80.5,DEGRADED,F3,3,1,cooling_degradation,0.3,1,1,,,,,2,0
2026-08-20T07:24:40.178Z,1787210680178,FAN_DT_001_F3_S03_R01_20260820T071935,1,304.234,FAULT_ACTIVE,F3,0.3,FAN_DT_001,3.0,process-model-3.0.0-build3,388,1,LIVE,SYNCHRONISED,AUTOMATIC,NORMAL,65,1950,1950,0,145,145,0.3,0.3,24.32027,42.38,1.028,1,0.0254,0,207.97,17.554,0.00669,0.805,0.2448,3.217,4.0901,80.5,DEGRADED,F3,3,1,cooling_degradation,0.3,1,1,,,,,2,0
2026-08-20T07:24:41.199Z,1787210681199,FAN_DT_001_F3_S03_R01_20260820T071935,1,305.256,FAULT_ACTIVE,F3,0.3,FAN_DT_001,3.0,process-model-3.0.0-build3,389,1,LIVE,SYNCHRONISED,AUTOMATIC,NORMAL,65,1950,1950,0,145,145,0.3,0.3,24.31078,42.37,1.028,1,0.0254,0,207.97,17.6136,0.00674,0.805,0.2448,3.242,4.104,80.5,DEGRADED,F3,3,1,cooling_degradation,0.3,1,1,,,,,2,0
2026-08-20T07:24:42.218Z,1787210682218,FAN_DT_001_F3_S03_R01_20260820T071935,1,306.275,FAULT_ACTIVE,F3,0.3,FAN_DT_001,3.0,process-model-3.0.0-build3,390,1,LIVE,SYNCHRONISED,AUTOMATIC,NORMAL,65,1950,1950,0,145,145,0.3,0.3,24.30168,42.36,1.028,1,0.0254,0,207.97,17.673,0.00675,0.805,0.2448,3.245,4.1178,80.5,DEGRADED,F3,3,1,cooling_degradation,0.3,1,1,,,,,2,0
2026-08-20T07:24:43.252Z,1787210683252,FAN_DT_001_F3_S03_R01_20260820T071935,1,307.309,FAULT_ACTIVE,F3,0.3,FAN_DT_001,3.0,process-model-3.0.0-build3,391,1,LIVE,SYNCHRONISED,AUTOMATIC,NORMAL,65,1950,1950,0,145,145,0.3,0.3,24.29289,42.36,1.028,1,0.0254,0,207.97,17.7328,0.00677,0.805,0.2448,3.258,4.1317,80.5,DEGRADED,F3,3,1,cooling_degradation,0.3,1,1,,,,,2,0
2026-08-20T07:24:44.284Z,1787210684284,FAN_DT_001_F3_S03_R01_20260820T071935,1,308.343,FAULT_ACTIVE,F3,0.3,FAN_DT_001,3.0,process-model-3.0.0-build3,392,1,LIVE,SYNCHRONISED,AUTOMATIC,NORMAL,65,1950,1950,0,145,145,0.3,0.3,24.28453,42.35,1.028,1,0.0254,0,207.97,17.7921,0.00679,0.805,0.2448,3.263,4.1456,80.5,DEGRADED,F3,3,1,cooling_degradation,0.3,1,1,,,,,2,0
2026-08-20T07:24:45.317Z,1787210685317,FAN_DT_001_F3_S03_R01_20260820T071935,1,309.374,FAULT_ACTIVE,F3,0.3,FAN_DT_001,3.0,process-model-3.0.0-build3,393,1,LIVE,SYNCHRONISED,AUTOMATIC,NORMAL,65,1950,1950,0,145,145,0.3,0.3,24.27651,42.34,1.028,1,0.0254,0,207.97,17.8518,0.00681,0.805,0.2448,3.272,4.1595,80.5,DEGRADED,F3,3,1,cooling_degradation,0.3,1,1,,,,,2,0
2026-08-20T07:24:46.348Z,1787210686348,FAN_DT_001_F3_S03_R01_20260820T071935,1,310.405,FAULT_ACTIVE,F3,0.3,FAN_DT_001,3.0,process-model-3.0.0-build3,394,1,LIVE,SYNCHRONISED,AUTOMATIC,NORMAL,65,1950,1950,0,145,145,0.3,0.3,24.26887,42.33,1.028,1,0.0254,0,207.97,17.9114,0.00683,0.805,0.2448,3.285,4.1734,80.5,DEGRADED,F3,3,1,cooling_degradation,0.3,1,1,,,,,2,0
2026-08-20T07:24:47.381Z,1787210687381,FAN_DT_001_F3_S03_R01_20260820T071935,1,311.441,FAULT_ACTIVE,F3,0.3,FAN_DT_001,3.0,process-model-3.0.0-build3,395,1,LIVE,SYNCHRONISED,AUTOMATIC,NORMAL,65,1950,1950,0,145,145,0.3,0.3,24.26164,42.33,1.028,1,0.0254,0,207.97,17.9708,0.00683,0.805,0.2448,3.282,4.1872,80.5,DEGRADED,F3,3,1,cooling_degradation,0.3,1,1,,,,,2,0
2026-08-20T07:24:48.603Z,1787210688603,FAN_DT_001_F3_S03_R01_20260820T071935,1,312.684,FAULT_ACTIVE,F3,0.3,FAN_DT_001,3.0,process-model-3.0.0-build3,396,1,LIVE,SYNCHRONISED,AUTOMATIC,NORMAL,65,1950,1950,0,145,145,0.3,0.3,24.25475,42.32,1.028,1,0.0254,0,207.97,18.0306,0.00682,0.805,0.2448,3.278,4.2011,80.5,DEGRADED,F3,3,1,cooling_degradation,0.3,1,1,,,,,2,0
2026-08-20T07:24:49.450Z,1787210689450,FAN_DT_001_F3_S03_R01_20260820T071935,1,313.515,FAULT_ACTIVE,F3,0.3,FAN_DT_001,3.0,process-model-3.0.0-build3,397,1,LIVE,SYNCHRONISED,AUTOMATIC,NORMAL,65,1950,1950,0,145,145,0.3,0.3,24.24829,42.31,1.028,1,0.0254,0,207.97,18.0901,0.00681,0.805,0.2448,3.274,4.215,80.5,DEGRADED,F3,3,1,cooling_degradation,0.3,1,1,,,,,2,0
2026-08-20T07:24:50.497Z,1787210690497,FAN_DT_001_F3_S03_R01_20260820T071935,1,314.554,FAULT_ACTIVE,F3,0.3,FAN_DT_001,3.0,process-model-3.0.0-build3,398,1,LIVE,SYNCHRONISED,AUTOMATIC,NORMAL,65,1950,1950,0,145,145,0.3,0.3,24.2422,42.31,1.028,1,0.0254,0,207.97,18.1498,0.00681,0.805,0.2448,3.272,4.2289,80.5,DEGRADED,F3,3,1,cooling_degradation,0.3,1,1,,,,,2,0
2026-08-20T07:24:51.514Z,1787210691514,FAN_DT_001_F3_S03_R01_20260820T071935,1,315.578,FAULT_ACTIVE,F3,0.3,FAN_DT_001,3.0,process-model-3.0.0-build3,399,1,LIVE,SYNCHRONISED,AUTOMATIC,NORMAL,65,1950,1950,0,145,145,0.3,0.3,24.23655,42.3,1.028,1,0.0254,0,207.97,18.2091,0.00678,0.805,0.2448,3.259,4.2427,80.5,DEGRADED,F3,3,1,cooling_degradation,0.3,1,1,,,,,2,0
2026-08-20T07:24:52.544Z,1787210692544,FAN_DT_001_F3_S03_R01_20260820T071935,1,316.603,FAULT_ACTIVE,F3,0.3,FAN_DT_001,3.0,process-model-3.0.0-build3,400,1,LIVE,SYNCHRONISED,AUTOMATIC,NORMAL,65,1950,1950,0,145,145,0.3,0.3,24.23126,42.29,1.028,1,0.0254,0,207.97,18.2688,0.00676,0.805,0.2448,3.25,4.2566,80.5,DEGRADED,F3,3,1,cooling_degradation,0.3,1,1,,,,,2,0
2026-08-20T07:24:53.574Z,1787210693574,FAN_DT_001_F3_S03_R01_20260820T071935,1,317.631,FAULT_ACTIVE,F3,0.3,FAN_DT_001,3.0,process-model-3.0.0-build3,401,1,LIVE,SYNCHRONISED,AUTOMATIC,NORMAL,65,1950,1950,0,145,145,0.3,0.3,24.22641,42.29,1.028,1,0.0254,0,207.97,18.3281,0.00673,0.805,0.2448,3.239,4.2704,80.5,DEGRADED,F3,3,1,cooling_degradation,0.3,1,1,,,,,2,0
2026-08-20T07:24:54.798Z,1787210694798,FAN_DT_001_F3_S03_R01_20260820T071935,1,319.098,FAULT_ACTIVE,F3,0.3,FAN_DT_001,3.0,process-model-3.0.0-build3,402,1,LIVE,SYNCHRONISED,AUTOMATIC,NORMAL,65,1950,1950,0,145,145,0.3,0.3,24.22196,42.28,1.028,1,0.0254,0,207.97,18.3874,0.00669,0.805,0.2448,3.217,4.2843,80.5,DEGRADED,F3,3,1,cooling_degradation,0.3,1,1,,,,,2,0
2026-08-20T07:24:55.635Z,1787210695635,FAN_DT_001_F3_S03_R01_20260820T071935,1,319.694,FAULT_ACTIVE,F3,0.3,FAN_DT_001,3.0,process-model-3.0.0-build3,403,1,LIVE,SYNCHRONISED,AUTOMATIC,NORMAL,65,1950,1950,0,145,145,0.3,0.3,24.21791,42.27,1.028,1,0.0254,0,207.97,18.4469,0.00668,0.805,0.2448,3.21,4.2981,80.5,DEGRADED,F3,3,1,cooling_degradation,0.3,1,1,,,,,2,0
2026-08-20T07:24:56.664Z,1787210696664,FAN_DT_001_F3_S03_R01_20260820T071935,1,320.721,FAULT_ACTIVE,F3,0.3,FAN_DT_001,3.0,process-model-3.0.0-build3,404,1,LIVE,SYNCHRONISED,AUTOMATIC,NORMAL,65,1950,1950,0,145,145,0.3,0.3,24.21425,42.27,1.028,1,0.0254,0,207.97,18.5065,0.00662,0.805,0.2448,3.184,4.312,80.5,DEGRADED,F3,3,1,cooling_degradation,0.3,1,1,,,,,2,0
2026-08-20T07:24:57.702Z,1787210697702,FAN_DT_001_F3_S03_R01_20260820T071935,1,321.759,FAULT_ACTIVE,F3,0.3,FAN_DT_001,3.0,process-model-3.0.0-build3,405,1,LIVE,SYNCHRONISED,AUTOMATIC,NORMAL,65,1950,1950,0,145,145,0.3,0.3,24.21102,42.26,1.028,1,0.0254,0,207.97,18.566,0.00658,0.805,0.2448,3.164,4.3259,80.5,DEGRADED,F3,3,1,cooling_degradation,0.3,1,1,,,,,2,0
2026-08-20T07:24:58.732Z,1787210698732,FAN_DT_001_F3_S03_R01_20260820T071935,1,322.789,FAULT_ACTIVE,F3,0.3,FAN_DT_001,3.0,process-model-3.0.0-build3,406,1,LIVE,SYNCHRONISED,AUTOMATIC,NORMAL,65,1950,1950,0,145,145,0.3,0.3,24.20819,42.25,1.028,1,0.0254,0,207.97,18.6256,0.00653,0.805,0.2448,3.14,4.3398,80.5,DEGRADED,F3,3,1,cooling_degradation,0.3,1,1,,,,,2,0
2026-08-20T07:24:59.797Z,1787210699797,FAN_DT_001_F3_S03_R01_20260820T071935,1,323.875,FAULT_ACTIVE,F3,0.3,FAN_DT_001,3.0,process-model-3.0.0-build3,407,1,LIVE,SYNCHRONISED,AUTOMATIC,NORMAL,65,1950,1950,0,145,145,0.3,0.3,24.20579,42.24,1.028,1,0.0254,0,207.97,18.6851,0.00647,0.805,0.2448,3.113,4.3536,80.5,DEGRADED,F3,3,1,cooling_degradation,0.3,1,1,,,,,2,0
2026-08-20T07:25:00.796Z,1787210700796,FAN_DT_001_F3_S03_R01_20260820T071935,1,324.853,FAULT_ACTIVE,F3,0.3,FAN_DT_001,3.0,process-model-3.0.0-build3,408,1,LIVE,SYNCHRONISED,AUTOMATIC,NORMAL,65,1950,1950,0,145,145,0.3,0.3,24.20379,42.24,1.028,1,0.0254,0,207.97,18.7447,0.00642,0.805,0.2448,3.086,4.3675,80.5,DEGRADED,F3,3,1,cooling_degradation,0.3,1,1,,,,,2,0
2026-08-20T07:25:01.840Z,1787210701840,FAN_DT_001_F3_S03_R01_20260820T071935,1,325.897,FAULT_ACTIVE,F3,0.3,FAN_DT_001,3.0,process-model-3.0.0-build3,409,1,LIVE,SYNCHRONISED,AUTOMATIC,NORMAL,65,1950,1950,0,145,145,0.3,0.3,24.20222,42.23,1.028,1,0.0254,0,207.97,18.8044,0.00636,0.805,0.2448,3.057,4.3814,80.5,DEGRADED,F3,3,1,cooling_degradation,0.3,1,1,,,,,2,0
2026-08-20T07:25:02.865Z,1787210702865,FAN_DT_001_F3_S03_R01_20260820T071935,1,326.927,FAULT_ACTIVE,F3,0.3,FAN_DT_001,3.0,process-model-3.0.0-build3,410,1,LIVE,SYNCHRONISED,AUTOMATIC,NORMAL,65,1950,1950,0,145,145,0.3,0.3,24.20106,42.23,1.028,1,0.0254,0,207.97,18.8639,0.00629,0.805,0.2448,3.024,4.3953,80.5,DEGRADED,F3,3,1,cooling_degradation,0.3,1,1,,,,,2,0
2026-08-20T07:25:03.895Z,1787210703895,FAN_DT_001_F3_S03_R01_20260820T071935,1,327.952,FAULT_ACTIVE,F3,0.3,FAN_DT_001,3.0,process-model-3.0.0-build3,411,1,LIVE,SYNCHRONISED,AUTOMATIC,NORMAL,65,1950,1950,0,145,145,0.3,0.3,24.20033,42.22,1.028,1,0.0254,0,207.97,18.9236,0.00622,0.805,0.2448,2.99,4.4092,80.5,DEGRADED,F3,3,1,cooling_degradation,0.3,1,1,,,,,2,0
2026-08-20T07:25:04.930Z,1787210704930,FAN_DT_001_F3_S03_R01_20260820T071935,1,328.986,FAULT_ACTIVE,F3,0.3,FAN_DT_001,3.0,process-model-3.0.0-build3,412,1,LIVE,SYNCHRONISED,AUTOMATIC,NORMAL,65,1950,1950,0,145,145,0.3,0.3,24.20001,42.21,1.028,1,0.0254,0,207.97,18.9831,0.00614,0.805,0.2448,2.954,4.4231,80.5,DEGRADED,F3,3,1,cooling_degradation,0.3,1,1,,,,,2,0
2026-08-20T07:25:05.961Z,1787210705961,FAN_DT_001_F3_S03_R01_20260820T071935,1,330.018,FAULT_ACTIVE,F3,0.3,FAN_DT_001,3.0,process-model-3.0.0-build3,413,1,LIVE,SYNCHRONISED,AUTOMATIC,NORMAL,65,1950,1950,0,145,145,0.3,0.3,24.20012,42.21,1.028,1,0.0254,0,207.97,19.0428,0.00605,0.805,0.2448,2.912,4.437,80.5,DEGRADED,F3,3,1,cooling_degradation,0.3,1,1,,,,,2,0
2026-08-20T07:25:07.020Z,1787210707020,FAN_DT_001_F3_S03_R01_20260820T071935,1,331.085,FAULT_ACTIVE,F3,0.3,FAN_DT_001,3.0,process-model-3.0.0-build3,414,1,LIVE,SYNCHRONISED,AUTOMATIC,NORMAL,65,1950,1950,0,145,145,0.3,0.3,24.20065,42.2,1.028,1,0.0254,0,207.97,19.1023,0.00595,0.805,0.2448,2.862,4.4508,80.5,DEGRADED,F3,3,1,cooling_degradation,0.3,1,1,,,,,2,0
2026-08-20T07:25:08.032Z,1787210708032,FAN_DT_001_F3_S03_R01_20260820T071935,1,332.089,FAULT_ACTIVE,F3,0.3,FAN_DT_001,3.0,process-model-3.0.0-build3,415,1,LIVE,SYNCHRONISED,AUTOMATIC,NORMAL,65,1950,1950,0,145,145,0.3,0.3,24.20159,42.19,1.028,1,0.0254,0,207.97,19.1618,0.00589,0.805,0.2448,2.831,4.4647,80.5,DEGRADED,F3,3,1,cooling_degradation,0.3,1,1,,,,,2,0
2026-08-20T07:25:09.058Z,1787210709058,FAN_DT_001_F3_S03_R01_20260820T071935,1,333.115,FAULT_ACTIVE,F3,0.3,FAN_DT_001,3.0,process-model-3.0.0-build3,416,1,LIVE,SYNCHRONISED,AUTOMATIC,NORMAL,65,1950,1950,0,145,145,0.3,0.3,24.20295,42.19,1.028,1,0.0254,0,207.97,19.2213,0.00578,0.805,0.2448,2.781,4.4786,80.5,DEGRADED,F3,3,1,cooling_degradation,0.3,1,1,,,,,2,0
2026-08-20T07:25:10.096Z,1787210710096,FAN_DT_001_F3_S03_R01_20260820T071935,1,334.153,FAULT_ACTIVE,F3,0.3,FAN_DT_001,3.0,process-model-3.0.0-build3,417,1,LIVE,SYNCHRONISED,AUTOMATIC,NORMAL,65,1950,1950,0,145,145,0.3,0.3,24.20473,42.18,1.028,1,0.0254,0,207.97,19.2808,0.00569,0.805,0.2448,2.737,4.4924,80.5,DEGRADED,F3,3,1,cooling_degradation,0.3,1,1,,,,,2,0
2026-08-20T07:25:11.123Z,1787210711123,FAN_DT_001_F3_S03_R01_20260820T071935,1,335.18,FAULT_ACTIVE,F3,0.3,FAN_DT_001,3.0,process-model-3.0.0-build3,418,1,LIVE,SYNCHRONISED,AUTOMATIC,NORMAL,65,1950,1950,0,145,145,0.3,0.3,24.20694,42.18,1.028,1,0.0254,0,207.97,19.3406,0.00557,0.805,0.2448,2.679,4.5063,80.5,DEGRADED,F3,3,1,cooling_degradation,0.3,1,1,,,,,2,0
2026-08-20T07:25:12.157Z,1787210712157,FAN_DT_001_F3_S03_R01_20260820T071935,1,336.214,FAULT_ACTIVE,F3,0.3,FAN_DT_001,3.0,process-model-3.0.0-build3,419,1,LIVE,SYNCHRONISED,AUTOMATIC,NORMAL,65,1950,1950,0,145,145,0.3,0.3,24.20955,42.17,1.028,1,0.0254,0,207.97,19.3999,0.00549,0.805,0.2448,2.64,4.5202,80.5,DEGRADED,F3,3,1,cooling_degradation,0.3,1,1,,,,,2,0
2026-08-20T07:25:13.192Z,1787210713192,FAN_DT_001_F3_S03_R01_20260820T071935,1,337.249,FAULT_ACTIVE,F3,0.3,FAN_DT_001,3.0,process-model-3.0.0-build3,420,1,LIVE,SYNCHRONISED,AUTOMATIC,NORMAL,65,1950,1950,0,145,145,0.3,0.3,24.21258,42.16,1.028,1,0.0254,0,207.97,19.4596,0.00537,0.805,0.2448,2.583,4.5341,80.5,DEGRADED,F3,3,1,cooling_degradation,0.3,1,1,,,,,2,0
2026-08-20T07:25:14.220Z,1787210714220,FAN_DT_001_F3_S03_R01_20260820T071935,1,338.283,FAULT_ACTIVE,F3,0.3,FAN_DT_001,3.0,process-model-3.0.0-build3,421,1,LIVE,SYNCHRONISED,AUTOMATIC,NORMAL,65,1950,1950,0,145,145,0.3,0.3,24.21602,42.16,1.028,1,0.0254,0,207.97,19.5191,0.00526,0.805,0.2448,2.529,4.548,80.5,DEGRADED,F3,3,1,cooling_degradation,0.3,1,1,,,,,2,0
2026-08-20T07:25:15.254Z,1787210715254,FAN_DT_001_F3_S03_R01_20260820T071935,1,339.311,FAULT_ACTIVE,F3,0.3,FAN_DT_001,3.0,process-model-3.0.0-build3,422,1,LIVE,SYNCHRONISED,AUTOMATIC,NORMAL,65,1950,1950,0,145,145,0.3,0.3,24.21988,42.15,1.028,1,0.0254,0,207.97,19.5786,0.00515,0.805,0.2448,2.475,4.5618,80.5,DEGRADED,F3,3,1,cooling_degradation,0.3,1,1,,,,,2,0
2026-08-20T07:25:16.297Z,1787210716297,FAN_DT_001_F3_S03_R01_20260820T071935,1,340.354,FAULT_ACTIVE,F3,0.3,FAN_DT_001,3.0,process-model-3.0.0-build3,423,1,LIVE,SYNCHRONISED,AUTOMATIC,NORMAL,65,1950,1950,0,145,145,0.3,0.3,24.22415,42.15,1.028,1,0.0254,0,207.97,19.6382,0.00503,0.805,0.2448,2.418,4.5757,80.5,DEGRADED,F3,3,1,cooling_degradation,0.3,1,1,,,,,2,0
2026-08-20T07:25:17.320Z,1787210717320,FAN_DT_001_F3_S03_R01_20260820T071935,1,341.379,FAULT_ACTIVE,F3,0.3,FAN_DT_001,3.0,process-model-3.0.0-build3,424,1,LIVE,SYNCHRONISED,AUTOMATIC,NORMAL,65,1950,1950,0,145,145,0.3,0.3,24.22883,42.14,1.028,1,0.0254,0,207.97,19.6979,0.00487,0.805,0.2448,2.344,4.5896,80.5,DEGRADED,F3,3,1,cooling_degradation,0.3,1,1,,,,,2,0
2026-08-20T07:25:18.354Z,1787210718354,FAN_DT_001_F3_S03_R01_20260820T071935,1,342.411,FAULT_ACTIVE,F3,0.3,FAN_DT_001,3.0,process-model-3.0.0-build3,425,1,LIVE,SYNCHRONISED,AUTOMATIC,NORMAL,65,1950,1950,0,145,145,0.3,0.3,24.23391,42.14,1.028,1,0.0254,0,207.97,19.7575,0.00477,0.805,0.2448,2.293,4.6035,80.5,DEGRADED,F3,3,1,cooling_degradation,0.3,1,1,,,,,2,0
2026-08-20T07:25:19.390Z,1787210719390,FAN_DT_001_F3_S03_R01_20260820T071935,1,343.448,FAULT_ACTIVE,F3,0.3,FAN_DT_001,3.0,process-model-3.0.0-build3,426,1,LIVE,SYNCHRONISED,AUTOMATIC,NORMAL,65,1950,1950,0,145,145,0.3,0.3,24.2394,42.13,1.028,1,0.0254,0,207.97,19.8172,0.00463,0.805,0.2448,2.227,4.6174,80.5,DEGRADED,F3,3,1,cooling_degradation,0.3,1,1,,,,,2,0
2026-08-20T07:25:20.420Z,1787210720420,FAN_DT_001_F3_S03_R01_20260820T071935,1,344.476,FAULT_ACTIVE,F3,0.3,FAN_DT_001,3.0,process-model-3.0.0-build3,427,1,LIVE,SYNCHRONISED,AUTOMATIC,NORMAL,65,1950,1950,0,145,145,0.3,0.3,24.24527,42.13,1.028,1,0.0254,0,207.97,19.8766,0.00451,0.805,0.2448,2.168,4.6313,80.5,DEGRADED,F3,3,1,cooling_degradation,0.3,1,1,,,,,2,0
2026-08-20T07:25:21.460Z,1787210721460,FAN_DT_001_F3_S03_R01_20260820T071935,1,345.516,FAULT_ACTIVE,F3,0.3,FAN_DT_001,3.0,process-model-3.0.0-build3,428,1,LIVE,SYNCHRONISED,AUTOMATIC,NORMAL,65,1950,1950,0,145,145,0.3,0.3,24.25154,42.12,1.028,1,0.0254,0,207.97,19.9361,0.00436,0.805,0.2448,2.096,4.6451,80.5,DEGRADED,F3,3,1,cooling_degradation,0.3,1,1,,,,,2,0
2026-08-20T07:25:22.481Z,1787210722481,FAN_DT_001_F3_S03_R01_20260820T071935,1,346.538,FAULT_ACTIVE,F3,0.3,FAN_DT_001,3.0,process-model-3.0.0-build3,429,1,LIVE,SYNCHRONISED,AUTOMATIC,NORMAL,65,1950,1950,0,145,145,0.3,0.3,24.2582,42.12,1.028,1,0.0254,0,207.97,19.9956,0.00422,0.805,0.2448,2.029,4.659,80.5,DEGRADED,F3,3,1,cooling_degradation,0.3,1,1,,,,,2,0
2026-08-20T07:25:23.515Z,1787210723515,FAN_DT_001_F3_S03_R01_20260820T071935,1,347.574,FAULT_ACTIVE,F3,0.3,FAN_DT_001,3.0,process-model-3.0.0-build3,430,1,LIVE,SYNCHRONISED,AUTOMATIC,NORMAL,65,1950,1950,0,145,145,0.3,0.3,24.26524,42.12,1.028,1,0.0254,0,207.97,20.055,0.00409,0.805,0.2448,1.964,4.6728,80.5,DEGRADED,F3,3,1,cooling_degradation,0.3,1,1,,,,,2,0
2026-08-20T07:25:24.557Z,1787210724557,FAN_DT_001_F3_S03_R01_20260820T071935,1,348.614,FAULT_ACTIVE,F3,0.3,FAN_DT_001,3.0,process-model-3.0.0-build3,431,1,LIVE,SYNCHRONISED,AUTOMATIC,NORMAL,65,1950,1950,0,145,145,0.3,0.3,24.27272,42.11,1.028,1,0.0254,0,207.97,20.1149,0.00393,0.805,0.2448,1.891,4.6868,80.5,DEGRADED,F3,3,1,cooling_degradation,0.3,1,1,,,,,2,0
2026-08-20T07:25:25.598Z,1787210725598,FAN_DT_001_F3_S03_R01_20260820T071935,1,349.655,FAULT_ACTIVE,F3,0.3,FAN_DT_001,3.0,process-model-3.0.0-build3,432,1,LIVE,SYNCHRONISED,AUTOMATIC,NORMAL,65,1950,1950,0,145,145,0.3,0.3,24.28053,42.11,1.028,1,0.0254,0,207.97,20.1743,0.00379,0.805,0.2448,1.82,4.7006,80.5,DEGRADED,F3,3,1,cooling_degradation,0.3,1,1,,,,,2,0
2026-08-20T07:25:26.614Z,1787210726614,FAN_DT_001_F3_S03_R01_20260820T071935,1,350.671,FAULT_ACTIVE,F3,0.3,FAN_DT_001,3.0,process-model-3.0.0-build3,433,1,LIVE,SYNCHRONISED,AUTOMATIC,NORMAL,65,1950,1950,0,145,145,0.3,0.3,24.28875,42.1,1.028,1,0.0254,0,207.97,20.234,0.00363,0.805,0.2448,1.747,4.7145,80.5,DEGRADED,F3,3,1,cooling_degradation,0.3,1,1,,,,,2,0
2026-08-20T07:25:27.653Z,1787210727653,FAN_DT_001_F3_S03_R01_20260820T071935,1,351.712,FAULT_ACTIVE,F3,0.3,FAN_DT_001,3.0,process-model-3.0.0-build3,434,1,LIVE,SYNCHRONISED,AUTOMATIC,NORMAL,65,1950,1950,0,145,145,0.3,0.3,24.29731,42.1,1.028,1,0.0254,0,207.97,20.2935,0.00347,0.805,0.2448,1.666,4.7284,80.5,DEGRADED,F3,3,1,cooling_degradation,0.3,1,1,,,,,2,0
2026-08-20T07:25:28.683Z,1787210728683,FAN_DT_001_F3_S03_R01_20260820T071935,1,352.74,FAULT_ACTIVE,F3,0.3,FAN_DT_001,3.0,process-model-3.0.0-build3,435,1,LIVE,SYNCHRONISED,AUTOMATIC,NORMAL,65,1950,1950,0,145,145,0.3,0.3,24.30628,42.1,1.028,1,0.0254,0,207.97,20.3532,0.0033,0.805,0.2448,1.587,4.7423,80.5,DEGRADED,F3,3,1,cooling_degradation,0.3,1,1,,,,,2,0
2026-08-20T07:25:29.710Z,1787210729710,FAN_DT_001_F3_S03_R01_20260820T071935,1,353.767,FAULT_ACTIVE,F3,0.3,FAN_DT_001,3.0,process-model-3.0.0-build3,436,1,LIVE,SYNCHRONISED,AUTOMATIC,NORMAL,65,1950,1950,0,145,145,0.3,0.3,24.31557,42.09,1.028,1,0.0254,0,207.97,20.4126,0.00315,0.805,0.2448,1.515,4.7561,80.5,DEGRADED,F3,3,1,cooling_degradation,0.3,1,1,,,,,2,0
2026-08-20T07:25:30.745Z,1787210730745,FAN_DT_001_F3_S03_R01_20260820T071935,1,354.802,FAULT_ACTIVE,F3,0.3,FAN_DT_001,3.0,process-model-3.0.0-build3,437,1,LIVE,SYNCHRONISED,AUTOMATIC,NORMAL,65,1950,1950,0,145,145,0.3,0.3,24.32523,42.09,1.028,1,0.0254,0,207.97,20.4721,0.003,0.805,0.2448,1.441,4.77,80.5,DEGRADED,F3,3,1,cooling_degradation,0.3,1,1,,,,,2,0
2026-08-20T07:25:31.777Z,1787210731777,FAN_DT_001_F3_S03_R01_20260820T071935,1,355.834,FAULT_ACTIVE,F3,0.3,FAN_DT_001,3.0,process-model-3.0.0-build3,438,1,LIVE,SYNCHRONISED,AUTOMATIC,NORMAL,65,1950,1950,0,145,145,0.3,0.3,24.33528,42.09,1.028,1,0.0254,0,207.97,20.5318,0.00282,0.805,0.2448,1.355,4.7839,80.5,DEGRADED,F3,3,1,cooling_degradation,0.3,1,1,,,,,2,0
2026-08-20T07:25:32.817Z,1787210732817,FAN_DT_001_F3_S03_R01_20260820T071935,1,356.874,FAULT_ACTIVE,F3,0.3,FAN_DT_001,3.0,process-model-3.0.0-build3,439,1,LIVE,SYNCHRONISED,AUTOMATIC,NORMAL,65,1950,1950,0,145,145,0.3,0.3,24.34563,42.08,1.028,1,0.0254,0,207.97,20.5913,0.00265,0.805,0.2448,1.275,4.7978,80.5,DEGRADED,F3,3,1,cooling_degradation,0.3,1,1,,,,,2,0
2026-08-20T07:25:33.856Z,1787210733856,FAN_DT_001_F3_S03_R01_20260820T071935,1,357.913,FAULT_ACTIVE,F3,0.3,FAN_DT_001,3.0,process-model-3.0.0-build3,440,1,LIVE,SYNCHRONISED,AUTOMATIC,NORMAL,65,1950,1950,0,145,145,0.3,0.3,24.35639,42.08,1.028,1,0.0254,0,207.97,20.6511,0.00249,0.805,0.2448,1.199,4.8117,80.5,DEGRADED,F3,3,1,cooling_degradation,0.3,1,1,,,,,2,0
2026-08-20T07:25:34.898Z,1787210734898,FAN_DT_001_F3_S03_R01_20260820T071935,1,358.954,FAULT_ACTIVE,F3,0.3,FAN_DT_001,3.0,process-model-3.0.0-build3,441,1,LIVE,SYNCHRONISED,AUTOMATIC,NORMAL,65,1950,1950,0,145,145,0.3,0.3,24.36741,42.08,1.028,1,0.0254,0,207.97,20.7105,0.00232,0.805,0.2448,1.115,4.8255,80.5,DEGRADED,F3,3,1,cooling_degradation,0.3,1,1,,,,,2,0
2026-08-20T07:25:35.911Z,1787210735911,FAN_DT_001_F3_S03_R01_20260820T071935,1,359.968,FAULT_ACTIVE,F3,0.3,FAN_DT_001,3.0,process-model-3.0.0-build3,442,1,LIVE,SYNCHRONISED,AUTOMATIC,NORMAL,65,1950,1950,0,145,145,0.3,0.3,24.37883,42.08,1.028,1,0.0254,0,207.97,20.7702,0.00212,0.805,0.2448,1.019,4.8395,80.5,DEGRADED,F3,3,1,cooling_degradation,0.3,1,1,,,,,2,0
2026-08-20T07:25:36.945Z,1787210736945,FAN_DT_001_F3_S03_R01_20260820T071935,1,361.003,FAULT_ACTIVE,F3,0.3,FAN_DT_001,3.0,process-model-3.0.0-build3,443,1,LIVE,SYNCHRONISED,AUTOMATIC,NORMAL,65,1950,1950,0,145,145,0.3,0.3,24.39052,42.08,1.028,1,0.0254,0,207.97,20.8296,0.00195,0.805,0.2448,0.938,4.8533,80.5,DEGRADED,F3,3,1,cooling_degradation,0.3,1,1,,,,,2,0
2026-08-20T07:25:37.975Z,1787210737975,FAN_DT_001_F3_S03_R01_20260820T071935,1,362.032,FAULT_ACTIVE,F3,0.3,FAN_DT_001,3.0,process-model-3.0.0-build3,444,1,LIVE,SYNCHRONISED,AUTOMATIC,NORMAL,65,1950,1950,0,145,145,0.3,0.3,24.40258,42.07,1.028,1,0.0254,0,207.97,20.8894,0.00179,0.805,0.2448,0.859,4.8672,80.5,DEGRADED,F3,3,1,cooling_degradation,0.3,1,1,,,,,2,0
2026-08-20T07:25:39.013Z,1787210739013,FAN_DT_001_F3_S03_R01_20260820T071935,1,363.069,FAULT_ACTIVE,F3,0.3,FAN_DT_001,3.0,process-model-3.0.0-build3,445,1,LIVE,SYNCHRONISED,AUTOMATIC,NORMAL,65,1950,1950,0,145,145,0.3,0.3,24.41492,42.07,1.028,1,0.0254,0,207.97,20.9489,0.00159,0.805,0.2448,0.764,4.8811,80.5,DEGRADED,F3,3,1,cooling_degradation,0.3,1,1,,,,,2,0
2026-08-20T07:25:40.037Z,1787210740037,FAN_DT_001_F3_S03_R01_20260820T071935,1,364.094,FAULT_ACTIVE,F3,0.3,FAN_DT_001,3.0,process-model-3.0.0-build3,446,1,LIVE,SYNCHRONISED,AUTOMATIC,NORMAL,65,1950,1950,0,145,145,0.3,0.3,24.42752,42.07,1.028,1,0.0254,0,207.97,21.0082,0.00142,0.805,0.2448,0.684,4.8949,80.5,DEGRADED,F3,3,1,cooling_degradation,0.3,1,1,,,,,2,0
2026-08-20T07:25:41.068Z,1787210741068,FAN_DT_001_F3_S03_R01_20260820T071935,1,365.125,FAULT_ACTIVE,F3,0.3,FAN_DT_001,3.0,process-model-3.0.0-build3,447,1,LIVE,SYNCHRONISED,AUTOMATIC,NORMAL,65,1950,1950,0,145,145,0.3,0.3,24.44046,42.07,1.028,1,0.0254,0,207.97,21.0677,0.00124,0.805,0.2448,0.598,4.9088,80.5,DEGRADED,F3,3,1,cooling_degradation,0.3,1,1,,,,,2,0
2026-08-20T07:25:42.102Z,1787210742102,FAN_DT_001_F3_S03_R01_20260820T071935,1,366.159,FAULT_ACTIVE,F3,0.3,FAN_DT_001,3.0,process-model-3.0.0-build3,448,1,LIVE,SYNCHRONISED,AUTOMATIC,NORMAL,65,1950,1950,0,145,145,0.3,0.3,24.4537,42.07,1.028,1,0.0254,0,207.97,21.1273,0.00106,0.805,0.2448,0.51,4.9226,80.5,DEGRADED,F3,3,1,cooling_degradation,0.3,1,1,,,,,2,0
2026-08-20T07:25:43.134Z,1787210743134,FAN_DT_001_F3_S03_R01_20260820T071935,1,367.19,FAULT_ACTIVE,F3,0.3,FAN_DT_001,3.0,process-model-3.0.0-build3,449,1,LIVE,SYNCHRONISED,AUTOMATIC,NORMAL,65,1950,1950,0,145,145,0.3,0.3,24.46725,42.07,1.028,1,0.0254,0,207.97,21.1869,0.00087,0.805,0.2448,0.417,4.9365,80.5,DEGRADED,F3,3,1,cooling_degradation,0.3,1,1,,,,,2,0
2026-08-20T07:25:44.200Z,1787210744200,FAN_DT_001_F3_S03_R01_20260820T071935,1,368.259,FAULT_ACTIVE,F3,0.3,FAN_DT_001,3.0,process-model-3.0.0-build3,450,1,LIVE,SYNCHRONISED,AUTOMATIC,NORMAL,65,1950,1950,0,145,145,0.3,0.3,24.48106,42.07,1.028,1,0.0254,0,207.97,21.2464,0.0007,0.805,0.2448,0.335,4.9504,80.5,DEGRADED,F3,3,1,cooling_degradation,0.3,1,1,,,,,2,0
2026-08-20T07:25:45.198Z,1787210745198,FAN_DT_001_F3_S03_R01_20260820T071935,1,369.255,FAULT_ACTIVE,F3,0.3,FAN_DT_001,3.0,process-model-3.0.0-build3,451,1,LIVE,SYNCHRONISED,AUTOMATIC,NORMAL,65,1950,1950,0,145,145,0.3,0.3,24.49511,42.07,1.028,1,0.0254,0,207.97,21.3058,0.00049,0.805,0.2448,0.236,4.9643,80.5,DEGRADED,F3,3,1,cooling_degradation,0.3,1,1,,,,,2,0
2026-08-20T07:25:46.231Z,1787210746231,FAN_DT_001_F3_S03_R01_20260820T071935,1,370.288,FAULT_ACTIVE,F3,0.3,FAN_DT_001,3.0,process-model-3.0.0-build3,452,1,LIVE,SYNCHRONISED,AUTOMATIC,NORMAL,65,1950,1950,0,145,145,0.3,0.3,24.50948,42.06,1.028,1,0.0254,0,207.97,21.3655,0.00031,0.805,0.2448,0.148,4.9782,80.5,DEGRADED,F3,3,1,cooling_degradation,0.3,1,1,,,,,2,0
2026-08-20T07:25:47.261Z,1787210747261,FAN_DT_001_F3_S03_R01_20260820T071935,1,371.318,FAULT_ACTIVE,F3,0.3,FAN_DT_001,3.0,process-model-3.0.0-build3,453,1,LIVE,SYNCHRONISED,AUTOMATIC,NORMAL,65,1950,1950,0,145,145,0.3,0.3,24.52406,42.06,1.028,1,0.0254,0,207.97,21.4249,0.00012,0.805,0.2448,0.056,4.992,80.5,DEGRADED,F3,3,1,cooling_degradation,0.3,1,1,,,,,2,0
2026-08-20T07:25:48.296Z,1787210748296,FAN_DT_001_F3_S03_R01_20260820T071935,1,372.353,FAULT_ACTIVE,F3,0.3,FAN_DT_001,3.0,process-model-3.0.0-build3,454,1,LIVE,SYNCHRONISED,AUTOMATIC,NORMAL,65,1950,1950,0,145,145,0.3,0.3,24.53892,42.06,1.028,1,0.0254,0,207.97,21.4845,-0.00006,0.805,0.2448,0.029,5.0059,80.5,DEGRADED,F3,3,1,cooling_degradation,0.3,1,1,,,,,2,0
2026-08-20T07:25:49.328Z,1787210749328,FAN_DT_001_F3_S03_R01_20260820T071935,1,373.385,FAULT_ACTIVE,F3,0.3,FAN_DT_001,3.0,process-model-3.0.0-build3,455,1,LIVE,SYNCHRONISED,AUTOMATIC,NORMAL,65,1950,1950,0,145,145,0.3,0.3,24.55407,42.06,1.028,1,0.0254,0,207.97,21.5443,-0.00026,0.805,0.2448,0.125,5.0198,80.5,DEGRADED,F3,3,1,cooling_degradation,0.3,1,1,,,,,2,0
2026-08-20T07:25:50.363Z,1787210750363,FAN_DT_001_F3_S03_R01_20260820T071935,1,374.419,FAULT_ACTIVE,F3,0.3,FAN_DT_001,3.0,process-model-3.0.0-build3,456,1,LIVE,SYNCHRONISED,AUTOMATIC,NORMAL,65,1950,1950,0,145,145,0.3,0.3,24.56935,42.07,1.028,1,0.0254,0,207.97,21.6036,-0.00045,0.805,0.2448,0.215,5.0336,80.5,DEGRADED,F3,3,1,cooling_degradation,0.3,1,1,,,,,2,0
2026-08-20T07:25:51.401Z,1787210751401,FAN_DT_001_F3_S03_R01_20260820T071935,1,375.457,FAULT_ACTIVE,F3,0.3,FAN_DT_001,3.0,process-model-3.0.0-build3,457,1,LIVE,SYNCHRONISED,AUTOMATIC,NORMAL,65,1950,1950,0,145,145,0.3,0.3,24.58495,42.07,1.028,1,0.0254,0,207.97,21.6633,-0.00064,0.805,0.2448,0.306,5.0476,80.5,DEGRADED,F3,3,1,cooling_degradation,0.3,1,1,,,,,2,0
2026-08-20T07:25:52.428Z,1787210752428,FAN_DT_001_F3_S03_R01_20260820T071935,1,376.485,FAULT_ACTIVE,F3,0.3,FAN_DT_001,3.0,process-model-3.0.0-build3,458,1,LIVE,SYNCHRONISED,AUTOMATIC,NORMAL,65,1950,1950,0,145,145,0.3,0.3,24.60068,42.07,1.028,1,0.0254,0,207.97,21.7227,-0.00082,0.805,0.2448,0.395,5.0614,80.5,DEGRADED,F3,3,1,cooling_degradation,0.3,1,1,,,,,2,0
2026-08-20T07:25:53.503Z,1787210753503,FAN_DT_001_F3_S03_R01_20260820T071935,1,377.561,FAULT_ACTIVE,F3,0.3,FAN_DT_001,3.0,process-model-3.0.0-build3,459,1,LIVE,SYNCHRONISED,AUTOMATIC,NORMAL,65,1950,1950,0,145,145,0.3,0.3,24.61674,42.07,1.028,1,0.0254,0,207.97,21.7826,-0.00102,0.805,0.2448,0.491,5.0753,80.5,DEGRADED,F3,3,1,cooling_degradation,0.3,1,1,,,,,2,0
2026-08-20T07:25:54.492Z,1787210754492,FAN_DT_001_F3_S03_R01_20260820T071935,1,378.548,FAULT_ACTIVE,F3,0.3,FAN_DT_001,3.0,process-model-3.0.0-build3,460,1,LIVE,SYNCHRONISED,AUTOMATIC,NORMAL,65,1950,1950,0,145,145,0.3,0.3,24.63284,42.07,1.028,1,0.0254,0,207.97,21.8418,-0.00121,0.805,0.2448,0.582,5.0891,80.5,DEGRADED,F3,3,1,cooling_degradation,0.3,1,1,,,,,2,0
2026-08-20T07:25:55.523Z,1787210755523,FAN_DT_001_F3_S03_R01_20260820T071935,1,379.579,FAULT_ACTIVE,F3,0.3,FAN_DT_001,3.0,process-model-3.0.0-build3,461,1,LIVE,SYNCHRONISED,AUTOMATIC,NORMAL,65,1950,1950,0,145,145,0.3,0.3,24.64927,42.07,1.028,1,0.0254,0,207.97,21.9015,-0.00139,0.805,0.2448,0.67,5.1031,80.5,DEGRADED,F3,3,1,cooling_degradation,0.3,1,1,,,,,2,0
2026-08-20T07:25:56.557Z,1787210756557,FAN_DT_001_F3_S03_R01_20260820T071935,1,380.616,FAULT_ACTIVE,F3,0.3,FAN_DT_001,3.0,process-model-3.0.0-build3,462,1,LIVE,SYNCHRONISED,AUTOMATIC,NORMAL,65,1950,1950,0,145,145,0.3,0.3,24.66577,42.07,1.028,1,0.0254,0,207.97,21.9608,-0.00159,0.805,0.2448,0.762,5.1169,80.5,DEGRADED,F3,3,1,cooling_degradation,0.3,1,1,,,,,2,0
2026-08-20T07:25:57.587Z,1787210757587,FAN_DT_001_F3_S03_R01_20260820T071935,1,381.644,FAULT_ACTIVE,F3,0.3,FAN_DT_001,3.0,process-model-3.0.0-build3,463,1,LIVE,SYNCHRONISED,AUTOMATIC,NORMAL,65,1950,1950,0,145,145,0.3,0.3,24.68257,42.07,1.028,1,0.0254,0,207.97,22.0206,-0.0018,0.805,0.2448,0.866,5.1308,80.5,DEGRADED,F3,3,1,cooling_degradation,0.3,1,1,,,,,2,0
2026-08-20T07:25:58.623Z,1787210758623,FAN_DT_001_F3_S03_R01_20260820T071935,1,382.68,FAULT_ACTIVE,F3,0.3,FAN_DT_001,3.0,process-model-3.0.0-build3,464,1,LIVE,SYNCHRONISED,AUTOMATIC,NORMAL,65,1950,1950,0,145,145,0.3,0.3,24.69944,42.08,1.028,1,0.0254,0,207.97,22.0801,-0.00197,0.805,0.2448,0.945,5.1447,80.5,DEGRADED,F3,3,1,cooling_degradation,0.3,1,1,,,,,2,0
2026-08-20T07:25:59.654Z,1787210759654,FAN_DT_001_F3_S03_R01_20260820T071935,1,383.714,FAULT_ACTIVE,F3,0.3,FAN_DT_001,3.0,process-model-3.0.0-build3,465,1,LIVE,SYNCHRONISED,AUTOMATIC,NORMAL,65,1950,1950,0,145,145,0.3,0.3,24.71656,42.08,1.028,1,0.0254,0,207.97,22.1398,-0.00218,0.805,0.2448,1.046,5.1586,80.5,DEGRADED,F3,3,1,cooling_degradation,0.3,1,1,,,,,2,0
2026-08-20T07:26:00.699Z,1787210760699,FAN_DT_001_F3_S03_R01_20260820T071935,1,384.757,FAULT_ACTIVE,F3,0.3,FAN_DT_001,3.0,process-model-3.0.0-build3,466,1,LIVE,SYNCHRONISED,AUTOMATIC,NORMAL,65,1950,1950,0,145,145,0.3,0.3,24.73372,42.08,1.028,1,0.0254,0,207.97,22.1992,-0.00235,0.805,0.2448,1.129,5.1724,80.5,DEGRADED,F3,3,1,cooling_degradation,0.3,1,1,,,,,2,0
2026-08-20T07:26:01.720Z,1787210761720,FAN_DT_001_F3_S03_R01_20260820T071935,1,385.778,FAULT_ACTIVE,F3,0.3,FAN_DT_001,3.0,process-model-3.0.0-build3,467,1,LIVE,SYNCHRONISED,AUTOMATIC,NORMAL,65,1950,1950,0,145,145,0.3,0.3,24.75116,42.08,1.028,1,0.0254,0,207.97,22.259,-0.00255,0.805,0.2448,1.228,5.1864,80.5,DEGRADED,F3,3,1,cooling_degradation,0.3,1,1,,,,,2,0
2026-08-20T07:26:02.756Z,1787210762756,FAN_DT_001_F3_S03_R01_20260820T071935,1,386.812,FAULT_ACTIVE,F3,0.3,FAN_DT_001,3.0,process-model-3.0.0-build3,468,1,LIVE,SYNCHRONISED,AUTOMATIC,NORMAL,65,1950,1950,0,145,145,0.3,0.3,24.7686,42.09,1.028,1,0.0254,0,207.97,22.3185,-0.00274,0.805,0.2448,1.316,5.2002,80.5,DEGRADED,F3,3,1,cooling_degradation,0.3,1,1,,,,,2,0
2026-08-20T07:26:03.787Z,1787210763787,FAN_DT_001_F3_S03_R01_20260820T071935,1,387.844,FAULT_ACTIVE,F3,0.3,FAN_DT_001,3.0,process-model-3.0.0-build3,469,1,LIVE,SYNCHRONISED,AUTOMATIC,NORMAL,65,1950,1950,0,145,145,0.3,0.3,24.78628,42.09,1.028,1,0.0254,0,207.97,22.3783,-0.00294,0.805,0.2448,1.412,5.2141,80.5,DEGRADED,F3,3,1,cooling_degradation,0.3,1,1,,,,,2,0
2026-08-20T07:26:04.824Z,1787210764824,FAN_DT_001_F3_S03_R01_20260820T071935,1,388.88,FAULT_ACTIVE,F3,0.3,FAN_DT_001,3.0,process-model-3.0.0-build3,470,1,LIVE,SYNCHRONISED,AUTOMATIC,NORMAL,65,1950,1950,0,145,145,0.3,0.3,24.80396,42.09,1.028,1,0.0254,0,207.97,22.4377,-0.00312,0.805,0.2448,1.498,5.228,80.5,DEGRADED,F3,3,1,cooling_degradation,0.3,1,1,,,,,2,0
2026-08-20T07:26:05.857Z,1787210765857,FAN_DT_001_F3_S03_R01_20260820T071935,1,389.914,FAULT_ACTIVE,F3,0.3,FAN_DT_001,3.0,process-model-3.0.0-build3,471,1,LIVE,SYNCHRONISED,AUTOMATIC,NORMAL,65,1950,1950,0,145,145,0.3,0.3,24.82185,42.09,1.028,1,0.0254,0,207.97,22.4975,-0.0033,0.805,0.2448,1.587,5.2419,80.5,DEGRADED,F3,3,1,cooling_degradation,0.3,1,1,,,,,2,0
2026-08-20T07:26:06.895Z,1787210766895,FAN_DT_001_F3_S03_R01_20260820T071935,1,390.951,FAULT_ACTIVE,F3,0.3,FAN_DT_001,3.0,process-model-3.0.0-build3,472,1,LIVE,SYNCHRONISED,AUTOMATIC,NORMAL,65,1950,1950,0,145,145,0.3,0.3,24.83975,42.1,1.028,1,0.0254,0,207.97,22.557,-0.00347,0.805,0.2448,1.67,5.2558,80.5,DEGRADED,F3,3,1,cooling_degradation,0.3,1,1,,,,,2,0
2026-08-20T07:26:07.922Z,1787210767922,FAN_DT_001_F3_S03_R01_20260820T071935,1,391.979,FAULT_ACTIVE,F3,0.3,FAN_DT_001,3.0,process-model-3.0.0-build3,473,1,LIVE,SYNCHRONISED,AUTOMATIC,NORMAL,65,1950,1950,0,145,145,0.3,0.3,24.85778,42.1,1.028,1,0.0254,0,207.97,22.6167,-0.00366,0.805,0.2448,1.761,5.2697,80.5,DEGRADED,F3,3,1,cooling_degradation,0.3,1,1,,,,,2,0
2026-08-20T07:26:08.956Z,1787210768956,FAN_DT_001_F3_S03_R01_20260820T071935,1,393.012,FAULT_ACTIVE,F3,0.3,FAN_DT_001,3.0,process-model-3.0.0-build3,474,1,LIVE,SYNCHRONISED,AUTOMATIC,NORMAL,65,1950,1950,0,145,145,0.3,0.3,24.87587,42.11,1.028,1,0.0254,0,207.97,22.6763,-0.00384,0.805,0.2448,1.848,5.2836,80.5,DEGRADED,F3,3,1,cooling_degradation,0.3,1,1,,,,,2,0
2026-08-20T07:26:10.000Z,1787210770000,FAN_DT_001_F3_S03_R01_20260820T071935,1,394.056,FAULT_ACTIVE,F3,0.3,FAN_DT_001,3.0,process-model-3.0.0-build3,475,1,LIVE,SYNCHRONISED,AUTOMATIC,NORMAL,65,1950,1950,0,145,145,0.3,0.3,24.8939,42.11,1.028,1,0.0254,0,207.97,22.7355,-0.00403,0.805,0.2448,1.936,5.2974,80.5,DEGRADED,F3,3,1,cooling_degradation,0.3,1,1,,,,,2,0
2026-08-20T07:26:11.016Z,1787210771016,FAN_DT_001_F3_S03_R01_20260820T071935,1,395.073,FAULT_ACTIVE,F3,0.3,FAN_DT_001,3.0,process-model-3.0.0-build3,476,1,LIVE,SYNCHRONISED,AUTOMATIC,NORMAL,65,1950,1950,0,145,145,0.3,0.3,24.91215,42.11,1.028,1,0.0254,0,207.97,22.7952,-0.0042,0.805,0.2448,2.019,5.3113,80.5,DEGRADED,F3,3,1,cooling_degradation,0.3,1,1,,,,,2,0
2026-08-20T07:26:12.054Z,1787210772054,FAN_DT_001_F3_S03_R01_20260820T071935,1,396.111,FAULT_ACTIVE,F3,0.3,FAN_DT_001,3.0,process-model-3.0.0-build3,477,1,LIVE,SYNCHRONISED,AUTOMATIC,NORMAL,65,1950,1950,0,145,145,0.3,0.3,24.93035,42.12,1.028,1,0.0254,0,207.97,22.8547,-0.00437,0.805,0.2448,2.1,5.3251,80.5,DEGRADED,F3,3,1,cooling_degradation,0.3,1,1,,,,,2,0
2026-08-20T07:26:13.084Z,1787210773084,FAN_DT_001_F3_S03_R01_20260820T071935,1,397.14,FAULT_ACTIVE,F3,0.3,FAN_DT_001,3.0,process-model-3.0.0-build3,478,1,LIVE,SYNCHRONISED,AUTOMATIC,NORMAL,65,1950,1950,0,145,145,0.3,0.3,24.94872,42.12,1.028,1,0.0254,0,207.97,22.9145,-0.00454,0.805,0.2448,2.184,5.3391,80.5,DEGRADED,F3,3,1,cooling_degradation,0.3,1,1,,,,,2,0
2026-08-20T07:26:14.118Z,1787210774118,FAN_DT_001_F3_S03_R01_20260820T071935,1,398.175,FAULT_ACTIVE,F3,0.3,FAN_DT_001,3.0,process-model-3.0.0-build3,479,1,LIVE,SYNCHRONISED,AUTOMATIC,NORMAL,65,1950,1950,0,145,145,0.3,0.3,24.96697,42.13,1.028,1,0.0254,0,207.97,22.9739,-0.00471,0.805,0.2448,2.265,5.3529,80.5,DEGRADED,F3,3,1,cooling_degradation,0.3,1,1,,,,,2,0
2026-08-20T07:26:15.147Z,1787210775147,FAN_DT_001_F3_S03_R01_20260820T071935,1,399.205,FAULT_ACTIVE,F3,0.3,FAN_DT_001,3.0,process-model-3.0.0-build3,480,1,LIVE,SYNCHRONISED,AUTOMATIC,NORMAL,65,1950,1950,0,145,145,0.3,0.3,24.98529,42.13,1.028,1,0.0254,0,207.97,23.0335,-0.00488,0.805,0.2448,2.348,5.3668,80.5,DEGRADED,F3,3,1,cooling_degradation,0.3,1,1,,,,,2,0
2026-08-20T07:26:16.182Z,1787210776182,FAN_DT_001_F3_S03_R01_20260820T071935,1,400.241,FAULT_ACTIVE,F3,0.3,FAN_DT_001,3.0,process-model-3.0.0-build3,481,1,LIVE,SYNCHRONISED,AUTOMATIC,NORMAL,65,1950,1950,0,145,145,0.3,0.3,25.00358,42.14,1.028,1,0.0254,0,207.97,23.0929,-0.00506,0.805,0.2448,2.432,5.3806,80.5,DEGRADED,F3,3,1,cooling_degradation,0.3,1,1,,,,,2,0
2026-08-20T07:26:17.214Z,1787210777214,FAN_DT_001_F3_S03_R01_20260820T071935,1,401.271,FAULT_ACTIVE,F3,0.3,FAN_DT_001,3.0,process-model-3.0.0-build3,482,1,LIVE,SYNCHRONISED,AUTOMATIC,NORMAL,65,1950,1950,0,145,145,0.3,0.3,25.02199,42.14,1.028,1,0.0254,0,207.97,23.1528,-0.00521,0.805,0.2448,2.504,5.3946,80.5,DEGRADED,F3,3,1,cooling_degradation,0.3,1,1,,,,,2,0
2026-08-20T07:26:18.249Z,1787210778249,FAN_DT_001_F3_S03_R01_20260820T071935,1,402.305,FAULT_ACTIVE,F3,0.3,FAN_DT_001,3.0,process-model-3.0.0-build3,483,1,LIVE,SYNCHRONISED,AUTOMATIC,NORMAL,65,1950,1950,0,145,145,0.3,0.3,25.04026,42.15,1.028,1,0.0254,0,207.97,23.2121,-0.00537,0.805,0.2448,2.585,5.4084,80.5,DEGRADED,F3,3,1,cooling_degradation,0.3,1,1,,,,,2,0
2026-08-20T07:26:19.300Z,1787210779300,FAN_DT_001_F3_S03_R01_20260820T071935,1,403.357,FAULT_ACTIVE,F3,0.3,FAN_DT_001,3.0,process-model-3.0.0-build3,484,1,LIVE,SYNCHRONISED,AUTOMATIC,NORMAL,65,1950,1950,0,145,145,0.3,0.3,25.05864,42.15,1.028,1,0.0254,0,207.97,23.272,-0.00554,0.805,0.2448,2.664,5.4224,80.5,DEGRADED,F3,3,1,cooling_degradation,0.3,1,1,,,,,2,0
2026-08-20T07:26:20.315Z,1787210780315,FAN_DT_001_F3_S03_R01_20260820T071935,1,404.372,FAULT_ACTIVE,F3,0.3,FAN_DT_001,3.0,process-model-3.0.0-build3,485,1,LIVE,SYNCHRONISED,AUTOMATIC,NORMAL,65,1950,1950,0,145,145,0.3,0.3,25.07685,42.16,1.028,1,0.0254,0,207.97,23.3314,-0.00571,0.805,0.2448,2.744,5.4362,80.5,DEGRADED,F3,3,1,cooling_degradation,0.3,1,1,,,,,2,0
2026-08-20T07:26:21.347Z,1787210781347,FAN_DT_001_F3_S03_R01_20260820T071935,1,405.405,FAULT_ACTIVE,F3,0.3,FAN_DT_001,3.0,process-model-3.0.0-build3,486,1,LIVE,SYNCHRONISED,AUTOMATIC,NORMAL,65,1950,1950,0,145,145,0.3,0.3,25.09509,42.17,1.028,1,0.0254,0,207.97,23.391,-0.00586,0.805,0.2448,2.817,5.4501,80.5,DEGRADED,F3,3,1,cooling_degradation,0.3,1,1,,,,,2,0
2026-08-20T07:26:22.380Z,1787210782380,FAN_DT_001_F3_S03_R01_20260820T071935,1,406.438,FAULT_ACTIVE,F3,0.3,FAN_DT_001,3.0,process-model-3.0.0-build3,487,1,LIVE,SYNCHRONISED,AUTOMATIC,NORMAL,65,1950,1950,0,145,145,0.3,0.3,25.11326,42.17,1.028,1,0.0254,0,207.97,23.4505,-0.00601,0.805,0.2448,2.89,5.464,80.5,DEGRADED,F3,3,1,cooling_degradation,0.3,1,1,,,,,2,0
2026-08-20T07:26:23.415Z,1787210783415,FAN_DT_001_F3_S03_R01_20260820T071935,1,407.472,FAULT_ACTIVE,F3,0.3,FAN_DT_001,3.0,process-model-3.0.0-build3,488,1,LIVE,SYNCHRONISED,AUTOMATIC,NORMAL,65,1950,1950,0,145,145,0.3,0.3,25.13136,42.18,1.028,1,0.0254,0,207.97,23.51,-0.00616,0.805,0.2448,2.961,5.4778,80.5,DEGRADED,F3,3,1,cooling_degradation,0.3,1,1,,,,,2,0
2026-08-20T07:26:24.445Z,1787210784445,FAN_DT_001_F3_S03_R01_20260820T071935,1,408.502,FAULT_ACTIVE,F3,0.3,FAN_DT_001,3.0,process-model-3.0.0-build3,489,1,LIVE,SYNCHRONISED,AUTOMATIC,NORMAL,65,1950,1950,0,145,145,0.3,0.3,25.14945,42.19,1.028,1,0.0254,0,207.97,23.5698,-0.00631,0.805,0.2448,3.033,5.4918,80.5,DEGRADED,F3,3,1,cooling_degradation,0.3,1,1,,,,,2,0
2026-08-20T07:26:25.472Z,1787210785472,FAN_DT_001_F3_S03_R01_20260820T071935,1,409.53,FAULT_ACTIVE,F3,0.3,FAN_DT_001,3.0,process-model-3.0.0-build3,490,1,LIVE,SYNCHRONISED,AUTOMATIC,NORMAL,65,1950,1950,0,145,145,0.3,0.3,25.16721,42.19,1.028,1,0.0254,0,207.97,23.6287,-0.00646,0.805,0.2448,3.104,5.5055,80.5,DEGRADED,F3,3,1,cooling_degradation,0.3,1,1,,,,,2,0
2026-08-20T07:26:26.502Z,1787210786502,FAN_DT_001_F3_S03_R01_20260820T071935,1,410.558,FAULT_ACTIVE,F3,0.3,FAN_DT_001,3.0,process-model-3.0.0-build3,491,1,LIVE,SYNCHRONISED,AUTOMATIC,NORMAL,65,1950,1950,0,145,145,0.3,0.3,25.18517,42.2,1.028,1,0.0254,0,207.97,23.6885,-0.0066,0.805,0.2448,3.174,5.5194,80.5,DEGRADED,F3,3,1,cooling_degradation,0.3,1,1,,,,,2,0
2026-08-20T07:26:27.536Z,1787210787536,FAN_DT_001_F3_S03_R01_20260820T071935,1,411.592,FAULT_ACTIVE,F3,0.3,FAN_DT_001,3.0,process-model-3.0.0-build3,492,1,LIVE,SYNCHRONISED,AUTOMATIC,NORMAL,65,1950,1950,0,145,145,0.3,0.3,25.20289,42.21,1.028,1,0.0254,0,207.97,23.7478,-0.00673,0.805,0.2448,3.238,5.5332,80.5,DEGRADED,F3,3,1,cooling_degradation,0.3,1,1,,,,,2,0
2026-08-20T07:26:28.598Z,1787210788598,FAN_DT_001_F3_S03_R01_20260820T071935,1,412.655,FAULT_ACTIVE,F3,0.3,FAN_DT_001,3.0,process-model-3.0.0-build3,493,1,LIVE,SYNCHRONISED,AUTOMATIC,NORMAL,65,1950,1950,0,145,145,0.3,0.3,25.22065,42.21,1.028,1,0.0254,0,207.97,23.8077,-0.00687,0.805,0.2448,3.305,5.5472,80.5,DEGRADED,F3,3,1,cooling_degradation,0.3,1,1,,,,,2,0
2026-08-20T07:26:29.604Z,1787210789604,FAN_DT_001_F3_S03_R01_20260820T071935,1,413.66,FAULT_ACTIVE,F3,0.3,FAN_DT_001,3.0,process-model-3.0.0-build3,494,1,LIVE,SYNCHRONISED,AUTOMATIC,NORMAL,65,1950,1950,0,145,145,0.3,0.3,25.23814,42.22,1.028,1,0.0254,0,207.97,23.867,-0.00699,0.805,0.2448,3.363,5.561,80.5,DEGRADED,F3,3,1,cooling_degradation,0.3,1,1,,,,,2,0
2026-08-20T07:26:30.637Z,1787210790637,FAN_DT_001_F3_S03_R01_20260820T071935,1,414.694,FAULT_ACTIVE,F3,0.3,FAN_DT_001,3.0,process-model-3.0.0-build3,495,1,LIVE,SYNCHRONISED,AUTOMATIC,NORMAL,65,1950,1950,0,145,145,0.3,0.3,25.25562,42.23,1.028,1,0.0254,0,207.97,23.9267,-0.00715,0.805,0.2448,3.436,5.5749,80.5,DEGRADED,F3,3,1,cooling_degradation,0.3,1,1,,,,,2,0
2026-08-20T07:26:31.664Z,1787210791664,FAN_DT_001_F3_S03_R01_20260820T071935,1,415.72,FAULT_ACTIVE,F3,0.3,FAN_DT_001,3.0,process-model-3.0.0-build3,496,1,LIVE,SYNCHRONISED,AUTOMATIC,NORMAL,65,1950,1950,0,145,145,0.3,0.3,25.27292,42.23,1.028,1,0.0254,0,207.97,23.9863,-0.00725,0.805,0.2448,3.488,5.5888,80.5,DEGRADED,F3,3,1,cooling_degradation,0.3,1,1,,,,,2,0
2026-08-20T07:26:32.700Z,1787210792700,FAN_DT_001_F3_S03_R01_20260820T071935,1,416.757,FAULT_ACTIVE,F3,0.3,FAN_DT_001,3.0,process-model-3.0.0-build3,497,1,LIVE,SYNCHRONISED,AUTOMATIC,NORMAL,65,1950,1950,0,145,145,0.3,0.3,25.29003,42.24,1.028,1,0.0254,0,207.97,24.0457,-0.00739,0.805,0.2448,3.553,5.6026,80.5,DEGRADED,F3,3,1,cooling_degradation,0.3,1,1,,,,,2,0
2026-08-20T07:26:33.732Z,1787210793732,FAN_DT_001_F3_S03_R01_20260820T071935,1,417.79,FAULT_ACTIVE,F3,0.3,FAN_DT_001,3.0,process-model-3.0.0-build3,498,1,LIVE,SYNCHRONISED,AUTOMATIC,NORMAL,65,1950,1950,0,145,145,0.3,0.3,25.30711,42.25,1.028,1,0.0254,0,207.97,24.1055,-0.00751,0.805,0.2448,3.612,5.6166,80.5,DEGRADED,F3,3,1,cooling_degradation,0.3,1,1,,,,,2,0
2026-08-20T07:26:34.767Z,1787210794767,FAN_DT_001_F3_S03_R01_20260820T071935,1,418.824,FAULT_ACTIVE,F3,0.3,FAN_DT_001,3.0,process-model-3.0.0-build3,499,1,LIVE,SYNCHRONISED,AUTOMATIC,NORMAL,65,1950,1950,0,145,145,0.3,0.3,25.32387,42.26,1.028,1,0.0254,0,207.97,24.1648,-0.00763,0.805,0.2448,3.668,5.6304,80.5,DEGRADED,F3,3,1,cooling_degradation,0.3,1,1,,,,,2,0
2026-08-20T07:26:35.802Z,1787210795802,FAN_DT_001_F3_S03_R01_20260820T071935,1,419.858,FAULT_ACTIVE,F3,0.3,FAN_DT_001,3.0,process-model-3.0.0-build3,500,1,LIVE,SYNCHRONISED,AUTOMATIC,NORMAL,65,1950,1950,0,145,145,0.3,0.3,25.3406,42.27,1.028,1,0.0254,0,207.97,24.2245,-0.00772,0.805,0.2448,3.712,5.6443,80.5,DEGRADED,F3,3,1,cooling_degradation,0.3,1,1,,,,,2,0
2026-08-20T07:26:36.830Z,1787210796830,FAN_DT_001_F3_S03_R01_20260820T071935,1,420.889,FAULT_ACTIVE,F3,0.3,FAN_DT_001,3.0,process-model-3.0.0-build3,501,1,LIVE,SYNCHRONISED,AUTOMATIC,NORMAL,65,1950,1950,0,145,145,0.3,0.3,25.35704,42.27,1.028,1,0.0254,0,207.97,24.2839,-0.00783,0.805,0.2448,3.767,5.6582,80.5,DEGRADED,F3,3,1,cooling_degradation,0.3,1,1,,,,,2,0
2026-08-20T07:26:37.860Z,1787210797860,FAN_DT_001_F3_S03_R01_20260820T071935,1,421.917,FAULT_ACTIVE,F3,0.3,FAN_DT_001,3.0,process-model-3.0.0-build3,502,1,LIVE,SYNCHRONISED,AUTOMATIC,NORMAL,65,1950,1950,0,145,145,0.3,0.3,25.3734,42.28,1.028,1,0.0254,0,207.97,24.3436,-0.00793,0.805,0.2448,3.816,5.6721,80.5,DEGRADED,F3,3,1,cooling_degradation,0.3,1,1,,,,,2,0
2026-08-20T07:26:38.897Z,1787210798897,FAN_DT_001_F3_S03_R01_20260820T071935,1,422.954,FAULT_ACTIVE,F3,0.3,FAN_DT_001,3.0,process-model-3.0.0-build3,503,1,LIVE,SYNCHRONISED,AUTOMATIC,NORMAL,65,1950,1950,0,145,145,0.3,0.3,25.38947,42.29,1.028,1,0.0254,0,207.97,24.4031,-0.00804,0.805,0.2448,3.866,5.6859,80.5,DEGRADED,F3,3,1,cooling_degradation,0.3,1,1,,,,,2,0
2026-08-20T07:26:39.924Z,1787210799924,FAN_DT_001_F3_S03_R01_20260820T071935,1,423.981,FAULT_ACTIVE,F3,0.3,FAN_DT_001,3.0,process-model-3.0.0-build3,504,1,LIVE,SYNCHRONISED,AUTOMATIC,NORMAL,65,1950,1950,0,145,145,0.3,0.3,25.40538,42.3,1.028,1,0.0254,0,207.97,24.4626,-0.00813,0.805,0.2448,3.911,5.6998,80.5,DEGRADED,F3,3,1,cooling_degradation,0.3,1,1,,,,,2,0
2026-08-20T07:26:40.960Z,1787210800960,FAN_DT_001_F3_S03_R01_20260820T071935,1,425.02,FAULT_ACTIVE,F3,0.3,FAN_DT_001,3.0,process-model-3.0.0-build3,505,1,LIVE,SYNCHRONISED,AUTOMATIC,NORMAL,65,1950,1950,0,145,145,0.3,0.3,25.42103,42.31,1.028,1,0.0254,0,207.97,24.522,-0.00824,0.805,0.2448,3.963,5.7136,80.5,DEGRADED,F3,3,1,cooling_degradation,0.3,1,1,,,,,2,0
2026-08-20T07:26:41.991Z,1787210801991,FAN_DT_001_F3_S03_R01_20260820T071935,1,426.048,FAULT_ACTIVE,F3,0.3,FAN_DT_001,3.0,process-model-3.0.0-build3,506,1,LIVE,SYNCHRONISED,AUTOMATIC,NORMAL,65,1950,1950,0,145,145,0.3,0.3,25.43653,42.32,1.028,1,0.0254,0,207.97,24.5817,-0.00833,0.805,0.2448,4.004,5.7275,80.5,DEGRADED,F3,3,1,cooling_degradation,0.3,1,1,,,,,2,0
2026-08-20T07:26:43.029Z,1787210803029,FAN_DT_001_F3_S03_R01_20260820T071935,1,427.085,FAULT_ACTIVE,F3,0.3,FAN_DT_001,3.0,process-model-3.0.0-build3,507,1,LIVE,SYNCHRONISED,AUTOMATIC,NORMAL,65,1950,1950,0,145,145,0.3,0.3,25.45173,42.32,1.028,1,0.0254,0,207.97,24.6411,-0.00841,0.805,0.2448,4.044,5.7414,80.5,DEGRADED,F3,3,1,cooling_degradation,0.3,1,1,,,,,2,0
2026-08-20T07:26:44.054Z,1787210804054,FAN_DT_001_F3_S03_R01_20260820T071935,1,428.112,FAULT_ACTIVE,F3,0.3,FAN_DT_001,3.0,process-model-3.0.0-build3,508,1,LIVE,SYNCHRONISED,AUTOMATIC,NORMAL,65,1950,1950,0,145,145,0.3,0.3,25.46675,42.33,1.028,1,0.0254,0,207.97,24.7007,-0.00848,0.805,0.2448,4.076,5.7553,80.5,DEGRADED,F3,3,1,cooling_degradation,0.3,1,1,,,,,2,0
2026-08-20T07:26:45.159Z,1787210805159,FAN_DT_001_F3_S03_R01_20260820T071935,1,429.24,FAULT_ACTIVE,F3,0.3,FAN_DT_001,3.0,process-model-3.0.0-build3,509,1,LIVE,SYNCHRONISED,AUTOMATIC,NORMAL,65,1950,1950,0,145,145,0.3,0.3,25.48147,42.34,1.028,1,0.0254,0,207.97,24.7601,-0.00855,0.805,0.2448,4.113,5.7691,80.5,DEGRADED,F3,3,1,cooling_degradation,0.3,1,1,,,,,2,0
2026-08-20T07:26:46.117Z,1787210806117,FAN_DT_001_F3_S03_R01_20260820T071935,1,430.175,FAULT_ACTIVE,F3,0.3,FAN_DT_001,3.0,process-model-3.0.0-build3,510,1,LIVE,SYNCHRONISED,AUTOMATIC,NORMAL,65,1950,1950,0,145,145,0.3,0.3,25.496,42.35,1.028,1,0.0254,0,207.97,24.8197,-0.00863,0.805,0.2448,4.149,5.783,80.5,DEGRADED,F3,3,1,cooling_degradation,0.3,1,1,,,,,2,0
2026-08-20T07:26:47.146Z,1787210807146,FAN_DT_001_F3_S03_R01_20260820T071935,1,431.205,FAULT_ACTIVE,F3,0.3,FAN_DT_001,3.0,process-model-3.0.0-build3,511,1,LIVE,SYNCHRONISED,AUTOMATIC,NORMAL,65,1950,1950,0,145,145,0.3,0.3,25.51025,42.36,1.028,1,0.0254,0,207.97,24.8793,-0.0087,0.805,0.2448,4.184,5.7969,80.5,DEGRADED,F3,3,1,cooling_degradation,0.3,1,1,,,,,2,0
2026-08-20T07:26:48.185Z,1787210808185,FAN_DT_001_F3_S03_R01_20260820T071935,1,432.242,FAULT_ACTIVE,F3,0.3,FAN_DT_001,3.0,process-model-3.0.0-build3,512,1,LIVE,SYNCHRONISED,AUTOMATIC,NORMAL,65,1950,1950,0,145,145,0.3,0.3,25.5242,42.37,1.028,1,0.0254,0,207.97,24.9387,-0.00877,0.805,0.2448,4.215,5.8107,80.5,DEGRADED,F3,3,1,cooling_degradation,0.3,1,1,,,,,2,0
2026-08-20T07:26:49.211Z,1787210809211,FAN_DT_001_F3_S03_R01_20260820T071935,1,433.276,FAULT_ACTIVE,F3,0.3,FAN_DT_001,3.0,process-model-3.0.0-build3,513,1,LIVE,SYNCHRONISED,AUTOMATIC,NORMAL,65,1950,1950,0,145,145,0.3,0.3,25.53794,42.38,1.028,1,0.0254,0,207.97,24.9984,-0.00881,0.805,0.2448,4.236,5.8246,80.5,DEGRADED,F3,3,1,cooling_degradation,0.3,1,1,,,,,2,0
2026-08-20T07:26:50.247Z,1787210810247,FAN_DT_001_F3_S03_R01_20260820T071935,1,434.304,FAULT_ACTIVE,F3,0.3,FAN_DT_001,3.0,process-model-3.0.0-build3,514,1,LIVE,SYNCHRONISED,AUTOMATIC,NORMAL,65,1950,1950,0,145,145,0.3,0.3,25.55132,42.39,1.028,1,0.0254,0,207.97,25.0578,-0.00887,0.805,0.2448,4.266,5.8385,80.5,DEGRADED,F3,3,1,cooling_degradation,0.3,1,1,,,,,2,0
2026-08-20T07:26:51.277Z,1787210811277,FAN_DT_001_F3_S03_R01_20260820T071935,1,435.337,FAULT_ACTIVE,F3,0.3,FAN_DT_001,3.0,process-model-3.0.0-build3,515,1,LIVE,SYNCHRONISED,AUTOMATIC,NORMAL,65,1950,1950,0,145,145,0.3,0.3,25.56448,42.4,1.028,1,0.0254,0,207.97,25.1174,-0.00893,0.805,0.2448,4.294,5.8524,80.5,DEGRADED,F3,3,1,cooling_degradation,0.3,1,1,,,,,2,0
2026-08-20T07:26:52.311Z,1787210812311,FAN_DT_001_F3_S03_R01_20260820T071935,1,436.368,FAULT_ACTIVE,F3,0.3,FAN_DT_001,3.0,process-model-3.0.0-build3,516,1,LIVE,SYNCHRONISED,AUTOMATIC,NORMAL,65,1950,1950,0,145,145,0.3,0.3,25.57733,42.4,1.028,1,0.0254,0,207.97,25.1771,-0.00896,0.805,0.2448,4.308,5.8663,80.5,DEGRADED,F3,3,1,cooling_degradation,0.3,1,1,,,,,2,0
2026-08-20T07:26:53.365Z,1787210813365,FAN_DT_001_F3_S03_R01_20260820T071935,1,437.43,FAULT_ACTIVE,F3,0.3,FAN_DT_001,3.0,process-model-3.0.0-build3,517,1,LIVE,SYNCHRONISED,AUTOMATIC,NORMAL,65,1950,1950,0,145,145,0.3,0.3,25.58984,42.41,1.028,1,0.0254,0,207.97,25.2365,-0.00902,0.805,0.2448,4.338,5.8801,80.5,DEGRADED,F3,3,1,cooling_degradation,0.3,1,1,,,,,2,0
2026-08-20T07:26:54.402Z,1787210814402,FAN_DT_001_F3_S03_R01_20260820T071935,1,438.521,FAULT_ACTIVE,F3,0.3,FAN_DT_001,3.0,process-model-3.0.0-build3,518,1,LIVE,SYNCHRONISED,AUTOMATIC,NORMAL,65,1950,1950,0,145,145,0.3,0.3,25.60209,42.42,1.028,1,0.0254,0,207.97,25.2962,-0.00905,0.805,0.2448,4.351,5.894,80.5,DEGRADED,F3,3,1,cooling_degradation,0.3,1,1,,,,,2,0
2026-08-20T07:26:55.485Z,1787210815485,FAN_DT_001_F3_S03_R01_20260820T071935,1,439.672,FAULT_ACTIVE,F3,0.3,FAN_DT_001,3.0,process-model-3.0.0-build3,519,1,LIVE,SYNCHRONISED,AUTOMATIC,NORMAL,65,1950,1950,0,145,145,0.3,0.3,25.61394,42.43,1.028,1,0.0254,0,207.97,25.3554,-0.00907,0.805,0.2448,4.36,5.9078,80.5,DEGRADED,F3,3,1,cooling_degradation,0.3,1,1,,,,,2,0
2026-08-20T07:26:56.471Z,1787210816471,FAN_DT_001_F3_S03_R01_20260820T071935,1,440.557,FAULT_ACTIVE,F3,0.3,FAN_DT_001,3.0,process-model-3.0.0-build3,520,1,LIVE,SYNCHRONISED,AUTOMATIC,NORMAL,65,1950,1950,0,145,145,0.3,0.3,25.62556,42.44,1.028,1,0.0254,0,207.97,25.4151,-0.00909,0.805,0.2448,4.373,5.9217,80.5,DEGRADED,F3,3,1,cooling_degradation,0.3,1,1,,,,,2,0
2026-08-20T07:26:57.482Z,1787210817482,FAN_DT_001_F3_S03_R01_20260820T071935,1,441.538,FAULT_ACTIVE,F3,0.3,FAN_DT_001,3.0,process-model-3.0.0-build3,521,1,LIVE,SYNCHRONISED,AUTOMATIC,NORMAL,65,1950,1950,0,145,145,0.3,0.3,25.6368,42.45,1.028,1,0.0254,0,207.97,25.4746,-0.00913,0.805,0.2448,4.391,5.9356,80.5,DEGRADED,F3,3,1,cooling_degradation,0.3,1,1,,,,,2,0
2026-08-20T07:26:58.504Z,1787210818504,FAN_DT_001_F3_S03_R01_20260820T071935,1,442.561,FAULT_ACTIVE,F3,0.3,FAN_DT_001,3.0,process-model-3.0.0-build3,522,1,LIVE,SYNCHRONISED,AUTOMATIC,NORMAL,65,1950,1950,0,145,145,0.3,0.3,25.64776,42.46,1.028,1,0.0254,0,207.97,25.5343,-0.00916,0.805,0.2448,4.405,5.9495,80.5,DEGRADED,F3,3,1,cooling_degradation,0.3,1,1,,,,,2,0
2026-08-20T07:26:59.539Z,1787210819539,FAN_DT_001_F3_S03_R01_20260820T071935,1,443.596,FAULT_ACTIVE,F3,0.3,FAN_DT_001,3.0,process-model-3.0.0-build3,523,1,LIVE,SYNCHRONISED,AUTOMATIC,NORMAL,65,1950,1950,0,145,145,0.3,0.3,25.65834,42.47,1.028,1,0.0254,0,207.97,25.5938,-0.00916,0.805,0.2448,4.405,5.9634,80.5,DEGRADED,F3,3,1,cooling_degradation,0.3,1,1,,,,,2,0
2026-08-20T07:27:00.570Z,1787210820570,FAN_DT_001_F3_S03_R01_20260820T071935,1,444.627,FAULT_ACTIVE,F3,0.3,FAN_DT_001,3.0,process-model-3.0.0-build3,524,1,LIVE,SYNCHRONISED,AUTOMATIC,NORMAL,65,1950,1950,0,145,145,0.3,0.3,25.66859,42.48,1.028,1,0.0254,0,207.97,25.6535,-0.00917,0.805,0.2448,4.411,5.9773,80.5,DEGRADED,F3,3,1,cooling_degradation,0.3,1,1,,,,,2,0
2026-08-20T07:27:01.602Z,1787210821602,FAN_DT_001_F3_S03_R01_20260820T071935,1,445.659,FAULT_ACTIVE,F3,0.3,FAN_DT_001,3.0,process-model-3.0.0-build3,525,1,LIVE,SYNCHRONISED,AUTOMATIC,NORMAL,65,1950,1950,0,145,145,0.3,0.3,25.67848,42.49,1.028,1,0.0254,0,207.97,25.713,-0.00919,0.805,0.2448,4.419,5.9911,80.5,DEGRADED,F3,3,1,cooling_degradation,0.3,1,1,,,,,2,0
2026-08-20T07:27:02.636Z,1787210822636,FAN_DT_001_F3_S03_R01_20260820T071935,1,446.693,FAULT_ACTIVE,F3,0.3,FAN_DT_001,3.0,process-model-3.0.0-build3,526,1,LIVE,SYNCHRONISED,AUTOMATIC,NORMAL,65,1950,1950,0,145,145,0.3,0.3,25.68798,42.5,1.028,1,0.0254,0,207.97,25.7724,-0.00918,0.805,0.2448,4.414,6.005,80.5,DEGRADED,F3,3,1,cooling_degradation,0.3,1,1,,,,,2,0
2026-08-20T07:27:03.698Z,1787210823698,FAN_DT_001_F3_S03_R01_20260820T071935,1,447.755,FAULT_ACTIVE,F3,0.3,FAN_DT_001,3.0,process-model-3.0.0-build3,527,1,LIVE,SYNCHRONISED,AUTOMATIC,NORMAL,65,1950,1950,0,145,145,0.3,0.3,25.69717,42.51,1.028,1,0.0254,0,207.97,25.8321,-0.00916,0.805,0.2448,4.405,6.0189,80.5,DEGRADED,F3,3,1,cooling_degradation,0.3,1,1,,,,,2,0
2026-08-20T07:27:04.701Z,1787210824701,FAN_DT_001_F3_S03_R01_20260820T071935,1,448.757,FAULT_ACTIVE,F3,0.3,FAN_DT_001,3.0,process-model-3.0.0-build3,528,1,LIVE,SYNCHRONISED,AUTOMATIC,NORMAL,65,1950,1950,0,145,145,0.3,0.3,25.70595,42.52,1.028,1,0.0254,0,207.97,25.8915,-0.00917,0.805,0.2448,4.411,6.0327,80.5,DEGRADED,F3,3,1,cooling_degradation,0.3,1,1,,,,,2,0
2026-08-20T07:27:05.732Z,1787210825732,FAN_DT_001_F3_S03_R01_20260820T071935,1,449.789,FAULT_ACTIVE,F3,0.3,FAN_DT_001,3.0,process-model-3.0.0-build3,529,1,LIVE,SYNCHRONISED,AUTOMATIC,NORMAL,65,1950,1950,0,145,145,0.3,0.3,25.71442,42.53,1.028,1,0.0254,0,207.97,25.9513,-0.00914,0.805,0.2448,4.396,6.0466,80.5,DEGRADED,F3,3,1,cooling_degradation,0.3,1,1,,,,,2,0
2026-08-20T07:27:06.768Z,1787210826768,FAN_DT_001_F3_S03_R01_20260820T071935,1,450.824,FAULT_ACTIVE,F3,0.3,FAN_DT_001,3.0,process-model-3.0.0-build3,530,1,LIVE,SYNCHRONISED,AUTOMATIC,NORMAL,65,1950,1950,0,145,145,0.3,0.3,25.72248,42.54,1.028,1,0.0254,0,207.97,26.0108,-0.00913,0.805,0.2448,4.391,6.0605,80.5,DEGRADED,F3,3,1,cooling_degradation,0.3,1,1,,,,,2,0
2026-08-20T07:27:07.801Z,1787210827801,FAN_DT_001_F3_S03_R01_20260820T071935,1,451.857,FAULT_ACTIVE,F3,0.3,FAN_DT_001,3.0,process-model-3.0.0-build3,531,1,LIVE,SYNCHRONISED,AUTOMATIC,NORMAL,65,1950,1950,0,145,145,0.3,0.3,25.73017,42.55,1.028,1,0.0254,0,207.97,26.0704,-0.00911,0.805,0.2448,4.382,6.0744,80.5,DEGRADED,F3,3,1,cooling_degradation,0.3,1,1,,,,,2,0
2026-08-20T07:27:08.838Z,1787210828838,FAN_DT_001_F3_S03_R01_20260820T071935,1,452.895,FAULT_ACTIVE,F3,0.3,FAN_DT_001,3.0,process-model-3.0.0-build3,532,1,LIVE,SYNCHRONISED,AUTOMATIC,NORMAL,65,1950,1950,0,145,145,0.3,0.3,25.73748,42.56,1.028,1,0.0254,0,207.97,26.1301,-0.00907,0.805,0.2448,4.363,6.0883,80.5,DEGRADED,F3,3,1,cooling_degradation,0.3,1,1,,,,,2,0
2026-08-20T07:27:09.870Z,1787210829870,FAN_DT_001_F3_S03_R01_20260820T071935,1,453.927,FAULT_ACTIVE,F3,0.3,FAN_DT_001,3.0,process-model-3.0.0-build3,533,1,LIVE,SYNCHRONISED,AUTOMATIC,NORMAL,65,1950,1950,0,145,145,0.3,0.3,25.74441,42.57,1.028,1,0.0254,0,207.97,26.1898,-0.00905,0.805,0.2448,4.353,6.1022,80.5,DEGRADED,F3,3,1,cooling_degradation,0.3,1,1,,,,,2,0
2026-08-20T07:27:10.900Z,1787210830900,FAN_DT_001_F3_S03_R01_20260820T071935,1,454.956,FAULT_ACTIVE,F3,0.3,FAN_DT_001,3.0,process-model-3.0.0-build3,534,1,LIVE,SYNCHRONISED,AUTOMATIC,NORMAL,65,1950,1950,0,145,145,0.3,0.3,25.7509,42.57,1.028,1,0.0254,0,207.97,26.2491,-0.00902,0.805,0.2448,4.336,6.116,80.5,DEGRADED,F3,3,1,cooling_degradation,0.3,1,1,,,,,2,0
2026-08-20T07:27:11.932Z,1787210831932,FAN_DT_001_F3_S03_R01_20260820T071935,1,455.989,FAULT_ACTIVE,F3,0.3,FAN_DT_001,3.0,process-model-3.0.0-build3,535,1,LIVE,SYNCHRONISED,AUTOMATIC,NORMAL,65,1950,1950,0,145,145,0.3,0.3,25.75705,42.58,1.028,1,0.0254,0,207.97,26.309,-0.00899,0.805,0.2448,4.324,6.13,80.5,DEGRADED,F3,3,1,cooling_degradation,0.3,1,1,,,,,2,0
2026-08-20T07:27:13.000Z,1787210833000,FAN_DT_001_F3_S03_R01_20260820T071935,1,457.057,FAULT_ACTIVE,F3,0.3,FAN_DT_001,3.0,process-model-3.0.0-build3,536,1,LIVE,SYNCHRONISED,AUTOMATIC,NORMAL,65,1950,1950,0,145,145,0.3,0.3,25.76275,42.59,1.028,1,0.0254,0,207.97,26.3683,-0.00895,0.805,0.2448,4.304,6.1438,80.5,DEGRADED,F3,3,1,cooling_degradation,0.3,1,1,,,,,2,0
2026-08-20T07:27:13.997Z,1787210833997,FAN_DT_001_F3_S03_R01_20260820T071935,1,458.053,FAULT_ACTIVE,F3,0.3,FAN_DT_001,3.0,process-model-3.0.0-build3,537,1,LIVE,SYNCHRONISED,AUTOMATIC,NORMAL,65,1950,1950,0,145,145,0.3,0.3,25.76809,42.6,1.028,1,0.0254,0,207.97,26.428,-0.00887,0.805,0.2448,4.266,6.1577,80.5,DEGRADED,F3,3,1,cooling_degradation,0.3,1,1,,,,,2,0
2026-08-20T07:27:15.029Z,1787210835029,FAN_DT_001_F3_S03_R01_20260820T071935,1,459.085,FAULT_ACTIVE,F3,0.3,FAN_DT_001,3.0,process-model-3.0.0-build3,538,1,LIVE,SYNCHRONISED,AUTOMATIC,NORMAL,65,1950,1950,0,145,145,0.3,0.3,25.77299,42.61,1.028,1,0.0254,0,207.97,26.4873,-0.00882,0.805,0.2448,4.243,6.1715,80.5,DEGRADED,F3,3,1,cooling_degradation,0.3,1,1,,,,,2,0
2026-08-20T07:27:16.061Z,1787210836061,FAN_DT_001_F3_S03_R01_20260820T071935,1,460.117,FAULT_ACTIVE,F3,0.3,FAN_DT_001,3.0,process-model-3.0.0-build3,539,1,LIVE,SYNCHRONISED,AUTOMATIC,NORMAL,65,1950,1950,0,145,145,0.3,0.3,25.77753,42.62,1.028,1,0.0254,0,207.97,26.5471,-0.00878,0.805,0.2448,4.222,6.1855,80.5,DEGRADED,F3,3,1,cooling_degradation,0.3,1,1,,,,,2,0
2026-08-20T07:27:17.097Z,1787210837097,FAN_DT_001_F3_S03_R01_20260820T071935,1,461.153,FAULT_ACTIVE,F3,0.3,FAN_DT_001,3.0,process-model-3.0.0-build3,540,1,LIVE,SYNCHRONISED,AUTOMATIC,NORMAL,65,1950,1950,0,145,145,0.3,0.3,25.78163,42.63,1.028,1,0.0254,0,207.97,26.6065,-0.0087,0.805,0.2448,4.183,6.1993,80.5,DEGRADED,F3,3,1,cooling_degradation,0.3,1,1,,,,,2,0
2026-08-20T07:27:18.127Z,1787210838127,FAN_DT_001_F3_S03_R01_20260820T071935,1,462.189,FAULT_ACTIVE,F3,0.3,FAN_DT_001,3.0,process-model-3.0.0-build3,541,1,LIVE,SYNCHRONISED,AUTOMATIC,NORMAL,65,1950,1950,0,145,145,0.3,0.3,25.78534,42.64,1.028,1,0.0254,0,207.97,26.6663,-0.00866,0.805,0.2448,4.164,6.2132,80.5,DEGRADED,F3,3,1,cooling_degradation,0.3,1,1,,,,,2,0
2026-08-20T07:27:19.162Z,1787210839162,FAN_DT_001_F3_S03_R01_20260820T071935,1,463.219,FAULT_ACTIVE,F3,0.3,FAN_DT_001,3.0,process-model-3.0.0-build3,542,1,LIVE,SYNCHRONISED,AUTOMATIC,NORMAL,65,1950,1950,0,145,145,0.3,0.3,25.78862,42.65,1.028,1,0.0254,0,207.97,26.7257,-0.00856,0.805,0.2448,4.117,6.2271,80.5,DEGRADED,F3,3,1,cooling_degradation,0.3,1,1,,,,,2,0
2026-08-20T07:27:20.201Z,1787210840201,FAN_DT_001_F3_S03_R01_20260820T071935,1,464.258,FAULT_ACTIVE,F3,0.3,FAN_DT_001,3.0,process-model-3.0.0-build3,543,1,LIVE,SYNCHRONISED,AUTOMATIC,NORMAL,65,1950,1950,0,145,145,0.3,0.3,25.79151,42.66,1.028,1,0.0254,0,207.97,26.7856,-0.00851,0.805,0.2448,4.091,6.241,80.5,DEGRADED,F3,3,1,cooling_degradation,0.3,1,1,,,,,2,0
2026-08-20T07:27:21.231Z,1787210841231,FAN_DT_001_F3_S03_R01_20260820T071935,1,465.287,FAULT_ACTIVE,F3,0.3,FAN_DT_001,3.0,process-model-3.0.0-build3,544,1,LIVE,SYNCHRONISED,AUTOMATIC,NORMAL,65,1950,1950,0,145,145,0.3,0.3,25.79396,42.66,1.028,1,0.0254,0,207.97,26.845,-0.00842,0.805,0.2448,4.047,6.2549,80.5,DEGRADED,F3,3,1,cooling_degradation,0.3,1,1,,,,,2,0
2026-08-20T07:27:22.262Z,1787210842262,FAN_DT_001_F3_S03_R01_20260820T071935,1,466.32,FAULT_ACTIVE,F3,0.3,FAN_DT_001,3.0,process-model-3.0.0-build3,545,1,LIVE,SYNCHRONISED,AUTOMATIC,NORMAL,65,1950,1950,0,145,145,0.3,0.3,25.796,42.67,1.028,1,0.0254,0,207.97,26.9046,-0.00833,0.805,0.2448,4.004,6.2688,80.5,DEGRADED,F3,3,1,cooling_degradation,0.3,1,1,,,,,2,0
2026-08-20T07:27:23.293Z,1787210843293,FAN_DT_001_F3_S03_R01_20260820T071935,1,467.351,FAULT_ACTIVE,F3,0.3,FAN_DT_001,3.0,process-model-3.0.0-build3,546,1,LIVE,SYNCHRONISED,AUTOMATIC,NORMAL,65,1950,1950,0,145,145,0.3,0.3,25.79763,42.68,1.028,1,0.0254,0,207.97,26.9643,-0.00824,0.805,0.2448,3.96,6.2827,80.5,DEGRADED,F3,3,1,cooling_degradation,0.3,1,1,,,,,2,0
2026-08-20T07:27:24.329Z,1787210844329,FAN_DT_001_F3_S03_R01_20260820T071935,1,468.386,FAULT_ACTIVE,F3,0.3,FAN_DT_001,3.0,process-model-3.0.0-build3,547,1,LIVE,SYNCHRONISED,AUTOMATIC,NORMAL,65,1950,1950,0,145,145,0.3,0.3,25.79882,42.69,1.028,1,0.0254,0,207.97,27.0237,-0.00814,0.805,0.2448,3.914,6.2965,80.5,DEGRADED,F3,3,1,cooling_degradation,0.3,1,1,,,,,2,0
2026-08-20T07:27:25.359Z,1787210845359,FAN_DT_001_F3_S03_R01_20260820T071935,1,469.415,FAULT_ACTIVE,F3,0.3,FAN_DT_001,3.0,process-model-3.0.0-build3,548,1,LIVE,SYNCHRONISED,AUTOMATIC,NORMAL,65,1950,1950,0,145,145,0.3,0.3,25.79961,42.7,1.028,1,0.0254,0,207.97,27.0839,-0.00805,0.805,0.2448,3.871,6.3105,80.5,DEGRADED,F3,3,1,cooling_degradation,0.3,1,1,,,,,2,0
2026-08-20T07:27:26.393Z,1787210846393,FAN_DT_001_F3_S03_R01_20260820T071935,1,470.451,FAULT_ACTIVE,F3,0.3,FAN_DT_001,3.0,process-model-3.0.0-build3,549,1,LIVE,SYNCHRONISED,AUTOMATIC,NORMAL,65,1950,1950,0,145,145,0.3,0.3,25.79997,42.71,1.028,1,0.0254,0,207.97,27.1428,-0.00796,0.805,0.2448,3.829,6.3243,80.5,DEGRADED,F3,3,1,cooling_degradation,0.3,1,1,,,,,2,0
2026-08-20T07:27:27.426Z,1787210847426,FAN_DT_001_F3_S03_R01_20260820T071935,1,471.483,FAULT_ACTIVE,F3,0.3,FAN_DT_001,3.0,process-model-3.0.0-build3,550,1,LIVE,SYNCHRONISED,AUTOMATIC,NORMAL,65,1950,1950,0,145,145,0.3,0.3,25.79992,42.72,1.028,1,0.0254,0,207.97,27.2025,-0.00786,0.805,0.2448,3.78,6.3382,80.5,DEGRADED,F3,3,1,cooling_degradation,0.3,1,1,,,,,2,0
2026-08-20T07:27:28.458Z,1787210848458,FAN_DT_001_F3_S03_R01_20260820T071935,1,472.515,FAULT_ACTIVE,F3,0.3,FAN_DT_001,3.0,process-model-3.0.0-build3,551,1,LIVE,SYNCHRONISED,AUTOMATIC,NORMAL,65,1950,1950,0,145,145,0.3,0.3,25.79944,42.72,1.028,1,0.0254,0,207.97,27.2622,-0.00775,0.805,0.2448,3.727,6.3521,80.5,DEGRADED,F3,3,1,cooling_degradation,0.3,1,1,,,,,2,0
2026-08-20T07:27:29.505Z,1787210849505,FAN_DT_001_F3_S03_R01_20260820T071935,1,473.563,FAULT_ACTIVE,F3,0.3,FAN_DT_001,3.0,process-model-3.0.0-build3,552,1,LIVE,SYNCHRONISED,AUTOMATIC,NORMAL,65,1950,1950,0,145,145,0.3,0.3,25.79854,42.73,1.028,1,0.0254,0,207.97,27.3216,-0.00763,0.805,0.2448,3.668,6.3659,80.5,DEGRADED,F3,3,1,cooling_degradation,0.3,1,1,,,,,2,0
2026-08-20T07:27:30.524Z,1787210850524,FAN_DT_001_F3_S03_R01_20260820T071935,1,474.581,FAULT_ACTIVE,F3,0.3,FAN_DT_001,3.0,process-model-3.0.0-build3,553,1,LIVE,SYNCHRONISED,AUTOMATIC,NORMAL,65,1950,1950,0,145,145,0.3,0.3,25.79722,42.74,1.028,1,0.0254,0,207.97,27.3814,-0.00751,0.805,0.2448,3.61,6.3799,80.5,DEGRADED,F3,3,1,cooling_degradation,0.3,1,1,,,,,2,0
2026-08-20T07:27:31.558Z,1787210851558,FAN_DT_001_F3_S03_R01_20260820T071935,1,475.615,FAULT_ACTIVE,F3,0.3,FAN_DT_001,3.0,process-model-3.0.0-build3,554,1,LIVE,SYNCHRONISED,AUTOMATIC,NORMAL,65,1950,1950,0,145,145,0.3,0.3,25.79549,42.75,1.028,1,0.0254,0,207.97,27.4408,-0.0074,0.805,0.2448,3.557,6.3937,80.5,DEGRADED,F3,3,1,cooling_degradation,0.3,1,1,,,,,2,0
2026-08-20T07:27:32.591Z,1787210852591,FAN_DT_001_F3_S03_R01_20260820T071935,1,476.648,FAULT_ACTIVE,F3,0.3,FAN_DT_001,3.0,process-model-3.0.0-build3,555,1,LIVE,SYNCHRONISED,AUTOMATIC,NORMAL,65,1950,1950,0,145,145,0.3,0.3,25.79333,42.75,1.028,1,0.0254,0,207.97,27.5006,-0.00727,0.805,0.2448,3.494,6.4076,80.5,DEGRADED,F3,3,1,cooling_degradation,0.3,1,1,,,,,2,0
2026-08-20T07:27:33.625Z,1787210853625,FAN_DT_001_F3_S03_R01_20260820T071935,1,477.683,FAULT_ACTIVE,F3,0.3,FAN_DT_001,3.0,process-model-3.0.0-build3,556,1,LIVE,SYNCHRONISED,AUTOMATIC,NORMAL,65,1950,1950,0,145,145,0.3,0.3,25.79077,42.76,1.028,1,0.0254,0,207.97,27.5599,-0.00713,0.805,0.2448,3.429,6.4214,80.5,DEGRADED,F3,3,1,cooling_degradation,0.3,1,1,,,,,2,0
2026-08-20T07:27:34.654Z,1787210854654,FAN_DT_001_F3_S03_R01_20260820T071935,1,478.711,FAULT_ACTIVE,F3,0.3,FAN_DT_001,3.0,process-model-3.0.0-build3,557,1,LIVE,SYNCHRONISED,AUTOMATIC,NORMAL,65,1950,1950,0,145,145,0.3,0.3,25.78778,42.77,1.028,1,0.0254,0,207.97,27.6197,-0.007,0.805,0.2448,3.368,6.4354,80.5,DEGRADED,F3,3,1,cooling_degradation,0.3,1,1,,,,,2,0
2026-08-20T07:27:35.689Z,1787210855689,FAN_DT_001_F3_S03_R01_20260820T071935,1,479.745,FAULT_ACTIVE,F3,0.3,FAN_DT_001,3.0,process-model-3.0.0-build3,558,1,LIVE,SYNCHRONISED,AUTOMATIC,NORMAL,65,1950,1950,0,145,145,0.3,0.3,25.78439,42.78,1.028,1,0.0254,0,207.97,27.6791,-0.00688,0.805,0.2448,3.31,6.4492,80.5,DEGRADED,F3,3,1,cooling_degradation,0.3,1,1,,,,,2,0
2026-08-20T07:27:36.738Z,1787210856738,FAN_DT_001_F3_S03_R01_20260820T071935,1,480.794,FAULT_ACTIVE,F3,0.3,FAN_DT_001,3.0,process-model-3.0.0-build3,559,1,LIVE,SYNCHRONISED,AUTOMATIC,NORMAL,65,1950,1950,0,145,145,0.3,0.3,25.78056,42.78,1.028,1,0.0254,0,207.97,27.7389,-0.00674,0.805,0.2448,3.242,6.4632,80.5,DEGRADED,F3,3,1,cooling_degradation,0.3,1,1,,,,,2,0
2026-08-20T07:27:37.757Z,1787210857757,FAN_DT_001_F3_S03_R01_20260820T071935,1,481.815,FAULT_ACTIVE,F3,0.3,FAN_DT_001,3.0,process-model-3.0.0-build3,560,1,LIVE,SYNCHRONISED,AUTOMATIC,NORMAL,65,1950,1950,0,145,145,0.3,0.3,25.77634,42.79,1.028,1,0.0254,0,207.97,27.7984,-0.00661,0.805,0.2448,3.177,6.477,80.5,DEGRADED,F3,3,1,cooling_degradation,0.3,1,1,,,,,2,0
2026-08-20T07:27:38.803Z,1787210858803,FAN_DT_001_F3_S03_R01_20260820T071935,1,482.859,FAULT_ACTIVE,F3,0.3,FAN_DT_001,3.0,process-model-3.0.0-build3,561,1,LIVE,SYNCHRONISED,AUTOMATIC,NORMAL,65,1950,1950,0,145,145,0.3,0.3,25.77169,42.8,1.028,1,0.0254,0,207.97,27.8582,-0.00647,0.805,0.2448,3.109,6.491,80.5,DEGRADED,F3,3,1,cooling_degradation,0.3,1,1,,,,,2,0
2026-08-20T07:27:39.824Z,1787210859824,FAN_DT_001_F3_S03_R01_20260820T071935,1,483.886,FAULT_ACTIVE,F3,0.3,FAN_DT_001,3.0,process-model-3.0.0-build3,562,1,LIVE,SYNCHRONISED,AUTOMATIC,NORMAL,65,1950,1950,0,145,145,0.3,0.3,25.76667,42.8,1.028,1,0.0254,0,207.97,27.9176,-0.0063,0.805,0.2448,3.028,6.5048,80.5,DEGRADED,F3,3,1,cooling_degradation,0.3,1,1,,,,,2,0
2026-08-20T07:27:40.851Z,1787210860851,FAN_DT_001_F3_S03_R01_20260820T071935,1,484.907,FAULT_ACTIVE,F3,0.3,FAN_DT_001,3.0,process-model-3.0.0-build3,563,1,LIVE,SYNCHRONISED,AUTOMATIC,NORMAL,65,1950,1950,0,145,145,0.3,0.3,25.76124,42.81,1.028,1,0.0254,0,207.97,27.9771,-0.00616,0.805,0.2448,2.96,6.5187,80.5,DEGRADED,F3,3,1,cooling_degradation,0.3,1,1,,,,,2,0
2026-08-20T07:27:41.887Z,1787210861887,FAN_DT_001_F3_S03_R01_20260820T071935,1,485.943,FAULT_ACTIVE,F3,0.3,FAN_DT_001,3.0,process-model-3.0.0-build3,564,1,LIVE,SYNCHRONISED,AUTOMATIC,NORMAL,65,1950,1950,0,145,145,0.3,0.3,25.75541,42.82,1.028,1,0.0254,0,207.97,28.0366,-0.00601,0.805,0.2448,2.888,6.5325,80.5,DEGRADED,F3,3,1,cooling_degradation,0.3,1,1,,,,,2,0
2026-08-20T07:27:42.920Z,1787210862920,FAN_DT_001_F3_S03_R01_20260820T071935,1,486.976,FAULT_ACTIVE,F3,0.3,FAN_DT_001,3.0,process-model-3.0.0-build3,565,1,LIVE,SYNCHRONISED,AUTOMATIC,NORMAL,65,1950,1950,0,145,145,0.3,0.3,25.74915,42.82,1.028,1,0.0254,0,207.97,28.0965,-0.00584,0.805,0.2448,2.807,6.5465,80.5,DEGRADED,F3,3,1,cooling_degradation,0.3,1,1,,,,,2,0
2026-08-20T07:27:43.957Z,1787210863957,FAN_DT_001_F3_S03_R01_20260820T071935,1,488.013,FAULT_ACTIVE,F3,0.3,FAN_DT_001,3.0,process-model-3.0.0-build3,566,1,LIVE,SYNCHRONISED,AUTOMATIC,NORMAL,65,1950,1950,0,145,145,0.3,0.3,25.74253,42.83,1.028,1,0.0254,0,207.97,28.156,-0.00569,0.805,0.2448,2.737,6.5604,80.5,DEGRADED,F3,3,1,cooling_degradation,0.3,1,1,,,,,2,0
2026-08-20T07:27:44.990Z,1787210864990,FAN_DT_001_F3_S03_R01_20260820T071935,1,489.048,FAULT_ACTIVE,F3,0.3,FAN_DT_001,3.0,process-model-3.0.0-build3,567,1,LIVE,SYNCHRONISED,AUTOMATIC,NORMAL,65,1950,1950,0,145,145,0.3,0.3,25.73548,42.83,1.028,1,0.0254,0,207.97,28.2158,-0.00552,0.805,0.2448,2.654,6.5743,80.5,DEGRADED,F3,3,1,cooling_degradation,0.3,1,1,,,,,2,0
2026-08-20T07:27:46.023Z,1787210866023,FAN_DT_001_F3_S03_R01_20260820T071935,1,490.079,FAULT_ACTIVE,F3,0.3,FAN_DT_001,3.0,process-model-3.0.0-build3,568,1,LIVE,SYNCHRONISED,AUTOMATIC,NORMAL,65,1950,1950,0,145,145,0.3,0.3,25.72808,42.84,1.028,1,0.0254,0,207.97,28.2753,-0.00536,0.805,0.2448,2.577,6.5882,80.5,DEGRADED,F3,3,1,cooling_degradation,0.3,1,1,,,,,2,0
2026-08-20T07:27:47.058Z,1787210867058,FAN_DT_001_F3_S03_R01_20260820T071935,1,491.114,FAULT_ACTIVE,F3,0.3,FAN_DT_001,3.0,process-model-3.0.0-build3,569,1,LIVE,SYNCHRONISED,AUTOMATIC,NORMAL,65,1950,1950,0,145,145,0.3,0.3,25.7203,42.84,1.028,1,0.0254,0,207.97,28.3349,-0.00517,0.805,0.2448,2.487,6.602,80.5,DEGRADED,F3,3,1,cooling_degradation,0.3,1,1,,,,,2,0
2026-08-20T07:27:48.103Z,1787210868103,FAN_DT_001_F3_S03_R01_20260820T071935,1,492.16,FAULT_ACTIVE,F3,0.3,FAN_DT_001,3.0,process-model-3.0.0-build3,570,1,LIVE,SYNCHRONISED,AUTOMATIC,NORMAL,65,1950,1950,0,145,145,0.3,0.3,25.7121,42.85,1.028,1,0.0254,0,207.97,28.3947,-0.00503,0.805,0.2448,2.417,6.616,80.5,DEGRADED,F3,3,1,cooling_degradation,0.3,1,1,,,,,2,0
2026-08-20T07:27:49.125Z,1787210869125,FAN_DT_001_F3_S03_R01_20260820T071935,1,493.181,FAULT_ACTIVE,F3,0.3,FAN_DT_001,3.0,process-model-3.0.0-build3,571,1,LIVE,SYNCHRONISED,AUTOMATIC,NORMAL,65,1950,1950,0,145,145,0.3,0.3,25.70357,42.86,1.028,1,0.0254,0,207.97,28.4542,-0.00483,0.805,0.2448,2.321,6.6298,80.5,DEGRADED,F3,3,1,cooling_degradation,0.3,1,1,,,,,2,0
2026-08-20T07:27:50.158Z,1787210870158,FAN_DT_001_F3_S03_R01_20260820T071935,1,494.214,FAULT_ACTIVE,F3,0.3,FAN_DT_001,3.0,process-model-3.0.0-build3,572,1,LIVE,SYNCHRONISED,AUTOMATIC,NORMAL,65,1950,1950,0,145,145,0.3,0.3,25.69464,42.86,1.028,1,0.0254,0,207.97,28.5139,-0.00467,0.805,0.2448,2.245,6.6437,80.5,DEGRADED,F3,3,1,cooling_degradation,0.3,1,1,,,,,2,0
2026-08-20T07:27:51.193Z,1787210871193,FAN_DT_001_F3_S03_R01_20260820T071935,1,495.252,FAULT_ACTIVE,F3,0.3,FAN_DT_001,3.0,process-model-3.0.0-build3,573,1,LIVE,SYNCHRONISED,AUTOMATIC,NORMAL,65,1950,1950,0,145,145,0.3,0.3,25.68537,42.86,1.028,1,0.0254,0,207.97,28.5735,-0.00448,0.805,0.2448,2.154,6.6576,80.5,DEGRADED,F3,3,1,cooling_degradation,0.3,1,1,,,,,2,0
2026-08-20T07:27:52.241Z,1787210872241,FAN_DT_001_F3_S03_R01_20260820T071935,1,496.297,FAULT_ACTIVE,F3,0.3,FAN_DT_001,3.0,process-model-3.0.0-build3,574,1,LIVE,SYNCHRONISED,AUTOMATIC,NORMAL,65,1950,1950,0,145,145,0.3,0.3,25.67571,42.87,1.028,1,0.0254,0,207.97,28.6331,-0.0043,0.805,0.2448,2.067,6.6715,80.5,DEGRADED,F3,3,1,cooling_degradation,0.3,1,1,,,,,2,0
2026-08-20T07:27:53.260Z,1787210873260,FAN_DT_001_F3_S03_R01_20260820T071935,1,497.316,FAULT_ACTIVE,F3,0.3,FAN_DT_001,3.0,process-model-3.0.0-build3,575,1,LIVE,SYNCHRONISED,AUTOMATIC,NORMAL,65,1950,1950,0,145,145,0.3,0.3,25.66574,42.87,1.028,1,0.0254,0,207.97,28.6926,-0.00413,0.805,0.2448,1.987,6.6854,80.5,DEGRADED,F3,3,1,cooling_degradation,0.3,1,1,,,,,2,0
2026-08-20T07:27:54.290Z,1787210874290,FAN_DT_001_F3_S03_R01_20260820T071935,1,498.348,FAULT_ACTIVE,F3,0.3,FAN_DT_001,3.0,process-model-3.0.0-build3,576,1,LIVE,SYNCHRONISED,AUTOMATIC,NORMAL,65,1950,1950,0,145,145,0.3,0.3,25.65538,42.88,1.028,1,0.0254,0,207.97,28.7523,-0.00394,0.805,0.2448,1.893,6.6993,80.5,DEGRADED,F3,3,1,cooling_degradation,0.3,1,1,,,,,2,0
2026-08-20T07:27:55.323Z,1787210875323,FAN_DT_001_F3_S03_R01_20260820T071935,1,499.379,FAULT_ACTIVE,F3,0.3,FAN_DT_001,3.0,process-model-3.0.0-build3,577,1,LIVE,SYNCHRONISED,AUTOMATIC,NORMAL,65,1950,1950,0,145,145,0.3,0.3,25.6447,42.88,1.028,1,0.0254,0,207.97,28.8118,-0.00376,0.805,0.2448,1.807,6.7132,80.5,DEGRADED,F3,3,1,cooling_degradation,0.3,1,1,,,,,2,0
2026-08-20T07:27:56.354Z,1787210876354,FAN_DT_001_F3_S03_R01_20260820T071935,1,500.411,FAULT_ACTIVE,F3,0.3,FAN_DT_001,3.0,process-model-3.0.0-build3,578,1,LIVE,SYNCHRONISED,AUTOMATIC,NORMAL,65,1950,1950,0,145,145,0.3,0.3,25.63373,42.89,1.028,1,0.0254,0,207.97,28.8712,-0.00357,0.805,0.2448,1.718,6.727,80.5,DEGRADED,F3,3,1,cooling_degradation,0.3,1,1,,,,,2,0
2026-08-20T07:27:57.402Z,1787210877402,FAN_DT_001_F3_S03_R01_20260820T071935,1,501.462,FAULT_ACTIVE,F3,0.3,FAN_DT_001,3.0,process-model-3.0.0-build3,579,1,LIVE,SYNCHRONISED,AUTOMATIC,NORMAL,65,1950,1950,0,145,145,0.3,0.3,25.62234,42.89,1.028,1,0.0254,0,207.97,28.9309,-0.00338,0.805,0.2448,1.624,6.7409,80.5,DEGRADED,F3,3,1,cooling_degradation,0.3,1,1,,,,,2,0
2026-08-20T07:27:58.421Z,1787210878421,FAN_DT_001_F3_S03_R01_20260820T071935,1,502.477,FAULT_ACTIVE,F3,0.3,FAN_DT_001,3.0,process-model-3.0.0-build3,580,1,LIVE,SYNCHRONISED,AUTOMATIC,NORMAL,65,1950,1950,0,145,145,0.3,0.3,25.61069,42.89,1.028,1,0.0254,0,207.97,28.9903,-0.00319,0.805,0.2448,1.533,6.7547,80.5,DEGRADED,F3,3,1,cooling_degradation,0.3,1,1,,,,,2,0
2026-08-20T07:27:59.452Z,1787210879452,FAN_DT_001_F3_S03_R01_20260820T071935,1,503.509,FAULT_ACTIVE,F3,0.3,FAN_DT_001,3.0,process-model-3.0.0-build3,581,1,LIVE,SYNCHRONISED,AUTOMATIC,NORMAL,65,1950,1950,0,145,145,0.3,0.3,25.59864,42.9,1.028,1,0.0254,0,207.97,29.0501,-0.003,0.805,0.2448,1.441,6.7687,80.5,DEGRADED,F3,3,1,cooling_degradation,0.3,1,1,,,,,2,0
2026-08-20T07:28:00.490Z,1787210880490,FAN_DT_001_F3_S03_R01_20260820T071935,1,504.546,FAULT_ACTIVE,F3,0.3,FAN_DT_001,3.0,process-model-3.0.0-build3,582,1,LIVE,SYNCHRONISED,AUTOMATIC,NORMAL,65,1950,1950,0,145,145,0.3,0.3,25.58634,42.9,1.028,1,0.0254,0,207.97,29.1096,-0.0028,0.805,0.2448,1.348,6.7825,80.5,DEGRADED,F3,3,1,cooling_degradation,0.3,1,1,,,,,2,0
2026-08-20T07:28:01.524Z,1787210881524,FAN_DT_001_F3_S03_R01_20260820T071935,1,505.58,FAULT_ACTIVE,F3,0.3,FAN_DT_001,3.0,process-model-3.0.0-build3,583,1,LIVE,SYNCHRONISED,AUTOMATIC,NORMAL,65,1950,1950,0,145,145,0.3,0.3,25.57368,42.9,1.028,1,0.0254,0,207.97,29.1693,-0.0026,0.805,0.2448,1.252,6.7965,80.5,DEGRADED,F3,3,1,cooling_degradation,0.3,1,1,,,,,2,0
2026-08-20T07:28:02.552Z,1787210882552,FAN_DT_001_F3_S03_R01_20260820T071935,1,506.609,FAULT_ACTIVE,F3,0.3,FAN_DT_001,3.0,process-model-3.0.0-build3,584,1,LIVE,SYNCHRONISED,AUTOMATIC,NORMAL,65,1950,1950,0,145,145,0.3,0.3,25.56074,42.9,1.028,1,0.0254,0,207.97,29.229,-0.00239,0.805,0.2448,1.152,6.8103,80.5,DEGRADED,F3,3,1,cooling_degradation,0.3,1,1,,,,,2,0
2026-08-20T07:28:03.590Z,1787210883590,FAN_DT_001_F3_S03_R01_20260820T071935,1,507.646,FAULT_ACTIVE,F3,0.3,FAN_DT_001,3.0,process-model-3.0.0-build3,585,1,LIVE,SYNCHRONISED,AUTOMATIC,NORMAL,65,1950,1950,0,145,145,0.3,0.3,25.54753,42.91,1.028,1,0.0254,0,207.97,29.2885,-0.00221,0.805,0.2448,1.064,6.8242,80.5,DEGRADED,F3,3,1,cooling_degradation,0.3,1,1,,,,,2,0
2026-08-20T07:28:04.620Z,1787210884620,FAN_DT_001_F3_S03_R01_20260820T071935,1,508.677,FAULT_ACTIVE,F3,0.3,FAN_DT_001,3.0,process-model-3.0.0-build3,586,1,LIVE,SYNCHRONISED,AUTOMATIC,NORMAL,65,1950,1950,0,145,145,0.3,0.3,25.534,42.91,1.028,1,0.0254,0,207.97,29.3481,-0.002,0.805,0.2448,0.961,6.8381,80.5,DEGRADED,F3,3,1,cooling_degradation,0.3,1,1,,,,,2,0
2026-08-20T07:28:05.653Z,1787210885653,FAN_DT_001_F3_S03_R01_20260820T071935,1,509.709,FAULT_ACTIVE,F3,0.3,FAN_DT_001,3.0,process-model-3.0.0-build3,587,1,LIVE,SYNCHRONISED,AUTOMATIC,NORMAL,65,1950,1950,0,145,145,0.3,0.3,25.52023,42.91,1.028,1,0.0254,0,207.97,29.4076,-0.00179,0.805,0.2448,0.862,6.852,80.5,DEGRADED,F3,3,1,cooling_degradation,0.3,1,1,,,,,2,0
2026-08-20T07:28:06.702Z,1787210886702,FAN_DT_001_F3_S03_R01_20260820T071935,1,510.759,FAULT_ACTIVE,F3,0.3,FAN_DT_001,3.0,process-model-3.0.0-build3,588,1,LIVE,SYNCHRONISED,AUTOMATIC,NORMAL,65,1950,1950,0,145,145,0.3,0.3,25.50616,42.91,1.028,1,0.0254,0,207.97,29.4672,-0.00161,0.805,0.2448,0.774,6.8659,80.5,DEGRADED,F3,3,1,cooling_degradation,0.3,1,1,,,,,2,0
2026-08-20T07:28:07.720Z,1787210887720,FAN_DT_001_F3_S03_R01_20260820T071935,1,511.776,FAULT_ACTIVE,F3,0.3,FAN_DT_001,3.0,process-model-3.0.0-build3,589,1,LIVE,SYNCHRONISED,AUTOMATIC,NORMAL,65,1950,1950,0,145,145,0.3,0.3,25.49179,42.91,1.028,1,0.0254,0,207.97,29.527,-0.00139,0.805,0.2448,0.67,6.8798,80.5,DEGRADED,F3,3,1,cooling_degradation,0.3,1,1,,,,,2,0
2026-08-20T07:28:08.758Z,1787210888758,FAN_DT_001_F3_S03_R01_20260820T071935,1,512.814,FAULT_ACTIVE,F3,0.3,FAN_DT_001,3.0,process-model-3.0.0-build3,590,1,LIVE,SYNCHRONISED,AUTOMATIC,NORMAL,65,1950,1950,0,145,145,0.3,0.3,25.47723,42.91,1.028,1,0.0254,0,207.97,29.5864,-0.00119,0.805,0.2448,0.57,6.8936,80.5,DEGRADED,F3,3,1,cooling_degradation,0.3,1,1,,,,,2,0
2026-08-20T07:28:09.790Z,1787210889790,FAN_DT_001_F3_S03_R01_20260820T071935,1,513.846,FAULT_ACTIVE,F3,0.3,FAN_DT_001,3.0,process-model-3.0.0-build3,591,1,LIVE,SYNCHRONISED,AUTOMATIC,NORMAL,65,1950,1950,0,145,145,0.3,0.3,25.46235,42.92,1.028,1,0.0254,0,207.97,29.6462,-0.001,0.805,0.2448,0.48,6.9076,80.5,DEGRADED,F3,3,1,cooling_degradation,0.3,1,1,,,,,2,0
2026-08-20T07:28:10.819Z,1787210890819,FAN_DT_001_F3_S03_R01_20260820T071935,1,514.875,FAULT_ACTIVE,F3,0.3,FAN_DT_001,3.0,process-model-3.0.0-build3,592,1,LIVE,SYNCHRONISED,AUTOMATIC,NORMAL,65,1950,1950,0,145,145,0.3,0.3,25.44719,42.92,1.028,1,0.0254,0,207.97,29.7061,-0.0008,0.805,0.2448,0.383,6.9215,80.5,DEGRADED,F3,3,1,cooling_degradation,0.3,1,1,,,,,2,0
2026-08-20T07:28:11.852Z,1787210891852,FAN_DT_001_F3_S03_R01_20260820T071935,1,515.908,FAULT_ACTIVE,F3,0.3,FAN_DT_001,3.0,process-model-3.0.0-build3,593,1,LIVE,SYNCHRONISED,AUTOMATIC,NORMAL,65,1950,1950,0,145,145,0.3,0.3,25.43204,42.92,1.028,1,0.0254,0,207.97,29.765,-0.00059,0.805,0.2448,0.282,6.9352,80.5,DEGRADED,F3,3,1,cooling_degradation,0.3,1,1,,,,,2,0
2026-08-20T07:28:12.882Z,1787210892882,FAN_DT_001_F3_S03_R01_20260820T071935,1,516.938,FAULT_ACTIVE,F3,0.3,FAN_DT_001,3.0,process-model-3.0.0-build3,594,1,LIVE,SYNCHRONISED,AUTOMATIC,NORMAL,65,1950,1950,0,145,145,0.3,0.3,25.41646,42.92,1.028,1,0.0254,0,207.97,29.8247,-0.00039,0.805,0.2448,0.189,6.9492,80.5,DEGRADED,F3,3,1,cooling_degradation,0.3,1,1,,,,,2,0
2026-08-20T07:28:13.919Z,1787210893919,FAN_DT_001_F3_S03_R01_20260820T071935,1,517.975,FAULT_ACTIVE,F3,0.3,FAN_DT_001,3.0,process-model-3.0.0-build3,595,1,LIVE,SYNCHRONISED,AUTOMATIC,NORMAL,65,1950,1950,0,145,145,0.3,0.3,25.40073,42.92,1.028,1,0.0254,0,207.97,29.8842,-0.00017,0.805,0.2448,0.083,6.963,80.5,DEGRADED,F3,3,1,cooling_degradation,0.3,1,1,,,,,2,0
2026-08-20T07:28:14.952Z,1787210894952,FAN_DT_001_F3_S03_R01_20260820T071935,1,519.008,FAULT_ACTIVE,F3,0.3,FAN_DT_001,3.0,process-model-3.0.0-build3,596,1,LIVE,SYNCHRONISED,AUTOMATIC,NORMAL,65,1950,1950,0,145,145,0.3,0.3,25.3847,42.92,1.028,1,0.0254,0,207.97,29.944,0.00003,0.805,0.2448,0.014,6.9769,80.5,DEGRADED,F3,3,1,cooling_degradation,0.3,1,1,,,,,2,0
2026-08-20T07:28:16.006Z,1787210896006,FAN_DT_001_F3_S03_R01_20260820T071935,1,520.062,FAULT_ACTIVE,F3,0.3,FAN_DT_001,3.0,process-model-3.0.0-build3,597,1,LIVE,SYNCHRONISED,AUTOMATIC,NORMAL,65,1950,1950,0,145,145,0.3,0.3,25.36848,42.92,1.028,1,0.0254,0,207.97,30.0037,0.00023,0.805,0.2448,0.111,6.9909,80.5,DEGRADED,F3,3,1,cooling_degradation,0.3,1,1,,,,,2,0
2026-08-20T07:28:17.019Z,1787210897019,FAN_DT_001_F3_S03_R01_20260820T071935,1,521.076,FAULT_ACTIVE,F3,0.3,FAN_DT_001,3.0,process-model-3.0.0-build3,598,1,LIVE,SYNCHRONISED,AUTOMATIC,NORMAL,65,1950,1950,0,145,145,0.3,0.3,25.35217,42.92,1.028,1,0.0254,0,207.97,30.0631,0.00045,0.805,0.2448,0.215,7.0047,80.5,DEGRADED,F3,3,1,cooling_degradation,0.3,1,1,,,,,2,0
2026-08-20T07:28:18.050Z,1787210898050,FAN_DT_001_F3_S03_R01_20260820T071935,1,522.106,FAULT_ACTIVE,F3,0.3,FAN_DT_001,3.0,process-model-3.0.0-build3,599,1,LIVE,SYNCHRONISED,AUTOMATIC,NORMAL,65,1950,1950,0,145,145,0.3,0.3,25.33557,42.92,1.028,1,0.0254,0,207.97,30.1228,0.00064,0.805,0.2448,0.306,7.0186,80.5,DEGRADED,F3,3,1,cooling_degradation,0.3,1,1,,,,,2,0
2026-08-20T07:28:19.087Z,1787210899087,FAN_DT_001_F3_S03_R01_20260820T071935,1,523.143,FAULT_ACTIVE,F3,0.3,FAN_DT_001,3.0,process-model-3.0.0-build3,600,1,LIVE,SYNCHRONISED,AUTOMATIC,NORMAL,65,1950,1950,0,145,145,0.3,0.3,25.31891,42.92,1.028,1,0.0254,0,207.97,30.1821,0.00084,0.805,0.2448,0.403,7.0324,80.5,DEGRADED,F3,3,1,cooling_degradation,0.3,1,1,,,,,2,0
2026-08-20T07:28:20.117Z,1787210900117,FAN_DT_001_F3_S03_R01_20260820T071935,1,524.174,FAULT_ACTIVE,F3,0.3,FAN_DT_001,3.0,process-model-3.0.0-build3,601,1,LIVE,SYNCHRONISED,AUTOMATIC,NORMAL,65,1950,1950,0,145,145,0.3,0.3,25.30195,42.92,1.028,1,0.0254,0,207.97,30.2419,0.00106,0.805,0.2448,0.51,7.0464,80.5,DEGRADED,F3,3,1,cooling_degradation,0.3,1,1,,,,,2,0
2026-08-20T07:28:21.146Z,1787210901146,FAN_DT_001_F3_S03_R01_20260820T071935,1,525.203,FAULT_ACTIVE,F3,0.3,FAN_DT_001,3.0,process-model-3.0.0-build3,602,1,LIVE,SYNCHRONISED,AUTOMATIC,NORMAL,65,1950,1950,0,145,145,0.3,0.3,25.28492,42.91,1.028,1,0.0254,0,207.97,30.3014,0.00125,0.805,0.2448,0.602,7.0602,80.5,DEGRADED,F3,3,1,cooling_degradation,0.3,1,1,,,,,2,0
2026-08-20T07:28:22.181Z,1787210902181,FAN_DT_001_F3_S03_R01_20260820T071935,1,526.237,FAULT_ACTIVE,F3,0.3,FAN_DT_001,3.0,process-model-3.0.0-build3,603,1,LIVE,SYNCHRONISED,AUTOMATIC,NORMAL,65,1950,1950,0,145,145,0.3,0.3,25.26778,42.91,1.028,1,0.0254,0,207.97,30.3607,0.00144,0.805,0.2448,0.693,7.0741,80.5,DEGRADED,F3,3,1,cooling_degradation,0.3,1,1,,,,,2,0
2026-08-20T07:28:23.212Z,1787210903212,FAN_DT_001_F3_S03_R01_20260820T071935,1,527.268,FAULT_ACTIVE,F3,0.3,FAN_DT_001,3.0,process-model-3.0.0-build3,604,1,LIVE,SYNCHRONISED,AUTOMATIC,NORMAL,65,1950,1950,0,145,145,0.3,0.3,25.25038,42.91,1.028,1,0.0254,0,207.97,30.4205,0.00164,0.805,0.2448,0.788,7.088,80.5,DEGRADED,F3,3,1,cooling_degradation,0.3,1,1,,,,,2,0
2026-08-20T07:28:24.246Z,1787210904246,FAN_DT_001_F3_S03_R01_20260820T071935,1,528.302,FAULT_ACTIVE,F3,0.3,FAN_DT_001,3.0,process-model-3.0.0-build3,605,1,LIVE,SYNCHRONISED,AUTOMATIC,NORMAL,65,1950,1950,0,145,145,0.3,0.3,25.23297,42.91,1.028,1,0.0254,0,207.97,30.4799,0.00186,0.805,0.2448,0.896,7.1018,80.5,DEGRADED,F3,3,1,cooling_degradation,0.3,1,1,,,,,2,0
2026-08-20T07:28:25.304Z,1787210905304,FAN_DT_001_F3_S03_R01_20260820T071935,1,529.36,FAULT_ACTIVE,F3,0.3,FAN_DT_001,3.0,process-model-3.0.0-build3,606,1,LIVE,SYNCHRONISED,AUTOMATIC,NORMAL,65,1950,1950,0,145,145,0.3,0.3,25.21531,42.91,1.028,1,0.0254,0,207.97,30.5397,0.00206,0.805,0.2448,0.99,7.1157,80.5,DEGRADED,F3,3,1,cooling_degradation,0.3,1,1,,,,,2,0
2026-08-20T07:28:26.308Z,1787210906308,FAN_DT_001_F3_S03_R01_20260820T071935,1,530.365,FAULT_ACTIVE,F3,0.3,FAN_DT_001,3.0,process-model-3.0.0-build3,607,1,LIVE,SYNCHRONISED,AUTOMATIC,NORMAL,65,1950,1950,0,145,145,0.3,0.3,25.19772,42.9,1.028,1,0.0254,0,207.97,30.5988,0.00224,0.805,0.2448,1.078,7.1295,80.5,DEGRADED,F3,3,1,cooling_degradation,0.3,1,1,,,,,2,0
2026-08-20T07:28:27.341Z,1787210907341,FAN_DT_001_F3_S03_R01_20260820T071935,1,531.403,FAULT_ACTIVE,F3,0.3,FAN_DT_001,3.0,process-model-3.0.0-build3,608,1,LIVE,SYNCHRONISED,AUTOMATIC,NORMAL,65,1950,1950,0,145,145,0.3,0.3,25.17982,42.9,1.028,1,0.0254,0,207.97,30.6587,0.00245,0.805,0.2448,1.179,7.1435,80.5,DEGRADED,F3,3,1,cooling_degradation,0.3,1,1,,,,,2,0
2026-08-20T07:28:28.372Z,1787210908372,FAN_DT_001_F3_S03_R01_20260820T071935,1,532.428,FAULT_ACTIVE,F3,0.3,FAN_DT_001,3.0,process-model-3.0.0-build3,609,1,LIVE,SYNCHRONISED,AUTOMATIC,NORMAL,65,1950,1950,0,145,145,0.3,0.3,25.16199,42.9,1.028,1,0.0254,0,207.97,30.718,0.00263,0.805,0.2448,1.265,7.1573,80.5,DEGRADED,F3,3,1,cooling_degradation,0.3,1,1,,,,,2,0
2026-08-20T07:28:29.402Z,1787210909402,FAN_DT_001_F3_S03_R01_20260820T071935,1,533.459,FAULT_ACTIVE,F3,0.3,FAN_DT_001,3.0,process-model-3.0.0-build3,610,1,LIVE,SYNCHRONISED,AUTOMATIC,NORMAL,65,1950,1950,0,145,145,0.3,0.3,25.14402,42.9,1.028,1,0.0254,0,207.97,30.7775,0.00282,0.805,0.2448,1.354,7.1712,80.5,DEGRADED,F3,3,1,cooling_degradation,0.3,1,1,,,,,2,0
2026-08-20T07:28:30.439Z,1787210910439,FAN_DT_001_F3_S03_R01_20260820T071935,1,534.496,FAULT_ACTIVE,F3,0.3,FAN_DT_001,3.0,process-model-3.0.0-build3,611,1,LIVE,SYNCHRONISED,AUTOMATIC,NORMAL,65,1950,1950,0,145,145,0.3,0.3,25.1259,42.89,1.028,1,0.0254,0,207.97,30.8372,0.00301,0.805,0.2448,1.445,7.1851,80.5,DEGRADED,F3,3,1,cooling_degradation,0.3,1,1,,,,,2,0
2026-08-20T07:28:31.475Z,1787210911475,FAN_DT_001_F3_S03_R01_20260820T071935,1,535.531,FAULT_ACTIVE,F3,0.3,FAN_DT_001,3.0,process-model-3.0.0-build3,612,1,LIVE,SYNCHRONISED,AUTOMATIC,NORMAL,65,1950,1950,0,145,145,0.3,0.3,25.10773,42.89,1.028,1,0.0254,0,207.97,30.8969,0.00321,0.805,0.2448,1.543,7.199,80.5,DEGRADED,F3,3,1,cooling_degradation,0.3,1,1,,,,,2,0
2026-08-20T07:28:32.505Z,1787210912505,FAN_DT_001_F3_S03_R01_20260820T071935,1,536.562,FAULT_ACTIVE,F3,0.3,FAN_DT_001,3.0,process-model-3.0.0-build3,613,1,LIVE,SYNCHRONISED,AUTOMATIC,NORMAL,65,1950,1950,0,145,145,0.3,0.3,25.08956,42.89,1.028,1,0.0254,0,207.97,30.9564,0.00341,0.805,0.2448,1.64,7.2128,80.5,DEGRADED,F3,3,1,cooling_degradation,0.3,1,1,,,,,2,0
2026-08-20T07:28:33.540Z,1787210913540,FAN_DT_001_F3_S03_R01_20260820T071935,1,537.597,FAULT_ACTIVE,F3,0.3,FAN_DT_001,3.0,process-model-3.0.0-build3,614,1,LIVE,SYNCHRONISED,AUTOMATIC,NORMAL,65,1950,1950,0,145,145,0.3,0.3,25.07138,42.88,1.028,1,0.0254,0,207.97,31.0158,0.00357,0.805,0.2448,1.718,7.2267,80.5,DEGRADED,F3,3,1,cooling_degradation,0.3,1,1,,,,,2,0
2026-08-20T07:28:34.603Z,1787210914603,FAN_DT_001_F3_S03_R01_20260820T071935,1,538.66,FAULT_ACTIVE,F3,0.3,FAN_DT_001,3.0,process-model-3.0.0-build3,615,1,LIVE,SYNCHRONISED,AUTOMATIC,NORMAL,65,1950,1950,0,145,145,0.3,0.3,25.05303,42.88,1.028,1,0.0254,0,207.97,31.0756,0.00376,0.805,0.2448,1.806,7.2406,80.5,DEGRADED,F3,3,1,cooling_degradation,0.3,1,1,,,,,2,0
2026-08-20T07:28:35.624Z,1787210915624,FAN_DT_001_F3_S03_R01_20260820T071935,1,539.68,FAULT_ACTIVE,F3,0.3,FAN_DT_001,3.0,process-model-3.0.0-build3,616,1,LIVE,SYNCHRONISED,AUTOMATIC,NORMAL,65,1950,1950,0,145,145,0.3,0.3,25.03475,42.88,1.028,1,0.0254,0,207.97,31.1351,0.00396,0.805,0.2448,1.905,7.2545,80.5,DEGRADED,F3,3,1,cooling_degradation,0.3,1,1,,,,,2,0
2026-08-20T07:28:36.640Z,1787210916640,FAN_DT_001_F3_S03_R01_20260820T071935,1,540.698,RECOVERY,F3,0.3,FAN_DT_001,3.0,process-model-3.0.0-build3,617,1,LIVE,SYNCHRONISED,AUTOMATIC,NORMAL,65,1950,1950,0,145,145,0.3,0.3,25.01624,42.84,1.028,1,0.0254,0,207.97,31.1953,0.07193,1,0.18,34.587,7.2685,100,HEALTHY,F0,0,0,healthy,0,0,0,,,,,3,0
2026-08-20T07:28:37.669Z,1787210917669,FAN_DT_001_F3_S03_R01_20260820T071935,1,541.729,RECOVERY,F3,0.3,FAN_DT_001,3.0,process-model-3.0.0-build3,618,1,LIVE,SYNCHRONISED,AUTOMATIC,NORMAL,65,1950,1950,0,145,145,0.3,0.3,24.99809,42.76,1.028,1,0.0254,0,207.97,31.2542,0.07103,1,0.18,34.157,7.2822,100,HEALTHY,F0,0,0,healthy,0,0,0,,,,,3,0
2026-08-20T07:28:38.698Z,1787210918698,FAN_DT_001_F3_S03_R01_20260820T071935,1,542.758,RECOVERY,F3,0.3,FAN_DT_001,3.0,process-model-3.0.0-build3,619,1,LIVE,SYNCHRONISED,AUTOMATIC,NORMAL,65,1950,1950,0,145,145,0.3,0.3,24.97981,42.69,1.028,1,0.0254,0,207.97,31.3136,0.07012,1,0.18,33.716,7.2961,100,HEALTHY,F0,0,0,healthy,0,0,0,,,,,3,0
2026-08-20T07:28:39.719Z,1787210919719,FAN_DT_001_F3_S03_R01_20260820T071935,1,543.777,RECOVERY,F3,0.3,FAN_DT_001,3.0,process-model-3.0.0-build3,620,1,LIVE,SYNCHRONISED,AUTOMATIC,NORMAL,65,1950,1950,0,145,145,0.3,0.3,24.9616,42.62,1.028,1,0.0254,0,207.97,31.3728,0.06924,1,0.18,33.295,7.3099,100,HEALTHY,F0,0,0,healthy,0,0,0,,,,,3,0
2026-08-20T07:28:40.752Z,1787210920752,FAN_DT_001_F3_S03_R01_20260820T071935,1,544.81,RECOVERY,F3,0.3,FAN_DT_001,3.0,process-model-3.0.0-build3,621,1,LIVE,SYNCHRONISED,AUTOMATIC,NORMAL,65,1950,1950,0,145,145,0.3,0.3,24.94341,42.55,1.028,1,0.0254,0,207.97,31.4321,0.06837,1,0.18,32.876,7.3237,100,HEALTHY,F0,0,0,healthy,0,0,0,,,,,3,0
2026-08-20T07:28:41.806Z,1787210921806,FAN_DT_001_F3_S03_R01_20260820T071935,1,545.862,RECOVERY,F3,0.3,FAN_DT_001,3.0,process-model-3.0.0-build3,622,1,LIVE,SYNCHRONISED,AUTOMATIC,NORMAL,65,1950,1950,0,145,145,0.3,0.3,24.92518,42.48,1.028,1,0.0254,0,207.97,31.4915,0.06751,1,0.18,32.464,7.3375,100,HEALTHY,F0,0,0,healthy,0,0,0,,,,,3,0
2026-08-20T07:28:42.807Z,1787210922807,FAN_DT_001_F3_S03_R01_20260820T071935,1,546.897,RECOVERY,F3,0.3,FAN_DT_001,3.0,process-model-3.0.0-build3,623,1,LIVE,SYNCHRONISED,AUTOMATIC,NORMAL,65,1950,1950,0,145,145,0.3,0.3,24.90706,42.41,1.028,1,0.0254,0,207.97,31.5507,0.06667,1,0.18,32.059,7.3513,100,HEALTHY,F0,0,0,healthy,0,0,0,,,,,3,0
2026-08-20T07:28:43.836Z,1787210923836,FAN_DT_001_F3_S03_R01_20260820T071935,1,547.902,RECOVERY,F3,0.3,FAN_DT_001,3.0,process-model-3.0.0-build3,624,1,LIVE,SYNCHRONISED,AUTOMATIC,NORMAL,65,1950,1950,0,145,145,0.3,0.3,24.88897,42.34,1.028,1,0.0254,0,207.97,31.61,0.06585,1,0.18,31.663,7.3651,100,HEALTHY,F0,0,0,healthy,0,0,0,,,,,3,0
2026-08-20T07:28:44.861Z,1787210924861,FAN_DT_001_F3_S03_R01_20260820T071935,1,549.145,RECOVERY,F3,0.3,FAN_DT_001,3.0,process-model-3.0.0-build3,625,1,LIVE,SYNCHRONISED,AUTOMATIC,NORMAL,65,1950,1950,0,145,145,0.3,0.3,24.8709,42.27,1.028,1,0.0254,0,207.97,31.6694,0.06503,1,0.18,31.268,7.379,100,HEALTHY,F0,0,0,healthy,0,0,0,,,,,3,0
2026-08-20T07:28:45.892Z,1787210925892,FAN_DT_001_F3_S03_R01_20260820T071935,1,549.948,RECOVERY,F3,0.3,FAN_DT_001,3.0,process-model-3.0.0-build3,626,1,LIVE,SYNCHRONISED,AUTOMATIC,NORMAL,65,1950,1950,0,145,145,0.3,0.3,24.85295,42.21,1.028,1,0.0254,0,207.97,31.7286,0.06424,1,0.18,30.889,7.3928,100,HEALTHY,F0,0,0,healthy,0,0,0,,,,,3,0
2026-08-20T07:28:46.923Z,1787210926923,FAN_DT_001_F3_S03_R01_20260820T071935,1,550.98,RECOVERY,F3,0.3,FAN_DT_001,3.0,process-model-3.0.0-build3,627,1,LIVE,SYNCHRONISED,AUTOMATIC,NORMAL,65,1950,1950,0,145,145,0.3,0.3,24.83505,42.14,1.028,1,0.0254,0,207.97,31.7879,0.06343,1,0.18,30.499,7.4066,100,HEALTHY,F0,0,0,healthy,0,0,0,,,,,3,0
2026-08-20T07:28:47.945Z,1787210927945,FAN_DT_001_F3_S03_R01_20260820T071935,1,552.001,RECOVERY,F3,0.3,FAN_DT_001,3.0,process-model-3.0.0-build3,628,1,LIVE,SYNCHRONISED,AUTOMATIC,NORMAL,65,1950,1950,0,145,145,0.3,0.3,24.81724,42.08,1.028,1,0.0254,0,207.97,31.8472,0.06266,1,0.18,30.131,7.4204,100,HEALTHY,F0,0,0,healthy,0,0,0,,,,,3,0
2026-08-20T07:28:49.006Z,1787210929006,FAN_DT_001_F3_S03_R01_20260820T071935,1,553.062,RECOVERY,F3,0.3,FAN_DT_001,3.0,process-model-3.0.0-build3,629,1,LIVE,SYNCHRONISED,AUTOMATIC,NORMAL,65,1950,1950,0,145,145,0.3,0.3,24.79959,42.01,1.028,1,0.0254,0,207.97,31.9063,0.06191,1,0.18,29.769,7.4342,100,HEALTHY,F0,0,0,healthy,0,0,0,,,,,3,0
2026-08-20T07:28:50.000Z,1787210930000,FAN_DT_001_F3_S03_R01_20260820T071935,1,554.057,RECOVERY,F3,0.3,FAN_DT_001,3.0,process-model-3.0.0-build3,630,1,LIVE,SYNCHRONISED,AUTOMATIC,NORMAL,65,1950,1950,0,145,145,0.3,0.3,24.78195,41.95,1.028,1,0.0254,0,207.97,31.9657,0.06116,1,0.18,29.407,7.448,100,HEALTHY,F0,0,0,healthy,0,0,0,,,,,3,0
2026-08-20T07:28:51.035Z,1787210931035,FAN_DT_001_F3_S03_R01_20260820T071935,1,555.11,RECOVERY,F3,0.3,FAN_DT_001,3.0,process-model-3.0.0-build3,631,1,LIVE,SYNCHRONISED,AUTOMATIC,NORMAL,65,1950,1950,0,145,145,0.3,0.3,24.76442,41.89,1.028,1,0.0254,0,207.97,32.025,0.0604,1,0.18,29.043,7.4618,100,HEALTHY,F0,0,0,healthy,0,0,0,,,,,3,0
2026-08-20T07:28:52.057Z,1787210932057,FAN_DT_001_F3_S03_R01_20260820T071935,1,556.113,RECOVERY,F3,0.3,FAN_DT_001,3.0,process-model-3.0.0-build3,632,1,LIVE,SYNCHRONISED,AUTOMATIC,NORMAL,65,1950,1950,0,145,145,0.3,0.3,24.74714,41.83,1.028,1,0.0254,0,207.97,32.084,0.05969,1,0.18,28.699,7.4756,100,HEALTHY,F0,0,0,healthy,0,0,0,,,,,3,0
2026-08-20T07:28:53.083Z,1787210933083,FAN_DT_001_F3_S03_R01_20260820T071935,1,557.14,RECOVERY,F3,0.3,FAN_DT_001,3.0,process-model-3.0.0-build3,633,1,LIVE,SYNCHRONISED,AUTOMATIC,NORMAL,65,1950,1950,0,145,145,0.3,0.3,24.72987,41.77,1.028,1,0.0254,0,207.97,32.1434,0.05895,1,0.18,28.344,7.4894,100,HEALTHY,F0,0,0,healthy,0,0,0,,,,,3,0
2026-08-20T07:28:54.107Z,1787210934107,FAN_DT_001_F3_S03_R01_20260820T071935,1,558.164,RECOVERY,F3,0.3,FAN_DT_001,3.0,process-model-3.0.0-build3,634,1,LIVE,SYNCHRONISED,AUTOMATIC,NORMAL,65,1950,1950,0,145,145,0.3,0.3,24.71279,41.71,1.028,1,0.0254,0,207.97,32.2026,0.05823,1,0.18,28.001,7.5032,100,HEALTHY,F0,0,0,healthy,0,0,0,,,,,3,0
2026-08-20T07:28:55.135Z,1787210935135,FAN_DT_001_F3_S03_R01_20260820T071935,1,559.192,RECOVERY,F3,0.3,FAN_DT_001,3.0,process-model-3.0.0-build3,635,1,LIVE,SYNCHRONISED,AUTOMATIC,NORMAL,65,1950,1950,0,145,145,0.3,0.3,24.69589,41.65,1.028,1,0.0254,0,207.97,32.2617,0.05752,1,0.18,27.657,7.517,100,HEALTHY,F0,0,0,healthy,0,0,0,,,,,3,0
2026-08-20T07:28:56.160Z,1787210936160,FAN_DT_001_F3_S03_R01_20260820T071935,1,560.217,RECOVERY,F3,0.3,FAN_DT_001,3.0,process-model-3.0.0-build3,636,1,LIVE,SYNCHRONISED,AUTOMATIC,NORMAL,65,1950,1950,0,145,145,0.3,0.3,24.6791,41.59,1.028,1,0.0254,0,207.97,32.321,0.05683,1,0.18,27.325,7.5308,100,HEALTHY,F0,0,0,healthy,0,0,0,,,,,3,0
2026-08-20T07:28:57.194Z,1787210937194,FAN_DT_001_F3_S03_R01_20260820T071935,1,561.259,RECOVERY,F3,0.3,FAN_DT_001,3.0,process-model-3.0.0-build3,637,1,LIVE,SYNCHRONISED,AUTOMATIC,NORMAL,65,1950,1950,0,145,145,0.3,0.3,24.66247,41.53,1.028,1,0.0254,0,207.97,32.3802,0.05615,1,0.18,27,7.5446,100,HEALTHY,F0,0,0,healthy,0,0,0,,,,,3,0
2026-08-20T07:28:58.219Z,1787210938219,FAN_DT_001_F3_S03_R01_20260820T071935,1,562.276,RECOVERY,F3,0.3,FAN_DT_001,3.0,process-model-3.0.0-build3,638,1,LIVE,SYNCHRONISED,AUTOMATIC,NORMAL,65,1950,1950,0,145,145,0.3,0.3,24.64603,41.47,1.028,1,0.0254,0,207.97,32.4395,0.05548,1,0.18,26.676,7.5584,100,HEALTHY,F0,0,0,healthy,0,0,0,,,,,3,0
2026-08-20T07:28:59.338Z,1787210939338,FAN_DT_001_F3_S03_R01_20260820T071935,1,563.42,RECOVERY,F3,0.3,FAN_DT_001,3.0,process-model-3.0.0-build3,639,1,LIVE,SYNCHRONISED,AUTOMATIC,NORMAL,65,1950,1950,0,145,145,0.3,0.3,24.62973,41.42,1.028,1,0.0254,0,207.97,32.4989,0.05479,1,0.18,26.344,7.5722,100,HEALTHY,F0,0,0,healthy,0,0,0,,,,,3,0
2026-08-20T07:29:00.282Z,1787210940282,FAN_DT_001_F3_S03_R01_20260820T071935,1,564.338,RECOVERY,F3,0.3,FAN_DT_001,3.0,process-model-3.0.0-build3,640,1,LIVE,SYNCHRONISED,AUTOMATIC,NORMAL,65,1950,1950,0,145,145,0.3,0.3,24.61371,41.36,1.028,1,0.0254,0,207.97,32.558,0.05413,1,0.18,26.03,7.586,100,HEALTHY,F0,0,0,healthy,0,0,0,,,,,3,0
2026-08-20T07:29:01.307Z,1787210941307,FAN_DT_001_F3_S03_R01_20260820T071935,1,565.364,RECOVERY,F3,0.3,FAN_DT_001,3.0,process-model-3.0.0-build3,641,1,LIVE,SYNCHRONISED,AUTOMATIC,NORMAL,65,1950,1950,0,145,145,0.3,0.3,24.59777,41.3,1.028,1,0.0254,0,207.97,32.6175,0.0535,1,0.18,25.724,7.5999,100,HEALTHY,F0,0,0,healthy,0,0,0,,,,,3,0
2026-08-20T07:29:02.330Z,1787210942330,FAN_DT_001_F3_S03_R01_20260820T071935,1,566.387,RECOVERY,F3,0.3,FAN_DT_001,3.0,process-model-3.0.0-build3,642,1,LIVE,SYNCHRONISED,AUTOMATIC,NORMAL,65,1950,1950,0,145,145,0.3,0.3,24.58211,41.25,1.028,1,0.0254,0,207.97,32.6768,0.05284,1,0.18,25.41,7.6137,100,HEALTHY,F0,0,0,healthy,0,0,0,,,,,3,0
2026-08-20T07:29:03.361Z,1787210943361,FAN_DT_001_F3_S03_R01_20260820T071935,1,567.419,RECOVERY,F3,0.3,FAN_DT_001,3.0,process-model-3.0.0-build3,643,1,LIVE,SYNCHRONISED,AUTOMATIC,NORMAL,65,1950,1950,0,145,145,0.3,0.3,24.56667,41.2,1.028,1,0.0254,0,207.97,32.736,0.05221,1,0.18,25.106,7.6275,100,HEALTHY,F0,0,0,healthy,0,0,0,,,,,3,0
2026-08-20T07:29:04.387Z,1787210944387,FAN_DT_001_F3_S03_R01_20260820T071935,1,568.445,RECOVERY,F3,0.3,FAN_DT_001,3.0,process-model-3.0.0-build3,644,1,LIVE,SYNCHRONISED,AUTOMATIC,NORMAL,65,1950,1950,0,145,145,0.3,0.3,24.55144,41.14,1.028,1,0.0254,0,207.97,32.7954,0.05156,1,0.18,24.792,7.6413,100,HEALTHY,F0,0,0,healthy,0,0,0,,,,,3,0
2026-08-20T07:29:05.411Z,1787210945411,FAN_DT_001_F3_S03_R01_20260820T071935,1,569.467,RECOVERY,F3,0.3,FAN_DT_001,3.0,process-model-3.0.0-build3,645,1,LIVE,SYNCHRONISED,AUTOMATIC,NORMAL,65,1950,1950,0,145,145,0.3,0.3,24.53647,41.09,1.028,1,0.0254,0,207.97,32.8546,0.05095,1,0.18,24.499,7.6551,100,HEALTHY,F0,0,0,healthy,0,0,0,,,,,3,0
2026-08-20T07:29:06.459Z,1787210946459,FAN_DT_001_F3_S03_R01_20260820T071935,1,570.516,RECOVERY,F3,0.3,FAN_DT_001,3.0,process-model-3.0.0-build3,646,1,LIVE,SYNCHRONISED,AUTOMATIC,NORMAL,65,1950,1950,0,145,145,0.3,0.3,24.52178,41.04,1.028,1,0.0254,0,207.97,32.9136,0.05033,1,0.18,24.199,7.6689,100,HEALTHY,F0,0,0,healthy,0,0,0,,,,,3,0
2026-08-20T07:29:07.474Z,1787210947474,FAN_DT_001_F3_S03_R01_20260820T071935,1,571.533,RECOVERY,F3,0.3,FAN_DT_001,3.0,process-model-3.0.0-build3,647,1,LIVE,SYNCHRONISED,AUTOMATIC,NORMAL,65,1950,1950,0,145,145,0.3,0.3,24.5073,40.99,1.028,1,0.0254,0,207.97,32.9728,0.04971,1,0.18,23.904,7.6827,100,HEALTHY,F0,0,0,healthy,0,0,0,,,,,3,0
2026-08-20T07:29:08.702Z,1787210948702,FAN_DT_001_F3_S03_R01_20260820T071935,1,572.765,RECOVERY,F3,0.3,FAN_DT_001,3.0,process-model-3.0.0-build3,648,1,LIVE,SYNCHRONISED,AUTOMATIC,NORMAL,65,1950,1950,0,145,145,0.3,0.3,24.49308,40.94,1.028,1,0.0254,0,207.97,33.032,0.04913,1,0.18,23.622,7.6965,100,HEALTHY,F0,0,0,healthy,0,0,0,,,,,3,0
2026-08-20T07:29:09.579Z,1787210949579,FAN_DT_001_F3_S03_R01_20260820T071935,1,573.66,RECOVERY,F3,0.3,FAN_DT_001,3.0,process-model-3.0.0-build3,649,1,LIVE,SYNCHRONISED,AUTOMATIC,NORMAL,65,1950,1950,0,145,145,0.3,0.3,24.4791,40.89,1.028,1,0.0254,0,207.97,33.0913,0.04854,1,0.18,23.338,7.7103,100,HEALTHY,F0,0,0,healthy,0,0,0,,,,,3,0
2026-08-20T07:29:10.543Z,1787210950543,FAN_DT_001_F3_S03_R01_20260820T071935,1,574.604,RECOVERY,F3,0.3,FAN_DT_001,3.0,process-model-3.0.0-build3,650,1,LIVE,SYNCHRONISED,AUTOMATIC,NORMAL,65,1950,1950,0,145,145,0.3,0.3,24.46538,40.84,1.028,1,0.0254,0,207.97,33.1506,0.04793,1,0.18,23.045,7.7241,100,HEALTHY,F0,0,0,healthy,0,0,0,,,,,3,0
2026-08-20T07:29:11.571Z,1787210951571,FAN_DT_001_F3_S03_R01_20260820T071935,1,575.63,RECOVERY,F3,0.3,FAN_DT_001,3.0,process-model-3.0.0-build3,651,1,LIVE,SYNCHRONISED,AUTOMATIC,NORMAL,65,1950,1950,0,145,145,0.3,0.3,24.45197,40.79,1.028,1,0.0254,0,207.97,33.2098,0.04734,1,0.18,22.762,7.7379,100,HEALTHY,F0,0,0,healthy,0,0,0,,,,,3,0
2026-08-20T07:29:12.678Z,1787210952678,FAN_DT_001_F3_S03_R01_20260820T071935,1,576.899,RECOVERY,F3,0.3,FAN_DT_001,3.0,process-model-3.0.0-build3,652,1,LIVE,SYNCHRONISED,AUTOMATIC,NORMAL,65,1950,1950,0,145,145,0.3,0.3,24.43885,40.74,1.028,1,0.0254,0,207.97,33.269,0.04676,1,0.18,22.484,7.7517,100,HEALTHY,F0,0,0,healthy,0,0,0,,,,,3,0
2026-08-20T07:29:13.642Z,1787210953642,FAN_DT_001_F3_S03_R01_20260820T071935,1,577.727,RECOVERY,F3,0.3,FAN_DT_001,3.0,process-model-3.0.0-build3,653,1,LIVE,SYNCHRONISED,AUTOMATIC,NORMAL,65,1950,1950,0,145,145,0.3,0.3,24.42598,40.69,1.028,1,0.0254,0,207.97,33.3283,0.04617,1,0.18,22.201,7.7655,100,HEALTHY,F0,0,0,healthy,0,0,0,,,,,3,0
2026-08-20T07:29:14.850Z,1787210954850,FAN_DT_001_F3_S03_R01_20260820T071935,1,578.909,RECOVERY,F3,0.3,FAN_DT_001,3.0,process-model-3.0.0-build3,654,1,LIVE,SYNCHRONISED,AUTOMATIC,NORMAL,65,1950,1950,0,145,145,0.3,0.3,24.41343,40.65,1.028,1,0.0254,0,207.97,33.3875,0.0456,1,0.18,21.928,7.7793,100,HEALTHY,F0,0,0,healthy,0,0,0,,,,,3,0
2026-08-20T07:29:15.713Z,1787210955713,FAN_DT_001_F3_S03_R01_20260820T071935,1,580.021,RECOVERY,F3,0.3,FAN_DT_001,3.0,process-model-3.0.0-build3,655,1,LIVE,SYNCHRONISED,AUTOMATIC,NORMAL,65,1950,1950,0,145,145,0.3,0.3,24.40121,40.6,1.028,1,0.0254,0,207.97,33.4466,0.04503,1,0.18,21.653,7.7931,100,HEALTHY,F0,0,0,healthy,0,0,0,,,,,3,0
2026-08-20T07:29:16.708Z,1787210956708,FAN_DT_001_F3_S03_R01_20260820T071935,1,580.771,RECOVERY,F3,0.3,FAN_DT_001,3.0,process-model-3.0.0-build3,656,1,LIVE,SYNCHRONISED,AUTOMATIC,NORMAL,65,1950,1950,0,145,145,0.3,0.3,24.38924,40.55,1.028,1,0.0254,0,207.97,33.5061,0.04448,1,0.18,21.386,7.8069,100,HEALTHY,F0,0,0,healthy,0,0,0,,,,,3,0
2026-08-20T07:29:17.734Z,1787210957734,FAN_DT_001_F3_S03_R01_20260820T071935,1,581.791,RECOVERY,F3,0.3,FAN_DT_001,3.0,process-model-3.0.0-build3,657,1,LIVE,SYNCHRONISED,AUTOMATIC,NORMAL,65,1950,1950,0,145,145,0.3,0.3,24.37763,40.51,1.028,1,0.0254,0,207.97,33.5653,0.04393,1,0.18,21.122,7.8207,100,HEALTHY,F0,0,0,healthy,0,0,0,,,,,3,0
2026-08-20T07:29:18.765Z,1787210958765,FAN_DT_001_F3_S03_R01_20260820T071935,1,582.826,RECOVERY,F3,0.3,FAN_DT_001,3.0,process-model-3.0.0-build3,658,1,LIVE,SYNCHRONISED,AUTOMATIC,NORMAL,65,1950,1950,0,145,145,0.3,0.3,24.36636,40.46,1.028,1,0.0254,0,207.97,33.6245,0.04336,1,0.18,20.851,7.8345,100,HEALTHY,F0,0,0,healthy,0,0,0,,,,,3,0
2026-08-20T07:29:19.788Z,1787210959788,FAN_DT_001_F3_S03_R01_20260820T071935,1,583.845,RECOVERY,F3,0.3,FAN_DT_001,3.0,process-model-3.0.0-build3,659,1,LIVE,SYNCHRONISED,AUTOMATIC,NORMAL,65,1950,1950,0,145,145,0.3,0.3,24.35535,40.42,1.028,1,0.0254,0,207.97,33.6839,0.0428,1,0.18,20.582,7.8483,100,HEALTHY,F0,0,0,healthy,0,0,0,,,,,3,0
2026-08-20T07:29:20.815Z,1787210960815,FAN_DT_001_F3_S03_R01_20260820T071935,1,584.872,RECOVERY,F3,0.3,FAN_DT_001,3.0,process-model-3.0.0-build3,660,1,LIVE,SYNCHRONISED,AUTOMATIC,NORMAL,65,1950,1950,0,145,145,0.3,0.3,24.34474,40.38,1.028,1,0.0254,0,207.97,33.7431,0.04228,1,0.18,20.33,7.8621,100,HEALTHY,F0,0,0,healthy,0,0,0,,,,,3,0
2026-08-20T07:29:21.843Z,1787210961843,FAN_DT_001_F3_S03_R01_20260820T071935,1,585.901,RECOVERY,F3,0.3,FAN_DT_001,3.0,process-model-3.0.0-build3,661,1,LIVE,SYNCHRONISED,AUTOMATIC,NORMAL,65,1950,1950,0,145,145,0.3,0.3,24.3345,40.33,1.028,1,0.0254,0,207.97,33.802,0.04172,1,0.18,20.061,7.8759,100,HEALTHY,F0,0,0,healthy,0,0,0,,,,,3,0
2026-08-20T07:29:22.866Z,1787210962866,FAN_DT_001_F3_S03_R01_20260820T071935,1,586.924,RECOVERY,F3,0.3,FAN_DT_001,3.0,process-model-3.0.0-build3,662,1,LIVE,SYNCHRONISED,AUTOMATIC,NORMAL,65,1950,1950,0,145,145,0.3,0.3,24.32454,40.29,1.028,1,0.0254,0,207.97,33.8614,0.04117,1,0.18,19.796,7.8897,100,HEALTHY,F0,0,0,healthy,0,0,0,,,,,3,0
2026-08-20T07:29:23.902Z,1787210963902,FAN_DT_001_F3_S03_R01_20260820T071935,1,587.959,RECOVERY,F3,0.3,FAN_DT_001,3.0,process-model-3.0.0-build3,663,1,LIVE,SYNCHRONISED,AUTOMATIC,NORMAL,65,1950,1950,0,145,145,0.3,0.3,24.31496,40.25,1.028,1,0.0254,0,207.97,33.9205,0.04066,1,0.18,19.552,7.9035,100,HEALTHY,F0,0,0,healthy,0,0,0,,,,,3,0
2026-08-20T07:29:24.927Z,1787210964927,FAN_DT_001_F3_S03_R01_20260820T071935,1,588.985,RECOVERY,F3,0.3,FAN_DT_001,3.0,process-model-3.0.0-build3,664,1,LIVE,SYNCHRONISED,AUTOMATIC,NORMAL,65,1950,1950,0,145,145,0.3,0.3,24.3057,40.21,1.028,1,0.0254,0,207.97,33.9799,0.04011,1,0.18,19.289,7.9173,100,HEALTHY,F0,0,0,healthy,0,0,0,,,,,3,0
2026-08-20T07:29:25.950Z,1787210965950,FAN_DT_001_F3_S03_R01_20260820T071935,1,590.008,RECOVERY,F3,0.3,FAN_DT_001,3.0,process-model-3.0.0-build3,665,1,LIVE,SYNCHRONISED,AUTOMATIC,NORMAL,65,1950,1950,0,145,145,0.3,0.3,24.29683,40.17,1.028,1,0.0254,0,207.97,34.0391,0.0396,1,0.18,19.04,7.9311,100,HEALTHY,F0,0,0,healthy,0,0,0,,,,,3,0
2026-08-20T07:29:26.977Z,1787210966977,FAN_DT_001_F3_S03_R01_20260820T071935,1,591.033,RECOVERY,F3,0.3,FAN_DT_001,3.0,process-model-3.0.0-build3,666,1,LIVE,SYNCHRONISED,AUTOMATIC,NORMAL,65,1950,1950,0,145,145,0.3,0.3,24.28835,40.13,1.028,1,0.0254,0,207.97,34.0982,0.03907,1,0.18,18.788,7.9449,100,HEALTHY,F0,0,0,healthy,0,0,0,,,,,3,0
2026-08-20T07:29:28.005Z,1787210968005,FAN_DT_001_F3_S03_R01_20260820T071935,1,592.061,RECOVERY,F3,0.3,FAN_DT_001,3.0,process-model-3.0.0-build3,667,1,LIVE,SYNCHRONISED,AUTOMATIC,NORMAL,65,1950,1950,0,145,145,0.3,0.3,24.28018,40.09,1.028,1,0.0254,0,207.97,34.1576,0.03854,1,0.18,18.532,7.9587,100,HEALTHY,F0,0,0,healthy,0,0,0,,,,,3,0
2026-08-20T07:29:29.029Z,1787210969029,FAN_DT_001_F3_S03_R01_20260820T071935,1,593.102,RECOVERY,F3,0.3,FAN_DT_001,3.0,process-model-3.0.0-build3,668,1,LIVE,SYNCHRONISED,AUTOMATIC,NORMAL,65,1950,1950,0,145,145,0.3,0.3,24.27241,40.05,1.028,1,0.0254,0,207.97,34.2169,0.038,1,0.18,18.273,7.9725,100,HEALTHY,F0,0,0,healthy,0,0,0,,,,,3,0
2026-08-20T07:29:30.067Z,1787210970067,FAN_DT_001_F3_S03_R01_20260820T071935,1,594.124,RECOVERY,F3,0.3,FAN_DT_001,3.0,process-model-3.0.0-build3,669,1,LIVE,SYNCHRONISED,AUTOMATIC,NORMAL,65,1950,1950,0,145,145,0.3,0.3,24.26503,40.01,1.028,1,0.0254,0,207.97,34.276,0.0375,1,0.18,18.032,7.9863,100,HEALTHY,F0,0,0,healthy,0,0,0,,,,,3,0
2026-08-20T07:29:31.086Z,1787210971086,FAN_DT_001_F3_S03_R01_20260820T071935,1,595.142,RECOVERY,F3,0.3,FAN_DT_001,3.0,process-model-3.0.0-build3,670,1,LIVE,SYNCHRONISED,AUTOMATIC,NORMAL,65,1950,1950,0,145,145,0.3,0.3,24.258,39.97,1.028,1,0.0254,0,207.97,34.3354,0.03697,1,0.18,17.775,8.0002,100,HEALTHY,F0,0,0,healthy,0,0,0,,,,,3,0
2026-08-20T07:29:32.112Z,1787210972112,FAN_DT_001_F3_S03_R01_20260820T071935,1,596.169,RECOVERY,F3,0.3,FAN_DT_001,3.0,process-model-3.0.0-build3,671,1,LIVE,SYNCHRONISED,AUTOMATIC,NORMAL,65,1950,1950,0,145,145,0.3,0.3,24.25139,39.93,1.028,1,0.0254,0,207.97,34.3946,0.03647,1,0.18,17.537,8.0139,100,HEALTHY,F0,0,0,healthy,0,0,0,,,,,3,0
2026-08-20T07:29:33.143Z,1787210973143,FAN_DT_001_F3_S03_R01_20260820T071935,1,597.199,RECOVERY,F3,0.3,FAN_DT_001,3.0,process-model-3.0.0-build3,672,1,LIVE,SYNCHRONISED,AUTOMATIC,NORMAL,65,1950,1950,0,145,145,0.3,0.3,24.24516,39.89,1.028,1,0.0254,0,207.97,34.4538,0.03594,1,0.18,17.283,8.0277,100,HEALTHY,F0,0,0,healthy,0,0,0,,,,,3,0
2026-08-20T07:29:34.168Z,1787210974168,FAN_DT_001_F3_S03_R01_20260820T071935,1,598.224,RECOVERY,F3,0.3,FAN_DT_001,3.0,process-model-3.0.0-build3,673,1,LIVE,SYNCHRONISED,AUTOMATIC,NORMAL,65,1950,1950,0,145,145,0.3,0.3,24.2393,39.86,1.028,1,0.0254,0,207.97,34.5132,0.03542,1,0.18,17.033,8.0416,100,HEALTHY,F0,0,0,healthy,0,0,0,,,,,3,0
2026-08-20T07:29:35.210Z,1787210975210,FAN_DT_001_F3_S03_R01_20260820T071935,1,599.268,RECOVERY,F3,0.3,FAN_DT_001,3.0,process-model-3.0.0-build3,674,1,LIVE,SYNCHRONISED,AUTOMATIC,NORMAL,65,1950,1950,0,145,145,0.3,0.3,24.23387,39.82,1.028,1,0.0254,0,207.97,34.5723,0.03494,1,0.18,16.8,8.0554,100,HEALTHY,F0,0,0,healthy,0,0,0,,,,,3,0
