ts_iso,ts_ms,run_id,replicate,experiment_elapsed_s,experiment_phase,selected_fault_code,selected_fault_severity,asset_id,schema_version,model_version,sequence_id,sequence_gap,stream_status,synchronisation_status,control_mode,operating_mode,speed_command_pct,target_rpm,actual_rpm,speed_error_rpm,process_heat_load_w,effective_process_heat_load_w,mechanical_load,effective_mechanical_load,ambient_temperature_c,temperature_c,current_a,current_multiplier,vibration_g,vibration_offset_g,power_w,energy_wh,cooling_rate_c_per_s,cooling_efficiency,thermal_resistance_c_per_w,legacy_thermal_eff_index,co2_g,health_overall,health_status,embedded_fault_code,embedded_fault_class_id,embedded_fault_binary_label,embedded_fault_label,embedded_fault_severity,embedded_fault_active,anomaly,ai_fault_code,ai_fault_label,ai_confidence,ai_severity,accepted_commands,rejected_commands
2026-08-19T20:06:05.233Z,1787169965233,FAN_DT_001_F4_S09_R01_20260819T200604,1,0.405,BASELINE,F4,0.9,FAN_DT_001,3.0,process-model-3.0.0-build3,10865,1,LIVE,SYNCHRONISED,AUTOMATIC,NORMAL,65,1950,1950,0,145,145,0.3,0.3,25.55374,38.4,1.028,1,0.0254,0,207.97,65.2721,-0.01045,1,0.18,5.027,15.2084,100,HEALTHY,F0,0,0,healthy,0,0,0,,,,,34,0
2026-08-19T20:06:05.685Z,1787169965685,FAN_DT_001_F4_S09_R01_20260819T200604,1,0.867,BASELINE,F4,0.9,FAN_DT_001,3.0,process-model-3.0.0-build3,10866,1,LIVE,SYNCHRONISED,AUTOMATIC,NORMAL,65,1950,1950,0,145,145,0.3,0.3,25.5666,38.42,1.028,1,0.0254,0,207.97,0.0062,-0.01049,1,0.18,5.044,0.0015,100,HEALTHY,F0,0,0,healthy,0,0,0,,,,,35,0
2026-08-19T20:06:06.606Z,1787169966606,FAN_DT_001_F4_S09_R01_20260819T200604,1,1.776,BASELINE,F4,0.9,FAN_DT_001,3.0,process-model-3.0.0-build3,10867,1,LIVE,SYNCHRONISED,AUTOMATIC,NORMAL,65,1950,1950,0,145,145,0.3,0.3,25.57932,38.43,1.028,1,0.0254,0,207.97,0.0655,-0.01052,1,0.18,5.058,0.0153,100,HEALTHY,F0,0,0,healthy,0,0,0,,,,,35,0
2026-08-19T20:06:07.609Z,1787169967609,FAN_DT_001_F4_S09_R01_20260819T200604,1,2.784,BASELINE,F4,0.9,FAN_DT_001,3.0,process-model-3.0.0-build3,10868,1,LIVE,SYNCHRONISED,AUTOMATIC,NORMAL,65,1950,1950,0,145,145,0.3,0.3,25.59178,38.44,1.028,1,0.0254,0,207.97,0.1249,-0.01057,1,0.18,5.081,0.0291,100,HEALTHY,F0,0,0,healthy,0,0,0,,,,,35,0
2026-08-19T20:06:08.637Z,1787169968637,FAN_DT_001_F4_S09_R01_20260819T200604,1,3.808,BASELINE,F4,0.9,FAN_DT_001,3.0,process-model-3.0.0-build3,10869,1,LIVE,SYNCHRONISED,AUTOMATIC,NORMAL,65,1950,1950,0,145,145,0.3,0.3,25.60391,38.45,1.028,1,0.0254,0,207.97,0.1842,-0.01058,1,0.18,5.086,0.0429,100,HEALTHY,F0,0,0,healthy,0,0,0,,,,,35,0
2026-08-19T20:06:09.665Z,1787169969665,FAN_DT_001_F4_S09_R01_20260819T200604,1,4.834,BASELINE,F4,0.9,FAN_DT_001,3.0,process-model-3.0.0-build3,10870,1,LIVE,SYNCHRONISED,AUTOMATIC,NORMAL,65,1950,1950,0,145,145,0.3,0.3,25.6157,38.46,1.028,1,0.0254,0,207.97,0.2434,-0.0106,1,0.18,5.098,0.0567,100,HEALTHY,F0,0,0,healthy,0,0,0,,,,,35,0
2026-08-19T20:06:10.695Z,1787169970695,FAN_DT_001_F4_S09_R01_20260819T200604,1,5.87,BASELINE,F4,0.9,FAN_DT_001,3.0,process-model-3.0.0-build3,10871,1,LIVE,SYNCHRONISED,AUTOMATIC,NORMAL,65,1950,1950,0,145,145,0.3,0.3,25.62722,38.47,1.028,1,0.0254,0,207.97,0.3029,-0.01059,1,0.18,5.091,0.0706,100,HEALTHY,F0,0,0,healthy,0,0,0,,,,,35,0
2026-08-19T20:06:11.724Z,1787169971724,FAN_DT_001_F4_S09_R01_20260819T200604,1,6.904,BASELINE,F4,0.9,FAN_DT_001,3.0,process-model-3.0.0-build3,10872,1,LIVE,SYNCHRONISED,AUTOMATIC,NORMAL,65,1950,1950,0,145,145,0.3,0.3,25.63836,38.48,1.028,1,0.0254,0,207.97,0.3621,-0.01061,1,0.18,5.102,0.0844,100,HEALTHY,F0,0,0,healthy,0,0,0,,,,,35,0
2026-08-19T20:06:12.818Z,1787169972818,FAN_DT_001_F4_S09_R01_20260819T200604,1,8.817,BASELINE,F4,0.9,FAN_DT_001,3.0,process-model-3.0.0-build3,10873,1,LIVE,SYNCHRONISED,AUTOMATIC,NORMAL,65,1950,1950,0,145,145,0.3,0.3,25.64926,38.49,1.028,1,0.0254,0,207.97,0.4217,-0.01061,1,0.18,5.102,0.0983,100,HEALTHY,F0,0,0,healthy,0,0,0,,,,,35,0
2026-08-19T20:06:14.281Z,1787169974281,FAN_DT_001_F4_S09_R01_20260819T200604,1,9.527,BASELINE,F4,0.9,FAN_DT_001,3.0,process-model-3.0.0-build3,10874,1,LIVE,SYNCHRONISED,AUTOMATIC,NORMAL,65,1950,1950,0,145,145,0.3,0.3,25.65976,38.5,1.028,1,0.0254,0,207.97,0.481,-0.01061,1,0.18,5.102,0.1121,100,HEALTHY,F0,0,0,healthy,0,0,0,,,,,35,0
2026-08-19T20:06:14.895Z,1787169974895,FAN_DT_001_F4_S09_R01_20260819T200604,1,10.066,BASELINE,F4,0.9,FAN_DT_001,3.0,process-model-3.0.0-build3,10875,1,LIVE,SYNCHRONISED,AUTOMATIC,NORMAL,65,1950,1950,0,145,145,0.3,0.3,25.66994,38.51,1.028,1,0.0254,0,207.97,0.5405,-0.01057,1,0.18,5.084,0.1259,100,HEALTHY,F0,0,0,healthy,0,0,0,,,,,35,0
2026-08-19T20:06:15.845Z,1787169975845,FAN_DT_001_F4_S09_R01_20260819T200604,1,11.016,BASELINE,F4,0.9,FAN_DT_001,3.0,process-model-3.0.0-build3,10876,1,LIVE,SYNCHRONISED,AUTOMATIC,NORMAL,65,1950,1950,0,145,145,0.3,0.3,25.67972,38.52,1.028,1,0.0254,0,207.97,0.5998,-0.01056,1,0.18,5.08,0.1397,100,HEALTHY,F0,0,0,healthy,0,0,0,,,,,35,0
2026-08-19T20:06:16.871Z,1787169976871,FAN_DT_001_F4_S09_R01_20260819T200604,1,12.041,BASELINE,F4,0.9,FAN_DT_001,3.0,process-model-3.0.0-build3,10877,1,LIVE,SYNCHRONISED,AUTOMATIC,NORMAL,65,1950,1950,0,145,145,0.3,0.3,25.68921,38.53,1.028,1,0.0254,0,207.97,0.6594,-0.01054,1,0.18,5.066,0.1536,100,HEALTHY,F0,0,0,healthy,0,0,0,,,,,35,0
2026-08-19T20:06:17.909Z,1787169977909,FAN_DT_001_F4_S09_R01_20260819T200604,1,13.079,BASELINE,F4,0.9,FAN_DT_001,3.0,process-model-3.0.0-build3,10878,1,LIVE,SYNCHRONISED,AUTOMATIC,NORMAL,65,1950,1950,0,145,145,0.3,0.3,25.69827,38.55,1.028,1,0.0254,0,207.97,0.7185,-0.01051,1,0.18,5.055,0.1674,100,HEALTHY,F0,0,0,healthy,0,0,0,,,,,35,0
2026-08-19T20:06:18.935Z,1787169978935,FAN_DT_001_F4_S09_R01_20260819T200604,1,14.105,BASELINE,F4,0.9,FAN_DT_001,3.0,process-model-3.0.0-build3,10879,1,LIVE,SYNCHRONISED,AUTOMATIC,NORMAL,65,1950,1950,0,145,145,0.3,0.3,25.70704,38.56,1.028,1,0.0254,0,207.97,0.7781,-0.01047,1,0.18,5.037,0.1813,100,HEALTHY,F0,0,0,healthy,0,0,0,,,,,35,0
2026-08-19T20:06:19.970Z,1787169979970,FAN_DT_001_F4_S09_R01_20260819T200604,1,15.139,BASELINE,F4,0.9,FAN_DT_001,3.0,process-model-3.0.0-build3,10880,1,LIVE,SYNCHRONISED,AUTOMATIC,NORMAL,65,1950,1950,0,145,145,0.3,0.3,25.71539,38.57,1.028,1,0.0254,0,207.97,0.8374,-0.01043,1,0.18,5.017,0.1951,100,HEALTHY,F0,0,0,healthy,0,0,0,,,,,35,0
2026-08-19T20:06:20.987Z,1787169980987,FAN_DT_001_F4_S09_R01_20260819T200604,1,16.157,BASELINE,F4,0.9,FAN_DT_001,3.0,process-model-3.0.0-build3,10881,1,LIVE,SYNCHRONISED,AUTOMATIC,NORMAL,65,1950,1950,0,145,145,0.3,0.3,25.72334,38.58,1.028,1,0.0254,0,207.97,0.8964,-0.01039,1,0.18,4.997,0.2089,100,HEALTHY,F0,0,0,healthy,0,0,0,,,,,35,0
2026-08-19T20:06:22.045Z,1787169982045,FAN_DT_001_F4_S09_R01_20260819T200604,1,17.215,BASELINE,F4,0.9,FAN_DT_001,3.0,process-model-3.0.0-build3,10882,1,LIVE,SYNCHRONISED,AUTOMATIC,NORMAL,65,1950,1950,0,145,145,0.3,0.3,25.73098,38.59,1.028,1,0.0254,0,207.97,0.956,-0.01035,1,0.18,4.977,0.2227,100,HEALTHY,F0,0,0,healthy,0,0,0,,,,,35,0
2026-08-19T20:06:23.044Z,1787169983044,FAN_DT_001_F4_S09_R01_20260819T200604,1,18.214,BASELINE,F4,0.9,FAN_DT_001,3.0,process-model-3.0.0-build3,10883,1,LIVE,SYNCHRONISED,AUTOMATIC,NORMAL,65,1950,1950,0,145,145,0.3,0.3,25.73819,38.6,1.028,1,0.0254,0,207.97,1.0152,-0.0103,1,0.18,4.953,0.2365,100,HEALTHY,F0,0,0,healthy,0,0,0,,,,,35,0
2026-08-19T20:06:24.078Z,1787169984078,FAN_DT_001_F4_S09_R01_20260819T200604,1,19.247,BASELINE,F4,0.9,FAN_DT_001,3.0,process-model-3.0.0-build3,10884,1,LIVE,SYNCHRONISED,AUTOMATIC,NORMAL,65,1950,1950,0,145,145,0.3,0.3,25.74506,38.61,1.028,1,0.0254,0,207.97,1.0747,-0.01022,1,0.18,4.916,0.2504,100,HEALTHY,F0,0,0,healthy,0,0,0,,,,,35,0
2026-08-19T20:06:25.108Z,1787169985108,FAN_DT_001_F4_S09_R01_20260819T200604,1,20.278,BASELINE,F4,0.9,FAN_DT_001,3.0,process-model-3.0.0-build3,10885,1,LIVE,SYNCHRONISED,AUTOMATIC,NORMAL,65,1950,1950,0,145,145,0.3,0.3,25.7515,38.62,1.028,1,0.0254,0,207.97,1.1339,-0.01017,1,0.18,4.892,0.2642,100,HEALTHY,F0,0,0,healthy,0,0,0,,,,,35,0
2026-08-19T20:06:26.135Z,1787169986135,FAN_DT_001_F4_S09_R01_20260819T200604,1,21.304,BASELINE,F4,0.9,FAN_DT_001,3.0,process-model-3.0.0-build3,10886,1,LIVE,SYNCHRONISED,AUTOMATIC,NORMAL,65,1950,1950,0,145,145,0.3,0.3,25.75759,38.63,1.028,1,0.0254,0,207.97,1.1935,-0.01008,1,0.18,4.848,0.2781,100,HEALTHY,F0,0,0,healthy,0,0,0,,,,,35,0
2026-08-19T20:06:27.167Z,1787169987167,FAN_DT_001_F4_S09_R01_20260819T200604,1,22.336,BASELINE,F4,0.9,FAN_DT_001,3.0,process-model-3.0.0-build3,10887,1,LIVE,SYNCHRONISED,AUTOMATIC,NORMAL,65,1950,1950,0,145,145,0.3,0.3,25.76327,38.64,1.028,1,0.0254,0,207.97,1.2529,-0.01001,1,0.18,4.815,0.2919,100,HEALTHY,F0,0,0,healthy,0,0,0,,,,,35,0
2026-08-19T20:06:28.196Z,1787169988196,FAN_DT_001_F4_S09_R01_20260819T200604,1,23.366,BASELINE,F4,0.9,FAN_DT_001,3.0,process-model-3.0.0-build3,10888,1,LIVE,SYNCHRONISED,AUTOMATIC,NORMAL,65,1950,1950,0,145,145,0.3,0.3,25.76854,38.65,1.028,1,0.0254,0,207.97,1.3123,-0.00994,1,0.18,4.78,0.3058,100,HEALTHY,F0,0,0,healthy,0,0,0,,,,,35,0
2026-08-19T20:06:29.226Z,1787169989226,FAN_DT_001_F4_S09_R01_20260819T200604,1,24.4,BASELINE,F4,0.9,FAN_DT_001,3.0,process-model-3.0.0-build3,10889,1,LIVE,SYNCHRONISED,AUTOMATIC,NORMAL,65,1950,1950,0,145,145,0.3,0.3,25.77343,38.66,1.028,1,0.0254,0,207.97,1.3718,-0.00984,1,0.18,4.731,0.3196,100,HEALTHY,F0,0,0,healthy,0,0,0,,,,,35,0
2026-08-19T20:06:30.256Z,1787169990256,FAN_DT_001_F4_S09_R01_20260819T200604,1,25.426,BASELINE,F4,0.9,FAN_DT_001,3.0,process-model-3.0.0-build3,10890,1,LIVE,SYNCHRONISED,AUTOMATIC,NORMAL,65,1950,1950,0,145,145,0.3,0.3,25.7779,38.67,1.028,1,0.0254,0,207.97,1.4313,-0.00974,1,0.18,4.683,0.3335,100,HEALTHY,F0,0,0,healthy,0,0,0,,,,,35,0
2026-08-19T20:06:31.295Z,1787169991295,FAN_DT_001_F4_S09_R01_20260819T200604,1,26.465,BASELINE,F4,0.9,FAN_DT_001,3.0,process-model-3.0.0-build3,10891,1,LIVE,SYNCHRONISED,AUTOMATIC,NORMAL,65,1950,1950,0,145,145,0.3,0.3,25.78195,38.68,1.028,1,0.0254,0,207.97,1.4905,-0.00966,1,0.18,4.643,0.3473,100,HEALTHY,F0,0,0,healthy,0,0,0,,,,,35,0
2026-08-19T20:06:32.326Z,1787169992326,FAN_DT_001_F4_S09_R01_20260819T200604,1,27.496,BASELINE,F4,0.9,FAN_DT_001,3.0,process-model-3.0.0-build3,10892,1,LIVE,SYNCHRONISED,AUTOMATIC,NORMAL,65,1950,1950,0,145,145,0.3,0.3,25.78561,38.69,1.028,1,0.0254,0,207.97,1.55,-0.00954,1,0.18,4.586,0.3611,100,HEALTHY,F0,0,0,healthy,0,0,0,,,,,35,0
2026-08-19T20:06:33.346Z,1787169993346,FAN_DT_001_F4_S09_R01_20260819T200604,1,28.515,BASELINE,F4,0.9,FAN_DT_001,3.0,process-model-3.0.0-build3,10893,1,LIVE,SYNCHRONISED,AUTOMATIC,NORMAL,65,1950,1950,0,145,145,0.3,0.3,25.78885,38.7,1.028,1,0.0254,0,207.97,1.6092,-0.00945,1,0.18,4.544,0.3749,100,HEALTHY,F0,0,0,healthy,0,0,0,,,,,35,0
2026-08-19T20:06:34.378Z,1787169994378,FAN_DT_001_F4_S09_R01_20260819T200604,1,29.55,BASELINE,F4,0.9,FAN_DT_001,3.0,process-model-3.0.0-build3,10894,1,LIVE,SYNCHRONISED,AUTOMATIC,NORMAL,65,1950,1950,0,145,145,0.3,0.3,25.79169,38.71,1.028,1,0.0254,0,207.97,1.6688,-0.00932,1,0.18,4.484,0.3888,100,HEALTHY,F0,0,0,healthy,0,0,0,,,,,35,0
2026-08-19T20:06:35.407Z,1787169995407,FAN_DT_001_F4_S09_R01_20260819T200604,1,30.577,BASELINE,F4,0.9,FAN_DT_001,3.0,process-model-3.0.0-build3,10895,1,LIVE,SYNCHRONISED,AUTOMATIC,NORMAL,65,1950,1950,0,145,145,0.3,0.3,25.79411,38.72,1.028,1,0.0254,0,207.97,1.7281,-0.00922,1,0.18,4.433,0.4027,100,HEALTHY,F0,0,0,healthy,0,0,0,,,,,35,0
2026-08-19T20:06:36.432Z,1787169996432,FAN_DT_001_F4_S09_R01_20260819T200604,1,31.601,BASELINE,F4,0.9,FAN_DT_001,3.0,process-model-3.0.0-build3,10896,1,LIVE,SYNCHRONISED,AUTOMATIC,NORMAL,65,1950,1950,0,145,145,0.3,0.3,25.79611,38.73,1.028,1,0.0254,0,207.97,1.7872,-0.00909,1,0.18,4.371,0.4164,100,HEALTHY,F0,0,0,healthy,0,0,0,,,,,35,0
2026-08-19T20:06:37.469Z,1787169997469,FAN_DT_001_F4_S09_R01_20260819T200604,1,32.638,BASELINE,F4,0.9,FAN_DT_001,3.0,process-model-3.0.0-build3,10897,1,LIVE,SYNCHRONISED,AUTOMATIC,NORMAL,65,1950,1950,0,145,145,0.3,0.3,25.79771,38.74,1.028,1,0.0254,0,207.97,1.8469,-0.00896,1,0.18,4.309,0.4303,100,HEALTHY,F0,0,0,healthy,0,0,0,,,,,35,0
2026-08-19T20:06:38.496Z,1787169998496,FAN_DT_001_F4_S09_R01_20260819T200604,1,33.666,BASELINE,F4,0.9,FAN_DT_001,3.0,process-model-3.0.0-build3,10898,1,LIVE,SYNCHRONISED,AUTOMATIC,NORMAL,65,1950,1950,0,145,145,0.3,0.3,25.79888,38.75,1.028,1,0.0254,0,207.97,1.906,-0.00882,1,0.18,4.243,0.4441,100,HEALTHY,F0,0,0,healthy,0,0,0,,,,,35,0
2026-08-19T20:06:39.521Z,1787169999521,FAN_DT_001_F4_S09_R01_20260819T200604,1,34.69,BASELINE,F4,0.9,FAN_DT_001,3.0,process-model-3.0.0-build3,10899,1,LIVE,SYNCHRONISED,AUTOMATIC,NORMAL,65,1950,1950,0,145,145,0.3,0.3,25.79964,38.76,1.028,1,0.0254,0,207.97,1.9655,-0.00869,1,0.18,4.178,0.458,100,HEALTHY,F0,0,0,healthy,0,0,0,,,,,35,0
2026-08-19T20:06:40.544Z,1787170000544,FAN_DT_001_F4_S09_R01_20260819T200604,1,35.713,BASELINE,F4,0.9,FAN_DT_001,3.0,process-model-3.0.0-build3,10900,1,LIVE,SYNCHRONISED,AUTOMATIC,NORMAL,65,1950,1950,0,145,145,0.3,0.3,25.79998,38.77,1.028,1,0.0254,0,207.97,2.0247,-0.00854,1,0.18,4.106,0.4718,100,HEALTHY,F0,0,0,healthy,0,0,0,,,,,35,0
2026-08-19T20:06:41.577Z,1787170001577,FAN_DT_001_F4_S09_R01_20260819T200604,1,36.747,BASELINE,F4,0.9,FAN_DT_001,3.0,process-model-3.0.0-build3,10901,1,LIVE,SYNCHRONISED,AUTOMATIC,NORMAL,65,1950,1950,0,145,145,0.3,0.3,25.7999,38.77,1.028,1,0.0254,0,207.97,2.084,-0.00842,1,0.18,4.047,0.4856,100,HEALTHY,F0,0,0,healthy,0,0,0,,,,,35,0
2026-08-19T20:06:42.609Z,1787170002609,FAN_DT_001_F4_S09_R01_20260819T200604,1,37.779,BASELINE,F4,0.9,FAN_DT_001,3.0,process-model-3.0.0-build3,10902,1,LIVE,SYNCHRONISED,AUTOMATIC,NORMAL,65,1950,1950,0,145,145,0.3,0.3,25.79941,38.78,1.028,1,0.0254,0,207.97,2.1436,-0.00826,1,0.18,3.974,0.4994,100,HEALTHY,F0,0,0,healthy,0,0,0,,,,,35,0
2026-08-19T20:06:43.637Z,1787170003637,FAN_DT_001_F4_S09_R01_20260819T200604,1,38.809,BASELINE,F4,0.9,FAN_DT_001,3.0,process-model-3.0.0-build3,10903,1,LIVE,SYNCHRONISED,AUTOMATIC,NORMAL,65,1950,1950,0,145,145,0.3,0.3,25.7985,38.79,1.028,1,0.0254,0,207.97,2.2028,-0.00809,1,0.18,3.891,0.5133,100,HEALTHY,F0,0,0,healthy,0,0,0,,,,,35,0
2026-08-19T20:06:44.663Z,1787170004663,FAN_DT_001_F4_S09_R01_20260819T200604,1,39.832,BASELINE,F4,0.9,FAN_DT_001,3.0,process-model-3.0.0-build3,10904,1,LIVE,SYNCHRONISED,AUTOMATIC,NORMAL,65,1950,1950,0,145,145,0.3,0.3,25.79718,38.8,1.028,1,0.0254,0,207.97,2.2622,-0.00793,1,0.18,3.814,0.5271,100,HEALTHY,F0,0,0,healthy,0,0,0,,,,,35,0
2026-08-19T20:06:45.697Z,1787170005697,FAN_DT_001_F4_S09_R01_20260819T200604,1,40.866,BASELINE,F4,0.9,FAN_DT_001,3.0,process-model-3.0.0-build3,10905,1,LIVE,SYNCHRONISED,AUTOMATIC,NORMAL,65,1950,1950,0,145,145,0.3,0.3,25.79543,38.81,1.028,1,0.0254,0,207.97,2.3217,-0.00777,1,0.18,3.739,0.541,100,HEALTHY,F0,0,0,healthy,0,0,0,,,,,35,0
2026-08-19T20:06:46.726Z,1787170006726,FAN_DT_001_F4_S09_R01_20260819T200604,1,41.895,BASELINE,F4,0.9,FAN_DT_001,3.0,process-model-3.0.0-build3,10906,1,LIVE,SYNCHRONISED,AUTOMATIC,NORMAL,65,1950,1950,0,145,145,0.3,0.3,25.79328,38.82,1.028,1,0.0254,0,207.97,2.381,-0.0076,1,0.18,3.654,0.5548,100,HEALTHY,F0,0,0,healthy,0,0,0,,,,,35,0
2026-08-19T20:06:47.764Z,1787170007764,FAN_DT_001_F4_S09_R01_20260819T200604,1,42.933,BASELINE,F4,0.9,FAN_DT_001,3.0,process-model-3.0.0-build3,10907,1,LIVE,SYNCHRONISED,AUTOMATIC,NORMAL,65,1950,1950,0,145,145,0.3,0.3,25.79069,38.82,1.028,1,0.0254,0,207.97,2.4407,-0.00745,1,0.18,3.581,0.5687,100,HEALTHY,F0,0,0,healthy,0,0,0,,,,,35,0
2026-08-19T20:06:48.786Z,1787170008786,FAN_DT_001_F4_S09_R01_20260819T200604,1,43.955,BASELINE,F4,0.9,FAN_DT_001,3.0,process-model-3.0.0-build3,10908,1,LIVE,SYNCHRONISED,AUTOMATIC,NORMAL,65,1950,1950,0,145,145,0.3,0.3,25.78772,38.83,1.028,1,0.0254,0,207.97,2.4999,-0.00725,1,0.18,3.488,0.5825,100,HEALTHY,F0,0,0,healthy,0,0,0,,,,,35,0
2026-08-19T20:06:49.815Z,1787170009815,FAN_DT_001_F4_S09_R01_20260819T200604,1,44.984,BASELINE,F4,0.9,FAN_DT_001,3.0,process-model-3.0.0-build3,10909,1,LIVE,SYNCHRONISED,AUTOMATIC,NORMAL,65,1950,1950,0,145,145,0.3,0.3,25.78431,38.84,1.028,1,0.0254,0,207.97,2.5595,-0.00708,1,0.18,3.406,0.5964,100,HEALTHY,F0,0,0,healthy,0,0,0,,,,,35,0
2026-08-19T20:06:50.842Z,1787170010842,FAN_DT_001_F4_S09_R01_20260819T200604,1,46.011,BASELINE,F4,0.9,FAN_DT_001,3.0,process-model-3.0.0-build3,10910,1,LIVE,SYNCHRONISED,AUTOMATIC,NORMAL,65,1950,1950,0,145,145,0.3,0.3,25.78051,38.85,1.028,1,0.0254,0,207.97,2.6188,-0.00691,1,0.18,3.321,0.6102,100,HEALTHY,F0,0,0,healthy,0,0,0,,,,,35,0
2026-08-19T20:06:51.886Z,1787170011886,FAN_DT_001_F4_S09_R01_20260819T200604,1,47.056,BASELINE,F4,0.9,FAN_DT_001,3.0,process-model-3.0.0-build3,10911,1,LIVE,SYNCHRONISED,AUTOMATIC,NORMAL,65,1950,1950,0,145,145,0.3,0.3,25.77631,38.85,1.028,1,0.0254,0,207.97,2.6779,-0.00673,1,0.18,3.235,0.624,100,HEALTHY,F0,0,0,healthy,0,0,0,,,,,35,0
2026-08-19T20:06:52.904Z,1787170012904,FAN_DT_001_F4_S09_R01_20260819T200604,1,48.074,BASELINE,F4,0.9,FAN_DT_001,3.0,process-model-3.0.0-build3,10912,1,LIVE,SYNCHRONISED,AUTOMATIC,NORMAL,65,1950,1950,0,145,145,0.3,0.3,25.77169,38.86,1.028,1,0.0254,0,207.97,2.7375,-0.00652,1,0.18,3.134,0.6378,100,HEALTHY,F0,0,0,healthy,0,0,0,,,,,35,0
2026-08-19T20:06:53.931Z,1787170013931,FAN_DT_001_F4_S09_R01_20260819T200604,1,49.1,BASELINE,F4,0.9,FAN_DT_001,3.0,process-model-3.0.0-build3,10913,1,LIVE,SYNCHRONISED,AUTOMATIC,NORMAL,65,1950,1950,0,145,145,0.3,0.3,25.76669,38.87,1.028,1,0.0254,0,207.97,2.7966,-0.00634,1,0.18,3.048,0.6516,100,HEALTHY,F0,0,0,healthy,0,0,0,,,,,35,0
2026-08-19T20:06:54.962Z,1787170014962,FAN_DT_001_F4_S09_R01_20260819T200604,1,50.131,BASELINE,F4,0.9,FAN_DT_001,3.0,process-model-3.0.0-build3,10914,1,LIVE,SYNCHRONISED,AUTOMATIC,NORMAL,65,1950,1950,0,145,145,0.3,0.3,25.76126,38.87,1.028,1,0.0254,0,207.97,2.8561,-0.00613,1,0.18,2.95,0.6655,100,HEALTHY,F0,0,0,healthy,0,0,0,,,,,35,0
2026-08-19T20:06:55.988Z,1787170015988,FAN_DT_001_F4_S09_R01_20260819T200604,1,51.157,BASELINE,F4,0.9,FAN_DT_001,3.0,process-model-3.0.0-build3,10915,1,LIVE,SYNCHRONISED,AUTOMATIC,NORMAL,65,1950,1950,0,145,145,0.3,0.3,25.75546,38.88,1.028,1,0.0254,0,207.97,2.9153,-0.00595,1,0.18,2.862,0.6793,100,HEALTHY,F0,0,0,healthy,0,0,0,,,,,35,0
2026-08-19T20:06:57.029Z,1787170017029,FAN_DT_001_F4_S09_R01_20260819T200604,1,52.198,BASELINE,F4,0.9,FAN_DT_001,3.0,process-model-3.0.0-build3,10916,1,LIVE,SYNCHRONISED,AUTOMATIC,NORMAL,65,1950,1950,0,145,145,0.3,0.3,25.74924,38.88,1.028,1,0.0254,0,207.97,2.9748,-0.00575,1,0.18,2.766,0.6931,100,HEALTHY,F0,0,0,healthy,0,0,0,,,,,35,0
2026-08-19T20:06:58.057Z,1787170018057,FAN_DT_001_F4_S09_R01_20260819T200604,1,53.226,BASELINE,F4,0.9,FAN_DT_001,3.0,process-model-3.0.0-build3,10917,1,LIVE,SYNCHRONISED,AUTOMATIC,NORMAL,65,1950,1950,0,145,145,0.3,0.3,25.74266,38.89,1.028,1,0.0254,0,207.97,3.034,-0.00552,1,0.18,2.654,0.7069,100,HEALTHY,F0,0,0,healthy,0,0,0,,,,,35,0
2026-08-19T20:06:59.079Z,1787170019079,FAN_DT_001_F4_S09_R01_20260819T200604,1,54.248,BASELINE,F4,0.9,FAN_DT_001,3.0,process-model-3.0.0-build3,10918,1,LIVE,SYNCHRONISED,AUTOMATIC,NORMAL,65,1950,1950,0,145,145,0.3,0.3,25.73569,38.9,1.028,1,0.0254,0,207.97,3.0933,-0.00532,1,0.18,2.557,0.7207,100,HEALTHY,F0,0,0,healthy,0,0,0,,,,,35,0
2026-08-19T20:07:00.101Z,1787170020101,FAN_DT_001_F4_S09_R01_20260819T200604,1,55.27,BASELINE,F4,0.9,FAN_DT_001,3.0,process-model-3.0.0-build3,10919,1,LIVE,SYNCHRONISED,AUTOMATIC,NORMAL,65,1950,1950,0,145,145,0.3,0.3,25.72829,38.9,1.028,1,0.0254,0,207.97,3.1528,-0.00512,1,0.18,2.46,0.7346,100,HEALTHY,F0,0,0,healthy,0,0,0,,,,,35,0
2026-08-19T20:07:01.133Z,1787170021133,FAN_DT_001_F4_S09_R01_20260819T200604,1,56.302,BASELINE,F4,0.9,FAN_DT_001,3.0,process-model-3.0.0-build3,10920,1,LIVE,SYNCHRONISED,AUTOMATIC,NORMAL,65,1950,1950,0,145,145,0.3,0.3,25.72057,38.91,1.028,1,0.0254,0,207.97,3.212,-0.00491,1,0.18,2.362,0.7484,100,HEALTHY,F0,0,0,healthy,0,0,0,,,,,35,0
2026-08-19T20:07:02.159Z,1787170022159,FAN_DT_001_F4_S09_R01_20260819T200604,1,57.328,BASELINE,F4,0.9,FAN_DT_001,3.0,process-model-3.0.0-build3,10921,1,LIVE,SYNCHRONISED,AUTOMATIC,NORMAL,65,1950,1950,0,145,145,0.3,0.3,25.71242,38.91,1.028,1,0.0254,0,207.97,3.2715,-0.00469,1,0.18,2.257,0.7623,100,HEALTHY,F0,0,0,healthy,0,0,0,,,,,35,0
2026-08-19T20:07:03.196Z,1787170023196,FAN_DT_001_F4_S09_R01_20260819T200604,1,58.366,BASELINE,F4,0.9,FAN_DT_001,3.0,process-model-3.0.0-build3,10922,1,LIVE,SYNCHRONISED,AUTOMATIC,NORMAL,65,1950,1950,0,145,145,0.3,0.3,25.70394,38.92,1.028,1,0.0254,0,207.97,3.3307,-0.00448,1,0.18,2.154,0.7761,100,HEALTHY,F0,0,0,healthy,0,0,0,,,,,35,0
2026-08-19T20:07:04.220Z,1787170024220,FAN_DT_001_F4_S09_R01_20260819T200604,1,59.389,BASELINE,F4,0.9,FAN_DT_001,3.0,process-model-3.0.0-build3,10923,1,LIVE,SYNCHRONISED,AUTOMATIC,NORMAL,65,1950,1950,0,145,145,0.3,0.3,25.69507,38.92,1.028,1,0.0254,0,207.97,3.3902,-0.00424,1,0.18,2.038,0.7899,100,HEALTHY,F0,0,0,healthy,0,0,0,,,,,35,0
2026-08-19T20:07:05.252Z,1787170025252,FAN_DT_001_F4_S09_R01_20260819T200604,1,60.421,FAULT_ACTIVE,F4,0.9,FAN_DT_001,3.0,process-model-3.0.0-build3,10924,1,LIVE,SYNCHRONISED,AUTOMATIC,NORMAL,65,1950,1950,0,145,145,0.3,0.3,25.68585,38.92,1.028,1,0.0254,0,207.97,3.4495,-0.00402,1,0.18,1.933,0.8037,100,HEALTHY,F0,0,0,healthy,0,0,0,,,,,35,0
2026-08-19T20:07:06.290Z,1787170026290,FAN_DT_001_F4_S09_R01_20260819T200604,1,61.46,FAULT_ACTIVE,F4,0.9,FAN_DT_001,3.0,process-model-3.0.0-build3,10925,1,LIVE,SYNCHRONISED,AUTOMATIC,HIGH_LOAD,65,1950,1950,0,145,307,0.3,0.345,25.67622,39.18,1.052,1,0.0258,0,212.98,3.5106,-0.24931,1,0.18,117.059,0.818,41.5,CRITICAL,F4,4,1,thermal_overload,0.9,1,1,,,,,36,0
2026-08-19T20:07:07.347Z,1787170027347,FAN_DT_001_F4_S09_R01_20260819T200604,1,62.516,FAULT_ACTIVE,F4,0.9,FAN_DT_001,3.0,process-model-3.0.0-build3,10926,1,LIVE,SYNCHRONISED,AUTOMATIC,HIGH_LOAD,65,1950,1950,0,145,307,0.3,0.345,25.66618,39.44,1.052,1,0.0258,0,212.98,3.572,-0.2449,1,0.18,114.992,0.8323,41.5,CRITICAL,F4,4,1,thermal_overload,0.9,1,1,,,,,36,0
2026-08-19T20:07:08.367Z,1787170028367,FAN_DT_001_F4_S09_R01_20260819T200604,1,63.536,FAULT_ACTIVE,F4,0.9,FAN_DT_001,3.0,process-model-3.0.0-build3,10927,1,LIVE,SYNCHRONISED,AUTOMATIC,HIGH_LOAD,65,1950,1950,0,145,307,0.3,0.345,25.65584,39.69,1.052,1,0.0258,0,212.98,3.6331,-0.24059,1,0.18,112.966,0.8465,41.5,CRITICAL,F4,4,1,thermal_overload,0.9,1,1,,,,,36,0
2026-08-19T20:07:09.393Z,1787170029393,FAN_DT_001_F4_S09_R01_20260819T200604,1,64.562,FAULT_ACTIVE,F4,0.9,FAN_DT_001,3.0,process-model-3.0.0-build3,10928,1,LIVE,SYNCHRONISED,AUTOMATIC,HIGH_LOAD,65,1950,1950,0,145,307,0.3,0.345,25.64511,39.94,1.052,1,0.0258,0,212.98,3.6944,-0.2363,1,0.18,110.951,0.8608,41.5,CRITICAL,F4,4,1,thermal_overload,0.9,1,1,,,,,36,0
2026-08-19T20:07:10.452Z,1787170030452,FAN_DT_001_F4_S09_R01_20260819T200604,1,65.621,FAULT_ACTIVE,F4,0.9,FAN_DT_001,3.0,process-model-3.0.0-build3,10929,1,LIVE,SYNCHRONISED,AUTOMATIC,HIGH_LOAD,65,1950,1950,0,145,307,0.3,0.345,25.63411,40.18,1.052,1,0.0258,0,212.98,3.7554,-0.23212,1,0.18,108.989,0.875,41.5,CRITICAL,F4,4,1,thermal_overload,0.9,1,1,,,,,36,0
2026-08-19T20:07:11.467Z,1787170031467,FAN_DT_001_F4_S09_R01_20260819T200604,1,66.636,FAULT_ACTIVE,F4,0.9,FAN_DT_001,3.0,process-model-3.0.0-build3,10930,1,LIVE,SYNCHRONISED,AUTOMATIC,HIGH_LOAD,65,1950,1950,0,145,307,0.3,0.345,25.62271,40.42,1.052,1,0.0258,0,212.98,3.8167,-0.22797,1,0.18,107.042,0.8893,41.5,CRITICAL,F4,4,1,thermal_overload,0.9,1,1,,,,,36,0
2026-08-19T20:07:12.764Z,1787170032764,FAN_DT_001_F4_S09_R01_20260819T200604,1,67.933,FAULT_ACTIVE,F4,0.9,FAN_DT_001,3.0,process-model-3.0.0-build3,10931,1,LIVE,SYNCHRONISED,AUTOMATIC,HIGH_LOAD,65,1950,1950,0,145,307,0.3,0.345,25.61102,40.65,1.052,1,0.0258,0,212.98,3.8778,-0.22391,1,0.18,105.135,0.9035,41.5,CRITICAL,F4,4,1,thermal_overload,0.9,1,1,,,,,36,0
2026-08-19T20:07:13.787Z,1787170033787,FAN_DT_001_F4_S09_R01_20260819T200604,1,68.956,FAULT_ACTIVE,F4,0.9,FAN_DT_001,3.0,process-model-3.0.0-build3,10932,1,LIVE,SYNCHRONISED,AUTOMATIC,HIGH_LOAD,65,1950,1950,0,145,307,0.3,0.345,25.599,40.88,1.052,1,0.0258,0,212.98,3.939,-0.2199,1,0.18,103.252,0.9178,41.5,CRITICAL,F4,4,1,thermal_overload,0.9,1,1,,,,,36,0
2026-08-19T20:07:14.646Z,1787170034646,FAN_DT_001_F4_S09_R01_20260819T200604,1,69.816,FAULT_ACTIVE,F4,0.9,FAN_DT_001,3.0,process-model-3.0.0-build3,10933,1,LIVE,SYNCHRONISED,AUTOMATIC,HIGH_LOAD,65,1950,1950,0,145,307,0.3,0.345,25.58667,41.11,1.052,1,0.0258,0,212.98,4.0001,-0.21597,1,0.18,101.404,0.932,41.5,CRITICAL,F4,4,1,thermal_overload,0.9,1,1,,,,,36,0
2026-08-19T20:07:15.606Z,1787170035606,FAN_DT_001_F4_S09_R01_20260819T200604,1,70.78,FAULT_ACTIVE,F4,0.9,FAN_DT_001,3.0,process-model-3.0.0-build3,10934,1,LIVE,SYNCHRONISED,AUTOMATIC,HIGH_LOAD,65,1950,1950,0,145,307,0.3,0.345,25.57405,41.33,1.052,1,0.0258,0,212.98,4.0611,-0.21211,1,0.18,99.593,0.9462,41.5,CRITICAL,F4,4,1,thermal_overload,0.9,1,1,,,,,36,0
2026-08-19T20:07:16.640Z,1787170036640,FAN_DT_001_F4_S09_R01_20260819T200604,1,71.81,FAULT_ACTIVE,F4,0.9,FAN_DT_001,3.0,process-model-3.0.0-build3,10935,1,LIVE,SYNCHRONISED,AUTOMATIC,HIGH_LOAD,65,1950,1950,0,145,307,0.3,0.345,25.56107,41.54,1.052,1,0.0258,0,212.98,4.1224,-0.20826,1,0.18,97.788,0.9605,41.5,CRITICAL,F4,4,1,thermal_overload,0.9,1,1,,,,,36,0
2026-08-19T20:07:17.677Z,1787170037677,FAN_DT_001_F4_S09_R01_20260819T200604,1,72.849,FAULT_ACTIVE,F4,0.9,FAN_DT_001,3.0,process-model-3.0.0-build3,10936,1,LIVE,SYNCHRONISED,AUTOMATIC,HIGH_LOAD,65,1950,1950,0,145,307,0.3,0.345,25.54786,41.76,1.052,1,0.0258,0,212.98,4.1834,-0.20455,1,0.18,96.043,0.9747,41.5,CRITICAL,F4,4,1,thermal_overload,0.9,1,1,,,,,36,0
2026-08-19T20:07:18.711Z,1787170038711,FAN_DT_001_F4_S09_R01_20260819T200604,1,73.883,FAULT_ACTIVE,F4,0.9,FAN_DT_001,3.0,process-model-3.0.0-build3,10937,1,LIVE,SYNCHRONISED,AUTOMATIC,HIGH_LOAD,65,1950,1950,0,145,307,0.3,0.345,25.53429,41.97,1.052,1,0.0258,0,212.98,4.2447,-0.20082,1,0.18,94.291,0.989,41.5,CRITICAL,F4,4,1,thermal_overload,0.9,1,1,,,,,36,0
2026-08-19T20:07:19.742Z,1787170039742,FAN_DT_001_F4_S09_R01_20260819T200604,1,74.912,FAULT_ACTIVE,F4,0.9,FAN_DT_001,3.0,process-model-3.0.0-build3,10938,1,LIVE,SYNCHRONISED,AUTOMATIC,HIGH_LOAD,65,1950,1950,0,145,307,0.3,0.345,25.52051,42.17,1.052,1,0.0258,0,212.98,4.3057,-0.19721,1,0.18,92.597,1.0032,41.5,CRITICAL,F4,4,1,thermal_overload,0.9,1,1,,,,,36,0
2026-08-19T20:07:20.776Z,1787170040776,FAN_DT_001_F4_S09_R01_20260819T200604,1,75.945,FAULT_ACTIVE,F4,0.9,FAN_DT_001,3.0,process-model-3.0.0-build3,10939,1,LIVE,SYNCHRONISED,AUTOMATIC,HIGH_LOAD,65,1950,1950,0,145,307,0.3,0.345,25.50651,42.37,1.052,1,0.0258,0,212.98,4.3664,-0.19362,1,0.18,90.911,1.0174,41.5,CRITICAL,F4,4,1,thermal_overload,0.9,1,1,,,,,36,0
2026-08-19T20:07:21.813Z,1787170041813,FAN_DT_001_F4_S09_R01_20260819T200604,1,76.986,FAULT_ACTIVE,F4,0.9,FAN_DT_001,3.0,process-model-3.0.0-build3,10940,1,LIVE,SYNCHRONISED,AUTOMATIC,HIGH_LOAD,65,1950,1950,0,145,307,0.3,0.345,25.49211,42.57,1.052,1,0.0258,0,212.98,4.4278,-0.19011,1,0.18,89.263,1.0317,41.5,CRITICAL,F4,4,1,thermal_overload,0.9,1,1,,,,,36,0
2026-08-19T20:07:22.847Z,1787170042847,FAN_DT_001_F4_S09_R01_20260819T200604,1,78.017,FAULT_ACTIVE,F4,0.9,FAN_DT_001,3.0,process-model-3.0.0-build3,10941,1,LIVE,SYNCHRONISED,AUTOMATIC,HIGH_LOAD,65,1950,1950,0,145,307,0.3,0.345,25.47752,42.77,1.052,1,0.0258,0,212.98,4.4888,-0.18666,1,0.18,87.644,1.0459,41.5,CRITICAL,F4,4,1,thermal_overload,0.9,1,1,,,,,36,0
2026-08-19T20:07:23.891Z,1787170043891,FAN_DT_001_F4_S09_R01_20260819T200604,1,79.06,FAULT_ACTIVE,F4,0.9,FAN_DT_001,3.0,process-model-3.0.0-build3,10942,1,LIVE,SYNCHRONISED,AUTOMATIC,HIGH_LOAD,65,1950,1950,0,145,307,0.3,0.345,25.46261,42.96,1.052,1,0.0258,0,212.98,4.5501,-0.1832,1,0.18,86.017,1.0602,41.5,CRITICAL,F4,4,1,thermal_overload,0.9,1,1,,,,,36,0
2026-08-19T20:07:24.916Z,1787170044916,FAN_DT_001_F4_S09_R01_20260819T200604,1,80.085,FAULT_ACTIVE,F4,0.9,FAN_DT_001,3.0,process-model-3.0.0-build3,10943,1,LIVE,SYNCHRONISED,AUTOMATIC,HIGH_LOAD,65,1950,1950,0,145,307,0.3,0.345,25.44753,43.14,1.052,1,0.0258,0,212.98,4.6112,-0.17986,1,0.18,84.452,1.0744,41.5,CRITICAL,F4,4,1,thermal_overload,0.9,1,1,,,,,36,0
2026-08-19T20:07:25.957Z,1787170045957,FAN_DT_001_F4_S09_R01_20260819T200604,1,81.128,FAULT_ACTIVE,F4,0.9,FAN_DT_001,3.0,process-model-3.0.0-build3,10944,1,LIVE,SYNCHRONISED,AUTOMATIC,HIGH_LOAD,65,1950,1950,0,145,307,0.3,0.345,25.4322,43.33,1.052,1,0.0258,0,212.98,4.6722,-0.17657,1,0.18,82.908,1.0886,41.5,CRITICAL,F4,4,1,thermal_overload,0.9,1,1,,,,,36,0
2026-08-19T20:07:26.985Z,1787170046985,FAN_DT_001_F4_S09_R01_20260819T200604,1,82.156,FAULT_ACTIVE,F4,0.9,FAN_DT_001,3.0,process-model-3.0.0-build3,10945,1,LIVE,SYNCHRONISED,AUTOMATIC,HIGH_LOAD,65,1950,1950,0,145,307,0.3,0.345,25.41661,43.51,1.052,1,0.0258,0,212.98,4.7335,-0.1733,1,0.18,81.369,1.1029,41.5,CRITICAL,F4,4,1,thermal_overload,0.9,1,1,,,,,36,0
2026-08-19T20:07:28.020Z,1787170048020,FAN_DT_001_F4_S09_R01_20260819T200604,1,83.189,FAULT_ACTIVE,F4,0.9,FAN_DT_001,3.0,process-model-3.0.0-build3,10946,1,LIVE,SYNCHRONISED,AUTOMATIC,HIGH_LOAD,65,1950,1950,0,145,307,0.3,0.345,25.40084,43.69,1.052,1,0.0258,0,212.98,4.7945,-0.17012,1,0.18,79.877,1.1171,41.5,CRITICAL,F4,4,1,thermal_overload,0.9,1,1,,,,,36,0
2026-08-19T20:07:29.069Z,1787170049069,FAN_DT_001_F4_S09_R01_20260819T200604,1,84.309,FAULT_ACTIVE,F4,0.9,FAN_DT_001,3.0,process-model-3.0.0-build3,10947,1,LIVE,SYNCHRONISED,AUTOMATIC,HIGH_LOAD,65,1950,1950,0,145,307,0.3,0.345,25.38484,43.86,1.052,1,0.0258,0,212.98,4.8556,-0.16697,1,0.18,78.397,1.1313,41.5,CRITICAL,F4,4,1,thermal_overload,0.9,1,1,,,,,36,0
2026-08-19T20:07:30.091Z,1787170050091,FAN_DT_001_F4_S09_R01_20260819T200604,1,85.311,FAULT_ACTIVE,F4,0.9,FAN_DT_001,3.0,process-model-3.0.0-build3,10948,1,LIVE,SYNCHRONISED,AUTOMATIC,HIGH_LOAD,65,1950,1950,0,145,307,0.3,0.345,25.36859,44.03,1.052,1,0.0258,0,212.98,4.9169,-0.16382,1,0.18,76.92,1.1456,41.5,CRITICAL,F4,4,1,thermal_overload,0.9,1,1,,,,,36,0
2026-08-19T20:07:31.128Z,1787170051128,FAN_DT_001_F4_S09_R01_20260819T200604,1,86.312,FAULT_ACTIVE,F4,0.9,FAN_DT_001,3.0,process-model-3.0.0-build3,10949,1,LIVE,SYNCHRONISED,AUTOMATIC,HIGH_LOAD,65,1950,1950,0,145,307,0.3,0.345,25.35225,44.2,1.052,1,0.0258,0,212.98,4.9779,-0.16079,1,0.18,75.499,1.1598,41.5,CRITICAL,F4,4,1,thermal_overload,0.9,1,1,,,,,36,0
2026-08-19T20:07:32.161Z,1787170052161,FAN_DT_001_F4_S09_R01_20260819T200604,1,87.396,FAULT_ACTIVE,F4,0.9,FAN_DT_001,3.0,process-model-3.0.0-build3,10950,1,LIVE,SYNCHRONISED,AUTOMATIC,HIGH_LOAD,65,1950,1950,0,145,307,0.3,0.345,25.33565,44.36,1.052,1,0.0258,0,212.98,5.039,-0.15779,1,0.18,74.091,1.1741,41.5,CRITICAL,F4,4,1,thermal_overload,0.9,1,1,,,,,36,0
2026-08-19T20:07:33.215Z,1787170053215,FAN_DT_001_F4_S09_R01_20260819T200604,1,88.384,FAULT_ACTIVE,F4,0.9,FAN_DT_001,3.0,process-model-3.0.0-build3,10951,1,LIVE,SYNCHRONISED,AUTOMATIC,HIGH_LOAD,65,1950,1950,0,145,307,0.3,0.345,25.31881,44.53,1.052,1,0.0258,0,212.98,5.1004,-0.15483,1,0.18,72.699,1.1884,41.5,CRITICAL,F4,4,1,thermal_overload,0.9,1,1,,,,,36,0
2026-08-19T20:07:34.234Z,1787170054234,FAN_DT_001_F4_S09_R01_20260819T200604,1,89.403,FAULT_ACTIVE,F4,0.9,FAN_DT_001,3.0,process-model-3.0.0-build3,10952,1,LIVE,SYNCHRONISED,AUTOMATIC,HIGH_LOAD,65,1950,1950,0,145,307,0.3,0.345,25.30191,44.68,1.052,1,0.0258,0,212.98,5.1614,-0.15193,1,0.18,71.338,1.2026,41.5,CRITICAL,F4,4,1,thermal_overload,0.9,1,1,,,,,36,0
2026-08-19T20:07:35.271Z,1787170055271,FAN_DT_001_F4_S09_R01_20260819T200604,1,90.441,FAULT_ACTIVE,F4,0.9,FAN_DT_001,3.0,process-model-3.0.0-build3,10953,1,LIVE,SYNCHRONISED,AUTOMATIC,HIGH_LOAD,65,1950,1950,0,145,307,0.3,0.345,25.28476,44.84,1.052,1,0.0258,0,212.98,5.2228,-0.14904,1,0.18,69.979,1.2169,41.5,CRITICAL,F4,4,1,thermal_overload,0.9,1,1,,,,,36,0
2026-08-19T20:07:36.351Z,1787170056351,FAN_DT_001_F4_S09_R01_20260819T200604,1,91.526,FAULT_ACTIVE,F4,0.9,FAN_DT_001,3.0,process-model-3.0.0-build3,10954,1,LIVE,SYNCHRONISED,AUTOMATIC,HIGH_LOAD,65,1950,1950,0,145,307,0.3,0.345,25.26756,44.99,1.052,1,0.0258,0,212.98,5.2838,-0.14623,1,0.18,68.661,1.2311,41.5,CRITICAL,F4,4,1,thermal_overload,0.9,1,1,,,,,36,0
2026-08-19T20:07:37.345Z,1787170057345,FAN_DT_001_F4_S09_R01_20260819T200604,1,92.515,FAULT_ACTIVE,F4,0.9,FAN_DT_001,3.0,process-model-3.0.0-build3,10955,1,LIVE,SYNCHRONISED,AUTOMATIC,HIGH_LOAD,65,1950,1950,0,145,307,0.3,0.345,25.2501,45.14,1.052,1,0.0258,0,212.98,5.3452,-0.14346,1,0.18,67.361,1.2454,41.5,CRITICAL,F4,4,1,thermal_overload,0.9,1,1,,,,,36,0
2026-08-19T20:07:38.380Z,1787170058380,FAN_DT_001_F4_S09_R01_20260819T200604,1,93.549,FAULT_ACTIVE,F4,0.9,FAN_DT_001,3.0,process-model-3.0.0-build3,10956,1,LIVE,SYNCHRONISED,AUTOMATIC,HIGH_LOAD,65,1950,1950,0,145,307,0.3,0.345,25.23262,45.29,1.052,1,0.0258,0,212.98,5.4062,-0.14074,1,0.18,66.081,1.2596,41.5,CRITICAL,F4,4,1,thermal_overload,0.9,1,1,,,,,36,0
2026-08-19T20:07:39.417Z,1787170059417,FAN_DT_001_F4_S09_R01_20260819T200604,1,94.586,FAULT_ACTIVE,F4,0.9,FAN_DT_001,3.0,process-model-3.0.0-build3,10957,1,LIVE,SYNCHRONISED,AUTOMATIC,HIGH_LOAD,65,1950,1950,0,145,307,0.3,0.345,25.21496,45.43,1.052,1,0.0258,0,212.98,5.4674,-0.13806,1,0.18,64.823,1.2739,41.5,CRITICAL,F4,4,1,thermal_overload,0.9,1,1,,,,,36,0
2026-08-19T20:07:40.459Z,1787170060459,FAN_DT_001_F4_S09_R01_20260819T200604,1,95.629,FAULT_ACTIVE,F4,0.9,FAN_DT_001,3.0,process-model-3.0.0-build3,10958,1,LIVE,SYNCHRONISED,AUTOMATIC,HIGH_LOAD,65,1950,1950,0,145,307,0.3,0.345,25.19726,45.57,1.052,1,0.0258,0,212.98,5.5284,-0.13545,1,0.18,63.599,1.2881,41.5,CRITICAL,F4,4,1,thermal_overload,0.9,1,1,,,,,36,0
2026-08-19T20:07:41.489Z,1787170061489,FAN_DT_001_F4_S09_R01_20260819T200604,1,96.659,FAULT_ACTIVE,F4,0.9,FAN_DT_001,3.0,process-model-3.0.0-build3,10959,1,LIVE,SYNCHRONISED,AUTOMATIC,HIGH_LOAD,65,1950,1950,0,145,307,0.3,0.345,25.17938,45.71,1.052,1,0.0258,0,212.98,5.5896,-0.13283,1,0.18,62.368,1.3024,41.5,CRITICAL,F4,4,1,thermal_overload,0.9,1,1,,,,,36,0
2026-08-19T20:07:42.517Z,1787170062517,FAN_DT_001_F4_S09_R01_20260819T200604,1,97.688,FAULT_ACTIVE,F4,0.9,FAN_DT_001,3.0,process-model-3.0.0-build3,10960,1,LIVE,SYNCHRONISED,AUTOMATIC,HIGH_LOAD,65,1950,1950,0,145,307,0.3,0.345,25.16138,45.85,1.052,1,0.0258,0,212.98,5.6509,-0.13028,1,0.18,61.169,1.3167,41.5,CRITICAL,F4,4,1,thermal_overload,0.9,1,1,,,,,36,0
2026-08-19T20:07:43.556Z,1787170063556,FAN_DT_001_F4_S09_R01_20260819T200604,1,98.726,FAULT_ACTIVE,F4,0.9,FAN_DT_001,3.0,process-model-3.0.0-build3,10961,1,LIVE,SYNCHRONISED,AUTOMATIC,HIGH_LOAD,65,1950,1950,0,145,307,0.3,0.345,25.14338,45.98,1.052,1,0.0258,0,212.98,5.7119,-0.12779,1,0.18,60.003,1.3309,41.5,CRITICAL,F4,4,1,thermal_overload,0.9,1,1,,,,,36,0
2026-08-19T20:07:44.592Z,1787170064592,FAN_DT_001_F4_S09_R01_20260819T200604,1,99.763,FAULT_ACTIVE,F4,0.9,FAN_DT_001,3.0,process-model-3.0.0-build3,10962,1,LIVE,SYNCHRONISED,AUTOMATIC,HIGH_LOAD,65,1950,1950,0,145,307,0.3,0.345,25.12522,46.11,1.052,1,0.0258,0,212.98,5.7732,-0.12528,1,0.18,58.824,1.3452,41.5,CRITICAL,F4,4,1,thermal_overload,0.9,1,1,,,,,36,0
2026-08-19T20:07:45.624Z,1787170065624,FAN_DT_001_F4_S09_R01_20260819T200604,1,100.795,FAULT_ACTIVE,F4,0.9,FAN_DT_001,3.0,process-model-3.0.0-build3,10963,1,LIVE,SYNCHRONISED,AUTOMATIC,HIGH_LOAD,65,1950,1950,0,145,307,0.3,0.345,25.10705,46.24,1.052,1,0.0258,0,212.98,5.8343,-0.12288,1,0.18,57.697,1.3594,41.5,CRITICAL,F4,4,1,thermal_overload,0.9,1,1,,,,,36,0
2026-08-19T20:07:46.660Z,1787170066660,FAN_DT_001_F4_S09_R01_20260819T200604,1,101.83,FAULT_ACTIVE,F4,0.9,FAN_DT_001,3.0,process-model-3.0.0-build3,10964,1,LIVE,SYNCHRONISED,AUTOMATIC,HIGH_LOAD,65,1950,1950,0,145,307,0.3,0.345,25.08889,46.37,1.052,1,0.0258,0,212.98,5.8952,-0.12051,1,0.18,56.584,1.3736,41.5,CRITICAL,F4,4,1,thermal_overload,0.9,1,1,,,,,36,0
2026-08-19T20:07:47.702Z,1787170067702,FAN_DT_001_F4_S09_R01_20260819T200604,1,102.889,FAULT_ACTIVE,F4,0.9,FAN_DT_001,3.0,process-model-3.0.0-build3,10965,1,LIVE,SYNCHRONISED,AUTOMATIC,HIGH_LOAD,65,1950,1950,0,145,307,0.3,0.345,25.07055,46.49,1.052,1,0.0258,0,212.98,5.9566,-0.11814,1,0.18,55.469,1.3879,41.5,CRITICAL,F4,4,1,thermal_overload,0.9,1,1,,,,,36,0
2026-08-19T20:07:48.726Z,1787170068726,FAN_DT_001_F4_S09_R01_20260819T200604,1,103.896,FAULT_ACTIVE,F4,0.9,FAN_DT_001,3.0,process-model-3.0.0-build3,10966,1,LIVE,SYNCHRONISED,AUTOMATIC,HIGH_LOAD,65,1950,1950,0,145,307,0.3,0.345,25.05223,46.61,1.052,1,0.0258,0,212.98,6.0177,-0.11584,1,0.18,54.391,1.4021,41.5,CRITICAL,F4,4,1,thermal_overload,0.9,1,1,,,,,36,0
2026-08-19T20:07:49.767Z,1787170069767,FAN_DT_001_F4_S09_R01_20260819T200604,1,104.94,FAULT_ACTIVE,F4,0.9,FAN_DT_001,3.0,process-model-3.0.0-build3,10967,1,LIVE,SYNCHRONISED,AUTOMATIC,HIGH_LOAD,65,1950,1950,0,145,307,0.3,0.345,25.03395,46.73,1.052,1,0.0258,0,212.98,6.0786,-0.11357,1,0.18,53.325,1.4163,41.5,CRITICAL,F4,4,1,thermal_overload,0.9,1,1,,,,,36,0
2026-08-19T20:07:50.797Z,1787170070797,FAN_DT_001_F4_S09_R01_20260819T200604,1,105.967,FAULT_ACTIVE,F4,0.9,FAN_DT_001,3.0,process-model-3.0.0-build3,10968,1,LIVE,SYNCHRONISED,AUTOMATIC,HIGH_LOAD,65,1950,1950,0,145,307,0.3,0.345,25.01554,46.84,1.052,1,0.0258,0,212.98,6.1399,-0.11135,1,0.18,52.282,1.4306,41.5,CRITICAL,F4,4,1,thermal_overload,0.9,1,1,,,,,36,0
2026-08-19T20:07:51.839Z,1787170071839,FAN_DT_001_F4_S09_R01_20260819T200604,1,107.009,FAULT_ACTIVE,F4,0.9,FAN_DT_001,3.0,process-model-3.0.0-build3,10969,1,LIVE,SYNCHRONISED,AUTOMATIC,HIGH_LOAD,65,1950,1950,0,145,307,0.3,0.345,24.99715,46.96,1.052,1,0.0258,0,212.98,6.2012,-0.10915,1,0.18,51.251,1.4449,41.5,CRITICAL,F4,4,1,thermal_overload,0.9,1,1,,,,,36,0
2026-08-19T20:07:52.886Z,1787170072886,FAN_DT_001_F4_S09_R01_20260819T200604,1,108.055,FAULT_ACTIVE,F4,0.9,FAN_DT_001,3.0,process-model-3.0.0-build3,10970,1,LIVE,SYNCHRONISED,AUTOMATIC,HIGH_LOAD,65,1950,1950,0,145,307,0.3,0.345,24.97875,47.07,1.052,1,0.0258,0,212.98,6.2624,-0.10696,1,0.18,50.223,1.4591,41.5,CRITICAL,F4,4,1,thermal_overload,0.9,1,1,,,,,36,0
2026-08-19T20:07:53.907Z,1787170073907,FAN_DT_001_F4_S09_R01_20260819T200604,1,109.076,FAULT_ACTIVE,F4,0.9,FAN_DT_001,3.0,process-model-3.0.0-build3,10971,1,LIVE,SYNCHRONISED,AUTOMATIC,HIGH_LOAD,65,1950,1950,0,145,307,0.3,0.345,24.96036,47.18,1.052,1,0.0258,0,212.98,6.3236,-0.10484,1,0.18,49.229,1.4734,41.5,CRITICAL,F4,4,1,thermal_overload,0.9,1,1,,,,,36,0
2026-08-19T20:07:54.945Z,1787170074945,FAN_DT_001_F4_S09_R01_20260819T200604,1,110.114,FAULT_ACTIVE,F4,0.9,FAN_DT_001,3.0,process-model-3.0.0-build3,10972,1,LIVE,SYNCHRONISED,AUTOMATIC,HIGH_LOAD,65,1950,1950,0,145,307,0.3,0.345,24.94204,47.29,1.052,1,0.0258,0,212.98,6.3847,-0.10279,1,0.18,48.265,1.4876,41.5,CRITICAL,F4,4,1,thermal_overload,0.9,1,1,,,,,36,0
2026-08-19T20:07:55.983Z,1787170075983,FAN_DT_001_F4_S09_R01_20260819T200604,1,111.153,FAULT_ACTIVE,F4,0.9,FAN_DT_001,3.0,process-model-3.0.0-build3,10973,1,LIVE,SYNCHRONISED,AUTOMATIC,HIGH_LOAD,65,1950,1950,0,145,307,0.3,0.345,24.92365,47.39,1.052,1,0.0258,0,212.98,6.4461,-0.10073,1,0.18,47.295,1.5019,41.5,CRITICAL,F4,4,1,thermal_overload,0.9,1,1,,,,,36,0
2026-08-19T20:07:57.013Z,1787170077013,FAN_DT_001_F4_S09_R01_20260819T200604,1,112.188,FAULT_ACTIVE,F4,0.9,FAN_DT_001,3.0,process-model-3.0.0-build3,10974,1,LIVE,SYNCHRONISED,AUTOMATIC,HIGH_LOAD,65,1950,1950,0,145,307,0.3,0.345,24.90537,47.5,1.052,1,0.0258,0,212.98,6.5073,-0.09871,1,0.18,46.348,1.5162,41.5,CRITICAL,F4,4,1,thermal_overload,0.9,1,1,,,,,36,0
2026-08-19T20:07:58.055Z,1787170078055,FAN_DT_001_F4_S09_R01_20260819T200604,1,113.224,FAULT_ACTIVE,F4,0.9,FAN_DT_001,3.0,process-model-3.0.0-build3,10975,1,LIVE,SYNCHRONISED,AUTOMATIC,HIGH_LOAD,65,1950,1950,0,145,307,0.3,0.345,24.88721,47.6,1.052,1,0.0258,0,212.98,6.5683,-0.09674,1,0.18,45.421,1.5304,41.5,CRITICAL,F4,4,1,thermal_overload,0.9,1,1,,,,,36,0
2026-08-19T20:07:59.087Z,1787170079087,FAN_DT_001_F4_S09_R01_20260819T200604,1,114.257,FAULT_ACTIVE,F4,0.9,FAN_DT_001,3.0,process-model-3.0.0-build3,10976,1,LIVE,SYNCHRONISED,AUTOMATIC,HIGH_LOAD,65,1950,1950,0,145,307,0.3,0.345,24.86899,47.7,1.052,1,0.0258,0,212.98,6.6296,-0.09479,1,0.18,44.508,1.5447,41.5,CRITICAL,F4,4,1,thermal_overload,0.9,1,1,,,,,36,0
2026-08-19T20:08:00.121Z,1787170080121,FAN_DT_001_F4_S09_R01_20260819T200604,1,115.311,FAULT_ACTIVE,F4,0.9,FAN_DT_001,3.0,process-model-3.0.0-build3,10977,1,LIVE,SYNCHRONISED,AUTOMATIC,HIGH_LOAD,65,1950,1950,0,145,307,0.3,0.345,24.85089,47.79,1.052,1,0.0258,0,212.98,6.6908,-0.09288,1,0.18,43.612,1.559,41.5,CRITICAL,F4,4,1,thermal_overload,0.9,1,1,,,,,36,0
2026-08-19T20:08:01.159Z,1787170081159,FAN_DT_001_F4_S09_R01_20260819T200604,1,116.329,FAULT_ACTIVE,F4,0.9,FAN_DT_001,3.0,process-model-3.0.0-build3,10978,1,LIVE,SYNCHRONISED,AUTOMATIC,HIGH_LOAD,65,1950,1950,0,145,307,0.3,0.345,24.83291,47.89,1.052,1,0.0258,0,212.98,6.7518,-0.09103,1,0.18,42.743,1.5732,41.5,CRITICAL,F4,4,1,thermal_overload,0.9,1,1,,,,,36,0
2026-08-19T20:08:02.195Z,1787170082195,FAN_DT_001_F4_S09_R01_20260819T200604,1,117.365,FAULT_ACTIVE,F4,0.9,FAN_DT_001,3.0,process-model-3.0.0-build3,10979,1,LIVE,SYNCHRONISED,AUTOMATIC,HIGH_LOAD,65,1950,1950,0,145,307,0.3,0.345,24.81496,47.98,1.052,1,0.0258,0,212.98,6.8131,-0.08916,1,0.18,41.864,1.5874,41.5,CRITICAL,F4,4,1,thermal_overload,0.9,1,1,,,,,36,0
2026-08-19T20:08:03.229Z,1787170083229,FAN_DT_001_F4_S09_R01_20260819T200604,1,118.399,FAULT_ACTIVE,F4,0.9,FAN_DT_001,3.0,process-model-3.0.0-build3,10980,1,LIVE,SYNCHRONISED,AUTOMATIC,HIGH_LOAD,65,1950,1950,0,145,307,0.3,0.345,24.79711,48.07,1.052,1,0.0258,0,212.98,6.8743,-0.08736,1,0.18,41.018,1.6017,41.5,CRITICAL,F4,4,1,thermal_overload,0.9,1,1,,,,,36,0
2026-08-19T20:08:04.269Z,1787170084269,FAN_DT_001_F4_S09_R01_20260819T200604,1,119.623,FAULT_ACTIVE,F4,0.9,FAN_DT_001,3.0,process-model-3.0.0-build3,10981,1,LIVE,SYNCHRONISED,AUTOMATIC,HIGH_LOAD,65,1950,1950,0,145,307,0.3,0.345,24.77941,48.16,1.052,1,0.0258,0,212.98,6.9354,-0.0856,1,0.18,40.191,1.6159,41.5,CRITICAL,F4,4,1,thermal_overload,0.9,1,1,,,,,36,0
2026-08-19T20:08:05.307Z,1787170085307,FAN_DT_001_F4_S09_R01_20260819T200604,1,120.481,FAULT_ACTIVE,F4,0.9,FAN_DT_001,3.0,process-model-3.0.0-build3,10982,1,LIVE,SYNCHRONISED,AUTOMATIC,HIGH_LOAD,65,1950,1950,0,145,307,0.3,0.345,24.76177,48.25,1.052,1,0.0258,0,212.98,6.9966,-0.08383,1,0.18,39.363,1.6302,41.5,CRITICAL,F4,4,1,thermal_overload,0.9,1,1,,,,,36,0
2026-08-19T20:08:06.330Z,1787170086330,FAN_DT_001_F4_S09_R01_20260819T200604,1,121.5,FAULT_ACTIVE,F4,0.9,FAN_DT_001,3.0,process-model-3.0.0-build3,10983,1,LIVE,SYNCHRONISED,AUTOMATIC,HIGH_LOAD,65,1950,1950,0,145,307,0.3,0.345,24.74437,48.33,1.052,1,0.0258,0,212.98,7.0575,-0.08213,1,0.18,38.564,1.6444,41.5,CRITICAL,F4,4,1,thermal_overload,0.9,1,1,,,,,36,0
2026-08-19T20:08:07.373Z,1787170087373,FAN_DT_001_F4_S09_R01_20260819T200604,1,122.543,FAULT_ACTIVE,F4,0.9,FAN_DT_001,3.0,process-model-3.0.0-build3,10984,1,LIVE,SYNCHRONISED,AUTOMATIC,HIGH_LOAD,65,1950,1950,0,145,307,0.3,0.345,24.72703,48.42,1.052,1,0.0258,0,212.98,7.1186,-0.08047,1,0.18,37.782,1.6586,41.5,CRITICAL,F4,4,1,thermal_overload,0.9,1,1,,,,,36,0
2026-08-19T20:08:08.404Z,1787170088404,FAN_DT_001_F4_S09_R01_20260819T200604,1,123.574,FAULT_ACTIVE,F4,0.9,FAN_DT_001,3.0,process-model-3.0.0-build3,10985,1,LIVE,SYNCHRONISED,AUTOMATIC,HIGH_LOAD,65,1950,1950,0,145,307,0.3,0.345,24.70979,48.5,1.052,1,0.0258,0,212.98,7.18,-0.07882,1,0.18,37.008,1.6729,41.5,CRITICAL,F4,4,1,thermal_overload,0.9,1,1,,,,,36,0
2026-08-19T20:08:09.438Z,1787170089438,FAN_DT_001_F4_S09_R01_20260819T200604,1,124.61,FAULT_ACTIVE,F4,0.9,FAN_DT_001,3.0,process-model-3.0.0-build3,10986,1,LIVE,SYNCHRONISED,AUTOMATIC,HIGH_LOAD,65,1950,1950,0,145,307,0.3,0.345,24.69281,48.58,1.052,1,0.0258,0,212.98,7.2408,-0.0772,1,0.18,36.247,1.6871,41.5,CRITICAL,F4,4,1,thermal_overload,0.9,1,1,,,,,36,0
2026-08-19T20:08:10.475Z,1787170090475,FAN_DT_001_F4_S09_R01_20260819T200604,1,125.651,FAULT_ACTIVE,F4,0.9,FAN_DT_001,3.0,process-model-3.0.0-build3,10987,1,LIVE,SYNCHRONISED,AUTOMATIC,HIGH_LOAD,65,1950,1950,0,145,307,0.3,0.345,24.67589,48.66,1.052,1,0.0258,0,212.98,7.3021,-0.0756,1,0.18,35.496,1.7014,41.5,CRITICAL,F4,4,1,thermal_overload,0.9,1,1,,,,,36,0
2026-08-19T20:08:11.522Z,1787170091522,FAN_DT_001_F4_S09_R01_20260819T200604,1,126.691,FAULT_ACTIVE,F4,0.9,FAN_DT_001,3.0,process-model-3.0.0-build3,10988,1,LIVE,SYNCHRONISED,AUTOMATIC,HIGH_LOAD,65,1950,1950,0,145,307,0.3,0.345,24.65915,48.74,1.052,1,0.0258,0,212.98,7.3634,-0.07403,1,0.18,34.762,1.7157,41.5,CRITICAL,F4,4,1,thermal_overload,0.9,1,1,,,,,36,0
2026-08-19T20:08:12.546Z,1787170092546,FAN_DT_001_F4_S09_R01_20260819T200604,1,127.939,FAULT_ACTIVE,F4,0.9,FAN_DT_001,3.0,process-model-3.0.0-build3,10989,1,LIVE,SYNCHRONISED,AUTOMATIC,HIGH_LOAD,65,1950,1950,0,145,307,0.3,0.345,24.64269,48.81,1.052,1,0.0258,0,212.98,7.4242,-0.07251,1,0.18,34.046,1.7298,41.5,CRITICAL,F4,4,1,thermal_overload,0.9,1,1,,,,,36,0
2026-08-19T20:08:13.599Z,1787170093599,FAN_DT_001_F4_S09_R01_20260819T200604,1,128.771,FAULT_ACTIVE,F4,0.9,FAN_DT_001,3.0,process-model-3.0.0-build3,10990,1,LIVE,SYNCHRONISED,AUTOMATIC,HIGH_LOAD,65,1950,1950,0,145,307,0.3,0.345,24.62631,48.89,1.052,1,0.0258,0,212.98,7.4856,-0.071,1,0.18,33.335,1.7441,41.5,CRITICAL,F4,4,1,thermal_overload,0.9,1,1,,,,,36,0
2026-08-19T20:08:14.620Z,1787170094620,FAN_DT_001_F4_S09_R01_20260819T200604,1,129.79,FAULT_ACTIVE,F4,0.9,FAN_DT_001,3.0,process-model-3.0.0-build3,10991,1,LIVE,SYNCHRONISED,AUTOMATIC,HIGH_LOAD,65,1950,1950,0,145,307,0.3,0.345,24.61018,48.96,1.052,1,0.0258,0,212.98,7.5466,-0.06956,1,0.18,32.661,1.7584,41.5,CRITICAL,F4,4,1,thermal_overload,0.9,1,1,,,,,36,0
2026-08-19T20:08:15.656Z,1787170095656,FAN_DT_001_F4_S09_R01_20260819T200604,1,130.824,FAULT_ACTIVE,F4,0.9,FAN_DT_001,3.0,process-model-3.0.0-build3,10992,1,LIVE,SYNCHRONISED,AUTOMATIC,HIGH_LOAD,65,1950,1950,0,145,307,0.3,0.345,24.59418,49.03,1.052,1,0.0258,0,212.98,7.608,-0.06809,1,0.18,31.97,1.7727,41.5,CRITICAL,F4,4,1,thermal_overload,0.9,1,1,,,,,36,0
2026-08-19T20:08:16.691Z,1787170096691,FAN_DT_001_F4_S09_R01_20260819T200604,1,131.862,FAULT_ACTIVE,F4,0.9,FAN_DT_001,3.0,process-model-3.0.0-build3,10993,1,LIVE,SYNCHRONISED,AUTOMATIC,HIGH_LOAD,65,1950,1950,0,145,307,0.3,0.345,24.57844,49.1,1.052,1,0.0258,0,212.98,7.6692,-0.06667,1,0.18,31.303,1.7869,41.5,CRITICAL,F4,4,1,thermal_overload,0.9,1,1,,,,,36,0
2026-08-19T20:08:17.724Z,1787170097724,FAN_DT_001_F4_S09_R01_20260819T200604,1,132.894,FAULT_ACTIVE,F4,0.9,FAN_DT_001,3.0,process-model-3.0.0-build3,10994,1,LIVE,SYNCHRONISED,AUTOMATIC,HIGH_LOAD,65,1950,1950,0,145,307,0.3,0.345,24.56297,49.17,1.052,1,0.0258,0,212.98,7.7302,-0.06529,1,0.18,30.655,1.8011,41.5,CRITICAL,F4,4,1,thermal_overload,0.9,1,1,,,,,36,0
2026-08-19T20:08:18.779Z,1787170098779,FAN_DT_001_F4_S09_R01_20260819T200604,1,133.949,FAULT_ACTIVE,F4,0.9,FAN_DT_001,3.0,process-model-3.0.0-build3,10995,1,LIVE,SYNCHRONISED,AUTOMATIC,HIGH_LOAD,65,1950,1950,0,145,307,0.3,0.345,24.54766,49.24,1.052,1,0.0258,0,212.98,7.7914,-0.06394,1,0.18,30.023,1.8154,41.5,CRITICAL,F4,4,1,thermal_overload,0.9,1,1,,,,,36,0
2026-08-19T20:08:19.856Z,1787170099856,FAN_DT_001_F4_S09_R01_20260819T200604,1,135.026,FAULT_ACTIVE,F4,0.9,FAN_DT_001,3.0,process-model-3.0.0-build3,10996,1,LIVE,SYNCHRONISED,AUTOMATIC,HIGH_LOAD,65,1950,1950,0,145,307,0.3,0.345,24.53266,49.3,1.052,1,0.0258,0,212.98,7.8525,-0.0626,1,0.18,29.391,1.8296,41.5,CRITICAL,F4,4,1,thermal_overload,0.9,1,1,,,,,36,0
2026-08-19T20:08:20.836Z,1787170100836,FAN_DT_001_F4_S09_R01_20260819T200604,1,136.013,FAULT_ACTIVE,F4,0.9,FAN_DT_001,3.0,process-model-3.0.0-build3,10997,1,LIVE,SYNCHRONISED,AUTOMATIC,HIGH_LOAD,65,1950,1950,0,145,307,0.3,0.345,24.51787,49.36,1.052,1,0.0258,0,212.98,7.9137,-0.0613,1,0.18,28.783,1.8439,41.5,CRITICAL,F4,4,1,thermal_overload,0.9,1,1,,,,,36,0
2026-08-19T20:08:21.865Z,1787170101865,FAN_DT_001_F4_S09_R01_20260819T200604,1,137.034,FAULT_ACTIVE,F4,0.9,FAN_DT_001,3.0,process-model-3.0.0-build3,10998,1,LIVE,SYNCHRONISED,AUTOMATIC,HIGH_LOAD,65,1950,1950,0,145,307,0.3,0.345,24.50329,49.43,1.052,1,0.0258,0,212.98,7.975,-0.06001,1,0.18,28.175,1.8582,41.5,CRITICAL,F4,4,1,thermal_overload,0.9,1,1,,,,,36,0
2026-08-19T20:08:22.895Z,1787170102895,FAN_DT_001_F4_S09_R01_20260819T200604,1,138.065,FAULT_ACTIVE,F4,0.9,FAN_DT_001,3.0,process-model-3.0.0-build3,10999,1,LIVE,SYNCHRONISED,AUTOMATIC,HIGH_LOAD,65,1950,1950,0,145,307,0.3,0.345,24.48903,49.49,1.052,1,0.0258,0,212.98,8.0361,-0.05875,1,0.18,27.586,1.8724,41.5,CRITICAL,F4,4,1,thermal_overload,0.9,1,1,,,,,36,0
2026-08-19T20:08:23.935Z,1787170103935,FAN_DT_001_F4_S09_R01_20260819T200604,1,139.104,FAULT_ACTIVE,F4,0.9,FAN_DT_001,3.0,process-model-3.0.0-build3,11000,1,LIVE,SYNCHRONISED,AUTOMATIC,HIGH_LOAD,65,1950,1950,0,145,307,0.3,0.345,24.47508,49.55,1.052,1,0.0258,0,212.98,8.097,-0.05755,1,0.18,27.021,1.8866,41.5,CRITICAL,F4,4,1,thermal_overload,0.9,1,1,,,,,36,0
2026-08-19T20:08:24.966Z,1787170104966,FAN_DT_001_F4_S09_R01_20260819T200604,1,140.138,FAULT_ACTIVE,F4,0.9,FAN_DT_001,3.0,process-model-3.0.0-build3,11001,1,LIVE,SYNCHRONISED,AUTOMATIC,HIGH_LOAD,65,1950,1950,0,145,307,0.3,0.345,24.46131,49.61,1.052,1,0.0258,0,212.98,8.1583,-0.05634,1,0.18,26.455,1.9009,41.5,CRITICAL,F4,4,1,thermal_overload,0.9,1,1,,,,,36,0
2026-08-19T20:08:26.010Z,1787170106010,FAN_DT_001_F4_S09_R01_20260819T200604,1,141.179,FAULT_ACTIVE,F4,0.9,FAN_DT_001,3.0,process-model-3.0.0-build3,11002,1,LIVE,SYNCHRONISED,AUTOMATIC,HIGH_LOAD,65,1950,1950,0,145,307,0.3,0.345,24.44793,49.67,1.052,1,0.0258,0,212.98,8.2192,-0.05517,1,0.18,25.904,1.9151,41.5,CRITICAL,F4,4,1,thermal_overload,0.9,1,1,,,,,36,0
2026-08-19T20:08:27.059Z,1787170107059,FAN_DT_001_F4_S09_R01_20260819T200604,1,142.228,FAULT_ACTIVE,F4,0.9,FAN_DT_001,3.0,process-model-3.0.0-build3,11003,1,LIVE,SYNCHRONISED,AUTOMATIC,HIGH_LOAD,65,1950,1950,0,145,307,0.3,0.345,24.43474,49.72,1.052,1,0.0258,0,212.98,8.2805,-0.05401,1,0.18,25.36,1.9294,41.5,CRITICAL,F4,4,1,thermal_overload,0.9,1,1,,,,,36,0
2026-08-19T20:08:28.081Z,1787170108081,FAN_DT_001_F4_S09_R01_20260819T200604,1,143.252,FAULT_ACTIVE,F4,0.9,FAN_DT_001,3.0,process-model-3.0.0-build3,11004,1,LIVE,SYNCHRONISED,AUTOMATIC,HIGH_LOAD,65,1950,1950,0,145,307,0.3,0.345,24.42191,49.78,1.052,1,0.0258,0,212.98,8.3416,-0.05289,1,0.18,24.832,1.9436,41.5,CRITICAL,F4,4,1,thermal_overload,0.9,1,1,,,,,36,0
2026-08-19T20:08:29.112Z,1787170109112,FAN_DT_001_F4_S09_R01_20260819T200604,1,144.283,FAULT_ACTIVE,F4,0.9,FAN_DT_001,3.0,process-model-3.0.0-build3,11005,1,LIVE,SYNCHRONISED,AUTOMATIC,HIGH_LOAD,65,1950,1950,0,145,307,0.3,0.345,24.40936,49.83,1.052,1,0.0258,0,212.98,8.4027,-0.05178,1,0.18,24.315,1.9578,41.5,CRITICAL,F4,4,1,thermal_overload,0.9,1,1,,,,,36,0
2026-08-19T20:08:30.145Z,1787170110145,FAN_DT_001_F4_S09_R01_20260819T200604,1,145.314,FAULT_ACTIVE,F4,0.9,FAN_DT_001,3.0,process-model-3.0.0-build3,11006,1,LIVE,SYNCHRONISED,AUTOMATIC,HIGH_LOAD,65,1950,1950,0,145,307,0.3,0.345,24.39712,49.88,1.052,1,0.0258,0,212.98,8.4639,-0.0507,1,0.18,23.807,1.9721,41.5,CRITICAL,F4,4,1,thermal_overload,0.9,1,1,,,,,36,0
2026-08-19T20:08:31.182Z,1787170111182,FAN_DT_001_F4_S09_R01_20260819T200604,1,146.352,FAULT_ACTIVE,F4,0.9,FAN_DT_001,3.0,process-model-3.0.0-build3,11007,1,LIVE,SYNCHRONISED,AUTOMATIC,HIGH_LOAD,65,1950,1950,0,145,307,0.3,0.345,24.38518,49.94,1.052,1,0.0258,0,212.98,8.5251,-0.04965,1,0.18,23.312,1.9864,41.5,CRITICAL,F4,4,1,thermal_overload,0.9,1,1,,,,,36,0
2026-08-19T20:08:32.230Z,1787170112230,FAN_DT_001_F4_S09_R01_20260819T200604,1,147.399,FAULT_ACTIVE,F4,0.9,FAN_DT_001,3.0,process-model-3.0.0-build3,11008,1,LIVE,SYNCHRONISED,AUTOMATIC,HIGH_LOAD,65,1950,1950,0,145,307,0.3,0.345,24.37355,49.99,1.052,1,0.0258,0,212.98,8.5865,-0.04859,1,0.18,22.816,2.0006,41.5,CRITICAL,F4,4,1,thermal_overload,0.9,1,1,,,,,36,0
2026-08-19T20:08:33.254Z,1787170113254,FAN_DT_001_F4_S09_R01_20260819T200604,1,148.425,FAULT_ACTIVE,F4,0.9,FAN_DT_001,3.0,process-model-3.0.0-build3,11009,1,LIVE,SYNCHRONISED,AUTOMATIC,HIGH_LOAD,65,1950,1950,0,145,307,0.3,0.345,24.36226,50.04,1.052,1,0.0258,0,212.98,8.6478,-0.0476,1,0.18,22.348,2.0149,41.5,CRITICAL,F4,4,1,thermal_overload,0.9,1,1,,,,,36,0
2026-08-19T20:08:34.294Z,1787170114294,FAN_DT_001_F4_S09_R01_20260819T200604,1,149.464,FAULT_ACTIVE,F4,0.9,FAN_DT_001,3.0,process-model-3.0.0-build3,11010,1,LIVE,SYNCHRONISED,AUTOMATIC,HIGH_LOAD,65,1950,1950,0,145,307,0.3,0.345,24.35138,50.08,1.052,1,0.0258,0,212.98,8.7087,-0.0466,1,0.18,21.88,2.0291,41.5,CRITICAL,F4,4,1,thermal_overload,0.9,1,1,,,,,36,0
2026-08-19T20:08:35.323Z,1787170115323,FAN_DT_001_F4_S09_R01_20260819T200604,1,150.492,FAULT_ACTIVE,F4,0.9,FAN_DT_001,3.0,process-model-3.0.0-build3,11011,1,LIVE,SYNCHRONISED,AUTOMATIC,HIGH_LOAD,65,1950,1950,0,145,307,0.3,0.345,24.34075,50.13,1.052,1,0.0258,0,212.98,8.7701,-0.04563,1,0.18,21.423,2.0434,41.5,CRITICAL,F4,4,1,thermal_overload,0.9,1,1,,,,,36,0
2026-08-19T20:08:36.359Z,1787170116359,FAN_DT_001_F4_S09_R01_20260819T200604,1,151.559,FAULT_ACTIVE,F4,0.9,FAN_DT_001,3.0,process-model-3.0.0-build3,11012,1,LIVE,SYNCHRONISED,AUTOMATIC,HIGH_LOAD,65,1950,1950,0,145,307,0.3,0.345,24.33049,50.18,1.052,1,0.0258,0,212.98,8.8314,-0.04468,1,0.18,20.98,2.0577,41.5,CRITICAL,F4,4,1,thermal_overload,0.9,1,1,,,,,36,0
2026-08-19T20:08:37.394Z,1787170117394,FAN_DT_001_F4_S09_R01_20260819T200604,1,152.563,FAULT_ACTIVE,F4,0.9,FAN_DT_001,3.0,process-model-3.0.0-build3,11013,1,LIVE,SYNCHRONISED,AUTOMATIC,HIGH_LOAD,65,1950,1950,0,145,307,0.3,0.345,24.32067,50.22,1.052,1,0.0258,0,212.98,8.8921,-0.04378,1,0.18,20.555,2.0719,41.5,CRITICAL,F4,4,1,thermal_overload,0.9,1,1,,,,,36,0
2026-08-19T20:08:38.429Z,1787170118429,FAN_DT_001_F4_S09_R01_20260819T200604,1,153.598,FAULT_ACTIVE,F4,0.9,FAN_DT_001,3.0,process-model-3.0.0-build3,11014,1,LIVE,SYNCHRONISED,AUTOMATIC,HIGH_LOAD,65,1950,1950,0,145,307,0.3,0.345,24.31113,50.27,1.052,1,0.0258,0,212.98,8.9534,-0.04286,1,0.18,20.126,2.0861,41.5,CRITICAL,F4,4,1,thermal_overload,0.9,1,1,,,,,36,0
2026-08-19T20:08:39.465Z,1787170119465,FAN_DT_001_F4_S09_R01_20260819T200604,1,154.635,FAULT_ACTIVE,F4,0.9,FAN_DT_001,3.0,process-model-3.0.0-build3,11015,1,LIVE,SYNCHRONISED,AUTOMATIC,HIGH_LOAD,65,1950,1950,0,145,307,0.3,0.345,24.302,50.31,1.052,1,0.0258,0,212.98,9.0144,-0.04199,1,0.18,19.716,2.1003,41.5,CRITICAL,F4,4,1,thermal_overload,0.9,1,1,,,,,36,0
2026-08-19T20:08:40.499Z,1787170120499,FAN_DT_001_F4_S09_R01_20260819T200604,1,155.668,FAULT_ACTIVE,F4,0.9,FAN_DT_001,3.0,process-model-3.0.0-build3,11016,1,LIVE,SYNCHRONISED,AUTOMATIC,HIGH_LOAD,65,1950,1950,0,145,307,0.3,0.345,24.29319,50.36,1.052,1,0.0258,0,212.98,9.0756,-0.04114,1,0.18,19.319,2.1146,41.5,CRITICAL,F4,4,1,thermal_overload,0.9,1,1,,,,,36,0
2026-08-19T20:08:41.531Z,1787170121531,FAN_DT_001_F4_S09_R01_20260819T200604,1,156.7,FAULT_ACTIVE,F4,0.9,FAN_DT_001,3.0,process-model-3.0.0-build3,11017,1,LIVE,SYNCHRONISED,AUTOMATIC,HIGH_LOAD,65,1950,1950,0,145,307,0.3,0.345,24.28478,50.4,1.052,1,0.0258,0,212.98,9.1367,-0.04029,1,0.18,18.916,2.1289,41.5,CRITICAL,F4,4,1,thermal_overload,0.9,1,1,,,,,36,0
2026-08-19T20:08:42.569Z,1787170122569,FAN_DT_001_F4_S09_R01_20260819T200604,1,157.748,FAULT_ACTIVE,F4,0.9,FAN_DT_001,3.0,process-model-3.0.0-build3,11018,1,LIVE,SYNCHRONISED,AUTOMATIC,HIGH_LOAD,65,1950,1950,0,145,307,0.3,0.345,24.27676,50.44,1.052,1,0.0258,0,212.98,9.1976,-0.03947,1,0.18,18.532,2.1431,41.5,CRITICAL,F4,4,1,thermal_overload,0.9,1,1,,,,,36,0
2026-08-19T20:08:43.600Z,1787170123600,FAN_DT_001_F4_S09_R01_20260819T200604,1,158.769,FAULT_ACTIVE,F4,0.9,FAN_DT_001,3.0,process-model-3.0.0-build3,11019,1,LIVE,SYNCHRONISED,AUTOMATIC,HIGH_LOAD,65,1950,1950,0,145,307,0.3,0.345,24.26909,50.48,1.052,1,0.0258,0,212.98,9.2589,-0.0387,1,0.18,18.169,2.1573,41.5,CRITICAL,F4,4,1,thermal_overload,0.9,1,1,,,,,36,0
2026-08-19T20:08:44.645Z,1787170124645,FAN_DT_001_F4_S09_R01_20260819T200604,1,159.814,FAULT_ACTIVE,F4,0.9,FAN_DT_001,3.0,process-model-3.0.0-build3,11020,1,LIVE,SYNCHRONISED,AUTOMATIC,HIGH_LOAD,65,1950,1950,0,145,307,0.3,0.345,24.26182,50.52,1.052,1,0.0258,0,212.98,9.3199,-0.03792,1,0.18,17.803,2.1715,41.5,CRITICAL,F4,4,1,thermal_overload,0.9,1,1,,,,,36,0
2026-08-19T20:08:45.677Z,1787170125677,FAN_DT_001_F4_S09_R01_20260819T200604,1,160.848,FAULT_ACTIVE,F4,0.9,FAN_DT_001,3.0,process-model-3.0.0-build3,11021,1,LIVE,SYNCHRONISED,AUTOMATIC,HIGH_LOAD,65,1950,1950,0,145,307,0.3,0.345,24.25491,50.56,1.052,1,0.0258,0,212.98,9.3813,-0.03715,1,0.18,17.442,2.1858,41.5,CRITICAL,F4,4,1,thermal_overload,0.9,1,1,,,,,36,0
2026-08-19T20:08:46.728Z,1787170126728,FAN_DT_001_F4_S09_R01_20260819T200604,1,161.897,FAULT_ACTIVE,F4,0.9,FAN_DT_001,3.0,process-model-3.0.0-build3,11022,1,LIVE,SYNCHRONISED,AUTOMATIC,HIGH_LOAD,65,1950,1950,0,145,307,0.3,0.345,24.2484,50.6,1.052,1,0.0258,0,212.98,9.4426,-0.0364,1,0.18,17.092,2.2001,41.5,CRITICAL,F4,4,1,thermal_overload,0.9,1,1,,,,,36,0
2026-08-19T20:08:47.751Z,1787170127751,FAN_DT_001_F4_S09_R01_20260819T200604,1,162.92,FAULT_ACTIVE,F4,0.9,FAN_DT_001,3.0,process-model-3.0.0-build3,11023,1,LIVE,SYNCHRONISED,AUTOMATIC,HIGH_LOAD,65,1950,1950,0,145,307,0.3,0.345,24.2423,50.63,1.052,1,0.0258,0,212.98,9.5038,-0.0357,1,0.18,16.763,2.2144,41.5,CRITICAL,F4,4,1,thermal_overload,0.9,1,1,,,,,36,0
2026-08-19T20:08:48.785Z,1787170128785,FAN_DT_001_F4_S09_R01_20260819T200604,1,163.956,FAULT_ACTIVE,F4,0.9,FAN_DT_001,3.0,process-model-3.0.0-build3,11024,1,LIVE,SYNCHRONISED,AUTOMATIC,HIGH_LOAD,65,1950,1950,0,145,307,0.3,0.345,24.23659,50.67,1.052,1,0.0258,0,212.98,9.5651,-0.035,1,0.18,16.433,2.2287,41.5,CRITICAL,F4,4,1,thermal_overload,0.9,1,1,,,,,36,0
2026-08-19T20:08:49.817Z,1787170129817,FAN_DT_001_F4_S09_R01_20260819T200604,1,164.986,FAULT_ACTIVE,F4,0.9,FAN_DT_001,3.0,process-model-3.0.0-build3,11025,1,LIVE,SYNCHRONISED,AUTOMATIC,HIGH_LOAD,65,1950,1950,0,145,307,0.3,0.345,24.23131,50.71,1.052,1,0.0258,0,212.98,9.6261,-0.0343,1,0.18,16.107,2.2429,41.5,CRITICAL,F4,4,1,thermal_overload,0.9,1,1,,,,,36,0
2026-08-19T20:08:50.858Z,1787170130858,FAN_DT_001_F4_S09_R01_20260819T200604,1,166.028,FAULT_ACTIVE,F4,0.9,FAN_DT_001,3.0,process-model-3.0.0-build3,11026,1,LIVE,SYNCHRONISED,AUTOMATIC,HIGH_LOAD,65,1950,1950,0,145,307,0.3,0.345,24.22642,50.74,1.052,1,0.0258,0,212.98,9.6872,-0.03366,1,0.18,15.803,2.2571,41.5,CRITICAL,F4,4,1,thermal_overload,0.9,1,1,,,,,36,0
2026-08-19T20:08:51.894Z,1787170131894,FAN_DT_001_F4_S09_R01_20260819T200604,1,167.068,FAULT_ACTIVE,F4,0.9,FAN_DT_001,3.0,process-model-3.0.0-build3,11027,1,LIVE,SYNCHRONISED,AUTOMATIC,HIGH_LOAD,65,1950,1950,0,145,307,0.3,0.345,24.22192,50.78,1.052,1,0.0258,0,212.98,9.7486,-0.033,1,0.18,15.495,2.2714,41.5,CRITICAL,F4,4,1,thermal_overload,0.9,1,1,,,,,36,0
2026-08-19T20:08:52.929Z,1787170132929,FAN_DT_001_F4_S09_R01_20260819T200604,1,168.098,FAULT_ACTIVE,F4,0.9,FAN_DT_001,3.0,process-model-3.0.0-build3,11028,1,LIVE,SYNCHRONISED,AUTOMATIC,HIGH_LOAD,65,1950,1950,0,145,307,0.3,0.345,24.21787,50.81,1.052,1,0.0258,0,212.98,9.8097,-0.03237,1,0.18,15.198,2.2857,41.5,CRITICAL,F4,4,1,thermal_overload,0.9,1,1,,,,,36,0
2026-08-19T20:08:53.966Z,1787170133966,FAN_DT_001_F4_S09_R01_20260819T200604,1,169.136,FAULT_ACTIVE,F4,0.9,FAN_DT_001,3.0,process-model-3.0.0-build3,11029,1,LIVE,SYNCHRONISED,AUTOMATIC,HIGH_LOAD,65,1950,1950,0,145,307,0.3,0.345,24.21421,50.84,1.052,1,0.0258,0,212.98,9.8708,-0.03175,1,0.18,14.907,2.2999,41.5,CRITICAL,F4,4,1,thermal_overload,0.9,1,1,,,,,36,0
2026-08-19T20:08:54.999Z,1787170134999,FAN_DT_001_F4_S09_R01_20260819T200604,1,170.169,FAULT_ACTIVE,F4,0.9,FAN_DT_001,3.0,process-model-3.0.0-build3,11030,1,LIVE,SYNCHRONISED,AUTOMATIC,HIGH_LOAD,65,1950,1950,0,145,307,0.3,0.345,24.21096,50.87,1.052,1,0.0258,0,212.98,9.9321,-0.03118,1,0.18,14.639,2.3142,41.5,CRITICAL,F4,4,1,thermal_overload,0.9,1,1,,,,,36,0
2026-08-19T20:08:56.039Z,1787170136039,FAN_DT_001_F4_S09_R01_20260819T200604,1,171.209,FAULT_ACTIVE,F4,0.9,FAN_DT_001,3.0,process-model-3.0.0-build3,11031,1,LIVE,SYNCHRONISED,AUTOMATIC,HIGH_LOAD,65,1950,1950,0,145,307,0.3,0.345,24.20814,50.91,1.052,1,0.0258,0,212.98,9.9932,-0.0306,1,0.18,14.37,2.3284,41.5,CRITICAL,F4,4,1,thermal_overload,0.9,1,1,,,,,36,0
2026-08-19T20:08:57.070Z,1787170137070,FAN_DT_001_F4_S09_R01_20260819T200604,1,172.243,FAULT_ACTIVE,F4,0.9,FAN_DT_001,3.0,process-model-3.0.0-build3,11032,1,LIVE,SYNCHRONISED,AUTOMATIC,HIGH_LOAD,65,1950,1950,0,145,307,0.3,0.345,24.20573,50.94,1.052,1,0.0258,0,212.98,10.0544,-0.03003,1,0.18,14.102,2.3427,41.5,CRITICAL,F4,4,1,thermal_overload,0.9,1,1,,,,,36,0
2026-08-19T20:08:58.107Z,1787170138107,FAN_DT_001_F4_S09_R01_20260819T200604,1,173.276,FAULT_ACTIVE,F4,0.9,FAN_DT_001,3.0,process-model-3.0.0-build3,11033,1,LIVE,SYNCHRONISED,AUTOMATIC,HIGH_LOAD,65,1950,1950,0,145,307,0.3,0.345,24.20375,50.97,1.052,1,0.0258,0,212.98,10.1156,-0.02948,1,0.18,13.841,2.3569,41.5,CRITICAL,F4,4,1,thermal_overload,0.9,1,1,,,,,36,0
2026-08-19T20:08:59.141Z,1787170139141,FAN_DT_001_F4_S09_R01_20260819T200604,1,174.311,FAULT_ACTIVE,F4,0.9,FAN_DT_001,3.0,process-model-3.0.0-build3,11034,1,LIVE,SYNCHRONISED,AUTOMATIC,HIGH_LOAD,65,1950,1950,0,145,307,0.3,0.345,24.20218,51,1.052,1,0.0258,0,212.98,10.1765,-0.02895,1,0.18,13.593,2.3711,41.5,CRITICAL,F4,4,1,thermal_overload,0.9,1,1,,,,,36,0
2026-08-19T20:09:00.173Z,1787170140173,FAN_DT_001_F4_S09_R01_20260819T200604,1,175.343,FAULT_ACTIVE,F4,0.9,FAN_DT_001,3.0,process-model-3.0.0-build3,11035,1,LIVE,SYNCHRONISED,AUTOMATIC,HIGH_LOAD,65,1950,1950,0,145,307,0.3,0.345,24.20104,51.03,1.052,1,0.0258,0,212.98,10.2378,-0.02846,1,0.18,13.363,2.3854,41.5,CRITICAL,F4,4,1,thermal_overload,0.9,1,1,,,,,36,0
2026-08-19T20:09:01.245Z,1787170141245,FAN_DT_001_F4_S09_R01_20260819T200604,1,176.414,FAULT_ACTIVE,F4,0.9,FAN_DT_001,3.0,process-model-3.0.0-build3,11036,1,LIVE,SYNCHRONISED,AUTOMATIC,HIGH_LOAD,65,1950,1950,0,145,307,0.3,0.345,24.20031,51.06,1.052,1,0.0258,0,212.98,10.2988,-0.02795,1,0.18,13.122,2.3996,41.5,CRITICAL,F4,4,1,thermal_overload,0.9,1,1,,,,,36,0
2026-08-19T20:09:02.247Z,1787170142247,FAN_DT_001_F4_S09_R01_20260819T200604,1,177.417,FAULT_ACTIVE,F4,0.9,FAN_DT_001,3.0,process-model-3.0.0-build3,11037,1,LIVE,SYNCHRONISED,AUTOMATIC,HIGH_LOAD,65,1950,1950,0,145,307,0.3,0.345,24.20001,51.09,1.052,1,0.0258,0,212.98,10.3599,-0.02749,1,0.18,12.908,2.4138,41.5,CRITICAL,F4,4,1,thermal_overload,0.9,1,1,,,,,36,0
2026-08-19T20:09:03.301Z,1787170143301,FAN_DT_001_F4_S09_R01_20260819T200604,1,178.47,FAULT_ACTIVE,F4,0.9,FAN_DT_001,3.0,process-model-3.0.0-build3,11038,1,LIVE,SYNCHRONISED,AUTOMATIC,HIGH_LOAD,65,1950,1950,0,145,307,0.3,0.345,24.20013,51.11,1.052,1,0.0258,0,212.98,10.4211,-0.02703,1,0.18,12.691,2.4281,41.5,CRITICAL,F4,4,1,thermal_overload,0.9,1,1,,,,,36,0
2026-08-19T20:09:04.322Z,1787170144322,FAN_DT_001_F4_S09_R01_20260819T200604,1,179.491,FAULT_ACTIVE,F4,0.9,FAN_DT_001,3.0,process-model-3.0.0-build3,11039,1,LIVE,SYNCHRONISED,AUTOMATIC,HIGH_LOAD,65,1950,1950,0,145,307,0.3,0.345,24.20067,51.14,1.052,1,0.0258,0,212.98,10.482,-0.02656,1,0.18,12.469,2.4423,41.5,CRITICAL,F4,4,1,thermal_overload,0.9,1,1,,,,,36,0
2026-08-19T20:09:05.345Z,1787170145345,FAN_DT_001_F4_S09_R01_20260819T200604,1,180.526,FAULT_ACTIVE,F4,0.9,FAN_DT_001,3.0,process-model-3.0.0-build3,11040,1,LIVE,SYNCHRONISED,AUTOMATIC,HIGH_LOAD,65,1950,1950,0,145,307,0.3,0.345,24.20163,51.17,1.052,1,0.0258,0,212.98,10.5433,-0.02612,1,0.18,12.266,2.4566,41.5,CRITICAL,F4,4,1,thermal_overload,0.9,1,1,,,,,36,0
2026-08-19T20:09:06.380Z,1787170146380,FAN_DT_001_F4_S09_R01_20260819T200604,1,181.549,FAULT_ACTIVE,F4,0.9,FAN_DT_001,3.0,process-model-3.0.0-build3,11041,1,LIVE,SYNCHRONISED,AUTOMATIC,HIGH_LOAD,65,1950,1950,0,145,307,0.3,0.345,24.20302,51.2,1.052,1,0.0258,0,212.98,10.6046,-0.02572,1,0.18,12.077,2.4709,41.5,CRITICAL,F4,4,1,thermal_overload,0.9,1,1,,,,,36,0
2026-08-19T20:09:07.408Z,1787170147408,FAN_DT_001_F4_S09_R01_20260819T200604,1,182.577,FAULT_ACTIVE,F4,0.9,FAN_DT_001,3.0,process-model-3.0.0-build3,11042,1,LIVE,SYNCHRONISED,AUTOMATIC,HIGH_LOAD,65,1950,1950,0,145,307,0.3,0.345,24.20479,51.22,1.052,1,0.0258,0,212.98,10.6648,-0.02531,1,0.18,11.884,2.4849,41.5,CRITICAL,F4,4,1,thermal_overload,0.9,1,1,,,,,36,0
2026-08-19T20:09:08.439Z,1787170148439,FAN_DT_001_F4_S09_R01_20260819T200604,1,183.611,FAULT_ACTIVE,F4,0.9,FAN_DT_001,3.0,process-model-3.0.0-build3,11043,1,LIVE,SYNCHRONISED,AUTOMATIC,HIGH_LOAD,65,1950,1950,0,145,307,0.3,0.345,24.20701,51.25,1.052,1,0.0258,0,212.98,10.7261,-0.02491,1,0.18,11.698,2.4992,41.5,CRITICAL,F4,4,1,thermal_overload,0.9,1,1,,,,,36,0
2026-08-19T20:09:09.477Z,1787170149477,FAN_DT_001_F4_S09_R01_20260819T200604,1,184.647,FAULT_ACTIVE,F4,0.9,FAN_DT_001,3.0,process-model-3.0.0-build3,11044,1,LIVE,SYNCHRONISED,AUTOMATIC,HIGH_LOAD,65,1950,1950,0,145,307,0.3,0.345,24.20964,51.27,1.052,1,0.0258,0,212.98,10.7871,-0.02453,1,0.18,11.518,2.5134,41.5,CRITICAL,F4,4,1,thermal_overload,0.9,1,1,,,,,36,0
2026-08-19T20:09:10.511Z,1787170150511,FAN_DT_001_F4_S09_R01_20260819T200604,1,185.68,FAULT_ACTIVE,F4,0.9,FAN_DT_001,3.0,process-model-3.0.0-build3,11045,1,LIVE,SYNCHRONISED,AUTOMATIC,HIGH_LOAD,65,1950,1950,0,145,307,0.3,0.345,24.21271,51.3,1.052,1,0.0258,0,212.98,10.8484,-0.02416,1,0.18,11.344,2.5277,41.5,CRITICAL,F4,4,1,thermal_overload,0.9,1,1,,,,,36,0
2026-08-19T20:09:11.548Z,1787170151548,FAN_DT_001_F4_S09_R01_20260819T200604,1,186.721,FAULT_ACTIVE,F4,0.9,FAN_DT_001,3.0,process-model-3.0.0-build3,11046,1,LIVE,SYNCHRONISED,AUTOMATIC,HIGH_LOAD,65,1950,1950,0,145,307,0.3,0.345,24.21617,51.32,1.052,1,0.0258,0,212.98,10.9095,-0.02381,1,0.18,11.181,2.5419,41.5,CRITICAL,F4,4,1,thermal_overload,0.9,1,1,,,,,36,0
2026-08-19T20:09:12.583Z,1787170152583,FAN_DT_001_F4_S09_R01_20260819T200604,1,187.753,FAULT_ACTIVE,F4,0.9,FAN_DT_001,3.0,process-model-3.0.0-build3,11047,1,LIVE,SYNCHRONISED,AUTOMATIC,HIGH_LOAD,65,1950,1950,0,145,307,0.3,0.345,24.22005,51.35,1.052,1,0.0258,0,212.98,10.9705,-0.02346,1,0.18,11.015,2.5561,41.5,CRITICAL,F4,4,1,thermal_overload,0.9,1,1,,,,,36,0
2026-08-19T20:09:13.630Z,1787170153630,FAN_DT_001_F4_S09_R01_20260819T200604,1,188.8,FAULT_ACTIVE,F4,0.9,FAN_DT_001,3.0,process-model-3.0.0-build3,11048,1,LIVE,SYNCHRONISED,AUTOMATIC,HIGH_LOAD,65,1950,1950,0,145,307,0.3,0.345,24.22435,51.37,1.052,1,0.0258,0,212.98,11.0318,-0.02313,1,0.18,10.86,2.5704,41.5,CRITICAL,F4,4,1,thermal_overload,0.9,1,1,,,,,36,0
2026-08-19T20:09:14.656Z,1787170154656,FAN_DT_001_F4_S09_R01_20260819T200604,1,189.83,FAULT_ACTIVE,F4,0.9,FAN_DT_001,3.0,process-model-3.0.0-build3,11049,1,LIVE,SYNCHRONISED,AUTOMATIC,HIGH_LOAD,65,1950,1950,0,145,307,0.3,0.345,24.22904,51.4,1.052,1,0.0258,0,212.98,11.0928,-0.02283,1,0.18,10.72,2.5846,41.5,CRITICAL,F4,4,1,thermal_overload,0.9,1,1,,,,,36,0
2026-08-19T20:09:15.701Z,1787170155701,FAN_DT_001_F4_S09_R01_20260819T200604,1,190.87,FAULT_ACTIVE,F4,0.9,FAN_DT_001,3.0,process-model-3.0.0-build3,11050,1,LIVE,SYNCHRONISED,AUTOMATIC,HIGH_LOAD,65,1950,1950,0,145,307,0.3,0.345,24.23417,51.42,1.052,1,0.0258,0,212.98,11.1542,-0.02252,1,0.18,10.576,2.5989,41.5,CRITICAL,F4,4,1,thermal_overload,0.9,1,1,,,,,36,0
2026-08-19T20:09:16.724Z,1787170156724,FAN_DT_001_F4_S09_R01_20260819T200604,1,191.893,FAULT_ACTIVE,F4,0.9,FAN_DT_001,3.0,process-model-3.0.0-build3,11051,1,LIVE,SYNCHRONISED,AUTOMATIC,HIGH_LOAD,65,1950,1950,0,145,307,0.3,0.345,24.23969,51.44,1.052,1,0.0258,0,212.98,11.2154,-0.02224,1,0.18,10.444,2.6132,41.5,CRITICAL,F4,4,1,thermal_overload,0.9,1,1,,,,,36,0
2026-08-19T20:09:17.762Z,1787170157762,FAN_DT_001_F4_S09_R01_20260819T200604,1,192.934,FAULT_ACTIVE,F4,0.9,FAN_DT_001,3.0,process-model-3.0.0-build3,11052,1,LIVE,SYNCHRONISED,AUTOMATIC,HIGH_LOAD,65,1950,1950,0,145,307,0.3,0.345,24.24559,51.47,1.052,1,0.0258,0,212.98,11.2764,-0.02196,1,0.18,10.309,2.6274,41.5,CRITICAL,F4,4,1,thermal_overload,0.9,1,1,,,,,36,0
2026-08-19T20:09:18.809Z,1787170158809,FAN_DT_001_F4_S09_R01_20260819T200604,1,193.978,FAULT_ACTIVE,F4,0.9,FAN_DT_001,3.0,process-model-3.0.0-build3,11053,1,LIVE,SYNCHRONISED,AUTOMATIC,HIGH_LOAD,65,1950,1950,0,145,307,0.3,0.345,24.25191,51.49,1.052,1,0.0258,0,212.98,11.3377,-0.02168,1,0.18,10.178,2.6417,41.5,CRITICAL,F4,4,1,thermal_overload,0.9,1,1,,,,,36,0
2026-08-19T20:09:19.828Z,1787170159828,FAN_DT_001_F4_S09_R01_20260819T200604,1,194.999,FAULT_ACTIVE,F4,0.9,FAN_DT_001,3.0,process-model-3.0.0-build3,11054,1,LIVE,SYNCHRONISED,AUTOMATIC,HIGH_LOAD,65,1950,1950,0,145,307,0.3,0.345,24.25862,51.51,1.052,1,0.0258,0,212.98,11.3988,-0.02141,1,0.18,10.055,2.6559,41.5,CRITICAL,F4,4,1,thermal_overload,0.9,1,1,,,,,36,0
2026-08-19T20:09:20.870Z,1787170160870,FAN_DT_001_F4_S09_R01_20260819T200604,1,196.04,FAULT_ACTIVE,F4,0.9,FAN_DT_001,3.0,process-model-3.0.0-build3,11055,1,LIVE,SYNCHRONISED,AUTOMATIC,HIGH_LOAD,65,1950,1950,0,145,307,0.3,0.345,24.26572,51.53,1.052,1,0.0258,0,212.98,11.4599,-0.02117,1,0.18,9.942,2.6702,41.5,CRITICAL,F4,4,1,thermal_overload,0.9,1,1,,,,,36,0
2026-08-19T20:09:21.899Z,1787170161899,FAN_DT_001_F4_S09_R01_20260819T200604,1,197.069,FAULT_ACTIVE,F4,0.9,FAN_DT_001,3.0,process-model-3.0.0-build3,11056,1,LIVE,SYNCHRONISED,AUTOMATIC,HIGH_LOAD,65,1950,1950,0,145,307,0.3,0.345,24.2732,51.55,1.052,1,0.0258,0,212.98,11.521,-0.02095,1,0.18,9.837,2.6844,41.5,CRITICAL,F4,4,1,thermal_overload,0.9,1,1,,,,,36,0
2026-08-19T20:09:22.945Z,1787170162945,FAN_DT_001_F4_S09_R01_20260819T200604,1,198.114,FAULT_ACTIVE,F4,0.9,FAN_DT_001,3.0,process-model-3.0.0-build3,11057,1,LIVE,SYNCHRONISED,AUTOMATIC,HIGH_LOAD,65,1950,1950,0,145,307,0.3,0.345,24.28106,51.58,1.052,1,0.0258,0,212.98,11.5821,-0.02072,1,0.18,9.729,2.6986,41.5,CRITICAL,F4,4,1,thermal_overload,0.9,1,1,,,,,36,0
2026-08-19T20:09:23.975Z,1787170163975,FAN_DT_001_F4_S09_R01_20260819T200604,1,199.146,FAULT_ACTIVE,F4,0.9,FAN_DT_001,3.0,process-model-3.0.0-build3,11058,1,LIVE,SYNCHRONISED,AUTOMATIC,HIGH_LOAD,65,1950,1950,0,145,307,0.3,0.345,24.28933,51.6,1.052,1,0.0258,0,212.98,11.6434,-0.0205,1,0.18,9.624,2.7129,41.5,CRITICAL,F4,4,1,thermal_overload,0.9,1,1,,,,,36,0
2026-08-19T20:09:25.006Z,1787170165006,FAN_DT_001_F4_S09_R01_20260819T200604,1,200.175,FAULT_ACTIVE,F4,0.9,FAN_DT_001,3.0,process-model-3.0.0-build3,11059,1,LIVE,SYNCHRONISED,AUTOMATIC,HIGH_LOAD,65,1950,1950,0,145,307,0.3,0.345,24.29792,51.62,1.052,1,0.0258,0,212.98,11.7043,-0.02029,1,0.18,9.526,2.7271,41.5,CRITICAL,F4,4,1,thermal_overload,0.9,1,1,,,,,36,0
2026-08-19T20:09:26.041Z,1787170166041,FAN_DT_001_F4_S09_R01_20260819T200604,1,201.211,FAULT_ACTIVE,F4,0.9,FAN_DT_001,3.0,process-model-3.0.0-build3,11060,1,LIVE,SYNCHRONISED,AUTOMATIC,HIGH_LOAD,65,1950,1950,0,145,307,0.3,0.345,24.30689,51.64,1.052,1,0.0258,0,212.98,11.7653,-0.02009,1,0.18,9.435,2.7413,41.5,CRITICAL,F4,4,1,thermal_overload,0.9,1,1,,,,,36,0
2026-08-19T20:09:27.073Z,1787170167073,FAN_DT_001_F4_S09_R01_20260819T200604,1,202.244,FAULT_ACTIVE,F4,0.9,FAN_DT_001,3.0,process-model-3.0.0-build3,11061,1,LIVE,SYNCHRONISED,AUTOMATIC,HIGH_LOAD,65,1950,1950,0,145,307,0.3,0.345,24.31626,51.66,1.052,1,0.0258,0,212.98,11.8265,-0.01991,1,0.18,9.348,2.7556,41.5,CRITICAL,F4,4,1,thermal_overload,0.9,1,1,,,,,36,0
2026-08-19T20:09:28.115Z,1787170168115,FAN_DT_001_F4_S09_R01_20260819T200604,1,203.285,FAULT_ACTIVE,F4,0.9,FAN_DT_001,3.0,process-model-3.0.0-build3,11062,1,LIVE,SYNCHRONISED,AUTOMATIC,HIGH_LOAD,65,1950,1950,0,145,307,0.3,0.345,24.32599,51.68,1.052,1,0.0258,0,212.98,11.8878,-0.01971,1,0.18,9.256,2.7699,41.5,CRITICAL,F4,4,1,thermal_overload,0.9,1,1,,,,,36,0
2026-08-19T20:09:29.145Z,1787170169145,FAN_DT_001_F4_S09_R01_20260819T200604,1,204.315,FAULT_ACTIVE,F4,0.9,FAN_DT_001,3.0,process-model-3.0.0-build3,11063,1,LIVE,SYNCHRONISED,AUTOMATIC,HIGH_LOAD,65,1950,1950,0,145,307,0.3,0.345,24.3361,51.7,1.052,1,0.0258,0,212.98,11.9491,-0.01956,1,0.18,9.183,2.7841,41.5,CRITICAL,F4,4,1,thermal_overload,0.9,1,1,,,,,36,0
2026-08-19T20:09:30.185Z,1787170170185,FAN_DT_001_F4_S09_R01_20260819T200604,1,205.356,FAULT_ACTIVE,F4,0.9,FAN_DT_001,3.0,process-model-3.0.0-build3,11064,1,LIVE,SYNCHRONISED,AUTOMATIC,HIGH_LOAD,65,1950,1950,0,145,307,0.3,0.345,24.3465,51.72,1.052,1,0.0258,0,212.98,12.0101,-0.01939,1,0.18,9.105,2.7984,41.5,CRITICAL,F4,4,1,thermal_overload,0.9,1,1,,,,,36,0
2026-08-19T20:09:31.221Z,1787170171221,FAN_DT_001_F4_S09_R01_20260819T200604,1,206.392,FAULT_ACTIVE,F4,0.9,FAN_DT_001,3.0,process-model-3.0.0-build3,11065,1,LIVE,SYNCHRONISED,AUTOMATIC,HIGH_LOAD,65,1950,1950,0,145,307,0.3,0.345,24.35732,51.74,1.052,1,0.0258,0,212.98,12.0715,-0.01922,1,0.18,9.027,2.8127,41.5,CRITICAL,F4,4,1,thermal_overload,0.9,1,1,,,,,36,0
2026-08-19T20:09:32.263Z,1787170172263,FAN_DT_001_F4_S09_R01_20260819T200604,1,207.432,FAULT_ACTIVE,F4,0.9,FAN_DT_001,3.0,process-model-3.0.0-build3,11066,1,LIVE,SYNCHRONISED,AUTOMATIC,HIGH_LOAD,65,1950,1950,0,145,307,0.3,0.345,24.36847,51.76,1.052,1,0.0258,0,212.98,12.1328,-0.0191,1,0.18,8.969,2.827,41.5,CRITICAL,F4,4,1,thermal_overload,0.9,1,1,,,,,36,0
2026-08-19T20:09:33.294Z,1787170173294,FAN_DT_001_F4_S09_R01_20260819T200604,1,208.463,FAULT_ACTIVE,F4,0.9,FAN_DT_001,3.0,process-model-3.0.0-build3,11067,1,LIVE,SYNCHRONISED,AUTOMATIC,HIGH_LOAD,65,1950,1950,0,145,307,0.3,0.345,24.37986,51.78,1.052,1,0.0258,0,212.98,12.1937,-0.01895,1,0.18,8.9,2.8411,41.5,CRITICAL,F4,4,1,thermal_overload,0.9,1,1,,,,,36,0
2026-08-19T20:09:34.325Z,1787170174325,FAN_DT_001_F4_S09_R01_20260819T200604,1,209.495,FAULT_ACTIVE,F4,0.9,FAN_DT_001,3.0,process-model-3.0.0-build3,11068,1,LIVE,SYNCHRONISED,AUTOMATIC,HIGH_LOAD,65,1950,1950,0,145,307,0.3,0.345,24.39167,51.8,1.052,1,0.0258,0,212.98,12.2551,-0.01883,1,0.18,8.841,2.8554,41.5,CRITICAL,F4,4,1,thermal_overload,0.9,1,1,,,,,36,0
2026-08-19T20:09:35.393Z,1787170175393,FAN_DT_001_F4_S09_R01_20260819T200604,1,210.581,FAULT_ACTIVE,F4,0.9,FAN_DT_001,3.0,process-model-3.0.0-build3,11069,1,LIVE,SYNCHRONISED,AUTOMATIC,HIGH_LOAD,65,1950,1950,0,145,307,0.3,0.345,24.40373,51.82,1.052,1,0.0258,0,212.98,12.3161,-0.0187,1,0.18,8.779,2.8696,41.5,CRITICAL,F4,4,1,thermal_overload,0.9,1,1,,,,,36,0
2026-08-19T20:09:36.397Z,1787170176397,FAN_DT_001_F4_S09_R01_20260819T200604,1,211.566,FAULT_ACTIVE,F4,0.9,FAN_DT_001,3.0,process-model-3.0.0-build3,11070,1,LIVE,SYNCHRONISED,AUTOMATIC,HIGH_LOAD,65,1950,1950,0,145,307,0.3,0.345,24.41616,51.84,1.052,1,0.0258,0,212.98,12.3773,-0.01859,1,0.18,8.728,2.8839,41.5,CRITICAL,F4,4,1,thermal_overload,0.9,1,1,,,,,36,0
2026-08-19T20:09:37.425Z,1787170177425,FAN_DT_001_F4_S09_R01_20260819T200604,1,212.594,FAULT_ACTIVE,F4,0.9,FAN_DT_001,3.0,process-model-3.0.0-build3,11071,1,LIVE,SYNCHRONISED,AUTOMATIC,HIGH_LOAD,65,1950,1950,0,145,307,0.3,0.345,24.42883,51.86,1.052,1,0.0258,0,212.98,12.4382,-0.0185,1,0.18,8.685,2.8981,41.5,CRITICAL,F4,4,1,thermal_overload,0.9,1,1,,,,,36,0
2026-08-19T20:09:38.465Z,1787170178465,FAN_DT_001_F4_S09_R01_20260819T200604,1,213.634,FAULT_ACTIVE,F4,0.9,FAN_DT_001,3.0,process-model-3.0.0-build3,11072,1,LIVE,SYNCHRONISED,AUTOMATIC,HIGH_LOAD,65,1950,1950,0,145,307,0.3,0.345,24.44182,51.88,1.052,1,0.0258,0,212.98,12.4993,-0.0184,1,0.18,8.639,2.9123,41.5,CRITICAL,F4,4,1,thermal_overload,0.9,1,1,,,,,36,0
2026-08-19T20:09:39.499Z,1787170179499,FAN_DT_001_F4_S09_R01_20260819T200604,1,214.669,FAULT_ACTIVE,F4,0.9,FAN_DT_001,3.0,process-model-3.0.0-build3,11073,1,LIVE,SYNCHRONISED,AUTOMATIC,HIGH_LOAD,65,1950,1950,0,145,307,0.3,0.345,24.45517,51.9,1.052,1,0.0258,0,212.98,12.5606,-0.01829,1,0.18,8.586,2.9266,41.5,CRITICAL,F4,4,1,thermal_overload,0.9,1,1,,,,,36,0
2026-08-19T20:09:40.537Z,1787170180537,FAN_DT_001_F4_S09_R01_20260819T200604,1,215.706,FAULT_ACTIVE,F4,0.9,FAN_DT_001,3.0,process-model-3.0.0-build3,11074,1,LIVE,SYNCHRONISED,AUTOMATIC,HIGH_LOAD,65,1950,1950,0,145,307,0.3,0.345,24.46877,51.91,1.052,1,0.0258,0,212.98,12.6218,-0.01821,1,0.18,8.549,2.9409,41.5,CRITICAL,F4,4,1,thermal_overload,0.9,1,1,,,,,36,0
2026-08-19T20:09:41.586Z,1787170181586,FAN_DT_001_F4_S09_R01_20260819T200604,1,216.755,FAULT_ACTIVE,F4,0.9,FAN_DT_001,3.0,process-model-3.0.0-build3,11075,1,LIVE,SYNCHRONISED,AUTOMATIC,HIGH_LOAD,65,1950,1950,0,145,307,0.3,0.345,24.48268,51.93,1.052,1,0.0258,0,212.98,12.683,-0.01811,1,0.18,8.504,2.9551,41.5,CRITICAL,F4,4,1,thermal_overload,0.9,1,1,,,,,36,0
2026-08-19T20:09:42.613Z,1787170182613,FAN_DT_001_F4_S09_R01_20260819T200604,1,217.783,FAULT_ACTIVE,F4,0.9,FAN_DT_001,3.0,process-model-3.0.0-build3,11076,1,LIVE,SYNCHRONISED,AUTOMATIC,HIGH_LOAD,65,1950,1950,0,145,307,0.3,0.345,24.49684,51.95,1.052,1,0.0258,0,212.98,12.7442,-0.01804,1,0.18,8.472,2.9694,41.5,CRITICAL,F4,4,1,thermal_overload,0.9,1,1,,,,,36,0
2026-08-19T20:09:43.645Z,1787170183645,FAN_DT_001_F4_S09_R01_20260819T200604,1,218.814,FAULT_ACTIVE,F4,0.9,FAN_DT_001,3.0,process-model-3.0.0-build3,11077,1,LIVE,SYNCHRONISED,AUTOMATIC,HIGH_LOAD,65,1950,1950,0,145,307,0.3,0.345,24.51124,51.97,1.052,1,0.0258,0,212.98,12.8053,-0.01798,1,0.18,8.44,2.9836,41.5,CRITICAL,F4,4,1,thermal_overload,0.9,1,1,,,,,36,0
2026-08-19T20:09:44.682Z,1787170184682,FAN_DT_001_F4_S09_R01_20260819T200604,1,219.851,FAULT_ACTIVE,F4,0.9,FAN_DT_001,3.0,process-model-3.0.0-build3,11078,1,LIVE,SYNCHRONISED,AUTOMATIC,HIGH_LOAD,65,1950,1950,0,145,307,0.3,0.345,24.5259,51.99,1.052,1,0.0258,0,212.98,12.8665,-0.0179,1,0.18,8.406,2.9979,41.5,CRITICAL,F4,4,1,thermal_overload,0.9,1,1,,,,,36,0
2026-08-19T20:09:45.722Z,1787170185722,FAN_DT_001_F4_S09_R01_20260819T200604,1,220.891,FAULT_ACTIVE,F4,0.9,FAN_DT_001,3.0,process-model-3.0.0-build3,11079,1,LIVE,SYNCHRONISED,AUTOMATIC,HIGH_LOAD,65,1950,1950,0,145,307,0.3,0.345,24.54085,52.01,1.052,1,0.0258,0,212.98,12.9277,-0.01785,1,0.18,8.383,3.0122,41.5,CRITICAL,F4,4,1,thermal_overload,0.9,1,1,,,,,36,0
2026-08-19T20:09:46.750Z,1787170186750,FAN_DT_001_F4_S09_R01_20260819T200604,1,221.92,FAULT_ACTIVE,F4,0.9,FAN_DT_001,3.0,process-model-3.0.0-build3,11080,1,LIVE,SYNCHRONISED,AUTOMATIC,HIGH_LOAD,65,1950,1950,0,145,307,0.3,0.345,24.55601,52.03,1.052,1,0.0258,0,212.98,12.9887,-0.0178,1,0.18,8.359,3.0264,41.5,CRITICAL,F4,4,1,thermal_overload,0.9,1,1,,,,,36,0
2026-08-19T20:09:47.787Z,1787170187787,FAN_DT_001_F4_S09_R01_20260819T200604,1,222.957,FAULT_ACTIVE,F4,0.9,FAN_DT_001,3.0,process-model-3.0.0-build3,11081,1,LIVE,SYNCHRONISED,AUTOMATIC,HIGH_LOAD,65,1950,1950,0,145,307,0.3,0.345,24.57142,52.04,1.052,1,0.0258,0,212.98,13.0499,-0.01775,1,0.18,8.335,3.0406,41.5,CRITICAL,F4,4,1,thermal_overload,0.9,1,1,,,,,36,0
2026-08-19T20:09:48.820Z,1787170188820,FAN_DT_001_F4_S09_R01_20260819T200604,1,223.989,FAULT_ACTIVE,F4,0.9,FAN_DT_001,3.0,process-model-3.0.0-build3,11082,1,LIVE,SYNCHRONISED,AUTOMATIC,HIGH_LOAD,65,1950,1950,0,145,307,0.3,0.345,24.58707,52.06,1.052,1,0.0258,0,212.98,13.1111,-0.0177,1,0.18,8.311,3.0549,41.5,CRITICAL,F4,4,1,thermal_overload,0.9,1,1,,,,,36,0
2026-08-19T20:09:49.857Z,1787170189857,FAN_DT_001_F4_S09_R01_20260819T200604,1,225.026,FAULT_ACTIVE,F4,0.9,FAN_DT_001,3.0,process-model-3.0.0-build3,11083,1,LIVE,SYNCHRONISED,AUTOMATIC,HIGH_LOAD,65,1950,1950,0,145,307,0.3,0.345,24.60284,52.08,1.052,1,0.0258,0,212.98,13.172,-0.01766,1,0.18,8.291,3.0691,41.5,CRITICAL,F4,4,1,thermal_overload,0.9,1,1,,,,,36,0
2026-08-19T20:09:50.900Z,1787170190900,FAN_DT_001_F4_S09_R01_20260819T200604,1,226.07,FAULT_ACTIVE,F4,0.9,FAN_DT_001,3.0,process-model-3.0.0-build3,11084,1,LIVE,SYNCHRONISED,AUTOMATIC,HIGH_LOAD,65,1950,1950,0,145,307,0.3,0.345,24.61895,52.1,1.052,1,0.0258,0,212.98,13.2334,-0.01762,1,0.18,8.273,3.0834,41.5,CRITICAL,F4,4,1,thermal_overload,0.9,1,1,,,,,36,0
2026-08-19T20:09:51.925Z,1787170191925,FAN_DT_001_F4_S09_R01_20260819T200604,1,227.094,FAULT_ACTIVE,F4,0.9,FAN_DT_001,3.0,process-model-3.0.0-build3,11085,1,LIVE,SYNCHRONISED,AUTOMATIC,HIGH_LOAD,65,1950,1950,0,145,307,0.3,0.345,24.6353,52.12,1.052,1,0.0258,0,212.98,13.2949,-0.01759,1,0.18,8.261,3.0977,41.5,CRITICAL,F4,4,1,thermal_overload,0.9,1,1,,,,,36,0
2026-08-19T20:09:52.959Z,1787170192959,FAN_DT_001_F4_S09_R01_20260819T200604,1,228.128,FAULT_ACTIVE,F4,0.9,FAN_DT_001,3.0,process-model-3.0.0-build3,11086,1,LIVE,SYNCHRONISED,AUTOMATIC,HIGH_LOAD,65,1950,1950,0,145,307,0.3,0.345,24.65158,52.14,1.052,1,0.0258,0,212.98,13.3553,-0.01758,1,0.18,8.253,3.1118,41.5,CRITICAL,F4,4,1,thermal_overload,0.9,1,1,,,,,36,0
2026-08-19T20:09:53.993Z,1787170193993,FAN_DT_001_F4_S09_R01_20260819T200604,1,229.163,FAULT_ACTIVE,F4,0.9,FAN_DT_001,3.0,process-model-3.0.0-build3,11087,1,LIVE,SYNCHRONISED,AUTOMATIC,HIGH_LOAD,65,1950,1950,0,145,307,0.3,0.345,24.66824,52.15,1.052,1,0.0258,0,212.98,13.4166,-0.01753,1,0.18,8.231,3.1261,41.5,CRITICAL,F4,4,1,thermal_overload,0.9,1,1,,,,,36,0
2026-08-19T20:09:55.026Z,1787170195026,FAN_DT_001_F4_S09_R01_20260819T200604,1,230.195,FAULT_ACTIVE,F4,0.9,FAN_DT_001,3.0,process-model-3.0.0-build3,11088,1,LIVE,SYNCHRONISED,AUTOMATIC,HIGH_LOAD,65,1950,1950,0,145,307,0.3,0.345,24.68503,52.17,1.052,1,0.0258,0,212.98,13.4777,-0.01751,1,0.18,8.223,3.1403,41.5,CRITICAL,F4,4,1,thermal_overload,0.9,1,1,,,,,36,0
2026-08-19T20:09:56.074Z,1787170196074,FAN_DT_001_F4_S09_R01_20260819T200604,1,231.244,FAULT_ACTIVE,F4,0.9,FAN_DT_001,3.0,process-model-3.0.0-build3,11089,1,LIVE,SYNCHRONISED,AUTOMATIC,HIGH_LOAD,65,1950,1950,0,145,307,0.3,0.345,24.70194,52.19,1.052,1,0.0258,0,212.98,13.5387,-0.01751,1,0.18,8.223,3.1545,41.5,CRITICAL,F4,4,1,thermal_overload,0.9,1,1,,,,,36,0
2026-08-19T20:09:57.094Z,1787170197094,FAN_DT_001_F4_S09_R01_20260819T200604,1,232.264,FAULT_ACTIVE,F4,0.9,FAN_DT_001,3.0,process-model-3.0.0-build3,11090,1,LIVE,SYNCHRONISED,AUTOMATIC,HIGH_LOAD,65,1950,1950,0,145,307,0.3,0.345,24.7191,52.21,1.052,1,0.0258,0,212.98,13.5999,-0.01747,1,0.18,8.202,3.1688,41.5,CRITICAL,F4,4,1,thermal_overload,0.9,1,1,,,,,36,0
2026-08-19T20:09:58.135Z,1787170198135,FAN_DT_001_F4_S09_R01_20260819T200604,1,233.303,FAULT_ACTIVE,F4,0.9,FAN_DT_001,3.0,process-model-3.0.0-build3,11091,1,LIVE,SYNCHRONISED,AUTOMATIC,HIGH_LOAD,65,1950,1950,0,145,307,0.3,0.345,24.73632,52.23,1.052,1,0.0258,0,212.98,13.6608,-0.01748,1,0.18,8.209,3.183,41.5,CRITICAL,F4,4,1,thermal_overload,0.9,1,1,,,,,36,0
2026-08-19T20:09:59.171Z,1787170199171,FAN_DT_001_F4_S09_R01_20260819T200604,1,234.34,FAULT_ACTIVE,F4,0.9,FAN_DT_001,3.0,process-model-3.0.0-build3,11092,1,LIVE,SYNCHRONISED,AUTOMATIC,HIGH_LOAD,65,1950,1950,0,145,307,0.3,0.345,24.75377,52.24,1.052,1,0.0258,0,212.98,13.7221,-0.01747,1,0.18,8.202,3.1973,41.5,CRITICAL,F4,4,1,thermal_overload,0.9,1,1,,,,,36,0
2026-08-19T20:10:00.206Z,1787170200206,FAN_DT_001_F4_S09_R01_20260819T200604,1,235.375,FAULT_ACTIVE,F4,0.9,FAN_DT_001,3.0,process-model-3.0.0-build3,11093,1,LIVE,SYNCHRONISED,AUTOMATIC,HIGH_LOAD,65,1950,1950,0,145,307,0.3,0.345,24.77144,52.26,1.052,1,0.0258,0,212.98,13.7837,-0.01744,1,0.18,8.19,3.2116,41.5,CRITICAL,F4,4,1,thermal_overload,0.9,1,1,,,,,36,0
2026-08-19T20:10:01.247Z,1787170201247,FAN_DT_001_F4_S09_R01_20260819T200604,1,236.416,FAULT_ACTIVE,F4,0.9,FAN_DT_001,3.0,process-model-3.0.0-build3,11094,1,LIVE,SYNCHRONISED,AUTOMATIC,HIGH_LOAD,65,1950,1950,0,145,307,0.3,0.345,24.78905,52.28,1.052,1,0.0258,0,212.98,13.8446,-0.01745,1,0.18,8.192,3.2258,41.5,CRITICAL,F4,4,1,thermal_overload,0.9,1,1,,,,,36,0
2026-08-19T20:10:02.276Z,1787170202276,FAN_DT_001_F4_S09_R01_20260819T200604,1,237.445,FAULT_ACTIVE,F4,0.9,FAN_DT_001,3.0,process-model-3.0.0-build3,11095,1,LIVE,SYNCHRONISED,AUTOMATIC,HIGH_LOAD,65,1950,1950,0,145,307,0.3,0.345,24.80686,52.3,1.052,1,0.0258,0,212.98,13.9059,-0.01744,1,0.18,8.188,3.2401,41.5,CRITICAL,F4,4,1,thermal_overload,0.9,1,1,,,,,36,0
2026-08-19T20:10:03.309Z,1787170203309,FAN_DT_001_F4_S09_R01_20260819T200604,1,238.479,FAULT_ACTIVE,F4,0.9,FAN_DT_001,3.0,process-model-3.0.0-build3,11096,1,LIVE,SYNCHRONISED,AUTOMATIC,HIGH_LOAD,65,1950,1950,0,145,307,0.3,0.345,24.82467,52.32,1.052,1,0.0258,0,212.98,13.9668,-0.01743,1,0.18,8.182,3.2543,41.5,CRITICAL,F4,4,1,thermal_overload,0.9,1,1,,,,,36,0
2026-08-19T20:10:04.345Z,1787170204345,FAN_DT_001_F4_S09_R01_20260819T200604,1,239.515,FAULT_ACTIVE,F4,0.9,FAN_DT_001,3.0,process-model-3.0.0-build3,11097,1,LIVE,SYNCHRONISED,AUTOMATIC,HIGH_LOAD,65,1950,1950,0,145,307,0.3,0.345,24.84263,52.33,1.052,1,0.0258,0,212.98,14.0279,-0.01744,1,0.18,8.188,3.2685,41.5,CRITICAL,F4,4,1,thermal_overload,0.9,1,1,,,,,36,0
2026-08-19T20:10:05.378Z,1787170205378,FAN_DT_001_F4_S09_R01_20260819T200604,1,240.547,FAULT_ACTIVE,F4,0.9,FAN_DT_001,3.0,process-model-3.0.0-build3,11098,1,LIVE,SYNCHRONISED,AUTOMATIC,HIGH_LOAD,65,1950,1950,0,145,307,0.3,0.345,24.86072,52.35,1.052,1,0.0258,0,212.98,14.0892,-0.01744,1,0.18,8.19,3.2828,41.5,CRITICAL,F4,4,1,thermal_overload,0.9,1,1,,,,,36,0
2026-08-19T20:10:06.424Z,1787170206424,FAN_DT_001_F4_S09_R01_20260819T200604,1,241.594,FAULT_ACTIVE,F4,0.9,FAN_DT_001,3.0,process-model-3.0.0-build3,11099,1,LIVE,SYNCHRONISED,AUTOMATIC,HIGH_LOAD,65,1950,1950,0,145,307,0.3,0.345,24.87884,52.37,1.052,1,0.0258,0,212.98,14.1502,-0.01743,1,0.18,8.184,3.297,41.5,CRITICAL,F4,4,1,thermal_overload,0.9,1,1,,,,,36,0
2026-08-19T20:10:07.445Z,1787170207445,FAN_DT_001_F4_S09_R01_20260819T200604,1,242.614,FAULT_ACTIVE,F4,0.9,FAN_DT_001,3.0,process-model-3.0.0-build3,11100,1,LIVE,SYNCHRONISED,AUTOMATIC,HIGH_LOAD,65,1950,1950,0,145,307,0.3,0.345,24.89699,52.39,1.052,1,0.0258,0,212.98,14.2112,-0.01744,1,0.18,8.188,3.3112,41.5,CRITICAL,F4,4,1,thermal_overload,0.9,1,1,,,,,36,0
2026-08-19T20:10:08.481Z,1787170208481,FAN_DT_001_F4_S09_R01_20260819T200604,1,243.65,FAULT_ACTIVE,F4,0.9,FAN_DT_001,3.0,process-model-3.0.0-build3,11101,1,LIVE,SYNCHRONISED,AUTOMATIC,HIGH_LOAD,65,1950,1950,0,145,307,0.3,0.345,24.9152,52.41,1.052,1,0.0258,0,212.98,14.2723,-0.01745,1,0.18,8.196,3.3254,41.5,CRITICAL,F4,4,1,thermal_overload,0.9,1,1,,,,,36,0
2026-08-19T20:10:09.519Z,1787170209519,FAN_DT_001_F4_S09_R01_20260819T200604,1,244.689,FAULT_ACTIVE,F4,0.9,FAN_DT_001,3.0,process-model-3.0.0-build3,11102,1,LIVE,SYNCHRONISED,AUTOMATIC,HIGH_LOAD,65,1950,1950,0,145,307,0.3,0.345,24.9335,52.42,1.052,1,0.0258,0,212.98,14.3335,-0.01745,1,0.18,8.194,3.3397,41.5,CRITICAL,F4,4,1,thermal_overload,0.9,1,1,,,,,36,0
2026-08-19T20:10:10.551Z,1787170210551,FAN_DT_001_F4_S09_R01_20260819T200604,1,245.72,FAULT_ACTIVE,F4,0.9,FAN_DT_001,3.0,process-model-3.0.0-build3,11103,1,LIVE,SYNCHRONISED,AUTOMATIC,HIGH_LOAD,65,1950,1950,0,145,307,0.3,0.345,24.95183,52.44,1.052,1,0.0258,0,212.98,14.3947,-0.01744,1,0.18,8.188,3.354,41.5,CRITICAL,F4,4,1,thermal_overload,0.9,1,1,,,,,36,0
2026-08-19T20:10:11.597Z,1787170211597,FAN_DT_001_F4_S09_R01_20260819T200604,1,246.766,FAULT_ACTIVE,F4,0.9,FAN_DT_001,3.0,process-model-3.0.0-build3,11104,1,LIVE,SYNCHRONISED,AUTOMATIC,HIGH_LOAD,65,1950,1950,0,145,307,0.3,0.345,24.97015,52.46,1.052,1,0.0258,0,212.98,14.4557,-0.01745,1,0.18,8.196,3.3682,41.5,CRITICAL,F4,4,1,thermal_overload,0.9,1,1,,,,,36,0
2026-08-19T20:10:12.621Z,1787170212621,FAN_DT_001_F4_S09_R01_20260819T200604,1,247.79,FAULT_ACTIVE,F4,0.9,FAN_DT_001,3.0,process-model-3.0.0-build3,11105,1,LIVE,SYNCHRONISED,AUTOMATIC,HIGH_LOAD,65,1950,1950,0,145,307,0.3,0.345,24.98855,52.48,1.052,1,0.0258,0,212.98,14.5169,-0.01747,1,0.18,8.202,3.3824,41.5,CRITICAL,F4,4,1,thermal_overload,0.9,1,1,,,,,36,0
2026-08-19T20:10:13.659Z,1787170213659,FAN_DT_001_F4_S09_R01_20260819T200604,1,248.828,FAULT_ACTIVE,F4,0.9,FAN_DT_001,3.0,process-model-3.0.0-build3,11106,1,LIVE,SYNCHRONISED,AUTOMATIC,HIGH_LOAD,65,1950,1950,0,145,307,0.3,0.345,25.00693,52.5,1.052,1,0.0258,0,212.98,14.5781,-0.01746,1,0.18,8.198,3.3967,41.5,CRITICAL,F4,4,1,thermal_overload,0.9,1,1,,,,,36,0
2026-08-19T20:10:14.689Z,1787170214689,FAN_DT_001_F4_S09_R01_20260819T200604,1,249.858,FAULT_ACTIVE,F4,0.9,FAN_DT_001,3.0,process-model-3.0.0-build3,11107,1,LIVE,SYNCHRONISED,AUTOMATIC,HIGH_LOAD,65,1950,1950,0,145,307,0.3,0.345,25.02519,52.52,1.052,1,0.0258,0,212.98,14.6388,-0.01746,1,0.18,8.2,3.4108,41.5,CRITICAL,F4,4,1,thermal_overload,0.9,1,1,,,,,36,0
2026-08-19T20:10:15.760Z,1787170215760,FAN_DT_001_F4_S09_R01_20260819T200604,1,250.93,FAULT_ACTIVE,F4,0.9,FAN_DT_001,3.0,process-model-3.0.0-build3,11108,1,LIVE,SYNCHRONISED,AUTOMATIC,HIGH_LOAD,65,1950,1950,0,145,307,0.3,0.345,25.04358,52.53,1.052,1,0.0258,0,212.98,14.7001,-0.01749,1,0.18,8.211,3.4251,41.5,CRITICAL,F4,4,1,thermal_overload,0.9,1,1,,,,,36,0
2026-08-19T20:10:16.758Z,1787170216758,FAN_DT_001_F4_S09_R01_20260819T200604,1,251.928,FAULT_ACTIVE,F4,0.9,FAN_DT_001,3.0,process-model-3.0.0-build3,11109,1,LIVE,SYNCHRONISED,AUTOMATIC,HIGH_LOAD,65,1950,1950,0,145,307,0.3,0.345,25.06185,52.55,1.052,1,0.0258,0,212.98,14.7611,-0.01748,1,0.18,8.209,3.4393,41.5,CRITICAL,F4,4,1,thermal_overload,0.9,1,1,,,,,36,0
2026-08-19T20:10:17.812Z,1787170217812,FAN_DT_001_F4_S09_R01_20260819T200604,1,252.981,FAULT_ACTIVE,F4,0.9,FAN_DT_001,3.0,process-model-3.0.0-build3,11110,1,LIVE,SYNCHRONISED,AUTOMATIC,HIGH_LOAD,65,1950,1950,0,145,307,0.3,0.345,25.08023,52.57,1.052,1,0.0258,0,212.98,14.8224,-0.01747,1,0.18,8.202,3.4536,41.5,CRITICAL,F4,4,1,thermal_overload,0.9,1,1,,,,,36,0
2026-08-19T20:10:18.889Z,1787170218889,FAN_DT_001_F4_S09_R01_20260819T200604,1,254.058,FAULT_ACTIVE,F4,0.9,FAN_DT_001,3.0,process-model-3.0.0-build3,11111,1,LIVE,SYNCHRONISED,AUTOMATIC,HIGH_LOAD,65,1950,1950,0,145,307,0.3,0.345,25.09853,52.59,1.052,1,0.0258,0,212.98,14.8837,-0.01748,1,0.18,8.206,3.4679,41.5,CRITICAL,F4,4,1,thermal_overload,0.9,1,1,,,,,36,0
2026-08-19T20:10:19.867Z,1787170219867,FAN_DT_001_F4_S09_R01_20260819T200604,1,255.036,FAULT_ACTIVE,F4,0.9,FAN_DT_001,3.0,process-model-3.0.0-build3,11112,1,LIVE,SYNCHRONISED,AUTOMATIC,HIGH_LOAD,65,1950,1950,0,145,307,0.3,0.345,25.1167,52.61,1.052,1,0.0258,0,212.98,14.9447,-0.01749,1,0.18,8.212,3.4821,41.5,CRITICAL,F4,4,1,thermal_overload,0.9,1,1,,,,,36,0
2026-08-19T20:10:20.908Z,1787170220908,FAN_DT_001_F4_S09_R01_20260819T200604,1,256.077,FAULT_ACTIVE,F4,0.9,FAN_DT_001,3.0,process-model-3.0.0-build3,11113,1,LIVE,SYNCHRONISED,AUTOMATIC,HIGH_LOAD,65,1950,1950,0,145,307,0.3,0.345,25.13487,52.62,1.052,1,0.0258,0,212.98,15.006,-0.0175,1,0.18,8.216,3.4964,41.5,CRITICAL,F4,4,1,thermal_overload,0.9,1,1,,,,,36,0
2026-08-19T20:10:21.964Z,1787170221964,FAN_DT_001_F4_S09_R01_20260819T200604,1,257.135,FAULT_ACTIVE,F4,0.9,FAN_DT_001,3.0,process-model-3.0.0-build3,11114,1,LIVE,SYNCHRONISED,AUTOMATIC,HIGH_LOAD,65,1950,1950,0,145,307,0.3,0.345,25.15293,52.64,1.052,1,0.0258,0,212.98,15.0671,-0.01749,1,0.18,8.212,3.5106,41.5,CRITICAL,F4,4,1,thermal_overload,0.9,1,1,,,,,36,0
2026-08-19T20:10:22.968Z,1787170222968,FAN_DT_001_F4_S09_R01_20260819T200604,1,258.137,FAULT_ACTIVE,F4,0.9,FAN_DT_001,3.0,process-model-3.0.0-build3,11115,1,LIVE,SYNCHRONISED,AUTOMATIC,HIGH_LOAD,65,1950,1950,0,145,307,0.3,0.345,25.17082,52.66,1.052,1,0.0258,0,212.98,15.1278,-0.01747,1,0.18,8.204,3.5248,41.5,CRITICAL,F4,4,1,thermal_overload,0.9,1,1,,,,,36,0
2026-08-19T20:10:24.006Z,1787170224006,FAN_DT_001_F4_S09_R01_20260819T200604,1,259.175,FAULT_ACTIVE,F4,0.9,FAN_DT_001,3.0,process-model-3.0.0-build3,11116,1,LIVE,SYNCHRONISED,AUTOMATIC,HIGH_LOAD,65,1950,1950,0,145,307,0.3,0.345,25.18878,52.68,1.052,1,0.0258,0,212.98,15.1892,-0.01747,1,0.18,8.202,3.5391,41.5,CRITICAL,F4,4,1,thermal_overload,0.9,1,1,,,,,36,0
2026-08-19T20:10:25.034Z,1787170225034,FAN_DT_001_F4_S09_R01_20260819T200604,1,260.204,FAULT_ACTIVE,F4,0.9,FAN_DT_001,3.0,process-model-3.0.0-build3,11117,1,LIVE,SYNCHRONISED,AUTOMATIC,HIGH_LOAD,65,1950,1950,0,145,307,0.3,0.345,25.20654,52.7,1.052,1,0.0258,0,212.98,15.2502,-0.01748,1,0.18,8.209,3.5533,41.5,CRITICAL,F4,4,1,thermal_overload,0.9,1,1,,,,,36,0
2026-08-19T20:10:26.072Z,1787170226072,FAN_DT_001_F4_S09_R01_20260819T200604,1,261.242,FAULT_ACTIVE,F4,0.9,FAN_DT_001,3.0,process-model-3.0.0-build3,11118,1,LIVE,SYNCHRONISED,AUTOMATIC,HIGH_LOAD,65,1950,1950,0,145,307,0.3,0.345,25.2242,52.71,1.052,1,0.0258,0,212.98,15.3112,-0.01748,1,0.18,8.208,3.5675,41.5,CRITICAL,F4,4,1,thermal_overload,0.9,1,1,,,,,36,0
2026-08-19T20:10:27.108Z,1787170227108,FAN_DT_001_F4_S09_R01_20260819T200604,1,262.277,FAULT_ACTIVE,F4,0.9,FAN_DT_001,3.0,process-model-3.0.0-build3,11119,1,LIVE,SYNCHRONISED,AUTOMATIC,HIGH_LOAD,65,1950,1950,0,145,307,0.3,0.345,25.24186,52.73,1.052,1,0.0258,0,212.98,15.3726,-0.01747,1,0.18,8.202,3.5818,41.5,CRITICAL,F4,4,1,thermal_overload,0.9,1,1,,,,,36,0
2026-08-19T20:10:28.151Z,1787170228151,FAN_DT_001_F4_S09_R01_20260819T200604,1,263.32,FAULT_ACTIVE,F4,0.9,FAN_DT_001,3.0,process-model-3.0.0-build3,11120,1,LIVE,SYNCHRONISED,AUTOMATIC,HIGH_LOAD,65,1950,1950,0,145,307,0.3,0.345,25.25932,52.75,1.052,1,0.0258,0,212.98,15.4338,-0.01745,1,0.18,8.196,3.5961,41.5,CRITICAL,F4,4,1,thermal_overload,0.9,1,1,,,,,36,0
2026-08-19T20:10:29.186Z,1787170229186,FAN_DT_001_F4_S09_R01_20260819T200604,1,264.355,FAULT_ACTIVE,F4,0.9,FAN_DT_001,3.0,process-model-3.0.0-build3,11121,1,LIVE,SYNCHRONISED,AUTOMATIC,HIGH_LOAD,65,1950,1950,0,145,307,0.3,0.345,25.27673,52.77,1.052,1,0.0258,0,212.98,15.4953,-0.01744,1,0.18,8.188,3.6104,41.5,CRITICAL,F4,4,1,thermal_overload,0.9,1,1,,,,,36,0
2026-08-19T20:10:30.222Z,1787170230222,FAN_DT_001_F4_S09_R01_20260819T200604,1,265.391,FAULT_ACTIVE,F4,0.9,FAN_DT_001,3.0,process-model-3.0.0-build3,11122,1,LIVE,SYNCHRONISED,AUTOMATIC,HIGH_LOAD,65,1950,1950,0,145,307,0.3,0.345,25.2939,52.79,1.052,1,0.0258,0,212.98,15.5564,-0.01742,1,0.18,8.178,3.6247,41.5,CRITICAL,F4,4,1,thermal_overload,0.9,1,1,,,,,36,0
2026-08-19T20:10:31.260Z,1787170231260,FAN_DT_001_F4_S09_R01_20260819T200604,1,266.429,FAULT_ACTIVE,F4,0.9,FAN_DT_001,3.0,process-model-3.0.0-build3,11123,1,LIVE,SYNCHRONISED,AUTOMATIC,HIGH_LOAD,65,1950,1950,0,145,307,0.3,0.345,25.31085,52.8,1.052,1,0.0258,0,212.98,15.6174,-0.01742,1,0.18,8.178,3.6389,41.5,CRITICAL,F4,4,1,thermal_overload,0.9,1,1,,,,,36,0
2026-08-19T20:10:32.290Z,1787170232290,FAN_DT_001_F4_S09_R01_20260819T200604,1,267.46,FAULT_ACTIVE,F4,0.9,FAN_DT_001,3.0,process-model-3.0.0-build3,11124,1,LIVE,SYNCHRONISED,AUTOMATIC,HIGH_LOAD,65,1950,1950,0,145,307,0.3,0.345,25.32775,52.82,1.052,1,0.0258,0,212.98,15.6787,-0.01738,1,0.18,8.16,3.6531,41.5,CRITICAL,F4,4,1,thermal_overload,0.9,1,1,,,,,36,0
2026-08-19T20:10:33.326Z,1787170233326,FAN_DT_001_F4_S09_R01_20260819T200604,1,268.495,FAULT_ACTIVE,F4,0.9,FAN_DT_001,3.0,process-model-3.0.0-build3,11125,1,LIVE,SYNCHRONISED,AUTOMATIC,HIGH_LOAD,65,1950,1950,0,145,307,0.3,0.345,25.34439,52.84,1.052,1,0.0258,0,212.98,15.7398,-0.01737,1,0.18,8.155,3.6674,41.5,CRITICAL,F4,4,1,thermal_overload,0.9,1,1,,,,,36,0
2026-08-19T20:10:34.361Z,1787170234361,FAN_DT_001_F4_S09_R01_20260819T200604,1,269.531,FAULT_ACTIVE,F4,0.9,FAN_DT_001,3.0,process-model-3.0.0-build3,11126,1,LIVE,SYNCHRONISED,AUTOMATIC,HIGH_LOAD,65,1950,1950,0,145,307,0.3,0.345,25.36089,52.86,1.052,1,0.0258,0,212.98,15.801,-0.01735,1,0.18,8.146,3.6816,41.5,CRITICAL,F4,4,1,thermal_overload,0.9,1,1,,,,,36,0
2026-08-19T20:10:35.395Z,1787170235395,FAN_DT_001_F4_S09_R01_20260819T200604,1,270.564,FAULT_ACTIVE,F4,0.9,FAN_DT_001,3.0,process-model-3.0.0-build3,11127,1,LIVE,SYNCHRONISED,AUTOMATIC,HIGH_LOAD,65,1950,1950,0,145,307,0.3,0.345,25.37722,52.88,1.052,1,0.0258,0,212.98,15.8622,-0.0173,1,0.18,8.123,3.6959,41.5,CRITICAL,F4,4,1,thermal_overload,0.9,1,1,,,,,36,0
2026-08-19T20:10:36.433Z,1787170236433,FAN_DT_001_F4_S09_R01_20260819T200604,1,271.602,FAULT_ACTIVE,F4,0.9,FAN_DT_001,3.0,process-model-3.0.0-build3,11128,1,LIVE,SYNCHRONISED,AUTOMATIC,HIGH_LOAD,65,1950,1950,0,145,307,0.3,0.345,25.39327,52.89,1.052,1,0.0258,0,212.98,15.9232,-0.01728,1,0.18,8.115,3.7101,41.5,CRITICAL,F4,4,1,thermal_overload,0.9,1,1,,,,,36,0
2026-08-19T20:10:37.465Z,1787170237465,FAN_DT_001_F4_S09_R01_20260819T200604,1,272.636,FAULT_ACTIVE,F4,0.9,FAN_DT_001,3.0,process-model-3.0.0-build3,11129,1,LIVE,SYNCHRONISED,AUTOMATIC,HIGH_LOAD,65,1950,1950,0,145,307,0.3,0.345,25.40915,52.91,1.052,1,0.0258,0,212.98,15.9842,-0.01726,1,0.18,8.104,3.7243,41.5,CRITICAL,F4,4,1,thermal_overload,0.9,1,1,,,,,36,0
2026-08-19T20:10:38.524Z,1787170238524,FAN_DT_001_F4_S09_R01_20260819T200604,1,273.693,FAULT_ACTIVE,F4,0.9,FAN_DT_001,3.0,process-model-3.0.0-build3,11130,1,LIVE,SYNCHRONISED,AUTOMATIC,HIGH_LOAD,65,1950,1950,0,145,307,0.3,0.345,25.42486,52.93,1.052,1,0.0258,0,212.98,16.0455,-0.01723,1,0.18,8.088,3.7386,41.5,CRITICAL,F4,4,1,thermal_overload,0.9,1,1,,,,,36,0
2026-08-19T20:10:39.544Z,1787170239544,FAN_DT_001_F4_S09_R01_20260819T200604,1,274.714,FAULT_ACTIVE,F4,0.9,FAN_DT_001,3.0,process-model-3.0.0-build3,11131,1,LIVE,SYNCHRONISED,AUTOMATIC,HIGH_LOAD,65,1950,1950,0,145,307,0.3,0.345,25.44029,52.95,1.052,1,0.0258,0,212.98,16.1065,-0.01717,1,0.18,8.06,3.7528,41.5,CRITICAL,F4,4,1,thermal_overload,0.9,1,1,,,,,36,0
2026-08-19T20:10:40.654Z,1787170240654,FAN_DT_001_F4_S09_R01_20260819T200604,1,275.824,FAULT_ACTIVE,F4,0.9,FAN_DT_001,3.0,process-model-3.0.0-build3,11132,1,LIVE,SYNCHRONISED,AUTOMATIC,HIGH_LOAD,65,1950,1950,0,145,307,0.3,0.345,25.45554,52.97,1.052,1,0.0258,0,212.98,16.1677,-0.01712,1,0.18,8.039,3.7671,41.5,CRITICAL,F4,4,1,thermal_overload,0.9,1,1,,,,,36,0
2026-08-19T20:10:41.613Z,1787170241613,FAN_DT_001_F4_S09_R01_20260819T200604,1,276.782,FAULT_ACTIVE,F4,0.9,FAN_DT_001,3.0,process-model-3.0.0-build3,11133,1,LIVE,SYNCHRONISED,AUTOMATIC,HIGH_LOAD,65,1950,1950,0,145,307,0.3,0.345,25.47053,52.98,1.052,1,0.0258,0,212.98,16.2288,-0.01708,1,0.18,8.019,3.7813,41.5,CRITICAL,F4,4,1,thermal_overload,0.9,1,1,,,,,36,0
2026-08-19T20:10:42.645Z,1787170242645,FAN_DT_001_F4_S09_R01_20260819T200604,1,277.815,FAULT_ACTIVE,F4,0.9,FAN_DT_001,3.0,process-model-3.0.0-build3,11134,1,LIVE,SYNCHRONISED,AUTOMATIC,HIGH_LOAD,65,1950,1950,0,145,307,0.3,0.345,25.48525,53,1.052,1,0.0258,0,212.98,16.29,-0.01703,1,0.18,7.997,3.7956,41.5,CRITICAL,F4,4,1,thermal_overload,0.9,1,1,,,,,36,0
2026-08-19T20:10:43.683Z,1787170243683,FAN_DT_001_F4_S09_R01_20260819T200604,1,278.854,FAULT_ACTIVE,F4,0.9,FAN_DT_001,3.0,process-model-3.0.0-build3,11135,1,LIVE,SYNCHRONISED,AUTOMATIC,HIGH_LOAD,65,1950,1950,0,145,307,0.3,0.345,25.49976,53.02,1.052,1,0.0258,0,212.98,16.3512,-0.017,1,0.18,7.983,3.8098,41.5,CRITICAL,F4,4,1,thermal_overload,0.9,1,1,,,,,36,0
2026-08-19T20:10:44.714Z,1787170244714,FAN_DT_001_F4_S09_R01_20260819T200604,1,279.884,FAULT_ACTIVE,F4,0.9,FAN_DT_001,3.0,process-model-3.0.0-build3,11136,1,LIVE,SYNCHRONISED,AUTOMATIC,HIGH_LOAD,65,1950,1950,0,145,307,0.3,0.345,25.51394,53.04,1.052,1,0.0258,0,212.98,16.4123,-0.01695,1,0.18,7.958,3.8241,41.5,CRITICAL,F4,4,1,thermal_overload,0.9,1,1,,,,,36,0
2026-08-19T20:10:45.769Z,1787170245769,FAN_DT_001_F4_S09_R01_20260819T200604,1,280.939,FAULT_ACTIVE,F4,0.9,FAN_DT_001,3.0,process-model-3.0.0-build3,11137,1,LIVE,SYNCHRONISED,AUTOMATIC,HIGH_LOAD,65,1950,1950,0,145,307,0.3,0.345,25.52795,53.05,1.052,1,0.0258,0,212.98,16.4736,-0.01686,1,0.18,7.918,3.8384,41.5,CRITICAL,F4,4,1,thermal_overload,0.9,1,1,,,,,36,0
2026-08-19T20:10:46.797Z,1787170246797,FAN_DT_001_F4_S09_R01_20260819T200604,1,281.967,FAULT_ACTIVE,F4,0.9,FAN_DT_001,3.0,process-model-3.0.0-build3,11138,1,LIVE,SYNCHRONISED,AUTOMATIC,HIGH_LOAD,65,1950,1950,0,145,307,0.3,0.345,25.5416,53.07,1.052,1,0.0258,0,212.98,16.5347,-0.01682,1,0.18,7.897,3.8526,41.5,CRITICAL,F4,4,1,thermal_overload,0.9,1,1,,,,,36,0
2026-08-19T20:10:47.839Z,1787170247839,FAN_DT_001_F4_S09_R01_20260819T200604,1,283.008,FAULT_ACTIVE,F4,0.9,FAN_DT_001,3.0,process-model-3.0.0-build3,11139,1,LIVE,SYNCHRONISED,AUTOMATIC,HIGH_LOAD,65,1950,1950,0,145,307,0.3,0.345,25.55497,53.09,1.052,1,0.0258,0,212.98,16.5959,-0.01676,1,0.18,7.87,3.8668,41.5,CRITICAL,F4,4,1,thermal_overload,0.9,1,1,,,,,36,0
2026-08-19T20:10:48.863Z,1787170248863,FAN_DT_001_F4_S09_R01_20260819T200604,1,284.034,FAULT_ACTIVE,F4,0.9,FAN_DT_001,3.0,process-model-3.0.0-build3,11140,1,LIVE,SYNCHRONISED,AUTOMATIC,HIGH_LOAD,65,1950,1950,0,145,307,0.3,0.345,25.56806,53.11,1.052,1,0.0258,0,212.98,16.6571,-0.01667,1,0.18,7.828,3.8811,41.5,CRITICAL,F4,4,1,thermal_overload,0.9,1,1,,,,,36,0
2026-08-19T20:10:49.925Z,1787170249925,FAN_DT_001_F4_S09_R01_20260819T200604,1,285.095,FAULT_ACTIVE,F4,0.9,FAN_DT_001,3.0,process-model-3.0.0-build3,11141,1,LIVE,SYNCHRONISED,AUTOMATIC,HIGH_LOAD,65,1950,1950,0,145,307,0.3,0.345,25.58081,53.12,1.052,1,0.0258,0,212.98,16.718,-0.0166,1,0.18,7.793,3.8953,41.5,CRITICAL,F4,4,1,thermal_overload,0.9,1,1,,,,,36,0
2026-08-19T20:10:50.936Z,1787170250936,FAN_DT_001_F4_S09_R01_20260819T200604,1,286.105,FAULT_ACTIVE,F4,0.9,FAN_DT_001,3.0,process-model-3.0.0-build3,11142,1,LIVE,SYNCHRONISED,AUTOMATIC,HIGH_LOAD,65,1950,1950,0,145,307,0.3,0.345,25.59331,53.14,1.052,1,0.0258,0,212.98,16.7792,-0.01653,1,0.18,7.761,3.9096,41.5,CRITICAL,F4,4,1,thermal_overload,0.9,1,1,,,,,36,0
2026-08-19T20:10:51.956Z,1787170251956,FAN_DT_001_F4_S09_R01_20260819T200604,1,287.126,FAULT_ACTIVE,F4,0.9,FAN_DT_001,3.0,process-model-3.0.0-build3,11143,1,LIVE,SYNCHRONISED,AUTOMATIC,HIGH_LOAD,65,1950,1950,0,145,307,0.3,0.345,25.60545,53.16,1.052,1,0.0258,0,212.98,16.8402,-0.01644,1,0.18,7.721,3.9238,41.5,CRITICAL,F4,4,1,thermal_overload,0.9,1,1,,,,,36,0
2026-08-19T20:10:52.987Z,1787170252987,FAN_DT_001_F4_S09_R01_20260819T200604,1,288.157,FAULT_ACTIVE,F4,0.9,FAN_DT_001,3.0,process-model-3.0.0-build3,11144,1,LIVE,SYNCHRONISED,AUTOMATIC,HIGH_LOAD,65,1950,1950,0,145,307,0.3,0.345,25.61724,53.17,1.052,1,0.0258,0,212.98,16.9011,-0.01635,1,0.18,7.676,3.938,41.5,CRITICAL,F4,4,1,thermal_overload,0.9,1,1,,,,,36,0
2026-08-19T20:10:54.021Z,1787170254021,FAN_DT_001_F4_S09_R01_20260819T200604,1,289.191,FAULT_ACTIVE,F4,0.9,FAN_DT_001,3.0,process-model-3.0.0-build3,11145,1,LIVE,SYNCHRONISED,AUTOMATIC,HIGH_LOAD,65,1950,1950,0,145,307,0.3,0.345,25.62879,53.19,1.052,1,0.0258,0,212.98,16.9624,-0.01628,1,0.18,7.643,3.9522,41.5,CRITICAL,F4,4,1,thermal_overload,0.9,1,1,,,,,36,0
2026-08-19T20:10:55.061Z,1787170255061,FAN_DT_001_F4_S09_R01_20260819T200604,1,290.231,FAULT_ACTIVE,F4,0.9,FAN_DT_001,3.0,process-model-3.0.0-build3,11146,1,LIVE,SYNCHRONISED,AUTOMATIC,HIGH_LOAD,65,1950,1950,0,145,307,0.3,0.345,25.63996,53.21,1.052,1,0.0258,0,212.98,17.0234,-0.01618,1,0.18,7.599,3.9665,41.5,CRITICAL,F4,4,1,thermal_overload,0.9,1,1,,,,,36,0
2026-08-19T20:10:56.091Z,1787170256091,FAN_DT_001_F4_S09_R01_20260819T200604,1,291.26,FAULT_ACTIVE,F4,0.9,FAN_DT_001,3.0,process-model-3.0.0-build3,11147,1,LIVE,SYNCHRONISED,AUTOMATIC,HIGH_LOAD,65,1950,1950,0,145,307,0.3,0.345,25.65084,53.22,1.052,1,0.0258,0,212.98,17.0846,-0.01608,1,0.18,7.552,3.9807,41.5,CRITICAL,F4,4,1,thermal_overload,0.9,1,1,,,,,36,0
2026-08-19T20:10:57.156Z,1787170257156,FAN_DT_001_F4_S09_R01_20260819T200604,1,292.325,FAULT_ACTIVE,F4,0.9,FAN_DT_001,3.0,process-model-3.0.0-build3,11148,1,LIVE,SYNCHRONISED,AUTOMATIC,HIGH_LOAD,65,1950,1950,0,145,307,0.3,0.345,25.66131,53.24,1.052,1,0.0258,0,212.98,17.1456,-0.01598,1,0.18,7.504,3.9949,41.5,CRITICAL,F4,4,1,thermal_overload,0.9,1,1,,,,,36,0
2026-08-19T20:10:58.175Z,1787170258175,FAN_DT_001_F4_S09_R01_20260819T200604,1,293.345,FAULT_ACTIVE,F4,0.9,FAN_DT_001,3.0,process-model-3.0.0-build3,11149,1,LIVE,SYNCHRONISED,AUTOMATIC,HIGH_LOAD,65,1950,1950,0,145,307,0.3,0.345,25.67152,53.26,1.052,1,0.0258,0,212.98,17.207,-0.01586,1,0.18,7.449,4.0092,41.5,CRITICAL,F4,4,1,thermal_overload,0.9,1,1,,,,,36,0
2026-08-19T20:10:59.235Z,1787170259235,FAN_DT_001_F4_S09_R01_20260819T200604,1,294.404,FAULT_ACTIVE,F4,0.9,FAN_DT_001,3.0,process-model-3.0.0-build3,11150,1,LIVE,SYNCHRONISED,AUTOMATIC,HIGH_LOAD,65,1950,1950,0,145,307,0.3,0.345,25.68134,53.27,1.052,1,0.0258,0,212.98,17.2681,-0.01578,1,0.18,7.409,4.0235,41.5,CRITICAL,F4,4,1,thermal_overload,0.9,1,1,,,,,36,0
2026-08-19T20:11:00.236Z,1787170260236,FAN_DT_001_F4_S09_R01_20260819T200604,1,295.406,FAULT_ACTIVE,F4,0.9,FAN_DT_001,3.0,process-model-3.0.0-build3,11151,1,LIVE,SYNCHRONISED,AUTOMATIC,HIGH_LOAD,65,1950,1950,0,145,307,0.3,0.345,25.69077,53.29,1.052,1,0.0258,0,212.98,17.3291,-0.01565,1,0.18,7.346,4.0377,41.5,CRITICAL,F4,4,1,thermal_overload,0.9,1,1,,,,,36,0
2026-08-19T20:11:01.270Z,1787170261270,FAN_DT_001_F4_S09_R01_20260819T200604,1,296.439,FAULT_ACTIVE,F4,0.9,FAN_DT_001,3.0,process-model-3.0.0-build3,11152,1,LIVE,SYNCHRONISED,AUTOMATIC,HIGH_LOAD,65,1950,1950,0,145,307,0.3,0.345,25.69987,53.31,1.052,1,0.0258,0,212.98,17.3904,-0.01553,1,0.18,7.292,4.052,41.5,CRITICAL,F4,4,1,thermal_overload,0.9,1,1,,,,,36,0
2026-08-19T20:11:02.307Z,1787170262307,FAN_DT_001_F4_S09_R01_20260819T200604,1,297.476,FAULT_ACTIVE,F4,0.9,FAN_DT_001,3.0,process-model-3.0.0-build3,11153,1,LIVE,SYNCHRONISED,AUTOMATIC,HIGH_LOAD,65,1950,1950,0,145,307,0.3,0.345,25.70859,53.32,1.052,1,0.0258,0,212.98,17.4515,-0.01543,1,0.18,7.246,4.0662,41.5,CRITICAL,F4,4,1,thermal_overload,0.9,1,1,,,,,36,0
2026-08-19T20:11:03.342Z,1787170263342,FAN_DT_001_F4_S09_R01_20260819T200604,1,298.511,FAULT_ACTIVE,F4,0.9,FAN_DT_001,3.0,process-model-3.0.0-build3,11154,1,LIVE,SYNCHRONISED,AUTOMATIC,HIGH_LOAD,65,1950,1950,0,145,307,0.3,0.345,25.71691,53.34,1.052,1,0.0258,0,212.98,17.5126,-0.01529,1,0.18,7.179,4.0804,41.5,CRITICAL,F4,4,1,thermal_overload,0.9,1,1,,,,,36,0
2026-08-19T20:11:04.376Z,1787170264376,FAN_DT_001_F4_S09_R01_20260819T200604,1,299.545,FAULT_ACTIVE,F4,0.9,FAN_DT_001,3.0,process-model-3.0.0-build3,11155,1,LIVE,SYNCHRONISED,AUTOMATIC,HIGH_LOAD,65,1950,1950,0,145,307,0.3,0.345,25.7249,53.35,1.052,1,0.0258,0,212.98,17.5739,-0.01517,1,0.18,7.123,4.0947,41.5,CRITICAL,F4,4,1,thermal_overload,0.9,1,1,,,,,36,0
2026-08-19T20:11:05.415Z,1787170265415,FAN_DT_001_F4_S09_R01_20260819T200604,1,300.584,FAULT_ACTIVE,F4,0.9,FAN_DT_001,3.0,process-model-3.0.0-build3,11156,1,LIVE,SYNCHRONISED,AUTOMATIC,HIGH_LOAD,65,1950,1950,0,145,307,0.3,0.345,25.73245,53.37,1.052,1,0.0258,0,212.98,17.6349,-0.01502,1,0.18,7.054,4.1089,41.5,CRITICAL,F4,4,1,thermal_overload,0.9,1,1,,,,,36,0
2026-08-19T20:11:06.455Z,1787170266455,FAN_DT_001_F4_S09_R01_20260819T200604,1,301.624,FAULT_ACTIVE,F4,0.9,FAN_DT_001,3.0,process-model-3.0.0-build3,11157,1,LIVE,SYNCHRONISED,AUTOMATIC,HIGH_LOAD,65,1950,1950,0,145,307,0.3,0.345,25.73966,53.38,1.052,1,0.0258,0,212.98,17.6961,-0.0149,1,0.18,6.994,4.1232,41.5,CRITICAL,F4,4,1,thermal_overload,0.9,1,1,,,,,36,0
2026-08-19T20:11:07.481Z,1787170267481,FAN_DT_001_F4_S09_R01_20260819T200604,1,302.65,FAULT_ACTIVE,F4,0.9,FAN_DT_001,3.0,process-model-3.0.0-build3,11158,1,LIVE,SYNCHRONISED,AUTOMATIC,HIGH_LOAD,65,1950,1950,0,145,307,0.3,0.345,25.74646,53.4,1.052,1,0.0258,0,212.98,17.7572,-0.01474,1,0.18,6.921,4.1374,41.5,CRITICAL,F4,4,1,thermal_overload,0.9,1,1,,,,,36,0
2026-08-19T20:11:08.532Z,1787170268532,FAN_DT_001_F4_S09_R01_20260819T200604,1,303.7,FAULT_ACTIVE,F4,0.9,FAN_DT_001,3.0,process-model-3.0.0-build3,11159,1,LIVE,SYNCHRONISED,AUTOMATIC,HIGH_LOAD,65,1950,1950,0,145,307,0.3,0.345,25.75283,53.42,1.052,1,0.0258,0,212.98,17.818,-0.01459,1,0.18,6.852,4.1516,41.5,CRITICAL,F4,4,1,thermal_overload,0.9,1,1,,,,,36,0
2026-08-19T20:11:09.564Z,1787170269564,FAN_DT_001_F4_S09_R01_20260819T200604,1,304.734,FAULT_ACTIVE,F4,0.9,FAN_DT_001,3.0,process-model-3.0.0-build3,11160,1,LIVE,SYNCHRONISED,AUTOMATIC,HIGH_LOAD,65,1950,1950,0,145,307,0.3,0.345,25.75885,53.43,1.052,1,0.0258,0,212.98,17.8791,-0.01446,1,0.18,6.788,4.1658,41.5,CRITICAL,F4,4,1,thermal_overload,0.9,1,1,,,,,36,0
2026-08-19T20:11:10.578Z,1787170270578,FAN_DT_001_F4_S09_R01_20260819T200604,1,305.747,FAULT_ACTIVE,F4,0.9,FAN_DT_001,3.0,process-model-3.0.0-build3,11161,1,LIVE,SYNCHRONISED,AUTOMATIC,HIGH_LOAD,65,1950,1950,0,145,307,0.3,0.345,25.76445,53.45,1.052,1,0.0258,0,212.98,17.94,-0.01431,1,0.18,6.717,4.18,41.5,CRITICAL,F4,4,1,thermal_overload,0.9,1,1,,,,,36,0
2026-08-19T20:11:11.611Z,1787170271611,FAN_DT_001_F4_S09_R01_20260819T200604,1,306.781,FAULT_ACTIVE,F4,0.9,FAN_DT_001,3.0,process-model-3.0.0-build3,11162,1,LIVE,SYNCHRONISED,AUTOMATIC,HIGH_LOAD,65,1950,1950,0,145,307,0.3,0.345,25.76967,53.46,1.052,1,0.0258,0,212.98,18.0013,-0.01414,1,0.18,6.639,4.1943,41.5,CRITICAL,F4,4,1,thermal_overload,0.9,1,1,,,,,36,0
2026-08-19T20:11:12.648Z,1787170272648,FAN_DT_001_F4_S09_R01_20260819T200604,1,307.817,FAULT_ACTIVE,F4,0.9,FAN_DT_001,3.0,process-model-3.0.0-build3,11163,1,LIVE,SYNCHRONISED,AUTOMATIC,HIGH_LOAD,65,1950,1950,0,145,307,0.3,0.345,25.77447,53.47,1.052,1,0.0258,0,212.98,18.0623,-0.01399,1,0.18,6.567,4.2085,41.5,CRITICAL,F4,4,1,thermal_overload,0.9,1,1,,,,,36,0
2026-08-19T20:11:13.682Z,1787170273682,FAN_DT_001_F4_S09_R01_20260819T200604,1,308.853,FAULT_ACTIVE,F4,0.9,FAN_DT_001,3.0,process-model-3.0.0-build3,11164,1,LIVE,SYNCHRONISED,AUTOMATIC,HIGH_LOAD,65,1950,1950,0,145,307,0.3,0.345,25.77888,53.49,1.052,1,0.0258,0,212.98,18.1236,-0.01381,1,0.18,6.482,4.2228,41.5,CRITICAL,F4,4,1,thermal_overload,0.9,1,1,,,,,36,0
2026-08-19T20:11:14.716Z,1787170274716,FAN_DT_001_F4_S09_R01_20260819T200604,1,309.885,FAULT_ACTIVE,F4,0.9,FAN_DT_001,3.0,process-model-3.0.0-build3,11165,1,LIVE,SYNCHRONISED,AUTOMATIC,HIGH_LOAD,65,1950,1950,0,145,307,0.3,0.345,25.78287,53.5,1.052,1,0.0258,0,212.98,18.1847,-0.01364,1,0.18,6.404,4.237,41.5,CRITICAL,F4,4,1,thermal_overload,0.9,1,1,,,,,36,0
2026-08-19T20:11:15.752Z,1787170275752,FAN_DT_001_F4_S09_R01_20260819T200604,1,310.921,FAULT_ACTIVE,F4,0.9,FAN_DT_001,3.0,process-model-3.0.0-build3,11166,1,LIVE,SYNCHRONISED,AUTOMATIC,HIGH_LOAD,65,1950,1950,0,145,307,0.3,0.345,25.78643,53.52,1.052,1,0.0258,0,212.98,18.2456,-0.01347,1,0.18,6.325,4.2512,41.5,CRITICAL,F4,4,1,thermal_overload,0.9,1,1,,,,,36,0
2026-08-19T20:11:16.785Z,1787170276785,FAN_DT_001_F4_S09_R01_20260819T200604,1,311.955,FAULT_ACTIVE,F4,0.9,FAN_DT_001,3.0,process-model-3.0.0-build3,11167,1,LIVE,SYNCHRONISED,AUTOMATIC,HIGH_LOAD,65,1950,1950,0,145,307,0.3,0.345,25.7896,53.53,1.052,1,0.0258,0,212.98,18.3069,-0.01329,1,0.18,6.241,4.2655,41.5,CRITICAL,F4,4,1,thermal_overload,0.9,1,1,,,,,36,0
2026-08-19T20:11:17.828Z,1787170277828,FAN_DT_001_F4_S09_R01_20260819T200604,1,312.998,FAULT_ACTIVE,F4,0.9,FAN_DT_001,3.0,process-model-3.0.0-build3,11168,1,LIVE,SYNCHRONISED,AUTOMATIC,HIGH_LOAD,65,1950,1950,0,145,307,0.3,0.345,25.79233,53.54,1.052,1,0.0258,0,212.98,18.3679,-0.01312,1,0.18,6.16,4.2797,41.5,CRITICAL,F4,4,1,thermal_overload,0.9,1,1,,,,,36,0
2026-08-19T20:11:18.870Z,1787170278870,FAN_DT_001_F4_S09_R01_20260819T200604,1,314.039,FAULT_ACTIVE,F4,0.9,FAN_DT_001,3.0,process-model-3.0.0-build3,11169,1,LIVE,SYNCHRONISED,AUTOMATIC,HIGH_LOAD,65,1950,1950,0,145,307,0.3,0.345,25.79469,53.56,1.052,1,0.0258,0,212.98,18.4297,-0.01293,1,0.18,6.07,4.2941,41.5,CRITICAL,F4,4,1,thermal_overload,0.9,1,1,,,,,36,0
2026-08-19T20:11:19.930Z,1787170279930,FAN_DT_001_F4_S09_R01_20260819T200604,1,315.099,FAULT_ACTIVE,F4,0.9,FAN_DT_001,3.0,process-model-3.0.0-build3,11170,1,LIVE,SYNCHRONISED,AUTOMATIC,HIGH_LOAD,65,1950,1950,0,145,307,0.3,0.345,25.79659,53.57,1.052,1,0.0258,0,212.98,18.4908,-0.01274,1,0.18,5.984,4.3084,41.5,CRITICAL,F4,4,1,thermal_overload,0.9,1,1,,,,,36,0
2026-08-19T20:11:20.934Z,1787170280934,FAN_DT_001_F4_S09_R01_20260819T200604,1,316.104,FAULT_ACTIVE,F4,0.9,FAN_DT_001,3.0,process-model-3.0.0-build3,11171,1,LIVE,SYNCHRONISED,AUTOMATIC,HIGH_LOAD,65,1950,1950,0,145,307,0.3,0.345,25.79807,53.58,1.052,1,0.0258,0,212.98,18.5517,-0.01256,1,0.18,5.897,4.3225,41.5,CRITICAL,F4,4,1,thermal_overload,0.9,1,1,,,,,36,0
2026-08-19T20:11:21.966Z,1787170281966,FAN_DT_001_F4_S09_R01_20260819T200604,1,317.135,FAULT_ACTIVE,F4,0.9,FAN_DT_001,3.0,process-model-3.0.0-build3,11172,1,LIVE,SYNCHRONISED,AUTOMATIC,HIGH_LOAD,65,1950,1950,0,145,307,0.3,0.345,25.79914,53.6,1.052,1,0.0258,0,212.98,18.613,-0.01235,1,0.18,5.8,4.3368,41.5,CRITICAL,F4,4,1,thermal_overload,0.9,1,1,,,,,36,0
2026-08-19T20:11:23.011Z,1787170283011,FAN_DT_001_F4_S09_R01_20260819T200604,1,318.18,FAULT_ACTIVE,F4,0.9,FAN_DT_001,3.0,process-model-3.0.0-build3,11173,1,LIVE,SYNCHRONISED,AUTOMATIC,HIGH_LOAD,65,1950,1950,0,145,307,0.3,0.345,25.79978,53.61,1.052,1,0.0258,0,212.98,18.6739,-0.01216,1,0.18,5.71,4.351,41.5,CRITICAL,F4,4,1,thermal_overload,0.9,1,1,,,,,36,0
2026-08-19T20:11:24.038Z,1787170284038,FAN_DT_001_F4_S09_R01_20260819T200604,1,319.207,FAULT_ACTIVE,F4,0.9,FAN_DT_001,3.0,process-model-3.0.0-build3,11174,1,LIVE,SYNCHRONISED,AUTOMATIC,HIGH_LOAD,65,1950,1950,0,145,307,0.3,0.345,25.8,53.62,1.052,1,0.0258,0,212.98,18.7352,-0.01196,1,0.18,5.615,4.3653,41.5,CRITICAL,F4,4,1,thermal_overload,0.9,1,1,,,,,36,0
2026-08-19T20:11:25.072Z,1787170285072,FAN_DT_001_F4_S09_R01_20260819T200604,1,320.241,FAULT_ACTIVE,F4,0.9,FAN_DT_001,3.0,process-model-3.0.0-build3,11175,1,LIVE,SYNCHRONISED,AUTOMATIC,HIGH_LOAD,65,1950,1950,0,145,307,0.3,0.345,25.7998,53.63,1.052,1,0.0258,0,212.98,18.7964,-0.01174,1,0.18,5.51,4.3796,41.5,CRITICAL,F4,4,1,thermal_overload,0.9,1,1,,,,,36,0
2026-08-19T20:11:26.109Z,1787170286109,FAN_DT_001_F4_S09_R01_20260819T200604,1,321.279,FAULT_ACTIVE,F4,0.9,FAN_DT_001,3.0,process-model-3.0.0-build3,11176,1,LIVE,SYNCHRONISED,AUTOMATIC,HIGH_LOAD,65,1950,1950,0,145,307,0.3,0.345,25.79918,53.65,1.052,1,0.0258,0,212.98,18.8574,-0.01153,1,0.18,5.415,4.3938,41.5,CRITICAL,F4,4,1,thermal_overload,0.9,1,1,,,,,36,0
2026-08-19T20:11:27.141Z,1787170287141,FAN_DT_001_F4_S09_R01_20260819T200604,1,322.311,FAULT_ACTIVE,F4,0.9,FAN_DT_001,3.0,process-model-3.0.0-build3,11177,1,LIVE,SYNCHRONISED,AUTOMATIC,HIGH_LOAD,65,1950,1950,0,145,307,0.3,0.345,25.79813,53.66,1.052,1,0.0258,0,212.98,18.9187,-0.01132,1,0.18,5.316,4.408,41.5,CRITICAL,F4,4,1,thermal_overload,0.9,1,1,,,,,36,0
2026-08-19T20:11:28.184Z,1787170288184,FAN_DT_001_F4_S09_R01_20260819T200604,1,323.353,FAULT_ACTIVE,F4,0.9,FAN_DT_001,3.0,process-model-3.0.0-build3,11178,1,LIVE,SYNCHRONISED,AUTOMATIC,HIGH_LOAD,65,1950,1950,0,145,307,0.3,0.345,25.79667,53.67,1.052,1,0.0258,0,212.98,18.9796,-0.0111,1,0.18,5.21,4.4222,41.5,CRITICAL,F4,4,1,thermal_overload,0.9,1,1,,,,,36,0
2026-08-19T20:11:29.232Z,1787170289232,FAN_DT_001_F4_S09_R01_20260819T200604,1,324.401,FAULT_ACTIVE,F4,0.9,FAN_DT_001,3.0,process-model-3.0.0-build3,11179,1,LIVE,SYNCHRONISED,AUTOMATIC,HIGH_LOAD,65,1950,1950,0,145,307,0.3,0.345,25.79479,53.68,1.052,1,0.0258,0,212.98,19.0408,-0.0109,1,0.18,5.116,4.4365,41.5,CRITICAL,F4,4,1,thermal_overload,0.9,1,1,,,,,36,0
2026-08-19T20:11:30.248Z,1787170290248,FAN_DT_001_F4_S09_R01_20260819T200604,1,325.418,FAULT_ACTIVE,F4,0.9,FAN_DT_001,3.0,process-model-3.0.0-build3,11180,1,LIVE,SYNCHRONISED,AUTOMATIC,HIGH_LOAD,65,1950,1950,0,145,307,0.3,0.345,25.79248,53.69,1.052,1,0.0258,0,212.98,19.102,-0.01066,1,0.18,5.004,4.4508,41.5,CRITICAL,F4,4,1,thermal_overload,0.9,1,1,,,,,36,0
2026-08-19T20:11:31.287Z,1787170291287,FAN_DT_001_F4_S09_R01_20260819T200604,1,326.456,FAULT_ACTIVE,F4,0.9,FAN_DT_001,3.0,process-model-3.0.0-build3,11181,1,LIVE,SYNCHRONISED,AUTOMATIC,HIGH_LOAD,65,1950,1950,0,145,307,0.3,0.345,25.78975,53.7,1.052,1,0.0258,0,212.98,19.1632,-0.01043,1,0.18,4.898,4.465,41.5,CRITICAL,F4,4,1,thermal_overload,0.9,1,1,,,,,36,0
2026-08-19T20:11:32.319Z,1787170292319,FAN_DT_001_F4_S09_R01_20260819T200604,1,327.489,FAULT_ACTIVE,F4,0.9,FAN_DT_001,3.0,process-model-3.0.0-build3,11182,1,LIVE,SYNCHRONISED,AUTOMATIC,HIGH_LOAD,65,1950,1950,0,145,307,0.3,0.345,25.78661,53.71,1.052,1,0.0258,0,212.98,19.2245,-0.0102,1,0.18,4.791,4.4793,41.5,CRITICAL,F4,4,1,thermal_overload,0.9,1,1,,,,,36,0
2026-08-19T20:11:33.357Z,1787170293357,FAN_DT_001_F4_S09_R01_20260819T200604,1,328.526,FAULT_ACTIVE,F4,0.9,FAN_DT_001,3.0,process-model-3.0.0-build3,11183,1,LIVE,SYNCHRONISED,AUTOMATIC,HIGH_LOAD,65,1950,1950,0,145,307,0.3,0.345,25.78306,53.72,1.052,1,0.0258,0,212.98,19.2855,-0.00997,1,0.18,4.681,4.4935,41.5,CRITICAL,F4,4,1,thermal_overload,0.9,1,1,,,,,36,0
2026-08-19T20:11:34.397Z,1787170294397,FAN_DT_001_F4_S09_R01_20260819T200604,1,329.566,FAULT_ACTIVE,F4,0.9,FAN_DT_001,3.0,process-model-3.0.0-build3,11184,1,LIVE,SYNCHRONISED,AUTOMATIC,HIGH_LOAD,65,1950,1950,0,145,307,0.3,0.345,25.77909,53.73,1.052,1,0.0258,0,212.98,19.3467,-0.00974,1,0.18,4.571,4.5078,41.5,CRITICAL,F4,4,1,thermal_overload,0.9,1,1,,,,,36,0
2026-08-19T20:11:35.420Z,1787170295420,FAN_DT_001_F4_S09_R01_20260819T200604,1,330.589,FAULT_ACTIVE,F4,0.9,FAN_DT_001,3.0,process-model-3.0.0-build3,11185,1,LIVE,SYNCHRONISED,AUTOMATIC,HIGH_LOAD,65,1950,1950,0,145,307,0.3,0.345,25.77473,53.74,1.052,1,0.0258,0,212.98,19.4076,-0.00952,1,0.18,4.471,4.522,41.5,CRITICAL,F4,4,1,thermal_overload,0.9,1,1,,,,,36,0
2026-08-19T20:11:36.459Z,1787170296459,FAN_DT_001_F4_S09_R01_20260819T200604,1,331.628,FAULT_ACTIVE,F4,0.9,FAN_DT_001,3.0,process-model-3.0.0-build3,11186,1,LIVE,SYNCHRONISED,AUTOMATIC,HIGH_LOAD,65,1950,1950,0,145,307,0.3,0.345,25.76994,53.75,1.052,1,0.0258,0,212.98,19.4688,-0.00928,1,0.18,4.358,4.5362,41.5,CRITICAL,F4,4,1,thermal_overload,0.9,1,1,,,,,36,0
2026-08-19T20:11:37.509Z,1787170297509,FAN_DT_001_F4_S09_R01_20260819T200604,1,332.678,FAULT_ACTIVE,F4,0.9,FAN_DT_001,3.0,process-model-3.0.0-build3,11187,1,LIVE,SYNCHRONISED,AUTOMATIC,HIGH_LOAD,65,1950,1950,0,145,307,0.3,0.345,25.76472,53.76,1.052,1,0.0258,0,212.98,19.5301,-0.00904,1,0.18,4.244,4.5505,41.5,CRITICAL,F4,4,1,thermal_overload,0.9,1,1,,,,,36,0
2026-08-19T20:11:38.529Z,1787170298529,FAN_DT_001_F4_S09_R01_20260819T200604,1,333.698,FAULT_ACTIVE,F4,0.9,FAN_DT_001,3.0,process-model-3.0.0-build3,11188,1,LIVE,SYNCHRONISED,AUTOMATIC,HIGH_LOAD,65,1950,1950,0,145,307,0.3,0.345,25.75917,53.77,1.052,1,0.0258,0,212.98,19.5909,-0.00878,1,0.18,4.124,4.5647,41.5,CRITICAL,F4,4,1,thermal_overload,0.9,1,1,,,,,36,0
2026-08-19T20:11:39.560Z,1787170299560,FAN_DT_001_F4_S09_R01_20260819T200604,1,334.729,FAULT_ACTIVE,F4,0.9,FAN_DT_001,3.0,process-model-3.0.0-build3,11189,1,LIVE,SYNCHRONISED,AUTOMATIC,HIGH_LOAD,65,1950,1950,0,145,307,0.3,0.345,25.75316,53.78,1.052,1,0.0258,0,212.98,19.6522,-0.00853,1,0.18,4.006,4.579,41.5,CRITICAL,F4,4,1,thermal_overload,0.9,1,1,,,,,36,0
2026-08-19T20:11:40.626Z,1787170300626,FAN_DT_001_F4_S09_R01_20260819T200604,1,335.795,FAULT_ACTIVE,F4,0.9,FAN_DT_001,3.0,process-model-3.0.0-build3,11190,1,LIVE,SYNCHRONISED,AUTOMATIC,HIGH_LOAD,65,1950,1950,0,145,307,0.3,0.345,25.74679,53.79,1.052,1,0.0258,0,212.98,19.7131,-0.00827,1,0.18,3.885,4.5932,41.5,CRITICAL,F4,4,1,thermal_overload,0.9,1,1,,,,,36,0
2026-08-19T20:11:41.628Z,1787170301628,FAN_DT_001_F4_S09_R01_20260819T200604,1,336.797,FAULT_ACTIVE,F4,0.9,FAN_DT_001,3.0,process-model-3.0.0-build3,11191,1,LIVE,SYNCHRONISED,AUTOMATIC,HIGH_LOAD,65,1950,1950,0,145,307,0.3,0.345,25.73999,53.8,1.052,1,0.0258,0,212.98,19.7744,-0.00802,1,0.18,3.767,4.6074,41.5,CRITICAL,F4,4,1,thermal_overload,0.9,1,1,,,,,36,0
2026-08-19T20:11:42.668Z,1787170302668,FAN_DT_001_F4_S09_R01_20260819T200604,1,337.837,FAULT_ACTIVE,F4,0.9,FAN_DT_001,3.0,process-model-3.0.0-build3,11192,1,LIVE,SYNCHRONISED,AUTOMATIC,HIGH_LOAD,65,1950,1950,0,145,307,0.3,0.345,25.73283,53.81,1.052,1,0.0258,0,212.98,19.8354,-0.00777,1,0.18,3.651,4.6216,41.5,CRITICAL,F4,4,1,thermal_overload,0.9,1,1,,,,,36,0
2026-08-19T20:11:43.699Z,1787170303699,FAN_DT_001_F4_S09_R01_20260819T200604,1,338.868,FAULT_ACTIVE,F4,0.9,FAN_DT_001,3.0,process-model-3.0.0-build3,11193,1,LIVE,SYNCHRONISED,AUTOMATIC,HIGH_LOAD,65,1950,1950,0,145,307,0.3,0.345,25.72524,53.82,1.052,1,0.0258,0,212.98,19.8967,-0.00751,1,0.18,3.525,4.6359,41.5,CRITICAL,F4,4,1,thermal_overload,0.9,1,1,,,,,36,0
2026-08-19T20:11:44.739Z,1787170304739,FAN_DT_001_F4_S09_R01_20260819T200604,1,339.908,FAULT_ACTIVE,F4,0.9,FAN_DT_001,3.0,process-model-3.0.0-build3,11194,1,LIVE,SYNCHRONISED,AUTOMATIC,HIGH_LOAD,65,1950,1950,0,145,307,0.3,0.345,25.71731,53.82,1.052,1,0.0258,0,212.98,19.9577,-0.00725,1,0.18,3.406,4.6501,41.5,CRITICAL,F4,4,1,thermal_overload,0.9,1,1,,,,,36,0
2026-08-19T20:11:45.772Z,1787170305772,FAN_DT_001_F4_S09_R01_20260819T200604,1,340.941,FAULT_ACTIVE,F4,0.9,FAN_DT_001,3.0,process-model-3.0.0-build3,11195,1,LIVE,SYNCHRONISED,AUTOMATIC,HIGH_LOAD,65,1950,1950,0,145,307,0.3,0.345,25.70898,53.83,1.052,1,0.0258,0,212.98,20.0189,-0.00699,1,0.18,3.284,4.6644,41.5,CRITICAL,F4,4,1,thermal_overload,0.9,1,1,,,,,36,0
2026-08-19T20:11:46.804Z,1787170306804,FAN_DT_001_F4_S09_R01_20260819T200604,1,341.973,FAULT_ACTIVE,F4,0.9,FAN_DT_001,3.0,process-model-3.0.0-build3,11196,1,LIVE,SYNCHRONISED,AUTOMATIC,HIGH_LOAD,65,1950,1950,0,145,307,0.3,0.345,25.70031,53.84,1.052,1,0.0258,0,212.98,20.0798,-0.00673,1,0.18,3.162,4.6786,41.5,CRITICAL,F4,4,1,thermal_overload,0.9,1,1,,,,,36,0
2026-08-19T20:11:47.845Z,1787170307845,FAN_DT_001_F4_S09_R01_20260819T200604,1,343.014,FAULT_ACTIVE,F4,0.9,FAN_DT_001,3.0,process-model-3.0.0-build3,11197,1,LIVE,SYNCHRONISED,AUTOMATIC,HIGH_LOAD,65,1950,1950,0,145,307,0.3,0.345,25.69124,53.84,1.052,1,0.0258,0,212.98,20.141,-0.00648,1,0.18,3.042,4.6929,41.5,CRITICAL,F4,4,1,thermal_overload,0.9,1,1,,,,,36,0
2026-08-19T20:11:48.872Z,1787170308872,FAN_DT_001_F4_S09_R01_20260819T200604,1,344.042,FAULT_ACTIVE,F4,0.9,FAN_DT_001,3.0,process-model-3.0.0-build3,11198,1,LIVE,SYNCHRONISED,AUTOMATIC,HIGH_LOAD,65,1950,1950,0,145,307,0.3,0.345,25.68183,53.85,1.052,1,0.0258,0,212.98,20.202,-0.00621,1,0.18,2.917,4.7071,41.5,CRITICAL,F4,4,1,thermal_overload,0.9,1,1,,,,,36,0
2026-08-19T20:11:49.935Z,1787170309935,FAN_DT_001_F4_S09_R01_20260819T200604,1,345.104,FAULT_ACTIVE,F4,0.9,FAN_DT_001,3.0,process-model-3.0.0-build3,11199,1,LIVE,SYNCHRONISED,AUTOMATIC,HIGH_LOAD,65,1950,1950,0,145,307,0.3,0.345,25.67204,53.86,1.052,1,0.0258,0,212.98,20.2632,-0.00593,1,0.18,2.786,4.7213,41.5,CRITICAL,F4,4,1,thermal_overload,0.9,1,1,,,,,36,0
2026-08-19T20:11:50.942Z,1787170310942,FAN_DT_001_F4_S09_R01_20260819T200604,1,346.111,FAULT_ACTIVE,F4,0.9,FAN_DT_001,3.0,process-model-3.0.0-build3,11200,1,LIVE,SYNCHRONISED,AUTOMATIC,HIGH_LOAD,65,1950,1950,0,145,307,0.3,0.345,25.66187,53.86,1.052,1,0.0258,0,212.98,20.3245,-0.00569,1,0.18,2.673,4.7356,41.5,CRITICAL,F4,4,1,thermal_overload,0.9,1,1,,,,,36,0
2026-08-19T20:11:51.979Z,1787170311979,FAN_DT_001_F4_S09_R01_20260819T200604,1,347.149,FAULT_ACTIVE,F4,0.9,FAN_DT_001,3.0,process-model-3.0.0-build3,11201,1,LIVE,SYNCHRONISED,AUTOMATIC,HIGH_LOAD,65,1950,1950,0,145,307,0.3,0.345,25.65137,53.87,1.052,1,0.0258,0,212.98,20.3856,-0.00542,1,0.18,2.544,4.7498,41.5,CRITICAL,F4,4,1,thermal_overload,0.9,1,1,,,,,36,0
2026-08-19T20:11:53.036Z,1787170313036,FAN_DT_001_F4_S09_R01_20260819T200604,1,348.207,FAULT_ACTIVE,F4,0.9,FAN_DT_001,3.0,process-model-3.0.0-build3,11202,1,LIVE,SYNCHRONISED,AUTOMATIC,HIGH_LOAD,65,1950,1950,0,145,307,0.3,0.345,25.64047,53.87,1.052,1,0.0258,0,212.98,20.4472,-0.00515,1,0.18,2.416,4.7642,41.5,CRITICAL,F4,4,1,thermal_overload,0.9,1,1,,,,,36,0
2026-08-19T20:11:54.052Z,1787170314052,FAN_DT_001_F4_S09_R01_20260819T200604,1,349.222,FAULT_ACTIVE,F4,0.9,FAN_DT_001,3.0,process-model-3.0.0-build3,11203,1,LIVE,SYNCHRONISED,AUTOMATIC,HIGH_LOAD,65,1950,1950,0,145,307,0.3,0.345,25.62938,53.88,1.052,1,0.0258,0,212.98,20.5079,-0.00487,1,0.18,2.287,4.7783,41.5,CRITICAL,F4,4,1,thermal_overload,0.9,1,1,,,,,36,0
2026-08-19T20:11:55.083Z,1787170315083,FAN_DT_001_F4_S09_R01_20260819T200604,1,350.252,FAULT_ACTIVE,F4,0.9,FAN_DT_001,3.0,process-model-3.0.0-build3,11204,1,LIVE,SYNCHRONISED,AUTOMATIC,HIGH_LOAD,65,1950,1950,0,145,307,0.3,0.345,25.61782,53.88,1.052,1,0.0258,0,212.98,20.5693,-0.00461,1,0.18,2.164,4.7926,41.5,CRITICAL,F4,4,1,thermal_overload,0.9,1,1,,,,,36,0
2026-08-19T20:11:56.140Z,1787170316140,FAN_DT_001_F4_S09_R01_20260819T200604,1,351.309,FAULT_ACTIVE,F4,0.9,FAN_DT_001,3.0,process-model-3.0.0-build3,11205,1,LIVE,SYNCHRONISED,AUTOMATIC,HIGH_LOAD,65,1950,1950,0,145,307,0.3,0.345,25.60601,53.89,1.052,1,0.0258,0,212.98,20.6303,-0.00434,1,0.18,2.035,4.8069,41.5,CRITICAL,F4,4,1,thermal_overload,0.9,1,1,,,,,36,0
2026-08-19T20:11:57.163Z,1787170317163,FAN_DT_001_F4_S09_R01_20260819T200604,1,352.332,FAULT_ACTIVE,F4,0.9,FAN_DT_001,3.0,process-model-3.0.0-build3,11206,1,LIVE,SYNCHRONISED,AUTOMATIC,HIGH_LOAD,65,1950,1950,0,145,307,0.3,0.345,25.59381,53.89,1.052,1,0.0258,0,212.98,20.6916,-0.00406,1,0.18,1.905,4.8211,41.5,CRITICAL,F4,4,1,thermal_overload,0.9,1,1,,,,,36,0
2026-08-19T20:11:58.191Z,1787170318191,FAN_DT_001_F4_S09_R01_20260819T200604,1,353.364,FAULT_ACTIVE,F4,0.9,FAN_DT_001,3.0,process-model-3.0.0-build3,11207,1,LIVE,SYNCHRONISED,AUTOMATIC,HIGH_LOAD,65,1950,1950,0,145,307,0.3,0.345,25.58137,53.9,1.052,1,0.0258,0,212.98,20.7526,-0.00379,1,0.18,1.778,4.8354,41.5,CRITICAL,F4,4,1,thermal_overload,0.9,1,1,,,,,36,0
2026-08-19T20:11:59.231Z,1787170319231,FAN_DT_001_F4_S09_R01_20260819T200604,1,354.404,FAULT_ACTIVE,F4,0.9,FAN_DT_001,3.0,process-model-3.0.0-build3,11208,1,LIVE,SYNCHRONISED,AUTOMATIC,HIGH_LOAD,65,1950,1950,0,145,307,0.3,0.345,25.56859,53.9,1.052,1,0.0258,0,212.98,20.8137,-0.00351,1,0.18,1.649,4.8496,41.5,CRITICAL,F4,4,1,thermal_overload,0.9,1,1,,,,,36,0
2026-08-19T20:12:00.272Z,1787170320272,FAN_DT_001_F4_S09_R01_20260819T200604,1,355.444,FAULT_ACTIVE,F4,0.9,FAN_DT_001,3.0,process-model-3.0.0-build3,11209,1,LIVE,SYNCHRONISED,AUTOMATIC,HIGH_LOAD,65,1950,1950,0,145,307,0.3,0.345,25.55549,53.9,1.052,1,0.0258,0,212.98,20.875,-0.00324,1,0.18,1.52,4.8639,41.5,CRITICAL,F4,4,1,thermal_overload,0.9,1,1,,,,,36,0
2026-08-19T20:12:01.338Z,1787170321338,FAN_DT_001_F4_S09_R01_20260819T200604,1,356.508,FAULT_ACTIVE,F4,0.9,FAN_DT_001,3.0,process-model-3.0.0-build3,11210,1,LIVE,SYNCHRONISED,AUTOMATIC,HIGH_LOAD,65,1950,1950,0,145,307,0.3,0.345,25.54217,53.91,1.052,1,0.0258,0,212.98,20.936,-0.00294,1,0.18,1.382,4.8781,41.5,CRITICAL,F4,4,1,thermal_overload,0.9,1,1,,,,,36,0
2026-08-19T20:12:02.332Z,1787170322332,FAN_DT_001_F4_S09_R01_20260819T200604,1,357.501,FAULT_ACTIVE,F4,0.9,FAN_DT_001,3.0,process-model-3.0.0-build3,11211,1,LIVE,SYNCHRONISED,AUTOMATIC,HIGH_LOAD,65,1950,1950,0,145,307,0.3,0.345,25.52849,53.91,1.052,1,0.0258,0,212.98,20.9973,-0.00268,1,0.18,1.259,4.8924,41.5,CRITICAL,F4,4,1,thermal_overload,0.9,1,1,,,,,36,0
2026-08-19T20:12:03.374Z,1787170323374,FAN_DT_001_F4_S09_R01_20260819T200604,1,358.543,FAULT_ACTIVE,F4,0.9,FAN_DT_001,3.0,process-model-3.0.0-build3,11212,1,LIVE,SYNCHRONISED,AUTOMATIC,HIGH_LOAD,65,1950,1950,0,145,307,0.3,0.345,25.51457,53.91,1.052,1,0.0258,0,212.98,21.0583,-0.00241,1,0.18,1.133,4.9066,41.5,CRITICAL,F4,4,1,thermal_overload,0.9,1,1,,,,,36,0
2026-08-19T20:12:04.402Z,1787170324402,FAN_DT_001_F4_S09_R01_20260819T200604,1,359.571,FAULT_ACTIVE,F4,0.9,FAN_DT_001,3.0,process-model-3.0.0-build3,11213,1,LIVE,SYNCHRONISED,AUTOMATIC,HIGH_LOAD,65,1950,1950,0,145,307,0.3,0.345,25.50031,53.92,1.052,1,0.0258,0,212.98,21.1197,-0.00215,1,0.18,1.008,4.9209,41.5,CRITICAL,F4,4,1,thermal_overload,0.9,1,1,,,,,36,0
2026-08-19T20:12:05.440Z,1787170325440,FAN_DT_001_F4_S09_R01_20260819T200604,1,360.609,FAULT_ACTIVE,F4,0.9,FAN_DT_001,3.0,process-model-3.0.0-build3,11214,1,LIVE,SYNCHRONISED,AUTOMATIC,HIGH_LOAD,65,1950,1950,0,145,307,0.3,0.345,25.48591,53.92,1.052,1,0.0258,0,212.98,21.1806,-0.00185,1,0.18,0.868,4.9351,41.5,CRITICAL,F4,4,1,thermal_overload,0.9,1,1,,,,,36,0
2026-08-19T20:12:06.479Z,1787170326479,FAN_DT_001_F4_S09_R01_20260819T200604,1,361.648,FAULT_ACTIVE,F4,0.9,FAN_DT_001,3.0,process-model-3.0.0-build3,11215,1,LIVE,SYNCHRONISED,AUTOMATIC,HIGH_LOAD,65,1950,1950,0,145,307,0.3,0.345,25.47118,53.92,1.052,1,0.0258,0,212.98,21.2418,-0.0016,1,0.18,0.75,4.9493,41.5,CRITICAL,F4,4,1,thermal_overload,0.9,1,1,,,,,36,0
2026-08-19T20:12:07.510Z,1787170327510,FAN_DT_001_F4_S09_R01_20260819T200604,1,362.679,FAULT_ACTIVE,F4,0.9,FAN_DT_001,3.0,process-model-3.0.0-build3,11216,1,LIVE,SYNCHRONISED,AUTOMATIC,HIGH_LOAD,65,1950,1950,0,145,307,0.3,0.345,25.45626,53.92,1.052,1,0.0258,0,212.98,21.3027,-0.00132,1,0.18,0.621,4.9635,41.5,CRITICAL,F4,4,1,thermal_overload,0.9,1,1,,,,,36,0
2026-08-19T20:12:08.536Z,1787170328536,FAN_DT_001_F4_S09_R01_20260819T200604,1,363.705,FAULT_ACTIVE,F4,0.9,FAN_DT_001,3.0,process-model-3.0.0-build3,11217,1,LIVE,SYNCHRONISED,AUTOMATIC,HIGH_LOAD,65,1950,1950,0,145,307,0.3,0.345,25.44106,53.92,1.052,1,0.0258,0,212.98,21.3638,-0.00105,1,0.18,0.493,4.9778,41.5,CRITICAL,F4,4,1,thermal_overload,0.9,1,1,,,,,36,0
2026-08-19T20:12:09.578Z,1787170329578,FAN_DT_001_F4_S09_R01_20260819T200604,1,364.748,FAULT_ACTIVE,F4,0.9,FAN_DT_001,3.0,process-model-3.0.0-build3,11218,1,LIVE,SYNCHRONISED,AUTOMATIC,HIGH_LOAD,65,1950,1950,0,145,307,0.3,0.345,25.4256,53.92,1.052,1,0.0258,0,212.98,21.425,-0.00078,1,0.18,0.367,4.992,41.5,CRITICAL,F4,4,1,thermal_overload,0.9,1,1,,,,,36,0
2026-08-19T20:12:10.628Z,1787170330628,FAN_DT_001_F4_S09_R01_20260819T200604,1,365.797,FAULT_ACTIVE,F4,0.9,FAN_DT_001,3.0,process-model-3.0.0-build3,11219,1,LIVE,SYNCHRONISED,AUTOMATIC,HIGH_LOAD,65,1950,1950,0,145,307,0.3,0.345,25.40991,53.92,1.052,1,0.0258,0,212.98,21.4863,-0.00051,1,0.18,0.24,5.0063,41.5,CRITICAL,F4,4,1,thermal_overload,0.9,1,1,,,,,36,0
2026-08-19T20:12:11.649Z,1787170331649,FAN_DT_001_F4_S09_R01_20260819T200604,1,366.818,FAULT_ACTIVE,F4,0.9,FAN_DT_001,3.0,process-model-3.0.0-build3,11220,1,LIVE,SYNCHRONISED,AUTOMATIC,HIGH_LOAD,65,1950,1950,0,145,307,0.3,0.345,25.39408,53.92,1.052,1,0.0258,0,212.98,21.5471,-0.00023,1,0.18,0.11,5.0205,41.5,CRITICAL,F4,4,1,thermal_overload,0.9,1,1,,,,,36,0
2026-08-19T20:12:12.678Z,1787170332678,FAN_DT_001_F4_S09_R01_20260819T200604,1,367.848,FAULT_ACTIVE,F4,0.9,FAN_DT_001,3.0,process-model-3.0.0-build3,11221,1,LIVE,SYNCHRONISED,AUTOMATIC,HIGH_LOAD,65,1950,1950,0,145,307,0.3,0.345,25.37791,53.92,1.052,1,0.0258,0,212.98,21.6086,0.00003,1,0.18,0.014,5.0348,41.5,CRITICAL,F4,4,1,thermal_overload,0.9,1,1,,,,,36,0
2026-08-19T20:12:13.713Z,1787170333713,FAN_DT_001_F4_S09_R01_20260819T200604,1,368.882,FAULT_ACTIVE,F4,0.9,FAN_DT_001,3.0,process-model-3.0.0-build3,11222,1,LIVE,SYNCHRONISED,AUTOMATIC,HIGH_LOAD,65,1950,1950,0,145,307,0.3,0.345,25.36172,53.92,1.052,1,0.0258,0,212.98,21.6694,0.00029,1,0.18,0.138,5.049,41.5,CRITICAL,F4,4,1,thermal_overload,0.9,1,1,,,,,36,0
2026-08-19T20:12:14.750Z,1787170334750,FAN_DT_001_F4_S09_R01_20260819T200604,1,369.919,FAULT_ACTIVE,F4,0.9,FAN_DT_001,3.0,process-model-3.0.0-build3,11223,1,LIVE,SYNCHRONISED,AUTOMATIC,HIGH_LOAD,65,1950,1950,0,145,307,0.3,0.345,25.34518,53.92,1.052,1,0.0258,0,212.98,21.7307,0.00057,1,0.18,0.27,5.0632,41.5,CRITICAL,F4,4,1,thermal_overload,0.9,1,1,,,,,36,0
2026-08-19T20:12:15.782Z,1787170335782,FAN_DT_001_F4_S09_R01_20260819T200604,1,370.951,FAULT_ACTIVE,F4,0.9,FAN_DT_001,3.0,process-model-3.0.0-build3,11224,1,LIVE,SYNCHRONISED,AUTOMATIC,HIGH_LOAD,65,1950,1950,0,145,307,0.3,0.345,25.32858,53.92,1.052,1,0.0258,0,212.98,21.7917,0.00084,1,0.18,0.393,5.0775,41.5,CRITICAL,F4,4,1,thermal_overload,0.9,1,1,,,,,36,0
2026-08-19T20:12:16.827Z,1787170336827,FAN_DT_001_F4_S09_R01_20260819T200604,1,371.996,FAULT_ACTIVE,F4,0.9,FAN_DT_001,3.0,process-model-3.0.0-build3,11225,1,LIVE,SYNCHRONISED,AUTOMATIC,HIGH_LOAD,65,1950,1950,0,145,307,0.3,0.345,25.31168,53.92,1.052,1,0.0258,0,212.98,21.8529,0.00109,1,0.18,0.512,5.0917,41.5,CRITICAL,F4,4,1,thermal_overload,0.9,1,1,,,,,36,0
2026-08-19T20:12:17.853Z,1787170337853,FAN_DT_001_F4_S09_R01_20260819T200604,1,373.022,FAULT_ACTIVE,F4,0.9,FAN_DT_001,3.0,process-model-3.0.0-build3,11226,1,LIVE,SYNCHRONISED,AUTOMATIC,HIGH_LOAD,65,1950,1950,0,145,307,0.3,0.345,25.29469,53.92,1.052,1,0.0258,0,212.98,21.914,0.00136,1,0.18,0.638,5.106,41.5,CRITICAL,F4,4,1,thermal_overload,0.9,1,1,,,,,36,0
2026-08-19T20:12:18.898Z,1787170338898,FAN_DT_001_F4_S09_R01_20260819T200604,1,374.067,FAULT_ACTIVE,F4,0.9,FAN_DT_001,3.0,process-model-3.0.0-build3,11227,1,LIVE,SYNCHRONISED,AUTOMATIC,HIGH_LOAD,65,1950,1950,0,145,307,0.3,0.345,25.27757,53.92,1.052,1,0.0258,0,212.98,21.975,0.00161,1,0.18,0.754,5.1202,41.5,CRITICAL,F4,4,1,thermal_overload,0.9,1,1,,,,,36,0
2026-08-19T20:12:19.928Z,1787170339928,FAN_DT_001_F4_S09_R01_20260819T200604,1,375.097,FAULT_ACTIVE,F4,0.9,FAN_DT_001,3.0,process-model-3.0.0-build3,11228,1,LIVE,SYNCHRONISED,AUTOMATIC,HIGH_LOAD,65,1950,1950,0,145,307,0.3,0.345,25.26019,53.92,1.052,1,0.0258,0,212.98,22.0364,0.00188,1,0.18,0.882,5.1345,41.5,CRITICAL,F4,4,1,thermal_overload,0.9,1,1,,,,,36,0
2026-08-19T20:12:20.960Z,1787170340960,FAN_DT_001_F4_S09_R01_20260819T200604,1,376.129,FAULT_ACTIVE,F4,0.9,FAN_DT_001,3.0,process-model-3.0.0-build3,11229,1,LIVE,SYNCHRONISED,AUTOMATIC,HIGH_LOAD,65,1950,1950,0,145,307,0.3,0.345,25.24283,53.91,1.052,1,0.0258,0,212.98,22.0974,0.00212,1,0.18,0.994,5.1487,41.5,CRITICAL,F4,4,1,thermal_overload,0.9,1,1,,,,,36,0
2026-08-19T20:12:22.027Z,1787170342027,FAN_DT_001_F4_S09_R01_20260819T200604,1,377.196,FAULT_ACTIVE,F4,0.9,FAN_DT_001,3.0,process-model-3.0.0-build3,11230,1,LIVE,SYNCHRONISED,AUTOMATIC,HIGH_LOAD,65,1950,1950,0,145,307,0.3,0.345,25.2252,53.91,1.052,1,0.0258,0,212.98,22.1587,0.00238,1,0.18,1.119,5.163,41.5,CRITICAL,F4,4,1,thermal_overload,0.9,1,1,,,,,36,0
2026-08-19T20:12:23.049Z,1787170343049,FAN_DT_001_F4_S09_R01_20260819T200604,1,378.217,FAULT_ACTIVE,F4,0.9,FAN_DT_001,3.0,process-model-3.0.0-build3,11231,1,LIVE,SYNCHRONISED,AUTOMATIC,HIGH_LOAD,65,1950,1950,0,145,307,0.3,0.345,25.20755,53.91,1.052,1,0.0258,0,212.98,22.2197,0.00261,1,0.18,1.226,5.1772,41.5,CRITICAL,F4,4,1,thermal_overload,0.9,1,1,,,,,36,0
2026-08-19T20:12:24.062Z,1787170344062,FAN_DT_001_F4_S09_R01_20260819T200604,1,379.232,FAULT_ACTIVE,F4,0.9,FAN_DT_001,3.0,process-model-3.0.0-build3,11232,1,LIVE,SYNCHRONISED,AUTOMATIC,HIGH_LOAD,65,1950,1950,0,145,307,0.3,0.345,25.18972,53.91,1.052,1,0.0258,0,212.98,22.281,0.00288,1,0.18,1.35,5.1915,41.5,CRITICAL,F4,4,1,thermal_overload,0.9,1,1,,,,,36,0
2026-08-19T20:12:25.100Z,1787170345100,FAN_DT_001_F4_S09_R01_20260819T200604,1,380.269,FAULT_ACTIVE,F4,0.9,FAN_DT_001,3.0,process-model-3.0.0-build3,11233,1,LIVE,SYNCHRONISED,AUTOMATIC,HIGH_LOAD,65,1950,1950,0,145,307,0.3,0.345,25.17184,53.9,1.052,1,0.0258,0,212.98,22.342,0.00312,1,0.18,1.463,5.2057,41.5,CRITICAL,F4,4,1,thermal_overload,0.9,1,1,,,,,36,0
2026-08-19T20:12:26.142Z,1787170346142,FAN_DT_001_F4_S09_R01_20260819T200604,1,381.311,FAULT_ACTIVE,F4,0.9,FAN_DT_001,3.0,process-model-3.0.0-build3,11234,1,LIVE,SYNCHRONISED,AUTOMATIC,HIGH_LOAD,65,1950,1950,0,145,307,0.3,0.345,25.15382,53.9,1.052,1,0.0258,0,212.98,22.4033,0.00336,1,0.18,1.578,5.22,41.5,CRITICAL,F4,4,1,thermal_overload,0.9,1,1,,,,,36,0
2026-08-19T20:12:27.201Z,1787170347201,FAN_DT_001_F4_S09_R01_20260819T200604,1,382.37,FAULT_ACTIVE,F4,0.9,FAN_DT_001,3.0,process-model-3.0.0-build3,11235,1,LIVE,SYNCHRONISED,AUTOMATIC,HIGH_LOAD,65,1950,1950,0,145,307,0.3,0.345,25.13583,53.9,1.052,1,0.0258,0,212.98,22.4642,0.00361,1,0.18,1.696,5.2341,41.5,CRITICAL,F4,4,1,thermal_overload,0.9,1,1,,,,,36,0
2026-08-19T20:12:28.201Z,1787170348201,FAN_DT_001_F4_S09_R01_20260819T200604,1,383.369,FAULT_ACTIVE,F4,0.9,FAN_DT_001,3.0,process-model-3.0.0-build3,11236,1,LIVE,SYNCHRONISED,AUTOMATIC,HIGH_LOAD,65,1950,1950,0,145,307,0.3,0.345,25.11763,53.89,1.052,1,0.0258,0,212.98,22.5255,0.00384,1,0.18,1.805,5.2484,41.5,CRITICAL,F4,4,1,thermal_overload,0.9,1,1,,,,,36,0
2026-08-19T20:12:29.238Z,1787170349238,FAN_DT_001_F4_S09_R01_20260819T200604,1,384.408,FAULT_ACTIVE,F4,0.9,FAN_DT_001,3.0,process-model-3.0.0-build3,11237,1,LIVE,SYNCHRONISED,AUTOMATIC,HIGH_LOAD,65,1950,1950,0,145,307,0.3,0.345,25.09949,53.89,1.052,1,0.0258,0,212.98,22.5864,0.00408,1,0.18,1.914,5.2626,41.5,CRITICAL,F4,4,1,thermal_overload,0.9,1,1,,,,,36,0
2026-08-19T20:12:30.270Z,1787170350270,FAN_DT_001_F4_S09_R01_20260819T200604,1,385.439,FAULT_ACTIVE,F4,0.9,FAN_DT_001,3.0,process-model-3.0.0-build3,11238,1,LIVE,SYNCHRONISED,AUTOMATIC,HIGH_LOAD,65,1950,1950,0,145,307,0.3,0.345,25.08118,53.88,1.052,1,0.0258,0,212.98,22.6477,0.0043,1,0.18,2.019,5.2769,41.5,CRITICAL,F4,4,1,thermal_overload,0.9,1,1,,,,,36,0
2026-08-19T20:12:31.331Z,1787170351331,FAN_DT_001_F4_S09_R01_20260819T200604,1,386.501,FAULT_ACTIVE,F4,0.9,FAN_DT_001,3.0,process-model-3.0.0-build3,11239,1,LIVE,SYNCHRONISED,AUTOMATIC,HIGH_LOAD,65,1950,1950,0,145,307,0.3,0.345,25.06297,53.88,1.052,1,0.0258,0,212.98,22.7086,0.00452,1,0.18,2.122,5.2911,41.5,CRITICAL,F4,4,1,thermal_overload,0.9,1,1,,,,,36,0
2026-08-19T20:12:32.336Z,1787170352336,FAN_DT_001_F4_S09_R01_20260819T200604,1,387.505,FAULT_ACTIVE,F4,0.9,FAN_DT_001,3.0,process-model-3.0.0-build3,11240,1,LIVE,SYNCHRONISED,AUTOMATIC,HIGH_LOAD,65,1950,1950,0,145,307,0.3,0.345,25.04465,53.87,1.052,1,0.0258,0,212.98,22.7697,0.00476,1,0.18,2.235,5.3053,41.5,CRITICAL,F4,4,1,thermal_overload,0.9,1,1,,,,,36,0
2026-08-19T20:12:33.373Z,1787170353373,FAN_DT_001_F4_S09_R01_20260819T200604,1,388.542,FAULT_ACTIVE,F4,0.9,FAN_DT_001,3.0,process-model-3.0.0-build3,11241,1,LIVE,SYNCHRONISED,AUTOMATIC,HIGH_LOAD,65,1950,1950,0,145,307,0.3,0.345,25.02636,53.87,1.052,1,0.0258,0,212.98,22.8306,0.00497,1,0.18,2.334,5.3195,41.5,CRITICAL,F4,4,1,thermal_overload,0.9,1,1,,,,,36,0
2026-08-19T20:12:34.406Z,1787170354406,FAN_DT_001_F4_S09_R01_20260819T200604,1,389.575,FAULT_ACTIVE,F4,0.9,FAN_DT_001,3.0,process-model-3.0.0-build3,11242,1,LIVE,SYNCHRONISED,AUTOMATIC,HIGH_LOAD,65,1950,1950,0,145,307,0.3,0.345,25.00798,53.86,1.052,1,0.0258,0,212.98,22.8918,0.00518,1,0.18,2.431,5.3338,41.5,CRITICAL,F4,4,1,thermal_overload,0.9,1,1,,,,,36,0
2026-08-19T20:12:35.439Z,1787170355439,FAN_DT_001_F4_S09_R01_20260819T200604,1,390.608,FAULT_ACTIVE,F4,0.9,FAN_DT_001,3.0,process-model-3.0.0-build3,11243,1,LIVE,SYNCHRONISED,AUTOMATIC,HIGH_LOAD,65,1950,1950,0,145,307,0.3,0.345,24.98967,53.86,1.052,1,0.0258,0,212.98,22.9528,0.0054,1,0.18,2.537,5.348,41.5,CRITICAL,F4,4,1,thermal_overload,0.9,1,1,,,,,36,0
2026-08-19T20:12:36.480Z,1787170356480,FAN_DT_001_F4_S09_R01_20260819T200604,1,391.649,FAULT_ACTIVE,F4,0.9,FAN_DT_001,3.0,process-model-3.0.0-build3,11244,1,LIVE,SYNCHRONISED,AUTOMATIC,HIGH_LOAD,65,1950,1950,0,145,307,0.3,0.345,24.97127,53.85,1.052,1,0.0258,0,212.98,23.014,0.0056,1,0.18,2.63,5.3623,41.5,CRITICAL,F4,4,1,thermal_overload,0.9,1,1,,,,,36,0
2026-08-19T20:12:37.514Z,1787170357514,FAN_DT_001_F4_S09_R01_20260819T200604,1,392.683,FAULT_ACTIVE,F4,0.9,FAN_DT_001,3.0,process-model-3.0.0-build3,11245,1,LIVE,SYNCHRONISED,AUTOMATIC,HIGH_LOAD,65,1950,1950,0,145,307,0.3,0.345,24.95295,53.85,1.052,1,0.0258,0,212.98,23.075,0.00581,1,0.18,2.728,5.3765,41.5,CRITICAL,F4,4,1,thermal_overload,0.9,1,1,,,,,36,0
2026-08-19T20:12:38.542Z,1787170358542,FAN_DT_001_F4_S09_R01_20260819T200604,1,393.711,FAULT_ACTIVE,F4,0.9,FAN_DT_001,3.0,process-model-3.0.0-build3,11246,1,LIVE,SYNCHRONISED,AUTOMATIC,HIGH_LOAD,65,1950,1950,0,145,307,0.3,0.345,24.93461,53.84,1.052,1,0.0258,0,212.98,23.1362,0.00602,1,0.18,2.829,5.3907,41.5,CRITICAL,F4,4,1,thermal_overload,0.9,1,1,,,,,36,0
2026-08-19T20:12:39.580Z,1787170359580,FAN_DT_001_F4_S09_R01_20260819T200604,1,394.749,FAULT_ACTIVE,F4,0.9,FAN_DT_001,3.0,process-model-3.0.0-build3,11247,1,LIVE,SYNCHRONISED,AUTOMATIC,HIGH_LOAD,65,1950,1950,0,145,307,0.3,0.345,24.9165,53.83,1.052,1,0.0258,0,212.98,23.1967,0.00621,1,0.18,2.917,5.4048,41.5,CRITICAL,F4,4,1,thermal_overload,0.9,1,1,,,,,36,0
2026-08-19T20:12:40.629Z,1787170360629,FAN_DT_001_F4_S09_R01_20260819T200604,1,395.799,FAULT_ACTIVE,F4,0.9,FAN_DT_001,3.0,process-model-3.0.0-build3,11248,1,LIVE,SYNCHRONISED,AUTOMATIC,HIGH_LOAD,65,1950,1950,0,145,307,0.3,0.345,24.89827,53.83,1.052,1,0.0258,0,212.98,23.2578,0.00642,1,0.18,3.013,5.4191,41.5,CRITICAL,F4,4,1,thermal_overload,0.9,1,1,,,,,36,0
2026-08-19T20:12:41.633Z,1787170361633,FAN_DT_001_F4_S09_R01_20260819T200604,1,396.802,FAULT_ACTIVE,F4,0.9,FAN_DT_001,3.0,process-model-3.0.0-build3,11249,1,LIVE,SYNCHRONISED,AUTOMATIC,HIGH_LOAD,65,1950,1950,0,145,307,0.3,0.345,24.88006,53.82,1.052,1,0.0258,0,212.98,23.3189,0.00659,1,0.18,3.094,5.4333,41.5,CRITICAL,F4,4,1,thermal_overload,0.9,1,1,,,,,36,0
2026-08-19T20:12:42.728Z,1787170362728,FAN_DT_001_F4_S09_R01_20260819T200604,1,397.897,FAULT_ACTIVE,F4,0.9,FAN_DT_001,3.0,process-model-3.0.0-build3,11250,1,LIVE,SYNCHRONISED,AUTOMATIC,HIGH_LOAD,65,1950,1950,0,145,307,0.3,0.345,24.86199,53.81,1.052,1,0.0258,0,212.98,23.3799,0.00679,1,0.18,3.191,5.4475,41.5,CRITICAL,F4,4,1,thermal_overload,0.9,1,1,,,,,36,0
2026-08-19T20:12:43.710Z,1787170363710,FAN_DT_001_F4_S09_R01_20260819T200604,1,398.879,FAULT_ACTIVE,F4,0.9,FAN_DT_001,3.0,process-model-3.0.0-build3,11251,1,LIVE,SYNCHRONISED,AUTOMATIC,HIGH_LOAD,65,1950,1950,0,145,307,0.3,0.345,24.8439,53.81,1.052,1,0.0258,0,212.98,23.4412,0.00697,1,0.18,3.272,5.4618,41.5,CRITICAL,F4,4,1,thermal_overload,0.9,1,1,,,,,36,0
2026-08-19T20:12:44.740Z,1787170364740,FAN_DT_001_F4_S09_R01_20260819T200604,1,399.909,FAULT_ACTIVE,F4,0.9,FAN_DT_001,3.0,process-model-3.0.0-build3,11252,1,LIVE,SYNCHRONISED,AUTOMATIC,HIGH_LOAD,65,1950,1950,0,145,307,0.3,0.345,24.82601,53.8,1.052,1,0.0258,0,212.98,23.502,0.00713,1,0.18,3.35,5.476,41.5,CRITICAL,F4,4,1,thermal_overload,0.9,1,1,,,,,36,0
2026-08-19T20:12:45.770Z,1787170365770,FAN_DT_001_F4_S09_R01_20260819T200604,1,400.939,FAULT_ACTIVE,F4,0.9,FAN_DT_001,3.0,process-model-3.0.0-build3,11253,1,LIVE,SYNCHRONISED,AUTOMATIC,HIGH_LOAD,65,1950,1950,0,145,307,0.3,0.345,24.80806,53.79,1.052,1,0.0258,0,212.98,23.5633,0.00732,1,0.18,3.439,5.4903,41.5,CRITICAL,F4,4,1,thermal_overload,0.9,1,1,,,,,36,0
2026-08-19T20:12:46.806Z,1787170366806,FAN_DT_001_F4_S09_R01_20260819T200604,1,401.975,FAULT_ACTIVE,F4,0.9,FAN_DT_001,3.0,process-model-3.0.0-build3,11254,1,LIVE,SYNCHRONISED,AUTOMATIC,HIGH_LOAD,65,1950,1950,0,145,307,0.3,0.345,24.79036,53.78,1.052,1,0.0258,0,212.98,23.6242,0.00748,1,0.18,3.514,5.5044,41.5,CRITICAL,F4,4,1,thermal_overload,0.9,1,1,,,,,36,0
2026-08-19T20:12:47.847Z,1787170367847,FAN_DT_001_F4_S09_R01_20260819T200604,1,403.015,FAULT_ACTIVE,F4,0.9,FAN_DT_001,3.0,process-model-3.0.0-build3,11255,1,LIVE,SYNCHRONISED,AUTOMATIC,HIGH_LOAD,65,1950,1950,0,145,307,0.3,0.345,24.77263,53.78,1.052,1,0.0258,0,212.98,23.6855,0.00763,1,0.18,3.582,5.5187,41.5,CRITICAL,F4,4,1,thermal_overload,0.9,1,1,,,,,36,0
2026-08-19T20:12:48.913Z,1787170368913,FAN_DT_001_F4_S09_R01_20260819T200604,1,404.082,FAULT_ACTIVE,F4,0.9,FAN_DT_001,3.0,process-model-3.0.0-build3,11256,1,LIVE,SYNCHRONISED,AUTOMATIC,HIGH_LOAD,65,1950,1950,0,145,307,0.3,0.345,24.75516,53.77,1.052,1,0.0258,0,212.98,23.7464,0.0078,1,0.18,3.664,5.5329,41.5,CRITICAL,F4,4,1,thermal_overload,0.9,1,1,,,,,36,0
2026-08-19T20:12:49.941Z,1787170369941,FAN_DT_001_F4_S09_R01_20260819T200604,1,405.11,FAULT_ACTIVE,F4,0.9,FAN_DT_001,3.0,process-model-3.0.0-build3,11257,1,LIVE,SYNCHRONISED,AUTOMATIC,HIGH_LOAD,65,1950,1950,0,145,307,0.3,0.345,24.73763,53.76,1.052,1,0.0258,0,212.98,23.8079,0.00796,1,0.18,3.738,5.5472,41.5,CRITICAL,F4,4,1,thermal_overload,0.9,1,1,,,,,36,0
2026-08-19T20:12:50.949Z,1787170370949,FAN_DT_001_F4_S09_R01_20260819T200604,1,406.118,FAULT_ACTIVE,F4,0.9,FAN_DT_001,3.0,process-model-3.0.0-build3,11258,1,LIVE,SYNCHRONISED,AUTOMATIC,HIGH_LOAD,65,1950,1950,0,145,307,0.3,0.345,24.72038,53.75,1.052,1,0.0258,0,212.98,23.8689,0.00809,1,0.18,3.799,5.5614,41.5,CRITICAL,F4,4,1,thermal_overload,0.9,1,1,,,,,36,0
2026-08-19T20:12:51.982Z,1787170371982,FAN_DT_001_F4_S09_R01_20260819T200604,1,407.151,FAULT_ACTIVE,F4,0.9,FAN_DT_001,3.0,process-model-3.0.0-build3,11259,1,LIVE,SYNCHRONISED,AUTOMATIC,HIGH_LOAD,65,1950,1950,0,145,307,0.3,0.345,24.70321,53.74,1.052,1,0.0258,0,212.98,23.9301,0.00823,1,0.18,3.867,5.5757,41.5,CRITICAL,F4,4,1,thermal_overload,0.9,1,1,,,,,36,0
2026-08-19T20:12:53.016Z,1787170373016,FAN_DT_001_F4_S09_R01_20260819T200604,1,408.185,FAULT_ACTIVE,F4,0.9,FAN_DT_001,3.0,process-model-3.0.0-build3,11260,1,LIVE,SYNCHRONISED,AUTOMATIC,HIGH_LOAD,65,1950,1950,0,145,307,0.3,0.345,24.68624,53.74,1.052,1,0.0258,0,212.98,23.9912,0.00838,1,0.18,3.932,5.59,41.5,CRITICAL,F4,4,1,thermal_overload,0.9,1,1,,,,,36,0
2026-08-19T20:12:54.049Z,1787170374049,FAN_DT_001_F4_S09_R01_20260819T200604,1,409.218,FAULT_ACTIVE,F4,0.9,FAN_DT_001,3.0,process-model-3.0.0-build3,11261,1,LIVE,SYNCHRONISED,AUTOMATIC,HIGH_LOAD,65,1950,1950,0,145,307,0.3,0.345,24.66953,53.73,1.052,1,0.0258,0,212.98,24.052,0.00853,1,0.18,4.005,5.6041,41.5,CRITICAL,F4,4,1,thermal_overload,0.9,1,1,,,,,36,0
2026-08-19T20:12:55.090Z,1787170375090,FAN_DT_001_F4_S09_R01_20260819T200604,1,410.258,FAULT_ACTIVE,F4,0.9,FAN_DT_001,3.0,process-model-3.0.0-build3,11262,1,LIVE,SYNCHRONISED,AUTOMATIC,HIGH_LOAD,65,1950,1950,0,145,307,0.3,0.345,24.65285,53.72,1.052,1,0.0258,0,212.98,24.1133,0.00864,1,0.18,4.058,5.6184,41.5,CRITICAL,F4,4,1,thermal_overload,0.9,1,1,,,,,36,0
2026-08-19T20:12:56.115Z,1787170376115,FAN_DT_001_F4_S09_R01_20260819T200604,1,411.284,FAULT_ACTIVE,F4,0.9,FAN_DT_001,3.0,process-model-3.0.0-build3,11263,1,LIVE,SYNCHRONISED,AUTOMATIC,HIGH_LOAD,65,1950,1950,0,145,307,0.3,0.345,24.63647,53.71,1.052,1,0.0258,0,212.98,24.1741,0.00877,1,0.18,4.12,5.6326,41.5,CRITICAL,F4,4,1,thermal_overload,0.9,1,1,,,,,36,0
2026-08-19T20:12:57.149Z,1787170377149,FAN_DT_001_F4_S09_R01_20260819T200604,1,412.318,FAULT_ACTIVE,F4,0.9,FAN_DT_001,3.0,process-model-3.0.0-build3,11264,1,LIVE,SYNCHRONISED,AUTOMATIC,HIGH_LOAD,65,1950,1950,0,145,307,0.3,0.345,24.62015,53.7,1.052,1,0.0258,0,212.98,24.2354,0.0089,1,0.18,4.179,5.6469,41.5,CRITICAL,F4,4,1,thermal_overload,0.9,1,1,,,,,36,0
2026-08-19T20:12:58.197Z,1787170378197,FAN_DT_001_F4_S09_R01_20260819T200604,1,413.366,FAULT_ACTIVE,F4,0.9,FAN_DT_001,3.0,process-model-3.0.0-build3,11265,1,LIVE,SYNCHRONISED,AUTOMATIC,HIGH_LOAD,65,1950,1950,0,145,307,0.3,0.345,24.60415,53.69,1.052,1,0.0258,0,212.98,24.2964,0.009,1,0.18,4.225,5.6611,41.5,CRITICAL,F4,4,1,thermal_overload,0.9,1,1,,,,,36,0
2026-08-19T20:12:59.228Z,1787170379228,FAN_DT_001_F4_S09_R01_20260819T200604,1,414.397,FAULT_ACTIVE,F4,0.9,FAN_DT_001,3.0,process-model-3.0.0-build3,11266,1,LIVE,SYNCHRONISED,AUTOMATIC,HIGH_LOAD,65,1950,1950,0,145,307,0.3,0.345,24.58824,53.68,1.052,1,0.0258,0,212.98,24.3577,0.00911,1,0.18,4.279,5.6753,41.5,CRITICAL,F4,4,1,thermal_overload,0.9,1,1,,,,,36,0
2026-08-19T20:13:00.257Z,1787170380257,FAN_DT_001_F4_S09_R01_20260819T200604,1,415.426,FAULT_ACTIVE,F4,0.9,FAN_DT_001,3.0,process-model-3.0.0-build3,11267,1,LIVE,SYNCHRONISED,AUTOMATIC,HIGH_LOAD,65,1950,1950,0,145,307,0.3,0.345,24.57263,53.67,1.052,1,0.0258,0,212.98,24.4186,0.00922,1,0.18,4.329,5.6895,41.5,CRITICAL,F4,4,1,thermal_overload,0.9,1,1,,,,,36,0
2026-08-19T20:13:01.290Z,1787170381290,FAN_DT_001_F4_S09_R01_20260819T200604,1,416.46,FAULT_ACTIVE,F4,0.9,FAN_DT_001,3.0,process-model-3.0.0-build3,11268,1,LIVE,SYNCHRONISED,AUTOMATIC,HIGH_LOAD,65,1950,1950,0,145,307,0.3,0.345,24.55718,53.66,1.052,1,0.0258,0,212.98,24.4799,0.00929,1,0.18,4.364,5.7038,41.5,CRITICAL,F4,4,1,thermal_overload,0.9,1,1,,,,,36,0
2026-08-19T20:13:02.325Z,1787170382325,FAN_DT_001_F4_S09_R01_20260819T200604,1,417.495,FAULT_ACTIVE,F4,0.9,FAN_DT_001,3.0,process-model-3.0.0-build3,11269,1,LIVE,SYNCHRONISED,AUTOMATIC,HIGH_LOAD,65,1950,1950,0,145,307,0.3,0.345,24.54201,53.65,1.052,1,0.0258,0,212.98,24.541,0.00939,1,0.18,4.41,5.718,41.5,CRITICAL,F4,4,1,thermal_overload,0.9,1,1,,,,,36,0
2026-08-19T20:13:03.361Z,1787170383361,FAN_DT_001_F4_S09_R01_20260819T200604,1,418.53,FAULT_ACTIVE,F4,0.9,FAN_DT_001,3.0,process-model-3.0.0-build3,11270,1,LIVE,SYNCHRONISED,AUTOMATIC,HIGH_LOAD,65,1950,1950,0,145,307,0.3,0.345,24.5271,53.64,1.052,1,0.0258,0,212.98,24.6021,0.00949,1,0.18,4.457,5.7323,41.5,CRITICAL,F4,4,1,thermal_overload,0.9,1,1,,,,,36,0
2026-08-19T20:13:04.417Z,1787170384417,FAN_DT_001_F4_S09_R01_20260819T200604,1,419.586,FAULT_ACTIVE,F4,0.9,FAN_DT_001,3.0,process-model-3.0.0-build3,11271,1,LIVE,SYNCHRONISED,AUTOMATIC,HIGH_LOAD,65,1950,1950,0,145,307,0.3,0.345,24.51234,53.63,1.052,1,0.0258,0,212.98,24.6634,0.00955,1,0.18,4.485,5.7466,41.5,CRITICAL,F4,4,1,thermal_overload,0.9,1,1,,,,,36,0
2026-08-19T20:13:05.434Z,1787170385434,FAN_DT_001_F4_S09_R01_20260819T200604,1,420.603,FAULT_ACTIVE,F4,0.9,FAN_DT_001,3.0,process-model-3.0.0-build3,11272,1,LIVE,SYNCHRONISED,AUTOMATIC,HIGH_LOAD,65,1950,1950,0,145,307,0.3,0.345,24.49797,53.62,1.052,1,0.0258,0,212.98,24.7243,0.00963,1,0.18,4.52,5.7608,41.5,CRITICAL,F4,4,1,thermal_overload,0.9,1,1,,,,,36,0
2026-08-19T20:13:06.462Z,1787170386462,FAN_DT_001_F4_S09_R01_20260819T200604,1,421.631,FAULT_ACTIVE,F4,0.9,FAN_DT_001,3.0,process-model-3.0.0-build3,11273,1,LIVE,SYNCHRONISED,AUTOMATIC,HIGH_LOAD,65,1950,1950,0,145,307,0.3,0.345,24.48376,53.61,1.052,1,0.0258,0,212.98,24.7856,0.00972,1,0.18,4.563,5.775,41.5,CRITICAL,F4,4,1,thermal_overload,0.9,1,1,,,,,36,0
2026-08-19T20:13:07.508Z,1787170387508,FAN_DT_001_F4_S09_R01_20260819T200604,1,422.677,FAULT_ACTIVE,F4,0.9,FAN_DT_001,3.0,process-model-3.0.0-build3,11274,1,LIVE,SYNCHRONISED,AUTOMATIC,HIGH_LOAD,65,1950,1950,0,145,307,0.3,0.345,24.4699,53.6,1.052,1,0.0258,0,212.98,24.8465,0.00977,1,0.18,4.588,5.7892,41.5,CRITICAL,F4,4,1,thermal_overload,0.9,1,1,,,,,36,0
2026-08-19T20:13:08.538Z,1787170388538,FAN_DT_001_F4_S09_R01_20260819T200604,1,423.707,FAULT_ACTIVE,F4,0.9,FAN_DT_001,3.0,process-model-3.0.0-build3,11275,1,LIVE,SYNCHRONISED,AUTOMATIC,HIGH_LOAD,65,1950,1950,0,145,307,0.3,0.345,24.45621,53.59,1.052,1,0.0258,0,212.98,24.9081,0.00983,1,0.18,4.618,5.8036,41.5,CRITICAL,F4,4,1,thermal_overload,0.9,1,1,,,,,36,0
2026-08-19T20:13:09.577Z,1787170389577,FAN_DT_001_F4_S09_R01_20260819T200604,1,424.746,FAULT_ACTIVE,F4,0.9,FAN_DT_001,3.0,process-model-3.0.0-build3,11276,1,LIVE,SYNCHRONISED,AUTOMATIC,HIGH_LOAD,65,1950,1950,0,145,307,0.3,0.345,24.44299,53.58,1.052,1,0.0258,0,212.98,24.9687,0.00987,1,0.18,4.635,5.8177,41.5,CRITICAL,F4,4,1,thermal_overload,0.9,1,1,,,,,36,0
2026-08-19T20:13:10.603Z,1787170390603,FAN_DT_001_F4_S09_R01_20260819T200604,1,425.772,FAULT_ACTIVE,F4,0.9,FAN_DT_001,3.0,process-model-3.0.0-build3,11277,1,LIVE,SYNCHRONISED,AUTOMATIC,HIGH_LOAD,65,1950,1950,0,145,307,0.3,0.345,24.42991,53.57,1.052,1,0.0258,0,212.98,25.03,0.00993,1,0.18,4.663,5.832,41.5,CRITICAL,F4,4,1,thermal_overload,0.9,1,1,,,,,36,0
2026-08-19T20:13:11.637Z,1787170391637,FAN_DT_001_F4_S09_R01_20260819T200604,1,426.806,FAULT_ACTIVE,F4,0.9,FAN_DT_001,3.0,process-model-3.0.0-build3,11278,1,LIVE,SYNCHRONISED,AUTOMATIC,HIGH_LOAD,65,1950,1950,0,145,307,0.3,0.345,24.41719,53.56,1.052,1,0.0258,0,212.98,25.091,0.00997,1,0.18,4.681,5.8462,41.5,CRITICAL,F4,4,1,thermal_overload,0.9,1,1,,,,,36,0
2026-08-19T20:13:12.671Z,1787170392671,FAN_DT_001_F4_S09_R01_20260819T200604,1,427.84,FAULT_ACTIVE,F4,0.9,FAN_DT_001,3.0,process-model-3.0.0-build3,11279,1,LIVE,SYNCHRONISED,AUTOMATIC,HIGH_LOAD,65,1950,1950,0,145,307,0.3,0.345,24.40476,53.55,1.052,1,0.0258,0,212.98,25.1522,0.00999,1,0.18,4.691,5.8605,41.5,CRITICAL,F4,4,1,thermal_overload,0.9,1,1,,,,,36,0
2026-08-19T20:13:13.715Z,1787170393715,FAN_DT_001_F4_S09_R01_20260819T200604,1,428.889,FAULT_ACTIVE,F4,0.9,FAN_DT_001,3.0,process-model-3.0.0-build3,11280,1,LIVE,SYNCHRONISED,AUTOMATIC,HIGH_LOAD,65,1950,1950,0,145,307,0.3,0.345,24.39266,53.54,1.052,1,0.0258,0,212.98,25.2133,0.01003,1,0.18,4.709,5.8747,41.5,CRITICAL,F4,4,1,thermal_overload,0.9,1,1,,,,,36,0
2026-08-19T20:13:14.740Z,1787170394740,FAN_DT_001_F4_S09_R01_20260819T200604,1,429.91,FAULT_ACTIVE,F4,0.9,FAN_DT_001,3.0,process-model-3.0.0-build3,11281,1,LIVE,SYNCHRONISED,AUTOMATIC,HIGH_LOAD,65,1950,1950,0,145,307,0.3,0.345,24.38089,53.53,1.052,1,0.0258,0,212.98,25.2742,0.01005,1,0.18,4.719,5.8889,41.5,CRITICAL,F4,4,1,thermal_overload,0.9,1,1,,,,,36,0
2026-08-19T20:13:15.771Z,1787170395771,FAN_DT_001_F4_S09_R01_20260819T200604,1,430.94,FAULT_ACTIVE,F4,0.9,FAN_DT_001,3.0,process-model-3.0.0-build3,11282,1,LIVE,SYNCHRONISED,AUTOMATIC,HIGH_LOAD,65,1950,1950,0,145,307,0.3,0.345,24.36941,53.52,1.052,1,0.0258,0,212.98,25.3354,0.01005,1,0.18,4.721,5.9032,41.5,CRITICAL,F4,4,1,thermal_overload,0.9,1,1,,,,,36,0
2026-08-19T20:13:16.840Z,1787170396840,FAN_DT_001_F4_S09_R01_20260819T200604,1,432.009,FAULT_ACTIVE,F4,0.9,FAN_DT_001,3.0,process-model-3.0.0-build3,11283,1,LIVE,SYNCHRONISED,AUTOMATIC,HIGH_LOAD,65,1950,1950,0,145,307,0.3,0.345,24.35834,53.51,1.052,1,0.0258,0,212.98,25.3962,0.01009,1,0.18,4.74,5.9173,41.5,CRITICAL,F4,4,1,thermal_overload,0.9,1,1,,,,,36,0
2026-08-19T20:13:17.838Z,1787170397838,FAN_DT_001_F4_S09_R01_20260819T200604,1,433.007,FAULT_ACTIVE,F4,0.9,FAN_DT_001,3.0,process-model-3.0.0-build3,11284,1,LIVE,SYNCHRONISED,AUTOMATIC,HIGH_LOAD,65,1950,1950,0,145,307,0.3,0.345,24.3475,53.5,1.052,1,0.0258,0,212.98,25.4575,0.01008,1,0.18,4.734,5.9316,41.5,CRITICAL,F4,4,1,thermal_overload,0.9,1,1,,,,,36,0
2026-08-19T20:13:18.880Z,1787170398880,FAN_DT_001_F4_S09_R01_20260819T200604,1,434.05,FAULT_ACTIVE,F4,0.9,FAN_DT_001,3.0,process-model-3.0.0-build3,11285,1,LIVE,SYNCHRONISED,AUTOMATIC,HIGH_LOAD,65,1950,1950,0,145,307,0.3,0.345,24.33709,53.49,1.052,1,0.0258,0,212.98,25.5184,0.01008,1,0.18,4.731,5.9458,41.5,CRITICAL,F4,4,1,thermal_overload,0.9,1,1,,,,,36,0
2026-08-19T20:13:19.907Z,1787170399907,FAN_DT_001_F4_S09_R01_20260819T200604,1,435.076,FAULT_ACTIVE,F4,0.9,FAN_DT_001,3.0,process-model-3.0.0-build3,11286,1,LIVE,SYNCHRONISED,AUTOMATIC,HIGH_LOAD,65,1950,1950,0,145,307,0.3,0.345,24.32694,53.48,1.052,1,0.0258,0,212.98,25.5798,0.01008,1,0.18,4.734,5.9601,41.5,CRITICAL,F4,4,1,thermal_overload,0.9,1,1,,,,,36,0
2026-08-19T20:13:20.950Z,1787170400950,FAN_DT_001_F4_S09_R01_20260819T200604,1,436.119,FAULT_ACTIVE,F4,0.9,FAN_DT_001,3.0,process-model-3.0.0-build3,11287,1,LIVE,SYNCHRONISED,AUTOMATIC,HIGH_LOAD,65,1950,1950,0,145,307,0.3,0.345,24.31719,53.47,1.052,1,0.0258,0,212.98,25.6409,0.01006,1,0.18,4.722,5.9743,41.5,CRITICAL,F4,4,1,thermal_overload,0.9,1,1,,,,,36,0
2026-08-19T20:13:22.020Z,1787170402020,FAN_DT_001_F4_S09_R01_20260819T200604,1,437.189,FAULT_ACTIVE,F4,0.9,FAN_DT_001,3.0,process-model-3.0.0-build3,11288,1,LIVE,SYNCHRONISED,AUTOMATIC,HIGH_LOAD,65,1950,1950,0,145,307,0.3,0.345,24.30778,53.46,1.052,1,0.0258,0,212.98,25.7021,0.01005,1,0.18,4.719,5.9886,41.5,CRITICAL,F4,4,1,thermal_overload,0.9,1,1,,,,,36,0
2026-08-19T20:13:23.017Z,1787170403017,FAN_DT_001_F4_S09_R01_20260819T200604,1,438.186,FAULT_ACTIVE,F4,0.9,FAN_DT_001,3.0,process-model-3.0.0-build3,11289,1,LIVE,SYNCHRONISED,AUTOMATIC,HIGH_LOAD,65,1950,1950,0,145,307,0.3,0.345,24.29873,53.45,1.052,1,0.0258,0,212.98,25.7634,0.01002,1,0.18,4.703,6.0029,41.5,CRITICAL,F4,4,1,thermal_overload,0.9,1,1,,,,,36,0
2026-08-19T20:13:24.071Z,1787170404071,FAN_DT_001_F4_S09_R01_20260819T200604,1,439.24,FAULT_ACTIVE,F4,0.9,FAN_DT_001,3.0,process-model-3.0.0-build3,11290,1,LIVE,SYNCHRONISED,AUTOMATIC,HIGH_LOAD,65,1950,1950,0,145,307,0.3,0.345,24.29011,53.44,1.052,1,0.0258,0,212.98,25.8244,0.01001,1,0.18,4.698,6.0171,41.5,CRITICAL,F4,4,1,thermal_overload,0.9,1,1,,,,,36,0
2026-08-19T20:13:25.079Z,1787170405079,FAN_DT_001_F4_S09_R01_20260819T200604,1,440.248,FAULT_ACTIVE,F4,0.9,FAN_DT_001,3.0,process-model-3.0.0-build3,11291,1,LIVE,SYNCHRONISED,AUTOMATIC,HIGH_LOAD,65,1950,1950,0,145,307,0.3,0.345,24.28185,53.43,1.052,1,0.0258,0,212.98,25.8852,0.00996,1,0.18,4.677,6.0313,41.5,CRITICAL,F4,4,1,thermal_overload,0.9,1,1,,,,,36,0
2026-08-19T20:13:26.156Z,1787170406156,FAN_DT_001_F4_S09_R01_20260819T200604,1,441.326,FAULT_ACTIVE,F4,0.9,FAN_DT_001,3.0,process-model-3.0.0-build3,11292,1,LIVE,SYNCHRONISED,AUTOMATIC,HIGH_LOAD,65,1950,1950,0,145,307,0.3,0.345,24.27395,53.42,1.052,1,0.0258,0,212.98,25.9463,0.00994,1,0.18,4.668,6.0455,41.5,CRITICAL,F4,4,1,thermal_overload,0.9,1,1,,,,,36,0
2026-08-19T20:13:27.150Z,1787170407150,FAN_DT_001_F4_S09_R01_20260819T200604,1,442.321,FAULT_ACTIVE,F4,0.9,FAN_DT_001,3.0,process-model-3.0.0-build3,11293,1,LIVE,SYNCHRONISED,AUTOMATIC,HIGH_LOAD,65,1950,1950,0,145,307,0.3,0.345,24.26643,53.41,1.052,1,0.0258,0,212.98,26.0075,0.00987,1,0.18,4.634,6.0598,41.5,CRITICAL,F4,4,1,thermal_overload,0.9,1,1,,,,,36,0
2026-08-19T20:13:28.184Z,1787170408184,FAN_DT_001_F4_S09_R01_20260819T200604,1,443.358,FAULT_ACTIVE,F4,0.9,FAN_DT_001,3.0,process-model-3.0.0-build3,11294,1,LIVE,SYNCHRONISED,AUTOMATIC,HIGH_LOAD,65,1950,1950,0,145,307,0.3,0.345,24.2593,53.4,1.052,1,0.0258,0,212.98,26.0686,0.00983,1,0.18,4.614,6.074,41.5,CRITICAL,F4,4,1,thermal_overload,0.9,1,1,,,,,36,0
2026-08-19T20:13:29.221Z,1787170409221,FAN_DT_001_F4_S09_R01_20260819T200604,1,444.394,FAULT_ACTIVE,F4,0.9,FAN_DT_001,3.0,process-model-3.0.0-build3,11295,1,LIVE,SYNCHRONISED,AUTOMATIC,HIGH_LOAD,65,1950,1950,0,145,307,0.3,0.345,24.25258,53.39,1.052,1,0.0258,0,212.98,26.1294,0.00978,1,0.18,4.59,6.0882,41.5,CRITICAL,F4,4,1,thermal_overload,0.9,1,1,,,,,36,0
2026-08-19T20:13:30.252Z,1787170410252,FAN_DT_001_F4_S09_R01_20260819T200604,1,445.423,FAULT_ACTIVE,F4,0.9,FAN_DT_001,3.0,process-model-3.0.0-build3,11296,1,LIVE,SYNCHRONISED,AUTOMATIC,HIGH_LOAD,65,1950,1950,0,145,307,0.3,0.345,24.2462,53.38,1.052,1,0.0258,0,212.98,26.1909,0.00972,1,0.18,4.562,6.1025,41.5,CRITICAL,F4,4,1,thermal_overload,0.9,1,1,,,,,36,0
2026-08-19T20:13:31.336Z,1787170411336,FAN_DT_001_F4_S09_R01_20260819T200604,1,446.509,FAULT_ACTIVE,F4,0.9,FAN_DT_001,3.0,process-model-3.0.0-build3,11297,1,LIVE,SYNCHRONISED,AUTOMATIC,HIGH_LOAD,65,1950,1950,0,145,307,0.3,0.345,24.24027,53.37,1.052,1,0.0258,0,212.98,26.2517,0.00964,1,0.18,4.526,6.1167,41.5,CRITICAL,F4,4,1,thermal_overload,0.9,1,1,,,,,36,0
2026-08-19T20:13:32.320Z,1787170412320,FAN_DT_001_F4_S09_R01_20260819T200604,1,447.489,FAULT_ACTIVE,F4,0.9,FAN_DT_001,3.0,process-model-3.0.0-build3,11298,1,LIVE,SYNCHRONISED,AUTOMATIC,HIGH_LOAD,65,1950,1950,0,145,307,0.3,0.345,24.23471,53.36,1.052,1,0.0258,0,212.98,26.3129,0.00957,1,0.18,4.492,6.1309,41.5,CRITICAL,F4,4,1,thermal_overload,0.9,1,1,,,,,36,0
2026-08-19T20:13:33.359Z,1787170413359,FAN_DT_001_F4_S09_R01_20260819T200604,1,448.527,FAULT_ACTIVE,F4,0.9,FAN_DT_001,3.0,process-model-3.0.0-build3,11299,1,LIVE,SYNCHRONISED,AUTOMATIC,HIGH_LOAD,65,1950,1950,0,145,307,0.3,0.345,24.22957,53.35,1.052,1,0.0258,0,212.98,26.374,0.00951,1,0.18,4.464,6.1451,41.5,CRITICAL,F4,4,1,thermal_overload,0.9,1,1,,,,,36,0
2026-08-19T20:13:34.391Z,1787170414391,FAN_DT_001_F4_S09_R01_20260819T200604,1,449.56,FAULT_ACTIVE,F4,0.9,FAN_DT_001,3.0,process-model-3.0.0-build3,11300,1,LIVE,SYNCHRONISED,AUTOMATIC,HIGH_LOAD,65,1950,1950,0,145,307,0.3,0.345,24.22481,53.34,1.052,1,0.0258,0,212.98,26.4352,0.00942,1,0.18,4.421,6.1594,41.5,CRITICAL,F4,4,1,thermal_overload,0.9,1,1,,,,,36,0
2026-08-19T20:13:35.429Z,1787170415429,FAN_DT_001_F4_S09_R01_20260819T200604,1,450.597,FAULT_ACTIVE,F4,0.9,FAN_DT_001,3.0,process-model-3.0.0-build3,11301,1,LIVE,SYNCHRONISED,AUTOMATIC,HIGH_LOAD,65,1950,1950,0,145,307,0.3,0.345,24.22048,53.33,1.052,1,0.0258,0,212.98,26.4963,0.00933,1,0.18,4.383,6.1736,41.5,CRITICAL,F4,4,1,thermal_overload,0.9,1,1,,,,,36,0
2026-08-19T20:13:36.461Z,1787170416461,FAN_DT_001_F4_S09_R01_20260819T200604,1,451.63,FAULT_ACTIVE,F4,0.9,FAN_DT_001,3.0,process-model-3.0.0-build3,11302,1,LIVE,SYNCHRONISED,AUTOMATIC,HIGH_LOAD,65,1950,1950,0,145,307,0.3,0.345,24.21656,53.32,1.052,1,0.0258,0,212.98,26.5573,0.00922,1,0.18,4.33,6.1879,41.5,CRITICAL,F4,4,1,thermal_overload,0.9,1,1,,,,,36,0
2026-08-19T20:13:37.492Z,1787170417492,FAN_DT_001_F4_S09_R01_20260819T200604,1,452.662,FAULT_ACTIVE,F4,0.9,FAN_DT_001,3.0,process-model-3.0.0-build3,11303,1,LIVE,SYNCHRONISED,AUTOMATIC,HIGH_LOAD,65,1950,1950,0,145,307,0.3,0.345,24.21305,53.31,1.052,1,0.0258,0,212.98,26.6185,0.00913,1,0.18,4.287,6.2021,41.5,CRITICAL,F4,4,1,thermal_overload,0.9,1,1,,,,,36,0
2026-08-19T20:13:38.534Z,1787170418534,FAN_DT_001_F4_S09_R01_20260819T200604,1,453.703,FAULT_ACTIVE,F4,0.9,FAN_DT_001,3.0,process-model-3.0.0-build3,11304,1,LIVE,SYNCHRONISED,AUTOMATIC,HIGH_LOAD,65,1950,1950,0,145,307,0.3,0.345,24.20997,53.3,1.052,1,0.0258,0,212.98,26.6793,0.00903,1,0.18,4.24,6.2163,41.5,CRITICAL,F4,4,1,thermal_overload,0.9,1,1,,,,,36,0
2026-08-19T20:13:39.572Z,1787170419572,FAN_DT_001_F4_S09_R01_20260819T200604,1,454.741,FAULT_ACTIVE,F4,0.9,FAN_DT_001,3.0,process-model-3.0.0-build3,11305,1,LIVE,SYNCHRONISED,AUTOMATIC,HIGH_LOAD,65,1950,1950,0,145,307,0.3,0.345,24.20727,53.29,1.052,1,0.0258,0,212.98,26.7408,0.00891,1,0.18,4.184,6.2306,41.5,CRITICAL,F4,4,1,thermal_overload,0.9,1,1,,,,,36,0
2026-08-19T20:13:40.618Z,1787170420618,FAN_DT_001_F4_S09_R01_20260819T200604,1,455.787,FAULT_ACTIVE,F4,0.9,FAN_DT_001,3.0,process-model-3.0.0-build3,11306,1,LIVE,SYNCHRONISED,AUTOMATIC,HIGH_LOAD,65,1950,1950,0,145,307,0.3,0.345,24.20501,53.28,1.052,1,0.0258,0,212.98,26.8018,0.00881,1,0.18,4.139,6.2448,41.5,CRITICAL,F4,4,1,thermal_overload,0.9,1,1,,,,,36,0
2026-08-19T20:13:41.819Z,1787170421819,FAN_DT_001_F4_S09_R01_20260819T200604,1,456.988,FAULT_ACTIVE,F4,0.9,FAN_DT_001,3.0,process-model-3.0.0-build3,11307,1,LIVE,SYNCHRONISED,AUTOMATIC,HIGH_LOAD,65,1950,1950,0,145,307,0.3,0.345,24.20316,53.27,1.052,1,0.0258,0,212.98,26.8632,0.00869,1,0.18,4.08,6.2591,41.5,CRITICAL,F4,4,1,thermal_overload,0.9,1,1,,,,,36,0
2026-08-19T20:13:42.759Z,1787170422759,FAN_DT_001_F4_S09_R01_20260819T200604,1,457.928,FAULT_ACTIVE,F4,0.9,FAN_DT_001,3.0,process-model-3.0.0-build3,11308,1,LIVE,SYNCHRONISED,AUTOMATIC,HIGH_LOAD,65,1950,1950,0,145,307,0.3,0.345,24.20174,53.26,1.052,1,0.0258,0,212.98,26.9242,0.00855,1,0.18,4.016,6.2733,41.5,CRITICAL,F4,4,1,thermal_overload,0.9,1,1,,,,,36,0
2026-08-19T20:13:43.731Z,1787170423731,FAN_DT_001_F4_S09_R01_20260819T200604,1,458.9,FAULT_ACTIVE,F4,0.9,FAN_DT_001,3.0,process-model-3.0.0-build3,11309,1,LIVE,SYNCHRONISED,AUTOMATIC,HIGH_LOAD,65,1950,1950,0,145,307,0.3,0.345,24.20075,53.25,1.052,1,0.0258,0,212.98,26.9851,0.00844,1,0.18,3.963,6.2875,41.5,CRITICAL,F4,4,1,thermal_overload,0.9,1,1,,,,,36,0
2026-08-19T20:13:44.733Z,1787170424733,FAN_DT_001_F4_S09_R01_20260819T200604,1,459.902,FAULT_ACTIVE,F4,0.9,FAN_DT_001,3.0,process-model-3.0.0-build3,11310,1,LIVE,SYNCHRONISED,AUTOMATIC,HIGH_LOAD,65,1950,1950,0,145,307,0.3,0.345,24.20016,53.24,1.052,1,0.0258,0,212.98,27.0462,0.00829,1,0.18,3.89,6.3018,41.5,CRITICAL,F4,4,1,thermal_overload,0.9,1,1,,,,,36,0
2026-08-19T20:13:45.827Z,1787170425827,FAN_DT_001_F4_S09_R01_20260819T200604,1,460.996,FAULT_ACTIVE,F4,0.9,FAN_DT_001,3.0,process-model-3.0.0-build3,11311,1,LIVE,SYNCHRONISED,AUTOMATIC,HIGH_LOAD,65,1950,1950,0,145,307,0.3,0.345,24.2,53.24,1.052,1,0.0258,0,212.98,27.1072,0.00815,1,0.18,3.829,6.316,41.5,CRITICAL,F4,4,1,thermal_overload,0.9,1,1,,,,,36,0
2026-08-19T20:13:46.840Z,1787170426840,FAN_DT_001_F4_S09_R01_20260819T200604,1,462.009,FAULT_ACTIVE,F4,0.9,FAN_DT_001,3.0,process-model-3.0.0-build3,11312,1,LIVE,SYNCHRONISED,AUTOMATIC,HIGH_LOAD,65,1950,1950,0,145,307,0.3,0.345,24.20027,53.23,1.052,1,0.0258,0,212.98,27.1686,0.00802,1,0.18,3.767,6.3303,41.5,CRITICAL,F4,4,1,thermal_overload,0.9,1,1,,,,,36,0
2026-08-19T20:13:47.842Z,1787170427842,FAN_DT_001_F4_S09_R01_20260819T200604,1,463.011,FAULT_ACTIVE,F4,0.9,FAN_DT_001,3.0,process-model-3.0.0-build3,11313,1,LIVE,SYNCHRONISED,AUTOMATIC,HIGH_LOAD,65,1950,1950,0,145,307,0.3,0.345,24.20094,53.22,1.052,1,0.0258,0,212.98,27.2294,0.00786,1,0.18,3.692,6.3445,41.5,CRITICAL,F4,4,1,thermal_overload,0.9,1,1,,,,,36,0
2026-08-19T20:13:48.909Z,1787170428909,FAN_DT_001_F4_S09_R01_20260819T200604,1,464.078,FAULT_ACTIVE,F4,0.9,FAN_DT_001,3.0,process-model-3.0.0-build3,11314,1,LIVE,SYNCHRONISED,AUTOMATIC,HIGH_LOAD,65,1950,1950,0,145,307,0.3,0.345,24.20206,53.21,1.052,1,0.0258,0,212.98,27.2913,0.00772,1,0.18,3.625,6.3589,41.5,CRITICAL,F4,4,1,thermal_overload,0.9,1,1,,,,,36,0
2026-08-19T20:13:49.920Z,1787170429920,FAN_DT_001_F4_S09_R01_20260819T200604,1,465.089,FAULT_ACTIVE,F4,0.9,FAN_DT_001,3.0,process-model-3.0.0-build3,11315,1,LIVE,SYNCHRONISED,AUTOMATIC,HIGH_LOAD,65,1950,1950,0,145,307,0.3,0.345,24.20358,53.2,1.052,1,0.0258,0,212.98,27.3521,0.00757,1,0.18,3.555,6.373,41.5,CRITICAL,F4,4,1,thermal_overload,0.9,1,1,,,,,36,0
2026-08-19T20:13:50.952Z,1787170430952,FAN_DT_001_F4_S09_R01_20260819T200604,1,466.121,FAULT_ACTIVE,F4,0.9,FAN_DT_001,3.0,process-model-3.0.0-build3,11316,1,LIVE,SYNCHRONISED,AUTOMATIC,HIGH_LOAD,65,1950,1950,0,145,307,0.3,0.345,24.20554,53.2,1.052,1,0.0258,0,212.98,27.4135,0.00739,1,0.18,3.468,6.3874,41.5,CRITICAL,F4,4,1,thermal_overload,0.9,1,1,,,,,36,0
2026-08-19T20:13:52.023Z,1787170432023,FAN_DT_001_F4_S09_R01_20260819T200604,1,467.192,FAULT_ACTIVE,F4,0.9,FAN_DT_001,3.0,process-model-3.0.0-build3,11317,1,LIVE,SYNCHRONISED,AUTOMATIC,HIGH_LOAD,65,1950,1950,0,145,307,0.3,0.345,24.2079,53.19,1.052,1,0.0258,0,212.98,27.4743,0.00724,1,0.18,3.402,6.4015,41.5,CRITICAL,F4,4,1,thermal_overload,0.9,1,1,,,,,36,0
2026-08-19T20:13:53.045Z,1787170433045,FAN_DT_001_F4_S09_R01_20260819T200604,1,468.214,FAULT_ACTIVE,F4,0.9,FAN_DT_001,3.0,process-model-3.0.0-build3,11318,1,LIVE,SYNCHRONISED,AUTOMATIC,HIGH_LOAD,65,1950,1950,0,145,307,0.3,0.345,24.21069,53.18,1.052,1,0.0258,0,212.98,27.5356,0.00705,1,0.18,3.312,6.4158,41.5,CRITICAL,F4,4,1,thermal_overload,0.9,1,1,,,,,36,0
2026-08-19T20:13:54.053Z,1787170434053,FAN_DT_001_F4_S09_R01_20260819T200604,1,469.222,FAULT_ACTIVE,F4,0.9,FAN_DT_001,3.0,process-model-3.0.0-build3,11319,1,LIVE,SYNCHRONISED,AUTOMATIC,HIGH_LOAD,65,1950,1950,0,145,307,0.3,0.345,24.21387,53.17,1.052,1,0.0258,0,212.98,27.5965,0.0069,1,0.18,3.24,6.43,41.5,CRITICAL,F4,4,1,thermal_overload,0.9,1,1,,,,,36,0
2026-08-19T20:13:55.445Z,1787170435445,FAN_DT_001_F4_S09_R01_20260819T200604,1,470.614,FAULT_ACTIVE,F4,0.9,FAN_DT_001,3.0,process-model-3.0.0-build3,11320,1,LIVE,SYNCHRONISED,AUTOMATIC,HIGH_LOAD,65,1950,1950,0,145,307,0.3,0.345,24.2175,53.17,1.052,1,0.0258,0,212.98,27.658,0.00672,1,0.18,3.156,6.4443,41.5,CRITICAL,F4,4,1,thermal_overload,0.9,1,1,,,,,36,0
2026-08-19T20:13:56.148Z,1787170436148,FAN_DT_001_F4_S09_R01_20260819T200604,1,471.317,FAULT_ACTIVE,F4,0.9,FAN_DT_001,3.0,process-model-3.0.0-build3,11321,1,LIVE,SYNCHRONISED,AUTOMATIC,HIGH_LOAD,65,1950,1950,0,145,307,0.3,0.345,24.22155,53.16,1.052,1,0.0258,0,212.98,27.7194,0.00653,1,0.18,3.067,6.4586,41.5,CRITICAL,F4,4,1,thermal_overload,0.9,1,1,,,,,36,0
2026-08-19T20:13:57.182Z,1787170437182,FAN_DT_001_F4_S09_R01_20260819T200604,1,472.351,FAULT_ACTIVE,F4,0.9,FAN_DT_001,3.0,process-model-3.0.0-build3,11322,1,LIVE,SYNCHRONISED,AUTOMATIC,HIGH_LOAD,65,1950,1950,0,145,307,0.3,0.345,24.22602,53.15,1.052,1,0.0258,0,212.98,27.7808,0.00636,1,0.18,2.985,6.4729,41.5,CRITICAL,F4,4,1,thermal_overload,0.9,1,1,,,,,36,0
2026-08-19T20:13:58.218Z,1787170438218,FAN_DT_001_F4_S09_R01_20260819T200604,1,473.387,FAULT_ACTIVE,F4,0.9,FAN_DT_001,3.0,process-model-3.0.0-build3,11323,1,LIVE,SYNCHRONISED,AUTOMATIC,HIGH_LOAD,65,1950,1950,0,145,307,0.3,0.345,24.23086,53.15,1.052,1,0.0258,0,212.98,27.8418,0.00616,1,0.18,2.89,6.4871,41.5,CRITICAL,F4,4,1,thermal_overload,0.9,1,1,,,,,36,0
2026-08-19T20:13:59.282Z,1787170439282,FAN_DT_001_F4_S09_R01_20260819T200604,1,474.451,FAULT_ACTIVE,F4,0.9,FAN_DT_001,3.0,process-model-3.0.0-build3,11324,1,LIVE,SYNCHRONISED,AUTOMATIC,HIGH_LOAD,65,1950,1950,0,145,307,0.3,0.345,24.23611,53.14,1.052,1,0.0258,0,212.98,27.9028,0.00598,1,0.18,2.806,6.5014,41.5,CRITICAL,F4,4,1,thermal_overload,0.9,1,1,,,,,36,0
2026-08-19T20:14:00.272Z,1787170440272,FAN_DT_001_F4_S09_R01_20260819T200604,1,475.441,FAULT_ACTIVE,F4,0.9,FAN_DT_001,3.0,process-model-3.0.0-build3,11325,1,LIVE,SYNCHRONISED,AUTOMATIC,HIGH_LOAD,65,1950,1950,0,145,307,0.3,0.345,24.24177,53.13,1.052,1,0.0258,0,212.98,27.9641,0.00578,1,0.18,2.715,6.5156,41.5,CRITICAL,F4,4,1,thermal_overload,0.9,1,1,,,,,36,0
2026-08-19T20:14:01.320Z,1787170441320,FAN_DT_001_F4_S09_R01_20260819T200604,1,476.489,FAULT_ACTIVE,F4,0.9,FAN_DT_001,3.0,process-model-3.0.0-build3,11326,1,LIVE,SYNCHRONISED,AUTOMATIC,HIGH_LOAD,65,1950,1950,0,145,307,0.3,0.345,24.24781,53.13,1.052,1,0.0258,0,212.98,28.025,0.00558,1,0.18,2.618,6.5298,41.5,CRITICAL,F4,4,1,thermal_overload,0.9,1,1,,,,,36,0
2026-08-19T20:14:02.398Z,1787170442398,FAN_DT_001_F4_S09_R01_20260819T200604,1,477.567,FAULT_ACTIVE,F4,0.9,FAN_DT_001,3.0,process-model-3.0.0-build3,11327,1,LIVE,SYNCHRONISED,AUTOMATIC,HIGH_LOAD,65,1950,1950,0,145,307,0.3,0.345,24.25427,53.12,1.052,1,0.0258,0,212.98,28.0862,0.00539,1,0.18,2.53,6.5441,41.5,CRITICAL,F4,4,1,thermal_overload,0.9,1,1,,,,,36,0
2026-08-19T20:14:03.376Z,1787170443376,FAN_DT_001_F4_S09_R01_20260819T200604,1,478.545,FAULT_ACTIVE,F4,0.9,FAN_DT_001,3.0,process-model-3.0.0-build3,11328,1,LIVE,SYNCHRONISED,AUTOMATIC,HIGH_LOAD,65,1950,1950,0,145,307,0.3,0.345,24.26109,53.12,1.052,1,0.0258,0,212.98,28.1471,0.00517,1,0.18,2.429,6.5583,41.5,CRITICAL,F4,4,1,thermal_overload,0.9,1,1,,,,,36,0
2026-08-19T20:14:04.413Z,1787170444413,FAN_DT_001_F4_S09_R01_20260819T200604,1,479.582,FAULT_ACTIVE,F4,0.9,FAN_DT_001,3.0,process-model-3.0.0-build3,11329,1,LIVE,SYNCHRONISED,AUTOMATIC,HIGH_LOAD,65,1950,1950,0,145,307,0.3,0.345,24.26833,53.11,1.052,1,0.0258,0,212.98,28.2083,0.00496,1,0.18,2.331,6.5725,41.5,CRITICAL,F4,4,1,thermal_overload,0.9,1,1,,,,,36,0
2026-08-19T20:14:05.472Z,1787170445472,FAN_DT_001_F4_S09_R01_20260819T200604,1,480.641,FAULT_ACTIVE,F4,0.9,FAN_DT_001,3.0,process-model-3.0.0-build3,11330,1,LIVE,SYNCHRONISED,AUTOMATIC,HIGH_LOAD,65,1950,1950,0,145,307,0.3,0.345,24.27594,53.11,1.052,1,0.0258,0,212.98,28.2694,0.00477,1,0.18,2.239,6.5868,41.5,CRITICAL,F4,4,1,thermal_overload,0.9,1,1,,,,,36,0
2026-08-19T20:14:06.478Z,1787170446478,FAN_DT_001_F4_S09_R01_20260819T200604,1,481.647,FAULT_ACTIVE,F4,0.9,FAN_DT_001,3.0,process-model-3.0.0-build3,11331,1,LIVE,SYNCHRONISED,AUTOMATIC,HIGH_LOAD,65,1950,1950,0,145,307,0.3,0.345,24.28395,53.1,1.052,1,0.0258,0,212.98,28.3306,0.00454,1,0.18,2.132,6.601,41.5,CRITICAL,F4,4,1,thermal_overload,0.9,1,1,,,,,36,0
2026-08-19T20:14:07.519Z,1787170447519,FAN_DT_001_F4_S09_R01_20260819T200604,1,482.688,FAULT_ACTIVE,F4,0.9,FAN_DT_001,3.0,process-model-3.0.0-build3,11332,1,LIVE,SYNCHRONISED,AUTOMATIC,HIGH_LOAD,65,1950,1950,0,145,307,0.3,0.345,24.29232,53.1,1.052,1,0.0258,0,212.98,28.3915,0.00434,1,0.18,2.035,6.6152,41.5,CRITICAL,F4,4,1,thermal_overload,0.9,1,1,,,,,36,0
2026-08-19T20:14:08.571Z,1787170448571,FAN_DT_001_F4_S09_R01_20260819T200604,1,483.74,FAULT_ACTIVE,F4,0.9,FAN_DT_001,3.0,process-model-3.0.0-build3,11333,1,LIVE,SYNCHRONISED,AUTOMATIC,HIGH_LOAD,65,1950,1950,0,145,307,0.3,0.345,24.30106,53.09,1.052,1,0.0258,0,212.98,28.4526,0.00412,1,0.18,1.933,6.6295,41.5,CRITICAL,F4,4,1,thermal_overload,0.9,1,1,,,,,36,0
2026-08-19T20:14:09.576Z,1787170449576,FAN_DT_001_F4_S09_R01_20260819T200604,1,484.745,FAULT_ACTIVE,F4,0.9,FAN_DT_001,3.0,process-model-3.0.0-build3,11334,1,LIVE,SYNCHRONISED,AUTOMATIC,HIGH_LOAD,65,1950,1950,0,145,307,0.3,0.345,24.31014,53.09,1.052,1,0.0258,0,212.98,28.5135,0.0039,1,0.18,1.832,6.6437,41.5,CRITICAL,F4,4,1,thermal_overload,0.9,1,1,,,,,36,0
2026-08-19T20:14:10.635Z,1787170450635,FAN_DT_001_F4_S09_R01_20260819T200604,1,485.803,FAULT_ACTIVE,F4,0.9,FAN_DT_001,3.0,process-model-3.0.0-build3,11335,1,LIVE,SYNCHRONISED,AUTOMATIC,HIGH_LOAD,65,1950,1950,0,145,307,0.3,0.345,24.31963,53.08,1.052,1,0.0258,0,212.98,28.5747,0.00366,1,0.18,1.72,6.6579,41.5,CRITICAL,F4,4,1,thermal_overload,0.9,1,1,,,,,36,0
2026-08-19T20:14:11.616Z,1787170451616,FAN_DT_001_F4_S09_R01_20260819T200604,1,486.786,FAULT_ACTIVE,F4,0.9,FAN_DT_001,3.0,process-model-3.0.0-build3,11336,1,LIVE,SYNCHRONISED,AUTOMATIC,HIGH_LOAD,65,1950,1950,0,145,307,0.3,0.345,24.32956,53.08,1.052,1,0.0258,0,212.98,28.6364,0.00344,1,0.18,1.615,6.6723,41.5,CRITICAL,F4,4,1,thermal_overload,0.9,1,1,,,,,36,0
2026-08-19T20:14:12.646Z,1787170452646,FAN_DT_001_F4_S09_R01_20260819T200604,1,487.815,FAULT_ACTIVE,F4,0.9,FAN_DT_001,3.0,process-model-3.0.0-build3,11337,1,LIVE,SYNCHRONISED,AUTOMATIC,HIGH_LOAD,65,1950,1950,0,145,307,0.3,0.345,24.33931,53.08,1.052,1,0.0258,0,212.98,28.6949,0.00324,1,0.18,1.521,6.6859,41.5,CRITICAL,F4,4,1,thermal_overload,0.9,1,1,,,,,36,0
2026-08-19T20:14:13.684Z,1787170453684,FAN_DT_001_F4_S09_R01_20260819T200604,1,488.853,FAULT_ACTIVE,F4,0.9,FAN_DT_001,3.0,process-model-3.0.0-build3,11338,1,LIVE,SYNCHRONISED,AUTOMATIC,HIGH_LOAD,65,1950,1950,0,145,307,0.3,0.345,24.34988,53.07,1.052,1,0.0258,0,212.98,28.7562,0.00301,1,0.18,1.411,6.7002,41.5,CRITICAL,F4,4,1,thermal_overload,0.9,1,1,,,,,36,0
2026-08-19T20:14:14.720Z,1787170454720,FAN_DT_001_F4_S09_R01_20260819T200604,1,489.889,FAULT_ACTIVE,F4,0.9,FAN_DT_001,3.0,process-model-3.0.0-build3,11339,1,LIVE,SYNCHRONISED,AUTOMATIC,HIGH_LOAD,65,1950,1950,0,145,307,0.3,0.345,24.36072,53.07,1.052,1,0.0258,0,212.98,28.8171,0.00279,1,0.18,1.308,6.7144,41.5,CRITICAL,F4,4,1,thermal_overload,0.9,1,1,,,,,36,0
2026-08-19T20:14:15.749Z,1787170455749,FAN_DT_001_F4_S09_R01_20260819T200604,1,490.918,FAULT_ACTIVE,F4,0.9,FAN_DT_001,3.0,process-model-3.0.0-build3,11340,1,LIVE,SYNCHRONISED,AUTOMATIC,HIGH_LOAD,65,1950,1950,0,145,307,0.3,0.345,24.37196,53.07,1.052,1,0.0258,0,212.98,28.8784,0.00254,1,0.18,1.194,6.7287,41.5,CRITICAL,F4,4,1,thermal_overload,0.9,1,1,,,,,36,0
2026-08-19T20:14:16.787Z,1787170456787,FAN_DT_001_F4_S09_R01_20260819T200604,1,491.956,FAULT_ACTIVE,F4,0.9,FAN_DT_001,3.0,process-model-3.0.0-build3,11341,1,LIVE,SYNCHRONISED,AUTOMATIC,HIGH_LOAD,65,1950,1950,0,145,307,0.3,0.345,24.38348,53.07,1.052,1,0.0258,0,212.98,28.9394,0.00231,1,0.18,1.086,6.7429,41.5,CRITICAL,F4,4,1,thermal_overload,0.9,1,1,,,,,36,0
2026-08-19T20:14:17.821Z,1787170457821,FAN_DT_001_F4_S09_R01_20260819T200604,1,492.99,FAULT_ACTIVE,F4,0.9,FAN_DT_001,3.0,process-model-3.0.0-build3,11342,1,LIVE,SYNCHRONISED,AUTOMATIC,HIGH_LOAD,65,1950,1950,0,145,307,0.3,0.345,24.39537,53.06,1.052,1,0.0258,0,212.98,29.0007,0.00208,1,0.18,0.978,6.7572,41.5,CRITICAL,F4,4,1,thermal_overload,0.9,1,1,,,,,36,0
2026-08-19T20:14:18.951Z,1787170458951,FAN_DT_001_F4_S09_R01_20260819T200604,1,494.12,FAULT_ACTIVE,F4,0.9,FAN_DT_001,3.0,process-model-3.0.0-build3,11343,1,LIVE,SYNCHRONISED,AUTOMATIC,HIGH_LOAD,65,1950,1950,0,145,307,0.3,0.345,24.40753,53.06,1.052,1,0.0258,0,212.98,29.0616,0.00185,1,0.18,0.868,6.7714,41.5,CRITICAL,F4,4,1,thermal_overload,0.9,1,1,,,,,36,0
2026-08-19T20:14:19.891Z,1787170459891,FAN_DT_001_F4_S09_R01_20260819T200604,1,495.06,FAULT_ACTIVE,F4,0.9,FAN_DT_001,3.0,process-model-3.0.0-build3,11344,1,LIVE,SYNCHRONISED,AUTOMATIC,HIGH_LOAD,65,1950,1950,0,145,307,0.3,0.345,24.42008,53.06,1.052,1,0.0258,0,212.98,29.123,0.0016,1,0.18,0.75,6.7857,41.5,CRITICAL,F4,4,1,thermal_overload,0.9,1,1,,,,,36,0
2026-08-19T20:14:20.936Z,1787170460936,FAN_DT_001_F4_S09_R01_20260819T200604,1,496.105,FAULT_ACTIVE,F4,0.9,FAN_DT_001,3.0,process-model-3.0.0-build3,11345,1,LIVE,SYNCHRONISED,AUTOMATIC,HIGH_LOAD,65,1950,1950,0,145,307,0.3,0.345,24.43287,53.06,1.052,1,0.0258,0,212.98,29.1841,0.00138,1,0.18,0.647,6.7999,41.5,CRITICAL,F4,4,1,thermal_overload,0.9,1,1,,,,,36,0
2026-08-19T20:14:21.961Z,1787170461961,FAN_DT_001_F4_S09_R01_20260819T200604,1,497.13,FAULT_ACTIVE,F4,0.9,FAN_DT_001,3.0,process-model-3.0.0-build3,11346,1,LIVE,SYNCHRONISED,AUTOMATIC,HIGH_LOAD,65,1950,1950,0,145,307,0.3,0.345,24.44601,53.06,1.052,1,0.0258,0,212.98,29.2453,0.00113,1,0.18,0.53,6.8142,41.5,CRITICAL,F4,4,1,thermal_overload,0.9,1,1,,,,,36,0
2026-08-19T20:14:23.036Z,1787170463036,FAN_DT_001_F4_S09_R01_20260819T200604,1,498.205,FAULT_ACTIVE,F4,0.9,FAN_DT_001,3.0,process-model-3.0.0-build3,11347,1,LIVE,SYNCHRONISED,AUTOMATIC,HIGH_LOAD,65,1950,1950,0,145,307,0.3,0.345,24.45934,53.06,1.052,1,0.0258,0,212.98,29.3061,0.0009,1,0.18,0.424,6.8283,41.5,CRITICAL,F4,4,1,thermal_overload,0.9,1,1,,,,,36,0
2026-08-19T20:14:24.029Z,1787170464029,FAN_DT_001_F4_S09_R01_20260819T200604,1,499.198,FAULT_ACTIVE,F4,0.9,FAN_DT_001,3.0,process-model-3.0.0-build3,11348,1,LIVE,SYNCHRONISED,AUTOMATIC,HIGH_LOAD,65,1950,1950,0,145,307,0.3,0.345,24.47305,53.06,1.052,1,0.0258,0,212.98,29.3674,0.00067,1,0.18,0.313,6.8426,41.5,CRITICAL,F4,4,1,thermal_overload,0.9,1,1,,,,,36,0
2026-08-19T20:14:25.079Z,1787170465079,FAN_DT_001_F4_S09_R01_20260819T200604,1,500.248,FAULT_ACTIVE,F4,0.9,FAN_DT_001,3.0,process-model-3.0.0-build3,11349,1,LIVE,SYNCHRONISED,AUTOMATIC,HIGH_LOAD,65,1950,1950,0,145,307,0.3,0.345,24.48698,53.06,1.052,1,0.0258,0,212.98,29.4285,0.0004,1,0.18,0.189,6.8568,41.5,CRITICAL,F4,4,1,thermal_overload,0.9,1,1,,,,,36,0
2026-08-19T20:14:26.103Z,1787170466103,FAN_DT_001_F4_S09_R01_20260819T200604,1,501.272,FAULT_ACTIVE,F4,0.9,FAN_DT_001,3.0,process-model-3.0.0-build3,11350,1,LIVE,SYNCHRONISED,AUTOMATIC,HIGH_LOAD,65,1950,1950,0,145,307,0.3,0.345,24.50126,53.06,1.052,1,0.0258,0,212.98,29.4898,0.00018,1,0.18,0.085,6.8711,41.5,CRITICAL,F4,4,1,thermal_overload,0.9,1,1,,,,,36,0
2026-08-19T20:14:27.133Z,1787170467133,FAN_DT_001_F4_S09_R01_20260819T200604,1,502.302,FAULT_ACTIVE,F4,0.9,FAN_DT_001,3.0,process-model-3.0.0-build3,11351,1,LIVE,SYNCHRONISED,AUTOMATIC,HIGH_LOAD,65,1950,1950,0,145,307,0.3,0.345,24.51573,53.06,1.052,1,0.0258,0,212.98,29.5508,-0.00006,1,0.18,0.027,6.8853,41.5,CRITICAL,F4,4,1,thermal_overload,0.9,1,1,,,,,36,0
2026-08-19T20:14:28.170Z,1787170468170,FAN_DT_001_F4_S09_R01_20260819T200604,1,503.339,FAULT_ACTIVE,F4,0.9,FAN_DT_001,3.0,process-model-3.0.0-build3,11352,1,LIVE,SYNCHRONISED,AUTOMATIC,HIGH_LOAD,65,1950,1950,0,145,307,0.3,0.345,24.53043,53.06,1.052,1,0.0258,0,212.98,29.6117,-0.0003,1,0.18,0.14,6.8995,41.5,CRITICAL,F4,4,1,thermal_overload,0.9,1,1,,,,,36,0
2026-08-19T20:14:29.204Z,1787170469204,FAN_DT_001_F4_S09_R01_20260819T200604,1,504.373,FAULT_ACTIVE,F4,0.9,FAN_DT_001,3.0,process-model-3.0.0-build3,11353,1,LIVE,SYNCHRONISED,AUTOMATIC,HIGH_LOAD,65,1950,1950,0,145,307,0.3,0.345,24.5455,53.06,1.052,1,0.0258,0,212.98,29.6732,-0.00054,1,0.18,0.254,6.9138,41.5,CRITICAL,F4,4,1,thermal_overload,0.9,1,1,,,,,36,0
2026-08-19T20:14:30.252Z,1787170470252,FAN_DT_001_F4_S09_R01_20260819T200604,1,505.421,FAULT_ACTIVE,F4,0.9,FAN_DT_001,3.0,process-model-3.0.0-build3,11354,1,LIVE,SYNCHRONISED,AUTOMATIC,HIGH_LOAD,65,1950,1950,0,145,307,0.3,0.345,24.5607,53.06,1.052,1,0.0258,0,212.98,29.7342,-0.00078,1,0.18,0.366,6.9281,41.5,CRITICAL,F4,4,1,thermal_overload,0.9,1,1,,,,,36,0
2026-08-19T20:14:31.290Z,1787170471290,FAN_DT_001_F4_S09_R01_20260819T200604,1,506.459,FAULT_ACTIVE,F4,0.9,FAN_DT_001,3.0,process-model-3.0.0-build3,11355,1,LIVE,SYNCHRONISED,AUTOMATIC,HIGH_LOAD,65,1950,1950,0,145,307,0.3,0.345,24.5762,53.06,1.052,1,0.0258,0,212.98,29.7954,-0.00103,1,0.18,0.483,6.9423,41.5,CRITICAL,F4,4,1,thermal_overload,0.9,1,1,,,,,36,0
2026-08-19T20:14:32.332Z,1787170472332,FAN_DT_001_F4_S09_R01_20260819T200604,1,507.501,FAULT_ACTIVE,F4,0.9,FAN_DT_001,3.0,process-model-3.0.0-build3,11356,1,LIVE,SYNCHRONISED,AUTOMATIC,HIGH_LOAD,65,1950,1950,0,145,307,0.3,0.345,24.59188,53.06,1.052,1,0.0258,0,212.98,29.8566,-0.00127,1,0.18,0.597,6.9566,41.5,CRITICAL,F4,4,1,thermal_overload,0.9,1,1,,,,,36,0
2026-08-19T20:14:33.368Z,1787170473368,FAN_DT_001_F4_S09_R01_20260819T200604,1,508.537,FAULT_ACTIVE,F4,0.9,FAN_DT_001,3.0,process-model-3.0.0-build3,11357,1,LIVE,SYNCHRONISED,AUTOMATIC,HIGH_LOAD,65,1950,1950,0,145,307,0.3,0.345,24.60776,53.06,1.052,1,0.0258,0,212.98,29.9175,-0.0015,1,0.18,0.703,6.9708,41.5,CRITICAL,F4,4,1,thermal_overload,0.9,1,1,,,,,36,0
2026-08-19T20:14:34.377Z,1787170474377,FAN_DT_001_F4_S09_R01_20260819T200604,1,509.546,FAULT_ACTIVE,F4,0.9,FAN_DT_001,3.0,process-model-3.0.0-build3,11358,1,LIVE,SYNCHRONISED,AUTOMATIC,HIGH_LOAD,65,1950,1950,0,145,307,0.3,0.345,24.62388,53.06,1.052,1,0.0258,0,212.98,29.9787,-0.00176,1,0.18,0.825,6.985,41.5,CRITICAL,F4,4,1,thermal_overload,0.9,1,1,,,,,36,0
2026-08-19T20:14:35.423Z,1787170475423,FAN_DT_001_F4_S09_R01_20260819T200604,1,510.593,FAULT_ACTIVE,F4,0.9,FAN_DT_001,3.0,process-model-3.0.0-build3,11359,1,LIVE,SYNCHRONISED,AUTOMATIC,HIGH_LOAD,65,1950,1950,0,145,307,0.3,0.345,24.64012,53.06,1.052,1,0.0258,0,212.98,30.0395,-0.00199,1,0.18,0.936,6.9992,41.5,CRITICAL,F4,4,1,thermal_overload,0.9,1,1,,,,,36,0
2026-08-19T20:14:36.452Z,1787170476452,FAN_DT_001_F4_S09_R01_20260819T200604,1,511.622,FAULT_ACTIVE,F4,0.9,FAN_DT_001,3.0,process-model-3.0.0-build3,11360,1,LIVE,SYNCHRONISED,AUTOMATIC,HIGH_LOAD,65,1950,1950,0,145,307,0.3,0.345,24.65661,53.07,1.052,1,0.0258,0,212.98,30.1006,-0.00222,1,0.18,1.044,7.0134,41.5,CRITICAL,F4,4,1,thermal_overload,0.9,1,1,,,,,36,0
2026-08-19T20:14:37.480Z,1787170477480,FAN_DT_001_F4_S09_R01_20260819T200604,1,512.649,FAULT_ACTIVE,F4,0.9,FAN_DT_001,3.0,process-model-3.0.0-build3,11361,1,LIVE,SYNCHRONISED,AUTOMATIC,HIGH_LOAD,65,1950,1950,0,145,307,0.3,0.345,24.67332,53.07,1.052,1,0.0258,0,212.98,30.1619,-0.00247,1,0.18,1.161,7.0277,41.5,CRITICAL,F4,4,1,thermal_overload,0.9,1,1,,,,,36,0
2026-08-19T20:14:38.517Z,1787170478517,FAN_DT_001_F4_S09_R01_20260819T200604,1,513.7,FAULT_ACTIVE,F4,0.9,FAN_DT_001,3.0,process-model-3.0.0-build3,11362,1,LIVE,SYNCHRONISED,AUTOMATIC,HIGH_LOAD,65,1950,1950,0,145,307,0.3,0.345,24.69012,53.07,1.052,1,0.0258,0,212.98,30.2228,-0.00269,1,0.18,1.262,7.0419,41.5,CRITICAL,F4,4,1,thermal_overload,0.9,1,1,,,,,36,0
2026-08-19T20:14:39.551Z,1787170479551,FAN_DT_001_F4_S09_R01_20260819T200604,1,514.721,FAULT_ACTIVE,F4,0.9,FAN_DT_001,3.0,process-model-3.0.0-build3,11363,1,LIVE,SYNCHRONISED,AUTOMATIC,HIGH_LOAD,65,1950,1950,0,145,307,0.3,0.345,24.70718,53.07,1.052,1,0.0258,0,212.98,30.2841,-0.00294,1,0.18,1.379,7.0562,41.5,CRITICAL,F4,4,1,thermal_overload,0.9,1,1,,,,,36,0
2026-08-19T20:14:40.605Z,1787170480605,FAN_DT_001_F4_S09_R01_20260819T200604,1,515.775,FAULT_ACTIVE,F4,0.9,FAN_DT_001,3.0,process-model-3.0.0-build3,11364,1,LIVE,SYNCHRONISED,AUTOMATIC,HIGH_LOAD,65,1950,1950,0,145,307,0.3,0.345,24.72436,53.08,1.052,1,0.0258,0,212.98,30.3453,-0.00316,1,0.18,1.486,7.0705,41.5,CRITICAL,F4,4,1,thermal_overload,0.9,1,1,,,,,36,0
2026-08-19T20:14:41.621Z,1787170481621,FAN_DT_001_F4_S09_R01_20260819T200604,1,516.791,FAULT_ACTIVE,F4,0.9,FAN_DT_001,3.0,process-model-3.0.0-build3,11365,1,LIVE,SYNCHRONISED,AUTOMATIC,HIGH_LOAD,65,1950,1950,0,145,307,0.3,0.345,24.74171,53.08,1.052,1,0.0258,0,212.98,30.4065,-0.00339,1,0.18,1.591,7.0847,41.5,CRITICAL,F4,4,1,thermal_overload,0.9,1,1,,,,,36,0
2026-08-19T20:14:42.653Z,1787170482653,FAN_DT_001_F4_S09_R01_20260819T200604,1,517.823,FAULT_ACTIVE,F4,0.9,FAN_DT_001,3.0,process-model-3.0.0-build3,11366,1,LIVE,SYNCHRONISED,AUTOMATIC,HIGH_LOAD,65,1950,1950,0,145,307,0.3,0.345,24.75913,53.08,1.052,1,0.0258,0,212.98,30.4675,-0.00363,1,0.18,1.705,7.0989,41.5,CRITICAL,F4,4,1,thermal_overload,0.9,1,1,,,,,36,0
2026-08-19T20:14:43.691Z,1787170483691,FAN_DT_001_F4_S09_R01_20260819T200604,1,518.861,FAULT_ACTIVE,F4,0.9,FAN_DT_001,3.0,process-model-3.0.0-build3,11367,1,LIVE,SYNCHRONISED,AUTOMATIC,HIGH_LOAD,65,1950,1950,0,145,307,0.3,0.345,24.77668,53.09,1.052,1,0.0258,0,212.98,30.5285,-0.00384,1,0.18,1.805,7.1131,41.5,CRITICAL,F4,4,1,thermal_overload,0.9,1,1,,,,,36,0
2026-08-19T20:14:44.731Z,1787170484731,FAN_DT_001_F4_S09_R01_20260819T200604,1,519.901,FAULT_ACTIVE,F4,0.9,FAN_DT_001,3.0,process-model-3.0.0-build3,11368,1,LIVE,SYNCHRONISED,AUTOMATIC,HIGH_LOAD,65,1950,1950,0,145,307,0.3,0.345,24.79436,53.09,1.052,1,0.0258,0,212.98,30.5896,-0.00406,1,0.18,1.906,7.1274,41.5,CRITICAL,F4,4,1,thermal_overload,0.9,1,1,,,,,36,0
2026-08-19T20:14:45.758Z,1787170485758,FAN_DT_001_F4_S09_R01_20260819T200604,1,520.927,FAULT_ACTIVE,F4,0.9,FAN_DT_001,3.0,process-model-3.0.0-build3,11369,1,LIVE,SYNCHRONISED,AUTOMATIC,HIGH_LOAD,65,1950,1950,0,145,307,0.3,0.345,24.81218,53.1,1.052,1,0.0258,0,212.98,30.6509,-0.0043,1,0.18,2.017,7.1417,41.5,CRITICAL,F4,4,1,thermal_overload,0.9,1,1,,,,,36,0
2026-08-19T20:14:46.798Z,1787170486798,FAN_DT_001_F4_S09_R01_20260819T200604,1,521.967,FAULT_ACTIVE,F4,0.9,FAN_DT_001,3.0,process-model-3.0.0-build3,11370,1,LIVE,SYNCHRONISED,AUTOMATIC,HIGH_LOAD,65,1950,1950,0,145,307,0.3,0.345,24.8301,53.1,1.052,1,0.0258,0,212.98,30.712,-0.00451,1,0.18,2.119,7.1559,41.5,CRITICAL,F4,4,1,thermal_overload,0.9,1,1,,,,,36,0
2026-08-19T20:14:47.884Z,1787170487884,FAN_DT_001_F4_S09_R01_20260819T200604,1,523.053,FAULT_ACTIVE,F4,0.9,FAN_DT_001,3.0,process-model-3.0.0-build3,11371,1,LIVE,SYNCHRONISED,AUTOMATIC,HIGH_LOAD,65,1950,1950,0,145,307,0.3,0.345,24.84813,53.11,1.052,1,0.0258,0,212.98,30.7732,-0.00472,1,0.18,2.218,7.1702,41.5,CRITICAL,F4,4,1,thermal_overload,0.9,1,1,,,,,36,0
2026-08-19T20:14:48.871Z,1787170488871,FAN_DT_001_F4_S09_R01_20260819T200604,1,524.04,FAULT_ACTIVE,F4,0.9,FAN_DT_001,3.0,process-model-3.0.0-build3,11372,1,LIVE,SYNCHRONISED,AUTOMATIC,HIGH_LOAD,65,1950,1950,0,145,307,0.3,0.345,24.86622,53.11,1.052,1,0.0258,0,212.98,30.8344,-0.00494,1,0.18,2.32,7.1844,41.5,CRITICAL,F4,4,1,thermal_overload,0.9,1,1,,,,,36,0
2026-08-19T20:14:49.913Z,1787170489913,FAN_DT_001_F4_S09_R01_20260819T200604,1,525.083,FAULT_ACTIVE,F4,0.9,FAN_DT_001,3.0,process-model-3.0.0-build3,11373,1,LIVE,SYNCHRONISED,AUTOMATIC,HIGH_LOAD,65,1950,1950,0,145,307,0.3,0.345,24.88445,53.12,1.052,1,0.0258,0,212.98,30.8958,-0.00518,1,0.18,2.431,7.1987,41.5,CRITICAL,F4,4,1,thermal_overload,0.9,1,1,,,,,36,0
2026-08-19T20:14:50.939Z,1787170490939,FAN_DT_001_F4_S09_R01_20260819T200604,1,526.109,FAULT_ACTIVE,F4,0.9,FAN_DT_001,3.0,process-model-3.0.0-build3,11374,1,LIVE,SYNCHRONISED,AUTOMATIC,HIGH_LOAD,65,1950,1950,0,145,307,0.3,0.345,24.90262,53.12,1.052,1,0.0258,0,212.98,30.9568,-0.00537,1,0.18,2.524,7.2129,41.5,CRITICAL,F4,4,1,thermal_overload,0.9,1,1,,,,,36,0
2026-08-19T20:14:51.977Z,1787170491977,FAN_DT_001_F4_S09_R01_20260819T200604,1,527.147,FAULT_ACTIVE,F4,0.9,FAN_DT_001,3.0,process-model-3.0.0-build3,11375,1,LIVE,SYNCHRONISED,AUTOMATIC,HIGH_LOAD,65,1950,1950,0,145,307,0.3,0.345,24.92087,53.13,1.052,1,0.0258,0,212.98,31.018,-0.00559,1,0.18,2.623,7.2272,41.5,CRITICAL,F4,4,1,thermal_overload,0.9,1,1,,,,,36,0
2026-08-19T20:14:53.031Z,1787170493031,FAN_DT_001_F4_S09_R01_20260819T200604,1,528.202,FAULT_ACTIVE,F4,0.9,FAN_DT_001,3.0,process-model-3.0.0-build3,11376,1,LIVE,SYNCHRONISED,AUTOMATIC,HIGH_LOAD,65,1950,1950,0,145,307,0.3,0.345,24.93921,53.13,1.052,1,0.0258,0,212.98,31.0792,-0.00578,1,0.18,2.714,7.2415,41.5,CRITICAL,F4,4,1,thermal_overload,0.9,1,1,,,,,36,0
2026-08-19T20:14:54.048Z,1787170494048,FAN_DT_001_F4_S09_R01_20260819T200604,1,529.217,FAULT_ACTIVE,F4,0.9,FAN_DT_001,3.0,process-model-3.0.0-build3,11377,1,LIVE,SYNCHRONISED,AUTOMATIC,HIGH_LOAD,65,1950,1950,0,145,307,0.3,0.345,24.9575,53.14,1.052,1,0.0258,0,212.98,31.1402,-0.00599,1,0.18,2.813,7.2557,41.5,CRITICAL,F4,4,1,thermal_overload,0.9,1,1,,,,,36,0
2026-08-19T20:14:55.089Z,1787170495089,FAN_DT_001_F4_S09_R01_20260819T200604,1,530.258,FAULT_ACTIVE,F4,0.9,FAN_DT_001,3.0,process-model-3.0.0-build3,11378,1,LIVE,SYNCHRONISED,AUTOMATIC,HIGH_LOAD,65,1950,1950,0,145,307,0.3,0.345,24.97592,53.15,1.052,1,0.0258,0,212.98,31.2015,-0.00619,1,0.18,2.905,7.27,41.5,CRITICAL,F4,4,1,thermal_overload,0.9,1,1,,,,,36,0
2026-08-19T20:14:56.123Z,1787170496123,FAN_DT_001_F4_S09_R01_20260819T200604,1,531.293,FAULT_ACTIVE,F4,0.9,FAN_DT_001,3.0,process-model-3.0.0-build3,11379,1,LIVE,SYNCHRONISED,AUTOMATIC,HIGH_LOAD,65,1950,1950,0,145,307,0.3,0.345,24.99428,53.15,1.052,1,0.0258,0,212.98,31.2626,-0.00638,1,0.18,2.994,7.2842,41.5,CRITICAL,F4,4,1,thermal_overload,0.9,1,1,,,,,36,0
2026-08-19T20:14:57.157Z,1787170497157,FAN_DT_001_F4_S09_R01_20260819T200604,1,532.326,FAULT_ACTIVE,F4,0.9,FAN_DT_001,3.0,process-model-3.0.0-build3,11380,1,LIVE,SYNCHRONISED,AUTOMATIC,HIGH_LOAD,65,1950,1950,0,145,307,0.3,0.345,25.01273,53.16,1.052,1,0.0258,0,212.98,31.3241,-0.00657,1,0.18,3.085,7.2985,41.5,CRITICAL,F4,4,1,thermal_overload,0.9,1,1,,,,,36,0
2026-08-19T20:14:58.195Z,1787170498195,FAN_DT_001_F4_S09_R01_20260819T200604,1,533.365,FAULT_ACTIVE,F4,0.9,FAN_DT_001,3.0,process-model-3.0.0-build3,11381,1,LIVE,SYNCHRONISED,AUTOMATIC,HIGH_LOAD,65,1950,1950,0,145,307,0.3,0.345,25.03111,53.17,1.052,1,0.0258,0,212.98,31.3853,-0.00676,1,0.18,3.175,7.3128,41.5,CRITICAL,F4,4,1,thermal_overload,0.9,1,1,,,,,36,0
2026-08-19T20:14:59.234Z,1787170499234,FAN_DT_001_F4_S09_R01_20260819T200604,1,534.404,FAULT_ACTIVE,F4,0.9,FAN_DT_001,3.0,process-model-3.0.0-build3,11382,1,LIVE,SYNCHRONISED,AUTOMATIC,HIGH_LOAD,65,1950,1950,0,145,307,0.3,0.345,25.04949,53.17,1.052,1,0.0258,0,212.98,31.4465,-0.00696,1,0.18,3.269,7.327,41.5,CRITICAL,F4,4,1,thermal_overload,0.9,1,1,,,,,36,0
2026-08-19T20:15:00.265Z,1787170500265,FAN_DT_001_F4_S09_R01_20260819T200604,1,535.434,FAULT_ACTIVE,F4,0.9,FAN_DT_001,3.0,process-model-3.0.0-build3,11383,1,LIVE,SYNCHRONISED,AUTOMATIC,HIGH_LOAD,65,1950,1950,0,145,307,0.3,0.345,25.0678,53.18,1.052,1,0.0258,0,212.98,31.5076,-0.00714,1,0.18,3.352,7.3413,41.5,CRITICAL,F4,4,1,thermal_overload,0.9,1,1,,,,,36,0
2026-08-19T20:15:01.297Z,1787170501297,FAN_DT_001_F4_S09_R01_20260819T200604,1,536.467,FAULT_ACTIVE,F4,0.9,FAN_DT_001,3.0,process-model-3.0.0-build3,11384,1,LIVE,SYNCHRONISED,AUTOMATIC,HIGH_LOAD,65,1950,1950,0,145,307,0.3,0.345,25.08605,53.19,1.052,1,0.0258,0,212.98,31.5686,-0.00733,1,0.18,3.44,7.3555,41.5,CRITICAL,F4,4,1,thermal_overload,0.9,1,1,,,,,36,0
2026-08-19T20:15:02.331Z,1787170502331,FAN_DT_001_F4_S09_R01_20260819T200604,1,537.501,FAULT_ACTIVE,F4,0.9,FAN_DT_001,3.0,process-model-3.0.0-build3,11385,1,LIVE,SYNCHRONISED,AUTOMATIC,HIGH_LOAD,65,1950,1950,0,145,307,0.3,0.345,25.10433,53.2,1.052,1,0.0258,0,212.98,31.6298,-0.00749,1,0.18,3.514,7.3698,41.5,CRITICAL,F4,4,1,thermal_overload,0.9,1,1,,,,,36,0
2026-08-19T20:15:03.366Z,1787170503366,FAN_DT_001_F4_S09_R01_20260819T200604,1,538.536,FAULT_ACTIVE,F4,0.9,FAN_DT_001,3.0,process-model-3.0.0-build3,11386,1,LIVE,SYNCHRONISED,AUTOMATIC,HIGH_LOAD,65,1950,1950,0,145,307,0.3,0.345,25.12243,53.2,1.052,1,0.0258,0,212.98,31.6908,-0.00766,1,0.18,3.596,7.3839,41.5,CRITICAL,F4,4,1,thermal_overload,0.9,1,1,,,,,36,0
2026-08-19T20:15:04.412Z,1787170504412,FAN_DT_001_F4_S09_R01_20260819T200604,1,539.581,FAULT_ACTIVE,F4,0.9,FAN_DT_001,3.0,process-model-3.0.0-build3,11387,1,LIVE,SYNCHRONISED,AUTOMATIC,HIGH_LOAD,65,1950,1950,0,145,307,0.3,0.345,25.14064,53.21,1.052,1,0.0258,0,212.98,31.7521,-0.00783,1,0.18,3.678,7.3982,41.5,CRITICAL,F4,4,1,thermal_overload,0.9,1,1,,,,,36,0
2026-08-19T20:15:05.448Z,1787170505448,FAN_DT_001_F4_S09_R01_20260819T200604,1,540.617,RECOVERY,F4,0.9,FAN_DT_001,3.0,process-model-3.0.0-build3,11388,1,LIVE,SYNCHRONISED,AUTOMATIC,NORMAL,65,1950,1950,0,145,145,0.3,0.3,25.15877,53.19,1.028,1,0.0254,0,207.97,31.8133,0.24122,1,0.18,115.992,7.4125,100,HEALTHY,F0,0,0,healthy,0,0,0,,,,,37,0
2026-08-19T20:15:06.471Z,1787170506471,FAN_DT_001_F4_S09_R01_20260819T200604,1,541.641,RECOVERY,F4,0.9,FAN_DT_001,3.0,process-model-3.0.0-build3,11389,1,LIVE,SYNCHRONISED,AUTOMATIC,NORMAL,65,1950,1950,0,145,145,0.3,0.3,25.17669,52.94,1.028,1,0.0254,0,207.97,31.8729,0.23681,1,0.18,113.868,7.4264,100,HEALTHY,F0,0,0,healthy,0,0,0,,,,,37,0
2026-08-19T20:15:07.505Z,1787170507505,FAN_DT_001_F4_S09_R01_20260819T200604,1,542.675,RECOVERY,F4,0.9,FAN_DT_001,3.0,process-model-3.0.0-build3,11390,1,LIVE,SYNCHRONISED,AUTOMATIC,NORMAL,65,1950,1950,0,145,145,0.3,0.3,25.19441,52.7,1.028,1,0.0254,0,207.97,31.9322,0.23255,1,0.18,111.821,7.4402,100,HEALTHY,F0,0,0,healthy,0,0,0,,,,,37,0
2026-08-19T20:15:08.529Z,1787170508529,FAN_DT_001_F4_S09_R01_20260819T200604,1,543.699,RECOVERY,F4,0.9,FAN_DT_001,3.0,process-model-3.0.0-build3,11391,1,LIVE,SYNCHRONISED,AUTOMATIC,NORMAL,65,1950,1950,0,145,145,0.3,0.3,25.21212,52.46,1.028,1,0.0254,0,207.97,31.9917,0.22831,1,0.18,109.781,7.4541,100,HEALTHY,F0,0,0,healthy,0,0,0,,,,,37,0
2026-08-19T20:15:09.592Z,1787170509592,FAN_DT_001_F4_S09_R01_20260819T200604,1,544.762,RECOVERY,F4,0.9,FAN_DT_001,3.0,process-model-3.0.0-build3,11392,1,LIVE,SYNCHRONISED,AUTOMATIC,NORMAL,65,1950,1950,0,145,145,0.3,0.3,25.22962,52.23,1.028,1,0.0254,0,207.97,32.0508,0.22419,1,0.18,107.803,7.4678,100,HEALTHY,F0,0,0,healthy,0,0,0,,,,,37,0
2026-08-19T20:15:10.595Z,1787170510595,FAN_DT_001_F4_S09_R01_20260819T200604,1,545.764,RECOVERY,F4,0.9,FAN_DT_001,3.0,process-model-3.0.0-build3,11393,1,LIVE,SYNCHRONISED,AUTOMATIC,NORMAL,65,1950,1950,0,145,145,0.3,0.3,25.24712,52,1.028,1,0.0254,0,207.97,32.1104,0.22008,1,0.18,105.825,7.4817,100,HEALTHY,F0,0,0,healthy,0,0,0,,,,,37,0
2026-08-19T20:15:11.628Z,1787170511628,FAN_DT_001_F4_S09_R01_20260819T200604,1,546.798,RECOVERY,F4,0.9,FAN_DT_001,3.0,process-model-3.0.0-build3,11394,1,LIVE,SYNCHRONISED,AUTOMATIC,NORMAL,65,1950,1950,0,145,145,0.3,0.3,25.2644,51.78,1.028,1,0.0254,0,207.97,32.1696,0.21611,1,0.18,103.915,7.4955,100,HEALTHY,F0,0,0,healthy,0,0,0,,,,,37,0
2026-08-19T20:15:12.650Z,1787170512650,FAN_DT_001_F4_S09_R01_20260819T200604,1,547.82,RECOVERY,F4,0.9,FAN_DT_001,3.0,process-model-3.0.0-build3,11395,1,LIVE,SYNCHRONISED,AUTOMATIC,NORMAL,65,1950,1950,0,145,145,0.3,0.3,25.28164,51.56,1.028,1,0.0254,0,207.97,32.2292,0.21214,1,0.18,102.007,7.5094,100,HEALTHY,F0,0,0,healthy,0,0,0,,,,,37,0
2026-08-19T20:15:13.677Z,1787170513677,FAN_DT_001_F4_S09_R01_20260819T200604,1,548.846,RECOVERY,F4,0.9,FAN_DT_001,3.0,process-model-3.0.0-build3,11396,1,LIVE,SYNCHRONISED,AUTOMATIC,NORMAL,65,1950,1950,0,145,145,0.3,0.3,25.29861,51.34,1.028,1,0.0254,0,207.97,32.2884,0.20831,1,0.18,100.163,7.5232,100,HEALTHY,F0,0,0,healthy,0,0,0,,,,,37,0
2026-08-19T20:15:14.721Z,1787170514721,FAN_DT_001_F4_S09_R01_20260819T200604,1,549.89,RECOVERY,F4,0.9,FAN_DT_001,3.0,process-model-3.0.0-build3,11397,1,LIVE,SYNCHRONISED,AUTOMATIC,NORMAL,65,1950,1950,0,145,145,0.3,0.3,25.31549,51.13,1.028,1,0.0254,0,207.97,32.3479,0.20448,1,0.18,98.324,7.5371,100,HEALTHY,F0,0,0,healthy,0,0,0,,,,,37,0
2026-08-19T20:15:15.736Z,1787170515736,FAN_DT_001_F4_S09_R01_20260819T200604,1,550.905,RECOVERY,F4,0.9,FAN_DT_001,3.0,process-model-3.0.0-build3,11398,1,LIVE,SYNCHRONISED,AUTOMATIC,NORMAL,65,1950,1950,0,145,145,0.3,0.3,25.33224,50.92,1.028,1,0.0254,0,207.97,32.4073,0.20079,1,0.18,96.55,7.5509,100,HEALTHY,F0,0,0,healthy,0,0,0,,,,,37,0
2026-08-19T20:15:16.770Z,1787170516770,FAN_DT_001_F4_S09_R01_20260819T200604,1,551.94,RECOVERY,F4,0.9,FAN_DT_001,3.0,process-model-3.0.0-build3,11399,1,LIVE,SYNCHRONISED,AUTOMATIC,NORMAL,65,1950,1950,0,145,145,0.3,0.3,25.34874,50.72,1.028,1,0.0254,0,207.97,32.4666,0.19709,1,0.18,94.772,7.5647,100,HEALTHY,F0,0,0,healthy,0,0,0,,,,,37,0
2026-08-19T20:15:17.797Z,1787170517797,FAN_DT_001_F4_S09_R01_20260819T200604,1,552.966,RECOVERY,F4,0.9,FAN_DT_001,3.0,process-model-3.0.0-build3,11400,1,LIVE,SYNCHRONISED,AUTOMATIC,NORMAL,65,1950,1950,0,145,145,0.3,0.3,25.36513,50.52,1.028,1,0.0254,0,207.97,32.5261,0.19351,1,0.18,93.048,7.5786,100,HEALTHY,F0,0,0,healthy,0,0,0,,,,,37,0
2026-08-19T20:15:18.860Z,1787170518860,FAN_DT_001_F4_S09_R01_20260819T200604,1,554.03,RECOVERY,F4,0.9,FAN_DT_001,3.0,process-model-3.0.0-build3,11401,1,LIVE,SYNCHRONISED,AUTOMATIC,NORMAL,65,1950,1950,0,145,145,0.3,0.3,25.38124,50.32,1.028,1,0.0254,0,207.97,32.5853,0.18999,1,0.18,91.356,7.5924,100,HEALTHY,F0,0,0,healthy,0,0,0,,,,,37,0
2026-08-19T20:15:19.853Z,1787170519853,FAN_DT_001_F4_S09_R01_20260819T200604,1,555.022,RECOVERY,F4,0.9,FAN_DT_001,3.0,process-model-3.0.0-build3,11402,1,LIVE,SYNCHRONISED,AUTOMATIC,NORMAL,65,1950,1950,0,145,145,0.3,0.3,25.39721,50.13,1.028,1,0.0254,0,207.97,32.6447,0.1865,1,0.18,89.676,7.6062,100,HEALTHY,F0,0,0,healthy,0,0,0,,,,,37,0
2026-08-19T20:15:20.880Z,1787170520880,FAN_DT_001_F4_S09_R01_20260819T200604,1,556.05,RECOVERY,F4,0.9,FAN_DT_001,3.0,process-model-3.0.0-build3,11403,1,LIVE,SYNCHRONISED,AUTOMATIC,NORMAL,65,1950,1950,0,145,145,0.3,0.3,25.41287,49.94,1.028,1,0.0254,0,207.97,32.7037,0.18313,1,0.18,88.06,7.62,100,HEALTHY,F0,0,0,healthy,0,0,0,,,,,37,0
2026-08-19T20:15:21.921Z,1787170521921,FAN_DT_001_F4_S09_R01_20260819T200604,1,557.091,RECOVERY,F4,0.9,FAN_DT_001,3.0,process-model-3.0.0-build3,11404,1,LIVE,SYNCHRONISED,AUTOMATIC,NORMAL,65,1950,1950,0,145,145,0.3,0.3,25.42845,49.75,1.028,1,0.0254,0,207.97,32.7632,0.17974,1,0.18,86.43,7.6338,100,HEALTHY,F0,0,0,healthy,0,0,0,,,,,37,0
2026-08-19T20:15:22.936Z,1787170522936,FAN_DT_001_F4_S09_R01_20260819T200604,1,558.105,RECOVERY,F4,0.9,FAN_DT_001,3.0,process-model-3.0.0-build3,11405,1,LIVE,SYNCHRONISED,AUTOMATIC,NORMAL,65,1950,1950,0,145,145,0.3,0.3,25.44372,49.57,1.028,1,0.0254,0,207.97,32.8224,0.17649,1,0.18,84.864,7.6476,100,HEALTHY,F0,0,0,healthy,0,0,0,,,,,37,0
2026-08-19T20:15:23.966Z,1787170523966,FAN_DT_001_F4_S09_R01_20260819T200604,1,559.136,RECOVERY,F4,0.9,FAN_DT_001,3.0,process-model-3.0.0-build3,11406,1,LIVE,SYNCHRONISED,AUTOMATIC,NORMAL,65,1950,1950,0,145,145,0.3,0.3,25.45881,49.39,1.028,1,0.0254,0,207.97,32.8818,0.17324,1,0.18,83.3,7.6615,100,HEALTHY,F0,0,0,healthy,0,0,0,,,,,37,0
2026-08-19T20:15:25.042Z,1787170525042,FAN_DT_001_F4_S09_R01_20260819T200604,1,560.213,RECOVERY,F4,0.9,FAN_DT_001,3.0,process-model-3.0.0-build3,11407,1,LIVE,SYNCHRONISED,AUTOMATIC,NORMAL,65,1950,1950,0,145,145,0.3,0.3,25.47369,49.21,1.028,1,0.0254,0,207.97,32.9412,0.17006,1,0.18,81.775,7.6753,100,HEALTHY,F0,0,0,healthy,0,0,0,,,,,37,0
2026-08-19T20:15:26.028Z,1787170526028,FAN_DT_001_F4_S09_R01_20260819T200604,1,561.198,RECOVERY,F4,0.9,FAN_DT_001,3.0,process-model-3.0.0-build3,11408,1,LIVE,SYNCHRONISED,AUTOMATIC,NORMAL,65,1950,1950,0,145,145,0.3,0.3,25.48825,49.04,1.028,1,0.0254,0,207.97,33.0005,0.16697,1,0.18,80.289,7.6891,100,HEALTHY,F0,0,0,healthy,0,0,0,,,,,37,0
2026-08-19T20:15:27.052Z,1787170527052,FAN_DT_001_F4_S09_R01_20260819T200604,1,562.22,RECOVERY,F4,0.9,FAN_DT_001,3.0,process-model-3.0.0-build3,11409,1,LIVE,SYNCHRONISED,AUTOMATIC,NORMAL,65,1950,1950,0,145,145,0.3,0.3,25.50262,48.87,1.028,1,0.0254,0,207.97,33.06,0.16391,1,0.18,78.816,7.703,100,HEALTHY,F0,0,0,healthy,0,0,0,,,,,37,0
2026-08-19T20:15:28.080Z,1787170528080,FAN_DT_001_F4_S09_R01_20260819T200604,1,563.249,RECOVERY,F4,0.9,FAN_DT_001,3.0,process-model-3.0.0-build3,11410,1,LIVE,SYNCHRONISED,AUTOMATIC,NORMAL,65,1950,1950,0,145,145,0.3,0.3,25.5167,48.7,1.028,1,0.0254,0,207.97,33.1193,0.16091,1,0.18,77.374,7.7168,100,HEALTHY,F0,0,0,healthy,0,0,0,,,,,37,0
2026-08-19T20:15:29.134Z,1787170529134,FAN_DT_001_F4_S09_R01_20260819T200604,1,564.304,RECOVERY,F4,0.9,FAN_DT_001,3.0,process-model-3.0.0-build3,11411,1,LIVE,SYNCHRONISED,AUTOMATIC,NORMAL,65,1950,1950,0,145,145,0.3,0.3,25.53047,48.54,1.028,1,0.0254,0,207.97,33.1786,0.15798,1,0.18,75.965,7.7306,100,HEALTHY,F0,0,0,healthy,0,0,0,,,,,37,0
2026-08-19T20:15:30.139Z,1787170530139,FAN_DT_001_F4_S09_R01_20260819T200604,1,565.309,RECOVERY,F4,0.9,FAN_DT_001,3.0,process-model-3.0.0-build3,11412,1,LIVE,SYNCHRONISED,AUTOMATIC,NORMAL,65,1950,1950,0,145,145,0.3,0.3,25.54405,48.38,1.028,1,0.0254,0,207.97,33.2381,0.15507,1,0.18,74.565,7.7445,100,HEALTHY,F0,0,0,healthy,0,0,0,,,,,37,0
2026-08-19T20:15:31.179Z,1787170531179,FAN_DT_001_F4_S09_R01_20260819T200604,1,566.348,RECOVERY,F4,0.9,FAN_DT_001,3.0,process-model-3.0.0-build3,11413,1,LIVE,SYNCHRONISED,AUTOMATIC,NORMAL,65,1950,1950,0,145,145,0.3,0.3,25.5573,48.22,1.028,1,0.0254,0,207.97,33.2974,0.15224,1,0.18,73.205,7.7583,100,HEALTHY,F0,0,0,healthy,0,0,0,,,,,37,0
2026-08-19T20:15:32.208Z,1787170532208,FAN_DT_001_F4_S09_R01_20260819T200604,1,567.378,RECOVERY,F4,0.9,FAN_DT_001,3.0,process-model-3.0.0-build3,11414,1,LIVE,SYNCHRONISED,AUTOMATIC,NORMAL,65,1950,1950,0,145,145,0.3,0.3,25.57027,48.06,1.028,1,0.0254,0,207.97,33.3568,0.14943,1,0.18,71.855,7.7721,100,HEALTHY,F0,0,0,healthy,0,0,0,,,,,37,0
2026-08-19T20:15:33.237Z,1787170533237,FAN_DT_001_F4_S09_R01_20260819T200604,1,568.407,RECOVERY,F4,0.9,FAN_DT_001,3.0,process-model-3.0.0-build3,11415,1,LIVE,SYNCHRONISED,AUTOMATIC,NORMAL,65,1950,1950,0,145,145,0.3,0.3,25.58296,47.91,1.028,1,0.0254,0,207.97,33.4163,0.14672,1,0.18,70.549,7.786,100,HEALTHY,F0,0,0,healthy,0,0,0,,,,,37,0
2026-08-19T20:15:34.260Z,1787170534260,FAN_DT_001_F4_S09_R01_20260819T200604,1,569.429,RECOVERY,F4,0.9,FAN_DT_001,3.0,process-model-3.0.0-build3,11416,1,LIVE,SYNCHRONISED,AUTOMATIC,NORMAL,65,1950,1950,0,145,145,0.3,0.3,25.59528,47.76,1.028,1,0.0254,0,207.97,33.4755,0.14404,1,0.18,69.262,7.7998,100,HEALTHY,F0,0,0,healthy,0,0,0,,,,,37,0
2026-08-19T20:15:35.290Z,1787170535290,FAN_DT_001_F4_S09_R01_20260819T200604,1,570.459,RECOVERY,F4,0.9,FAN_DT_001,3.0,process-model-3.0.0-build3,11417,1,LIVE,SYNCHRONISED,AUTOMATIC,NORMAL,65,1950,1950,0,145,145,0.3,0.3,25.60737,47.62,1.028,1,0.0254,0,207.97,33.5351,0.14139,1,0.18,67.985,7.8137,100,HEALTHY,F0,0,0,healthy,0,0,0,,,,,37,0
2026-08-19T20:15:36.351Z,1787170536351,FAN_DT_001_F4_S09_R01_20260819T200604,1,571.521,RECOVERY,F4,0.9,FAN_DT_001,3.0,process-model-3.0.0-build3,11418,1,LIVE,SYNCHRONISED,AUTOMATIC,NORMAL,65,1950,1950,0,145,145,0.3,0.3,25.61905,47.47,1.028,1,0.0254,0,207.97,33.5942,0.13883,1,0.18,66.757,7.8275,100,HEALTHY,F0,0,0,healthy,0,0,0,,,,,37,0
2026-08-19T20:15:37.351Z,1787170537351,FAN_DT_001_F4_S09_R01_20260819T200604,1,572.521,RECOVERY,F4,0.9,FAN_DT_001,3.0,process-model-3.0.0-build3,11419,1,LIVE,SYNCHRONISED,AUTOMATIC,NORMAL,65,1950,1950,0,145,145,0.3,0.3,25.63047,47.33,1.028,1,0.0254,0,207.97,33.6536,0.13628,1,0.18,65.529,7.8413,100,HEALTHY,F0,0,0,healthy,0,0,0,,,,,37,0
2026-08-19T20:15:38.375Z,1787170538375,FAN_DT_001_F4_S09_R01_20260819T200604,1,573.545,RECOVERY,F4,0.9,FAN_DT_001,3.0,process-model-3.0.0-build3,11420,1,LIVE,SYNCHRONISED,AUTOMATIC,NORMAL,65,1950,1950,0,145,145,0.3,0.3,25.64158,47.19,1.028,1,0.0254,0,207.97,33.7131,0.13379,1,0.18,64.331,7.8552,100,HEALTHY,F0,0,0,healthy,0,0,0,,,,,37,0
2026-08-19T20:15:39.410Z,1787170539410,FAN_DT_001_F4_S09_R01_20260819T200604,1,574.58,RECOVERY,F4,0.9,FAN_DT_001,3.0,process-model-3.0.0-build3,11421,1,LIVE,SYNCHRONISED,AUTOMATIC,NORMAL,65,1950,1950,0,145,145,0.3,0.3,25.6523,47.06,1.028,1,0.0254,0,207.97,33.7724,0.13139,1,0.18,63.178,7.869,100,HEALTHY,F0,0,0,healthy,0,0,0,,,,,37,0
2026-08-19T20:15:40.434Z,1787170540434,FAN_DT_001_F4_S09_R01_20260819T200604,1,575.603,RECOVERY,F4,0.9,FAN_DT_001,3.0,process-model-3.0.0-build3,11422,1,LIVE,SYNCHRONISED,AUTOMATIC,NORMAL,65,1950,1950,0,145,145,0.3,0.3,25.66273,46.92,1.028,1,0.0254,0,207.97,33.8319,0.12897,1,0.18,62.016,7.8828,100,HEALTHY,F0,0,0,healthy,0,0,0,,,,,37,0
2026-08-19T20:15:41.463Z,1787170541463,FAN_DT_001_F4_S09_R01_20260819T200604,1,576.632,RECOVERY,F4,0.9,FAN_DT_001,3.0,process-model-3.0.0-build3,11423,1,LIVE,SYNCHRONISED,AUTOMATIC,NORMAL,65,1950,1950,0,145,145,0.3,0.3,25.67278,46.79,1.028,1,0.0254,0,207.97,33.8911,0.12664,1,0.18,60.893,7.8966,100,HEALTHY,F0,0,0,healthy,0,0,0,,,,,37,0
2026-08-19T20:15:42.497Z,1787170542497,FAN_DT_001_F4_S09_R01_20260819T200604,1,577.667,RECOVERY,F4,0.9,FAN_DT_001,3.0,process-model-3.0.0-build3,11424,1,LIVE,SYNCHRONISED,AUTOMATIC,NORMAL,65,1950,1950,0,145,145,0.3,0.3,25.68249,46.66,1.028,1,0.0254,0,207.97,33.9506,0.12434,1,0.18,59.786,7.9105,100,HEALTHY,F0,0,0,healthy,0,0,0,,,,,37,0
2026-08-19T20:15:43.523Z,1787170543523,FAN_DT_001_F4_S09_R01_20260819T200604,1,578.692,RECOVERY,F4,0.9,FAN_DT_001,3.0,process-model-3.0.0-build3,11425,1,LIVE,SYNCHRONISED,AUTOMATIC,NORMAL,65,1950,1950,0,145,145,0.3,0.3,25.69185,46.54,1.028,1,0.0254,0,207.97,34.01,0.12207,1,0.18,58.697,7.9243,100,HEALTHY,F0,0,0,healthy,0,0,0,,,,,37,0
2026-08-19T20:15:44.554Z,1787170544554,FAN_DT_001_F4_S09_R01_20260819T200604,1,579.724,RECOVERY,F4,0.9,FAN_DT_001,3.0,process-model-3.0.0-build3,11426,1,LIVE,SYNCHRONISED,AUTOMATIC,NORMAL,65,1950,1950,0,145,145,0.3,0.3,25.70083,46.41,1.028,1,0.0254,0,207.97,34.0693,0.11987,1,0.18,57.641,7.9381,100,HEALTHY,F0,0,0,healthy,0,0,0,,,,,37,0
2026-08-19T20:15:45.585Z,1787170545585,FAN_DT_001_F4_S09_R01_20260819T200604,1,580.754,RECOVERY,F4,0.9,FAN_DT_001,3.0,process-model-3.0.0-build3,11427,1,LIVE,SYNCHRONISED,AUTOMATIC,NORMAL,65,1950,1950,0,145,145,0.3,0.3,25.70947,46.29,1.028,1,0.0254,0,207.97,34.1288,0.11771,1,0.18,56.601,7.952,100,HEALTHY,F0,0,0,healthy,0,0,0,,,,,37,0
2026-08-19T20:15:46.617Z,1787170546617,FAN_DT_001_F4_S09_R01_20260819T200604,1,581.786,RECOVERY,F4,0.9,FAN_DT_001,3.0,process-model-3.0.0-build3,11428,1,LIVE,SYNCHRONISED,AUTOMATIC,NORMAL,65,1950,1950,0,145,145,0.3,0.3,25.71775,46.17,1.028,1,0.0254,0,207.97,34.1882,0.1156,1,0.18,55.585,7.9659,100,HEALTHY,F0,0,0,healthy,0,0,0,,,,,37,0
2026-08-19T20:15:47.644Z,1787170547644,FAN_DT_001_F4_S09_R01_20260819T200604,1,582.813,RECOVERY,F4,0.9,FAN_DT_001,3.0,process-model-3.0.0-build3,11429,1,LIVE,SYNCHRONISED,AUTOMATIC,NORMAL,65,1950,1950,0,145,145,0.3,0.3,25.72561,46.05,1.028,1,0.0254,0,207.97,34.2475,0.11349,1,0.18,54.57,7.9797,100,HEALTHY,F0,0,0,healthy,0,0,0,,,,,37,0
2026-08-19T20:15:48.672Z,1787170548672,FAN_DT_001_F4_S09_R01_20260819T200604,1,583.841,RECOVERY,F4,0.9,FAN_DT_001,3.0,process-model-3.0.0-build3,11430,1,LIVE,SYNCHRONISED,AUTOMATIC,NORMAL,65,1950,1950,0,145,145,0.3,0.3,25.73315,45.94,1.028,1,0.0254,0,207.97,34.3071,0.11145,1,0.18,53.592,7.9935,100,HEALTHY,F0,0,0,healthy,0,0,0,,,,,37,0
2026-08-19T20:15:49.720Z,1787170549720,FAN_DT_001_F4_S09_R01_20260819T200604,1,584.888,RECOVERY,F4,0.9,FAN_DT_001,3.0,process-model-3.0.0-build3,11431,1,LIVE,SYNCHRONISED,AUTOMATIC,NORMAL,65,1950,1950,0,145,145,0.3,0.3,25.74024,45.82,1.028,1,0.0254,0,207.97,34.3663,0.10946,1,0.18,52.636,8.0073,100,HEALTHY,F0,0,0,healthy,0,0,0,,,,,37,0
2026-08-19T20:15:50.733Z,1787170550733,FAN_DT_001_F4_S09_R01_20260819T200604,1,585.903,RECOVERY,F4,0.9,FAN_DT_001,3.0,process-model-3.0.0-build3,11432,1,LIVE,SYNCHRONISED,AUTOMATIC,NORMAL,65,1950,1950,0,145,145,0.3,0.3,25.74699,45.71,1.028,1,0.0254,0,207.97,34.4258,0.10748,1,0.18,51.681,8.0212,100,HEALTHY,F0,0,0,healthy,0,0,0,,,,,37,0
2026-08-19T20:15:51.763Z,1787170551763,FAN_DT_001_F4_S09_R01_20260819T200604,1,586.933,RECOVERY,F4,0.9,FAN_DT_001,3.0,process-model-3.0.0-build3,11433,1,LIVE,SYNCHRONISED,AUTOMATIC,NORMAL,65,1950,1950,0,145,145,0.3,0.3,25.75329,45.6,1.028,1,0.0254,0,207.97,34.4847,0.10558,1,0.18,50.767,8.0349,100,HEALTHY,F0,0,0,healthy,0,0,0,,,,,37,0
2026-08-19T20:15:52.788Z,1787170552788,FAN_DT_001_F4_S09_R01_20260819T200604,1,587.958,RECOVERY,F4,0.9,FAN_DT_001,3.0,process-model-3.0.0-build3,11434,1,LIVE,SYNCHRONISED,AUTOMATIC,NORMAL,65,1950,1950,0,145,145,0.3,0.3,25.75928,45.49,1.028,1,0.0254,0,207.97,34.5444,0.10369,1,0.18,49.858,8.0488,100,HEALTHY,F0,0,0,healthy,0,0,0,,,,,37,0
2026-08-19T20:15:53.819Z,1787170553819,FAN_DT_001_F4_S09_R01_20260819T200604,1,588.987,RECOVERY,F4,0.9,FAN_DT_001,3.0,process-model-3.0.0-build3,11435,1,LIVE,SYNCHRONISED,AUTOMATIC,NORMAL,65,1950,1950,0,145,145,0.3,0.3,25.76482,45.39,1.028,1,0.0254,0,207.97,34.6037,0.10187,1,0.18,48.984,8.0627,100,HEALTHY,F0,0,0,healthy,0,0,0,,,,,37,0
2026-08-19T20:15:54.847Z,1787170554847,FAN_DT_001_F4_S09_R01_20260819T200604,1,590.016,RECOVERY,F4,0.9,FAN_DT_001,3.0,process-model-3.0.0-build3,11436,1,LIVE,SYNCHRONISED,AUTOMATIC,NORMAL,65,1950,1950,0,145,145,0.3,0.3,25.76999,45.28,1.028,1,0.0254,0,207.97,34.6632,0.10003,1,0.18,48.099,8.0765,100,HEALTHY,F0,0,0,healthy,0,0,0,,,,,37,0
2026-08-19T20:15:55.876Z,1787170555876,FAN_DT_001_F4_S09_R01_20260819T200604,1,591.045,RECOVERY,F4,0.9,FAN_DT_001,3.0,process-model-3.0.0-build3,11437,1,LIVE,SYNCHRONISED,AUTOMATIC,NORMAL,65,1950,1950,0,145,145,0.3,0.3,25.77474,45.18,1.028,1,0.0254,0,207.97,34.7224,0.09829,1,0.18,47.261,8.0903,100,HEALTHY,F0,0,0,healthy,0,0,0,,,,,37,0
2026-08-19T20:15:56.905Z,1787170556905,FAN_DT_001_F4_S09_R01_20260819T200604,1,592.075,RECOVERY,F4,0.9,FAN_DT_001,3.0,process-model-3.0.0-build3,11438,1,LIVE,SYNCHRONISED,AUTOMATIC,NORMAL,65,1950,1950,0,145,145,0.3,0.3,25.77909,45.08,1.028,1,0.0254,0,207.97,34.7818,0.09655,1,0.18,46.425,8.1041,100,HEALTHY,F0,0,0,healthy,0,0,0,,,,,37,0
2026-08-19T20:15:57.934Z,1787170557934,FAN_DT_001_F4_S09_R01_20260819T200604,1,593.103,RECOVERY,F4,0.9,FAN_DT_001,3.0,process-model-3.0.0-build3,11439,1,LIVE,SYNCHRONISED,AUTOMATIC,NORMAL,65,1950,1950,0,145,145,0.3,0.3,25.78305,44.98,1.028,1,0.0254,0,207.97,34.8413,0.09485,1,0.18,45.607,8.118,100,HEALTHY,F0,0,0,healthy,0,0,0,,,,,37,0
2026-08-19T20:15:58.968Z,1787170558968,FAN_DT_001_F4_S09_R01_20260819T200604,1,594.137,RECOVERY,F4,0.9,FAN_DT_001,3.0,process-model-3.0.0-build3,11440,1,LIVE,SYNCHRONISED,AUTOMATIC,NORMAL,65,1950,1950,0,145,145,0.3,0.3,25.78658,44.89,1.028,1,0.0254,0,207.97,34.9006,0.09319,1,0.18,44.809,8.1318,100,HEALTHY,F0,0,0,healthy,0,0,0,,,,,37,0
2026-08-19T20:15:59.997Z,1787170559997,FAN_DT_001_F4_S09_R01_20260819T200604,1,595.166,RECOVERY,F4,0.9,FAN_DT_001,3.0,process-model-3.0.0-build3,11441,1,LIVE,SYNCHRONISED,AUTOMATIC,NORMAL,65,1950,1950,0,145,145,0.3,0.3,25.78973,44.79,1.028,1,0.0254,0,207.97,34.9603,0.09155,1,0.18,44.023,8.1458,100,HEALTHY,F0,0,0,healthy,0,0,0,,,,,37,0
2026-08-19T20:16:01.032Z,1787170561032,FAN_DT_001_F4_S09_R01_20260819T200604,1,596.202,RECOVERY,F4,0.9,FAN_DT_001,3.0,process-model-3.0.0-build3,11442,1,LIVE,SYNCHRONISED,AUTOMATIC,NORMAL,65,1950,1950,0,145,145,0.3,0.3,25.79244,44.7,1.028,1,0.0254,0,207.97,35.0196,0.08997,1,0.18,43.263,8.1596,100,HEALTHY,F0,0,0,healthy,0,0,0,,,,,37,0
2026-08-19T20:16:02.060Z,1787170562060,FAN_DT_001_F4_S09_R01_20260819T200604,1,597.229,RECOVERY,F4,0.9,FAN_DT_001,3.0,process-model-3.0.0-build3,11443,1,LIVE,SYNCHRONISED,AUTOMATIC,NORMAL,65,1950,1950,0,145,145,0.3,0.3,25.79474,44.61,1.028,1,0.0254,0,207.97,35.0792,0.0884,1,0.18,42.506,8.1735,100,HEALTHY,F0,0,0,healthy,0,0,0,,,,,37,0
2026-08-19T20:16:03.093Z,1787170563093,FAN_DT_001_F4_S09_R01_20260819T200604,1,598.262,RECOVERY,F4,0.9,FAN_DT_001,3.0,process-model-3.0.0-build3,11444,1,LIVE,SYNCHRONISED,AUTOMATIC,NORMAL,65,1950,1950,0,145,145,0.3,0.3,25.79662,44.52,1.028,1,0.0254,0,207.97,35.1384,0.08689,1,0.18,41.783,8.1872,100,HEALTHY,F0,0,0,healthy,0,0,0,,,,,37,0
2026-08-19T20:16:04.121Z,1787170564121,FAN_DT_001_F4_S09_R01_20260819T200604,1,599.29,RECOVERY,F4,0.9,FAN_DT_001,3.0,process-model-3.0.0-build3,11445,1,LIVE,SYNCHRONISED,AUTOMATIC,NORMAL,65,1950,1950,0,145,145,0.3,0.3,25.79809,44.43,1.028,1,0.0254,0,207.97,35.198,0.08538,1,0.18,41.053,8.2011,100,HEALTHY,F0,0,0,healthy,0,0,0,,,,,37,0
