ts_iso,ts_ms,run_id,replicate,experiment_elapsed_s,experiment_phase,selected_fault_code,selected_fault_severity,asset_id,schema_version,model_version,sequence_id,sequence_gap,stream_status,synchronisation_status,control_mode,operating_mode,speed_command_pct,target_rpm,actual_rpm,speed_error_rpm,process_heat_load_w,effective_process_heat_load_w,mechanical_load,effective_mechanical_load,ambient_temperature_c,temperature_c,current_a,current_multiplier,vibration_g,vibration_offset_g,power_w,energy_wh,cooling_rate_c_per_s,cooling_efficiency,thermal_resistance_c_per_w,legacy_thermal_eff_index,co2_g,health_overall,health_status,embedded_fault_code,embedded_fault_class_id,embedded_fault_binary_label,embedded_fault_label,embedded_fault_severity,embedded_fault_active,anomaly,ai_fault_code,ai_fault_label,ai_confidence,ai_severity,accepted_commands,rejected_commands
2026-08-19T17:03:52.281Z,1787159032281,FAN_DT_001_F2_S03_R01_20260819T170351,1,0.891,BASELINE,F2,0.3,FAN_DT_001,3.0,process-model-3.0.0-build3,297,1,LIVE,SYNCHRONISED,AUTOMATIC,NORMAL,65,1950,1950,0,145,145,0.3,0.3,24.9166,38.82,1.028,1,0.0254,0,207.97,0.0378,0.00693,1,0.18,3.334,0.0088,100,HEALTHY,F0,0,0,healthy,0,0,0,,,,,1,0
2026-08-19T17:03:53.304Z,1787159033304,FAN_DT_001_F2_S03_R01_20260819T170351,1,1.91,BASELINE,F2,0.3,FAN_DT_001,3.0,process-model-3.0.0-build3,298,1,LIVE,SYNCHRONISED,AUTOMATIC,NORMAL,65,1950,1950,0,145,145,0.3,0.3,24.89855,38.81,1.028,1,0.0254,0,207.97,0.0968,0.00711,1,0.18,3.418,0.0226,100,HEALTHY,F0,0,0,healthy,0,0,0,,,,,1,0
2026-08-19T17:03:54.333Z,1787159034333,FAN_DT_001_F2_S03_R01_20260819T170351,1,2.941,BASELINE,F2,0.3,FAN_DT_001,3.0,process-model-3.0.0-build3,299,1,LIVE,SYNCHRONISED,AUTOMATIC,NORMAL,65,1950,1950,0,145,145,0.3,0.3,24.88052,38.8,1.028,1,0.0254,0,207.97,0.156,0.0073,1,0.18,3.511,0.0363,100,HEALTHY,F0,0,0,healthy,0,0,0,,,,,1,0
2026-08-19T17:03:55.355Z,1787159035355,FAN_DT_001_F2_S03_R01_20260819T170351,1,3.964,BASELINE,F2,0.3,FAN_DT_001,3.0,process-model-3.0.0-build3,300,1,LIVE,SYNCHRONISED,AUTOMATIC,NORMAL,65,1950,1950,0,145,145,0.3,0.3,24.86252,38.79,1.028,1,0.0254,0,207.97,0.2152,0.00748,1,0.18,3.595,0.0502,100,HEALTHY,F0,0,0,healthy,0,0,0,,,,,1,0
2026-08-19T17:03:56.386Z,1787159036386,FAN_DT_001_F2_S03_R01_20260819T170351,1,4.993,BASELINE,F2,0.3,FAN_DT_001,3.0,process-model-3.0.0-build3,301,1,LIVE,SYNCHRONISED,AUTOMATIC,NORMAL,65,1950,1950,0,145,145,0.3,0.3,24.84464,38.79,1.028,1,0.0254,0,207.97,0.2743,0.00763,1,0.18,3.668,0.0639,100,HEALTHY,F0,0,0,healthy,0,0,0,,,,,1,0
2026-08-19T17:03:57.410Z,1787159037410,FAN_DT_001_F2_S03_R01_20260819T170351,1,6.017,BASELINE,F2,0.3,FAN_DT_001,3.0,process-model-3.0.0-build3,302,1,LIVE,SYNCHRONISED,AUTOMATIC,NORMAL,65,1950,1950,0,145,145,0.3,0.3,24.82681,38.78,1.028,1,0.0254,0,207.97,0.3336,0.00778,1,0.18,3.741,0.0777,100,HEALTHY,F0,0,0,healthy,0,0,0,,,,,1,0
2026-08-19T17:03:58.435Z,1787159038435,FAN_DT_001_F2_S03_R01_20260819T170351,1,7.045,BASELINE,F2,0.3,FAN_DT_001,3.0,process-model-3.0.0-build3,303,1,LIVE,SYNCHRONISED,AUTOMATIC,NORMAL,65,1950,1950,0,145,145,0.3,0.3,24.80903,38.77,1.028,1,0.0254,0,207.97,0.3929,0.00795,1,0.18,3.821,0.0915,100,HEALTHY,F0,0,0,healthy,0,0,0,,,,,1,0
2026-08-19T17:03:59.482Z,1787159039482,FAN_DT_001_F2_S03_R01_20260819T170351,1,8.088,BASELINE,F2,0.3,FAN_DT_001,3.0,process-model-3.0.0-build3,304,1,LIVE,SYNCHRONISED,AUTOMATIC,NORMAL,65,1950,1950,0,145,145,0.3,0.3,24.79145,38.76,1.028,1,0.0254,0,207.97,0.4519,0.00811,1,0.18,3.9,0.1053,100,HEALTHY,F0,0,0,healthy,0,0,0,,,,,1,0
2026-08-19T17:04:00.486Z,1787159040486,FAN_DT_001_F2_S03_R01_20260819T170351,1,9.093,BASELINE,F2,0.3,FAN_DT_001,3.0,process-model-3.0.0-build3,305,1,LIVE,SYNCHRONISED,AUTOMATIC,NORMAL,65,1950,1950,0,145,145,0.3,0.3,24.77388,38.75,1.028,1,0.0254,0,207.97,0.5112,0.00825,1,0.18,3.967,0.1191,100,HEALTHY,F0,0,0,healthy,0,0,0,,,,,1,0
2026-08-19T17:04:01.514Z,1787159041514,FAN_DT_001_F2_S03_R01_20260819T170351,1,10.122,BASELINE,F2,0.3,FAN_DT_001,3.0,process-model-3.0.0-build3,306,1,LIVE,SYNCHRONISED,AUTOMATIC,NORMAL,65,1950,1950,0,145,145,0.3,0.3,24.75651,38.75,1.028,1,0.0254,0,207.97,0.5702,0.00841,1,0.18,4.044,0.1329,100,HEALTHY,F0,0,0,healthy,0,0,0,,,,,1,0
2026-08-19T17:04:02.547Z,1787159042547,FAN_DT_001_F2_S03_R01_20260819T170351,1,11.154,BASELINE,F2,0.3,FAN_DT_001,3.0,process-model-3.0.0-build3,307,1,LIVE,SYNCHRONISED,AUTOMATIC,NORMAL,65,1950,1950,0,145,145,0.3,0.3,24.73915,38.74,1.028,1,0.0254,0,207.97,0.6297,0.00855,1,0.18,4.109,0.1467,100,HEALTHY,F0,0,0,healthy,0,0,0,,,,,1,0
2026-08-19T17:04:03.569Z,1787159043569,FAN_DT_001_F2_S03_R01_20260819T170351,1,12.176,BASELINE,F2,0.3,FAN_DT_001,3.0,process-model-3.0.0-build3,308,1,LIVE,SYNCHRONISED,AUTOMATIC,NORMAL,65,1950,1950,0,145,145,0.3,0.3,24.72204,38.73,1.028,1,0.0254,0,207.97,0.6887,0.00869,1,0.18,4.177,0.1605,100,HEALTHY,F0,0,0,healthy,0,0,0,,,,,1,0
2026-08-19T17:04:04.595Z,1787159044595,FAN_DT_001_F2_S03_R01_20260819T170351,1,13.202,BASELINE,F2,0.3,FAN_DT_001,3.0,process-model-3.0.0-build3,309,1,LIVE,SYNCHRONISED,AUTOMATIC,NORMAL,65,1950,1950,0,145,145,0.3,0.3,24.70498,38.72,1.028,1,0.0254,0,207.97,0.7481,0.00881,1,0.18,4.236,0.1743,100,HEALTHY,F0,0,0,healthy,0,0,0,,,,,1,0
2026-08-19T17:04:05.621Z,1787159045621,FAN_DT_001_F2_S03_R01_20260819T170351,1,14.228,BASELINE,F2,0.3,FAN_DT_001,3.0,process-model-3.0.0-build3,310,1,LIVE,SYNCHRONISED,AUTOMATIC,NORMAL,65,1950,1950,0,145,145,0.3,0.3,24.68819,38.71,1.028,1,0.0254,0,207.97,0.8071,0.00896,1,0.18,4.308,0.188,100,HEALTHY,F0,0,0,healthy,0,0,0,,,,,1,0
2026-08-19T17:04:06.645Z,1787159046645,FAN_DT_001_F2_S03_R01_20260819T170351,1,15.252,BASELINE,F2,0.3,FAN_DT_001,3.0,process-model-3.0.0-build3,311,1,LIVE,SYNCHRONISED,AUTOMATIC,NORMAL,65,1950,1950,0,145,145,0.3,0.3,24.67144,38.7,1.028,1,0.0254,0,207.97,0.8665,0.00908,1,0.18,4.368,0.2019,100,HEALTHY,F0,0,0,healthy,0,0,0,,,,,1,0
2026-08-19T17:04:07.665Z,1787159047665,FAN_DT_001_F2_S03_R01_20260819T170351,1,16.271,BASELINE,F2,0.3,FAN_DT_001,3.0,process-model-3.0.0-build3,312,1,LIVE,SYNCHRONISED,AUTOMATIC,NORMAL,65,1950,1950,0,145,145,0.3,0.3,24.65509,38.69,1.028,1,0.0254,0,207.97,0.925,0.00919,1,0.18,4.419,0.2155,100,HEALTHY,F0,0,0,healthy,0,0,0,,,,,1,0
2026-08-19T17:04:08.691Z,1787159048691,FAN_DT_001_F2_S03_R01_20260819T170351,1,17.297,BASELINE,F2,0.3,FAN_DT_001,3.0,process-model-3.0.0-build3,313,1,LIVE,SYNCHRONISED,AUTOMATIC,NORMAL,65,1950,1950,0,145,145,0.3,0.3,24.63877,38.68,1.028,1,0.0254,0,207.97,0.9841,0.00931,1,0.18,4.477,0.2293,100,HEALTHY,F0,0,0,healthy,0,0,0,,,,,1,0
2026-08-19T17:04:09.716Z,1787159049716,FAN_DT_001_F2_S03_R01_20260819T170351,1,18.325,BASELINE,F2,0.3,FAN_DT_001,3.0,process-model-3.0.0-build3,314,1,LIVE,SYNCHRONISED,AUTOMATIC,NORMAL,65,1950,1950,0,145,145,0.3,0.3,24.62256,38.67,1.028,1,0.0254,0,207.97,1.0435,0.0094,1,0.18,4.522,0.2431,100,HEALTHY,F0,0,0,healthy,0,0,0,,,,,1,0
2026-08-19T17:04:10.746Z,1787159050746,FAN_DT_001_F2_S03_R01_20260819T170351,1,19.353,BASELINE,F2,0.3,FAN_DT_001,3.0,process-model-3.0.0-build3,315,1,LIVE,SYNCHRONISED,AUTOMATIC,NORMAL,65,1950,1950,0,145,145,0.3,0.3,24.60662,38.66,1.028,1,0.0254,0,207.97,1.1026,0.00951,1,0.18,4.571,0.2569,100,HEALTHY,F0,0,0,healthy,0,0,0,,,,,1,0
2026-08-19T17:04:11.790Z,1787159051790,FAN_DT_001_F2_S03_R01_20260819T170351,1,20.397,BASELINE,F2,0.3,FAN_DT_001,3.0,process-model-3.0.0-build3,316,1,LIVE,SYNCHRONISED,AUTOMATIC,NORMAL,65,1950,1950,0,145,145,0.3,0.3,24.5908,38.65,1.028,1,0.0254,0,207.97,1.1621,0.00963,1,0.18,4.63,0.2708,100,HEALTHY,F0,0,0,healthy,0,0,0,,,,,1,0
2026-08-19T17:04:12.802Z,1787159052802,FAN_DT_001_F2_S03_R01_20260819T170351,1,21.41,BASELINE,F2,0.3,FAN_DT_001,3.0,process-model-3.0.0-build3,317,1,LIVE,SYNCHRONISED,AUTOMATIC,NORMAL,65,1950,1950,0,145,145,0.3,0.3,24.57529,38.64,1.028,1,0.0254,0,207.97,1.2211,0.00971,1,0.18,4.669,0.2845,100,HEALTHY,F0,0,0,healthy,0,0,0,,,,,1,0
2026-08-19T17:04:13.827Z,1787159053827,FAN_DT_001_F2_S03_R01_20260819T170351,1,22.434,BASELINE,F2,0.3,FAN_DT_001,3.0,process-model-3.0.0-build3,318,1,LIVE,SYNCHRONISED,AUTOMATIC,NORMAL,65,1950,1950,0,145,145,0.3,0.3,24.55992,38.63,1.028,1,0.0254,0,207.97,1.2805,0.00981,1,0.18,4.717,0.2984,100,HEALTHY,F0,0,0,healthy,0,0,0,,,,,1,0
2026-08-19T17:04:14.852Z,1787159054852,FAN_DT_001_F2_S03_R01_20260819T170351,1,23.459,BASELINE,F2,0.3,FAN_DT_001,3.0,process-model-3.0.0-build3,319,1,LIVE,SYNCHRONISED,AUTOMATIC,NORMAL,65,1950,1950,0,145,145,0.3,0.3,24.54486,38.62,1.028,1,0.0254,0,207.97,1.3395,0.00988,1,0.18,4.753,0.3121,100,HEALTHY,F0,0,0,healthy,0,0,0,,,,,1,0
2026-08-19T17:04:15.879Z,1787159055879,FAN_DT_001_F2_S03_R01_20260819T170351,1,24.486,BASELINE,F2,0.3,FAN_DT_001,3.0,process-model-3.0.0-build3,320,1,LIVE,SYNCHRONISED,AUTOMATIC,NORMAL,65,1950,1950,0,145,145,0.3,0.3,24.52992,38.61,1.028,1,0.0254,0,207.97,1.399,0.00996,1,0.18,4.79,0.326,100,HEALTHY,F0,0,0,healthy,0,0,0,,,,,1,0
2026-08-19T17:04:16.909Z,1787159056909,FAN_DT_001_F2_S03_R01_20260819T170351,1,25.516,BASELINE,F2,0.3,FAN_DT_001,3.0,process-model-3.0.0-build3,321,1,LIVE,SYNCHRONISED,AUTOMATIC,NORMAL,65,1950,1950,0,145,145,0.3,0.3,24.51534,38.6,1.028,1,0.0254,0,207.97,1.4581,0.01003,1,0.18,4.822,0.3397,100,HEALTHY,F0,0,0,healthy,0,0,0,,,,,1,0
2026-08-19T17:04:17.934Z,1787159057934,FAN_DT_001_F2_S03_R01_20260819T170351,1,26.541,BASELINE,F2,0.3,FAN_DT_001,3.0,process-model-3.0.0-build3,322,1,LIVE,SYNCHRONISED,AUTOMATIC,NORMAL,65,1950,1950,0,145,145,0.3,0.3,24.50093,38.59,1.028,1,0.0254,0,207.97,1.5175,0.01008,1,0.18,4.848,0.3536,100,HEALTHY,F0,0,0,healthy,0,0,0,,,,,1,0
2026-08-19T17:04:18.991Z,1787159058991,FAN_DT_001_F2_S03_R01_20260819T170351,1,27.597,BASELINE,F2,0.3,FAN_DT_001,3.0,process-model-3.0.0-build3,323,1,LIVE,SYNCHRONISED,AUTOMATIC,NORMAL,65,1950,1950,0,145,145,0.3,0.3,24.48687,38.58,1.028,1,0.0254,0,207.97,1.5764,0.01014,1,0.18,4.878,0.3673,100,HEALTHY,F0,0,0,healthy,0,0,0,,,,,1,0
2026-08-19T17:04:19.983Z,1787159059983,FAN_DT_001_F2_S03_R01_20260819T170351,1,28.591,BASELINE,F2,0.3,FAN_DT_001,3.0,process-model-3.0.0-build3,324,1,LIVE,SYNCHRONISED,AUTOMATIC,NORMAL,65,1950,1950,0,145,145,0.3,0.3,24.47303,38.57,1.028,1,0.0254,0,207.97,1.6357,0.0102,1,0.18,4.906,0.3811,100,HEALTHY,F0,0,0,healthy,0,0,0,,,,,1,0
2026-08-19T17:04:21.009Z,1787159061009,FAN_DT_001_F2_S03_R01_20260819T170351,1,29.617,BASELINE,F2,0.3,FAN_DT_001,3.0,process-model-3.0.0-build3,325,1,LIVE,SYNCHRONISED,AUTOMATIC,NORMAL,65,1950,1950,0,145,145,0.3,0.3,24.45946,38.56,1.028,1,0.0254,0,207.97,1.6949,0.01026,1,0.18,4.933,0.3949,100,HEALTHY,F0,0,0,healthy,0,0,0,,,,,1,0
2026-08-19T17:04:22.033Z,1787159062033,FAN_DT_001_F2_S03_R01_20260819T170351,1,30.639,BASELINE,F2,0.3,FAN_DT_001,3.0,process-model-3.0.0-build3,326,1,LIVE,SYNCHRONISED,AUTOMATIC,NORMAL,65,1950,1950,0,145,145,0.3,0.3,24.44619,38.55,1.028,1,0.0254,0,207.97,1.754,0.0103,1,0.18,4.954,0.4087,100,HEALTHY,F0,0,0,healthy,0,0,0,,,,,1,0
2026-08-19T17:04:23.057Z,1787159063057,FAN_DT_001_F2_S03_R01_20260819T170351,1,31.663,BASELINE,F2,0.3,FAN_DT_001,3.0,process-model-3.0.0-build3,327,1,LIVE,SYNCHRONISED,AUTOMATIC,NORMAL,65,1950,1950,0,145,145,0.3,0.3,24.43318,38.54,1.028,1,0.0254,0,207.97,1.8132,0.01035,1,0.18,4.977,0.4225,100,HEALTHY,F0,0,0,healthy,0,0,0,,,,,1,0
2026-08-19T17:04:24.087Z,1787159064087,FAN_DT_001_F2_S03_R01_20260819T170351,1,32.695,BASELINE,F2,0.3,FAN_DT_001,3.0,process-model-3.0.0-build3,328,1,LIVE,SYNCHRONISED,AUTOMATIC,NORMAL,65,1950,1950,0,145,145,0.3,0.3,24.42052,38.53,1.028,1,0.0254,0,207.97,1.8722,0.01039,1,0.18,4.995,0.4362,100,HEALTHY,F0,0,0,healthy,0,0,0,,,,,1,0
2026-08-19T17:04:25.111Z,1787159065111,FAN_DT_001_F2_S03_R01_20260819T170351,1,33.718,BASELINE,F2,0.3,FAN_DT_001,3.0,process-model-3.0.0-build3,329,1,LIVE,SYNCHRONISED,AUTOMATIC,NORMAL,65,1950,1950,0,145,145,0.3,0.3,24.40807,38.52,1.028,1,0.0254,0,207.97,1.9315,0.01042,1,0.18,5.008,0.45,100,HEALTHY,F0,0,0,healthy,0,0,0,,,,,1,0
2026-08-19T17:04:26.139Z,1787159066139,FAN_DT_001_F2_S03_R01_20260819T170351,1,34.744,BASELINE,F2,0.3,FAN_DT_001,3.0,process-model-3.0.0-build3,330,1,LIVE,SYNCHRONISED,AUTOMATIC,NORMAL,65,1950,1950,0,145,145,0.3,0.3,24.39602,38.51,1.028,1,0.0254,0,207.97,1.9905,0.01043,1,0.18,5.013,0.4638,100,HEALTHY,F0,0,0,healthy,0,0,0,,,,,1,0
2026-08-19T17:04:27.163Z,1787159067163,FAN_DT_001_F2_S03_R01_20260819T170351,1,35.771,BASELINE,F2,0.3,FAN_DT_001,3.0,process-model-3.0.0-build3,331,1,LIVE,SYNCHRONISED,AUTOMATIC,NORMAL,65,1950,1950,0,145,145,0.3,0.3,24.38419,38.5,1.028,1,0.0254,0,207.97,2.0499,0.01044,1,0.18,5.022,0.4776,100,HEALTHY,F0,0,0,healthy,0,0,0,,,,,1,0
2026-08-19T17:04:28.188Z,1787159068188,FAN_DT_001_F2_S03_R01_20260819T170351,1,36.794,BASELINE,F2,0.3,FAN_DT_001,3.0,process-model-3.0.0-build3,332,1,LIVE,SYNCHRONISED,AUTOMATIC,NORMAL,65,1950,1950,0,145,145,0.3,0.3,24.37273,38.49,1.028,1,0.0254,0,207.97,2.1091,0.01046,1,0.18,5.031,0.4914,100,HEALTHY,F0,0,0,healthy,0,0,0,,,,,1,0
2026-08-19T17:04:29.218Z,1787159069218,FAN_DT_001_F2_S03_R01_20260819T170351,1,37.824,BASELINE,F2,0.3,FAN_DT_001,3.0,process-model-3.0.0-build3,333,1,LIVE,SYNCHRONISED,AUTOMATIC,NORMAL,65,1950,1950,0,145,145,0.3,0.3,24.36161,38.47,1.028,1,0.0254,0,207.97,2.1682,0.01048,1,0.18,5.037,0.5052,100,HEALTHY,F0,0,0,healthy,0,0,0,,,,,1,0
2026-08-19T17:04:30.242Z,1787159070242,FAN_DT_001_F2_S03_R01_20260819T170351,1,38.849,BASELINE,F2,0.3,FAN_DT_001,3.0,process-model-3.0.0-build3,334,1,LIVE,SYNCHRONISED,AUTOMATIC,NORMAL,65,1950,1950,0,145,145,0.3,0.3,24.35076,38.46,1.028,1,0.0254,0,207.97,2.2275,0.01047,1,0.18,5.037,0.519,100,HEALTHY,F0,0,0,healthy,0,0,0,,,,,1,0
2026-08-19T17:04:31.286Z,1787159071286,FAN_DT_001_F2_S03_R01_20260819T170351,1,39.893,BASELINE,F2,0.3,FAN_DT_001,3.0,process-model-3.0.0-build3,335,1,LIVE,SYNCHRONISED,AUTOMATIC,NORMAL,65,1950,1950,0,145,145,0.3,0.3,24.34028,38.45,1.028,1,0.0254,0,207.97,2.2868,0.01046,1,0.18,5.031,0.5328,100,HEALTHY,F0,0,0,healthy,0,0,0,,,,,1,0
2026-08-19T17:04:32.306Z,1787159072306,FAN_DT_001_F2_S03_R01_20260819T170351,1,40.913,BASELINE,F2,0.3,FAN_DT_001,3.0,process-model-3.0.0-build3,336,1,LIVE,SYNCHRONISED,AUTOMATIC,NORMAL,65,1950,1950,0,145,145,0.3,0.3,24.33015,38.44,1.028,1,0.0254,0,207.97,2.346,0.01044,1,0.18,5.022,0.5466,100,HEALTHY,F0,0,0,healthy,0,0,0,,,,,1,0
2026-08-19T17:04:33.326Z,1787159073326,FAN_DT_001_F2_S03_R01_20260819T170351,1,41.932,BASELINE,F2,0.3,FAN_DT_001,3.0,process-model-3.0.0-build3,337,1,LIVE,SYNCHRONISED,AUTOMATIC,NORMAL,65,1950,1950,0,145,145,0.3,0.3,24.32035,38.43,1.028,1,0.0254,0,207.97,2.4052,0.01043,1,0.18,5.016,0.5604,100,HEALTHY,F0,0,0,healthy,0,0,0,,,,,1,0
2026-08-19T17:04:34.352Z,1787159074352,FAN_DT_001_F2_S03_R01_20260819T170351,1,42.959,BASELINE,F2,0.3,FAN_DT_001,3.0,process-model-3.0.0-build3,338,1,LIVE,SYNCHRONISED,AUTOMATIC,NORMAL,65,1950,1950,0,145,145,0.3,0.3,24.31094,38.42,1.028,1,0.0254,0,207.97,2.4643,0.01043,1,0.18,5.013,0.5742,100,HEALTHY,F0,0,0,healthy,0,0,0,,,,,1,0
2026-08-19T17:04:35.377Z,1787159075377,FAN_DT_001_F2_S03_R01_20260819T170351,1,43.983,BASELINE,F2,0.3,FAN_DT_001,3.0,process-model-3.0.0-build3,339,1,LIVE,SYNCHRONISED,AUTOMATIC,NORMAL,65,1950,1950,0,145,145,0.3,0.3,24.30185,38.41,1.028,1,0.0254,0,207.97,2.5236,0.01041,1,0.18,5.004,0.588,100,HEALTHY,F0,0,0,healthy,0,0,0,,,,,1,0
2026-08-19T17:04:36.402Z,1787159076402,FAN_DT_001_F2_S03_R01_20260819T170351,1,45.009,BASELINE,F2,0.3,FAN_DT_001,3.0,process-model-3.0.0-build3,340,1,LIVE,SYNCHRONISED,AUTOMATIC,NORMAL,65,1950,1950,0,145,145,0.3,0.3,24.29316,38.4,1.028,1,0.0254,0,207.97,2.5826,0.01038,1,0.18,4.989,0.6017,100,HEALTHY,F0,0,0,healthy,0,0,0,,,,,1,0
2026-08-19T17:04:37.425Z,1787159077425,FAN_DT_001_F2_S03_R01_20260819T170351,1,46.033,BASELINE,F2,0.3,FAN_DT_001,3.0,process-model-3.0.0-build3,341,1,LIVE,SYNCHRONISED,AUTOMATIC,NORMAL,65,1950,1950,0,145,145,0.3,0.3,24.28482,38.39,1.028,1,0.0254,0,207.97,2.6417,0.01033,1,0.18,4.969,0.6155,100,HEALTHY,F0,0,0,healthy,0,0,0,,,,,1,0
2026-08-19T17:04:38.487Z,1787159078487,FAN_DT_001_F2_S03_R01_20260819T170351,1,47.093,BASELINE,F2,0.3,FAN_DT_001,3.0,process-model-3.0.0-build3,342,1,LIVE,SYNCHRONISED,AUTOMATIC,NORMAL,65,1950,1950,0,145,145,0.3,0.3,24.27684,38.38,1.028,1,0.0254,0,207.97,2.701,0.01029,1,0.18,4.947,0.6293,100,HEALTHY,F0,0,0,healthy,0,0,0,,,,,1,0
2026-08-19T17:04:39.480Z,1787159079480,FAN_DT_001_F2_S03_R01_20260819T170351,1,48.086,BASELINE,F2,0.3,FAN_DT_001,3.0,process-model-3.0.0-build3,343,1,LIVE,SYNCHRONISED,AUTOMATIC,NORMAL,65,1950,1950,0,145,145,0.3,0.3,24.26927,38.37,1.028,1,0.0254,0,207.97,2.7599,0.01024,1,0.18,4.925,0.6431,100,HEALTHY,F0,0,0,healthy,0,0,0,,,,,1,0
2026-08-19T17:04:40.506Z,1787159080506,FAN_DT_001_F2_S03_R01_20260819T170351,1,49.112,BASELINE,F2,0.3,FAN_DT_001,3.0,process-model-3.0.0-build3,344,1,LIVE,SYNCHRONISED,AUTOMATIC,NORMAL,65,1950,1950,0,145,145,0.3,0.3,24.26202,38.36,1.028,1,0.0254,0,207.97,2.8193,0.01018,1,0.18,4.896,0.6569,100,HEALTHY,F0,0,0,healthy,0,0,0,,,,,1,0
2026-08-19T17:04:41.530Z,1787159081530,FAN_DT_001_F2_S03_R01_20260819T170351,1,50.136,BASELINE,F2,0.3,FAN_DT_001,3.0,process-model-3.0.0-build3,345,1,LIVE,SYNCHRONISED,AUTOMATIC,NORMAL,65,1950,1950,0,145,145,0.3,0.3,24.2552,38.35,1.028,1,0.0254,0,207.97,2.8783,0.01012,1,0.18,4.868,0.6706,100,HEALTHY,F0,0,0,healthy,0,0,0,,,,,1,0
2026-08-19T17:04:42.557Z,1787159082557,FAN_DT_001_F2_S03_R01_20260819T170351,1,51.163,BASELINE,F2,0.3,FAN_DT_001,3.0,process-model-3.0.0-build3,346,1,LIVE,SYNCHRONISED,AUTOMATIC,NORMAL,65,1950,1950,0,145,145,0.3,0.3,24.24873,38.34,1.028,1,0.0254,0,207.97,2.9377,0.01005,1,0.18,4.833,0.6845,100,HEALTHY,F0,0,0,healthy,0,0,0,,,,,1,0
2026-08-19T17:04:43.585Z,1787159083585,FAN_DT_001_F2_S03_R01_20260819T170351,1,52.192,BASELINE,F2,0.3,FAN_DT_001,3.0,process-model-3.0.0-build3,347,1,LIVE,SYNCHRONISED,AUTOMATIC,NORMAL,65,1950,1950,0,145,145,0.3,0.3,24.24267,38.33,1.028,1,0.0254,0,207.97,2.9968,0.01,1,0.18,4.808,0.6983,100,HEALTHY,F0,0,0,healthy,0,0,0,,,,,1,0
2026-08-19T17:04:44.615Z,1787159084615,FAN_DT_001_F2_S03_R01_20260819T170351,1,53.221,BASELINE,F2,0.3,FAN_DT_001,3.0,process-model-3.0.0-build3,348,1,LIVE,SYNCHRONISED,AUTOMATIC,NORMAL,65,1950,1950,0,145,145,0.3,0.3,24.23699,38.32,1.028,1,0.0254,0,207.97,3.0561,0.00991,1,0.18,4.766,0.7121,100,HEALTHY,F0,0,0,healthy,0,0,0,,,,,1,0
2026-08-19T17:04:45.637Z,1787159085637,FAN_DT_001_F2_S03_R01_20260819T170351,1,54.244,BASELINE,F2,0.3,FAN_DT_001,3.0,process-model-3.0.0-build3,349,1,LIVE,SYNCHRONISED,AUTOMATIC,NORMAL,65,1950,1950,0,145,145,0.3,0.3,24.23169,38.31,1.028,1,0.0254,0,207.97,3.1155,0.00982,1,0.18,4.721,0.7259,100,HEALTHY,F0,0,0,healthy,0,0,0,,,,,1,0
2026-08-19T17:04:46.667Z,1787159086667,FAN_DT_001_F2_S03_R01_20260819T170351,1,55.273,BASELINE,F2,0.3,FAN_DT_001,3.0,process-model-3.0.0-build3,350,1,LIVE,SYNCHRONISED,AUTOMATIC,NORMAL,65,1950,1950,0,145,145,0.3,0.3,24.22683,38.3,1.028,1,0.0254,0,207.97,3.1745,0.00974,1,0.18,4.684,0.7397,100,HEALTHY,F0,0,0,healthy,0,0,0,,,,,1,0
2026-08-19T17:04:47.690Z,1787159087690,FAN_DT_001_F2_S03_R01_20260819T170351,1,56.296,BASELINE,F2,0.3,FAN_DT_001,3.0,process-model-3.0.0-build3,351,1,LIVE,SYNCHRONISED,AUTOMATIC,NORMAL,65,1950,1950,0,145,145,0.3,0.3,24.22234,38.29,1.028,1,0.0254,0,207.97,3.2339,0.00966,1,0.18,4.644,0.7535,100,HEALTHY,F0,0,0,healthy,0,0,0,,,,,1,0
2026-08-19T17:04:48.726Z,1787159088726,FAN_DT_001_F2_S03_R01_20260819T170351,1,57.332,BASELINE,F2,0.3,FAN_DT_001,3.0,process-model-3.0.0-build3,352,1,LIVE,SYNCHRONISED,AUTOMATIC,NORMAL,65,1950,1950,0,145,145,0.3,0.3,24.21827,38.28,1.028,1,0.0254,0,207.97,3.293,0.00955,1,0.18,4.593,0.7673,100,HEALTHY,F0,0,0,healthy,0,0,0,,,,,1,0
2026-08-19T17:04:49.746Z,1787159089746,FAN_DT_001_F2_S03_R01_20260819T170351,1,58.352,BASELINE,F2,0.3,FAN_DT_001,3.0,process-model-3.0.0-build3,353,1,LIVE,SYNCHRONISED,AUTOMATIC,NORMAL,65,1950,1950,0,145,145,0.3,0.3,24.21459,38.27,1.028,1,0.0254,0,207.97,3.3525,0.00946,1,0.18,4.549,0.7811,100,HEALTHY,F0,0,0,healthy,0,0,0,,,,,1,0
2026-08-19T17:04:50.786Z,1787159090786,FAN_DT_001_F2_S03_R01_20260819T170351,1,59.396,BASELINE,F2,0.3,FAN_DT_001,3.0,process-model-3.0.0-build3,354,1,LIVE,SYNCHRONISED,AUTOMATIC,NORMAL,65,1950,1950,0,145,145,0.3,0.3,24.21134,38.26,1.028,1,0.0254,0,207.97,3.4115,0.00936,1,0.18,4.501,0.7949,100,HEALTHY,F0,0,0,healthy,0,0,0,,,,,1,0
2026-08-19T17:04:51.819Z,1787159091819,FAN_DT_001_F2_S03_R01_20260819T170351,1,60.426,FAULT_ACTIVE,F2,0.3,FAN_DT_001,3.0,process-model-3.0.0-build3,355,1,LIVE,SYNCHRONISED,AUTOMATIC,NORMAL,65,1950,1950,0,145,151,0.3,0.3,24.20845,38.25,1.197,1.165,0.0254,0,242.28,3.4728,0,1,0.18,0,0.8092,80.5,DEGRADED,F2,2,1,electrical_overcurrent,0.3,1,1,,,,,2,0
2026-08-19T17:04:52.883Z,1787159092883,FAN_DT_001_F2_S03_R01_20260819T170351,1,61.49,FAULT_ACTIVE,F2,0.3,FAN_DT_001,3.0,process-model-3.0.0-build3,356,1,LIVE,SYNCHRONISED,AUTOMATIC,NORMAL,65,1950,1950,0,145,151,0.3,0.3,24.20601,38.25,1.197,1.165,0.0254,0,242.28,3.5421,0.00006,1,0.18,0.024,0.8253,80.5,DEGRADED,F2,2,1,electrical_overcurrent,0.3,1,1,,,,,2,0
2026-08-19T17:04:53.881Z,1787159093881,FAN_DT_001_F2_S03_R01_20260819T170351,1,62.487,FAULT_ACTIVE,F2,0.3,FAN_DT_001,3.0,process-model-3.0.0-build3,357,1,LIVE,SYNCHRONISED,AUTOMATIC,NORMAL,65,1950,1950,0,145,151,0.3,0.3,24.20397,38.25,1.197,1.165,0.0254,0,242.28,3.6116,0.00009,1,0.18,0.038,0.8415,80.5,DEGRADED,F2,2,1,electrical_overcurrent,0.3,1,1,,,,,2,0
2026-08-19T17:04:54.924Z,1787159094924,FAN_DT_001_F2_S03_R01_20260819T170351,1,63.53,FAULT_ACTIVE,F2,0.3,FAN_DT_001,3.0,process-model-3.0.0-build3,358,1,LIVE,SYNCHRONISED,AUTOMATIC,NORMAL,65,1950,1950,0,145,151,0.3,0.3,24.20235,38.25,1.197,1.165,0.0254,0,242.28,3.6811,0.00012,1,0.18,0.048,0.8577,80.5,DEGRADED,F2,2,1,electrical_overcurrent,0.3,1,1,,,,,2,0
2026-08-19T17:04:55.945Z,1787159095945,FAN_DT_001_F2_S03_R01_20260819T170351,1,64.551,FAULT_ACTIVE,F2,0.3,FAN_DT_001,3.0,process-model-3.0.0-build3,359,1,LIVE,SYNCHRONISED,AUTOMATIC,NORMAL,65,1950,1950,0,145,151,0.3,0.3,24.20116,38.25,1.197,1.165,0.0254,0,242.28,3.7503,0.00012,1,0.18,0.048,0.8738,80.5,DEGRADED,F2,2,1,electrical_overcurrent,0.3,1,1,,,,,2,0
2026-08-19T17:04:56.977Z,1787159096977,FAN_DT_001_F2_S03_R01_20260819T170351,1,65.582,FAULT_ACTIVE,F2,0.3,FAN_DT_001,3.0,process-model-3.0.0-build3,360,1,LIVE,SYNCHRONISED,AUTOMATIC,NORMAL,65,1950,1950,0,145,151,0.3,0.3,24.20038,38.25,1.197,1.165,0.0254,0,242.28,3.8197,0.00012,1,0.18,0.05,0.89,80.5,DEGRADED,F2,2,1,electrical_overcurrent,0.3,1,1,,,,,2,0
2026-08-19T17:04:58.020Z,1787159098020,FAN_DT_001_F2_S03_R01_20260819T170351,1,66.626,FAULT_ACTIVE,F2,0.3,FAN_DT_001,3.0,process-model-3.0.0-build3,361,1,LIVE,SYNCHRONISED,AUTOMATIC,NORMAL,65,1950,1950,0,145,151,0.3,0.3,24.20003,38.25,1.197,1.165,0.0254,0,242.28,3.8889,0.00014,1,0.18,0.059,0.9061,80.5,DEGRADED,F2,2,1,electrical_overcurrent,0.3,1,1,,,,,2,0
2026-08-19T17:04:59.041Z,1787159099041,FAN_DT_001_F2_S03_R01_20260819T170351,1,67.647,FAULT_ACTIVE,F2,0.3,FAN_DT_001,3.0,process-model-3.0.0-build3,362,1,LIVE,SYNCHRONISED,AUTOMATIC,NORMAL,65,1950,1950,0,145,151,0.3,0.3,24.20009,38.25,1.197,1.165,0.0254,0,242.28,3.9583,0.00012,1,0.18,0.05,0.9223,80.5,DEGRADED,F2,2,1,electrical_overcurrent,0.3,1,1,,,,,2,0
2026-08-19T17:05:00.082Z,1787159100082,FAN_DT_001_F2_S03_R01_20260819T170351,1,68.688,FAULT_ACTIVE,F2,0.3,FAN_DT_001,3.0,process-model-3.0.0-build3,363,1,LIVE,SYNCHRONISED,AUTOMATIC,NORMAL,65,1950,1950,0,145,151,0.3,0.3,24.20057,38.25,1.197,1.165,0.0254,0,242.28,4.0278,0.00012,1,0.18,0.048,0.9385,80.5,DEGRADED,F2,2,1,electrical_overcurrent,0.3,1,1,,,,,2,0
2026-08-19T17:05:01.106Z,1787159101106,FAN_DT_001_F2_S03_R01_20260819T170351,1,69.712,FAULT_ACTIVE,F2,0.3,FAN_DT_001,3.0,process-model-3.0.0-build3,364,1,LIVE,SYNCHRONISED,AUTOMATIC,NORMAL,65,1950,1950,0,145,151,0.3,0.3,24.20147,38.25,1.197,1.165,0.0254,0,242.28,4.0971,0.00012,1,0.18,0.05,0.9546,80.5,DEGRADED,F2,2,1,electrical_overcurrent,0.3,1,1,,,,,2,0
2026-08-19T17:05:02.139Z,1787159102139,FAN_DT_001_F2_S03_R01_20260819T170351,1,70.745,FAULT_ACTIVE,F2,0.3,FAN_DT_001,3.0,process-model-3.0.0-build3,365,1,LIVE,SYNCHRONISED,AUTOMATIC,NORMAL,65,1950,1950,0,145,151,0.3,0.3,24.2028,38.25,1.197,1.165,0.0254,0,242.28,4.1666,0.00009,1,0.18,0.037,0.9708,80.5,DEGRADED,F2,2,1,electrical_overcurrent,0.3,1,1,,,,,2,0
2026-08-19T17:05:03.173Z,1787159103173,FAN_DT_001_F2_S03_R01_20260819T170351,1,71.779,FAULT_ACTIVE,F2,0.3,FAN_DT_001,3.0,process-model-3.0.0-build3,366,1,LIVE,SYNCHRONISED,AUTOMATIC,NORMAL,65,1950,1950,0,145,151,0.3,0.3,24.20453,38.25,1.197,1.165,0.0254,0,242.28,4.2359,0.00006,1,0.18,0.024,0.987,80.5,DEGRADED,F2,2,1,electrical_overcurrent,0.3,1,1,,,,,2,0
2026-08-19T17:05:04.212Z,1787159104212,FAN_DT_001_F2_S03_R01_20260819T170351,1,72.818,FAULT_ACTIVE,F2,0.3,FAN_DT_001,3.0,process-model-3.0.0-build3,367,1,LIVE,SYNCHRONISED,AUTOMATIC,NORMAL,65,1950,1950,0,145,151,0.3,0.3,24.2067,38.25,1.197,1.165,0.0254,0,242.28,4.3055,0.00003,1,0.18,0.012,1.0032,80.5,DEGRADED,F2,2,1,electrical_overcurrent,0.3,1,1,,,,,2,0
2026-08-19T17:05:05.236Z,1787159105236,FAN_DT_001_F2_S03_R01_20260819T170351,1,73.842,FAULT_ACTIVE,F2,0.3,FAN_DT_001,3.0,process-model-3.0.0-build3,368,1,LIVE,SYNCHRONISED,AUTOMATIC,NORMAL,65,1950,1950,0,145,151,0.3,0.3,24.20927,38.25,1.197,1.165,0.0254,0,242.28,4.3748,-0.00003,1,0.18,0.012,1.0193,80.5,DEGRADED,F2,2,1,electrical_overcurrent,0.3,1,1,,,,,2,0
2026-08-19T17:05:06.272Z,1787159106272,FAN_DT_001_F2_S03_R01_20260819T170351,1,74.877,FAULT_ACTIVE,F2,0.3,FAN_DT_001,3.0,process-model-3.0.0-build3,369,1,LIVE,SYNCHRONISED,AUTOMATIC,NORMAL,65,1950,1950,0,145,151,0.3,0.3,24.21225,38.25,1.197,1.165,0.0254,0,242.28,4.4441,-0.00006,1,0.18,0.025,1.0355,80.5,DEGRADED,F2,2,1,electrical_overcurrent,0.3,1,1,,,,,2,0
2026-08-19T17:05:07.300Z,1787159107300,FAN_DT_001_F2_S03_R01_20260819T170351,1,75.906,FAULT_ACTIVE,F2,0.3,FAN_DT_001,3.0,process-model-3.0.0-build3,370,1,LIVE,SYNCHRONISED,AUTOMATIC,NORMAL,65,1950,1950,0,145,151,0.3,0.3,24.21565,38.25,1.197,1.165,0.0254,0,242.28,4.5134,-0.00012,1,0.18,0.05,1.0516,80.5,DEGRADED,F2,2,1,electrical_overcurrent,0.3,1,1,,,,,2,0
2026-08-19T17:05:08.333Z,1787159108333,FAN_DT_001_F2_S03_R01_20260819T170351,1,76.938,FAULT_ACTIVE,F2,0.3,FAN_DT_001,3.0,process-model-3.0.0-build3,371,1,LIVE,SYNCHRONISED,AUTOMATIC,NORMAL,65,1950,1950,0,145,151,0.3,0.3,24.21945,38.25,1.197,1.165,0.0254,0,242.28,4.5826,-0.00018,1,0.18,0.073,1.0677,80.5,DEGRADED,F2,2,1,electrical_overcurrent,0.3,1,1,,,,,2,0
2026-08-19T17:05:09.389Z,1787159109389,FAN_DT_001_F2_S03_R01_20260819T170351,1,77.995,FAULT_ACTIVE,F2,0.3,FAN_DT_001,3.0,process-model-3.0.0-build3,372,1,LIVE,SYNCHRONISED,AUTOMATIC,NORMAL,65,1950,1950,0,145,151,0.3,0.3,24.22368,38.25,1.197,1.165,0.0254,0,242.28,4.6521,-0.00024,1,0.18,0.1,1.0839,80.5,DEGRADED,F2,2,1,electrical_overcurrent,0.3,1,1,,,,,2,0
2026-08-19T17:05:10.395Z,1787159110395,FAN_DT_001_F2_S03_R01_20260819T170351,1,79.001,FAULT_ACTIVE,F2,0.3,FAN_DT_001,3.0,process-model-3.0.0-build3,373,1,LIVE,SYNCHRONISED,AUTOMATIC,NORMAL,65,1950,1950,0,145,151,0.3,0.3,24.2283,38.25,1.197,1.165,0.0254,0,242.28,4.7213,-0.00032,1,0.18,0.131,1.1001,80.5,DEGRADED,F2,2,1,electrical_overcurrent,0.3,1,1,,,,,2,0
2026-08-19T17:05:11.433Z,1787159111433,FAN_DT_001_F2_S03_R01_20260819T170351,1,80.039,FAULT_ACTIVE,F2,0.3,FAN_DT_001,3.0,process-model-3.0.0-build3,374,1,LIVE,SYNCHRONISED,AUTOMATIC,NORMAL,65,1950,1950,0,145,151,0.3,0.3,24.23335,38.25,1.197,1.165,0.0254,0,242.28,4.7908,-0.00039,1,0.18,0.163,1.1163,80.5,DEGRADED,F2,2,1,electrical_overcurrent,0.3,1,1,,,,,2,0
2026-08-19T17:05:12.463Z,1787159112463,FAN_DT_001_F2_S03_R01_20260819T170351,1,81.068,FAULT_ACTIVE,F2,0.3,FAN_DT_001,3.0,process-model-3.0.0-build3,375,1,LIVE,SYNCHRONISED,AUTOMATIC,NORMAL,65,1950,1950,0,145,151,0.3,0.3,24.23878,38.25,1.197,1.165,0.0254,0,242.28,4.8602,-0.00049,1,0.18,0.203,1.1324,80.5,DEGRADED,F2,2,1,electrical_overcurrent,0.3,1,1,,,,,2,0
2026-08-19T17:05:13.500Z,1787159113500,FAN_DT_001_F2_S03_R01_20260819T170351,1,82.107,FAULT_ACTIVE,F2,0.3,FAN_DT_001,3.0,process-model-3.0.0-build3,376,1,LIVE,SYNCHRONISED,AUTOMATIC,NORMAL,65,1950,1950,0,145,151,0.3,0.3,24.24462,38.25,1.197,1.165,0.0254,0,242.28,4.9296,-0.00057,1,0.18,0.236,1.1486,80.5,DEGRADED,F2,2,1,electrical_overcurrent,0.3,1,1,,,,,2,0
2026-08-19T17:05:14.526Z,1787159114526,FAN_DT_001_F2_S03_R01_20260819T170351,1,83.133,FAULT_ACTIVE,F2,0.3,FAN_DT_001,3.0,process-model-3.0.0-build3,377,1,LIVE,SYNCHRONISED,AUTOMATIC,NORMAL,65,1950,1950,0,145,151,0.3,0.3,24.25086,38.25,1.197,1.165,0.0254,0,242.28,4.9991,-0.00066,1,0.18,0.273,1.1648,80.5,DEGRADED,F2,2,1,electrical_overcurrent,0.3,1,1,,,,,2,0
2026-08-19T17:05:15.565Z,1787159115565,FAN_DT_001_F2_S03_R01_20260819T170351,1,84.172,FAULT_ACTIVE,F2,0.3,FAN_DT_001,3.0,process-model-3.0.0-build3,378,1,LIVE,SYNCHRONISED,AUTOMATIC,NORMAL,65,1950,1950,0,145,151,0.3,0.3,24.25747,38.25,1.197,1.165,0.0254,0,242.28,5.0683,-0.00076,1,0.18,0.315,1.1809,80.5,DEGRADED,F2,2,1,electrical_overcurrent,0.3,1,1,,,,,2,0
2026-08-19T17:05:16.590Z,1787159116590,FAN_DT_001_F2_S03_R01_20260819T170351,1,85.196,FAULT_ACTIVE,F2,0.3,FAN_DT_001,3.0,process-model-3.0.0-build3,379,1,LIVE,SYNCHRONISED,AUTOMATIC,NORMAL,65,1950,1950,0,145,151,0.3,0.3,24.2645,38.25,1.197,1.165,0.0254,0,242.28,5.1378,-0.00088,1,0.18,0.362,1.1971,80.5,DEGRADED,F2,2,1,electrical_overcurrent,0.3,1,1,,,,,2,0
2026-08-19T17:05:17.623Z,1787159117623,FAN_DT_001_F2_S03_R01_20260819T170351,1,86.229,FAULT_ACTIVE,F2,0.3,FAN_DT_001,3.0,process-model-3.0.0-build3,380,1,LIVE,SYNCHRONISED,AUTOMATIC,NORMAL,65,1950,1950,0,145,151,0.3,0.3,24.27189,38.25,1.197,1.165,0.0254,0,242.28,5.2071,-0.00098,1,0.18,0.406,1.2133,80.5,DEGRADED,F2,2,1,electrical_overcurrent,0.3,1,1,,,,,2,0
2026-08-19T17:05:18.689Z,1787159118689,FAN_DT_001_F2_S03_R01_20260819T170351,1,87.295,FAULT_ACTIVE,F2,0.3,FAN_DT_001,3.0,process-model-3.0.0-build3,381,1,LIVE,SYNCHRONISED,AUTOMATIC,NORMAL,65,1950,1950,0,145,151,0.3,0.3,24.27968,38.25,1.197,1.165,0.0254,0,242.28,5.2766,-0.00107,1,0.18,0.443,1.2294,80.5,DEGRADED,F2,2,1,electrical_overcurrent,0.3,1,1,,,,,2,0
2026-08-19T17:05:19.689Z,1787159119689,FAN_DT_001_F2_S03_R01_20260819T170351,1,88.295,FAULT_ACTIVE,F2,0.3,FAN_DT_001,3.0,process-model-3.0.0-build3,382,1,LIVE,SYNCHRONISED,AUTOMATIC,NORMAL,65,1950,1950,0,145,151,0.3,0.3,24.28786,38.25,1.197,1.165,0.0254,0,242.28,5.3461,-0.00119,1,0.18,0.491,1.2456,80.5,DEGRADED,F2,2,1,electrical_overcurrent,0.3,1,1,,,,,2,0
2026-08-19T17:05:20.723Z,1787159120723,FAN_DT_001_F2_S03_R01_20260819T170351,1,89.329,FAULT_ACTIVE,F2,0.3,FAN_DT_001,3.0,process-model-3.0.0-build3,383,1,LIVE,SYNCHRONISED,AUTOMATIC,NORMAL,65,1950,1950,0,145,151,0.3,0.3,24.29636,38.26,1.197,1.165,0.0254,0,242.28,5.4151,-0.00133,1,0.18,0.549,1.2617,80.5,DEGRADED,F2,2,1,electrical_overcurrent,0.3,1,1,,,,,2,0
2026-08-19T17:05:21.752Z,1787159121752,FAN_DT_001_F2_S03_R01_20260819T170351,1,90.359,FAULT_ACTIVE,F2,0.3,FAN_DT_001,3.0,process-model-3.0.0-build3,384,1,LIVE,SYNCHRONISED,AUTOMATIC,NORMAL,65,1950,1950,0,145,151,0.3,0.3,24.30529,38.26,1.197,1.165,0.0254,0,242.28,5.4847,-0.00145,1,0.18,0.6,1.2779,80.5,DEGRADED,F2,2,1,electrical_overcurrent,0.3,1,1,,,,,2,0
2026-08-19T17:05:24.802Z,1787159124802,FAN_DT_001_F2_S03_R01_20260819T170351,1,93.408,FAULT_ACTIVE,F2,0.3,FAN_DT_001,3.0,process-model-3.0.0-build3,385,1,DELAYED,DELAYED,AUTOMATIC,NORMAL,65,1950,1950,0,145,151,0.3,0.3,24.31452,38.26,1.197,1.165,0.0254,0,242.28,5.5538,-0.00157,1,0.18,0.65,1.294,80.5,DEGRADED,F2,2,1,electrical_overcurrent,0.3,1,1,,,,,2,0
2026-08-19T17:05:25.034Z,1787159125034,FAN_DT_001_F2_S03_R01_20260819T170351,1,93.642,FAULT_ACTIVE,F2,0.3,FAN_DT_001,3.0,process-model-3.0.0-build3,386,1,LIVE,SYNCHRONISED,AUTOMATIC,NORMAL,65,1950,1950,0,145,151,0.3,0.3,24.32414,38.26,1.197,1.165,0.0254,0,242.28,5.6231,-0.0017,1,0.18,0.704,1.3102,80.5,DEGRADED,F2,2,1,electrical_overcurrent,0.3,1,1,,,,,2,0
2026-08-19T17:05:25.155Z,1787159125155,FAN_DT_001_F2_S03_R01_20260819T170351,1,93.761,FAULT_ACTIVE,F2,0.3,FAN_DT_001,3.0,process-model-3.0.0-build3,387,1,LIVE,SYNCHRONISED,AUTOMATIC,NORMAL,65,1950,1950,0,145,151,0.3,0.3,24.33415,38.26,1.197,1.165,0.0254,0,242.28,5.6927,-0.00183,1,0.18,0.756,1.3264,80.5,DEGRADED,F2,2,1,electrical_overcurrent,0.3,1,1,,,,,2,0
2026-08-19T17:05:25.884Z,1787159125884,FAN_DT_001_F2_S03_R01_20260819T170351,1,94.491,FAULT_ACTIVE,F2,0.3,FAN_DT_001,3.0,process-model-3.0.0-build3,388,1,LIVE,SYNCHRONISED,AUTOMATIC,NORMAL,65,1950,1950,0,145,151,0.3,0.3,24.34451,38.26,1.197,1.165,0.0254,0,242.28,5.7623,-0.00198,1,0.18,0.818,1.3426,80.5,DEGRADED,F2,2,1,electrical_overcurrent,0.3,1,1,,,,,2,0
2026-08-19T17:05:26.929Z,1787159126929,FAN_DT_001_F2_S03_R01_20260819T170351,1,95.537,FAULT_ACTIVE,F2,0.3,FAN_DT_001,3.0,process-model-3.0.0-build3,389,1,LIVE,SYNCHRONISED,AUTOMATIC,NORMAL,65,1950,1950,0,145,151,0.3,0.3,24.35517,38.27,1.197,1.165,0.0254,0,242.28,5.8315,-0.00211,1,0.18,0.871,1.3587,80.5,DEGRADED,F2,2,1,electrical_overcurrent,0.3,1,1,,,,,2,0
2026-08-19T17:05:27.952Z,1787159127952,FAN_DT_001_F2_S03_R01_20260819T170351,1,96.558,FAULT_ACTIVE,F2,0.3,FAN_DT_001,3.0,process-model-3.0.0-build3,390,1,LIVE,SYNCHRONISED,AUTOMATIC,NORMAL,65,1950,1950,0,145,151,0.3,0.3,24.36622,38.27,1.197,1.165,0.0254,0,242.28,5.9012,-0.00227,1,0.18,0.937,1.375,80.5,DEGRADED,F2,2,1,electrical_overcurrent,0.3,1,1,,,,,2,0
2026-08-19T17:05:28.983Z,1787159128983,FAN_DT_001_F2_S03_R01_20260819T170351,1,97.589,FAULT_ACTIVE,F2,0.3,FAN_DT_001,3.0,process-model-3.0.0-build3,391,1,LIVE,SYNCHRONISED,AUTOMATIC,NORMAL,65,1950,1950,0,145,151,0.3,0.3,24.37757,38.27,1.197,1.165,0.0254,0,242.28,5.9705,-0.00241,1,0.18,0.993,1.3911,80.5,DEGRADED,F2,2,1,electrical_overcurrent,0.3,1,1,,,,,2,0
2026-08-19T17:05:30.025Z,1787159130025,FAN_DT_001_F2_S03_R01_20260819T170351,1,98.631,FAULT_ACTIVE,F2,0.3,FAN_DT_001,3.0,process-model-3.0.0-build3,392,1,LIVE,SYNCHRONISED,AUTOMATIC,NORMAL,65,1950,1950,0,145,151,0.3,0.3,24.38924,38.27,1.197,1.165,0.0254,0,242.28,6.0399,-0.00255,1,0.18,1.054,1.4073,80.5,DEGRADED,F2,2,1,electrical_overcurrent,0.3,1,1,,,,,2,0
2026-08-19T17:05:31.060Z,1787159131060,FAN_DT_001_F2_S03_R01_20260819T170351,1,99.666,FAULT_ACTIVE,F2,0.3,FAN_DT_001,3.0,process-model-3.0.0-build3,393,1,LIVE,SYNCHRONISED,AUTOMATIC,NORMAL,65,1950,1950,0,145,151,0.3,0.3,24.40127,38.28,1.197,1.165,0.0254,0,242.28,6.1095,-0.00272,1,0.18,1.125,1.4235,80.5,DEGRADED,F2,2,1,electrical_overcurrent,0.3,1,1,,,,,2,0
2026-08-19T17:05:32.084Z,1787159132084,FAN_DT_001_F2_S03_R01_20260819T170351,1,100.691,FAULT_ACTIVE,F2,0.3,FAN_DT_001,3.0,process-model-3.0.0-build3,394,1,LIVE,SYNCHRONISED,AUTOMATIC,NORMAL,65,1950,1950,0,145,151,0.3,0.3,24.41356,38.28,1.197,1.165,0.0254,0,242.28,6.1787,-0.00286,1,0.18,1.181,1.4396,80.5,DEGRADED,F2,2,1,electrical_overcurrent,0.3,1,1,,,,,2,0
2026-08-19T17:05:33.120Z,1787159133120,FAN_DT_001_F2_S03_R01_20260819T170351,1,101.726,FAULT_ACTIVE,F2,0.3,FAN_DT_001,3.0,process-model-3.0.0-build3,395,1,LIVE,SYNCHRONISED,AUTOMATIC,NORMAL,65,1950,1950,0,145,151,0.3,0.3,24.42618,38.28,1.197,1.165,0.0254,0,242.28,6.2481,-0.00303,1,0.18,1.252,1.4558,80.5,DEGRADED,F2,2,1,electrical_overcurrent,0.3,1,1,,,,,2,0
2026-08-19T17:05:34.180Z,1787159134180,FAN_DT_001_F2_S03_R01_20260819T170351,1,102.786,FAULT_ACTIVE,F2,0.3,FAN_DT_001,3.0,process-model-3.0.0-build3,396,1,LIVE,SYNCHRONISED,AUTOMATIC,NORMAL,65,1950,1950,0,145,151,0.3,0.3,24.43914,38.29,1.197,1.165,0.0254,0,242.28,6.3177,-0.00318,1,0.18,1.312,1.472,80.5,DEGRADED,F2,2,1,electrical_overcurrent,0.3,1,1,,,,,2,0
2026-08-19T17:05:35.187Z,1787159135187,FAN_DT_001_F2_S03_R01_20260819T170351,1,103.794,FAULT_ACTIVE,F2,0.3,FAN_DT_001,3.0,process-model-3.0.0-build3,397,1,LIVE,SYNCHRONISED,AUTOMATIC,NORMAL,65,1950,1950,0,145,151,0.3,0.3,24.45234,38.29,1.197,1.165,0.0254,0,242.28,6.387,-0.00335,1,0.18,1.384,1.4882,80.5,DEGRADED,F2,2,1,electrical_overcurrent,0.3,1,1,,,,,2,0
2026-08-19T17:05:36.247Z,1787159136247,FAN_DT_001_F2_S03_R01_20260819T170351,1,104.854,FAULT_ACTIVE,F2,0.3,FAN_DT_001,3.0,process-model-3.0.0-build3,398,1,LIVE,SYNCHRONISED,AUTOMATIC,NORMAL,65,1950,1950,0,145,151,0.3,0.3,24.46585,38.29,1.197,1.165,0.0254,0,242.28,6.4564,-0.00351,1,0.18,1.45,1.5043,80.5,DEGRADED,F2,2,1,electrical_overcurrent,0.3,1,1,,,,,2,0
2026-08-19T17:05:37.260Z,1787159137260,FAN_DT_001_F2_S03_R01_20260819T170351,1,105.866,FAULT_ACTIVE,F2,0.3,FAN_DT_001,3.0,process-model-3.0.0-build3,399,1,LIVE,SYNCHRONISED,AUTOMATIC,NORMAL,65,1950,1950,0,145,151,0.3,0.3,24.47962,38.3,1.197,1.165,0.0254,0,242.28,6.5257,-0.00369,1,0.18,1.525,1.5205,80.5,DEGRADED,F2,2,1,electrical_overcurrent,0.3,1,1,,,,,2,0
2026-08-19T17:05:38.280Z,1787159138280,FAN_DT_001_F2_S03_R01_20260819T170351,1,106.887,FAULT_ACTIVE,F2,0.3,FAN_DT_001,3.0,process-model-3.0.0-build3,400,1,LIVE,SYNCHRONISED,AUTOMATIC,NORMAL,65,1950,1950,0,145,151,0.3,0.3,24.49366,38.3,1.197,1.165,0.0254,0,242.28,6.595,-0.00384,1,0.18,1.587,1.5366,80.5,DEGRADED,F2,2,1,electrical_overcurrent,0.3,1,1,,,,,2,0
2026-08-19T17:05:39.317Z,1787159139317,FAN_DT_001_F2_S03_R01_20260819T170351,1,107.923,FAULT_ACTIVE,F2,0.3,FAN_DT_001,3.0,process-model-3.0.0-build3,401,1,LIVE,SYNCHRONISED,AUTOMATIC,NORMAL,65,1950,1950,0,145,151,0.3,0.3,24.508,38.3,1.197,1.165,0.0254,0,242.28,6.6645,-0.00402,1,0.18,1.661,1.5528,80.5,DEGRADED,F2,2,1,electrical_overcurrent,0.3,1,1,,,,,2,0
2026-08-19T17:05:40.353Z,1787159140353,FAN_DT_001_F2_S03_R01_20260819T170351,1,108.96,FAULT_ACTIVE,F2,0.3,FAN_DT_001,3.0,process-model-3.0.0-build3,402,1,LIVE,SYNCHRONISED,AUTOMATIC,NORMAL,65,1950,1950,0,145,151,0.3,0.3,24.5226,38.31,1.197,1.165,0.0254,0,242.28,6.734,-0.00421,1,0.18,1.736,1.569,80.5,DEGRADED,F2,2,1,electrical_overcurrent,0.3,1,1,,,,,2,0
2026-08-19T17:05:41.384Z,1787159141384,FAN_DT_001_F2_S03_R01_20260819T170351,1,109.992,FAULT_ACTIVE,F2,0.3,FAN_DT_001,3.0,process-model-3.0.0-build3,403,1,LIVE,SYNCHRONISED,AUTOMATIC,NORMAL,65,1950,1950,0,145,151,0.3,0.3,24.53739,38.31,1.197,1.165,0.0254,0,242.28,6.8032,-0.00436,1,0.18,1.801,1.5851,80.5,DEGRADED,F2,2,1,electrical_overcurrent,0.3,1,1,,,,,2,0
2026-08-19T17:05:42.414Z,1787159142414,FAN_DT_001_F2_S03_R01_20260819T170351,1,111.02,FAULT_ACTIVE,F2,0.3,FAN_DT_001,3.0,process-model-3.0.0-build3,404,1,LIVE,SYNCHRONISED,AUTOMATIC,NORMAL,65,1950,1950,0,145,151,0.3,0.3,24.5525,38.32,1.197,1.165,0.0254,0,242.28,6.8727,-0.00454,1,0.18,1.874,1.6013,80.5,DEGRADED,F2,2,1,electrical_overcurrent,0.3,1,1,,,,,2,0
2026-08-19T17:05:43.479Z,1787159143479,FAN_DT_001_F2_S03_R01_20260819T170351,1,112.086,FAULT_ACTIVE,F2,0.3,FAN_DT_001,3.0,process-model-3.0.0-build3,405,1,LIVE,SYNCHRONISED,AUTOMATIC,NORMAL,65,1950,1950,0,145,151,0.3,0.3,24.56782,38.32,1.197,1.165,0.0254,0,242.28,6.9422,-0.0047,1,0.18,1.941,1.6175,80.5,DEGRADED,F2,2,1,electrical_overcurrent,0.3,1,1,,,,,2,0
2026-08-19T17:05:44.484Z,1787159144484,FAN_DT_001_F2_S03_R01_20260819T170351,1,113.092,FAULT_ACTIVE,F2,0.3,FAN_DT_001,3.0,process-model-3.0.0-build3,406,1,LIVE,SYNCHRONISED,AUTOMATIC,NORMAL,65,1950,1950,0,145,151,0.3,0.3,24.58336,38.33,1.197,1.165,0.0254,0,242.28,7.0115,-0.00488,1,0.18,2.016,1.6337,80.5,DEGRADED,F2,2,1,electrical_overcurrent,0.3,1,1,,,,,2,0
2026-08-19T17:05:45.531Z,1787159145531,FAN_DT_001_F2_S03_R01_20260819T170351,1,114.138,FAULT_ACTIVE,F2,0.3,FAN_DT_001,3.0,process-model-3.0.0-build3,407,1,LIVE,SYNCHRONISED,AUTOMATIC,NORMAL,65,1950,1950,0,145,151,0.3,0.3,24.5991,38.33,1.197,1.165,0.0254,0,242.28,7.0809,-0.00507,1,0.18,2.091,1.6498,80.5,DEGRADED,F2,2,1,electrical_overcurrent,0.3,1,1,,,,,2,0
2026-08-19T17:05:46.572Z,1787159146572,FAN_DT_001_F2_S03_R01_20260819T170351,1,115.178,FAULT_ACTIVE,F2,0.3,FAN_DT_001,3.0,process-model-3.0.0-build3,408,1,LIVE,SYNCHRONISED,AUTOMATIC,NORMAL,65,1950,1950,0,145,151,0.3,0.3,24.61509,38.34,1.197,1.165,0.0254,0,242.28,7.1504,-0.00523,1,0.18,2.157,1.666,80.5,DEGRADED,F2,2,1,electrical_overcurrent,0.3,1,1,,,,,2,0
2026-08-19T17:05:47.579Z,1787159147579,FAN_DT_001_F2_S03_R01_20260819T170351,1,116.186,FAULT_ACTIVE,F2,0.3,FAN_DT_001,3.0,process-model-3.0.0-build3,409,1,LIVE,SYNCHRONISED,AUTOMATIC,NORMAL,65,1950,1950,0,145,151,0.3,0.3,24.63123,38.34,1.197,1.165,0.0254,0,242.28,7.2196,-0.00542,1,0.18,2.235,1.6822,80.5,DEGRADED,F2,2,1,electrical_overcurrent,0.3,1,1,,,,,2,0
2026-08-19T17:05:48.647Z,1787159148647,FAN_DT_001_F2_S03_R01_20260819T170351,1,117.254,FAULT_ACTIVE,F2,0.3,FAN_DT_001,3.0,process-model-3.0.0-build3,410,1,LIVE,SYNCHRONISED,AUTOMATIC,NORMAL,65,1950,1950,0,145,151,0.3,0.3,24.64767,38.35,1.197,1.165,0.0254,0,242.28,7.2894,-0.0056,1,0.18,2.312,1.6984,80.5,DEGRADED,F2,2,1,electrical_overcurrent,0.3,1,1,,,,,2,0
2026-08-19T17:05:49.647Z,1787159149647,FAN_DT_001_F2_S03_R01_20260819T170351,1,118.254,FAULT_ACTIVE,F2,0.3,FAN_DT_001,3.0,process-model-3.0.0-build3,411,1,LIVE,SYNCHRONISED,AUTOMATIC,NORMAL,65,1950,1950,0,145,151,0.3,0.3,24.66426,38.36,1.197,1.165,0.0254,0,242.28,7.3589,-0.00577,1,0.18,2.38,1.7146,80.5,DEGRADED,F2,2,1,electrical_overcurrent,0.3,1,1,,,,,2,0
2026-08-19T17:05:50.685Z,1787159150685,FAN_DT_001_F2_S03_R01_20260819T170351,1,119.293,FAULT_ACTIVE,F2,0.3,FAN_DT_001,3.0,process-model-3.0.0-build3,412,1,LIVE,SYNCHRONISED,AUTOMATIC,NORMAL,65,1950,1950,0,145,151,0.3,0.3,24.68095,38.36,1.197,1.165,0.0254,0,242.28,7.4282,-0.00594,1,0.18,2.453,1.7308,80.5,DEGRADED,F2,2,1,electrical_overcurrent,0.3,1,1,,,,,2,0
2026-08-19T17:05:51.724Z,1787159151724,FAN_DT_001_F2_S03_R01_20260819T170351,1,120.332,FAULT_ACTIVE,F2,0.3,FAN_DT_001,3.0,process-model-3.0.0-build3,413,1,LIVE,SYNCHRONISED,AUTOMATIC,NORMAL,65,1950,1950,0,145,151,0.3,0.3,24.69791,38.37,1.197,1.165,0.0254,0,242.28,7.4978,-0.00612,1,0.18,2.524,1.747,80.5,DEGRADED,F2,2,1,electrical_overcurrent,0.3,1,1,,,,,2,0
2026-08-19T17:05:52.750Z,1787159152750,FAN_DT_001_F2_S03_R01_20260819T170351,1,121.357,FAULT_ACTIVE,F2,0.3,FAN_DT_001,3.0,process-model-3.0.0-build3,414,1,LIVE,SYNCHRONISED,AUTOMATIC,NORMAL,65,1950,1950,0,145,151,0.3,0.3,24.71499,38.37,1.197,1.165,0.0254,0,242.28,7.5674,-0.0063,1,0.18,2.6,1.7632,80.5,DEGRADED,F2,2,1,electrical_overcurrent,0.3,1,1,,,,,2,0
2026-08-19T17:05:53.805Z,1787159153805,FAN_DT_001_F2_S03_R01_20260819T170351,1,122.412,FAULT_ACTIVE,F2,0.3,FAN_DT_001,3.0,process-model-3.0.0-build3,415,1,LIVE,SYNCHRONISED,AUTOMATIC,NORMAL,65,1950,1950,0,145,151,0.3,0.3,24.73216,38.38,1.197,1.165,0.0254,0,242.28,7.6366,-0.00649,1,0.18,2.678,1.7793,80.5,DEGRADED,F2,2,1,electrical_overcurrent,0.3,1,1,,,,,2,0
2026-08-19T17:05:54.832Z,1787159154832,FAN_DT_001_F2_S03_R01_20260819T170351,1,123.439,FAULT_ACTIVE,F2,0.3,FAN_DT_001,3.0,process-model-3.0.0-build3,416,1,LIVE,SYNCHRONISED,AUTOMATIC,NORMAL,65,1950,1950,0,145,151,0.3,0.3,24.74957,38.39,1.197,1.165,0.0254,0,242.28,7.7063,-0.00664,1,0.18,2.74,1.7956,80.5,DEGRADED,F2,2,1,electrical_overcurrent,0.3,1,1,,,,,2,0
2026-08-19T17:05:55.853Z,1787159155853,FAN_DT_001_F2_S03_R01_20260819T170351,1,124.46,FAULT_ACTIVE,F2,0.3,FAN_DT_001,3.0,process-model-3.0.0-build3,417,1,LIVE,SYNCHRONISED,AUTOMATIC,NORMAL,65,1950,1950,0,145,151,0.3,0.3,24.76697,38.39,1.197,1.165,0.0254,0,242.28,7.7754,-0.00681,1,0.18,2.812,1.8117,80.5,DEGRADED,F2,2,1,electrical_overcurrent,0.3,1,1,,,,,2,0
2026-08-19T17:05:56.880Z,1787159156880,FAN_DT_001_F2_S03_R01_20260819T170351,1,125.487,FAULT_ACTIVE,F2,0.3,FAN_DT_001,3.0,process-model-3.0.0-build3,418,1,LIVE,SYNCHRONISED,AUTOMATIC,NORMAL,65,1950,1950,0,145,151,0.3,0.3,24.78458,38.4,1.197,1.165,0.0254,0,242.28,7.8448,-0.00699,1,0.18,2.887,1.8278,80.5,DEGRADED,F2,2,1,electrical_overcurrent,0.3,1,1,,,,,2,0
2026-08-19T17:05:57.912Z,1787159157912,FAN_DT_001_F2_S03_R01_20260819T170351,1,126.519,FAULT_ACTIVE,F2,0.3,FAN_DT_001,3.0,process-model-3.0.0-build3,419,1,LIVE,SYNCHRONISED,AUTOMATIC,NORMAL,65,1950,1950,0,145,151,0.3,0.3,24.80231,38.41,1.197,1.165,0.0254,0,242.28,7.9143,-0.00716,1,0.18,2.955,1.844,80.5,DEGRADED,F2,2,1,electrical_overcurrent,0.3,1,1,,,,,2,0
2026-08-19T17:05:58.952Z,1787159158952,FAN_DT_001_F2_S03_R01_20260819T170351,1,127.558,FAULT_ACTIVE,F2,0.3,FAN_DT_001,3.0,process-model-3.0.0-build3,420,1,LIVE,SYNCHRONISED,AUTOMATIC,NORMAL,65,1950,1950,0,145,151,0.3,0.3,24.8201,38.42,1.197,1.165,0.0254,0,242.28,7.9836,-0.00734,1,0.18,3.029,1.8602,80.5,DEGRADED,F2,2,1,electrical_overcurrent,0.3,1,1,,,,,2,0
2026-08-19T17:05:59.982Z,1787159159982,FAN_DT_001_F2_S03_R01_20260819T170351,1,128.591,FAULT_ACTIVE,F2,0.3,FAN_DT_001,3.0,process-model-3.0.0-build3,421,1,LIVE,SYNCHRONISED,AUTOMATIC,NORMAL,65,1950,1950,0,145,151,0.3,0.3,24.83802,38.42,1.197,1.165,0.0254,0,242.28,8.0531,-0.00751,1,0.18,3.099,1.8764,80.5,DEGRADED,F2,2,1,electrical_overcurrent,0.3,1,1,,,,,2,0
2026-08-19T17:06:01.013Z,1787159161013,FAN_DT_001_F2_S03_R01_20260819T170351,1,129.619,FAULT_ACTIVE,F2,0.3,FAN_DT_001,3.0,process-model-3.0.0-build3,422,1,LIVE,SYNCHRONISED,AUTOMATIC,NORMAL,65,1950,1950,0,145,151,0.3,0.3,24.85603,38.43,1.197,1.165,0.0254,0,242.28,8.1225,-0.00769,1,0.18,3.174,1.8925,80.5,DEGRADED,F2,2,1,electrical_overcurrent,0.3,1,1,,,,,2,0
2026-08-19T17:06:02.051Z,1787159162051,FAN_DT_001_F2_S03_R01_20260819T170351,1,130.658,FAULT_ACTIVE,F2,0.3,FAN_DT_001,3.0,process-model-3.0.0-build3,423,1,LIVE,SYNCHRONISED,AUTOMATIC,NORMAL,65,1950,1950,0,145,151,0.3,0.3,24.87406,38.44,1.197,1.165,0.0254,0,242.28,8.1918,-0.00783,1,0.18,3.233,1.9087,80.5,DEGRADED,F2,2,1,electrical_overcurrent,0.3,1,1,,,,,2,0
2026-08-19T17:06:03.075Z,1787159163075,FAN_DT_001_F2_S03_R01_20260819T170351,1,131.681,FAULT_ACTIVE,F2,0.3,FAN_DT_001,3.0,process-model-3.0.0-build3,424,1,LIVE,SYNCHRONISED,AUTOMATIC,NORMAL,65,1950,1950,0,145,151,0.3,0.3,24.89219,38.45,1.197,1.165,0.0254,0,242.28,8.2612,-0.00802,1,0.18,3.311,1.9249,80.5,DEGRADED,F2,2,1,electrical_overcurrent,0.3,1,1,,,,,2,0
2026-08-19T17:06:04.132Z,1787159164132,FAN_DT_001_F2_S03_R01_20260819T170351,1,132.739,FAULT_ACTIVE,F2,0.3,FAN_DT_001,3.0,process-model-3.0.0-build3,425,1,LIVE,SYNCHRONISED,AUTOMATIC,NORMAL,65,1950,1950,0,145,151,0.3,0.3,24.91042,38.46,1.197,1.165,0.0254,0,242.28,8.3307,-0.00818,1,0.18,3.375,1.941,80.5,DEGRADED,F2,2,1,electrical_overcurrent,0.3,1,1,,,,,2,0
2026-08-19T17:06:05.143Z,1787159165143,FAN_DT_001_F2_S03_R01_20260819T170351,1,133.75,FAULT_ACTIVE,F2,0.3,FAN_DT_001,3.0,process-model-3.0.0-build3,426,1,LIVE,SYNCHRONISED,AUTOMATIC,NORMAL,65,1950,1950,0,145,151,0.3,0.3,24.9286,38.47,1.197,1.165,0.0254,0,242.28,8.3999,-0.00834,1,0.18,3.444,1.9572,80.5,DEGRADED,F2,2,1,electrical_overcurrent,0.3,1,1,,,,,2,0
2026-08-19T17:06:06.172Z,1787159166172,FAN_DT_001_F2_S03_R01_20260819T170351,1,134.778,FAULT_ACTIVE,F2,0.3,FAN_DT_001,3.0,process-model-3.0.0-build3,427,1,LIVE,SYNCHRONISED,AUTOMATIC,NORMAL,65,1950,1950,0,145,151,0.3,0.3,24.94691,38.47,1.197,1.165,0.0254,0,242.28,8.4694,-0.00848,1,0.18,3.499,1.9734,80.5,DEGRADED,F2,2,1,electrical_overcurrent,0.3,1,1,,,,,2,0
2026-08-19T17:06:07.208Z,1787159167208,FAN_DT_001_F2_S03_R01_20260819T170351,1,135.814,FAULT_ACTIVE,F2,0.3,FAN_DT_001,3.0,process-model-3.0.0-build3,428,1,LIVE,SYNCHRONISED,AUTOMATIC,NORMAL,65,1950,1950,0,145,151,0.3,0.3,24.96519,38.48,1.197,1.165,0.0254,0,242.28,8.5387,-0.00864,1,0.18,3.567,1.9895,80.5,DEGRADED,F2,2,1,electrical_overcurrent,0.3,1,1,,,,,2,0
2026-08-19T17:06:08.270Z,1787159168270,FAN_DT_001_F2_S03_R01_20260819T170351,1,136.878,FAULT_ACTIVE,F2,0.3,FAN_DT_001,3.0,process-model-3.0.0-build3,429,1,LIVE,SYNCHRONISED,AUTOMATIC,NORMAL,65,1950,1950,0,145,151,0.3,0.3,24.98349,38.49,1.197,1.165,0.0254,0,242.28,8.608,-0.0088,1,0.18,3.633,2.0057,80.5,DEGRADED,F2,2,1,electrical_overcurrent,0.3,1,1,,,,,2,0
2026-08-19T17:06:09.291Z,1787159169291,FAN_DT_001_F2_S03_R01_20260819T170351,1,137.897,FAULT_ACTIVE,F2,0.3,FAN_DT_001,3.0,process-model-3.0.0-build3,430,1,LIVE,SYNCHRONISED,AUTOMATIC,NORMAL,65,1950,1950,0,145,151,0.3,0.3,25.00194,38.5,1.197,1.165,0.0254,0,242.28,8.6779,-0.00894,1,0.18,3.69,2.0219,80.5,DEGRADED,F2,2,1,electrical_overcurrent,0.3,1,1,,,,,2,0
2026-08-19T17:06:10.309Z,1787159170309,FAN_DT_001_F2_S03_R01_20260819T170351,1,138.915,FAULT_ACTIVE,F2,0.3,FAN_DT_001,3.0,process-model-3.0.0-build3,431,1,LIVE,SYNCHRONISED,AUTOMATIC,NORMAL,65,1950,1950,0,145,151,0.3,0.3,25.0202,38.51,1.197,1.165,0.0254,0,242.28,8.747,-0.00911,1,0.18,3.762,2.0381,80.5,DEGRADED,F2,2,1,electrical_overcurrent,0.3,1,1,,,,,2,0
2026-08-19T17:06:11.339Z,1787159171339,FAN_DT_001_F2_S03_R01_20260819T170351,1,139.945,FAULT_ACTIVE,F2,0.3,FAN_DT_001,3.0,process-model-3.0.0-build3,432,1,LIVE,SYNCHRONISED,AUTOMATIC,NORMAL,65,1950,1950,0,145,151,0.3,0.3,25.03855,38.52,1.197,1.165,0.0254,0,242.28,8.8165,-0.00926,1,0.18,3.824,2.0543,80.5,DEGRADED,F2,2,1,electrical_overcurrent,0.3,1,1,,,,,2,0
2026-08-19T17:06:12.374Z,1787159172374,FAN_DT_001_F2_S03_R01_20260819T170351,1,140.981,FAULT_ACTIVE,F2,0.3,FAN_DT_001,3.0,process-model-3.0.0-build3,433,1,LIVE,SYNCHRONISED,AUTOMATIC,NORMAL,65,1950,1950,0,145,151,0.3,0.3,25.05683,38.53,1.197,1.165,0.0254,0,242.28,8.8858,-0.00939,1,0.18,3.877,2.0704,80.5,DEGRADED,F2,2,1,electrical_overcurrent,0.3,1,1,,,,,2,0
2026-08-19T17:06:13.446Z,1787159173446,FAN_DT_001_F2_S03_R01_20260819T170351,1,142.052,FAULT_ACTIVE,F2,0.3,FAN_DT_001,3.0,process-model-3.0.0-build3,434,1,LIVE,SYNCHRONISED,AUTOMATIC,NORMAL,65,1950,1950,0,145,151,0.3,0.3,25.07508,38.54,1.197,1.165,0.0254,0,242.28,8.9552,-0.00952,1,0.18,3.93,2.0866,80.5,DEGRADED,F2,2,1,electrical_overcurrent,0.3,1,1,,,,,2,0
2026-08-19T17:06:14.443Z,1787159174443,FAN_DT_001_F2_S03_R01_20260819T170351,1,143.05,FAULT_ACTIVE,F2,0.3,FAN_DT_001,3.0,process-model-3.0.0-build3,435,1,LIVE,SYNCHRONISED,AUTOMATIC,NORMAL,65,1950,1950,0,145,151,0.3,0.3,25.09332,38.55,1.197,1.165,0.0254,0,242.28,9.0246,-0.00966,1,0.18,3.986,2.1027,80.5,DEGRADED,F2,2,1,electrical_overcurrent,0.3,1,1,,,,,2,0
2026-08-19T17:06:15.470Z,1787159175470,FAN_DT_001_F2_S03_R01_20260819T170351,1,144.076,FAULT_ACTIVE,F2,0.3,FAN_DT_001,3.0,process-model-3.0.0-build3,436,1,LIVE,SYNCHRONISED,AUTOMATIC,NORMAL,65,1950,1950,0,145,151,0.3,0.3,25.11152,38.56,1.197,1.165,0.0254,0,242.28,9.0941,-0.0098,1,0.18,4.044,2.1189,80.5,DEGRADED,F2,2,1,electrical_overcurrent,0.3,1,1,,,,,2,0
2026-08-19T17:06:16.507Z,1787159176507,FAN_DT_001_F2_S03_R01_20260819T170351,1,145.113,FAULT_ACTIVE,F2,0.3,FAN_DT_001,3.0,process-model-3.0.0-build3,437,1,LIVE,SYNCHRONISED,AUTOMATIC,NORMAL,65,1950,1950,0,145,151,0.3,0.3,25.1296,38.57,1.197,1.165,0.0254,0,242.28,9.1633,-0.00992,1,0.18,4.096,2.1351,80.5,DEGRADED,F2,2,1,electrical_overcurrent,0.3,1,1,,,,,2,0
2026-08-19T17:06:17.534Z,1787159177534,FAN_DT_001_F2_S03_R01_20260819T170351,1,146.14,FAULT_ACTIVE,F2,0.3,FAN_DT_001,3.0,process-model-3.0.0-build3,438,1,LIVE,SYNCHRONISED,AUTOMATIC,NORMAL,65,1950,1950,0,145,151,0.3,0.3,25.14769,38.58,1.197,1.165,0.0254,0,242.28,9.2328,-0.01005,1,0.18,4.148,2.1513,80.5,DEGRADED,F2,2,1,electrical_overcurrent,0.3,1,1,,,,,2,0
2026-08-19T17:06:18.570Z,1787159178570,FAN_DT_001_F2_S03_R01_20260819T170351,1,147.176,FAULT_ACTIVE,F2,0.3,FAN_DT_001,3.0,process-model-3.0.0-build3,439,1,LIVE,SYNCHRONISED,AUTOMATIC,NORMAL,65,1950,1950,0,145,151,0.3,0.3,25.16566,38.59,1.197,1.165,0.0254,0,242.28,9.3022,-0.0102,1,0.18,4.21,2.1674,80.5,DEGRADED,F2,2,1,electrical_overcurrent,0.3,1,1,,,,,2,0
2026-08-19T17:06:19.604Z,1787159179604,FAN_DT_001_F2_S03_R01_20260819T170351,1,148.209,FAULT_ACTIVE,F2,0.3,FAN_DT_001,3.0,process-model-3.0.0-build3,440,1,LIVE,SYNCHRONISED,AUTOMATIC,NORMAL,65,1950,1950,0,145,151,0.3,0.3,25.18355,38.6,1.197,1.165,0.0254,0,242.28,9.3716,-0.0103,1,0.18,4.253,2.1836,80.5,DEGRADED,F2,2,1,electrical_overcurrent,0.3,1,1,,,,,2,0
2026-08-19T17:06:20.634Z,1787159180634,FAN_DT_001_F2_S03_R01_20260819T170351,1,149.242,FAULT_ACTIVE,F2,0.3,FAN_DT_001,3.0,process-model-3.0.0-build3,441,1,LIVE,SYNCHRONISED,AUTOMATIC,NORMAL,65,1950,1950,0,145,151,0.3,0.3,25.20137,38.61,1.197,1.165,0.0254,0,242.28,9.4411,-0.01044,1,0.18,4.308,2.1998,80.5,DEGRADED,F2,2,1,electrical_overcurrent,0.3,1,1,,,,,2,0
2026-08-19T17:06:21.668Z,1787159181668,FAN_DT_001_F2_S03_R01_20260819T170351,1,150.274,FAULT_ACTIVE,F2,0.3,FAN_DT_001,3.0,process-model-3.0.0-build3,442,1,LIVE,SYNCHRONISED,AUTOMATIC,NORMAL,65,1950,1950,0,145,151,0.3,0.3,25.21902,38.62,1.197,1.165,0.0254,0,242.28,9.5104,-0.01055,1,0.18,4.354,2.2159,80.5,DEGRADED,F2,2,1,electrical_overcurrent,0.3,1,1,,,,,2,0
2026-08-19T17:06:22.734Z,1787159182734,FAN_DT_001_F2_S03_R01_20260819T170351,1,151.341,FAULT_ACTIVE,F2,0.3,FAN_DT_001,3.0,process-model-3.0.0-build3,443,1,LIVE,SYNCHRONISED,AUTOMATIC,NORMAL,65,1950,1950,0,145,151,0.3,0.3,25.23654,38.63,1.197,1.165,0.0254,0,242.28,9.5796,-0.01066,1,0.18,4.401,2.232,80.5,DEGRADED,F2,2,1,electrical_overcurrent,0.3,1,1,,,,,2,0
2026-08-19T17:06:23.728Z,1787159183728,FAN_DT_001_F2_S03_R01_20260819T170351,1,152.337,FAULT_ACTIVE,F2,0.3,FAN_DT_001,3.0,process-model-3.0.0-build3,444,1,LIVE,SYNCHRONISED,AUTOMATIC,NORMAL,65,1950,1950,0,145,151,0.3,0.3,25.25399,38.64,1.197,1.165,0.0254,0,242.28,9.649,-0.01075,1,0.18,4.438,2.2482,80.5,DEGRADED,F2,2,1,electrical_overcurrent,0.3,1,1,,,,,2,0
2026-08-19T17:06:24.765Z,1787159184765,FAN_DT_001_F2_S03_R01_20260819T170351,1,153.372,FAULT_ACTIVE,F2,0.3,FAN_DT_001,3.0,process-model-3.0.0-build3,445,1,LIVE,SYNCHRONISED,AUTOMATIC,NORMAL,65,1950,1950,0,145,151,0.3,0.3,25.27127,38.66,1.197,1.165,0.0254,0,242.28,9.7182,-0.01087,1,0.18,4.485,2.2643,80.5,DEGRADED,F2,2,1,electrical_overcurrent,0.3,1,1,,,,,2,0
2026-08-19T17:06:25.810Z,1787159185810,FAN_DT_001_F2_S03_R01_20260819T170351,1,154.418,FAULT_ACTIVE,F2,0.3,FAN_DT_001,3.0,process-model-3.0.0-build3,446,1,LIVE,SYNCHRONISED,AUTOMATIC,NORMAL,65,1950,1950,0,145,151,0.3,0.3,25.28843,38.67,1.197,1.165,0.0254,0,242.28,9.7876,-0.01096,1,0.18,4.525,2.2805,80.5,DEGRADED,F2,2,1,electrical_overcurrent,0.3,1,1,,,,,2,0
2026-08-19T17:06:26.831Z,1787159186831,FAN_DT_001_F2_S03_R01_20260819T170351,1,155.438,FAULT_ACTIVE,F2,0.3,FAN_DT_001,3.0,process-model-3.0.0-build3,447,1,LIVE,SYNCHRONISED,AUTOMATIC,NORMAL,65,1950,1950,0,145,151,0.3,0.3,25.30549,38.68,1.197,1.165,0.0254,0,242.28,9.8571,-0.01105,1,0.18,4.561,2.2967,80.5,DEGRADED,F2,2,1,electrical_overcurrent,0.3,1,1,,,,,2,0
2026-08-19T17:06:27.865Z,1787159187865,FAN_DT_001_F2_S03_R01_20260819T170351,1,156.472,FAULT_ACTIVE,F2,0.3,FAN_DT_001,3.0,process-model-3.0.0-build3,448,1,LIVE,SYNCHRONISED,AUTOMATIC,NORMAL,65,1950,1950,0,145,151,0.3,0.3,25.32233,38.69,1.197,1.165,0.0254,0,242.28,9.9264,-0.01113,1,0.18,4.592,2.3129,80.5,DEGRADED,F2,2,1,electrical_overcurrent,0.3,1,1,,,,,2,0
2026-08-19T17:06:28.904Z,1787159188904,FAN_DT_001_F2_S03_R01_20260819T170351,1,157.51,FAULT_ACTIVE,F2,0.3,FAN_DT_001,3.0,process-model-3.0.0-build3,449,1,LIVE,SYNCHRONISED,AUTOMATIC,NORMAL,65,1950,1950,0,145,151,0.3,0.3,25.33902,38.7,1.197,1.165,0.0254,0,242.28,9.9958,-0.01123,1,0.18,4.637,2.329,80.5,DEGRADED,F2,2,1,electrical_overcurrent,0.3,1,1,,,,,2,0
2026-08-19T17:06:29.963Z,1787159189963,FAN_DT_001_F2_S03_R01_20260819T170351,1,158.571,FAULT_ACTIVE,F2,0.3,FAN_DT_001,3.0,process-model-3.0.0-build3,450,1,LIVE,SYNCHRONISED,AUTOMATIC,NORMAL,65,1950,1950,0,145,151,0.3,0.3,25.35558,38.71,1.197,1.165,0.0254,0,242.28,10.0654,-0.01129,1,0.18,4.661,2.3452,80.5,DEGRADED,F2,2,1,electrical_overcurrent,0.3,1,1,,,,,2,0
2026-08-19T17:06:30.959Z,1787159190959,FAN_DT_001_F2_S03_R01_20260819T170351,1,159.566,FAULT_ACTIVE,F2,0.3,FAN_DT_001,3.0,process-model-3.0.0-build3,451,1,LIVE,SYNCHRONISED,AUTOMATIC,NORMAL,65,1950,1950,0,145,151,0.3,0.3,25.37187,38.72,1.197,1.165,0.0254,0,242.28,10.1347,-0.01139,1,0.18,4.7,2.3614,80.5,DEGRADED,F2,2,1,electrical_overcurrent,0.3,1,1,,,,,2,0
2026-08-19T17:06:31.994Z,1787159191994,FAN_DT_001_F2_S03_R01_20260819T170351,1,160.6,FAULT_ACTIVE,F2,0.3,FAN_DT_001,3.0,process-model-3.0.0-build3,452,1,LIVE,SYNCHRONISED,AUTOMATIC,NORMAL,65,1950,1950,0,145,151,0.3,0.3,25.38803,38.74,1.197,1.165,0.0254,0,242.28,10.2042,-0.01144,1,0.18,4.723,2.3776,80.5,DEGRADED,F2,2,1,electrical_overcurrent,0.3,1,1,,,,,2,0
2026-08-19T17:06:33.026Z,1787159193026,FAN_DT_001_F2_S03_R01_20260819T170351,1,161.633,FAULT_ACTIVE,F2,0.3,FAN_DT_001,3.0,process-model-3.0.0-build3,453,1,LIVE,SYNCHRONISED,AUTOMATIC,NORMAL,65,1950,1950,0,145,151,0.3,0.3,25.40399,38.75,1.197,1.165,0.0254,0,242.28,10.2737,-0.01153,1,0.18,4.76,2.3938,80.5,DEGRADED,F2,2,1,electrical_overcurrent,0.3,1,1,,,,,2,0
2026-08-19T17:06:34.066Z,1787159194066,FAN_DT_001_F2_S03_R01_20260819T170351,1,162.673,FAULT_ACTIVE,F2,0.3,FAN_DT_001,3.0,process-model-3.0.0-build3,454,1,LIVE,SYNCHRONISED,AUTOMATIC,NORMAL,65,1950,1950,0,145,151,0.3,0.3,25.41969,38.76,1.197,1.165,0.0254,0,242.28,10.343,-0.01159,1,0.18,4.784,2.4099,80.5,DEGRADED,F2,2,1,electrical_overcurrent,0.3,1,1,,,,,2,0
2026-08-19T17:06:35.092Z,1787159195092,FAN_DT_001_F2_S03_R01_20260819T170351,1,163.7,FAULT_ACTIVE,F2,0.3,FAN_DT_001,3.0,process-model-3.0.0-build3,455,1,LIVE,SYNCHRONISED,AUTOMATIC,NORMAL,65,1950,1950,0,145,151,0.3,0.3,25.43519,38.77,1.197,1.165,0.0254,0,242.28,10.4125,-0.01163,1,0.18,4.799,2.4261,80.5,DEGRADED,F2,2,1,electrical_overcurrent,0.3,1,1,,,,,2,0
2026-08-19T17:06:36.124Z,1787159196124,FAN_DT_001_F2_S03_R01_20260819T170351,1,164.733,FAULT_ACTIVE,F2,0.3,FAN_DT_001,3.0,process-model-3.0.0-build3,456,1,LIVE,SYNCHRONISED,AUTOMATIC,NORMAL,65,1950,1950,0,145,151,0.3,0.3,25.45046,38.78,1.197,1.165,0.0254,0,242.28,10.4819,-0.01171,1,0.18,4.832,2.4423,80.5,DEGRADED,F2,2,1,electrical_overcurrent,0.3,1,1,,,,,2,0
2026-08-19T17:06:37.166Z,1787159197166,FAN_DT_001_F2_S03_R01_20260819T170351,1,165.771,FAULT_ACTIVE,F2,0.3,FAN_DT_001,3.0,process-model-3.0.0-build3,457,1,LIVE,SYNCHRONISED,AUTOMATIC,NORMAL,65,1950,1950,0,145,151,0.3,0.3,25.46548,38.8,1.197,1.165,0.0254,0,242.28,10.5513,-0.01174,1,0.18,4.844,2.4584,80.5,DEGRADED,F2,2,1,electrical_overcurrent,0.3,1,1,,,,,2,0
2026-08-19T17:06:38.201Z,1787159198201,FAN_DT_001_F2_S03_R01_20260819T170351,1,166.808,FAULT_ACTIVE,F2,0.3,FAN_DT_001,3.0,process-model-3.0.0-build3,458,1,LIVE,SYNCHRONISED,AUTOMATIC,NORMAL,65,1950,1950,0,145,151,0.3,0.3,25.48025,38.81,1.197,1.165,0.0254,0,242.28,10.6206,-0.01178,1,0.18,4.861,2.4746,80.5,DEGRADED,F2,2,1,electrical_overcurrent,0.3,1,1,,,,,2,0
2026-08-19T17:06:39.237Z,1787159199237,FAN_DT_001_F2_S03_R01_20260819T170351,1,167.843,FAULT_ACTIVE,F2,0.3,FAN_DT_001,3.0,process-model-3.0.0-build3,459,1,LIVE,SYNCHRONISED,AUTOMATIC,NORMAL,65,1950,1950,0,145,151,0.3,0.3,25.49483,38.82,1.197,1.165,0.0254,0,242.28,10.6902,-0.01184,1,0.18,4.885,2.4908,80.5,DEGRADED,F2,2,1,electrical_overcurrent,0.3,1,1,,,,,2,0
2026-08-19T17:06:40.329Z,1787159200329,FAN_DT_001_F2_S03_R01_20260819T170351,1,168.935,FAULT_ACTIVE,F2,0.3,FAN_DT_001,3.0,process-model-3.0.0-build3,460,1,LIVE,SYNCHRONISED,AUTOMATIC,NORMAL,65,1950,1950,0,145,151,0.3,0.3,25.50904,38.83,1.197,1.165,0.0254,0,242.28,10.7593,-0.01185,1,0.18,4.891,2.5069,80.5,DEGRADED,F2,2,1,electrical_overcurrent,0.3,1,1,,,,,2,0
2026-08-19T17:06:41.292Z,1787159201292,FAN_DT_001_F2_S03_R01_20260819T170351,1,169.898,FAULT_ACTIVE,F2,0.3,FAN_DT_001,3.0,process-model-3.0.0-build3,461,1,LIVE,SYNCHRONISED,AUTOMATIC,NORMAL,65,1950,1950,0,145,151,0.3,0.3,25.5231,38.85,1.197,1.165,0.0254,0,242.28,10.8289,-0.0119,1,0.18,4.911,2.5231,80.5,DEGRADED,F2,2,1,electrical_overcurrent,0.3,1,1,,,,,2,0
2026-08-19T17:06:42.325Z,1787159202325,FAN_DT_001_F2_S03_R01_20260819T170351,1,170.933,FAULT_ACTIVE,F2,0.3,FAN_DT_001,3.0,process-model-3.0.0-build3,462,1,LIVE,SYNCHRONISED,AUTOMATIC,NORMAL,65,1950,1950,0,145,151,0.3,0.3,25.53686,38.86,1.197,1.165,0.0254,0,242.28,10.8985,-0.01192,1,0.18,4.922,2.5393,80.5,DEGRADED,F2,2,1,electrical_overcurrent,0.3,1,1,,,,,2,0
2026-08-19T17:06:43.361Z,1787159203361,FAN_DT_001_F2_S03_R01_20260819T170351,1,171.967,FAULT_ACTIVE,F2,0.3,FAN_DT_001,3.0,process-model-3.0.0-build3,463,1,LIVE,SYNCHRONISED,AUTOMATIC,NORMAL,65,1950,1950,0,145,151,0.3,0.3,25.55029,38.87,1.197,1.165,0.0254,0,242.28,10.9678,-0.01193,1,0.18,4.926,2.5555,80.5,DEGRADED,F2,2,1,electrical_overcurrent,0.3,1,1,,,,,2,0
2026-08-19T17:06:44.393Z,1787159204393,FAN_DT_001_F2_S03_R01_20260819T170351,1,172.999,FAULT_ACTIVE,F2,0.3,FAN_DT_001,3.0,process-model-3.0.0-build3,464,1,LIVE,SYNCHRONISED,AUTOMATIC,NORMAL,65,1950,1950,0,145,151,0.3,0.3,25.56346,38.88,1.197,1.165,0.0254,0,242.28,11.0372,-0.01193,1,0.18,4.923,2.5717,80.5,DEGRADED,F2,2,1,electrical_overcurrent,0.3,1,1,,,,,2,0
2026-08-19T17:06:45.423Z,1787159205423,FAN_DT_001_F2_S03_R01_20260819T170351,1,174.029,FAULT_ACTIVE,F2,0.3,FAN_DT_001,3.0,process-model-3.0.0-build3,465,1,LIVE,SYNCHRONISED,AUTOMATIC,NORMAL,65,1950,1950,0,145,151,0.3,0.3,25.57634,38.89,1.197,1.165,0.0254,0,242.28,11.1067,-0.01195,1,0.18,4.931,2.5879,80.5,DEGRADED,F2,2,1,electrical_overcurrent,0.3,1,1,,,,,2,0
2026-08-19T17:06:46.458Z,1787159206458,FAN_DT_001_F2_S03_R01_20260819T170351,1,175.064,FAULT_ACTIVE,F2,0.3,FAN_DT_001,3.0,process-model-3.0.0-build3,466,1,LIVE,SYNCHRONISED,AUTOMATIC,NORMAL,65,1950,1950,0,145,151,0.3,0.3,25.58887,38.91,1.197,1.165,0.0254,0,242.28,11.1759,-0.01197,1,0.18,4.94,2.604,80.5,DEGRADED,F2,2,1,electrical_overcurrent,0.3,1,1,,,,,2,0
2026-08-19T17:06:47.491Z,1787159207491,FAN_DT_001_F2_S03_R01_20260819T170351,1,176.097,FAULT_ACTIVE,F2,0.3,FAN_DT_001,3.0,process-model-3.0.0-build3,467,1,LIVE,SYNCHRONISED,AUTOMATIC,NORMAL,65,1950,1950,0,145,151,0.3,0.3,25.60117,38.92,1.197,1.165,0.0254,0,242.28,11.2456,-0.01196,1,0.18,4.936,2.6202,80.5,DEGRADED,F2,2,1,electrical_overcurrent,0.3,1,1,,,,,2,0
2026-08-19T17:06:48.539Z,1787159208539,FAN_DT_001_F2_S03_R01_20260819T170351,1,177.146,FAULT_ACTIVE,F2,0.3,FAN_DT_001,3.0,process-model-3.0.0-build3,468,1,LIVE,SYNCHRONISED,AUTOMATIC,NORMAL,65,1950,1950,0,145,151,0.3,0.3,25.6131,38.93,1.197,1.165,0.0254,0,242.28,11.315,-0.01195,1,0.18,4.931,2.6364,80.5,DEGRADED,F2,2,1,electrical_overcurrent,0.3,1,1,,,,,2,0
2026-08-19T17:06:49.558Z,1787159209558,FAN_DT_001_F2_S03_R01_20260819T170351,1,178.164,FAULT_ACTIVE,F2,0.3,FAN_DT_001,3.0,process-model-3.0.0-build3,469,1,LIVE,SYNCHRONISED,AUTOMATIC,NORMAL,65,1950,1950,0,145,151,0.3,0.3,25.62469,38.94,1.197,1.165,0.0254,0,242.28,11.3842,-0.01194,1,0.18,4.928,2.6525,80.5,DEGRADED,F2,2,1,electrical_overcurrent,0.3,1,1,,,,,2,0
2026-08-19T17:06:50.588Z,1787159210588,FAN_DT_001_F2_S03_R01_20260819T170351,1,179.196,FAULT_ACTIVE,F2,0.3,FAN_DT_001,3.0,process-model-3.0.0-build3,470,1,LIVE,SYNCHRONISED,AUTOMATIC,NORMAL,65,1950,1950,0,145,151,0.3,0.3,25.63599,38.96,1.197,1.165,0.0254,0,242.28,11.4537,-0.01193,1,0.18,4.923,2.6687,80.5,DEGRADED,F2,2,1,electrical_overcurrent,0.3,1,1,,,,,2,0
2026-08-19T17:06:51.655Z,1787159211655,FAN_DT_001_F2_S03_R01_20260819T170351,1,180.261,FAULT_ACTIVE,F2,0.3,FAN_DT_001,3.0,process-model-3.0.0-build3,471,1,LIVE,SYNCHRONISED,AUTOMATIC,NORMAL,65,1950,1950,0,145,151,0.3,0.3,25.64694,38.97,1.197,1.165,0.0254,0,242.28,11.5231,-0.01191,1,0.18,4.916,2.6849,80.5,DEGRADED,F2,2,1,electrical_overcurrent,0.3,1,1,,,,,2,0
2026-08-19T17:06:52.654Z,1787159212654,FAN_DT_001_F2_S03_R01_20260819T170351,1,181.26,FAULT_ACTIVE,F2,0.3,FAN_DT_001,3.0,process-model-3.0.0-build3,472,1,LIVE,SYNCHRONISED,AUTOMATIC,NORMAL,65,1950,1950,0,145,151,0.3,0.3,25.65756,38.98,1.197,1.165,0.0254,0,242.28,11.5925,-0.01187,1,0.18,4.9,2.7011,80.5,DEGRADED,F2,2,1,electrical_overcurrent,0.3,1,1,,,,,2,0
2026-08-19T17:06:53.683Z,1787159213683,FAN_DT_001_F2_S03_R01_20260819T170351,1,182.29,FAULT_ACTIVE,F2,0.3,FAN_DT_001,3.0,process-model-3.0.0-build3,473,1,LIVE,SYNCHRONISED,AUTOMATIC,NORMAL,65,1950,1950,0,145,151,0.3,0.3,25.6678,38.99,1.197,1.165,0.0254,0,242.28,11.6617,-0.01184,1,0.18,4.885,2.7172,80.5,DEGRADED,F2,2,1,electrical_overcurrent,0.3,1,1,,,,,2,0
2026-08-19T17:06:54.718Z,1787159214718,FAN_DT_001_F2_S03_R01_20260819T170351,1,183.326,FAULT_ACTIVE,F2,0.3,FAN_DT_001,3.0,process-model-3.0.0-build3,474,1,LIVE,SYNCHRONISED,AUTOMATIC,NORMAL,65,1950,1950,0,145,151,0.3,0.3,25.6777,39.01,1.197,1.165,0.0254,0,242.28,11.731,-0.01179,1,0.18,4.867,2.7333,80.5,DEGRADED,F2,2,1,electrical_overcurrent,0.3,1,1,,,,,2,0
2026-08-19T17:06:55.926Z,1787159215926,FAN_DT_001_F2_S03_R01_20260819T170351,1,184.539,FAULT_ACTIVE,F2,0.3,FAN_DT_001,3.0,process-model-3.0.0-build3,475,1,LIVE,SYNCHRONISED,AUTOMATIC,NORMAL,65,1950,1950,0,145,151,0.3,0.3,25.68728,39.02,1.197,1.165,0.0254,0,242.28,11.8005,-0.01175,1,0.18,4.849,2.7495,80.5,DEGRADED,F2,2,1,electrical_overcurrent,0.3,1,1,,,,,2,0
2026-08-19T17:06:56.785Z,1787159216785,FAN_DT_001_F2_S03_R01_20260819T170351,1,185.392,FAULT_ACTIVE,F2,0.3,FAN_DT_001,3.0,process-model-3.0.0-build3,476,1,LIVE,SYNCHRONISED,AUTOMATIC,NORMAL,65,1950,1950,0,145,151,0.3,0.3,25.69649,39.03,1.197,1.165,0.0254,0,242.28,11.87,-0.0117,1,0.18,4.831,2.7657,80.5,DEGRADED,F2,2,1,electrical_overcurrent,0.3,1,1,,,,,2,0
2026-08-19T17:06:57.845Z,1787159217845,FAN_DT_001_F2_S03_R01_20260819T170351,1,186.453,FAULT_ACTIVE,F2,0.3,FAN_DT_001,3.0,process-model-3.0.0-build3,477,1,LIVE,SYNCHRONISED,AUTOMATIC,NORMAL,65,1950,1950,0,145,151,0.3,0.3,25.70531,39.04,1.197,1.165,0.0254,0,242.28,11.9393,-0.01165,1,0.18,4.81,2.7818,80.5,DEGRADED,F2,2,1,electrical_overcurrent,0.3,1,1,,,,,2,0
2026-08-19T17:06:58.847Z,1787159218847,FAN_DT_001_F2_S03_R01_20260819T170351,1,187.454,FAULT_ACTIVE,F2,0.3,FAN_DT_001,3.0,process-model-3.0.0-build3,478,1,LIVE,SYNCHRONISED,AUTOMATIC,NORMAL,65,1950,1950,0,145,151,0.3,0.3,25.71379,39.05,1.197,1.165,0.0254,0,242.28,12.0088,-0.0116,1,0.18,4.787,2.798,80.5,DEGRADED,F2,2,1,electrical_overcurrent,0.3,1,1,,,,,2,0
2026-08-19T17:06:59.889Z,1787159219889,FAN_DT_001_F2_S03_R01_20260819T170351,1,188.496,FAULT_ACTIVE,F2,0.3,FAN_DT_001,3.0,process-model-3.0.0-build3,479,1,LIVE,SYNCHRONISED,AUTOMATIC,NORMAL,65,1950,1950,0,145,151,0.3,0.3,25.72186,39.07,1.197,1.165,0.0254,0,242.28,12.078,-0.01153,1,0.18,4.759,2.8142,80.5,DEGRADED,F2,2,1,electrical_overcurrent,0.3,1,1,,,,,2,0
2026-08-19T17:07:00.913Z,1787159220913,FAN_DT_001_F2_S03_R01_20260819T170351,1,189.52,FAULT_ACTIVE,F2,0.3,FAN_DT_001,3.0,process-model-3.0.0-build3,480,1,LIVE,SYNCHRONISED,AUTOMATIC,NORMAL,65,1950,1950,0,145,151,0.3,0.3,25.72957,39.08,1.197,1.165,0.0254,0,242.28,12.1474,-0.01147,1,0.18,4.736,2.8303,80.5,DEGRADED,F2,2,1,electrical_overcurrent,0.3,1,1,,,,,2,0
2026-08-19T17:07:01.947Z,1787159221947,FAN_DT_001_F2_S03_R01_20260819T170351,1,190.554,FAULT_ACTIVE,F2,0.3,FAN_DT_001,3.0,process-model-3.0.0-build3,481,1,LIVE,SYNCHRONISED,AUTOMATIC,NORMAL,65,1950,1950,0,145,151,0.3,0.3,25.7369,39.09,1.197,1.165,0.0254,0,242.28,12.2168,-0.01138,1,0.18,4.699,2.8465,80.5,DEGRADED,F2,2,1,electrical_overcurrent,0.3,1,1,,,,,2,0
2026-08-19T17:07:02.983Z,1787159222983,FAN_DT_001_F2_S03_R01_20260819T170351,1,191.591,FAULT_ACTIVE,F2,0.3,FAN_DT_001,3.0,process-model-3.0.0-build3,482,1,LIVE,SYNCHRONISED,AUTOMATIC,NORMAL,65,1950,1950,0,145,151,0.3,0.3,25.74382,39.1,1.197,1.165,0.0254,0,242.28,12.286,-0.0113,1,0.18,4.663,2.8626,80.5,DEGRADED,F2,2,1,electrical_overcurrent,0.3,1,1,,,,,2,0
2026-08-19T17:07:04.007Z,1787159224007,FAN_DT_001_F2_S03_R01_20260819T170351,1,192.616,FAULT_ACTIVE,F2,0.3,FAN_DT_001,3.0,process-model-3.0.0-build3,483,1,LIVE,SYNCHRONISED,AUTOMATIC,NORMAL,65,1950,1950,0,145,151,0.3,0.3,25.75038,39.11,1.197,1.165,0.0254,0,242.28,12.3554,-0.01123,1,0.18,4.636,2.8788,80.5,DEGRADED,F2,2,1,electrical_overcurrent,0.3,1,1,,,,,2,0
2026-08-19T17:07:05.041Z,1787159225041,FAN_DT_001_F2_S03_R01_20260819T170351,1,193.648,FAULT_ACTIVE,F2,0.3,FAN_DT_001,3.0,process-model-3.0.0-build3,484,1,LIVE,SYNCHRONISED,AUTOMATIC,NORMAL,65,1950,1950,0,145,151,0.3,0.3,25.75653,39.12,1.197,1.165,0.0254,0,242.28,12.4248,-0.01113,1,0.18,4.592,2.895,80.5,DEGRADED,F2,2,1,electrical_overcurrent,0.3,1,1,,,,,2,0
2026-08-19T17:07:06.075Z,1787159226075,FAN_DT_001_F2_S03_R01_20260819T170351,1,194.682,FAULT_ACTIVE,F2,0.3,FAN_DT_001,3.0,process-model-3.0.0-build3,485,1,LIVE,SYNCHRONISED,AUTOMATIC,NORMAL,65,1950,1950,0,145,151,0.3,0.3,25.76229,39.14,1.197,1.165,0.0254,0,242.28,12.4941,-0.01106,1,0.18,4.564,2.9111,80.5,DEGRADED,F2,2,1,electrical_overcurrent,0.3,1,1,,,,,2,0
2026-08-19T17:07:07.132Z,1787159227132,FAN_DT_001_F2_S03_R01_20260819T170351,1,195.74,FAULT_ACTIVE,F2,0.3,FAN_DT_001,3.0,process-model-3.0.0-build3,486,1,LIVE,SYNCHRONISED,AUTOMATIC,NORMAL,65,1950,1950,0,145,151,0.3,0.3,25.76766,39.15,1.197,1.165,0.0254,0,242.28,12.5636,-0.01093,1,0.18,4.511,2.9273,80.5,DEGRADED,F2,2,1,electrical_overcurrent,0.3,1,1,,,,,2,0
2026-08-19T17:07:08.136Z,1787159228136,FAN_DT_001_F2_S03_R01_20260819T170351,1,196.742,FAULT_ACTIVE,F2,0.3,FAN_DT_001,3.0,process-model-3.0.0-build3,487,1,LIVE,SYNCHRONISED,AUTOMATIC,NORMAL,65,1950,1950,0,145,151,0.3,0.3,25.77259,39.16,1.197,1.165,0.0254,0,242.28,12.6327,-0.01084,1,0.18,4.473,2.9434,80.5,DEGRADED,F2,2,1,electrical_overcurrent,0.3,1,1,,,,,2,0
2026-08-19T17:07:09.177Z,1787159229177,FAN_DT_001_F2_S03_R01_20260819T170351,1,197.783,FAULT_ACTIVE,F2,0.3,FAN_DT_001,3.0,process-model-3.0.0-build3,488,1,LIVE,SYNCHRONISED,AUTOMATIC,NORMAL,65,1950,1950,0,145,151,0.3,0.3,25.77715,39.17,1.197,1.165,0.0254,0,242.28,12.7021,-0.01074,1,0.18,4.433,2.9596,80.5,DEGRADED,F2,2,1,electrical_overcurrent,0.3,1,1,,,,,2,0
2026-08-19T17:07:10.200Z,1787159230200,FAN_DT_001_F2_S03_R01_20260819T170351,1,198.807,FAULT_ACTIVE,F2,0.3,FAN_DT_001,3.0,process-model-3.0.0-build3,489,1,LIVE,SYNCHRONISED,AUTOMATIC,NORMAL,65,1950,1950,0,145,151,0.3,0.3,25.7813,39.18,1.197,1.165,0.0254,0,242.28,12.7716,-0.01063,1,0.18,4.386,2.9758,80.5,DEGRADED,F2,2,1,electrical_overcurrent,0.3,1,1,,,,,2,0
2026-08-19T17:07:11.255Z,1787159231255,FAN_DT_001_F2_S03_R01_20260819T170351,1,199.862,FAULT_ACTIVE,F2,0.3,FAN_DT_001,3.0,process-model-3.0.0-build3,490,1,LIVE,SYNCHRONISED,AUTOMATIC,NORMAL,65,1950,1950,0,145,151,0.3,0.3,25.78502,39.19,1.197,1.165,0.0254,0,242.28,12.8408,-0.01049,1,0.18,4.33,2.9919,80.5,DEGRADED,F2,2,1,electrical_overcurrent,0.3,1,1,,,,,2,0
2026-08-19T17:07:12.279Z,1787159232279,FAN_DT_001_F2_S03_R01_20260819T170351,1,200.886,FAULT_ACTIVE,F2,0.3,FAN_DT_001,3.0,process-model-3.0.0-build3,491,1,LIVE,SYNCHRONISED,AUTOMATIC,NORMAL,65,1950,1950,0,145,151,0.3,0.3,25.78835,39.2,1.197,1.165,0.0254,0,242.28,12.9102,-0.01038,1,0.18,4.286,3.0081,80.5,DEGRADED,F2,2,1,electrical_overcurrent,0.3,1,1,,,,,2,0
2026-08-19T17:07:13.304Z,1787159233304,FAN_DT_001_F2_S03_R01_20260819T170351,1,201.91,FAULT_ACTIVE,F2,0.3,FAN_DT_001,3.0,process-model-3.0.0-build3,492,1,LIVE,SYNCHRONISED,AUTOMATIC,NORMAL,65,1950,1950,0,145,151,0.3,0.3,25.79127,39.21,1.197,1.165,0.0254,0,242.28,12.9799,-0.01025,1,0.18,4.231,3.0243,80.5,DEGRADED,F2,2,1,electrical_overcurrent,0.3,1,1,,,,,2,0
2026-08-19T17:07:14.342Z,1787159234342,FAN_DT_001_F2_S03_R01_20260819T170351,1,202.957,FAULT_ACTIVE,F2,0.3,FAN_DT_001,3.0,process-model-3.0.0-build3,493,1,LIVE,SYNCHRONISED,AUTOMATIC,NORMAL,65,1950,1950,0,145,151,0.3,0.3,25.79376,39.22,1.197,1.165,0.0254,0,242.28,13.0491,-0.01012,1,0.18,4.179,3.0404,80.5,DEGRADED,F2,2,1,electrical_overcurrent,0.3,1,1,,,,,2,0
2026-08-19T17:07:15.373Z,1787159235373,FAN_DT_001_F2_S03_R01_20260819T170351,1,203.981,FAULT_ACTIVE,F2,0.3,FAN_DT_001,3.0,process-model-3.0.0-build3,494,1,LIVE,SYNCHRONISED,AUTOMATIC,NORMAL,65,1950,1950,0,145,151,0.3,0.3,25.79584,39.23,1.197,1.165,0.0254,0,242.28,13.1187,-0.00996,1,0.18,4.111,3.0567,80.5,DEGRADED,F2,2,1,electrical_overcurrent,0.3,1,1,,,,,2,0
2026-08-19T17:07:16.432Z,1787159236432,FAN_DT_001_F2_S03_R01_20260819T170351,1,205.039,FAULT_ACTIVE,F2,0.3,FAN_DT_001,3.0,process-model-3.0.0-build3,495,1,LIVE,SYNCHRONISED,AUTOMATIC,NORMAL,65,1950,1950,0,145,151,0.3,0.3,25.79749,39.24,1.197,1.165,0.0254,0,242.28,13.1879,-0.00984,1,0.18,4.063,3.0728,80.5,DEGRADED,F2,2,1,electrical_overcurrent,0.3,1,1,,,,,2,0
2026-08-19T17:07:17.435Z,1787159237435,FAN_DT_001_F2_S03_R01_20260819T170351,1,206.041,FAULT_ACTIVE,F2,0.3,FAN_DT_001,3.0,process-model-3.0.0-build3,496,1,LIVE,SYNCHRONISED,AUTOMATIC,NORMAL,65,1950,1950,0,145,151,0.3,0.3,25.79874,39.25,1.197,1.165,0.0254,0,242.28,13.2575,-0.00969,1,0.18,3.999,3.089,80.5,DEGRADED,F2,2,1,electrical_overcurrent,0.3,1,1,,,,,2,0
2026-08-19T17:07:18.466Z,1787159238466,FAN_DT_001_F2_S03_R01_20260819T170351,1,207.073,FAULT_ACTIVE,F2,0.3,FAN_DT_001,3.0,process-model-3.0.0-build3,497,1,LIVE,SYNCHRONISED,AUTOMATIC,NORMAL,65,1950,1950,0,145,151,0.3,0.3,25.79955,39.26,1.197,1.165,0.0254,0,242.28,13.3267,-0.00954,1,0.18,3.936,3.1051,80.5,DEGRADED,F2,2,1,electrical_overcurrent,0.3,1,1,,,,,2,0
2026-08-19T17:07:19.498Z,1787159239498,FAN_DT_001_F2_S03_R01_20260819T170351,1,208.106,FAULT_ACTIVE,F2,0.3,FAN_DT_001,3.0,process-model-3.0.0-build3,498,1,LIVE,SYNCHRONISED,AUTOMATIC,NORMAL,65,1950,1950,0,145,151,0.3,0.3,25.79996,39.27,1.197,1.165,0.0254,0,242.28,13.3964,-0.00938,1,0.18,3.874,3.1214,80.5,DEGRADED,F2,2,1,electrical_overcurrent,0.3,1,1,,,,,2,0
2026-08-19T17:07:20.530Z,1787159240530,FAN_DT_001_F2_S03_R01_20260819T170351,1,209.137,FAULT_ACTIVE,F2,0.3,FAN_DT_001,3.0,process-model-3.0.0-build3,499,1,LIVE,SYNCHRONISED,AUTOMATIC,NORMAL,65,1950,1950,0,145,151,0.3,0.3,25.79994,39.28,1.197,1.165,0.0254,0,242.28,13.4654,-0.00923,1,0.18,3.81,3.1374,80.5,DEGRADED,F2,2,1,electrical_overcurrent,0.3,1,1,,,,,2,0
2026-08-19T17:07:21.560Z,1787159241560,FAN_DT_001_F2_S03_R01_20260819T170351,1,210.167,FAULT_ACTIVE,F2,0.3,FAN_DT_001,3.0,process-model-3.0.0-build3,500,1,LIVE,SYNCHRONISED,AUTOMATIC,NORMAL,65,1950,1950,0,145,151,0.3,0.3,25.7995,39.29,1.197,1.165,0.0254,0,242.28,13.5349,-0.00905,1,0.18,3.736,3.1536,80.5,DEGRADED,F2,2,1,electrical_overcurrent,0.3,1,1,,,,,2,0
2026-08-19T17:07:22.600Z,1787159242600,FAN_DT_001_F2_S03_R01_20260819T170351,1,211.208,FAULT_ACTIVE,F2,0.3,FAN_DT_001,3.0,process-model-3.0.0-build3,501,1,LIVE,SYNCHRONISED,AUTOMATIC,NORMAL,65,1950,1950,0,145,151,0.3,0.3,25.79864,39.3,1.197,1.165,0.0254,0,242.28,13.6043,-0.0089,1,0.18,3.674,3.1698,80.5,DEGRADED,F2,2,1,electrical_overcurrent,0.3,1,1,,,,,2,0
2026-08-19T17:07:23.637Z,1787159243637,FAN_DT_001_F2_S03_R01_20260819T170351,1,212.243,FAULT_ACTIVE,F2,0.3,FAN_DT_001,3.0,process-model-3.0.0-build3,502,1,LIVE,SYNCHRONISED,AUTOMATIC,NORMAL,65,1950,1950,0,145,151,0.3,0.3,25.79735,39.31,1.197,1.165,0.0254,0,242.28,13.6742,-0.00873,1,0.18,3.604,3.1861,80.5,DEGRADED,F2,2,1,electrical_overcurrent,0.3,1,1,,,,,2,0
2026-08-19T17:07:24.691Z,1787159244691,FAN_DT_001_F2_S03_R01_20260819T170351,1,213.298,FAULT_ACTIVE,F2,0.3,FAN_DT_001,3.0,process-model-3.0.0-build3,503,1,LIVE,SYNCHRONISED,AUTOMATIC,NORMAL,65,1950,1950,0,145,151,0.3,0.3,25.79565,39.32,1.197,1.165,0.0254,0,242.28,13.7437,-0.00854,1,0.18,3.524,3.2023,80.5,DEGRADED,F2,2,1,electrical_overcurrent,0.3,1,1,,,,,2,0
2026-08-19T17:07:25.733Z,1787159245733,FAN_DT_001_F2_S03_R01_20260819T170351,1,214.339,FAULT_ACTIVE,F2,0.3,FAN_DT_001,3.0,process-model-3.0.0-build3,504,1,LIVE,SYNCHRONISED,AUTOMATIC,NORMAL,65,1950,1950,0,145,151,0.3,0.3,25.79354,39.33,1.197,1.165,0.0254,0,242.28,13.813,-0.00835,1,0.18,3.447,3.2184,80.5,DEGRADED,F2,2,1,electrical_overcurrent,0.3,1,1,,,,,2,0
2026-08-19T17:07:26.735Z,1787159246735,FAN_DT_001_F2_S03_R01_20260819T170351,1,215.341,FAULT_ACTIVE,F2,0.3,FAN_DT_001,3.0,process-model-3.0.0-build3,505,1,LIVE,SYNCHRONISED,AUTOMATIC,NORMAL,65,1950,1950,0,145,151,0.3,0.3,25.791,39.34,1.197,1.165,0.0254,0,242.28,13.8824,-0.00817,1,0.18,3.374,3.2346,80.5,DEGRADED,F2,2,1,electrical_overcurrent,0.3,1,1,,,,,2,0
2026-08-19T17:07:27.796Z,1787159247796,FAN_DT_001_F2_S03_R01_20260819T170351,1,216.404,FAULT_ACTIVE,F2,0.3,FAN_DT_001,3.0,process-model-3.0.0-build3,506,1,LIVE,SYNCHRONISED,AUTOMATIC,NORMAL,65,1950,1950,0,145,151,0.3,0.3,25.78804,39.35,1.197,1.165,0.0254,0,242.28,13.9519,-0.00799,1,0.18,3.297,3.2508,80.5,DEGRADED,F2,2,1,electrical_overcurrent,0.3,1,1,,,,,2,0
2026-08-19T17:07:28.799Z,1787159248799,FAN_DT_001_F2_S03_R01_20260819T170351,1,217.405,FAULT_ACTIVE,F2,0.3,FAN_DT_001,3.0,process-model-3.0.0-build3,507,1,LIVE,SYNCHRONISED,AUTOMATIC,NORMAL,65,1950,1950,0,145,151,0.3,0.3,25.7847,39.35,1.197,1.165,0.0254,0,242.28,14.0208,-0.00781,1,0.18,3.221,3.2669,80.5,DEGRADED,F2,2,1,electrical_overcurrent,0.3,1,1,,,,,2,0
2026-08-19T17:07:29.837Z,1787159249837,FAN_DT_001_F2_S03_R01_20260819T170351,1,218.444,FAULT_ACTIVE,F2,0.3,FAN_DT_001,3.0,process-model-3.0.0-build3,508,1,LIVE,SYNCHRONISED,AUTOMATIC,NORMAL,65,1950,1950,0,145,151,0.3,0.3,25.78092,39.36,1.197,1.165,0.0254,0,242.28,14.0904,-0.0076,1,0.18,3.136,3.2831,80.5,DEGRADED,F2,2,1,electrical_overcurrent,0.3,1,1,,,,,2,0
2026-08-19T17:07:30.861Z,1787159250861,FAN_DT_001_F2_S03_R01_20260819T170351,1,219.468,FAULT_ACTIVE,F2,0.3,FAN_DT_001,3.0,process-model-3.0.0-build3,509,1,LIVE,SYNCHRONISED,AUTOMATIC,NORMAL,65,1950,1950,0,145,151,0.3,0.3,25.77675,39.37,1.197,1.165,0.0254,0,242.28,14.1596,-0.0074,1,0.18,3.053,3.2992,80.5,DEGRADED,F2,2,1,electrical_overcurrent,0.3,1,1,,,,,2,0
2026-08-19T17:07:31.892Z,1787159251892,FAN_DT_001_F2_S03_R01_20260819T170351,1,220.499,FAULT_ACTIVE,F2,0.3,FAN_DT_001,3.0,process-model-3.0.0-build3,510,1,LIVE,SYNCHRONISED,AUTOMATIC,NORMAL,65,1950,1950,0,145,151,0.3,0.3,25.77215,39.38,1.197,1.165,0.0254,0,242.28,14.2292,-0.00721,1,0.18,2.974,3.3154,80.5,DEGRADED,F2,2,1,electrical_overcurrent,0.3,1,1,,,,,2,0
2026-08-19T17:07:32.933Z,1787159252933,FAN_DT_001_F2_S03_R01_20260819T170351,1,221.541,FAULT_ACTIVE,F2,0.3,FAN_DT_001,3.0,process-model-3.0.0-build3,511,1,LIVE,SYNCHRONISED,AUTOMATIC,NORMAL,65,1950,1950,0,145,151,0.3,0.3,25.76715,39.38,1.197,1.165,0.0254,0,242.28,14.2987,-0.00699,1,0.18,2.887,3.3316,80.5,DEGRADED,F2,2,1,electrical_overcurrent,0.3,1,1,,,,,2,0
2026-08-19T17:07:33.960Z,1787159253960,FAN_DT_001_F2_S03_R01_20260819T170351,1,222.568,FAULT_ACTIVE,F2,0.3,FAN_DT_001,3.0,process-model-3.0.0-build3,512,1,LIVE,SYNCHRONISED,AUTOMATIC,NORMAL,65,1950,1950,0,145,151,0.3,0.3,25.76176,39.39,1.197,1.165,0.0254,0,242.28,14.3679,-0.00679,1,0.18,2.805,3.3477,80.5,DEGRADED,F2,2,1,electrical_overcurrent,0.3,1,1,,,,,2,0
2026-08-19T17:07:35.002Z,1787159255002,FAN_DT_001_F2_S03_R01_20260819T170351,1,223.608,FAULT_ACTIVE,F2,0.3,FAN_DT_001,3.0,process-model-3.0.0-build3,513,1,LIVE,SYNCHRONISED,AUTOMATIC,NORMAL,65,1950,1950,0,145,151,0.3,0.3,25.75595,39.4,1.197,1.165,0.0254,0,242.28,14.4374,-0.00658,1,0.18,2.715,3.3639,80.5,DEGRADED,F2,2,1,electrical_overcurrent,0.3,1,1,,,,,2,0
2026-08-19T17:07:36.054Z,1787159256054,FAN_DT_001_F2_S03_R01_20260819T170351,1,224.661,FAULT_ACTIVE,F2,0.3,FAN_DT_001,3.0,process-model-3.0.0-build3,514,1,LIVE,SYNCHRONISED,AUTOMATIC,NORMAL,65,1950,1950,0,145,151,0.3,0.3,25.74976,39.4,1.197,1.165,0.0254,0,242.28,14.5067,-0.00638,1,0.18,2.632,3.3801,80.5,DEGRADED,F2,2,1,electrical_overcurrent,0.3,1,1,,,,,2,0
2026-08-19T17:07:37.062Z,1787159257062,FAN_DT_001_F2_S03_R01_20260819T170351,1,225.669,FAULT_ACTIVE,F2,0.3,FAN_DT_001,3.0,process-model-3.0.0-build3,515,1,LIVE,SYNCHRONISED,AUTOMATIC,NORMAL,65,1950,1950,0,145,151,0.3,0.3,25.74314,39.41,1.197,1.165,0.0254,0,242.28,14.5764,-0.00615,1,0.18,2.537,3.3963,80.5,DEGRADED,F2,2,1,electrical_overcurrent,0.3,1,1,,,,,2,0
2026-08-19T17:07:38.088Z,1787159258088,FAN_DT_001_F2_S03_R01_20260819T170351,1,226.694,FAULT_ACTIVE,F2,0.3,FAN_DT_001,3.0,process-model-3.0.0-build3,516,1,LIVE,SYNCHRONISED,AUTOMATIC,NORMAL,65,1950,1950,0,145,151,0.3,0.3,25.73616,39.42,1.197,1.165,0.0254,0,242.28,14.6458,-0.00594,1,0.18,2.452,3.4125,80.5,DEGRADED,F2,2,1,electrical_overcurrent,0.3,1,1,,,,,2,0
2026-08-19T17:07:39.129Z,1787159259129,FAN_DT_001_F2_S03_R01_20260819T170351,1,227.735,FAULT_ACTIVE,F2,0.3,FAN_DT_001,3.0,process-model-3.0.0-build3,517,1,LIVE,SYNCHRONISED,AUTOMATIC,NORMAL,65,1950,1950,0,145,151,0.3,0.3,25.72881,39.42,1.197,1.165,0.0254,0,242.28,14.715,-0.00572,1,0.18,2.362,3.4286,80.5,DEGRADED,F2,2,1,electrical_overcurrent,0.3,1,1,,,,,2,0
2026-08-19T17:07:40.156Z,1787159260156,FAN_DT_001_F2_S03_R01_20260819T170351,1,228.763,FAULT_ACTIVE,F2,0.3,FAN_DT_001,3.0,process-model-3.0.0-build3,518,1,LIVE,SYNCHRONISED,AUTOMATIC,NORMAL,65,1950,1950,0,145,151,0.3,0.3,25.72104,39.43,1.197,1.165,0.0254,0,242.28,14.7846,-0.00549,1,0.18,2.267,3.4448,80.5,DEGRADED,F2,2,1,electrical_overcurrent,0.3,1,1,,,,,2,0
2026-08-19T17:07:41.194Z,1787159261194,FAN_DT_001_F2_S03_R01_20260819T170351,1,229.8,FAULT_ACTIVE,F2,0.3,FAN_DT_001,3.0,process-model-3.0.0-build3,519,1,LIVE,SYNCHRONISED,AUTOMATIC,NORMAL,65,1950,1950,0,145,151,0.3,0.3,25.71293,39.43,1.197,1.165,0.0254,0,242.28,14.8538,-0.00526,1,0.18,2.171,3.4609,80.5,DEGRADED,F2,2,1,electrical_overcurrent,0.3,1,1,,,,,2,0
2026-08-19T17:07:42.284Z,1787159262284,FAN_DT_001_F2_S03_R01_20260819T170351,1,230.89,FAULT_ACTIVE,F2,0.3,FAN_DT_001,3.0,process-model-3.0.0-build3,520,1,LIVE,SYNCHRONISED,AUTOMATIC,NORMAL,65,1950,1950,0,145,151,0.3,0.3,25.7044,39.44,1.197,1.165,0.0254,0,242.28,14.9234,-0.00503,1,0.18,2.074,3.4772,80.5,DEGRADED,F2,2,1,electrical_overcurrent,0.3,1,1,,,,,2,0
2026-08-19T17:07:43.256Z,1787159263256,FAN_DT_001_F2_S03_R01_20260819T170351,1,231.864,FAULT_ACTIVE,F2,0.3,FAN_DT_001,3.0,process-model-3.0.0-build3,521,1,LIVE,SYNCHRONISED,AUTOMATIC,NORMAL,65,1950,1950,0,145,151,0.3,0.3,25.69554,39.44,1.197,1.165,0.0254,0,242.28,14.9927,-0.0048,1,0.18,1.98,3.4933,80.5,DEGRADED,F2,2,1,electrical_overcurrent,0.3,1,1,,,,,2,0
2026-08-19T17:07:44.293Z,1787159264293,FAN_DT_001_F2_S03_R01_20260819T170351,1,232.899,FAULT_ACTIVE,F2,0.3,FAN_DT_001,3.0,process-model-3.0.0-build3,522,1,LIVE,SYNCHRONISED,AUTOMATIC,NORMAL,65,1950,1950,0,145,151,0.3,0.3,25.68629,39.45,1.197,1.165,0.0254,0,242.28,15.0622,-0.00458,1,0.18,1.892,3.5095,80.5,DEGRADED,F2,2,1,electrical_overcurrent,0.3,1,1,,,,,2,0
2026-08-19T17:07:45.326Z,1787159265326,FAN_DT_001_F2_S03_R01_20260819T170351,1,233.933,FAULT_ACTIVE,F2,0.3,FAN_DT_001,3.0,process-model-3.0.0-build3,523,1,LIVE,SYNCHRONISED,AUTOMATIC,NORMAL,65,1950,1950,0,145,151,0.3,0.3,25.67666,39.45,1.197,1.165,0.0254,0,242.28,15.1318,-0.00433,1,0.18,1.787,3.5257,80.5,DEGRADED,F2,2,1,electrical_overcurrent,0.3,1,1,,,,,2,0
2026-08-19T17:07:46.359Z,1787159266359,FAN_DT_001_F2_S03_R01_20260819T170351,1,234.966,FAULT_ACTIVE,F2,0.3,FAN_DT_001,3.0,process-model-3.0.0-build3,524,1,LIVE,SYNCHRONISED,AUTOMATIC,NORMAL,65,1950,1950,0,145,151,0.3,0.3,25.66672,39.46,1.197,1.165,0.0254,0,242.28,15.2011,-0.0041,1,0.18,1.694,3.5419,80.5,DEGRADED,F2,2,1,electrical_overcurrent,0.3,1,1,,,,,2,0
2026-08-19T17:07:47.394Z,1787159267394,FAN_DT_001_F2_S03_R01_20260819T170351,1,236.001,FAULT_ACTIVE,F2,0.3,FAN_DT_001,3.0,process-model-3.0.0-build3,525,1,LIVE,SYNCHRONISED,AUTOMATIC,NORMAL,65,1950,1950,0,145,151,0.3,0.3,25.65639,39.46,1.197,1.165,0.0254,0,242.28,15.2706,-0.00387,1,0.18,1.599,3.5581,80.5,DEGRADED,F2,2,1,electrical_overcurrent,0.3,1,1,,,,,2,0
2026-08-19T17:07:48.427Z,1787159268427,FAN_DT_001_F2_S03_R01_20260819T170351,1,237.033,FAULT_ACTIVE,F2,0.3,FAN_DT_001,3.0,process-model-3.0.0-build3,526,1,LIVE,SYNCHRONISED,AUTOMATIC,NORMAL,65,1950,1950,0,145,151,0.3,0.3,25.64573,39.47,1.197,1.165,0.0254,0,242.28,15.3401,-0.00363,1,0.18,1.5,3.5742,80.5,DEGRADED,F2,2,1,electrical_overcurrent,0.3,1,1,,,,,2,0
2026-08-19T17:07:49.461Z,1787159269461,FAN_DT_001_F2_S03_R01_20260819T170351,1,238.068,FAULT_ACTIVE,F2,0.3,FAN_DT_001,3.0,process-model-3.0.0-build3,527,1,LIVE,SYNCHRONISED,AUTOMATIC,NORMAL,65,1950,1950,0,145,151,0.3,0.3,25.63476,39.47,1.197,1.165,0.0254,0,242.28,15.4094,-0.00338,1,0.18,1.394,3.5904,80.5,DEGRADED,F2,2,1,electrical_overcurrent,0.3,1,1,,,,,2,0
2026-08-19T17:07:50.491Z,1787159270491,FAN_DT_001_F2_S03_R01_20260819T170351,1,239.098,FAULT_ACTIVE,F2,0.3,FAN_DT_001,3.0,process-model-3.0.0-build3,528,1,LIVE,SYNCHRONISED,AUTOMATIC,NORMAL,65,1950,1950,0,145,151,0.3,0.3,25.6234,39.47,1.197,1.165,0.0254,0,242.28,15.479,-0.00315,1,0.18,1.3,3.6066,80.5,DEGRADED,F2,2,1,electrical_overcurrent,0.3,1,1,,,,,2,0
2026-08-19T17:07:51.539Z,1787159271539,FAN_DT_001_F2_S03_R01_20260819T170351,1,240.145,FAULT_ACTIVE,F2,0.3,FAN_DT_001,3.0,process-model-3.0.0-build3,529,1,LIVE,SYNCHRONISED,AUTOMATIC,NORMAL,65,1950,1950,0,145,151,0.3,0.3,25.61176,39.48,1.197,1.165,0.0254,0,242.28,15.5483,-0.00289,1,0.18,1.193,3.6228,80.5,DEGRADED,F2,2,1,electrical_overcurrent,0.3,1,1,,,,,2,0
2026-08-19T17:07:52.559Z,1787159272559,FAN_DT_001_F2_S03_R01_20260819T170351,1,241.166,FAULT_ACTIVE,F2,0.3,FAN_DT_001,3.0,process-model-3.0.0-build3,530,1,LIVE,SYNCHRONISED,AUTOMATIC,NORMAL,65,1950,1950,0,145,151,0.3,0.3,25.59981,39.48,1.197,1.165,0.0254,0,242.28,15.6176,-0.00263,1,0.18,1.087,3.6389,80.5,DEGRADED,F2,2,1,electrical_overcurrent,0.3,1,1,,,,,2,0
2026-08-19T17:07:53.584Z,1787159273584,FAN_DT_001_F2_S03_R01_20260819T170351,1,242.191,FAULT_ACTIVE,F2,0.3,FAN_DT_001,3.0,process-model-3.0.0-build3,531,1,LIVE,SYNCHRONISED,AUTOMATIC,NORMAL,65,1950,1950,0,145,151,0.3,0.3,25.58755,39.48,1.197,1.165,0.0254,0,242.28,15.6869,-0.00239,1,0.18,0.987,3.655,80.5,DEGRADED,F2,2,1,electrical_overcurrent,0.3,1,1,,,,,2,0
2026-08-19T17:07:54.621Z,1787159274621,FAN_DT_001_F2_S03_R01_20260819T170351,1,243.227,FAULT_ACTIVE,F2,0.3,FAN_DT_001,3.0,process-model-3.0.0-build3,532,1,LIVE,SYNCHRONISED,AUTOMATIC,NORMAL,65,1950,1950,0,145,151,0.3,0.3,25.57497,39.48,1.197,1.165,0.0254,0,242.28,15.7562,-0.00217,1,0.18,0.894,3.6712,80.5,DEGRADED,F2,2,1,electrical_overcurrent,0.3,1,1,,,,,2,0
2026-08-19T17:07:55.656Z,1787159275656,FAN_DT_001_F2_S03_R01_20260819T170351,1,244.264,FAULT_ACTIVE,F2,0.3,FAN_DT_001,3.0,process-model-3.0.0-build3,533,1,LIVE,SYNCHRONISED,AUTOMATIC,NORMAL,65,1950,1950,0,145,151,0.3,0.3,25.56203,39.49,1.197,1.165,0.0254,0,242.28,15.8258,-0.00191,1,0.18,0.787,3.6874,80.5,DEGRADED,F2,2,1,electrical_overcurrent,0.3,1,1,,,,,2,0
2026-08-19T17:07:56.686Z,1787159276686,FAN_DT_001_F2_S03_R01_20260819T170351,1,245.293,FAULT_ACTIVE,F2,0.3,FAN_DT_001,3.0,process-model-3.0.0-build3,534,1,LIVE,SYNCHRONISED,AUTOMATIC,NORMAL,65,1950,1950,0,145,151,0.3,0.3,25.54882,39.49,1.197,1.165,0.0254,0,242.28,15.8953,-0.00166,1,0.18,0.684,3.7036,80.5,DEGRADED,F2,2,1,electrical_overcurrent,0.3,1,1,,,,,2,0
2026-08-19T17:07:57.722Z,1787159277722,FAN_DT_001_F2_S03_R01_20260819T170351,1,246.328,FAULT_ACTIVE,F2,0.3,FAN_DT_001,3.0,process-model-3.0.0-build3,535,1,LIVE,SYNCHRONISED,AUTOMATIC,NORMAL,65,1950,1950,0,145,151,0.3,0.3,25.53538,39.49,1.197,1.165,0.0254,0,242.28,15.9645,-0.0014,1,0.18,0.577,3.7197,80.5,DEGRADED,F2,2,1,electrical_overcurrent,0.3,1,1,,,,,2,0
2026-08-19T17:07:58.753Z,1787159278753,FAN_DT_001_F2_S03_R01_20260819T170351,1,247.36,FAULT_ACTIVE,F2,0.3,FAN_DT_001,3.0,process-model-3.0.0-build3,536,1,LIVE,SYNCHRONISED,AUTOMATIC,NORMAL,65,1950,1950,0,145,151,0.3,0.3,25.52158,39.49,1.197,1.165,0.0254,0,242.28,16.0341,-0.00115,1,0.18,0.475,3.7359,80.5,DEGRADED,F2,2,1,electrical_overcurrent,0.3,1,1,,,,,2,0
2026-08-19T17:07:59.786Z,1787159279786,FAN_DT_001_F2_S03_R01_20260819T170351,1,248.392,FAULT_ACTIVE,F2,0.3,FAN_DT_001,3.0,process-model-3.0.0-build3,537,1,LIVE,SYNCHRONISED,AUTOMATIC,NORMAL,65,1950,1950,0,145,151,0.3,0.3,25.50753,39.49,1.197,1.165,0.0254,0,242.28,16.1035,-0.0009,1,0.18,0.37,3.7521,80.5,DEGRADED,F2,2,1,electrical_overcurrent,0.3,1,1,,,,,2,0
2026-08-19T17:08:00.839Z,1787159280839,FAN_DT_001_F2_S03_R01_20260819T170351,1,249.445,FAULT_ACTIVE,F2,0.3,FAN_DT_001,3.0,process-model-3.0.0-build3,538,1,LIVE,SYNCHRONISED,AUTOMATIC,NORMAL,65,1950,1950,0,145,151,0.3,0.3,25.49329,39.49,1.197,1.165,0.0254,0,242.28,16.1727,-0.00066,1,0.18,0.271,3.7682,80.5,DEGRADED,F2,2,1,electrical_overcurrent,0.3,1,1,,,,,2,0
2026-08-19T17:08:01.849Z,1787159281849,FAN_DT_001_F2_S03_R01_20260819T170351,1,250.456,FAULT_ACTIVE,F2,0.3,FAN_DT_001,3.0,process-model-3.0.0-build3,539,1,LIVE,SYNCHRONISED,AUTOMATIC,NORMAL,65,1950,1950,0,145,151,0.3,0.3,25.47869,39.49,1.197,1.165,0.0254,0,242.28,16.2422,-0.00039,1,0.18,0.163,3.7844,80.5,DEGRADED,F2,2,1,electrical_overcurrent,0.3,1,1,,,,,2,0
2026-08-19T17:08:02.887Z,1787159282887,FAN_DT_001_F2_S03_R01_20260819T170351,1,251.493,FAULT_ACTIVE,F2,0.3,FAN_DT_001,3.0,process-model-3.0.0-build3,540,1,LIVE,SYNCHRONISED,AUTOMATIC,NORMAL,65,1950,1950,0,145,151,0.3,0.3,25.46391,39.49,1.197,1.165,0.0254,0,242.28,16.3115,-0.00014,1,0.18,0.059,3.8006,80.5,DEGRADED,F2,2,1,electrical_overcurrent,0.3,1,1,,,,,2,0
2026-08-19T17:08:03.917Z,1787159283917,FAN_DT_001_F2_S03_R01_20260819T170351,1,252.523,FAULT_ACTIVE,F2,0.3,FAN_DT_001,3.0,process-model-3.0.0-build3,541,1,LIVE,SYNCHRONISED,AUTOMATIC,NORMAL,65,1950,1950,0,145,151,0.3,0.3,25.44882,39.49,1.197,1.165,0.0254,0,242.28,16.381,0.00009,1,0.18,0.038,3.8168,80.5,DEGRADED,F2,2,1,electrical_overcurrent,0.3,1,1,,,,,2,0
2026-08-19T17:08:04.951Z,1787159284951,FAN_DT_001_F2_S03_R01_20260819T170351,1,253.558,FAULT_ACTIVE,F2,0.3,FAN_DT_001,3.0,process-model-3.0.0-build3,542,1,LIVE,SYNCHRONISED,AUTOMATIC,NORMAL,65,1950,1950,0,145,151,0.3,0.3,25.43349,39.49,1.197,1.165,0.0254,0,242.28,16.4506,0.00035,1,0.18,0.145,3.833,80.5,DEGRADED,F2,2,1,electrical_overcurrent,0.3,1,1,,,,,2,0
2026-08-19T17:08:05.986Z,1787159285986,FAN_DT_001_F2_S03_R01_20260819T170351,1,254.592,FAULT_ACTIVE,F2,0.3,FAN_DT_001,3.0,process-model-3.0.0-build3,543,1,LIVE,SYNCHRONISED,AUTOMATIC,NORMAL,65,1950,1950,0,145,151,0.3,0.3,25.41802,39.49,1.197,1.165,0.0254,0,242.28,16.5198,0.00059,1,0.18,0.242,3.8491,80.5,DEGRADED,F2,2,1,electrical_overcurrent,0.3,1,1,,,,,2,0
2026-08-19T17:08:07.015Z,1787159287015,FAN_DT_001_F2_S03_R01_20260819T170351,1,255.621,FAULT_ACTIVE,F2,0.3,FAN_DT_001,3.0,process-model-3.0.0-build3,544,1,LIVE,SYNCHRONISED,AUTOMATIC,NORMAL,65,1950,1950,0,145,151,0.3,0.3,25.40225,39.49,1.197,1.165,0.0254,0,242.28,16.5893,0.00085,1,0.18,0.35,3.8653,80.5,DEGRADED,F2,2,1,electrical_overcurrent,0.3,1,1,,,,,2,0
2026-08-19T17:08:08.050Z,1787159288050,FAN_DT_001_F2_S03_R01_20260819T170351,1,256.657,FAULT_ACTIVE,F2,0.3,FAN_DT_001,3.0,process-model-3.0.0-build3,545,1,LIVE,SYNCHRONISED,AUTOMATIC,NORMAL,65,1950,1950,0,145,151,0.3,0.3,25.38634,39.49,1.197,1.165,0.0254,0,242.28,16.6586,0.0011,1,0.18,0.453,3.8814,80.5,DEGRADED,F2,2,1,electrical_overcurrent,0.3,1,1,,,,,2,0
2026-08-19T17:08:09.080Z,1787159289080,FAN_DT_001_F2_S03_R01_20260819T170351,1,257.686,FAULT_ACTIVE,F2,0.3,FAN_DT_001,3.0,process-model-3.0.0-build3,546,1,LIVE,SYNCHRONISED,AUTOMATIC,NORMAL,65,1950,1950,0,145,151,0.3,0.3,25.3702,39.49,1.197,1.165,0.0254,0,242.28,16.7279,0.00133,1,0.18,0.55,3.8976,80.5,DEGRADED,F2,2,1,electrical_overcurrent,0.3,1,1,,,,,2,0
2026-08-19T17:08:10.138Z,1787159290138,FAN_DT_001_F2_S03_R01_20260819T170351,1,258.745,FAULT_ACTIVE,F2,0.3,FAN_DT_001,3.0,process-model-3.0.0-build3,547,1,LIVE,SYNCHRONISED,AUTOMATIC,NORMAL,65,1950,1950,0,145,151,0.3,0.3,25.35384,39.49,1.197,1.165,0.0254,0,242.28,16.7973,0.00158,1,0.18,0.652,3.9138,80.5,DEGRADED,F2,2,1,electrical_overcurrent,0.3,1,1,,,,,2,0
2026-08-19T17:08:11.147Z,1787159291147,FAN_DT_001_F2_S03_R01_20260819T170351,1,259.754,FAULT_ACTIVE,F2,0.3,FAN_DT_001,3.0,process-model-3.0.0-build3,548,1,LIVE,SYNCHRONISED,AUTOMATIC,NORMAL,65,1950,1950,0,145,151,0.3,0.3,25.33734,39.49,1.197,1.165,0.0254,0,242.28,16.8666,0.00182,1,0.18,0.752,3.9299,80.5,DEGRADED,F2,2,1,electrical_overcurrent,0.3,1,1,,,,,2,0
2026-08-19T17:08:12.191Z,1787159292191,FAN_DT_001_F2_S03_R01_20260819T170351,1,260.797,FAULT_ACTIVE,F2,0.3,FAN_DT_001,3.0,process-model-3.0.0-build3,549,1,LIVE,SYNCHRONISED,AUTOMATIC,NORMAL,65,1950,1950,0,145,151,0.3,0.3,25.32059,39.48,1.197,1.165,0.0254,0,242.28,16.9362,0.00206,1,0.18,0.85,3.9461,80.5,DEGRADED,F2,2,1,electrical_overcurrent,0.3,1,1,,,,,2,0
2026-08-19T17:08:13.209Z,1787159293209,FAN_DT_001_F2_S03_R01_20260819T170351,1,261.815,FAULT_ACTIVE,F2,0.3,FAN_DT_001,3.0,process-model-3.0.0-build3,550,1,LIVE,SYNCHRONISED,AUTOMATIC,NORMAL,65,1950,1950,0,145,151,0.3,0.3,25.30371,39.48,1.197,1.165,0.0254,0,242.28,17.0056,0.00231,1,0.18,0.954,3.9623,80.5,DEGRADED,F2,2,1,electrical_overcurrent,0.3,1,1,,,,,2,0
2026-08-19T17:08:14.250Z,1787159294250,FAN_DT_001_F2_S03_R01_20260819T170351,1,262.857,FAULT_ACTIVE,F2,0.3,FAN_DT_001,3.0,process-model-3.0.0-build3,551,1,LIVE,SYNCHRONISED,AUTOMATIC,NORMAL,65,1950,1950,0,145,151,0.3,0.3,25.28673,39.48,1.197,1.165,0.0254,0,242.28,17.0748,0.00256,1,0.18,1.058,3.9784,80.5,DEGRADED,F2,2,1,electrical_overcurrent,0.3,1,1,,,,,2,0
2026-08-19T17:08:15.284Z,1787159295284,FAN_DT_001_F2_S03_R01_20260819T170351,1,263.89,FAULT_ACTIVE,F2,0.3,FAN_DT_001,3.0,process-model-3.0.0-build3,552,1,LIVE,SYNCHRONISED,AUTOMATIC,NORMAL,65,1950,1950,0,145,151,0.3,0.3,25.26946,39.48,1.197,1.165,0.0254,0,242.28,17.1445,0.0028,1,0.18,1.156,3.9947,80.5,DEGRADED,F2,2,1,electrical_overcurrent,0.3,1,1,,,,,2,0
2026-08-19T17:08:16.313Z,1787159296313,FAN_DT_001_F2_S03_R01_20260819T170351,1,264.919,FAULT_ACTIVE,F2,0.3,FAN_DT_001,3.0,process-model-3.0.0-build3,553,1,LIVE,SYNCHRONISED,AUTOMATIC,NORMAL,65,1950,1950,0,145,151,0.3,0.3,25.2522,39.47,1.197,1.165,0.0254,0,242.28,17.2136,0.00302,1,0.18,1.247,4.0108,80.5,DEGRADED,F2,2,1,electrical_overcurrent,0.3,1,1,,,,,2,0
2026-08-19T17:08:17.342Z,1787159297342,FAN_DT_001_F2_S03_R01_20260819T170351,1,265.948,FAULT_ACTIVE,F2,0.3,FAN_DT_001,3.0,process-model-3.0.0-build3,554,1,LIVE,SYNCHRONISED,AUTOMATIC,NORMAL,65,1950,1950,0,145,151,0.3,0.3,25.23467,39.47,1.197,1.165,0.0254,0,242.28,17.2832,0.00327,1,0.18,1.35,4.027,80.5,DEGRADED,F2,2,1,electrical_overcurrent,0.3,1,1,,,,,2,0
2026-08-19T17:08:18.378Z,1787159298378,FAN_DT_001_F2_S03_R01_20260819T170351,1,266.984,FAULT_ACTIVE,F2,0.3,FAN_DT_001,3.0,process-model-3.0.0-build3,555,1,LIVE,SYNCHRONISED,AUTOMATIC,NORMAL,65,1950,1950,0,145,151,0.3,0.3,25.21714,39.47,1.197,1.165,0.0254,0,242.28,17.3524,0.00349,1,0.18,1.442,4.0431,80.5,DEGRADED,F2,2,1,electrical_overcurrent,0.3,1,1,,,,,2,0
2026-08-19T17:08:19.434Z,1787159299434,FAN_DT_001_F2_S03_R01_20260819T170351,1,268.041,FAULT_ACTIVE,F2,0.3,FAN_DT_001,3.0,process-model-3.0.0-build3,556,1,LIVE,SYNCHRONISED,AUTOMATIC,NORMAL,65,1950,1950,0,145,151,0.3,0.3,25.19939,39.46,1.197,1.165,0.0254,0,242.28,17.422,0.00372,1,0.18,1.537,4.0593,80.5,DEGRADED,F2,2,1,electrical_overcurrent,0.3,1,1,,,,,2,0
2026-08-19T17:08:20.442Z,1787159300442,FAN_DT_001_F2_S03_R01_20260819T170351,1,269.049,FAULT_ACTIVE,F2,0.3,FAN_DT_001,3.0,process-model-3.0.0-build3,557,1,LIVE,SYNCHRONISED,AUTOMATIC,NORMAL,65,1950,1950,0,145,151,0.3,0.3,25.18163,39.46,1.197,1.165,0.0254,0,242.28,17.4913,0.00396,1,0.18,1.634,4.0755,80.5,DEGRADED,F2,2,1,electrical_overcurrent,0.3,1,1,,,,,2,0
2026-08-19T17:08:21.475Z,1787159301475,FAN_DT_001_F2_S03_R01_20260819T170351,1,270.081,FAULT_ACTIVE,F2,0.3,FAN_DT_001,3.0,process-model-3.0.0-build3,558,1,LIVE,SYNCHRONISED,AUTOMATIC,NORMAL,65,1950,1950,0,145,151,0.3,0.3,25.16369,39.46,1.197,1.165,0.0254,0,242.28,17.5608,0.00418,1,0.18,1.724,4.0917,80.5,DEGRADED,F2,2,1,electrical_overcurrent,0.3,1,1,,,,,2,0
2026-08-19T17:08:22.508Z,1787159302508,FAN_DT_001_F2_S03_R01_20260819T170351,1,271.116,FAULT_ACTIVE,F2,0.3,FAN_DT_001,3.0,process-model-3.0.0-build3,559,1,LIVE,SYNCHRONISED,AUTOMATIC,NORMAL,65,1950,1950,0,145,151,0.3,0.3,25.14566,39.45,1.197,1.165,0.0254,0,242.28,17.6304,0.0044,1,0.18,1.817,4.1079,80.5,DEGRADED,F2,2,1,electrical_overcurrent,0.3,1,1,,,,,2,0
2026-08-19T17:08:23.539Z,1787159303539,FAN_DT_001_F2_S03_R01_20260819T170351,1,272.145,FAULT_ACTIVE,F2,0.3,FAN_DT_001,3.0,process-model-3.0.0-build3,560,1,LIVE,SYNCHRONISED,AUTOMATIC,NORMAL,65,1950,1950,0,145,151,0.3,0.3,25.12758,39.45,1.197,1.165,0.0254,0,242.28,17.6999,0.00462,1,0.18,1.906,4.1241,80.5,DEGRADED,F2,2,1,electrical_overcurrent,0.3,1,1,,,,,2,0
2026-08-19T17:08:24.572Z,1787159304572,FAN_DT_001_F2_S03_R01_20260819T170351,1,273.178,FAULT_ACTIVE,F2,0.3,FAN_DT_001,3.0,process-model-3.0.0-build3,561,1,LIVE,SYNCHRONISED,AUTOMATIC,NORMAL,65,1950,1950,0,145,151,0.3,0.3,25.10953,39.44,1.197,1.165,0.0254,0,242.28,17.769,0.00484,1,0.18,1.999,4.1402,80.5,DEGRADED,F2,2,1,electrical_overcurrent,0.3,1,1,,,,,2,0
2026-08-19T17:08:25.606Z,1787159305606,FAN_DT_001_F2_S03_R01_20260819T170351,1,274.213,FAULT_ACTIVE,F2,0.3,FAN_DT_001,3.0,process-model-3.0.0-build3,562,1,LIVE,SYNCHRONISED,AUTOMATIC,NORMAL,65,1950,1950,0,145,151,0.3,0.3,25.09142,39.44,1.197,1.165,0.0254,0,242.28,17.8381,0.00507,1,0.18,2.091,4.1563,80.5,DEGRADED,F2,2,1,electrical_overcurrent,0.3,1,1,,,,,2,0
2026-08-19T17:08:26.640Z,1787159306640,FAN_DT_001_F2_S03_R01_20260819T170351,1,275.246,FAULT_ACTIVE,F2,0.3,FAN_DT_001,3.0,process-model-3.0.0-build3,563,1,LIVE,SYNCHRONISED,AUTOMATIC,NORMAL,65,1950,1950,0,145,151,0.3,0.3,25.07313,39.43,1.197,1.165,0.0254,0,242.28,17.9077,0.00527,1,0.18,2.174,4.1725,80.5,DEGRADED,F2,2,1,electrical_overcurrent,0.3,1,1,,,,,2,0
2026-08-19T17:08:27.667Z,1787159307667,FAN_DT_001_F2_S03_R01_20260819T170351,1,276.273,FAULT_ACTIVE,F2,0.3,FAN_DT_001,3.0,process-model-3.0.0-build3,564,1,LIVE,SYNCHRONISED,AUTOMATIC,NORMAL,65,1950,1950,0,145,151,0.3,0.3,25.05488,39.42,1.197,1.165,0.0254,0,242.28,17.977,0.00549,1,0.18,2.266,4.1886,80.5,DEGRADED,F2,2,1,electrical_overcurrent,0.3,1,1,,,,,2,0
2026-08-19T17:08:28.746Z,1787159308746,FAN_DT_001_F2_S03_R01_20260819T170351,1,277.354,FAULT_ACTIVE,F2,0.3,FAN_DT_001,3.0,process-model-3.0.0-build3,565,1,LIVE,SYNCHRONISED,AUTOMATIC,NORMAL,65,1950,1950,0,145,151,0.3,0.3,25.0366,39.42,1.197,1.165,0.0254,0,242.28,18.0463,0.00571,1,0.18,2.356,4.2048,80.5,DEGRADED,F2,2,1,electrical_overcurrent,0.3,1,1,,,,,2,0
2026-08-19T17:08:29.730Z,1787159309730,FAN_DT_001_F2_S03_R01_20260819T170351,1,278.336,FAULT_ACTIVE,F2,0.3,FAN_DT_001,3.0,process-model-3.0.0-build3,566,1,LIVE,SYNCHRONISED,AUTOMATIC,NORMAL,65,1950,1950,0,145,151,0.3,0.3,25.01828,39.41,1.197,1.165,0.0254,0,242.28,18.1157,0.00589,1,0.18,2.43,4.221,80.5,DEGRADED,F2,2,1,electrical_overcurrent,0.3,1,1,,,,,2,0
2026-08-19T17:08:30.765Z,1787159310765,FAN_DT_001_F2_S03_R01_20260819T170351,1,279.371,FAULT_ACTIVE,F2,0.3,FAN_DT_001,3.0,process-model-3.0.0-build3,567,1,LIVE,SYNCHRONISED,AUTOMATIC,NORMAL,65,1950,1950,0,145,151,0.3,0.3,25.00001,39.41,1.197,1.165,0.0254,0,242.28,18.1849,0.00609,1,0.18,2.512,4.2371,80.5,DEGRADED,F2,2,1,electrical_overcurrent,0.3,1,1,,,,,2,0
2026-08-19T17:08:31.798Z,1787159311798,FAN_DT_001_F2_S03_R01_20260819T170351,1,280.405,FAULT_ACTIVE,F2,0.3,FAN_DT_001,3.0,process-model-3.0.0-build3,568,1,LIVE,SYNCHRONISED,AUTOMATIC,NORMAL,65,1950,1950,0,145,151,0.3,0.3,24.98159,39.4,1.197,1.165,0.0254,0,242.28,18.2546,0.0063,1,0.18,2.599,4.2533,80.5,DEGRADED,F2,2,1,electrical_overcurrent,0.3,1,1,,,,,2,0
2026-08-19T17:08:32.833Z,1787159312833,FAN_DT_001_F2_S03_R01_20260819T170351,1,281.439,FAULT_ACTIVE,F2,0.3,FAN_DT_001,3.0,process-model-3.0.0-build3,569,1,LIVE,SYNCHRONISED,AUTOMATIC,NORMAL,65,1950,1950,0,145,151,0.3,0.3,24.96331,39.39,1.197,1.165,0.0254,0,242.28,18.3239,0.0065,1,0.18,2.684,4.2695,80.5,DEGRADED,F2,2,1,electrical_overcurrent,0.3,1,1,,,,,2,0
2026-08-19T17:08:33.870Z,1787159313870,FAN_DT_001_F2_S03_R01_20260819T170351,1,282.476,FAULT_ACTIVE,F2,0.3,FAN_DT_001,3.0,process-model-3.0.0-build3,570,1,LIVE,SYNCHRONISED,AUTOMATIC,NORMAL,65,1950,1950,0,145,151,0.3,0.3,24.94496,39.39,1.197,1.165,0.0254,0,242.28,18.3935,0.00669,1,0.18,2.762,4.2857,80.5,DEGRADED,F2,2,1,electrical_overcurrent,0.3,1,1,,,,,2,0
2026-08-19T17:08:34.901Z,1787159314901,FAN_DT_001_F2_S03_R01_20260819T170351,1,283.508,FAULT_ACTIVE,F2,0.3,FAN_DT_001,3.0,process-model-3.0.0-build3,571,1,LIVE,SYNCHRONISED,AUTOMATIC,NORMAL,65,1950,1950,0,145,151,0.3,0.3,24.92665,39.38,1.197,1.165,0.0254,0,242.28,18.463,0.00686,1,0.18,2.832,4.3019,80.5,DEGRADED,F2,2,1,electrical_overcurrent,0.3,1,1,,,,,2,0
2026-08-19T17:08:35.942Z,1787159315942,FAN_DT_001_F2_S03_R01_20260819T170351,1,284.548,FAULT_ACTIVE,F2,0.3,FAN_DT_001,3.0,process-model-3.0.0-build3,572,1,LIVE,SYNCHRONISED,AUTOMATIC,NORMAL,65,1950,1950,0,145,151,0.3,0.3,24.90842,39.37,1.197,1.165,0.0254,0,242.28,18.5324,0.00705,1,0.18,2.912,4.318,80.5,DEGRADED,F2,2,1,electrical_overcurrent,0.3,1,1,,,,,2,0
2026-08-19T17:08:36.965Z,1787159316965,FAN_DT_001_F2_S03_R01_20260819T170351,1,285.571,FAULT_ACTIVE,F2,0.3,FAN_DT_001,3.0,process-model-3.0.0-build3,573,1,LIVE,SYNCHRONISED,AUTOMATIC,NORMAL,65,1950,1950,0,145,151,0.3,0.3,24.89027,39.37,1.197,1.165,0.0254,0,242.28,18.6016,0.00722,1,0.18,2.982,4.3342,80.5,DEGRADED,F2,2,1,electrical_overcurrent,0.3,1,1,,,,,2,0
2026-08-19T17:08:38.036Z,1787159318036,FAN_DT_001_F2_S03_R01_20260819T170351,1,286.643,FAULT_ACTIVE,F2,0.3,FAN_DT_001,3.0,process-model-3.0.0-build3,574,1,LIVE,SYNCHRONISED,AUTOMATIC,NORMAL,65,1950,1950,0,145,151,0.3,0.3,24.87215,39.36,1.197,1.165,0.0254,0,242.28,18.671,0.00739,1,0.18,3.05,4.3503,80.5,DEGRADED,F2,2,1,electrical_overcurrent,0.3,1,1,,,,,2,0
2026-08-19T17:08:39.039Z,1787159319039,FAN_DT_001_F2_S03_R01_20260819T170351,1,287.645,FAULT_ACTIVE,F2,0.3,FAN_DT_001,3.0,process-model-3.0.0-build3,575,1,LIVE,SYNCHRONISED,AUTOMATIC,NORMAL,65,1950,1950,0,145,151,0.3,0.3,24.85386,39.35,1.197,1.165,0.0254,0,242.28,18.7413,0.00757,1,0.18,3.124,4.3667,80.5,DEGRADED,F2,2,1,electrical_overcurrent,0.3,1,1,,,,,2,0
2026-08-19T17:08:40.075Z,1787159320075,FAN_DT_001_F2_S03_R01_20260819T170351,1,288.681,FAULT_ACTIVE,F2,0.3,FAN_DT_001,3.0,process-model-3.0.0-build3,576,1,LIVE,SYNCHRONISED,AUTOMATIC,NORMAL,65,1950,1950,0,145,151,0.3,0.3,24.83599,39.34,1.197,1.165,0.0254,0,242.28,18.8102,0.00775,1,0.18,3.199,4.3828,80.5,DEGRADED,F2,2,1,electrical_overcurrent,0.3,1,1,,,,,2,0
2026-08-19T17:08:41.107Z,1787159321107,FAN_DT_001_F2_S03_R01_20260819T170351,1,289.714,FAULT_ACTIVE,F2,0.3,FAN_DT_001,3.0,process-model-3.0.0-build3,577,1,LIVE,SYNCHRONISED,AUTOMATIC,NORMAL,65,1950,1950,0,145,151,0.3,0.3,24.81802,39.33,1.197,1.165,0.0254,0,242.28,18.8799,0.00789,1,0.18,3.258,4.399,80.5,DEGRADED,F2,2,1,electrical_overcurrent,0.3,1,1,,,,,2,0
2026-08-19T17:08:42.156Z,1787159322156,FAN_DT_001_F2_S03_R01_20260819T170351,1,290.763,FAULT_ACTIVE,F2,0.3,FAN_DT_001,3.0,process-model-3.0.0-build3,578,1,LIVE,SYNCHRONISED,AUTOMATIC,NORMAL,65,1950,1950,0,145,151,0.3,0.3,24.80027,39.33,1.197,1.165,0.0254,0,242.28,18.9491,0.00807,1,0.18,3.332,4.4151,80.5,DEGRADED,F2,2,1,electrical_overcurrent,0.3,1,1,,,,,2,0
2026-08-19T17:08:43.169Z,1787159323169,FAN_DT_001_F2_S03_R01_20260819T170351,1,291.776,FAULT_ACTIVE,F2,0.3,FAN_DT_001,3.0,process-model-3.0.0-build3,579,1,LIVE,SYNCHRONISED,AUTOMATIC,NORMAL,65,1950,1950,0,145,151,0.3,0.3,24.78253,39.32,1.197,1.165,0.0254,0,242.28,19.0187,0.00821,1,0.18,3.387,4.4314,80.5,DEGRADED,F2,2,1,electrical_overcurrent,0.3,1,1,,,,,2,0
2026-08-19T17:08:44.203Z,1787159324203,FAN_DT_001_F2_S03_R01_20260819T170351,1,292.81,FAULT_ACTIVE,F2,0.3,FAN_DT_001,3.0,process-model-3.0.0-build3,580,1,LIVE,SYNCHRONISED,AUTOMATIC,NORMAL,65,1950,1950,0,145,151,0.3,0.3,24.76497,39.31,1.197,1.165,0.0254,0,242.28,19.088,0.00836,1,0.18,3.449,4.4475,80.5,DEGRADED,F2,2,1,electrical_overcurrent,0.3,1,1,,,,,2,0
2026-08-19T17:08:45.240Z,1787159325240,FAN_DT_001_F2_S03_R01_20260819T170351,1,293.846,FAULT_ACTIVE,F2,0.3,FAN_DT_001,3.0,process-model-3.0.0-build3,581,1,LIVE,SYNCHRONISED,AUTOMATIC,NORMAL,65,1950,1950,0,145,151,0.3,0.3,24.74744,39.3,1.197,1.165,0.0254,0,242.28,19.1577,0.00851,1,0.18,3.511,4.4637,80.5,DEGRADED,F2,2,1,electrical_overcurrent,0.3,1,1,,,,,2,0
2026-08-19T17:08:46.271Z,1787159326271,FAN_DT_001_F2_S03_R01_20260819T170351,1,294.877,FAULT_ACTIVE,F2,0.3,FAN_DT_001,3.0,process-model-3.0.0-build3,582,1,LIVE,SYNCHRONISED,AUTOMATIC,NORMAL,65,1950,1950,0,145,151,0.3,0.3,24.73015,39.29,1.197,1.165,0.0254,0,242.28,19.2269,0.00864,1,0.18,3.567,4.4799,80.5,DEGRADED,F2,2,1,electrical_overcurrent,0.3,1,1,,,,,2,0
2026-08-19T17:08:47.301Z,1787159327301,FAN_DT_001_F2_S03_R01_20260819T170351,1,295.908,FAULT_ACTIVE,F2,0.3,FAN_DT_001,3.0,process-model-3.0.0-build3,583,1,LIVE,SYNCHRONISED,AUTOMATIC,NORMAL,65,1950,1950,0,145,151,0.3,0.3,24.71294,39.28,1.197,1.165,0.0254,0,242.28,19.2964,0.00878,1,0.18,3.624,4.4961,80.5,DEGRADED,F2,2,1,electrical_overcurrent,0.3,1,1,,,,,2,0
2026-08-19T17:08:48.331Z,1787159328331,FAN_DT_001_F2_S03_R01_20260819T170351,1,296.939,FAULT_ACTIVE,F2,0.3,FAN_DT_001,3.0,process-model-3.0.0-build3,584,1,LIVE,SYNCHRONISED,AUTOMATIC,NORMAL,65,1950,1950,0,145,151,0.3,0.3,24.69599,39.27,1.197,1.165,0.0254,0,242.28,19.3655,0.00893,1,0.18,3.686,4.5122,80.5,DEGRADED,F2,2,1,electrical_overcurrent,0.3,1,1,,,,,2,0
2026-08-19T17:08:49.397Z,1787159329397,FAN_DT_001_F2_S03_R01_20260819T170351,1,298.004,FAULT_ACTIVE,F2,0.3,FAN_DT_001,3.0,process-model-3.0.0-build3,585,1,LIVE,SYNCHRONISED,AUTOMATIC,NORMAL,65,1950,1950,0,145,151,0.3,0.3,24.6791,39.26,1.197,1.165,0.0254,0,242.28,19.4349,0.00905,1,0.18,3.736,4.5283,80.5,DEGRADED,F2,2,1,electrical_overcurrent,0.3,1,1,,,,,2,0
2026-08-19T17:08:50.398Z,1787159330398,FAN_DT_001_F2_S03_R01_20260819T170351,1,299.006,FAULT_ACTIVE,F2,0.3,FAN_DT_001,3.0,process-model-3.0.0-build3,586,1,LIVE,SYNCHRONISED,AUTOMATIC,NORMAL,65,1950,1950,0,145,151,0.3,0.3,24.66241,39.25,1.197,1.165,0.0254,0,242.28,19.5042,0.00916,1,0.18,3.781,4.5445,80.5,DEGRADED,F2,2,1,electrical_overcurrent,0.3,1,1,,,,,2,0
2026-08-19T17:08:51.426Z,1787159331426,FAN_DT_001_F2_S03_R01_20260819T170351,1,300.033,FAULT_ACTIVE,F2,0.3,FAN_DT_001,3.0,process-model-3.0.0-build3,587,1,LIVE,SYNCHRONISED,AUTOMATIC,NORMAL,65,1950,1950,0,145,151,0.3,0.3,24.64591,39.24,1.197,1.165,0.0254,0,242.28,19.5735,0.00926,1,0.18,3.824,4.5606,80.5,DEGRADED,F2,2,1,electrical_overcurrent,0.3,1,1,,,,,2,0
2026-08-19T17:08:52.468Z,1787159332468,FAN_DT_001_F2_S03_R01_20260819T170351,1,301.075,FAULT_ACTIVE,F2,0.3,FAN_DT_001,3.0,process-model-3.0.0-build3,588,1,LIVE,SYNCHRONISED,AUTOMATIC,NORMAL,65,1950,1950,0,145,151,0.3,0.3,24.62953,39.24,1.197,1.165,0.0254,0,242.28,19.6431,0.00938,1,0.18,3.87,4.5768,80.5,DEGRADED,F2,2,1,electrical_overcurrent,0.3,1,1,,,,,2,0
2026-08-19T17:08:53.493Z,1787159333493,FAN_DT_001_F2_S03_R01_20260819T170351,1,302.099,FAULT_ACTIVE,F2,0.3,FAN_DT_001,3.0,process-model-3.0.0-build3,589,1,LIVE,SYNCHRONISED,AUTOMATIC,NORMAL,65,1950,1950,0,145,151,0.3,0.3,24.61344,39.23,1.197,1.165,0.0254,0,242.28,19.7122,0.00951,1,0.18,3.924,4.5929,80.5,DEGRADED,F2,2,1,electrical_overcurrent,0.3,1,1,,,,,2,0
2026-08-19T17:08:54.535Z,1787159334535,FAN_DT_001_F2_S03_R01_20260819T170351,1,303.148,FAULT_ACTIVE,F2,0.3,FAN_DT_001,3.0,process-model-3.0.0-build3,590,1,LIVE,SYNCHRONISED,AUTOMATIC,NORMAL,65,1950,1950,0,145,151,0.3,0.3,24.59739,39.22,1.197,1.165,0.0254,0,242.28,19.7821,0.0096,1,0.18,3.961,4.6092,80.5,DEGRADED,F2,2,1,electrical_overcurrent,0.3,1,1,,,,,2,0
2026-08-19T17:08:55.565Z,1787159335565,FAN_DT_001_F2_S03_R01_20260819T170351,1,304.173,FAULT_ACTIVE,F2,0.3,FAN_DT_001,3.0,process-model-3.0.0-build3,591,1,LIVE,SYNCHRONISED,AUTOMATIC,NORMAL,65,1950,1950,0,145,151,0.3,0.3,24.58167,39.21,1.197,1.165,0.0254,0,242.28,19.8514,0.00968,1,0.18,3.997,4.6254,80.5,DEGRADED,F2,2,1,electrical_overcurrent,0.3,1,1,,,,,2,0
2026-08-19T17:08:56.595Z,1787159336595,FAN_DT_001_F2_S03_R01_20260819T170351,1,305.202,FAULT_ACTIVE,F2,0.3,FAN_DT_001,3.0,process-model-3.0.0-build3,592,1,LIVE,SYNCHRONISED,AUTOMATIC,NORMAL,65,1950,1950,0,145,151,0.3,0.3,24.56609,39.2,1.197,1.165,0.0254,0,242.28,19.9211,0.0098,1,0.18,4.043,4.6416,80.5,DEGRADED,F2,2,1,electrical_overcurrent,0.3,1,1,,,,,2,0
2026-08-19T17:08:57.631Z,1787159337631,FAN_DT_001_F2_S03_R01_20260819T170351,1,306.242,FAULT_ACTIVE,F2,0.3,FAN_DT_001,3.0,process-model-3.0.0-build3,593,1,LIVE,SYNCHRONISED,AUTOMATIC,NORMAL,65,1950,1950,0,145,151,0.3,0.3,24.55085,39.19,1.197,1.165,0.0254,0,242.28,19.9903,0.00985,1,0.18,4.068,4.6577,80.5,DEGRADED,F2,2,1,electrical_overcurrent,0.3,1,1,,,,,2,0
2026-08-19T17:08:58.663Z,1787159338663,FAN_DT_001_F2_S03_R01_20260819T170351,1,307.269,FAULT_ACTIVE,F2,0.3,FAN_DT_001,3.0,process-model-3.0.0-build3,594,1,LIVE,SYNCHRONISED,AUTOMATIC,NORMAL,65,1950,1950,0,145,151,0.3,0.3,24.53576,39.17,1.197,1.165,0.0254,0,242.28,20.0599,0.00996,1,0.18,4.111,4.674,80.5,DEGRADED,F2,2,1,electrical_overcurrent,0.3,1,1,,,,,2,0
2026-08-19T17:08:59.701Z,1787159339701,FAN_DT_001_F2_S03_R01_20260819T170351,1,308.308,FAULT_ACTIVE,F2,0.3,FAN_DT_001,3.0,process-model-3.0.0-build3,595,1,LIVE,SYNCHRONISED,AUTOMATIC,NORMAL,65,1950,1950,0,145,151,0.3,0.3,24.52097,39.16,1.197,1.165,0.0254,0,242.28,20.1292,0.01003,1,0.18,4.139,4.6901,80.5,DEGRADED,F2,2,1,electrical_overcurrent,0.3,1,1,,,,,2,0
2026-08-19T17:09:00.729Z,1787159340729,FAN_DT_001_F2_S03_R01_20260819T170351,1,309.335,FAULT_ACTIVE,F2,0.3,FAN_DT_001,3.0,process-model-3.0.0-build3,596,1,LIVE,SYNCHRONISED,AUTOMATIC,NORMAL,65,1950,1950,0,145,151,0.3,0.3,24.50637,39.15,1.197,1.165,0.0254,0,242.28,20.1988,0.01008,1,0.18,4.161,4.7063,80.5,DEGRADED,F2,2,1,electrical_overcurrent,0.3,1,1,,,,,2,0
2026-08-19T17:09:01.759Z,1787159341759,FAN_DT_001_F2_S03_R01_20260819T170351,1,310.366,FAULT_ACTIVE,F2,0.3,FAN_DT_001,3.0,process-model-3.0.0-build3,597,1,LIVE,SYNCHRONISED,AUTOMATIC,NORMAL,65,1950,1950,0,145,151,0.3,0.3,24.49215,39.14,1.197,1.165,0.0254,0,242.28,20.2678,0.01014,1,0.18,4.187,4.7224,80.5,DEGRADED,F2,2,1,electrical_overcurrent,0.3,1,1,,,,,2,0
2026-08-19T17:09:02.791Z,1787159342791,FAN_DT_001_F2_S03_R01_20260819T170351,1,311.397,FAULT_ACTIVE,F2,0.3,FAN_DT_001,3.0,process-model-3.0.0-build3,598,1,LIVE,SYNCHRONISED,AUTOMATIC,NORMAL,65,1950,1950,0,145,151,0.3,0.3,24.47813,39.13,1.197,1.165,0.0254,0,242.28,20.3372,0.0102,1,0.18,4.211,4.7386,80.5,DEGRADED,F2,2,1,electrical_overcurrent,0.3,1,1,,,,,2,0
2026-08-19T17:09:03.835Z,1787159343835,FAN_DT_001_F2_S03_R01_20260819T170351,1,312.442,FAULT_ACTIVE,F2,0.3,FAN_DT_001,3.0,process-model-3.0.0-build3,599,1,LIVE,SYNCHRONISED,AUTOMATIC,NORMAL,65,1950,1950,0,145,151,0.3,0.3,24.46437,39.12,1.197,1.165,0.0254,0,242.28,20.4066,0.01026,1,0.18,4.234,4.7547,80.5,DEGRADED,F2,2,1,electrical_overcurrent,0.3,1,1,,,,,2,0
2026-08-19T17:09:04.857Z,1787159344857,FAN_DT_001_F2_S03_R01_20260819T170351,1,313.464,FAULT_ACTIVE,F2,0.3,FAN_DT_001,3.0,process-model-3.0.0-build3,600,1,LIVE,SYNCHRONISED,AUTOMATIC,NORMAL,65,1950,1950,0,145,151,0.3,0.3,24.45091,39.11,1.197,1.165,0.0254,0,242.28,20.4759,0.0103,1,0.18,4.253,4.7709,80.5,DEGRADED,F2,2,1,electrical_overcurrent,0.3,1,1,,,,,2,0
2026-08-19T17:09:05.937Z,1787159345937,FAN_DT_001_F2_S03_R01_20260819T170351,1,314.544,FAULT_ACTIVE,F2,0.3,FAN_DT_001,3.0,process-model-3.0.0-build3,601,1,LIVE,SYNCHRONISED,AUTOMATIC,NORMAL,65,1950,1950,0,145,151,0.3,0.3,24.43767,39.1,1.197,1.165,0.0254,0,242.28,20.5456,0.01035,1,0.18,4.272,4.7871,80.5,DEGRADED,F2,2,1,electrical_overcurrent,0.3,1,1,,,,,2,0
2026-08-19T17:09:06.923Z,1787159346923,FAN_DT_001_F2_S03_R01_20260819T170351,1,315.529,FAULT_ACTIVE,F2,0.3,FAN_DT_001,3.0,process-model-3.0.0-build3,602,1,LIVE,SYNCHRONISED,AUTOMATIC,NORMAL,65,1950,1950,0,145,151,0.3,0.3,24.42483,39.09,1.197,1.165,0.0254,0,242.28,20.6147,0.01039,1,0.18,4.288,4.8032,80.5,DEGRADED,F2,2,1,electrical_overcurrent,0.3,1,1,,,,,2,0
2026-08-19T17:09:07.954Z,1787159347954,FAN_DT_001_F2_S03_R01_20260819T170351,1,316.561,FAULT_ACTIVE,F2,0.3,FAN_DT_001,3.0,process-model-3.0.0-build3,603,1,LIVE,SYNCHRONISED,AUTOMATIC,NORMAL,65,1950,1950,0,145,151,0.3,0.3,24.4122,39.08,1.197,1.165,0.0254,0,242.28,20.6844,0.01042,1,0.18,4.299,4.8195,80.5,DEGRADED,F2,2,1,electrical_overcurrent,0.3,1,1,,,,,2,0
2026-08-19T17:09:08.983Z,1787159348983,FAN_DT_001_F2_S03_R01_20260819T170351,1,317.589,FAULT_ACTIVE,F2,0.3,FAN_DT_001,3.0,process-model-3.0.0-build3,604,1,LIVE,SYNCHRONISED,AUTOMATIC,NORMAL,65,1950,1950,0,145,151,0.3,0.3,24.39999,39.07,1.197,1.165,0.0254,0,242.28,20.7534,0.01045,1,0.18,4.315,4.8355,80.5,DEGRADED,F2,2,1,electrical_overcurrent,0.3,1,1,,,,,2,0
2026-08-19T17:09:10.014Z,1787159350014,FAN_DT_001_F2_S03_R01_20260819T170351,1,318.621,FAULT_ACTIVE,F2,0.3,FAN_DT_001,3.0,process-model-3.0.0-build3,605,1,LIVE,SYNCHRONISED,AUTOMATIC,NORMAL,65,1950,1950,0,145,151,0.3,0.3,24.38803,39.06,1.197,1.165,0.0254,0,242.28,20.8227,0.01047,1,0.18,4.324,4.8517,80.5,DEGRADED,F2,2,1,electrical_overcurrent,0.3,1,1,,,,,2,0
2026-08-19T17:09:11.050Z,1787159351050,FAN_DT_001_F2_S03_R01_20260819T170351,1,319.656,FAULT_ACTIVE,F2,0.3,FAN_DT_001,3.0,process-model-3.0.0-build3,606,1,LIVE,SYNCHRONISED,AUTOMATIC,NORMAL,65,1950,1950,0,145,151,0.3,0.3,24.37639,39.05,1.197,1.165,0.0254,0,242.28,20.8921,0.01049,1,0.18,4.33,4.8678,80.5,DEGRADED,F2,2,1,electrical_overcurrent,0.3,1,1,,,,,2,0
2026-08-19T17:09:12.125Z,1787159352125,FAN_DT_001_F2_S03_R01_20260819T170351,1,320.732,FAULT_ACTIVE,F2,0.3,FAN_DT_001,3.0,process-model-3.0.0-build3,607,1,LIVE,SYNCHRONISED,AUTOMATIC,NORMAL,65,1950,1950,0,145,151,0.3,0.3,24.36504,39.04,1.197,1.165,0.0254,0,242.28,20.9616,0.01047,1,0.18,4.324,4.8841,80.5,DEGRADED,F2,2,1,electrical_overcurrent,0.3,1,1,,,,,2,0
2026-08-19T17:09:13.139Z,1787159353139,FAN_DT_001_F2_S03_R01_20260819T170351,1,321.746,FAULT_ACTIVE,F2,0.3,FAN_DT_001,3.0,process-model-3.0.0-build3,608,1,LIVE,SYNCHRONISED,AUTOMATIC,NORMAL,65,1950,1950,0,145,151,0.3,0.3,24.35404,39.03,1.197,1.165,0.0254,0,242.28,21.0312,0.01049,1,0.18,4.33,4.9003,80.5,DEGRADED,F2,2,1,electrical_overcurrent,0.3,1,1,,,,,2,0
2026-08-19T17:09:14.157Z,1787159354157,FAN_DT_001_F2_S03_R01_20260819T170351,1,322.763,FAULT_ACTIVE,F2,0.3,FAN_DT_001,3.0,process-model-3.0.0-build3,609,1,LIVE,SYNCHRONISED,AUTOMATIC,NORMAL,65,1950,1950,0,145,151,0.3,0.3,24.3434,39.02,1.197,1.165,0.0254,0,242.28,21.1006,0.01048,1,0.18,4.327,4.9164,80.5,DEGRADED,F2,2,1,electrical_overcurrent,0.3,1,1,,,,,2,0
2026-08-19T17:09:15.183Z,1787159355183,FAN_DT_001_F2_S03_R01_20260819T170351,1,323.789,FAULT_ACTIVE,F2,0.3,FAN_DT_001,3.0,process-model-3.0.0-build3,610,1,LIVE,SYNCHRONISED,AUTOMATIC,NORMAL,65,1950,1950,0,145,151,0.3,0.3,24.33307,39,1.197,1.165,0.0254,0,242.28,21.1701,0.01047,1,0.18,4.321,4.9326,80.5,DEGRADED,F2,2,1,electrical_overcurrent,0.3,1,1,,,,,2,0
2026-08-19T17:09:16.221Z,1787159356221,FAN_DT_001_F2_S03_R01_20260819T170351,1,324.827,FAULT_ACTIVE,F2,0.3,FAN_DT_001,3.0,process-model-3.0.0-build3,611,1,LIVE,SYNCHRONISED,AUTOMATIC,NORMAL,65,1950,1950,0,145,151,0.3,0.3,24.32314,38.99,1.197,1.165,0.0254,0,242.28,21.2395,0.01045,1,0.18,4.315,4.9488,80.5,DEGRADED,F2,2,1,electrical_overcurrent,0.3,1,1,,,,,2,0
2026-08-19T17:09:17.250Z,1787159357250,FAN_DT_001_F2_S03_R01_20260819T170351,1,325.857,FAULT_ACTIVE,F2,0.3,FAN_DT_001,3.0,process-model-3.0.0-build3,612,1,LIVE,SYNCHRONISED,AUTOMATIC,NORMAL,65,1950,1950,0,145,151,0.3,0.3,24.31352,38.98,1.197,1.165,0.0254,0,242.28,21.309,0.01044,1,0.18,4.311,4.965,80.5,DEGRADED,F2,2,1,electrical_overcurrent,0.3,1,1,,,,,2,0
2026-08-19T17:09:18.289Z,1787159358289,FAN_DT_001_F2_S03_R01_20260819T170351,1,326.896,FAULT_ACTIVE,F2,0.3,FAN_DT_001,3.0,process-model-3.0.0-build3,613,1,LIVE,SYNCHRONISED,AUTOMATIC,NORMAL,65,1950,1950,0,145,151,0.3,0.3,24.30429,38.97,1.197,1.165,0.0254,0,242.28,21.3784,0.01043,1,0.18,4.306,4.9812,80.5,DEGRADED,F2,2,1,electrical_overcurrent,0.3,1,1,,,,,2,0
2026-08-19T17:09:19.316Z,1787159359316,FAN_DT_001_F2_S03_R01_20260819T170351,1,327.922,FAULT_ACTIVE,F2,0.3,FAN_DT_001,3.0,process-model-3.0.0-build3,614,1,LIVE,SYNCHRONISED,AUTOMATIC,NORMAL,65,1950,1950,0,145,151,0.3,0.3,24.29547,38.96,1.197,1.165,0.0254,0,242.28,21.4474,0.01039,1,0.18,4.29,4.9973,80.5,DEGRADED,F2,2,1,electrical_overcurrent,0.3,1,1,,,,,2,0
2026-08-19T17:09:20.344Z,1787159360344,FAN_DT_001_F2_S03_R01_20260819T170351,1,328.95,FAULT_ACTIVE,F2,0.3,FAN_DT_001,3.0,process-model-3.0.0-build3,615,1,LIVE,SYNCHRONISED,AUTOMATIC,NORMAL,65,1950,1950,0,145,151,0.3,0.3,24.28696,38.95,1.197,1.165,0.0254,0,242.28,21.517,0.01035,1,0.18,4.274,5.0134,80.5,DEGRADED,F2,2,1,electrical_overcurrent,0.3,1,1,,,,,2,0
2026-08-19T17:09:21.383Z,1787159361383,FAN_DT_001_F2_S03_R01_20260819T170351,1,329.99,FAULT_ACTIVE,F2,0.3,FAN_DT_001,3.0,process-model-3.0.0-build3,616,1,LIVE,SYNCHRONISED,AUTOMATIC,NORMAL,65,1950,1950,0,145,151,0.3,0.3,24.27885,38.94,1.197,1.165,0.0254,0,242.28,21.5862,0.01031,1,0.18,4.255,5.0296,80.5,DEGRADED,F2,2,1,electrical_overcurrent,0.3,1,1,,,,,2,0
2026-08-19T17:09:22.460Z,1787159362460,FAN_DT_001_F2_S03_R01_20260819T170351,1,331.067,FAULT_ACTIVE,F2,0.3,FAN_DT_001,3.0,process-model-3.0.0-build3,617,1,LIVE,SYNCHRONISED,AUTOMATIC,NORMAL,65,1950,1950,0,145,151,0.3,0.3,24.27108,38.93,1.197,1.165,0.0254,0,242.28,21.6558,0.01026,1,0.18,4.236,5.0458,80.5,DEGRADED,F2,2,1,electrical_overcurrent,0.3,1,1,,,,,2,0
2026-08-19T17:09:23.472Z,1787159363472,FAN_DT_001_F2_S03_R01_20260819T170351,1,332.078,FAULT_ACTIVE,F2,0.3,FAN_DT_001,3.0,process-model-3.0.0-build3,618,1,LIVE,SYNCHRONISED,AUTOMATIC,NORMAL,65,1950,1950,0,145,151,0.3,0.3,24.26375,38.92,1.197,1.165,0.0254,0,242.28,21.7249,0.0102,1,0.18,4.21,5.0619,80.5,DEGRADED,F2,2,1,electrical_overcurrent,0.3,1,1,,,,,2,0
2026-08-19T17:09:24.479Z,1787159364479,FAN_DT_001_F2_S03_R01_20260819T170351,1,333.085,FAULT_ACTIVE,F2,0.3,FAN_DT_001,3.0,process-model-3.0.0-build3,619,1,LIVE,SYNCHRONISED,AUTOMATIC,NORMAL,65,1950,1950,0,145,151,0.3,0.3,24.25677,38.91,1.197,1.165,0.0254,0,242.28,21.7943,0.01016,1,0.18,4.195,5.0781,80.5,DEGRADED,F2,2,1,electrical_overcurrent,0.3,1,1,,,,,2,0
2026-08-19T17:09:25.506Z,1787159365506,FAN_DT_001_F2_S03_R01_20260819T170351,1,334.112,FAULT_ACTIVE,F2,0.3,FAN_DT_001,3.0,process-model-3.0.0-build3,620,1,LIVE,SYNCHRONISED,AUTOMATIC,NORMAL,65,1950,1950,0,145,151,0.3,0.3,24.25018,38.9,1.197,1.165,0.0254,0,242.28,21.8638,0.01008,1,0.18,4.162,5.0943,80.5,DEGRADED,F2,2,1,electrical_overcurrent,0.3,1,1,,,,,2,0
2026-08-19T17:09:26.543Z,1787159366543,FAN_DT_001_F2_S03_R01_20260819T170351,1,335.15,FAULT_ACTIVE,F2,0.3,FAN_DT_001,3.0,process-model-3.0.0-build3,621,1,LIVE,SYNCHRONISED,AUTOMATIC,NORMAL,65,1950,1950,0,145,151,0.3,0.3,24.244,38.89,1.197,1.165,0.0254,0,242.28,21.933,0.01001,1,0.18,4.13,5.1104,80.5,DEGRADED,F2,2,1,electrical_overcurrent,0.3,1,1,,,,,2,0
2026-08-19T17:09:27.573Z,1787159367573,FAN_DT_001_F2_S03_R01_20260819T170351,1,336.179,FAULT_ACTIVE,F2,0.3,FAN_DT_001,3.0,process-model-3.0.0-build3,622,1,LIVE,SYNCHRONISED,AUTOMATIC,NORMAL,65,1950,1950,0,145,151,0.3,0.3,24.23819,38.88,1.197,1.165,0.0254,0,242.28,22.0025,0.00993,1,0.18,4.099,5.1266,80.5,DEGRADED,F2,2,1,electrical_overcurrent,0.3,1,1,,,,,2,0
2026-08-19T17:09:28.609Z,1787159368609,FAN_DT_001_F2_S03_R01_20260819T170351,1,337.217,FAULT_ACTIVE,F2,0.3,FAN_DT_001,3.0,process-model-3.0.0-build3,623,1,LIVE,SYNCHRONISED,AUTOMATIC,NORMAL,65,1950,1950,0,145,151,0.3,0.3,24.23281,38.87,1.197,1.165,0.0254,0,242.28,22.0717,0.00987,1,0.18,4.075,5.1427,80.5,DEGRADED,F2,2,1,electrical_overcurrent,0.3,1,1,,,,,2,0
2026-08-19T17:09:29.642Z,1787159369642,FAN_DT_001_F2_S03_R01_20260819T170351,1,338.248,FAULT_ACTIVE,F2,0.3,FAN_DT_001,3.0,process-model-3.0.0-build3,624,1,LIVE,SYNCHRONISED,AUTOMATIC,NORMAL,65,1950,1950,0,145,151,0.3,0.3,24.22781,38.86,1.197,1.165,0.0254,0,242.28,22.1413,0.00978,1,0.18,4.036,5.1589,80.5,DEGRADED,F2,2,1,electrical_overcurrent,0.3,1,1,,,,,2,0
2026-08-19T17:09:30.670Z,1787159370670,FAN_DT_001_F2_S03_R01_20260819T170351,1,339.277,FAULT_ACTIVE,F2,0.3,FAN_DT_001,3.0,process-model-3.0.0-build3,625,1,LIVE,SYNCHRONISED,AUTOMATIC,NORMAL,65,1950,1950,0,145,151,0.3,0.3,24.22324,38.85,1.197,1.165,0.0254,0,242.28,22.2104,0.00968,1,0.18,3.996,5.175,80.5,DEGRADED,F2,2,1,electrical_overcurrent,0.3,1,1,,,,,2,0
2026-08-19T17:09:31.700Z,1787159371700,FAN_DT_001_F2_S03_R01_20260819T170351,1,340.306,FAULT_ACTIVE,F2,0.3,FAN_DT_001,3.0,process-model-3.0.0-build3,626,1,LIVE,SYNCHRONISED,AUTOMATIC,NORMAL,65,1950,1950,0,145,151,0.3,0.3,24.21905,38.84,1.197,1.165,0.0254,0,242.28,22.2799,0.0096,1,0.18,3.961,5.1912,80.5,DEGRADED,F2,2,1,electrical_overcurrent,0.3,1,1,,,,,2,0
2026-08-19T17:09:32.739Z,1787159372739,FAN_DT_001_F2_S03_R01_20260819T170351,1,341.35,FAULT_ACTIVE,F2,0.3,FAN_DT_001,3.0,process-model-3.0.0-build3,627,1,LIVE,SYNCHRONISED,AUTOMATIC,NORMAL,65,1950,1950,0,145,151,0.3,0.3,24.21526,38.83,1.197,1.165,0.0254,0,242.28,22.3496,0.00949,1,0.18,3.918,5.2075,80.5,DEGRADED,F2,2,1,electrical_overcurrent,0.3,1,1,,,,,2,0
2026-08-19T17:09:33.768Z,1787159373768,FAN_DT_001_F2_S03_R01_20260819T170351,1,342.378,FAULT_ACTIVE,F2,0.3,FAN_DT_001,3.0,process-model-3.0.0-build3,628,1,LIVE,SYNCHRONISED,AUTOMATIC,NORMAL,65,1950,1950,0,145,151,0.3,0.3,24.21192,38.82,1.197,1.165,0.0254,0,242.28,22.4186,0.00937,1,0.18,3.869,5.2235,80.5,DEGRADED,F2,2,1,electrical_overcurrent,0.3,1,1,,,,,2,0
2026-08-19T17:09:34.802Z,1787159374802,FAN_DT_001_F2_S03_R01_20260819T170351,1,343.413,FAULT_ACTIVE,F2,0.3,FAN_DT_001,3.0,process-model-3.0.0-build3,629,1,LIVE,SYNCHRONISED,AUTOMATIC,NORMAL,65,1950,1950,0,145,151,0.3,0.3,24.20897,38.81,1.197,1.165,0.0254,0,242.28,22.4882,0.00926,1,0.18,3.824,5.2398,80.5,DEGRADED,F2,2,1,electrical_overcurrent,0.3,1,1,,,,,2,0
2026-08-19T17:09:35.832Z,1787159375832,FAN_DT_001_F2_S03_R01_20260819T170351,1,344.438,FAULT_ACTIVE,F2,0.3,FAN_DT_001,3.0,process-model-3.0.0-build3,630,1,LIVE,SYNCHRONISED,AUTOMATIC,NORMAL,65,1950,1950,0,145,151,0.3,0.3,24.20644,38.8,1.197,1.165,0.0254,0,242.28,22.5575,0.00916,1,0.18,3.781,5.2559,80.5,DEGRADED,F2,2,1,electrical_overcurrent,0.3,1,1,,,,,2,0
2026-08-19T17:09:36.869Z,1787159376869,FAN_DT_001_F2_S03_R01_20260819T170351,1,345.476,FAULT_ACTIVE,F2,0.3,FAN_DT_001,3.0,process-model-3.0.0-build3,631,1,LIVE,SYNCHRONISED,AUTOMATIC,NORMAL,65,1950,1950,0,145,151,0.3,0.3,24.20433,38.79,1.197,1.165,0.0254,0,242.28,22.627,0.00902,1,0.18,3.724,5.2721,80.5,DEGRADED,F2,2,1,electrical_overcurrent,0.3,1,1,,,,,2,0
2026-08-19T17:09:37.896Z,1787159377896,FAN_DT_001_F2_S03_R01_20260819T170351,1,346.502,FAULT_ACTIVE,F2,0.3,FAN_DT_001,3.0,process-model-3.0.0-build3,632,1,LIVE,SYNCHRONISED,AUTOMATIC,NORMAL,65,1950,1950,0,145,151,0.3,0.3,24.20263,38.78,1.197,1.165,0.0254,0,242.28,22.6964,0.0089,1,0.18,3.674,5.2883,80.5,DEGRADED,F2,2,1,electrical_overcurrent,0.3,1,1,,,,,2,0
2026-08-19T17:09:38.938Z,1787159378938,FAN_DT_001_F2_S03_R01_20260819T170351,1,347.546,FAULT_ACTIVE,F2,0.3,FAN_DT_001,3.0,process-model-3.0.0-build3,633,1,LIVE,SYNCHRONISED,AUTOMATIC,NORMAL,65,1950,1950,0,145,151,0.3,0.3,24.20136,38.77,1.197,1.165,0.0254,0,242.28,22.7657,0.00877,1,0.18,3.621,5.3044,80.5,DEGRADED,F2,2,1,electrical_overcurrent,0.3,1,1,,,,,2,0
2026-08-19T17:09:39.969Z,1787159379969,FAN_DT_001_F2_S03_R01_20260819T170351,1,348.579,FAULT_ACTIVE,F2,0.3,FAN_DT_001,3.0,process-model-3.0.0-build3,634,1,LIVE,SYNCHRONISED,AUTOMATIC,NORMAL,65,1950,1950,0,145,151,0.3,0.3,24.2005,38.76,1.197,1.165,0.0254,0,242.28,22.835,0.00866,1,0.18,3.574,5.3206,80.5,DEGRADED,F2,2,1,electrical_overcurrent,0.3,1,1,,,,,2,0
2026-08-19T17:09:40.994Z,1787159380994,FAN_DT_001_F2_S03_R01_20260819T170351,1,349.604,FAULT_ACTIVE,F2,0.3,FAN_DT_001,3.0,process-model-3.0.0-build3,635,1,LIVE,SYNCHRONISED,AUTOMATIC,NORMAL,65,1950,1950,0,145,151,0.3,0.3,24.20006,38.75,1.197,1.165,0.0254,0,242.28,22.9043,0.0085,1,0.18,3.507,5.3367,80.5,DEGRADED,F2,2,1,electrical_overcurrent,0.3,1,1,,,,,2,0
2026-08-19T17:09:42.030Z,1787159382030,FAN_DT_001_F2_S03_R01_20260819T170351,1,350.637,FAULT_ACTIVE,F2,0.3,FAN_DT_001,3.0,process-model-3.0.0-build3,636,1,LIVE,SYNCHRONISED,AUTOMATIC,NORMAL,65,1950,1950,0,145,151,0.3,0.3,24.20004,38.74,1.197,1.165,0.0254,0,242.28,22.9739,0.00837,1,0.18,3.456,5.3529,80.5,DEGRADED,F2,2,1,electrical_overcurrent,0.3,1,1,,,,,2,0
2026-08-19T17:09:43.061Z,1787159383061,FAN_DT_001_F2_S03_R01_20260819T170351,1,351.668,FAULT_ACTIVE,F2,0.3,FAN_DT_001,3.0,process-model-3.0.0-build3,637,1,LIVE,SYNCHRONISED,AUTOMATIC,NORMAL,65,1950,1950,0,145,151,0.3,0.3,24.20045,38.74,1.197,1.165,0.0254,0,242.28,23.0435,0.00822,1,0.18,3.393,5.3691,80.5,DEGRADED,F2,2,1,electrical_overcurrent,0.3,1,1,,,,,2,0
2026-08-19T17:09:44.103Z,1787159384103,FAN_DT_001_F2_S03_R01_20260819T170351,1,352.71,FAULT_ACTIVE,F2,0.3,FAN_DT_001,3.0,process-model-3.0.0-build3,638,1,LIVE,SYNCHRONISED,AUTOMATIC,NORMAL,65,1950,1950,0,145,151,0.3,0.3,24.20127,38.73,1.197,1.165,0.0254,0,242.28,23.1128,0.00807,1,0.18,3.329,5.3853,80.5,DEGRADED,F2,2,1,electrical_overcurrent,0.3,1,1,,,,,2,0
2026-08-19T17:09:45.129Z,1787159385129,FAN_DT_001_F2_S03_R01_20260819T170351,1,353.736,FAULT_ACTIVE,F2,0.3,FAN_DT_001,3.0,process-model-3.0.0-build3,639,1,LIVE,SYNCHRONISED,AUTOMATIC,NORMAL,65,1950,1950,0,145,151,0.3,0.3,24.20252,38.72,1.197,1.165,0.0254,0,242.28,23.1824,0.0079,1,0.18,3.262,5.4015,80.5,DEGRADED,F2,2,1,electrical_overcurrent,0.3,1,1,,,,,2,0
2026-08-19T17:09:46.165Z,1787159386165,FAN_DT_001_F2_S03_R01_20260819T170351,1,354.771,FAULT_ACTIVE,F2,0.3,FAN_DT_001,3.0,process-model-3.0.0-build3,640,1,LIVE,SYNCHRONISED,AUTOMATIC,NORMAL,65,1950,1950,0,145,151,0.3,0.3,24.20417,38.71,1.197,1.165,0.0254,0,242.28,23.2516,0.00775,1,0.18,3.197,5.4176,80.5,DEGRADED,F2,2,1,electrical_overcurrent,0.3,1,1,,,,,2,0
2026-08-19T17:09:47.199Z,1787159387199,FAN_DT_001_F2_S03_R01_20260819T170351,1,355.806,FAULT_ACTIVE,F2,0.3,FAN_DT_001,3.0,process-model-3.0.0-build3,641,1,LIVE,SYNCHRONISED,AUTOMATIC,NORMAL,65,1950,1950,0,145,151,0.3,0.3,24.20625,38.7,1.197,1.165,0.0254,0,242.28,23.3211,0.00757,1,0.18,3.124,5.4338,80.5,DEGRADED,F2,2,1,electrical_overcurrent,0.3,1,1,,,,,2,0
2026-08-19T17:09:48.237Z,1787159388237,FAN_DT_001_F2_S03_R01_20260819T170351,1,356.844,FAULT_ACTIVE,F2,0.3,FAN_DT_001,3.0,process-model-3.0.0-build3,642,1,LIVE,SYNCHRONISED,AUTOMATIC,NORMAL,65,1950,1950,0,145,151,0.3,0.3,24.20875,38.69,1.197,1.165,0.0254,0,242.28,23.3905,0.00742,1,0.18,3.062,5.45,80.5,DEGRADED,F2,2,1,electrical_overcurrent,0.3,1,1,,,,,2,0
2026-08-19T17:09:49.262Z,1787159389262,FAN_DT_001_F2_S03_R01_20260819T170351,1,357.869,FAULT_ACTIVE,F2,0.3,FAN_DT_001,3.0,process-model-3.0.0-build3,643,1,LIVE,SYNCHRONISED,AUTOMATIC,NORMAL,65,1950,1950,0,145,151,0.3,0.3,24.21165,38.69,1.197,1.165,0.0254,0,242.28,23.4597,0.00722,1,0.18,2.982,5.4661,80.5,DEGRADED,F2,2,1,electrical_overcurrent,0.3,1,1,,,,,2,0
2026-08-19T17:09:50.291Z,1787159390291,FAN_DT_001_F2_S03_R01_20260819T170351,1,358.899,FAULT_ACTIVE,F2,0.3,FAN_DT_001,3.0,process-model-3.0.0-build3,644,1,LIVE,SYNCHRONISED,AUTOMATIC,NORMAL,65,1950,1950,0,145,151,0.3,0.3,24.21498,38.68,1.197,1.165,0.0254,0,242.28,23.5292,0.00705,1,0.18,2.91,5.4823,80.5,DEGRADED,F2,2,1,electrical_overcurrent,0.3,1,1,,,,,2,0
2026-08-19T17:09:51.323Z,1787159391323,FAN_DT_001_F2_S03_R01_20260819T170351,1,359.93,FAULT_ACTIVE,F2,0.3,FAN_DT_001,3.0,process-model-3.0.0-build3,645,1,LIVE,SYNCHRONISED,AUTOMATIC,NORMAL,65,1950,1950,0,145,151,0.3,0.3,24.21872,38.67,1.197,1.165,0.0254,0,242.28,23.5985,0.00688,1,0.18,2.839,5.4985,80.5,DEGRADED,F2,2,1,electrical_overcurrent,0.3,1,1,,,,,2,0
2026-08-19T17:09:52.357Z,1787159392357,FAN_DT_001_F2_S03_R01_20260819T170351,1,360.963,FAULT_ACTIVE,F2,0.3,FAN_DT_001,3.0,process-model-3.0.0-build3,646,1,LIVE,SYNCHRONISED,AUTOMATIC,NORMAL,65,1950,1950,0,145,151,0.3,0.3,24.22286,38.67,1.197,1.165,0.0254,0,242.28,23.6678,0.0067,1,0.18,2.765,5.5146,80.5,DEGRADED,F2,2,1,electrical_overcurrent,0.3,1,1,,,,,2,0
2026-08-19T17:09:53.393Z,1787159393393,FAN_DT_001_F2_S03_R01_20260819T170351,1,361.999,FAULT_ACTIVE,F2,0.3,FAN_DT_001,3.0,process-model-3.0.0-build3,647,1,LIVE,SYNCHRONISED,AUTOMATIC,NORMAL,65,1950,1950,0,145,151,0.3,0.3,24.22743,38.66,1.197,1.165,0.0254,0,242.28,23.7375,0.00652,1,0.18,2.69,5.5308,80.5,DEGRADED,F2,2,1,electrical_overcurrent,0.3,1,1,,,,,2,0
2026-08-19T17:09:54.450Z,1787159394450,FAN_DT_001_F2_S03_R01_20260819T170351,1,363.057,FAULT_ACTIVE,F2,0.3,FAN_DT_001,3.0,process-model-3.0.0-build3,648,1,LIVE,SYNCHRONISED,AUTOMATIC,NORMAL,65,1950,1950,0,145,151,0.3,0.3,24.2324,38.65,1.197,1.165,0.0254,0,242.28,23.807,0.00631,1,0.18,2.605,5.547,80.5,DEGRADED,F2,2,1,electrical_overcurrent,0.3,1,1,,,,,2,0
2026-08-19T17:09:55.464Z,1787159395464,FAN_DT_001_F2_S03_R01_20260819T170351,1,364.07,FAULT_ACTIVE,F2,0.3,FAN_DT_001,3.0,process-model-3.0.0-build3,649,1,LIVE,SYNCHRONISED,AUTOMATIC,NORMAL,65,1950,1950,0,145,151,0.3,0.3,24.23779,38.65,1.197,1.165,0.0254,0,242.28,23.8767,0.00612,1,0.18,2.524,5.5633,80.5,DEGRADED,F2,2,1,electrical_overcurrent,0.3,1,1,,,,,2,0
2026-08-19T17:09:56.500Z,1787159396500,FAN_DT_001_F2_S03_R01_20260819T170351,1,365.106,FAULT_ACTIVE,F2,0.3,FAN_DT_001,3.0,process-model-3.0.0-build3,650,1,LIVE,SYNCHRONISED,AUTOMATIC,NORMAL,65,1950,1950,0,145,151,0.3,0.3,24.24356,38.64,1.197,1.165,0.0254,0,242.28,23.9462,0.00592,1,0.18,2.442,5.5795,80.5,DEGRADED,F2,2,1,electrical_overcurrent,0.3,1,1,,,,,2,0
2026-08-19T17:09:57.542Z,1787159397542,FAN_DT_001_F2_S03_R01_20260819T170351,1,366.149,FAULT_ACTIVE,F2,0.3,FAN_DT_001,3.0,process-model-3.0.0-build3,651,1,LIVE,SYNCHRONISED,AUTOMATIC,NORMAL,65,1950,1950,0,145,151,0.3,0.3,24.24972,38.63,1.197,1.165,0.0254,0,242.28,24.0154,0.00571,1,0.18,2.356,5.5956,80.5,DEGRADED,F2,2,1,electrical_overcurrent,0.3,1,1,,,,,2,0
2026-08-19T17:09:58.561Z,1787159398561,FAN_DT_001_F2_S03_R01_20260819T170351,1,367.167,FAULT_ACTIVE,F2,0.3,FAN_DT_001,3.0,process-model-3.0.0-build3,652,1,LIVE,SYNCHRONISED,AUTOMATIC,NORMAL,65,1950,1950,0,145,151,0.3,0.3,24.25628,38.63,1.197,1.165,0.0254,0,242.28,24.085,0.00551,1,0.18,2.274,5.6118,80.5,DEGRADED,F2,2,1,electrical_overcurrent,0.3,1,1,,,,,2,0
2026-08-19T17:09:59.595Z,1787159399595,FAN_DT_001_F2_S03_R01_20260819T170351,1,368.202,FAULT_ACTIVE,F2,0.3,FAN_DT_001,3.0,process-model-3.0.0-build3,653,1,LIVE,SYNCHRONISED,AUTOMATIC,NORMAL,65,1950,1950,0,145,151,0.3,0.3,24.26322,38.62,1.197,1.165,0.0254,0,242.28,24.1542,0.00532,1,0.18,2.195,5.6279,80.5,DEGRADED,F2,2,1,electrical_overcurrent,0.3,1,1,,,,,2,0
2026-08-19T17:10:00.631Z,1787159400631,FAN_DT_001_F2_S03_R01_20260819T170351,1,369.237,FAULT_ACTIVE,F2,0.3,FAN_DT_001,3.0,process-model-3.0.0-build3,654,1,LIVE,SYNCHRONISED,AUTOMATIC,NORMAL,65,1950,1950,0,145,151,0.3,0.3,24.27056,38.62,1.197,1.165,0.0254,0,242.28,24.2237,0.00511,1,0.18,2.107,5.6441,80.5,DEGRADED,F2,2,1,electrical_overcurrent,0.3,1,1,,,,,2,0
2026-08-19T17:10:01.665Z,1787159401665,FAN_DT_001_F2_S03_R01_20260819T170351,1,370.27,FAULT_ACTIVE,F2,0.3,FAN_DT_001,3.0,process-model-3.0.0-build3,655,1,LIVE,SYNCHRONISED,AUTOMATIC,NORMAL,65,1950,1950,0,145,151,0.3,0.3,24.27831,38.61,1.197,1.165,0.0254,0,242.28,24.2933,0.00487,1,0.18,2.008,5.6603,80.5,DEGRADED,F2,2,1,electrical_overcurrent,0.3,1,1,,,,,2,0
2026-08-19T17:10:02.700Z,1787159402700,FAN_DT_001_F2_S03_R01_20260819T170351,1,371.307,FAULT_ACTIVE,F2,0.3,FAN_DT_001,3.0,process-model-3.0.0-build3,656,1,LIVE,SYNCHRONISED,AUTOMATIC,NORMAL,65,1950,1950,0,145,151,0.3,0.3,24.28639,38.61,1.197,1.165,0.0254,0,242.28,24.3626,0.00466,1,0.18,1.923,5.6765,80.5,DEGRADED,F2,2,1,electrical_overcurrent,0.3,1,1,,,,,2,0
2026-08-19T17:10:03.728Z,1787159403728,FAN_DT_001_F2_S03_R01_20260819T170351,1,372.334,FAULT_ACTIVE,F2,0.3,FAN_DT_001,3.0,process-model-3.0.0-build3,657,1,LIVE,SYNCHRONISED,AUTOMATIC,NORMAL,65,1950,1950,0,145,151,0.3,0.3,24.29488,38.6,1.197,1.165,0.0254,0,242.28,24.4321,0.00445,1,0.18,1.837,5.6927,80.5,DEGRADED,F2,2,1,electrical_overcurrent,0.3,1,1,,,,,2,0
2026-08-19T17:10:04.759Z,1787159404759,FAN_DT_001_F2_S03_R01_20260819T170351,1,373.365,FAULT_ACTIVE,F2,0.3,FAN_DT_001,3.0,process-model-3.0.0-build3,658,1,LIVE,SYNCHRONISED,AUTOMATIC,NORMAL,65,1950,1950,0,145,151,0.3,0.3,24.30371,38.6,1.197,1.165,0.0254,0,242.28,24.5014,0.00422,1,0.18,1.741,5.7088,80.5,DEGRADED,F2,2,1,electrical_overcurrent,0.3,1,1,,,,,2,0
2026-08-19T17:10:05.819Z,1787159405819,FAN_DT_001_F2_S03_R01_20260819T170351,1,374.426,FAULT_ACTIVE,F2,0.3,FAN_DT_001,3.0,process-model-3.0.0-build3,659,1,LIVE,SYNCHRONISED,AUTOMATIC,NORMAL,65,1950,1950,0,145,151,0.3,0.3,24.31291,38.59,1.197,1.165,0.0254,0,242.28,24.5707,0.004,1,0.18,1.649,5.725,80.5,DEGRADED,F2,2,1,electrical_overcurrent,0.3,1,1,,,,,2,0
2026-08-19T17:10:06.837Z,1787159406837,FAN_DT_001_F2_S03_R01_20260819T170351,1,375.443,FAULT_ACTIVE,F2,0.3,FAN_DT_001,3.0,process-model-3.0.0-build3,660,1,LIVE,SYNCHRONISED,AUTOMATIC,NORMAL,65,1950,1950,0,145,151,0.3,0.3,24.3225,38.59,1.197,1.165,0.0254,0,242.28,24.6403,0.00379,1,0.18,1.562,5.7412,80.5,DEGRADED,F2,2,1,electrical_overcurrent,0.3,1,1,,,,,2,0
2026-08-19T17:10:07.859Z,1787159407859,FAN_DT_001_F2_S03_R01_20260819T170351,1,376.465,FAULT_ACTIVE,F2,0.3,FAN_DT_001,3.0,process-model-3.0.0-build3,661,1,LIVE,SYNCHRONISED,AUTOMATIC,NORMAL,65,1950,1950,0,145,151,0.3,0.3,24.33239,38.59,1.197,1.165,0.0254,0,242.28,24.7094,0.00355,1,0.18,1.466,5.7573,80.5,DEGRADED,F2,2,1,electrical_overcurrent,0.3,1,1,,,,,2,0
2026-08-19T17:10:08.892Z,1787159408892,FAN_DT_001_F2_S03_R01_20260819T170351,1,377.498,FAULT_ACTIVE,F2,0.3,FAN_DT_001,3.0,process-model-3.0.0-build3,662,1,LIVE,SYNCHRONISED,AUTOMATIC,NORMAL,65,1950,1950,0,145,151,0.3,0.3,24.34272,38.58,1.197,1.165,0.0254,0,242.28,24.7792,0.00333,1,0.18,1.374,5.7735,80.5,DEGRADED,F2,2,1,electrical_overcurrent,0.3,1,1,,,,,2,0
2026-08-19T17:10:09.933Z,1787159409933,FAN_DT_001_F2_S03_R01_20260819T170351,1,378.539,FAULT_ACTIVE,F2,0.3,FAN_DT_001,3.0,process-model-3.0.0-build3,663,1,LIVE,SYNCHRONISED,AUTOMATIC,NORMAL,65,1950,1950,0,145,151,0.3,0.3,24.35341,38.58,1.197,1.165,0.0254,0,242.28,24.849,0.00309,1,0.18,1.276,5.7898,80.5,DEGRADED,F2,2,1,electrical_overcurrent,0.3,1,1,,,,,2,0
2026-08-19T17:10:10.968Z,1787159410968,FAN_DT_001_F2_S03_R01_20260819T170351,1,379.574,FAULT_ACTIVE,F2,0.3,FAN_DT_001,3.0,process-model-3.0.0-build3,664,1,LIVE,SYNCHRONISED,AUTOMATIC,NORMAL,65,1950,1950,0,145,151,0.3,0.3,24.36437,38.58,1.197,1.165,0.0254,0,242.28,24.9184,0.00285,1,0.18,1.175,5.806,80.5,DEGRADED,F2,2,1,electrical_overcurrent,0.3,1,1,,,,,2,0
2026-08-19T17:10:12.020Z,1787159412020,FAN_DT_001_F2_S03_R01_20260819T170351,1,380.626,FAULT_ACTIVE,F2,0.3,FAN_DT_001,3.0,process-model-3.0.0-build3,665,1,LIVE,SYNCHRONISED,AUTOMATIC,NORMAL,65,1950,1950,0,145,151,0.3,0.3,24.37571,38.57,1.197,1.165,0.0254,0,242.28,24.9881,0.00263,1,0.18,1.086,5.8222,80.5,DEGRADED,F2,2,1,electrical_overcurrent,0.3,1,1,,,,,2,0
2026-08-19T17:10:13.034Z,1787159413034,FAN_DT_001_F2_S03_R01_20260819T170351,1,381.64,FAULT_ACTIVE,F2,0.3,FAN_DT_001,3.0,process-model-3.0.0-build3,666,1,LIVE,SYNCHRONISED,AUTOMATIC,NORMAL,65,1950,1950,0,145,151,0.3,0.3,24.3873,38.57,1.197,1.165,0.0254,0,242.28,25.0572,0.00238,1,0.18,0.981,5.8383,80.5,DEGRADED,F2,2,1,electrical_overcurrent,0.3,1,1,,,,,2,0
2026-08-19T17:10:14.065Z,1787159414065,FAN_DT_001_F2_S03_R01_20260819T170351,1,382.672,FAULT_ACTIVE,F2,0.3,FAN_DT_001,3.0,process-model-3.0.0-build3,667,1,LIVE,SYNCHRONISED,AUTOMATIC,NORMAL,65,1950,1950,0,145,151,0.3,0.3,24.39926,38.57,1.197,1.165,0.0254,0,242.28,25.1267,0.00217,1,0.18,0.894,5.8545,80.5,DEGRADED,F2,2,1,electrical_overcurrent,0.3,1,1,,,,,2,0
2026-08-19T17:10:15.101Z,1787159415101,FAN_DT_001_F2_S03_R01_20260819T170351,1,383.707,FAULT_ACTIVE,F2,0.3,FAN_DT_001,3.0,process-model-3.0.0-build3,668,1,LIVE,SYNCHRONISED,AUTOMATIC,NORMAL,65,1950,1950,0,145,151,0.3,0.3,24.41148,38.57,1.197,1.165,0.0254,0,242.28,25.1959,0.00192,1,0.18,0.793,5.8706,80.5,DEGRADED,F2,2,1,electrical_overcurrent,0.3,1,1,,,,,2,0
2026-08-19T17:10:16.141Z,1787159416141,FAN_DT_001_F2_S03_R01_20260819T170351,1,384.747,FAULT_ACTIVE,F2,0.3,FAN_DT_001,3.0,process-model-3.0.0-build3,669,1,LIVE,SYNCHRONISED,AUTOMATIC,NORMAL,65,1950,1950,0,145,151,0.3,0.3,24.42407,38.56,1.197,1.165,0.0254,0,242.28,25.2654,0.00168,1,0.18,0.693,5.8868,80.5,DEGRADED,F2,2,1,electrical_overcurrent,0.3,1,1,,,,,2,0
2026-08-19T17:10:17.164Z,1787159417164,FAN_DT_001_F2_S03_R01_20260819T170351,1,385.77,FAULT_ACTIVE,F2,0.3,FAN_DT_001,3.0,process-model-3.0.0-build3,670,1,LIVE,SYNCHRONISED,AUTOMATIC,NORMAL,65,1950,1950,0,145,151,0.3,0.3,24.43697,38.56,1.197,1.165,0.0254,0,242.28,25.3349,0.00145,1,0.18,0.596,5.903,80.5,DEGRADED,F2,2,1,electrical_overcurrent,0.3,1,1,,,,,2,0
2026-08-19T17:10:18.197Z,1787159418197,FAN_DT_001_F2_S03_R01_20260819T170351,1,386.803,FAULT_ACTIVE,F2,0.3,FAN_DT_001,3.0,process-model-3.0.0-build3,671,1,LIVE,SYNCHRONISED,AUTOMATIC,NORMAL,65,1950,1950,0,145,151,0.3,0.3,24.45014,38.56,1.197,1.165,0.0254,0,242.28,25.4043,0.00118,1,0.18,0.487,5.9192,80.5,DEGRADED,F2,2,1,electrical_overcurrent,0.3,1,1,,,,,2,0
2026-08-19T17:10:19.230Z,1787159419230,FAN_DT_001_F2_S03_R01_20260819T170351,1,387.837,FAULT_ACTIVE,F2,0.3,FAN_DT_001,3.0,process-model-3.0.0-build3,672,1,LIVE,SYNCHRONISED,AUTOMATIC,NORMAL,65,1950,1950,0,145,151,0.3,0.3,24.46358,38.56,1.197,1.165,0.0254,0,242.28,25.4736,0.00097,1,0.18,0.4,5.9354,80.5,DEGRADED,F2,2,1,electrical_overcurrent,0.3,1,1,,,,,2,0
2026-08-19T17:10:20.265Z,1787159420265,FAN_DT_001_F2_S03_R01_20260819T170351,1,388.871,FAULT_ACTIVE,F2,0.3,FAN_DT_001,3.0,process-model-3.0.0-build3,673,1,LIVE,SYNCHRONISED,AUTOMATIC,NORMAL,65,1950,1950,0,145,151,0.3,0.3,24.47729,38.56,1.197,1.165,0.0254,0,242.28,25.5429,0.00071,1,0.18,0.293,5.9515,80.5,DEGRADED,F2,2,1,electrical_overcurrent,0.3,1,1,,,,,2,0
2026-08-19T17:10:21.290Z,1787159421290,FAN_DT_001_F2_S03_R01_20260819T170351,1,389.896,FAULT_ACTIVE,F2,0.3,FAN_DT_001,3.0,process-model-3.0.0-build3,674,1,LIVE,SYNCHRONISED,AUTOMATIC,NORMAL,65,1950,1950,0,145,151,0.3,0.3,24.49133,38.56,1.197,1.165,0.0254,0,242.28,25.6124,0.00048,1,0.18,0.2,5.9677,80.5,DEGRADED,F2,2,1,electrical_overcurrent,0.3,1,1,,,,,2,0
2026-08-19T17:10:22.328Z,1787159422328,FAN_DT_001_F2_S03_R01_20260819T170351,1,390.934,FAULT_ACTIVE,F2,0.3,FAN_DT_001,3.0,process-model-3.0.0-build3,675,1,LIVE,SYNCHRONISED,AUTOMATIC,NORMAL,65,1950,1950,0,145,151,0.3,0.3,24.50561,38.56,1.197,1.165,0.0254,0,242.28,25.6818,0.00023,1,0.18,0.095,5.9839,80.5,DEGRADED,F2,2,1,electrical_overcurrent,0.3,1,1,,,,,2,0
2026-08-19T17:10:23.385Z,1787159423385,FAN_DT_001_F2_S03_R01_20260819T170351,1,391.991,FAULT_ACTIVE,F2,0.3,FAN_DT_001,3.0,process-model-3.0.0-build3,676,1,LIVE,SYNCHRONISED,AUTOMATIC,NORMAL,65,1950,1950,0,145,151,0.3,0.3,24.52018,38.56,1.197,1.165,0.0254,0,242.28,25.7513,0,1,0.18,0,6.0001,80.5,DEGRADED,F2,2,1,electrical_overcurrent,0.3,1,1,,,,,2,0
2026-08-19T17:10:24.392Z,1787159424392,FAN_DT_001_F2_S03_R01_20260819T170351,1,392.998,FAULT_ACTIVE,F2,0.3,FAN_DT_001,3.0,process-model-3.0.0-build3,677,1,LIVE,SYNCHRONISED,AUTOMATIC,NORMAL,65,1950,1950,0,145,151,0.3,0.3,24.53498,38.56,1.197,1.165,0.0254,0,242.28,25.8208,-0.00026,1,0.18,0.108,6.0162,80.5,DEGRADED,F2,2,1,electrical_overcurrent,0.3,1,1,,,,,2,0
2026-08-19T17:10:25.440Z,1787159425440,FAN_DT_001_F2_S03_R01_20260819T170351,1,394.046,FAULT_ACTIVE,F2,0.3,FAN_DT_001,3.0,process-model-3.0.0-build3,678,1,LIVE,SYNCHRONISED,AUTOMATIC,NORMAL,65,1950,1950,0,145,151,0.3,0.3,24.54992,38.56,1.197,1.165,0.0254,0,242.28,25.8897,-0.00051,1,0.18,0.209,6.0323,80.5,DEGRADED,F2,2,1,electrical_overcurrent,0.3,1,1,,,,,2,0
2026-08-19T17:10:26.453Z,1787159426453,FAN_DT_001_F2_S03_R01_20260819T170351,1,395.059,FAULT_ACTIVE,F2,0.3,FAN_DT_001,3.0,process-model-3.0.0-build3,679,1,LIVE,SYNCHRONISED,AUTOMATIC,NORMAL,65,1950,1950,0,145,151,0.3,0.3,24.56523,38.56,1.197,1.165,0.0254,0,242.28,25.9593,-0.00073,1,0.18,0.3,6.0485,80.5,DEGRADED,F2,2,1,electrical_overcurrent,0.3,1,1,,,,,2,0
2026-08-19T17:10:27.491Z,1787159427491,FAN_DT_001_F2_S03_R01_20260819T170351,1,396.098,FAULT_ACTIVE,F2,0.3,FAN_DT_001,3.0,process-model-3.0.0-build3,680,1,LIVE,SYNCHRONISED,AUTOMATIC,NORMAL,65,1950,1950,0,145,151,0.3,0.3,24.5807,38.56,1.197,1.165,0.0254,0,242.28,26.0285,-0.00098,1,0.18,0.406,6.0646,80.5,DEGRADED,F2,2,1,electrical_overcurrent,0.3,1,1,,,,,2,0
2026-08-19T17:10:28.522Z,1787159428522,FAN_DT_001_F2_S03_R01_20260819T170351,1,397.128,FAULT_ACTIVE,F2,0.3,FAN_DT_001,3.0,process-model-3.0.0-build3,681,1,LIVE,SYNCHRONISED,AUTOMATIC,NORMAL,65,1950,1950,0,145,151,0.3,0.3,24.59646,38.56,1.197,1.165,0.0254,0,242.28,26.0981,-0.00121,1,0.18,0.5,6.0809,80.5,DEGRADED,F2,2,1,electrical_overcurrent,0.3,1,1,,,,,2,0
2026-08-19T17:10:29.556Z,1787159429556,FAN_DT_001_F2_S03_R01_20260819T170351,1,398.162,FAULT_ACTIVE,F2,0.3,FAN_DT_001,3.0,process-model-3.0.0-build3,682,1,LIVE,SYNCHRONISED,AUTOMATIC,NORMAL,65,1950,1950,0,145,151,0.3,0.3,24.61244,38.56,1.197,1.165,0.0254,0,242.28,26.1677,-0.00147,1,0.18,0.608,6.0971,80.5,DEGRADED,F2,2,1,electrical_overcurrent,0.3,1,1,,,,,2,0
2026-08-19T17:10:30.593Z,1787159430593,FAN_DT_001_F2_S03_R01_20260819T170351,1,399.199,FAULT_ACTIVE,F2,0.3,FAN_DT_001,3.0,process-model-3.0.0-build3,683,1,LIVE,SYNCHRONISED,AUTOMATIC,NORMAL,65,1950,1950,0,145,151,0.3,0.3,24.62858,38.56,1.197,1.165,0.0254,0,242.28,26.2371,-0.0017,1,0.18,0.702,6.1132,80.5,DEGRADED,F2,2,1,electrical_overcurrent,0.3,1,1,,,,,2,0
2026-08-19T17:10:31.625Z,1787159431625,FAN_DT_001_F2_S03_R01_20260819T170351,1,400.231,FAULT_ACTIVE,F2,0.3,FAN_DT_001,3.0,process-model-3.0.0-build3,684,1,LIVE,SYNCHRONISED,AUTOMATIC,NORMAL,65,1950,1950,0,145,151,0.3,0.3,24.64497,38.57,1.197,1.165,0.0254,0,242.28,26.3068,-0.00194,1,0.18,0.8,6.1295,80.5,DEGRADED,F2,2,1,electrical_overcurrent,0.3,1,1,,,,,2,0
2026-08-19T17:10:32.658Z,1787159432658,FAN_DT_001_F2_S03_R01_20260819T170351,1,401.264,FAULT_ACTIVE,F2,0.3,FAN_DT_001,3.0,process-model-3.0.0-build3,685,1,LIVE,SYNCHRONISED,AUTOMATIC,NORMAL,65,1950,1950,0,145,151,0.3,0.3,24.66149,38.57,1.197,1.165,0.0254,0,242.28,26.3761,-0.0022,1,0.18,0.906,6.1456,80.5,DEGRADED,F2,2,1,electrical_overcurrent,0.3,1,1,,,,,2,0
2026-08-19T17:10:33.693Z,1787159433693,FAN_DT_001_F2_S03_R01_20260819T170351,1,402.299,FAULT_ACTIVE,F2,0.3,FAN_DT_001,3.0,process-model-3.0.0-build3,686,1,LIVE,SYNCHRONISED,AUTOMATIC,NORMAL,65,1950,1950,0,145,151,0.3,0.3,24.67816,38.57,1.197,1.165,0.0254,0,242.28,26.4455,-0.00241,1,0.18,0.996,6.1618,80.5,DEGRADED,F2,2,1,electrical_overcurrent,0.3,1,1,,,,,2,0
2026-08-19T17:10:34.738Z,1787159434738,FAN_DT_001_F2_S03_R01_20260819T170351,1,403.344,FAULT_ACTIVE,F2,0.3,FAN_DT_001,3.0,process-model-3.0.0-build3,687,1,LIVE,SYNCHRONISED,AUTOMATIC,NORMAL,65,1950,1950,0,145,151,0.3,0.3,24.69504,38.57,1.197,1.165,0.0254,0,242.28,26.5149,-0.00265,1,0.18,1.096,6.178,80.5,DEGRADED,F2,2,1,electrical_overcurrent,0.3,1,1,,,,,2,0
2026-08-19T17:10:35.756Z,1787159435756,FAN_DT_001_F2_S03_R01_20260819T170351,1,404.362,FAULT_ACTIVE,F2,0.3,FAN_DT_001,3.0,process-model-3.0.0-build3,688,1,LIVE,SYNCHRONISED,AUTOMATIC,NORMAL,65,1950,1950,0,145,151,0.3,0.3,24.712,38.58,1.197,1.165,0.0254,0,242.28,26.584,-0.00289,1,0.18,1.193,6.1941,80.5,DEGRADED,F2,2,1,electrical_overcurrent,0.3,1,1,,,,,2,0
2026-08-19T17:10:36.807Z,1787159436807,FAN_DT_001_F2_S03_R01_20260819T170351,1,405.413,FAULT_ACTIVE,F2,0.3,FAN_DT_001,3.0,process-model-3.0.0-build3,689,1,LIVE,SYNCHRONISED,AUTOMATIC,NORMAL,65,1950,1950,0,145,151,0.3,0.3,24.72921,38.58,1.197,1.165,0.0254,0,242.28,26.6536,-0.00312,1,0.18,1.287,6.2103,80.5,DEGRADED,F2,2,1,electrical_overcurrent,0.3,1,1,,,,,2,0
2026-08-19T17:10:37.818Z,1787159437818,FAN_DT_001_F2_S03_R01_20260819T170351,1,406.424,FAULT_ACTIVE,F2,0.3,FAN_DT_001,3.0,process-model-3.0.0-build3,690,1,LIVE,SYNCHRONISED,AUTOMATIC,NORMAL,65,1950,1950,0,145,151,0.3,0.3,24.74651,38.58,1.197,1.165,0.0254,0,242.28,26.7229,-0.00335,1,0.18,1.384,6.2264,80.5,DEGRADED,F2,2,1,electrical_overcurrent,0.3,1,1,,,,,2,0
2026-08-19T17:10:38.855Z,1787159438855,FAN_DT_001_F2_S03_R01_20260819T170351,1,407.461,FAULT_ACTIVE,F2,0.3,FAN_DT_001,3.0,process-model-3.0.0-build3,691,1,LIVE,SYNCHRONISED,AUTOMATIC,NORMAL,65,1950,1950,0,145,151,0.3,0.3,24.76392,38.59,1.197,1.165,0.0254,0,242.28,26.7921,-0.00358,1,0.18,1.476,6.2426,80.5,DEGRADED,F2,2,1,electrical_overcurrent,0.3,1,1,,,,,2,0
2026-08-19T17:10:39.883Z,1787159439883,FAN_DT_001_F2_S03_R01_20260819T170351,1,408.489,FAULT_ACTIVE,F2,0.3,FAN_DT_001,3.0,process-model-3.0.0-build3,692,1,LIVE,SYNCHRONISED,AUTOMATIC,NORMAL,65,1950,1950,0,145,151,0.3,0.3,24.78162,38.59,1.197,1.165,0.0254,0,242.28,26.862,-0.00381,1,0.18,1.575,6.2588,80.5,DEGRADED,F2,2,1,electrical_overcurrent,0.3,1,1,,,,,2,0
2026-08-19T17:10:40.915Z,1787159440915,FAN_DT_001_F2_S03_R01_20260819T170351,1,409.521,FAULT_ACTIVE,F2,0.3,FAN_DT_001,3.0,process-model-3.0.0-build3,693,1,LIVE,SYNCHRONISED,AUTOMATIC,NORMAL,65,1950,1950,0,145,151,0.3,0.3,24.79915,38.6,1.197,1.165,0.0254,0,242.28,26.9308,-0.00405,1,0.18,1.67,6.2749,80.5,DEGRADED,F2,2,1,electrical_overcurrent,0.3,1,1,,,,,2,0
2026-08-19T17:10:41.951Z,1787159441951,FAN_DT_001_F2_S03_R01_20260819T170351,1,410.559,FAULT_ACTIVE,F2,0.3,FAN_DT_001,3.0,process-model-3.0.0-build3,694,1,LIVE,SYNCHRONISED,AUTOMATIC,NORMAL,65,1950,1950,0,145,151,0.3,0.3,24.81698,38.6,1.197,1.165,0.0254,0,242.28,27.0003,-0.00427,1,0.18,1.762,6.2911,80.5,DEGRADED,F2,2,1,electrical_overcurrent,0.3,1,1,,,,,2,0
2026-08-19T17:10:42.983Z,1787159442983,FAN_DT_001_F2_S03_R01_20260819T170351,1,411.589,FAULT_ACTIVE,F2,0.3,FAN_DT_001,3.0,process-model-3.0.0-build3,695,1,LIVE,SYNCHRONISED,AUTOMATIC,NORMAL,65,1950,1950,0,145,151,0.3,0.3,24.83492,38.6,1.197,1.165,0.0254,0,242.28,27.0699,-0.00447,1,0.18,1.845,6.3073,80.5,DEGRADED,F2,2,1,electrical_overcurrent,0.3,1,1,,,,,2,0
2026-08-19T17:10:44.027Z,1787159444027,FAN_DT_001_F2_S03_R01_20260819T170351,1,412.633,FAULT_ACTIVE,F2,0.3,FAN_DT_001,3.0,process-model-3.0.0-build3,696,1,LIVE,SYNCHRONISED,AUTOMATIC,NORMAL,65,1950,1950,0,145,151,0.3,0.3,24.85288,38.61,1.197,1.165,0.0254,0,242.28,27.1392,-0.00471,1,0.18,1.944,6.3234,80.5,DEGRADED,F2,2,1,electrical_overcurrent,0.3,1,1,,,,,2,0
2026-08-19T17:10:45.050Z,1787159445050,FAN_DT_001_F2_S03_R01_20260819T170351,1,413.656,FAULT_ACTIVE,F2,0.3,FAN_DT_001,3.0,process-model-3.0.0-build3,697,1,LIVE,SYNCHRONISED,AUTOMATIC,NORMAL,65,1950,1950,0,145,151,0.3,0.3,24.87098,38.61,1.197,1.165,0.0254,0,242.28,27.2088,-0.0049,1,0.18,2.025,6.3397,80.5,DEGRADED,F2,2,1,electrical_overcurrent,0.3,1,1,,,,,2,0
2026-08-19T17:10:46.083Z,1787159446083,FAN_DT_001_F2_S03_R01_20260819T170351,1,414.69,FAULT_ACTIVE,F2,0.3,FAN_DT_001,3.0,process-model-3.0.0-build3,698,1,LIVE,SYNCHRONISED,AUTOMATIC,NORMAL,65,1950,1950,0,145,151,0.3,0.3,24.88912,38.62,1.197,1.165,0.0254,0,242.28,27.2782,-0.00514,1,0.18,2.123,6.3558,80.5,DEGRADED,F2,2,1,electrical_overcurrent,0.3,1,1,,,,,2,0
2026-08-19T17:10:47.121Z,1787159447121,FAN_DT_001_F2_S03_R01_20260819T170351,1,415.728,FAULT_ACTIVE,F2,0.3,FAN_DT_001,3.0,process-model-3.0.0-build3,699,1,LIVE,SYNCHRONISED,AUTOMATIC,NORMAL,65,1950,1950,0,145,151,0.3,0.3,24.90728,38.62,1.197,1.165,0.0254,0,242.28,27.3476,-0.00534,1,0.18,2.202,6.372,80.5,DEGRADED,F2,2,1,electrical_overcurrent,0.3,1,1,,,,,2,0
2026-08-19T17:10:48.157Z,1787159448157,FAN_DT_001_F2_S03_R01_20260819T170351,1,416.764,FAULT_ACTIVE,F2,0.3,FAN_DT_001,3.0,process-model-3.0.0-build3,700,1,LIVE,SYNCHRONISED,AUTOMATIC,NORMAL,65,1950,1950,0,145,151,0.3,0.3,24.92557,38.63,1.197,1.165,0.0254,0,242.28,27.4172,-0.00555,1,0.18,2.292,6.3882,80.5,DEGRADED,F2,2,1,electrical_overcurrent,0.3,1,1,,,,,2,0
2026-08-19T17:10:49.186Z,1787159449186,FAN_DT_001_F2_S03_R01_20260819T170351,1,417.792,FAULT_ACTIVE,F2,0.3,FAN_DT_001,3.0,process-model-3.0.0-build3,701,1,LIVE,SYNCHRONISED,AUTOMATIC,NORMAL,65,1950,1950,0,145,151,0.3,0.3,24.9438,38.64,1.197,1.165,0.0254,0,242.28,27.4864,-0.00575,1,0.18,2.374,6.4043,80.5,DEGRADED,F2,2,1,electrical_overcurrent,0.3,1,1,,,,,2,0
2026-08-19T17:10:50.215Z,1787159450215,FAN_DT_001_F2_S03_R01_20260819T170351,1,418.822,FAULT_ACTIVE,F2,0.3,FAN_DT_001,3.0,process-model-3.0.0-build3,702,1,LIVE,SYNCHRONISED,AUTOMATIC,NORMAL,65,1950,1950,0,145,151,0.3,0.3,24.96215,38.64,1.197,1.165,0.0254,0,242.28,27.556,-0.00596,1,0.18,2.462,6.4206,80.5,DEGRADED,F2,2,1,electrical_overcurrent,0.3,1,1,,,,,2,0
2026-08-19T17:10:51.252Z,1787159451252,FAN_DT_001_F2_S03_R01_20260819T170351,1,419.858,FAULT_ACTIVE,F2,0.3,FAN_DT_001,3.0,process-model-3.0.0-build3,703,1,LIVE,SYNCHRONISED,AUTOMATIC,NORMAL,65,1950,1950,0,145,151,0.3,0.3,24.98043,38.65,1.197,1.165,0.0254,0,242.28,27.6253,-0.00616,1,0.18,2.541,6.4367,80.5,DEGRADED,F2,2,1,electrical_overcurrent,0.3,1,1,,,,,2,0
2026-08-19T17:10:52.287Z,1787159452287,FAN_DT_001_F2_S03_R01_20260819T170351,1,420.894,FAULT_ACTIVE,F2,0.3,FAN_DT_001,3.0,process-model-3.0.0-build3,704,1,LIVE,SYNCHRONISED,AUTOMATIC,NORMAL,65,1950,1950,0,145,151,0.3,0.3,24.99875,38.65,1.197,1.165,0.0254,0,242.28,27.6946,-0.00637,1,0.18,2.628,6.4529,80.5,DEGRADED,F2,2,1,electrical_overcurrent,0.3,1,1,,,,,2,0
2026-08-19T17:10:53.345Z,1787159453345,FAN_DT_001_F2_S03_R01_20260819T170351,1,421.952,FAULT_ACTIVE,F2,0.3,FAN_DT_001,3.0,process-model-3.0.0-build3,705,1,LIVE,SYNCHRONISED,AUTOMATIC,NORMAL,65,1950,1950,0,145,151,0.3,0.3,25.01714,38.66,1.197,1.165,0.0254,0,242.28,27.7642,-0.00656,1,0.18,2.708,6.4691,80.5,DEGRADED,F2,2,1,electrical_overcurrent,0.3,1,1,,,,,2,0
2026-08-19T17:10:54.350Z,1787159454350,FAN_DT_001_F2_S03_R01_20260819T170351,1,422.963,FAULT_ACTIVE,F2,0.3,FAN_DT_001,3.0,process-model-3.0.0-build3,706,1,LIVE,SYNCHRONISED,AUTOMATIC,NORMAL,65,1950,1950,0,145,151,0.3,0.3,25.03542,38.67,1.197,1.165,0.0254,0,242.28,27.8335,-0.00673,1,0.18,2.779,6.4852,80.5,DEGRADED,F2,2,1,electrical_overcurrent,0.3,1,1,,,,,2,0
2026-08-19T17:10:55.381Z,1787159455381,FAN_DT_001_F2_S03_R01_20260819T170351,1,423.993,FAULT_ACTIVE,F2,0.3,FAN_DT_001,3.0,process-model-3.0.0-build3,707,1,LIVE,SYNCHRONISED,AUTOMATIC,NORMAL,65,1950,1950,0,145,151,0.3,0.3,25.05372,38.68,1.197,1.165,0.0254,0,242.28,27.9029,-0.00693,1,0.18,2.862,6.5014,80.5,DEGRADED,F2,2,1,electrical_overcurrent,0.3,1,1,,,,,2,0
2026-08-19T17:10:56.419Z,1787159456419,FAN_DT_001_F2_S03_R01_20260819T170351,1,425.041,FAULT_ACTIVE,F2,0.3,FAN_DT_001,3.0,process-model-3.0.0-build3,708,1,LIVE,SYNCHRONISED,AUTOMATIC,NORMAL,65,1950,1950,0,145,151,0.3,0.3,25.07201,38.68,1.197,1.165,0.0254,0,242.28,27.9723,-0.00712,1,0.18,2.938,6.5176,80.5,DEGRADED,F2,2,1,electrical_overcurrent,0.3,1,1,,,,,2,0
2026-08-19T17:10:57.458Z,1787159457458,FAN_DT_001_F2_S03_R01_20260819T170351,1,426.077,FAULT_ACTIVE,F2,0.3,FAN_DT_001,3.0,process-model-3.0.0-build3,709,1,LIVE,SYNCHRONISED,AUTOMATIC,NORMAL,65,1950,1950,0,145,151,0.3,0.3,25.09023,38.69,1.197,1.165,0.0254,0,242.28,28.0417,-0.00728,1,0.18,3.006,6.5337,80.5,DEGRADED,F2,2,1,electrical_overcurrent,0.3,1,1,,,,,2,0
2026-08-19T17:10:58.485Z,1787159458485,FAN_DT_001_F2_S03_R01_20260819T170351,1,427.103,FAULT_ACTIVE,F2,0.3,FAN_DT_001,3.0,process-model-3.0.0-build3,710,1,LIVE,SYNCHRONISED,AUTOMATIC,NORMAL,65,1950,1950,0,145,151,0.3,0.3,25.10843,38.7,1.197,1.165,0.0254,0,242.28,28.1111,-0.00745,1,0.18,3.075,6.5499,80.5,DEGRADED,F2,2,1,electrical_overcurrent,0.3,1,1,,,,,2,0
2026-08-19T17:10:59.524Z,1787159459524,FAN_DT_001_F2_S03_R01_20260819T170351,1,428.138,FAULT_ACTIVE,F2,0.3,FAN_DT_001,3.0,process-model-3.0.0-build3,711,1,LIVE,SYNCHRONISED,AUTOMATIC,NORMAL,65,1950,1950,0,145,151,0.3,0.3,25.12661,38.71,1.197,1.165,0.0254,0,242.28,28.1807,-0.00763,1,0.18,3.149,6.5661,80.5,DEGRADED,F2,2,1,electrical_overcurrent,0.3,1,1,,,,,2,0
2026-08-19T17:11:00.550Z,1787159460550,FAN_DT_001_F2_S03_R01_20260819T170351,1,429.157,FAULT_ACTIVE,F2,0.3,FAN_DT_001,3.0,process-model-3.0.0-build3,712,1,LIVE,SYNCHRONISED,AUTOMATIC,NORMAL,65,1950,1950,0,145,151,0.3,0.3,25.14464,38.71,1.197,1.165,0.0254,0,242.28,28.2499,-0.0078,1,0.18,3.221,6.5822,80.5,DEGRADED,F2,2,1,electrical_overcurrent,0.3,1,1,,,,,2,0
2026-08-19T17:11:01.580Z,1787159461580,FAN_DT_001_F2_S03_R01_20260819T170351,1,430.187,FAULT_ACTIVE,F2,0.3,FAN_DT_001,3.0,process-model-3.0.0-build3,713,1,LIVE,SYNCHRONISED,AUTOMATIC,NORMAL,65,1950,1950,0,145,151,0.3,0.3,25.1627,38.72,1.197,1.165,0.0254,0,242.28,28.3196,-0.00796,1,0.18,3.286,6.5985,80.5,DEGRADED,F2,2,1,electrical_overcurrent,0.3,1,1,,,,,2,0
2026-08-19T17:11:02.624Z,1787159462624,FAN_DT_001_F2_S03_R01_20260819T170351,1,431.232,FAULT_ACTIVE,F2,0.3,FAN_DT_001,3.0,process-model-3.0.0-build3,714,1,LIVE,SYNCHRONISED,AUTOMATIC,NORMAL,65,1950,1950,0,145,151,0.3,0.3,25.1806,38.73,1.197,1.165,0.0254,0,242.28,28.389,-0.00812,1,0.18,3.352,6.6146,80.5,DEGRADED,F2,2,1,electrical_overcurrent,0.3,1,1,,,,,2,0
2026-08-19T17:11:03.660Z,1787159463660,FAN_DT_001_F2_S03_R01_20260819T170351,1,432.267,FAULT_ACTIVE,F2,0.3,FAN_DT_001,3.0,process-model-3.0.0-build3,715,1,LIVE,SYNCHRONISED,AUTOMATIC,NORMAL,65,1950,1950,0,145,151,0.3,0.3,25.19837,38.74,1.197,1.165,0.0254,0,242.28,28.4582,-0.00829,1,0.18,3.42,6.6308,80.5,DEGRADED,F2,2,1,electrical_overcurrent,0.3,1,1,,,,,2,0
2026-08-19T17:11:04.682Z,1787159464682,FAN_DT_001_F2_S03_R01_20260819T170351,1,433.29,FAULT_ACTIVE,F2,0.3,FAN_DT_001,3.0,process-model-3.0.0-build3,716,1,LIVE,SYNCHRONISED,AUTOMATIC,NORMAL,65,1950,1950,0,145,151,0.3,0.3,25.21616,38.75,1.197,1.165,0.0254,0,242.28,28.528,-0.00844,1,0.18,3.484,6.647,80.5,DEGRADED,F2,2,1,electrical_overcurrent,0.3,1,1,,,,,2,0
2026-08-19T17:11:05.720Z,1787159465720,FAN_DT_001_F2_S03_R01_20260819T170351,1,434.354,FAULT_ACTIVE,F2,0.3,FAN_DT_001,3.0,process-model-3.0.0-build3,717,1,LIVE,SYNCHRONISED,AUTOMATIC,NORMAL,65,1950,1950,0,145,151,0.3,0.3,25.23368,38.76,1.197,1.165,0.0254,0,242.28,28.5971,-0.00857,1,0.18,3.536,6.6631,80.5,DEGRADED,F2,2,1,electrical_overcurrent,0.3,1,1,,,,,2,0
2026-08-19T17:11:06.747Z,1787159466747,FAN_DT_001_F2_S03_R01_20260819T170351,1,435.364,FAULT_ACTIVE,F2,0.3,FAN_DT_001,3.0,process-model-3.0.0-build3,718,1,LIVE,SYNCHRONISED,AUTOMATIC,NORMAL,65,1950,1950,0,145,151,0.3,0.3,25.25121,38.76,1.197,1.165,0.0254,0,242.28,28.6667,-0.00873,1,0.18,3.602,6.6794,80.5,DEGRADED,F2,2,1,electrical_overcurrent,0.3,1,1,,,,,2,0
2026-08-19T17:11:07.783Z,1787159467783,FAN_DT_001_F2_S03_R01_20260819T170351,1,436.395,FAULT_ACTIVE,F2,0.3,FAN_DT_001,3.0,process-model-3.0.0-build3,719,1,LIVE,SYNCHRONISED,AUTOMATIC,NORMAL,65,1950,1950,0,145,151,0.3,0.3,25.26855,38.77,1.197,1.165,0.0254,0,242.28,28.7361,-0.00884,1,0.18,3.65,6.6955,80.5,DEGRADED,F2,2,1,electrical_overcurrent,0.3,1,1,,,,,2,0
2026-08-19T17:11:08.817Z,1787159468817,FAN_DT_001_F2_S03_R01_20260819T170351,1,437.435,FAULT_ACTIVE,F2,0.3,FAN_DT_001,3.0,process-model-3.0.0-build3,720,1,LIVE,SYNCHRONISED,AUTOMATIC,NORMAL,65,1950,1950,0,145,151,0.3,0.3,25.28583,38.78,1.197,1.165,0.0254,0,242.28,28.8058,-0.00899,1,0.18,3.711,6.7118,80.5,DEGRADED,F2,2,1,electrical_overcurrent,0.3,1,1,,,,,2,0
2026-08-19T17:11:09.894Z,1787159469894,FAN_DT_001_F2_S03_R01_20260819T170351,1,438.502,FAULT_ACTIVE,F2,0.3,FAN_DT_001,3.0,process-model-3.0.0-build3,721,1,LIVE,SYNCHRONISED,AUTOMATIC,NORMAL,65,1950,1950,0,145,151,0.3,0.3,25.30285,38.79,1.197,1.165,0.0254,0,242.28,28.8752,-0.0091,1,0.18,3.757,6.7279,80.5,DEGRADED,F2,2,1,electrical_overcurrent,0.3,1,1,,,,,2,0
2026-08-19T17:11:10.882Z,1787159470882,FAN_DT_001_F2_S03_R01_20260819T170351,1,439.49,FAULT_ACTIVE,F2,0.3,FAN_DT_001,3.0,process-model-3.0.0-build3,722,1,LIVE,SYNCHRONISED,AUTOMATIC,NORMAL,65,1950,1950,0,145,151,0.3,0.3,25.31972,38.8,1.197,1.165,0.0254,0,242.28,28.9445,-0.00923,1,0.18,3.811,6.7441,80.5,DEGRADED,F2,2,1,electrical_overcurrent,0.3,1,1,,,,,2,0
2026-08-19T17:11:11.937Z,1787159471937,FAN_DT_001_F2_S03_R01_20260819T170351,1,440.544,FAULT_ACTIVE,F2,0.3,FAN_DT_001,3.0,process-model-3.0.0-build3,723,1,LIVE,SYNCHRONISED,AUTOMATIC,NORMAL,65,1950,1950,0,145,151,0.3,0.3,25.33645,38.81,1.197,1.165,0.0254,0,242.28,29.014,-0.00936,1,0.18,3.865,6.7603,80.5,DEGRADED,F2,2,1,electrical_overcurrent,0.3,1,1,,,,,2,0
2026-08-19T17:11:12.949Z,1787159472949,FAN_DT_001_F2_S03_R01_20260819T170351,1,441.556,FAULT_ACTIVE,F2,0.3,FAN_DT_001,3.0,process-model-3.0.0-build3,724,1,LIVE,SYNCHRONISED,AUTOMATIC,NORMAL,65,1950,1950,0,145,151,0.3,0.3,25.35297,38.82,1.197,1.165,0.0254,0,242.28,29.0833,-0.00946,1,0.18,3.905,6.7764,80.5,DEGRADED,F2,2,1,electrical_overcurrent,0.3,1,1,,,,,2,0
2026-08-19T17:11:13.980Z,1787159473980,FAN_DT_001_F2_S03_R01_20260819T170351,1,442.587,FAULT_ACTIVE,F2,0.3,FAN_DT_001,3.0,process-model-3.0.0-build3,725,1,LIVE,SYNCHRONISED,AUTOMATIC,NORMAL,65,1950,1950,0,145,151,0.3,0.3,25.36936,38.83,1.197,1.165,0.0254,0,242.28,29.1528,-0.00957,1,0.18,3.949,6.7926,80.5,DEGRADED,F2,2,1,electrical_overcurrent,0.3,1,1,,,,,2,0
2026-08-19T17:11:15.013Z,1787159475013,FAN_DT_001_F2_S03_R01_20260819T170351,1,443.621,FAULT_ACTIVE,F2,0.3,FAN_DT_001,3.0,process-model-3.0.0-build3,726,1,LIVE,SYNCHRONISED,AUTOMATIC,NORMAL,65,1950,1950,0,145,151,0.3,0.3,25.38547,38.84,1.197,1.165,0.0254,0,242.28,29.222,-0.00968,1,0.18,3.997,6.8087,80.5,DEGRADED,F2,2,1,electrical_overcurrent,0.3,1,1,,,,,2,0
2026-08-19T17:11:16.042Z,1787159476042,FAN_DT_001_F2_S03_R01_20260819T170351,1,444.649,FAULT_ACTIVE,F2,0.3,FAN_DT_001,3.0,process-model-3.0.0-build3,727,1,LIVE,SYNCHRONISED,AUTOMATIC,NORMAL,65,1950,1950,0,145,151,0.3,0.3,25.40146,38.85,1.197,1.165,0.0254,0,242.28,29.2915,-0.00977,1,0.18,4.031,6.8249,80.5,DEGRADED,F2,2,1,electrical_overcurrent,0.3,1,1,,,,,2,0
2026-08-19T17:11:17.078Z,1787159477078,FAN_DT_001_F2_S03_R01_20260819T170351,1,445.684,FAULT_ACTIVE,F2,0.3,FAN_DT_001,3.0,process-model-3.0.0-build3,728,1,LIVE,SYNCHRONISED,AUTOMATIC,NORMAL,65,1950,1950,0,145,151,0.3,0.3,25.41718,38.86,1.197,1.165,0.0254,0,242.28,29.3607,-0.00987,1,0.18,4.075,6.8411,80.5,DEGRADED,F2,2,1,electrical_overcurrent,0.3,1,1,,,,,2,0
2026-08-19T17:11:18.114Z,1787159478114,FAN_DT_001_F2_S03_R01_20260819T170351,1,446.72,FAULT_ACTIVE,F2,0.3,FAN_DT_001,3.0,process-model-3.0.0-build3,729,1,LIVE,SYNCHRONISED,AUTOMATIC,NORMAL,65,1950,1950,0,145,151,0.3,0.3,25.43275,38.87,1.197,1.165,0.0254,0,242.28,29.4303,-0.00996,1,0.18,4.111,6.8573,80.5,DEGRADED,F2,2,1,electrical_overcurrent,0.3,1,1,,,,,2,0
2026-08-19T17:11:19.145Z,1787159479145,FAN_DT_001_F2_S03_R01_20260819T170351,1,447.751,FAULT_ACTIVE,F2,0.3,FAN_DT_001,3.0,process-model-3.0.0-build3,730,1,LIVE,SYNCHRONISED,AUTOMATIC,NORMAL,65,1950,1950,0,145,151,0.3,0.3,25.44799,38.88,1.197,1.165,0.0254,0,242.28,29.4995,-0.01003,1,0.18,4.139,6.8734,80.5,DEGRADED,F2,2,1,electrical_overcurrent,0.3,1,1,,,,,2,0
2026-08-19T17:11:20.174Z,1787159480174,FAN_DT_001_F2_S03_R01_20260819T170351,1,448.78,FAULT_ACTIVE,F2,0.3,FAN_DT_001,3.0,process-model-3.0.0-build3,731,1,LIVE,SYNCHRONISED,AUTOMATIC,NORMAL,65,1950,1950,0,145,151,0.3,0.3,25.4631,38.89,1.197,1.165,0.0254,0,242.28,29.5691,-0.01011,1,0.18,4.174,6.8896,80.5,DEGRADED,F2,2,1,electrical_overcurrent,0.3,1,1,,,,,2,0
2026-08-19T17:11:21.233Z,1787159481233,FAN_DT_001_F2_S03_R01_20260819T170351,1,449.84,FAULT_ACTIVE,F2,0.3,FAN_DT_001,3.0,process-model-3.0.0-build3,732,1,LIVE,SYNCHRONISED,AUTOMATIC,NORMAL,65,1950,1950,0,145,151,0.3,0.3,25.47794,38.9,1.197,1.165,0.0254,0,242.28,29.6385,-0.0102,1,0.18,4.21,6.9058,80.5,DEGRADED,F2,2,1,electrical_overcurrent,0.3,1,1,,,,,2,0
2026-08-19T17:11:22.240Z,1787159482240,FAN_DT_001_F2_S03_R01_20260819T170351,1,450.849,FAULT_ACTIVE,F2,0.3,FAN_DT_001,3.0,process-model-3.0.0-build3,733,1,LIVE,SYNCHRONISED,AUTOMATIC,NORMAL,65,1950,1950,0,145,151,0.3,0.3,25.49247,38.91,1.197,1.165,0.0254,0,242.28,29.7077,-0.01024,1,0.18,4.228,6.9219,80.5,DEGRADED,F2,2,1,electrical_overcurrent,0.3,1,1,,,,,2,0
2026-08-19T17:11:23.271Z,1787159483271,FAN_DT_001_F2_S03_R01_20260819T170351,1,451.877,FAULT_ACTIVE,F2,0.3,FAN_DT_001,3.0,process-model-3.0.0-build3,734,1,LIVE,SYNCHRONISED,AUTOMATIC,NORMAL,65,1950,1950,0,145,151,0.3,0.3,25.50684,38.92,1.197,1.165,0.0254,0,242.28,29.7773,-0.01031,1,0.18,4.256,6.9381,80.5,DEGRADED,F2,2,1,electrical_overcurrent,0.3,1,1,,,,,2,0
2026-08-19T17:11:24.311Z,1787159484311,FAN_DT_001_F2_S03_R01_20260819T170351,1,452.917,FAULT_ACTIVE,F2,0.3,FAN_DT_001,3.0,process-model-3.0.0-build3,735,1,LIVE,SYNCHRONISED,AUTOMATIC,NORMAL,65,1950,1950,0,145,151,0.3,0.3,25.52083,38.93,1.197,1.165,0.0254,0,242.28,29.8465,-0.01037,1,0.18,4.281,6.9542,80.5,DEGRADED,F2,2,1,electrical_overcurrent,0.3,1,1,,,,,2,0
2026-08-19T17:11:25.345Z,1787159485345,FAN_DT_001_F2_S03_R01_20260819T170351,1,453.952,FAULT_ACTIVE,F2,0.3,FAN_DT_001,3.0,process-model-3.0.0-build3,736,1,LIVE,SYNCHRONISED,AUTOMATIC,NORMAL,65,1950,1950,0,145,151,0.3,0.3,25.53467,38.95,1.197,1.165,0.0254,0,242.28,29.9162,-0.01041,1,0.18,4.296,6.9705,80.5,DEGRADED,F2,2,1,electrical_overcurrent,0.3,1,1,,,,,2,0
2026-08-19T17:11:26.376Z,1787159486376,FAN_DT_001_F2_S03_R01_20260819T170351,1,454.982,FAULT_ACTIVE,F2,0.3,FAN_DT_001,3.0,process-model-3.0.0-build3,737,1,LIVE,SYNCHRONISED,AUTOMATIC,NORMAL,65,1950,1950,0,145,151,0.3,0.3,25.54809,38.96,1.197,1.165,0.0254,0,242.28,29.9852,-0.01048,1,0.18,4.324,6.9865,80.5,DEGRADED,F2,2,1,electrical_overcurrent,0.3,1,1,,,,,2,0
2026-08-19T17:11:27.401Z,1787159487401,FAN_DT_001_F2_S03_R01_20260819T170351,1,456.007,FAULT_ACTIVE,F2,0.3,FAN_DT_001,3.0,process-model-3.0.0-build3,738,1,LIVE,SYNCHRONISED,AUTOMATIC,NORMAL,65,1950,1950,0,145,151,0.3,0.3,25.56131,38.97,1.197,1.165,0.0254,0,242.28,30.0546,-0.0105,1,0.18,4.333,7.0027,80.5,DEGRADED,F2,2,1,electrical_overcurrent,0.3,1,1,,,,,2,0
2026-08-19T17:11:28.436Z,1787159488436,FAN_DT_001_F2_S03_R01_20260819T170351,1,457.042,FAULT_ACTIVE,F2,0.3,FAN_DT_001,3.0,process-model-3.0.0-build3,739,1,LIVE,SYNCHRONISED,AUTOMATIC,NORMAL,65,1950,1950,0,145,151,0.3,0.3,25.57419,38.98,1.197,1.165,0.0254,0,242.28,30.1239,-0.01054,1,0.18,4.351,7.0189,80.5,DEGRADED,F2,2,1,electrical_overcurrent,0.3,1,1,,,,,2,0
2026-08-19T17:11:29.465Z,1787159489465,FAN_DT_001_F2_S03_R01_20260819T170351,1,458.071,FAULT_ACTIVE,F2,0.3,FAN_DT_001,3.0,process-model-3.0.0-build3,740,1,LIVE,SYNCHRONISED,AUTOMATIC,NORMAL,65,1950,1950,0,145,151,0.3,0.3,25.58684,38.99,1.197,1.165,0.0254,0,242.28,30.1935,-0.01057,1,0.18,4.361,7.0351,80.5,DEGRADED,F2,2,1,electrical_overcurrent,0.3,1,1,,,,,2,0
2026-08-19T17:11:30.523Z,1787159490523,FAN_DT_001_F2_S03_R01_20260819T170351,1,459.129,FAULT_ACTIVE,F2,0.3,FAN_DT_001,3.0,process-model-3.0.0-build3,741,1,LIVE,SYNCHRONISED,AUTOMATIC,NORMAL,65,1950,1950,0,145,151,0.3,0.3,25.59914,39,1.197,1.165,0.0254,0,242.28,30.2629,-0.01058,1,0.18,4.366,7.0512,80.5,DEGRADED,F2,2,1,electrical_overcurrent,0.3,1,1,,,,,2,0
2026-08-19T17:11:31.537Z,1787159491537,FAN_DT_001_F2_S03_R01_20260819T170351,1,460.143,FAULT_ACTIVE,F2,0.3,FAN_DT_001,3.0,process-model-3.0.0-build3,742,1,LIVE,SYNCHRONISED,AUTOMATIC,NORMAL,65,1950,1950,0,145,151,0.3,0.3,25.61116,39.01,1.197,1.165,0.0254,0,242.28,30.3324,-0.0106,1,0.18,4.373,7.0675,80.5,DEGRADED,F2,2,1,electrical_overcurrent,0.3,1,1,,,,,2,0
2026-08-19T17:11:32.569Z,1787159492569,FAN_DT_001_F2_S03_R01_20260819T170351,1,461.175,FAULT_ACTIVE,F2,0.3,FAN_DT_001,3.0,process-model-3.0.0-build3,743,1,LIVE,SYNCHRONISED,AUTOMATIC,NORMAL,65,1950,1950,0,145,151,0.3,0.3,25.62288,39.02,1.197,1.165,0.0254,0,242.28,30.4021,-0.01062,1,0.18,4.382,7.0837,80.5,DEGRADED,F2,2,1,electrical_overcurrent,0.3,1,1,,,,,2,0
2026-08-19T17:11:33.610Z,1787159493610,FAN_DT_001_F2_S03_R01_20260819T170351,1,462.216,FAULT_ACTIVE,F2,0.3,FAN_DT_001,3.0,process-model-3.0.0-build3,744,1,LIVE,SYNCHRONISED,AUTOMATIC,NORMAL,65,1950,1950,0,145,151,0.3,0.3,25.63419,39.03,1.197,1.165,0.0254,0,242.28,30.4714,-0.01062,1,0.18,4.384,7.0998,80.5,DEGRADED,F2,2,1,electrical_overcurrent,0.3,1,1,,,,,2,0
2026-08-19T17:11:34.639Z,1787159494639,FAN_DT_001_F2_S03_R01_20260819T170351,1,463.245,FAULT_ACTIVE,F2,0.3,FAN_DT_001,3.0,process-model-3.0.0-build3,745,1,LIVE,SYNCHRONISED,AUTOMATIC,NORMAL,65,1950,1950,0,145,151,0.3,0.3,25.64527,39.04,1.197,1.165,0.0254,0,242.28,30.5412,-0.01063,1,0.18,4.389,7.1161,80.5,DEGRADED,F2,2,1,electrical_overcurrent,0.3,1,1,,,,,2,0
2026-08-19T17:11:35.675Z,1787159495675,FAN_DT_001_F2_S03_R01_20260819T170351,1,464.282,FAULT_ACTIVE,F2,0.3,FAN_DT_001,3.0,process-model-3.0.0-build3,746,1,LIVE,SYNCHRONISED,AUTOMATIC,NORMAL,65,1950,1950,0,145,151,0.3,0.3,25.65591,39.05,1.197,1.165,0.0254,0,242.28,30.6105,-0.01064,1,0.18,4.39,7.1322,80.5,DEGRADED,F2,2,1,electrical_overcurrent,0.3,1,1,,,,,2,0
2026-08-19T17:11:36.713Z,1787159496713,FAN_DT_001_F2_S03_R01_20260819T170351,1,465.319,FAULT_ACTIVE,F2,0.3,FAN_DT_001,3.0,process-model-3.0.0-build3,747,1,LIVE,SYNCHRONISED,AUTOMATIC,NORMAL,65,1950,1950,0,145,151,0.3,0.3,25.66628,39.07,1.197,1.165,0.0254,0,242.28,30.6802,-0.0106,1,0.18,4.373,7.1485,80.5,DEGRADED,F2,2,1,electrical_overcurrent,0.3,1,1,,,,,2,0
2026-08-19T17:11:37.742Z,1787159497742,FAN_DT_001_F2_S03_R01_20260819T170351,1,466.348,FAULT_ACTIVE,F2,0.3,FAN_DT_001,3.0,process-model-3.0.0-build3,748,1,LIVE,SYNCHRONISED,AUTOMATIC,NORMAL,65,1950,1950,0,145,151,0.3,0.3,25.67624,39.08,1.197,1.165,0.0254,0,242.28,30.7495,-0.01061,1,0.18,4.378,7.1646,80.5,DEGRADED,F2,2,1,electrical_overcurrent,0.3,1,1,,,,,2,0
2026-08-19T17:11:38.776Z,1787159498776,FAN_DT_001_F2_S03_R01_20260819T170351,1,467.382,FAULT_ACTIVE,F2,0.3,FAN_DT_001,3.0,process-model-3.0.0-build3,749,1,LIVE,SYNCHRONISED,AUTOMATIC,NORMAL,65,1950,1950,0,145,151,0.3,0.3,25.68587,39.09,1.197,1.165,0.0254,0,242.28,30.819,-0.01057,1,0.18,4.361,7.1808,80.5,DEGRADED,F2,2,1,electrical_overcurrent,0.3,1,1,,,,,2,0
2026-08-19T17:11:39.823Z,1787159499823,FAN_DT_001_F2_S03_R01_20260819T170351,1,468.429,FAULT_ACTIVE,F2,0.3,FAN_DT_001,3.0,process-model-3.0.0-build3,750,1,LIVE,SYNCHRONISED,AUTOMATIC,NORMAL,65,1950,1950,0,145,151,0.3,0.3,25.69514,39.1,1.197,1.165,0.0254,0,242.28,30.8885,-0.01054,1,0.18,4.351,7.197,80.5,DEGRADED,F2,2,1,electrical_overcurrent,0.3,1,1,,,,,2,0
2026-08-19T17:11:40.838Z,1787159500838,FAN_DT_001_F2_S03_R01_20260819T170351,1,469.444,FAULT_ACTIVE,F2,0.3,FAN_DT_001,3.0,process-model-3.0.0-build3,751,1,LIVE,SYNCHRONISED,AUTOMATIC,NORMAL,65,1950,1950,0,145,151,0.3,0.3,25.70403,39.11,1.197,1.165,0.0254,0,242.28,30.9579,-0.01051,1,0.18,4.339,7.2132,80.5,DEGRADED,F2,2,1,electrical_overcurrent,0.3,1,1,,,,,2,0
2026-08-19T17:11:41.872Z,1787159501872,FAN_DT_001_F2_S03_R01_20260819T170351,1,470.478,FAULT_ACTIVE,F2,0.3,FAN_DT_001,3.0,process-model-3.0.0-build3,752,1,LIVE,SYNCHRONISED,AUTOMATIC,NORMAL,65,1950,1950,0,145,151,0.3,0.3,25.71251,39.12,1.197,1.165,0.0254,0,242.28,31.0269,-0.01048,1,0.18,4.327,7.2293,80.5,DEGRADED,F2,2,1,electrical_overcurrent,0.3,1,1,,,,,2,0
2026-08-19T17:11:42.902Z,1787159502902,FAN_DT_001_F2_S03_R01_20260819T170351,1,471.508,FAULT_ACTIVE,F2,0.3,FAN_DT_001,3.0,process-model-3.0.0-build3,753,1,LIVE,SYNCHRONISED,AUTOMATIC,NORMAL,65,1950,1950,0,145,151,0.3,0.3,25.72062,39.13,1.197,1.165,0.0254,0,242.28,31.096,-0.01043,1,0.18,4.303,7.2454,80.5,DEGRADED,F2,2,1,electrical_overcurrent,0.3,1,1,,,,,2,0
2026-08-19T17:11:43.931Z,1787159503931,FAN_DT_001_F2_S03_R01_20260819T170351,1,472.537,FAULT_ACTIVE,F2,0.3,FAN_DT_001,3.0,process-model-3.0.0-build3,754,1,LIVE,SYNCHRONISED,AUTOMATIC,NORMAL,65,1950,1950,0,145,151,0.3,0.3,25.72841,39.14,1.197,1.165,0.0254,0,242.28,31.1656,-0.01039,1,0.18,4.29,7.2616,80.5,DEGRADED,F2,2,1,electrical_overcurrent,0.3,1,1,,,,,2,0
2026-08-19T17:11:44.970Z,1787159504970,FAN_DT_001_F2_S03_R01_20260819T170351,1,473.577,FAULT_ACTIVE,F2,0.3,FAN_DT_001,3.0,process-model-3.0.0-build3,755,1,LIVE,SYNCHRONISED,AUTOMATIC,NORMAL,65,1950,1950,0,145,151,0.3,0.3,25.73578,39.15,1.197,1.165,0.0254,0,242.28,31.2348,-0.01032,1,0.18,4.258,7.2777,80.5,DEGRADED,F2,2,1,electrical_overcurrent,0.3,1,1,,,,,2,0
2026-08-19T17:11:46.000Z,1787159506000,FAN_DT_001_F2_S03_R01_20260819T170351,1,474.605,FAULT_ACTIVE,F2,0.3,FAN_DT_001,3.0,process-model-3.0.0-build3,756,1,LIVE,SYNCHRONISED,AUTOMATIC,NORMAL,65,1950,1950,0,145,151,0.3,0.3,25.74281,39.16,1.197,1.165,0.0254,0,242.28,31.3045,-0.01026,1,0.18,4.236,7.2939,80.5,DEGRADED,F2,2,1,electrical_overcurrent,0.3,1,1,,,,,2,0
2026-08-19T17:11:47.034Z,1787159507034,FAN_DT_001_F2_S03_R01_20260819T170351,1,475.64,FAULT_ACTIVE,F2,0.3,FAN_DT_001,3.0,process-model-3.0.0-build3,757,1,LIVE,SYNCHRONISED,AUTOMATIC,NORMAL,65,1950,1950,0,145,151,0.3,0.3,25.7494,39.17,1.197,1.165,0.0254,0,242.28,31.3737,-0.0102,1,0.18,4.21,7.3101,80.5,DEGRADED,F2,2,1,electrical_overcurrent,0.3,1,1,,,,,2,0
2026-08-19T17:11:48.080Z,1787159508080,FAN_DT_001_F2_S03_R01_20260819T170351,1,476.686,FAULT_ACTIVE,F2,0.3,FAN_DT_001,3.0,process-model-3.0.0-build3,758,1,LIVE,SYNCHRONISED,AUTOMATIC,NORMAL,65,1950,1950,0,145,151,0.3,0.3,25.75563,39.18,1.197,1.165,0.0254,0,242.28,31.4432,-0.01014,1,0.18,4.186,7.3263,80.5,DEGRADED,F2,2,1,electrical_overcurrent,0.3,1,1,,,,,2,0
2026-08-19T17:11:49.123Z,1787159509123,FAN_DT_001_F2_S03_R01_20260819T170351,1,477.729,FAULT_ACTIVE,F2,0.3,FAN_DT_001,3.0,process-model-3.0.0-build3,759,1,LIVE,SYNCHRONISED,AUTOMATIC,NORMAL,65,1950,1950,0,145,151,0.3,0.3,25.76147,39.19,1.197,1.165,0.0254,0,242.28,31.5128,-0.01006,1,0.18,4.151,7.3425,80.5,DEGRADED,F2,2,1,electrical_overcurrent,0.3,1,1,,,,,2,0
2026-08-19T17:11:50.136Z,1787159510136,FAN_DT_001_F2_S03_R01_20260819T170351,1,478.742,FAULT_ACTIVE,F2,0.3,FAN_DT_001,3.0,process-model-3.0.0-build3,760,1,LIVE,SYNCHRONISED,AUTOMATIC,NORMAL,65,1950,1950,0,145,151,0.3,0.3,25.76686,39.2,1.197,1.165,0.0254,0,242.28,31.5819,-0.00998,1,0.18,4.121,7.3586,80.5,DEGRADED,F2,2,1,electrical_overcurrent,0.3,1,1,,,,,2,0
2026-08-19T17:11:51.161Z,1787159511161,FAN_DT_001_F2_S03_R01_20260819T170351,1,479.767,FAULT_ACTIVE,F2,0.3,FAN_DT_001,3.0,process-model-3.0.0-build3,761,1,LIVE,SYNCHRONISED,AUTOMATIC,NORMAL,65,1950,1950,0,145,151,0.3,0.3,25.7719,39.22,1.197,1.165,0.0254,0,242.28,31.6515,-0.00987,1,0.18,4.074,7.3748,80.5,DEGRADED,F2,2,1,electrical_overcurrent,0.3,1,1,,,,,2,0
2026-08-19T17:11:52.209Z,1787159512209,FAN_DT_001_F2_S03_R01_20260819T170351,1,480.816,FAULT_ACTIVE,F2,0.3,FAN_DT_001,3.0,process-model-3.0.0-build3,762,1,LIVE,SYNCHRONISED,AUTOMATIC,NORMAL,65,1950,1950,0,145,151,0.3,0.3,25.7765,39.23,1.197,1.165,0.0254,0,242.28,31.7208,-0.0098,1,0.18,4.044,7.3909,80.5,DEGRADED,F2,2,1,electrical_overcurrent,0.3,1,1,,,,,2,0
2026-08-19T17:11:53.233Z,1787159513233,FAN_DT_001_F2_S03_R01_20260819T170351,1,481.839,FAULT_ACTIVE,F2,0.3,FAN_DT_001,3.0,process-model-3.0.0-build3,763,1,LIVE,SYNCHRONISED,AUTOMATIC,NORMAL,65,1950,1950,0,145,151,0.3,0.3,25.78072,39.24,1.197,1.165,0.0254,0,242.28,31.7903,-0.00969,1,0.18,3.998,7.4071,80.5,DEGRADED,F2,2,1,electrical_overcurrent,0.3,1,1,,,,,2,0
2026-08-19T17:11:54.265Z,1787159514265,FAN_DT_001_F2_S03_R01_20260819T170351,1,482.871,FAULT_ACTIVE,F2,0.3,FAN_DT_001,3.0,process-model-3.0.0-build3,764,1,LIVE,SYNCHRONISED,AUTOMATIC,NORMAL,65,1950,1950,0,145,151,0.3,0.3,25.78452,39.25,1.197,1.165,0.0254,0,242.28,31.8599,-0.0096,1,0.18,3.961,7.4234,80.5,DEGRADED,F2,2,1,electrical_overcurrent,0.3,1,1,,,,,2,0
2026-08-19T17:11:55.301Z,1787159515301,FAN_DT_001_F2_S03_R01_20260819T170351,1,483.907,FAULT_ACTIVE,F2,0.3,FAN_DT_001,3.0,process-model-3.0.0-build3,765,1,LIVE,SYNCHRONISED,AUTOMATIC,NORMAL,65,1950,1950,0,145,151,0.3,0.3,25.7879,39.26,1.197,1.165,0.0254,0,242.28,31.9293,-0.00948,1,0.18,3.912,7.4395,80.5,DEGRADED,F2,2,1,electrical_overcurrent,0.3,1,1,,,,,2,0
2026-08-19T17:11:56.322Z,1787159516322,FAN_DT_001_F2_S03_R01_20260819T170351,1,484.928,FAULT_ACTIVE,F2,0.3,FAN_DT_001,3.0,process-model-3.0.0-build3,766,1,LIVE,SYNCHRONISED,AUTOMATIC,NORMAL,65,1950,1950,0,145,151,0.3,0.3,25.79091,39.26,1.197,1.165,0.0254,0,242.28,31.9996,-0.00938,1,0.18,3.874,7.4559,80.5,DEGRADED,F2,2,1,electrical_overcurrent,0.3,1,1,,,,,2,0
2026-08-19T17:11:57.337Z,1787159517337,FAN_DT_001_F2_S03_R01_20260819T170351,1,485.943,FAULT_ACTIVE,F2,0.3,FAN_DT_001,3.0,process-model-3.0.0-build3,767,1,LIVE,SYNCHRONISED,AUTOMATIC,NORMAL,65,1950,1950,0,145,151,0.3,0.3,25.79337,39.27,1.197,1.165,0.0254,0,242.28,32.0664,-0.00926,1,0.18,3.822,7.4715,80.5,DEGRADED,F2,2,1,electrical_overcurrent,0.3,1,1,,,,,2,0
2026-08-19T17:11:58.373Z,1787159518373,FAN_DT_001_F2_S03_R01_20260819T170351,1,486.979,FAULT_ACTIVE,F2,0.3,FAN_DT_001,3.0,process-model-3.0.0-build3,768,1,LIVE,SYNCHRONISED,AUTOMATIC,NORMAL,65,1950,1950,0,145,151,0.3,0.3,25.79551,39.28,1.197,1.165,0.0254,0,242.28,32.1355,-0.00915,1,0.18,3.776,7.4876,80.5,DEGRADED,F2,2,1,electrical_overcurrent,0.3,1,1,,,,,2,0
2026-08-19T17:11:59.399Z,1787159519399,FAN_DT_001_F2_S03_R01_20260819T170351,1,488.005,FAULT_ACTIVE,F2,0.3,FAN_DT_001,3.0,process-model-3.0.0-build3,769,1,LIVE,SYNCHRONISED,AUTOMATIC,NORMAL,65,1950,1950,0,145,151,0.3,0.3,25.79724,39.29,1.197,1.165,0.0254,0,242.28,32.2051,-0.00901,1,0.18,3.719,7.5038,80.5,DEGRADED,F2,2,1,electrical_overcurrent,0.3,1,1,,,,,2,0
2026-08-19T17:12:00.437Z,1787159520437,FAN_DT_001_F2_S03_R01_20260819T170351,1,489.043,FAULT_ACTIVE,F2,0.3,FAN_DT_001,3.0,process-model-3.0.0-build3,770,1,LIVE,SYNCHRONISED,AUTOMATIC,NORMAL,65,1950,1950,0,145,151,0.3,0.3,25.79855,39.3,1.197,1.165,0.0254,0,242.28,32.2743,-0.00887,1,0.18,3.662,7.5199,80.5,DEGRADED,F2,2,1,electrical_overcurrent,0.3,1,1,,,,,2,0
2026-08-19T17:12:01.473Z,1787159521473,FAN_DT_001_F2_S03_R01_20260819T170351,1,490.079,FAULT_ACTIVE,F2,0.3,FAN_DT_001,3.0,process-model-3.0.0-build3,771,1,LIVE,SYNCHRONISED,AUTOMATIC,NORMAL,65,1950,1950,0,145,151,0.3,0.3,25.79945,39.31,1.197,1.165,0.0254,0,242.28,32.3439,-0.00875,1,0.18,3.612,7.5361,80.5,DEGRADED,F2,2,1,electrical_overcurrent,0.3,1,1,,,,,2,0
2026-08-19T17:12:02.507Z,1787159522507,FAN_DT_001_F2_S03_R01_20260819T170351,1,491.113,FAULT_ACTIVE,F2,0.3,FAN_DT_001,3.0,process-model-3.0.0-build3,772,1,LIVE,SYNCHRONISED,AUTOMATIC,NORMAL,65,1950,1950,0,145,151,0.3,0.3,25.79992,39.32,1.197,1.165,0.0254,0,242.28,32.4131,-0.00862,1,0.18,3.557,7.5523,80.5,DEGRADED,F2,2,1,electrical_overcurrent,0.3,1,1,,,,,2,0
2026-08-19T17:12:03.534Z,1787159523534,FAN_DT_001_F2_S03_R01_20260819T170351,1,492.14,FAULT_ACTIVE,F2,0.3,FAN_DT_001,3.0,process-model-3.0.0-build3,773,1,LIVE,SYNCHRONISED,AUTOMATIC,NORMAL,65,1950,1950,0,145,151,0.3,0.3,25.79997,39.33,1.197,1.165,0.0254,0,242.28,32.4826,-0.00845,1,0.18,3.486,7.5685,80.5,DEGRADED,F2,2,1,electrical_overcurrent,0.3,1,1,,,,,2,0
2026-08-19T17:12:04.567Z,1787159524567,FAN_DT_001_F2_S03_R01_20260819T170351,1,493.173,FAULT_ACTIVE,F2,0.3,FAN_DT_001,3.0,process-model-3.0.0-build3,774,1,LIVE,SYNCHRONISED,AUTOMATIC,NORMAL,65,1950,1950,0,145,151,0.3,0.3,25.7996,39.34,1.197,1.165,0.0254,0,242.28,32.5523,-0.00832,1,0.18,3.435,7.5847,80.5,DEGRADED,F2,2,1,electrical_overcurrent,0.3,1,1,,,,,2,0
2026-08-19T17:12:05.623Z,1787159525623,FAN_DT_001_F2_S03_R01_20260819T170351,1,494.23,FAULT_ACTIVE,F2,0.3,FAN_DT_001,3.0,process-model-3.0.0-build3,775,1,LIVE,SYNCHRONISED,AUTOMATIC,NORMAL,65,1950,1950,0,145,151,0.3,0.3,25.79881,39.35,1.197,1.165,0.0254,0,242.28,32.6216,-0.00817,1,0.18,3.37,7.6008,80.5,DEGRADED,F2,2,1,electrical_overcurrent,0.3,1,1,,,,,2,0
2026-08-19T17:12:06.642Z,1787159526642,FAN_DT_001_F2_S03_R01_20260819T170351,1,495.248,FAULT_ACTIVE,F2,0.3,FAN_DT_001,3.0,process-model-3.0.0-build3,776,1,LIVE,SYNCHRONISED,AUTOMATIC,NORMAL,65,1950,1950,0,145,151,0.3,0.3,25.7976,39.35,1.197,1.165,0.0254,0,242.28,32.6913,-0.00799,1,0.18,3.298,7.6171,80.5,DEGRADED,F2,2,1,electrical_overcurrent,0.3,1,1,,,,,2,0
2026-08-19T17:12:07.670Z,1787159527670,FAN_DT_001_F2_S03_R01_20260819T170351,1,496.276,FAULT_ACTIVE,F2,0.3,FAN_DT_001,3.0,process-model-3.0.0-build3,777,1,LIVE,SYNCHRONISED,AUTOMATIC,NORMAL,65,1950,1950,0,145,151,0.3,0.3,25.79598,39.36,1.197,1.165,0.0254,0,242.28,32.7605,-0.00783,1,0.18,3.233,7.6332,80.5,DEGRADED,F2,2,1,electrical_overcurrent,0.3,1,1,,,,,2,0
2026-08-19T17:12:08.701Z,1787159528701,FAN_DT_001_F2_S03_R01_20260819T170351,1,497.307,FAULT_ACTIVE,F2,0.3,FAN_DT_001,3.0,process-model-3.0.0-build3,778,1,LIVE,SYNCHRONISED,AUTOMATIC,NORMAL,65,1950,1950,0,145,151,0.3,0.3,25.79392,39.37,1.197,1.165,0.0254,0,242.28,32.8301,-0.00766,1,0.18,3.162,7.6494,80.5,DEGRADED,F2,2,1,electrical_overcurrent,0.3,1,1,,,,,2,0
2026-08-19T17:12:09.739Z,1787159529739,FAN_DT_001_F2_S03_R01_20260819T170351,1,498.345,FAULT_ACTIVE,F2,0.3,FAN_DT_001,3.0,process-model-3.0.0-build3,779,1,LIVE,SYNCHRONISED,AUTOMATIC,NORMAL,65,1950,1950,0,145,151,0.3,0.3,25.79146,39.38,1.197,1.165,0.0254,0,242.28,32.8995,-0.00749,1,0.18,3.089,7.6656,80.5,DEGRADED,F2,2,1,electrical_overcurrent,0.3,1,1,,,,,2,0
2026-08-19T17:12:10.775Z,1787159530775,FAN_DT_001_F2_S03_R01_20260819T170351,1,499.381,FAULT_ACTIVE,F2,0.3,FAN_DT_001,3.0,process-model-3.0.0-build3,780,1,LIVE,SYNCHRONISED,AUTOMATIC,NORMAL,65,1950,1950,0,145,151,0.3,0.3,25.78858,39.39,1.197,1.165,0.0254,0,242.28,32.9688,-0.00733,1,0.18,3.026,7.6817,80.5,DEGRADED,F2,2,1,electrical_overcurrent,0.3,1,1,,,,,2,0
2026-08-19T17:12:11.819Z,1787159531819,FAN_DT_001_F2_S03_R01_20260819T170351,1,500.428,FAULT_ACTIVE,F2,0.3,FAN_DT_001,3.0,process-model-3.0.0-build3,781,1,LIVE,SYNCHRONISED,AUTOMATIC,NORMAL,65,1950,1950,0,145,151,0.3,0.3,25.78529,39.39,1.197,1.165,0.0254,0,242.28,33.0384,-0.00715,1,0.18,2.951,7.6979,80.5,DEGRADED,F2,2,1,electrical_overcurrent,0.3,1,1,,,,,2,0
2026-08-19T17:12:12.835Z,1787159532835,FAN_DT_001_F2_S03_R01_20260819T170351,1,501.443,FAULT_ACTIVE,F2,0.3,FAN_DT_001,3.0,process-model-3.0.0-build3,782,1,LIVE,SYNCHRONISED,AUTOMATIC,NORMAL,65,1950,1950,0,145,151,0.3,0.3,25.78159,39.4,1.197,1.165,0.0254,0,242.28,33.1076,-0.00696,1,0.18,2.875,7.7141,80.5,DEGRADED,F2,2,1,electrical_overcurrent,0.3,1,1,,,,,2,0
2026-08-19T17:12:13.878Z,1787159533878,FAN_DT_001_F2_S03_R01_20260819T170351,1,502.484,FAULT_ACTIVE,F2,0.3,FAN_DT_001,3.0,process-model-3.0.0-build3,783,1,LIVE,SYNCHRONISED,AUTOMATIC,NORMAL,65,1950,1950,0,145,151,0.3,0.3,25.77746,39.41,1.197,1.165,0.0254,0,242.28,33.1772,-0.00678,1,0.18,2.799,7.7303,80.5,DEGRADED,F2,2,1,electrical_overcurrent,0.3,1,1,,,,,2,0
2026-08-19T17:12:14.924Z,1787159534924,FAN_DT_001_F2_S03_R01_20260819T170351,1,503.53,FAULT_ACTIVE,F2,0.3,FAN_DT_001,3.0,process-model-3.0.0-build3,784,1,LIVE,SYNCHRONISED,AUTOMATIC,NORMAL,65,1950,1950,0,145,151,0.3,0.3,25.77293,39.41,1.197,1.165,0.0254,0,242.28,33.2467,-0.00659,1,0.18,2.72,7.7465,80.5,DEGRADED,F2,2,1,electrical_overcurrent,0.3,1,1,,,,,2,0
2026-08-19T17:12:15.943Z,1787159535943,FAN_DT_001_F2_S03_R01_20260819T170351,1,504.549,FAULT_ACTIVE,F2,0.3,FAN_DT_001,3.0,process-model-3.0.0-build3,785,1,LIVE,SYNCHRONISED,AUTOMATIC,NORMAL,65,1950,1950,0,145,151,0.3,0.3,25.76801,39.42,1.197,1.165,0.0254,0,242.28,33.316,-0.0064,1,0.18,2.641,7.7626,80.5,DEGRADED,F2,2,1,electrical_overcurrent,0.3,1,1,,,,,2,0
2026-08-19T17:12:16.964Z,1787159536964,FAN_DT_001_F2_S03_R01_20260819T170351,1,505.57,FAULT_ACTIVE,F2,0.3,FAN_DT_001,3.0,process-model-3.0.0-build3,786,1,LIVE,SYNCHRONISED,AUTOMATIC,NORMAL,65,1950,1950,0,145,151,0.3,0.3,25.76268,39.43,1.197,1.165,0.0254,0,242.28,33.3854,-0.00619,1,0.18,2.554,7.7788,80.5,DEGRADED,F2,2,1,electrical_overcurrent,0.3,1,1,,,,,2,0
2026-08-19T17:12:18.037Z,1787159538037,FAN_DT_001_F2_S03_R01_20260819T170351,1,506.644,FAULT_ACTIVE,F2,0.3,FAN_DT_001,3.0,process-model-3.0.0-build3,787,1,LIVE,SYNCHRONISED,AUTOMATIC,NORMAL,65,1950,1950,0,145,151,0.3,0.3,25.75696,39.43,1.197,1.165,0.0254,0,242.28,33.4546,-0.006,1,0.18,2.476,7.7949,80.5,DEGRADED,F2,2,1,electrical_overcurrent,0.3,1,1,,,,,2,0
2026-08-19T17:12:19.037Z,1787159539037,FAN_DT_001_F2_S03_R01_20260819T170351,1,507.644,FAULT_ACTIVE,F2,0.3,FAN_DT_001,3.0,process-model-3.0.0-build3,788,1,LIVE,SYNCHRONISED,AUTOMATIC,NORMAL,65,1950,1950,0,145,151,0.3,0.3,25.75082,39.44,1.197,1.165,0.0254,0,242.28,33.5241,-0.00581,1,0.18,2.399,7.8111,80.5,DEGRADED,F2,2,1,electrical_overcurrent,0.3,1,1,,,,,2,0
2026-08-19T17:12:20.062Z,1787159540062,FAN_DT_001_F2_S03_R01_20260819T170351,1,508.669,FAULT_ACTIVE,F2,0.3,FAN_DT_001,3.0,process-model-3.0.0-build3,789,1,LIVE,SYNCHRONISED,AUTOMATIC,NORMAL,65,1950,1950,0,145,151,0.3,0.3,25.74428,39.45,1.197,1.165,0.0254,0,242.28,33.5936,-0.00561,1,0.18,2.314,7.8273,80.5,DEGRADED,F2,2,1,electrical_overcurrent,0.3,1,1,,,,,2,0
2026-08-19T17:12:21.098Z,1787159541098,FAN_DT_001_F2_S03_R01_20260819T170351,1,509.705,FAULT_ACTIVE,F2,0.3,FAN_DT_001,3.0,process-model-3.0.0-build3,790,1,LIVE,SYNCHRONISED,AUTOMATIC,NORMAL,65,1950,1950,0,145,151,0.3,0.3,25.73739,39.45,1.197,1.165,0.0254,0,242.28,33.6627,-0.00538,1,0.18,2.221,7.8434,80.5,DEGRADED,F2,2,1,electrical_overcurrent,0.3,1,1,,,,,2,0
2026-08-19T17:12:22.129Z,1787159542129,FAN_DT_001_F2_S03_R01_20260819T170351,1,510.736,FAULT_ACTIVE,F2,0.3,FAN_DT_001,3.0,process-model-3.0.0-build3,791,1,LIVE,SYNCHRONISED,AUTOMATIC,NORMAL,65,1950,1950,0,145,151,0.3,0.3,25.73006,39.46,1.197,1.165,0.0254,0,242.28,33.7324,-0.00518,1,0.18,2.137,7.8596,80.5,DEGRADED,F2,2,1,electrical_overcurrent,0.3,1,1,,,,,2,0
2026-08-19T17:12:23.165Z,1787159543165,FAN_DT_001_F2_S03_R01_20260819T170351,1,511.771,FAULT_ACTIVE,F2,0.3,FAN_DT_001,3.0,process-model-3.0.0-build3,792,1,LIVE,SYNCHRONISED,AUTOMATIC,NORMAL,65,1950,1950,0,145,151,0.3,0.3,25.72238,39.46,1.197,1.165,0.0254,0,242.28,33.8018,-0.00497,1,0.18,2.052,7.8758,80.5,DEGRADED,F2,2,1,electrical_overcurrent,0.3,1,1,,,,,2,0
2026-08-19T17:12:24.247Z,1787159544247,FAN_DT_001_F2_S03_R01_20260819T170351,1,512.854,FAULT_ACTIVE,F2,0.3,FAN_DT_001,3.0,process-model-3.0.0-build3,793,1,LIVE,SYNCHRONISED,AUTOMATIC,NORMAL,65,1950,1950,0,145,151,0.3,0.3,25.71431,39.47,1.197,1.165,0.0254,0,242.28,33.8712,-0.00475,1,0.18,1.959,7.892,80.5,DEGRADED,F2,2,1,electrical_overcurrent,0.3,1,1,,,,,2,0
2026-08-19T17:12:25.236Z,1787159545236,FAN_DT_001_F2_S03_R01_20260819T170351,1,513.843,FAULT_ACTIVE,F2,0.3,FAN_DT_001,3.0,process-model-3.0.0-build3,794,1,LIVE,SYNCHRONISED,AUTOMATIC,NORMAL,65,1950,1950,0,145,151,0.3,0.3,25.70585,39.47,1.197,1.165,0.0254,0,242.28,33.9408,-0.00453,1,0.18,1.87,7.9082,80.5,DEGRADED,F2,2,1,electrical_overcurrent,0.3,1,1,,,,,2,0
2026-08-19T17:12:26.236Z,1787159546236,FAN_DT_001_F2_S03_R01_20260819T170351,1,514.843,FAULT_ACTIVE,F2,0.3,FAN_DT_001,3.0,process-model-3.0.0-build3,795,1,LIVE,SYNCHRONISED,AUTOMATIC,NORMAL,65,1950,1950,0,145,151,0.3,0.3,25.69704,39.48,1.197,1.165,0.0254,0,242.28,34.0101,-0.00429,1,0.18,1.772,7.9244,80.5,DEGRADED,F2,2,1,electrical_overcurrent,0.3,1,1,,,,,2,0
2026-08-19T17:12:27.269Z,1787159547269,FAN_DT_001_F2_S03_R01_20260819T170351,1,515.876,FAULT_ACTIVE,F2,0.3,FAN_DT_001,3.0,process-model-3.0.0-build3,796,1,LIVE,SYNCHRONISED,AUTOMATIC,NORMAL,65,1950,1950,0,145,151,0.3,0.3,25.68815,39.48,1.197,1.165,0.0254,0,242.28,34.0774,-0.00409,1,0.18,1.687,7.94,80.5,DEGRADED,F2,2,1,electrical_overcurrent,0.3,1,1,,,,,2,0
2026-08-19T17:12:28.295Z,1787159548295,FAN_DT_001_F2_S03_R01_20260819T170351,1,516.902,FAULT_ACTIVE,F2,0.3,FAN_DT_001,3.0,process-model-3.0.0-build3,797,1,LIVE,SYNCHRONISED,AUTOMATIC,NORMAL,65,1950,1950,0,145,151,0.3,0.3,25.67861,39.49,1.197,1.165,0.0254,0,242.28,34.1468,-0.00387,1,0.18,1.599,7.9562,80.5,DEGRADED,F2,2,1,electrical_overcurrent,0.3,1,1,,,,,2,0
2026-08-19T17:12:29.351Z,1787159549351,FAN_DT_001_F2_S03_R01_20260819T170351,1,517.957,FAULT_ACTIVE,F2,0.3,FAN_DT_001,3.0,process-model-3.0.0-build3,798,1,LIVE,SYNCHRONISED,AUTOMATIC,NORMAL,65,1950,1950,0,145,151,0.3,0.3,25.66874,39.49,1.197,1.165,0.0254,0,242.28,34.2162,-0.00364,1,0.18,1.502,7.9724,80.5,DEGRADED,F2,2,1,electrical_overcurrent,0.3,1,1,,,,,2,0
2026-08-19T17:12:30.364Z,1787159550364,FAN_DT_001_F2_S03_R01_20260819T170351,1,518.971,FAULT_ACTIVE,F2,0.3,FAN_DT_001,3.0,process-model-3.0.0-build3,799,1,LIVE,SYNCHRONISED,AUTOMATIC,NORMAL,65,1950,1950,0,145,151,0.3,0.3,25.65848,39.49,1.197,1.165,0.0254,0,242.28,34.2858,-0.00339,1,0.18,1.4,7.9886,80.5,DEGRADED,F2,2,1,electrical_overcurrent,0.3,1,1,,,,,2,0
2026-08-19T17:12:31.427Z,1787159551427,FAN_DT_001_F2_S03_R01_20260819T170351,1,520.039,FAULT_ACTIVE,F2,0.3,FAN_DT_001,3.0,process-model-3.0.0-build3,800,1,LIVE,SYNCHRONISED,AUTOMATIC,NORMAL,65,1950,1950,0,145,151,0.3,0.3,25.64789,39.5,1.197,1.165,0.0254,0,242.28,34.3551,-0.00318,1,0.18,1.312,8.0047,80.5,DEGRADED,F2,2,1,electrical_overcurrent,0.3,1,1,,,,,2,0
2026-08-19T17:12:32.449Z,1787159552449,FAN_DT_001_F2_S03_R01_20260819T170351,1,521.056,FAULT_ACTIVE,F2,0.3,FAN_DT_001,3.0,process-model-3.0.0-build3,801,1,LIVE,SYNCHRONISED,AUTOMATIC,NORMAL,65,1950,1950,0,145,151,0.3,0.3,25.63697,39.5,1.197,1.165,0.0254,0,242.28,34.4245,-0.00294,1,0.18,1.215,8.0209,80.5,DEGRADED,F2,2,1,electrical_overcurrent,0.3,1,1,,,,,2,0
2026-08-19T17:12:33.504Z,1787159553504,FAN_DT_001_F2_S03_R01_20260819T170351,1,522.112,FAULT_ACTIVE,F2,0.3,FAN_DT_001,3.0,process-model-3.0.0-build3,802,1,LIVE,SYNCHRONISED,AUTOMATIC,NORMAL,65,1950,1950,0,145,151,0.3,0.3,25.62569,39.5,1.197,1.165,0.0254,0,242.28,34.4941,-0.0027,1,0.18,1.116,8.0371,80.5,DEGRADED,F2,2,1,electrical_overcurrent,0.3,1,1,,,,,2,0
2026-08-19T17:12:34.517Z,1787159554517,FAN_DT_001_F2_S03_R01_20260819T170351,1,523.125,FAULT_ACTIVE,F2,0.3,FAN_DT_001,3.0,process-model-3.0.0-build3,803,1,LIVE,SYNCHRONISED,AUTOMATIC,NORMAL,65,1950,1950,0,145,151,0.3,0.3,25.61411,39.5,1.197,1.165,0.0254,0,242.28,34.5635,-0.00248,1,0.18,1.022,8.0533,80.5,DEGRADED,F2,2,1,electrical_overcurrent,0.3,1,1,,,,,2,0
2026-08-19T17:12:35.533Z,1787159555533,FAN_DT_001_F2_S03_R01_20260819T170351,1,524.14,FAULT_ACTIVE,F2,0.3,FAN_DT_001,3.0,process-model-3.0.0-build3,804,1,LIVE,SYNCHRONISED,AUTOMATIC,NORMAL,65,1950,1950,0,145,151,0.3,0.3,25.60219,39.51,1.197,1.165,0.0254,0,242.28,34.6329,-0.00224,1,0.18,0.925,8.0695,80.5,DEGRADED,F2,2,1,electrical_overcurrent,0.3,1,1,,,,,2,0
2026-08-19T17:12:36.566Z,1787159556566,FAN_DT_001_F2_S03_R01_20260819T170351,1,525.174,FAULT_ACTIVE,F2,0.3,FAN_DT_001,3.0,process-model-3.0.0-build3,805,1,LIVE,SYNCHRONISED,AUTOMATIC,NORMAL,65,1950,1950,0,145,151,0.3,0.3,25.58993,39.51,1.197,1.165,0.0254,0,242.28,34.7025,-0.00199,1,0.18,0.823,8.0857,80.5,DEGRADED,F2,2,1,electrical_overcurrent,0.3,1,1,,,,,2,0
2026-08-19T17:12:37.607Z,1787159557607,FAN_DT_001_F2_S03_R01_20260819T170351,1,526.216,FAULT_ACTIVE,F2,0.3,FAN_DT_001,3.0,process-model-3.0.0-build3,806,1,LIVE,SYNCHRONISED,AUTOMATIC,NORMAL,65,1950,1950,0,145,151,0.3,0.3,25.5774,39.51,1.197,1.165,0.0254,0,242.28,34.7719,-0.00176,1,0.18,0.727,8.1018,80.5,DEGRADED,F2,2,1,electrical_overcurrent,0.3,1,1,,,,,2,0
2026-08-19T17:12:38.634Z,1787159558634,FAN_DT_001_F2_S03_R01_20260819T170351,1,527.242,FAULT_ACTIVE,F2,0.3,FAN_DT_001,3.0,process-model-3.0.0-build3,807,1,LIVE,SYNCHRONISED,AUTOMATIC,NORMAL,65,1950,1950,0,145,151,0.3,0.3,25.56451,39.51,1.197,1.165,0.0254,0,242.28,34.8415,-0.00151,1,0.18,0.625,8.1181,80.5,DEGRADED,F2,2,1,electrical_overcurrent,0.3,1,1,,,,,2,0
2026-08-19T17:12:39.696Z,1787159559696,FAN_DT_001_F2_S03_R01_20260819T170351,1,528.307,FAULT_ACTIVE,F2,0.3,FAN_DT_001,3.0,process-model-3.0.0-build3,808,1,LIVE,SYNCHRONISED,AUTOMATIC,NORMAL,65,1950,1950,0,145,151,0.3,0.3,25.5514,39.51,1.197,1.165,0.0254,0,242.28,34.9108,-0.00127,1,0.18,0.525,8.1342,80.5,DEGRADED,F2,2,1,electrical_overcurrent,0.3,1,1,,,,,2,0
2026-08-19T17:12:40.723Z,1787159560723,FAN_DT_001_F2_S03_R01_20260819T170351,1,529.33,FAULT_ACTIVE,F2,0.3,FAN_DT_001,3.0,process-model-3.0.0-build3,809,1,LIVE,SYNCHRONISED,AUTOMATIC,NORMAL,65,1950,1950,0,145,151,0.3,0.3,25.5379,39.52,1.197,1.165,0.0254,0,242.28,34.9806,-0.00103,1,0.18,0.425,8.1505,80.5,DEGRADED,F2,2,1,electrical_overcurrent,0.3,1,1,,,,,2,0
2026-08-19T17:12:41.744Z,1787159561744,FAN_DT_001_F2_S03_R01_20260819T170351,1,530.353,FAULT_ACTIVE,F2,0.3,FAN_DT_001,3.0,process-model-3.0.0-build3,810,1,LIVE,SYNCHRONISED,AUTOMATIC,NORMAL,65,1950,1950,0,145,151,0.3,0.3,25.52422,39.52,1.197,1.165,0.0254,0,242.28,35.0498,-0.00078,1,0.18,0.322,8.1666,80.5,DEGRADED,F2,2,1,electrical_overcurrent,0.3,1,1,,,,,2,0
2026-08-19T17:12:42.769Z,1787159562769,FAN_DT_001_F2_S03_R01_20260819T170351,1,531.379,FAULT_ACTIVE,F2,0.3,FAN_DT_001,3.0,process-model-3.0.0-build3,811,1,LIVE,SYNCHRONISED,AUTOMATIC,NORMAL,65,1950,1950,0,145,151,0.3,0.3,25.51027,39.52,1.197,1.165,0.0254,0,242.28,35.1191,-0.00054,1,0.18,0.223,8.1827,80.5,DEGRADED,F2,2,1,electrical_overcurrent,0.3,1,1,,,,,2,0
2026-08-19T17:12:43.822Z,1787159563822,FAN_DT_001_F2_S03_R01_20260819T170351,1,532.436,FAULT_ACTIVE,F2,0.3,FAN_DT_001,3.0,process-model-3.0.0-build3,812,1,LIVE,SYNCHRONISED,AUTOMATIC,NORMAL,65,1950,1950,0,145,151,0.3,0.3,25.49599,39.52,1.197,1.165,0.0254,0,242.28,35.1886,-0.0003,1,0.18,0.124,8.1989,80.5,DEGRADED,F2,2,1,electrical_overcurrent,0.3,1,1,,,,,2,0
2026-08-19T17:12:44.836Z,1787159564836,FAN_DT_001_F2_S03_R01_20260819T170351,1,533.444,FAULT_ACTIVE,F2,0.3,FAN_DT_001,3.0,process-model-3.0.0-build3,813,1,LIVE,SYNCHRONISED,AUTOMATIC,NORMAL,65,1950,1950,0,145,151,0.3,0.3,25.48149,39.52,1.197,1.165,0.0254,0,242.28,35.2579,-0.00006,1,0.18,0.024,8.2151,80.5,DEGRADED,F2,2,1,electrical_overcurrent,0.3,1,1,,,,,2,0
2026-08-19T17:12:45.867Z,1787159565867,FAN_DT_001_F2_S03_R01_20260819T170351,1,534.474,FAULT_ACTIVE,F2,0.3,FAN_DT_001,3.0,process-model-3.0.0-build3,814,1,LIVE,SYNCHRONISED,AUTOMATIC,NORMAL,65,1950,1950,0,145,151,0.3,0.3,25.4667,39.52,1.197,1.165,0.0254,0,242.28,35.3275,0.00018,1,0.18,0.075,8.2313,80.5,DEGRADED,F2,2,1,electrical_overcurrent,0.3,1,1,,,,,2,0
2026-08-19T17:12:46.899Z,1787159566899,FAN_DT_001_F2_S03_R01_20260819T170351,1,535.51,FAULT_ACTIVE,F2,0.3,FAN_DT_001,3.0,process-model-3.0.0-build3,815,1,LIVE,SYNCHRONISED,AUTOMATIC,NORMAL,65,1950,1950,0,145,151,0.3,0.3,25.45169,39.52,1.197,1.165,0.0254,0,242.28,35.3969,0.00043,1,0.18,0.179,8.2475,80.5,DEGRADED,F2,2,1,electrical_overcurrent,0.3,1,1,,,,,2,0
2026-08-19T17:12:47.931Z,1787159567931,FAN_DT_001_F2_S03_R01_20260819T170351,1,536.538,FAULT_ACTIVE,F2,0.3,FAN_DT_001,3.0,process-model-3.0.0-build3,816,1,LIVE,SYNCHRONISED,AUTOMATIC,NORMAL,65,1950,1950,0,145,151,0.3,0.3,25.43651,39.52,1.197,1.165,0.0254,0,242.28,35.466,0.00066,1,0.18,0.273,8.2636,80.5,DEGRADED,F2,2,1,electrical_overcurrent,0.3,1,1,,,,,2,0
2026-08-19T17:12:48.963Z,1787159568963,FAN_DT_001_F2_S03_R01_20260819T170351,1,537.573,FAULT_ACTIVE,F2,0.3,FAN_DT_001,3.0,process-model-3.0.0-build3,817,1,LIVE,SYNCHRONISED,AUTOMATIC,NORMAL,65,1950,1950,0,145,151,0.3,0.3,25.42097,39.52,1.197,1.165,0.0254,0,242.28,35.5356,0.00092,1,0.18,0.378,8.2798,80.5,DEGRADED,F2,2,1,electrical_overcurrent,0.3,1,1,,,,,2,0
2026-08-19T17:12:50.045Z,1787159570045,FAN_DT_001_F2_S03_R01_20260819T170351,1,538.653,FAULT_ACTIVE,F2,0.3,FAN_DT_001,3.0,process-model-3.0.0-build3,818,1,LIVE,SYNCHRONISED,AUTOMATIC,NORMAL,65,1950,1950,0,145,151,0.3,0.3,25.40533,39.51,1.197,1.165,0.0254,0,242.28,35.6048,0.00116,1,0.18,0.48,8.2959,80.5,DEGRADED,F2,2,1,electrical_overcurrent,0.3,1,1,,,,,2,0
2026-08-19T17:12:51.026Z,1787159571026,FAN_DT_001_F2_S03_R01_20260819T170351,1,539.634,FAULT_ACTIVE,F2,0.3,FAN_DT_001,3.0,process-model-3.0.0-build3,819,1,LIVE,SYNCHRONISED,AUTOMATIC,NORMAL,65,1950,1950,0,145,151,0.3,0.3,25.38939,39.51,1.197,1.165,0.0254,0,242.28,35.6743,0.00141,1,0.18,0.583,8.3121,80.5,DEGRADED,F2,2,1,electrical_overcurrent,0.3,1,1,,,,,2,0
2026-08-19T17:12:52.073Z,1787159572073,FAN_DT_001_F2_S03_R01_20260819T170351,1,540.681,RECOVERY,F2,0.3,FAN_DT_001,3.0,process-model-3.0.0-build3,820,1,LIVE,SYNCHRONISED,AUTOMATIC,NORMAL,65,1950,1950,0,145,145,0.3,0.3,25.37326,39.51,1.028,1,0.0254,0,207.97,35.7413,0.01086,1,0.18,5.221,8.3277,100,HEALTHY,F0,0,0,healthy,0,0,0,,,,,3,0
2026-08-19T17:12:53.089Z,1787159573089,FAN_DT_001_F2_S03_R01_20260819T170351,1,541.697,RECOVERY,F2,0.3,FAN_DT_001,3.0,process-model-3.0.0-build3,821,1,LIVE,SYNCHRONISED,AUTOMATIC,NORMAL,65,1950,1950,0,145,145,0.3,0.3,25.357,39.5,1.028,1,0.0254,0,207.97,35.8007,0.01093,1,0.18,5.253,8.3416,100,HEALTHY,F0,0,0,healthy,0,0,0,,,,,3,0
2026-08-19T17:12:54.118Z,1787159574118,FAN_DT_001_F2_S03_R01_20260819T170351,1,542.725,RECOVERY,F2,0.3,FAN_DT_001,3.0,process-model-3.0.0-build3,822,1,LIVE,SYNCHRONISED,AUTOMATIC,NORMAL,65,1950,1950,0,145,145,0.3,0.3,25.34062,39.49,1.028,1,0.0254,0,207.97,35.8599,0.01101,1,0.18,5.295,8.3553,100,HEALTHY,F0,0,0,healthy,0,0,0,,,,,3,0
2026-08-19T17:12:55.149Z,1787159575149,FAN_DT_001_F2_S03_R01_20260819T170351,1,543.757,RECOVERY,F2,0.3,FAN_DT_001,3.0,process-model-3.0.0-build3,823,1,LIVE,SYNCHRONISED,AUTOMATIC,NORMAL,65,1950,1950,0,145,145,0.3,0.3,25.32399,39.48,1.028,1,0.0254,0,207.97,35.9192,0.01111,1,0.18,5.343,8.3692,100,HEALTHY,F0,0,0,healthy,0,0,0,,,,,3,0
2026-08-19T17:12:56.176Z,1787159576176,FAN_DT_001_F2_S03_R01_20260819T170351,1,544.784,RECOVERY,F2,0.3,FAN_DT_001,3.0,process-model-3.0.0-build3,824,1,LIVE,SYNCHRONISED,AUTOMATIC,NORMAL,65,1950,1950,0,145,145,0.3,0.3,25.3072,39.46,1.028,1,0.0254,0,207.97,35.9786,0.01121,1,0.18,5.389,8.383,100,HEALTHY,F0,0,0,healthy,0,0,0,,,,,3,0
2026-08-19T17:12:57.222Z,1787159577222,FAN_DT_001_F2_S03_R01_20260819T170351,1,545.829,RECOVERY,F2,0.3,FAN_DT_001,3.0,process-model-3.0.0-build3,825,1,LIVE,SYNCHRONISED,AUTOMATIC,NORMAL,65,1950,1950,0,145,145,0.3,0.3,25.29033,39.45,1.028,1,0.0254,0,207.97,36.0377,0.0113,1,0.18,5.432,8.3968,100,HEALTHY,F0,0,0,healthy,0,0,0,,,,,3,0
2026-08-19T17:12:58.233Z,1787159578233,FAN_DT_001_F2_S03_R01_20260819T170351,1,546.84,RECOVERY,F2,0.3,FAN_DT_001,3.0,process-model-3.0.0-build3,826,1,LIVE,SYNCHRONISED,AUTOMATIC,NORMAL,65,1950,1950,0,145,145,0.3,0.3,25.27321,39.44,1.028,1,0.0254,0,207.97,36.0972,0.01138,1,0.18,5.474,8.4106,100,HEALTHY,F0,0,0,healthy,0,0,0,,,,,3,0
2026-08-19T17:12:59.257Z,1787159579257,FAN_DT_001_F2_S03_R01_20260819T170351,1,547.864,RECOVERY,F2,0.3,FAN_DT_001,3.0,process-model-3.0.0-build3,827,1,LIVE,SYNCHRONISED,AUTOMATIC,NORMAL,65,1950,1950,0,145,145,0.3,0.3,25.256,39.43,1.028,1,0.0254,0,207.97,36.1564,0.01147,1,0.18,5.517,8.4245,100,HEALTHY,F0,0,0,healthy,0,0,0,,,,,3,0
2026-08-19T17:13:00.321Z,1787159580321,FAN_DT_001_F2_S03_R01_20260819T170351,1,548.959,RECOVERY,F2,0.3,FAN_DT_001,3.0,process-model-3.0.0-build3,828,1,LIVE,SYNCHRONISED,AUTOMATIC,NORMAL,65,1950,1950,0,145,145,0.3,0.3,25.23869,39.42,1.028,1,0.0254,0,207.97,36.2156,0.01156,1,0.18,5.561,8.4382,100,HEALTHY,F0,0,0,healthy,0,0,0,,,,,3,0
2026-08-19T17:13:01.329Z,1787159581329,FAN_DT_001_F2_S03_R01_20260819T170351,1,549.936,RECOVERY,F2,0.3,FAN_DT_001,3.0,process-model-3.0.0-build3,829,1,LIVE,SYNCHRONISED,AUTOMATIC,NORMAL,65,1950,1950,0,145,145,0.3,0.3,25.2212,39.4,1.028,1,0.0254,0,207.97,36.2749,0.01166,1,0.18,5.606,8.4521,100,HEALTHY,F0,0,0,healthy,0,0,0,,,,,3,0
2026-08-19T17:13:02.348Z,1787159582348,FAN_DT_001_F2_S03_R01_20260819T170351,1,550.955,RECOVERY,F2,0.3,FAN_DT_001,3.0,process-model-3.0.0-build3,830,1,LIVE,SYNCHRONISED,AUTOMATIC,NORMAL,65,1950,1950,0,145,145,0.3,0.3,25.20363,39.39,1.028,1,0.0254,0,207.97,36.3341,0.01173,1,0.18,5.642,8.4659,100,HEALTHY,F0,0,0,healthy,0,0,0,,,,,3,0
2026-08-19T17:13:03.368Z,1787159583368,FAN_DT_001_F2_S03_R01_20260819T170351,1,551.974,RECOVERY,F2,0.3,FAN_DT_001,3.0,process-model-3.0.0-build3,831,1,LIVE,SYNCHRONISED,AUTOMATIC,NORMAL,65,1950,1950,0,145,145,0.3,0.3,25.18592,39.38,1.028,1,0.0254,0,207.97,36.3935,0.01184,1,0.18,5.692,8.4797,100,HEALTHY,F0,0,0,healthy,0,0,0,,,,,3,0
2026-08-19T17:13:04.426Z,1787159584426,FAN_DT_001_F2_S03_R01_20260819T170351,1,553.034,RECOVERY,F2,0.3,FAN_DT_001,3.0,process-model-3.0.0-build3,832,1,LIVE,SYNCHRONISED,AUTOMATIC,NORMAL,65,1950,1950,0,145,145,0.3,0.3,25.16812,39.37,1.028,1,0.0254,0,207.97,36.4528,0.01192,1,0.18,5.734,8.4935,100,HEALTHY,F0,0,0,healthy,0,0,0,,,,,3,0
2026-08-19T17:13:05.423Z,1787159585423,FAN_DT_001_F2_S03_R01_20260819T170351,1,554.03,RECOVERY,F2,0.3,FAN_DT_001,3.0,process-model-3.0.0-build3,833,1,LIVE,SYNCHRONISED,AUTOMATIC,NORMAL,65,1950,1950,0,145,145,0.3,0.3,25.1503,39.36,1.028,1,0.0254,0,207.97,36.5119,0.01202,1,0.18,5.781,8.5073,100,HEALTHY,F0,0,0,healthy,0,0,0,,,,,3,0
2026-08-19T17:13:06.456Z,1787159586456,FAN_DT_001_F2_S03_R01_20260819T170351,1,555.062,RECOVERY,F2,0.3,FAN_DT_001,3.0,process-model-3.0.0-build3,834,1,LIVE,SYNCHRONISED,AUTOMATIC,NORMAL,65,1950,1950,0,145,145,0.3,0.3,25.13227,39.34,1.028,1,0.0254,0,207.97,36.5714,0.01211,1,0.18,5.823,8.5211,100,HEALTHY,F0,0,0,healthy,0,0,0,,,,,3,0
2026-08-19T17:13:07.485Z,1787159587485,FAN_DT_001_F2_S03_R01_20260819T170351,1,556.093,RECOVERY,F2,0.3,FAN_DT_001,3.0,process-model-3.0.0-build3,835,1,LIVE,SYNCHRONISED,AUTOMATIC,NORMAL,65,1950,1950,0,145,145,0.3,0.3,25.11429,39.33,1.028,1,0.0254,0,207.97,36.6305,0.01219,1,0.18,5.864,8.5349,100,HEALTHY,F0,0,0,healthy,0,0,0,,,,,3,0
2026-08-19T17:13:08.507Z,1787159588507,FAN_DT_001_F2_S03_R01_20260819T170351,1,557.113,RECOVERY,F2,0.3,FAN_DT_001,3.0,process-model-3.0.0-build3,836,1,LIVE,SYNCHRONISED,AUTOMATIC,NORMAL,65,1950,1950,0,145,145,0.3,0.3,25.09624,39.32,1.028,1,0.0254,0,207.97,36.6897,0.01229,1,0.18,5.907,8.5487,100,HEALTHY,F0,0,0,healthy,0,0,0,,,,,3,0
2026-08-19T17:13:09.532Z,1787159589532,FAN_DT_001_F2_S03_R01_20260819T170351,1,558.138,RECOVERY,F2,0.3,FAN_DT_001,3.0,process-model-3.0.0-build3,837,1,LIVE,SYNCHRONISED,AUTOMATIC,NORMAL,65,1950,1950,0,145,145,0.3,0.3,25.07807,39.31,1.028,1,0.0254,0,207.97,36.7491,0.01239,1,0.18,5.958,8.5625,100,HEALTHY,F0,0,0,healthy,0,0,0,,,,,3,0
2026-08-19T17:13:10.562Z,1787159590562,FAN_DT_001_F2_S03_R01_20260819T170351,1,559.169,RECOVERY,F2,0.3,FAN_DT_001,3.0,process-model-3.0.0-build3,838,1,LIVE,SYNCHRONISED,AUTOMATIC,NORMAL,65,1950,1950,0,145,145,0.3,0.3,25.05997,39.29,1.028,1,0.0254,0,207.97,36.8081,0.01248,1,0.18,6.001,8.5763,100,HEALTHY,F0,0,0,healthy,0,0,0,,,,,3,0
2026-08-19T17:13:11.582Z,1787159591582,FAN_DT_001_F2_S03_R01_20260819T170351,1,560.189,RECOVERY,F2,0.3,FAN_DT_001,3.0,process-model-3.0.0-build3,839,1,LIVE,SYNCHRONISED,AUTOMATIC,NORMAL,65,1950,1950,0,145,145,0.3,0.3,25.04175,39.28,1.028,1,0.0254,0,207.97,36.8675,0.01254,1,0.18,6.031,8.5901,100,HEALTHY,F0,0,0,healthy,0,0,0,,,,,3,0
2026-08-19T17:13:12.611Z,1787159592611,FAN_DT_001_F2_S03_R01_20260819T170351,1,561.217,RECOVERY,F2,0.3,FAN_DT_001,3.0,process-model-3.0.0-build3,840,1,LIVE,SYNCHRONISED,AUTOMATIC,NORMAL,65,1950,1950,0,145,145,0.3,0.3,25.02362,39.27,1.028,1,0.0254,0,207.97,36.9265,0.01264,1,0.18,6.077,8.6039,100,HEALTHY,F0,0,0,healthy,0,0,0,,,,,3,0
2026-08-19T17:13:13.662Z,1787159593662,FAN_DT_001_F2_S03_R01_20260819T170351,1,562.269,RECOVERY,F2,0.3,FAN_DT_001,3.0,process-model-3.0.0-build3,841,1,LIVE,SYNCHRONISED,AUTOMATIC,NORMAL,65,1950,1950,0,145,145,0.3,0.3,25.00531,39.25,1.028,1,0.0254,0,207.97,36.986,0.01275,1,0.18,6.129,8.6177,100,HEALTHY,F0,0,0,healthy,0,0,0,,,,,3,0
2026-08-19T17:13:14.665Z,1787159594665,FAN_DT_001_F2_S03_R01_20260819T170351,1,563.271,RECOVERY,F2,0.3,FAN_DT_001,3.0,process-model-3.0.0-build3,842,1,LIVE,SYNCHRONISED,AUTOMATIC,NORMAL,65,1950,1950,0,145,145,0.3,0.3,24.98711,39.24,1.028,1,0.0254,0,207.97,37.0451,0.01283,1,0.18,6.17,8.6315,100,HEALTHY,F0,0,0,healthy,0,0,0,,,,,3,0
2026-08-19T17:13:15.699Z,1787159595699,FAN_DT_001_F2_S03_R01_20260819T170351,1,564.305,RECOVERY,F2,0.3,FAN_DT_001,3.0,process-model-3.0.0-build3,843,1,LIVE,SYNCHRONISED,AUTOMATIC,NORMAL,65,1950,1950,0,145,145,0.3,0.3,24.96887,39.23,1.028,1,0.0254,0,207.97,37.1044,0.0129,1,0.18,6.201,8.6453,100,HEALTHY,F0,0,0,healthy,0,0,0,,,,,3,0
2026-08-19T17:13:16.749Z,1787159596749,FAN_DT_001_F2_S03_R01_20260819T170351,1,565.357,RECOVERY,F2,0.3,FAN_DT_001,3.0,process-model-3.0.0-build3,844,1,LIVE,SYNCHRONISED,AUTOMATIC,NORMAL,65,1950,1950,0,145,145,0.3,0.3,24.9506,39.21,1.028,1,0.0254,0,207.97,37.1638,0.01298,1,0.18,6.239,8.6592,100,HEALTHY,F0,0,0,healthy,0,0,0,,,,,3,0
2026-08-19T17:13:17.766Z,1787159597766,FAN_DT_001_F2_S03_R01_20260819T170351,1,566.373,RECOVERY,F2,0.3,FAN_DT_001,3.0,process-model-3.0.0-build3,845,1,LIVE,SYNCHRONISED,AUTOMATIC,NORMAL,65,1950,1950,0,145,145,0.3,0.3,24.93248,39.2,1.028,1,0.0254,0,207.97,37.2229,0.01307,1,0.18,6.283,8.6729,100,HEALTHY,F0,0,0,healthy,0,0,0,,,,,3,0
2026-08-19T17:13:18.772Z,1787159598772,FAN_DT_001_F2_S03_R01_20260819T170351,1,567.379,RECOVERY,F2,0.3,FAN_DT_001,3.0,process-model-3.0.0-build3,846,1,LIVE,SYNCHRONISED,AUTOMATIC,NORMAL,65,1950,1950,0,145,145,0.3,0.3,24.91431,39.19,1.028,1,0.0254,0,207.97,37.2822,0.01313,1,0.18,6.312,8.6867,100,HEALTHY,F0,0,0,healthy,0,0,0,,,,,3,0
2026-08-19T17:13:19.818Z,1787159599818,FAN_DT_001_F2_S03_R01_20260819T170351,1,568.425,RECOVERY,F2,0.3,FAN_DT_001,3.0,process-model-3.0.0-build3,847,1,LIVE,SYNCHRONISED,AUTOMATIC,NORMAL,65,1950,1950,0,145,145,0.3,0.3,24.89627,39.17,1.028,1,0.0254,0,207.97,37.3412,0.01322,1,0.18,6.357,8.7005,100,HEALTHY,F0,0,0,healthy,0,0,0,,,,,3,0
2026-08-19T17:13:20.829Z,1787159600829,FAN_DT_001_F2_S03_R01_20260819T170351,1,569.435,RECOVERY,F2,0.3,FAN_DT_001,3.0,process-model-3.0.0-build3,848,1,LIVE,SYNCHRONISED,AUTOMATIC,NORMAL,65,1950,1950,0,145,145,0.3,0.3,24.87818,39.16,1.028,1,0.0254,0,207.97,37.4006,0.01329,1,0.18,6.391,8.7143,100,HEALTHY,F0,0,0,healthy,0,0,0,,,,,3,0
2026-08-19T17:13:21.864Z,1787159601864,FAN_DT_001_F2_S03_R01_20260819T170351,1,570.47,RECOVERY,F2,0.3,FAN_DT_001,3.0,process-model-3.0.0-build3,849,1,LIVE,SYNCHRONISED,AUTOMATIC,NORMAL,65,1950,1950,0,145,145,0.3,0.3,24.8602,39.15,1.028,1,0.0254,0,207.97,37.4598,0.01335,1,0.18,6.42,8.7281,100,HEALTHY,F0,0,0,healthy,0,0,0,,,,,3,0
2026-08-19T17:13:22.908Z,1787159602908,FAN_DT_001_F2_S03_R01_20260819T170351,1,571.515,RECOVERY,F2,0.3,FAN_DT_001,3.0,process-model-3.0.0-build3,850,1,LIVE,SYNCHRONISED,AUTOMATIC,NORMAL,65,1950,1950,0,145,145,0.3,0.3,24.84228,39.13,1.028,1,0.0254,0,207.97,37.5191,0.01341,1,0.18,6.449,8.7419,100,HEALTHY,F0,0,0,healthy,0,0,0,,,,,3,0
2026-08-19T17:13:23.925Z,1787159603925,FAN_DT_001_F2_S03_R01_20260819T170351,1,572.531,RECOVERY,F2,0.3,FAN_DT_001,3.0,process-model-3.0.0-build3,851,1,LIVE,SYNCHRONISED,AUTOMATIC,NORMAL,65,1950,1950,0,145,145,0.3,0.3,24.82441,39.12,1.028,1,0.0254,0,207.97,37.5785,0.01348,1,0.18,6.483,8.7558,100,HEALTHY,F0,0,0,healthy,0,0,0,,,,,3,0
2026-08-19T17:13:24.940Z,1787159604940,FAN_DT_001_F2_S03_R01_20260819T170351,1,573.548,RECOVERY,F2,0.3,FAN_DT_001,3.0,process-model-3.0.0-build3,852,1,LIVE,SYNCHRONISED,AUTOMATIC,NORMAL,65,1950,1950,0,145,145,0.3,0.3,24.80671,39.11,1.028,1,0.0254,0,207.97,37.6376,0.01356,1,0.18,6.52,8.7696,100,HEALTHY,F0,0,0,healthy,0,0,0,,,,,3,0
2026-08-19T17:13:25.976Z,1787159605976,FAN_DT_001_F2_S03_R01_20260819T170351,1,574.583,RECOVERY,F2,0.3,FAN_DT_001,3.0,process-model-3.0.0-build3,853,1,LIVE,SYNCHRONISED,AUTOMATIC,NORMAL,65,1950,1950,0,145,145,0.3,0.3,24.78903,39.09,1.028,1,0.0254,0,207.97,37.697,0.01362,1,0.18,6.551,8.7834,100,HEALTHY,F0,0,0,healthy,0,0,0,,,,,3,0
2026-08-19T17:13:26.992Z,1787159606992,FAN_DT_001_F2_S03_R01_20260819T170351,1,575.599,RECOVERY,F2,0.3,FAN_DT_001,3.0,process-model-3.0.0-build3,854,1,LIVE,SYNCHRONISED,AUTOMATIC,NORMAL,65,1950,1950,0,145,145,0.3,0.3,24.77154,39.08,1.028,1,0.0254,0,207.97,37.7561,0.01369,1,0.18,6.581,8.7972,100,HEALTHY,F0,0,0,healthy,0,0,0,,,,,3,0
2026-08-19T17:13:28.016Z,1787159608016,FAN_DT_001_F2_S03_R01_20260819T170351,1,576.623,RECOVERY,F2,0.3,FAN_DT_001,3.0,process-model-3.0.0-build3,855,1,LIVE,SYNCHRONISED,AUTOMATIC,NORMAL,65,1950,1950,0,145,145,0.3,0.3,24.7541,39.06,1.028,1,0.0254,0,207.97,37.8154,0.01375,1,0.18,6.609,8.811,100,HEALTHY,F0,0,0,healthy,0,0,0,,,,,3,0
2026-08-19T17:13:29.046Z,1787159609046,FAN_DT_001_F2_S03_R01_20260819T170351,1,577.653,RECOVERY,F2,0.3,FAN_DT_001,3.0,process-model-3.0.0-build3,856,1,LIVE,SYNCHRONISED,AUTOMATIC,NORMAL,65,1950,1950,0,145,145,0.3,0.3,24.73683,39.05,1.028,1,0.0254,0,207.97,37.8746,0.01379,1,0.18,6.628,8.8248,100,HEALTHY,F0,0,0,healthy,0,0,0,,,,,3,0
2026-08-19T17:13:30.077Z,1787159610077,FAN_DT_001_F2_S03_R01_20260819T170351,1,578.683,RECOVERY,F2,0.3,FAN_DT_001,3.0,process-model-3.0.0-build3,857,1,LIVE,SYNCHRONISED,AUTOMATIC,NORMAL,65,1950,1950,0,145,145,0.3,0.3,24.71964,39.04,1.028,1,0.0254,0,207.97,37.934,0.01385,1,0.18,6.658,8.8386,100,HEALTHY,F0,0,0,healthy,0,0,0,,,,,3,0
2026-08-19T17:13:31.131Z,1787159611131,FAN_DT_001_F2_S03_R01_20260819T170351,1,579.737,RECOVERY,F2,0.3,FAN_DT_001,3.0,process-model-3.0.0-build3,858,1,LIVE,SYNCHRONISED,AUTOMATIC,NORMAL,65,1950,1950,0,145,145,0.3,0.3,24.7026,39.02,1.028,1,0.0254,0,207.97,37.9934,0.01387,1,0.18,6.67,8.8525,100,HEALTHY,F0,0,0,healthy,0,0,0,,,,,3,0
2026-08-19T17:13:32.222Z,1787159612222,FAN_DT_001_F2_S03_R01_20260819T170351,1,580.829,RECOVERY,F2,0.3,FAN_DT_001,3.0,process-model-3.0.0-build3,859,1,LIVE,SYNCHRONISED,AUTOMATIC,NORMAL,65,1950,1950,0,145,145,0.3,0.3,24.68578,39.01,1.028,1,0.0254,0,207.97,38.0525,0.01392,1,0.18,6.692,8.8662,100,HEALTHY,F0,0,0,healthy,0,0,0,,,,,3,0
2026-08-19T17:13:33.257Z,1787159613257,FAN_DT_001_F2_S03_R01_20260819T170351,1,581.863,RECOVERY,F2,0.3,FAN_DT_001,3.0,process-model-3.0.0-build3,860,1,LIVE,SYNCHRONISED,AUTOMATIC,NORMAL,65,1950,1950,0,145,145,0.3,0.3,24.66904,38.99,1.028,1,0.0254,0,207.97,38.112,0.01395,1,0.18,6.706,8.8801,100,HEALTHY,F0,0,0,healthy,0,0,0,,,,,3,0
2026-08-19T17:13:34.187Z,1787159614187,FAN_DT_001_F2_S03_R01_20260819T170351,1,582.793,RECOVERY,F2,0.3,FAN_DT_001,3.0,process-model-3.0.0-build3,861,1,LIVE,SYNCHRONISED,AUTOMATIC,NORMAL,65,1950,1950,0,145,145,0.3,0.3,24.65257,38.98,1.028,1,0.0254,0,207.97,38.1711,0.01399,1,0.18,6.726,8.8939,100,HEALTHY,F0,0,0,healthy,0,0,0,,,,,3,0
2026-08-19T17:13:35.214Z,1787159615214,FAN_DT_001_F2_S03_R01_20260819T170351,1,583.821,RECOVERY,F2,0.3,FAN_DT_001,3.0,process-model-3.0.0-build3,862,1,LIVE,SYNCHRONISED,AUTOMATIC,NORMAL,65,1950,1950,0,145,145,0.3,0.3,24.63623,38.96,1.028,1,0.0254,0,207.97,38.2303,0.01402,1,0.18,6.74,8.9077,100,HEALTHY,F0,0,0,healthy,0,0,0,,,,,3,0
2026-08-19T17:13:36.242Z,1787159616242,FAN_DT_001_F2_S03_R01_20260819T170351,1,584.848,RECOVERY,F2,0.3,FAN_DT_001,3.0,process-model-3.0.0-build3,863,1,LIVE,SYNCHRONISED,AUTOMATIC,NORMAL,65,1950,1950,0,145,145,0.3,0.3,24.62005,38.95,1.028,1,0.0254,0,207.97,38.2897,0.01405,1,0.18,6.754,8.9215,100,HEALTHY,F0,0,0,healthy,0,0,0,,,,,3,0
2026-08-19T17:13:37.286Z,1787159617286,FAN_DT_001_F2_S03_R01_20260819T170351,1,585.892,RECOVERY,F2,0.3,FAN_DT_001,3.0,process-model-3.0.0-build3,864,1,LIVE,SYNCHRONISED,AUTOMATIC,NORMAL,65,1950,1950,0,145,145,0.3,0.3,24.60413,38.93,1.028,1,0.0254,0,207.97,38.3489,0.01409,1,0.18,6.773,8.9353,100,HEALTHY,F0,0,0,healthy,0,0,0,,,,,3,0
2026-08-19T17:13:38.339Z,1787159618339,FAN_DT_001_F2_S03_R01_20260819T170351,1,586.945,RECOVERY,F2,0.3,FAN_DT_001,3.0,process-model-3.0.0-build3,865,1,LIVE,SYNCHRONISED,AUTOMATIC,NORMAL,65,1950,1950,0,145,145,0.3,0.3,24.58812,38.92,1.028,1,0.0254,0,207.97,38.4091,0.01411,1,0.18,6.784,8.9493,100,HEALTHY,F0,0,0,healthy,0,0,0,,,,,3,0
2026-08-19T17:13:39.389Z,1787159619389,FAN_DT_001_F2_S03_R01_20260819T170351,1,587.995,RECOVERY,F2,0.3,FAN_DT_001,3.0,process-model-3.0.0-build3,866,1,LIVE,SYNCHRONISED,AUTOMATIC,NORMAL,65,1950,1950,0,145,145,0.3,0.3,24.57262,38.91,1.028,1,0.0254,0,207.97,38.4683,0.01413,1,0.18,6.795,8.9631,100,HEALTHY,F0,0,0,healthy,0,0,0,,,,,3,0
2026-08-19T17:13:40.367Z,1787159620367,FAN_DT_001_F2_S03_R01_20260819T170351,1,588.974,RECOVERY,F2,0.3,FAN_DT_001,3.0,process-model-3.0.0-build3,867,1,LIVE,SYNCHRONISED,AUTOMATIC,NORMAL,65,1950,1950,0,145,145,0.3,0.3,24.55729,38.89,1.028,1,0.0254,0,207.97,38.5277,0.01414,1,0.18,6.799,8.9769,100,HEALTHY,F0,0,0,healthy,0,0,0,,,,,3,0
2026-08-19T17:13:41.394Z,1787159621394,FAN_DT_001_F2_S03_R01_20260819T170351,1,590.001,RECOVERY,F2,0.3,FAN_DT_001,3.0,process-model-3.0.0-build3,868,1,LIVE,SYNCHRONISED,AUTOMATIC,NORMAL,65,1950,1950,0,145,145,0.3,0.3,24.54221,38.88,1.028,1,0.0254,0,207.97,38.587,0.01415,1,0.18,6.805,8.9908,100,HEALTHY,F0,0,0,healthy,0,0,0,,,,,3,0
2026-08-19T17:13:42.426Z,1787159622426,FAN_DT_001_F2_S03_R01_20260819T170351,1,591.032,RECOVERY,F2,0.3,FAN_DT_001,3.0,process-model-3.0.0-build3,869,1,LIVE,SYNCHRONISED,AUTOMATIC,NORMAL,65,1950,1950,0,145,145,0.3,0.3,24.52739,38.86,1.028,1,0.0254,0,207.97,38.6462,0.01414,1,0.18,6.799,9.0046,100,HEALTHY,F0,0,0,healthy,0,0,0,,,,,3,0
2026-08-19T17:13:43.450Z,1787159623450,FAN_DT_001_F2_S03_R01_20260819T170351,1,592.056,RECOVERY,F2,0.3,FAN_DT_001,3.0,process-model-3.0.0-build3,870,1,LIVE,SYNCHRONISED,AUTOMATIC,NORMAL,65,1950,1950,0,145,145,0.3,0.3,24.51277,38.85,1.028,1,0.0254,0,207.97,38.7056,0.01414,1,0.18,6.801,9.0184,100,HEALTHY,F0,0,0,healthy,0,0,0,,,,,3,0
2026-08-19T17:13:44.497Z,1787159624497,FAN_DT_001_F2_S03_R01_20260819T170351,1,593.104,RECOVERY,F2,0.3,FAN_DT_001,3.0,process-model-3.0.0-build3,871,1,LIVE,SYNCHRONISED,AUTOMATIC,NORMAL,65,1950,1950,0,145,145,0.3,0.3,24.4985,38.83,1.028,1,0.0254,0,207.97,38.7645,0.01416,1,0.18,6.807,9.0321,100,HEALTHY,F0,0,0,healthy,0,0,0,,,,,3,0
2026-08-19T17:13:45.533Z,1787159625533,FAN_DT_001_F2_S03_R01_20260819T170351,1,594.139,RECOVERY,F2,0.3,FAN_DT_001,3.0,process-model-3.0.0-build3,872,1,LIVE,SYNCHRONISED,AUTOMATIC,NORMAL,65,1950,1950,0,145,145,0.3,0.3,24.48438,38.82,1.028,1,0.0254,0,207.97,38.824,0.01414,1,0.18,6.799,9.046,100,HEALTHY,F0,0,0,healthy,0,0,0,,,,,3,0
2026-08-19T17:13:46.535Z,1787159626535,FAN_DT_001_F2_S03_R01_20260819T170351,1,595.141,RECOVERY,F2,0.3,FAN_DT_001,3.0,process-model-3.0.0-build3,873,1,LIVE,SYNCHRONISED,AUTOMATIC,NORMAL,65,1950,1950,0,145,145,0.3,0.3,24.47061,38.8,1.028,1,0.0254,0,207.97,38.8831,0.01413,1,0.18,6.795,9.0598,100,HEALTHY,F0,0,0,healthy,0,0,0,,,,,3,0
2026-08-19T17:13:47.565Z,1787159627565,FAN_DT_001_F2_S03_R01_20260819T170351,1,596.171,RECOVERY,F2,0.3,FAN_DT_001,3.0,process-model-3.0.0-build3,874,1,LIVE,SYNCHRONISED,AUTOMATIC,NORMAL,65,1950,1950,0,145,145,0.3,0.3,24.45698,38.79,1.028,1,0.0254,0,207.97,38.9427,0.01411,1,0.18,6.784,9.0737,100,HEALTHY,F0,0,0,healthy,0,0,0,,,,,3,0
2026-08-19T17:13:48.597Z,1787159628597,FAN_DT_001_F2_S03_R01_20260819T170351,1,597.203,RECOVERY,F2,0.3,FAN_DT_001,3.0,process-model-3.0.0-build3,875,1,LIVE,SYNCHRONISED,AUTOMATIC,NORMAL,65,1950,1950,0,145,145,0.3,0.3,24.44374,38.77,1.028,1,0.0254,0,207.97,39.002,0.0141,1,0.18,6.781,9.0875,100,HEALTHY,F0,0,0,healthy,0,0,0,,,,,3,0
2026-08-19T17:13:49.620Z,1787159629620,FAN_DT_001_F2_S03_R01_20260819T170351,1,598.226,RECOVERY,F2,0.3,FAN_DT_001,3.0,process-model-3.0.0-build3,876,1,LIVE,SYNCHRONISED,AUTOMATIC,NORMAL,65,1950,1950,0,145,145,0.3,0.3,24.43077,38.76,1.028,1,0.0254,0,207.97,39.0612,0.01405,1,0.18,6.755,9.1013,100,HEALTHY,F0,0,0,healthy,0,0,0,,,,,3,0
2026-08-19T17:13:50.669Z,1787159630669,FAN_DT_001_F2_S03_R01_20260819T170351,1,599.276,RECOVERY,F2,0.3,FAN_DT_001,3.0,process-model-3.0.0-build3,877,1,LIVE,SYNCHRONISED,AUTOMATIC,NORMAL,65,1950,1950,0,145,145,0.3,0.3,24.4181,38.75,1.028,1,0.0254,0,207.97,39.1206,0.01404,1,0.18,6.749,9.1151,100,HEALTHY,F0,0,0,healthy,0,0,0,,,,,3,0
