ts_iso,ts_ms,run_id,replicate,experiment_elapsed_s,experiment_phase,selected_fault_code,selected_fault_severity,asset_id,schema_version,model_version,sequence_id,sequence_gap,stream_status,synchronisation_status,control_mode,operating_mode,speed_command_pct,target_rpm,actual_rpm,speed_error_rpm,process_heat_load_w,effective_process_heat_load_w,mechanical_load,effective_mechanical_load,ambient_temperature_c,temperature_c,current_a,current_multiplier,vibration_g,vibration_offset_g,power_w,energy_wh,cooling_rate_c_per_s,cooling_efficiency,thermal_resistance_c_per_w,legacy_thermal_eff_index,co2_g,health_overall,health_status,embedded_fault_code,embedded_fault_class_id,embedded_fault_binary_label,embedded_fault_label,embedded_fault_severity,embedded_fault_active,anomaly,ai_fault_code,ai_fault_label,ai_confidence,ai_severity,accepted_commands,rejected_commands
2026-08-19T17:45:40.603Z,1787161540603,FAN_DT_001_F2_S09_R01_20260819T174539,1,0.724,BASELINE,F2,0.9,FAN_DT_001,3.0,process-model-3.0.0-build3,2732,1,LIVE,SYNCHRONISED,AUTOMATIC,NORMAL,65,1950,1950,0,145,145,0.3,0.3,25.56953,38.95,1.028,1,0.0254,0,207.97,0.0232,-0.00161,1,0.18,0.772,0.0054,100,HEALTHY,F0,0,0,healthy,0,0,0,,,,,9,0
2026-08-19T17:45:41.636Z,1787161541636,FAN_DT_001_F2_S09_R01_20260819T174539,1,1.756,BASELINE,F2,0.9,FAN_DT_001,3.0,process-model-3.0.0-build3,2733,1,LIVE,SYNCHRONISED,AUTOMATIC,NORMAL,65,1950,1950,0,145,145,0.3,0.3,25.55659,38.96,1.028,1,0.0254,0,207.97,0.0824,-0.00137,1,0.18,0.658,0.0192,100,HEALTHY,F0,0,0,healthy,0,0,0,,,,,9,0
2026-08-19T17:45:42.662Z,1787161542662,FAN_DT_001_F2_S09_R01_20260819T174539,1,2.782,BASELINE,F2,0.9,FAN_DT_001,3.0,process-model-3.0.0-build3,2734,1,LIVE,SYNCHRONISED,AUTOMATIC,NORMAL,65,1950,1950,0,145,145,0.3,0.3,25.54332,38.96,1.028,1,0.0254,0,207.97,0.1418,-0.00113,1,0.18,0.544,0.033,100,HEALTHY,F0,0,0,healthy,0,0,0,,,,,9,0
2026-08-19T17:45:43.687Z,1787161543687,FAN_DT_001_F2_S09_R01_20260819T174539,1,3.808,BASELINE,F2,0.9,FAN_DT_001,3.0,process-model-3.0.0-build3,2735,1,LIVE,SYNCHRONISED,AUTOMATIC,NORMAL,65,1950,1950,0,145,145,0.3,0.3,25.52975,38.96,1.028,1,0.0254,0,207.97,0.2012,-0.00088,1,0.18,0.422,0.0469,100,HEALTHY,F0,0,0,healthy,0,0,0,,,,,9,0
2026-08-19T17:45:44.718Z,1787161544718,FAN_DT_001_F2_S09_R01_20260819T174539,1,4.839,BASELINE,F2,0.9,FAN_DT_001,3.0,process-model-3.0.0-build3,2736,1,LIVE,SYNCHRONISED,AUTOMATIC,NORMAL,65,1950,1950,0,145,145,0.3,0.3,25.51595,38.96,1.028,1,0.0254,0,207.97,0.2605,-0.00064,1,0.18,0.306,0.0607,100,HEALTHY,F0,0,0,healthy,0,0,0,,,,,9,0
2026-08-19T17:45:45.750Z,1787161545750,FAN_DT_001_F2_S09_R01_20260819T174539,1,5.871,BASELINE,F2,0.9,FAN_DT_001,3.0,process-model-3.0.0-build3,2737,1,LIVE,SYNCHRONISED,AUTOMATIC,NORMAL,65,1950,1950,0,145,145,0.3,0.3,25.50189,38.96,1.028,1,0.0254,0,207.97,0.3197,-0.00039,1,0.18,0.186,0.0745,100,HEALTHY,F0,0,0,healthy,0,0,0,,,,,9,0
2026-08-19T17:45:46.773Z,1787161546773,FAN_DT_001_F2_S09_R01_20260819T174539,1,6.893,BASELINE,F2,0.9,FAN_DT_001,3.0,process-model-3.0.0-build3,2738,1,LIVE,SYNCHRONISED,AUTOMATIC,NORMAL,65,1950,1950,0,145,145,0.3,0.3,25.48749,38.96,1.028,1,0.0254,0,207.97,0.3792,-0.00015,1,0.18,0.074,0.0884,100,HEALTHY,F0,0,0,healthy,0,0,0,,,,,9,0
2026-08-19T17:45:47.799Z,1787161547799,FAN_DT_001_F2_S09_R01_20260819T174539,1,7.92,BASELINE,F2,0.9,FAN_DT_001,3.0,process-model-3.0.0-build3,2739,1,LIVE,SYNCHRONISED,AUTOMATIC,NORMAL,65,1950,1950,0,145,145,0.3,0.3,25.47294,38.96,1.028,1,0.0254,0,207.97,0.4383,0.00009,1,0.18,0.042,0.1021,100,HEALTHY,F0,0,0,healthy,0,0,0,,,,,9,0
2026-08-19T17:45:48.843Z,1787161548843,FAN_DT_001_F2_S09_R01_20260819T174539,1,8.964,BASELINE,F2,0.9,FAN_DT_001,3.0,process-model-3.0.0-build3,2740,1,LIVE,SYNCHRONISED,AUTOMATIC,NORMAL,65,1950,1950,0,145,145,0.3,0.3,25.45811,38.96,1.028,1,0.0254,0,207.97,0.4976,0.00033,1,0.18,0.158,0.1159,100,HEALTHY,F0,0,0,healthy,0,0,0,,,,,9,0
2026-08-19T17:45:49.858Z,1787161549858,FAN_DT_001_F2_S09_R01_20260819T174539,1,9.978,BASELINE,F2,0.9,FAN_DT_001,3.0,process-model-3.0.0-build3,2741,1,LIVE,SYNCHRONISED,AUTOMATIC,NORMAL,65,1950,1950,0,145,145,0.3,0.3,25.443,38.96,1.028,1,0.0254,0,207.97,0.557,0.00058,1,0.18,0.279,0.1298,100,HEALTHY,F0,0,0,healthy,0,0,0,,,,,9,0
2026-08-19T17:45:50.890Z,1787161550890,FAN_DT_001_F2_S09_R01_20260819T174539,1,11.01,BASELINE,F2,0.9,FAN_DT_001,3.0,process-model-3.0.0-build3,2742,1,LIVE,SYNCHRONISED,AUTOMATIC,NORMAL,65,1950,1950,0,145,145,0.3,0.3,25.42772,38.96,1.028,1,0.0254,0,207.97,0.6162,0.00081,1,0.18,0.389,0.1436,100,HEALTHY,F0,0,0,healthy,0,0,0,,,,,9,0
2026-08-19T17:45:51.916Z,1787161551916,FAN_DT_001_F2_S09_R01_20260819T174539,1,12.037,BASELINE,F2,0.9,FAN_DT_001,3.0,process-model-3.0.0-build3,2743,1,LIVE,SYNCHRONISED,AUTOMATIC,NORMAL,65,1950,1950,0,145,145,0.3,0.3,25.41216,38.96,1.028,1,0.0254,0,207.97,0.6756,0.00106,1,0.18,0.51,0.1574,100,HEALTHY,F0,0,0,healthy,0,0,0,,,,,9,0
2026-08-19T17:45:52.945Z,1787161552945,FAN_DT_001_F2_S09_R01_20260819T174539,1,13.065,BASELINE,F2,0.9,FAN_DT_001,3.0,process-model-3.0.0-build3,2744,1,LIVE,SYNCHRONISED,AUTOMATIC,NORMAL,65,1950,1950,0,145,145,0.3,0.3,25.39636,38.96,1.028,1,0.0254,0,207.97,0.7351,0.00131,1,0.18,0.63,0.1713,100,HEALTHY,F0,0,0,healthy,0,0,0,,,,,9,0
2026-08-19T17:45:53.977Z,1787161553977,FAN_DT_001_F2_S09_R01_20260819T174539,1,14.097,BASELINE,F2,0.9,FAN_DT_001,3.0,process-model-3.0.0-build3,2745,1,LIVE,SYNCHRONISED,AUTOMATIC,NORMAL,65,1950,1950,0,145,145,0.3,0.3,25.38042,38.95,1.028,1,0.0254,0,207.97,0.7944,0.00153,1,0.18,0.737,0.1851,100,HEALTHY,F0,0,0,healthy,0,0,0,,,,,9,0
2026-08-19T17:45:55.006Z,1787161555006,FAN_DT_001_F2_S09_R01_20260819T174539,1,15.127,BASELINE,F2,0.9,FAN_DT_001,3.0,process-model-3.0.0-build3,2746,1,LIVE,SYNCHRONISED,AUTOMATIC,NORMAL,65,1950,1950,0,145,145,0.3,0.3,25.36423,38.95,1.028,1,0.0254,0,207.97,0.8538,0.00179,1,0.18,0.859,0.1989,100,HEALTHY,F0,0,0,healthy,0,0,0,,,,,9,0
2026-08-19T17:45:56.027Z,1787161556027,FAN_DT_001_F2_S09_R01_20260819T174539,1,16.147,BASELINE,F2,0.9,FAN_DT_001,3.0,process-model-3.0.0-build3,2747,1,LIVE,SYNCHRONISED,AUTOMATIC,NORMAL,65,1950,1950,0,145,145,0.3,0.3,25.34795,38.95,1.028,1,0.0254,0,207.97,0.9129,0.00201,1,0.18,0.967,0.2127,100,HEALTHY,F0,0,0,healthy,0,0,0,,,,,9,0
2026-08-19T17:45:57.059Z,1787161557059,FAN_DT_001_F2_S09_R01_20260819T174539,1,17.179,BASELINE,F2,0.9,FAN_DT_001,3.0,process-model-3.0.0-build3,2748,1,LIVE,SYNCHRONISED,AUTOMATIC,NORMAL,65,1950,1950,0,145,145,0.3,0.3,25.33143,38.95,1.028,1,0.0254,0,207.97,0.9722,0.00225,1,0.18,1.084,0.2265,100,HEALTHY,F0,0,0,healthy,0,0,0,,,,,9,0
2026-08-19T17:45:58.124Z,1787161558124,FAN_DT_001_F2_S09_R01_20260819T174539,1,18.245,BASELINE,F2,0.9,FAN_DT_001,3.0,process-model-3.0.0-build3,2749,1,LIVE,SYNCHRONISED,AUTOMATIC,NORMAL,65,1950,1950,0,145,145,0.3,0.3,25.31468,38.95,1.028,1,0.0254,0,207.97,1.0317,0.00249,1,0.18,1.199,0.2404,100,HEALTHY,F0,0,0,healthy,0,0,0,,,,,9,0
2026-08-19T17:45:59.120Z,1787161559120,FAN_DT_001_F2_S09_R01_20260819T174539,1,19.24,BASELINE,F2,0.9,FAN_DT_001,3.0,process-model-3.0.0-build3,2750,1,LIVE,SYNCHRONISED,AUTOMATIC,NORMAL,65,1950,1950,0,145,145,0.3,0.3,25.29783,38.94,1.028,1,0.0254,0,207.97,1.091,0.00272,1,0.18,1.306,0.2542,100,HEALTHY,F0,0,0,healthy,0,0,0,,,,,9,0
2026-08-19T17:46:00.158Z,1787161560158,FAN_DT_001_F2_S09_R01_20260819T174539,1,20.278,BASELINE,F2,0.9,FAN_DT_001,3.0,process-model-3.0.0-build3,2751,1,LIVE,SYNCHRONISED,AUTOMATIC,NORMAL,65,1950,1950,0,145,145,0.3,0.3,25.28077,38.94,1.028,1,0.0254,0,207.97,1.1504,0.00295,1,0.18,1.418,0.268,100,HEALTHY,F0,0,0,healthy,0,0,0,,,,,9,0
2026-08-19T17:46:01.179Z,1787161561179,FAN_DT_001_F2_S09_R01_20260819T174539,1,21.3,BASELINE,F2,0.9,FAN_DT_001,3.0,process-model-3.0.0-build3,2752,1,LIVE,SYNCHRONISED,AUTOMATIC,NORMAL,65,1950,1950,0,145,145,0.3,0.3,25.26363,38.94,1.028,1,0.0254,0,207.97,1.2096,0.00318,1,0.18,1.531,0.2818,100,HEALTHY,F0,0,0,healthy,0,0,0,,,,,9,0
2026-08-19T17:46:02.198Z,1787161562198,FAN_DT_001_F2_S09_R01_20260819T174539,1,22.319,BASELINE,F2,0.9,FAN_DT_001,3.0,process-model-3.0.0-build3,2753,1,LIVE,SYNCHRONISED,AUTOMATIC,NORMAL,65,1950,1950,0,145,145,0.3,0.3,25.24633,38.93,1.028,1,0.0254,0,207.97,1.2689,0.00342,1,0.18,1.646,0.2957,100,HEALTHY,F0,0,0,healthy,0,0,0,,,,,9,0
2026-08-19T17:46:03.238Z,1787161563238,FAN_DT_001_F2_S09_R01_20260819T174539,1,23.358,BASELINE,F2,0.9,FAN_DT_001,3.0,process-model-3.0.0-build3,2754,1,LIVE,SYNCHRONISED,AUTOMATIC,NORMAL,65,1950,1950,0,145,145,0.3,0.3,25.22893,38.93,1.028,1,0.0254,0,207.97,1.3282,0.00364,1,0.18,1.75,0.3095,100,HEALTHY,F0,0,0,healthy,0,0,0,,,,,9,0
2026-08-19T17:46:04.263Z,1787161564263,FAN_DT_001_F2_S09_R01_20260819T174539,1,24.383,BASELINE,F2,0.9,FAN_DT_001,3.0,process-model-3.0.0-build3,2755,1,LIVE,SYNCHRONISED,AUTOMATIC,NORMAL,65,1950,1950,0,145,145,0.3,0.3,25.21133,38.93,1.028,1,0.0254,0,207.97,1.3877,0.00387,1,0.18,1.863,0.3233,100,HEALTHY,F0,0,0,healthy,0,0,0,,,,,9,0
2026-08-19T17:46:05.289Z,1787161565289,FAN_DT_001_F2_S09_R01_20260819T174539,1,25.409,BASELINE,F2,0.9,FAN_DT_001,3.0,process-model-3.0.0-build3,2756,1,LIVE,SYNCHRONISED,AUTOMATIC,NORMAL,65,1950,1950,0,145,145,0.3,0.3,25.19368,38.92,1.028,1,0.0254,0,207.97,1.4469,0.0041,1,0.18,1.973,0.3371,100,HEALTHY,F0,0,0,healthy,0,0,0,,,,,9,0
2026-08-19T17:46:06.324Z,1787161566324,FAN_DT_001_F2_S09_R01_20260819T174539,1,26.444,BASELINE,F2,0.9,FAN_DT_001,3.0,process-model-3.0.0-build3,2757,1,LIVE,SYNCHRONISED,AUTOMATIC,NORMAL,65,1950,1950,0,145,145,0.3,0.3,25.17596,38.92,1.028,1,0.0254,0,207.97,1.5061,0.00432,1,0.18,2.078,0.3509,100,HEALTHY,F0,0,0,healthy,0,0,0,,,,,9,0
2026-08-19T17:46:07.342Z,1787161567342,FAN_DT_001_F2_S09_R01_20260819T174539,1,27.463,BASELINE,F2,0.9,FAN_DT_001,3.0,process-model-3.0.0-build3,2758,1,LIVE,SYNCHRONISED,AUTOMATIC,NORMAL,65,1950,1950,0,145,145,0.3,0.3,25.15808,38.91,1.028,1,0.0254,0,207.97,1.5655,0.00454,1,0.18,2.184,0.3648,100,HEALTHY,F0,0,0,healthy,0,0,0,,,,,9,0
2026-08-19T17:46:08.386Z,1787161568386,FAN_DT_001_F2_S09_R01_20260819T174539,1,28.505,BASELINE,F2,0.9,FAN_DT_001,3.0,process-model-3.0.0-build3,2759,1,LIVE,SYNCHRONISED,AUTOMATIC,NORMAL,65,1950,1950,0,145,145,0.3,0.3,25.1402,38.91,1.028,1,0.0254,0,207.97,1.6247,0.00477,1,0.18,2.293,0.3785,100,HEALTHY,F0,0,0,healthy,0,0,0,,,,,9,0
2026-08-19T17:46:09.401Z,1787161569401,FAN_DT_001_F2_S09_R01_20260819T174539,1,29.52,BASELINE,F2,0.9,FAN_DT_001,3.0,process-model-3.0.0-build3,2760,1,LIVE,SYNCHRONISED,AUTOMATIC,NORMAL,65,1950,1950,0,145,145,0.3,0.3,25.1222,38.9,1.028,1,0.0254,0,207.97,1.6839,0.00498,1,0.18,2.393,0.3924,100,HEALTHY,F0,0,0,healthy,0,0,0,,,,,9,0
2026-08-19T17:46:10.461Z,1787161570461,FAN_DT_001_F2_S09_R01_20260819T174539,1,30.582,BASELINE,F2,0.9,FAN_DT_001,3.0,process-model-3.0.0-build3,2761,1,LIVE,SYNCHRONISED,AUTOMATIC,NORMAL,65,1950,1950,0,145,145,0.3,0.3,25.10411,38.9,1.028,1,0.0254,0,207.97,1.7433,0.00519,1,0.18,2.495,0.4062,100,HEALTHY,F0,0,0,healthy,0,0,0,,,,,9,0
2026-08-19T17:46:11.451Z,1787161571451,FAN_DT_001_F2_S09_R01_20260819T174539,1,31.571,BASELINE,F2,0.9,FAN_DT_001,3.0,process-model-3.0.0-build3,2762,1,LIVE,SYNCHRONISED,AUTOMATIC,NORMAL,65,1950,1950,0,145,145,0.3,0.3,25.08605,38.89,1.028,1,0.0254,0,207.97,1.8024,0.0054,1,0.18,2.599,0.42,100,HEALTHY,F0,0,0,healthy,0,0,0,,,,,9,0
2026-08-19T17:46:12.482Z,1787161572482,FAN_DT_001_F2_S09_R01_20260819T174539,1,32.602,BASELINE,F2,0.9,FAN_DT_001,3.0,process-model-3.0.0-build3,2763,1,LIVE,SYNCHRONISED,AUTOMATIC,NORMAL,65,1950,1950,0,145,145,0.3,0.3,25.06794,38.89,1.028,1,0.0254,0,207.97,1.8616,0.0056,1,0.18,2.694,0.4337,100,HEALTHY,F0,0,0,healthy,0,0,0,,,,,9,0
2026-08-19T17:46:13.533Z,1787161573533,FAN_DT_001_F2_S09_R01_20260819T174539,1,33.653,BASELINE,F2,0.9,FAN_DT_001,3.0,process-model-3.0.0-build3,2764,1,LIVE,SYNCHRONISED,AUTOMATIC,NORMAL,65,1950,1950,0,145,145,0.3,0.3,25.04969,38.88,1.028,1,0.0254,0,207.97,1.921,0.00581,1,0.18,2.795,0.4476,100,HEALTHY,F0,0,0,healthy,0,0,0,,,,,9,0
2026-08-19T17:46:14.560Z,1787161574560,FAN_DT_001_F2_S09_R01_20260819T174539,1,34.68,BASELINE,F2,0.9,FAN_DT_001,3.0,process-model-3.0.0-build3,2765,1,LIVE,SYNCHRONISED,AUTOMATIC,NORMAL,65,1950,1950,0,145,145,0.3,0.3,25.03145,38.88,1.028,1,0.0254,0,207.97,1.9804,0.00601,1,0.18,2.89,0.4614,100,HEALTHY,F0,0,0,healthy,0,0,0,,,,,9,0
2026-08-19T17:46:15.565Z,1787161575565,FAN_DT_001_F2_S09_R01_20260819T174539,1,35.686,BASELINE,F2,0.9,FAN_DT_001,3.0,process-model-3.0.0-build3,2766,1,LIVE,SYNCHRONISED,AUTOMATIC,NORMAL,65,1950,1950,0,145,145,0.3,0.3,25.01326,38.87,1.028,1,0.0254,0,207.97,2.0395,0.0062,1,0.18,2.983,0.4752,100,HEALTHY,F0,0,0,healthy,0,0,0,,,,,9,0
2026-08-19T17:46:16.592Z,1787161576592,FAN_DT_001_F2_S09_R01_20260819T174539,1,36.712,BASELINE,F2,0.9,FAN_DT_001,3.0,process-model-3.0.0-build3,2767,1,LIVE,SYNCHRONISED,AUTOMATIC,NORMAL,65,1950,1950,0,145,145,0.3,0.3,24.99499,38.86,1.028,1,0.0254,0,207.97,2.0989,0.00639,1,0.18,3.072,0.489,100,HEALTHY,F0,0,0,healthy,0,0,0,,,,,9,0
2026-08-19T17:46:17.630Z,1787161577630,FAN_DT_001_F2_S09_R01_20260819T174539,1,37.75,BASELINE,F2,0.9,FAN_DT_001,3.0,process-model-3.0.0-build3,2768,1,LIVE,SYNCHRONISED,AUTOMATIC,NORMAL,65,1950,1950,0,145,145,0.3,0.3,24.97673,38.86,1.028,1,0.0254,0,207.97,2.1582,0.00659,1,0.18,3.171,0.5029,100,HEALTHY,F0,0,0,healthy,0,0,0,,,,,9,0
2026-08-19T17:46:18.652Z,1787161578652,FAN_DT_001_F2_S09_R01_20260819T174539,1,38.773,BASELINE,F2,0.9,FAN_DT_001,3.0,process-model-3.0.0-build3,2769,1,LIVE,SYNCHRONISED,AUTOMATIC,NORMAL,65,1950,1950,0,145,145,0.3,0.3,24.95851,38.85,1.028,1,0.0254,0,207.97,2.2175,0.00679,1,0.18,3.265,0.5167,100,HEALTHY,F0,0,0,healthy,0,0,0,,,,,9,0
2026-08-19T17:46:19.683Z,1787161579683,FAN_DT_001_F2_S09_R01_20260819T174539,1,39.803,BASELINE,F2,0.9,FAN_DT_001,3.0,process-model-3.0.0-build3,2770,1,LIVE,SYNCHRONISED,AUTOMATIC,NORMAL,65,1950,1950,0,145,145,0.3,0.3,24.94025,38.84,1.028,1,0.0254,0,207.97,2.2769,0.00696,1,0.18,3.348,0.5305,100,HEALTHY,F0,0,0,healthy,0,0,0,,,,,9,0
2026-08-19T17:46:20.708Z,1787161580708,FAN_DT_001_F2_S09_R01_20260819T174539,1,40.828,BASELINE,F2,0.9,FAN_DT_001,3.0,process-model-3.0.0-build3,2771,1,LIVE,SYNCHRONISED,AUTOMATIC,NORMAL,65,1950,1950,0,145,145,0.3,0.3,24.92203,38.83,1.028,1,0.0254,0,207.97,2.3364,0.00714,1,0.18,3.434,0.5444,100,HEALTHY,F0,0,0,healthy,0,0,0,,,,,9,0
2026-08-19T17:46:21.739Z,1787161581739,FAN_DT_001_F2_S09_R01_20260819T174539,1,41.859,BASELINE,F2,0.9,FAN_DT_001,3.0,process-model-3.0.0-build3,2772,1,LIVE,SYNCHRONISED,AUTOMATIC,NORMAL,65,1950,1950,0,145,145,0.3,0.3,24.90392,38.83,1.028,1,0.0254,0,207.97,2.3956,0.00731,1,0.18,3.516,0.5582,100,HEALTHY,F0,0,0,healthy,0,0,0,,,,,9,0
2026-08-19T17:46:22.768Z,1787161582768,FAN_DT_001_F2_S09_R01_20260819T174539,1,42.888,BASELINE,F2,0.9,FAN_DT_001,3.0,process-model-3.0.0-build3,2773,1,LIVE,SYNCHRONISED,AUTOMATIC,NORMAL,65,1950,1950,0,145,145,0.3,0.3,24.88583,38.82,1.028,1,0.0254,0,207.97,2.4549,0.00748,1,0.18,3.599,0.572,100,HEALTHY,F0,0,0,healthy,0,0,0,,,,,9,0
2026-08-19T17:46:23.799Z,1787161583799,FAN_DT_001_F2_S09_R01_20260819T174539,1,43.919,BASELINE,F2,0.9,FAN_DT_001,3.0,process-model-3.0.0-build3,2774,1,LIVE,SYNCHRONISED,AUTOMATIC,NORMAL,65,1950,1950,0,145,145,0.3,0.3,24.86777,38.81,1.028,1,0.0254,0,207.97,2.5143,0.00766,1,0.18,3.683,0.5858,100,HEALTHY,F0,0,0,healthy,0,0,0,,,,,9,0
2026-08-19T17:46:24.829Z,1787161584829,FAN_DT_001_F2_S09_R01_20260819T174539,1,44.949,BASELINE,F2,0.9,FAN_DT_001,3.0,process-model-3.0.0-build3,2775,1,LIVE,SYNCHRONISED,AUTOMATIC,NORMAL,65,1950,1950,0,145,145,0.3,0.3,24.84979,38.8,1.028,1,0.0254,0,207.97,2.5736,0.00784,1,0.18,3.77,0.5997,100,HEALTHY,F0,0,0,healthy,0,0,0,,,,,9,0
2026-08-19T17:46:25.853Z,1787161585853,FAN_DT_001_F2_S09_R01_20260819T174539,1,45.973,BASELINE,F2,0.9,FAN_DT_001,3.0,process-model-3.0.0-build3,2776,1,LIVE,SYNCHRONISED,AUTOMATIC,NORMAL,65,1950,1950,0,145,145,0.3,0.3,24.83202,38.8,1.028,1,0.0254,0,207.97,2.6326,0.008,1,0.18,3.849,0.6134,100,HEALTHY,F0,0,0,healthy,0,0,0,,,,,9,0
2026-08-19T17:46:26.880Z,1787161586880,FAN_DT_001_F2_S09_R01_20260819T174539,1,47,BASELINE,F2,0.9,FAN_DT_001,3.0,process-model-3.0.0-build3,2777,1,LIVE,SYNCHRONISED,AUTOMATIC,NORMAL,65,1950,1950,0,145,145,0.3,0.3,24.81417,38.79,1.028,1,0.0254,0,207.97,2.692,0.00816,1,0.18,3.923,0.6272,100,HEALTHY,F0,0,0,healthy,0,0,0,,,,,9,0
2026-08-19T17:46:27.906Z,1787161587906,FAN_DT_001_F2_S09_R01_20260819T174539,1,48.027,BASELINE,F2,0.9,FAN_DT_001,3.0,process-model-3.0.0-build3,2778,1,LIVE,SYNCHRONISED,AUTOMATIC,NORMAL,65,1950,1950,0,145,145,0.3,0.3,24.79643,38.78,1.028,1,0.0254,0,207.97,2.7514,0.0083,1,0.18,3.989,0.6411,100,HEALTHY,F0,0,0,healthy,0,0,0,,,,,9,0
2026-08-19T17:46:28.931Z,1787161588931,FAN_DT_001_F2_S09_R01_20260819T174539,1,49.052,BASELINE,F2,0.9,FAN_DT_001,3.0,process-model-3.0.0-build3,2779,1,LIVE,SYNCHRONISED,AUTOMATIC,NORMAL,65,1950,1950,0,145,145,0.3,0.3,24.77888,38.77,1.028,1,0.0254,0,207.97,2.8106,0.00846,1,0.18,4.067,0.6549,100,HEALTHY,F0,0,0,healthy,0,0,0,,,,,9,0
2026-08-19T17:46:29.965Z,1787161589965,FAN_DT_001_F2_S09_R01_20260819T174539,1,50.085,BASELINE,F2,0.9,FAN_DT_001,3.0,process-model-3.0.0-build3,2780,1,LIVE,SYNCHRONISED,AUTOMATIC,NORMAL,65,1950,1950,0,145,145,0.3,0.3,24.76143,38.76,1.028,1,0.0254,0,207.97,2.8698,0.00858,1,0.18,4.127,0.6687,100,HEALTHY,F0,0,0,healthy,0,0,0,,,,,9,0
2026-08-19T17:46:30.999Z,1787161590999,FAN_DT_001_F2_S09_R01_20260819T174539,1,51.121,BASELINE,F2,0.9,FAN_DT_001,3.0,process-model-3.0.0-build3,2781,1,LIVE,SYNCHRONISED,AUTOMATIC,NORMAL,65,1950,1950,0,145,145,0.3,0.3,24.744,38.75,1.028,1,0.0254,0,207.97,2.9294,0.00874,1,0.18,4.203,0.6825,100,HEALTHY,F0,0,0,healthy,0,0,0,,,,,9,0
2026-08-19T17:46:32.030Z,1787161592030,FAN_DT_001_F2_S09_R01_20260819T174539,1,52.15,BASELINE,F2,0.9,FAN_DT_001,3.0,process-model-3.0.0-build3,2782,1,LIVE,SYNCHRONISED,AUTOMATIC,NORMAL,65,1950,1950,0,145,145,0.3,0.3,24.72679,38.74,1.028,1,0.0254,0,207.97,2.9886,0.00887,1,0.18,4.266,0.6964,100,HEALTHY,F0,0,0,healthy,0,0,0,,,,,9,0
2026-08-19T17:46:33.058Z,1787161593058,FAN_DT_001_F2_S09_R01_20260819T174539,1,53.178,BASELINE,F2,0.9,FAN_DT_001,3.0,process-model-3.0.0-build3,2783,1,LIVE,SYNCHRONISED,AUTOMATIC,NORMAL,65,1950,1950,0,145,145,0.3,0.3,24.70972,38.73,1.028,1,0.0254,0,207.97,3.0479,0.00899,1,0.18,4.322,0.7102,100,HEALTHY,F0,0,0,healthy,0,0,0,,,,,9,0
2026-08-19T17:46:34.078Z,1787161594078,FAN_DT_001_F2_S09_R01_20260819T174539,1,54.198,BASELINE,F2,0.9,FAN_DT_001,3.0,process-model-3.0.0-build3,2784,1,LIVE,SYNCHRONISED,AUTOMATIC,NORMAL,65,1950,1950,0,145,145,0.3,0.3,24.69281,38.72,1.028,1,0.0254,0,207.97,3.1071,0.00914,1,0.18,4.394,0.724,100,HEALTHY,F0,0,0,healthy,0,0,0,,,,,9,0
2026-08-19T17:46:35.103Z,1787161595103,FAN_DT_001_F2_S09_R01_20260819T174539,1,55.223,BASELINE,F2,0.9,FAN_DT_001,3.0,process-model-3.0.0-build3,2785,1,LIVE,SYNCHRONISED,AUTOMATIC,NORMAL,65,1950,1950,0,145,145,0.3,0.3,24.676,38.72,1.028,1,0.0254,0,207.97,3.1666,0.00923,1,0.18,4.44,0.7378,100,HEALTHY,F0,0,0,healthy,0,0,0,,,,,9,0
2026-08-19T17:46:36.132Z,1787161596132,FAN_DT_001_F2_S09_R01_20260819T174539,1,56.252,BASELINE,F2,0.9,FAN_DT_001,3.0,process-model-3.0.0-build3,2786,1,LIVE,SYNCHRONISED,AUTOMATIC,NORMAL,65,1950,1950,0,145,145,0.3,0.3,24.65938,38.71,1.028,1,0.0254,0,207.97,3.226,0.00936,1,0.18,4.502,0.7516,100,HEALTHY,F0,0,0,healthy,0,0,0,,,,,9,0
2026-08-19T17:46:37.167Z,1787161597167,FAN_DT_001_F2_S09_R01_20260819T174539,1,57.287,BASELINE,F2,0.9,FAN_DT_001,3.0,process-model-3.0.0-build3,2787,1,LIVE,SYNCHRONISED,AUTOMATIC,NORMAL,65,1950,1950,0,145,145,0.3,0.3,24.64297,38.7,1.028,1,0.0254,0,207.97,3.2852,0.00948,1,0.18,4.558,0.7655,100,HEALTHY,F0,0,0,healthy,0,0,0,,,,,9,0
2026-08-19T17:46:38.194Z,1787161598194,FAN_DT_001_F2_S09_R01_20260819T174539,1,58.314,BASELINE,F2,0.9,FAN_DT_001,3.0,process-model-3.0.0-build3,2788,1,LIVE,SYNCHRONISED,AUTOMATIC,NORMAL,65,1950,1950,0,145,145,0.3,0.3,24.62672,38.69,1.028,1,0.0254,0,207.97,3.3446,0.00957,1,0.18,4.6,0.7793,100,HEALTHY,F0,0,0,healthy,0,0,0,,,,,9,0
2026-08-19T17:46:39.228Z,1787161599228,FAN_DT_001_F2_S09_R01_20260819T174539,1,59.348,BASELINE,F2,0.9,FAN_DT_001,3.0,process-model-3.0.0-build3,2789,1,LIVE,SYNCHRONISED,AUTOMATIC,NORMAL,65,1950,1950,0,145,145,0.3,0.3,24.61072,38.68,1.028,1,0.0254,0,207.97,3.4037,0.00968,1,0.18,4.656,0.7931,100,HEALTHY,F0,0,0,healthy,0,0,0,,,,,9,0
2026-08-19T17:46:40.247Z,1787161600247,FAN_DT_001_F2_S09_R01_20260819T174539,1,60.368,FAULT_ACTIVE,F2,0.9,FAN_DT_001,3.0,process-model-3.0.0-build3,2790,1,LIVE,SYNCHRONISED,AUTOMATIC,NORMAL,65,1950,1950,0,145,145,0.3,0.3,24.5949,38.67,1.028,1,0.0254,0,207.97,3.4629,0.00978,1,0.18,4.705,0.8069,100,HEALTHY,F0,0,0,healthy,0,0,0,,,,,9,0
2026-08-19T17:46:41.263Z,1787161601263,FAN_DT_001_F2_S09_R01_20260819T174539,1,61.386,FAULT_ACTIVE,F2,0.9,FAN_DT_001,3.0,process-model-3.0.0-build3,2791,1,LIVE,SYNCHRONISED,AUTOMATIC,NORMAL,65,1950,1950,0,145,163,0.3,0.3,24.57958,38.68,1.536,1.495,0.0254,0,310.91,3.5498,-0.01741,1,0.18,5.599,0.8271,41.5,CRITICAL,F2,2,1,electrical_overcurrent,0.9,1,1,,,,,10,0
2026-08-19T17:46:42.286Z,1787161602286,FAN_DT_001_F2_S09_R01_20260819T174539,1,62.406,FAULT_ACTIVE,F2,0.9,FAN_DT_001,3.0,process-model-3.0.0-build3,2792,1,LIVE,SYNCHRONISED,AUTOMATIC,NORMAL,65,1950,1950,0,145,163,0.3,0.3,24.5641,38.7,1.536,1.495,0.0254,0,310.91,3.6388,-0.01687,1,0.18,5.427,0.8479,41.5,CRITICAL,F2,2,1,electrical_overcurrent,0.9,1,1,,,,,10,0
2026-08-19T17:46:43.324Z,1787161603324,FAN_DT_001_F2_S09_R01_20260819T174539,1,63.445,FAULT_ACTIVE,F2,0.9,FAN_DT_001,3.0,process-model-3.0.0-build3,2793,1,LIVE,SYNCHRONISED,AUTOMATIC,NORMAL,65,1950,1950,0,145,163,0.3,0.3,24.54884,38.72,1.536,1.495,0.0254,0,310.91,3.7279,-0.01634,1,0.18,5.254,0.8686,41.5,CRITICAL,F2,2,1,electrical_overcurrent,0.9,1,1,,,,,10,0
2026-08-19T17:46:44.360Z,1787161604360,FAN_DT_001_F2_S09_R01_20260819T174539,1,64.48,FAULT_ACTIVE,F2,0.9,FAN_DT_001,3.0,process-model-3.0.0-build3,2794,1,LIVE,SYNCHRONISED,AUTOMATIC,NORMAL,65,1950,1950,0,145,163,0.3,0.3,24.53377,38.74,1.536,1.495,0.0254,0,310.91,3.8173,-0.0158,1,0.18,5.083,0.8894,41.5,CRITICAL,F2,2,1,electrical_overcurrent,0.9,1,1,,,,,10,0
2026-08-19T17:46:45.396Z,1787161605396,FAN_DT_001_F2_S09_R01_20260819T174539,1,65.517,FAULT_ACTIVE,F2,0.9,FAN_DT_001,3.0,process-model-3.0.0-build3,2795,1,LIVE,SYNCHRONISED,AUTOMATIC,NORMAL,65,1950,1950,0,145,163,0.3,0.3,24.51899,38.75,1.536,1.495,0.0254,0,310.91,3.9064,-0.01529,1,0.18,4.917,0.9102,41.5,CRITICAL,F2,2,1,electrical_overcurrent,0.9,1,1,,,,,10,0
2026-08-19T17:46:46.429Z,1787161606429,FAN_DT_001_F2_S09_R01_20260819T174539,1,66.55,FAULT_ACTIVE,F2,0.9,FAN_DT_001,3.0,process-model-3.0.0-build3,2796,1,LIVE,SYNCHRONISED,AUTOMATIC,NORMAL,65,1950,1950,0,145,163,0.3,0.3,24.50446,38.77,1.536,1.495,0.0254,0,310.91,3.9955,-0.01479,1,0.18,4.758,0.931,41.5,CRITICAL,F2,2,1,electrical_overcurrent,0.9,1,1,,,,,10,0
2026-08-19T17:46:47.466Z,1787161607466,FAN_DT_001_F2_S09_R01_20260819T174539,1,67.586,FAULT_ACTIVE,F2,0.9,FAN_DT_001,3.0,process-model-3.0.0-build3,2797,1,LIVE,SYNCHRONISED,AUTOMATIC,NORMAL,65,1950,1950,0,145,163,0.3,0.3,24.49014,38.78,1.536,1.495,0.0254,0,310.91,4.0849,-0.01432,1,0.18,4.606,0.9518,41.5,CRITICAL,F2,2,1,electrical_overcurrent,0.9,1,1,,,,,10,0
2026-08-19T17:46:48.525Z,1787161608525,FAN_DT_001_F2_S09_R01_20260819T174539,1,68.645,FAULT_ACTIVE,F2,0.9,FAN_DT_001,3.0,process-model-3.0.0-build3,2798,1,LIVE,SYNCHRONISED,AUTOMATIC,NORMAL,65,1950,1950,0,145,163,0.3,0.3,24.47612,38.8,1.536,1.495,0.0254,0,310.91,4.1741,-0.01385,1,0.18,4.454,0.9726,41.5,CRITICAL,F2,2,1,electrical_overcurrent,0.9,1,1,,,,,10,0
2026-08-19T17:46:49.528Z,1787161609528,FAN_DT_001_F2_S09_R01_20260819T174539,1,69.648,FAULT_ACTIVE,F2,0.9,FAN_DT_001,3.0,process-model-3.0.0-build3,2799,1,LIVE,SYNCHRONISED,AUTOMATIC,NORMAL,65,1950,1950,0,145,163,0.3,0.3,24.46241,38.81,1.536,1.495,0.0254,0,310.91,4.2632,-0.01338,1,0.18,4.304,0.9933,41.5,CRITICAL,F2,2,1,electrical_overcurrent,0.9,1,1,,,,,10,0
2026-08-19T17:46:50.567Z,1787161610567,FAN_DT_001_F2_S09_R01_20260819T174539,1,70.687,FAULT_ACTIVE,F2,0.9,FAN_DT_001,3.0,process-model-3.0.0-build3,2800,1,LIVE,SYNCHRONISED,AUTOMATIC,NORMAL,65,1950,1950,0,145,163,0.3,0.3,24.44895,38.82,1.536,1.495,0.0254,0,310.91,4.3524,-0.01293,1,0.18,4.16,1.0141,41.5,CRITICAL,F2,2,1,electrical_overcurrent,0.9,1,1,,,,,10,0
2026-08-19T17:46:51.599Z,1787161611599,FAN_DT_001_F2_S09_R01_20260819T174539,1,71.719,FAULT_ACTIVE,F2,0.9,FAN_DT_001,3.0,process-model-3.0.0-build3,2801,1,LIVE,SYNCHRONISED,AUTOMATIC,NORMAL,65,1950,1950,0,145,163,0.3,0.3,24.43575,38.84,1.536,1.495,0.0254,0,310.91,4.4419,-0.0125,1,0.18,4.022,1.035,41.5,CRITICAL,F2,2,1,electrical_overcurrent,0.9,1,1,,,,,10,0
2026-08-19T17:46:52.638Z,1787161612638,FAN_DT_001_F2_S09_R01_20260819T174539,1,72.758,FAULT_ACTIVE,F2,0.9,FAN_DT_001,3.0,process-model-3.0.0-build3,2802,1,LIVE,SYNCHRONISED,AUTOMATIC,NORMAL,65,1950,1950,0,145,163,0.3,0.3,24.42286,38.85,1.536,1.495,0.0254,0,310.91,4.5312,-0.01209,1,0.18,3.887,1.0558,41.5,CRITICAL,F2,2,1,electrical_overcurrent,0.9,1,1,,,,,10,0
2026-08-19T17:46:53.677Z,1787161613677,FAN_DT_001_F2_S09_R01_20260819T174539,1,73.797,FAULT_ACTIVE,F2,0.9,FAN_DT_001,3.0,process-model-3.0.0-build3,2803,1,LIVE,SYNCHRONISED,AUTOMATIC,NORMAL,65,1950,1950,0,145,163,0.3,0.3,24.41028,38.86,1.536,1.495,0.0254,0,310.91,4.6205,-0.01167,1,0.18,3.755,1.0766,41.5,CRITICAL,F2,2,1,electrical_overcurrent,0.9,1,1,,,,,10,0
2026-08-19T17:46:54.710Z,1787161614710,FAN_DT_001_F2_S09_R01_20260819T174539,1,74.831,FAULT_ACTIVE,F2,0.9,FAN_DT_001,3.0,process-model-3.0.0-build3,2804,1,LIVE,SYNCHRONISED,AUTOMATIC,NORMAL,65,1950,1950,0,145,163,0.3,0.3,24.39802,38.87,1.536,1.495,0.0254,0,310.91,4.7098,-0.01126,1,0.18,3.622,1.0974,41.5,CRITICAL,F2,2,1,electrical_overcurrent,0.9,1,1,,,,,10,0
2026-08-19T17:46:55.735Z,1787161615735,FAN_DT_001_F2_S09_R01_20260819T174539,1,75.855,FAULT_ACTIVE,F2,0.9,FAN_DT_001,3.0,process-model-3.0.0-build3,2805,1,LIVE,SYNCHRONISED,AUTOMATIC,NORMAL,65,1950,1950,0,145,163,0.3,0.3,24.38605,38.89,1.536,1.495,0.0254,0,310.91,4.7993,-0.01089,1,0.18,3.502,1.1182,41.5,CRITICAL,F2,2,1,electrical_overcurrent,0.9,1,1,,,,,10,0
2026-08-19T17:46:56.772Z,1787161616772,FAN_DT_001_F2_S09_R01_20260819T174539,1,76.892,FAULT_ACTIVE,F2,0.9,FAN_DT_001,3.0,process-model-3.0.0-build3,2806,1,LIVE,SYNCHRONISED,AUTOMATIC,NORMAL,65,1950,1950,0,145,163,0.3,0.3,24.37457,38.9,1.536,1.495,0.0254,0,310.91,4.8875,-0.01049,1,0.18,3.374,1.1388,41.5,CRITICAL,F2,2,1,electrical_overcurrent,0.9,1,1,,,,,10,0
2026-08-19T17:46:57.829Z,1787161617829,FAN_DT_001_F2_S09_R01_20260819T174539,1,77.95,FAULT_ACTIVE,F2,0.9,FAN_DT_001,3.0,process-model-3.0.0-build3,2807,1,LIVE,SYNCHRONISED,AUTOMATIC,NORMAL,65,1950,1950,0,145,163,0.3,0.3,24.36327,38.91,1.536,1.495,0.0254,0,310.91,4.9768,-0.01013,1,0.18,3.259,1.1596,41.5,CRITICAL,F2,2,1,electrical_overcurrent,0.9,1,1,,,,,10,0
2026-08-19T17:46:58.845Z,1787161618845,FAN_DT_001_F2_S09_R01_20260819T174539,1,78.964,FAULT_ACTIVE,F2,0.9,FAN_DT_001,3.0,process-model-3.0.0-build3,2808,1,LIVE,SYNCHRONISED,AUTOMATIC,NORMAL,65,1950,1950,0,145,163,0.3,0.3,24.35231,38.92,1.536,1.495,0.0254,0,310.91,5.0661,-0.00978,1,0.18,3.145,1.1804,41.5,CRITICAL,F2,2,1,electrical_overcurrent,0.9,1,1,,,,,10,0
2026-08-19T17:46:59.870Z,1787161619870,FAN_DT_001_F2_S09_R01_20260819T174539,1,79.99,FAULT_ACTIVE,F2,0.9,FAN_DT_001,3.0,process-model-3.0.0-build3,2809,1,LIVE,SYNCHRONISED,AUTOMATIC,NORMAL,65,1950,1950,0,145,163,0.3,0.3,24.34174,38.93,1.536,1.495,0.0254,0,310.91,5.1551,-0.00945,1,0.18,3.039,1.2011,41.5,CRITICAL,F2,2,1,electrical_overcurrent,0.9,1,1,,,,,10,0
2026-08-19T17:47:00.906Z,1787161620906,FAN_DT_001_F2_S09_R01_20260819T174539,1,81.026,FAULT_ACTIVE,F2,0.9,FAN_DT_001,3.0,process-model-3.0.0-build3,2810,1,LIVE,SYNCHRONISED,AUTOMATIC,NORMAL,65,1950,1950,0,145,163,0.3,0.3,24.33152,38.94,1.536,1.495,0.0254,0,310.91,5.2438,-0.00913,1,0.18,2.935,1.2218,41.5,CRITICAL,F2,2,1,electrical_overcurrent,0.9,1,1,,,,,10,0
2026-08-19T17:47:01.941Z,1787161621941,FAN_DT_001_F2_S09_R01_20260819T174539,1,82.061,FAULT_ACTIVE,F2,0.9,FAN_DT_001,3.0,process-model-3.0.0-build3,2811,1,LIVE,SYNCHRONISED,AUTOMATIC,NORMAL,65,1950,1950,0,145,163,0.3,0.3,24.3216,38.95,1.536,1.495,0.0254,0,310.91,5.3331,-0.00881,1,0.18,2.834,1.2426,41.5,CRITICAL,F2,2,1,electrical_overcurrent,0.9,1,1,,,,,10,0
2026-08-19T17:47:02.979Z,1787161622979,FAN_DT_001_F2_S09_R01_20260819T174539,1,83.1,FAULT_ACTIVE,F2,0.9,FAN_DT_001,3.0,process-model-3.0.0-build3,2812,1,LIVE,SYNCHRONISED,AUTOMATIC,NORMAL,65,1950,1950,0,145,163,0.3,0.3,24.31206,38.95,1.536,1.495,0.0254,0,310.91,5.4223,-0.00848,1,0.18,2.729,1.2634,41.5,CRITICAL,F2,2,1,electrical_overcurrent,0.9,1,1,,,,,10,0
2026-08-19T17:47:04.023Z,1787161624023,FAN_DT_001_F2_S09_R01_20260819T174539,1,84.143,FAULT_ACTIVE,F2,0.9,FAN_DT_001,3.0,process-model-3.0.0-build3,2813,1,LIVE,SYNCHRONISED,AUTOMATIC,NORMAL,65,1950,1950,0,145,163,0.3,0.3,24.30287,38.96,1.536,1.495,0.0254,0,310.91,5.5115,-0.00821,1,0.18,2.64,1.2842,41.5,CRITICAL,F2,2,1,electrical_overcurrent,0.9,1,1,,,,,10,0
2026-08-19T17:47:05.048Z,1787161625048,FAN_DT_001_F2_S09_R01_20260819T174539,1,85.169,FAULT_ACTIVE,F2,0.9,FAN_DT_001,3.0,process-model-3.0.0-build3,2814,1,LIVE,SYNCHRONISED,AUTOMATIC,NORMAL,65,1950,1950,0,145,163,0.3,0.3,24.29405,38.97,1.536,1.495,0.0254,0,310.91,5.6006,-0.00792,1,0.18,2.548,1.3049,41.5,CRITICAL,F2,2,1,electrical_overcurrent,0.9,1,1,,,,,10,0
2026-08-19T17:47:06.079Z,1787161626079,FAN_DT_001_F2_S09_R01_20260819T174539,1,86.201,FAULT_ACTIVE,F2,0.9,FAN_DT_001,3.0,process-model-3.0.0-build3,2815,1,LIVE,SYNCHRONISED,AUTOMATIC,NORMAL,65,1950,1950,0,145,163,0.3,0.3,24.28558,38.98,1.536,1.495,0.0254,0,310.91,5.69,-0.00766,1,0.18,2.463,1.3258,41.5,CRITICAL,F2,2,1,electrical_overcurrent,0.9,1,1,,,,,10,0
2026-08-19T17:47:07.128Z,1787161627128,FAN_DT_001_F2_S09_R01_20260819T174539,1,87.248,FAULT_ACTIVE,F2,0.9,FAN_DT_001,3.0,process-model-3.0.0-build3,2816,1,LIVE,SYNCHRONISED,AUTOMATIC,NORMAL,65,1950,1950,0,145,163,0.3,0.3,24.2775,38.99,1.536,1.495,0.0254,0,310.91,5.7792,-0.00739,1,0.18,2.376,1.3466,41.5,CRITICAL,F2,2,1,electrical_overcurrent,0.9,1,1,,,,,10,0
2026-08-19T17:47:08.145Z,1787161628145,FAN_DT_001_F2_S09_R01_20260819T174539,1,88.265,FAULT_ACTIVE,F2,0.9,FAN_DT_001,3.0,process-model-3.0.0-build3,2817,1,LIVE,SYNCHRONISED,AUTOMATIC,NORMAL,65,1950,1950,0,145,163,0.3,0.3,24.2698,38.99,1.536,1.495,0.0254,0,310.91,5.8685,-0.00714,1,0.18,2.296,1.3674,41.5,CRITICAL,F2,2,1,electrical_overcurrent,0.9,1,1,,,,,10,0
2026-08-19T17:47:09.187Z,1787161629187,FAN_DT_001_F2_S09_R01_20260819T174539,1,89.308,FAULT_ACTIVE,F2,0.9,FAN_DT_001,3.0,process-model-3.0.0-build3,2818,1,LIVE,SYNCHRONISED,AUTOMATIC,NORMAL,65,1950,1950,0,145,163,0.3,0.3,24.2625,39,1.536,1.495,0.0254,0,310.91,5.9576,-0.0069,1,0.18,2.218,1.3881,41.5,CRITICAL,F2,2,1,electrical_overcurrent,0.9,1,1,,,,,10,0
2026-08-19T17:47:10.252Z,1787161630252,FAN_DT_001_F2_S09_R01_20260819T174539,1,90.372,FAULT_ACTIVE,F2,0.9,FAN_DT_001,3.0,process-model-3.0.0-build3,2819,1,LIVE,SYNCHRONISED,AUTOMATIC,NORMAL,65,1950,1950,0,145,163,0.3,0.3,24.25556,39.01,1.536,1.495,0.0254,0,310.91,6.0471,-0.00666,1,0.18,2.142,1.409,41.5,CRITICAL,F2,2,1,electrical_overcurrent,0.9,1,1,,,,,10,0
2026-08-19T17:47:11.251Z,1787161631251,FAN_DT_001_F2_S09_R01_20260819T174539,1,91.371,FAULT_ACTIVE,F2,0.9,FAN_DT_001,3.0,process-model-3.0.0-build3,2820,1,LIVE,SYNCHRONISED,AUTOMATIC,NORMAL,65,1950,1950,0,145,163,0.3,0.3,24.24906,39.02,1.536,1.495,0.0254,0,310.91,6.136,-0.00645,1,0.18,2.074,1.4297,41.5,CRITICAL,F2,2,1,electrical_overcurrent,0.9,1,1,,,,,10,0
2026-08-19T17:47:12.285Z,1787161632285,FAN_DT_001_F2_S09_R01_20260819T174539,1,92.406,FAULT_ACTIVE,F2,0.9,FAN_DT_001,3.0,process-model-3.0.0-build3,2821,1,LIVE,SYNCHRONISED,AUTOMATIC,NORMAL,65,1950,1950,0,145,163,0.3,0.3,24.24294,39.02,1.536,1.495,0.0254,0,310.91,6.225,-0.00624,1,0.18,2.008,1.4504,41.5,CRITICAL,F2,2,1,electrical_overcurrent,0.9,1,1,,,,,10,0
2026-08-19T17:47:13.321Z,1787161633321,FAN_DT_001_F2_S09_R01_20260819T174539,1,93.44,FAULT_ACTIVE,F2,0.9,FAN_DT_001,3.0,process-model-3.0.0-build3,2822,1,LIVE,SYNCHRONISED,AUTOMATIC,NORMAL,65,1950,1950,0,145,163,0.3,0.3,24.23719,39.03,1.536,1.495,0.0254,0,310.91,6.3144,-0.00602,1,0.18,1.938,1.4713,41.5,CRITICAL,F2,2,1,electrical_overcurrent,0.9,1,1,,,,,10,0
2026-08-19T17:47:14.358Z,1787161634358,FAN_DT_001_F2_S09_R01_20260819T174539,1,94.478,FAULT_ACTIVE,F2,0.9,FAN_DT_001,3.0,process-model-3.0.0-build3,2823,1,LIVE,SYNCHRONISED,AUTOMATIC,NORMAL,65,1950,1950,0,145,163,0.3,0.3,24.23185,39.03,1.536,1.495,0.0254,0,310.91,6.4038,-0.00583,1,0.18,1.874,1.4921,41.5,CRITICAL,F2,2,1,electrical_overcurrent,0.9,1,1,,,,,10,0
2026-08-19T17:47:15.392Z,1787161635392,FAN_DT_001_F2_S09_R01_20260819T174539,1,95.512,FAULT_ACTIVE,F2,0.9,FAN_DT_001,3.0,process-model-3.0.0-build3,2824,1,LIVE,SYNCHRONISED,AUTOMATIC,NORMAL,65,1950,1950,0,145,163,0.3,0.3,24.22693,39.04,1.536,1.495,0.0254,0,310.91,6.4927,-0.00566,1,0.18,1.822,1.5128,41.5,CRITICAL,F2,2,1,electrical_overcurrent,0.9,1,1,,,,,10,0
2026-08-19T17:47:16.429Z,1787161636429,FAN_DT_001_F2_S09_R01_20260819T174539,1,96.55,FAULT_ACTIVE,F2,0.9,FAN_DT_001,3.0,process-model-3.0.0-build3,2825,1,LIVE,SYNCHRONISED,AUTOMATIC,NORMAL,65,1950,1950,0,145,163,0.3,0.3,24.2224,39.05,1.536,1.495,0.0254,0,310.91,6.5821,-0.00548,1,0.18,1.763,1.5336,41.5,CRITICAL,F2,2,1,electrical_overcurrent,0.9,1,1,,,,,10,0
2026-08-19T17:47:17.456Z,1787161637456,FAN_DT_001_F2_S09_R01_20260819T174539,1,97.576,FAULT_ACTIVE,F2,0.9,FAN_DT_001,3.0,process-model-3.0.0-build3,2826,1,LIVE,SYNCHRONISED,AUTOMATIC,NORMAL,65,1950,1950,0,145,163,0.3,0.3,24.21829,39.05,1.536,1.495,0.0254,0,310.91,6.6713,-0.00532,1,0.18,1.71,1.5544,41.5,CRITICAL,F2,2,1,electrical_overcurrent,0.9,1,1,,,,,10,0
2026-08-19T17:47:18.527Z,1787161638527,FAN_DT_001_F2_S09_R01_20260819T174539,1,98.648,FAULT_ACTIVE,F2,0.9,FAN_DT_001,3.0,process-model-3.0.0-build3,2827,1,LIVE,SYNCHRONISED,AUTOMATIC,NORMAL,65,1950,1950,0,145,163,0.3,0.3,24.21461,39.06,1.536,1.495,0.0254,0,310.91,6.7603,-0.00517,1,0.18,1.664,1.5751,41.5,CRITICAL,F2,2,1,electrical_overcurrent,0.9,1,1,,,,,10,0
2026-08-19T17:47:19.534Z,1787161639534,FAN_DT_001_F2_S09_R01_20260819T174539,1,99.654,FAULT_ACTIVE,F2,0.9,FAN_DT_001,3.0,process-model-3.0.0-build3,2828,1,LIVE,SYNCHRONISED,AUTOMATIC,NORMAL,65,1950,1950,0,145,163,0.3,0.3,24.21132,39.06,1.536,1.495,0.0254,0,310.91,6.8493,-0.00504,1,0.18,1.62,1.5959,41.5,CRITICAL,F2,2,1,electrical_overcurrent,0.9,1,1,,,,,10,0
2026-08-19T17:47:20.557Z,1787161640557,FAN_DT_001_F2_S09_R01_20260819T174539,1,100.677,FAULT_ACTIVE,F2,0.9,FAN_DT_001,3.0,process-model-3.0.0-build3,2829,1,LIVE,SYNCHRONISED,AUTOMATIC,NORMAL,65,1950,1950,0,145,163,0.3,0.3,24.20845,39.07,1.536,1.495,0.0254,0,310.91,6.9386,-0.0049,1,0.18,1.578,1.6167,41.5,CRITICAL,F2,2,1,electrical_overcurrent,0.9,1,1,,,,,10,0
2026-08-19T17:47:21.590Z,1787161641590,FAN_DT_001_F2_S09_R01_20260819T174539,1,101.711,FAULT_ACTIVE,F2,0.9,FAN_DT_001,3.0,process-model-3.0.0-build3,2830,1,LIVE,SYNCHRONISED,AUTOMATIC,NORMAL,65,1950,1950,0,145,163,0.3,0.3,24.206,39.07,1.536,1.495,0.0254,0,310.91,7.0277,-0.00479,1,0.18,1.541,1.6374,41.5,CRITICAL,F2,2,1,electrical_overcurrent,0.9,1,1,,,,,10,0
2026-08-19T17:47:22.637Z,1787161642637,FAN_DT_001_F2_S09_R01_20260819T174539,1,102.757,FAULT_ACTIVE,F2,0.9,FAN_DT_001,3.0,process-model-3.0.0-build3,2831,1,LIVE,SYNCHRONISED,AUTOMATIC,NORMAL,65,1950,1950,0,145,163,0.3,0.3,24.20397,39.08,1.536,1.495,0.0254,0,310.91,7.1165,-0.00466,1,0.18,1.499,1.6582,41.5,CRITICAL,F2,2,1,electrical_overcurrent,0.9,1,1,,,,,10,0
2026-08-19T17:47:23.662Z,1787161643662,FAN_DT_001_F2_S09_R01_20260819T174539,1,103.782,FAULT_ACTIVE,F2,0.9,FAN_DT_001,3.0,process-model-3.0.0-build3,2832,1,LIVE,SYNCHRONISED,AUTOMATIC,NORMAL,65,1950,1950,0,145,163,0.3,0.3,24.20235,39.08,1.536,1.495,0.0254,0,310.91,7.2058,-0.00457,1,0.18,1.469,1.679,41.5,CRITICAL,F2,2,1,electrical_overcurrent,0.9,1,1,,,,,10,0
2026-08-19T17:47:24.692Z,1787161644692,FAN_DT_001_F2_S09_R01_20260819T174539,1,104.813,FAULT_ACTIVE,F2,0.9,FAN_DT_001,3.0,process-model-3.0.0-build3,2833,1,LIVE,SYNCHRONISED,AUTOMATIC,NORMAL,65,1950,1950,0,145,163,0.3,0.3,24.20115,39.09,1.536,1.495,0.0254,0,310.91,7.2952,-0.00448,1,0.18,1.44,1.6998,41.5,CRITICAL,F2,2,1,electrical_overcurrent,0.9,1,1,,,,,10,0
2026-08-19T17:47:25.731Z,1787161645731,FAN_DT_001_F2_S09_R01_20260819T174539,1,105.851,FAULT_ACTIVE,F2,0.9,FAN_DT_001,3.0,process-model-3.0.0-build3,2834,1,LIVE,SYNCHRONISED,AUTOMATIC,NORMAL,65,1950,1950,0,145,163,0.3,0.3,24.20038,39.09,1.536,1.495,0.0254,0,310.91,7.3843,-0.00436,1,0.18,1.404,1.7205,41.5,CRITICAL,F2,2,1,electrical_overcurrent,0.9,1,1,,,,,10,0
2026-08-19T17:47:26.763Z,1787161646763,FAN_DT_001_F2_S09_R01_20260819T174539,1,106.883,FAULT_ACTIVE,F2,0.9,FAN_DT_001,3.0,process-model-3.0.0-build3,2835,1,LIVE,SYNCHRONISED,AUTOMATIC,NORMAL,65,1950,1950,0,145,163,0.3,0.3,24.20003,39.1,1.536,1.495,0.0254,0,310.91,7.4732,-0.0043,1,0.18,1.381,1.7413,41.5,CRITICAL,F2,2,1,electrical_overcurrent,0.9,1,1,,,,,10,0
2026-08-19T17:47:27.820Z,1787161647820,FAN_DT_001_F2_S09_R01_20260819T174539,1,107.941,FAULT_ACTIVE,F2,0.9,FAN_DT_001,3.0,process-model-3.0.0-build3,2836,1,LIVE,SYNCHRONISED,AUTOMATIC,NORMAL,65,1950,1950,0,145,163,0.3,0.3,24.20009,39.1,1.536,1.495,0.0254,0,310.91,7.5624,-0.00421,1,0.18,1.353,1.762,41.5,CRITICAL,F2,2,1,electrical_overcurrent,0.9,1,1,,,,,10,0
2026-08-19T17:47:28.826Z,1787161648826,FAN_DT_001_F2_S09_R01_20260819T174539,1,108.946,FAULT_ACTIVE,F2,0.9,FAN_DT_001,3.0,process-model-3.0.0-build3,2837,1,LIVE,SYNCHRONISED,AUTOMATIC,NORMAL,65,1950,1950,0,145,163,0.3,0.3,24.20057,39.1,1.536,1.495,0.0254,0,310.91,7.6514,-0.00416,1,0.18,1.338,1.7828,41.5,CRITICAL,F2,2,1,electrical_overcurrent,0.9,1,1,,,,,10,0
2026-08-19T17:47:29.872Z,1787161649872,FAN_DT_001_F2_S09_R01_20260819T174539,1,109.992,FAULT_ACTIVE,F2,0.9,FAN_DT_001,3.0,process-model-3.0.0-build3,2838,1,LIVE,SYNCHRONISED,AUTOMATIC,NORMAL,65,1950,1950,0,145,163,0.3,0.3,24.20148,39.11,1.536,1.495,0.0254,0,310.91,7.7407,-0.00411,1,0.18,1.323,1.8036,41.5,CRITICAL,F2,2,1,electrical_overcurrent,0.9,1,1,,,,,10,0
2026-08-19T17:47:30.896Z,1787161650896,FAN_DT_001_F2_S09_R01_20260819T174539,1,111.017,FAULT_ACTIVE,F2,0.9,FAN_DT_001,3.0,process-model-3.0.0-build3,2839,1,LIVE,SYNCHRONISED,AUTOMATIC,NORMAL,65,1950,1950,0,145,163,0.3,0.3,24.20281,39.11,1.536,1.495,0.0254,0,310.91,7.83,-0.00406,1,0.18,1.305,1.8244,41.5,CRITICAL,F2,2,1,electrical_overcurrent,0.9,1,1,,,,,10,0
2026-08-19T17:47:31.934Z,1787161651934,FAN_DT_001_F2_S09_R01_20260819T174539,1,112.054,FAULT_ACTIVE,F2,0.9,FAN_DT_001,3.0,process-model-3.0.0-build3,2840,1,LIVE,SYNCHRONISED,AUTOMATIC,NORMAL,65,1950,1950,0,145,163,0.3,0.3,24.20456,39.12,1.536,1.495,0.0254,0,310.91,7.9191,-0.00402,1,0.18,1.292,1.8452,41.5,CRITICAL,F2,2,1,electrical_overcurrent,0.9,1,1,,,,,10,0
2026-08-19T17:47:32.966Z,1787161652966,FAN_DT_001_F2_S09_R01_20260819T174539,1,113.086,FAULT_ACTIVE,F2,0.9,FAN_DT_001,3.0,process-model-3.0.0-build3,2841,1,LIVE,SYNCHRONISED,AUTOMATIC,NORMAL,65,1950,1950,0,145,163,0.3,0.3,24.20672,39.12,1.536,1.495,0.0254,0,310.91,8.0081,-0.004,1,0.18,1.285,1.8659,41.5,CRITICAL,F2,2,1,electrical_overcurrent,0.9,1,1,,,,,10,0
2026-08-19T17:47:34.033Z,1787161654033,FAN_DT_001_F2_S09_R01_20260819T174539,1,114.154,FAULT_ACTIVE,F2,0.9,FAN_DT_001,3.0,process-model-3.0.0-build3,2842,1,LIVE,SYNCHRONISED,AUTOMATIC,NORMAL,65,1950,1950,0,145,163,0.3,0.3,24.20931,39.13,1.536,1.495,0.0254,0,310.91,8.0976,-0.00397,1,0.18,1.276,1.8867,41.5,CRITICAL,F2,2,1,electrical_overcurrent,0.9,1,1,,,,,10,0
2026-08-19T17:47:35.036Z,1787161655036,FAN_DT_001_F2_S09_R01_20260819T174539,1,115.156,FAULT_ACTIVE,F2,0.9,FAN_DT_001,3.0,process-model-3.0.0-build3,2843,1,LIVE,SYNCHRONISED,AUTOMATIC,NORMAL,65,1950,1950,0,145,163,0.3,0.3,24.2123,39.13,1.536,1.495,0.0254,0,310.91,8.1865,-0.00393,1,0.18,1.264,1.9075,41.5,CRITICAL,F2,2,1,electrical_overcurrent,0.9,1,1,,,,,10,0
2026-08-19T17:47:36.071Z,1787161656071,FAN_DT_001_F2_S09_R01_20260819T174539,1,116.191,FAULT_ACTIVE,F2,0.9,FAN_DT_001,3.0,process-model-3.0.0-build3,2844,1,LIVE,SYNCHRONISED,AUTOMATIC,NORMAL,65,1950,1950,0,145,163,0.3,0.3,24.21572,39.13,1.536,1.495,0.0254,0,310.91,8.2759,-0.00394,1,0.18,1.266,1.9283,41.5,CRITICAL,F2,2,1,electrical_overcurrent,0.9,1,1,,,,,10,0
2026-08-19T17:47:37.131Z,1787161657131,FAN_DT_001_F2_S09_R01_20260819T174539,1,117.251,FAULT_ACTIVE,F2,0.9,FAN_DT_001,3.0,process-model-3.0.0-build3,2845,1,LIVE,SYNCHRONISED,AUTOMATIC,NORMAL,65,1950,1950,0,145,163,0.3,0.3,24.21956,39.14,1.536,1.495,0.0254,0,310.91,8.3653,-0.00394,1,0.18,1.266,1.9491,41.5,CRITICAL,F2,2,1,electrical_overcurrent,0.9,1,1,,,,,10,0
2026-08-19T17:47:38.150Z,1787161658150,FAN_DT_001_F2_S09_R01_20260819T174539,1,118.27,FAULT_ACTIVE,F2,0.9,FAN_DT_001,3.0,process-model-3.0.0-build3,2846,1,LIVE,SYNCHRONISED,AUTOMATIC,NORMAL,65,1950,1950,0,145,163,0.3,0.3,24.2238,39.14,1.536,1.495,0.0254,0,310.91,8.4545,-0.00393,1,0.18,1.264,1.9699,41.5,CRITICAL,F2,2,1,electrical_overcurrent,0.9,1,1,,,,,10,0
2026-08-19T17:47:39.189Z,1787161659189,FAN_DT_001_F2_S09_R01_20260819T174539,1,119.309,FAULT_ACTIVE,F2,0.9,FAN_DT_001,3.0,process-model-3.0.0-build3,2847,1,LIVE,SYNCHRONISED,AUTOMATIC,NORMAL,65,1950,1950,0,145,163,0.3,0.3,24.22846,39.15,1.536,1.495,0.0254,0,310.91,8.5438,-0.00393,1,0.18,1.265,1.9907,41.5,CRITICAL,F2,2,1,electrical_overcurrent,0.9,1,1,,,,,10,0
2026-08-19T17:47:40.229Z,1787161660229,FAN_DT_001_F2_S09_R01_20260819T174539,1,120.349,FAULT_ACTIVE,F2,0.9,FAN_DT_001,3.0,process-model-3.0.0-build3,2848,1,LIVE,SYNCHRONISED,AUTOMATIC,NORMAL,65,1950,1950,0,145,163,0.3,0.3,24.23351,39.15,1.536,1.495,0.0254,0,310.91,8.6329,-0.00397,1,0.18,1.276,2.0115,41.5,CRITICAL,F2,2,1,electrical_overcurrent,0.9,1,1,,,,,10,0
2026-08-19T17:47:41.239Z,1787161661239,FAN_DT_001_F2_S09_R01_20260819T174539,1,121.36,FAULT_ACTIVE,F2,0.9,FAN_DT_001,3.0,process-model-3.0.0-build3,2849,1,LIVE,SYNCHRONISED,AUTOMATIC,NORMAL,65,1950,1950,0,145,163,0.3,0.3,24.239,39.15,1.536,1.495,0.0254,0,310.91,8.7225,-0.00399,1,0.18,1.283,2.0323,41.5,CRITICAL,F2,2,1,electrical_overcurrent,0.9,1,1,,,,,10,0
2026-08-19T17:47:42.279Z,1787161662279,FAN_DT_001_F2_S09_R01_20260819T174539,1,122.4,FAULT_ACTIVE,F2,0.9,FAN_DT_001,3.0,process-model-3.0.0-build3,2850,1,LIVE,SYNCHRONISED,AUTOMATIC,NORMAL,65,1950,1950,0,145,163,0.3,0.3,24.24483,39.16,1.536,1.495,0.0254,0,310.91,8.8113,-0.00402,1,0.18,1.292,2.053,41.5,CRITICAL,F2,2,1,electrical_overcurrent,0.9,1,1,,,,,10,0
2026-08-19T17:47:43.319Z,1787161663319,FAN_DT_001_F2_S09_R01_20260819T174539,1,123.439,FAULT_ACTIVE,F2,0.9,FAN_DT_001,3.0,process-model-3.0.0-build3,2851,1,LIVE,SYNCHRONISED,AUTOMATIC,NORMAL,65,1950,1950,0,145,163,0.3,0.3,24.25109,39.16,1.536,1.495,0.0254,0,310.91,8.9006,-0.00405,1,0.18,1.302,2.0738,41.5,CRITICAL,F2,2,1,electrical_overcurrent,0.9,1,1,,,,,10,0
2026-08-19T17:47:44.359Z,1787161664359,FAN_DT_001_F2_S09_R01_20260819T174539,1,124.479,FAULT_ACTIVE,F2,0.9,FAN_DT_001,3.0,process-model-3.0.0-build3,2852,1,LIVE,SYNCHRONISED,AUTOMATIC,NORMAL,65,1950,1950,0,145,163,0.3,0.3,24.25776,39.17,1.536,1.495,0.0254,0,310.91,8.9899,-0.00409,1,0.18,1.315,2.0947,41.5,CRITICAL,F2,2,1,electrical_overcurrent,0.9,1,1,,,,,10,0
2026-08-19T17:47:45.381Z,1787161665381,FAN_DT_001_F2_S09_R01_20260819T174539,1,125.501,FAULT_ACTIVE,F2,0.9,FAN_DT_001,3.0,process-model-3.0.0-build3,2853,1,LIVE,SYNCHRONISED,AUTOMATIC,NORMAL,65,1950,1950,0,145,163,0.3,0.3,24.2648,39.17,1.536,1.495,0.0254,0,310.91,9.0791,-0.00411,1,0.18,1.324,2.1154,41.5,CRITICAL,F2,2,1,electrical_overcurrent,0.9,1,1,,,,,10,0
2026-08-19T17:47:46.428Z,1787161666428,FAN_DT_001_F2_S09_R01_20260819T174539,1,126.548,FAULT_ACTIVE,F2,0.9,FAN_DT_001,3.0,process-model-3.0.0-build3,2854,1,LIVE,SYNCHRONISED,AUTOMATIC,NORMAL,65,1950,1950,0,145,163,0.3,0.3,24.27222,39.18,1.536,1.495,0.0254,0,310.91,9.1681,-0.00419,1,0.18,1.348,2.1362,41.5,CRITICAL,F2,2,1,electrical_overcurrent,0.9,1,1,,,,,10,0
2026-08-19T17:47:47.454Z,1787161667454,FAN_DT_001_F2_S09_R01_20260819T174539,1,127.575,FAULT_ACTIVE,F2,0.9,FAN_DT_001,3.0,process-model-3.0.0-build3,2855,1,LIVE,SYNCHRONISED,AUTOMATIC,NORMAL,65,1950,1950,0,145,163,0.3,0.3,24.28004,39.18,1.536,1.495,0.0254,0,310.91,9.2573,-0.00424,1,0.18,1.362,2.157,41.5,CRITICAL,F2,2,1,electrical_overcurrent,0.9,1,1,,,,,10,0
2026-08-19T17:47:48.486Z,1787161668486,FAN_DT_001_F2_S09_R01_20260819T174539,1,128.606,FAULT_ACTIVE,F2,0.9,FAN_DT_001,3.0,process-model-3.0.0-build3,2856,1,LIVE,SYNCHRONISED,AUTOMATIC,NORMAL,65,1950,1950,0,145,163,0.3,0.3,24.28826,39.18,1.536,1.495,0.0254,0,310.91,9.3468,-0.0043,1,0.18,1.383,2.1778,41.5,CRITICAL,F2,2,1,electrical_overcurrent,0.9,1,1,,,,,10,0
2026-08-19T17:47:49.532Z,1787161669532,FAN_DT_001_F2_S09_R01_20260819T174539,1,129.652,FAULT_ACTIVE,F2,0.9,FAN_DT_001,3.0,process-model-3.0.0-build3,2857,1,LIVE,SYNCHRONISED,AUTOMATIC,NORMAL,65,1950,1950,0,145,163,0.3,0.3,24.29684,39.19,1.536,1.495,0.0254,0,310.91,9.4361,-0.00436,1,0.18,1.404,2.1986,41.5,CRITICAL,F2,2,1,electrical_overcurrent,0.9,1,1,,,,,10,0
2026-08-19T17:47:50.560Z,1787161670560,FAN_DT_001_F2_S09_R01_20260819T174539,1,130.68,FAULT_ACTIVE,F2,0.9,FAN_DT_001,3.0,process-model-3.0.0-build3,2858,1,LIVE,SYNCHRONISED,AUTOMATIC,NORMAL,65,1950,1950,0,145,163,0.3,0.3,24.30577,39.19,1.536,1.495,0.0254,0,310.91,9.5251,-0.00444,1,0.18,1.427,2.2194,41.5,CRITICAL,F2,2,1,electrical_overcurrent,0.9,1,1,,,,,10,0
2026-08-19T17:47:51.619Z,1787161671619,FAN_DT_001_F2_S09_R01_20260819T174539,1,131.74,FAULT_ACTIVE,F2,0.9,FAN_DT_001,3.0,process-model-3.0.0-build3,2859,1,LIVE,SYNCHRONISED,AUTOMATIC,NORMAL,65,1950,1950,0,145,163,0.3,0.3,24.31508,39.2,1.536,1.495,0.0254,0,310.91,9.6144,-0.00451,1,0.18,1.451,2.2402,41.5,CRITICAL,F2,2,1,electrical_overcurrent,0.9,1,1,,,,,10,0
2026-08-19T17:47:52.626Z,1787161672626,FAN_DT_001_F2_S09_R01_20260819T174539,1,132.746,FAULT_ACTIVE,F2,0.9,FAN_DT_001,3.0,process-model-3.0.0-build3,2860,1,LIVE,SYNCHRONISED,AUTOMATIC,NORMAL,65,1950,1950,0,145,163,0.3,0.3,24.32474,39.2,1.536,1.495,0.0254,0,310.91,9.7036,-0.0046,1,0.18,1.48,2.2609,41.5,CRITICAL,F2,2,1,electrical_overcurrent,0.9,1,1,,,,,10,0
2026-08-19T17:47:53.664Z,1787161673664,FAN_DT_001_F2_S09_R01_20260819T174539,1,133.784,FAULT_ACTIVE,F2,0.9,FAN_DT_001,3.0,process-model-3.0.0-build3,2861,1,LIVE,SYNCHRONISED,AUTOMATIC,NORMAL,65,1950,1950,0,145,163,0.3,0.3,24.33473,39.21,1.536,1.495,0.0254,0,310.91,9.7925,-0.0047,1,0.18,1.51,2.2817,41.5,CRITICAL,F2,2,1,electrical_overcurrent,0.9,1,1,,,,,10,0
2026-08-19T17:47:54.695Z,1787161674695,FAN_DT_001_F2_S09_R01_20260819T174539,1,134.816,FAULT_ACTIVE,F2,0.9,FAN_DT_001,3.0,process-model-3.0.0-build3,2862,1,LIVE,SYNCHRONISED,AUTOMATIC,NORMAL,65,1950,1950,0,145,163,0.3,0.3,24.34513,39.21,1.536,1.495,0.0254,0,310.91,9.8819,-0.00478,1,0.18,1.539,2.3025,41.5,CRITICAL,F2,2,1,electrical_overcurrent,0.9,1,1,,,,,10,0
2026-08-19T17:47:55.732Z,1787161675732,FAN_DT_001_F2_S09_R01_20260819T174539,1,135.852,FAULT_ACTIVE,F2,0.9,FAN_DT_001,3.0,process-model-3.0.0-build3,2863,1,LIVE,SYNCHRONISED,AUTOMATIC,NORMAL,65,1950,1950,0,145,163,0.3,0.3,24.35583,39.22,1.536,1.495,0.0254,0,310.91,9.9709,-0.00488,1,0.18,1.569,2.3232,41.5,CRITICAL,F2,2,1,electrical_overcurrent,0.9,1,1,,,,,10,0
2026-08-19T17:47:56.761Z,1787161676761,FAN_DT_001_F2_S09_R01_20260819T174539,1,136.881,FAULT_ACTIVE,F2,0.9,FAN_DT_001,3.0,process-model-3.0.0-build3,2864,1,LIVE,SYNCHRONISED,AUTOMATIC,NORMAL,65,1950,1950,0,145,163,0.3,0.3,24.36682,39.22,1.536,1.495,0.0254,0,310.91,10.0596,-0.00497,1,0.18,1.599,2.3439,41.5,CRITICAL,F2,2,1,electrical_overcurrent,0.9,1,1,,,,,10,0
2026-08-19T17:47:57.851Z,1787161677851,FAN_DT_001_F2_S09_R01_20260819T174539,1,137.971,FAULT_ACTIVE,F2,0.9,FAN_DT_001,3.0,process-model-3.0.0-build3,2865,1,LIVE,SYNCHRONISED,AUTOMATIC,NORMAL,65,1950,1950,0,145,163,0.3,0.3,24.37825,39.23,1.536,1.495,0.0254,0,310.91,10.1491,-0.00508,1,0.18,1.633,2.3647,41.5,CRITICAL,F2,2,1,electrical_overcurrent,0.9,1,1,,,,,10,0
2026-08-19T17:47:58.830Z,1787161678830,FAN_DT_001_F2_S09_R01_20260819T174539,1,138.95,FAULT_ACTIVE,F2,0.9,FAN_DT_001,3.0,process-model-3.0.0-build3,2866,1,LIVE,SYNCHRONISED,AUTOMATIC,NORMAL,65,1950,1950,0,145,163,0.3,0.3,24.38995,39.23,1.536,1.495,0.0254,0,310.91,10.2382,-0.00519,1,0.18,1.669,2.3855,41.5,CRITICAL,F2,2,1,electrical_overcurrent,0.9,1,1,,,,,10,0
2026-08-19T17:47:59.863Z,1787161679863,FAN_DT_001_F2_S09_R01_20260819T174539,1,139.984,FAULT_ACTIVE,F2,0.9,FAN_DT_001,3.0,process-model-3.0.0-build3,2867,1,LIVE,SYNCHRONISED,AUTOMATIC,NORMAL,65,1950,1950,0,145,163,0.3,0.3,24.40196,39.24,1.536,1.495,0.0254,0,310.91,10.3272,-0.00529,1,0.18,1.701,2.4062,41.5,CRITICAL,F2,2,1,electrical_overcurrent,0.9,1,1,,,,,10,0
2026-08-19T17:48:00.900Z,1787161680900,FAN_DT_001_F2_S09_R01_20260819T174539,1,141.02,FAULT_ACTIVE,F2,0.9,FAN_DT_001,3.0,process-model-3.0.0-build3,2868,1,LIVE,SYNCHRONISED,AUTOMATIC,NORMAL,65,1950,1950,0,145,163,0.3,0.3,24.4143,39.24,1.536,1.495,0.0254,0,310.91,10.4163,-0.00541,1,0.18,1.739,2.427,41.5,CRITICAL,F2,2,1,electrical_overcurrent,0.9,1,1,,,,,10,0
2026-08-19T17:48:01.929Z,1787161681929,FAN_DT_001_F2_S09_R01_20260819T174539,1,142.049,FAULT_ACTIVE,F2,0.9,FAN_DT_001,3.0,process-model-3.0.0-build3,2869,1,LIVE,SYNCHRONISED,AUTOMATIC,NORMAL,65,1950,1950,0,145,163,0.3,0.3,24.427,39.25,1.536,1.495,0.0254,0,310.91,10.5058,-0.00551,1,0.18,1.773,2.4479,41.5,CRITICAL,F2,2,1,electrical_overcurrent,0.9,1,1,,,,,10,0
2026-08-19T17:48:02.971Z,1787161682971,FAN_DT_001_F2_S09_R01_20260819T174539,1,143.092,FAULT_ACTIVE,F2,0.9,FAN_DT_001,3.0,process-model-3.0.0-build3,2870,1,LIVE,SYNCHRONISED,AUTOMATIC,NORMAL,65,1950,1950,0,145,163,0.3,0.3,24.43994,39.26,1.536,1.495,0.0254,0,310.91,10.5948,-0.00564,1,0.18,1.812,2.4686,41.5,CRITICAL,F2,2,1,electrical_overcurrent,0.9,1,1,,,,,10,0
2026-08-19T17:48:04.007Z,1787161684007,FAN_DT_001_F2_S09_R01_20260819T174539,1,144.127,FAULT_ACTIVE,F2,0.9,FAN_DT_001,3.0,process-model-3.0.0-build3,2871,1,LIVE,SYNCHRONISED,AUTOMATIC,NORMAL,65,1950,1950,0,145,163,0.3,0.3,24.45321,39.26,1.536,1.495,0.0254,0,310.91,10.6841,-0.00575,1,0.18,1.85,2.4894,41.5,CRITICAL,F2,2,1,electrical_overcurrent,0.9,1,1,,,,,10,0
2026-08-19T17:48:05.032Z,1787161685032,FAN_DT_001_F2_S09_R01_20260819T174539,1,145.152,FAULT_ACTIVE,F2,0.9,FAN_DT_001,3.0,process-model-3.0.0-build3,2872,1,LIVE,SYNCHRONISED,AUTOMATIC,NORMAL,65,1950,1950,0,145,163,0.3,0.3,24.46677,39.27,1.536,1.495,0.0254,0,310.91,10.7734,-0.00588,1,0.18,1.893,2.5102,41.5,CRITICAL,F2,2,1,electrical_overcurrent,0.9,1,1,,,,,10,0
2026-08-19T17:48:06.071Z,1787161686071,FAN_DT_001_F2_S09_R01_20260819T174539,1,146.192,FAULT_ACTIVE,F2,0.9,FAN_DT_001,3.0,process-model-3.0.0-build3,2873,1,LIVE,SYNCHRONISED,AUTOMATIC,NORMAL,65,1950,1950,0,145,163,0.3,0.3,24.48059,39.27,1.536,1.495,0.0254,0,310.91,10.8626,-0.006,1,0.18,1.93,2.531,41.5,CRITICAL,F2,2,1,electrical_overcurrent,0.9,1,1,,,,,10,0
2026-08-19T17:48:07.128Z,1787161687128,FAN_DT_001_F2_S09_R01_20260819T174539,1,147.248,FAULT_ACTIVE,F2,0.9,FAN_DT_001,3.0,process-model-3.0.0-build3,2874,1,LIVE,SYNCHRONISED,AUTOMATIC,NORMAL,65,1950,1950,0,145,163,0.3,0.3,24.49471,39.28,1.536,1.495,0.0254,0,310.91,10.9519,-0.00615,1,0.18,1.977,2.5518,41.5,CRITICAL,F2,2,1,electrical_overcurrent,0.9,1,1,,,,,10,0
2026-08-19T17:48:08.136Z,1787161688136,FAN_DT_001_F2_S09_R01_20260819T174539,1,148.256,FAULT_ACTIVE,F2,0.9,FAN_DT_001,3.0,process-model-3.0.0-build3,2875,1,LIVE,SYNCHRONISED,AUTOMATIC,NORMAL,65,1950,1950,0,145,163,0.3,0.3,24.50905,39.29,1.536,1.495,0.0254,0,310.91,11.0409,-0.00627,1,0.18,2.017,2.5725,41.5,CRITICAL,F2,2,1,electrical_overcurrent,0.9,1,1,,,,,10,0
2026-08-19T17:48:09.174Z,1787161689174,FAN_DT_001_F2_S09_R01_20260819T174539,1,149.295,FAULT_ACTIVE,F2,0.9,FAN_DT_001,3.0,process-model-3.0.0-build3,2876,1,LIVE,SYNCHRONISED,AUTOMATIC,NORMAL,65,1950,1950,0,145,163,0.3,0.3,24.52366,39.29,1.536,1.495,0.0254,0,310.91,11.13,-0.00641,1,0.18,2.061,2.5933,41.5,CRITICAL,F2,2,1,electrical_overcurrent,0.9,1,1,,,,,10,0
2026-08-19T17:48:10.205Z,1787161690205,FAN_DT_001_F2_S09_R01_20260819T174539,1,150.325,FAULT_ACTIVE,F2,0.9,FAN_DT_001,3.0,process-model-3.0.0-build3,2877,1,LIVE,SYNCHRONISED,AUTOMATIC,NORMAL,65,1950,1950,0,145,163,0.3,0.3,24.53857,39.3,1.536,1.495,0.0254,0,310.91,11.2194,-0.00653,1,0.18,2.101,2.6141,41.5,CRITICAL,F2,2,1,electrical_overcurrent,0.9,1,1,,,,,10,0
2026-08-19T17:48:11.243Z,1787161691243,FAN_DT_001_F2_S09_R01_20260819T174539,1,151.363,FAULT_ACTIVE,F2,0.9,FAN_DT_001,3.0,process-model-3.0.0-build3,2878,1,LIVE,SYNCHRONISED,AUTOMATIC,NORMAL,65,1950,1950,0,145,163,0.3,0.3,24.55367,39.31,1.536,1.495,0.0254,0,310.91,11.3086,-0.00668,1,0.18,2.147,2.6349,41.5,CRITICAL,F2,2,1,electrical_overcurrent,0.9,1,1,,,,,10,0
2026-08-19T17:48:12.279Z,1787161692279,FAN_DT_001_F2_S09_R01_20260819T174539,1,152.4,FAULT_ACTIVE,F2,0.9,FAN_DT_001,3.0,process-model-3.0.0-build3,2879,1,LIVE,SYNCHRONISED,AUTOMATIC,NORMAL,65,1950,1950,0,145,163,0.3,0.3,24.56903,39.31,1.536,1.495,0.0254,0,310.91,11.3978,-0.00681,1,0.18,2.191,2.6557,41.5,CRITICAL,F2,2,1,electrical_overcurrent,0.9,1,1,,,,,10,0
2026-08-19T17:48:13.309Z,1787161693309,FAN_DT_001_F2_S09_R01_20260819T174539,1,153.429,FAULT_ACTIVE,F2,0.9,FAN_DT_001,3.0,process-model-3.0.0-build3,2880,1,LIVE,SYNCHRONISED,AUTOMATIC,NORMAL,65,1950,1950,0,145,163,0.3,0.3,24.58463,39.32,1.536,1.495,0.0254,0,310.91,11.4871,-0.00694,1,0.18,2.233,2.6765,41.5,CRITICAL,F2,2,1,electrical_overcurrent,0.9,1,1,,,,,10,0
2026-08-19T17:48:14.346Z,1787161694346,FAN_DT_001_F2_S09_R01_20260819T174539,1,154.466,FAULT_ACTIVE,F2,0.9,FAN_DT_001,3.0,process-model-3.0.0-build3,2881,1,LIVE,SYNCHRONISED,AUTOMATIC,NORMAL,65,1950,1950,0,145,163,0.3,0.3,24.60037,39.33,1.536,1.495,0.0254,0,310.91,11.5759,-0.0071,1,0.18,2.284,2.6972,41.5,CRITICAL,F2,2,1,electrical_overcurrent,0.9,1,1,,,,,10,0
2026-08-19T17:48:15.382Z,1787161695382,FAN_DT_001_F2_S09_R01_20260819T174539,1,155.502,FAULT_ACTIVE,F2,0.9,FAN_DT_001,3.0,process-model-3.0.0-build3,2882,1,LIVE,SYNCHRONISED,AUTOMATIC,NORMAL,65,1950,1950,0,145,163,0.3,0.3,24.61648,39.33,1.536,1.495,0.0254,0,310.91,11.6657,-0.00724,1,0.18,2.327,2.7181,41.5,CRITICAL,F2,2,1,electrical_overcurrent,0.9,1,1,,,,,10,0
2026-08-19T17:48:16.431Z,1787161696431,FAN_DT_001_F2_S09_R01_20260819T174539,1,156.552,FAULT_ACTIVE,F2,0.9,FAN_DT_001,3.0,process-model-3.0.0-build3,2883,1,LIVE,SYNCHRONISED,AUTOMATIC,NORMAL,65,1950,1950,0,145,163,0.3,0.3,24.63268,39.34,1.536,1.495,0.0254,0,310.91,11.7548,-0.00737,1,0.18,2.37,2.7389,41.5,CRITICAL,F2,2,1,electrical_overcurrent,0.9,1,1,,,,,10,0
2026-08-19T17:48:17.452Z,1787161697452,FAN_DT_001_F2_S09_R01_20260819T174539,1,157.572,FAULT_ACTIVE,F2,0.9,FAN_DT_001,3.0,process-model-3.0.0-build3,2884,1,LIVE,SYNCHRONISED,AUTOMATIC,NORMAL,65,1950,1950,0,145,163,0.3,0.3,24.64904,39.35,1.536,1.495,0.0254,0,310.91,11.8437,-0.00751,1,0.18,2.415,2.7596,41.5,CRITICAL,F2,2,1,electrical_overcurrent,0.9,1,1,,,,,10,0
2026-08-19T17:48:18.487Z,1787161698487,FAN_DT_001_F2_S09_R01_20260819T174539,1,158.608,FAULT_ACTIVE,F2,0.9,FAN_DT_001,3.0,process-model-3.0.0-build3,2885,1,LIVE,SYNCHRONISED,AUTOMATIC,NORMAL,65,1950,1950,0,145,163,0.3,0.3,24.66568,39.36,1.536,1.495,0.0254,0,310.91,11.9332,-0.00766,1,0.18,2.464,2.7804,41.5,CRITICAL,F2,2,1,electrical_overcurrent,0.9,1,1,,,,,10,0
2026-08-19T17:48:19.519Z,1787161699519,FAN_DT_001_F2_S09_R01_20260819T174539,1,159.639,FAULT_ACTIVE,F2,0.9,FAN_DT_001,3.0,process-model-3.0.0-build3,2886,1,LIVE,SYNCHRONISED,AUTOMATIC,NORMAL,65,1950,1950,0,145,163,0.3,0.3,24.68242,39.37,1.536,1.495,0.0254,0,310.91,12.0222,-0.0078,1,0.18,2.51,2.8012,41.5,CRITICAL,F2,2,1,electrical_overcurrent,0.9,1,1,,,,,10,0
2026-08-19T17:48:20.573Z,1787161700573,FAN_DT_001_F2_S09_R01_20260819T174539,1,160.693,FAULT_ACTIVE,F2,0.9,FAN_DT_001,3.0,process-model-3.0.0-build3,2887,1,LIVE,SYNCHRONISED,AUTOMATIC,NORMAL,65,1950,1950,0,145,163,0.3,0.3,24.69936,39.37,1.536,1.495,0.0254,0,310.91,12.1115,-0.00796,1,0.18,2.56,2.822,41.5,CRITICAL,F2,2,1,electrical_overcurrent,0.9,1,1,,,,,10,0
2026-08-19T17:48:21.585Z,1787161701585,FAN_DT_001_F2_S09_R01_20260819T174539,1,161.705,FAULT_ACTIVE,F2,0.9,FAN_DT_001,3.0,process-model-3.0.0-build3,2888,1,LIVE,SYNCHRONISED,AUTOMATIC,NORMAL,65,1950,1950,0,145,163,0.3,0.3,24.71645,39.38,1.536,1.495,0.0254,0,310.91,12.2007,-0.00812,1,0.18,2.611,2.8428,41.5,CRITICAL,F2,2,1,electrical_overcurrent,0.9,1,1,,,,,10,0
2026-08-19T17:48:22.622Z,1787161702622,FAN_DT_001_F2_S09_R01_20260819T174539,1,162.742,FAULT_ACTIVE,F2,0.9,FAN_DT_001,3.0,process-model-3.0.0-build3,2889,1,LIVE,SYNCHRONISED,AUTOMATIC,NORMAL,65,1950,1950,0,145,163,0.3,0.3,24.73367,39.39,1.536,1.495,0.0254,0,310.91,12.2897,-0.00824,1,0.18,2.649,2.8635,41.5,CRITICAL,F2,2,1,electrical_overcurrent,0.9,1,1,,,,,10,0
2026-08-19T17:48:23.669Z,1787161703669,FAN_DT_001_F2_S09_R01_20260819T174539,1,163.789,FAULT_ACTIVE,F2,0.9,FAN_DT_001,3.0,process-model-3.0.0-build3,2890,1,LIVE,SYNCHRONISED,AUTOMATIC,NORMAL,65,1950,1950,0,145,163,0.3,0.3,24.7511,39.4,1.536,1.495,0.0254,0,310.91,12.3792,-0.00841,1,0.18,2.705,2.8844,41.5,CRITICAL,F2,2,1,electrical_overcurrent,0.9,1,1,,,,,10,0
2026-08-19T17:48:24.691Z,1787161704691,FAN_DT_001_F2_S09_R01_20260819T174539,1,164.812,FAULT_ACTIVE,F2,0.9,FAN_DT_001,3.0,process-model-3.0.0-build3,2891,1,LIVE,SYNCHRONISED,AUTOMATIC,NORMAL,65,1950,1950,0,145,163,0.3,0.3,24.76862,39.41,1.536,1.495,0.0254,0,310.91,12.4684,-0.00853,1,0.18,2.744,2.9051,41.5,CRITICAL,F2,2,1,electrical_overcurrent,0.9,1,1,,,,,10,0
2026-08-19T17:48:25.729Z,1787161705729,FAN_DT_001_F2_S09_R01_20260819T174539,1,165.848,FAULT_ACTIVE,F2,0.9,FAN_DT_001,3.0,process-model-3.0.0-build3,2892,1,LIVE,SYNCHRONISED,AUTOMATIC,NORMAL,65,1950,1950,0,145,163,0.3,0.3,24.78621,39.42,1.536,1.495,0.0254,0,310.91,12.5574,-0.0087,1,0.18,2.798,2.9259,41.5,CRITICAL,F2,2,1,electrical_overcurrent,0.9,1,1,,,,,10,0
2026-08-19T17:48:26.757Z,1787161706757,FAN_DT_001_F2_S09_R01_20260819T174539,1,166.877,FAULT_ACTIVE,F2,0.9,FAN_DT_001,3.0,process-model-3.0.0-build3,2893,1,LIVE,SYNCHRONISED,AUTOMATIC,NORMAL,65,1950,1950,0,145,163,0.3,0.3,24.80406,39.43,1.536,1.495,0.0254,0,310.91,12.6471,-0.00883,1,0.18,2.841,2.9468,41.5,CRITICAL,F2,2,1,electrical_overcurrent,0.9,1,1,,,,,10,0
2026-08-19T17:48:27.789Z,1787161707789,FAN_DT_001_F2_S09_R01_20260819T174539,1,167.91,FAULT_ACTIVE,F2,0.9,FAN_DT_001,3.0,process-model-3.0.0-build3,2894,1,LIVE,SYNCHRONISED,AUTOMATIC,NORMAL,65,1950,1950,0,145,163,0.3,0.3,24.82178,39.44,1.536,1.495,0.0254,0,310.91,12.7356,-0.00896,1,0.18,2.882,2.9674,41.5,CRITICAL,F2,2,1,electrical_overcurrent,0.9,1,1,,,,,10,0
2026-08-19T17:48:28.830Z,1787161708830,FAN_DT_001_F2_S09_R01_20260819T174539,1,168.95,FAULT_ACTIVE,F2,0.9,FAN_DT_001,3.0,process-model-3.0.0-build3,2895,1,LIVE,SYNCHRONISED,AUTOMATIC,NORMAL,65,1950,1950,0,145,163,0.3,0.3,24.83973,39.45,1.536,1.495,0.0254,0,310.91,12.8248,-0.00911,1,0.18,2.932,2.9882,41.5,CRITICAL,F2,2,1,electrical_overcurrent,0.9,1,1,,,,,10,0
2026-08-19T17:48:29.862Z,1787161709862,FAN_DT_001_F2_S09_R01_20260819T174539,1,169.982,FAULT_ACTIVE,F2,0.9,FAN_DT_001,3.0,process-model-3.0.0-build3,2896,1,LIVE,SYNCHRONISED,AUTOMATIC,NORMAL,65,1950,1950,0,145,163,0.3,0.3,24.85778,39.45,1.536,1.495,0.0254,0,310.91,12.9141,-0.00926,1,0.18,2.98,3.009,41.5,CRITICAL,F2,2,1,electrical_overcurrent,0.9,1,1,,,,,10,0
2026-08-19T17:48:30.893Z,1787161710893,FAN_DT_001_F2_S09_R01_20260819T174539,1,171.014,FAULT_ACTIVE,F2,0.9,FAN_DT_001,3.0,process-model-3.0.0-build3,2897,1,LIVE,SYNCHRONISED,AUTOMATIC,NORMAL,65,1950,1950,0,145,163,0.3,0.3,24.87585,39.46,1.536,1.495,0.0254,0,310.91,13.0032,-0.0094,1,0.18,3.025,3.0297,41.5,CRITICAL,F2,2,1,electrical_overcurrent,0.9,1,1,,,,,10,0
2026-08-19T17:48:31.949Z,1787161711949,FAN_DT_001_F2_S09_R01_20260819T174539,1,172.069,FAULT_ACTIVE,F2,0.9,FAN_DT_001,3.0,process-model-3.0.0-build3,2898,1,LIVE,SYNCHRONISED,AUTOMATIC,NORMAL,65,1950,1950,0,145,163,0.3,0.3,24.89399,39.47,1.536,1.495,0.0254,0,310.91,13.0922,-0.00952,1,0.18,3.063,3.0505,41.5,CRITICAL,F2,2,1,electrical_overcurrent,0.9,1,1,,,,,10,0
2026-08-19T17:48:32.967Z,1787161712967,FAN_DT_001_F2_S09_R01_20260819T174539,1,173.087,FAULT_ACTIVE,F2,0.9,FAN_DT_001,3.0,process-model-3.0.0-build3,2899,1,LIVE,SYNCHRONISED,AUTOMATIC,NORMAL,65,1950,1950,0,145,163,0.3,0.3,24.91224,39.48,1.536,1.495,0.0254,0,310.91,13.1815,-0.00966,1,0.18,3.106,3.0713,41.5,CRITICAL,F2,2,1,electrical_overcurrent,0.9,1,1,,,,,10,0
2026-08-19T17:48:34.022Z,1787161714022,FAN_DT_001_F2_S09_R01_20260819T174539,1,174.142,FAULT_ACTIVE,F2,0.9,FAN_DT_001,3.0,process-model-3.0.0-build3,2900,1,LIVE,SYNCHRONISED,AUTOMATIC,NORMAL,65,1950,1950,0,145,163,0.3,0.3,24.9306,39.49,1.536,1.495,0.0254,0,310.91,13.2712,-0.00979,1,0.18,3.149,3.0922,41.5,CRITICAL,F2,2,1,electrical_overcurrent,0.9,1,1,,,,,10,0
2026-08-19T17:48:35.035Z,1787161715035,FAN_DT_001_F2_S09_R01_20260819T174539,1,175.155,FAULT_ACTIVE,F2,0.9,FAN_DT_001,3.0,process-model-3.0.0-build3,2901,1,LIVE,SYNCHRONISED,AUTOMATIC,NORMAL,65,1950,1950,0,145,163,0.3,0.3,24.94889,39.5,1.536,1.495,0.0254,0,310.91,13.3603,-0.00994,1,0.18,3.197,3.1129,41.5,CRITICAL,F2,2,1,electrical_overcurrent,0.9,1,1,,,,,10,0
2026-08-19T17:48:36.076Z,1787161716076,FAN_DT_001_F2_S09_R01_20260819T174539,1,176.196,FAULT_ACTIVE,F2,0.9,FAN_DT_001,3.0,process-model-3.0.0-build3,2902,1,LIVE,SYNCHRONISED,AUTOMATIC,NORMAL,65,1950,1950,0,145,163,0.3,0.3,24.96727,39.51,1.536,1.495,0.0254,0,310.91,13.4497,-0.01008,1,0.18,3.243,3.1338,41.5,CRITICAL,F2,2,1,electrical_overcurrent,0.9,1,1,,,,,10,0
2026-08-19T17:48:37.136Z,1787161717136,FAN_DT_001_F2_S09_R01_20260819T174539,1,177.257,FAULT_ACTIVE,F2,0.9,FAN_DT_001,3.0,process-model-3.0.0-build3,2903,1,LIVE,SYNCHRONISED,AUTOMATIC,NORMAL,65,1950,1950,0,145,163,0.3,0.3,24.98568,39.53,1.536,1.495,0.0254,0,310.91,13.5391,-0.0102,1,0.18,3.282,3.1546,41.5,CRITICAL,F2,2,1,electrical_overcurrent,0.9,1,1,,,,,10,0
2026-08-19T17:48:38.142Z,1787161718142,FAN_DT_001_F2_S09_R01_20260819T174539,1,178.262,FAULT_ACTIVE,F2,0.9,FAN_DT_001,3.0,process-model-3.0.0-build3,2904,1,LIVE,SYNCHRONISED,AUTOMATIC,NORMAL,65,1950,1950,0,145,163,0.3,0.3,25.00404,39.54,1.536,1.495,0.0254,0,310.91,13.6284,-0.01035,1,0.18,3.328,3.1754,41.5,CRITICAL,F2,2,1,electrical_overcurrent,0.9,1,1,,,,,10,0
2026-08-19T17:48:39.181Z,1787161719181,FAN_DT_001_F2_S09_R01_20260819T174539,1,179.301,FAULT_ACTIVE,F2,0.9,FAN_DT_001,3.0,process-model-3.0.0-build3,2905,1,LIVE,SYNCHRONISED,AUTOMATIC,NORMAL,65,1950,1950,0,145,163,0.3,0.3,25.02235,39.55,1.536,1.495,0.0254,0,310.91,13.7173,-0.01046,1,0.18,3.365,3.1961,41.5,CRITICAL,F2,2,1,electrical_overcurrent,0.9,1,1,,,,,10,0
2026-08-19T17:48:40.283Z,1787161720283,FAN_DT_001_F2_S09_R01_20260819T174539,1,180.403,FAULT_ACTIVE,F2,0.9,FAN_DT_001,3.0,process-model-3.0.0-build3,2906,1,LIVE,SYNCHRONISED,AUTOMATIC,NORMAL,65,1950,1950,0,145,163,0.3,0.3,25.04073,39.56,1.536,1.495,0.0254,0,310.91,13.8067,-0.01057,1,0.18,3.398,3.217,41.5,CRITICAL,F2,2,1,electrical_overcurrent,0.9,1,1,,,,,10,0
2026-08-19T17:48:41.245Z,1787161721245,FAN_DT_001_F2_S09_R01_20260819T174539,1,181.365,FAULT_ACTIVE,F2,0.9,FAN_DT_001,3.0,process-model-3.0.0-build3,2907,1,LIVE,SYNCHRONISED,AUTOMATIC,NORMAL,65,1950,1950,0,145,163,0.3,0.3,25.05904,39.57,1.536,1.495,0.0254,0,310.91,13.8958,-0.01069,1,0.18,3.439,3.2377,41.5,CRITICAL,F2,2,1,electrical_overcurrent,0.9,1,1,,,,,10,0
2026-08-19T17:48:42.285Z,1787161722285,FAN_DT_001_F2_S09_R01_20260819T174539,1,182.405,FAULT_ACTIVE,F2,0.9,FAN_DT_001,3.0,process-model-3.0.0-build3,2908,1,LIVE,SYNCHRONISED,AUTOMATIC,NORMAL,65,1950,1950,0,145,163,0.3,0.3,25.07729,39.58,1.536,1.495,0.0254,0,310.91,13.9848,-0.01083,1,0.18,3.484,3.2585,41.5,CRITICAL,F2,2,1,electrical_overcurrent,0.9,1,1,,,,,10,0
2026-08-19T17:48:43.316Z,1787161723316,FAN_DT_001_F2_S09_R01_20260819T174539,1,183.436,FAULT_ACTIVE,F2,0.9,FAN_DT_001,3.0,process-model-3.0.0-build3,2909,1,LIVE,SYNCHRONISED,AUTOMATIC,NORMAL,65,1950,1950,0,145,163,0.3,0.3,25.09556,39.59,1.536,1.495,0.0254,0,310.91,14.0741,-0.01093,1,0.18,3.515,3.2793,41.5,CRITICAL,F2,2,1,electrical_overcurrent,0.9,1,1,,,,,10,0
2026-08-19T17:48:44.409Z,1787161724409,FAN_DT_001_F2_S09_R01_20260819T174539,1,184.529,FAULT_ACTIVE,F2,0.9,FAN_DT_001,3.0,process-model-3.0.0-build3,2910,1,LIVE,SYNCHRONISED,AUTOMATIC,NORMAL,65,1950,1950,0,145,163,0.3,0.3,25.11375,39.6,1.536,1.495,0.0254,0,310.91,14.1632,-0.01105,1,0.18,3.555,3.3,41.5,CRITICAL,F2,2,1,electrical_overcurrent,0.9,1,1,,,,,10,0
2026-08-19T17:48:45.385Z,1787161725385,FAN_DT_001_F2_S09_R01_20260819T174539,1,185.505,FAULT_ACTIVE,F2,0.9,FAN_DT_001,3.0,process-model-3.0.0-build3,2911,1,LIVE,SYNCHRONISED,AUTOMATIC,NORMAL,65,1950,1950,0,145,163,0.3,0.3,25.1319,39.61,1.536,1.495,0.0254,0,310.91,14.2524,-0.01115,1,0.18,3.588,3.3208,41.5,CRITICAL,F2,2,1,electrical_overcurrent,0.9,1,1,,,,,10,0
2026-08-19T17:48:46.432Z,1787161726432,FAN_DT_001_F2_S09_R01_20260819T174539,1,186.552,FAULT_ACTIVE,F2,0.9,FAN_DT_001,3.0,process-model-3.0.0-build3,2912,1,LIVE,SYNCHRONISED,AUTOMATIC,NORMAL,65,1950,1950,0,145,163,0.3,0.3,25.15001,39.63,1.536,1.495,0.0254,0,310.91,14.3418,-0.01126,1,0.18,3.622,3.3416,41.5,CRITICAL,F2,2,1,electrical_overcurrent,0.9,1,1,,,,,10,0
2026-08-19T17:48:47.460Z,1787161727460,FAN_DT_001_F2_S09_R01_20260819T174539,1,187.58,FAULT_ACTIVE,F2,0.9,FAN_DT_001,3.0,process-model-3.0.0-build3,2913,1,LIVE,SYNCHRONISED,AUTOMATIC,NORMAL,65,1950,1950,0,145,163,0.3,0.3,25.16802,39.64,1.536,1.495,0.0254,0,310.91,14.4311,-0.01138,1,0.18,3.662,3.3624,41.5,CRITICAL,F2,2,1,electrical_overcurrent,0.9,1,1,,,,,10,0
2026-08-19T17:48:48.553Z,1787161728553,FAN_DT_001_F2_S09_R01_20260819T174539,1,188.673,FAULT_ACTIVE,F2,0.9,FAN_DT_001,3.0,process-model-3.0.0-build3,2914,1,LIVE,SYNCHRONISED,AUTOMATIC,NORMAL,65,1950,1950,0,145,163,0.3,0.3,25.1859,39.65,1.536,1.495,0.0254,0,310.91,14.5201,-0.01147,1,0.18,3.69,3.3832,41.5,CRITICAL,F2,2,1,electrical_overcurrent,0.9,1,1,,,,,10,0
2026-08-19T17:48:49.523Z,1787161729523,FAN_DT_001_F2_S09_R01_20260819T174539,1,189.643,FAULT_ACTIVE,F2,0.9,FAN_DT_001,3.0,process-model-3.0.0-build3,2915,1,LIVE,SYNCHRONISED,AUTOMATIC,NORMAL,65,1950,1950,0,145,163,0.3,0.3,25.20371,39.66,1.536,1.495,0.0254,0,310.91,14.6094,-0.01156,1,0.18,3.719,3.404,41.5,CRITICAL,F2,2,1,electrical_overcurrent,0.9,1,1,,,,,10,0
2026-08-19T17:48:50.586Z,1787161730586,FAN_DT_001_F2_S09_R01_20260819T174539,1,190.706,FAULT_ACTIVE,F2,0.9,FAN_DT_001,3.0,process-model-3.0.0-build3,2916,1,LIVE,SYNCHRONISED,AUTOMATIC,NORMAL,65,1950,1950,0,145,163,0.3,0.3,25.22143,39.67,1.536,1.495,0.0254,0,310.91,14.6987,-0.01165,1,0.18,3.748,3.4248,41.5,CRITICAL,F2,2,1,electrical_overcurrent,0.9,1,1,,,,,10,0
2026-08-19T17:48:51.591Z,1787161731591,FAN_DT_001_F2_S09_R01_20260819T174539,1,191.711,FAULT_ACTIVE,F2,0.9,FAN_DT_001,3.0,process-model-3.0.0-build3,2917,1,LIVE,SYNCHRONISED,AUTOMATIC,NORMAL,65,1950,1950,0,145,163,0.3,0.3,25.23895,39.69,1.536,1.495,0.0254,0,310.91,14.7875,-0.01177,1,0.18,3.785,3.4455,41.5,CRITICAL,F2,2,1,electrical_overcurrent,0.9,1,1,,,,,10,0
2026-08-19T17:48:52.624Z,1787161732624,FAN_DT_001_F2_S09_R01_20260819T174539,1,192.745,FAULT_ACTIVE,F2,0.9,FAN_DT_001,3.0,process-model-3.0.0-build3,2918,1,LIVE,SYNCHRONISED,AUTOMATIC,NORMAL,65,1950,1950,0,145,163,0.3,0.3,25.25645,39.7,1.536,1.495,0.0254,0,310.91,14.8769,-0.01184,1,0.18,3.808,3.4663,41.5,CRITICAL,F2,2,1,electrical_overcurrent,0.9,1,1,,,,,10,0
2026-08-19T17:48:53.661Z,1787161733661,FAN_DT_001_F2_S09_R01_20260819T174539,1,193.781,FAULT_ACTIVE,F2,0.9,FAN_DT_001,3.0,process-model-3.0.0-build3,2919,1,LIVE,SYNCHRONISED,AUTOMATIC,NORMAL,65,1950,1950,0,145,163,0.3,0.3,25.27375,39.71,1.536,1.495,0.0254,0,310.91,14.966,-0.01192,1,0.18,3.833,3.4871,41.5,CRITICAL,F2,2,1,electrical_overcurrent,0.9,1,1,,,,,10,0
2026-08-19T17:48:54.695Z,1787161734695,FAN_DT_001_F2_S09_R01_20260819T174539,1,194.815,FAULT_ACTIVE,F2,0.9,FAN_DT_001,3.0,process-model-3.0.0-build3,2920,1,LIVE,SYNCHRONISED,AUTOMATIC,NORMAL,65,1950,1950,0,145,163,0.3,0.3,25.2909,39.72,1.536,1.495,0.0254,0,310.91,15.0551,-0.012,1,0.18,3.86,3.5078,41.5,CRITICAL,F2,2,1,electrical_overcurrent,0.9,1,1,,,,,10,0
2026-08-19T17:48:55.730Z,1787161735730,FAN_DT_001_F2_S09_R01_20260819T174539,1,195.85,FAULT_ACTIVE,F2,0.9,FAN_DT_001,3.0,process-model-3.0.0-build3,2921,1,LIVE,SYNCHRONISED,AUTOMATIC,NORMAL,65,1950,1950,0,145,163,0.3,0.3,25.30798,39.73,1.536,1.495,0.0254,0,310.91,15.1446,-0.01208,1,0.18,3.885,3.5287,41.5,CRITICAL,F2,2,1,electrical_overcurrent,0.9,1,1,,,,,10,0
2026-08-19T17:48:56.762Z,1787161736762,FAN_DT_001_F2_S09_R01_20260819T174539,1,196.883,FAULT_ACTIVE,F2,0.9,FAN_DT_001,3.0,process-model-3.0.0-build3,2922,1,LIVE,SYNCHRONISED,AUTOMATIC,NORMAL,65,1950,1950,0,145,163,0.3,0.3,25.32484,39.75,1.536,1.495,0.0254,0,310.91,15.2338,-0.01217,1,0.18,3.913,3.5495,41.5,CRITICAL,F2,2,1,electrical_overcurrent,0.9,1,1,,,,,10,0
2026-08-19T17:48:57.837Z,1787161737837,FAN_DT_001_F2_S09_R01_20260819T174539,1,197.957,FAULT_ACTIVE,F2,0.9,FAN_DT_001,3.0,process-model-3.0.0-build3,2923,1,LIVE,SYNCHRONISED,AUTOMATIC,NORMAL,65,1950,1950,0,145,163,0.3,0.3,25.34152,39.76,1.536,1.495,0.0254,0,310.91,15.3229,-0.01222,1,0.18,3.932,3.5702,41.5,CRITICAL,F2,2,1,electrical_overcurrent,0.9,1,1,,,,,10,0
2026-08-19T17:48:58.842Z,1787161738842,FAN_DT_001_F2_S09_R01_20260819T174539,1,198.962,FAULT_ACTIVE,F2,0.9,FAN_DT_001,3.0,process-model-3.0.0-build3,2924,1,LIVE,SYNCHRONISED,AUTOMATIC,NORMAL,65,1950,1950,0,145,163,0.3,0.3,25.35805,39.77,1.536,1.495,0.0254,0,310.91,15.4121,-0.01229,1,0.18,3.953,3.591,41.5,CRITICAL,F2,2,1,electrical_overcurrent,0.9,1,1,,,,,10,0
2026-08-19T17:48:59.879Z,1787161739879,FAN_DT_001_F2_S09_R01_20260819T174539,1,199.999,FAULT_ACTIVE,F2,0.9,FAN_DT_001,3.0,process-model-3.0.0-build3,2925,1,LIVE,SYNCHRONISED,AUTOMATIC,NORMAL,65,1950,1950,0,145,163,0.3,0.3,25.3744,39.79,1.536,1.495,0.0254,0,310.91,15.5015,-0.01235,1,0.18,3.971,3.6118,41.5,CRITICAL,F2,2,1,electrical_overcurrent,0.9,1,1,,,,,10,0
2026-08-19T17:49:00.907Z,1787161740907,FAN_DT_001_F2_S09_R01_20260819T174539,1,201.027,FAULT_ACTIVE,F2,0.9,FAN_DT_001,3.0,process-model-3.0.0-build3,2926,1,LIVE,SYNCHRONISED,AUTOMATIC,NORMAL,65,1950,1950,0,145,163,0.3,0.3,25.3905,39.8,1.536,1.495,0.0254,0,310.91,15.5905,-0.01238,1,0.18,3.983,3.6326,41.5,CRITICAL,F2,2,1,electrical_overcurrent,0.9,1,1,,,,,10,0
2026-08-19T17:49:01.940Z,1787161741940,FAN_DT_001_F2_S09_R01_20260819T174539,1,202.061,FAULT_ACTIVE,F2,0.9,FAN_DT_001,3.0,process-model-3.0.0-build3,2927,1,LIVE,SYNCHRONISED,AUTOMATIC,NORMAL,65,1950,1950,0,145,163,0.3,0.3,25.40639,39.81,1.536,1.495,0.0254,0,310.91,15.6796,-0.01246,1,0.18,4.006,3.6533,41.5,CRITICAL,F2,2,1,electrical_overcurrent,0.9,1,1,,,,,10,0
2026-08-19T17:49:02.970Z,1787161742970,FAN_DT_001_F2_S09_R01_20260819T174539,1,203.089,FAULT_ACTIVE,F2,0.9,FAN_DT_001,3.0,process-model-3.0.0-build3,2928,1,LIVE,SYNCHRONISED,AUTOMATIC,NORMAL,65,1950,1950,0,145,163,0.3,0.3,25.42207,39.82,1.536,1.495,0.0254,0,310.91,15.7686,-0.01248,1,0.18,4.015,3.6741,41.5,CRITICAL,F2,2,1,electrical_overcurrent,0.9,1,1,,,,,10,0
2026-08-19T17:49:04.063Z,1787161744063,FAN_DT_001_F2_S09_R01_20260819T174539,1,204.184,FAULT_ACTIVE,F2,0.9,FAN_DT_001,3.0,process-model-3.0.0-build3,2929,1,LIVE,SYNCHRONISED,AUTOMATIC,NORMAL,65,1950,1950,0,145,163,0.3,0.3,25.43759,39.84,1.536,1.495,0.0254,0,310.91,15.858,-0.01255,1,0.18,4.036,3.6949,41.5,CRITICAL,F2,2,1,electrical_overcurrent,0.9,1,1,,,,,10,0
2026-08-19T17:49:05.039Z,1787161745039,FAN_DT_001_F2_S09_R01_20260819T174539,1,205.159,FAULT_ACTIVE,F2,0.9,FAN_DT_001,3.0,process-model-3.0.0-build3,2930,1,LIVE,SYNCHRONISED,AUTOMATIC,NORMAL,65,1950,1950,0,145,163,0.3,0.3,25.45286,39.85,1.536,1.495,0.0254,0,310.91,15.9473,-0.01256,1,0.18,4.041,3.7157,41.5,CRITICAL,F2,2,1,electrical_overcurrent,0.9,1,1,,,,,10,0
2026-08-19T17:49:06.070Z,1787161746070,FAN_DT_001_F2_S09_R01_20260819T174539,1,206.19,FAULT_ACTIVE,F2,0.9,FAN_DT_001,3.0,process-model-3.0.0-build3,2931,1,LIVE,SYNCHRONISED,AUTOMATIC,NORMAL,65,1950,1950,0,145,163,0.3,0.3,25.46783,39.86,1.536,1.495,0.0254,0,310.91,16.0363,-0.01261,1,0.18,4.055,3.7364,41.5,CRITICAL,F2,2,1,electrical_overcurrent,0.9,1,1,,,,,10,0
2026-08-19T17:49:07.156Z,1787161747156,FAN_DT_001_F2_S09_R01_20260819T174539,1,207.276,FAULT_ACTIVE,F2,0.9,FAN_DT_001,3.0,process-model-3.0.0-build3,2932,1,LIVE,SYNCHRONISED,AUTOMATIC,NORMAL,65,1950,1950,0,145,163,0.3,0.3,25.48258,39.88,1.536,1.495,0.0254,0,310.91,16.1253,-0.01263,1,0.18,4.062,3.7572,41.5,CRITICAL,F2,2,1,electrical_overcurrent,0.9,1,1,,,,,10,0
2026-08-19T17:49:08.142Z,1787161748142,FAN_DT_001_F2_S09_R01_20260819T174539,1,208.262,FAULT_ACTIVE,F2,0.9,FAN_DT_001,3.0,process-model-3.0.0-build3,2933,1,LIVE,SYNCHRONISED,AUTOMATIC,NORMAL,65,1950,1950,0,145,163,0.3,0.3,25.49712,39.89,1.536,1.495,0.0254,0,310.91,16.2146,-0.01265,1,0.18,4.067,3.778,41.5,CRITICAL,F2,2,1,electrical_overcurrent,0.9,1,1,,,,,10,0
2026-08-19T17:49:09.176Z,1787161749176,FAN_DT_001_F2_S09_R01_20260819T174539,1,209.296,FAULT_ACTIVE,F2,0.9,FAN_DT_001,3.0,process-model-3.0.0-build3,2934,1,LIVE,SYNCHRONISED,AUTOMATIC,NORMAL,65,1950,1950,0,145,163,0.3,0.3,25.51138,39.9,1.536,1.495,0.0254,0,310.91,16.3039,-0.01269,1,0.18,4.08,3.7988,41.5,CRITICAL,F2,2,1,electrical_overcurrent,0.9,1,1,,,,,10,0
2026-08-19T17:49:10.231Z,1787161750231,FAN_DT_001_F2_S09_R01_20260819T174539,1,210.351,FAULT_ACTIVE,F2,0.9,FAN_DT_001,3.0,process-model-3.0.0-build3,2935,1,LIVE,SYNCHRONISED,AUTOMATIC,NORMAL,65,1950,1950,0,145,163,0.3,0.3,25.52534,39.91,1.536,1.495,0.0254,0,310.91,16.3929,-0.01269,1,0.18,4.081,3.8196,41.5,CRITICAL,F2,2,1,electrical_overcurrent,0.9,1,1,,,,,10,0
2026-08-19T17:49:11.252Z,1787161751252,FAN_DT_001_F2_S09_R01_20260819T174539,1,211.372,FAULT_ACTIVE,F2,0.9,FAN_DT_001,3.0,process-model-3.0.0-build3,2936,1,LIVE,SYNCHRONISED,AUTOMATIC,NORMAL,65,1950,1950,0,145,163,0.3,0.3,25.53904,39.93,1.536,1.495,0.0254,0,310.91,16.4821,-0.01269,1,0.18,4.08,3.8403,41.5,CRITICAL,F2,2,1,electrical_overcurrent,0.9,1,1,,,,,10,0
2026-08-19T17:49:12.274Z,1787161752274,FAN_DT_001_F2_S09_R01_20260819T174539,1,212.394,FAULT_ACTIVE,F2,0.9,FAN_DT_001,3.0,process-model-3.0.0-build3,2937,1,LIVE,SYNCHRONISED,AUTOMATIC,NORMAL,65,1950,1950,0,145,163,0.3,0.3,25.55249,39.94,1.536,1.495,0.0254,0,310.91,16.5715,-0.01272,1,0.18,4.09,3.8612,41.5,CRITICAL,F2,2,1,electrical_overcurrent,0.9,1,1,,,,,10,0
2026-08-19T17:49:13.310Z,1787161753310,FAN_DT_001_F2_S09_R01_20260819T174539,1,213.43,FAULT_ACTIVE,F2,0.9,FAN_DT_001,3.0,process-model-3.0.0-build3,2938,1,LIVE,SYNCHRONISED,AUTOMATIC,NORMAL,65,1950,1950,0,145,163,0.3,0.3,25.56555,39.95,1.536,1.495,0.0254,0,310.91,16.6602,-0.01272,1,0.18,4.09,3.8818,41.5,CRITICAL,F2,2,1,electrical_overcurrent,0.9,1,1,,,,,10,0
2026-08-19T17:49:14.347Z,1787161754347,FAN_DT_001_F2_S09_R01_20260819T174539,1,214.466,FAULT_ACTIVE,F2,0.9,FAN_DT_001,3.0,process-model-3.0.0-build3,2939,1,LIVE,SYNCHRONISED,AUTOMATIC,NORMAL,65,1950,1950,0,145,163,0.3,0.3,25.5784,39.97,1.536,1.495,0.0254,0,310.91,16.7494,-0.0127,1,0.18,4.084,3.9026,41.5,CRITICAL,F2,2,1,electrical_overcurrent,0.9,1,1,,,,,10,0
2026-08-19T17:49:15.381Z,1787161755381,FAN_DT_001_F2_S09_R01_20260819T174539,1,215.501,FAULT_ACTIVE,F2,0.9,FAN_DT_001,3.0,process-model-3.0.0-build3,2940,1,LIVE,SYNCHRONISED,AUTOMATIC,NORMAL,65,1950,1950,0,145,163,0.3,0.3,25.59096,39.98,1.536,1.495,0.0254,0,310.91,16.8388,-0.01269,1,0.18,4.08,3.9234,41.5,CRITICAL,F2,2,1,electrical_overcurrent,0.9,1,1,,,,,10,0
2026-08-19T17:49:16.430Z,1787161756430,FAN_DT_001_F2_S09_R01_20260819T174539,1,216.551,FAULT_ACTIVE,F2,0.9,FAN_DT_001,3.0,process-model-3.0.0-build3,2941,1,LIVE,SYNCHRONISED,AUTOMATIC,NORMAL,65,1950,1950,0,145,163,0.3,0.3,25.60316,39.99,1.536,1.495,0.0254,0,310.91,16.9279,-0.01269,1,0.18,4.081,3.9442,41.5,CRITICAL,F2,2,1,electrical_overcurrent,0.9,1,1,,,,,10,0
2026-08-19T17:49:17.456Z,1787161757456,FAN_DT_001_F2_S09_R01_20260819T174539,1,217.576,FAULT_ACTIVE,F2,0.9,FAN_DT_001,3.0,process-model-3.0.0-build3,2942,1,LIVE,SYNCHRONISED,AUTOMATIC,NORMAL,65,1950,1950,0,145,163,0.3,0.3,25.61507,40.01,1.536,1.495,0.0254,0,310.91,17.0172,-0.01265,1,0.18,4.067,3.965,41.5,CRITICAL,F2,2,1,electrical_overcurrent,0.9,1,1,,,,,10,0
2026-08-19T17:49:18.488Z,1787161758488,FAN_DT_001_F2_S09_R01_20260819T174539,1,218.608,FAULT_ACTIVE,F2,0.9,FAN_DT_001,3.0,process-model-3.0.0-build3,2943,1,LIVE,SYNCHRONISED,AUTOMATIC,NORMAL,65,1950,1950,0,145,163,0.3,0.3,25.62667,40.02,1.536,1.495,0.0254,0,310.91,17.1065,-0.01264,1,0.18,4.064,3.9858,41.5,CRITICAL,F2,2,1,electrical_overcurrent,0.9,1,1,,,,,10,0
2026-08-19T17:49:19.522Z,1787161759522,FAN_DT_001_F2_S09_R01_20260819T174539,1,219.643,FAULT_ACTIVE,F2,0.9,FAN_DT_001,3.0,process-model-3.0.0-build3,2944,1,LIVE,SYNCHRONISED,AUTOMATIC,NORMAL,65,1950,1950,0,145,163,0.3,0.3,25.63787,40.03,1.536,1.495,0.0254,0,310.91,17.1954,-0.01261,1,0.18,4.056,4.0065,41.5,CRITICAL,F2,2,1,electrical_overcurrent,0.9,1,1,,,,,10,0
2026-08-19T17:49:20.553Z,1787161760553,FAN_DT_001_F2_S09_R01_20260819T174539,1,220.673,FAULT_ACTIVE,F2,0.9,FAN_DT_001,3.0,process-model-3.0.0-build3,2945,1,LIVE,SYNCHRONISED,AUTOMATIC,NORMAL,65,1950,1950,0,145,163,0.3,0.3,25.64881,40.05,1.536,1.495,0.0254,0,310.91,17.2847,-0.01256,1,0.18,4.041,4.0273,41.5,CRITICAL,F2,2,1,electrical_overcurrent,0.9,1,1,,,,,10,0
2026-08-19T17:49:21.592Z,1787161761592,FAN_DT_001_F2_S09_R01_20260819T174539,1,221.712,FAULT_ACTIVE,F2,0.9,FAN_DT_001,3.0,process-model-3.0.0-build3,2946,1,LIVE,SYNCHRONISED,AUTOMATIC,NORMAL,65,1950,1950,0,145,163,0.3,0.3,25.65938,40.06,1.536,1.495,0.0254,0,310.91,17.374,-0.01252,1,0.18,4.029,4.0481,41.5,CRITICAL,F2,2,1,electrical_overcurrent,0.9,1,1,,,,,10,0
2026-08-19T17:49:22.620Z,1787161762620,FAN_DT_001_F2_S09_R01_20260819T174539,1,222.741,FAULT_ACTIVE,F2,0.9,FAN_DT_001,3.0,process-model-3.0.0-build3,2947,1,LIVE,SYNCHRONISED,AUTOMATIC,NORMAL,65,1950,1950,0,145,163,0.3,0.3,25.66957,40.07,1.536,1.495,0.0254,0,310.91,17.4628,-0.01248,1,0.18,4.015,4.0688,41.5,CRITICAL,F2,2,1,electrical_overcurrent,0.9,1,1,,,,,10,0
2026-08-19T17:49:23.664Z,1787161763664,FAN_DT_001_F2_S09_R01_20260819T174539,1,223.784,FAULT_ACTIVE,F2,0.9,FAN_DT_001,3.0,process-model-3.0.0-build3,2948,1,LIVE,SYNCHRONISED,AUTOMATIC,NORMAL,65,1950,1950,0,145,163,0.3,0.3,25.67944,40.08,1.536,1.495,0.0254,0,310.91,17.552,-0.01244,1,0.18,4.002,4.0896,41.5,CRITICAL,F2,2,1,electrical_overcurrent,0.9,1,1,,,,,10,0
2026-08-19T17:49:24.683Z,1787161764683,FAN_DT_001_F2_S09_R01_20260819T174539,1,224.803,FAULT_ACTIVE,F2,0.9,FAN_DT_001,3.0,process-model-3.0.0-build3,2949,1,LIVE,SYNCHRONISED,AUTOMATIC,NORMAL,65,1950,1950,0,145,163,0.3,0.3,25.68893,40.1,1.536,1.495,0.0254,0,310.91,17.6411,-0.01237,1,0.18,3.978,4.1104,41.5,CRITICAL,F2,2,1,electrical_overcurrent,0.9,1,1,,,,,10,0
2026-08-19T17:49:25.741Z,1787161765741,FAN_DT_001_F2_S09_R01_20260819T174539,1,225.862,FAULT_ACTIVE,F2,0.9,FAN_DT_001,3.0,process-model-3.0.0-build3,2950,1,LIVE,SYNCHRONISED,AUTOMATIC,NORMAL,65,1950,1950,0,145,163,0.3,0.3,25.69808,40.11,1.536,1.495,0.0254,0,310.91,17.7302,-0.01231,1,0.18,3.96,4.1311,41.5,CRITICAL,F2,2,1,electrical_overcurrent,0.9,1,1,,,,,10,0
2026-08-19T17:49:26.758Z,1787161766758,FAN_DT_001_F2_S09_R01_20260819T174539,1,226.878,FAULT_ACTIVE,F2,0.9,FAN_DT_001,3.0,process-model-3.0.0-build3,2951,1,LIVE,SYNCHRONISED,AUTOMATIC,NORMAL,65,1950,1950,0,145,163,0.3,0.3,25.70689,40.12,1.536,1.495,0.0254,0,310.91,17.8197,-0.01226,1,0.18,3.944,4.152,41.5,CRITICAL,F2,2,1,electrical_overcurrent,0.9,1,1,,,,,10,0
2026-08-19T17:49:27.838Z,1787161767838,FAN_DT_001_F2_S09_R01_20260819T174539,1,227.958,FAULT_ACTIVE,F2,0.9,FAN_DT_001,3.0,process-model-3.0.0-build3,2952,1,LIVE,SYNCHRONISED,AUTOMATIC,NORMAL,65,1950,1950,0,145,163,0.3,0.3,25.71532,40.14,1.536,1.495,0.0254,0,310.91,17.9091,-0.01218,1,0.18,3.917,4.1728,41.5,CRITICAL,F2,2,1,electrical_overcurrent,0.9,1,1,,,,,10,0
2026-08-19T17:49:28.825Z,1787161768825,FAN_DT_001_F2_S09_R01_20260819T174539,1,228.945,FAULT_ACTIVE,F2,0.9,FAN_DT_001,3.0,process-model-3.0.0-build3,2953,1,LIVE,SYNCHRONISED,AUTOMATIC,NORMAL,65,1950,1950,0,145,163,0.3,0.3,25.72334,40.15,1.536,1.495,0.0254,0,310.91,17.9982,-0.01211,1,0.18,3.895,4.1936,41.5,CRITICAL,F2,2,1,electrical_overcurrent,0.9,1,1,,,,,10,0
2026-08-19T17:49:29.863Z,1787161769863,FAN_DT_001_F2_S09_R01_20260819T174539,1,229.983,FAULT_ACTIVE,F2,0.9,FAN_DT_001,3.0,process-model-3.0.0-build3,2954,1,LIVE,SYNCHRONISED,AUTOMATIC,NORMAL,65,1950,1950,0,145,163,0.3,0.3,25.73099,40.16,1.536,1.495,0.0254,0,310.91,18.0873,-0.01204,1,0.18,3.873,4.2143,41.5,CRITICAL,F2,2,1,electrical_overcurrent,0.9,1,1,,,,,10,0
2026-08-19T17:49:30.897Z,1787161770897,FAN_DT_001_F2_S09_R01_20260819T174539,1,231.017,FAULT_ACTIVE,F2,0.9,FAN_DT_001,3.0,process-model-3.0.0-build3,2955,1,LIVE,SYNCHRONISED,AUTOMATIC,NORMAL,65,1950,1950,0,145,163,0.3,0.3,25.73828,40.17,1.536,1.495,0.0254,0,310.91,18.1769,-0.01193,1,0.18,3.836,4.2352,41.5,CRITICAL,F2,2,1,electrical_overcurrent,0.9,1,1,,,,,10,0
2026-08-19T17:49:31.937Z,1787161771937,FAN_DT_001_F2_S09_R01_20260819T174539,1,232.057,FAULT_ACTIVE,F2,0.9,FAN_DT_001,3.0,process-model-3.0.0-build3,2956,1,LIVE,SYNCHRONISED,AUTOMATIC,NORMAL,65,1950,1950,0,145,163,0.3,0.3,25.74516,40.19,1.536,1.495,0.0254,0,310.91,18.266,-0.01185,1,0.18,3.811,4.256,41.5,CRITICAL,F2,2,1,electrical_overcurrent,0.9,1,1,,,,,10,0
2026-08-19T17:49:32.969Z,1787161772969,FAN_DT_001_F2_S09_R01_20260819T174539,1,233.089,FAULT_ACTIVE,F2,0.9,FAN_DT_001,3.0,process-model-3.0.0-build3,2957,1,LIVE,SYNCHRONISED,AUTOMATIC,NORMAL,65,1950,1950,0,145,163,0.3,0.3,25.75162,40.2,1.536,1.495,0.0254,0,310.91,18.3549,-0.01174,1,0.18,3.777,4.2767,41.5,CRITICAL,F2,2,1,electrical_overcurrent,0.9,1,1,,,,,10,0
2026-08-19T17:49:34.022Z,1787161774022,FAN_DT_001_F2_S09_R01_20260819T174539,1,234.142,FAULT_ACTIVE,F2,0.9,FAN_DT_001,3.0,process-model-3.0.0-build3,2958,1,LIVE,SYNCHRONISED,AUTOMATIC,NORMAL,65,1950,1950,0,145,163,0.3,0.3,25.75772,40.21,1.536,1.495,0.0254,0,310.91,18.4443,-0.01166,1,0.18,3.749,4.2975,41.5,CRITICAL,F2,2,1,electrical_overcurrent,0.9,1,1,,,,,10,0
2026-08-19T17:49:35.035Z,1787161775035,FAN_DT_001_F2_S09_R01_20260819T174539,1,235.155,FAULT_ACTIVE,F2,0.9,FAN_DT_001,3.0,process-model-3.0.0-build3,2959,1,LIVE,SYNCHRONISED,AUTOMATIC,NORMAL,65,1950,1950,0,145,163,0.3,0.3,25.7634,40.22,1.536,1.495,0.0254,0,310.91,18.5332,-0.01156,1,0.18,3.718,4.3182,41.5,CRITICAL,F2,2,1,electrical_overcurrent,0.9,1,1,,,,,10,0
2026-08-19T17:49:36.068Z,1787161776068,FAN_DT_001_F2_S09_R01_20260819T174539,1,236.189,FAULT_ACTIVE,F2,0.9,FAN_DT_001,3.0,process-model-3.0.0-build3,2960,1,LIVE,SYNCHRONISED,AUTOMATIC,NORMAL,65,1950,1950,0,145,163,0.3,0.3,25.76867,40.23,1.536,1.495,0.0254,0,310.91,18.6223,-0.01144,1,0.18,3.681,4.339,41.5,CRITICAL,F2,2,1,electrical_overcurrent,0.9,1,1,,,,,10,0
2026-08-19T17:49:37.134Z,1787161777134,FAN_DT_001_F2_S09_R01_20260819T174539,1,237.255,FAULT_ACTIVE,F2,0.9,FAN_DT_001,3.0,process-model-3.0.0-build3,2961,1,LIVE,SYNCHRONISED,AUTOMATIC,NORMAL,65,1950,1950,0,145,163,0.3,0.3,25.77357,40.25,1.536,1.495,0.0254,0,310.91,18.7116,-0.01132,1,0.18,3.642,4.3598,41.5,CRITICAL,F2,2,1,electrical_overcurrent,0.9,1,1,,,,,10,0
2026-08-19T17:49:38.133Z,1787161778133,FAN_DT_001_F2_S09_R01_20260819T174539,1,238.253,FAULT_ACTIVE,F2,0.9,FAN_DT_001,3.0,process-model-3.0.0-build3,2962,1,LIVE,SYNCHRONISED,AUTOMATIC,NORMAL,65,1950,1950,0,145,163,0.3,0.3,25.77804,40.26,1.536,1.495,0.0254,0,310.91,18.8008,-0.01121,1,0.18,3.605,4.3806,41.5,CRITICAL,F2,2,1,electrical_overcurrent,0.9,1,1,,,,,10,0
2026-08-19T17:49:39.170Z,1787161779170,FAN_DT_001_F2_S09_R01_20260819T174539,1,239.29,FAULT_ACTIVE,F2,0.9,FAN_DT_001,3.0,process-model-3.0.0-build3,2963,1,LIVE,SYNCHRONISED,AUTOMATIC,NORMAL,65,1950,1950,0,145,163,0.3,0.3,25.7821,40.27,1.536,1.495,0.0254,0,310.91,18.8897,-0.0111,1,0.18,3.569,4.4013,41.5,CRITICAL,F2,2,1,electrical_overcurrent,0.9,1,1,,,,,10,0
2026-08-19T17:49:40.205Z,1787161780205,FAN_DT_001_F2_S09_R01_20260819T174539,1,240.325,FAULT_ACTIVE,F2,0.9,FAN_DT_001,3.0,process-model-3.0.0-build3,2964,1,LIVE,SYNCHRONISED,AUTOMATIC,NORMAL,65,1950,1950,0,145,163,0.3,0.3,25.78576,40.28,1.536,1.495,0.0254,0,310.91,18.9792,-0.01096,1,0.18,3.525,4.4222,41.5,CRITICAL,F2,2,1,electrical_overcurrent,0.9,1,1,,,,,10,0
2026-08-19T17:49:41.255Z,1787161781255,FAN_DT_001_F2_S09_R01_20260819T174539,1,241.376,FAULT_ACTIVE,F2,0.9,FAN_DT_001,3.0,process-model-3.0.0-build3,2965,1,LIVE,SYNCHRONISED,AUTOMATIC,NORMAL,65,1950,1950,0,145,163,0.3,0.3,25.78901,40.29,1.536,1.495,0.0254,0,310.91,19.0685,-0.01082,1,0.18,3.481,4.443,41.5,CRITICAL,F2,2,1,electrical_overcurrent,0.9,1,1,,,,,10,0
2026-08-19T17:49:42.276Z,1787161782276,FAN_DT_001_F2_S09_R01_20260819T174539,1,242.396,FAULT_ACTIVE,F2,0.9,FAN_DT_001,3.0,process-model-3.0.0-build3,2966,1,LIVE,SYNCHRONISED,AUTOMATIC,NORMAL,65,1950,1950,0,145,163,0.3,0.3,25.79182,40.3,1.536,1.495,0.0254,0,310.91,19.1574,-0.01069,1,0.18,3.437,4.4637,41.5,CRITICAL,F2,2,1,electrical_overcurrent,0.9,1,1,,,,,10,0
2026-08-19T17:49:43.306Z,1787161783306,FAN_DT_001_F2_S09_R01_20260819T174539,1,243.426,FAULT_ACTIVE,F2,0.9,FAN_DT_001,3.0,process-model-3.0.0-build3,2967,1,LIVE,SYNCHRONISED,AUTOMATIC,NORMAL,65,1950,1950,0,145,163,0.3,0.3,25.79423,40.31,1.536,1.495,0.0254,0,310.91,19.2463,-0.01054,1,0.18,3.389,4.4844,41.5,CRITICAL,F2,2,1,electrical_overcurrent,0.9,1,1,,,,,10,0
2026-08-19T17:49:44.334Z,1787161784334,FAN_DT_001_F2_S09_R01_20260819T174539,1,244.454,FAULT_ACTIVE,F2,0.9,FAN_DT_001,3.0,process-model-3.0.0-build3,2968,1,LIVE,SYNCHRONISED,AUTOMATIC,NORMAL,65,1950,1950,0,145,163,0.3,0.3,25.79622,40.32,1.536,1.495,0.0254,0,310.91,19.3353,-0.01041,1,0.18,3.348,4.5051,41.5,CRITICAL,F2,2,1,electrical_overcurrent,0.9,1,1,,,,,10,0
2026-08-19T17:49:45.370Z,1787161785370,FAN_DT_001_F2_S09_R01_20260819T174539,1,245.491,FAULT_ACTIVE,F2,0.9,FAN_DT_001,3.0,process-model-3.0.0-build3,2969,1,LIVE,SYNCHRONISED,AUTOMATIC,NORMAL,65,1950,1950,0,145,163,0.3,0.3,25.79779,40.33,1.536,1.495,0.0254,0,310.91,19.4243,-0.01024,1,0.18,3.294,4.5259,41.5,CRITICAL,F2,2,1,electrical_overcurrent,0.9,1,1,,,,,10,0
2026-08-19T17:49:46.430Z,1787161786430,FAN_DT_001_F2_S09_R01_20260819T174539,1,246.551,FAULT_ACTIVE,F2,0.9,FAN_DT_001,3.0,process-model-3.0.0-build3,2970,1,LIVE,SYNCHRONISED,AUTOMATIC,NORMAL,65,1950,1950,0,145,163,0.3,0.3,25.79894,40.35,1.536,1.495,0.0254,0,310.91,19.5137,-0.0101,1,0.18,3.249,4.5467,41.5,CRITICAL,F2,2,1,electrical_overcurrent,0.9,1,1,,,,,10,0
2026-08-19T17:49:47.437Z,1787161787437,FAN_DT_001_F2_S09_R01_20260819T174539,1,247.557,FAULT_ACTIVE,F2,0.9,FAN_DT_001,3.0,process-model-3.0.0-build3,2971,1,LIVE,SYNCHRONISED,AUTOMATIC,NORMAL,65,1950,1950,0,145,163,0.3,0.3,25.79968,40.36,1.536,1.495,0.0254,0,310.91,19.6029,-0.00994,1,0.18,3.197,4.5675,41.5,CRITICAL,F2,2,1,electrical_overcurrent,0.9,1,1,,,,,10,0
2026-08-19T17:49:48.475Z,1787161788475,FAN_DT_001_F2_S09_R01_20260819T174539,1,248.595,FAULT_ACTIVE,F2,0.9,FAN_DT_001,3.0,process-model-3.0.0-build3,2972,1,LIVE,SYNCHRONISED,AUTOMATIC,NORMAL,65,1950,1950,0,145,163,0.3,0.3,25.79999,40.37,1.536,1.495,0.0254,0,310.91,19.6921,-0.00978,1,0.18,3.144,4.5883,41.5,CRITICAL,F2,2,1,electrical_overcurrent,0.9,1,1,,,,,10,0
2026-08-19T17:49:49.509Z,1787161789509,FAN_DT_001_F2_S09_R01_20260819T174539,1,249.63,FAULT_ACTIVE,F2,0.9,FAN_DT_001,3.0,process-model-3.0.0-build3,2973,1,LIVE,SYNCHRONISED,AUTOMATIC,NORMAL,65,1950,1950,0,145,163,0.3,0.3,25.79988,40.38,1.536,1.495,0.0254,0,310.91,19.7816,-0.0096,1,0.18,3.087,4.6091,41.5,CRITICAL,F2,2,1,electrical_overcurrent,0.9,1,1,,,,,10,0
2026-08-19T17:49:50.545Z,1787161790545,FAN_DT_001_F2_S09_R01_20260819T174539,1,250.665,FAULT_ACTIVE,F2,0.9,FAN_DT_001,3.0,process-model-3.0.0-build3,2974,1,LIVE,SYNCHRONISED,AUTOMATIC,NORMAL,65,1950,1950,0,145,163,0.3,0.3,25.79935,40.39,1.536,1.495,0.0254,0,310.91,19.8705,-0.00942,1,0.18,3.03,4.6298,41.5,CRITICAL,F2,2,1,electrical_overcurrent,0.9,1,1,,,,,10,0
2026-08-19T17:49:51.578Z,1787161791578,FAN_DT_001_F2_S09_R01_20260819T174539,1,251.698,FAULT_ACTIVE,F2,0.9,FAN_DT_001,3.0,process-model-3.0.0-build3,2975,1,LIVE,SYNCHRONISED,AUTOMATIC,NORMAL,65,1950,1950,0,145,163,0.3,0.3,25.7984,40.4,1.536,1.495,0.0254,0,310.91,19.9597,-0.00925,1,0.18,2.975,4.6506,41.5,CRITICAL,F2,2,1,electrical_overcurrent,0.9,1,1,,,,,10,0
2026-08-19T17:49:52.616Z,1787161792616,FAN_DT_001_F2_S09_R01_20260819T174539,1,252.736,FAULT_ACTIVE,F2,0.9,FAN_DT_001,3.0,process-model-3.0.0-build3,2976,1,LIVE,SYNCHRONISED,AUTOMATIC,NORMAL,65,1950,1950,0,145,163,0.3,0.3,25.79702,40.4,1.536,1.495,0.0254,0,310.91,20.0491,-0.00906,1,0.18,2.915,4.6714,41.5,CRITICAL,F2,2,1,electrical_overcurrent,0.9,1,1,,,,,10,0
2026-08-19T17:49:53.674Z,1787161793674,FAN_DT_001_F2_S09_R01_20260819T174539,1,253.794,FAULT_ACTIVE,F2,0.9,FAN_DT_001,3.0,process-model-3.0.0-build3,2977,1,LIVE,SYNCHRONISED,AUTOMATIC,NORMAL,65,1950,1950,0,145,163,0.3,0.3,25.79523,40.41,1.536,1.495,0.0254,0,310.91,20.1382,-0.0089,1,0.18,2.863,4.6922,41.5,CRITICAL,F2,2,1,electrical_overcurrent,0.9,1,1,,,,,10,0
2026-08-19T17:49:54.683Z,1787161794683,FAN_DT_001_F2_S09_R01_20260819T174539,1,254.803,FAULT_ACTIVE,F2,0.9,FAN_DT_001,3.0,process-model-3.0.0-build3,2978,1,LIVE,SYNCHRONISED,AUTOMATIC,NORMAL,65,1950,1950,0,145,163,0.3,0.3,25.79301,40.42,1.536,1.495,0.0254,0,310.91,20.2275,-0.0087,1,0.18,2.799,4.713,41.5,CRITICAL,F2,2,1,electrical_overcurrent,0.9,1,1,,,,,10,0
2026-08-19T17:49:55.731Z,1787161795731,FAN_DT_001_F2_S09_R01_20260819T174539,1,255.852,FAULT_ACTIVE,F2,0.9,FAN_DT_001,3.0,process-model-3.0.0-build3,2979,1,LIVE,SYNCHRONISED,AUTOMATIC,NORMAL,65,1950,1950,0,145,163,0.3,0.3,25.79037,40.43,1.536,1.495,0.0254,0,310.91,20.3169,-0.00851,1,0.18,2.738,4.7338,41.5,CRITICAL,F2,2,1,electrical_overcurrent,0.9,1,1,,,,,10,0
2026-08-19T17:49:56.749Z,1787161796749,FAN_DT_001_F2_S09_R01_20260819T174539,1,256.869,FAULT_ACTIVE,F2,0.9,FAN_DT_001,3.0,process-model-3.0.0-build3,2980,1,LIVE,SYNCHRONISED,AUTOMATIC,NORMAL,65,1950,1950,0,145,163,0.3,0.3,25.78733,40.44,1.536,1.495,0.0254,0,310.91,20.4059,-0.00832,1,0.18,2.677,4.7546,41.5,CRITICAL,F2,2,1,electrical_overcurrent,0.9,1,1,,,,,10,0
2026-08-19T17:49:57.824Z,1787161797824,FAN_DT_001_F2_S09_R01_20260819T174539,1,257.944,FAULT_ACTIVE,F2,0.9,FAN_DT_001,3.0,process-model-3.0.0-build3,2981,1,LIVE,SYNCHRONISED,AUTOMATIC,NORMAL,65,1950,1950,0,145,163,0.3,0.3,25.78386,40.45,1.536,1.495,0.0254,0,310.91,20.4954,-0.00812,1,0.18,2.613,4.7754,41.5,CRITICAL,F2,2,1,electrical_overcurrent,0.9,1,1,,,,,10,0
2026-08-19T17:49:58.826Z,1787161798826,FAN_DT_001_F2_S09_R01_20260819T174539,1,258.946,FAULT_ACTIVE,F2,0.9,FAN_DT_001,3.0,process-model-3.0.0-build3,2982,1,LIVE,SYNCHRONISED,AUTOMATIC,NORMAL,65,1950,1950,0,145,163,0.3,0.3,25.77996,40.46,1.536,1.495,0.0254,0,310.91,20.5851,-0.0079,1,0.18,2.542,4.7963,41.5,CRITICAL,F2,2,1,electrical_overcurrent,0.9,1,1,,,,,10,0
2026-08-19T17:49:59.864Z,1787161799864,FAN_DT_001_F2_S09_R01_20260819T174539,1,259.984,FAULT_ACTIVE,F2,0.9,FAN_DT_001,3.0,process-model-3.0.0-build3,2983,1,LIVE,SYNCHRONISED,AUTOMATIC,NORMAL,65,1950,1950,0,145,163,0.3,0.3,25.77568,40.47,1.536,1.495,0.0254,0,310.91,20.6742,-0.00772,1,0.18,2.482,4.8171,41.5,CRITICAL,F2,2,1,electrical_overcurrent,0.9,1,1,,,,,10,0
2026-08-19T17:50:00.905Z,1787161800905,FAN_DT_001_F2_S09_R01_20260819T174539,1,261.025,FAULT_ACTIVE,F2,0.9,FAN_DT_001,3.0,process-model-3.0.0-build3,2984,1,LIVE,SYNCHRONISED,AUTOMATIC,NORMAL,65,1950,1950,0,145,163,0.3,0.3,25.77099,40.47,1.536,1.495,0.0254,0,310.91,20.7632,-0.00751,1,0.18,2.415,4.8378,41.5,CRITICAL,F2,2,1,electrical_overcurrent,0.9,1,1,,,,,10,0
2026-08-19T17:50:01.926Z,1787161801926,FAN_DT_001_F2_S09_R01_20260819T174539,1,262.046,FAULT_ACTIVE,F2,0.9,FAN_DT_001,3.0,process-model-3.0.0-build3,2985,1,LIVE,SYNCHRONISED,AUTOMATIC,NORMAL,65,1950,1950,0,145,163,0.3,0.3,25.76589,40.48,1.536,1.495,0.0254,0,310.91,20.8524,-0.0073,1,0.18,2.347,4.8586,41.5,CRITICAL,F2,2,1,electrical_overcurrent,0.9,1,1,,,,,10,0
2026-08-19T17:50:02.972Z,1787161802972,FAN_DT_001_F2_S09_R01_20260819T174539,1,263.092,FAULT_ACTIVE,F2,0.9,FAN_DT_001,3.0,process-model-3.0.0-build3,2986,1,LIVE,SYNCHRONISED,AUTOMATIC,NORMAL,65,1950,1950,0,145,163,0.3,0.3,25.7604,40.49,1.536,1.495,0.0254,0,310.91,20.9414,-0.00708,1,0.18,2.276,4.8793,41.5,CRITICAL,F2,2,1,electrical_overcurrent,0.9,1,1,,,,,10,0
2026-08-19T17:50:03.995Z,1787161803995,FAN_DT_001_F2_S09_R01_20260819T174539,1,264.115,FAULT_ACTIVE,F2,0.9,FAN_DT_001,3.0,process-model-3.0.0-build3,2987,1,LIVE,SYNCHRONISED,AUTOMATIC,NORMAL,65,1950,1950,0,145,163,0.3,0.3,25.7545,40.5,1.536,1.495,0.0254,0,310.91,21.0305,-0.00687,1,0.18,2.211,4.9001,41.5,CRITICAL,F2,2,1,electrical_overcurrent,0.9,1,1,,,,,10,0
2026-08-19T17:50:05.031Z,1787161805031,FAN_DT_001_F2_S09_R01_20260819T174539,1,265.152,FAULT_ACTIVE,F2,0.9,FAN_DT_001,3.0,process-model-3.0.0-build3,2988,1,LIVE,SYNCHRONISED,AUTOMATIC,NORMAL,65,1950,1950,0,145,163,0.3,0.3,25.74819,40.5,1.536,1.495,0.0254,0,310.91,21.1198,-0.00665,1,0.18,2.14,4.9209,41.5,CRITICAL,F2,2,1,electrical_overcurrent,0.9,1,1,,,,,10,0
2026-08-19T17:50:06.069Z,1787161806069,FAN_DT_001_F2_S09_R01_20260819T174539,1,266.189,FAULT_ACTIVE,F2,0.9,FAN_DT_001,3.0,process-model-3.0.0-build3,2989,1,LIVE,SYNCHRONISED,AUTOMATIC,NORMAL,65,1950,1950,0,145,163,0.3,0.3,25.7415,40.51,1.536,1.495,0.0254,0,310.91,21.2088,-0.00643,1,0.18,2.07,4.9417,41.5,CRITICAL,F2,2,1,electrical_overcurrent,0.9,1,1,,,,,10,0
2026-08-19T17:50:07.128Z,1787161807128,FAN_DT_001_F2_S09_R01_20260819T174539,1,267.248,FAULT_ACTIVE,F2,0.9,FAN_DT_001,3.0,process-model-3.0.0-build3,2990,1,LIVE,SYNCHRONISED,AUTOMATIC,NORMAL,65,1950,1950,0,145,163,0.3,0.3,25.7344,40.52,1.536,1.495,0.0254,0,310.91,21.2982,-0.00621,1,0.18,1.996,4.9625,41.5,CRITICAL,F2,2,1,electrical_overcurrent,0.9,1,1,,,,,10,0
2026-08-19T17:50:08.130Z,1787161808130,FAN_DT_001_F2_S09_R01_20260819T174539,1,268.25,FAULT_ACTIVE,F2,0.9,FAN_DT_001,3.0,process-model-3.0.0-build3,2991,1,LIVE,SYNCHRONISED,AUTOMATIC,NORMAL,65,1950,1950,0,145,163,0.3,0.3,25.72693,40.52,1.536,1.495,0.0254,0,310.91,21.3873,-0.00598,1,0.18,1.924,4.9832,41.5,CRITICAL,F2,2,1,electrical_overcurrent,0.9,1,1,,,,,10,0
2026-08-19T17:50:09.167Z,1787161809167,FAN_DT_001_F2_S09_R01_20260819T174539,1,269.287,FAULT_ACTIVE,F2,0.9,FAN_DT_001,3.0,process-model-3.0.0-build3,2992,1,LIVE,SYNCHRONISED,AUTOMATIC,NORMAL,65,1950,1950,0,145,163,0.3,0.3,25.7191,40.53,1.536,1.495,0.0254,0,310.91,21.4763,-0.00574,1,0.18,1.845,5.004,41.5,CRITICAL,F2,2,1,electrical_overcurrent,0.9,1,1,,,,,10,0
2026-08-19T17:50:10.206Z,1787161810206,FAN_DT_001_F2_S09_R01_20260819T174539,1,270.326,FAULT_ACTIVE,F2,0.9,FAN_DT_001,3.0,process-model-3.0.0-build3,2993,1,LIVE,SYNCHRONISED,AUTOMATIC,NORMAL,65,1950,1950,0,145,163,0.3,0.3,25.71084,40.53,1.536,1.495,0.0254,0,310.91,21.5658,-0.0055,1,0.18,1.768,5.0248,41.5,CRITICAL,F2,2,1,electrical_overcurrent,0.9,1,1,,,,,10,0
2026-08-19T17:50:11.236Z,1787161811236,FAN_DT_001_F2_S09_R01_20260819T174539,1,271.357,FAULT_ACTIVE,F2,0.9,FAN_DT_001,3.0,process-model-3.0.0-build3,2994,1,LIVE,SYNCHRONISED,AUTOMATIC,NORMAL,65,1950,1950,0,145,163,0.3,0.3,25.70225,40.54,1.536,1.495,0.0254,0,310.91,21.6547,-0.00527,1,0.18,1.695,5.0455,41.5,CRITICAL,F2,2,1,electrical_overcurrent,0.9,1,1,,,,,10,0
2026-08-19T17:50:12.278Z,1787161812278,FAN_DT_001_F2_S09_R01_20260819T174539,1,272.397,FAULT_ACTIVE,F2,0.9,FAN_DT_001,3.0,process-model-3.0.0-build3,2995,1,LIVE,SYNCHRONISED,AUTOMATIC,NORMAL,65,1950,1950,0,145,163,0.3,0.3,25.69324,40.54,1.536,1.495,0.0254,0,310.91,21.7443,-0.00503,1,0.18,1.617,5.0664,41.5,CRITICAL,F2,2,1,electrical_overcurrent,0.9,1,1,,,,,10,0
2026-08-19T17:50:13.285Z,1787161813285,FAN_DT_001_F2_S09_R01_20260819T174539,1,273.405,FAULT_ACTIVE,F2,0.9,FAN_DT_001,3.0,process-model-3.0.0-build3,2996,1,LIVE,SYNCHRONISED,AUTOMATIC,NORMAL,65,1950,1950,0,145,163,0.3,0.3,25.68374,40.55,1.536,1.495,0.0254,0,310.91,21.8349,-0.00478,1,0.18,1.538,5.0875,41.5,CRITICAL,F2,2,1,electrical_overcurrent,0.9,1,1,,,,,10,0
2026-08-19T17:50:14.347Z,1787161814347,FAN_DT_001_F2_S09_R01_20260819T174539,1,274.468,FAULT_ACTIVE,F2,0.9,FAN_DT_001,3.0,process-model-3.0.0-build3,2997,1,LIVE,SYNCHRONISED,AUTOMATIC,NORMAL,65,1950,1950,0,145,163,0.3,0.3,25.67445,40.55,1.536,1.495,0.0254,0,310.91,21.9202,-0.00457,1,0.18,1.471,5.1074,41.5,CRITICAL,F2,2,1,electrical_overcurrent,0.9,1,1,,,,,10,0
2026-08-19T17:50:15.348Z,1787161815348,FAN_DT_001_F2_S09_R01_20260819T174539,1,275.468,FAULT_ACTIVE,F2,0.9,FAN_DT_001,3.0,process-model-3.0.0-build3,2998,1,LIVE,SYNCHRONISED,AUTOMATIC,NORMAL,65,1950,1950,0,145,163,0.3,0.3,25.66438,40.56,1.536,1.495,0.0254,0,310.91,22.0096,-0.00432,1,0.18,1.391,5.1282,41.5,CRITICAL,F2,2,1,electrical_overcurrent,0.9,1,1,,,,,10,0
2026-08-19T17:50:16.430Z,1787161816430,FAN_DT_001_F2_S09_R01_20260819T174539,1,276.55,FAULT_ACTIVE,F2,0.9,FAN_DT_001,3.0,process-model-3.0.0-build3,2999,1,LIVE,SYNCHRONISED,AUTOMATIC,NORMAL,65,1950,1950,0,145,163,0.3,0.3,25.65403,40.56,1.536,1.495,0.0254,0,310.91,22.0984,-0.00408,1,0.18,1.312,5.1489,41.5,CRITICAL,F2,2,1,electrical_overcurrent,0.9,1,1,,,,,10,0
2026-08-19T17:50:17.412Z,1787161817412,FAN_DT_001_F2_S09_R01_20260819T174539,1,277.532,FAULT_ACTIVE,F2,0.9,FAN_DT_001,3.0,process-model-3.0.0-build3,3000,1,LIVE,SYNCHRONISED,AUTOMATIC,NORMAL,65,1950,1950,0,145,163,0.3,0.3,25.64326,40.57,1.536,1.495,0.0254,0,310.91,22.1878,-0.00381,1,0.18,1.227,5.1697,41.5,CRITICAL,F2,2,1,electrical_overcurrent,0.9,1,1,,,,,10,0
2026-08-19T17:50:18.444Z,1787161818444,FAN_DT_001_F2_S09_R01_20260819T174539,1,278.564,FAULT_ACTIVE,F2,0.9,FAN_DT_001,3.0,process-model-3.0.0-build3,3001,1,LIVE,SYNCHRONISED,AUTOMATIC,NORMAL,65,1950,1950,0,145,163,0.3,0.3,25.63223,40.57,1.536,1.495,0.0254,0,310.91,22.2765,-0.00358,1,0.18,1.153,5.1904,41.5,CRITICAL,F2,2,1,electrical_overcurrent,0.9,1,1,,,,,10,0
2026-08-19T17:50:19.484Z,1787161819484,FAN_DT_001_F2_S09_R01_20260819T174539,1,279.604,FAULT_ACTIVE,F2,0.9,FAN_DT_001,3.0,process-model-3.0.0-build3,3002,1,LIVE,SYNCHRONISED,AUTOMATIC,NORMAL,65,1950,1950,0,145,163,0.3,0.3,25.62079,40.57,1.536,1.495,0.0254,0,310.91,22.3659,-0.00333,1,0.18,1.072,5.2113,41.5,CRITICAL,F2,2,1,electrical_overcurrent,0.9,1,1,,,,,10,0
2026-08-19T17:50:20.515Z,1787161820515,FAN_DT_001_F2_S09_R01_20260819T174539,1,280.637,FAULT_ACTIVE,F2,0.9,FAN_DT_001,3.0,process-model-3.0.0-build3,3003,1,LIVE,SYNCHRONISED,AUTOMATIC,NORMAL,65,1950,1950,0,145,163,0.3,0.3,25.60899,40.58,1.536,1.495,0.0254,0,310.91,22.4555,-0.00309,1,0.18,0.995,5.2321,41.5,CRITICAL,F2,2,1,electrical_overcurrent,0.9,1,1,,,,,10,0
2026-08-19T17:50:21.562Z,1787161821562,FAN_DT_001_F2_S09_R01_20260819T174539,1,281.683,FAULT_ACTIVE,F2,0.9,FAN_DT_001,3.0,process-model-3.0.0-build3,3004,1,LIVE,SYNCHRONISED,AUTOMATIC,NORMAL,65,1950,1950,0,145,163,0.3,0.3,25.59694,40.58,1.536,1.495,0.0254,0,310.91,22.5446,-0.00283,1,0.18,0.911,5.2529,41.5,CRITICAL,F2,2,1,electrical_overcurrent,0.9,1,1,,,,,10,0
2026-08-19T17:50:22.589Z,1787161822589,FAN_DT_001_F2_S09_R01_20260819T174539,1,282.709,FAULT_ACTIVE,F2,0.9,FAN_DT_001,3.0,process-model-3.0.0-build3,3005,1,LIVE,SYNCHRONISED,AUTOMATIC,NORMAL,65,1950,1950,0,145,163,0.3,0.3,25.58455,40.58,1.536,1.495,0.0254,0,310.91,22.6339,-0.00259,1,0.18,0.834,5.2737,41.5,CRITICAL,F2,2,1,electrical_overcurrent,0.9,1,1,,,,,10,0
2026-08-19T17:50:23.634Z,1787161823634,FAN_DT_001_F2_S09_R01_20260819T174539,1,283.755,FAULT_ACTIVE,F2,0.9,FAN_DT_001,3.0,process-model-3.0.0-build3,3006,1,LIVE,SYNCHRONISED,AUTOMATIC,NORMAL,65,1950,1950,0,145,163,0.3,0.3,25.57184,40.59,1.536,1.495,0.0254,0,310.91,22.7232,-0.00234,1,0.18,0.751,5.2945,41.5,CRITICAL,F2,2,1,electrical_overcurrent,0.9,1,1,,,,,10,0
2026-08-19T17:50:24.659Z,1787161824659,FAN_DT_001_F2_S09_R01_20260819T174539,1,284.779,FAULT_ACTIVE,F2,0.9,FAN_DT_001,3.0,process-model-3.0.0-build3,3007,1,LIVE,SYNCHRONISED,AUTOMATIC,NORMAL,65,1950,1950,0,145,163,0.3,0.3,25.55888,40.59,1.536,1.495,0.0254,0,310.91,22.8122,-0.00207,1,0.18,0.665,5.3153,41.5,CRITICAL,F2,2,1,electrical_overcurrent,0.9,1,1,,,,,10,0
2026-08-19T17:50:25.695Z,1787161825695,FAN_DT_001_F2_S09_R01_20260819T174539,1,285.815,FAULT_ACTIVE,F2,0.9,FAN_DT_001,3.0,process-model-3.0.0-build3,3008,1,LIVE,SYNCHRONISED,AUTOMATIC,NORMAL,65,1950,1950,0,145,163,0.3,0.3,25.54555,40.59,1.536,1.495,0.0254,0,310.91,22.9017,-0.00182,1,0.18,0.584,5.3361,41.5,CRITICAL,F2,2,1,electrical_overcurrent,0.9,1,1,,,,,10,0
2026-08-19T17:50:26.730Z,1787161826730,FAN_DT_001_F2_S09_R01_20260819T174539,1,286.85,FAULT_ACTIVE,F2,0.9,FAN_DT_001,3.0,process-model-3.0.0-build3,3009,1,LIVE,SYNCHRONISED,AUTOMATIC,NORMAL,65,1950,1950,0,145,163,0.3,0.3,25.532,40.59,1.536,1.495,0.0254,0,310.91,22.9907,-0.00156,1,0.18,0.502,5.3568,41.5,CRITICAL,F2,2,1,electrical_overcurrent,0.9,1,1,,,,,10,0
2026-08-19T17:50:27.779Z,1787161827779,FAN_DT_001_F2_S09_R01_20260819T174539,1,287.899,FAULT_ACTIVE,F2,0.9,FAN_DT_001,3.0,process-model-3.0.0-build3,3010,1,LIVE,SYNCHRONISED,AUTOMATIC,NORMAL,65,1950,1950,0,145,163,0.3,0.3,25.51819,40.59,1.536,1.495,0.0254,0,310.91,23.0797,-0.00131,1,0.18,0.422,5.3776,41.5,CRITICAL,F2,2,1,electrical_overcurrent,0.9,1,1,,,,,10,0
2026-08-19T17:50:28.803Z,1787161828803,FAN_DT_001_F2_S09_R01_20260819T174539,1,288.924,FAULT_ACTIVE,F2,0.9,FAN_DT_001,3.0,process-model-3.0.0-build3,3011,1,LIVE,SYNCHRONISED,AUTOMATIC,NORMAL,65,1950,1950,0,145,163,0.3,0.3,25.50401,40.59,1.536,1.495,0.0254,0,310.91,23.1693,-0.00107,1,0.18,0.344,5.3984,41.5,CRITICAL,F2,2,1,electrical_overcurrent,0.9,1,1,,,,,10,0
2026-08-19T17:50:29.859Z,1787161829859,FAN_DT_001_F2_S09_R01_20260819T174539,1,289.98,FAULT_ACTIVE,F2,0.9,FAN_DT_001,3.0,process-model-3.0.0-build3,3012,1,LIVE,SYNCHRONISED,AUTOMATIC,NORMAL,65,1950,1950,0,145,163,0.3,0.3,25.48964,40.6,1.536,1.495,0.0254,0,310.91,23.2583,-0.00081,1,0.18,0.26,5.4192,41.5,CRITICAL,F2,2,1,electrical_overcurrent,0.9,1,1,,,,,10,0
2026-08-19T17:50:30.865Z,1787161830865,FAN_DT_001_F2_S09_R01_20260819T174539,1,290.986,FAULT_ACTIVE,F2,0.9,FAN_DT_001,3.0,process-model-3.0.0-build3,3013,1,LIVE,SYNCHRONISED,AUTOMATIC,NORMAL,65,1950,1950,0,145,163,0.3,0.3,25.47501,40.6,1.536,1.495,0.0254,0,310.91,23.3474,-0.00054,1,0.18,0.174,5.44,41.5,CRITICAL,F2,2,1,electrical_overcurrent,0.9,1,1,,,,,10,0
2026-08-19T17:50:31.898Z,1787161831898,FAN_DT_001_F2_S09_R01_20260819T174539,1,292.018,FAULT_ACTIVE,F2,0.9,FAN_DT_001,3.0,process-model-3.0.0-build3,3014,1,LIVE,SYNCHRONISED,AUTOMATIC,NORMAL,65,1950,1950,0,145,163,0.3,0.3,25.46007,40.6,1.536,1.495,0.0254,0,310.91,23.4368,-0.0003,1,0.18,0.097,5.4608,41.5,CRITICAL,F2,2,1,electrical_overcurrent,0.9,1,1,,,,,10,0
2026-08-19T17:50:32.941Z,1787161832941,FAN_DT_001_F2_S09_R01_20260819T174539,1,293.062,FAULT_ACTIVE,F2,0.9,FAN_DT_001,3.0,process-model-3.0.0-build3,3015,1,LIVE,SYNCHRONISED,AUTOMATIC,NORMAL,65,1950,1950,0,145,163,0.3,0.3,25.44497,40.6,1.536,1.495,0.0254,0,310.91,23.5258,-0.00006,1,0.18,0.019,5.4815,41.5,CRITICAL,F2,2,1,electrical_overcurrent,0.9,1,1,,,,,10,0
2026-08-19T17:50:33.992Z,1787161833992,FAN_DT_001_F2_S09_R01_20260819T174539,1,294.112,FAULT_ACTIVE,F2,0.9,FAN_DT_001,3.0,process-model-3.0.0-build3,3016,1,LIVE,SYNCHRONISED,AUTOMATIC,NORMAL,65,1950,1950,0,145,163,0.3,0.3,25.42956,40.6,1.536,1.495,0.0254,0,310.91,23.6152,0.00021,1,0.18,0.068,5.5024,41.5,CRITICAL,F2,2,1,electrical_overcurrent,0.9,1,1,,,,,10,0
2026-08-19T17:50:35.033Z,1787161835033,FAN_DT_001_F2_S09_R01_20260819T174539,1,295.153,FAULT_ACTIVE,F2,0.9,FAN_DT_001,3.0,process-model-3.0.0-build3,3017,1,LIVE,SYNCHRONISED,AUTOMATIC,NORMAL,65,1950,1950,0,145,163,0.3,0.3,25.41395,40.6,1.536,1.495,0.0254,0,310.91,23.7045,0.00045,1,0.18,0.145,5.5231,41.5,CRITICAL,F2,2,1,electrical_overcurrent,0.9,1,1,,,,,10,0
2026-08-19T17:50:36.057Z,1787161836057,FAN_DT_001_F2_S09_R01_20260819T174539,1,296.177,FAULT_ACTIVE,F2,0.9,FAN_DT_001,3.0,process-model-3.0.0-build3,3018,1,LIVE,SYNCHRONISED,AUTOMATIC,NORMAL,65,1950,1950,0,145,163,0.3,0.3,25.39813,40.6,1.536,1.495,0.0254,0,310.91,23.7937,0.0007,1,0.18,0.225,5.5439,41.5,CRITICAL,F2,2,1,electrical_overcurrent,0.9,1,1,,,,,10,0
2026-08-19T17:50:37.075Z,1787161837075,FAN_DT_001_F2_S09_R01_20260819T174539,1,297.195,FAULT_ACTIVE,F2,0.9,FAN_DT_001,3.0,process-model-3.0.0-build3,3019,1,LIVE,SYNCHRONISED,AUTOMATIC,NORMAL,65,1950,1950,0,145,163,0.3,0.3,25.38205,40.6,1.536,1.495,0.0254,0,310.91,23.8831,0.00097,1,0.18,0.312,5.5648,41.5,CRITICAL,F2,2,1,electrical_overcurrent,0.9,1,1,,,,,10,0
2026-08-19T17:50:38.114Z,1787161838114,FAN_DT_001_F2_S09_R01_20260819T174539,1,298.234,FAULT_ACTIVE,F2,0.9,FAN_DT_001,3.0,process-model-3.0.0-build3,3020,1,LIVE,SYNCHRONISED,AUTOMATIC,NORMAL,65,1950,1950,0,145,163,0.3,0.3,25.36584,40.59,1.536,1.495,0.0254,0,310.91,23.9722,0.00121,1,0.18,0.39,5.5855,41.5,CRITICAL,F2,2,1,electrical_overcurrent,0.9,1,1,,,,,10,0
2026-08-19T17:50:39.162Z,1787161839162,FAN_DT_001_F2_S09_R01_20260819T174539,1,299.283,FAULT_ACTIVE,F2,0.9,FAN_DT_001,3.0,process-model-3.0.0-build3,3021,1,LIVE,SYNCHRONISED,AUTOMATIC,NORMAL,65,1950,1950,0,145,163,0.3,0.3,25.34945,40.59,1.536,1.495,0.0254,0,310.91,24.0612,0.00145,1,0.18,0.467,5.6063,41.5,CRITICAL,F2,2,1,electrical_overcurrent,0.9,1,1,,,,,10,0
2026-08-19T17:50:40.216Z,1787161840216,FAN_DT_001_F2_S09_R01_20260819T174539,1,300.336,FAULT_ACTIVE,F2,0.9,FAN_DT_001,3.0,process-model-3.0.0-build3,3022,1,LIVE,SYNCHRONISED,AUTOMATIC,NORMAL,65,1950,1950,0,145,163,0.3,0.3,25.33281,40.59,1.536,1.495,0.0254,0,310.91,24.1506,0.00171,1,0.18,0.551,5.6271,41.5,CRITICAL,F2,2,1,electrical_overcurrent,0.9,1,1,,,,,10,0
2026-08-19T17:50:41.212Z,1787161841212,FAN_DT_001_F2_S09_R01_20260819T174539,1,301.332,FAULT_ACTIVE,F2,0.9,FAN_DT_001,3.0,process-model-3.0.0-build3,3023,1,LIVE,SYNCHRONISED,AUTOMATIC,NORMAL,65,1950,1950,0,145,163,0.3,0.3,25.31607,40.59,1.536,1.495,0.0254,0,310.91,24.2396,0.00195,1,0.18,0.628,5.6478,41.5,CRITICAL,F2,2,1,electrical_overcurrent,0.9,1,1,,,,,10,0
2026-08-19T17:50:42.252Z,1787161842252,FAN_DT_001_F2_S09_R01_20260819T174539,1,302.373,FAULT_ACTIVE,F2,0.9,FAN_DT_001,3.0,process-model-3.0.0-build3,3024,1,LIVE,SYNCHRONISED,AUTOMATIC,NORMAL,65,1950,1950,0,145,163,0.3,0.3,25.29909,40.59,1.536,1.495,0.0254,0,310.91,24.3289,0.00221,1,0.18,0.711,5.6686,41.5,CRITICAL,F2,2,1,electrical_overcurrent,0.9,1,1,,,,,10,0
2026-08-19T17:50:43.300Z,1787161843300,FAN_DT_001_F2_S09_R01_20260819T174539,1,303.421,FAULT_ACTIVE,F2,0.9,FAN_DT_001,3.0,process-model-3.0.0-build3,3025,1,LIVE,SYNCHRONISED,AUTOMATIC,NORMAL,65,1950,1950,0,145,163,0.3,0.3,25.28194,40.58,1.536,1.495,0.0254,0,310.91,24.4183,0.00244,1,0.18,0.785,5.6895,41.5,CRITICAL,F2,2,1,electrical_overcurrent,0.9,1,1,,,,,10,0
2026-08-19T17:50:44.385Z,1787161844385,FAN_DT_001_F2_S09_R01_20260819T174539,1,304.505,FAULT_ACTIVE,F2,0.9,FAN_DT_001,3.0,process-model-3.0.0-build3,3026,1,LIVE,SYNCHRONISED,AUTOMATIC,NORMAL,65,1950,1950,0,145,163,0.3,0.3,25.26458,40.58,1.536,1.495,0.0254,0,310.91,24.5081,0.00268,1,0.18,0.863,5.7104,41.5,CRITICAL,F2,2,1,electrical_overcurrent,0.9,1,1,,,,,10,0
2026-08-19T17:50:45.402Z,1787161845402,FAN_DT_001_F2_S09_R01_20260819T174539,1,305.523,FAULT_ACTIVE,F2,0.9,FAN_DT_001,3.0,process-model-3.0.0-build3,3027,1,LIVE,SYNCHRONISED,AUTOMATIC,NORMAL,65,1950,1950,0,145,163,0.3,0.3,25.24713,40.58,1.536,1.495,0.0254,0,310.91,24.5975,0.00293,1,0.18,0.942,5.7312,41.5,CRITICAL,F2,2,1,electrical_overcurrent,0.9,1,1,,,,,10,0
2026-08-19T17:50:46.448Z,1787161846448,FAN_DT_001_F2_S09_R01_20260819T174539,1,306.568,FAULT_ACTIVE,F2,0.9,FAN_DT_001,3.0,process-model-3.0.0-build3,3028,1,LIVE,SYNCHRONISED,AUTOMATIC,NORMAL,65,1950,1950,0,145,163,0.3,0.3,25.22969,40.58,1.536,1.495,0.0254,0,310.91,24.6863,0.00317,1,0.18,1.021,5.7519,41.5,CRITICAL,F2,2,1,electrical_overcurrent,0.9,1,1,,,,,10,0
2026-08-19T17:50:47.426Z,1787161847426,FAN_DT_001_F2_S09_R01_20260819T174539,1,307.546,FAULT_ACTIVE,F2,0.9,FAN_DT_001,3.0,process-model-3.0.0-build3,3029,1,LIVE,SYNCHRONISED,AUTOMATIC,NORMAL,65,1950,1950,0,145,163,0.3,0.3,25.21197,40.57,1.536,1.495,0.0254,0,310.91,24.7759,0.00339,1,0.18,1.091,5.7728,41.5,CRITICAL,F2,2,1,electrical_overcurrent,0.9,1,1,,,,,10,0
2026-08-19T17:50:48.462Z,1787161848462,FAN_DT_001_F2_S09_R01_20260819T174539,1,308.583,FAULT_ACTIVE,F2,0.9,FAN_DT_001,3.0,process-model-3.0.0-build3,3030,1,LIVE,SYNCHRONISED,AUTOMATIC,NORMAL,65,1950,1950,0,145,163,0.3,0.3,25.19426,40.57,1.536,1.495,0.0254,0,310.91,24.8648,0.00364,1,0.18,1.171,5.7935,41.5,CRITICAL,F2,2,1,electrical_overcurrent,0.9,1,1,,,,,10,0
2026-08-19T17:50:49.500Z,1787161849500,FAN_DT_001_F2_S09_R01_20260819T174539,1,309.62,FAULT_ACTIVE,F2,0.9,FAN_DT_001,3.0,process-model-3.0.0-build3,3031,1,LIVE,SYNCHRONISED,AUTOMATIC,NORMAL,65,1950,1950,0,145,163,0.3,0.3,25.17634,40.56,1.536,1.495,0.0254,0,310.91,24.9543,0.00387,1,0.18,1.246,5.8144,41.5,CRITICAL,F2,2,1,electrical_overcurrent,0.9,1,1,,,,,10,0
2026-08-19T17:50:50.530Z,1787161850530,FAN_DT_001_F2_S09_R01_20260819T174539,1,310.65,FAULT_ACTIVE,F2,0.9,FAN_DT_001,3.0,process-model-3.0.0-build3,3032,1,LIVE,SYNCHRONISED,AUTOMATIC,NORMAL,65,1950,1950,0,145,163,0.3,0.3,25.15837,40.56,1.536,1.495,0.0254,0,310.91,25.0436,0.0041,1,0.18,1.32,5.8352,41.5,CRITICAL,F2,2,1,electrical_overcurrent,0.9,1,1,,,,,10,0
2026-08-19T17:50:51.565Z,1787161851565,FAN_DT_001_F2_S09_R01_20260819T174539,1,311.687,FAULT_ACTIVE,F2,0.9,FAN_DT_001,3.0,process-model-3.0.0-build3,3033,1,LIVE,SYNCHRONISED,AUTOMATIC,NORMAL,65,1950,1950,0,145,163,0.3,0.3,25.14041,40.56,1.536,1.495,0.0254,0,310.91,25.1324,0.00432,1,0.18,1.391,5.8558,41.5,CRITICAL,F2,2,1,electrical_overcurrent,0.9,1,1,,,,,10,0
2026-08-19T17:50:52.599Z,1787161852599,FAN_DT_001_F2_S09_R01_20260819T174539,1,312.719,FAULT_ACTIVE,F2,0.9,FAN_DT_001,3.0,process-model-3.0.0-build3,3034,1,LIVE,SYNCHRONISED,AUTOMATIC,NORMAL,65,1950,1950,0,145,163,0.3,0.3,25.12223,40.55,1.536,1.495,0.0254,0,310.91,25.2219,0.00454,1,0.18,1.461,5.8767,41.5,CRITICAL,F2,2,1,electrical_overcurrent,0.9,1,1,,,,,10,0
2026-08-19T17:50:53.648Z,1787161853648,FAN_DT_001_F2_S09_R01_20260819T174539,1,313.768,FAULT_ACTIVE,F2,0.9,FAN_DT_001,3.0,process-model-3.0.0-build3,3035,1,LIVE,SYNCHRONISED,AUTOMATIC,NORMAL,65,1950,1950,0,145,163,0.3,0.3,25.10414,40.55,1.536,1.495,0.0254,0,310.91,25.3107,0.00475,1,0.18,1.529,5.8974,41.5,CRITICAL,F2,2,1,electrical_overcurrent,0.9,1,1,,,,,10,0
2026-08-19T17:50:54.673Z,1787161854673,FAN_DT_001_F2_S09_R01_20260819T174539,1,314.794,FAULT_ACTIVE,F2,0.9,FAN_DT_001,3.0,process-model-3.0.0-build3,3036,1,LIVE,SYNCHRONISED,AUTOMATIC,NORMAL,65,1950,1950,0,145,163,0.3,0.3,25.08583,40.54,1.536,1.495,0.0254,0,310.91,25.4003,0.00499,1,0.18,1.604,5.9183,41.5,CRITICAL,F2,2,1,electrical_overcurrent,0.9,1,1,,,,,10,0
2026-08-19T17:50:55.731Z,1787161855731,FAN_DT_001_F2_S09_R01_20260819T174539,1,315.851,FAULT_ACTIVE,F2,0.9,FAN_DT_001,3.0,process-model-3.0.0-build3,3037,1,LIVE,SYNCHRONISED,AUTOMATIC,NORMAL,65,1950,1950,0,145,163,0.3,0.3,25.06763,40.54,1.536,1.495,0.0254,0,310.91,25.4891,0.00519,1,0.18,1.668,5.939,41.5,CRITICAL,F2,2,1,electrical_overcurrent,0.9,1,1,,,,,10,0
2026-08-19T17:50:56.754Z,1787161856754,FAN_DT_001_F2_S09_R01_20260819T174539,1,316.874,FAULT_ACTIVE,F2,0.9,FAN_DT_001,3.0,process-model-3.0.0-build3,3038,1,LIVE,SYNCHRONISED,AUTOMATIC,NORMAL,65,1950,1950,0,145,163,0.3,0.3,25.04922,40.53,1.536,1.495,0.0254,0,310.91,25.5788,0.00541,1,0.18,1.741,5.9599,41.5,CRITICAL,F2,2,1,electrical_overcurrent,0.9,1,1,,,,,10,0
2026-08-19T17:50:57.777Z,1787161857777,FAN_DT_001_F2_S09_R01_20260819T174539,1,317.898,FAULT_ACTIVE,F2,0.9,FAN_DT_001,3.0,process-model-3.0.0-build3,3039,1,LIVE,SYNCHRONISED,AUTOMATIC,NORMAL,65,1950,1950,0,145,163,0.3,0.3,25.03095,40.52,1.536,1.495,0.0254,0,310.91,25.6677,0.00563,1,0.18,1.812,5.9806,41.5,CRITICAL,F2,2,1,electrical_overcurrent,0.9,1,1,,,,,10,0
2026-08-19T17:50:58.791Z,1787161858791,FAN_DT_001_F2_S09_R01_20260819T174539,1,318.91,FAULT_ACTIVE,F2,0.9,FAN_DT_001,3.0,process-model-3.0.0-build3,3040,1,LIVE,SYNCHRONISED,AUTOMATIC,NORMAL,65,1950,1950,0,145,163,0.3,0.3,25.01226,40.52,1.536,1.495,0.0254,0,310.91,25.7585,0.00584,1,0.18,1.878,6.0017,41.5,CRITICAL,F2,2,1,electrical_overcurrent,0.9,1,1,,,,,10,0
2026-08-19T17:50:59.815Z,1787161859815,FAN_DT_001_F2_S09_R01_20260819T174539,1,319.935,FAULT_ACTIVE,F2,0.9,FAN_DT_001,3.0,process-model-3.0.0-build3,3041,1,LIVE,SYNCHRONISED,AUTOMATIC,NORMAL,65,1950,1950,0,145,163,0.3,0.3,24.99471,40.51,1.536,1.495,0.0254,0,310.91,25.8438,0.00602,1,0.18,1.936,6.0216,41.5,CRITICAL,F2,2,1,electrical_overcurrent,0.9,1,1,,,,,10,0
2026-08-19T17:51:00.846Z,1787161860846,FAN_DT_001_F2_S09_R01_20260819T174539,1,320.967,FAULT_ACTIVE,F2,0.9,FAN_DT_001,3.0,process-model-3.0.0-build3,3042,1,LIVE,SYNCHRONISED,AUTOMATIC,NORMAL,65,1950,1950,0,145,163,0.3,0.3,24.97631,40.51,1.536,1.495,0.0254,0,310.91,25.9332,0.00623,1,0.18,2.003,6.0424,41.5,CRITICAL,F2,2,1,electrical_overcurrent,0.9,1,1,,,,,10,0
2026-08-19T17:51:01.894Z,1787161861894,FAN_DT_001_F2_S09_R01_20260819T174539,1,322.014,FAULT_ACTIVE,F2,0.9,FAN_DT_001,3.0,process-model-3.0.0-build3,3043,1,LIVE,SYNCHRONISED,AUTOMATIC,NORMAL,65,1950,1950,0,145,163,0.3,0.3,24.95807,40.5,1.536,1.495,0.0254,0,310.91,26.0218,0.00641,1,0.18,2.06,6.0631,41.5,CRITICAL,F2,2,1,electrical_overcurrent,0.9,1,1,,,,,10,0
2026-08-19T17:51:02.932Z,1787161862932,FAN_DT_001_F2_S09_R01_20260819T174539,1,323.053,FAULT_ACTIVE,F2,0.9,FAN_DT_001,3.0,process-model-3.0.0-build3,3044,1,LIVE,SYNCHRONISED,AUTOMATIC,NORMAL,65,1950,1950,0,145,163,0.3,0.3,24.93967,40.49,1.536,1.495,0.0254,0,310.91,26.1114,0.0066,1,0.18,2.123,6.084,41.5,CRITICAL,F2,2,1,electrical_overcurrent,0.9,1,1,,,,,10,0
2026-08-19T17:51:03.947Z,1787161863947,FAN_DT_001_F2_S09_R01_20260819T174539,1,324.067,FAULT_ACTIVE,F2,0.9,FAN_DT_001,3.0,process-model-3.0.0-build3,3045,1,LIVE,SYNCHRONISED,AUTOMATIC,NORMAL,65,1950,1950,0,145,163,0.3,0.3,24.92145,40.49,1.536,1.495,0.0254,0,310.91,26.2003,0.00679,1,0.18,2.184,6.1047,41.5,CRITICAL,F2,2,1,electrical_overcurrent,0.9,1,1,,,,,10,0
2026-08-19T17:51:04.982Z,1787161864982,FAN_DT_001_F2_S09_R01_20260819T174539,1,325.102,FAULT_ACTIVE,F2,0.9,FAN_DT_001,3.0,process-model-3.0.0-build3,3046,1,LIVE,SYNCHRONISED,AUTOMATIC,NORMAL,65,1950,1950,0,145,163,0.3,0.3,24.90321,40.48,1.536,1.495,0.0254,0,310.91,26.2894,0.00699,1,0.18,2.25,6.1254,41.5,CRITICAL,F2,2,1,electrical_overcurrent,0.9,1,1,,,,,10,0
2026-08-19T17:51:06.028Z,1787161866028,FAN_DT_001_F2_S09_R01_20260819T174539,1,326.147,FAULT_ACTIVE,F2,0.9,FAN_DT_001,3.0,process-model-3.0.0-build3,3047,1,LIVE,SYNCHRONISED,AUTOMATIC,NORMAL,65,1950,1950,0,145,163,0.3,0.3,24.88498,40.47,1.536,1.495,0.0254,0,310.91,26.3788,0.00716,1,0.18,2.304,6.1463,41.5,CRITICAL,F2,2,1,electrical_overcurrent,0.9,1,1,,,,,10,0
2026-08-19T17:51:07.078Z,1787161867078,FAN_DT_001_F2_S09_R01_20260819T174539,1,327.199,FAULT_ACTIVE,F2,0.9,FAN_DT_001,3.0,process-model-3.0.0-build3,3048,1,LIVE,SYNCHRONISED,AUTOMATIC,NORMAL,65,1950,1950,0,145,163,0.3,0.3,24.86687,40.46,1.536,1.495,0.0254,0,310.91,26.4678,0.00733,1,0.18,2.357,6.167,41.5,CRITICAL,F2,2,1,electrical_overcurrent,0.9,1,1,,,,,10,0
2026-08-19T17:51:08.086Z,1787161868086,FAN_DT_001_F2_S09_R01_20260819T174539,1,328.206,FAULT_ACTIVE,F2,0.9,FAN_DT_001,3.0,process-model-3.0.0-build3,3049,1,LIVE,SYNCHRONISED,AUTOMATIC,NORMAL,65,1950,1950,0,145,163,0.3,0.3,24.84874,40.46,1.536,1.495,0.0254,0,310.91,26.5573,0.00751,1,0.18,2.416,6.1878,41.5,CRITICAL,F2,2,1,electrical_overcurrent,0.9,1,1,,,,,10,0
2026-08-19T17:51:09.126Z,1787161869126,FAN_DT_001_F2_S09_R01_20260819T174539,1,329.246,FAULT_ACTIVE,F2,0.9,FAN_DT_001,3.0,process-model-3.0.0-build3,3050,1,LIVE,SYNCHRONISED,AUTOMATIC,NORMAL,65,1950,1950,0,145,163,0.3,0.3,24.83079,40.45,1.536,1.495,0.0254,0,310.91,26.6463,0.00769,1,0.18,2.473,6.2086,41.5,CRITICAL,F2,2,1,electrical_overcurrent,0.9,1,1,,,,,10,0
2026-08-19T17:51:10.154Z,1787161870154,FAN_DT_001_F2_S09_R01_20260819T174539,1,330.275,FAULT_ACTIVE,F2,0.9,FAN_DT_001,3.0,process-model-3.0.0-build3,3051,1,LIVE,SYNCHRONISED,AUTOMATIC,NORMAL,65,1950,1950,0,145,163,0.3,0.3,24.81285,40.44,1.536,1.495,0.0254,0,310.91,26.7357,0.00784,1,0.18,2.522,6.2294,41.5,CRITICAL,F2,2,1,electrical_overcurrent,0.9,1,1,,,,,10,0
2026-08-19T17:51:11.192Z,1787161871192,FAN_DT_001_F2_S09_R01_20260819T174539,1,331.312,FAULT_ACTIVE,F2,0.9,FAN_DT_001,3.0,process-model-3.0.0-build3,3052,1,LIVE,SYNCHRONISED,AUTOMATIC,NORMAL,65,1950,1950,0,145,163,0.3,0.3,24.79506,40.43,1.536,1.495,0.0254,0,310.91,26.8248,0.008,1,0.18,2.575,6.2502,41.5,CRITICAL,F2,2,1,electrical_overcurrent,0.9,1,1,,,,,10,0
2026-08-19T17:51:12.235Z,1787161872235,FAN_DT_001_F2_S09_R01_20260819T174539,1,332.355,FAULT_ACTIVE,F2,0.9,FAN_DT_001,3.0,process-model-3.0.0-build3,3053,1,LIVE,SYNCHRONISED,AUTOMATIC,NORMAL,65,1950,1950,0,145,163,0.3,0.3,24.77742,40.42,1.536,1.495,0.0254,0,310.91,26.9138,0.00814,1,0.18,2.618,6.2709,41.5,CRITICAL,F2,2,1,electrical_overcurrent,0.9,1,1,,,,,10,0
2026-08-19T17:51:13.257Z,1787161873257,FAN_DT_001_F2_S09_R01_20260819T174539,1,333.378,FAULT_ACTIVE,F2,0.9,FAN_DT_001,3.0,process-model-3.0.0-build3,3054,1,LIVE,SYNCHRONISED,AUTOMATIC,NORMAL,65,1950,1950,0,145,163,0.3,0.3,24.75977,40.42,1.536,1.495,0.0254,0,310.91,27.0034,0.00829,1,0.18,2.666,6.2918,41.5,CRITICAL,F2,2,1,electrical_overcurrent,0.9,1,1,,,,,10,0
2026-08-19T17:51:14.335Z,1787161874335,FAN_DT_001_F2_S09_R01_20260819T174539,1,334.455,FAULT_ACTIVE,F2,0.9,FAN_DT_001,3.0,process-model-3.0.0-build3,3055,1,LIVE,SYNCHRONISED,AUTOMATIC,NORMAL,65,1950,1950,0,145,163,0.3,0.3,24.74232,40.41,1.536,1.495,0.0254,0,310.91,27.0926,0.00844,1,0.18,2.716,6.3126,41.5,CRITICAL,F2,2,1,electrical_overcurrent,0.9,1,1,,,,,10,0
2026-08-19T17:51:15.381Z,1787161875381,FAN_DT_001_F2_S09_R01_20260819T174539,1,335.501,FAULT_ACTIVE,F2,0.9,FAN_DT_001,3.0,process-model-3.0.0-build3,3056,1,LIVE,SYNCHRONISED,AUTOMATIC,NORMAL,65,1950,1950,0,145,163,0.3,0.3,24.72497,40.4,1.536,1.495,0.0254,0,310.91,27.182,0.00861,1,0.18,2.768,6.3334,41.5,CRITICAL,F2,2,1,electrical_overcurrent,0.9,1,1,,,,,10,0
2026-08-19T17:51:16.396Z,1787161876396,FAN_DT_001_F2_S09_R01_20260819T174539,1,336.517,FAULT_ACTIVE,F2,0.9,FAN_DT_001,3.0,process-model-3.0.0-build3,3057,1,LIVE,SYNCHRONISED,AUTOMATIC,NORMAL,65,1950,1950,0,145,163,0.3,0.3,24.70786,40.39,1.536,1.495,0.0254,0,310.91,27.2708,0.00873,1,0.18,2.807,6.3541,41.5,CRITICAL,F2,2,1,electrical_overcurrent,0.9,1,1,,,,,10,0
2026-08-19T17:51:17.406Z,1787161877406,FAN_DT_001_F2_S09_R01_20260819T174539,1,337.526,FAULT_ACTIVE,F2,0.9,FAN_DT_001,3.0,process-model-3.0.0-build3,3058,1,LIVE,SYNCHRONISED,AUTOMATIC,NORMAL,65,1950,1950,0,145,163,0.3,0.3,24.69082,40.38,1.536,1.495,0.0254,0,310.91,27.3602,0.00887,1,0.18,2.853,6.3749,41.5,CRITICAL,F2,2,1,electrical_overcurrent,0.9,1,1,,,,,10,0
2026-08-19T17:51:18.433Z,1787161878433,FAN_DT_001_F2_S09_R01_20260819T174539,1,338.553,FAULT_ACTIVE,F2,0.9,FAN_DT_001,3.0,process-model-3.0.0-build3,3059,1,LIVE,SYNCHRONISED,AUTOMATIC,NORMAL,65,1950,1950,0,145,163,0.3,0.3,24.67398,40.37,1.536,1.495,0.0254,0,310.91,27.4493,0.00899,1,0.18,2.891,6.3957,41.5,CRITICAL,F2,2,1,electrical_overcurrent,0.9,1,1,,,,,10,0
2026-08-19T17:51:19.469Z,1787161879469,FAN_DT_001_F2_S09_R01_20260819T174539,1,339.59,FAULT_ACTIVE,F2,0.9,FAN_DT_001,3.0,process-model-3.0.0-build3,3060,1,LIVE,SYNCHRONISED,AUTOMATIC,NORMAL,65,1950,1950,0,145,163,0.3,0.3,24.65726,40.36,1.536,1.495,0.0254,0,310.91,27.5387,0.00911,1,0.18,2.931,6.4165,41.5,CRITICAL,F2,2,1,electrical_overcurrent,0.9,1,1,,,,,10,0
2026-08-19T17:51:20.501Z,1787161880501,FAN_DT_001_F2_S09_R01_20260819T174539,1,340.621,FAULT_ACTIVE,F2,0.9,FAN_DT_001,3.0,process-model-3.0.0-build3,3061,1,LIVE,SYNCHRONISED,AUTOMATIC,NORMAL,65,1950,1950,0,145,163,0.3,0.3,24.64073,40.35,1.536,1.495,0.0254,0,310.91,27.6281,0.00921,1,0.18,2.964,6.4373,41.5,CRITICAL,F2,2,1,electrical_overcurrent,0.9,1,1,,,,,10,0
2026-08-19T17:51:21.573Z,1787161881573,FAN_DT_001_F2_S09_R01_20260819T174539,1,341.694,FAULT_ACTIVE,F2,0.9,FAN_DT_001,3.0,process-model-3.0.0-build3,3062,1,LIVE,SYNCHRONISED,AUTOMATIC,NORMAL,65,1950,1950,0,145,163,0.3,0.3,24.62448,40.34,1.536,1.495,0.0254,0,310.91,27.717,0.00933,1,0.18,3.001,6.4581,41.5,CRITICAL,F2,2,1,electrical_overcurrent,0.9,1,1,,,,,10,0
2026-08-19T17:51:22.576Z,1787161882576,FAN_DT_001_F2_S09_R01_20260819T174539,1,342.697,FAULT_ACTIVE,F2,0.9,FAN_DT_001,3.0,process-model-3.0.0-build3,3063,1,LIVE,SYNCHRONISED,AUTOMATIC,NORMAL,65,1950,1950,0,145,163,0.3,0.3,24.60833,40.33,1.536,1.495,0.0254,0,310.91,27.8064,0.00945,1,0.18,3.038,6.4789,41.5,CRITICAL,F2,2,1,electrical_overcurrent,0.9,1,1,,,,,10,0
2026-08-19T17:51:23.647Z,1787161883647,FAN_DT_001_F2_S09_R01_20260819T174539,1,343.767,FAULT_ACTIVE,F2,0.9,FAN_DT_001,3.0,process-model-3.0.0-build3,3064,1,LIVE,SYNCHRONISED,AUTOMATIC,NORMAL,65,1950,1950,0,145,163,0.3,0.3,24.59248,40.32,1.536,1.495,0.0254,0,310.91,27.8952,0.00954,1,0.18,3.067,6.4996,41.5,CRITICAL,F2,2,1,electrical_overcurrent,0.9,1,1,,,,,10,0
2026-08-19T17:51:24.647Z,1787161884647,FAN_DT_001_F2_S09_R01_20260819T174539,1,344.767,FAULT_ACTIVE,F2,0.9,FAN_DT_001,3.0,process-model-3.0.0-build3,3065,1,LIVE,SYNCHRONISED,AUTOMATIC,NORMAL,65,1950,1950,0,145,163,0.3,0.3,24.57676,40.31,1.536,1.495,0.0254,0,310.91,27.9846,0.00963,1,0.18,3.097,6.5204,41.5,CRITICAL,F2,2,1,electrical_overcurrent,0.9,1,1,,,,,10,0
2026-08-19T17:51:25.675Z,1787161885675,FAN_DT_001_F2_S09_R01_20260819T174539,1,345.795,FAULT_ACTIVE,F2,0.9,FAN_DT_001,3.0,process-model-3.0.0-build3,3066,1,LIVE,SYNCHRONISED,AUTOMATIC,NORMAL,65,1950,1950,0,145,163,0.3,0.3,24.56129,40.3,1.536,1.495,0.0254,0,310.91,28.0738,0.00974,1,0.18,3.132,6.5412,41.5,CRITICAL,F2,2,1,electrical_overcurrent,0.9,1,1,,,,,10,0
2026-08-19T17:51:26.743Z,1787161886743,FAN_DT_001_F2_S09_R01_20260819T174539,1,346.864,FAULT_ACTIVE,F2,0.9,FAN_DT_001,3.0,process-model-3.0.0-build3,3067,1,LIVE,SYNCHRONISED,AUTOMATIC,NORMAL,65,1950,1950,0,145,163,0.3,0.3,24.54606,40.29,1.536,1.495,0.0254,0,310.91,28.163,0.00981,1,0.18,3.155,6.562,41.5,CRITICAL,F2,2,1,electrical_overcurrent,0.9,1,1,,,,,10,0
2026-08-19T17:51:27.749Z,1787161887749,FAN_DT_001_F2_S09_R01_20260819T174539,1,347.871,FAULT_ACTIVE,F2,0.9,FAN_DT_001,3.0,process-model-3.0.0-build3,3068,1,LIVE,SYNCHRONISED,AUTOMATIC,NORMAL,65,1950,1950,0,145,163,0.3,0.3,24.531,40.28,1.536,1.495,0.0254,0,310.91,28.2525,0.00989,1,0.18,3.181,6.5828,41.5,CRITICAL,F2,2,1,electrical_overcurrent,0.9,1,1,,,,,10,0
2026-08-19T17:51:28.775Z,1787161888775,FAN_DT_001_F2_S09_R01_20260819T174539,1,348.895,FAULT_ACTIVE,F2,0.9,FAN_DT_001,3.0,process-model-3.0.0-build3,3069,1,LIVE,SYNCHRONISED,AUTOMATIC,NORMAL,65,1950,1950,0,145,163,0.3,0.3,24.51628,40.27,1.536,1.495,0.0254,0,310.91,28.3416,0.00997,1,0.18,3.207,6.6036,41.5,CRITICAL,F2,2,1,electrical_overcurrent,0.9,1,1,,,,,10,0
2026-08-19T17:51:29.810Z,1787161889810,FAN_DT_001_F2_S09_R01_20260819T174539,1,349.93,FAULT_ACTIVE,F2,0.9,FAN_DT_001,3.0,process-model-3.0.0-build3,3070,1,LIVE,SYNCHRONISED,AUTOMATIC,NORMAL,65,1950,1950,0,145,163,0.3,0.3,24.50187,40.26,1.536,1.495,0.0254,0,310.91,28.4303,0.01004,1,0.18,3.229,6.6242,41.5,CRITICAL,F2,2,1,electrical_overcurrent,0.9,1,1,,,,,10,0
2026-08-19T17:51:30.847Z,1787161890847,FAN_DT_001_F2_S09_R01_20260819T174539,1,350.967,FAULT_ACTIVE,F2,0.9,FAN_DT_001,3.0,process-model-3.0.0-build3,3071,1,LIVE,SYNCHRONISED,AUTOMATIC,NORMAL,65,1950,1950,0,145,163,0.3,0.3,24.4877,40.25,1.536,1.495,0.0254,0,310.91,28.519,0.01009,1,0.18,3.244,6.6449,41.5,CRITICAL,F2,2,1,electrical_overcurrent,0.9,1,1,,,,,10,0
2026-08-19T17:51:31.874Z,1787161891874,FAN_DT_001_F2_S09_R01_20260819T174539,1,351.995,FAULT_ACTIVE,F2,0.9,FAN_DT_001,3.0,process-model-3.0.0-build3,3072,1,LIVE,SYNCHRONISED,AUTOMATIC,NORMAL,65,1950,1950,0,145,163,0.3,0.3,24.47367,40.24,1.536,1.495,0.0254,0,310.91,28.6086,0.01014,1,0.18,3.262,6.6658,41.5,CRITICAL,F2,2,1,electrical_overcurrent,0.9,1,1,,,,,10,0
2026-08-19T17:51:32.933Z,1787161892933,FAN_DT_001_F2_S09_R01_20260819T174539,1,353.054,FAULT_ACTIVE,F2,0.9,FAN_DT_001,3.0,process-model-3.0.0-build3,3073,1,LIVE,SYNCHRONISED,AUTOMATIC,NORMAL,65,1950,1950,0,145,163,0.3,0.3,24.46,40.23,1.536,1.495,0.0254,0,310.91,28.6977,0.0102,1,0.18,3.281,6.6866,41.5,CRITICAL,F2,2,1,electrical_overcurrent,0.9,1,1,,,,,10,0
2026-08-19T17:51:33.941Z,1787161893941,FAN_DT_001_F2_S09_R01_20260819T174539,1,354.062,FAULT_ACTIVE,F2,0.9,FAN_DT_001,3.0,process-model-3.0.0-build3,3074,1,LIVE,SYNCHRONISED,AUTOMATIC,NORMAL,65,1950,1950,0,145,163,0.3,0.3,24.44671,40.22,1.536,1.495,0.0254,0,310.91,28.7862,0.01024,1,0.18,3.295,6.7072,41.5,CRITICAL,F2,2,1,electrical_overcurrent,0.9,1,1,,,,,10,0
2026-08-19T17:51:34.971Z,1787161894971,FAN_DT_001_F2_S09_R01_20260819T174539,1,355.091,FAULT_ACTIVE,F2,0.9,FAN_DT_001,3.0,process-model-3.0.0-build3,3075,1,LIVE,SYNCHRONISED,AUTOMATIC,NORMAL,65,1950,1950,0,145,163,0.3,0.3,24.43354,40.21,1.536,1.495,0.0254,0,310.91,28.8757,0.0103,1,0.18,3.314,6.728,41.5,CRITICAL,F2,2,1,electrical_overcurrent,0.9,1,1,,,,,10,0
2026-08-19T17:51:36.011Z,1787161896011,FAN_DT_001_F2_S09_R01_20260819T174539,1,356.132,FAULT_ACTIVE,F2,0.9,FAN_DT_001,3.0,process-model-3.0.0-build3,3076,1,LIVE,SYNCHRONISED,AUTOMATIC,NORMAL,65,1950,1950,0,145,163,0.3,0.3,24.42075,40.2,1.536,1.495,0.0254,0,310.91,28.9647,0.01032,1,0.18,3.318,6.7488,41.5,CRITICAL,F2,2,1,electrical_overcurrent,0.9,1,1,,,,,10,0
2026-08-19T17:51:37.047Z,1787161897047,FAN_DT_001_F2_S09_R01_20260819T174539,1,357.168,FAULT_ACTIVE,F2,0.9,FAN_DT_001,3.0,process-model-3.0.0-build3,3077,1,LIVE,SYNCHRONISED,AUTOMATIC,NORMAL,65,1950,1950,0,145,163,0.3,0.3,24.40823,40.19,1.536,1.495,0.0254,0,310.91,29.054,0.01035,1,0.18,3.33,6.7696,41.5,CRITICAL,F2,2,1,electrical_overcurrent,0.9,1,1,,,,,10,0
2026-08-19T17:51:38.074Z,1787161898074,FAN_DT_001_F2_S09_R01_20260819T174539,1,358.194,FAULT_ACTIVE,F2,0.9,FAN_DT_001,3.0,process-model-3.0.0-build3,3078,1,LIVE,SYNCHRONISED,AUTOMATIC,NORMAL,65,1950,1950,0,145,163,0.3,0.3,24.39601,40.18,1.536,1.495,0.0254,0,310.91,29.1434,0.01038,1,0.18,3.337,6.7904,41.5,CRITICAL,F2,2,1,electrical_overcurrent,0.9,1,1,,,,,10,0
2026-08-19T17:51:39.148Z,1787161899148,FAN_DT_001_F2_S09_R01_20260819T174539,1,359.268,FAULT_ACTIVE,F2,0.9,FAN_DT_001,3.0,process-model-3.0.0-build3,3079,1,LIVE,SYNCHRONISED,AUTOMATIC,NORMAL,65,1950,1950,0,145,163,0.3,0.3,24.38414,40.17,1.536,1.495,0.0254,0,310.91,29.2325,0.0104,1,0.18,3.345,6.8112,41.5,CRITICAL,F2,2,1,electrical_overcurrent,0.9,1,1,,,,,10,0
2026-08-19T17:51:40.143Z,1787161900143,FAN_DT_001_F2_S09_R01_20260819T174539,1,360.264,FAULT_ACTIVE,F2,0.9,FAN_DT_001,3.0,process-model-3.0.0-build3,3080,1,LIVE,SYNCHRONISED,AUTOMATIC,NORMAL,65,1950,1950,0,145,163,0.3,0.3,24.37257,40.16,1.536,1.495,0.0254,0,310.91,29.3218,0.01042,1,0.18,3.35,6.832,41.5,CRITICAL,F2,2,1,electrical_overcurrent,0.9,1,1,,,,,10,0
2026-08-19T17:51:41.177Z,1787161901177,FAN_DT_001_F2_S09_R01_20260819T174539,1,361.297,FAULT_ACTIVE,F2,0.9,FAN_DT_001,3.0,process-model-3.0.0-build3,3081,1,LIVE,SYNCHRONISED,AUTOMATIC,NORMAL,65,1950,1950,0,145,163,0.3,0.3,24.3614,40.14,1.536,1.495,0.0254,0,310.91,29.4106,0.01043,1,0.18,3.353,6.8527,41.5,CRITICAL,F2,2,1,electrical_overcurrent,0.9,1,1,,,,,10,0
2026-08-19T17:51:42.274Z,1787161902274,FAN_DT_001_F2_S09_R01_20260819T174539,1,362.394,FAULT_ACTIVE,F2,0.9,FAN_DT_001,3.0,process-model-3.0.0-build3,3082,1,LIVE,SYNCHRONISED,AUTOMATIC,NORMAL,65,1950,1950,0,145,163,0.3,0.3,24.35049,40.13,1.536,1.495,0.0254,0,310.91,29.4999,0.01042,1,0.18,3.35,6.8735,41.5,CRITICAL,F2,2,1,electrical_overcurrent,0.9,1,1,,,,,10,0
2026-08-19T17:51:43.245Z,1787161903245,FAN_DT_001_F2_S09_R01_20260819T174539,1,363.366,FAULT_ACTIVE,F2,0.9,FAN_DT_001,3.0,process-model-3.0.0-build3,3083,1,LIVE,SYNCHRONISED,AUTOMATIC,NORMAL,65,1950,1950,0,145,163,0.3,0.3,24.33995,40.12,1.536,1.495,0.0254,0,310.91,29.5891,0.01043,1,0.18,3.356,6.8943,41.5,CRITICAL,F2,2,1,electrical_overcurrent,0.9,1,1,,,,,10,0
2026-08-19T17:51:44.320Z,1787161904320,FAN_DT_001_F2_S09_R01_20260819T174539,1,364.44,FAULT_ACTIVE,F2,0.9,FAN_DT_001,3.0,process-model-3.0.0-build3,3084,1,LIVE,SYNCHRONISED,AUTOMATIC,NORMAL,65,1950,1950,0,145,163,0.3,0.3,24.3298,40.11,1.536,1.495,0.0254,0,310.91,29.6778,0.01042,1,0.18,3.352,6.9149,41.5,CRITICAL,F2,2,1,electrical_overcurrent,0.9,1,1,,,,,10,0
2026-08-19T17:51:45.327Z,1787161905327,FAN_DT_001_F2_S09_R01_20260819T174539,1,365.447,FAULT_ACTIVE,F2,0.9,FAN_DT_001,3.0,process-model-3.0.0-build3,3085,1,LIVE,SYNCHRONISED,AUTOMATIC,NORMAL,65,1950,1950,0,145,163,0.3,0.3,24.31994,40.1,1.536,1.495,0.0254,0,310.91,29.7671,0.01039,1,0.18,3.343,6.9357,41.5,CRITICAL,F2,2,1,electrical_overcurrent,0.9,1,1,,,,,10,0
2026-08-19T17:51:46.345Z,1787161906345,FAN_DT_001_F2_S09_R01_20260819T174539,1,366.466,FAULT_ACTIVE,F2,0.9,FAN_DT_001,3.0,process-model-3.0.0-build3,3086,1,LIVE,SYNCHRONISED,AUTOMATIC,NORMAL,65,1950,1950,0,145,163,0.3,0.3,24.31047,40.09,1.536,1.495,0.0254,0,310.91,29.8561,0.01038,1,0.18,3.337,6.9565,41.5,CRITICAL,F2,2,1,electrical_overcurrent,0.9,1,1,,,,,10,0
2026-08-19T17:51:47.380Z,1787161907380,FAN_DT_001_F2_S09_R01_20260819T174539,1,367.5,FAULT_ACTIVE,F2,0.9,FAN_DT_001,3.0,process-model-3.0.0-build3,3087,1,LIVE,SYNCHRONISED,AUTOMATIC,NORMAL,65,1950,1950,0,145,163,0.3,0.3,24.30132,40.08,1.536,1.495,0.0254,0,310.91,29.9455,0.01035,1,0.18,3.33,6.9773,41.5,CRITICAL,F2,2,1,electrical_overcurrent,0.9,1,1,,,,,10,0
2026-08-19T17:51:48.421Z,1787161908421,FAN_DT_001_F2_S09_R01_20260819T174539,1,368.541,FAULT_ACTIVE,F2,0.9,FAN_DT_001,3.0,process-model-3.0.0-build3,3088,1,LIVE,SYNCHRONISED,AUTOMATIC,NORMAL,65,1950,1950,0,145,163,0.3,0.3,24.29254,40.07,1.536,1.495,0.0254,0,310.91,30.0349,0.01032,1,0.18,3.319,6.9981,41.5,CRITICAL,F2,2,1,electrical_overcurrent,0.9,1,1,,,,,10,0
2026-08-19T17:51:49.456Z,1787161909456,FAN_DT_001_F2_S09_R01_20260819T174539,1,369.577,FAULT_ACTIVE,F2,0.9,FAN_DT_001,3.0,process-model-3.0.0-build3,3089,1,LIVE,SYNCHRONISED,AUTOMATIC,NORMAL,65,1950,1950,0,145,163,0.3,0.3,24.28418,40.06,1.536,1.495,0.0254,0,310.91,30.1238,0.01028,1,0.18,3.306,7.0189,41.5,CRITICAL,F2,2,1,electrical_overcurrent,0.9,1,1,,,,,10,0
2026-08-19T17:51:50.498Z,1787161910498,FAN_DT_001_F2_S09_R01_20260819T174539,1,370.618,FAULT_ACTIVE,F2,0.9,FAN_DT_001,3.0,process-model-3.0.0-build3,3090,1,LIVE,SYNCHRONISED,AUTOMATIC,NORMAL,65,1950,1950,0,145,163,0.3,0.3,24.2761,40.05,1.536,1.495,0.0254,0,310.91,30.2138,0.01023,1,0.18,3.291,7.0398,41.5,CRITICAL,F2,2,1,electrical_overcurrent,0.9,1,1,,,,,10,0
2026-08-19T17:51:51.569Z,1787161911569,FAN_DT_001_F2_S09_R01_20260819T174539,1,371.691,FAULT_ACTIVE,F2,0.9,FAN_DT_001,3.0,process-model-3.0.0-build3,3091,1,LIVE,SYNCHRONISED,AUTOMATIC,NORMAL,65,1950,1950,0,145,163,0.3,0.3,24.2685,40.04,1.536,1.495,0.0254,0,310.91,30.3028,0.0102,1,0.18,3.281,7.0605,41.5,CRITICAL,F2,2,1,electrical_overcurrent,0.9,1,1,,,,,10,0
2026-08-19T17:51:52.565Z,1787161912565,FAN_DT_001_F2_S09_R01_20260819T174539,1,372.686,FAULT_ACTIVE,F2,0.9,FAN_DT_001,3.0,process-model-3.0.0-build3,3092,1,LIVE,SYNCHRONISED,AUTOMATIC,NORMAL,65,1950,1950,0,145,163,0.3,0.3,24.26125,40.03,1.536,1.495,0.0254,0,310.91,30.3921,0.01014,1,0.18,3.262,7.0814,41.5,CRITICAL,F2,2,1,electrical_overcurrent,0.9,1,1,,,,,10,0
2026-08-19T17:51:53.632Z,1787161913632,FAN_DT_001_F2_S09_R01_20260819T174539,1,373.753,FAULT_ACTIVE,F2,0.9,FAN_DT_001,3.0,process-model-3.0.0-build3,3093,1,LIVE,SYNCHRONISED,AUTOMATIC,NORMAL,65,1950,1950,0,145,163,0.3,0.3,24.2544,40.02,1.536,1.495,0.0254,0,310.91,30.4813,0.01006,1,0.18,3.237,7.1021,41.5,CRITICAL,F2,2,1,electrical_overcurrent,0.9,1,1,,,,,10,0
2026-08-19T17:51:54.628Z,1787161914628,FAN_DT_001_F2_S09_R01_20260819T174539,1,374.748,FAULT_ACTIVE,F2,0.9,FAN_DT_001,3.0,process-model-3.0.0-build3,3094,1,LIVE,SYNCHRONISED,AUTOMATIC,NORMAL,65,1950,1950,0,145,163,0.3,0.3,24.24795,40.01,1.536,1.495,0.0254,0,310.91,30.5703,0.01001,1,0.18,3.218,7.1229,41.5,CRITICAL,F2,2,1,electrical_overcurrent,0.9,1,1,,,,,10,0
2026-08-19T17:51:55.667Z,1787161915667,FAN_DT_001_F2_S09_R01_20260819T174539,1,375.788,FAULT_ACTIVE,F2,0.9,FAN_DT_001,3.0,process-model-3.0.0-build3,3095,1,LIVE,SYNCHRONISED,AUTOMATIC,NORMAL,65,1950,1950,0,145,163,0.3,0.3,24.24187,40,1.536,1.495,0.0254,0,310.91,30.6597,0.00995,1,0.18,3.2,7.1437,41.5,CRITICAL,F2,2,1,electrical_overcurrent,0.9,1,1,,,,,10,0
2026-08-19T17:51:56.702Z,1787161916702,FAN_DT_001_F2_S09_R01_20260819T174539,1,376.822,FAULT_ACTIVE,F2,0.9,FAN_DT_001,3.0,process-model-3.0.0-build3,3096,1,LIVE,SYNCHRONISED,AUTOMATIC,NORMAL,65,1950,1950,0,145,163,0.3,0.3,24.23622,39.99,1.536,1.495,0.0254,0,310.91,30.7488,0.00987,1,0.18,3.175,7.1645,41.5,CRITICAL,F2,2,1,electrical_overcurrent,0.9,1,1,,,,,10,0
2026-08-19T17:51:57.736Z,1787161917736,FAN_DT_001_F2_S09_R01_20260819T174539,1,377.856,FAULT_ACTIVE,F2,0.9,FAN_DT_001,3.0,process-model-3.0.0-build3,3097,1,LIVE,SYNCHRONISED,AUTOMATIC,NORMAL,65,1950,1950,0,145,163,0.3,0.3,24.23094,39.98,1.536,1.495,0.0254,0,310.91,30.8384,0.00978,1,0.18,3.145,7.1853,41.5,CRITICAL,F2,2,1,electrical_overcurrent,0.9,1,1,,,,,10,0
2026-08-19T17:51:58.778Z,1787161918778,FAN_DT_001_F2_S09_R01_20260819T174539,1,378.899,FAULT_ACTIVE,F2,0.9,FAN_DT_001,3.0,process-model-3.0.0-build3,3098,1,LIVE,SYNCHRONISED,AUTOMATIC,NORMAL,65,1950,1950,0,145,163,0.3,0.3,24.22608,39.97,1.536,1.495,0.0254,0,310.91,30.9276,0.00968,1,0.18,3.114,7.2061,41.5,CRITICAL,F2,2,1,electrical_overcurrent,0.9,1,1,,,,,10,0
2026-08-19T17:51:59.806Z,1787161919806,FAN_DT_001_F2_S09_R01_20260819T174539,1,379.927,FAULT_ACTIVE,F2,0.9,FAN_DT_001,3.0,process-model-3.0.0-build3,3099,1,LIVE,SYNCHRONISED,AUTOMATIC,NORMAL,65,1950,1950,0,145,163,0.3,0.3,24.22163,39.96,1.536,1.495,0.0254,0,310.91,31.0168,0.0096,1,0.18,3.086,7.2269,41.5,CRITICAL,F2,2,1,electrical_overcurrent,0.9,1,1,,,,,10,0
2026-08-19T17:52:00.847Z,1787161920847,FAN_DT_001_F2_S09_R01_20260819T174539,1,380.967,FAULT_ACTIVE,F2,0.9,FAN_DT_001,3.0,process-model-3.0.0-build3,3100,1,LIVE,SYNCHRONISED,AUTOMATIC,NORMAL,65,1950,1950,0,145,163,0.3,0.3,24.21759,39.95,1.536,1.495,0.0254,0,310.91,31.1062,0.00951,1,0.18,3.057,7.2477,41.5,CRITICAL,F2,2,1,electrical_overcurrent,0.9,1,1,,,,,10,0
2026-08-19T17:52:01.884Z,1787161921884,FAN_DT_001_F2_S09_R01_20260819T174539,1,382.004,FAULT_ACTIVE,F2,0.9,FAN_DT_001,3.0,process-model-3.0.0-build3,3101,1,LIVE,SYNCHRONISED,AUTOMATIC,NORMAL,65,1950,1950,0,145,163,0.3,0.3,24.21397,39.94,1.536,1.495,0.0254,0,310.91,31.1953,0.00939,1,0.18,3.021,7.2685,41.5,CRITICAL,F2,2,1,electrical_overcurrent,0.9,1,1,,,,,10,0
2026-08-19T17:52:02.940Z,1787161922940,FAN_DT_001_F2_S09_R01_20260819T174539,1,383.06,FAULT_ACTIVE,F2,0.9,FAN_DT_001,3.0,process-model-3.0.0-build3,3102,1,LIVE,SYNCHRONISED,AUTOMATIC,NORMAL,65,1950,1950,0,145,163,0.3,0.3,24.21076,39.93,1.536,1.495,0.0254,0,310.91,31.2845,0.00929,1,0.18,2.99,7.2893,41.5,CRITICAL,F2,2,1,electrical_overcurrent,0.9,1,1,,,,,10,0
2026-08-19T17:52:03.941Z,1787161923941,FAN_DT_001_F2_S09_R01_20260819T174539,1,384.061,FAULT_ACTIVE,F2,0.9,FAN_DT_001,3.0,process-model-3.0.0-build3,3103,1,LIVE,SYNCHRONISED,AUTOMATIC,NORMAL,65,1950,1950,0,145,163,0.3,0.3,24.20797,39.92,1.536,1.495,0.0254,0,310.91,31.3739,0.0092,1,0.18,2.958,7.3101,41.5,CRITICAL,F2,2,1,electrical_overcurrent,0.9,1,1,,,,,10,0
2026-08-19T17:52:04.980Z,1787161924980,FAN_DT_001_F2_S09_R01_20260819T174539,1,385.101,FAULT_ACTIVE,F2,0.9,FAN_DT_001,3.0,process-model-3.0.0-build3,3104,1,LIVE,SYNCHRONISED,AUTOMATIC,NORMAL,65,1950,1950,0,145,163,0.3,0.3,24.20559,39.91,1.536,1.495,0.0254,0,310.91,31.4629,0.00906,1,0.18,2.913,7.3309,41.5,CRITICAL,F2,2,1,electrical_overcurrent,0.9,1,1,,,,,10,0
2026-08-19T17:52:06.053Z,1787161926053,FAN_DT_001_F2_S09_R01_20260819T174539,1,386.174,FAULT_ACTIVE,F2,0.9,FAN_DT_001,3.0,process-model-3.0.0-build3,3105,1,LIVE,SYNCHRONISED,AUTOMATIC,NORMAL,65,1950,1950,0,145,163,0.3,0.3,24.20363,39.9,1.536,1.495,0.0254,0,310.91,31.5524,0.00893,1,0.18,2.873,7.3517,41.5,CRITICAL,F2,2,1,electrical_overcurrent,0.9,1,1,,,,,10,0
2026-08-19T17:52:07.058Z,1787161927058,FAN_DT_001_F2_S09_R01_20260819T174539,1,387.178,FAULT_ACTIVE,F2,0.9,FAN_DT_001,3.0,process-model-3.0.0-build3,3106,1,LIVE,SYNCHRONISED,AUTOMATIC,NORMAL,65,1950,1950,0,145,163,0.3,0.3,24.2021,39.89,1.536,1.495,0.0254,0,310.91,31.6413,0.00881,1,0.18,2.835,7.3724,41.5,CRITICAL,F2,2,1,electrical_overcurrent,0.9,1,1,,,,,10,0
2026-08-19T17:52:08.089Z,1787161928089,FAN_DT_001_F2_S09_R01_20260819T174539,1,388.21,FAULT_ACTIVE,F2,0.9,FAN_DT_001,3.0,process-model-3.0.0-build3,3107,1,LIVE,SYNCHRONISED,AUTOMATIC,NORMAL,65,1950,1950,0,145,163,0.3,0.3,24.20098,39.88,1.536,1.495,0.0254,0,310.91,31.7305,0.00868,1,0.18,2.792,7.3932,41.5,CRITICAL,F2,2,1,electrical_overcurrent,0.9,1,1,,,,,10,0
2026-08-19T17:52:09.118Z,1787161929118,FAN_DT_001_F2_S09_R01_20260819T174539,1,389.239,FAULT_ACTIVE,F2,0.9,FAN_DT_001,3.0,process-model-3.0.0-build3,3108,1,LIVE,SYNCHRONISED,AUTOMATIC,NORMAL,65,1950,1950,0,145,163,0.3,0.3,24.20028,39.87,1.536,1.495,0.0254,0,310.91,31.8197,0.00854,1,0.18,2.746,7.414,41.5,CRITICAL,F2,2,1,electrical_overcurrent,0.9,1,1,,,,,10,0
2026-08-19T17:52:10.155Z,1787161930155,FAN_DT_001_F2_S09_R01_20260819T174539,1,390.275,FAULT_ACTIVE,F2,0.9,FAN_DT_001,3.0,process-model-3.0.0-build3,3109,1,LIVE,SYNCHRONISED,AUTOMATIC,NORMAL,65,1950,1950,0,145,163,0.3,0.3,24.2,39.86,1.536,1.495,0.0254,0,310.91,31.9085,0.00842,1,0.18,2.707,7.4347,41.5,CRITICAL,F2,2,1,electrical_overcurrent,0.9,1,1,,,,,10,0
2026-08-19T17:52:11.179Z,1787161931179,FAN_DT_001_F2_S09_R01_20260819T174539,1,391.301,FAULT_ACTIVE,F2,0.9,FAN_DT_001,3.0,process-model-3.0.0-build3,3110,1,LIVE,SYNCHRONISED,AUTOMATIC,NORMAL,65,1950,1950,0,145,163,0.3,0.3,24.20015,39.85,1.536,1.495,0.0254,0,310.91,31.9978,0.00826,1,0.18,2.658,7.4555,41.5,CRITICAL,F2,2,1,electrical_overcurrent,0.9,1,1,,,,,10,0
2026-08-19T17:52:12.241Z,1787161932241,FAN_DT_001_F2_S09_R01_20260819T174539,1,392.361,FAULT_ACTIVE,F2,0.9,FAN_DT_001,3.0,process-model-3.0.0-build3,3111,1,LIVE,SYNCHRONISED,AUTOMATIC,NORMAL,65,1950,1950,0,145,163,0.3,0.3,24.20071,39.85,1.536,1.495,0.0254,0,310.91,32.0869,0.00812,1,0.18,2.612,7.4762,41.5,CRITICAL,F2,2,1,electrical_overcurrent,0.9,1,1,,,,,10,0
2026-08-19T17:52:13.250Z,1787161933250,FAN_DT_001_F2_S09_R01_20260819T174539,1,393.37,FAULT_ACTIVE,F2,0.9,FAN_DT_001,3.0,process-model-3.0.0-build3,3112,1,LIVE,SYNCHRONISED,AUTOMATIC,NORMAL,65,1950,1950,0,145,163,0.3,0.3,24.2017,39.84,1.536,1.495,0.0254,0,310.91,32.1759,0.00796,1,0.18,2.561,7.497,41.5,CRITICAL,F2,2,1,electrical_overcurrent,0.9,1,1,,,,,10,0
2026-08-19T17:52:14.287Z,1787161934287,FAN_DT_001_F2_S09_R01_20260819T174539,1,394.409,FAULT_ACTIVE,F2,0.9,FAN_DT_001,3.0,process-model-3.0.0-build3,3113,1,LIVE,SYNCHRONISED,AUTOMATIC,NORMAL,65,1950,1950,0,145,163,0.3,0.3,24.20311,39.83,1.536,1.495,0.0254,0,310.91,32.2656,0.0078,1,0.18,2.509,7.5179,41.5,CRITICAL,F2,2,1,electrical_overcurrent,0.9,1,1,,,,,10,0
2026-08-19T17:52:15.329Z,1787161935329,FAN_DT_001_F2_S09_R01_20260819T174539,1,395.449,FAULT_ACTIVE,F2,0.9,FAN_DT_001,3.0,process-model-3.0.0-build3,3114,1,LIVE,SYNCHRONISED,AUTOMATIC,NORMAL,65,1950,1950,0,145,163,0.3,0.3,24.20494,39.82,1.536,1.495,0.0254,0,310.91,32.3549,0.00763,1,0.18,2.454,7.5387,41.5,CRITICAL,F2,2,1,electrical_overcurrent,0.9,1,1,,,,,10,0
2026-08-19T17:52:16.356Z,1787161936356,FAN_DT_001_F2_S09_R01_20260819T174539,1,396.476,FAULT_ACTIVE,F2,0.9,FAN_DT_001,3.0,process-model-3.0.0-build3,3115,1,LIVE,SYNCHRONISED,AUTOMATIC,NORMAL,65,1950,1950,0,145,163,0.3,0.3,24.20719,39.81,1.536,1.495,0.0254,0,310.91,32.4443,0.00748,1,0.18,2.405,7.5595,41.5,CRITICAL,F2,2,1,electrical_overcurrent,0.9,1,1,,,,,10,0
2026-08-19T17:52:17.391Z,1787161937391,FAN_DT_001_F2_S09_R01_20260819T174539,1,397.511,FAULT_ACTIVE,F2,0.9,FAN_DT_001,3.0,process-model-3.0.0-build3,3116,1,LIVE,SYNCHRONISED,AUTOMATIC,NORMAL,65,1950,1950,0,145,163,0.3,0.3,24.20985,39.81,1.536,1.495,0.0254,0,310.91,32.5333,0.00731,1,0.18,2.352,7.5803,41.5,CRITICAL,F2,2,1,electrical_overcurrent,0.9,1,1,,,,,10,0
2026-08-19T17:52:18.427Z,1787161938427,FAN_DT_001_F2_S09_R01_20260819T174539,1,398.546,FAULT_ACTIVE,F2,0.9,FAN_DT_001,3.0,process-model-3.0.0-build3,3117,1,LIVE,SYNCHRONISED,AUTOMATIC,NORMAL,65,1950,1950,0,145,163,0.3,0.3,24.21293,39.8,1.536,1.495,0.0254,0,310.91,32.6225,0.00715,1,0.18,2.298,7.601,41.5,CRITICAL,F2,2,1,electrical_overcurrent,0.9,1,1,,,,,10,0
2026-08-19T17:52:19.464Z,1787161939464,FAN_DT_001_F2_S09_R01_20260819T174539,1,399.584,FAULT_ACTIVE,F2,0.9,FAN_DT_001,3.0,process-model-3.0.0-build3,3118,1,LIVE,SYNCHRONISED,AUTOMATIC,NORMAL,65,1950,1950,0,145,163,0.3,0.3,24.21643,39.79,1.536,1.495,0.0254,0,310.91,32.7117,0.00695,1,0.18,2.235,7.6218,41.5,CRITICAL,F2,2,1,electrical_overcurrent,0.9,1,1,,,,,10,0
2026-08-19T17:52:20.503Z,1787161940503,FAN_DT_001_F2_S09_R01_20260819T174539,1,400.624,FAULT_ACTIVE,F2,0.9,FAN_DT_001,3.0,process-model-3.0.0-build3,3119,1,LIVE,SYNCHRONISED,AUTOMATIC,NORMAL,65,1950,1950,0,145,163,0.3,0.3,24.22033,39.78,1.536,1.495,0.0254,0,310.91,32.8008,0.00678,1,0.18,2.18,7.6426,41.5,CRITICAL,F2,2,1,electrical_overcurrent,0.9,1,1,,,,,10,0
2026-08-19T17:52:21.535Z,1787161941535,FAN_DT_001_F2_S09_R01_20260819T174539,1,401.655,FAULT_ACTIVE,F2,0.9,FAN_DT_001,3.0,process-model-3.0.0-build3,3120,1,LIVE,SYNCHRONISED,AUTOMATIC,NORMAL,65,1950,1950,0,145,163,0.3,0.3,24.22465,39.78,1.536,1.495,0.0254,0,310.91,32.8901,0.00657,1,0.18,2.113,7.6634,41.5,CRITICAL,F2,2,1,electrical_overcurrent,0.9,1,1,,,,,10,0
2026-08-19T17:52:22.562Z,1787161942562,FAN_DT_001_F2_S09_R01_20260819T174539,1,402.682,FAULT_ACTIVE,F2,0.9,FAN_DT_001,3.0,process-model-3.0.0-build3,3121,1,LIVE,SYNCHRONISED,AUTOMATIC,NORMAL,65,1950,1950,0,145,163,0.3,0.3,24.22938,39.77,1.536,1.495,0.0254,0,310.91,32.9792,0.00639,1,0.18,2.054,7.6842,41.5,CRITICAL,F2,2,1,electrical_overcurrent,0.9,1,1,,,,,10,0
2026-08-19T17:52:23.673Z,1787161943673,FAN_DT_001_F2_S09_R01_20260819T174539,1,403.793,FAULT_ACTIVE,F2,0.9,FAN_DT_001,3.0,process-model-3.0.0-build3,3122,1,LIVE,SYNCHRONISED,AUTOMATIC,NORMAL,65,1950,1950,0,145,163,0.3,0.3,24.2345,39.76,1.536,1.495,0.0254,0,310.91,33.0683,0.00619,1,0.18,1.99,7.7049,41.5,CRITICAL,F2,2,1,electrical_overcurrent,0.9,1,1,,,,,10,0
2026-08-19T17:52:24.637Z,1787161944637,FAN_DT_001_F2_S09_R01_20260819T174539,1,404.757,FAULT_ACTIVE,F2,0.9,FAN_DT_001,3.0,process-model-3.0.0-build3,3123,1,LIVE,SYNCHRONISED,AUTOMATIC,NORMAL,65,1950,1950,0,145,163,0.3,0.3,24.24007,39.76,1.536,1.495,0.0254,0,310.91,33.158,0.00601,1,0.18,1.932,7.7258,41.5,CRITICAL,F2,2,1,electrical_overcurrent,0.9,1,1,,,,,10,0
2026-08-19T17:52:25.668Z,1787161945668,FAN_DT_001_F2_S09_R01_20260819T174539,1,405.787,FAULT_ACTIVE,F2,0.9,FAN_DT_001,3.0,process-model-3.0.0-build3,3124,1,LIVE,SYNCHRONISED,AUTOMATIC,NORMAL,65,1950,1950,0,145,163,0.3,0.3,24.24598,39.75,1.536,1.495,0.0254,0,310.91,33.2468,0.00579,1,0.18,1.864,7.7465,41.5,CRITICAL,F2,2,1,electrical_overcurrent,0.9,1,1,,,,,10,0
2026-08-19T17:52:26.758Z,1787161946758,FAN_DT_001_F2_S09_R01_20260819T174539,1,406.878,FAULT_ACTIVE,F2,0.9,FAN_DT_001,3.0,process-model-3.0.0-build3,3125,1,LIVE,SYNCHRONISED,AUTOMATIC,NORMAL,65,1950,1950,0,145,163,0.3,0.3,24.25234,39.75,1.536,1.495,0.0254,0,310.91,33.3363,0.0056,1,0.18,1.801,7.7674,41.5,CRITICAL,F2,2,1,electrical_overcurrent,0.9,1,1,,,,,10,0
2026-08-19T17:52:27.734Z,1787161947734,FAN_DT_001_F2_S09_R01_20260819T174539,1,407.854,FAULT_ACTIVE,F2,0.9,FAN_DT_001,3.0,process-model-3.0.0-build3,3126,1,LIVE,SYNCHRONISED,AUTOMATIC,NORMAL,65,1950,1950,0,145,163,0.3,0.3,24.25906,39.74,1.536,1.495,0.0254,0,310.91,33.4254,0.0054,1,0.18,1.738,7.7881,41.5,CRITICAL,F2,2,1,electrical_overcurrent,0.9,1,1,,,,,10,0
2026-08-19T17:52:28.777Z,1787161948777,FAN_DT_001_F2_S09_R01_20260819T174539,1,408.897,FAULT_ACTIVE,F2,0.9,FAN_DT_001,3.0,process-model-3.0.0-build3,3127,1,LIVE,SYNCHRONISED,AUTOMATIC,NORMAL,65,1950,1950,0,145,163,0.3,0.3,24.26617,39.73,1.536,1.495,0.0254,0,310.91,33.5145,0.0052,1,0.18,1.671,7.8089,41.5,CRITICAL,F2,2,1,electrical_overcurrent,0.9,1,1,,,,,10,0
2026-08-19T17:52:29.818Z,1787161949818,FAN_DT_001_F2_S09_R01_20260819T174539,1,409.939,FAULT_ACTIVE,F2,0.9,FAN_DT_001,3.0,process-model-3.0.0-build3,3128,1,LIVE,SYNCHRONISED,AUTOMATIC,NORMAL,65,1950,1950,0,145,163,0.3,0.3,24.27366,39.73,1.536,1.495,0.0254,0,310.91,33.6035,0.00499,1,0.18,1.604,7.8296,41.5,CRITICAL,F2,2,1,electrical_overcurrent,0.9,1,1,,,,,10,0
2026-08-19T17:52:30.840Z,1787161950840,FAN_DT_001_F2_S09_R01_20260819T174539,1,410.961,FAULT_ACTIVE,F2,0.9,FAN_DT_001,3.0,process-model-3.0.0-build3,3129,1,LIVE,SYNCHRONISED,AUTOMATIC,NORMAL,65,1950,1950,0,145,163,0.3,0.3,24.28155,39.72,1.536,1.495,0.0254,0,310.91,33.6928,0.00477,1,0.18,1.534,7.8504,41.5,CRITICAL,F2,2,1,electrical_overcurrent,0.9,1,1,,,,,10,0
2026-08-19T17:52:31.872Z,1787161951872,FAN_DT_001_F2_S09_R01_20260819T174539,1,411.993,FAULT_ACTIVE,F2,0.9,FAN_DT_001,3.0,process-model-3.0.0-build3,3130,1,LIVE,SYNCHRONISED,AUTOMATIC,NORMAL,65,1950,1950,0,145,163,0.3,0.3,24.28985,39.72,1.536,1.495,0.0254,0,310.91,33.7823,0.00454,1,0.18,1.461,7.8713,41.5,CRITICAL,F2,2,1,electrical_overcurrent,0.9,1,1,,,,,10,0
2026-08-19T17:52:32.946Z,1787161952946,FAN_DT_001_F2_S09_R01_20260819T174539,1,413.067,FAULT_ACTIVE,F2,0.9,FAN_DT_001,3.0,process-model-3.0.0-build3,3131,1,LIVE,SYNCHRONISED,AUTOMATIC,NORMAL,65,1950,1950,0,145,163,0.3,0.3,24.29846,39.71,1.536,1.495,0.0254,0,310.91,33.8713,0.00434,1,0.18,1.394,7.892,41.5,CRITICAL,F2,2,1,electrical_overcurrent,0.9,1,1,,,,,10,0
2026-08-19T17:52:33.941Z,1787161953941,FAN_DT_001_F2_S09_R01_20260819T174539,1,414.061,FAULT_ACTIVE,F2,0.9,FAN_DT_001,3.0,process-model-3.0.0-build3,3132,1,LIVE,SYNCHRONISED,AUTOMATIC,NORMAL,65,1950,1950,0,145,163,0.3,0.3,24.30748,39.71,1.536,1.495,0.0254,0,310.91,33.9605,0.00412,1,0.18,1.324,7.9128,41.5,CRITICAL,F2,2,1,electrical_overcurrent,0.9,1,1,,,,,10,0
2026-08-19T17:52:34.994Z,1787161954994,FAN_DT_001_F2_S09_R01_20260819T174539,1,415.115,FAULT_ACTIVE,F2,0.9,FAN_DT_001,3.0,process-model-3.0.0-build3,3133,1,LIVE,SYNCHRONISED,AUTOMATIC,NORMAL,65,1950,1950,0,145,163,0.3,0.3,24.31686,39.71,1.536,1.495,0.0254,0,310.91,34.0498,0.00387,1,0.18,1.245,7.9336,41.5,CRITICAL,F2,2,1,electrical_overcurrent,0.9,1,1,,,,,10,0
2026-08-19T17:52:36.015Z,1787161956015,FAN_DT_001_F2_S09_R01_20260819T174539,1,416.135,FAULT_ACTIVE,F2,0.9,FAN_DT_001,3.0,process-model-3.0.0-build3,3134,1,LIVE,SYNCHRONISED,AUTOMATIC,NORMAL,65,1950,1950,0,145,163,0.3,0.3,24.32658,39.7,1.536,1.495,0.0254,0,310.91,34.1389,0.00366,1,0.18,1.179,7.9544,41.5,CRITICAL,F2,2,1,electrical_overcurrent,0.9,1,1,,,,,10,0
2026-08-19T17:52:37.063Z,1787161957063,FAN_DT_001_F2_S09_R01_20260819T174539,1,417.183,FAULT_ACTIVE,F2,0.9,FAN_DT_001,3.0,process-model-3.0.0-build3,3135,1,LIVE,SYNCHRONISED,AUTOMATIC,NORMAL,65,1950,1950,0,145,163,0.3,0.3,24.3367,39.7,1.536,1.495,0.0254,0,310.91,34.2284,0.00343,1,0.18,1.102,7.9752,41.5,CRITICAL,F2,2,1,electrical_overcurrent,0.9,1,1,,,,,10,0
2026-08-19T17:52:38.080Z,1787161958080,FAN_DT_001_F2_S09_R01_20260819T174539,1,418.2,FAULT_ACTIVE,F2,0.9,FAN_DT_001,3.0,process-model-3.0.0-build3,3136,1,LIVE,SYNCHRONISED,AUTOMATIC,NORMAL,65,1950,1950,0,145,163,0.3,0.3,24.3471,39.7,1.536,1.495,0.0254,0,310.91,34.3172,0.0032,1,0.18,1.03,7.9959,41.5,CRITICAL,F2,2,1,electrical_overcurrent,0.9,1,1,,,,,10,0
2026-08-19T17:52:39.119Z,1787161959119,FAN_DT_001_F2_S09_R01_20260819T174539,1,419.24,FAULT_ACTIVE,F2,0.9,FAN_DT_001,3.0,process-model-3.0.0-build3,3137,1,LIVE,SYNCHRONISED,AUTOMATIC,NORMAL,65,1950,1950,0,145,163,0.3,0.3,24.35793,39.69,1.536,1.495,0.0254,0,310.91,34.4068,0.00297,1,0.18,0.954,8.0168,41.5,CRITICAL,F2,2,1,electrical_overcurrent,0.9,1,1,,,,,10,0
2026-08-19T17:52:40.192Z,1787161960192,FAN_DT_001_F2_S09_R01_20260819T174539,1,420.312,FAULT_ACTIVE,F2,0.9,FAN_DT_001,3.0,process-model-3.0.0-build3,3138,1,LIVE,SYNCHRONISED,AUTOMATIC,NORMAL,65,1950,1950,0,145,163,0.3,0.3,24.36903,39.69,1.536,1.495,0.0254,0,310.91,34.4958,0.00275,1,0.18,0.883,8.0375,41.5,CRITICAL,F2,2,1,electrical_overcurrent,0.9,1,1,,,,,10,0
2026-08-19T17:52:41.206Z,1787161961206,FAN_DT_001_F2_S09_R01_20260819T174539,1,421.326,FAULT_ACTIVE,F2,0.9,FAN_DT_001,3.0,process-model-3.0.0-build3,3139,1,LIVE,SYNCHRONISED,AUTOMATIC,NORMAL,65,1950,1950,0,145,163,0.3,0.3,24.38048,39.69,1.536,1.495,0.0254,0,310.91,34.5851,0.00249,1,0.18,0.802,8.0583,41.5,CRITICAL,F2,2,1,electrical_overcurrent,0.9,1,1,,,,,10,0
2026-08-19T17:52:42.234Z,1787161962234,FAN_DT_001_F2_S09_R01_20260819T174539,1,422.354,FAULT_ACTIVE,F2,0.9,FAN_DT_001,3.0,process-model-3.0.0-build3,3140,1,LIVE,SYNCHRONISED,AUTOMATIC,NORMAL,65,1950,1950,0,145,163,0.3,0.3,24.39227,39.68,1.536,1.495,0.0254,0,310.91,34.6743,0.00226,1,0.18,0.726,8.0791,41.5,CRITICAL,F2,2,1,electrical_overcurrent,0.9,1,1,,,,,10,0
2026-08-19T17:52:43.252Z,1787161963252,FAN_DT_001_F2_S09_R01_20260819T174539,1,423.372,FAULT_ACTIVE,F2,0.9,FAN_DT_001,3.0,process-model-3.0.0-build3,3141,1,LIVE,SYNCHRONISED,AUTOMATIC,NORMAL,65,1950,1950,0,145,163,0.3,0.3,24.40434,39.68,1.536,1.495,0.0254,0,310.91,34.7633,0.00202,1,0.18,0.651,8.0998,41.5,CRITICAL,F2,2,1,electrical_overcurrent,0.9,1,1,,,,,10,0
2026-08-19T17:52:44.286Z,1787161964286,FAN_DT_001_F2_S09_R01_20260819T174539,1,424.406,FAULT_ACTIVE,F2,0.9,FAN_DT_001,3.0,process-model-3.0.0-build3,3142,1,LIVE,SYNCHRONISED,AUTOMATIC,NORMAL,65,1950,1950,0,145,163,0.3,0.3,24.41675,39.68,1.536,1.495,0.0254,0,310.91,34.8524,0.0018,1,0.18,0.58,8.1206,41.5,CRITICAL,F2,2,1,electrical_overcurrent,0.9,1,1,,,,,10,0
2026-08-19T17:52:45.318Z,1787161965318,FAN_DT_001_F2_S09_R01_20260819T174539,1,425.438,FAULT_ACTIVE,F2,0.9,FAN_DT_001,3.0,process-model-3.0.0-build3,3143,1,LIVE,SYNCHRONISED,AUTOMATIC,NORMAL,65,1950,1950,0,145,163,0.3,0.3,24.42948,39.68,1.536,1.495,0.0254,0,310.91,34.9417,0.00156,1,0.18,0.502,8.1414,41.5,CRITICAL,F2,2,1,electrical_overcurrent,0.9,1,1,,,,,10,0
2026-08-19T17:52:46.353Z,1787161966353,FAN_DT_001_F2_S09_R01_20260819T174539,1,426.473,FAULT_ACTIVE,F2,0.9,FAN_DT_001,3.0,process-model-3.0.0-build3,3144,1,LIVE,SYNCHRONISED,AUTOMATIC,NORMAL,65,1950,1950,0,145,163,0.3,0.3,24.44243,39.68,1.536,1.495,0.0254,0,310.91,35.0304,0.00132,1,0.18,0.425,8.1621,41.5,CRITICAL,F2,2,1,electrical_overcurrent,0.9,1,1,,,,,10,0
2026-08-19T17:52:47.388Z,1787161967388,FAN_DT_001_F2_S09_R01_20260819T174539,1,427.509,FAULT_ACTIVE,F2,0.9,FAN_DT_001,3.0,process-model-3.0.0-build3,3145,1,LIVE,SYNCHRONISED,AUTOMATIC,NORMAL,65,1950,1950,0,145,163,0.3,0.3,24.45577,39.68,1.536,1.495,0.0254,0,310.91,35.1198,0.00106,1,0.18,0.341,8.1829,41.5,CRITICAL,F2,2,1,electrical_overcurrent,0.9,1,1,,,,,10,0
2026-08-19T17:52:48.416Z,1787161968416,FAN_DT_001_F2_S09_R01_20260819T174539,1,428.536,FAULT_ACTIVE,F2,0.9,FAN_DT_001,3.0,process-model-3.0.0-build3,3146,1,LIVE,SYNCHRONISED,AUTOMATIC,NORMAL,65,1950,1950,0,145,163,0.3,0.3,24.46929,39.67,1.536,1.495,0.0254,0,310.91,35.2085,0.00084,1,0.18,0.27,8.2036,41.5,CRITICAL,F2,2,1,electrical_overcurrent,0.9,1,1,,,,,10,0
2026-08-19T17:52:49.452Z,1787161969452,FAN_DT_001_F2_S09_R01_20260819T174539,1,429.572,FAULT_ACTIVE,F2,0.9,FAN_DT_001,3.0,process-model-3.0.0-build3,3147,1,LIVE,SYNCHRONISED,AUTOMATIC,NORMAL,65,1950,1950,0,145,163,0.3,0.3,24.48316,39.67,1.536,1.495,0.0254,0,310.91,35.2976,0.00061,1,0.18,0.195,8.2243,41.5,CRITICAL,F2,2,1,electrical_overcurrent,0.9,1,1,,,,,10,0
2026-08-19T17:52:50.492Z,1787161970492,FAN_DT_001_F2_S09_R01_20260819T174539,1,430.613,FAULT_ACTIVE,F2,0.9,FAN_DT_001,3.0,process-model-3.0.0-build3,3148,1,LIVE,SYNCHRONISED,AUTOMATIC,NORMAL,65,1950,1950,0,145,163,0.3,0.3,24.49732,39.67,1.536,1.495,0.0254,0,310.91,35.3869,0.00035,1,0.18,0.112,8.2452,41.5,CRITICAL,F2,2,1,electrical_overcurrent,0.9,1,1,,,,,10,0
2026-08-19T17:52:51.545Z,1787161971545,FAN_DT_001_F2_S09_R01_20260819T174539,1,431.667,FAULT_ACTIVE,F2,0.9,FAN_DT_001,3.0,process-model-3.0.0-build3,3149,1,LIVE,SYNCHRONISED,AUTOMATIC,NORMAL,65,1950,1950,0,145,163,0.3,0.3,24.5117,39.67,1.536,1.495,0.0254,0,310.91,35.4759,0.00012,1,0.18,0.038,8.2659,41.5,CRITICAL,F2,2,1,electrical_overcurrent,0.9,1,1,,,,,10,0
2026-08-19T17:52:52.551Z,1787161972551,FAN_DT_001_F2_S09_R01_20260819T174539,1,432.67,FAULT_ACTIVE,F2,0.9,FAN_DT_001,3.0,process-model-3.0.0-build3,3150,1,LIVE,SYNCHRONISED,AUTOMATIC,NORMAL,65,1950,1950,0,145,163,0.3,0.3,24.52643,39.67,1.536,1.495,0.0254,0,310.91,35.5654,-0.00012,1,0.18,0.039,8.2867,41.5,CRITICAL,F2,2,1,electrical_overcurrent,0.9,1,1,,,,,10,0
2026-08-19T17:52:53.637Z,1787161973637,FAN_DT_001_F2_S09_R01_20260819T174539,1,433.758,FAULT_ACTIVE,F2,0.9,FAN_DT_001,3.0,process-model-3.0.0-build3,3151,1,LIVE,SYNCHRONISED,AUTOMATIC,NORMAL,65,1950,1950,0,145,163,0.3,0.3,24.54133,39.67,1.536,1.495,0.0254,0,310.91,35.6545,-0.00038,1,0.18,0.121,8.3075,41.5,CRITICAL,F2,2,1,electrical_overcurrent,0.9,1,1,,,,,10,0
2026-08-19T17:52:54.625Z,1787161974625,FAN_DT_001_F2_S09_R01_20260819T174539,1,434.745,FAULT_ACTIVE,F2,0.9,FAN_DT_001,3.0,process-model-3.0.0-build3,3152,1,LIVE,SYNCHRONISED,AUTOMATIC,NORMAL,65,1950,1950,0,145,163,0.3,0.3,24.55654,39.67,1.536,1.495,0.0254,0,310.91,35.744,-0.00064,1,0.18,0.205,8.3283,41.5,CRITICAL,F2,2,1,electrical_overcurrent,0.9,1,1,,,,,10,0
2026-08-19T17:52:55.653Z,1787161975653,FAN_DT_001_F2_S09_R01_20260819T174539,1,435.773,FAULT_ACTIVE,F2,0.9,FAN_DT_001,3.0,process-model-3.0.0-build3,3153,1,LIVE,SYNCHRONISED,AUTOMATIC,NORMAL,65,1950,1950,0,145,163,0.3,0.3,24.57189,39.67,1.536,1.495,0.0254,0,310.91,35.8329,-0.00087,1,0.18,0.279,8.3491,41.5,CRITICAL,F2,2,1,electrical_overcurrent,0.9,1,1,,,,,10,0
2026-08-19T17:52:56.692Z,1787161976692,FAN_DT_001_F2_S09_R01_20260819T174539,1,436.813,FAULT_ACTIVE,F2,0.9,FAN_DT_001,3.0,process-model-3.0.0-build3,3154,1,LIVE,SYNCHRONISED,AUTOMATIC,NORMAL,65,1950,1950,0,145,163,0.3,0.3,24.58749,39.68,1.536,1.495,0.0254,0,310.91,35.922,-0.0011,1,0.18,0.355,8.3698,41.5,CRITICAL,F2,2,1,electrical_overcurrent,0.9,1,1,,,,,10,0
2026-08-19T17:52:57.722Z,1787161977722,FAN_DT_001_F2_S09_R01_20260819T174539,1,437.843,FAULT_ACTIVE,F2,0.9,FAN_DT_001,3.0,process-model-3.0.0-build3,3155,1,LIVE,SYNCHRONISED,AUTOMATIC,NORMAL,65,1950,1950,0,145,163,0.3,0.3,24.60334,39.68,1.536,1.495,0.0254,0,310.91,36.0113,-0.00133,1,0.18,0.428,8.3906,41.5,CRITICAL,F2,2,1,electrical_overcurrent,0.9,1,1,,,,,10,0
2026-08-19T17:52:58.758Z,1787161978758,FAN_DT_001_F2_S09_R01_20260819T174539,1,438.878,FAULT_ACTIVE,F2,0.9,FAN_DT_001,3.0,process-model-3.0.0-build3,3156,1,LIVE,SYNCHRONISED,AUTOMATIC,NORMAL,65,1950,1950,0,145,163,0.3,0.3,24.61941,39.68,1.536,1.495,0.0254,0,310.91,36.1006,-0.00159,1,0.18,0.511,8.4114,41.5,CRITICAL,F2,2,1,electrical_overcurrent,0.9,1,1,,,,,10,0
2026-08-19T17:52:59.822Z,1787161979822,FAN_DT_001_F2_S09_R01_20260819T174539,1,439.943,FAULT_ACTIVE,F2,0.9,FAN_DT_001,3.0,process-model-3.0.0-build3,3157,1,LIVE,SYNCHRONISED,AUTOMATIC,NORMAL,65,1950,1950,0,145,163,0.3,0.3,24.63568,39.68,1.536,1.495,0.0254,0,310.91,36.1899,-0.00184,1,0.18,0.591,8.4322,41.5,CRITICAL,F2,2,1,electrical_overcurrent,0.9,1,1,,,,,10,0
2026-08-19T17:53:00.834Z,1787161980834,FAN_DT_001_F2_S09_R01_20260819T174539,1,440.955,FAULT_ACTIVE,F2,0.9,FAN_DT_001,3.0,process-model-3.0.0-build3,3158,1,LIVE,SYNCHRONISED,AUTOMATIC,NORMAL,65,1950,1950,0,145,163,0.3,0.3,24.65203,39.68,1.536,1.495,0.0254,0,310.91,36.2786,-0.00206,1,0.18,0.662,8.4529,41.5,CRITICAL,F2,2,1,electrical_overcurrent,0.9,1,1,,,,,10,0
2026-08-19T17:53:01.855Z,1787161981855,FAN_DT_001_F2_S09_R01_20260819T174539,1,441.976,FAULT_ACTIVE,F2,0.9,FAN_DT_001,3.0,process-model-3.0.0-build3,3159,1,LIVE,SYNCHRONISED,AUTOMATIC,NORMAL,65,1950,1950,0,145,163,0.3,0.3,24.66862,39.68,1.536,1.495,0.0254,0,310.91,36.3676,-0.00231,1,0.18,0.744,8.4737,41.5,CRITICAL,F2,2,1,electrical_overcurrent,0.9,1,1,,,,,10,0
2026-08-19T17:53:02.933Z,1787161982933,FAN_DT_001_F2_S09_R01_20260819T174539,1,443.053,FAULT_ACTIVE,F2,0.9,FAN_DT_001,3.0,process-model-3.0.0-build3,3160,1,LIVE,SYNCHRONISED,AUTOMATIC,NORMAL,65,1950,1950,0,145,163,0.3,0.3,24.6854,39.69,1.536,1.495,0.0254,0,310.91,36.4567,-0.00254,1,0.18,0.818,8.4944,41.5,CRITICAL,F2,2,1,electrical_overcurrent,0.9,1,1,,,,,10,0
2026-08-19T17:53:03.945Z,1787161983945,FAN_DT_001_F2_S09_R01_20260819T174539,1,444.065,FAULT_ACTIVE,F2,0.9,FAN_DT_001,3.0,process-model-3.0.0-build3,3161,1,LIVE,SYNCHRONISED,AUTOMATIC,NORMAL,65,1950,1950,0,145,163,0.3,0.3,24.70242,39.69,1.536,1.495,0.0254,0,310.91,36.5462,-0.00279,1,0.18,0.896,8.5153,41.5,CRITICAL,F2,2,1,electrical_overcurrent,0.9,1,1,,,,,10,0
2026-08-19T17:53:04.968Z,1787161984968,FAN_DT_001_F2_S09_R01_20260819T174539,1,445.089,FAULT_ACTIVE,F2,0.9,FAN_DT_001,3.0,process-model-3.0.0-build3,3162,1,LIVE,SYNCHRONISED,AUTOMATIC,NORMAL,65,1950,1950,0,145,163,0.3,0.3,24.71956,39.69,1.536,1.495,0.0254,0,310.91,36.6355,-0.00302,1,0.18,0.972,8.5361,41.5,CRITICAL,F2,2,1,electrical_overcurrent,0.9,1,1,,,,,10,0
2026-08-19T17:53:05.992Z,1787161985992,FAN_DT_001_F2_S09_R01_20260819T174539,1,446.112,FAULT_ACTIVE,F2,0.9,FAN_DT_001,3.0,process-model-3.0.0-build3,3163,1,LIVE,SYNCHRONISED,AUTOMATIC,NORMAL,65,1950,1950,0,145,163,0.3,0.3,24.73677,39.7,1.536,1.495,0.0254,0,310.91,36.7244,-0.00324,1,0.18,1.041,8.5568,41.5,CRITICAL,F2,2,1,electrical_overcurrent,0.9,1,1,,,,,10,0
2026-08-19T17:53:07.033Z,1787161987033,FAN_DT_001_F2_S09_R01_20260819T174539,1,447.153,FAULT_ACTIVE,F2,0.9,FAN_DT_001,3.0,process-model-3.0.0-build3,3164,1,LIVE,SYNCHRONISED,AUTOMATIC,NORMAL,65,1950,1950,0,145,163,0.3,0.3,24.75416,39.7,1.536,1.495,0.0254,0,310.91,36.8135,-0.00346,1,0.18,1.114,8.5775,41.5,CRITICAL,F2,2,1,electrical_overcurrent,0.9,1,1,,,,,10,0
2026-08-19T17:53:08.068Z,1787161988068,FAN_DT_001_F2_S09_R01_20260819T174539,1,448.189,FAULT_ACTIVE,F2,0.9,FAN_DT_001,3.0,process-model-3.0.0-build3,3165,1,LIVE,SYNCHRONISED,AUTOMATIC,NORMAL,65,1950,1950,0,145,163,0.3,0.3,24.77169,39.7,1.536,1.495,0.0254,0,310.91,36.9027,-0.00369,1,0.18,1.188,8.5983,41.5,CRITICAL,F2,2,1,electrical_overcurrent,0.9,1,1,,,,,10,0
2026-08-19T17:53:09.096Z,1787161989096,FAN_DT_001_F2_S09_R01_20260819T174539,1,449.216,FAULT_ACTIVE,F2,0.9,FAN_DT_001,3.0,process-model-3.0.0-build3,3166,1,LIVE,SYNCHRONISED,AUTOMATIC,NORMAL,65,1950,1950,0,145,163,0.3,0.3,24.78937,39.71,1.536,1.495,0.0254,0,310.91,36.992,-0.00393,1,0.18,1.265,8.6191,41.5,CRITICAL,F2,2,1,electrical_overcurrent,0.9,1,1,,,,,10,0
2026-08-19T17:53:10.137Z,1787161990137,FAN_DT_001_F2_S09_R01_20260819T174539,1,450.258,FAULT_ACTIVE,F2,0.9,FAN_DT_001,3.0,process-model-3.0.0-build3,3167,1,LIVE,SYNCHRONISED,AUTOMATIC,NORMAL,65,1950,1950,0,145,163,0.3,0.3,24.80709,39.71,1.536,1.495,0.0254,0,310.91,37.081,-0.00416,1,0.18,1.338,8.6399,41.5,CRITICAL,F2,2,1,electrical_overcurrent,0.9,1,1,,,,,10,0
2026-08-19T17:53:11.171Z,1787161991171,FAN_DT_001_F2_S09_R01_20260819T174539,1,451.292,FAULT_ACTIVE,F2,0.9,FAN_DT_001,3.0,process-model-3.0.0-build3,3168,1,LIVE,SYNCHRONISED,AUTOMATIC,NORMAL,65,1950,1950,0,145,163,0.3,0.3,24.82498,39.72,1.536,1.495,0.0254,0,310.91,37.1703,-0.00436,1,0.18,1.402,8.6607,41.5,CRITICAL,F2,2,1,electrical_overcurrent,0.9,1,1,,,,,10,0
2026-08-19T17:53:12.197Z,1787161992197,FAN_DT_001_F2_S09_R01_20260819T174539,1,452.318,FAULT_ACTIVE,F2,0.9,FAN_DT_001,3.0,process-model-3.0.0-build3,3169,1,LIVE,SYNCHRONISED,AUTOMATIC,NORMAL,65,1950,1950,0,145,163,0.3,0.3,24.84293,39.72,1.536,1.495,0.0254,0,310.91,37.2594,-0.00458,1,0.18,1.474,8.6814,41.5,CRITICAL,F2,2,1,electrical_overcurrent,0.9,1,1,,,,,10,0
2026-08-19T17:53:13.234Z,1787161993234,FAN_DT_001_F2_S09_R01_20260819T174539,1,453.355,FAULT_ACTIVE,F2,0.9,FAN_DT_001,3.0,process-model-3.0.0-build3,3170,1,LIVE,SYNCHRONISED,AUTOMATIC,NORMAL,65,1950,1950,0,145,163,0.3,0.3,24.86092,39.73,1.536,1.495,0.0254,0,310.91,37.3484,-0.00483,1,0.18,1.552,8.7022,41.5,CRITICAL,F2,2,1,electrical_overcurrent,0.9,1,1,,,,,10,0
2026-08-19T17:53:14.274Z,1787161994274,FAN_DT_001_F2_S09_R01_20260819T174539,1,454.395,FAULT_ACTIVE,F2,0.9,FAN_DT_001,3.0,process-model-3.0.0-build3,3171,1,LIVE,SYNCHRONISED,AUTOMATIC,NORMAL,65,1950,1950,0,145,163,0.3,0.3,24.87908,39.73,1.536,1.495,0.0254,0,310.91,37.4378,-0.00504,1,0.18,1.62,8.723,41.5,CRITICAL,F2,2,1,electrical_overcurrent,0.9,1,1,,,,,10,0
2026-08-19T17:53:15.299Z,1787161995299,FAN_DT_001_F2_S09_R01_20260819T174539,1,455.419,FAULT_ACTIVE,F2,0.9,FAN_DT_001,3.0,process-model-3.0.0-build3,3172,1,LIVE,SYNCHRONISED,AUTOMATIC,NORMAL,65,1950,1950,0,145,163,0.3,0.3,24.89723,39.74,1.536,1.495,0.0254,0,310.91,37.5268,-0.00524,1,0.18,1.685,8.7437,41.5,CRITICAL,F2,2,1,electrical_overcurrent,0.9,1,1,,,,,10,0
2026-08-19T17:53:16.395Z,1787161996395,FAN_DT_001_F2_S09_R01_20260819T174539,1,456.517,FAULT_ACTIVE,F2,0.9,FAN_DT_001,3.0,process-model-3.0.0-build3,3173,1,LIVE,SYNCHRONISED,AUTOMATIC,NORMAL,65,1950,1950,0,145,163,0.3,0.3,24.91541,39.74,1.536,1.495,0.0254,0,310.91,37.6157,-0.00545,1,0.18,1.751,8.7645,41.5,CRITICAL,F2,2,1,electrical_overcurrent,0.9,1,1,,,,,10,0
2026-08-19T17:53:17.370Z,1787161997370,FAN_DT_001_F2_S09_R01_20260819T174539,1,457.49,FAULT_ACTIVE,F2,0.9,FAN_DT_001,3.0,process-model-3.0.0-build3,3174,1,LIVE,SYNCHRONISED,AUTOMATIC,NORMAL,65,1950,1950,0,145,163,0.3,0.3,24.93369,39.75,1.536,1.495,0.0254,0,310.91,37.705,-0.00566,1,0.18,1.821,8.7853,41.5,CRITICAL,F2,2,1,electrical_overcurrent,0.9,1,1,,,,,10,0
2026-08-19T17:53:18.401Z,1787161998401,FAN_DT_001_F2_S09_R01_20260819T174539,1,458.521,FAULT_ACTIVE,F2,0.9,FAN_DT_001,3.0,process-model-3.0.0-build3,3175,1,LIVE,SYNCHRONISED,AUTOMATIC,NORMAL,65,1950,1950,0,145,163,0.3,0.3,24.95204,39.75,1.536,1.495,0.0254,0,310.91,37.7944,-0.00587,1,0.18,1.889,8.8061,41.5,CRITICAL,F2,2,1,electrical_overcurrent,0.9,1,1,,,,,10,0
2026-08-19T17:53:19.437Z,1787161999437,FAN_DT_001_F2_S09_R01_20260819T174539,1,459.558,FAULT_ACTIVE,F2,0.9,FAN_DT_001,3.0,process-model-3.0.0-build3,3176,1,LIVE,SYNCHRONISED,AUTOMATIC,NORMAL,65,1950,1950,0,145,163,0.3,0.3,24.97037,39.76,1.536,1.495,0.0254,0,310.91,37.8835,-0.00607,1,0.18,1.952,8.8269,41.5,CRITICAL,F2,2,1,electrical_overcurrent,0.9,1,1,,,,,10,0
2026-08-19T17:53:20.475Z,1787162000475,FAN_DT_001_F2_S09_R01_20260819T174539,1,460.595,FAULT_ACTIVE,F2,0.9,FAN_DT_001,3.0,process-model-3.0.0-build3,3177,1,LIVE,SYNCHRONISED,AUTOMATIC,NORMAL,65,1950,1950,0,145,163,0.3,0.3,24.98873,39.77,1.536,1.495,0.0254,0,310.91,37.9727,-0.00626,1,0.18,2.013,8.8476,41.5,CRITICAL,F2,2,1,electrical_overcurrent,0.9,1,1,,,,,10,0
2026-08-19T17:53:21.534Z,1787162001534,FAN_DT_001_F2_S09_R01_20260819T174539,1,461.655,FAULT_ACTIVE,F2,0.9,FAN_DT_001,3.0,process-model-3.0.0-build3,3178,1,LIVE,SYNCHRONISED,AUTOMATIC,NORMAL,65,1950,1950,0,145,163,0.3,0.3,25.00717,39.77,1.536,1.495,0.0254,0,310.91,38.0623,-0.00645,1,0.18,2.074,8.8685,41.5,CRITICAL,F2,2,1,electrical_overcurrent,0.9,1,1,,,,,10,0
2026-08-19T17:53:22.541Z,1787162002541,FAN_DT_001_F2_S09_R01_20260819T174539,1,462.662,FAULT_ACTIVE,F2,0.9,FAN_DT_001,3.0,process-model-3.0.0-build3,3179,1,LIVE,SYNCHRONISED,AUTOMATIC,NORMAL,65,1950,1950,0,145,163,0.3,0.3,25.02545,39.78,1.536,1.495,0.0254,0,310.91,38.1511,-0.00665,1,0.18,2.138,8.8892,41.5,CRITICAL,F2,2,1,electrical_overcurrent,0.9,1,1,,,,,10,0
2026-08-19T17:53:23.597Z,1787162003597,FAN_DT_001_F2_S09_R01_20260819T174539,1,463.717,FAULT_ACTIVE,F2,0.9,FAN_DT_001,3.0,process-model-3.0.0-build3,3180,1,LIVE,SYNCHRONISED,AUTOMATIC,NORMAL,65,1950,1950,0,145,163,0.3,0.3,25.04378,39.79,1.536,1.495,0.0254,0,310.91,38.2403,-0.00685,1,0.18,2.203,8.91,41.5,CRITICAL,F2,2,1,electrical_overcurrent,0.9,1,1,,,,,10,0
2026-08-19T17:53:24.606Z,1787162004606,FAN_DT_001_F2_S09_R01_20260819T174539,1,464.727,FAULT_ACTIVE,F2,0.9,FAN_DT_001,3.0,process-model-3.0.0-build3,3181,1,LIVE,SYNCHRONISED,AUTOMATIC,NORMAL,65,1950,1950,0,145,163,0.3,0.3,25.06211,39.79,1.536,1.495,0.0254,0,310.91,38.3295,-0.00702,1,0.18,2.258,8.9308,41.5,CRITICAL,F2,2,1,electrical_overcurrent,0.9,1,1,,,,,10,0
2026-08-19T17:53:25.646Z,1787162005646,FAN_DT_001_F2_S09_R01_20260819T174539,1,465.766,FAULT_ACTIVE,F2,0.9,FAN_DT_001,3.0,process-model-3.0.0-build3,3182,1,LIVE,SYNCHRONISED,AUTOMATIC,NORMAL,65,1950,1950,0,145,163,0.3,0.3,25.08036,39.8,1.536,1.495,0.0254,0,310.91,38.4185,-0.0072,1,0.18,2.315,8.9515,41.5,CRITICAL,F2,2,1,electrical_overcurrent,0.9,1,1,,,,,10,0
2026-08-19T17:53:26.680Z,1787162006680,FAN_DT_001_F2_S09_R01_20260819T174539,1,466.8,FAULT_ACTIVE,F2,0.9,FAN_DT_001,3.0,process-model-3.0.0-build3,3183,1,LIVE,SYNCHRONISED,AUTOMATIC,NORMAL,65,1950,1950,0,145,163,0.3,0.3,25.09864,39.81,1.536,1.495,0.0254,0,310.91,38.5079,-0.00739,1,0.18,2.376,8.9723,41.5,CRITICAL,F2,2,1,electrical_overcurrent,0.9,1,1,,,,,10,0
2026-08-19T17:53:27.713Z,1787162007713,FAN_DT_001_F2_S09_R01_20260819T174539,1,467.833,FAULT_ACTIVE,F2,0.9,FAN_DT_001,3.0,process-model-3.0.0-build3,3184,1,LIVE,SYNCHRONISED,AUTOMATIC,NORMAL,65,1950,1950,0,145,163,0.3,0.3,25.11688,39.82,1.536,1.495,0.0254,0,310.91,38.5973,-0.00754,1,0.18,2.425,8.9932,41.5,CRITICAL,F2,2,1,electrical_overcurrent,0.9,1,1,,,,,10,0
2026-08-19T17:53:28.751Z,1787162008751,FAN_DT_001_F2_S09_R01_20260819T174539,1,468.872,FAULT_ACTIVE,F2,0.9,FAN_DT_001,3.0,process-model-3.0.0-build3,3185,1,LIVE,SYNCHRONISED,AUTOMATIC,NORMAL,65,1950,1950,0,145,163,0.3,0.3,25.13496,39.82,1.536,1.495,0.0254,0,310.91,38.6863,-0.00772,1,0.18,2.482,9.0139,41.5,CRITICAL,F2,2,1,electrical_overcurrent,0.9,1,1,,,,,10,0
2026-08-19T17:53:29.785Z,1787162009785,FAN_DT_001_F2_S09_R01_20260819T174539,1,469.905,FAULT_ACTIVE,F2,0.9,FAN_DT_001,3.0,process-model-3.0.0-build3,3186,1,LIVE,SYNCHRONISED,AUTOMATIC,NORMAL,65,1950,1950,0,145,163,0.3,0.3,25.15306,39.83,1.536,1.495,0.0254,0,310.91,38.7756,-0.0079,1,0.18,2.542,9.0347,41.5,CRITICAL,F2,2,1,electrical_overcurrent,0.9,1,1,,,,,10,0
2026-08-19T17:53:30.859Z,1787162010859,FAN_DT_001_F2_S09_R01_20260819T174539,1,470.979,FAULT_ACTIVE,F2,0.9,FAN_DT_001,3.0,process-model-3.0.0-build3,3187,1,LIVE,SYNCHRONISED,AUTOMATIC,NORMAL,65,1950,1950,0,145,163,0.3,0.3,25.17099,39.84,1.536,1.495,0.0254,0,310.91,38.8646,-0.00804,1,0.18,2.587,9.0554,41.5,CRITICAL,F2,2,1,electrical_overcurrent,0.9,1,1,,,,,10,0
2026-08-19T17:53:31.858Z,1787162011858,FAN_DT_001_F2_S09_R01_20260819T174539,1,471.979,FAULT_ACTIVE,F2,0.9,FAN_DT_001,3.0,process-model-3.0.0-build3,3188,1,LIVE,SYNCHRONISED,AUTOMATIC,NORMAL,65,1950,1950,0,145,163,0.3,0.3,25.18887,39.85,1.536,1.495,0.0254,0,310.91,38.9537,-0.00821,1,0.18,2.64,9.0762,41.5,CRITICAL,F2,2,1,electrical_overcurrent,0.9,1,1,,,,,10,0
2026-08-19T17:53:32.892Z,1787162012892,FAN_DT_001_F2_S09_R01_20260819T174539,1,473.012,FAULT_ACTIVE,F2,0.9,FAN_DT_001,3.0,process-model-3.0.0-build3,3189,1,LIVE,SYNCHRONISED,AUTOMATIC,NORMAL,65,1950,1950,0,145,163,0.3,0.3,25.20669,39.86,1.536,1.495,0.0254,0,310.91,39.0431,-0.00836,1,0.18,2.688,9.097,41.5,CRITICAL,F2,2,1,electrical_overcurrent,0.9,1,1,,,,,10,0
2026-08-19T17:53:33.918Z,1787162013918,FAN_DT_001_F2_S09_R01_20260819T174539,1,474.038,FAULT_ACTIVE,F2,0.9,FAN_DT_001,3.0,process-model-3.0.0-build3,3190,1,LIVE,SYNCHRONISED,AUTOMATIC,NORMAL,65,1950,1950,0,145,163,0.3,0.3,25.22438,39.87,1.536,1.495,0.0254,0,310.91,39.1323,-0.00851,1,0.18,2.736,9.1178,41.5,CRITICAL,F2,2,1,electrical_overcurrent,0.9,1,1,,,,,10,0
2026-08-19T17:53:34.959Z,1787162014959,FAN_DT_001_F2_S09_R01_20260819T174539,1,475.08,FAULT_ACTIVE,F2,0.9,FAN_DT_001,3.0,process-model-3.0.0-build3,3191,1,LIVE,SYNCHRONISED,AUTOMATIC,NORMAL,65,1950,1950,0,145,163,0.3,0.3,25.24193,39.88,1.536,1.495,0.0254,0,310.91,39.2214,-0.00864,1,0.18,2.779,9.1386,41.5,CRITICAL,F2,2,1,electrical_overcurrent,0.9,1,1,,,,,10,0
2026-08-19T17:53:35.994Z,1787162015994,FAN_DT_001_F2_S09_R01_20260819T174539,1,476.114,FAULT_ACTIVE,F2,0.9,FAN_DT_001,3.0,process-model-3.0.0-build3,3192,1,LIVE,SYNCHRONISED,AUTOMATIC,NORMAL,65,1950,1950,0,145,163,0.3,0.3,25.2594,39.88,1.536,1.495,0.0254,0,310.91,39.3108,-0.00879,1,0.18,2.828,9.1594,41.5,CRITICAL,F2,2,1,electrical_overcurrent,0.9,1,1,,,,,10,0
2026-08-19T17:53:37.029Z,1787162017029,FAN_DT_001_F2_S09_R01_20260819T174539,1,477.149,FAULT_ACTIVE,F2,0.9,FAN_DT_001,3.0,process-model-3.0.0-build3,3193,1,LIVE,SYNCHRONISED,AUTOMATIC,NORMAL,65,1950,1950,0,145,163,0.3,0.3,25.27674,39.89,1.536,1.495,0.0254,0,310.91,39.4002,-0.00893,1,0.18,2.873,9.1803,41.5,CRITICAL,F2,2,1,electrical_overcurrent,0.9,1,1,,,,,10,0
2026-08-19T17:53:38.064Z,1787162018064,FAN_DT_001_F2_S09_R01_20260819T174539,1,478.185,FAULT_ACTIVE,F2,0.9,FAN_DT_001,3.0,process-model-3.0.0-build3,3194,1,LIVE,SYNCHRONISED,AUTOMATIC,NORMAL,65,1950,1950,0,145,163,0.3,0.3,25.29393,39.9,1.536,1.495,0.0254,0,310.91,39.4896,-0.00905,1,0.18,2.91,9.2011,41.5,CRITICAL,F2,2,1,electrical_overcurrent,0.9,1,1,,,,,10,0
2026-08-19T17:53:39.103Z,1787162019103,FAN_DT_001_F2_S09_R01_20260819T174539,1,479.223,FAULT_ACTIVE,F2,0.9,FAN_DT_001,3.0,process-model-3.0.0-build3,3195,1,LIVE,SYNCHRONISED,AUTOMATIC,NORMAL,65,1950,1950,0,145,163,0.3,0.3,25.31093,39.91,1.536,1.495,0.0254,0,310.91,39.5788,-0.00919,1,0.18,2.956,9.2219,41.5,CRITICAL,F2,2,1,electrical_overcurrent,0.9,1,1,,,,,10,0
2026-08-19T17:53:40.136Z,1787162020136,FAN_DT_001_F2_S09_R01_20260819T174539,1,480.256,FAULT_ACTIVE,F2,0.9,FAN_DT_001,3.0,process-model-3.0.0-build3,3196,1,LIVE,SYNCHRONISED,AUTOMATIC,NORMAL,65,1950,1950,0,145,163,0.3,0.3,25.32778,39.92,1.536,1.495,0.0254,0,310.91,39.6681,-0.00931,1,0.18,2.995,9.2427,41.5,CRITICAL,F2,2,1,electrical_overcurrent,0.9,1,1,,,,,10,0
2026-08-19T17:53:41.179Z,1787162021179,FAN_DT_001_F2_S09_R01_20260819T174539,1,481.301,FAULT_ACTIVE,F2,0.9,FAN_DT_001,3.0,process-model-3.0.0-build3,3197,1,LIVE,SYNCHRONISED,AUTOMATIC,NORMAL,65,1950,1950,0,145,163,0.3,0.3,25.34444,39.93,1.536,1.495,0.0254,0,310.91,39.7573,-0.00943,1,0.18,3.033,9.2635,41.5,CRITICAL,F2,2,1,electrical_overcurrent,0.9,1,1,,,,,10,0
2026-08-19T17:53:42.234Z,1787162022234,FAN_DT_001_F2_S09_R01_20260819T174539,1,482.354,FAULT_ACTIVE,F2,0.9,FAN_DT_001,3.0,process-model-3.0.0-build3,3198,1,LIVE,SYNCHRONISED,AUTOMATIC,NORMAL,65,1950,1950,0,145,163,0.3,0.3,25.36091,39.94,1.536,1.495,0.0254,0,310.91,39.8465,-0.00954,1,0.18,3.067,9.2842,41.5,CRITICAL,F2,2,1,electrical_overcurrent,0.9,1,1,,,,,10,0
2026-08-19T17:53:43.243Z,1787162023243,FAN_DT_001_F2_S09_R01_20260819T174539,1,483.362,FAULT_ACTIVE,F2,0.9,FAN_DT_001,3.0,process-model-3.0.0-build3,3199,1,LIVE,SYNCHRONISED,AUTOMATIC,NORMAL,65,1950,1950,0,145,163,0.3,0.3,25.37719,39.95,1.536,1.495,0.0254,0,310.91,39.9356,-0.00962,1,0.18,3.096,9.305,41.5,CRITICAL,F2,2,1,electrical_overcurrent,0.9,1,1,,,,,10,0
2026-08-19T17:53:44.274Z,1787162024274,FAN_DT_001_F2_S09_R01_20260819T174539,1,484.394,FAULT_ACTIVE,F2,0.9,FAN_DT_001,3.0,process-model-3.0.0-build3,3200,1,LIVE,SYNCHRONISED,AUTOMATIC,NORMAL,65,1950,1950,0,145,163,0.3,0.3,25.39328,39.96,1.536,1.495,0.0254,0,310.91,40.0248,-0.00972,1,0.18,3.126,9.3258,41.5,CRITICAL,F2,2,1,electrical_overcurrent,0.9,1,1,,,,,10,0
2026-08-19T17:53:45.300Z,1787162025300,FAN_DT_001_F2_S09_R01_20260819T174539,1,485.421,FAULT_ACTIVE,F2,0.9,FAN_DT_001,3.0,process-model-3.0.0-build3,3201,1,LIVE,SYNCHRONISED,AUTOMATIC,NORMAL,65,1950,1950,0,145,163,0.3,0.3,25.40924,39.97,1.536,1.495,0.0254,0,310.91,40.1144,-0.00983,1,0.18,3.16,9.3467,41.5,CRITICAL,F2,2,1,electrical_overcurrent,0.9,1,1,,,,,10,0
2026-08-19T17:53:46.335Z,1787162026335,FAN_DT_001_F2_S09_R01_20260819T174539,1,486.455,FAULT_ACTIVE,F2,0.9,FAN_DT_001,3.0,process-model-3.0.0-build3,3202,1,LIVE,SYNCHRONISED,AUTOMATIC,NORMAL,65,1950,1950,0,145,163,0.3,0.3,25.42477,39.98,1.536,1.495,0.0254,0,310.91,40.2028,-0.00991,1,0.18,3.188,9.3673,41.5,CRITICAL,F2,2,1,electrical_overcurrent,0.9,1,1,,,,,10,0
2026-08-19T17:53:47.372Z,1787162027372,FAN_DT_001_F2_S09_R01_20260819T174539,1,487.493,FAULT_ACTIVE,F2,0.9,FAN_DT_001,3.0,process-model-3.0.0-build3,3203,1,LIVE,SYNCHRONISED,AUTOMATIC,NORMAL,65,1950,1950,0,145,163,0.3,0.3,25.4402,39.99,1.536,1.495,0.0254,0,310.91,40.2919,-0.01002,1,0.18,3.222,9.388,41.5,CRITICAL,F2,2,1,electrical_overcurrent,0.9,1,1,,,,,10,0
2026-08-19T17:53:48.409Z,1787162028409,FAN_DT_001_F2_S09_R01_20260819T174539,1,488.529,FAULT_ACTIVE,F2,0.9,FAN_DT_001,3.0,process-model-3.0.0-build3,3204,1,LIVE,SYNCHRONISED,AUTOMATIC,NORMAL,65,1950,1950,0,145,163,0.3,0.3,25.45546,40,1.536,1.495,0.0254,0,310.91,40.3814,-0.01008,1,0.18,3.243,9.4089,41.5,CRITICAL,F2,2,1,electrical_overcurrent,0.9,1,1,,,,,10,0
2026-08-19T17:53:49.440Z,1787162029440,FAN_DT_001_F2_S09_R01_20260819T174539,1,489.561,FAULT_ACTIVE,F2,0.9,FAN_DT_001,3.0,process-model-3.0.0-build3,3205,1,LIVE,SYNCHRONISED,AUTOMATIC,NORMAL,65,1950,1950,0,145,163,0.3,0.3,25.47045,40.01,1.536,1.495,0.0254,0,310.91,40.4707,-0.01015,1,0.18,3.266,9.4297,41.5,CRITICAL,F2,2,1,electrical_overcurrent,0.9,1,1,,,,,10,0
2026-08-19T17:53:50.477Z,1787162030477,FAN_DT_001_F2_S09_R01_20260819T174539,1,490.599,FAULT_ACTIVE,F2,0.9,FAN_DT_001,3.0,process-model-3.0.0-build3,3206,1,LIVE,SYNCHRONISED,AUTOMATIC,NORMAL,65,1950,1950,0,145,163,0.3,0.3,25.48514,40.02,1.536,1.495,0.0254,0,310.91,40.5597,-0.01023,1,0.18,3.29,9.4504,41.5,CRITICAL,F2,2,1,electrical_overcurrent,0.9,1,1,,,,,10,0
2026-08-19T17:53:51.540Z,1787162031540,FAN_DT_001_F2_S09_R01_20260819T174539,1,491.66,FAULT_ACTIVE,F2,0.9,FAN_DT_001,3.0,process-model-3.0.0-build3,3207,1,LIVE,SYNCHRONISED,AUTOMATIC,NORMAL,65,1950,1950,0,145,163,0.3,0.3,25.49962,40.03,1.536,1.495,0.0254,0,310.91,40.649,-0.01029,1,0.18,3.311,9.4712,41.5,CRITICAL,F2,2,1,electrical_overcurrent,0.9,1,1,,,,,10,0
2026-08-19T17:53:52.544Z,1787162032544,FAN_DT_001_F2_S09_R01_20260819T174539,1,492.664,FAULT_ACTIVE,F2,0.9,FAN_DT_001,3.0,process-model-3.0.0-build3,3208,1,LIVE,SYNCHRONISED,AUTOMATIC,NORMAL,65,1950,1950,0,145,163,0.3,0.3,25.51383,40.04,1.536,1.495,0.0254,0,310.91,40.7382,-0.01036,1,0.18,3.333,9.492,41.5,CRITICAL,F2,2,1,electrical_overcurrent,0.9,1,1,,,,,10,0
2026-08-19T17:53:53.579Z,1787162033579,FAN_DT_001_F2_S09_R01_20260819T174539,1,493.699,FAULT_ACTIVE,F2,0.9,FAN_DT_001,3.0,process-model-3.0.0-build3,3209,1,LIVE,SYNCHRONISED,AUTOMATIC,NORMAL,65,1950,1950,0,145,163,0.3,0.3,25.52771,40.06,1.536,1.495,0.0254,0,310.91,40.827,-0.0104,1,0.18,3.344,9.5127,41.5,CRITICAL,F2,2,1,electrical_overcurrent,0.9,1,1,,,,,10,0
2026-08-19T17:53:54.620Z,1787162034620,FAN_DT_001_F2_S09_R01_20260819T174539,1,494.741,FAULT_ACTIVE,F2,0.9,FAN_DT_001,3.0,process-model-3.0.0-build3,3210,1,LIVE,SYNCHRONISED,AUTOMATIC,NORMAL,65,1950,1950,0,145,163,0.3,0.3,25.54142,40.07,1.536,1.495,0.0254,0,310.91,40.9165,-0.01045,1,0.18,3.362,9.5335,41.5,CRITICAL,F2,2,1,electrical_overcurrent,0.9,1,1,,,,,10,0
2026-08-19T17:53:55.652Z,1787162035652,FAN_DT_001_F2_S09_R01_20260819T174539,1,495.772,FAULT_ACTIVE,F2,0.9,FAN_DT_001,3.0,process-model-3.0.0-build3,3211,1,LIVE,SYNCHRONISED,AUTOMATIC,NORMAL,65,1950,1950,0,145,163,0.3,0.3,25.55482,40.08,1.536,1.495,0.0254,0,310.91,41.0059,-0.01051,1,0.18,3.379,9.5544,41.5,CRITICAL,F2,2,1,electrical_overcurrent,0.9,1,1,,,,,10,0
2026-08-19T17:53:56.726Z,1787162036726,FAN_DT_001_F2_S09_R01_20260819T174539,1,496.846,FAULT_ACTIVE,F2,0.9,FAN_DT_001,3.0,process-model-3.0.0-build3,3212,1,LIVE,SYNCHRONISED,AUTOMATIC,NORMAL,65,1950,1950,0,145,163,0.3,0.3,25.56787,40.09,1.536,1.495,0.0254,0,310.91,41.0949,-0.01052,1,0.18,3.383,9.5751,41.5,CRITICAL,F2,2,1,electrical_overcurrent,0.9,1,1,,,,,10,0
2026-08-19T17:53:57.722Z,1787162037722,FAN_DT_001_F2_S09_R01_20260819T174539,1,497.842,FAULT_ACTIVE,F2,0.9,FAN_DT_001,3.0,process-model-3.0.0-build3,3213,1,LIVE,SYNCHRONISED,AUTOMATIC,NORMAL,65,1950,1950,0,145,163,0.3,0.3,25.58069,40.1,1.536,1.495,0.0254,0,310.91,41.1843,-0.01057,1,0.18,3.398,9.5959,41.5,CRITICAL,F2,2,1,electrical_overcurrent,0.9,1,1,,,,,10,0
2026-08-19T17:53:58.753Z,1787162038753,FAN_DT_001_F2_S09_R01_20260819T174539,1,498.873,FAULT_ACTIVE,F2,0.9,FAN_DT_001,3.0,process-model-3.0.0-build3,3214,1,LIVE,SYNCHRONISED,AUTOMATIC,NORMAL,65,1950,1950,0,145,163,0.3,0.3,25.59318,40.11,1.536,1.495,0.0254,0,310.91,41.2736,-0.01059,1,0.18,3.407,9.6168,41.5,CRITICAL,F2,2,1,electrical_overcurrent,0.9,1,1,,,,,10,0
2026-08-19T17:53:59.818Z,1787162039818,FAN_DT_001_F2_S09_R01_20260819T174539,1,499.939,FAULT_ACTIVE,F2,0.9,FAN_DT_001,3.0,process-model-3.0.0-build3,3215,1,LIVE,SYNCHRONISED,AUTOMATIC,NORMAL,65,1950,1950,0,145,163,0.3,0.3,25.60534,40.12,1.536,1.495,0.0254,0,310.91,41.3628,-0.01061,1,0.18,3.411,9.6375,41.5,CRITICAL,F2,2,1,electrical_overcurrent,0.9,1,1,,,,,10,0
2026-08-19T17:54:00.835Z,1787162040835,FAN_DT_001_F2_S09_R01_20260819T174539,1,500.956,FAULT_ACTIVE,F2,0.9,FAN_DT_001,3.0,process-model-3.0.0-build3,3216,1,LIVE,SYNCHRONISED,AUTOMATIC,NORMAL,65,1950,1950,0,145,163,0.3,0.3,25.61739,40.13,1.536,1.495,0.0254,0,310.91,41.4536,-0.01063,1,0.18,3.42,9.6587,41.5,CRITICAL,F2,2,1,electrical_overcurrent,0.9,1,1,,,,,10,0
2026-08-19T17:54:01.833Z,1787162041833,FAN_DT_001_F2_S09_R01_20260819T174539,1,501.953,FAULT_ACTIVE,F2,0.9,FAN_DT_001,3.0,process-model-3.0.0-build3,3217,1,LIVE,SYNCHRONISED,AUTOMATIC,NORMAL,65,1950,1950,0,145,163,0.3,0.3,25.62846,40.14,1.536,1.495,0.0254,0,310.91,41.5393,-0.01064,1,0.18,3.422,9.6787,41.5,CRITICAL,F2,2,1,electrical_overcurrent,0.9,1,1,,,,,10,0
2026-08-19T17:54:02.873Z,1787162042873,FAN_DT_001_F2_S09_R01_20260819T174539,1,502.995,FAULT_ACTIVE,F2,0.9,FAN_DT_001,3.0,process-model-3.0.0-build3,3218,1,LIVE,SYNCHRONISED,AUTOMATIC,NORMAL,65,1950,1950,0,145,163,0.3,0.3,25.63963,40.15,1.536,1.495,0.0254,0,310.91,41.6283,-0.01064,1,0.18,3.421,9.6994,41.5,CRITICAL,F2,2,1,electrical_overcurrent,0.9,1,1,,,,,10,0
2026-08-19T17:54:03.947Z,1787162043947,FAN_DT_001_F2_S09_R01_20260819T174539,1,504.067,FAULT_ACTIVE,F2,0.9,FAN_DT_001,3.0,process-model-3.0.0-build3,3219,1,LIVE,SYNCHRONISED,AUTOMATIC,NORMAL,65,1950,1950,0,145,163,0.3,0.3,25.65051,40.16,1.536,1.495,0.0254,0,310.91,41.7177,-0.01063,1,0.18,3.418,9.7202,41.5,CRITICAL,F2,2,1,electrical_overcurrent,0.9,1,1,,,,,10,0
2026-08-19T17:54:04.937Z,1787162044937,FAN_DT_001_F2_S09_R01_20260819T174539,1,505.057,FAULT_ACTIVE,F2,0.9,FAN_DT_001,3.0,process-model-3.0.0-build3,3220,1,LIVE,SYNCHRONISED,AUTOMATIC,NORMAL,65,1950,1950,0,145,163,0.3,0.3,25.66102,40.18,1.536,1.495,0.0254,0,310.91,41.8068,-0.01061,1,0.18,3.413,9.741,41.5,CRITICAL,F2,2,1,electrical_overcurrent,0.9,1,1,,,,,10,0
2026-08-19T17:54:05.994Z,1787162045994,FAN_DT_001_F2_S09_R01_20260819T174539,1,506.114,FAULT_ACTIVE,F2,0.9,FAN_DT_001,3.0,process-model-3.0.0-build3,3221,1,LIVE,SYNCHRONISED,AUTOMATIC,NORMAL,65,1950,1950,0,145,163,0.3,0.3,25.67117,40.19,1.536,1.495,0.0254,0,310.91,41.8959,-0.0106,1,0.18,3.409,9.7617,41.5,CRITICAL,F2,2,1,electrical_overcurrent,0.9,1,1,,,,,10,0
2026-08-19T17:54:07.008Z,1787162047008,FAN_DT_001_F2_S09_R01_20260819T174539,1,507.128,FAULT_ACTIVE,F2,0.9,FAN_DT_001,3.0,process-model-3.0.0-build3,3222,1,LIVE,SYNCHRONISED,AUTOMATIC,NORMAL,65,1950,1950,0,145,163,0.3,0.3,25.68101,40.2,1.536,1.495,0.0254,0,310.91,41.9853,-0.0106,1,0.18,3.408,9.7826,41.5,CRITICAL,F2,2,1,electrical_overcurrent,0.9,1,1,,,,,10,0
2026-08-19T17:54:08.039Z,1787162048039,FAN_DT_001_F2_S09_R01_20260819T174539,1,508.159,FAULT_ACTIVE,F2,0.9,FAN_DT_001,3.0,process-model-3.0.0-build3,3223,1,LIVE,SYNCHRONISED,AUTOMATIC,NORMAL,65,1950,1950,0,145,163,0.3,0.3,25.69045,40.21,1.536,1.495,0.0254,0,310.91,42.0744,-0.01055,1,0.18,3.393,9.8033,41.5,CRITICAL,F2,2,1,electrical_overcurrent,0.9,1,1,,,,,10,0
2026-08-19T17:54:09.077Z,1787162049077,FAN_DT_001_F2_S09_R01_20260819T174539,1,509.198,FAULT_ACTIVE,F2,0.9,FAN_DT_001,3.0,process-model-3.0.0-build3,3224,1,LIVE,SYNCHRONISED,AUTOMATIC,NORMAL,65,1950,1950,0,145,163,0.3,0.3,25.69952,40.22,1.536,1.495,0.0254,0,310.91,42.1634,-0.01053,1,0.18,3.388,9.8241,41.5,CRITICAL,F2,2,1,electrical_overcurrent,0.9,1,1,,,,,10,0
2026-08-19T17:54:10.169Z,1787162050169,FAN_DT_001_F2_S09_R01_20260819T174539,1,510.29,FAULT_ACTIVE,F2,0.9,FAN_DT_001,3.0,process-model-3.0.0-build3,3225,1,LIVE,SYNCHRONISED,AUTOMATIC,NORMAL,65,1950,1950,0,145,163,0.3,0.3,25.70826,40.23,1.536,1.495,0.0254,0,310.91,42.2527,-0.01051,1,0.18,3.379,9.8449,41.5,CRITICAL,F2,2,1,electrical_overcurrent,0.9,1,1,,,,,10,0
2026-08-19T17:54:11.144Z,1787162051144,FAN_DT_001_F2_S09_R01_20260819T174539,1,511.265,FAULT_ACTIVE,F2,0.9,FAN_DT_001,3.0,process-model-3.0.0-build3,3226,1,LIVE,SYNCHRONISED,AUTOMATIC,NORMAL,65,1950,1950,0,145,163,0.3,0.3,25.7166,40.24,1.536,1.495,0.0254,0,310.91,42.3418,-0.01046,1,0.18,3.365,9.8656,41.5,CRITICAL,F2,2,1,electrical_overcurrent,0.9,1,1,,,,,10,0
2026-08-19T17:54:12.181Z,1787162052181,FAN_DT_001_F2_S09_R01_20260819T174539,1,512.301,FAULT_ACTIVE,F2,0.9,FAN_DT_001,3.0,process-model-3.0.0-build3,3227,1,LIVE,SYNCHRONISED,AUTOMATIC,NORMAL,65,1950,1950,0,145,163,0.3,0.3,25.72457,40.25,1.536,1.495,0.0254,0,310.91,42.4309,-0.0104,1,0.18,3.345,9.8864,41.5,CRITICAL,F2,2,1,electrical_overcurrent,0.9,1,1,,,,,10,0
2026-08-19T17:54:13.211Z,1787162053211,FAN_DT_001_F2_S09_R01_20260819T174539,1,513.331,FAULT_ACTIVE,F2,0.9,FAN_DT_001,3.0,process-model-3.0.0-build3,3228,1,LIVE,SYNCHRONISED,AUTOMATIC,NORMAL,65,1950,1950,0,145,163,0.3,0.3,25.73218,40.26,1.536,1.495,0.0254,0,310.91,42.5204,-0.01035,1,0.18,3.327,9.9073,41.5,CRITICAL,F2,2,1,electrical_overcurrent,0.9,1,1,,,,,10,0
2026-08-19T17:54:14.253Z,1787162054253,FAN_DT_001_F2_S09_R01_20260819T174539,1,514.373,FAULT_ACTIVE,F2,0.9,FAN_DT_001,3.0,process-model-3.0.0-build3,3229,1,LIVE,SYNCHRONISED,AUTOMATIC,NORMAL,65,1950,1950,0,145,163,0.3,0.3,25.73938,40.27,1.536,1.495,0.0254,0,310.91,42.6095,-0.01031,1,0.18,3.315,9.928,41.5,CRITICAL,F2,2,1,electrical_overcurrent,0.9,1,1,,,,,10,0
2026-08-19T17:54:15.288Z,1787162055288,FAN_DT_001_F2_S09_R01_20260819T174539,1,515.409,FAULT_ACTIVE,F2,0.9,FAN_DT_001,3.0,process-model-3.0.0-build3,3230,1,LIVE,SYNCHRONISED,AUTOMATIC,NORMAL,65,1950,1950,0,145,163,0.3,0.3,25.74622,40.28,1.536,1.495,0.0254,0,310.91,42.699,-0.01023,1,0.18,3.291,9.9489,41.5,CRITICAL,F2,2,1,electrical_overcurrent,0.9,1,1,,,,,10,0
2026-08-19T17:54:16.317Z,1787162056317,FAN_DT_001_F2_S09_R01_20260819T174539,1,516.438,FAULT_ACTIVE,F2,0.9,FAN_DT_001,3.0,process-model-3.0.0-build3,3231,1,LIVE,SYNCHRONISED,AUTOMATIC,NORMAL,65,1950,1950,0,145,163,0.3,0.3,25.75263,40.29,1.536,1.495,0.0254,0,310.91,42.7881,-0.01017,1,0.18,3.272,9.9696,41.5,CRITICAL,F2,2,1,electrical_overcurrent,0.9,1,1,,,,,10,0
2026-08-19T17:54:17.356Z,1787162057356,FAN_DT_001_F2_S09_R01_20260819T174539,1,517.476,FAULT_ACTIVE,F2,0.9,FAN_DT_001,3.0,process-model-3.0.0-build3,3232,1,LIVE,SYNCHRONISED,AUTOMATIC,NORMAL,65,1950,1950,0,145,163,0.3,0.3,25.75865,40.3,1.536,1.495,0.0254,0,310.91,42.8772,-0.0101,1,0.18,3.25,9.9904,41.5,CRITICAL,F2,2,1,electrical_overcurrent,0.9,1,1,,,,,10,0
2026-08-19T17:54:18.399Z,1787162058399,FAN_DT_001_F2_S09_R01_20260819T174539,1,518.521,FAULT_ACTIVE,F2,0.9,FAN_DT_001,3.0,process-model-3.0.0-build3,3233,1,LIVE,SYNCHRONISED,AUTOMATIC,NORMAL,65,1950,1950,0,145,163,0.3,0.3,25.7643,40.32,1.536,1.495,0.0254,0,310.91,42.9667,-0.01002,1,0.18,3.223,10.0112,41.5,CRITICAL,F2,2,1,electrical_overcurrent,0.9,1,1,,,,,10,0
2026-08-19T17:54:19.461Z,1787162059461,FAN_DT_001_F2_S09_R01_20260819T174539,1,519.582,FAULT_ACTIVE,F2,0.9,FAN_DT_001,3.0,process-model-3.0.0-build3,3234,1,LIVE,SYNCHRONISED,AUTOMATIC,NORMAL,65,1950,1950,0,145,163,0.3,0.3,25.76952,40.33,1.536,1.495,0.0254,0,310.91,43.0559,-0.00994,1,0.18,3.197,10.032,41.5,CRITICAL,F2,2,1,electrical_overcurrent,0.9,1,1,,,,,10,0
2026-08-19T17:54:20.474Z,1787162060474,FAN_DT_001_F2_S09_R01_20260819T174539,1,520.594,FAULT_ACTIVE,F2,0.9,FAN_DT_001,3.0,process-model-3.0.0-build3,3235,1,LIVE,SYNCHRONISED,AUTOMATIC,NORMAL,65,1950,1950,0,145,163,0.3,0.3,25.77432,40.34,1.536,1.495,0.0254,0,310.91,43.1448,-0.00983,1,0.18,3.163,10.0527,41.5,CRITICAL,F2,2,1,electrical_overcurrent,0.9,1,1,,,,,10,0
2026-08-19T17:54:21.491Z,1787162061491,FAN_DT_001_F2_S09_R01_20260819T174539,1,521.613,FAULT_ACTIVE,F2,0.9,FAN_DT_001,3.0,process-model-3.0.0-build3,3236,1,LIVE,SYNCHRONISED,AUTOMATIC,NORMAL,65,1950,1950,0,145,163,0.3,0.3,25.77873,40.35,1.536,1.495,0.0254,0,310.91,43.2341,-0.00975,1,0.18,3.136,10.0735,41.5,CRITICAL,F2,2,1,electrical_overcurrent,0.9,1,1,,,,,10,0
2026-08-19T17:54:22.529Z,1787162062529,FAN_DT_001_F2_S09_R01_20260819T174539,1,522.65,FAULT_ACTIVE,F2,0.9,FAN_DT_001,3.0,process-model-3.0.0-build3,3237,1,LIVE,SYNCHRONISED,AUTOMATIC,NORMAL,65,1950,1950,0,145,163,0.3,0.3,25.78272,40.36,1.536,1.495,0.0254,0,310.91,43.3231,-0.00965,1,0.18,3.104,10.0943,41.5,CRITICAL,F2,2,1,electrical_overcurrent,0.9,1,1,,,,,10,0
2026-08-19T17:54:23.567Z,1787162063567,FAN_DT_001_F2_S09_R01_20260819T174539,1,523.689,FAULT_ACTIVE,F2,0.9,FAN_DT_001,3.0,process-model-3.0.0-build3,3238,1,LIVE,SYNCHRONISED,AUTOMATIC,NORMAL,65,1950,1950,0,145,163,0.3,0.3,25.78632,40.37,1.536,1.495,0.0254,0,310.91,43.4124,-0.00955,1,0.18,3.072,10.1151,41.5,CRITICAL,F2,2,1,electrical_overcurrent,0.9,1,1,,,,,10,0
2026-08-19T17:54:24.597Z,1787162064597,FAN_DT_001_F2_S09_R01_20260819T174539,1,524.719,FAULT_ACTIVE,F2,0.9,FAN_DT_001,3.0,process-model-3.0.0-build3,3239,1,LIVE,SYNCHRONISED,AUTOMATIC,NORMAL,65,1950,1950,0,145,163,0.3,0.3,25.78949,40.38,1.536,1.495,0.0254,0,310.91,43.5016,-0.00943,1,0.18,3.034,10.1359,41.5,CRITICAL,F2,2,1,electrical_overcurrent,0.9,1,1,,,,,10,0
2026-08-19T17:54:25.628Z,1787162065628,FAN_DT_001_F2_S09_R01_20260819T174539,1,525.748,FAULT_ACTIVE,F2,0.9,FAN_DT_001,3.0,process-model-3.0.0-build3,3240,1,LIVE,SYNCHRONISED,AUTOMATIC,NORMAL,65,1950,1950,0,145,163,0.3,0.3,25.79224,40.39,1.536,1.495,0.0254,0,310.91,43.5904,-0.00932,1,0.18,2.997,10.1566,41.5,CRITICAL,F2,2,1,electrical_overcurrent,0.9,1,1,,,,,10,0
2026-08-19T17:54:26.686Z,1787162066686,FAN_DT_001_F2_S09_R01_20260819T174539,1,526.806,FAULT_ACTIVE,F2,0.9,FAN_DT_001,3.0,process-model-3.0.0-build3,3241,1,LIVE,SYNCHRONISED,AUTOMATIC,NORMAL,65,1950,1950,0,145,163,0.3,0.3,25.79458,40.39,1.536,1.495,0.0254,0,310.91,43.6797,-0.0092,1,0.18,2.96,10.1774,41.5,CRITICAL,F2,2,1,electrical_overcurrent,0.9,1,1,,,,,10,0
2026-08-19T17:54:27.695Z,1787162067695,FAN_DT_001_F2_S09_R01_20260819T174539,1,527.816,FAULT_ACTIVE,F2,0.9,FAN_DT_001,3.0,process-model-3.0.0-build3,3242,1,LIVE,SYNCHRONISED,AUTOMATIC,NORMAL,65,1950,1950,0,145,163,0.3,0.3,25.79651,40.4,1.536,1.495,0.0254,0,310.91,43.7692,-0.00907,1,0.18,2.918,10.1982,41.5,CRITICAL,F2,2,1,electrical_overcurrent,0.9,1,1,,,,,10,0
2026-08-19T17:54:28.740Z,1787162068740,FAN_DT_001_F2_S09_R01_20260819T174539,1,528.86,FAULT_ACTIVE,F2,0.9,FAN_DT_001,3.0,process-model-3.0.0-build3,3243,1,LIVE,SYNCHRONISED,AUTOMATIC,NORMAL,65,1950,1950,0,145,163,0.3,0.3,25.79801,40.41,1.536,1.495,0.0254,0,310.91,43.8582,-0.00893,1,0.18,2.872,10.219,41.5,CRITICAL,F2,2,1,electrical_overcurrent,0.9,1,1,,,,,10,0
2026-08-19T17:54:29.769Z,1787162069769,FAN_DT_001_F2_S09_R01_20260819T174539,1,529.889,FAULT_ACTIVE,F2,0.9,FAN_DT_001,3.0,process-model-3.0.0-build3,3244,1,LIVE,SYNCHRONISED,AUTOMATIC,NORMAL,65,1950,1950,0,145,163,0.3,0.3,25.7991,40.42,1.536,1.495,0.0254,0,310.91,43.9476,-0.00881,1,0.18,2.834,10.2398,41.5,CRITICAL,F2,2,1,electrical_overcurrent,0.9,1,1,,,,,10,0
2026-08-19T17:54:30.838Z,1787162070838,FAN_DT_001_F2_S09_R01_20260819T174539,1,530.959,FAULT_ACTIVE,F2,0.9,FAN_DT_001,3.0,process-model-3.0.0-build3,3245,1,LIVE,SYNCHRONISED,AUTOMATIC,NORMAL,65,1950,1950,0,145,163,0.3,0.3,25.79976,40.43,1.536,1.495,0.0254,0,310.91,44.0369,-0.00868,1,0.18,2.79,10.2606,41.5,CRITICAL,F2,2,1,electrical_overcurrent,0.9,1,1,,,,,10,0
2026-08-19T17:54:31.839Z,1787162071839,FAN_DT_001_F2_S09_R01_20260819T174539,1,531.959,FAULT_ACTIVE,F2,0.9,FAN_DT_001,3.0,process-model-3.0.0-build3,3246,1,LIVE,SYNCHRONISED,AUTOMATIC,NORMAL,65,1950,1950,0,145,163,0.3,0.3,25.8,40.44,1.536,1.495,0.0254,0,310.91,44.1261,-0.00853,1,0.18,2.744,10.2814,41.5,CRITICAL,F2,2,1,electrical_overcurrent,0.9,1,1,,,,,10,0
2026-08-19T17:54:32.874Z,1787162072874,FAN_DT_001_F2_S09_R01_20260819T174539,1,532.994,FAULT_ACTIVE,F2,0.9,FAN_DT_001,3.0,process-model-3.0.0-build3,3247,1,LIVE,SYNCHRONISED,AUTOMATIC,NORMAL,65,1950,1950,0,145,163,0.3,0.3,25.79982,40.45,1.536,1.495,0.0254,0,310.91,44.2156,-0.00839,1,0.18,2.697,10.3022,41.5,CRITICAL,F2,2,1,electrical_overcurrent,0.9,1,1,,,,,10,0
2026-08-19T17:54:33.911Z,1787162073911,FAN_DT_001_F2_S09_R01_20260819T174539,1,534.032,FAULT_ACTIVE,F2,0.9,FAN_DT_001,3.0,process-model-3.0.0-build3,3248,1,LIVE,SYNCHRONISED,AUTOMATIC,NORMAL,65,1950,1950,0,145,163,0.3,0.3,25.79921,40.46,1.536,1.495,0.0254,0,310.91,44.3046,-0.00824,1,0.18,2.649,10.323,41.5,CRITICAL,F2,2,1,electrical_overcurrent,0.9,1,1,,,,,10,0
2026-08-19T17:54:34.948Z,1787162074948,FAN_DT_001_F2_S09_R01_20260819T174539,1,535.068,FAULT_ACTIVE,F2,0.9,FAN_DT_001,3.0,process-model-3.0.0-build3,3249,1,LIVE,SYNCHRONISED,AUTOMATIC,NORMAL,65,1950,1950,0,145,163,0.3,0.3,25.79819,40.47,1.536,1.495,0.0254,0,310.91,44.3936,-0.00807,1,0.18,2.596,10.3437,41.5,CRITICAL,F2,2,1,electrical_overcurrent,0.9,1,1,,,,,10,0
2026-08-19T17:54:35.985Z,1787162075985,FAN_DT_001_F2_S09_R01_20260819T174539,1,536.106,FAULT_ACTIVE,F2,0.9,FAN_DT_001,3.0,process-model-3.0.0-build3,3250,1,LIVE,SYNCHRONISED,AUTOMATIC,NORMAL,65,1950,1950,0,145,163,0.3,0.3,25.79675,40.47,1.536,1.495,0.0254,0,310.91,44.4829,-0.0079,1,0.18,2.542,10.3645,41.5,CRITICAL,F2,2,1,electrical_overcurrent,0.9,1,1,,,,,10,0
2026-08-19T17:54:37.006Z,1787162077006,FAN_DT_001_F2_S09_R01_20260819T174539,1,537.126,FAULT_ACTIVE,F2,0.9,FAN_DT_001,3.0,process-model-3.0.0-build3,3251,1,LIVE,SYNCHRONISED,AUTOMATIC,NORMAL,65,1950,1950,0,145,163,0.3,0.3,25.79488,40.48,1.536,1.495,0.0254,0,310.91,44.5721,-0.00775,1,0.18,2.491,10.3853,41.5,CRITICAL,F2,2,1,electrical_overcurrent,0.9,1,1,,,,,10,0
2026-08-19T17:54:38.043Z,1787162078043,FAN_DT_001_F2_S09_R01_20260819T174539,1,538.164,FAULT_ACTIVE,F2,0.9,FAN_DT_001,3.0,process-model-3.0.0-build3,3252,1,LIVE,SYNCHRONISED,AUTOMATIC,NORMAL,65,1950,1950,0,145,163,0.3,0.3,25.79261,40.49,1.536,1.495,0.0254,0,310.91,44.661,-0.00757,1,0.18,2.435,10.406,41.5,CRITICAL,F2,2,1,electrical_overcurrent,0.9,1,1,,,,,10,0
2026-08-19T17:54:39.076Z,1787162079076,FAN_DT_001_F2_S09_R01_20260819T174539,1,539.196,FAULT_ACTIVE,F2,0.9,FAN_DT_001,3.0,process-model-3.0.0-build3,3253,1,LIVE,SYNCHRONISED,AUTOMATIC,NORMAL,65,1950,1950,0,145,163,0.3,0.3,25.7899,40.5,1.536,1.495,0.0254,0,310.91,44.7505,-0.00742,1,0.18,2.386,10.4269,41.5,CRITICAL,F2,2,1,electrical_overcurrent,0.9,1,1,,,,,10,0
2026-08-19T17:54:40.138Z,1787162080138,FAN_DT_001_F2_S09_R01_20260819T174539,1,540.259,RECOVERY,F2,0.9,FAN_DT_001,3.0,process-model-3.0.0-build3,3254,1,LIVE,SYNCHRONISED,AUTOMATIC,NORMAL,65,1950,1950,0,145,163,0.3,0.3,25.78679,40.51,1.536,1.495,0.0254,0,310.91,44.8395,-0.00722,1,0.18,2.324,10.4476,41.5,CRITICAL,F2,2,1,electrical_overcurrent,0.9,1,1,,,,,10,0
2026-08-19T17:54:41.147Z,1787162081147,FAN_DT_001_F2_S09_R01_20260819T174539,1,541.267,RECOVERY,F2,0.9,FAN_DT_001,3.0,process-model-3.0.0-build3,3255,1,LIVE,SYNCHRONISED,AUTOMATIC,NORMAL,65,1950,1950,0,145,145,0.3,0.3,25.78325,40.48,1.028,1,0.0254,0,207.97,44.8993,0.02024,1,0.18,9.735,10.4615,100,HEALTHY,F0,0,0,healthy,0,0,0,,,,,11,0
2026-08-19T17:54:42.172Z,1787162082172,FAN_DT_001_F2_S09_R01_20260819T174539,1,542.293,RECOVERY,F2,0.9,FAN_DT_001,3.0,process-model-3.0.0-build3,3256,1,LIVE,SYNCHRONISED,AUTOMATIC,NORMAL,65,1950,1950,0,145,145,0.3,0.3,25.77932,40.46,1.028,1,0.0254,0,207.97,44.9588,0.01995,1,0.18,9.593,10.4754,100,HEALTHY,F0,0,0,healthy,0,0,0,,,,,11,0
2026-08-19T17:54:43.200Z,1787162083200,FAN_DT_001_F2_S09_R01_20260819T174539,1,543.32,RECOVERY,F2,0.9,FAN_DT_001,3.0,process-model-3.0.0-build3,3257,1,LIVE,SYNCHRONISED,AUTOMATIC,NORMAL,65,1950,1950,0,145,145,0.3,0.3,25.77501,40.44,1.028,1,0.0254,0,207.97,45.0179,0.01968,1,0.18,9.463,10.4892,100,HEALTHY,F0,0,0,healthy,0,0,0,,,,,11,0
2026-08-19T17:54:44.232Z,1787162084232,FAN_DT_001_F2_S09_R01_20260819T174539,1,544.352,RECOVERY,F2,0.9,FAN_DT_001,3.0,process-model-3.0.0-build3,3258,1,LIVE,SYNCHRONISED,AUTOMATIC,NORMAL,65,1950,1950,0,145,145,0.3,0.3,25.77027,40.42,1.028,1,0.0254,0,207.97,45.0773,0.01943,1,0.18,9.345,10.503,100,HEALTHY,F0,0,0,healthy,0,0,0,,,,,11,0
2026-08-19T17:54:45.258Z,1787162085258,FAN_DT_001_F2_S09_R01_20260819T174539,1,545.379,RECOVERY,F2,0.9,FAN_DT_001,3.0,process-model-3.0.0-build3,3259,1,LIVE,SYNCHRONISED,AUTOMATIC,NORMAL,65,1950,1950,0,145,145,0.3,0.3,25.76513,40.4,1.028,1,0.0254,0,207.97,45.1368,0.01919,1,0.18,9.229,10.5169,100,HEALTHY,F0,0,0,healthy,0,0,0,,,,,11,0
2026-08-19T17:54:46.291Z,1787162086291,FAN_DT_001_F2_S09_R01_20260819T174539,1,546.413,RECOVERY,F2,0.9,FAN_DT_001,3.0,process-model-3.0.0-build3,3260,1,LIVE,SYNCHRONISED,AUTOMATIC,NORMAL,65,1950,1950,0,145,145,0.3,0.3,25.7596,40.38,1.028,1,0.0254,0,207.97,45.1961,0.01896,1,0.18,9.115,10.5307,100,HEALTHY,F0,0,0,healthy,0,0,0,,,,,11,0
2026-08-19T17:54:47.341Z,1787162087341,FAN_DT_001_F2_S09_R01_20260819T174539,1,547.461,RECOVERY,F2,0.9,FAN_DT_001,3.0,process-model-3.0.0-build3,3261,1,LIVE,SYNCHRONISED,AUTOMATIC,NORMAL,65,1950,1950,0,145,145,0.3,0.3,25.75366,40.36,1.028,1,0.0254,0,207.97,45.2555,0.01874,1,0.18,9.011,10.5445,100,HEALTHY,F0,0,0,healthy,0,0,0,,,,,11,0
2026-08-19T17:54:48.353Z,1787162088353,FAN_DT_001_F2_S09_R01_20260819T174539,1,548.474,RECOVERY,F2,0.9,FAN_DT_001,3.0,process-model-3.0.0-build3,3262,1,LIVE,SYNCHRONISED,AUTOMATIC,NORMAL,65,1950,1950,0,145,145,0.3,0.3,25.74733,40.35,1.028,1,0.0254,0,207.97,45.3149,0.01852,1,0.18,8.907,10.5584,100,HEALTHY,F0,0,0,healthy,0,0,0,,,,,11,0
2026-08-19T17:54:49.377Z,1787162089377,FAN_DT_001_F2_S09_R01_20260819T174539,1,549.499,RECOVERY,F2,0.9,FAN_DT_001,3.0,process-model-3.0.0-build3,3263,1,LIVE,SYNCHRONISED,AUTOMATIC,NORMAL,65,1950,1950,0,145,145,0.3,0.3,25.74065,40.33,1.028,1,0.0254,0,207.97,45.374,0.01833,1,0.18,8.813,10.5721,100,HEALTHY,F0,0,0,healthy,0,0,0,,,,,11,0
2026-08-19T17:54:50.415Z,1787162090415,FAN_DT_001_F2_S09_R01_20260819T174539,1,550.535,RECOVERY,F2,0.9,FAN_DT_001,3.0,process-model-3.0.0-build3,3264,1,LIVE,SYNCHRONISED,AUTOMATIC,NORMAL,65,1950,1950,0,145,145,0.3,0.3,25.73353,40.31,1.028,1,0.0254,0,207.97,45.4335,0.01813,1,0.18,8.72,10.586,100,HEALTHY,F0,0,0,healthy,0,0,0,,,,,11,0
2026-08-19T17:54:51.437Z,1787162091437,FAN_DT_001_F2_S09_R01_20260819T174539,1,551.557,RECOVERY,F2,0.9,FAN_DT_001,3.0,process-model-3.0.0-build3,3265,1,LIVE,SYNCHRONISED,AUTOMATIC,NORMAL,65,1950,1950,0,145,145,0.3,0.3,25.72606,40.29,1.028,1,0.0254,0,207.97,45.4928,0.01795,1,0.18,8.629,10.5998,100,HEALTHY,F0,0,0,healthy,0,0,0,,,,,11,0
2026-08-19T17:54:52.467Z,1787162092467,FAN_DT_001_F2_S09_R01_20260819T174539,1,552.587,RECOVERY,F2,0.9,FAN_DT_001,3.0,process-model-3.0.0-build3,3266,1,LIVE,SYNCHRONISED,AUTOMATIC,NORMAL,65,1950,1950,0,145,145,0.3,0.3,25.71818,40.27,1.028,1,0.0254,0,207.97,45.5524,0.01777,1,0.18,8.546,10.6137,100,HEALTHY,F0,0,0,healthy,0,0,0,,,,,11,0
2026-08-19T17:54:53.495Z,1787162093495,FAN_DT_001_F2_S09_R01_20260819T174539,1,553.616,RECOVERY,F2,0.9,FAN_DT_001,3.0,process-model-3.0.0-build3,3267,1,LIVE,SYNCHRONISED,AUTOMATIC,NORMAL,65,1950,1950,0,145,145,0.3,0.3,25.70996,40.25,1.028,1,0.0254,0,207.97,45.6116,0.0176,1,0.18,8.463,10.6275,100,HEALTHY,F0,0,0,healthy,0,0,0,,,,,11,0
2026-08-19T17:54:54.547Z,1787162094547,FAN_DT_001_F2_S09_R01_20260819T174539,1,554.668,RECOVERY,F2,0.9,FAN_DT_001,3.0,process-model-3.0.0-build3,3268,1,LIVE,SYNCHRONISED,AUTOMATIC,NORMAL,65,1950,1950,0,145,145,0.3,0.3,25.70139,40.24,1.028,1,0.0254,0,207.97,45.6707,0.01744,1,0.18,8.386,10.6413,100,HEALTHY,F0,0,0,healthy,0,0,0,,,,,11,0
2026-08-19T17:54:55.546Z,1787162095546,FAN_DT_001_F2_S09_R01_20260819T174539,1,555.666,RECOVERY,F2,0.9,FAN_DT_001,3.0,process-model-3.0.0-build3,3269,1,LIVE,SYNCHRONISED,AUTOMATIC,NORMAL,65,1950,1950,0,145,145,0.3,0.3,25.69236,40.22,1.028,1,0.0254,0,207.97,45.7305,0.01731,1,0.18,8.324,10.6552,100,HEALTHY,F0,0,0,healthy,0,0,0,,,,,11,0
2026-08-19T17:54:56.587Z,1787162096587,FAN_DT_001_F2_S09_R01_20260819T174539,1,556.707,RECOVERY,F2,0.9,FAN_DT_001,3.0,process-model-3.0.0-build3,3270,1,LIVE,SYNCHRONISED,AUTOMATIC,NORMAL,65,1950,1950,0,145,145,0.3,0.3,25.68313,40.2,1.028,1,0.0254,0,207.97,45.7892,0.01715,1,0.18,8.248,10.6689,100,HEALTHY,F0,0,0,healthy,0,0,0,,,,,11,0
2026-08-19T17:54:57.604Z,1787162097604,FAN_DT_001_F2_S09_R01_20260819T174539,1,557.724,RECOVERY,F2,0.9,FAN_DT_001,3.0,process-model-3.0.0-build3,3271,1,LIVE,SYNCHRONISED,AUTOMATIC,NORMAL,65,1950,1950,0,145,145,0.3,0.3,25.67342,40.18,1.028,1,0.0254,0,207.97,45.8487,0.01705,1,0.18,8.196,10.6827,100,HEALTHY,F0,0,0,healthy,0,0,0,,,,,11,0
2026-08-19T17:54:58.631Z,1787162098631,FAN_DT_001_F2_S09_R01_20260819T174539,1,558.751,RECOVERY,F2,0.9,FAN_DT_001,3.0,process-model-3.0.0-build3,3272,1,LIVE,SYNCHRONISED,AUTOMATIC,NORMAL,65,1950,1950,0,145,145,0.3,0.3,25.66341,40.16,1.028,1,0.0254,0,207.97,45.9079,0.01691,1,0.18,8.134,10.6965,100,HEALTHY,F0,0,0,healthy,0,0,0,,,,,11,0
2026-08-19T17:54:59.660Z,1787162099660,FAN_DT_001_F2_S09_R01_20260819T174539,1,559.78,RECOVERY,F2,0.9,FAN_DT_001,3.0,process-model-3.0.0-build3,3273,1,LIVE,SYNCHRONISED,AUTOMATIC,NORMAL,65,1950,1950,0,145,145,0.3,0.3,25.65307,40.15,1.028,1,0.0254,0,207.97,45.9671,0.01679,1,0.18,8.071,10.7103,100,HEALTHY,F0,0,0,healthy,0,0,0,,,,,11,0
2026-08-19T17:55:00.688Z,1787162100688,FAN_DT_001_F2_S09_R01_20260819T174539,1,560.808,RECOVERY,F2,0.9,FAN_DT_001,3.0,process-model-3.0.0-build3,3274,1,LIVE,SYNCHRONISED,AUTOMATIC,NORMAL,65,1950,1950,0,145,145,0.3,0.3,25.64233,40.13,1.028,1,0.0254,0,207.97,46.0265,0.01668,1,0.18,8.022,10.7242,100,HEALTHY,F0,0,0,healthy,0,0,0,,,,,11,0
2026-08-19T17:55:01.751Z,1787162101751,FAN_DT_001_F2_S09_R01_20260819T174539,1,561.871,RECOVERY,F2,0.9,FAN_DT_001,3.0,process-model-3.0.0-build3,3275,1,LIVE,SYNCHRONISED,AUTOMATIC,NORMAL,65,1950,1950,0,145,145,0.3,0.3,25.63129,40.11,1.028,1,0.0254,0,207.97,46.0858,0.01659,1,0.18,7.976,10.738,100,HEALTHY,F0,0,0,healthy,0,0,0,,,,,11,0
2026-08-19T17:55:02.744Z,1787162102744,FAN_DT_001_F2_S09_R01_20260819T174539,1,562.865,RECOVERY,F2,0.9,FAN_DT_001,3.0,process-model-3.0.0-build3,3276,1,LIVE,SYNCHRONISED,AUTOMATIC,NORMAL,65,1950,1950,0,145,145,0.3,0.3,25.61992,40.1,1.028,1,0.0254,0,207.97,46.1451,0.0165,1,0.18,7.934,10.7518,100,HEALTHY,F0,0,0,healthy,0,0,0,,,,,11,0
2026-08-19T17:55:03.771Z,1787162103771,FAN_DT_001_F2_S09_R01_20260819T174539,1,563.892,RECOVERY,F2,0.9,FAN_DT_001,3.0,process-model-3.0.0-build3,3277,1,LIVE,SYNCHRONISED,AUTOMATIC,NORMAL,65,1950,1950,0,145,145,0.3,0.3,25.6082,40.08,1.028,1,0.0254,0,207.97,46.2045,0.01641,1,0.18,7.892,10.7657,100,HEALTHY,F0,0,0,healthy,0,0,0,,,,,11,0
2026-08-19T17:55:04.803Z,1787162104803,FAN_DT_001_F2_S09_R01_20260819T174539,1,564.924,RECOVERY,F2,0.9,FAN_DT_001,3.0,process-model-3.0.0-build3,3278,1,LIVE,SYNCHRONISED,AUTOMATIC,NORMAL,65,1950,1950,0,145,145,0.3,0.3,25.59624,40.06,1.028,1,0.0254,0,207.97,46.2636,0.01633,1,0.18,7.853,10.7794,100,HEALTHY,F0,0,0,healthy,0,0,0,,,,,11,0
2026-08-19T17:55:05.849Z,1787162105849,FAN_DT_001_F2_S09_R01_20260819T174539,1,565.969,RECOVERY,F2,0.9,FAN_DT_001,3.0,process-model-3.0.0-build3,3279,1,LIVE,SYNCHRONISED,AUTOMATIC,NORMAL,65,1950,1950,0,145,145,0.3,0.3,25.58389,40.05,1.028,1,0.0254,0,207.97,46.323,0.01626,1,0.18,7.818,10.7933,100,HEALTHY,F0,0,0,healthy,0,0,0,,,,,11,0
2026-08-19T17:55:06.856Z,1787162106856,FAN_DT_001_F2_S09_R01_20260819T174539,1,566.977,RECOVERY,F2,0.9,FAN_DT_001,3.0,process-model-3.0.0-build3,3280,1,LIVE,SYNCHRONISED,AUTOMATIC,NORMAL,65,1950,1950,0,145,145,0.3,0.3,25.5713,40.03,1.028,1,0.0254,0,207.97,46.3821,0.01619,1,0.18,7.785,10.807,100,HEALTHY,F0,0,0,healthy,0,0,0,,,,,11,0
2026-08-19T17:55:07.886Z,1787162107886,FAN_DT_001_F2_S09_R01_20260819T174539,1,568.006,RECOVERY,F2,0.9,FAN_DT_001,3.0,process-model-3.0.0-build3,3281,1,LIVE,SYNCHRONISED,AUTOMATIC,NORMAL,65,1950,1950,0,145,145,0.3,0.3,25.55833,40.01,1.028,1,0.0254,0,207.97,46.4417,0.01614,1,0.18,7.759,10.8209,100,HEALTHY,F0,0,0,healthy,0,0,0,,,,,11,0
2026-08-19T17:55:08.940Z,1787162108940,FAN_DT_001_F2_S09_R01_20260819T174539,1,569.061,RECOVERY,F2,0.9,FAN_DT_001,3.0,process-model-3.0.0-build3,3282,1,LIVE,SYNCHRONISED,AUTOMATIC,NORMAL,65,1950,1950,0,145,145,0.3,0.3,25.54519,40,1.028,1,0.0254,0,207.97,46.5006,0.01607,1,0.18,7.729,10.8346,100,HEALTHY,F0,0,0,healthy,0,0,0,,,,,11,0
2026-08-19T17:55:09.935Z,1787162109935,FAN_DT_001_F2_S09_R01_20260819T174539,1,570.055,RECOVERY,F2,0.9,FAN_DT_001,3.0,process-model-3.0.0-build3,3283,1,LIVE,SYNCHRONISED,AUTOMATIC,NORMAL,65,1950,1950,0,145,145,0.3,0.3,25.53166,39.98,1.028,1,0.0254,0,207.97,46.5601,0.01602,1,0.18,7.701,10.8485,100,HEALTHY,F0,0,0,healthy,0,0,0,,,,,11,0
2026-08-19T17:55:10.963Z,1787162110963,FAN_DT_001_F2_S09_R01_20260819T174539,1,571.084,RECOVERY,F2,0.9,FAN_DT_001,3.0,process-model-3.0.0-build3,3284,1,LIVE,SYNCHRONISED,AUTOMATIC,NORMAL,65,1950,1950,0,145,145,0.3,0.3,25.51796,39.96,1.028,1,0.0254,0,207.97,46.6191,0.01598,1,0.18,7.684,10.8622,100,HEALTHY,F0,0,0,healthy,0,0,0,,,,,11,0
2026-08-19T17:55:11.993Z,1787162111993,FAN_DT_001_F2_S09_R01_20260819T174539,1,572.113,RECOVERY,F2,0.9,FAN_DT_001,3.0,process-model-3.0.0-build3,3285,1,LIVE,SYNCHRONISED,AUTOMATIC,NORMAL,65,1950,1950,0,145,145,0.3,0.3,25.50389,39.95,1.028,1,0.0254,0,207.97,46.6785,0.01593,1,0.18,7.658,10.8761,100,HEALTHY,F0,0,0,healthy,0,0,0,,,,,11,0
2026-08-19T17:55:13.020Z,1787162113020,FAN_DT_001_F2_S09_R01_20260819T174539,1,573.145,RECOVERY,F2,0.9,FAN_DT_001,3.0,process-model-3.0.0-build3,3286,1,LIVE,SYNCHRONISED,AUTOMATIC,NORMAL,65,1950,1950,0,145,145,0.3,0.3,25.48959,39.93,1.028,1,0.0254,0,207.97,46.7378,0.01589,1,0.18,7.643,10.8899,100,HEALTHY,F0,0,0,healthy,0,0,0,,,,,11,0
2026-08-19T17:55:14.056Z,1787162114056,FAN_DT_001_F2_S09_R01_20260819T174539,1,574.177,RECOVERY,F2,0.9,FAN_DT_001,3.0,process-model-3.0.0-build3,3287,1,LIVE,SYNCHRONISED,AUTOMATIC,NORMAL,65,1950,1950,0,145,145,0.3,0.3,25.47505,39.91,1.028,1,0.0254,0,207.97,46.797,0.01586,1,0.18,7.626,10.9037,100,HEALTHY,F0,0,0,healthy,0,0,0,,,,,11,0
2026-08-19T17:55:15.079Z,1787162115079,FAN_DT_001_F2_S09_R01_20260819T174539,1,575.199,RECOVERY,F2,0.9,FAN_DT_001,3.0,process-model-3.0.0-build3,3288,1,LIVE,SYNCHRONISED,AUTOMATIC,NORMAL,65,1950,1950,0,145,145,0.3,0.3,25.46021,39.9,1.028,1,0.0254,0,207.97,46.8564,0.01586,1,0.18,7.624,10.9175,100,HEALTHY,F0,0,0,healthy,0,0,0,,,,,11,0
2026-08-19T17:55:16.178Z,1787162116178,FAN_DT_001_F2_S09_R01_20260819T174539,1,576.299,RECOVERY,F2,0.9,FAN_DT_001,3.0,process-model-3.0.0-build3,3289,1,LIVE,SYNCHRONISED,AUTOMATIC,NORMAL,65,1950,1950,0,145,145,0.3,0.3,25.44519,39.88,1.028,1,0.0254,0,207.97,46.9156,0.01582,1,0.18,7.605,10.9313,100,HEALTHY,F0,0,0,healthy,0,0,0,,,,,11,0
2026-08-19T17:55:17.131Z,1787162117131,FAN_DT_001_F2_S09_R01_20260819T174539,1,577.252,RECOVERY,F2,0.9,FAN_DT_001,3.0,process-model-3.0.0-build3,3290,1,LIVE,SYNCHRONISED,AUTOMATIC,NORMAL,65,1950,1950,0,145,145,0.3,0.3,25.42987,39.86,1.028,1,0.0254,0,207.97,46.9751,0.0158,1,0.18,7.599,10.9452,100,HEALTHY,F0,0,0,healthy,0,0,0,,,,,11,0
2026-08-19T17:55:18.166Z,1787162118166,FAN_DT_001_F2_S09_R01_20260819T174539,1,578.287,RECOVERY,F2,0.9,FAN_DT_001,3.0,process-model-3.0.0-build3,3291,1,LIVE,SYNCHRONISED,AUTOMATIC,NORMAL,65,1950,1950,0,145,145,0.3,0.3,25.41442,39.85,1.028,1,0.0254,0,207.97,47.0342,0.01581,1,0.18,7.601,10.959,100,HEALTHY,F0,0,0,healthy,0,0,0,,,,,11,0
2026-08-19T17:55:19.192Z,1787162119192,FAN_DT_001_F2_S09_R01_20260819T174539,1,579.312,RECOVERY,F2,0.9,FAN_DT_001,3.0,process-model-3.0.0-build3,3292,1,LIVE,SYNCHRONISED,AUTOMATIC,NORMAL,65,1950,1950,0,145,145,0.3,0.3,25.39861,39.83,1.028,1,0.0254,0,207.97,47.0939,0.0158,1,0.18,7.599,10.9729,100,HEALTHY,F0,0,0,healthy,0,0,0,,,,,11,0
2026-08-19T17:55:20.218Z,1787162120218,FAN_DT_001_F2_S09_R01_20260819T174539,1,580.338,RECOVERY,F2,0.9,FAN_DT_001,3.0,process-model-3.0.0-build3,3293,1,LIVE,SYNCHRONISED,AUTOMATIC,NORMAL,65,1950,1950,0,145,145,0.3,0.3,25.38268,39.82,1.028,1,0.0254,0,207.97,47.1532,0.01578,1,0.18,7.587,10.9867,100,HEALTHY,F0,0,0,healthy,0,0,0,,,,,11,0
2026-08-19T17:55:21.248Z,1787162121248,FAN_DT_001_F2_S09_R01_20260819T174539,1,581.368,RECOVERY,F2,0.9,FAN_DT_001,3.0,process-model-3.0.0-build3,3294,1,LIVE,SYNCHRONISED,AUTOMATIC,NORMAL,65,1950,1950,0,145,145,0.3,0.3,25.36661,39.8,1.028,1,0.0254,0,207.97,47.2123,0.01577,1,0.18,7.582,11.0005,100,HEALTHY,F0,0,0,healthy,0,0,0,,,,,11,0
2026-08-19T17:55:22.274Z,1787162122274,FAN_DT_001_F2_S09_R01_20260819T174539,1,582.394,RECOVERY,F2,0.9,FAN_DT_001,3.0,process-model-3.0.0-build3,3295,1,LIVE,SYNCHRONISED,AUTOMATIC,NORMAL,65,1950,1950,0,145,145,0.3,0.3,25.35023,39.78,1.028,1,0.0254,0,207.97,47.2718,0.01579,1,0.18,7.593,11.0143,100,HEALTHY,F0,0,0,healthy,0,0,0,,,,,11,0
2026-08-19T17:55:23.340Z,1787162123340,FAN_DT_001_F2_S09_R01_20260819T174539,1,583.461,RECOVERY,F2,0.9,FAN_DT_001,3.0,process-model-3.0.0-build3,3296,1,LIVE,SYNCHRONISED,AUTOMATIC,NORMAL,65,1950,1950,0,145,145,0.3,0.3,25.33377,39.77,1.028,1,0.0254,0,207.97,47.331,0.01578,1,0.18,7.589,11.0281,100,HEALTHY,F0,0,0,healthy,0,0,0,,,,,11,0
2026-08-19T17:55:24.334Z,1787162124334,FAN_DT_001_F2_S09_R01_20260819T174539,1,584.454,RECOVERY,F2,0.9,FAN_DT_001,3.0,process-model-3.0.0-build3,3297,1,LIVE,SYNCHRONISED,AUTOMATIC,NORMAL,65,1950,1950,0,145,145,0.3,0.3,25.31705,39.75,1.028,1,0.0254,0,207.97,47.3904,0.0158,1,0.18,7.599,11.042,100,HEALTHY,F0,0,0,healthy,0,0,0,,,,,11,0
2026-08-19T17:55:25.361Z,1787162125361,FAN_DT_001_F2_S09_R01_20260819T174539,1,585.481,RECOVERY,F2,0.9,FAN_DT_001,3.0,process-model-3.0.0-build3,3298,1,LIVE,SYNCHRONISED,AUTOMATIC,NORMAL,65,1950,1950,0,145,145,0.3,0.3,25.30024,39.73,1.028,1,0.0254,0,207.97,47.4496,0.01581,1,0.18,7.601,11.0558,100,HEALTHY,F0,0,0,healthy,0,0,0,,,,,11,0
2026-08-19T17:55:26.391Z,1787162126391,FAN_DT_001_F2_S09_R01_20260819T174539,1,586.511,RECOVERY,F2,0.9,FAN_DT_001,3.0,process-model-3.0.0-build3,3299,1,LIVE,SYNCHRONISED,AUTOMATIC,NORMAL,65,1950,1950,0,145,145,0.3,0.3,25.28323,39.72,1.028,1,0.0254,0,207.97,47.509,0.0158,1,0.18,7.599,11.0696,100,HEALTHY,F0,0,0,healthy,0,0,0,,,,,11,0
2026-08-19T17:55:27.417Z,1787162127417,FAN_DT_001_F2_S09_R01_20260819T174539,1,587.538,RECOVERY,F2,0.9,FAN_DT_001,3.0,process-model-3.0.0-build3,3300,1,LIVE,SYNCHRONISED,AUTOMATIC,NORMAL,65,1950,1950,0,145,145,0.3,0.3,25.26607,39.7,1.028,1,0.0254,0,207.97,47.5684,0.01582,1,0.18,7.607,11.0834,100,HEALTHY,F0,0,0,healthy,0,0,0,,,,,11,0
2026-08-19T17:55:28.454Z,1787162128454,FAN_DT_001_F2_S09_R01_20260819T174539,1,588.575,RECOVERY,F2,0.9,FAN_DT_001,3.0,process-model-3.0.0-build3,3301,1,LIVE,SYNCHRONISED,AUTOMATIC,NORMAL,65,1950,1950,0,145,145,0.3,0.3,25.24881,39.69,1.028,1,0.0254,0,207.97,47.6276,0.01585,1,0.18,7.62,11.0972,100,HEALTHY,F0,0,0,healthy,0,0,0,,,,,11,0
2026-08-19T17:55:29.491Z,1787162129491,FAN_DT_001_F2_S09_R01_20260819T174539,1,589.612,RECOVERY,F2,0.9,FAN_DT_001,3.0,process-model-3.0.0-build3,3302,1,LIVE,SYNCHRONISED,AUTOMATIC,NORMAL,65,1950,1950,0,145,145,0.3,0.3,25.23134,39.67,1.028,1,0.0254,0,207.97,47.6871,0.01586,1,0.18,7.628,11.1111,100,HEALTHY,F0,0,0,healthy,0,0,0,,,,,11,0
2026-08-19T17:55:30.545Z,1787162130545,FAN_DT_001_F2_S09_R01_20260819T174539,1,590.666,RECOVERY,F2,0.9,FAN_DT_001,3.0,process-model-3.0.0-build3,3303,1,LIVE,SYNCHRONISED,AUTOMATIC,NORMAL,65,1950,1950,0,145,145,0.3,0.3,25.21386,39.65,1.028,1,0.0254,0,207.97,47.7463,0.01589,1,0.18,7.643,11.1249,100,HEALTHY,F0,0,0,healthy,0,0,0,,,,,11,0
2026-08-19T17:55:31.533Z,1787162131533,FAN_DT_001_F2_S09_R01_20260819T174539,1,591.653,RECOVERY,F2,0.9,FAN_DT_001,3.0,process-model-3.0.0-build3,3304,1,LIVE,SYNCHRONISED,AUTOMATIC,NORMAL,65,1950,1950,0,145,145,0.3,0.3,25.19616,39.64,1.028,1,0.0254,0,207.97,47.8058,0.01589,1,0.18,7.643,11.1387,100,HEALTHY,F0,0,0,healthy,0,0,0,,,,,11,0
2026-08-19T17:55:32.570Z,1787162132570,FAN_DT_001_F2_S09_R01_20260819T174539,1,592.69,RECOVERY,F2,0.9,FAN_DT_001,3.0,process-model-3.0.0-build3,3305,1,LIVE,SYNCHRONISED,AUTOMATIC,NORMAL,65,1950,1950,0,145,145,0.3,0.3,25.17838,39.62,1.028,1,0.0254,0,207.97,47.8652,0.01592,1,0.18,7.657,11.1526,100,HEALTHY,F0,0,0,healthy,0,0,0,,,,,11,0
2026-08-19T17:55:33.593Z,1787162133593,FAN_DT_001_F2_S09_R01_20260819T174539,1,593.714,RECOVERY,F2,0.9,FAN_DT_001,3.0,process-model-3.0.0-build3,3306,1,LIVE,SYNCHRONISED,AUTOMATIC,NORMAL,65,1950,1950,0,145,145,0.3,0.3,25.16055,39.6,1.028,1,0.0254,0,207.97,47.9245,0.01595,1,0.18,7.67,11.1664,100,HEALTHY,F0,0,0,healthy,0,0,0,,,,,11,0
2026-08-19T17:55:34.622Z,1787162134622,FAN_DT_001_F2_S09_R01_20260819T174539,1,594.742,RECOVERY,F2,0.9,FAN_DT_001,3.0,process-model-3.0.0-build3,3307,1,LIVE,SYNCHRONISED,AUTOMATIC,NORMAL,65,1950,1950,0,145,145,0.3,0.3,25.14257,39.59,1.028,1,0.0254,0,207.97,47.984,0.01599,1,0.18,7.69,11.1803,100,HEALTHY,F0,0,0,healthy,0,0,0,,,,,11,0
2026-08-19T17:55:35.659Z,1787162135659,FAN_DT_001_F2_S09_R01_20260819T174539,1,595.78,RECOVERY,F2,0.9,FAN_DT_001,3.0,process-model-3.0.0-build3,3308,1,LIVE,SYNCHRONISED,AUTOMATIC,NORMAL,65,1950,1950,0,145,145,0.3,0.3,25.12464,39.57,1.028,1,0.0254,0,207.97,48.0431,0.016,1,0.18,7.695,11.194,100,HEALTHY,F0,0,0,healthy,0,0,0,,,,,11,0
2026-08-19T17:55:38.952Z,1787162138952,FAN_DT_001_F2_S09_R01_20260819T174539,1,599.073,RECOVERY,F2,0.9,FAN_DT_001,3.0,process-model-3.0.0-build3,3309,1,DELAYED,DELAYED,AUTOMATIC,NORMAL,65,1950,1950,0,145,145,0.3,0.3,25.10651,39.55,1.028,1,0.0254,0,207.97,48.1026,0.01604,1,0.18,7.713,11.2079,100,HEALTHY,F0,0,0,healthy,0,0,0,,,,,11,0
2026-08-19T17:55:38.953Z,1787162138953,FAN_DT_001_F2_S09_R01_20260819T174539,1,599.074,RECOVERY,F2,0.9,FAN_DT_001,3.0,process-model-3.0.0-build3,3310,1,LIVE,SYNCHRONISED,AUTOMATIC,NORMAL,65,1950,1950,0,145,145,0.3,0.3,25.08845,39.54,1.028,1,0.0254,0,207.97,48.1617,0.01605,1,0.18,7.718,11.2217,100,HEALTHY,F0,0,0,healthy,0,0,0,,,,,11,0
2026-08-19T17:55:38.979Z,1787162138979,FAN_DT_001_F2_S09_R01_20260819T174539,1,599.101,RECOVERY,F2,0.9,FAN_DT_001,3.0,process-model-3.0.0-build3,3311,1,LIVE,SYNCHRONISED,AUTOMATIC,NORMAL,65,1950,1950,0,145,145,0.3,0.3,25.07023,39.52,1.028,1,0.0254,0,207.97,48.2212,0.01608,1,0.18,7.73,11.2356,100,HEALTHY,F0,0,0,healthy,0,0,0,,,,,11,0
2026-08-19T17:55:39.768Z,1787162139768,FAN_DT_001_F2_S09_R01_20260819T174539,1,599.889,RECOVERY,F2,0.9,FAN_DT_001,3.0,process-model-3.0.0-build3,3312,1,LIVE,SYNCHRONISED,AUTOMATIC,NORMAL,65,1950,1950,0,145,145,0.3,0.3,25.0521,39.51,1.028,1,0.0254,0,207.97,48.2803,0.01613,1,0.18,7.754,11.2493,100,HEALTHY,F0,0,0,healthy,0,0,0,,,,,11,0
