ts_iso,ts_ms,run_id,replicate,experiment_elapsed_s,experiment_phase,selected_fault_code,selected_fault_severity,asset_id,schema_version,model_version,sequence_id,sequence_gap,stream_status,synchronisation_status,control_mode,operating_mode,speed_command_pct,target_rpm,actual_rpm,speed_error_rpm,process_heat_load_w,effective_process_heat_load_w,mechanical_load,effective_mechanical_load,ambient_temperature_c,temperature_c,current_a,current_multiplier,vibration_g,vibration_offset_g,power_w,energy_wh,cooling_rate_c_per_s,cooling_efficiency,thermal_resistance_c_per_w,legacy_thermal_eff_index,co2_g,health_overall,health_status,embedded_fault_code,embedded_fault_class_id,embedded_fault_binary_label,embedded_fault_label,embedded_fault_severity,embedded_fault_active,anomaly,ai_fault_code,ai_fault_label,ai_confidence,ai_severity,accepted_commands,rejected_commands
2026-08-19T15:08:54.861Z,1787152134861,FAN_DT_001_F0_S00_R02_20260819T150854,2,0.034,BASELINE,F0,0,FAN_DT_001,3.0,process-model-3.0.0-build3,4868,1,LIVE,SYNCHRONISED,AUTOMATIC,NORMAL,65,1950,1950,0,145,145,0.3,0.3,24.48241,38.42,1.028,1,0.0254,0,207.97,27.8158,0.00751,1,0.18,3.613,6.4811,100,HEALTHY,F0,0,0,healthy,0,0,0,,,,,15,0
2026-08-19T15:08:55.894Z,1787152135894,FAN_DT_001_F0_S00_R02_20260819T150854,2,1.068,BASELINE,F0,0,FAN_DT_001,3.0,process-model-3.0.0-build3,4869,1,LIVE,SYNCHRONISED,AUTOMATIC,NORMAL,65,1950,1950,0,145,145,0.3,0.3,24.46855,38.41,1.028,1,0.0254,0,207.97,0.0596,0.0076,1,0.18,3.654,0.0139,100,HEALTHY,F0,0,0,healthy,0,0,0,,,,,16,0
2026-08-19T15:08:56.921Z,1787152136921,FAN_DT_001_F0_S00_R02_20260819T150854,2,2.095,BASELINE,F0,0,FAN_DT_001,3.0,process-model-3.0.0-build3,4870,1,LIVE,SYNCHRONISED,AUTOMATIC,NORMAL,65,1950,1950,0,145,145,0.3,0.3,24.45504,38.4,1.028,1,0.0254,0,207.97,0.119,0.00772,1,0.18,3.712,0.0277,100,HEALTHY,F0,0,0,healthy,0,0,0,,,,,16,0
2026-08-19T15:08:57.952Z,1787152137952,FAN_DT_001_F0_S00_R02_20260819T150854,2,3.125,BASELINE,F0,0,FAN_DT_001,3.0,process-model-3.0.0-build3,4871,1,LIVE,SYNCHRONISED,AUTOMATIC,NORMAL,65,1950,1950,0,145,145,0.3,0.3,24.44184,38.39,1.028,1,0.0254,0,207.97,0.1782,0.0078,1,0.18,3.752,0.0415,100,HEALTHY,F0,0,0,healthy,0,0,0,,,,,16,0
2026-08-19T15:08:58.980Z,1787152138980,FAN_DT_001_F0_S00_R02_20260819T150854,2,4.153,BASELINE,F0,0,FAN_DT_001,3.0,process-model-3.0.0-build3,4872,1,LIVE,SYNCHRONISED,AUTOMATIC,NORMAL,65,1950,1950,0,145,145,0.3,0.3,24.4289,38.39,1.028,1,0.0254,0,207.97,0.2376,0.00787,1,0.18,3.785,0.0554,100,HEALTHY,F0,0,0,healthy,0,0,0,,,,,16,0
2026-08-19T15:09:00.007Z,1787152140007,FAN_DT_001_F0_S00_R02_20260819T150854,2,5.181,BASELINE,F0,0,FAN_DT_001,3.0,process-model-3.0.0-build3,4873,1,LIVE,SYNCHRONISED,AUTOMATIC,NORMAL,65,1950,1950,0,145,145,0.3,0.3,24.41627,38.38,1.028,1,0.0254,0,207.97,0.2969,0.00796,1,0.18,3.826,0.0692,100,HEALTHY,F0,0,0,healthy,0,0,0,,,,,16,0
2026-08-19T15:09:01.034Z,1787152141034,FAN_DT_001_F0_S00_R02_20260819T150854,2,6.207,BASELINE,F0,0,FAN_DT_001,3.0,process-model-3.0.0-build3,4874,1,LIVE,SYNCHRONISED,AUTOMATIC,NORMAL,65,1950,1950,0,145,145,0.3,0.3,24.40397,38.37,1.028,1,0.0254,0,207.97,0.356,0.008,1,0.18,3.849,0.083,100,HEALTHY,F0,0,0,healthy,0,0,0,,,,,16,0
2026-08-19T15:09:02.062Z,1787152142062,FAN_DT_001_F0_S00_R02_20260819T150854,2,7.235,BASELINE,F0,0,FAN_DT_001,3.0,process-model-3.0.0-build3,4875,1,LIVE,SYNCHRONISED,AUTOMATIC,NORMAL,65,1950,1950,0,145,145,0.3,0.3,24.39196,38.36,1.028,1,0.0254,0,207.97,0.4154,0.00808,1,0.18,3.885,0.0968,100,HEALTHY,F0,0,0,healthy,0,0,0,,,,,16,0
2026-08-19T15:09:03.086Z,1787152143086,FAN_DT_001_F0_S00_R02_20260819T150854,2,8.259,BASELINE,F0,0,FAN_DT_001,3.0,process-model-3.0.0-build3,4876,1,LIVE,SYNCHRONISED,AUTOMATIC,NORMAL,65,1950,1950,0,145,145,0.3,0.3,24.38025,38.35,1.028,1,0.0254,0,207.97,0.4747,0.00812,1,0.18,3.904,0.1106,100,HEALTHY,F0,0,0,healthy,0,0,0,,,,,16,0
2026-08-19T15:09:04.116Z,1787152144116,FAN_DT_001_F0_S00_R02_20260819T150854,2,9.29,BASELINE,F0,0,FAN_DT_001,3.0,process-model-3.0.0-build3,4877,1,LIVE,SYNCHRONISED,AUTOMATIC,NORMAL,65,1950,1950,0,145,145,0.3,0.3,24.36889,38.34,1.028,1,0.0254,0,207.97,0.5339,0.00818,1,0.18,3.932,0.1244,100,HEALTHY,F0,0,0,healthy,0,0,0,,,,,16,0
2026-08-19T15:09:05.148Z,1787152145148,FAN_DT_001_F0_S00_R02_20260819T150854,2,10.321,BASELINE,F0,0,FAN_DT_001,3.0,process-model-3.0.0-build3,4878,1,LIVE,SYNCHRONISED,AUTOMATIC,NORMAL,65,1950,1950,0,145,145,0.3,0.3,24.35784,38.34,1.028,1,0.0254,0,207.97,0.5932,0.00823,1,0.18,3.957,0.1382,100,HEALTHY,F0,0,0,healthy,0,0,0,,,,,16,0
2026-08-19T15:09:06.171Z,1787152146171,FAN_DT_001_F0_S00_R02_20260819T150854,2,11.344,BASELINE,F0,0,FAN_DT_001,3.0,process-model-3.0.0-build3,4879,1,LIVE,SYNCHRONISED,AUTOMATIC,NORMAL,65,1950,1950,0,145,145,0.3,0.3,24.34711,38.33,1.028,1,0.0254,0,207.97,0.6526,0.00826,1,0.18,3.974,0.152,100,HEALTHY,F0,0,0,healthy,0,0,0,,,,,16,0
2026-08-19T15:09:07.198Z,1787152147198,FAN_DT_001_F0_S00_R02_20260819T150854,2,12.371,BASELINE,F0,0,FAN_DT_001,3.0,process-model-3.0.0-build3,4880,1,LIVE,SYNCHRONISED,AUTOMATIC,NORMAL,65,1950,1950,0,145,145,0.3,0.3,24.33677,38.32,1.028,1,0.0254,0,207.97,0.7116,0.00829,1,0.18,3.988,0.1658,100,HEALTHY,F0,0,0,healthy,0,0,0,,,,,16,0
2026-08-19T15:09:08.227Z,1787152148227,FAN_DT_001_F0_S00_R02_20260819T150854,2,13.4,BASELINE,F0,0,FAN_DT_001,3.0,process-model-3.0.0-build3,4881,1,LIVE,SYNCHRONISED,AUTOMATIC,NORMAL,65,1950,1950,0,145,145,0.3,0.3,24.32674,38.31,1.028,1,0.0254,0,207.97,0.7709,0.00832,1,0.18,4.001,0.1796,100,HEALTHY,F0,0,0,healthy,0,0,0,,,,,16,0
2026-08-19T15:09:09.251Z,1787152149251,FAN_DT_001_F0_S00_R02_20260819T150854,2,14.424,BASELINE,F0,0,FAN_DT_001,3.0,process-model-3.0.0-build3,4882,1,LIVE,SYNCHRONISED,AUTOMATIC,NORMAL,65,1950,1950,0,145,145,0.3,0.3,24.31706,38.3,1.028,1,0.0254,0,207.97,0.8302,0.00833,1,0.18,4.004,0.1934,100,HEALTHY,F0,0,0,healthy,0,0,0,,,,,16,0
2026-08-19T15:09:10.405Z,1787152150405,FAN_DT_001_F0_S00_R02_20260819T150854,2,15.578,BASELINE,F0,0,FAN_DT_001,3.0,process-model-3.0.0-build3,4883,1,LIVE,SYNCHRONISED,AUTOMATIC,NORMAL,65,1950,1950,0,145,145,0.3,0.3,24.30778,38.29,1.028,1,0.0254,0,207.97,0.8893,0.00835,1,0.18,4.016,0.2072,100,HEALTHY,F0,0,0,healthy,0,0,0,,,,,16,0
2026-08-19T15:09:11.306Z,1787152151306,FAN_DT_001_F0_S00_R02_20260819T150854,2,16.478,BASELINE,F0,0,FAN_DT_001,3.0,process-model-3.0.0-build3,4884,1,LIVE,SYNCHRONISED,AUTOMATIC,NORMAL,65,1950,1950,0,145,145,0.3,0.3,24.29884,38.28,1.028,1,0.0254,0,207.97,0.9484,0.00834,1,0.18,4.013,0.221,100,HEALTHY,F0,0,0,healthy,0,0,0,,,,,16,0
2026-08-19T15:09:12.339Z,1787152152339,FAN_DT_001_F0_S00_R02_20260819T150854,2,17.511,BASELINE,F0,0,FAN_DT_001,3.0,process-model-3.0.0-build3,4885,1,LIVE,SYNCHRONISED,AUTOMATIC,NORMAL,65,1950,1950,0,145,145,0.3,0.3,24.29022,38.28,1.028,1,0.0254,0,207.97,1.0078,0.00836,1,0.18,4.018,0.2348,100,HEALTHY,F0,0,0,healthy,0,0,0,,,,,16,0
2026-08-19T15:09:13.359Z,1787152153359,FAN_DT_001_F0_S00_R02_20260819T150854,2,18.532,BASELINE,F0,0,FAN_DT_001,3.0,process-model-3.0.0-build3,4886,1,LIVE,SYNCHRONISED,AUTOMATIC,NORMAL,65,1950,1950,0,145,145,0.3,0.3,24.28199,38.27,1.028,1,0.0254,0,207.97,1.067,0.00835,1,0.18,4.016,0.2486,100,HEALTHY,F0,0,0,healthy,0,0,0,,,,,16,0
2026-08-19T15:09:14.388Z,1787152154388,FAN_DT_001_F0_S00_R02_20260819T150854,2,19.561,BASELINE,F0,0,FAN_DT_001,3.0,process-model-3.0.0-build3,4887,1,LIVE,SYNCHRONISED,AUTOMATIC,NORMAL,65,1950,1950,0,145,145,0.3,0.3,24.27415,38.26,1.028,1,0.0254,0,207.97,1.1261,0.00834,1,0.18,4.013,0.2624,100,HEALTHY,F0,0,0,healthy,0,0,0,,,,,16,0
2026-08-19T15:09:15.411Z,1787152155411,FAN_DT_001_F0_S00_R02_20260819T150854,2,20.584,BASELINE,F0,0,FAN_DT_001,3.0,process-model-3.0.0-build3,4888,1,LIVE,SYNCHRONISED,AUTOMATIC,NORMAL,65,1950,1950,0,145,145,0.3,0.3,24.26666,38.25,1.028,1,0.0254,0,207.97,1.1855,0.00833,1,0.18,4.006,0.2762,100,HEALTHY,F0,0,0,healthy,0,0,0,,,,,16,0
2026-08-19T15:09:16.442Z,1787152156442,FAN_DT_001_F0_S00_R02_20260819T150854,2,21.615,BASELINE,F0,0,FAN_DT_001,3.0,process-model-3.0.0-build3,4889,1,LIVE,SYNCHRONISED,AUTOMATIC,NORMAL,65,1950,1950,0,145,145,0.3,0.3,24.25955,38.24,1.028,1,0.0254,0,207.97,1.2449,0.00829,1,0.18,3.988,0.2901,100,HEALTHY,F0,0,0,healthy,0,0,0,,,,,16,0
2026-08-19T15:09:17.474Z,1787152157474,FAN_DT_001_F0_S00_R02_20260819T150854,2,22.647,BASELINE,F0,0,FAN_DT_001,3.0,process-model-3.0.0-build3,4890,1,LIVE,SYNCHRONISED,AUTOMATIC,NORMAL,65,1950,1950,0,145,145,0.3,0.3,24.25284,38.23,1.028,1,0.0254,0,207.97,1.3041,0.00826,1,0.18,3.969,0.3039,100,HEALTHY,F0,0,0,healthy,0,0,0,,,,,16,0
2026-08-19T15:09:18.502Z,1787152158502,FAN_DT_001_F0_S00_R02_20260819T150854,2,23.675,BASELINE,F0,0,FAN_DT_001,3.0,process-model-3.0.0-build3,4891,1,LIVE,SYNCHRONISED,AUTOMATIC,NORMAL,65,1950,1950,0,145,145,0.3,0.3,24.24651,38.22,1.028,1,0.0254,0,207.97,1.3635,0.00823,1,0.18,3.96,0.3177,100,HEALTHY,F0,0,0,healthy,0,0,0,,,,,16,0
2026-08-19T15:09:19.524Z,1787152159524,FAN_DT_001_F0_S00_R02_20260819T150854,2,24.697,BASELINE,F0,0,FAN_DT_001,3.0,process-model-3.0.0-build3,4892,1,LIVE,SYNCHRONISED,AUTOMATIC,NORMAL,65,1950,1950,0,145,145,0.3,0.3,24.24059,38.22,1.028,1,0.0254,0,207.97,1.4227,0.00818,1,0.18,3.932,0.3315,100,HEALTHY,F0,0,0,healthy,0,0,0,,,,,16,0
2026-08-19T15:09:20.553Z,1787152160553,FAN_DT_001_F0_S00_R02_20260819T150854,2,25.726,BASELINE,F0,0,FAN_DT_001,3.0,process-model-3.0.0-build3,4893,1,LIVE,SYNCHRONISED,AUTOMATIC,NORMAL,65,1950,1950,0,145,145,0.3,0.3,24.23506,38.21,1.028,1,0.0254,0,207.97,1.4818,0.00813,1,0.18,3.91,0.3452,100,HEALTHY,F0,0,0,healthy,0,0,0,,,,,16,0
2026-08-19T15:09:21.581Z,1787152161581,FAN_DT_001_F0_S00_R02_20260819T150854,2,26.754,BASELINE,F0,0,FAN_DT_001,3.0,process-model-3.0.0-build3,4894,1,LIVE,SYNCHRONISED,AUTOMATIC,NORMAL,65,1950,1950,0,145,145,0.3,0.3,24.22992,38.2,1.028,1,0.0254,0,207.97,1.5411,0.00808,1,0.18,3.887,0.3591,100,HEALTHY,F0,0,0,healthy,0,0,0,,,,,16,0
2026-08-19T15:09:22.601Z,1787152162601,FAN_DT_001_F0_S00_R02_20260819T150854,2,27.774,BASELINE,F0,0,FAN_DT_001,3.0,process-model-3.0.0-build3,4895,1,LIVE,SYNCHRONISED,AUTOMATIC,NORMAL,65,1950,1950,0,145,145,0.3,0.3,24.22519,38.19,1.028,1,0.0254,0,207.97,1.6002,0.00803,1,0.18,3.863,0.3729,100,HEALTHY,F0,0,0,healthy,0,0,0,,,,,16,0
2026-08-19T15:09:23.632Z,1787152163632,FAN_DT_001_F0_S00_R02_20260819T150854,2,28.805,BASELINE,F0,0,FAN_DT_001,3.0,process-model-3.0.0-build3,4896,1,LIVE,SYNCHRONISED,AUTOMATIC,NORMAL,65,1950,1950,0,145,145,0.3,0.3,24.22086,38.18,1.028,1,0.0254,0,207.97,1.6593,0.00795,1,0.18,3.824,0.3866,100,HEALTHY,F0,0,0,healthy,0,0,0,,,,,16,0
2026-08-19T15:09:24.680Z,1787152164680,FAN_DT_001_F0_S00_R02_20260819T150854,2,29.853,BASELINE,F0,0,FAN_DT_001,3.0,process-model-3.0.0-build3,4897,1,LIVE,SYNCHRONISED,AUTOMATIC,NORMAL,65,1950,1950,0,145,145,0.3,0.3,24.21692,38.17,1.028,1,0.0254,0,207.97,1.7186,0.0079,1,0.18,3.801,0.4004,100,HEALTHY,F0,0,0,healthy,0,0,0,,,,,16,0
2026-08-19T15:09:25.680Z,1787152165680,FAN_DT_001_F0_S00_R02_20260819T150854,2,30.853,BASELINE,F0,0,FAN_DT_001,3.0,process-model-3.0.0-build3,4898,1,LIVE,SYNCHRONISED,AUTOMATIC,NORMAL,65,1950,1950,0,145,145,0.3,0.3,24.21342,38.17,1.028,1,0.0254,0,207.97,1.7775,0.00783,1,0.18,3.767,0.4142,100,HEALTHY,F0,0,0,healthy,0,0,0,,,,,16,0
2026-08-19T15:09:26.720Z,1787152166720,FAN_DT_001_F0_S00_R02_20260819T150854,2,31.893,BASELINE,F0,0,FAN_DT_001,3.0,process-model-3.0.0-build3,4899,1,LIVE,SYNCHRONISED,AUTOMATIC,NORMAL,65,1950,1950,0,145,145,0.3,0.3,24.2103,38.16,1.028,1,0.0254,0,207.97,1.8367,0.00775,1,0.18,3.725,0.428,100,HEALTHY,F0,0,0,healthy,0,0,0,,,,,16,0
2026-08-19T15:09:27.735Z,1787152167735,FAN_DT_001_F0_S00_R02_20260819T150854,2,32.908,BASELINE,F0,0,FAN_DT_001,3.0,process-model-3.0.0-build3,4900,1,LIVE,SYNCHRONISED,AUTOMATIC,NORMAL,65,1950,1950,0,145,145,0.3,0.3,24.20758,38.15,1.028,1,0.0254,0,207.97,1.8961,0.00766,1,0.18,3.683,0.4418,100,HEALTHY,F0,0,0,healthy,0,0,0,,,,,16,0
2026-08-19T15:09:28.764Z,1787152168764,FAN_DT_001_F0_S00_R02_20260819T150854,2,33.937,BASELINE,F0,0,FAN_DT_001,3.0,process-model-3.0.0-build3,4901,1,LIVE,SYNCHRONISED,AUTOMATIC,NORMAL,65,1950,1950,0,145,145,0.3,0.3,24.20528,38.14,1.028,1,0.0254,0,207.97,1.9554,0.00757,1,0.18,3.64,0.4556,100,HEALTHY,F0,0,0,healthy,0,0,0,,,,,16,0
2026-08-19T15:09:29.792Z,1787152169792,FAN_DT_001_F0_S00_R02_20260819T150854,2,34.965,BASELINE,F0,0,FAN_DT_001,3.0,process-model-3.0.0-build3,4902,1,LIVE,SYNCHRONISED,AUTOMATIC,NORMAL,65,1950,1950,0,145,145,0.3,0.3,24.2034,38.14,1.028,1,0.0254,0,207.97,2.0146,0.00746,1,0.18,3.585,0.4694,100,HEALTHY,F0,0,0,healthy,0,0,0,,,,,16,0
2026-08-19T15:09:30.823Z,1787152170823,FAN_DT_001_F0_S00_R02_20260819T150854,2,35.996,BASELINE,F0,0,FAN_DT_001,3.0,process-model-3.0.0-build3,4903,1,LIVE,SYNCHRONISED,AUTOMATIC,NORMAL,65,1950,1950,0,145,145,0.3,0.3,24.20193,38.13,1.028,1,0.0254,0,207.97,2.0739,0.00736,1,0.18,3.54,0.4832,100,HEALTHY,F0,0,0,healthy,0,0,0,,,,,16,0
2026-08-19T15:09:31.849Z,1787152171849,FAN_DT_001_F0_S00_R02_20260819T150854,2,37.022,BASELINE,F0,0,FAN_DT_001,3.0,process-model-3.0.0-build3,4904,1,LIVE,SYNCHRONISED,AUTOMATIC,NORMAL,65,1950,1950,0,145,145,0.3,0.3,24.20087,38.12,1.028,1,0.0254,0,207.97,2.1333,0.00727,1,0.18,3.494,0.4971,100,HEALTHY,F0,0,0,healthy,0,0,0,,,,,16,0
2026-08-19T15:09:32.871Z,1787152172871,FAN_DT_001_F0_S00_R02_20260819T150854,2,38.044,BASELINE,F0,0,FAN_DT_001,3.0,process-model-3.0.0-build3,4905,1,LIVE,SYNCHRONISED,AUTOMATIC,NORMAL,65,1950,1950,0,145,145,0.3,0.3,24.20023,38.11,1.028,1,0.0254,0,207.97,2.1924,0.00715,1,0.18,3.438,0.5108,100,HEALTHY,F0,0,0,healthy,0,0,0,,,,,16,0
2026-08-19T15:09:33.899Z,1787152173899,FAN_DT_001_F0_S00_R02_20260819T150854,2,39.072,BASELINE,F0,0,FAN_DT_001,3.0,process-model-3.0.0-build3,4906,1,LIVE,SYNCHRONISED,AUTOMATIC,NORMAL,65,1950,1950,0,145,145,0.3,0.3,24.2,38.11,1.028,1,0.0254,0,207.97,2.2517,0.00702,1,0.18,3.377,0.5246,100,HEALTHY,F0,0,0,healthy,0,0,0,,,,,16,0
2026-08-19T15:09:34.928Z,1787152174928,FAN_DT_001_F0_S00_R02_20260819T150854,2,40.102,BASELINE,F0,0,FAN_DT_001,3.0,process-model-3.0.0-build3,4907,1,LIVE,SYNCHRONISED,AUTOMATIC,NORMAL,65,1950,1950,0,145,145,0.3,0.3,24.20019,38.1,1.028,1,0.0254,0,207.97,2.3108,0.00692,1,0.18,3.327,0.5384,100,HEALTHY,F0,0,0,healthy,0,0,0,,,,,16,0
2026-08-19T15:09:35.954Z,1787152175954,FAN_DT_001_F0_S00_R02_20260819T150854,2,41.127,BASELINE,F0,0,FAN_DT_001,3.0,process-model-3.0.0-build3,4908,1,LIVE,SYNCHRONISED,AUTOMATIC,NORMAL,65,1950,1950,0,145,145,0.3,0.3,24.20079,38.09,1.028,1,0.0254,0,207.97,2.3701,0.00678,1,0.18,3.261,0.5522,100,HEALTHY,F0,0,0,healthy,0,0,0,,,,,16,0
2026-08-19T15:09:36.982Z,1787152176982,FAN_DT_001_F0_S00_R02_20260819T150854,2,42.155,BASELINE,F0,0,FAN_DT_001,3.0,process-model-3.0.0-build3,4909,1,LIVE,SYNCHRONISED,AUTOMATIC,NORMAL,65,1950,1950,0,145,145,0.3,0.3,24.20181,38.08,1.028,1,0.0254,0,207.97,2.4293,0.00665,1,0.18,3.196,0.566,100,HEALTHY,F0,0,0,healthy,0,0,0,,,,,16,0
2026-08-19T15:09:38.010Z,1787152178010,FAN_DT_001_F0_S00_R02_20260819T150854,2,43.183,BASELINE,F0,0,FAN_DT_001,3.0,process-model-3.0.0-build3,4910,1,LIVE,SYNCHRONISED,AUTOMATIC,NORMAL,65,1950,1950,0,145,145,0.3,0.3,24.20324,38.08,1.028,1,0.0254,0,207.97,2.4884,0.0065,1,0.18,3.126,0.5798,100,HEALTHY,F0,0,0,healthy,0,0,0,,,,,16,0
2026-08-19T15:09:39.037Z,1787152179037,FAN_DT_001_F0_S00_R02_20260819T150854,2,44.21,BASELINE,F0,0,FAN_DT_001,3.0,process-model-3.0.0-build3,4911,1,LIVE,SYNCHRONISED,AUTOMATIC,NORMAL,65,1950,1950,0,145,145,0.3,0.3,24.2051,38.07,1.028,1,0.0254,0,207.97,2.5478,0.00639,1,0.18,3.072,0.5936,100,HEALTHY,F0,0,0,healthy,0,0,0,,,,,16,0
2026-08-19T15:09:40.063Z,1787152180063,FAN_DT_001_F0_S00_R02_20260819T150854,2,45.236,BASELINE,F0,0,FAN_DT_001,3.0,process-model-3.0.0-build3,4912,1,LIVE,SYNCHRONISED,AUTOMATIC,NORMAL,65,1950,1950,0,145,145,0.3,0.3,24.20736,38.06,1.028,1,0.0254,0,207.97,2.6071,0.00622,1,0.18,2.99,0.6075,100,HEALTHY,F0,0,0,healthy,0,0,0,,,,,16,0
2026-08-19T15:09:41.089Z,1787152181089,FAN_DT_001_F0_S00_R02_20260819T150854,2,46.262,BASELINE,F0,0,FAN_DT_001,3.0,process-model-3.0.0-build3,4913,1,LIVE,SYNCHRONISED,AUTOMATIC,NORMAL,65,1950,1950,0,145,145,0.3,0.3,24.21002,38.06,1.028,1,0.0254,0,207.97,2.6661,0.00607,1,0.18,2.918,0.6212,100,HEALTHY,F0,0,0,healthy,0,0,0,,,,,16,0
2026-08-19T15:09:42.120Z,1787152182120,FAN_DT_001_F0_S00_R02_20260819T150854,2,47.293,BASELINE,F0,0,FAN_DT_001,3.0,process-model-3.0.0-build3,4914,1,LIVE,SYNCHRONISED,AUTOMATIC,NORMAL,65,1950,1950,0,145,145,0.3,0.3,24.21311,38.05,1.028,1,0.0254,0,207.97,2.7256,0.00592,1,0.18,2.845,0.6351,100,HEALTHY,F0,0,0,healthy,0,0,0,,,,,16,0
2026-08-19T15:09:43.164Z,1787152183164,FAN_DT_001_F0_S00_R02_20260819T150854,2,48.337,BASELINE,F0,0,FAN_DT_001,3.0,process-model-3.0.0-build3,4915,1,LIVE,SYNCHRONISED,AUTOMATIC,NORMAL,65,1950,1950,0,145,145,0.3,0.3,24.21662,38.05,1.028,1,0.0254,0,207.97,2.785,0.00577,1,0.18,2.773,0.6489,100,HEALTHY,F0,0,0,healthy,0,0,0,,,,,16,0
2026-08-19T15:09:44.171Z,1787152184171,FAN_DT_001_F0_S00_R02_20260819T150854,2,49.344,BASELINE,F0,0,FAN_DT_001,3.0,process-model-3.0.0-build3,4916,1,LIVE,SYNCHRONISED,AUTOMATIC,NORMAL,65,1950,1950,0,145,145,0.3,0.3,24.2205,38.04,1.028,1,0.0254,0,207.97,2.8441,0.00561,1,0.18,2.696,0.6627,100,HEALTHY,F0,0,0,healthy,0,0,0,,,,,16,0
2026-08-19T15:09:45.202Z,1787152185202,FAN_DT_001_F0_S00_R02_20260819T150854,2,50.375,BASELINE,F0,0,FAN_DT_001,3.0,process-model-3.0.0-build3,4917,1,LIVE,SYNCHRONISED,AUTOMATIC,NORMAL,65,1950,1950,0,145,145,0.3,0.3,24.2248,38.03,1.028,1,0.0254,0,207.97,2.9033,0.00545,1,0.18,2.623,0.6765,100,HEALTHY,F0,0,0,healthy,0,0,0,,,,,16,0
2026-08-19T15:09:46.230Z,1787152186230,FAN_DT_001_F0_S00_R02_20260819T150854,2,51.403,BASELINE,F0,0,FAN_DT_001,3.0,process-model-3.0.0-build3,4918,1,LIVE,SYNCHRONISED,AUTOMATIC,NORMAL,65,1950,1950,0,145,145,0.3,0.3,24.22952,38.03,1.028,1,0.0254,0,207.97,2.9627,0.00527,1,0.18,2.533,0.6903,100,HEALTHY,F0,0,0,healthy,0,0,0,,,,,16,0
2026-08-19T15:09:47.252Z,1787152187252,FAN_DT_001_F0_S00_R02_20260819T150854,2,52.425,BASELINE,F0,0,FAN_DT_001,3.0,process-model-3.0.0-build3,4919,1,LIVE,SYNCHRONISED,AUTOMATIC,NORMAL,65,1950,1950,0,145,145,0.3,0.3,24.23462,38.02,1.028,1,0.0254,0,207.97,3.0219,0.00511,1,0.18,2.455,0.7041,100,HEALTHY,F0,0,0,healthy,0,0,0,,,,,16,0
2026-08-19T15:09:48.283Z,1787152188283,FAN_DT_001_F0_S00_R02_20260819T150854,2,53.456,BASELINE,F0,0,FAN_DT_001,3.0,process-model-3.0.0-build3,4920,1,LIVE,SYNCHRONISED,AUTOMATIC,NORMAL,65,1950,1950,0,145,145,0.3,0.3,24.24012,38.02,1.028,1,0.0254,0,207.97,3.0811,0.00491,1,0.18,2.362,0.7179,100,HEALTHY,F0,0,0,healthy,0,0,0,,,,,16,0
2026-08-19T15:09:49.312Z,1787152189312,FAN_DT_001_F0_S00_R02_20260819T150854,2,54.485,BASELINE,F0,0,FAN_DT_001,3.0,process-model-3.0.0-build3,4921,1,LIVE,SYNCHRONISED,AUTOMATIC,NORMAL,65,1950,1950,0,145,145,0.3,0.3,24.24602,38.01,1.028,1,0.0254,0,207.97,3.1403,0.00476,1,0.18,2.289,0.7317,100,HEALTHY,F0,0,0,healthy,0,0,0,,,,,16,0
2026-08-19T15:09:50.338Z,1787152190338,FAN_DT_001_F0_S00_R02_20260819T150854,2,55.511,BASELINE,F0,0,FAN_DT_001,3.0,process-model-3.0.0-build3,4922,1,LIVE,SYNCHRONISED,AUTOMATIC,NORMAL,65,1950,1950,0,145,145,0.3,0.3,24.25234,38.01,1.028,1,0.0254,0,207.97,3.1998,0.00457,1,0.18,2.198,0.7456,100,HEALTHY,F0,0,0,healthy,0,0,0,,,,,16,0
2026-08-19T15:09:51.364Z,1787152191364,FAN_DT_001_F0_S00_R02_20260819T150854,2,56.537,BASELINE,F0,0,FAN_DT_001,3.0,process-model-3.0.0-build3,4923,1,LIVE,SYNCHRONISED,AUTOMATIC,NORMAL,65,1950,1950,0,145,145,0.3,0.3,24.259,38,1.028,1,0.0254,0,207.97,3.2589,0.00438,1,0.18,2.105,0.7593,100,HEALTHY,F0,0,0,healthy,0,0,0,,,,,16,0
2026-08-19T15:09:52.395Z,1787152192395,FAN_DT_001_F0_S00_R02_20260819T150854,2,57.568,BASELINE,F0,0,FAN_DT_001,3.0,process-model-3.0.0-build3,4924,1,LIVE,SYNCHRONISED,AUTOMATIC,NORMAL,65,1950,1950,0,145,145,0.3,0.3,24.26606,38,1.028,1,0.0254,0,207.97,3.3181,0.00419,1,0.18,2.015,0.7731,100,HEALTHY,F0,0,0,healthy,0,0,0,,,,,16,0
2026-08-19T15:09:53.441Z,1787152193441,FAN_DT_001_F0_S00_R02_20260819T150854,2,58.614,BASELINE,F0,0,FAN_DT_001,3.0,process-model-3.0.0-build3,4925,1,LIVE,SYNCHRONISED,AUTOMATIC,NORMAL,65,1950,1950,0,145,145,0.3,0.3,24.27353,38,1.028,1,0.0254,0,207.97,3.3775,0.004,1,0.18,1.921,0.787,100,HEALTHY,F0,0,0,healthy,0,0,0,,,,,16,0
2026-08-19T15:09:54.450Z,1787152194450,FAN_DT_001_F0_S00_R02_20260819T150854,2,59.623,BASELINE,F0,0,FAN_DT_001,3.0,process-model-3.0.0-build3,4926,1,LIVE,SYNCHRONISED,AUTOMATIC,NORMAL,65,1950,1950,0,145,145,0.3,0.3,24.28137,37.99,1.028,1,0.0254,0,207.97,3.4369,0.00379,1,0.18,1.82,0.8008,100,HEALTHY,F0,0,0,healthy,0,0,0,,,,,16,0
2026-08-19T15:09:55.501Z,1787152195501,FAN_DT_001_F0_S00_R02_20260819T150854,2,60.674,FAULT_ACTIVE,F0,0,FAN_DT_001,3.0,process-model-3.0.0-build3,4927,1,LIVE,SYNCHRONISED,AUTOMATIC,NORMAL,65,1950,1950,0,145,145,0.3,0.3,24.28968,37.99,1.028,1,0.0254,0,207.97,3.4969,0.00358,1,0.18,1.723,0.8148,100,HEALTHY,F0,0,0,healthy,0,0,0,,,,,17,0
2026-08-19T15:09:56.524Z,1787152196524,FAN_DT_001_F0_S00_R02_20260819T150854,2,61.697,FAULT_ACTIVE,F0,0,FAN_DT_001,3.0,process-model-3.0.0-build3,4928,1,LIVE,SYNCHRONISED,AUTOMATIC,NORMAL,65,1950,1950,0,145,145,0.3,0.3,24.29826,37.98,1.028,1,0.0254,0,207.97,3.5563,0.00339,1,0.18,1.632,0.8286,100,HEALTHY,F0,0,0,healthy,0,0,0,,,,,17,0
2026-08-19T15:09:57.547Z,1787152197547,FAN_DT_001_F0_S00_R02_20260819T150854,2,62.721,FAULT_ACTIVE,F0,0,FAN_DT_001,3.0,process-model-3.0.0-build3,4929,1,LIVE,SYNCHRONISED,AUTOMATIC,NORMAL,65,1950,1950,0,145,145,0.3,0.3,24.30721,37.98,1.028,1,0.0254,0,207.97,3.6156,0.0032,1,0.18,1.541,0.8424,100,HEALTHY,F0,0,0,healthy,0,0,0,,,,,17,0
2026-08-19T15:09:58.576Z,1787152198576,FAN_DT_001_F0_S00_R02_20260819T150854,2,63.75,FAULT_ACTIVE,F0,0,FAN_DT_001,3.0,process-model-3.0.0-build3,4930,1,LIVE,SYNCHRONISED,AUTOMATIC,NORMAL,65,1950,1950,0,145,145,0.3,0.3,24.31649,37.98,1.028,1,0.0254,0,207.97,3.6748,0.00298,1,0.18,1.431,0.8562,100,HEALTHY,F0,0,0,healthy,0,0,0,,,,,17,0
2026-08-19T15:09:59.607Z,1787152199607,FAN_DT_001_F0_S00_R02_20260819T150854,2,64.78,FAULT_ACTIVE,F0,0,FAN_DT_001,3.0,process-model-3.0.0-build3,4931,1,LIVE,SYNCHRONISED,AUTOMATIC,NORMAL,65,1950,1950,0,145,145,0.3,0.3,24.32615,37.97,1.028,1,0.0254,0,207.97,3.734,0.00276,1,0.18,1.329,0.87,100,HEALTHY,F0,0,0,healthy,0,0,0,,,,,17,0
2026-08-19T15:10:00.630Z,1787152200630,FAN_DT_001_F0_S00_R02_20260819T150854,2,65.803,FAULT_ACTIVE,F0,0,FAN_DT_001,3.0,process-model-3.0.0-build3,4932,1,LIVE,SYNCHRONISED,AUTOMATIC,NORMAL,65,1950,1950,0,145,145,0.3,0.3,24.33616,37.97,1.028,1,0.0254,0,207.97,3.7934,0.00257,1,0.18,1.237,0.8839,100,HEALTHY,F0,0,0,healthy,0,0,0,,,,,17,0
2026-08-19T15:10:01.692Z,1787152201692,FAN_DT_001_F0_S00_R02_20260819T150854,2,66.866,FAULT_ACTIVE,F0,0,FAN_DT_001,3.0,process-model-3.0.0-build3,4933,1,LIVE,SYNCHRONISED,AUTOMATIC,NORMAL,65,1950,1950,0,145,145,0.3,0.3,24.34649,37.97,1.028,1,0.0254,0,207.97,3.8525,0.00234,1,0.18,1.126,0.8976,100,HEALTHY,F0,0,0,healthy,0,0,0,,,,,17,0
2026-08-19T15:10:02.684Z,1787152202684,FAN_DT_001_F0_S00_R02_20260819T150854,2,67.857,FAULT_ACTIVE,F0,0,FAN_DT_001,3.0,process-model-3.0.0-build3,4934,1,LIVE,SYNCHRONISED,AUTOMATIC,NORMAL,65,1950,1950,0,145,145,0.3,0.3,24.35715,37.97,1.028,1,0.0254,0,207.97,3.9116,0.00215,1,0.18,1.034,0.9114,100,HEALTHY,F0,0,0,healthy,0,0,0,,,,,17,0
2026-08-19T15:10:03.710Z,1787152203710,FAN_DT_001_F0_S00_R02_20260819T150854,2,68.883,FAULT_ACTIVE,F0,0,FAN_DT_001,3.0,process-model-3.0.0-build3,4935,1,LIVE,SYNCHRONISED,AUTOMATIC,NORMAL,65,1950,1950,0,145,145,0.3,0.3,24.36819,37.97,1.028,1,0.0254,0,207.97,3.971,0.00192,1,0.18,0.925,0.9252,100,HEALTHY,F0,0,0,healthy,0,0,0,,,,,17,0
2026-08-19T15:10:04.739Z,1787152204739,FAN_DT_001_F0_S00_R02_20260819T150854,2,69.912,FAULT_ACTIVE,F0,0,FAN_DT_001,3.0,process-model-3.0.0-build3,4936,1,LIVE,SYNCHRONISED,AUTOMATIC,NORMAL,65,1950,1950,0,145,145,0.3,0.3,24.37954,37.96,1.028,1,0.0254,0,207.97,4.0302,0.0017,1,0.18,0.82,0.939,100,HEALTHY,F0,0,0,healthy,0,0,0,,,,,17,0
2026-08-19T15:10:05.771Z,1787152205771,FAN_DT_001_F0_S00_R02_20260819T150854,2,70.944,FAULT_ACTIVE,F0,0,FAN_DT_001,3.0,process-model-3.0.0-build3,4937,1,LIVE,SYNCHRONISED,AUTOMATIC,NORMAL,65,1950,1950,0,145,145,0.3,0.3,24.39121,37.96,1.028,1,0.0254,0,207.97,4.0895,0.00148,1,0.18,0.711,0.9528,100,HEALTHY,F0,0,0,healthy,0,0,0,,,,,17,0
2026-08-19T15:10:06.795Z,1787152206795,FAN_DT_001_F0_S00_R02_20260819T150854,2,71.968,FAULT_ACTIVE,F0,0,FAN_DT_001,3.0,process-model-3.0.0-build3,4938,1,LIVE,SYNCHRONISED,AUTOMATIC,NORMAL,65,1950,1950,0,145,145,0.3,0.3,24.40322,37.96,1.028,1,0.0254,0,207.97,4.1489,0.00127,1,0.18,0.612,0.9667,100,HEALTHY,F0,0,0,healthy,0,0,0,,,,,17,0
2026-08-19T15:10:07.817Z,1787152207817,FAN_DT_001_F0_S00_R02_20260819T150854,2,72.99,FAULT_ACTIVE,F0,0,FAN_DT_001,3.0,process-model-3.0.0-build3,4939,1,LIVE,SYNCHRONISED,AUTOMATIC,NORMAL,65,1950,1950,0,145,145,0.3,0.3,24.41547,37.96,1.028,1,0.0254,0,207.97,4.2079,0.00103,1,0.18,0.498,0.9804,100,HEALTHY,F0,0,0,healthy,0,0,0,,,,,17,0
2026-08-19T15:10:08.848Z,1787152208848,FAN_DT_001_F0_S00_R02_20260819T150854,2,74.021,FAULT_ACTIVE,F0,0,FAN_DT_001,3.0,process-model-3.0.0-build3,4940,1,LIVE,SYNCHRONISED,AUTOMATIC,NORMAL,65,1950,1950,0,145,145,0.3,0.3,24.42807,37.96,1.028,1,0.0254,0,207.97,4.2671,0.00081,1,0.18,0.389,0.9942,100,HEALTHY,F0,0,0,healthy,0,0,0,,,,,17,0
2026-08-19T15:10:09.879Z,1787152209879,FAN_DT_001_F0_S00_R02_20260819T150854,2,75.052,FAULT_ACTIVE,F0,0,FAN_DT_001,3.0,process-model-3.0.0-build3,4941,1,LIVE,SYNCHRONISED,AUTOMATIC,NORMAL,65,1950,1950,0,145,145,0.3,0.3,24.44098,37.96,1.028,1,0.0254,0,207.97,4.3264,0.0006,1,0.18,0.287,1.0081,100,HEALTHY,F0,0,0,healthy,0,0,0,,,,,17,0
2026-08-19T15:10:10.914Z,1787152210914,FAN_DT_001_F0_S00_R02_20260819T150854,2,76.088,FAULT_ACTIVE,F0,0,FAN_DT_001,3.0,process-model-3.0.0-build3,4942,1,LIVE,SYNCHRONISED,AUTOMATIC,NORMAL,65,1950,1950,0,145,145,0.3,0.3,24.45433,37.96,1.028,1,0.0254,0,207.97,4.3864,0.00036,1,0.18,0.175,1.022,100,HEALTHY,F0,0,0,healthy,0,0,0,,,,,17,0
2026-08-19T15:10:11.957Z,1787152211957,FAN_DT_001_F0_S00_R02_20260819T150854,2,77.13,FAULT_ACTIVE,F0,0,FAN_DT_001,3.0,process-model-3.0.0-build3,4943,1,LIVE,SYNCHRONISED,AUTOMATIC,NORMAL,65,1950,1950,0,145,145,0.3,0.3,24.46781,37.96,1.028,1,0.0254,0,207.97,4.4457,0.00012,1,0.18,0.057,1.0358,100,HEALTHY,F0,0,0,healthy,0,0,0,,,,,17,0
2026-08-19T15:10:12.972Z,1787152212972,FAN_DT_001_F0_S00_R02_20260819T150854,2,78.145,FAULT_ACTIVE,F0,0,FAN_DT_001,3.0,process-model-3.0.0-build3,4944,1,LIVE,SYNCHRONISED,AUTOMATIC,NORMAL,65,1950,1950,0,145,145,0.3,0.3,24.48156,37.96,1.028,1,0.0254,0,207.97,4.5049,-0.00009,1,0.18,0.042,1.0496,100,HEALTHY,F0,0,0,healthy,0,0,0,,,,,17,0
2026-08-19T15:10:14.002Z,1787152214002,FAN_DT_001_F0_S00_R02_20260819T150854,2,79.175,FAULT_ACTIVE,F0,0,FAN_DT_001,3.0,process-model-3.0.0-build3,4945,1,LIVE,SYNCHRONISED,AUTOMATIC,NORMAL,65,1950,1950,0,145,145,0.3,0.3,24.49555,37.96,1.028,1,0.0254,0,207.97,4.564,-0.00033,1,0.18,0.159,1.0634,100,HEALTHY,F0,0,0,healthy,0,0,0,,,,,17,0
2026-08-19T15:10:15.024Z,1787152215024,FAN_DT_001_F0_S00_R02_20260819T150854,2,80.197,FAULT_ACTIVE,F0,0,FAN_DT_001,3.0,process-model-3.0.0-build3,4946,1,LIVE,SYNCHRONISED,AUTOMATIC,NORMAL,65,1950,1950,0,145,145,0.3,0.3,24.50988,37.96,1.028,1,0.0254,0,207.97,4.6235,-0.00054,1,0.18,0.26,1.0773,100,HEALTHY,F0,0,0,healthy,0,0,0,,,,,17,0
2026-08-19T15:10:16.047Z,1787152216047,FAN_DT_001_F0_S00_R02_20260819T150854,2,81.22,FAULT_ACTIVE,F0,0,FAN_DT_001,3.0,process-model-3.0.0-build3,4947,1,LIVE,SYNCHRONISED,AUTOMATIC,NORMAL,65,1950,1950,0,145,145,0.3,0.3,24.52438,37.96,1.028,1,0.0254,0,207.97,4.6826,-0.00078,1,0.18,0.375,1.091,100,HEALTHY,F0,0,0,healthy,0,0,0,,,,,17,0
2026-08-19T15:10:17.082Z,1787152217082,FAN_DT_001_F0_S00_R02_20260819T150854,2,82.254,FAULT_ACTIVE,F0,0,FAN_DT_001,3.0,process-model-3.0.0-build3,4948,1,LIVE,SYNCHRONISED,AUTOMATIC,NORMAL,65,1950,1950,0,145,145,0.3,0.3,24.53917,37.96,1.028,1,0.0254,0,207.97,4.7419,-0.00101,1,0.18,0.486,1.1049,100,HEALTHY,F0,0,0,healthy,0,0,0,,,,,17,0
2026-08-19T15:10:18.111Z,1787152218111,FAN_DT_001_F0_S00_R02_20260819T150854,2,83.284,FAULT_ACTIVE,F0,0,FAN_DT_001,3.0,process-model-3.0.0-build3,4949,1,LIVE,SYNCHRONISED,AUTOMATIC,NORMAL,65,1950,1950,0,145,145,0.3,0.3,24.5542,37.96,1.028,1,0.0254,0,207.97,4.8012,-0.00123,1,0.18,0.592,1.1187,100,HEALTHY,F0,0,0,healthy,0,0,0,,,,,17,0
2026-08-19T15:10:19.169Z,1787152219169,FAN_DT_001_F0_S00_R02_20260819T150854,2,84.342,FAULT_ACTIVE,F0,0,FAN_DT_001,3.0,process-model-3.0.0-build3,4950,1,LIVE,SYNCHRONISED,AUTOMATIC,NORMAL,65,1950,1950,0,145,145,0.3,0.3,24.56947,37.96,1.028,1,0.0254,0,207.97,4.8605,-0.00148,1,0.18,0.713,1.1325,100,HEALTHY,F0,0,0,healthy,0,0,0,,,,,17,0
2026-08-19T15:10:20.159Z,1787152220159,FAN_DT_001_F0_S00_R02_20260819T150854,2,85.332,FAULT_ACTIVE,F0,0,FAN_DT_001,3.0,process-model-3.0.0-build3,4951,1,LIVE,SYNCHRONISED,AUTOMATIC,NORMAL,65,1950,1950,0,145,145,0.3,0.3,24.58495,37.96,1.028,1,0.0254,0,207.97,4.9197,-0.0017,1,0.18,0.82,1.1463,100,HEALTHY,F0,0,0,healthy,0,0,0,,,,,17,0
2026-08-19T15:10:21.189Z,1787152221189,FAN_DT_001_F0_S00_R02_20260819T150854,2,86.362,FAULT_ACTIVE,F0,0,FAN_DT_001,3.0,process-model-3.0.0-build3,4952,1,LIVE,SYNCHRONISED,AUTOMATIC,NORMAL,65,1950,1950,0,145,145,0.3,0.3,24.60058,37.97,1.028,1,0.0254,0,207.97,4.9787,-0.00194,1,0.18,0.931,1.16,100,HEALTHY,F0,0,0,healthy,0,0,0,,,,,17,0
2026-08-19T15:10:22.214Z,1787152222214,FAN_DT_001_F0_S00_R02_20260819T150854,2,87.388,FAULT_ACTIVE,F0,0,FAN_DT_001,3.0,process-model-3.0.0-build3,4953,1,LIVE,SYNCHRONISED,AUTOMATIC,NORMAL,65,1950,1950,0,145,145,0.3,0.3,24.61649,37.97,1.028,1,0.0254,0,207.97,5.038,-0.00215,1,0.18,1.034,1.1739,100,HEALTHY,F0,0,0,healthy,0,0,0,,,,,17,0
2026-08-19T15:10:23.243Z,1787152223243,FAN_DT_001_F0_S00_R02_20260819T150854,2,88.416,FAULT_ACTIVE,F0,0,FAN_DT_001,3.0,process-model-3.0.0-build3,4954,1,LIVE,SYNCHRONISED,AUTOMATIC,NORMAL,65,1950,1950,0,145,145,0.3,0.3,24.63259,37.97,1.028,1,0.0254,0,207.97,5.0973,-0.00237,1,0.18,1.141,1.1877,100,HEALTHY,F0,0,0,healthy,0,0,0,,,,,17,0
2026-08-19T15:10:24.271Z,1787152224271,FAN_DT_001_F0_S00_R02_20260819T150854,2,89.445,FAULT_ACTIVE,F0,0,FAN_DT_001,3.0,process-model-3.0.0-build3,4955,1,LIVE,SYNCHRONISED,AUTOMATIC,NORMAL,65,1950,1950,0,145,145,0.3,0.3,24.64885,37.97,1.028,1,0.0254,0,207.97,5.1564,-0.0026,1,0.18,1.251,1.2014,100,HEALTHY,F0,0,0,healthy,0,0,0,,,,,17,0
2026-08-19T15:10:25.297Z,1787152225297,FAN_DT_001_F0_S00_R02_20260819T150854,2,90.47,FAULT_ACTIVE,F0,0,FAN_DT_001,3.0,process-model-3.0.0-build3,4956,1,LIVE,SYNCHRONISED,AUTOMATIC,NORMAL,65,1950,1950,0,145,145,0.3,0.3,24.66535,37.98,1.028,1,0.0254,0,207.97,5.2157,-0.00285,1,0.18,1.372,1.2153,100,HEALTHY,F0,0,0,healthy,0,0,0,,,,,17,0
2026-08-19T15:10:26.336Z,1787152226336,FAN_DT_001_F0_S00_R02_20260819T150854,2,91.509,FAULT_ACTIVE,F0,0,FAN_DT_001,3.0,process-model-3.0.0-build3,4957,1,LIVE,SYNCHRONISED,AUTOMATIC,NORMAL,65,1950,1950,0,145,145,0.3,0.3,24.68203,37.98,1.028,1,0.0254,0,207.97,5.2751,-0.00306,1,0.18,1.47,1.2291,100,HEALTHY,F0,0,0,healthy,0,0,0,,,,,17,0
2026-08-19T15:10:27.347Z,1787152227347,FAN_DT_001_F0_S00_R02_20260819T150854,2,92.52,FAULT_ACTIVE,F0,0,FAN_DT_001,3.0,process-model-3.0.0-build3,4958,1,LIVE,SYNCHRONISED,AUTOMATIC,NORMAL,65,1950,1950,0,145,145,0.3,0.3,24.69879,37.98,1.028,1,0.0254,0,207.97,5.3342,-0.00329,1,0.18,1.581,1.2429,100,HEALTHY,F0,0,0,healthy,0,0,0,,,,,17,0
2026-08-19T15:10:28.378Z,1787152228378,FAN_DT_001_F0_S00_R02_20260819T150854,2,93.551,FAULT_ACTIVE,F0,0,FAN_DT_001,3.0,process-model-3.0.0-build3,4959,1,LIVE,SYNCHRONISED,AUTOMATIC,NORMAL,65,1950,1950,0,145,145,0.3,0.3,24.71576,37.99,1.028,1,0.0254,0,207.97,5.3934,-0.00353,1,0.18,1.695,1.2567,100,HEALTHY,F0,0,0,healthy,0,0,0,,,,,17,0
2026-08-19T15:10:29.410Z,1787152229410,FAN_DT_001_F0_S00_R02_20260819T150854,2,94.583,FAULT_ACTIVE,F0,0,FAN_DT_001,3.0,process-model-3.0.0-build3,4960,1,LIVE,SYNCHRONISED,AUTOMATIC,NORMAL,65,1950,1950,0,145,145,0.3,0.3,24.7329,37.99,1.028,1,0.0254,0,207.97,5.4528,-0.00373,1,0.18,1.792,1.2705,100,HEALTHY,F0,0,0,healthy,0,0,0,,,,,17,0
2026-08-19T15:10:30.437Z,1787152230437,FAN_DT_001_F0_S00_R02_20260819T150854,2,95.61,FAULT_ACTIVE,F0,0,FAN_DT_001,3.0,process-model-3.0.0-build3,4961,1,LIVE,SYNCHRONISED,AUTOMATIC,NORMAL,65,1950,1950,0,145,145,0.3,0.3,24.75018,37.99,1.028,1,0.0254,0,207.97,5.5121,-0.00396,1,0.18,1.907,1.2843,100,HEALTHY,F0,0,0,healthy,0,0,0,,,,,17,0
2026-08-19T15:10:31.461Z,1787152231461,FAN_DT_001_F0_S00_R02_20260819T150854,2,96.634,FAULT_ACTIVE,F0,0,FAN_DT_001,3.0,process-model-3.0.0-build3,4962,1,LIVE,SYNCHRONISED,AUTOMATIC,NORMAL,65,1950,1950,0,145,145,0.3,0.3,24.76756,38,1.028,1,0.0254,0,207.97,5.5714,-0.00418,1,0.18,2.009,1.2981,100,HEALTHY,F0,0,0,healthy,0,0,0,,,,,17,0
2026-08-19T15:10:32.485Z,1787152232485,FAN_DT_001_F0_S00_R02_20260819T150854,2,97.658,FAULT_ACTIVE,F0,0,FAN_DT_001,3.0,process-model-3.0.0-build3,4963,1,LIVE,SYNCHRONISED,AUTOMATIC,NORMAL,65,1950,1950,0,145,145,0.3,0.3,24.78502,38,1.028,1,0.0254,0,207.97,5.6304,-0.00438,1,0.18,2.105,1.3119,100,HEALTHY,F0,0,0,healthy,0,0,0,,,,,17,0
2026-08-19T15:10:33.516Z,1787152233516,FAN_DT_001_F0_S00_R02_20260819T150854,2,98.689,FAULT_ACTIVE,F0,0,FAN_DT_001,3.0,process-model-3.0.0-build3,4964,1,LIVE,SYNCHRONISED,AUTOMATIC,NORMAL,65,1950,1950,0,145,145,0.3,0.3,24.80262,38.01,1.028,1,0.0254,0,207.97,5.6896,-0.0046,1,0.18,2.209,1.3257,100,HEALTHY,F0,0,0,healthy,0,0,0,,,,,17,0
2026-08-19T15:10:34.546Z,1787152234546,FAN_DT_001_F0_S00_R02_20260819T150854,2,99.718,FAULT_ACTIVE,F0,0,FAN_DT_001,3.0,process-model-3.0.0-build3,4965,1,LIVE,SYNCHRONISED,AUTOMATIC,NORMAL,65,1950,1950,0,145,145,0.3,0.3,24.82038,38.01,1.028,1,0.0254,0,207.97,5.749,-0.00483,1,0.18,2.322,1.3395,100,HEALTHY,F0,0,0,healthy,0,0,0,,,,,17,0
2026-08-19T15:10:35.568Z,1787152235568,FAN_DT_001_F0_S00_R02_20260819T150854,2,100.741,FAULT_ACTIVE,F0,0,FAN_DT_001,3.0,process-model-3.0.0-build3,4966,1,LIVE,SYNCHRONISED,AUTOMATIC,NORMAL,65,1950,1950,0,145,145,0.3,0.3,24.8382,38.02,1.028,1,0.0254,0,207.97,5.8083,-0.00503,1,0.18,2.417,1.3533,100,HEALTHY,F0,0,0,healthy,0,0,0,,,,,17,0
2026-08-19T15:10:36.594Z,1787152236594,FAN_DT_001_F0_S00_R02_20260819T150854,2,101.767,FAULT_ACTIVE,F0,0,FAN_DT_001,3.0,process-model-3.0.0-build3,4967,1,LIVE,SYNCHRONISED,AUTOMATIC,NORMAL,65,1950,1950,0,145,145,0.3,0.3,24.85609,38.02,1.028,1,0.0254,0,207.97,5.8675,-0.00523,1,0.18,2.515,1.3671,100,HEALTHY,F0,0,0,healthy,0,0,0,,,,,17,0
2026-08-19T15:10:37.626Z,1787152237626,FAN_DT_001_F0_S00_R02_20260819T150854,2,102.799,FAULT_ACTIVE,F0,0,FAN_DT_001,3.0,process-model-3.0.0-build3,4968,1,LIVE,SYNCHRONISED,AUTOMATIC,NORMAL,65,1950,1950,0,145,145,0.3,0.3,24.87403,38.03,1.028,1,0.0254,0,207.97,5.9266,-0.00545,1,0.18,2.618,1.3809,100,HEALTHY,F0,0,0,healthy,0,0,0,,,,,17,0
2026-08-19T15:10:38.655Z,1787152238655,FAN_DT_001_F0_S00_R02_20260819T150854,2,103.828,FAULT_ACTIVE,F0,0,FAN_DT_001,3.0,process-model-3.0.0-build3,4969,1,LIVE,SYNCHRONISED,AUTOMATIC,NORMAL,65,1950,1950,0,145,145,0.3,0.3,24.89211,38.03,1.028,1,0.0254,0,207.97,5.986,-0.00566,1,0.18,2.722,1.3947,100,HEALTHY,F0,0,0,healthy,0,0,0,,,,,17,0
2026-08-19T15:10:39.676Z,1787152239676,FAN_DT_001_F0_S00_R02_20260819T150854,2,104.849,FAULT_ACTIVE,F0,0,FAN_DT_001,3.0,process-model-3.0.0-build3,4970,1,LIVE,SYNCHRONISED,AUTOMATIC,NORMAL,65,1950,1950,0,145,145,0.3,0.3,24.91018,38.04,1.028,1,0.0254,0,207.97,6.0452,-0.00585,1,0.18,2.811,1.4085,100,HEALTHY,F0,0,0,healthy,0,0,0,,,,,17,0
2026-08-19T15:10:40.705Z,1787152240705,FAN_DT_001_F0_S00_R02_20260819T150854,2,105.878,FAULT_ACTIVE,F0,0,FAN_DT_001,3.0,process-model-3.0.0-build3,4971,1,LIVE,SYNCHRONISED,AUTOMATIC,NORMAL,65,1950,1950,0,145,145,0.3,0.3,24.9283,38.04,1.028,1,0.0254,0,207.97,6.1044,-0.00604,1,0.18,2.904,1.4223,100,HEALTHY,F0,0,0,healthy,0,0,0,,,,,17,0
2026-08-19T15:10:41.724Z,1787152241724,FAN_DT_001_F0_S00_R02_20260819T150854,2,106.897,FAULT_ACTIVE,F0,0,FAN_DT_001,3.0,process-model-3.0.0-build3,4972,1,LIVE,SYNCHRONISED,AUTOMATIC,NORMAL,65,1950,1950,0,145,145,0.3,0.3,24.94627,38.05,1.028,1,0.0254,0,207.97,6.163,-0.00623,1,0.18,2.997,1.436,100,HEALTHY,F0,0,0,healthy,0,0,0,,,,,17,0
2026-08-19T15:10:42.752Z,1787152242752,FAN_DT_001_F0_S00_R02_20260819T150854,2,107.925,FAULT_ACTIVE,F0,0,FAN_DT_001,3.0,process-model-3.0.0-build3,4973,1,LIVE,SYNCHRONISED,AUTOMATIC,NORMAL,65,1950,1950,0,145,145,0.3,0.3,24.96452,38.06,1.028,1,0.0254,0,207.97,6.2224,-0.00645,1,0.18,3.101,1.4498,100,HEALTHY,F0,0,0,healthy,0,0,0,,,,,17,0
2026-08-19T15:10:43.774Z,1787152243774,FAN_DT_001_F0_S00_R02_20260819T150854,2,108.947,FAULT_ACTIVE,F0,0,FAN_DT_001,3.0,process-model-3.0.0-build3,4974,1,LIVE,SYNCHRONISED,AUTOMATIC,NORMAL,65,1950,1950,0,145,145,0.3,0.3,24.98273,38.06,1.028,1,0.0254,0,207.97,6.2816,-0.00663,1,0.18,3.188,1.4636,100,HEALTHY,F0,0,0,healthy,0,0,0,,,,,17,0
2026-08-19T15:10:44.809Z,1787152244809,FAN_DT_001_F0_S00_R02_20260819T150854,2,109.982,FAULT_ACTIVE,F0,0,FAN_DT_001,3.0,process-model-3.0.0-build3,4975,1,LIVE,SYNCHRONISED,AUTOMATIC,NORMAL,65,1950,1950,0,145,145,0.3,0.3,25.00092,38.07,1.028,1,0.0254,0,207.97,6.3407,-0.0068,1,0.18,3.27,1.4774,100,HEALTHY,F0,0,0,healthy,0,0,0,,,,,17,0
2026-08-19T15:10:45.832Z,1787152245832,FAN_DT_001_F0_S00_R02_20260819T150854,2,111.005,FAULT_ACTIVE,F0,0,FAN_DT_001,3.0,process-model-3.0.0-build3,4976,1,LIVE,SYNCHRONISED,AUTOMATIC,NORMAL,65,1950,1950,0,145,145,0.3,0.3,25.01912,38.08,1.028,1,0.0254,0,207.97,6.3998,-0.00699,1,0.18,3.363,1.4912,100,HEALTHY,F0,0,0,healthy,0,0,0,,,,,17,0
2026-08-19T15:10:46.858Z,1787152246858,FAN_DT_001_F0_S00_R02_20260819T150854,2,112.031,FAULT_ACTIVE,F0,0,FAN_DT_001,3.0,process-model-3.0.0-build3,4977,1,LIVE,SYNCHRONISED,AUTOMATIC,NORMAL,65,1950,1950,0,145,145,0.3,0.3,25.03737,38.09,1.028,1,0.0254,0,207.97,6.4592,-0.00718,1,0.18,3.452,1.505,100,HEALTHY,F0,0,0,healthy,0,0,0,,,,,17,0
2026-08-19T15:10:47.879Z,1787152247879,FAN_DT_001_F0_S00_R02_20260819T150854,2,113.052,FAULT_ACTIVE,F0,0,FAN_DT_001,3.0,process-model-3.0.0-build3,4978,1,LIVE,SYNCHRONISED,AUTOMATIC,NORMAL,65,1950,1950,0,145,145,0.3,0.3,25.05554,38.09,1.028,1,0.0254,0,207.97,6.5183,-0.00736,1,0.18,3.538,1.5188,100,HEALTHY,F0,0,0,healthy,0,0,0,,,,,17,0
2026-08-19T15:10:48.908Z,1787152248908,FAN_DT_001_F0_S00_R02_20260819T150854,2,114.081,FAULT_ACTIVE,F0,0,FAN_DT_001,3.0,process-model-3.0.0-build3,4979,1,LIVE,SYNCHRONISED,AUTOMATIC,NORMAL,65,1950,1950,0,145,145,0.3,0.3,25.07371,38.1,1.028,1,0.0254,0,207.97,6.5776,-0.00754,1,0.18,3.627,1.5326,100,HEALTHY,F0,0,0,healthy,0,0,0,,,,,17,0
2026-08-19T15:10:49.945Z,1787152249945,FAN_DT_001_F0_S00_R02_20260819T150854,2,115.118,FAULT_ACTIVE,F0,0,FAN_DT_001,3.0,process-model-3.0.0-build3,4980,1,LIVE,SYNCHRONISED,AUTOMATIC,NORMAL,65,1950,1950,0,145,145,0.3,0.3,25.09187,38.11,1.028,1,0.0254,0,207.97,6.6368,-0.00772,1,0.18,3.711,1.5464,100,HEALTHY,F0,0,0,healthy,0,0,0,,,,,17,0
2026-08-19T15:10:50.970Z,1787152250970,FAN_DT_001_F0_S00_R02_20260819T150854,2,116.142,FAULT_ACTIVE,F0,0,FAN_DT_001,3.0,process-model-3.0.0-build3,4981,1,LIVE,SYNCHRONISED,AUTOMATIC,NORMAL,65,1950,1950,0,145,145,0.3,0.3,25.11,38.12,1.028,1,0.0254,0,207.97,6.6963,-0.00787,1,0.18,3.784,1.5602,100,HEALTHY,F0,0,0,healthy,0,0,0,,,,,17,0
2026-08-19T15:10:51.992Z,1787152251992,FAN_DT_001_F0_S00_R02_20260819T150854,2,117.165,FAULT_ACTIVE,F0,0,FAN_DT_001,3.0,process-model-3.0.0-build3,4982,1,LIVE,SYNCHRONISED,AUTOMATIC,NORMAL,65,1950,1950,0,145,145,0.3,0.3,25.12803,38.12,1.028,1,0.0254,0,207.97,6.7555,-0.00802,1,0.18,3.858,1.574,100,HEALTHY,F0,0,0,healthy,0,0,0,,,,,17,0
2026-08-19T15:10:53.017Z,1787152253017,FAN_DT_001_F0_S00_R02_20260819T150854,2,118.19,FAULT_ACTIVE,F0,0,FAN_DT_001,3.0,process-model-3.0.0-build3,4983,1,LIVE,SYNCHRONISED,AUTOMATIC,NORMAL,65,1950,1950,0,145,145,0.3,0.3,25.14595,38.13,1.028,1,0.0254,0,207.97,6.8146,-0.00818,1,0.18,3.935,1.5878,100,HEALTHY,F0,0,0,healthy,0,0,0,,,,,17,0
2026-08-19T15:10:54.049Z,1787152254049,FAN_DT_001_F0_S00_R02_20260819T150854,2,119.222,FAULT_ACTIVE,F0,0,FAN_DT_001,3.0,process-model-3.0.0-build3,4984,1,LIVE,SYNCHRONISED,AUTOMATIC,NORMAL,65,1950,1950,0,145,145,0.3,0.3,25.16381,38.14,1.028,1,0.0254,0,207.97,6.8738,-0.00836,1,0.18,4.018,1.6016,100,HEALTHY,F0,0,0,healthy,0,0,0,,,,,17,0
2026-08-19T15:10:55.085Z,1787152255085,FAN_DT_001_F0_S00_R02_20260819T150854,2,120.258,FAULT_ACTIVE,F0,0,FAN_DT_001,3.0,process-model-3.0.0-build3,4985,1,LIVE,SYNCHRONISED,AUTOMATIC,NORMAL,65,1950,1950,0,145,145,0.3,0.3,25.18164,38.15,1.028,1,0.0254,0,207.97,6.9331,-0.00851,1,0.18,4.091,1.6154,100,HEALTHY,F0,0,0,healthy,0,0,0,,,,,17,0
2026-08-19T15:10:56.095Z,1787152256095,FAN_DT_001_F0_S00_R02_20260819T150854,2,121.267,FAULT_ACTIVE,F0,0,FAN_DT_001,3.0,process-model-3.0.0-build3,4986,1,LIVE,SYNCHRONISED,AUTOMATIC,NORMAL,65,1950,1950,0,145,145,0.3,0.3,25.19934,38.16,1.028,1,0.0254,0,207.97,6.9924,-0.00865,1,0.18,4.16,1.6292,100,HEALTHY,F0,0,0,healthy,0,0,0,,,,,17,0
2026-08-19T15:10:57.123Z,1787152257123,FAN_DT_001_F0_S00_R02_20260819T150854,2,122.296,FAULT_ACTIVE,F0,0,FAN_DT_001,3.0,process-model-3.0.0-build3,4987,1,LIVE,SYNCHRONISED,AUTOMATIC,NORMAL,65,1950,1950,0,145,145,0.3,0.3,25.2168,38.17,1.028,1,0.0254,0,207.97,7.0511,-0.00879,1,0.18,4.229,1.6429,100,HEALTHY,F0,0,0,healthy,0,0,0,,,,,17,0
2026-08-19T15:10:58.158Z,1787152258158,FAN_DT_001_F0_S00_R02_20260819T150854,2,123.331,FAULT_ACTIVE,F0,0,FAN_DT_001,3.0,process-model-3.0.0-build3,4988,1,LIVE,SYNCHRONISED,AUTOMATIC,NORMAL,65,1950,1950,0,145,145,0.3,0.3,25.2343,38.18,1.028,1,0.0254,0,207.97,7.1104,-0.00893,1,0.18,4.294,1.6567,100,HEALTHY,F0,0,0,healthy,0,0,0,,,,,17,0
2026-08-19T15:10:59.174Z,1787152259174,FAN_DT_001_F0_S00_R02_20260819T150854,2,124.347,FAULT_ACTIVE,F0,0,FAN_DT_001,3.0,process-model-3.0.0-build3,4989,1,LIVE,SYNCHRONISED,AUTOMATIC,NORMAL,65,1950,1950,0,145,145,0.3,0.3,25.2517,38.19,1.028,1,0.0254,0,207.97,7.1697,-0.00905,1,0.18,4.353,1.6705,100,HEALTHY,F0,0,0,healthy,0,0,0,,,,,17,0
2026-08-19T15:11:00.212Z,1787152260212,FAN_DT_001_F0_S00_R02_20260819T150854,2,125.385,FAULT_ACTIVE,F0,0,FAN_DT_001,3.0,process-model-3.0.0-build3,4990,1,LIVE,SYNCHRONISED,AUTOMATIC,NORMAL,65,1950,1950,0,145,145,0.3,0.3,25.26891,38.2,1.028,1,0.0254,0,207.97,7.2289,-0.00919,1,0.18,4.419,1.6843,100,HEALTHY,F0,0,0,healthy,0,0,0,,,,,17,0
2026-08-19T15:11:01.244Z,1787152261244,FAN_DT_001_F0_S00_R02_20260819T150854,2,126.418,FAULT_ACTIVE,F0,0,FAN_DT_001,3.0,process-model-3.0.0-build3,4991,1,LIVE,SYNCHRONISED,AUTOMATIC,NORMAL,65,1950,1950,0,145,145,0.3,0.3,25.28603,38.21,1.028,1,0.0254,0,207.97,7.2882,-0.00932,1,0.18,4.484,1.6981,100,HEALTHY,F0,0,0,healthy,0,0,0,,,,,17,0
2026-08-19T15:11:02.258Z,1787152262258,FAN_DT_001_F0_S00_R02_20260819T150854,2,127.431,FAULT_ACTIVE,F0,0,FAN_DT_001,3.0,process-model-3.0.0-build3,4992,1,LIVE,SYNCHRONISED,AUTOMATIC,NORMAL,65,1950,1950,0,145,145,0.3,0.3,25.30299,38.22,1.028,1,0.0254,0,207.97,7.3475,-0.00943,1,0.18,4.534,1.712,100,HEALTHY,F0,0,0,healthy,0,0,0,,,,,17,0
2026-08-19T15:11:03.285Z,1787152263285,FAN_DT_001_F0_S00_R02_20260819T150854,2,128.458,FAULT_ACTIVE,F0,0,FAN_DT_001,3.0,process-model-3.0.0-build3,4993,1,LIVE,SYNCHRONISED,AUTOMATIC,NORMAL,65,1950,1950,0,145,145,0.3,0.3,25.31975,38.22,1.028,1,0.0254,0,207.97,7.4066,-0.00957,1,0.18,4.6,1.7257,100,HEALTHY,F0,0,0,healthy,0,0,0,,,,,17,0
2026-08-19T15:11:04.319Z,1787152264319,FAN_DT_001_F0_S00_R02_20260819T150854,2,129.492,FAULT_ACTIVE,F0,0,FAN_DT_001,3.0,process-model-3.0.0-build3,4994,1,LIVE,SYNCHRONISED,AUTOMATIC,NORMAL,65,1950,1950,0,145,145,0.3,0.3,25.33639,38.23,1.028,1,0.0254,0,207.97,7.4659,-0.00966,1,0.18,4.643,1.7396,100,HEALTHY,F0,0,0,healthy,0,0,0,,,,,17,0
2026-08-19T15:11:05.342Z,1787152265342,FAN_DT_001_F0_S00_R02_20260819T150854,2,130.515,FAULT_ACTIVE,F0,0,FAN_DT_001,3.0,process-model-3.0.0-build3,4995,1,LIVE,SYNCHRONISED,AUTOMATIC,NORMAL,65,1950,1950,0,145,145,0.3,0.3,25.35289,38.24,1.028,1,0.0254,0,207.97,7.5253,-0.00978,1,0.18,4.702,1.7534,100,HEALTHY,F0,0,0,healthy,0,0,0,,,,,17,0
2026-08-19T15:11:06.366Z,1787152266366,FAN_DT_001_F0_S00_R02_20260819T150854,2,131.539,FAULT_ACTIVE,F0,0,FAN_DT_001,3.0,process-model-3.0.0-build3,4996,1,LIVE,SYNCHRONISED,AUTOMATIC,NORMAL,65,1950,1950,0,145,145,0.3,0.3,25.36913,38.25,1.028,1,0.0254,0,207.97,7.5844,-0.00988,1,0.18,4.749,1.7672,100,HEALTHY,F0,0,0,healthy,0,0,0,,,,,17,0
2026-08-19T15:11:07.405Z,1787152267405,FAN_DT_001_F0_S00_R02_20260819T150854,2,132.578,FAULT_ACTIVE,F0,0,FAN_DT_001,3.0,process-model-3.0.0-build3,4997,1,LIVE,SYNCHRONISED,AUTOMATIC,NORMAL,65,1950,1950,0,145,145,0.3,0.3,25.38518,38.27,1.028,1,0.0254,0,207.97,7.6436,-0.00997,1,0.18,4.794,1.781,100,HEALTHY,F0,0,0,healthy,0,0,0,,,,,17,0
2026-08-19T15:11:08.423Z,1787152268423,FAN_DT_001_F0_S00_R02_20260819T150854,2,133.596,FAULT_ACTIVE,F0,0,FAN_DT_001,3.0,process-model-3.0.0-build3,4998,1,LIVE,SYNCHRONISED,AUTOMATIC,NORMAL,65,1950,1950,0,145,145,0.3,0.3,25.40105,38.28,1.028,1,0.0254,0,207.97,7.7028,-0.01006,1,0.18,4.838,1.7948,100,HEALTHY,F0,0,0,healthy,0,0,0,,,,,17,0
2026-08-19T15:11:09.447Z,1787152269447,FAN_DT_001_F0_S00_R02_20260819T150854,2,134.62,FAULT_ACTIVE,F0,0,FAN_DT_001,3.0,process-model-3.0.0-build3,4999,1,LIVE,SYNCHRONISED,AUTOMATIC,NORMAL,65,1950,1950,0,145,145,0.3,0.3,25.41675,38.29,1.028,1,0.0254,0,207.97,7.7621,-0.01014,1,0.18,4.877,1.8086,100,HEALTHY,F0,0,0,healthy,0,0,0,,,,,17,0
2026-08-19T15:11:10.475Z,1787152270475,FAN_DT_001_F0_S00_R02_20260819T150854,2,135.648,FAULT_ACTIVE,F0,0,FAN_DT_001,3.0,process-model-3.0.0-build3,5000,1,LIVE,SYNCHRONISED,AUTOMATIC,NORMAL,65,1950,1950,0,145,145,0.3,0.3,25.43217,38.3,1.028,1,0.0254,0,207.97,7.8212,-0.01024,1,0.18,4.924,1.8223,100,HEALTHY,F0,0,0,healthy,0,0,0,,,,,17,0
2026-08-19T15:11:11.498Z,1787152271498,FAN_DT_001_F0_S00_R02_20260819T150854,2,136.671,FAULT_ACTIVE,F0,0,FAN_DT_001,3.0,process-model-3.0.0-build3,5001,1,LIVE,SYNCHRONISED,AUTOMATIC,NORMAL,65,1950,1950,0,145,145,0.3,0.3,25.44734,38.31,1.028,1,0.0254,0,207.97,7.8803,-0.01033,1,0.18,4.965,1.8361,100,HEALTHY,F0,0,0,healthy,0,0,0,,,,,17,0
2026-08-19T15:11:12.530Z,1787152272530,FAN_DT_001_F0_S00_R02_20260819T150854,2,137.703,FAULT_ACTIVE,F0,0,FAN_DT_001,3.0,process-model-3.0.0-build3,5002,1,LIVE,SYNCHRONISED,AUTOMATIC,NORMAL,65,1950,1950,0,145,145,0.3,0.3,25.46234,38.32,1.028,1,0.0254,0,207.97,7.9395,-0.01037,1,0.18,4.987,1.8499,100,HEALTHY,F0,0,0,healthy,0,0,0,,,,,17,0
2026-08-19T15:11:13.568Z,1787152273568,FAN_DT_001_F0_S00_R02_20260819T150854,2,138.741,FAULT_ACTIVE,F0,0,FAN_DT_001,3.0,process-model-3.0.0-build3,5003,1,LIVE,SYNCHRONISED,AUTOMATIC,NORMAL,65,1950,1950,0,145,145,0.3,0.3,25.47712,38.33,1.028,1,0.0254,0,207.97,7.9989,-0.01044,1,0.18,5.022,1.8637,100,HEALTHY,F0,0,0,healthy,0,0,0,,,,,17,0
2026-08-19T15:11:14.578Z,1787152274578,FAN_DT_001_F0_S00_R02_20260819T150854,2,139.751,FAULT_ACTIVE,F0,0,FAN_DT_001,3.0,process-model-3.0.0-build3,5004,1,LIVE,SYNCHRONISED,AUTOMATIC,NORMAL,65,1950,1950,0,145,145,0.3,0.3,25.4916,38.34,1.028,1,0.0254,0,207.97,8.058,-0.01051,1,0.18,5.051,1.8775,100,HEALTHY,F0,0,0,healthy,0,0,0,,,,,17,0
2026-08-19T15:11:15.607Z,1787152275607,FAN_DT_001_F0_S00_R02_20260819T150854,2,140.78,FAULT_ACTIVE,F0,0,FAN_DT_001,3.0,process-model-3.0.0-build3,5005,1,LIVE,SYNCHRONISED,AUTOMATIC,NORMAL,65,1950,1950,0,145,145,0.3,0.3,25.50584,38.35,1.028,1,0.0254,0,207.97,8.1171,-0.01057,1,0.18,5.083,1.8913,100,HEALTHY,F0,0,0,healthy,0,0,0,,,,,17,0
2026-08-19T15:11:16.635Z,1787152276635,FAN_DT_001_F0_S00_R02_20260819T150854,2,141.807,FAULT_ACTIVE,F0,0,FAN_DT_001,3.0,process-model-3.0.0-build3,5006,1,LIVE,SYNCHRONISED,AUTOMATIC,NORMAL,65,1950,1950,0,145,145,0.3,0.3,25.51984,38.36,1.028,1,0.0254,0,207.97,8.1764,-0.01063,1,0.18,5.11,1.9051,100,HEALTHY,F0,0,0,healthy,0,0,0,,,,,17,0
2026-08-19T15:11:17.665Z,1787152277665,FAN_DT_001_F0_S00_R02_20260819T150854,2,142.838,FAULT_ACTIVE,F0,0,FAN_DT_001,3.0,process-model-3.0.0-build3,5007,1,LIVE,SYNCHRONISED,AUTOMATIC,NORMAL,65,1950,1950,0,145,145,0.3,0.3,25.53357,38.37,1.028,1,0.0254,0,207.97,8.2357,-0.01066,1,0.18,5.124,1.9189,100,HEALTHY,F0,0,0,healthy,0,0,0,,,,,17,0
2026-08-19T15:11:18.685Z,1787152278685,FAN_DT_001_F0_S00_R02_20260819T150854,2,143.858,FAULT_ACTIVE,F0,0,FAN_DT_001,3.0,process-model-3.0.0-build3,5008,1,LIVE,SYNCHRONISED,AUTOMATIC,NORMAL,65,1950,1950,0,145,145,0.3,0.3,25.54699,38.38,1.028,1,0.0254,0,207.97,8.2949,-0.01072,1,0.18,5.156,1.9327,100,HEALTHY,F0,0,0,healthy,0,0,0,,,,,17,0
2026-08-19T15:11:19.715Z,1787152279715,FAN_DT_001_F0_S00_R02_20260819T150854,2,144.888,FAULT_ACTIVE,F0,0,FAN_DT_001,3.0,process-model-3.0.0-build3,5009,1,LIVE,SYNCHRONISED,AUTOMATIC,NORMAL,65,1950,1950,0,145,145,0.3,0.3,25.56012,38.39,1.028,1,0.0254,0,207.97,8.354,-0.01075,1,0.18,5.171,1.9465,100,HEALTHY,F0,0,0,healthy,0,0,0,,,,,17,0
2026-08-19T15:11:20.739Z,1787152280739,FAN_DT_001_F0_S00_R02_20260819T150854,2,145.912,FAULT_ACTIVE,F0,0,FAN_DT_001,3.0,process-model-3.0.0-build3,5010,1,LIVE,SYNCHRONISED,AUTOMATIC,NORMAL,65,1950,1950,0,145,145,0.3,0.3,25.57301,38.4,1.028,1,0.0254,0,207.97,8.4133,-0.01078,1,0.18,5.183,1.9603,100,HEALTHY,F0,0,0,healthy,0,0,0,,,,,17,0
2026-08-19T15:11:21.762Z,1787152281762,FAN_DT_001_F0_S00_R02_20260819T150854,2,146.935,FAULT_ACTIVE,F0,0,FAN_DT_001,3.0,process-model-3.0.0-build3,5011,1,LIVE,SYNCHRONISED,AUTOMATIC,NORMAL,65,1950,1950,0,145,145,0.3,0.3,25.58555,38.42,1.028,1,0.0254,0,207.97,8.4724,-0.0108,1,0.18,5.193,1.9741,100,HEALTHY,F0,0,0,healthy,0,0,0,,,,,17,0
2026-08-19T15:11:22.793Z,1787152282793,FAN_DT_001_F0_S00_R02_20260819T150854,2,147.966,FAULT_ACTIVE,F0,0,FAN_DT_001,3.0,process-model-3.0.0-build3,5012,1,LIVE,SYNCHRONISED,AUTOMATIC,NORMAL,65,1950,1950,0,145,145,0.3,0.3,25.5978,38.43,1.028,1,0.0254,0,207.97,8.5315,-0.01083,1,0.18,5.209,1.9878,100,HEALTHY,F0,0,0,healthy,0,0,0,,,,,17,0
2026-08-19T15:11:23.822Z,1787152283822,FAN_DT_001_F0_S00_R02_20260819T150854,2,148.996,FAULT_ACTIVE,F0,0,FAN_DT_001,3.0,process-model-3.0.0-build3,5013,1,LIVE,SYNCHRONISED,AUTOMATIC,NORMAL,65,1950,1950,0,145,145,0.3,0.3,25.60979,38.44,1.028,1,0.0254,0,207.97,8.5909,-0.01084,1,0.18,5.212,2.0017,100,HEALTHY,F0,0,0,healthy,0,0,0,,,,,17,0
2026-08-19T15:11:24.847Z,1787152284847,FAN_DT_001_F0_S00_R02_20260819T150854,2,150.02,FAULT_ACTIVE,F0,0,FAN_DT_001,3.0,process-model-3.0.0-build3,5014,1,LIVE,SYNCHRONISED,AUTOMATIC,NORMAL,65,1950,1950,0,145,145,0.3,0.3,25.62145,38.45,1.028,1,0.0254,0,207.97,8.6503,-0.01083,1,0.18,5.21,2.0155,100,HEALTHY,F0,0,0,healthy,0,0,0,,,,,17,0
2026-08-19T15:11:25.875Z,1787152285875,FAN_DT_001_F0_S00_R02_20260819T150854,2,151.048,FAULT_ACTIVE,F0,0,FAN_DT_001,3.0,process-model-3.0.0-build3,5015,1,LIVE,SYNCHRONISED,AUTOMATIC,NORMAL,65,1950,1950,0,145,145,0.3,0.3,25.63277,38.46,1.028,1,0.0254,0,207.97,8.7095,-0.01084,1,0.18,5.211,2.0293,100,HEALTHY,F0,0,0,healthy,0,0,0,,,,,17,0
2026-08-19T15:11:26.906Z,1787152286906,FAN_DT_001_F0_S00_R02_20260819T150854,2,152.079,FAULT_ACTIVE,F0,0,FAN_DT_001,3.0,process-model-3.0.0-build3,5016,1,LIVE,SYNCHRONISED,AUTOMATIC,NORMAL,65,1950,1950,0,145,145,0.3,0.3,25.64371,38.47,1.028,1,0.0254,0,207.97,8.7685,-0.01083,1,0.18,5.207,2.043,100,HEALTHY,F0,0,0,healthy,0,0,0,,,,,17,0
2026-08-19T15:11:27.928Z,1787152287928,FAN_DT_001_F0_S00_R02_20260819T150854,2,153.101,FAULT_ACTIVE,F0,0,FAN_DT_001,3.0,process-model-3.0.0-build3,5017,1,LIVE,SYNCHRONISED,AUTOMATIC,NORMAL,65,1950,1950,0,145,145,0.3,0.3,25.65438,38.48,1.028,1,0.0254,0,207.97,8.8278,-0.01084,1,0.18,5.212,2.0569,100,HEALTHY,F0,0,0,healthy,0,0,0,,,,,17,0
2026-08-19T15:11:28.951Z,1787152288951,FAN_DT_001_F0_S00_R02_20260819T150854,2,154.124,FAULT_ACTIVE,F0,0,FAN_DT_001,3.0,process-model-3.0.0-build3,5018,1,LIVE,SYNCHRONISED,AUTOMATIC,NORMAL,65,1950,1950,0,145,145,0.3,0.3,25.66469,38.49,1.028,1,0.0254,0,207.97,8.887,-0.01081,1,0.18,5.197,2.0707,100,HEALTHY,F0,0,0,healthy,0,0,0,,,,,17,0
2026-08-19T15:11:30.008Z,1787152290008,FAN_DT_001_F0_S00_R02_20260819T150854,2,155.181,FAULT_ACTIVE,F0,0,FAN_DT_001,3.0,process-model-3.0.0-build3,5019,1,LIVE,SYNCHRONISED,AUTOMATIC,NORMAL,65,1950,1950,0,145,145,0.3,0.3,25.67464,38.5,1.028,1,0.0254,0,207.97,8.9461,-0.0108,1,0.18,5.195,2.0845,100,HEALTHY,F0,0,0,healthy,0,0,0,,,,,17,0
2026-08-19T15:11:31.009Z,1787152291009,FAN_DT_001_F0_S00_R02_20260819T150854,2,156.182,FAULT_ACTIVE,F0,0,FAN_DT_001,3.0,process-model-3.0.0-build3,5020,1,LIVE,SYNCHRONISED,AUTOMATIC,NORMAL,65,1950,1950,0,145,145,0.3,0.3,25.68426,38.52,1.028,1,0.0254,0,207.97,9.0053,-0.01077,1,0.18,5.181,2.0982,100,HEALTHY,F0,0,0,healthy,0,0,0,,,,,17,0
2026-08-19T15:11:32.038Z,1787152292038,FAN_DT_001_F0_S00_R02_20260819T150854,2,157.211,FAULT_ACTIVE,F0,0,FAN_DT_001,3.0,process-model-3.0.0-build3,5021,1,LIVE,SYNCHRONISED,AUTOMATIC,NORMAL,65,1950,1950,0,145,145,0.3,0.3,25.69353,38.53,1.028,1,0.0254,0,207.97,9.0646,-0.01075,1,0.18,5.168,2.112,100,HEALTHY,F0,0,0,healthy,0,0,0,,,,,17,0
2026-08-19T15:11:33.059Z,1787152293059,FAN_DT_001_F0_S00_R02_20260819T150854,2,158.232,FAULT_ACTIVE,F0,0,FAN_DT_001,3.0,process-model-3.0.0-build3,5022,1,LIVE,SYNCHRONISED,AUTOMATIC,NORMAL,65,1950,1950,0,145,145,0.3,0.3,25.70243,38.54,1.028,1,0.0254,0,207.97,9.1238,-0.01072,1,0.18,5.153,2.1258,100,HEALTHY,F0,0,0,healthy,0,0,0,,,,,17,0
2026-08-19T15:11:34.082Z,1787152294082,FAN_DT_001_F0_S00_R02_20260819T150854,2,159.255,FAULT_ACTIVE,F0,0,FAN_DT_001,3.0,process-model-3.0.0-build3,5023,1,LIVE,SYNCHRONISED,AUTOMATIC,NORMAL,65,1950,1950,0,145,145,0.3,0.3,25.71094,38.55,1.028,1,0.0254,0,207.97,9.1828,-0.01068,1,0.18,5.133,2.1396,100,HEALTHY,F0,0,0,healthy,0,0,0,,,,,17,0
2026-08-19T15:11:35.112Z,1787152295112,FAN_DT_001_F0_S00_R02_20260819T150854,2,160.285,FAULT_ACTIVE,F0,0,FAN_DT_001,3.0,process-model-3.0.0-build3,5024,1,LIVE,SYNCHRONISED,AUTOMATIC,NORMAL,65,1950,1950,0,145,145,0.3,0.3,25.7191,38.56,1.028,1,0.0254,0,207.97,9.242,-0.01064,1,0.18,5.114,2.1534,100,HEALTHY,F0,0,0,healthy,0,0,0,,,,,17,0
2026-08-19T15:11:36.143Z,1787152296143,FAN_DT_001_F0_S00_R02_20260819T150854,2,161.316,FAULT_ACTIVE,F0,0,FAN_DT_001,3.0,process-model-3.0.0-build3,5025,1,LIVE,SYNCHRONISED,AUTOMATIC,NORMAL,65,1950,1950,0,145,145,0.3,0.3,25.72692,38.57,1.028,1,0.0254,0,207.97,9.3013,-0.01058,1,0.18,5.087,2.1672,100,HEALTHY,F0,0,0,healthy,0,0,0,,,,,17,0
2026-08-19T15:11:37.166Z,1787152297166,FAN_DT_001_F0_S00_R02_20260819T150854,2,162.339,FAULT_ACTIVE,F0,0,FAN_DT_001,3.0,process-model-3.0.0-build3,5026,1,LIVE,SYNCHRONISED,AUTOMATIC,NORMAL,65,1950,1950,0,145,145,0.3,0.3,25.73436,38.58,1.028,1,0.0254,0,207.97,9.3607,-0.01051,1,0.18,5.052,2.181,100,HEALTHY,F0,0,0,healthy,0,0,0,,,,,17,0
2026-08-19T15:11:38.193Z,1787152298193,FAN_DT_001_F0_S00_R02_20260819T150854,2,163.366,FAULT_ACTIVE,F0,0,FAN_DT_001,3.0,process-model-3.0.0-build3,5027,1,LIVE,SYNCHRONISED,AUTOMATIC,NORMAL,65,1950,1950,0,145,145,0.3,0.3,25.7414,38.59,1.028,1,0.0254,0,207.97,9.4199,-0.01045,1,0.18,5.023,2.1948,100,HEALTHY,F0,0,0,healthy,0,0,0,,,,,17,0
2026-08-19T15:11:39.227Z,1787152299227,FAN_DT_001_F0_S00_R02_20260819T150854,2,164.4,FAULT_ACTIVE,F0,0,FAN_DT_001,3.0,process-model-3.0.0-build3,5028,1,LIVE,SYNCHRONISED,AUTOMATIC,NORMAL,65,1950,1950,0,145,145,0.3,0.3,25.74805,38.6,1.028,1,0.0254,0,207.97,9.4791,-0.0104,1,0.18,5.003,2.2086,100,HEALTHY,F0,0,0,healthy,0,0,0,,,,,17,0
2026-08-19T15:11:40.257Z,1787152300257,FAN_DT_001_F0_S00_R02_20260819T150854,2,165.43,FAULT_ACTIVE,F0,0,FAN_DT_001,3.0,process-model-3.0.0-build3,5029,1,LIVE,SYNCHRONISED,AUTOMATIC,NORMAL,65,1950,1950,0,145,145,0.3,0.3,25.75434,38.61,1.028,1,0.0254,0,207.97,9.5386,-0.0103,1,0.18,4.954,2.2225,100,HEALTHY,F0,0,0,healthy,0,0,0,,,,,17,0
2026-08-19T15:11:41.276Z,1787152301276,FAN_DT_001_F0_S00_R02_20260819T150854,2,166.449,FAULT_ACTIVE,F0,0,FAN_DT_001,3.0,process-model-3.0.0-build3,5030,1,LIVE,SYNCHRONISED,AUTOMATIC,NORMAL,65,1950,1950,0,145,145,0.3,0.3,25.76021,38.62,1.028,1,0.0254,0,207.97,9.5978,-0.01025,1,0.18,4.931,2.2363,100,HEALTHY,F0,0,0,healthy,0,0,0,,,,,17,0
2026-08-19T15:11:42.299Z,1787152302299,FAN_DT_001_F0_S00_R02_20260819T150854,2,167.472,FAULT_ACTIVE,F0,0,FAN_DT_001,3.0,process-model-3.0.0-build3,5031,1,LIVE,SYNCHRONISED,AUTOMATIC,NORMAL,65,1950,1950,0,145,145,0.3,0.3,25.76566,38.63,1.028,1,0.0254,0,207.97,9.6567,-0.01017,1,0.18,4.892,2.25,100,HEALTHY,F0,0,0,healthy,0,0,0,,,,,17,0
2026-08-19T15:11:43.330Z,1787152303330,FAN_DT_001_F0_S00_R02_20260819T150854,2,168.503,FAULT_ACTIVE,F0,0,FAN_DT_001,3.0,process-model-3.0.0-build3,5032,1,LIVE,SYNCHRONISED,AUTOMATIC,NORMAL,65,1950,1950,0,145,145,0.3,0.3,25.77074,38.64,1.028,1,0.0254,0,207.97,9.7158,-0.01008,1,0.18,4.849,2.2638,100,HEALTHY,F0,0,0,healthy,0,0,0,,,,,17,0
2026-08-19T15:11:44.361Z,1787152304361,FAN_DT_001_F0_S00_R02_20260819T150854,2,169.534,FAULT_ACTIVE,F0,0,FAN_DT_001,3.0,process-model-3.0.0-build3,5033,1,LIVE,SYNCHRONISED,AUTOMATIC,NORMAL,65,1950,1950,0,145,145,0.3,0.3,25.77544,38.66,1.028,1,0.0254,0,207.97,9.7752,-0.00999,1,0.18,4.804,2.2776,100,HEALTHY,F0,0,0,healthy,0,0,0,,,,,17,0
2026-08-19T15:11:45.383Z,1787152305383,FAN_DT_001_F0_S00_R02_20260819T150854,2,170.556,FAULT_ACTIVE,F0,0,FAN_DT_001,3.0,process-model-3.0.0-build3,5034,1,LIVE,SYNCHRONISED,AUTOMATIC,NORMAL,65,1950,1950,0,145,145,0.3,0.3,25.77971,38.67,1.028,1,0.0254,0,207.97,9.8343,-0.00987,1,0.18,4.744,2.2914,100,HEALTHY,F0,0,0,healthy,0,0,0,,,,,17,0
2026-08-19T15:11:46.409Z,1787152306409,FAN_DT_001_F0_S00_R02_20260819T150854,2,171.582,FAULT_ACTIVE,F0,0,FAN_DT_001,3.0,process-model-3.0.0-build3,5035,1,LIVE,SYNCHRONISED,AUTOMATIC,NORMAL,65,1950,1950,0,145,145,0.3,0.3,25.78358,38.68,1.028,1,0.0254,0,207.97,9.8935,-0.00977,1,0.18,4.697,2.3052,100,HEALTHY,F0,0,0,healthy,0,0,0,,,,,17,0
2026-08-19T15:11:47.443Z,1787152307443,FAN_DT_001_F0_S00_R02_20260819T150854,2,172.616,FAULT_ACTIVE,F0,0,FAN_DT_001,3.0,process-model-3.0.0-build3,5036,1,LIVE,SYNCHRONISED,AUTOMATIC,NORMAL,65,1950,1950,0,145,145,0.3,0.3,25.78706,38.69,1.028,1,0.0254,0,207.97,9.9529,-0.00967,1,0.18,4.649,2.319,100,HEALTHY,F0,0,0,healthy,0,0,0,,,,,17,0
2026-08-19T15:11:48.469Z,1787152308469,FAN_DT_001_F0_S00_R02_20260819T150854,2,173.642,FAULT_ACTIVE,F0,0,FAN_DT_001,3.0,process-model-3.0.0-build3,5037,1,LIVE,SYNCHRONISED,AUTOMATIC,NORMAL,65,1950,1950,0,145,145,0.3,0.3,25.79013,38.7,1.028,1,0.0254,0,207.97,10.0123,-0.00955,1,0.18,4.593,2.3329,100,HEALTHY,F0,0,0,healthy,0,0,0,,,,,17,0
2026-08-19T15:11:49.497Z,1787152309497,FAN_DT_001_F0_S00_R02_20260819T150854,2,174.67,FAULT_ACTIVE,F0,0,FAN_DT_001,3.0,process-model-3.0.0-build3,5038,1,LIVE,SYNCHRONISED,AUTOMATIC,NORMAL,65,1950,1950,0,145,145,0.3,0.3,25.79278,38.71,1.028,1,0.0254,0,207.97,10.0715,-0.00945,1,0.18,4.542,2.3467,100,HEALTHY,F0,0,0,healthy,0,0,0,,,,,17,0
2026-08-19T15:11:50.525Z,1787152310525,FAN_DT_001_F0_S00_R02_20260819T150854,2,175.698,FAULT_ACTIVE,F0,0,FAN_DT_001,3.0,process-model-3.0.0-build3,5039,1,LIVE,SYNCHRONISED,AUTOMATIC,NORMAL,65,1950,1950,0,145,145,0.3,0.3,25.79502,38.71,1.028,1,0.0254,0,207.97,10.1308,-0.00931,1,0.18,4.476,2.3605,100,HEALTHY,F0,0,0,healthy,0,0,0,,,,,17,0
2026-08-19T15:11:51.559Z,1787152311559,FAN_DT_001_F0_S00_R02_20260819T150854,2,176.732,FAULT_ACTIVE,F0,0,FAN_DT_001,3.0,process-model-3.0.0-build3,5040,1,LIVE,SYNCHRONISED,AUTOMATIC,NORMAL,65,1950,1950,0,145,145,0.3,0.3,25.79684,38.72,1.028,1,0.0254,0,207.97,10.1898,-0.0092,1,0.18,4.422,2.3742,100,HEALTHY,F0,0,0,healthy,0,0,0,,,,,17,0
2026-08-19T15:11:52.576Z,1787152312576,FAN_DT_001_F0_S00_R02_20260819T150854,2,177.749,FAULT_ACTIVE,F0,0,FAN_DT_001,3.0,process-model-3.0.0-build3,5041,1,LIVE,SYNCHRONISED,AUTOMATIC,NORMAL,65,1950,1950,0,145,145,0.3,0.3,25.79825,38.73,1.028,1,0.0254,0,207.97,10.2491,-0.00904,1,0.18,4.349,2.388,100,HEALTHY,F0,0,0,healthy,0,0,0,,,,,17,0
2026-08-19T15:11:53.606Z,1787152313606,FAN_DT_001_F0_S00_R02_20260819T150854,2,178.779,FAULT_ACTIVE,F0,0,FAN_DT_001,3.0,process-model-3.0.0-build3,5042,1,LIVE,SYNCHRONISED,AUTOMATIC,NORMAL,65,1950,1950,0,145,145,0.3,0.3,25.79925,38.74,1.028,1,0.0254,0,207.97,10.3085,-0.00892,1,0.18,4.29,2.4019,100,HEALTHY,F0,0,0,healthy,0,0,0,,,,,17,0
2026-08-19T15:11:54.629Z,1787152314629,FAN_DT_001_F0_S00_R02_20260819T150854,2,179.801,FAULT_ACTIVE,F0,0,FAN_DT_001,3.0,process-model-3.0.0-build3,5043,1,LIVE,SYNCHRONISED,AUTOMATIC,NORMAL,65,1950,1950,0,145,145,0.3,0.3,25.79983,38.75,1.028,1,0.0254,0,207.97,10.3677,-0.00878,1,0.18,4.222,2.4157,100,HEALTHY,F0,0,0,healthy,0,0,0,,,,,17,0
2026-08-19T15:11:55.655Z,1787152315655,FAN_DT_001_F0_S00_R02_20260819T150854,2,180.828,FAULT_ACTIVE,F0,0,FAN_DT_001,3.0,process-model-3.0.0-build3,5044,1,LIVE,SYNCHRONISED,AUTOMATIC,NORMAL,65,1950,1950,0,145,145,0.3,0.3,25.8,38.76,1.028,1,0.0254,0,207.97,10.4269,-0.00864,1,0.18,4.155,2.4295,100,HEALTHY,F0,0,0,healthy,0,0,0,,,,,17,0
2026-08-19T15:11:56.682Z,1787152316682,FAN_DT_001_F0_S00_R02_20260819T150854,2,181.855,FAULT_ACTIVE,F0,0,FAN_DT_001,3.0,process-model-3.0.0-build3,5045,1,LIVE,SYNCHRONISED,AUTOMATIC,NORMAL,65,1950,1950,0,145,145,0.3,0.3,25.79975,38.77,1.028,1,0.0254,0,207.97,10.4857,-0.00849,1,0.18,4.081,2.4432,100,HEALTHY,F0,0,0,healthy,0,0,0,,,,,17,0
2026-08-19T15:11:57.704Z,1787152317704,FAN_DT_001_F0_S00_R02_20260819T150854,2,182.877,FAULT_ACTIVE,F0,0,FAN_DT_001,3.0,process-model-3.0.0-build3,5046,1,LIVE,SYNCHRONISED,AUTOMATIC,NORMAL,65,1950,1950,0,145,145,0.3,0.3,25.79909,38.78,1.028,1,0.0254,0,207.97,10.545,-0.00833,1,0.18,4.004,2.457,100,HEALTHY,F0,0,0,healthy,0,0,0,,,,,17,0
2026-08-19T15:11:58.730Z,1787152318730,FAN_DT_001_F0_S00_R02_20260819T150854,2,183.903,FAULT_ACTIVE,F0,0,FAN_DT_001,3.0,process-model-3.0.0-build3,5047,1,LIVE,SYNCHRONISED,AUTOMATIC,NORMAL,65,1950,1950,0,145,145,0.3,0.3,25.79801,38.79,1.028,1,0.0254,0,207.97,10.6043,-0.00818,1,0.18,3.932,2.4708,100,HEALTHY,F0,0,0,healthy,0,0,0,,,,,17,0
2026-08-19T15:11:59.762Z,1787152319762,FAN_DT_001_F0_S00_R02_20260819T150854,2,184.935,FAULT_ACTIVE,F0,0,FAN_DT_001,3.0,process-model-3.0.0-build3,5048,1,LIVE,SYNCHRONISED,AUTOMATIC,NORMAL,65,1950,1950,0,145,145,0.3,0.3,25.79653,38.79,1.028,1,0.0254,0,207.97,10.6635,-0.00801,1,0.18,3.851,2.4846,100,HEALTHY,F0,0,0,healthy,0,0,0,,,,,17,0
2026-08-19T15:12:00.788Z,1787152320788,FAN_DT_001_F0_S00_R02_20260819T150854,2,185.961,FAULT_ACTIVE,F0,0,FAN_DT_001,3.0,process-model-3.0.0-build3,5049,1,LIVE,SYNCHRONISED,AUTOMATIC,NORMAL,65,1950,1950,0,145,145,0.3,0.3,25.79462,38.8,1.028,1,0.0254,0,207.97,10.7229,-0.00784,1,0.18,3.77,2.4984,100,HEALTHY,F0,0,0,healthy,0,0,0,,,,,17,0
2026-08-19T15:12:01.813Z,1787152321813,FAN_DT_001_F0_S00_R02_20260819T150854,2,186.986,FAULT_ACTIVE,F0,0,FAN_DT_001,3.0,process-model-3.0.0-build3,5050,1,LIVE,SYNCHRONISED,AUTOMATIC,NORMAL,65,1950,1950,0,145,145,0.3,0.3,25.7923,38.81,1.028,1,0.0254,0,207.97,10.7821,-0.00769,1,0.18,3.697,2.5122,100,HEALTHY,F0,0,0,healthy,0,0,0,,,,,17,0
2026-08-19T15:12:02.845Z,1787152322845,FAN_DT_001_F0_S00_R02_20260819T150854,2,188.018,FAULT_ACTIVE,F0,0,FAN_DT_001,3.0,process-model-3.0.0-build3,5051,1,LIVE,SYNCHRONISED,AUTOMATIC,NORMAL,65,1950,1950,0,145,145,0.3,0.3,25.78957,38.82,1.028,1,0.0254,0,207.97,10.8413,-0.00751,1,0.18,3.613,2.526,100,HEALTHY,F0,0,0,healthy,0,0,0,,,,,17,0
2026-08-19T15:12:03.890Z,1787152323890,FAN_DT_001_F0_S00_R02_20260819T150854,2,189.063,FAULT_ACTIVE,F0,0,FAN_DT_001,3.0,process-model-3.0.0-build3,5052,1,LIVE,SYNCHRONISED,AUTOMATIC,NORMAL,65,1950,1950,0,145,145,0.3,0.3,25.78643,38.83,1.028,1,0.0254,0,207.97,10.9006,-0.00733,1,0.18,3.524,2.5398,100,HEALTHY,F0,0,0,healthy,0,0,0,,,,,17,0
2026-08-19T15:12:04.896Z,1787152324896,FAN_DT_001_F0_S00_R02_20260819T150854,2,190.069,FAULT_ACTIVE,F0,0,FAN_DT_001,3.0,process-model-3.0.0-build3,5053,1,LIVE,SYNCHRONISED,AUTOMATIC,NORMAL,65,1950,1950,0,145,145,0.3,0.3,25.78288,38.83,1.028,1,0.0254,0,207.97,10.9598,-0.00715,1,0.18,3.436,2.5536,100,HEALTHY,F0,0,0,healthy,0,0,0,,,,,17,0
2026-08-19T15:12:05.924Z,1787152325924,FAN_DT_001_F0_S00_R02_20260819T150854,2,191.098,FAULT_ACTIVE,F0,0,FAN_DT_001,3.0,process-model-3.0.0-build3,5054,1,LIVE,SYNCHRONISED,AUTOMATIC,NORMAL,65,1950,1950,0,145,145,0.3,0.3,25.77893,38.84,1.028,1,0.0254,0,207.97,11.0191,-0.00696,1,0.18,3.349,2.5675,100,HEALTHY,F0,0,0,healthy,0,0,0,,,,,17,0
2026-08-19T15:12:06.953Z,1787152326953,FAN_DT_001_F0_S00_R02_20260819T150854,2,192.126,FAULT_ACTIVE,F0,0,FAN_DT_001,3.0,process-model-3.0.0-build3,5055,1,LIVE,SYNCHRONISED,AUTOMATIC,NORMAL,65,1950,1950,0,145,145,0.3,0.3,25.77457,38.85,1.028,1,0.0254,0,207.97,11.0783,-0.00678,1,0.18,3.259,2.5812,100,HEALTHY,F0,0,0,healthy,0,0,0,,,,,17,0
2026-08-19T15:12:07.979Z,1787152327979,FAN_DT_001_F0_S00_R02_20260819T150854,2,193.152,FAULT_ACTIVE,F0,0,FAN_DT_001,3.0,process-model-3.0.0-build3,5056,1,LIVE,SYNCHRONISED,AUTOMATIC,NORMAL,65,1950,1950,0,145,145,0.3,0.3,25.76981,38.85,1.028,1,0.0254,0,207.97,11.1376,-0.00657,1,0.18,3.159,2.5951,100,HEALTHY,F0,0,0,healthy,0,0,0,,,,,17,0
2026-08-19T15:12:09.005Z,1787152329005,FAN_DT_001_F0_S00_R02_20260819T150854,2,194.178,FAULT_ACTIVE,F0,0,FAN_DT_001,3.0,process-model-3.0.0-build3,5057,1,LIVE,SYNCHRONISED,AUTOMATIC,NORMAL,65,1950,1950,0,145,145,0.3,0.3,25.76465,38.86,1.028,1,0.0254,0,207.97,11.1968,-0.00639,1,0.18,3.071,2.6089,100,HEALTHY,F0,0,0,healthy,0,0,0,,,,,17,0
2026-08-19T15:12:10.036Z,1787152330036,FAN_DT_001_F0_S00_R02_20260819T150854,2,195.209,FAULT_ACTIVE,F0,0,FAN_DT_001,3.0,process-model-3.0.0-build3,5058,1,LIVE,SYNCHRONISED,AUTOMATIC,NORMAL,65,1950,1950,0,145,145,0.3,0.3,25.7591,38.87,1.028,1,0.0254,0,207.97,11.256,-0.00617,1,0.18,2.968,2.6226,100,HEALTHY,F0,0,0,healthy,0,0,0,,,,,17,0
2026-08-19T15:12:11.063Z,1787152331063,FAN_DT_001_F0_S00_R02_20260819T150854,2,196.236,FAULT_ACTIVE,F0,0,FAN_DT_001,3.0,process-model-3.0.0-build3,5059,1,LIVE,SYNCHRONISED,AUTOMATIC,NORMAL,65,1950,1950,0,145,145,0.3,0.3,25.75314,38.87,1.028,1,0.0254,0,207.97,11.3153,-0.00596,1,0.18,2.868,2.6365,100,HEALTHY,F0,0,0,healthy,0,0,0,,,,,17,0
2026-08-19T15:12:12.089Z,1787152332089,FAN_DT_001_F0_S00_R02_20260819T150854,2,197.262,FAULT_ACTIVE,F0,0,FAN_DT_001,3.0,process-model-3.0.0-build3,5060,1,LIVE,SYNCHRONISED,AUTOMATIC,NORMAL,65,1950,1950,0,145,145,0.3,0.3,25.74681,38.88,1.028,1,0.0254,0,207.97,11.3744,-0.00577,1,0.18,2.773,2.6502,100,HEALTHY,F0,0,0,healthy,0,0,0,,,,,17,0
2026-08-19T15:12:13.113Z,1787152333113,FAN_DT_001_F0_S00_R02_20260819T150854,2,198.286,FAULT_ACTIVE,F0,0,FAN_DT_001,3.0,process-model-3.0.0-build3,5061,1,LIVE,SYNCHRONISED,AUTOMATIC,NORMAL,65,1950,1950,0,145,145,0.3,0.3,25.7401,38.89,1.028,1,0.0254,0,207.97,11.4335,-0.00556,1,0.18,2.674,2.664,100,HEALTHY,F0,0,0,healthy,0,0,0,,,,,17,0
2026-08-19T15:12:14.143Z,1787152334143,FAN_DT_001_F0_S00_R02_20260819T150854,2,199.316,FAULT_ACTIVE,F0,0,FAN_DT_001,3.0,process-model-3.0.0-build3,5062,1,LIVE,SYNCHRONISED,AUTOMATIC,NORMAL,65,1950,1950,0,145,145,0.3,0.3,25.73298,38.89,1.028,1,0.0254,0,207.97,11.4928,-0.00534,1,0.18,2.568,2.6778,100,HEALTHY,F0,0,0,healthy,0,0,0,,,,,17,0
2026-08-19T15:12:15.170Z,1787152335170,FAN_DT_001_F0_S00_R02_20260819T150854,2,200.343,FAULT_ACTIVE,F0,0,FAN_DT_001,3.0,process-model-3.0.0-build3,5063,1,LIVE,SYNCHRONISED,AUTOMATIC,NORMAL,65,1950,1950,0,145,145,0.3,0.3,25.72547,38.9,1.028,1,0.0254,0,207.97,11.5521,-0.00514,1,0.18,2.47,2.6916,100,HEALTHY,F0,0,0,healthy,0,0,0,,,,,17,0
2026-08-19T15:12:16.197Z,1787152336197,FAN_DT_001_F0_S00_R02_20260819T150854,2,201.37,FAULT_ACTIVE,F0,0,FAN_DT_001,3.0,process-model-3.0.0-build3,5064,1,LIVE,SYNCHRONISED,AUTOMATIC,NORMAL,65,1950,1950,0,145,145,0.3,0.3,25.71761,38.9,1.028,1,0.0254,0,207.97,11.6113,-0.00491,1,0.18,2.362,2.7054,100,HEALTHY,F0,0,0,healthy,0,0,0,,,,,17,0
2026-08-19T15:12:17.225Z,1787152337225,FAN_DT_001_F0_S00_R02_20260819T150854,2,202.398,FAULT_ACTIVE,F0,0,FAN_DT_001,3.0,process-model-3.0.0-build3,5065,1,LIVE,SYNCHRONISED,AUTOMATIC,NORMAL,65,1950,1950,0,145,145,0.3,0.3,25.70935,38.91,1.028,1,0.0254,0,207.97,11.6707,-0.00469,1,0.18,2.257,2.7193,100,HEALTHY,F0,0,0,healthy,0,0,0,,,,,17,0
2026-08-19T15:12:18.256Z,1787152338256,FAN_DT_001_F0_S00_R02_20260819T150854,2,203.429,FAULT_ACTIVE,F0,0,FAN_DT_001,3.0,process-model-3.0.0-build3,5066,1,LIVE,SYNCHRONISED,AUTOMATIC,NORMAL,65,1950,1950,0,145,145,0.3,0.3,25.70074,38.91,1.028,1,0.0254,0,207.97,11.7299,-0.0045,1,0.18,2.164,2.7331,100,HEALTHY,F0,0,0,healthy,0,0,0,,,,,17,0
2026-08-19T15:12:19.279Z,1787152339279,FAN_DT_001_F0_S00_R02_20260819T150854,2,204.452,FAULT_ACTIVE,F0,0,FAN_DT_001,3.0,process-model-3.0.0-build3,5067,1,LIVE,SYNCHRONISED,AUTOMATIC,NORMAL,65,1950,1950,0,145,145,0.3,0.3,25.69177,38.92,1.028,1,0.0254,0,207.97,11.789,-0.00428,1,0.18,2.057,2.7468,100,HEALTHY,F0,0,0,healthy,0,0,0,,,,,17,0
2026-08-19T15:12:20.307Z,1787152340307,FAN_DT_001_F0_S00_R02_20260819T150854,2,205.48,FAULT_ACTIVE,F0,0,FAN_DT_001,3.0,process-model-3.0.0-build3,5068,1,LIVE,SYNCHRONISED,AUTOMATIC,NORMAL,65,1950,1950,0,145,145,0.3,0.3,25.68241,38.92,1.028,1,0.0254,0,207.97,11.8484,-0.00403,1,0.18,1.936,2.7607,100,HEALTHY,F0,0,0,healthy,0,0,0,,,,,17,0
2026-08-19T15:12:21.331Z,1787152341331,FAN_DT_001_F0_S00_R02_20260819T150854,2,206.504,FAULT_ACTIVE,F0,0,FAN_DT_001,3.0,process-model-3.0.0-build3,5069,1,LIVE,SYNCHRONISED,AUTOMATIC,NORMAL,65,1950,1950,0,145,145,0.3,0.3,25.67271,38.92,1.028,1,0.0254,0,207.97,11.9077,-0.00381,1,0.18,1.834,2.7745,100,HEALTHY,F0,0,0,healthy,0,0,0,,,,,17,0
2026-08-19T15:12:22.363Z,1787152342363,FAN_DT_001_F0_S00_R02_20260819T150854,2,207.536,FAULT_ACTIVE,F0,0,FAN_DT_001,3.0,process-model-3.0.0-build3,5070,1,LIVE,SYNCHRONISED,AUTOMATIC,NORMAL,65,1950,1950,0,145,145,0.3,0.3,25.66269,38.93,1.028,1,0.0254,0,207.97,11.9669,-0.00358,1,0.18,1.723,2.7883,100,HEALTHY,F0,0,0,healthy,0,0,0,,,,,17,0
2026-08-19T15:12:23.391Z,1787152343391,FAN_DT_001_F0_S00_R02_20260819T150854,2,208.564,FAULT_ACTIVE,F0,0,FAN_DT_001,3.0,process-model-3.0.0-build3,5071,1,LIVE,SYNCHRONISED,AUTOMATIC,NORMAL,65,1950,1950,0,145,145,0.3,0.3,25.65227,38.93,1.028,1,0.0254,0,207.97,12.0263,-0.00336,1,0.18,1.616,2.8021,100,HEALTHY,F0,0,0,healthy,0,0,0,,,,,17,0
2026-08-19T15:12:24.438Z,1787152344438,FAN_DT_001_F0_S00_R02_20260819T150854,2,209.611,FAULT_ACTIVE,F0,0,FAN_DT_001,3.0,process-model-3.0.0-build3,5072,1,LIVE,SYNCHRONISED,AUTOMATIC,NORMAL,65,1950,1950,0,145,145,0.3,0.3,25.64153,38.93,1.028,1,0.0254,0,207.97,12.0856,-0.00312,1,0.18,1.502,2.8159,100,HEALTHY,F0,0,0,healthy,0,0,0,,,,,17,0
2026-08-19T15:12:25.456Z,1787152345456,FAN_DT_001_F0_S00_R02_20260819T150854,2,210.628,FAULT_ACTIVE,F0,0,FAN_DT_001,3.0,process-model-3.0.0-build3,5073,1,LIVE,SYNCHRONISED,AUTOMATIC,NORMAL,65,1950,1950,0,145,145,0.3,0.3,25.63049,38.94,1.028,1,0.0254,0,207.97,12.1448,-0.00289,1,0.18,1.39,2.8297,100,HEALTHY,F0,0,0,healthy,0,0,0,,,,,17,0
2026-08-19T15:12:26.465Z,1787152346465,FAN_DT_001_F0_S00_R02_20260819T150854,2,211.638,FAULT_ACTIVE,F0,0,FAN_DT_001,3.0,process-model-3.0.0-build3,5074,1,LIVE,SYNCHRONISED,AUTOMATIC,NORMAL,65,1950,1950,0,145,145,0.3,0.3,25.61914,38.94,1.028,1,0.0254,0,207.97,12.2039,-0.00264,1,0.18,1.271,2.8435,100,HEALTHY,F0,0,0,healthy,0,0,0,,,,,17,0
2026-08-19T15:12:27.488Z,1787152347488,FAN_DT_001_F0_S00_R02_20260819T150854,2,212.661,FAULT_ACTIVE,F0,0,FAN_DT_001,3.0,process-model-3.0.0-build3,5075,1,LIVE,SYNCHRONISED,AUTOMATIC,NORMAL,65,1950,1950,0,145,145,0.3,0.3,25.60749,38.94,1.028,1,0.0254,0,207.97,12.2628,-0.00242,1,0.18,1.165,2.8572,100,HEALTHY,F0,0,0,healthy,0,0,0,,,,,17,0
2026-08-19T15:12:28.511Z,1787152348511,FAN_DT_001_F0_S00_R02_20260819T150854,2,213.685,FAULT_ACTIVE,F0,0,FAN_DT_001,3.0,process-model-3.0.0-build3,5076,1,LIVE,SYNCHRONISED,AUTOMATIC,NORMAL,65,1950,1950,0,145,145,0.3,0.3,25.59552,38.95,1.028,1,0.0254,0,207.97,12.3218,-0.00217,1,0.18,1.042,2.871,100,HEALTHY,F0,0,0,healthy,0,0,0,,,,,17,0
2026-08-19T15:12:29.566Z,1787152349566,FAN_DT_001_F0_S00_R02_20260819T150854,2,214.739,FAULT_ACTIVE,F0,0,FAN_DT_001,3.0,process-model-3.0.0-build3,5077,1,LIVE,SYNCHRONISED,AUTOMATIC,NORMAL,65,1950,1950,0,145,145,0.3,0.3,25.5832,38.95,1.028,1,0.0254,0,207.97,12.381,-0.00194,1,0.18,0.931,2.8848,100,HEALTHY,F0,0,0,healthy,0,0,0,,,,,17,0
2026-08-19T15:12:30.569Z,1787152350569,FAN_DT_001_F0_S00_R02_20260819T150854,2,215.742,FAULT_ACTIVE,F0,0,FAN_DT_001,3.0,process-model-3.0.0-build3,5078,1,LIVE,SYNCHRONISED,AUTOMATIC,NORMAL,65,1950,1950,0,145,145,0.3,0.3,25.57052,38.95,1.028,1,0.0254,0,207.97,12.4405,-0.00169,1,0.18,0.815,2.8986,100,HEALTHY,F0,0,0,healthy,0,0,0,,,,,17,0
2026-08-19T15:12:31.595Z,1787152351595,FAN_DT_001_F0_S00_R02_20260819T150854,2,216.768,FAULT_ACTIVE,F0,0,FAN_DT_001,3.0,process-model-3.0.0-build3,5079,1,LIVE,SYNCHRONISED,AUTOMATIC,NORMAL,65,1950,1950,0,145,145,0.3,0.3,25.5576,38.95,1.028,1,0.0254,0,207.97,12.4997,-0.00145,1,0.18,0.695,2.9124,100,HEALTHY,F0,0,0,healthy,0,0,0,,,,,17,0
2026-08-19T15:12:32.624Z,1787152352624,FAN_DT_001_F0_S00_R02_20260819T150854,2,217.798,FAULT_ACTIVE,F0,0,FAN_DT_001,3.0,process-model-3.0.0-build3,5080,1,LIVE,SYNCHRONISED,AUTOMATIC,NORMAL,65,1950,1950,0,145,145,0.3,0.3,25.54443,38.95,1.028,1,0.0254,0,207.97,12.5587,-0.00122,1,0.18,0.588,2.9262,100,HEALTHY,F0,0,0,healthy,0,0,0,,,,,17,0
2026-08-19T15:12:33.647Z,1787152353647,FAN_DT_001_F0_S00_R02_20260819T150854,2,218.82,FAULT_ACTIVE,F0,0,FAN_DT_001,3.0,process-model-3.0.0-build3,5081,1,LIVE,SYNCHRONISED,AUTOMATIC,NORMAL,65,1950,1950,0,145,145,0.3,0.3,25.53093,38.95,1.028,1,0.0254,0,207.97,12.618,-0.00097,1,0.18,0.466,2.94,100,HEALTHY,F0,0,0,healthy,0,0,0,,,,,17,0
2026-08-19T15:12:34.680Z,1787152354680,FAN_DT_001_F0_S00_R02_20260819T150854,2,219.853,FAULT_ACTIVE,F0,0,FAN_DT_001,3.0,process-model-3.0.0-build3,5082,1,LIVE,SYNCHRONISED,AUTOMATIC,NORMAL,65,1950,1950,0,145,145,0.3,0.3,25.51716,38.95,1.028,1,0.0254,0,207.97,12.6771,-0.00073,1,0.18,0.35,2.9538,100,HEALTHY,F0,0,0,healthy,0,0,0,,,,,17,0
2026-08-19T15:12:35.705Z,1787152355705,FAN_DT_001_F0_S00_R02_20260819T150854,2,220.877,FAULT_ACTIVE,F0,0,FAN_DT_001,3.0,process-model-3.0.0-build3,5083,1,LIVE,SYNCHRONISED,AUTOMATIC,NORMAL,65,1950,1950,0,145,145,0.3,0.3,25.50315,38.96,1.028,1,0.0254,0,207.97,12.7363,-0.0005,1,0.18,0.24,2.9675,100,HEALTHY,F0,0,0,healthy,0,0,0,,,,,17,0
2026-08-19T15:12:36.726Z,1787152356726,FAN_DT_001_F0_S00_R02_20260819T150854,2,221.899,FAULT_ACTIVE,F0,0,FAN_DT_001,3.0,process-model-3.0.0-build3,5084,1,LIVE,SYNCHRONISED,AUTOMATIC,NORMAL,65,1950,1950,0,145,145,0.3,0.3,25.48885,38.96,1.028,1,0.0254,0,207.97,12.7955,-0.00024,1,0.18,0.116,2.9814,100,HEALTHY,F0,0,0,healthy,0,0,0,,,,,17,0
2026-08-19T15:12:37.756Z,1787152357756,FAN_DT_001_F0_S00_R02_20260819T150854,2,222.929,FAULT_ACTIVE,F0,0,FAN_DT_001,3.0,process-model-3.0.0-build3,5085,1,LIVE,SYNCHRONISED,AUTOMATIC,NORMAL,65,1950,1950,0,145,145,0.3,0.3,25.47433,38.96,1.028,1,0.0254,0,207.97,12.8546,0,1,0.18,0,2.9951,100,HEALTHY,F0,0,0,healthy,0,0,0,,,,,17,0
2026-08-19T15:12:38.783Z,1787152358783,FAN_DT_001_F0_S00_R02_20260819T150854,2,223.956,FAULT_ACTIVE,F0,0,FAN_DT_001,3.0,process-model-3.0.0-build3,5086,1,LIVE,SYNCHRONISED,AUTOMATIC,NORMAL,65,1950,1950,0,145,145,0.3,0.3,25.45952,38.96,1.028,1,0.0254,0,207.97,12.9139,0.00023,1,0.18,0.113,3.0089,100,HEALTHY,F0,0,0,healthy,0,0,0,,,,,17,0
2026-08-19T15:12:39.808Z,1787152359808,FAN_DT_001_F0_S00_R02_20260819T150854,2,224.981,FAULT_ACTIVE,F0,0,FAN_DT_001,3.0,process-model-3.0.0-build3,5087,1,LIVE,SYNCHRONISED,AUTOMATIC,NORMAL,65,1950,1950,0,145,145,0.3,0.3,25.44444,38.95,1.028,1,0.0254,0,207.97,12.9733,0.00048,1,0.18,0.233,3.0228,100,HEALTHY,F0,0,0,healthy,0,0,0,,,,,17,0
2026-08-19T15:12:40.833Z,1787152360833,FAN_DT_001_F0_S00_R02_20260819T150854,2,226.006,FAULT_ACTIVE,F0,0,FAN_DT_001,3.0,process-model-3.0.0-build3,5088,1,LIVE,SYNCHRONISED,AUTOMATIC,NORMAL,65,1950,1950,0,145,145,0.3,0.3,25.42917,38.95,1.028,1,0.0254,0,207.97,13.0325,0.00072,1,0.18,0.347,3.0366,100,HEALTHY,F0,0,0,healthy,0,0,0,,,,,17,0
2026-08-19T15:12:41.859Z,1787152361859,FAN_DT_001_F0_S00_R02_20260819T150854,2,227.032,FAULT_ACTIVE,F0,0,FAN_DT_001,3.0,process-model-3.0.0-build3,5089,1,LIVE,SYNCHRONISED,AUTOMATIC,NORMAL,65,1950,1950,0,145,145,0.3,0.3,25.41377,38.95,1.028,1,0.0254,0,207.97,13.0914,0.00096,1,0.18,0.462,3.0503,100,HEALTHY,F0,0,0,healthy,0,0,0,,,,,17,0
2026-08-19T15:12:42.888Z,1787152362888,FAN_DT_001_F0_S00_R02_20260819T150854,2,228.061,FAULT_ACTIVE,F0,0,FAN_DT_001,3.0,process-model-3.0.0-build3,5090,1,LIVE,SYNCHRONISED,AUTOMATIC,NORMAL,65,1950,1950,0,145,145,0.3,0.3,25.39803,38.95,1.028,1,0.0254,0,207.97,13.1507,0.00121,1,0.18,0.582,3.0641,100,HEALTHY,F0,0,0,healthy,0,0,0,,,,,17,0
2026-08-19T15:12:43.912Z,1787152363912,FAN_DT_001_F0_S00_R02_20260819T150854,2,229.085,FAULT_ACTIVE,F0,0,FAN_DT_001,3.0,process-model-3.0.0-build3,5091,1,LIVE,SYNCHRONISED,AUTOMATIC,NORMAL,65,1950,1950,0,145,145,0.3,0.3,25.3821,38.95,1.028,1,0.0254,0,207.97,13.2101,0.00144,1,0.18,0.693,3.0779,100,HEALTHY,F0,0,0,healthy,0,0,0,,,,,17,0
2026-08-19T15:12:44.953Z,1787152364953,FAN_DT_001_F0_S00_R02_20260819T150854,2,230.126,FAULT_ACTIVE,F0,0,FAN_DT_001,3.0,process-model-3.0.0-build3,5092,1,LIVE,SYNCHRONISED,AUTOMATIC,NORMAL,65,1950,1950,0,145,145,0.3,0.3,25.36602,38.95,1.028,1,0.0254,0,207.97,13.2692,0.00168,1,0.18,0.806,3.0917,100,HEALTHY,F0,0,0,healthy,0,0,0,,,,,17,0
2026-08-19T15:12:45.969Z,1787152365969,FAN_DT_001_F0_S00_R02_20260819T150854,2,231.142,FAULT_ACTIVE,F0,0,FAN_DT_001,3.0,process-model-3.0.0-build3,5093,1,LIVE,SYNCHRONISED,AUTOMATIC,NORMAL,65,1950,1950,0,145,145,0.3,0.3,25.34972,38.95,1.028,1,0.0254,0,207.97,13.3284,0.00194,1,0.18,0.931,3.1055,100,HEALTHY,F0,0,0,healthy,0,0,0,,,,,17,0
2026-08-19T15:12:46.992Z,1787152366992,FAN_DT_001_F0_S00_R02_20260819T150854,2,232.165,FAULT_ACTIVE,F0,0,FAN_DT_001,3.0,process-model-3.0.0-build3,5094,1,LIVE,SYNCHRONISED,AUTOMATIC,NORMAL,65,1950,1950,0,145,145,0.3,0.3,25.33324,38.95,1.028,1,0.0254,0,207.97,13.3876,0.00217,1,0.18,1.042,3.1193,100,HEALTHY,F0,0,0,healthy,0,0,0,,,,,17,0
2026-08-19T15:12:48.014Z,1787152368014,FAN_DT_001_F0_S00_R02_20260819T150854,2,233.187,FAULT_ACTIVE,F0,0,FAN_DT_001,3.0,process-model-3.0.0-build3,5095,1,LIVE,SYNCHRONISED,AUTOMATIC,NORMAL,65,1950,1950,0,145,145,0.3,0.3,25.31664,38.94,1.028,1,0.0254,0,207.97,13.4466,0.00239,1,0.18,1.152,3.1331,100,HEALTHY,F0,0,0,healthy,0,0,0,,,,,17,0
2026-08-19T15:12:49.044Z,1787152369044,FAN_DT_001_F0_S00_R02_20260819T150854,2,234.218,FAULT_ACTIVE,F0,0,FAN_DT_001,3.0,process-model-3.0.0-build3,5096,1,LIVE,SYNCHRONISED,AUTOMATIC,NORMAL,65,1950,1950,0,145,145,0.3,0.3,25.29986,38.94,1.028,1,0.0254,0,207.97,13.5057,0.00265,1,0.18,1.274,3.1468,100,HEALTHY,F0,0,0,healthy,0,0,0,,,,,17,0
2026-08-19T15:12:50.074Z,1787152370074,FAN_DT_001_F0_S00_R02_20260819T150854,2,235.247,FAULT_ACTIVE,F0,0,FAN_DT_001,3.0,process-model-3.0.0-build3,5097,1,LIVE,SYNCHRONISED,AUTOMATIC,NORMAL,65,1950,1950,0,145,145,0.3,0.3,25.28284,38.94,1.028,1,0.0254,0,207.97,13.5651,0.00288,1,0.18,1.383,3.1607,100,HEALTHY,F0,0,0,healthy,0,0,0,,,,,17,0
2026-08-19T15:12:51.098Z,1787152371098,FAN_DT_001_F0_S00_R02_20260819T150854,2,236.271,FAULT_ACTIVE,F0,0,FAN_DT_001,3.0,process-model-3.0.0-build3,5098,1,LIVE,SYNCHRONISED,AUTOMATIC,NORMAL,65,1950,1950,0,145,145,0.3,0.3,25.26566,38.93,1.028,1,0.0254,0,207.97,13.6245,0.00309,1,0.18,1.488,3.1745,100,HEALTHY,F0,0,0,healthy,0,0,0,,,,,17,0
2026-08-19T15:12:52.123Z,1787152372123,FAN_DT_001_F0_S00_R02_20260819T150854,2,237.296,FAULT_ACTIVE,F0,0,FAN_DT_001,3.0,process-model-3.0.0-build3,5099,1,LIVE,SYNCHRONISED,AUTOMATIC,NORMAL,65,1950,1950,0,145,145,0.3,0.3,25.24843,38.93,1.028,1,0.0254,0,207.97,13.6837,0.00335,1,0.18,1.61,3.1883,100,HEALTHY,F0,0,0,healthy,0,0,0,,,,,17,0
2026-08-19T15:12:53.153Z,1787152373153,FAN_DT_001_F0_S00_R02_20260819T150854,2,238.326,FAULT_ACTIVE,F0,0,FAN_DT_001,3.0,process-model-3.0.0-build3,5100,1,LIVE,SYNCHRONISED,AUTOMATIC,NORMAL,65,1950,1950,0,145,145,0.3,0.3,25.2311,38.93,1.028,1,0.0254,0,207.97,13.7427,0.00355,1,0.18,1.707,3.202,100,HEALTHY,F0,0,0,healthy,0,0,0,,,,,17,0
2026-08-19T15:12:54.180Z,1787152374180,FAN_DT_001_F0_S00_R02_20260819T150854,2,239.353,FAULT_ACTIVE,F0,0,FAN_DT_001,3.0,process-model-3.0.0-build3,5101,1,LIVE,SYNCHRONISED,AUTOMATIC,NORMAL,65,1950,1950,0,145,145,0.3,0.3,25.21356,38.92,1.028,1,0.0254,0,207.97,13.802,0.00378,1,0.18,1.82,3.2159,100,HEALTHY,F0,0,0,healthy,0,0,0,,,,,17,0
2026-08-19T15:12:55.206Z,1787152375206,FAN_DT_001_F0_S00_R02_20260819T150854,2,240.379,FAULT_ACTIVE,F0,0,FAN_DT_001,3.0,process-model-3.0.0-build3,5102,1,LIVE,SYNCHRONISED,AUTOMATIC,NORMAL,65,1950,1950,0,145,145,0.3,0.3,25.19592,38.92,1.028,1,0.0254,0,207.97,13.8613,0.00402,1,0.18,1.933,3.2297,100,HEALTHY,F0,0,0,healthy,0,0,0,,,,,17,0
2026-08-19T15:12:56.236Z,1787152376236,FAN_DT_001_F0_S00_R02_20260819T150854,2,241.409,FAULT_ACTIVE,F0,0,FAN_DT_001,3.0,process-model-3.0.0-build3,5103,1,LIVE,SYNCHRONISED,AUTOMATIC,NORMAL,65,1950,1950,0,145,145,0.3,0.3,25.17821,38.92,1.028,1,0.0254,0,207.97,13.9205,0.00425,1,0.18,2.043,3.2435,100,HEALTHY,F0,0,0,healthy,0,0,0,,,,,17,0
2026-08-19T15:12:57.268Z,1787152377268,FAN_DT_001_F0_S00_R02_20260819T150854,2,242.441,FAULT_ACTIVE,F0,0,FAN_DT_001,3.0,process-model-3.0.0-build3,5104,1,LIVE,SYNCHRONISED,AUTOMATIC,NORMAL,65,1950,1950,0,145,145,0.3,0.3,25.1603,38.91,1.028,1,0.0254,0,207.97,13.9801,0.00448,1,0.18,2.152,3.2574,100,HEALTHY,F0,0,0,healthy,0,0,0,,,,,17,0
2026-08-19T15:12:58.292Z,1787152378292,FAN_DT_001_F0_S00_R02_20260819T150854,2,243.465,FAULT_ACTIVE,F0,0,FAN_DT_001,3.0,process-model-3.0.0-build3,5105,1,LIVE,SYNCHRONISED,AUTOMATIC,NORMAL,65,1950,1950,0,145,145,0.3,0.3,25.14237,38.91,1.028,1,0.0254,0,207.97,14.0394,0.00469,1,0.18,2.257,3.2712,100,HEALTHY,F0,0,0,healthy,0,0,0,,,,,17,0
2026-08-19T15:12:59.316Z,1787152379316,FAN_DT_001_F0_S00_R02_20260819T150854,2,244.489,FAULT_ACTIVE,F0,0,FAN_DT_001,3.0,process-model-3.0.0-build3,5106,1,LIVE,SYNCHRONISED,AUTOMATIC,NORMAL,65,1950,1950,0,145,145,0.3,0.3,25.12446,38.9,1.028,1,0.0254,0,207.97,14.0984,0.00489,1,0.18,2.352,3.2849,100,HEALTHY,F0,0,0,healthy,0,0,0,,,,,17,0
2026-08-19T15:13:00.351Z,1787152380351,FAN_DT_001_F0_S00_R02_20260819T150854,2,245.524,FAULT_ACTIVE,F0,0,FAN_DT_001,3.0,process-model-3.0.0-build3,5107,1,LIVE,SYNCHRONISED,AUTOMATIC,NORMAL,65,1950,1950,0,145,145,0.3,0.3,25.10644,38.9,1.028,1,0.0254,0,207.97,14.1576,0.0051,1,0.18,2.45,3.2987,100,HEALTHY,F0,0,0,healthy,0,0,0,,,,,17,0
2026-08-19T15:13:01.372Z,1787152381372,FAN_DT_001_F0_S00_R02_20260819T150854,2,246.545,FAULT_ACTIVE,F0,0,FAN_DT_001,3.0,process-model-3.0.0-build3,5108,1,LIVE,SYNCHRONISED,AUTOMATIC,NORMAL,65,1950,1950,0,145,145,0.3,0.3,25.08832,38.89,1.028,1,0.0254,0,207.97,14.2169,0.00533,1,0.18,2.562,3.3125,100,HEALTHY,F0,0,0,healthy,0,0,0,,,,,17,0
2026-08-19T15:13:02.397Z,1787152382397,FAN_DT_001_F0_S00_R02_20260819T150854,2,247.57,FAULT_ACTIVE,F0,0,FAN_DT_001,3.0,process-model-3.0.0-build3,5109,1,LIVE,SYNCHRONISED,AUTOMATIC,NORMAL,65,1950,1950,0,145,145,0.3,0.3,25.07019,38.88,1.028,1,0.0254,0,207.97,14.2761,0.00553,1,0.18,2.659,3.3263,100,HEALTHY,F0,0,0,healthy,0,0,0,,,,,17,0
2026-08-19T15:13:03.428Z,1787152383428,FAN_DT_001_F0_S00_R02_20260819T150854,2,248.601,FAULT_ACTIVE,F0,0,FAN_DT_001,3.0,process-model-3.0.0-build3,5110,1,LIVE,SYNCHRONISED,AUTOMATIC,NORMAL,65,1950,1950,0,145,145,0.3,0.3,25.05204,38.88,1.028,1,0.0254,0,207.97,14.3353,0.00574,1,0.18,2.759,3.3401,100,HEALTHY,F0,0,0,healthy,0,0,0,,,,,17,0
2026-08-19T15:13:04.453Z,1787152384453,FAN_DT_001_F0_S00_R02_20260819T150854,2,249.627,FAULT_ACTIVE,F0,0,FAN_DT_001,3.0,process-model-3.0.0-build3,5111,1,LIVE,SYNCHRONISED,AUTOMATIC,NORMAL,65,1950,1950,0,145,145,0.3,0.3,25.03378,38.87,1.028,1,0.0254,0,207.97,14.3947,0.00593,1,0.18,2.853,3.354,100,HEALTHY,F0,0,0,healthy,0,0,0,,,,,17,0
2026-08-19T15:13:05.478Z,1787152385478,FAN_DT_001_F0_S00_R02_20260819T150854,2,250.651,FAULT_ACTIVE,F0,0,FAN_DT_001,3.0,process-model-3.0.0-build3,5112,1,LIVE,SYNCHRONISED,AUTOMATIC,NORMAL,65,1950,1950,0,145,145,0.3,0.3,25.01558,38.87,1.028,1,0.0254,0,207.97,14.4539,0.00613,1,0.18,2.946,3.3678,100,HEALTHY,F0,0,0,healthy,0,0,0,,,,,17,0
2026-08-19T15:13:06.510Z,1787152386510,FAN_DT_001_F0_S00_R02_20260819T150854,2,251.683,FAULT_ACTIVE,F0,0,FAN_DT_001,3.0,process-model-3.0.0-build3,5113,1,LIVE,SYNCHRONISED,AUTOMATIC,NORMAL,65,1950,1950,0,145,145,0.3,0.3,24.9974,38.86,1.028,1,0.0254,0,207.97,14.5129,0.00634,1,0.18,3.048,3.3815,100,HEALTHY,F0,0,0,healthy,0,0,0,,,,,17,0
2026-08-19T15:13:07.534Z,1787152387534,FAN_DT_001_F0_S00_R02_20260819T150854,2,252.707,FAULT_ACTIVE,F0,0,FAN_DT_001,3.0,process-model-3.0.0-build3,5114,1,LIVE,SYNCHRONISED,AUTOMATIC,NORMAL,65,1950,1950,0,145,145,0.3,0.3,24.97913,38.85,1.028,1,0.0254,0,207.97,14.5723,0.00651,1,0.18,3.13,3.3953,100,HEALTHY,F0,0,0,healthy,0,0,0,,,,,17,0
2026-08-19T15:13:08.559Z,1787152388559,FAN_DT_001_F0_S00_R02_20260819T150854,2,253.731,FAULT_ACTIVE,F0,0,FAN_DT_001,3.0,process-model-3.0.0-build3,5115,1,LIVE,SYNCHRONISED,AUTOMATIC,NORMAL,65,1950,1950,0,145,145,0.3,0.3,24.96094,38.85,1.028,1,0.0254,0,207.97,14.6314,0.0067,1,0.18,3.221,3.4091,100,HEALTHY,F0,0,0,healthy,0,0,0,,,,,17,0
2026-08-19T15:13:09.587Z,1787152389587,FAN_DT_001_F0_S00_R02_20260819T150854,2,254.76,FAULT_ACTIVE,F0,0,FAN_DT_001,3.0,process-model-3.0.0-build3,5116,1,LIVE,SYNCHRONISED,AUTOMATIC,NORMAL,65,1950,1950,0,145,145,0.3,0.3,24.94281,38.84,1.028,1,0.0254,0,207.97,14.6905,0.0069,1,0.18,3.316,3.4229,100,HEALTHY,F0,0,0,healthy,0,0,0,,,,,17,0
2026-08-19T15:13:10.612Z,1787152390612,FAN_DT_001_F0_S00_R02_20260819T150854,2,255.785,FAULT_ACTIVE,F0,0,FAN_DT_001,3.0,process-model-3.0.0-build3,5117,1,LIVE,SYNCHRONISED,AUTOMATIC,NORMAL,65,1950,1950,0,145,145,0.3,0.3,24.92459,38.83,1.028,1,0.0254,0,207.97,14.7499,0.00708,1,0.18,3.406,3.4367,100,HEALTHY,F0,0,0,healthy,0,0,0,,,,,17,0
2026-08-19T15:13:11.638Z,1787152391638,FAN_DT_001_F0_S00_R02_20260819T150854,2,256.811,FAULT_ACTIVE,F0,0,FAN_DT_001,3.0,process-model-3.0.0-build3,5118,1,LIVE,SYNCHRONISED,AUTOMATIC,NORMAL,65,1950,1950,0,145,145,0.3,0.3,24.90645,38.83,1.028,1,0.0254,0,207.97,14.8092,0.00725,1,0.18,3.488,3.4505,100,HEALTHY,F0,0,0,healthy,0,0,0,,,,,17,0
2026-08-19T15:13:12.662Z,1787152392662,FAN_DT_001_F0_S00_R02_20260819T150854,2,257.835,FAULT_ACTIVE,F0,0,FAN_DT_001,3.0,process-model-3.0.0-build3,5119,1,LIVE,SYNCHRONISED,AUTOMATIC,NORMAL,65,1950,1950,0,145,145,0.3,0.3,24.88857,38.82,1.028,1,0.0254,0,207.97,14.8677,0.00742,1,0.18,3.57,3.4642,100,HEALTHY,F0,0,0,healthy,0,0,0,,,,,17,0
2026-08-19T15:13:13.686Z,1787152393686,FAN_DT_001_F0_S00_R02_20260819T150854,2,258.859,FAULT_ACTIVE,F0,0,FAN_DT_001,3.0,process-model-3.0.0-build3,5120,1,LIVE,SYNCHRONISED,AUTOMATIC,NORMAL,65,1950,1950,0,145,145,0.3,0.3,24.8705,38.81,1.028,1,0.0254,0,207.97,14.9272,0.0076,1,0.18,3.654,3.478,100,HEALTHY,F0,0,0,healthy,0,0,0,,,,,17,0
2026-08-19T15:13:14.710Z,1787152394710,FAN_DT_001_F0_S00_R02_20260819T150854,2,259.884,FAULT_ACTIVE,F0,0,FAN_DT_001,3.0,process-model-3.0.0-build3,5121,1,LIVE,SYNCHRONISED,AUTOMATIC,NORMAL,65,1950,1950,0,145,145,0.3,0.3,24.85258,38.8,1.028,1,0.0254,0,207.97,14.9863,0.00778,1,0.18,3.739,3.4918,100,HEALTHY,F0,0,0,healthy,0,0,0,,,,,17,0
2026-08-19T15:13:15.744Z,1787152395744,FAN_DT_001_F0_S00_R02_20260819T150854,2,260.917,FAULT_ACTIVE,F0,0,FAN_DT_001,3.0,process-model-3.0.0-build3,5122,1,LIVE,SYNCHRONISED,AUTOMATIC,NORMAL,65,1950,1950,0,145,145,0.3,0.3,24.83471,38.79,1.028,1,0.0254,0,207.97,15.0455,0.00792,1,0.18,3.809,3.5056,100,HEALTHY,F0,0,0,healthy,0,0,0,,,,,17,0
2026-08-19T15:13:16.771Z,1787152396771,FAN_DT_001_F0_S00_R02_20260819T150854,2,261.944,FAULT_ACTIVE,F0,0,FAN_DT_001,3.0,process-model-3.0.0-build3,5123,1,LIVE,SYNCHRONISED,AUTOMATIC,NORMAL,65,1950,1950,0,145,145,0.3,0.3,24.81685,38.79,1.028,1,0.0254,0,207.97,15.1049,0.00808,1,0.18,3.887,3.5194,100,HEALTHY,F0,0,0,healthy,0,0,0,,,,,17,0
2026-08-19T15:13:17.797Z,1787152397797,FAN_DT_001_F0_S00_R02_20260819T150854,2,262.97,FAULT_ACTIVE,F0,0,FAN_DT_001,3.0,process-model-3.0.0-build3,5124,1,LIVE,SYNCHRONISED,AUTOMATIC,NORMAL,65,1950,1950,0,145,145,0.3,0.3,24.79914,38.78,1.028,1,0.0254,0,207.97,15.1642,0.00823,1,0.18,3.957,3.5333,100,HEALTHY,F0,0,0,healthy,0,0,0,,,,,17,0
2026-08-19T15:13:18.828Z,1787152398828,FAN_DT_001_F0_S00_R02_20260819T150854,2,264.001,FAULT_ACTIVE,F0,0,FAN_DT_001,3.0,process-model-3.0.0-build3,5125,1,LIVE,SYNCHRONISED,AUTOMATIC,NORMAL,65,1950,1950,0,145,145,0.3,0.3,24.78155,38.77,1.028,1,0.0254,0,207.97,15.2235,0.00838,1,0.18,4.03,3.5471,100,HEALTHY,F0,0,0,healthy,0,0,0,,,,,17,0
2026-08-19T15:13:19.855Z,1787152399855,FAN_DT_001_F0_S00_R02_20260819T150854,2,265.028,FAULT_ACTIVE,F0,0,FAN_DT_001,3.0,process-model-3.0.0-build3,5126,1,LIVE,SYNCHRONISED,AUTOMATIC,NORMAL,65,1950,1950,0,145,145,0.3,0.3,24.76409,38.76,1.028,1,0.0254,0,207.97,15.2827,0.00854,1,0.18,4.105,3.5609,100,HEALTHY,F0,0,0,healthy,0,0,0,,,,,17,0
2026-08-19T15:13:20.879Z,1787152400879,FAN_DT_001_F0_S00_R02_20260819T150854,2,266.052,FAULT_ACTIVE,F0,0,FAN_DT_001,3.0,process-model-3.0.0-build3,5127,1,LIVE,SYNCHRONISED,AUTOMATIC,NORMAL,65,1950,1950,0,145,145,0.3,0.3,24.74668,38.75,1.028,1,0.0254,0,207.97,15.3421,0.00868,1,0.18,4.174,3.5747,100,HEALTHY,F0,0,0,healthy,0,0,0,,,,,17,0
2026-08-19T15:13:21.909Z,1787152401909,FAN_DT_001_F0_S00_R02_20260819T150854,2,267.082,FAULT_ACTIVE,F0,0,FAN_DT_001,3.0,process-model-3.0.0-build3,5128,1,LIVE,SYNCHRONISED,AUTOMATIC,NORMAL,65,1950,1950,0,145,145,0.3,0.3,24.72949,38.74,1.028,1,0.0254,0,207.97,15.4012,0.00882,1,0.18,4.243,3.5885,100,HEALTHY,F0,0,0,healthy,0,0,0,,,,,17,0
2026-08-19T15:13:22.946Z,1787152402946,FAN_DT_001_F0_S00_R02_20260819T150854,2,268.119,FAULT_ACTIVE,F0,0,FAN_DT_001,3.0,process-model-3.0.0-build3,5129,1,LIVE,SYNCHRONISED,AUTOMATIC,NORMAL,65,1950,1950,0,145,145,0.3,0.3,24.71239,38.73,1.028,1,0.0254,0,207.97,15.4605,0.00896,1,0.18,4.309,3.6023,100,HEALTHY,F0,0,0,healthy,0,0,0,,,,,17,0
2026-08-19T15:13:23.963Z,1787152403963,FAN_DT_001_F0_S00_R02_20260819T150854,2,269.136,FAULT_ACTIVE,F0,0,FAN_DT_001,3.0,process-model-3.0.0-build3,5130,1,LIVE,SYNCHRONISED,AUTOMATIC,NORMAL,65,1950,1950,0,145,145,0.3,0.3,24.69542,38.72,1.028,1,0.0254,0,207.97,15.5198,0.00908,1,0.18,4.365,3.6161,100,HEALTHY,F0,0,0,healthy,0,0,0,,,,,17,0
2026-08-19T15:13:24.991Z,1787152404991,FAN_DT_001_F0_S00_R02_20260819T150854,2,270.164,FAULT_ACTIVE,F0,0,FAN_DT_001,3.0,process-model-3.0.0-build3,5131,1,LIVE,SYNCHRONISED,AUTOMATIC,NORMAL,65,1950,1950,0,145,145,0.3,0.3,24.67868,38.71,1.028,1,0.0254,0,207.97,15.5789,0.0092,1,0.18,4.425,3.6299,100,HEALTHY,F0,0,0,healthy,0,0,0,,,,,17,0
2026-08-19T15:13:26.017Z,1787152406017,FAN_DT_001_F0_S00_R02_20260819T150854,2,271.19,FAULT_ACTIVE,F0,0,FAN_DT_001,3.0,process-model-3.0.0-build3,5132,1,LIVE,SYNCHRONISED,AUTOMATIC,NORMAL,65,1950,1950,0,145,145,0.3,0.3,24.66203,38.71,1.028,1,0.0254,0,207.97,15.6383,0.00932,1,0.18,4.484,3.6437,100,HEALTHY,F0,0,0,healthy,0,0,0,,,,,17,0
2026-08-19T15:13:27.039Z,1787152407039,FAN_DT_001_F0_S00_R02_20260819T150854,2,272.212,FAULT_ACTIVE,F0,0,FAN_DT_001,3.0,process-model-3.0.0-build3,5133,1,LIVE,SYNCHRONISED,AUTOMATIC,NORMAL,65,1950,1950,0,145,145,0.3,0.3,24.64561,38.7,1.028,1,0.0254,0,207.97,15.6975,0.00942,1,0.18,4.53,3.6575,100,HEALTHY,F0,0,0,healthy,0,0,0,,,,,17,0
2026-08-19T15:13:28.070Z,1787152408070,FAN_DT_001_F0_S00_R02_20260819T150854,2,273.243,FAULT_ACTIVE,F0,0,FAN_DT_001,3.0,process-model-3.0.0-build3,5134,1,LIVE,SYNCHRONISED,AUTOMATIC,NORMAL,65,1950,1950,0,145,145,0.3,0.3,24.62945,38.69,1.028,1,0.0254,0,207.97,15.7564,0.00954,1,0.18,4.586,3.6712,100,HEALTHY,F0,0,0,healthy,0,0,0,,,,,17,0
2026-08-19T15:13:29.093Z,1787152409093,FAN_DT_001_F0_S00_R02_20260819T150854,2,274.266,FAULT_ACTIVE,F0,0,FAN_DT_001,3.0,process-model-3.0.0-build3,5135,1,LIVE,SYNCHRONISED,AUTOMATIC,NORMAL,65,1950,1950,0,145,145,0.3,0.3,24.61335,38.68,1.028,1,0.0254,0,207.97,15.8158,0.00963,1,0.18,4.63,3.6851,100,HEALTHY,F0,0,0,healthy,0,0,0,,,,,17,0
2026-08-19T15:13:30.123Z,1787152410123,FAN_DT_001_F0_S00_R02_20260819T150854,2,275.296,FAULT_ACTIVE,F0,0,FAN_DT_001,3.0,process-model-3.0.0-build3,5136,1,LIVE,SYNCHRONISED,AUTOMATIC,NORMAL,65,1950,1950,0,145,145,0.3,0.3,24.59751,38.67,1.028,1,0.0254,0,207.97,15.875,0.00974,1,0.18,4.683,3.6989,100,HEALTHY,F0,0,0,healthy,0,0,0,,,,,17,0
2026-08-19T15:13:31.159Z,1787152411159,FAN_DT_001_F0_S00_R02_20260819T150854,2,276.332,FAULT_ACTIVE,F0,0,FAN_DT_001,3.0,process-model-3.0.0-build3,5137,1,LIVE,SYNCHRONISED,AUTOMATIC,NORMAL,65,1950,1950,0,145,145,0.3,0.3,24.58188,38.66,1.028,1,0.0254,0,207.97,15.9341,0.00983,1,0.18,4.729,3.7127,100,HEALTHY,F0,0,0,healthy,0,0,0,,,,,17,0
2026-08-19T15:13:32.173Z,1787152412173,FAN_DT_001_F0_S00_R02_20260819T150854,2,277.346,FAULT_ACTIVE,F0,0,FAN_DT_001,3.0,process-model-3.0.0-build3,5138,1,LIVE,SYNCHRONISED,AUTOMATIC,NORMAL,65,1950,1950,0,145,145,0.3,0.3,24.56642,38.65,1.028,1,0.0254,0,207.97,15.9934,0.0099,1,0.18,4.76,3.7265,100,HEALTHY,F0,0,0,healthy,0,0,0,,,,,17,0
2026-08-19T15:13:33.203Z,1787152413203,FAN_DT_001_F0_S00_R02_20260819T150854,2,278.376,FAULT_ACTIVE,F0,0,FAN_DT_001,3.0,process-model-3.0.0-build3,5139,1,LIVE,SYNCHRONISED,AUTOMATIC,NORMAL,65,1950,1950,0,145,145,0.3,0.3,24.55123,38.64,1.028,1,0.0254,0,207.97,16.0527,0.01,1,0.18,4.808,3.7403,100,HEALTHY,F0,0,0,healthy,0,0,0,,,,,17,0
2026-08-19T15:13:34.231Z,1787152414231,FAN_DT_001_F0_S00_R02_20260819T150854,2,279.404,FAULT_ACTIVE,F0,0,FAN_DT_001,3.0,process-model-3.0.0-build3,5140,1,LIVE,SYNCHRONISED,AUTOMATIC,NORMAL,65,1950,1950,0,145,145,0.3,0.3,24.53626,38.63,1.028,1,0.0254,0,207.97,16.1119,0.01006,1,0.18,4.838,3.7541,100,HEALTHY,F0,0,0,healthy,0,0,0,,,,,17,0
2026-08-19T15:13:35.257Z,1787152415257,FAN_DT_001_F0_S00_R02_20260819T150854,2,280.43,FAULT_ACTIVE,F0,0,FAN_DT_001,3.0,process-model-3.0.0-build3,5141,1,LIVE,SYNCHRONISED,AUTOMATIC,NORMAL,65,1950,1950,0,145,145,0.3,0.3,24.52151,38.61,1.028,1,0.0254,0,207.97,16.1712,0.01013,1,0.18,4.872,3.7679,100,HEALTHY,F0,0,0,healthy,0,0,0,,,,,17,0
2026-08-19T15:13:36.284Z,1787152416284,FAN_DT_001_F0_S00_R02_20260819T150854,2,281.457,FAULT_ACTIVE,F0,0,FAN_DT_001,3.0,process-model-3.0.0-build3,5142,1,LIVE,SYNCHRONISED,AUTOMATIC,NORMAL,65,1950,1950,0,145,145,0.3,0.3,24.50704,38.6,1.028,1,0.0254,0,207.97,16.2304,0.0102,1,0.18,4.905,3.7817,100,HEALTHY,F0,0,0,healthy,0,0,0,,,,,17,0
2026-08-19T15:13:37.313Z,1787152417313,FAN_DT_001_F0_S00_R02_20260819T150854,2,282.486,FAULT_ACTIVE,F0,0,FAN_DT_001,3.0,process-model-3.0.0-build3,5143,1,LIVE,SYNCHRONISED,AUTOMATIC,NORMAL,65,1950,1950,0,145,145,0.3,0.3,24.49281,38.59,1.028,1,0.0254,0,207.97,16.2896,0.01027,1,0.18,4.94,3.7955,100,HEALTHY,F0,0,0,healthy,0,0,0,,,,,17,0
2026-08-19T15:13:38.336Z,1787152418336,FAN_DT_001_F0_S00_R02_20260819T150854,2,283.509,FAULT_ACTIVE,F0,0,FAN_DT_001,3.0,process-model-3.0.0-build3,5144,1,LIVE,SYNCHRONISED,AUTOMATIC,NORMAL,65,1950,1950,0,145,145,0.3,0.3,24.47884,38.58,1.028,1,0.0254,0,207.97,16.3489,0.01031,1,0.18,4.96,3.8093,100,HEALTHY,F0,0,0,healthy,0,0,0,,,,,17,0
2026-08-19T15:13:39.366Z,1787152419366,FAN_DT_001_F0_S00_R02_20260819T150854,2,284.539,FAULT_ACTIVE,F0,0,FAN_DT_001,3.0,process-model-3.0.0-build3,5145,1,LIVE,SYNCHRONISED,AUTOMATIC,NORMAL,65,1950,1950,0,145,145,0.3,0.3,24.46517,38.57,1.028,1,0.0254,0,207.97,16.408,0.01038,1,0.18,4.989,3.8231,100,HEALTHY,F0,0,0,healthy,0,0,0,,,,,17,0
2026-08-19T15:13:40.394Z,1787152420394,FAN_DT_001_F0_S00_R02_20260819T150854,2,285.567,FAULT_ACTIVE,F0,0,FAN_DT_001,3.0,process-model-3.0.0-build3,5146,1,LIVE,SYNCHRONISED,AUTOMATIC,NORMAL,65,1950,1950,0,145,145,0.3,0.3,24.45174,38.56,1.028,1,0.0254,0,207.97,16.4673,0.01043,1,0.18,5.016,3.8369,100,HEALTHY,F0,0,0,healthy,0,0,0,,,,,17,0
2026-08-19T15:13:41.424Z,1787152421424,FAN_DT_001_F0_S00_R02_20260819T150854,2,286.596,FAULT_ACTIVE,F0,0,FAN_DT_001,3.0,process-model-3.0.0-build3,5147,1,LIVE,SYNCHRONISED,AUTOMATIC,NORMAL,65,1950,1950,0,145,145,0.3,0.3,24.43858,38.55,1.028,1,0.0254,0,207.97,16.5267,0.01047,1,0.18,5.037,3.8507,100,HEALTHY,F0,0,0,healthy,0,0,0,,,,,17,0
2026-08-19T15:13:42.444Z,1787152422444,FAN_DT_001_F0_S00_R02_20260819T150854,2,287.617,FAULT_ACTIVE,F0,0,FAN_DT_001,3.0,process-model-3.0.0-build3,5148,1,LIVE,SYNCHRONISED,AUTOMATIC,NORMAL,65,1950,1950,0,145,145,0.3,0.3,24.42579,38.54,1.028,1,0.0254,0,207.97,16.5856,0.01049,1,0.18,5.044,3.8645,100,HEALTHY,F0,0,0,healthy,0,0,0,,,,,17,0
2026-08-19T15:13:43.471Z,1787152423471,FAN_DT_001_F0_S00_R02_20260819T150854,2,288.644,FAULT_ACTIVE,F0,0,FAN_DT_001,3.0,process-model-3.0.0-build3,5149,1,LIVE,SYNCHRONISED,AUTOMATIC,NORMAL,65,1950,1950,0,145,145,0.3,0.3,24.41329,38.53,1.028,1,0.0254,0,207.97,16.6447,0.01054,1,0.18,5.069,3.8782,100,HEALTHY,F0,0,0,healthy,0,0,0,,,,,17,0
2026-08-19T15:13:44.496Z,1787152424496,FAN_DT_001_F0_S00_R02_20260819T150854,2,289.669,FAULT_ACTIVE,F0,0,FAN_DT_001,3.0,process-model-3.0.0-build3,5150,1,LIVE,SYNCHRONISED,AUTOMATIC,NORMAL,65,1950,1950,0,145,145,0.3,0.3,24.40101,38.52,1.028,1,0.0254,0,207.97,16.7041,0.01057,1,0.18,5.081,3.8921,100,HEALTHY,F0,0,0,healthy,0,0,0,,,,,17,0
2026-08-19T15:13:45.522Z,1787152425522,FAN_DT_001_F0_S00_R02_20260819T150854,2,290.695,FAULT_ACTIVE,F0,0,FAN_DT_001,3.0,process-model-3.0.0-build3,5151,1,LIVE,SYNCHRONISED,AUTOMATIC,NORMAL,65,1950,1950,0,145,145,0.3,0.3,24.38908,38.51,1.028,1,0.0254,0,207.97,16.7633,0.01058,1,0.18,5.086,3.9059,100,HEALTHY,F0,0,0,healthy,0,0,0,,,,,17,0
2026-08-19T15:13:46.551Z,1787152426551,FAN_DT_001_F0_S00_R02_20260819T150854,2,291.724,FAULT_ACTIVE,F0,0,FAN_DT_001,3.0,process-model-3.0.0-build3,5152,1,LIVE,SYNCHRONISED,AUTOMATIC,NORMAL,65,1950,1950,0,145,145,0.3,0.3,24.37752,38.5,1.028,1,0.0254,0,207.97,16.8224,0.01058,1,0.18,5.087,3.9196,100,HEALTHY,F0,0,0,healthy,0,0,0,,,,,17,0
2026-08-19T15:13:47.575Z,1787152427575,FAN_DT_001_F0_S00_R02_20260819T150854,2,292.747,FAULT_ACTIVE,F0,0,FAN_DT_001,3.0,process-model-3.0.0-build3,5153,1,LIVE,SYNCHRONISED,AUTOMATIC,NORMAL,65,1950,1950,0,145,145,0.3,0.3,24.36621,38.49,1.028,1,0.0254,0,207.97,16.8817,0.0106,1,0.18,5.095,3.9334,100,HEALTHY,F0,0,0,healthy,0,0,0,,,,,17,0
2026-08-19T15:13:48.601Z,1787152428601,FAN_DT_001_F0_S00_R02_20260819T150854,2,293.773,FAULT_ACTIVE,F0,0,FAN_DT_001,3.0,process-model-3.0.0-build3,5154,1,LIVE,SYNCHRONISED,AUTOMATIC,NORMAL,65,1950,1950,0,145,145,0.3,0.3,24.35528,38.48,1.028,1,0.0254,0,207.97,16.9408,0.01061,1,0.18,5.1,3.9472,100,HEALTHY,F0,0,0,healthy,0,0,0,,,,,17,0
2026-08-19T15:13:49.632Z,1787152429632,FAN_DT_001_F0_S00_R02_20260819T150854,2,294.805,FAULT_ACTIVE,F0,0,FAN_DT_001,3.0,process-model-3.0.0-build3,5155,1,LIVE,SYNCHRONISED,AUTOMATIC,NORMAL,65,1950,1950,0,145,145,0.3,0.3,24.34466,38.46,1.028,1,0.0254,0,207.97,17,0.01058,1,0.18,5.087,3.961,100,HEALTHY,F0,0,0,healthy,0,0,0,,,,,17,0
2026-08-19T15:13:50.660Z,1787152430660,FAN_DT_001_F0_S00_R02_20260819T150854,2,295.833,FAULT_ACTIVE,F0,0,FAN_DT_001,3.0,process-model-3.0.0-build3,5156,1,LIVE,SYNCHRONISED,AUTOMATIC,NORMAL,65,1950,1950,0,145,145,0.3,0.3,24.33436,38.45,1.028,1,0.0254,0,207.97,17.0593,0.01057,1,0.18,5.081,3.9748,100,HEALTHY,F0,0,0,healthy,0,0,0,,,,,17,0
2026-08-19T15:13:51.706Z,1787152431706,FAN_DT_001_F0_S00_R02_20260819T150854,2,296.879,FAULT_ACTIVE,F0,0,FAN_DT_001,3.0,process-model-3.0.0-build3,5157,1,LIVE,SYNCHRONISED,AUTOMATIC,NORMAL,65,1950,1950,0,145,145,0.3,0.3,24.32444,38.44,1.028,1,0.0254,0,207.97,17.1184,0.01058,1,0.18,5.086,3.9886,100,HEALTHY,F0,0,0,healthy,0,0,0,,,,,17,0
2026-08-19T15:13:52.711Z,1787152432711,FAN_DT_001_F0_S00_R02_20260819T150854,2,297.883,FAULT_ACTIVE,F0,0,FAN_DT_001,3.0,process-model-3.0.0-build3,5158,1,LIVE,SYNCHRONISED,AUTOMATIC,NORMAL,65,1950,1950,0,145,145,0.3,0.3,24.31486,38.43,1.028,1,0.0254,0,207.97,17.1776,0.01054,1,0.18,5.07,4.0024,100,HEALTHY,F0,0,0,healthy,0,0,0,,,,,17,0
2026-08-19T15:13:53.734Z,1787152433734,FAN_DT_001_F0_S00_R02_20260819T150854,2,298.907,FAULT_ACTIVE,F0,0,FAN_DT_001,3.0,process-model-3.0.0-build3,5159,1,LIVE,SYNCHRONISED,AUTOMATIC,NORMAL,65,1950,1950,0,145,145,0.3,0.3,24.30562,38.42,1.028,1,0.0254,0,207.97,17.2369,0.01053,1,0.18,5.063,4.0162,100,HEALTHY,F0,0,0,healthy,0,0,0,,,,,17,0
2026-08-19T15:13:54.766Z,1787152434766,FAN_DT_001_F0_S00_R02_20260819T150854,2,299.939,FAULT_ACTIVE,F0,0,FAN_DT_001,3.0,process-model-3.0.0-build3,5160,1,LIVE,SYNCHRONISED,AUTOMATIC,NORMAL,65,1950,1950,0,145,145,0.3,0.3,24.29673,38.41,1.028,1,0.0254,0,207.97,17.2962,0.01049,1,0.18,5.044,4.03,100,HEALTHY,F0,0,0,healthy,0,0,0,,,,,17,0
2026-08-19T15:13:55.799Z,1787152435799,FAN_DT_001_F0_S00_R02_20260819T150854,2,300.973,FAULT_ACTIVE,F0,0,FAN_DT_001,3.0,process-model-3.0.0-build3,5161,1,LIVE,SYNCHRONISED,AUTOMATIC,NORMAL,65,1950,1950,0,145,145,0.3,0.3,24.2882,38.4,1.028,1,0.0254,0,207.97,17.3556,0.01046,1,0.18,5.03,4.0439,100,HEALTHY,F0,0,0,healthy,0,0,0,,,,,17,0
2026-08-19T15:13:56.821Z,1787152436821,FAN_DT_001_F0_S00_R02_20260819T150854,2,301.995,FAULT_ACTIVE,F0,0,FAN_DT_001,3.0,process-model-3.0.0-build3,5162,1,LIVE,SYNCHRONISED,AUTOMATIC,NORMAL,65,1950,1950,0,145,145,0.3,0.3,24.28006,38.39,1.028,1,0.0254,0,207.97,17.415,0.01042,1,0.18,5.008,4.0577,100,HEALTHY,F0,0,0,healthy,0,0,0,,,,,17,0
2026-08-19T15:13:57.883Z,1787152437883,FAN_DT_001_F0_S00_R02_20260819T150854,2,303.056,FAULT_ACTIVE,F0,0,FAN_DT_001,3.0,process-model-3.0.0-build3,5163,1,LIVE,SYNCHRONISED,AUTOMATIC,NORMAL,65,1950,1950,0,145,145,0.3,0.3,24.27234,38.38,1.028,1,0.0254,0,207.97,17.4739,0.01035,1,0.18,4.975,4.0714,100,HEALTHY,F0,0,0,healthy,0,0,0,,,,,17,0
2026-08-19T15:13:58.873Z,1787152438873,FAN_DT_001_F0_S00_R02_20260819T150854,2,304.046,FAULT_ACTIVE,F0,0,FAN_DT_001,3.0,process-model-3.0.0-build3,5164,1,LIVE,SYNCHRONISED,AUTOMATIC,NORMAL,65,1950,1950,0,145,145,0.3,0.3,24.26496,38.37,1.028,1,0.0254,0,207.97,17.533,0.0103,1,0.18,4.953,4.0852,100,HEALTHY,F0,0,0,healthy,0,0,0,,,,,17,0
2026-08-19T15:13:59.899Z,1787152439899,FAN_DT_001_F0_S00_R02_20260819T150854,2,305.072,FAULT_ACTIVE,F0,0,FAN_DT_001,3.0,process-model-3.0.0-build3,5165,1,LIVE,SYNCHRONISED,AUTOMATIC,NORMAL,65,1950,1950,0,145,145,0.3,0.3,24.25796,38.36,1.028,1,0.0254,0,207.97,17.5923,0.01025,1,0.18,4.931,4.099,100,HEALTHY,F0,0,0,healthy,0,0,0,,,,,17,0
2026-08-19T15:14:00.927Z,1787152440927,FAN_DT_001_F0_S00_R02_20260819T150854,2,306.1,FAULT_ACTIVE,F0,0,FAN_DT_001,3.0,process-model-3.0.0-build3,5166,1,LIVE,SYNCHRONISED,AUTOMATIC,NORMAL,65,1950,1950,0,145,145,0.3,0.3,24.25133,38.35,1.028,1,0.0254,0,207.97,17.6516,0.01017,1,0.18,4.892,4.1128,100,HEALTHY,F0,0,0,healthy,0,0,0,,,,,17,0
2026-08-19T15:14:01.957Z,1787152441957,FAN_DT_001_F0_S00_R02_20260819T150854,2,307.13,FAULT_ACTIVE,F0,0,FAN_DT_001,3.0,process-model-3.0.0-build3,5167,1,LIVE,SYNCHRONISED,AUTOMATIC,NORMAL,65,1950,1950,0,145,145,0.3,0.3,24.2451,38.34,1.028,1,0.0254,0,207.97,17.7108,0.01012,1,0.18,4.864,4.1266,100,HEALTHY,F0,0,0,healthy,0,0,0,,,,,17,0
2026-08-19T15:14:03.000Z,1787152443000,FAN_DT_001_F0_S00_R02_20260819T150854,2,308.174,FAULT_ACTIVE,F0,0,FAN_DT_001,3.0,process-model-3.0.0-build3,5168,1,LIVE,SYNCHRONISED,AUTOMATIC,NORMAL,65,1950,1950,0,145,145,0.3,0.3,24.23924,38.33,1.028,1,0.0254,0,207.97,17.7703,0.01002,1,0.18,4.819,4.1405,100,HEALTHY,F0,0,0,healthy,0,0,0,,,,,17,0
2026-08-19T15:14:04.014Z,1787152444014,FAN_DT_001_F0_S00_R02_20260819T150854,2,309.188,FAULT_ACTIVE,F0,0,FAN_DT_001,3.0,process-model-3.0.0-build3,5169,1,LIVE,SYNCHRONISED,AUTOMATIC,NORMAL,65,1950,1950,0,145,145,0.3,0.3,24.23378,38.32,1.028,1,0.0254,0,207.97,17.8298,0.00994,1,0.18,4.781,4.1543,100,HEALTHY,F0,0,0,healthy,0,0,0,,,,,17,0
2026-08-19T15:14:05.056Z,1787152445056,FAN_DT_001_F0_S00_R02_20260819T150854,2,310.229,FAULT_ACTIVE,F0,0,FAN_DT_001,3.0,process-model-3.0.0-build3,5170,1,LIVE,SYNCHRONISED,AUTOMATIC,NORMAL,65,1950,1950,0,145,145,0.3,0.3,24.22874,38.31,1.028,1,0.0254,0,207.97,17.8889,0.00988,1,0.18,4.753,4.1681,100,HEALTHY,F0,0,0,healthy,0,0,0,,,,,17,0
2026-08-19T15:14:06.071Z,1787152446071,FAN_DT_001_F0_S00_R02_20260819T150854,2,311.245,FAULT_ACTIVE,F0,0,FAN_DT_001,3.0,process-model-3.0.0-build3,5171,1,LIVE,SYNCHRONISED,AUTOMATIC,NORMAL,65,1950,1950,0,145,145,0.3,0.3,24.22409,38.3,1.028,1,0.0254,0,207.97,17.9483,0.00978,1,0.18,4.702,4.1819,100,HEALTHY,F0,0,0,healthy,0,0,0,,,,,17,0
2026-08-19T15:14:07.099Z,1787152447099,FAN_DT_001_F0_S00_R02_20260819T150854,2,312.272,FAULT_ACTIVE,F0,0,FAN_DT_001,3.0,process-model-3.0.0-build3,5172,1,LIVE,SYNCHRONISED,AUTOMATIC,NORMAL,65,1950,1950,0,145,145,0.3,0.3,24.21984,38.29,1.028,1,0.0254,0,207.97,18.0076,0.00968,1,0.18,4.656,4.1958,100,HEALTHY,F0,0,0,healthy,0,0,0,,,,,17,0
2026-08-19T15:14:08.127Z,1787152448127,FAN_DT_001_F0_S00_R02_20260819T150854,2,313.3,FAULT_ACTIVE,F0,0,FAN_DT_001,3.0,process-model-3.0.0-build3,5173,1,LIVE,SYNCHRONISED,AUTOMATIC,NORMAL,65,1950,1950,0,145,145,0.3,0.3,24.21602,38.28,1.028,1,0.0254,0,207.97,18.0667,0.0096,1,0.18,4.614,4.2096,100,HEALTHY,F0,0,0,healthy,0,0,0,,,,,17,0
2026-08-19T15:14:09.152Z,1787152449152,FAN_DT_001_F0_S00_R02_20260819T150854,2,314.325,FAULT_ACTIVE,F0,0,FAN_DT_001,3.0,process-model-3.0.0-build3,5174,1,LIVE,SYNCHRONISED,AUTOMATIC,NORMAL,65,1950,1950,0,145,145,0.3,0.3,24.21259,38.27,1.028,1,0.0254,0,207.97,18.1261,0.00948,1,0.18,4.557,4.2234,100,HEALTHY,F0,0,0,healthy,0,0,0,,,,,17,0
2026-08-19T15:14:10.185Z,1787152450185,FAN_DT_001_F0_S00_R02_20260819T150854,2,315.358,FAULT_ACTIVE,F0,0,FAN_DT_001,3.0,process-model-3.0.0-build3,5175,1,LIVE,SYNCHRONISED,AUTOMATIC,NORMAL,65,1950,1950,0,145,145,0.3,0.3,24.20956,38.26,1.028,1,0.0254,0,207.97,18.1855,0.00936,1,0.18,4.502,4.2372,100,HEALTHY,F0,0,0,healthy,0,0,0,,,,,17,0
2026-08-19T15:14:11.215Z,1787152451215,FAN_DT_001_F0_S00_R02_20260819T150854,2,316.389,FAULT_ACTIVE,F0,0,FAN_DT_001,3.0,process-model-3.0.0-build3,5176,1,LIVE,SYNCHRONISED,AUTOMATIC,NORMAL,65,1950,1950,0,145,145,0.3,0.3,24.20695,38.25,1.028,1,0.0254,0,207.97,18.2449,0.00925,1,0.18,4.448,4.2511,100,HEALTHY,F0,0,0,healthy,0,0,0,,,,,17,0
2026-08-19T15:14:12.257Z,1787152452257,FAN_DT_001_F0_S00_R02_20260819T150854,2,317.43,FAULT_ACTIVE,F0,0,FAN_DT_001,3.0,process-model-3.0.0-build3,5177,1,LIVE,SYNCHRONISED,AUTOMATIC,NORMAL,65,1950,1950,0,145,145,0.3,0.3,24.20475,38.24,1.028,1,0.0254,0,207.97,18.3044,0.00914,1,0.18,4.394,4.2649,100,HEALTHY,F0,0,0,healthy,0,0,0,,,,,17,0
2026-08-19T15:14:13.269Z,1787152453269,FAN_DT_001_F0_S00_R02_20260819T150854,2,318.443,FAULT_ACTIVE,F0,0,FAN_DT_001,3.0,process-model-3.0.0-build3,5178,1,LIVE,SYNCHRONISED,AUTOMATIC,NORMAL,65,1950,1950,0,145,145,0.3,0.3,24.20298,38.23,1.028,1,0.0254,0,207.97,18.3633,0.009,1,0.18,4.327,4.2787,100,HEALTHY,F0,0,0,healthy,0,0,0,,,,,17,0
2026-08-19T15:14:14.294Z,1787152454294,FAN_DT_001_F0_S00_R02_20260819T150854,2,319.466,FAULT_ACTIVE,F0,0,FAN_DT_001,3.0,process-model-3.0.0-build3,5179,1,LIVE,SYNCHRONISED,AUTOMATIC,NORMAL,65,1950,1950,0,145,145,0.3,0.3,24.20162,38.22,1.028,1,0.0254,0,207.97,18.4227,0.00887,1,0.18,4.266,4.2925,100,HEALTHY,F0,0,0,healthy,0,0,0,,,,,17,0
2026-08-19T15:14:15.319Z,1787152455319,FAN_DT_001_F0_S00_R02_20260819T150854,2,320.493,FAULT_ACTIVE,F0,0,FAN_DT_001,3.0,process-model-3.0.0-build3,5180,1,LIVE,SYNCHRONISED,AUTOMATIC,NORMAL,65,1950,1950,0,145,145,0.3,0.3,24.20067,38.21,1.028,1,0.0254,0,207.97,18.4818,0.00876,1,0.18,4.21,4.3063,100,HEALTHY,F0,0,0,healthy,0,0,0,,,,,17,0
2026-08-19T15:14:16.351Z,1787152456351,FAN_DT_001_F0_S00_R02_20260819T150854,2,321.524,FAULT_ACTIVE,F0,0,FAN_DT_001,3.0,process-model-3.0.0-build3,5181,1,LIVE,SYNCHRONISED,AUTOMATIC,NORMAL,65,1950,1950,0,145,145,0.3,0.3,24.20013,38.2,1.028,1,0.0254,0,207.97,18.541,0.00861,1,0.18,4.142,4.3201,100,HEALTHY,F0,0,0,healthy,0,0,0,,,,,17,0
2026-08-19T15:14:17.374Z,1787152457374,FAN_DT_001_F0_S00_R02_20260819T150854,2,322.547,FAULT_ACTIVE,F0,0,FAN_DT_001,3.0,process-model-3.0.0-build3,5182,1,LIVE,SYNCHRONISED,AUTOMATIC,NORMAL,65,1950,1950,0,145,145,0.3,0.3,24.20001,38.19,1.028,1,0.0254,0,207.97,18.6004,0.00848,1,0.18,4.076,4.3339,100,HEALTHY,F0,0,0,healthy,0,0,0,,,,,17,0
2026-08-19T15:14:18.404Z,1787152458404,FAN_DT_001_F0_S00_R02_20260819T150854,2,323.578,FAULT_ACTIVE,F0,0,FAN_DT_001,3.0,process-model-3.0.0-build3,5183,1,LIVE,SYNCHRONISED,AUTOMATIC,NORMAL,65,1950,1950,0,145,145,0.3,0.3,24.2003,38.18,1.028,1,0.0254,0,207.97,18.6596,0.00832,1,0.18,4.002,4.3477,100,HEALTHY,F0,0,0,healthy,0,0,0,,,,,17,0
2026-08-19T15:14:19.434Z,1787152459434,FAN_DT_001_F0_S00_R02_20260819T150854,2,324.607,FAULT_ACTIVE,F0,0,FAN_DT_001,3.0,process-model-3.0.0-build3,5184,1,LIVE,SYNCHRONISED,AUTOMATIC,NORMAL,65,1950,1950,0,145,145,0.3,0.3,24.20102,38.17,1.028,1,0.0254,0,207.97,18.7189,0.00817,1,0.18,3.929,4.3615,100,HEALTHY,F0,0,0,healthy,0,0,0,,,,,17,0
2026-08-19T15:14:20.459Z,1787152460459,FAN_DT_001_F0_S00_R02_20260819T150854,2,325.632,FAULT_ACTIVE,F0,0,FAN_DT_001,3.0,process-model-3.0.0-build3,5185,1,LIVE,SYNCHRONISED,AUTOMATIC,NORMAL,65,1950,1950,0,145,145,0.3,0.3,24.20214,38.17,1.028,1,0.0254,0,207.97,18.7783,0.008,1,0.18,3.845,4.3753,100,HEALTHY,F0,0,0,healthy,0,0,0,,,,,17,0
2026-08-19T15:14:21.489Z,1787152461489,FAN_DT_001_F0_S00_R02_20260819T150854,2,326.662,FAULT_ACTIVE,F0,0,FAN_DT_001,3.0,process-model-3.0.0-build3,5186,1,LIVE,SYNCHRONISED,AUTOMATIC,NORMAL,65,1950,1950,0,145,145,0.3,0.3,24.20369,38.16,1.028,1,0.0254,0,207.97,18.8375,0.00786,1,0.18,3.78,4.3891,100,HEALTHY,F0,0,0,healthy,0,0,0,,,,,17,0
2026-08-19T15:14:22.516Z,1787152462516,FAN_DT_001_F0_S00_R02_20260819T150854,2,327.69,FAULT_ACTIVE,F0,0,FAN_DT_001,3.0,process-model-3.0.0-build3,5187,1,LIVE,SYNCHRONISED,AUTOMATIC,NORMAL,65,1950,1950,0,145,145,0.3,0.3,24.20564,38.15,1.028,1,0.0254,0,207.97,18.8968,0.00769,1,0.18,3.697,4.4029,100,HEALTHY,F0,0,0,healthy,0,0,0,,,,,17,0
2026-08-19T15:14:23.545Z,1787152463545,FAN_DT_001_F0_S00_R02_20260819T150854,2,328.718,FAULT_ACTIVE,F0,0,FAN_DT_001,3.0,process-model-3.0.0-build3,5188,1,LIVE,SYNCHRONISED,AUTOMATIC,NORMAL,65,1950,1950,0,145,145,0.3,0.3,24.20801,38.14,1.028,1,0.0254,0,207.97,18.956,0.00751,1,0.18,3.61,4.4168,100,HEALTHY,F0,0,0,healthy,0,0,0,,,,,17,0
2026-08-19T15:14:24.572Z,1787152464572,FAN_DT_001_F0_S00_R02_20260819T150854,2,329.745,FAULT_ACTIVE,F0,0,FAN_DT_001,3.0,process-model-3.0.0-build3,5189,1,LIVE,SYNCHRONISED,AUTOMATIC,NORMAL,65,1950,1950,0,145,145,0.3,0.3,24.21078,38.13,1.028,1,0.0254,0,207.97,19.0152,0.00734,1,0.18,3.529,4.4305,100,HEALTHY,F0,0,0,healthy,0,0,0,,,,,17,0
2026-08-19T15:14:25.600Z,1787152465600,FAN_DT_001_F0_S00_R02_20260819T150854,2,330.773,FAULT_ACTIVE,F0,0,FAN_DT_001,3.0,process-model-3.0.0-build3,5190,1,LIVE,SYNCHRONISED,AUTOMATIC,NORMAL,65,1950,1950,0,145,145,0.3,0.3,24.21398,38.13,1.028,1,0.0254,0,207.97,19.0746,0.00717,1,0.18,3.45,4.4444,100,HEALTHY,F0,0,0,healthy,0,0,0,,,,,17,0
2026-08-19T15:14:26.624Z,1787152466624,FAN_DT_001_F0_S00_R02_20260819T150854,2,331.797,FAULT_ACTIVE,F0,0,FAN_DT_001,3.0,process-model-3.0.0-build3,5191,1,LIVE,SYNCHRONISED,AUTOMATIC,NORMAL,65,1950,1950,0,145,145,0.3,0.3,24.21758,38.12,1.028,1,0.0254,0,207.97,19.1338,0.00698,1,0.18,3.356,4.4582,100,HEALTHY,F0,0,0,healthy,0,0,0,,,,,17,0
2026-08-19T15:14:27.650Z,1787152467650,FAN_DT_001_F0_S00_R02_20260819T150854,2,332.823,FAULT_ACTIVE,F0,0,FAN_DT_001,3.0,process-model-3.0.0-build3,5192,1,LIVE,SYNCHRONISED,AUTOMATIC,NORMAL,65,1950,1950,0,145,145,0.3,0.3,24.22158,38.11,1.028,1,0.0254,0,207.97,19.193,0.00679,1,0.18,3.265,4.472,100,HEALTHY,F0,0,0,healthy,0,0,0,,,,,17,0
2026-08-19T15:14:28.683Z,1787152468683,FAN_DT_001_F0_S00_R02_20260819T150854,2,333.856,FAULT_ACTIVE,F0,0,FAN_DT_001,3.0,process-model-3.0.0-build3,5193,1,LIVE,SYNCHRONISED,AUTOMATIC,NORMAL,65,1950,1950,0,145,145,0.3,0.3,24.22598,38.11,1.028,1,0.0254,0,207.97,19.2522,0.0066,1,0.18,3.174,4.4858,100,HEALTHY,F0,0,0,healthy,0,0,0,,,,,17,0
2026-08-19T15:14:29.706Z,1787152469706,FAN_DT_001_F0_S00_R02_20260819T150854,2,334.879,FAULT_ACTIVE,F0,0,FAN_DT_001,3.0,process-model-3.0.0-build3,5194,1,LIVE,SYNCHRONISED,AUTOMATIC,NORMAL,65,1950,1950,0,145,145,0.3,0.3,24.23079,38.1,1.028,1,0.0254,0,207.97,19.3115,0.00644,1,0.18,3.095,4.4996,100,HEALTHY,F0,0,0,healthy,0,0,0,,,,,17,0
2026-08-19T15:14:30.734Z,1787152470734,FAN_DT_001_F0_S00_R02_20260819T150854,2,335.907,FAULT_ACTIVE,F0,0,FAN_DT_001,3.0,process-model-3.0.0-build3,5195,1,LIVE,SYNCHRONISED,AUTOMATIC,NORMAL,65,1950,1950,0,145,145,0.3,0.3,24.23599,38.09,1.028,1,0.0254,0,207.97,19.3706,0.00624,1,0.18,3.001,4.5133,100,HEALTHY,F0,0,0,healthy,0,0,0,,,,,17,0
2026-08-19T15:14:31.759Z,1787152471759,FAN_DT_001_F0_S00_R02_20260819T150854,2,336.932,FAULT_ACTIVE,F0,0,FAN_DT_001,3.0,process-model-3.0.0-build3,5196,1,LIVE,SYNCHRONISED,AUTOMATIC,NORMAL,65,1950,1950,0,145,145,0.3,0.3,24.24161,38.09,1.028,1,0.0254,0,207.97,19.4299,0.00602,1,0.18,2.897,4.5272,100,HEALTHY,F0,0,0,healthy,0,0,0,,,,,17,0
2026-08-19T15:14:32.788Z,1787152472788,FAN_DT_001_F0_S00_R02_20260819T150854,2,337.961,FAULT_ACTIVE,F0,0,FAN_DT_001,3.0,process-model-3.0.0-build3,5197,1,LIVE,SYNCHRONISED,AUTOMATIC,NORMAL,65,1950,1950,0,145,145,0.3,0.3,24.2476,38.08,1.028,1,0.0254,0,207.97,19.4891,0.00584,1,0.18,2.807,4.541,100,HEALTHY,F0,0,0,healthy,0,0,0,,,,,17,0
2026-08-19T15:14:33.818Z,1787152473818,FAN_DT_001_F0_S00_R02_20260819T150854,2,338.991,FAULT_ACTIVE,F0,0,FAN_DT_001,3.0,process-model-3.0.0-build3,5198,1,LIVE,SYNCHRONISED,AUTOMATIC,NORMAL,65,1950,1950,0,145,145,0.3,0.3,24.254,38.07,1.028,1,0.0254,0,207.97,19.5484,0.00562,1,0.18,2.701,4.5548,100,HEALTHY,F0,0,0,healthy,0,0,0,,,,,17,0
2026-08-19T15:14:34.842Z,1787152474842,FAN_DT_001_F0_S00_R02_20260819T150854,2,340.015,FAULT_ACTIVE,F0,0,FAN_DT_001,3.0,process-model-3.0.0-build3,5199,1,LIVE,SYNCHRONISED,AUTOMATIC,NORMAL,65,1950,1950,0,145,145,0.3,0.3,24.26079,38.07,1.028,1,0.0254,0,207.97,19.6078,0.00542,1,0.18,2.606,4.5686,100,HEALTHY,F0,0,0,healthy,0,0,0,,,,,17,0
2026-08-19T15:14:35.871Z,1787152475871,FAN_DT_001_F0_S00_R02_20260819T150854,2,341.045,FAULT_ACTIVE,F0,0,FAN_DT_001,3.0,process-model-3.0.0-build3,5200,1,LIVE,SYNCHRONISED,AUTOMATIC,NORMAL,65,1950,1950,0,145,145,0.3,0.3,24.26793,38.06,1.028,1,0.0254,0,207.97,19.6669,0.0052,1,0.18,2.501,4.5824,100,HEALTHY,F0,0,0,healthy,0,0,0,,,,,17,0
2026-08-19T15:14:36.901Z,1787152476901,FAN_DT_001_F0_S00_R02_20260819T150854,2,342.074,FAULT_ACTIVE,F0,0,FAN_DT_001,3.0,process-model-3.0.0-build3,5201,1,LIVE,SYNCHRONISED,AUTOMATIC,NORMAL,65,1950,1950,0,145,145,0.3,0.3,24.27551,38.06,1.028,1,0.0254,0,207.97,19.7264,0.005,1,0.18,2.402,4.5962,100,HEALTHY,F0,0,0,healthy,0,0,0,,,,,17,0
2026-08-19T15:14:37.927Z,1787152477927,FAN_DT_001_F0_S00_R02_20260819T150854,2,343.1,FAULT_ACTIVE,F0,0,FAN_DT_001,3.0,process-model-3.0.0-build3,5202,1,LIVE,SYNCHRONISED,AUTOMATIC,NORMAL,65,1950,1950,0,145,145,0.3,0.3,24.28344,38.05,1.028,1,0.0254,0,207.97,19.7857,0.00478,1,0.18,2.297,4.6101,100,HEALTHY,F0,0,0,healthy,0,0,0,,,,,17,0
2026-08-19T15:14:38.960Z,1787152478960,FAN_DT_001_F0_S00_R02_20260819T150854,2,344.133,FAULT_ACTIVE,F0,0,FAN_DT_001,3.0,process-model-3.0.0-build3,5203,1,LIVE,SYNCHRONISED,AUTOMATIC,NORMAL,65,1950,1950,0,145,145,0.3,0.3,24.2917,38.05,1.028,1,0.0254,0,207.97,19.8447,0.00458,1,0.18,2.201,4.6238,100,HEALTHY,F0,0,0,healthy,0,0,0,,,,,17,0
2026-08-19T15:14:39.984Z,1787152479984,FAN_DT_001_F0_S00_R02_20260819T150854,2,345.158,FAULT_ACTIVE,F0,0,FAN_DT_001,3.0,process-model-3.0.0-build3,5204,1,LIVE,SYNCHRONISED,AUTOMATIC,NORMAL,65,1950,1950,0,145,145,0.3,0.3,24.30038,38.04,1.028,1,0.0254,0,207.97,19.9042,0.00436,1,0.18,2.096,4.6377,100,HEALTHY,F0,0,0,healthy,0,0,0,,,,,17,0
2026-08-19T15:14:41.007Z,1787152481007,FAN_DT_001_F0_S00_R02_20260819T150854,2,346.18,FAULT_ACTIVE,F0,0,FAN_DT_001,3.0,process-model-3.0.0-build3,5205,1,LIVE,SYNCHRONISED,AUTOMATIC,NORMAL,65,1950,1950,0,145,145,0.3,0.3,24.3094,38.04,1.028,1,0.0254,0,207.97,19.9633,0.00413,1,0.18,1.988,4.6515,100,HEALTHY,F0,0,0,healthy,0,0,0,,,,,17,0
2026-08-19T15:14:42.039Z,1787152482039,FAN_DT_001_F0_S00_R02_20260819T150854,2,347.212,FAULT_ACTIVE,F0,0,FAN_DT_001,3.0,process-model-3.0.0-build3,5206,1,LIVE,SYNCHRONISED,AUTOMATIC,NORMAL,65,1950,1950,0,145,145,0.3,0.3,24.31878,38.04,1.028,1,0.0254,0,207.97,20.0226,0.0039,1,0.18,1.877,4.6653,100,HEALTHY,F0,0,0,healthy,0,0,0,,,,,17,0
2026-08-19T15:14:43.071Z,1787152483071,FAN_DT_001_F0_S00_R02_20260819T150854,2,348.244,FAULT_ACTIVE,F0,0,FAN_DT_001,3.0,process-model-3.0.0-build3,5207,1,LIVE,SYNCHRONISED,AUTOMATIC,NORMAL,65,1950,1950,0,145,145,0.3,0.3,24.32862,38.03,1.028,1,0.0254,0,207.97,20.0824,0.00369,1,0.18,1.776,4.6792,100,HEALTHY,F0,0,0,healthy,0,0,0,,,,,17,0
2026-08-19T15:14:44.097Z,1787152484097,FAN_DT_001_F0_S00_R02_20260819T150854,2,349.271,FAULT_ACTIVE,F0,0,FAN_DT_001,3.0,process-model-3.0.0-build3,5208,1,LIVE,SYNCHRONISED,AUTOMATIC,NORMAL,65,1950,1950,0,145,145,0.3,0.3,24.33867,38.03,1.028,1,0.0254,0,207.97,20.1415,0.00344,1,0.18,1.654,4.693,100,HEALTHY,F0,0,0,healthy,0,0,0,,,,,17,0
2026-08-19T15:14:45.128Z,1787152485128,FAN_DT_001_F0_S00_R02_20260819T150854,2,350.3,FAULT_ACTIVE,F0,0,FAN_DT_001,3.0,process-model-3.0.0-build3,5209,1,LIVE,SYNCHRONISED,AUTOMATIC,NORMAL,65,1950,1950,0,145,145,0.3,0.3,24.34909,38.02,1.028,1,0.0254,0,207.97,20.2007,0.00322,1,0.18,1.55,4.7068,100,HEALTHY,F0,0,0,healthy,0,0,0,,,,,17,0
2026-08-19T15:14:46.157Z,1787152486157,FAN_DT_001_F0_S00_R02_20260819T150854,2,351.33,FAULT_ACTIVE,F0,0,FAN_DT_001,3.0,process-model-3.0.0-build3,5210,1,LIVE,SYNCHRONISED,AUTOMATIC,NORMAL,65,1950,1950,0,145,145,0.3,0.3,24.35989,38.02,1.028,1,0.0254,0,207.97,20.2601,0.00299,1,0.18,1.438,4.7206,100,HEALTHY,F0,0,0,healthy,0,0,0,,,,,17,0
2026-08-19T15:14:47.182Z,1787152487182,FAN_DT_001_F0_S00_R02_20260819T150854,2,352.355,FAULT_ACTIVE,F0,0,FAN_DT_001,3.0,process-model-3.0.0-build3,5211,1,LIVE,SYNCHRONISED,AUTOMATIC,NORMAL,65,1950,1950,0,145,145,0.3,0.3,24.37098,38.02,1.028,1,0.0254,0,207.97,20.3193,0.00275,1,0.18,1.32,4.7344,100,HEALTHY,F0,0,0,healthy,0,0,0,,,,,17,0
2026-08-19T15:14:48.209Z,1787152488209,FAN_DT_001_F0_S00_R02_20260819T150854,2,353.382,FAULT_ACTIVE,F0,0,FAN_DT_001,3.0,process-model-3.0.0-build3,5212,1,LIVE,SYNCHRONISED,AUTOMATIC,NORMAL,65,1950,1950,0,145,145,0.3,0.3,24.38241,38.02,1.028,1,0.0254,0,207.97,20.3785,0.00252,1,0.18,1.213,4.7482,100,HEALTHY,F0,0,0,healthy,0,0,0,,,,,17,0
2026-08-19T15:14:49.233Z,1787152489233,FAN_DT_001_F0_S00_R02_20260819T150854,2,354.406,FAULT_ACTIVE,F0,0,FAN_DT_001,3.0,process-model-3.0.0-build3,5213,1,LIVE,SYNCHRONISED,AUTOMATIC,NORMAL,65,1950,1950,0,145,145,0.3,0.3,24.39418,38.01,1.028,1,0.0254,0,207.97,20.4379,0.0023,1,0.18,1.104,4.762,100,HEALTHY,F0,0,0,healthy,0,0,0,,,,,17,0
2026-08-19T15:14:50.263Z,1787152490263,FAN_DT_001_F0_S00_R02_20260819T150854,2,355.437,FAULT_ACTIVE,F0,0,FAN_DT_001,3.0,process-model-3.0.0-build3,5214,1,LIVE,SYNCHRONISED,AUTOMATIC,NORMAL,65,1950,1950,0,145,145,0.3,0.3,24.40623,38.01,1.028,1,0.0254,0,207.97,20.497,0.00205,1,0.18,0.987,4.7758,100,HEALTHY,F0,0,0,healthy,0,0,0,,,,,17,0
2026-08-19T15:14:51.293Z,1787152491293,FAN_DT_001_F0_S00_R02_20260819T150854,2,356.467,FAULT_ACTIVE,F0,0,FAN_DT_001,3.0,process-model-3.0.0-build3,5215,1,LIVE,SYNCHRONISED,AUTOMATIC,NORMAL,65,1950,1950,0,145,145,0.3,0.3,24.41862,38.01,1.028,1,0.0254,0,207.97,20.5564,0.00182,1,0.18,0.874,4.7896,100,HEALTHY,F0,0,0,healthy,0,0,0,,,,,17,0
2026-08-19T15:14:52.318Z,1787152492318,FAN_DT_001_F0_S00_R02_20260819T150854,2,357.492,FAULT_ACTIVE,F0,0,FAN_DT_001,3.0,process-model-3.0.0-build3,5216,1,LIVE,SYNCHRONISED,AUTOMATIC,NORMAL,65,1950,1950,0,145,145,0.3,0.3,24.43133,38.01,1.028,1,0.0254,0,207.97,20.6158,0.00157,1,0.18,0.753,4.8035,100,HEALTHY,F0,0,0,healthy,0,0,0,,,,,17,0
2026-08-19T15:14:53.357Z,1787152493357,FAN_DT_001_F0_S00_R02_20260819T150854,2,358.531,FAULT_ACTIVE,F0,0,FAN_DT_001,3.0,process-model-3.0.0-build3,5217,1,LIVE,SYNCHRONISED,AUTOMATIC,NORMAL,65,1950,1950,0,145,145,0.3,0.3,24.44427,38.01,1.028,1,0.0254,0,207.97,20.6749,0.00135,1,0.18,0.649,4.8173,100,HEALTHY,F0,0,0,healthy,0,0,0,,,,,17,0
2026-08-19T15:14:54.373Z,1787152494373,FAN_DT_001_F0_S00_R02_20260819T150854,2,359.546,FAULT_ACTIVE,F0,0,FAN_DT_001,3.0,process-model-3.0.0-build3,5218,1,LIVE,SYNCHRONISED,AUTOMATIC,NORMAL,65,1950,1950,0,145,145,0.3,0.3,24.45756,38.01,1.028,1,0.0254,0,207.97,20.7343,0.00109,1,0.18,0.524,4.8311,100,HEALTHY,F0,0,0,healthy,0,0,0,,,,,17,0
2026-08-19T15:14:55.402Z,1787152495402,FAN_DT_001_F0_S00_R02_20260819T150854,2,360.575,FAULT_ACTIVE,F0,0,FAN_DT_001,3.0,process-model-3.0.0-build3,5219,1,LIVE,SYNCHRONISED,AUTOMATIC,NORMAL,65,1950,1950,0,145,145,0.3,0.3,24.47105,38,1.028,1,0.0254,0,207.97,20.7933,0.00087,1,0.18,0.417,4.8448,100,HEALTHY,F0,0,0,healthy,0,0,0,,,,,17,0
2026-08-19T15:14:56.428Z,1787152496428,FAN_DT_001_F0_S00_R02_20260819T150854,2,361.6,FAULT_ACTIVE,F0,0,FAN_DT_001,3.0,process-model-3.0.0-build3,5220,1,LIVE,SYNCHRONISED,AUTOMATIC,NORMAL,65,1950,1950,0,145,145,0.3,0.3,24.48489,38,1.028,1,0.0254,0,207.97,20.8527,0.00061,1,0.18,0.291,4.8587,100,HEALTHY,F0,0,0,healthy,0,0,0,,,,,17,0
2026-08-19T15:14:57.455Z,1787152497455,FAN_DT_001_F0_S00_R02_20260819T150854,2,362.628,FAULT_ACTIVE,F0,0,FAN_DT_001,3.0,process-model-3.0.0-build3,5221,1,LIVE,SYNCHRONISED,AUTOMATIC,NORMAL,65,1950,1950,0,145,145,0.3,0.3,24.49901,38,1.028,1,0.0254,0,207.97,20.912,0.00039,1,0.18,0.186,4.8725,100,HEALTHY,F0,0,0,healthy,0,0,0,,,,,17,0
2026-08-19T15:14:58.481Z,1787152498481,FAN_DT_001_F0_S00_R02_20260819T150854,2,363.655,FAULT_ACTIVE,F0,0,FAN_DT_001,3.0,process-model-3.0.0-build3,5222,1,LIVE,SYNCHRONISED,AUTOMATIC,NORMAL,65,1950,1950,0,145,145,0.3,0.3,24.51327,38,1.028,1,0.0254,0,207.97,20.9709,0.00015,1,0.18,0.07,4.8862,100,HEALTHY,F0,0,0,healthy,0,0,0,,,,,17,0
2026-08-19T15:14:59.507Z,1787152499507,FAN_DT_001_F0_S00_R02_20260819T150854,2,364.681,FAULT_ACTIVE,F0,0,FAN_DT_001,3.0,process-model-3.0.0-build3,5223,1,LIVE,SYNCHRONISED,AUTOMATIC,NORMAL,65,1950,1950,0,145,145,0.3,0.3,24.52789,38,1.028,1,0.0254,0,207.97,21.0303,-0.00012,1,0.18,0.058,4.9001,100,HEALTHY,F0,0,0,healthy,0,0,0,,,,,17,0
2026-08-19T15:15:00.533Z,1787152500533,FAN_DT_001_F0_S00_R02_20260819T150854,2,365.706,FAULT_ACTIVE,F0,0,FAN_DT_001,3.0,process-model-3.0.0-build3,5224,1,LIVE,SYNCHRONISED,AUTOMATIC,NORMAL,65,1950,1950,0,145,145,0.3,0.3,24.54275,38,1.028,1,0.0254,0,207.97,21.0896,-0.00036,1,0.18,0.171,4.9139,100,HEALTHY,F0,0,0,healthy,0,0,0,,,,,17,0
2026-08-19T15:15:01.565Z,1787152501565,FAN_DT_001_F0_S00_R02_20260819T150854,2,366.738,FAULT_ACTIVE,F0,0,FAN_DT_001,3.0,process-model-3.0.0-build3,5225,1,LIVE,SYNCHRONISED,AUTOMATIC,NORMAL,65,1950,1950,0,145,145,0.3,0.3,24.55778,38,1.028,1,0.0254,0,207.97,21.1487,-0.00059,1,0.18,0.282,4.9276,100,HEALTHY,F0,0,0,healthy,0,0,0,,,,,17,0
2026-08-19T15:15:02.589Z,1787152502589,FAN_DT_001_F0_S00_R02_20260819T150854,2,367.762,FAULT_ACTIVE,F0,0,FAN_DT_001,3.0,process-model-3.0.0-build3,5226,1,LIVE,SYNCHRONISED,AUTOMATIC,NORMAL,65,1950,1950,0,145,145,0.3,0.3,24.57311,38,1.028,1,0.0254,0,207.97,21.208,-0.00085,1,0.18,0.408,4.9415,100,HEALTHY,F0,0,0,healthy,0,0,0,,,,,17,0
2026-08-19T15:15:03.615Z,1787152503615,FAN_DT_001_F0_S00_R02_20260819T150854,2,368.789,FAULT_ACTIVE,F0,0,FAN_DT_001,3.0,process-model-3.0.0-build3,5227,1,LIVE,SYNCHRONISED,AUTOMATIC,NORMAL,65,1950,1950,0,145,145,0.3,0.3,24.58864,38.01,1.028,1,0.0254,0,207.97,21.2673,-0.00107,1,0.18,0.514,4.9553,100,HEALTHY,F0,0,0,healthy,0,0,0,,,,,17,0
2026-08-19T15:15:04.646Z,1787152504646,FAN_DT_001_F0_S00_R02_20260819T150854,2,369.819,FAULT_ACTIVE,F0,0,FAN_DT_001,3.0,process-model-3.0.0-build3,5228,1,LIVE,SYNCHRONISED,AUTOMATIC,NORMAL,65,1950,1950,0,145,145,0.3,0.3,24.60438,38.01,1.028,1,0.0254,0,207.97,21.3265,-0.00132,1,0.18,0.635,4.9691,100,HEALTHY,F0,0,0,healthy,0,0,0,,,,,17,0
2026-08-19T15:15:05.670Z,1787152505670,FAN_DT_001_F0_S00_R02_20260819T150854,2,370.843,FAULT_ACTIVE,F0,0,FAN_DT_001,3.0,process-model-3.0.0-build3,5229,1,LIVE,SYNCHRONISED,AUTOMATIC,NORMAL,65,1950,1950,0,145,145,0.3,0.3,24.62036,38.01,1.028,1,0.0254,0,207.97,21.3858,-0.00154,1,0.18,0.742,4.9829,100,HEALTHY,F0,0,0,healthy,0,0,0,,,,,17,0
2026-08-19T15:15:06.694Z,1787152506694,FAN_DT_001_F0_S00_R02_20260819T150854,2,371.867,FAULT_ACTIVE,F0,0,FAN_DT_001,3.0,process-model-3.0.0-build3,5230,1,LIVE,SYNCHRONISED,AUTOMATIC,NORMAL,65,1950,1950,0,145,145,0.3,0.3,24.63647,38.01,1.028,1,0.0254,0,207.97,21.4449,-0.0018,1,0.18,0.868,4.9967,100,HEALTHY,F0,0,0,healthy,0,0,0,,,,,17,0
2026-08-19T15:15:07.726Z,1787152507726,FAN_DT_001_F0_S00_R02_20260819T150854,2,372.9,FAULT_ACTIVE,F0,0,FAN_DT_001,3.0,process-model-3.0.0-build3,5231,1,LIVE,SYNCHRONISED,AUTOMATIC,NORMAL,65,1950,1950,0,145,145,0.3,0.3,24.65278,38.01,1.028,1,0.0254,0,207.97,21.5041,-0.00204,1,0.18,0.98,5.0105,100,HEALTHY,F0,0,0,healthy,0,0,0,,,,,17,0
2026-08-19T15:15:08.753Z,1787152508753,FAN_DT_001_F0_S00_R02_20260819T150854,2,373.926,FAULT_ACTIVE,F0,0,FAN_DT_001,3.0,process-model-3.0.0-build3,5232,1,LIVE,SYNCHRONISED,AUTOMATIC,NORMAL,65,1950,1950,0,145,145,0.3,0.3,24.66933,38.01,1.028,1,0.0254,0,207.97,21.5635,-0.00227,1,0.18,1.092,5.0243,100,HEALTHY,F0,0,0,healthy,0,0,0,,,,,17,0
2026-08-19T15:15:09.778Z,1787152509778,FAN_DT_001_F0_S00_R02_20260819T150854,2,374.952,FAULT_ACTIVE,F0,0,FAN_DT_001,3.0,process-model-3.0.0-build3,5233,1,LIVE,SYNCHRONISED,AUTOMATIC,NORMAL,65,1950,1950,0,145,145,0.3,0.3,24.68604,38.02,1.028,1,0.0254,0,207.97,21.6228,-0.0025,1,0.18,1.204,5.0381,100,HEALTHY,F0,0,0,healthy,0,0,0,,,,,17,0
2026-08-19T15:15:10.811Z,1787152510811,FAN_DT_001_F0_S00_R02_20260819T150854,2,375.984,FAULT_ACTIVE,F0,0,FAN_DT_001,3.0,process-model-3.0.0-build3,5234,1,LIVE,SYNCHRONISED,AUTOMATIC,NORMAL,65,1950,1950,0,145,145,0.3,0.3,24.70286,38.02,1.028,1,0.0254,0,207.97,21.682,-0.00274,1,0.18,1.316,5.0519,100,HEALTHY,F0,0,0,healthy,0,0,0,,,,,17,0
2026-08-19T15:15:11.834Z,1787152511834,FAN_DT_001_F0_S00_R02_20260819T150854,2,377.008,FAULT_ACTIVE,F0,0,FAN_DT_001,3.0,process-model-3.0.0-build3,5235,1,LIVE,SYNCHRONISED,AUTOMATIC,NORMAL,65,1950,1950,0,145,145,0.3,0.3,24.7199,38.02,1.028,1,0.0254,0,207.97,21.7414,-0.00297,1,0.18,1.427,5.0657,100,HEALTHY,F0,0,0,healthy,0,0,0,,,,,17,0
2026-08-19T15:15:12.869Z,1787152512869,FAN_DT_001_F0_S00_R02_20260819T150854,2,378.042,FAULT_ACTIVE,F0,0,FAN_DT_001,3.0,process-model-3.0.0-build3,5236,1,LIVE,SYNCHRONISED,AUTOMATIC,NORMAL,65,1950,1950,0,145,145,0.3,0.3,24.73705,38.03,1.028,1,0.0254,0,207.97,21.8006,-0.00321,1,0.18,1.543,5.0795,100,HEALTHY,F0,0,0,healthy,0,0,0,,,,,17,0
2026-08-19T15:15:13.887Z,1787152513887,FAN_DT_001_F0_S00_R02_20260819T150854,2,379.06,FAULT_ACTIVE,F0,0,FAN_DT_001,3.0,process-model-3.0.0-build3,5237,1,LIVE,SYNCHRONISED,AUTOMATIC,NORMAL,65,1950,1950,0,145,145,0.3,0.3,24.75423,38.03,1.028,1,0.0254,0,207.97,21.8595,-0.00344,1,0.18,1.652,5.0933,100,HEALTHY,F0,0,0,healthy,0,0,0,,,,,17,0
2026-08-19T15:15:14.915Z,1787152514915,FAN_DT_001_F0_S00_R02_20260819T150854,2,380.089,FAULT_ACTIVE,F0,0,FAN_DT_001,3.0,process-model-3.0.0-build3,5238,1,LIVE,SYNCHRONISED,AUTOMATIC,NORMAL,65,1950,1950,0,145,145,0.3,0.3,24.77169,38.03,1.028,1,0.0254,0,207.97,21.9189,-0.00366,1,0.18,1.761,5.1071,100,HEALTHY,F0,0,0,healthy,0,0,0,,,,,17,0
2026-08-19T15:15:15.966Z,1787152515966,FAN_DT_001_F0_S00_R02_20260819T150854,2,381.14,FAULT_ACTIVE,F0,0,FAN_DT_001,3.0,process-model-3.0.0-build3,5239,1,LIVE,SYNCHRONISED,AUTOMATIC,NORMAL,65,1950,1950,0,145,145,0.3,0.3,24.78926,38.04,1.028,1,0.0254,0,207.97,21.9782,-0.00387,1,0.18,1.863,5.1209,100,HEALTHY,F0,0,0,healthy,0,0,0,,,,,17,0
2026-08-19T15:15:16.969Z,1787152516969,FAN_DT_001_F0_S00_R02_20260819T150854,2,382.142,FAULT_ACTIVE,F0,0,FAN_DT_001,3.0,process-model-3.0.0-build3,5240,1,LIVE,SYNCHRONISED,AUTOMATIC,NORMAL,65,1950,1950,0,145,145,0.3,0.3,24.80689,38.04,1.028,1,0.0254,0,207.97,22.0375,-0.0041,1,0.18,1.973,5.1347,100,HEALTHY,F0,0,0,healthy,0,0,0,,,,,17,0
2026-08-19T15:15:18.001Z,1787152518001,FAN_DT_001_F0_S00_R02_20260819T150854,2,383.174,FAULT_ACTIVE,F0,0,FAN_DT_001,3.0,process-model-3.0.0-build3,5241,1,LIVE,SYNCHRONISED,AUTOMATIC,NORMAL,65,1950,1950,0,145,145,0.3,0.3,24.82458,38.04,1.028,1,0.0254,0,207.97,22.0966,-0.00434,1,0.18,2.088,5.1485,100,HEALTHY,F0,0,0,healthy,0,0,0,,,,,17,0
2026-08-19T15:15:19.164Z,1787152519164,FAN_DT_001_F0_S00_R02_20260819T150854,2,384.337,FAULT_ACTIVE,F0,0,FAN_DT_001,3.0,process-model-3.0.0-build3,5242,1,LIVE,SYNCHRONISED,AUTOMATIC,NORMAL,65,1950,1950,0,145,145,0.3,0.3,24.84247,38.05,1.028,1,0.0254,0,207.97,22.156,-0.00454,1,0.18,2.184,5.1623,100,HEALTHY,F0,0,0,healthy,0,0,0,,,,,17,0
2026-08-19T15:15:20.724Z,1787152520724,FAN_DT_001_F0_S00_R02_20260819T150854,2,385.898,FAULT_ACTIVE,F0,0,FAN_DT_001,3.0,process-model-3.0.0-build3,5243,1,LIVE,SYNCHRONISED,AUTOMATIC,NORMAL,65,1950,1950,0,145,145,0.3,0.3,24.86039,38.05,1.028,1,0.0254,0,207.97,22.2152,-0.00476,1,0.18,2.289,5.1761,100,HEALTHY,F0,0,0,healthy,0,0,0,,,,,17,0
2026-08-19T15:15:21.084Z,1787152521084,FAN_DT_001_F0_S00_R02_20260819T150854,2,386.257,FAULT_ACTIVE,F0,0,FAN_DT_001,3.0,process-model-3.0.0-build3,5244,1,LIVE,SYNCHRONISED,AUTOMATIC,NORMAL,65,1950,1950,0,145,145,0.3,0.3,24.87836,38.06,1.028,1,0.0254,0,207.97,22.2744,-0.00497,1,0.18,2.39,5.1899,100,HEALTHY,F0,0,0,healthy,0,0,0,,,,,17,0
2026-08-19T15:15:22.109Z,1787152522109,FAN_DT_001_F0_S00_R02_20260819T150854,2,387.283,FAULT_ACTIVE,F0,0,FAN_DT_001,3.0,process-model-3.0.0-build3,5245,1,LIVE,SYNCHRONISED,AUTOMATIC,NORMAL,65,1950,1950,0,145,145,0.3,0.3,24.8964,38.06,1.028,1,0.0254,0,207.97,22.3336,-0.00519,1,0.18,2.498,5.2037,100,HEALTHY,F0,0,0,healthy,0,0,0,,,,,17,0
2026-08-19T15:15:23.136Z,1787152523136,FAN_DT_001_F0_S00_R02_20260819T150854,2,388.31,FAULT_ACTIVE,F0,0,FAN_DT_001,3.0,process-model-3.0.0-build3,5246,1,LIVE,SYNCHRONISED,AUTOMATIC,NORMAL,65,1950,1950,0,145,145,0.3,0.3,24.91455,38.07,1.028,1,0.0254,0,207.97,22.393,-0.00542,1,0.18,2.606,5.2176,100,HEALTHY,F0,0,0,healthy,0,0,0,,,,,17,0
2026-08-19T15:15:24.162Z,1787152524162,FAN_DT_001_F0_S00_R02_20260819T150854,2,389.335,FAULT_ACTIVE,F0,0,FAN_DT_001,3.0,process-model-3.0.0-build3,5247,1,LIVE,SYNCHRONISED,AUTOMATIC,NORMAL,65,1950,1950,0,145,145,0.3,0.3,24.9327,38.08,1.028,1,0.0254,0,207.97,22.4523,-0.00561,1,0.18,2.696,5.2314,100,HEALTHY,F0,0,0,healthy,0,0,0,,,,,17,0
2026-08-19T15:15:25.194Z,1787152525194,FAN_DT_001_F0_S00_R02_20260819T150854,2,390.366,FAULT_ACTIVE,F0,0,FAN_DT_001,3.0,process-model-3.0.0-build3,5248,1,LIVE,SYNCHRONISED,AUTOMATIC,NORMAL,65,1950,1950,0,145,145,0.3,0.3,24.95088,38.08,1.028,1,0.0254,0,207.97,22.5115,-0.00581,1,0.18,2.793,5.2452,100,HEALTHY,F0,0,0,healthy,0,0,0,,,,,17,0
2026-08-19T15:15:26.222Z,1787152526222,FAN_DT_001_F0_S00_R02_20260819T150854,2,391.396,FAULT_ACTIVE,F0,0,FAN_DT_001,3.0,process-model-3.0.0-build3,5249,1,LIVE,SYNCHRONISED,AUTOMATIC,NORMAL,65,1950,1950,0,145,145,0.3,0.3,24.96913,38.09,1.028,1,0.0254,0,207.97,22.5709,-0.00602,1,0.18,2.897,5.259,100,HEALTHY,F0,0,0,healthy,0,0,0,,,,,17,0
2026-08-19T15:15:27.255Z,1787152527255,FAN_DT_001_F0_S00_R02_20260819T150854,2,392.429,FAULT_ACTIVE,F0,0,FAN_DT_001,3.0,process-model-3.0.0-build3,5250,1,LIVE,SYNCHRONISED,AUTOMATIC,NORMAL,65,1950,1950,0,145,145,0.3,0.3,24.98741,38.09,1.028,1,0.0254,0,207.97,22.6303,-0.00621,1,0.18,2.984,5.2729,100,HEALTHY,F0,0,0,healthy,0,0,0,,,,,17,0
2026-08-19T15:15:28.275Z,1787152528275,FAN_DT_001_F0_S00_R02_20260819T150854,2,393.448,FAULT_ACTIVE,F0,0,FAN_DT_001,3.0,process-model-3.0.0-build3,5251,1,LIVE,SYNCHRONISED,AUTOMATIC,NORMAL,65,1950,1950,0,145,145,0.3,0.3,25.00553,38.1,1.028,1,0.0254,0,207.97,22.6892,-0.00642,1,0.18,3.085,5.2866,100,HEALTHY,F0,0,0,healthy,0,0,0,,,,,17,0
2026-08-19T15:15:29.304Z,1787152529304,FAN_DT_001_F0_S00_R02_20260819T150854,2,394.477,FAULT_ACTIVE,F0,0,FAN_DT_001,3.0,process-model-3.0.0-build3,5252,1,LIVE,SYNCHRONISED,AUTOMATIC,NORMAL,65,1950,1950,0,145,145,0.3,0.3,25.02382,38.11,1.028,1,0.0254,0,207.97,22.7486,-0.00661,1,0.18,3.177,5.3004,100,HEALTHY,F0,0,0,healthy,0,0,0,,,,,17,0
2026-08-19T15:15:30.328Z,1787152530328,FAN_DT_001_F0_S00_R02_20260819T150854,2,395.501,FAULT_ACTIVE,F0,0,FAN_DT_001,3.0,process-model-3.0.0-build3,5253,1,LIVE,SYNCHRONISED,AUTOMATIC,NORMAL,65,1950,1950,0,145,145,0.3,0.3,25.04206,38.11,1.028,1,0.0254,0,207.97,22.808,-0.00679,1,0.18,3.264,5.3143,100,HEALTHY,F0,0,0,healthy,0,0,0,,,,,17,0
2026-08-19T15:15:31.358Z,1787152531358,FAN_DT_001_F0_S00_R02_20260819T150854,2,396.531,FAULT_ACTIVE,F0,0,FAN_DT_001,3.0,process-model-3.0.0-build3,5254,1,LIVE,SYNCHRONISED,AUTOMATIC,NORMAL,65,1950,1950,0,145,145,0.3,0.3,25.06025,38.12,1.028,1,0.0254,0,207.97,22.8672,-0.00696,1,0.18,3.349,5.3281,100,HEALTHY,F0,0,0,healthy,0,0,0,,,,,17,0
2026-08-19T15:15:32.390Z,1787152532390,FAN_DT_001_F0_S00_R02_20260819T150854,2,397.563,FAULT_ACTIVE,F0,0,FAN_DT_001,3.0,process-model-3.0.0-build3,5255,1,LIVE,SYNCHRONISED,AUTOMATIC,NORMAL,65,1950,1950,0,145,145,0.3,0.3,25.07844,38.13,1.028,1,0.0254,0,207.97,22.9265,-0.00715,1,0.18,3.438,5.3419,100,HEALTHY,F0,0,0,healthy,0,0,0,,,,,17,0
2026-08-19T15:15:33.414Z,1787152533414,FAN_DT_001_F0_S00_R02_20260819T150854,2,398.587,FAULT_ACTIVE,F0,0,FAN_DT_001,3.0,process-model-3.0.0-build3,5256,1,LIVE,SYNCHRONISED,AUTOMATIC,NORMAL,65,1950,1950,0,145,145,0.3,0.3,25.09661,38.14,1.028,1,0.0254,0,207.97,22.9859,-0.00732,1,0.18,3.522,5.3557,100,HEALTHY,F0,0,0,healthy,0,0,0,,,,,17,0
2026-08-19T15:15:34.456Z,1787152534456,FAN_DT_001_F0_S00_R02_20260819T150854,2,399.629,FAULT_ACTIVE,F0,0,FAN_DT_001,3.0,process-model-3.0.0-build3,5257,1,LIVE,SYNCHRONISED,AUTOMATIC,NORMAL,65,1950,1950,0,145,145,0.3,0.3,25.11466,38.14,1.028,1,0.0254,0,207.97,23.0451,-0.00751,1,0.18,3.613,5.3695,100,HEALTHY,F0,0,0,healthy,0,0,0,,,,,17,0
2026-08-19T15:15:35.471Z,1787152535471,FAN_DT_001_F0_S00_R02_20260819T150854,2,400.644,FAULT_ACTIVE,F0,0,FAN_DT_001,3.0,process-model-3.0.0-build3,5258,1,LIVE,SYNCHRONISED,AUTOMATIC,NORMAL,65,1950,1950,0,145,145,0.3,0.3,25.13265,38.15,1.028,1,0.0254,0,207.97,23.1043,-0.00766,1,0.18,3.683,5.3833,100,HEALTHY,F0,0,0,healthy,0,0,0,,,,,17,0
2026-08-19T15:15:36.497Z,1787152536497,FAN_DT_001_F0_S00_R02_20260819T150854,2,401.67,FAULT_ACTIVE,F0,0,FAN_DT_001,3.0,process-model-3.0.0-build3,5259,1,LIVE,SYNCHRONISED,AUTOMATIC,NORMAL,65,1950,1950,0,145,145,0.3,0.3,25.15067,38.16,1.028,1,0.0254,0,207.97,23.1638,-0.00784,1,0.18,3.77,5.3972,100,HEALTHY,F0,0,0,healthy,0,0,0,,,,,17,0
2026-08-19T15:15:37.527Z,1787152537527,FAN_DT_001_F0_S00_R02_20260819T150854,2,402.7,FAULT_ACTIVE,F0,0,FAN_DT_001,3.0,process-model-3.0.0-build3,5260,1,LIVE,SYNCHRONISED,AUTOMATIC,NORMAL,65,1950,1950,0,145,145,0.3,0.3,25.16847,38.17,1.028,1,0.0254,0,207.97,23.2228,-0.008,1,0.18,3.849,5.4109,100,HEALTHY,F0,0,0,healthy,0,0,0,,,,,17,0
2026-08-19T15:15:38.554Z,1787152538554,FAN_DT_001_F0_S00_R02_20260819T150854,2,403.727,FAULT_ACTIVE,F0,0,FAN_DT_001,3.0,process-model-3.0.0-build3,5261,1,LIVE,SYNCHRONISED,AUTOMATIC,NORMAL,65,1950,1950,0,145,145,0.3,0.3,25.18629,38.18,1.028,1,0.0254,0,207.97,23.2822,-0.00814,1,0.18,3.916,5.4247,100,HEALTHY,F0,0,0,healthy,0,0,0,,,,,17,0
2026-08-19T15:15:39.579Z,1787152539579,FAN_DT_001_F0_S00_R02_20260819T150854,2,404.752,FAULT_ACTIVE,F0,0,FAN_DT_001,3.0,process-model-3.0.0-build3,5262,1,LIVE,SYNCHRONISED,AUTOMATIC,NORMAL,65,1950,1950,0,145,145,0.3,0.3,25.204,38.18,1.028,1,0.0254,0,207.97,23.3415,-0.00831,1,0.18,3.996,5.4386,100,HEALTHY,F0,0,0,healthy,0,0,0,,,,,17,0
2026-08-19T15:15:40.612Z,1787152540612,FAN_DT_001_F0_S00_R02_20260819T150854,2,405.785,FAULT_ACTIVE,F0,0,FAN_DT_001,3.0,process-model-3.0.0-build3,5263,1,LIVE,SYNCHRONISED,AUTOMATIC,NORMAL,65,1950,1950,0,145,145,0.3,0.3,25.22157,38.19,1.028,1,0.0254,0,207.97,23.4007,-0.00844,1,0.18,4.061,5.4524,100,HEALTHY,F0,0,0,healthy,0,0,0,,,,,17,0
2026-08-19T15:15:41.635Z,1787152541635,FAN_DT_001_F0_S00_R02_20260819T150854,2,406.808,FAULT_ACTIVE,F0,0,FAN_DT_001,3.0,process-model-3.0.0-build3,5264,1,LIVE,SYNCHRONISED,AUTOMATIC,NORMAL,65,1950,1950,0,145,145,0.3,0.3,25.23905,38.2,1.028,1,0.0254,0,207.97,23.46,-0.0086,1,0.18,4.134,5.4662,100,HEALTHY,F0,0,0,healthy,0,0,0,,,,,17,0
2026-08-19T15:15:42.660Z,1787152542660,FAN_DT_001_F0_S00_R02_20260819T150854,2,407.834,FAULT_ACTIVE,F0,0,FAN_DT_001,3.0,process-model-3.0.0-build3,5265,1,LIVE,SYNCHRONISED,AUTOMATIC,NORMAL,65,1950,1950,0,145,145,0.3,0.3,25.25637,38.21,1.028,1,0.0254,0,207.97,23.5193,-0.00873,1,0.18,4.197,5.48,100,HEALTHY,F0,0,0,healthy,0,0,0,,,,,17,0
2026-08-19T15:15:43.703Z,1787152543703,FAN_DT_001_F0_S00_R02_20260819T150854,2,408.876,FAULT_ACTIVE,F0,0,FAN_DT_001,3.0,process-model-3.0.0-build3,5266,1,LIVE,SYNCHRONISED,AUTOMATIC,NORMAL,65,1950,1950,0,145,145,0.3,0.3,25.27367,38.22,1.028,1,0.0254,0,207.97,23.5788,-0.00888,1,0.18,4.271,5.4939,100,HEALTHY,F0,0,0,healthy,0,0,0,,,,,17,0
2026-08-19T15:15:44.726Z,1787152544726,FAN_DT_001_F0_S00_R02_20260819T150854,2,409.9,FAULT_ACTIVE,F0,0,FAN_DT_001,3.0,process-model-3.0.0-build3,5267,1,LIVE,SYNCHRONISED,AUTOMATIC,NORMAL,65,1950,1950,0,145,145,0.3,0.3,25.29078,38.23,1.028,1,0.0254,0,207.97,23.6383,-0.00902,1,0.18,4.338,5.5077,100,HEALTHY,F0,0,0,healthy,0,0,0,,,,,17,0
2026-08-19T15:15:45.752Z,1787152545752,FAN_DT_001_F0_S00_R02_20260819T150854,2,410.926,FAULT_ACTIVE,F0,0,FAN_DT_001,3.0,process-model-3.0.0-build3,5268,1,LIVE,SYNCHRONISED,AUTOMATIC,NORMAL,65,1950,1950,0,145,145,0.3,0.3,25.3077,38.24,1.028,1,0.0254,0,207.97,23.6975,-0.00913,1,0.18,4.388,5.5215,100,HEALTHY,F0,0,0,healthy,0,0,0,,,,,17,0
2026-08-19T15:15:46.784Z,1787152546784,FAN_DT_001_F0_S00_R02_20260819T150854,2,411.958,FAULT_ACTIVE,F0,0,FAN_DT_001,3.0,process-model-3.0.0-build3,5269,1,LIVE,SYNCHRONISED,AUTOMATIC,NORMAL,65,1950,1950,0,145,145,0.3,0.3,25.32445,38.25,1.028,1,0.0254,0,207.97,23.7568,-0.00926,1,0.18,4.453,5.5353,100,HEALTHY,F0,0,0,healthy,0,0,0,,,,,17,0
2026-08-19T15:15:47.811Z,1787152547811,FAN_DT_001_F0_S00_R02_20260819T150854,2,412.984,FAULT_ACTIVE,F0,0,FAN_DT_001,3.0,process-model-3.0.0-build3,5270,1,LIVE,SYNCHRONISED,AUTOMATIC,NORMAL,65,1950,1950,0,145,145,0.3,0.3,25.34105,38.26,1.028,1,0.0254,0,207.97,23.8161,-0.00936,1,0.18,4.498,5.5491,100,HEALTHY,F0,0,0,healthy,0,0,0,,,,,17,0
2026-08-19T15:15:48.837Z,1787152548837,FAN_DT_001_F0_S00_R02_20260819T150854,2,414.01,FAULT_ACTIVE,F0,0,FAN_DT_001,3.0,process-model-3.0.0-build3,5271,1,LIVE,SYNCHRONISED,AUTOMATIC,NORMAL,65,1950,1950,0,145,145,0.3,0.3,25.35744,38.27,1.028,1,0.0254,0,207.97,23.8753,-0.00949,1,0.18,4.564,5.5629,100,HEALTHY,F0,0,0,healthy,0,0,0,,,,,17,0
2026-08-19T15:15:49.869Z,1787152549869,FAN_DT_001_F0_S00_R02_20260819T150854,2,415.042,FAULT_ACTIVE,F0,0,FAN_DT_001,3.0,process-model-3.0.0-build3,5272,1,LIVE,SYNCHRONISED,AUTOMATIC,NORMAL,65,1950,1950,0,145,145,0.3,0.3,25.37367,38.28,1.028,1,0.0254,0,207.97,23.9346,-0.00959,1,0.18,4.614,5.5768,100,HEALTHY,F0,0,0,healthy,0,0,0,,,,,17,0
2026-08-19T15:15:50.896Z,1787152550896,FAN_DT_001_F0_S00_R02_20260819T150854,2,416.07,FAULT_ACTIVE,F0,0,FAN_DT_001,3.0,process-model-3.0.0-build3,5273,1,LIVE,SYNCHRONISED,AUTOMATIC,NORMAL,65,1950,1950,0,145,145,0.3,0.3,25.38971,38.29,1.028,1,0.0254,0,207.97,23.9939,-0.0097,1,0.18,4.665,5.5906,100,HEALTHY,F0,0,0,healthy,0,0,0,,,,,17,0
2026-08-19T15:15:51.920Z,1787152551920,FAN_DT_001_F0_S00_R02_20260819T150854,2,417.093,FAULT_ACTIVE,F0,0,FAN_DT_001,3.0,process-model-3.0.0-build3,5274,1,LIVE,SYNCHRONISED,AUTOMATIC,NORMAL,65,1950,1950,0,145,145,0.3,0.3,25.40557,38.3,1.028,1,0.0254,0,207.97,24.0533,-0.00978,1,0.18,4.702,5.6044,100,HEALTHY,F0,0,0,healthy,0,0,0,,,,,17,0
2026-08-19T15:15:52.949Z,1787152552949,FAN_DT_001_F0_S00_R02_20260819T150854,2,418.122,FAULT_ACTIVE,F0,0,FAN_DT_001,3.0,process-model-3.0.0-build3,5275,1,LIVE,SYNCHRONISED,AUTOMATIC,NORMAL,65,1950,1950,0,145,145,0.3,0.3,25.42112,38.31,1.028,1,0.0254,0,207.97,24.1123,-0.00988,1,0.18,4.753,5.6182,100,HEALTHY,F0,0,0,healthy,0,0,0,,,,,17,0
2026-08-19T15:15:53.977Z,1787152553977,FAN_DT_001_F0_S00_R02_20260819T150854,2,419.15,FAULT_ACTIVE,F0,0,FAN_DT_001,3.0,process-model-3.0.0-build3,5276,1,LIVE,SYNCHRONISED,AUTOMATIC,NORMAL,65,1950,1950,0,145,145,0.3,0.3,25.43653,38.32,1.028,1,0.0254,0,207.97,24.1716,-0.00996,1,0.18,4.79,5.632,100,HEALTHY,F0,0,0,healthy,0,0,0,,,,,17,0
2026-08-19T15:15:55.001Z,1787152555001,FAN_DT_001_F0_S00_R02_20260819T150854,2,420.174,FAULT_ACTIVE,F0,0,FAN_DT_001,3.0,process-model-3.0.0-build3,5277,1,LIVE,SYNCHRONISED,AUTOMATIC,NORMAL,65,1950,1950,0,145,145,0.3,0.3,25.4517,38.33,1.028,1,0.0254,0,207.97,24.2309,-0.01003,1,0.18,4.824,5.6458,100,HEALTHY,F0,0,0,healthy,0,0,0,,,,,17,0
2026-08-19T15:15:56.030Z,1787152556030,FAN_DT_001_F0_S00_R02_20260819T150854,2,421.204,FAULT_ACTIVE,F0,0,FAN_DT_001,3.0,process-model-3.0.0-build3,5278,1,LIVE,SYNCHRONISED,AUTOMATIC,NORMAL,65,1950,1950,0,145,145,0.3,0.3,25.46659,38.34,1.028,1,0.0254,0,207.97,24.29,-0.01013,1,0.18,4.873,5.6596,100,HEALTHY,F0,0,0,healthy,0,0,0,,,,,17,0
2026-08-19T15:15:57.060Z,1787152557060,FAN_DT_001_F0_S00_R02_20260819T150854,2,422.233,FAULT_ACTIVE,F0,0,FAN_DT_001,3.0,process-model-3.0.0-build3,5279,1,LIVE,SYNCHRONISED,AUTOMATIC,NORMAL,65,1950,1950,0,145,145,0.3,0.3,25.48133,38.35,1.028,1,0.0254,0,207.97,24.3494,-0.0102,1,0.18,4.906,5.6734,100,HEALTHY,F0,0,0,healthy,0,0,0,,,,,17,0
2026-08-19T15:15:58.085Z,1787152558085,FAN_DT_001_F0_S00_R02_20260819T150854,2,423.258,FAULT_ACTIVE,F0,0,FAN_DT_001,3.0,process-model-3.0.0-build3,5280,1,LIVE,SYNCHRONISED,AUTOMATIC,NORMAL,65,1950,1950,0,145,145,0.3,0.3,25.49579,38.36,1.028,1,0.0254,0,207.97,24.4088,-0.01024,1,0.18,4.925,5.6872,100,HEALTHY,F0,0,0,healthy,0,0,0,,,,,17,0
2026-08-19T15:15:59.116Z,1787152559116,FAN_DT_001_F0_S00_R02_20260819T150854,2,424.289,FAULT_ACTIVE,F0,0,FAN_DT_001,3.0,process-model-3.0.0-build3,5281,1,LIVE,SYNCHRONISED,AUTOMATIC,NORMAL,65,1950,1950,0,145,145,0.3,0.3,25.50999,38.37,1.028,1,0.0254,0,207.97,24.4681,-0.01032,1,0.18,4.961,5.7011,100,HEALTHY,F0,0,0,healthy,0,0,0,,,,,17,0
2026-08-19T15:16:00.147Z,1787152560147,FAN_DT_001_F0_S00_R02_20260819T150854,2,425.32,FAULT_ACTIVE,F0,0,FAN_DT_001,3.0,process-model-3.0.0-build3,5282,1,LIVE,SYNCHRONISED,AUTOMATIC,NORMAL,65,1950,1950,0,145,145,0.3,0.3,25.52392,38.38,1.028,1,0.0254,0,207.97,24.5274,-0.01036,1,0.18,4.983,5.7149,100,HEALTHY,F0,0,0,healthy,0,0,0,,,,,17,0
2026-08-19T15:16:01.170Z,1787152561170,FAN_DT_001_F0_S00_R02_20260819T150854,2,426.343,FAULT_ACTIVE,F0,0,FAN_DT_001,3.0,process-model-3.0.0-build3,5283,1,LIVE,SYNCHRONISED,AUTOMATIC,NORMAL,65,1950,1950,0,145,145,0.3,0.3,25.53758,38.39,1.028,1,0.0254,0,207.97,24.5867,-0.01041,1,0.18,5.004,5.7287,100,HEALTHY,F0,0,0,healthy,0,0,0,,,,,17,0
2026-08-19T15:16:02.201Z,1787152562201,FAN_DT_001_F0_S00_R02_20260819T150854,2,427.374,FAULT_ACTIVE,F0,0,FAN_DT_001,3.0,process-model-3.0.0-build3,5284,1,LIVE,SYNCHRONISED,AUTOMATIC,NORMAL,65,1950,1950,0,145,145,0.3,0.3,25.55093,38.4,1.028,1,0.0254,0,207.97,24.646,-0.01046,1,0.18,5.031,5.7425,100,HEALTHY,F0,0,0,healthy,0,0,0,,,,,17,0
2026-08-19T15:16:03.231Z,1787152563231,FAN_DT_001_F0_S00_R02_20260819T150854,2,428.404,FAULT_ACTIVE,F0,0,FAN_DT_001,3.0,process-model-3.0.0-build3,5285,1,LIVE,SYNCHRONISED,AUTOMATIC,NORMAL,65,1950,1950,0,145,145,0.3,0.3,25.56403,38.41,1.028,1,0.0254,0,207.97,24.7053,-0.01051,1,0.18,5.055,5.7563,100,HEALTHY,F0,0,0,healthy,0,0,0,,,,,17,0
2026-08-19T15:16:04.259Z,1787152564259,FAN_DT_001_F0_S00_R02_20260819T150854,2,429.433,FAULT_ACTIVE,F0,0,FAN_DT_001,3.0,process-model-3.0.0-build3,5286,1,LIVE,SYNCHRONISED,AUTOMATIC,NORMAL,65,1950,1950,0,145,145,0.3,0.3,25.57688,38.42,1.028,1,0.0254,0,207.97,24.7649,-0.01052,1,0.18,5.059,5.7702,100,HEALTHY,F0,0,0,healthy,0,0,0,,,,,17,0
2026-08-19T15:16:05.291Z,1787152565291,FAN_DT_001_F0_S00_R02_20260819T150854,2,430.464,FAULT_ACTIVE,F0,0,FAN_DT_001,3.0,process-model-3.0.0-build3,5287,1,LIVE,SYNCHRONISED,AUTOMATIC,NORMAL,65,1950,1950,0,145,145,0.3,0.3,25.58935,38.43,1.028,1,0.0254,0,207.97,24.8241,-0.01055,1,0.18,5.072,5.784,100,HEALTHY,F0,0,0,healthy,0,0,0,,,,,17,0
2026-08-19T15:16:06.317Z,1787152566317,FAN_DT_001_F0_S00_R02_20260819T150854,2,431.49,FAULT_ACTIVE,F0,0,FAN_DT_001,3.0,process-model-3.0.0-build3,5288,1,LIVE,SYNCHRONISED,AUTOMATIC,NORMAL,65,1950,1950,0,145,145,0.3,0.3,25.60157,38.44,1.028,1,0.0254,0,207.97,24.8835,-0.0106,1,0.18,5.095,5.7979,100,HEALTHY,F0,0,0,healthy,0,0,0,,,,,17,0
2026-08-19T15:16:07.341Z,1787152567341,FAN_DT_001_F0_S00_R02_20260819T150854,2,432.514,FAULT_ACTIVE,F0,0,FAN_DT_001,3.0,process-model-3.0.0-build3,5289,1,LIVE,SYNCHRONISED,AUTOMATIC,NORMAL,65,1950,1950,0,145,145,0.3,0.3,25.61341,38.46,1.028,1,0.0254,0,207.97,24.9427,-0.01061,1,0.18,5.1,5.8116,100,HEALTHY,F0,0,0,healthy,0,0,0,,,,,17,0
2026-08-19T15:16:08.370Z,1787152568370,FAN_DT_001_F0_S00_R02_20260819T150854,2,433.543,FAULT_ACTIVE,F0,0,FAN_DT_001,3.0,process-model-3.0.0-build3,5290,1,LIVE,SYNCHRONISED,AUTOMATIC,NORMAL,65,1950,1950,0,145,145,0.3,0.3,25.62491,38.47,1.028,1,0.0254,0,207.97,25.0017,-0.01061,1,0.18,5.102,5.8254,100,HEALTHY,F0,0,0,healthy,0,0,0,,,,,17,0
2026-08-19T15:16:09.397Z,1787152569397,FAN_DT_001_F0_S00_R02_20260819T150854,2,434.57,FAULT_ACTIVE,F0,0,FAN_DT_001,3.0,process-model-3.0.0-build3,5291,1,LIVE,SYNCHRONISED,AUTOMATIC,NORMAL,65,1950,1950,0,145,145,0.3,0.3,25.63616,38.48,1.028,1,0.0254,0,207.97,25.0611,-0.01063,1,0.18,5.11,5.8392,100,HEALTHY,F0,0,0,healthy,0,0,0,,,,,17,0
2026-08-19T15:16:10.423Z,1787152570423,FAN_DT_001_F0_S00_R02_20260819T150854,2,435.597,FAULT_ACTIVE,F0,0,FAN_DT_001,3.0,process-model-3.0.0-build3,5292,1,LIVE,SYNCHRONISED,AUTOMATIC,NORMAL,65,1950,1950,0,145,145,0.3,0.3,25.64703,38.49,1.028,1,0.0254,0,207.97,25.1202,-0.01061,1,0.18,5.1,5.853,100,HEALTHY,F0,0,0,healthy,0,0,0,,,,,17,0
2026-08-19T15:16:11.452Z,1787152571452,FAN_DT_001_F0_S00_R02_20260819T150854,2,436.625,FAULT_ACTIVE,F0,0,FAN_DT_001,3.0,process-model-3.0.0-build3,5293,1,LIVE,SYNCHRONISED,AUTOMATIC,NORMAL,65,1950,1950,0,145,145,0.3,0.3,25.65759,38.5,1.028,1,0.0254,0,207.97,25.1794,-0.0106,1,0.18,5.098,5.8668,100,HEALTHY,F0,0,0,healthy,0,0,0,,,,,17,0
2026-08-19T15:16:12.477Z,1787152572477,FAN_DT_001_F0_S00_R02_20260819T150854,2,437.65,FAULT_ACTIVE,F0,0,FAN_DT_001,3.0,process-model-3.0.0-build3,5294,1,LIVE,SYNCHRONISED,AUTOMATIC,NORMAL,65,1950,1950,0,145,145,0.3,0.3,25.66781,38.51,1.028,1,0.0254,0,207.97,25.2388,-0.0106,1,0.18,5.098,5.8806,100,HEALTHY,F0,0,0,healthy,0,0,0,,,,,17,0
2026-08-19T15:16:13.536Z,1787152573536,FAN_DT_001_F0_S00_R02_20260819T150854,2,438.709,FAULT_ACTIVE,F0,0,FAN_DT_001,3.0,process-model-3.0.0-build3,5295,1,LIVE,SYNCHRONISED,AUTOMATIC,NORMAL,65,1950,1950,0,145,145,0.3,0.3,25.67767,38.52,1.028,1,0.0254,0,207.97,25.298,-0.01058,1,0.18,5.086,5.8944,100,HEALTHY,F0,0,0,healthy,0,0,0,,,,,17,0
2026-08-19T15:16:14.527Z,1787152574527,FAN_DT_001_F0_S00_R02_20260819T150854,2,439.7,FAULT_ACTIVE,F0,0,FAN_DT_001,3.0,process-model-3.0.0-build3,5296,1,LIVE,SYNCHRONISED,AUTOMATIC,NORMAL,65,1950,1950,0,145,145,0.3,0.3,25.68712,38.53,1.028,1,0.0254,0,207.97,25.3569,-0.01057,1,0.18,5.081,5.9081,100,HEALTHY,F0,0,0,healthy,0,0,0,,,,,17,0
2026-08-19T15:16:15.560Z,1787152575560,FAN_DT_001_F0_S00_R02_20260819T150854,2,440.734,FAULT_ACTIVE,F0,0,FAN_DT_001,3.0,process-model-3.0.0-build3,5297,1,LIVE,SYNCHRONISED,AUTOMATIC,NORMAL,65,1950,1950,0,145,145,0.3,0.3,25.69629,38.54,1.028,1,0.0254,0,207.97,25.4162,-0.01054,1,0.18,5.07,5.922,100,HEALTHY,F0,0,0,healthy,0,0,0,,,,,17,0
2026-08-19T15:16:16.585Z,1787152576585,FAN_DT_001_F0_S00_R02_20260819T150854,2,441.759,FAULT_ACTIVE,F0,0,FAN_DT_001,3.0,process-model-3.0.0-build3,5298,1,LIVE,SYNCHRONISED,AUTOMATIC,NORMAL,65,1950,1950,0,145,145,0.3,0.3,25.70507,38.55,1.028,1,0.0254,0,207.97,25.4753,-0.01049,1,0.18,5.044,5.9358,100,HEALTHY,F0,0,0,healthy,0,0,0,,,,,17,0
2026-08-19T15:16:17.610Z,1787152577610,FAN_DT_001_F0_S00_R02_20260819T150854,2,442.783,FAULT_ACTIVE,F0,0,FAN_DT_001,3.0,process-model-3.0.0-build3,5299,1,LIVE,SYNCHRONISED,AUTOMATIC,NORMAL,65,1950,1950,0,145,145,0.3,0.3,25.71352,38.56,1.028,1,0.0254,0,207.97,25.5347,-0.01044,1,0.18,5.022,5.9496,100,HEALTHY,F0,0,0,healthy,0,0,0,,,,,17,0
2026-08-19T15:16:18.634Z,1787152578634,FAN_DT_001_F0_S00_R02_20260819T150854,2,443.808,FAULT_ACTIVE,F0,0,FAN_DT_001,3.0,process-model-3.0.0-build3,5300,1,LIVE,SYNCHRONISED,AUTOMATIC,NORMAL,65,1950,1950,0,145,145,0.3,0.3,25.72158,38.57,1.028,1,0.0254,0,207.97,25.594,-0.01041,1,0.18,5.005,5.9634,100,HEALTHY,F0,0,0,healthy,0,0,0,,,,,17,0
2026-08-19T15:16:19.665Z,1787152579665,FAN_DT_001_F0_S00_R02_20260819T150854,2,444.838,FAULT_ACTIVE,F0,0,FAN_DT_001,3.0,process-model-3.0.0-build3,5301,1,LIVE,SYNCHRONISED,AUTOMATIC,NORMAL,65,1950,1950,0,145,145,0.3,0.3,25.72925,38.59,1.028,1,0.0254,0,207.97,25.6531,-0.01037,1,0.18,4.985,5.9772,100,HEALTHY,F0,0,0,healthy,0,0,0,,,,,17,0
2026-08-19T15:16:20.691Z,1787152580691,FAN_DT_001_F0_S00_R02_20260819T150854,2,445.864,FAULT_ACTIVE,F0,0,FAN_DT_001,3.0,process-model-3.0.0-build3,5302,1,LIVE,SYNCHRONISED,AUTOMATIC,NORMAL,65,1950,1950,0,145,145,0.3,0.3,25.73657,38.6,1.028,1,0.0254,0,207.97,25.7125,-0.01032,1,0.18,4.964,5.991,100,HEALTHY,F0,0,0,healthy,0,0,0,,,,,17,0
2026-08-19T15:16:21.716Z,1787152581716,FAN_DT_001_F0_S00_R02_20260819T150854,2,446.888,FAULT_ACTIVE,F0,0,FAN_DT_001,3.0,process-model-3.0.0-build3,5303,1,LIVE,SYNCHRONISED,AUTOMATIC,NORMAL,65,1950,1950,0,145,145,0.3,0.3,25.74349,38.61,1.028,1,0.0254,0,207.97,25.7717,-0.01024,1,0.18,4.925,6.0048,100,HEALTHY,F0,0,0,healthy,0,0,0,,,,,17,0
2026-08-19T15:16:22.756Z,1787152582756,FAN_DT_001_F0_S00_R02_20260819T150854,2,447.929,FAULT_ACTIVE,F0,0,FAN_DT_001,3.0,process-model-3.0.0-build3,5304,1,LIVE,SYNCHRONISED,AUTOMATIC,NORMAL,65,1950,1950,0,145,145,0.3,0.3,25.75003,38.62,1.028,1,0.0254,0,207.97,25.831,-0.01017,1,0.18,4.892,6.0186,100,HEALTHY,F0,0,0,healthy,0,0,0,,,,,17,0
2026-08-19T15:16:23.778Z,1787152583778,FAN_DT_001_F0_S00_R02_20260819T150854,2,448.95,FAULT_ACTIVE,F0,0,FAN_DT_001,3.0,process-model-3.0.0-build3,5305,1,LIVE,SYNCHRONISED,AUTOMATIC,NORMAL,65,1950,1950,0,145,145,0.3,0.3,25.75619,38.63,1.028,1,0.0254,0,207.97,25.8903,-0.01011,1,0.18,4.862,6.0324,100,HEALTHY,F0,0,0,healthy,0,0,0,,,,,17,0
2026-08-19T15:16:24.803Z,1787152584803,FAN_DT_001_F0_S00_R02_20260819T150854,2,449.976,FAULT_ACTIVE,F0,0,FAN_DT_001,3.0,process-model-3.0.0-build3,5306,1,LIVE,SYNCHRONISED,AUTOMATIC,NORMAL,65,1950,1950,0,145,145,0.3,0.3,25.76195,38.64,1.028,1,0.0254,0,207.97,25.9496,-0.01005,1,0.18,4.833,6.0463,100,HEALTHY,F0,0,0,healthy,0,0,0,,,,,17,0
2026-08-19T15:16:25.833Z,1787152585833,FAN_DT_001_F0_S00_R02_20260819T150854,2,451.006,FAULT_ACTIVE,F0,0,FAN_DT_001,3.0,process-model-3.0.0-build3,5307,1,LIVE,SYNCHRONISED,AUTOMATIC,NORMAL,65,1950,1950,0,145,145,0.3,0.3,25.76731,38.65,1.028,1,0.0254,0,207.97,26.0089,-0.00997,1,0.18,4.794,6.0601,100,HEALTHY,F0,0,0,healthy,0,0,0,,,,,17,0
2026-08-19T15:16:26.867Z,1787152586867,FAN_DT_001_F0_S00_R02_20260819T150854,2,452.04,FAULT_ACTIVE,F0,0,FAN_DT_001,3.0,process-model-3.0.0-build3,5308,1,LIVE,SYNCHRONISED,AUTOMATIC,NORMAL,65,1950,1950,0,145,145,0.3,0.3,25.77228,38.66,1.028,1,0.0254,0,207.97,26.0683,-0.00987,1,0.18,4.744,6.0739,100,HEALTHY,F0,0,0,healthy,0,0,0,,,,,17,0
2026-08-19T15:16:27.890Z,1787152587890,FAN_DT_001_F0_S00_R02_20260819T150854,2,453.063,FAULT_ACTIVE,F0,0,FAN_DT_001,3.0,process-model-3.0.0-build3,5309,1,LIVE,SYNCHRONISED,AUTOMATIC,NORMAL,65,1950,1950,0,145,145,0.3,0.3,25.77685,38.67,1.028,1,0.0254,0,207.97,26.1276,-0.00978,1,0.18,4.702,6.0877,100,HEALTHY,F0,0,0,healthy,0,0,0,,,,,17,0
2026-08-19T15:16:28.925Z,1787152588925,FAN_DT_001_F0_S00_R02_20260819T150854,2,454.098,FAULT_ACTIVE,F0,0,FAN_DT_001,3.0,process-model-3.0.0-build3,5310,1,LIVE,SYNCHRONISED,AUTOMATIC,NORMAL,65,1950,1950,0,145,145,0.3,0.3,25.781,38.68,1.028,1,0.0254,0,207.97,26.1869,-0.00967,1,0.18,4.649,6.1016,100,HEALTHY,F0,0,0,healthy,0,0,0,,,,,17,0
2026-08-19T15:16:29.965Z,1787152589965,FAN_DT_001_F0_S00_R02_20260819T150854,2,455.138,FAULT_ACTIVE,F0,0,FAN_DT_001,3.0,process-model-3.0.0-build3,5311,1,LIVE,SYNCHRONISED,AUTOMATIC,NORMAL,65,1950,1950,0,145,145,0.3,0.3,25.78473,38.69,1.028,1,0.0254,0,207.97,26.2458,-0.00958,1,0.18,4.607,6.1153,100,HEALTHY,F0,0,0,healthy,0,0,0,,,,,17,0
2026-08-19T15:16:30.970Z,1787152590970,FAN_DT_001_F0_S00_R02_20260819T150854,2,456.144,FAULT_ACTIVE,F0,0,FAN_DT_001,3.0,process-model-3.0.0-build3,5312,1,LIVE,SYNCHRONISED,AUTOMATIC,NORMAL,65,1950,1950,0,145,145,0.3,0.3,25.78808,38.7,1.028,1,0.0254,0,207.97,26.3053,-0.00948,1,0.18,4.557,6.1291,100,HEALTHY,F0,0,0,healthy,0,0,0,,,,,17,0
2026-08-19T15:16:31.993Z,1787152591993,FAN_DT_001_F0_S00_R02_20260819T150854,2,457.166,FAULT_ACTIVE,F0,0,FAN_DT_001,3.0,process-model-3.0.0-build3,5313,1,LIVE,SYNCHRONISED,AUTOMATIC,NORMAL,65,1950,1950,0,145,145,0.3,0.3,25.791,38.71,1.028,1,0.0254,0,207.97,26.3644,-0.00936,1,0.18,4.501,6.1429,100,HEALTHY,F0,0,0,healthy,0,0,0,,,,,17,0
2026-08-19T15:16:33.025Z,1787152593025,FAN_DT_001_F0_S00_R02_20260819T150854,2,458.198,FAULT_ACTIVE,F0,0,FAN_DT_001,3.0,process-model-3.0.0-build3,5314,1,LIVE,SYNCHRONISED,AUTOMATIC,NORMAL,65,1950,1950,0,145,145,0.3,0.3,25.79352,38.72,1.028,1,0.0254,0,207.97,26.4235,-0.00924,1,0.18,4.444,6.1567,100,HEALTHY,F0,0,0,healthy,0,0,0,,,,,17,0
2026-08-19T15:16:34.049Z,1787152594049,FAN_DT_001_F0_S00_R02_20260819T150854,2,459.222,FAULT_ACTIVE,F0,0,FAN_DT_001,3.0,process-model-3.0.0-build3,5315,1,LIVE,SYNCHRONISED,AUTOMATIC,NORMAL,65,1950,1950,0,145,145,0.3,0.3,25.79563,38.73,1.028,1,0.0254,0,207.97,26.4829,-0.00911,1,0.18,4.382,6.1705,100,HEALTHY,F0,0,0,healthy,0,0,0,,,,,17,0
2026-08-19T15:16:35.080Z,1787152595080,FAN_DT_001_F0_S00_R02_20260819T150854,2,460.253,FAULT_ACTIVE,F0,0,FAN_DT_001,3.0,process-model-3.0.0-build3,5316,1,LIVE,SYNCHRONISED,AUTOMATIC,NORMAL,65,1950,1950,0,145,145,0.3,0.3,25.79733,38.74,1.028,1,0.0254,0,207.97,26.5421,-0.00901,1,0.18,4.332,6.1843,100,HEALTHY,F0,0,0,healthy,0,0,0,,,,,17,0
2026-08-19T15:16:36.104Z,1787152596104,FAN_DT_001_F0_S00_R02_20260819T150854,2,461.278,FAULT_ACTIVE,F0,0,FAN_DT_001,3.0,process-model-3.0.0-build3,5317,1,LIVE,SYNCHRONISED,AUTOMATIC,NORMAL,65,1950,1950,0,145,145,0.3,0.3,25.79861,38.75,1.028,1,0.0254,0,207.97,26.6012,-0.00886,1,0.18,4.261,6.1981,100,HEALTHY,F0,0,0,healthy,0,0,0,,,,,17,0
2026-08-19T15:16:37.128Z,1787152597128,FAN_DT_001_F0_S00_R02_20260819T150854,2,462.302,FAULT_ACTIVE,F0,0,FAN_DT_001,3.0,process-model-3.0.0-build3,5318,1,LIVE,SYNCHRONISED,AUTOMATIC,NORMAL,65,1950,1950,0,145,145,0.3,0.3,25.79948,38.75,1.028,1,0.0254,0,207.97,26.6607,-0.00872,1,0.18,4.193,6.2119,100,HEALTHY,F0,0,0,healthy,0,0,0,,,,,17,0
2026-08-19T15:16:38.158Z,1787152598158,FAN_DT_001_F0_S00_R02_20260819T150854,2,463.331,FAULT_ACTIVE,F0,0,FAN_DT_001,3.0,process-model-3.0.0-build3,5319,1,LIVE,SYNCHRONISED,AUTOMATIC,NORMAL,65,1950,1950,0,145,145,0.3,0.3,25.79993,38.76,1.028,1,0.0254,0,207.97,26.7197,-0.00858,1,0.18,4.127,6.2257,100,HEALTHY,F0,0,0,healthy,0,0,0,,,,,17,0
2026-08-19T15:16:39.185Z,1787152599185,FAN_DT_001_F0_S00_R02_20260819T150854,2,464.358,FAULT_ACTIVE,F0,0,FAN_DT_001,3.0,process-model-3.0.0-build3,5320,1,LIVE,SYNCHRONISED,AUTOMATIC,NORMAL,65,1950,1950,0,145,145,0.3,0.3,25.79996,38.77,1.028,1,0.0254,0,207.97,26.7791,-0.00845,1,0.18,4.062,6.2395,100,HEALTHY,F0,0,0,healthy,0,0,0,,,,,17,0
2026-08-19T15:16:40.209Z,1787152600209,FAN_DT_001_F0_S00_R02_20260819T150854,2,465.383,FAULT_ACTIVE,F0,0,FAN_DT_001,3.0,process-model-3.0.0-build3,5321,1,LIVE,SYNCHRONISED,AUTOMATIC,NORMAL,65,1950,1950,0,145,145,0.3,0.3,25.79959,38.78,1.028,1,0.0254,0,207.97,26.8384,-0.00829,1,0.18,3.988,6.2533,100,HEALTHY,F0,0,0,healthy,0,0,0,,,,,17,0
2026-08-19T15:16:41.240Z,1787152601240,FAN_DT_001_F0_S00_R02_20260819T150854,2,466.414,FAULT_ACTIVE,F0,0,FAN_DT_001,3.0,process-model-3.0.0-build3,5322,1,LIVE,SYNCHRONISED,AUTOMATIC,NORMAL,65,1950,1950,0,145,145,0.3,0.3,25.79879,38.79,1.028,1,0.0254,0,207.97,26.8974,-0.00814,1,0.18,3.912,6.2671,100,HEALTHY,F0,0,0,healthy,0,0,0,,,,,17,0
2026-08-19T15:16:42.265Z,1787152602265,FAN_DT_001_F0_S00_R02_20260819T150854,2,467.439,FAULT_ACTIVE,F0,0,FAN_DT_001,3.0,process-model-3.0.0-build3,5323,1,LIVE,SYNCHRONISED,AUTOMATIC,NORMAL,65,1950,1950,0,145,145,0.3,0.3,25.79758,38.8,1.028,1,0.0254,0,207.97,26.9567,-0.008,1,0.18,3.845,6.2809,100,HEALTHY,F0,0,0,healthy,0,0,0,,,,,17,0
2026-08-19T15:16:43.294Z,1787152603294,FAN_DT_001_F0_S00_R02_20260819T150854,2,468.466,FAULT_ACTIVE,F0,0,FAN_DT_001,3.0,process-model-3.0.0-build3,5324,1,LIVE,SYNCHRONISED,AUTOMATIC,NORMAL,65,1950,1950,0,145,145,0.3,0.3,25.79596,38.81,1.028,1,0.0254,0,207.97,27.0158,-0.00783,1,0.18,3.766,6.2947,100,HEALTHY,F0,0,0,healthy,0,0,0,,,,,17,0
2026-08-19T15:16:44.324Z,1787152604324,FAN_DT_001_F0_S00_R02_20260819T150854,2,469.497,FAULT_ACTIVE,F0,0,FAN_DT_001,3.0,process-model-3.0.0-build3,5325,1,LIVE,SYNCHRONISED,AUTOMATIC,NORMAL,65,1950,1950,0,145,145,0.3,0.3,25.79392,38.81,1.028,1,0.0254,0,207.97,27.0753,-0.00766,1,0.18,3.683,6.3086,100,HEALTHY,F0,0,0,healthy,0,0,0,,,,,17,0
2026-08-19T15:16:45.348Z,1787152605348,FAN_DT_001_F0_S00_R02_20260819T150854,2,470.521,FAULT_ACTIVE,F0,0,FAN_DT_001,3.0,process-model-3.0.0-build3,5326,1,LIVE,SYNCHRONISED,AUTOMATIC,NORMAL,65,1950,1950,0,145,145,0.3,0.3,25.79147,38.82,1.028,1,0.0254,0,207.97,27.1347,-0.00748,1,0.18,3.597,6.3224,100,HEALTHY,F0,0,0,healthy,0,0,0,,,,,17,0
2026-08-19T15:16:46.379Z,1787152606379,FAN_DT_001_F0_S00_R02_20260819T150854,2,471.552,FAULT_ACTIVE,F0,0,FAN_DT_001,3.0,process-model-3.0.0-build3,5327,1,LIVE,SYNCHRONISED,AUTOMATIC,NORMAL,65,1950,1950,0,145,145,0.3,0.3,25.78861,38.83,1.028,1,0.0254,0,207.97,27.1938,-0.00731,1,0.18,3.515,6.3361,100,HEALTHY,F0,0,0,healthy,0,0,0,,,,,17,0
2026-08-19T15:16:47.402Z,1787152607402,FAN_DT_001_F0_S00_R02_20260819T150854,2,472.576,FAULT_ACTIVE,F0,0,FAN_DT_001,3.0,process-model-3.0.0-build3,5328,1,LIVE,SYNCHRONISED,AUTOMATIC,NORMAL,65,1950,1950,0,145,145,0.3,0.3,25.78533,38.84,1.028,1,0.0254,0,207.97,27.2531,-0.00715,1,0.18,3.436,6.35,100,HEALTHY,F0,0,0,healthy,0,0,0,,,,,17,0
2026-08-19T15:16:48.429Z,1787152608429,FAN_DT_001_F0_S00_R02_20260819T150854,2,473.602,FAULT_ACTIVE,F0,0,FAN_DT_001,3.0,process-model-3.0.0-build3,5329,1,LIVE,SYNCHRONISED,AUTOMATIC,NORMAL,65,1950,1950,0,145,145,0.3,0.3,25.78166,38.84,1.028,1,0.0254,0,207.97,27.3123,-0.00696,1,0.18,3.349,6.3638,100,HEALTHY,F0,0,0,healthy,0,0,0,,,,,17,0
2026-08-19T15:16:49.460Z,1787152609460,FAN_DT_001_F0_S00_R02_20260819T150854,2,474.633,FAULT_ACTIVE,F0,0,FAN_DT_001,3.0,process-model-3.0.0-build3,5330,1,LIVE,SYNCHRONISED,AUTOMATIC,NORMAL,65,1950,1950,0,145,145,0.3,0.3,25.77757,38.85,1.028,1,0.0254,0,207.97,27.3716,-0.00677,1,0.18,3.253,6.3776,100,HEALTHY,F0,0,0,healthy,0,0,0,,,,,17,0
2026-08-19T15:16:50.486Z,1787152610486,FAN_DT_001_F0_S00_R02_20260819T150854,2,475.66,FAULT_ACTIVE,F0,0,FAN_DT_001,3.0,process-model-3.0.0-build3,5331,1,LIVE,SYNCHRONISED,AUTOMATIC,NORMAL,65,1950,1950,0,145,145,0.3,0.3,25.77307,38.86,1.028,1,0.0254,0,207.97,27.4309,-0.0066,1,0.18,3.174,6.3914,100,HEALTHY,F0,0,0,healthy,0,0,0,,,,,17,0
2026-08-19T15:16:51.514Z,1787152611514,FAN_DT_001_F0_S00_R02_20260819T150854,2,476.687,FAULT_ACTIVE,F0,0,FAN_DT_001,3.0,process-model-3.0.0-build3,5332,1,LIVE,SYNCHRONISED,AUTOMATIC,NORMAL,65,1950,1950,0,145,145,0.3,0.3,25.76818,38.86,1.028,1,0.0254,0,207.97,27.4902,-0.00639,1,0.18,3.071,6.4052,100,HEALTHY,F0,0,0,healthy,0,0,0,,,,,17,0
2026-08-19T15:16:52.543Z,1787152612543,FAN_DT_001_F0_S00_R02_20260819T150854,2,477.716,FAULT_ACTIVE,F0,0,FAN_DT_001,3.0,process-model-3.0.0-build3,5333,1,LIVE,SYNCHRONISED,AUTOMATIC,NORMAL,65,1950,1950,0,145,145,0.3,0.3,25.76289,38.87,1.028,1,0.0254,0,207.97,27.5494,-0.00621,1,0.18,2.984,6.419,100,HEALTHY,F0,0,0,healthy,0,0,0,,,,,17,0
2026-08-19T15:16:53.568Z,1787152613568,FAN_DT_001_F0_S00_R02_20260819T150854,2,478.741,FAULT_ACTIVE,F0,0,FAN_DT_001,3.0,process-model-3.0.0-build3,5334,1,LIVE,SYNCHRONISED,AUTOMATIC,NORMAL,65,1950,1950,0,145,145,0.3,0.3,25.75719,38.88,1.028,1,0.0254,0,207.97,27.6088,-0.00601,1,0.18,2.888,6.4329,100,HEALTHY,F0,0,0,healthy,0,0,0,,,,,17,0
2026-08-19T15:16:54.599Z,1787152614599,FAN_DT_001_F0_S00_R02_20260819T150854,2,479.772,FAULT_ACTIVE,F0,0,FAN_DT_001,3.0,process-model-3.0.0-build3,5335,1,LIVE,SYNCHRONISED,AUTOMATIC,NORMAL,65,1950,1950,0,145,145,0.3,0.3,25.75112,38.88,1.028,1,0.0254,0,207.97,27.668,-0.00581,1,0.18,2.793,6.4466,100,HEALTHY,F0,0,0,healthy,0,0,0,,,,,17,0
2026-08-19T15:16:55.624Z,1787152615624,FAN_DT_001_F0_S00_R02_20260819T150854,2,480.797,FAULT_ACTIVE,F0,0,FAN_DT_001,3.0,process-model-3.0.0-build3,5336,1,LIVE,SYNCHRONISED,AUTOMATIC,NORMAL,65,1950,1950,0,145,145,0.3,0.3,25.74464,38.89,1.028,1,0.0254,0,207.97,27.7273,-0.0056,1,0.18,2.693,6.4605,100,HEALTHY,F0,0,0,healthy,0,0,0,,,,,17,0
2026-08-19T15:16:56.656Z,1787152616656,FAN_DT_001_F0_S00_R02_20260819T150854,2,481.829,FAULT_ACTIVE,F0,0,FAN_DT_001,3.0,process-model-3.0.0-build3,5337,1,LIVE,SYNCHRONISED,AUTOMATIC,NORMAL,65,1950,1950,0,145,145,0.3,0.3,25.73779,38.89,1.028,1,0.0254,0,207.97,27.7866,-0.0054,1,0.18,2.596,6.4743,100,HEALTHY,F0,0,0,healthy,0,0,0,,,,,17,0
2026-08-19T15:16:57.691Z,1787152617691,FAN_DT_001_F0_S00_R02_20260819T150854,2,482.865,FAULT_ACTIVE,F0,0,FAN_DT_001,3.0,process-model-3.0.0-build3,5338,1,LIVE,SYNCHRONISED,AUTOMATIC,NORMAL,65,1950,1950,0,145,145,0.3,0.3,25.73056,38.9,1.028,1,0.0254,0,207.97,27.8457,-0.00517,1,0.18,2.488,6.4881,100,HEALTHY,F0,0,0,healthy,0,0,0,,,,,17,0
2026-08-19T15:16:58.705Z,1787152618705,FAN_DT_001_F0_S00_R02_20260819T150854,2,483.879,FAULT_ACTIVE,F0,0,FAN_DT_001,3.0,process-model-3.0.0-build3,5339,1,LIVE,SYNCHRONISED,AUTOMATIC,NORMAL,65,1950,1950,0,145,145,0.3,0.3,25.72292,38.9,1.028,1,0.0254,0,207.97,27.9051,-0.00496,1,0.18,2.387,6.5019,100,HEALTHY,F0,0,0,healthy,0,0,0,,,,,17,0
2026-08-19T15:16:59.734Z,1787152619734,FAN_DT_001_F0_S00_R02_20260819T150854,2,484.907,FAULT_ACTIVE,F0,0,FAN_DT_001,3.0,process-model-3.0.0-build3,5340,1,LIVE,SYNCHRONISED,AUTOMATIC,NORMAL,65,1950,1950,0,145,145,0.3,0.3,25.71496,38.91,1.028,1,0.0254,0,207.97,27.9641,-0.00477,1,0.18,2.293,6.5156,100,HEALTHY,F0,0,0,healthy,0,0,0,,,,,17,0
2026-08-19T15:17:00.760Z,1787152620760,FAN_DT_001_F0_S00_R02_20260819T150854,2,485.933,FAULT_ACTIVE,F0,0,FAN_DT_001,3.0,process-model-3.0.0-build3,5341,1,LIVE,SYNCHRONISED,AUTOMATIC,NORMAL,65,1950,1950,0,145,145,0.3,0.3,25.70658,38.91,1.028,1,0.0254,0,207.97,28.0234,-0.00454,1,0.18,2.184,6.5295,100,HEALTHY,F0,0,0,healthy,0,0,0,,,,,17,0
2026-08-19T15:17:01.785Z,1787152621785,FAN_DT_001_F0_S00_R02_20260819T150854,2,486.959,FAULT_ACTIVE,F0,0,FAN_DT_001,3.0,process-model-3.0.0-build3,5342,1,LIVE,SYNCHRONISED,AUTOMATIC,NORMAL,65,1950,1950,0,145,145,0.3,0.3,25.69784,38.92,1.028,1,0.0254,0,207.97,28.0827,-0.00431,1,0.18,2.072,6.5433,100,HEALTHY,F0,0,0,healthy,0,0,0,,,,,17,0
2026-08-19T15:17:02.814Z,1787152622814,FAN_DT_001_F0_S00_R02_20260819T150854,2,487.988,FAULT_ACTIVE,F0,0,FAN_DT_001,3.0,process-model-3.0.0-build3,5343,1,LIVE,SYNCHRONISED,AUTOMATIC,NORMAL,65,1950,1950,0,145,145,0.3,0.3,25.68878,38.92,1.028,1,0.0254,0,207.97,28.1418,-0.00411,1,0.18,1.975,6.557,100,HEALTHY,F0,0,0,healthy,0,0,0,,,,,17,0
2026-08-19T15:17:03.854Z,1787152623854,FAN_DT_001_F0_S00_R02_20260819T150854,2,489.027,FAULT_ACTIVE,F0,0,FAN_DT_001,3.0,process-model-3.0.0-build3,5344,1,LIVE,SYNCHRONISED,AUTOMATIC,NORMAL,65,1950,1950,0,145,145,0.3,0.3,25.67929,38.93,1.028,1,0.0254,0,207.97,28.2012,-0.00387,1,0.18,1.863,6.5709,100,HEALTHY,F0,0,0,healthy,0,0,0,,,,,17,0
2026-08-19T15:17:04.866Z,1787152624866,FAN_DT_001_F0_S00_R02_20260819T150854,2,490.04,FAULT_ACTIVE,F0,0,FAN_DT_001,3.0,process-model-3.0.0-build3,5345,1,LIVE,SYNCHRONISED,AUTOMATIC,NORMAL,65,1950,1950,0,145,145,0.3,0.3,25.6695,38.93,1.028,1,0.0254,0,207.97,28.2604,-0.00364,1,0.18,1.751,6.5847,100,HEALTHY,F0,0,0,healthy,0,0,0,,,,,17,0
2026-08-19T15:17:05.897Z,1787152625897,FAN_DT_001_F0_S00_R02_20260819T150854,2,491.071,FAULT_ACTIVE,F0,0,FAN_DT_001,3.0,process-model-3.0.0-build3,5346,1,LIVE,SYNCHRONISED,AUTOMATIC,NORMAL,65,1950,1950,0,145,145,0.3,0.3,25.65935,38.93,1.028,1,0.0254,0,207.97,28.3196,-0.00343,1,0.18,1.648,6.5985,100,HEALTHY,F0,0,0,healthy,0,0,0,,,,,17,0
2026-08-19T15:17:06.925Z,1787152626925,FAN_DT_001_F0_S00_R02_20260819T150854,2,492.098,FAULT_ACTIVE,F0,0,FAN_DT_001,3.0,process-model-3.0.0-build3,5347,1,LIVE,SYNCHRONISED,AUTOMATIC,NORMAL,65,1950,1950,0,145,145,0.3,0.3,25.64882,38.94,1.028,1,0.0254,0,207.97,28.379,-0.00318,1,0.18,1.529,6.6123,100,HEALTHY,F0,0,0,healthy,0,0,0,,,,,17,0
2026-08-19T15:17:07.950Z,1787152627950,FAN_DT_001_F0_S00_R02_20260819T150854,2,493.123,FAULT_ACTIVE,F0,0,FAN_DT_001,3.0,process-model-3.0.0-build3,5348,1,LIVE,SYNCHRONISED,AUTOMATIC,NORMAL,65,1950,1950,0,145,145,0.3,0.3,25.63802,38.94,1.028,1,0.0254,0,207.97,28.4381,-0.00295,1,0.18,1.418,6.6261,100,HEALTHY,F0,0,0,healthy,0,0,0,,,,,17,0
2026-08-19T15:17:08.978Z,1787152628978,FAN_DT_001_F0_S00_R02_20260819T150854,2,494.152,FAULT_ACTIVE,F0,0,FAN_DT_001,3.0,process-model-3.0.0-build3,5349,1,LIVE,SYNCHRONISED,AUTOMATIC,NORMAL,65,1950,1950,0,145,145,0.3,0.3,25.62686,38.94,1.028,1,0.0254,0,207.97,28.4973,-0.00271,1,0.18,1.304,6.6399,100,HEALTHY,F0,0,0,healthy,0,0,0,,,,,17,0
2026-08-19T15:17:10.001Z,1787152630001,FAN_DT_001_F0_S00_R02_20260819T150854,2,495.174,FAULT_ACTIVE,F0,0,FAN_DT_001,3.0,process-model-3.0.0-build3,5350,1,LIVE,SYNCHRONISED,AUTOMATIC,NORMAL,65,1950,1950,0,145,145,0.3,0.3,25.61537,38.95,1.028,1,0.0254,0,207.97,28.5566,-0.0025,1,0.18,1.203,6.6537,100,HEALTHY,F0,0,0,healthy,0,0,0,,,,,17,0
2026-08-19T15:17:11.030Z,1787152631030,FAN_DT_001_F0_S00_R02_20260819T150854,2,496.203,FAULT_ACTIVE,F0,0,FAN_DT_001,3.0,process-model-3.0.0-build3,5351,1,LIVE,SYNCHRONISED,AUTOMATIC,NORMAL,65,1950,1950,0,145,145,0.3,0.3,25.60356,38.95,1.028,1,0.0254,0,207.97,28.6158,-0.00225,1,0.18,1.084,6.6675,100,HEALTHY,F0,0,0,healthy,0,0,0,,,,,17,0
2026-08-19T15:17:12.058Z,1787152632058,FAN_DT_001_F0_S00_R02_20260819T150854,2,497.231,FAULT_ACTIVE,F0,0,FAN_DT_001,3.0,process-model-3.0.0-build3,5352,1,LIVE,SYNCHRONISED,AUTOMATIC,NORMAL,65,1950,1950,0,145,145,0.3,0.3,25.59144,38.95,1.028,1,0.0254,0,207.97,28.675,-0.00203,1,0.18,0.975,6.6813,100,HEALTHY,F0,0,0,healthy,0,0,0,,,,,17,0
2026-08-19T15:17:13.083Z,1787152633083,FAN_DT_001_F0_S00_R02_20260819T150854,2,498.255,FAULT_ACTIVE,F0,0,FAN_DT_001,3.0,process-model-3.0.0-build3,5353,1,LIVE,SYNCHRONISED,AUTOMATIC,NORMAL,65,1950,1950,0,145,145,0.3,0.3,25.57899,38.95,1.028,1,0.0254,0,207.97,28.7343,-0.00177,1,0.18,0.853,6.6951,100,HEALTHY,F0,0,0,healthy,0,0,0,,,,,17,0
2026-08-19T15:17:14.110Z,1787152634110,FAN_DT_001_F0_S00_R02_20260819T150854,2,499.283,FAULT_ACTIVE,F0,0,FAN_DT_001,3.0,process-model-3.0.0-build3,5354,1,LIVE,SYNCHRONISED,AUTOMATIC,NORMAL,65,1950,1950,0,145,145,0.3,0.3,25.56629,38.95,1.028,1,0.0254,0,207.97,28.7934,-0.00153,1,0.18,0.734,6.7089,100,HEALTHY,F0,0,0,healthy,0,0,0,,,,,17,0
2026-08-19T15:17:15.133Z,1787152635133,FAN_DT_001_F0_S00_R02_20260819T150854,2,500.306,FAULT_ACTIVE,F0,0,FAN_DT_001,3.0,process-model-3.0.0-build3,5355,1,LIVE,SYNCHRONISED,AUTOMATIC,NORMAL,65,1950,1950,0,145,145,0.3,0.3,25.55329,38.96,1.028,1,0.0254,0,207.97,28.8526,-0.0013,1,0.18,0.626,6.7227,100,HEALTHY,F0,0,0,healthy,0,0,0,,,,,17,0
2026-08-19T15:17:16.159Z,1787152636159,FAN_DT_001_F0_S00_R02_20260819T150854,2,501.333,FAULT_ACTIVE,F0,0,FAN_DT_001,3.0,process-model-3.0.0-build3,5356,1,LIVE,SYNCHRONISED,AUTOMATIC,NORMAL,65,1950,1950,0,145,145,0.3,0.3,25.54,38.96,1.028,1,0.0254,0,207.97,28.9118,-0.00107,1,0.18,0.514,6.7364,100,HEALTHY,F0,0,0,healthy,0,0,0,,,,,17,0
2026-08-19T15:17:17.189Z,1787152637189,FAN_DT_001_F0_S00_R02_20260819T150854,2,502.362,FAULT_ACTIVE,F0,0,FAN_DT_001,3.0,process-model-3.0.0-build3,5357,1,LIVE,SYNCHRONISED,AUTOMATIC,NORMAL,65,1950,1950,0,145,145,0.3,0.3,25.52644,38.96,1.028,1,0.0254,0,207.97,28.9709,-0.00083,1,0.18,0.401,6.7502,100,HEALTHY,F0,0,0,healthy,0,0,0,,,,,17,0
2026-08-19T15:17:18.216Z,1787152638216,FAN_DT_001_F0_S00_R02_20260819T150854,2,503.389,FAULT_ACTIVE,F0,0,FAN_DT_001,3.0,process-model-3.0.0-build3,5358,1,LIVE,SYNCHRONISED,AUTOMATIC,NORMAL,65,1950,1950,0,145,145,0.3,0.3,25.51252,38.96,1.028,1,0.0254,0,207.97,29.0304,-0.00057,1,0.18,0.276,6.7641,100,HEALTHY,F0,0,0,healthy,0,0,0,,,,,17,0
2026-08-19T15:17:19.244Z,1787152639244,FAN_DT_001_F0_S00_R02_20260819T150854,2,504.418,FAULT_ACTIVE,F0,0,FAN_DT_001,3.0,process-model-3.0.0-build3,5359,1,LIVE,SYNCHRONISED,AUTOMATIC,NORMAL,65,1950,1950,0,145,145,0.3,0.3,25.49841,38.96,1.028,1,0.0254,0,207.97,29.0895,-0.00035,1,0.18,0.167,6.7779,100,HEALTHY,F0,0,0,healthy,0,0,0,,,,,17,0
2026-08-19T15:17:20.275Z,1787152640275,FAN_DT_001_F0_S00_R02_20260819T150854,2,505.448,FAULT_ACTIVE,F0,0,FAN_DT_001,3.0,process-model-3.0.0-build3,5360,1,LIVE,SYNCHRONISED,AUTOMATIC,NORMAL,65,1950,1950,0,145,145,0.3,0.3,25.484,38.96,1.028,1,0.0254,0,207.97,29.1488,-0.00009,1,0.18,0.043,6.7917,100,HEALTHY,F0,0,0,healthy,0,0,0,,,,,17,0
2026-08-19T15:17:21.297Z,1787152641297,FAN_DT_001_F0_S00_R02_20260819T150854,2,506.47,FAULT_ACTIVE,F0,0,FAN_DT_001,3.0,process-model-3.0.0-build3,5361,1,LIVE,SYNCHRONISED,AUTOMATIC,NORMAL,65,1950,1950,0,145,145,0.3,0.3,25.46935,38.96,1.028,1,0.0254,0,207.97,29.2081,0.00015,1,0.18,0.074,6.8055,100,HEALTHY,F0,0,0,healthy,0,0,0,,,,,17,0
2026-08-19T15:17:22.340Z,1787152642340,FAN_DT_001_F0_S00_R02_20260819T150854,2,507.513,FAULT_ACTIVE,F0,0,FAN_DT_001,3.0,process-model-3.0.0-build3,5362,1,LIVE,SYNCHRONISED,AUTOMATIC,NORMAL,65,1950,1950,0,145,145,0.3,0.3,25.45448,38.96,1.028,1,0.0254,0,207.97,29.2673,0.00038,1,0.18,0.181,6.8193,100,HEALTHY,F0,0,0,healthy,0,0,0,,,,,17,0
2026-08-19T15:17:23.357Z,1787152643357,FAN_DT_001_F0_S00_R02_20260819T150854,2,508.531,FAULT_ACTIVE,F0,0,FAN_DT_001,3.0,process-model-3.0.0-build3,5363,1,LIVE,SYNCHRONISED,AUTOMATIC,NORMAL,65,1950,1950,0,145,145,0.3,0.3,25.43933,38.96,1.028,1,0.0254,0,207.97,29.3266,0.00063,1,0.18,0.303,6.8331,100,HEALTHY,F0,0,0,healthy,0,0,0,,,,,17,0
2026-08-19T15:17:24.383Z,1787152644383,FAN_DT_001_F0_S00_R02_20260819T150854,2,509.556,FAULT_ACTIVE,F0,0,FAN_DT_001,3.0,process-model-3.0.0-build3,5364,1,LIVE,SYNCHRONISED,AUTOMATIC,NORMAL,65,1950,1950,0,145,145,0.3,0.3,25.42397,38.96,1.028,1,0.0254,0,207.97,29.386,0.00087,1,0.18,0.419,6.8469,100,HEALTHY,F0,0,0,healthy,0,0,0,,,,,17,0
2026-08-19T15:17:25.411Z,1787152645411,FAN_DT_001_F0_S00_R02_20260819T150854,2,510.584,FAULT_ACTIVE,F0,0,FAN_DT_001,3.0,process-model-3.0.0-build3,5365,1,LIVE,SYNCHRONISED,AUTOMATIC,NORMAL,65,1950,1950,0,145,145,0.3,0.3,25.40843,38.96,1.028,1,0.0254,0,207.97,29.4451,0.00111,1,0.18,0.532,6.8607,100,HEALTHY,F0,0,0,healthy,0,0,0,,,,,17,0
2026-08-19T15:17:26.437Z,1787152646437,FAN_DT_001_F0_S00_R02_20260819T150854,2,511.61,FAULT_ACTIVE,F0,0,FAN_DT_001,3.0,process-model-3.0.0-build3,5366,1,LIVE,SYNCHRONISED,AUTOMATIC,NORMAL,65,1950,1950,0,145,145,0.3,0.3,25.39259,38.96,1.028,1,0.0254,0,207.97,29.5045,0.00136,1,0.18,0.655,6.8746,100,HEALTHY,F0,0,0,healthy,0,0,0,,,,,17,0
2026-08-19T15:17:27.464Z,1787152647464,FAN_DT_001_F0_S00_R02_20260819T150854,2,512.638,FAULT_ACTIVE,F0,0,FAN_DT_001,3.0,process-model-3.0.0-build3,5367,1,LIVE,SYNCHRONISED,AUTOMATIC,NORMAL,65,1950,1950,0,145,145,0.3,0.3,25.37661,38.95,1.028,1,0.0254,0,207.97,29.5637,0.00159,1,0.18,0.764,6.8883,100,HEALTHY,F0,0,0,healthy,0,0,0,,,,,17,0
2026-08-19T15:17:28.495Z,1787152648495,FAN_DT_001_F0_S00_R02_20260819T150854,2,513.668,FAULT_ACTIVE,F0,0,FAN_DT_001,3.0,process-model-3.0.0-build3,5368,1,LIVE,SYNCHRONISED,AUTOMATIC,NORMAL,65,1950,1950,0,145,145,0.3,0.3,25.36045,38.95,1.028,1,0.0254,0,207.97,29.6229,0.00182,1,0.18,0.874,6.9021,100,HEALTHY,F0,0,0,healthy,0,0,0,,,,,17,0
2026-08-19T15:17:29.516Z,1787152649516,FAN_DT_001_F0_S00_R02_20260819T150854,2,514.689,FAULT_ACTIVE,F0,0,FAN_DT_001,3.0,process-model-3.0.0-build3,5369,1,LIVE,SYNCHRONISED,AUTOMATIC,NORMAL,65,1950,1950,0,145,145,0.3,0.3,25.34407,38.95,1.028,1,0.0254,0,207.97,29.6822,0.00207,1,0.18,0.997,6.916,100,HEALTHY,F0,0,0,healthy,0,0,0,,,,,17,0
2026-08-19T15:17:30.559Z,1787152650559,FAN_DT_001_F0_S00_R02_20260819T150854,2,515.732,FAULT_ACTIVE,F0,0,FAN_DT_001,3.0,process-model-3.0.0-build3,5370,1,LIVE,SYNCHRONISED,AUTOMATIC,NORMAL,65,1950,1950,0,145,145,0.3,0.3,25.3276,38.95,1.028,1,0.0254,0,207.97,29.7412,0.0023,1,0.18,1.106,6.9297,100,HEALTHY,F0,0,0,healthy,0,0,0,,,,,17,0
2026-08-19T15:17:31.571Z,1787152651571,FAN_DT_001_F0_S00_R02_20260819T150854,2,516.745,FAULT_ACTIVE,F0,0,FAN_DT_001,3.0,process-model-3.0.0-build3,5371,1,LIVE,SYNCHRONISED,AUTOMATIC,NORMAL,65,1950,1950,0,145,145,0.3,0.3,25.31083,38.95,1.028,1,0.0254,0,207.97,29.8006,0.00254,1,0.18,1.223,6.9435,100,HEALTHY,F0,0,0,healthy,0,0,0,,,,,17,0
2026-08-19T15:17:32.597Z,1787152652597,FAN_DT_001_F0_S00_R02_20260819T150854,2,517.771,FAULT_ACTIVE,F0,0,FAN_DT_001,3.0,process-model-3.0.0-build3,5372,1,LIVE,SYNCHRONISED,AUTOMATIC,NORMAL,65,1950,1950,0,145,145,0.3,0.3,25.29395,38.94,1.028,1,0.0254,0,207.97,29.8598,0.00277,1,0.18,1.33,6.9573,100,HEALTHY,F0,0,0,healthy,0,0,0,,,,,17,0
2026-08-19T15:17:33.628Z,1787152653628,FAN_DT_001_F0_S00_R02_20260819T150854,2,518.801,FAULT_ACTIVE,F0,0,FAN_DT_001,3.0,process-model-3.0.0-build3,5373,1,LIVE,SYNCHRONISED,AUTOMATIC,NORMAL,65,1950,1950,0,145,145,0.3,0.3,25.27696,38.94,1.028,1,0.0254,0,207.97,29.9189,0.00301,1,0.18,1.447,6.9711,100,HEALTHY,F0,0,0,healthy,0,0,0,,,,,17,0
2026-08-19T15:17:34.655Z,1787152654655,FAN_DT_001_F0_S00_R02_20260819T150854,2,519.828,FAULT_ACTIVE,F0,0,FAN_DT_001,3.0,process-model-3.0.0-build3,5374,1,LIVE,SYNCHRONISED,AUTOMATIC,NORMAL,65,1950,1950,0,145,145,0.3,0.3,25.25973,38.94,1.028,1,0.0254,0,207.97,29.9784,0.00324,1,0.18,1.56,6.985,100,HEALTHY,F0,0,0,healthy,0,0,0,,,,,17,0
2026-08-19T15:17:35.683Z,1787152655683,FAN_DT_001_F0_S00_R02_20260819T150854,2,520.856,FAULT_ACTIVE,F0,0,FAN_DT_001,3.0,process-model-3.0.0-build3,5375,1,LIVE,SYNCHRONISED,AUTOMATIC,NORMAL,65,1950,1950,0,145,145,0.3,0.3,25.24246,38.93,1.028,1,0.0254,0,207.97,30.0375,0.00347,1,0.18,1.666,6.9987,100,HEALTHY,F0,0,0,healthy,0,0,0,,,,,17,0
2026-08-19T15:17:36.707Z,1787152656707,FAN_DT_001_F0_S00_R02_20260819T150854,2,521.881,FAULT_ACTIVE,F0,0,FAN_DT_001,3.0,process-model-3.0.0-build3,5376,1,LIVE,SYNCHRONISED,AUTOMATIC,NORMAL,65,1950,1950,0,145,145,0.3,0.3,25.22499,38.93,1.028,1,0.0254,0,207.97,30.0969,0.00369,1,0.18,1.776,7.0126,100,HEALTHY,F0,0,0,healthy,0,0,0,,,,,17,0
2026-08-19T15:17:37.733Z,1787152657733,FAN_DT_001_F0_S00_R02_20260819T150854,2,522.906,FAULT_ACTIVE,F0,0,FAN_DT_001,3.0,process-model-3.0.0-build3,5377,1,LIVE,SYNCHRONISED,AUTOMATIC,NORMAL,65,1950,1950,0,145,145,0.3,0.3,25.20744,38.93,1.028,1,0.0254,0,207.97,30.1561,0.00393,1,0.18,1.89,7.0264,100,HEALTHY,F0,0,0,healthy,0,0,0,,,,,17,0
2026-08-19T15:17:38.763Z,1787152658763,FAN_DT_001_F0_S00_R02_20260819T150854,2,523.936,FAULT_ACTIVE,F0,0,FAN_DT_001,3.0,process-model-3.0.0-build3,5378,1,LIVE,SYNCHRONISED,AUTOMATIC,NORMAL,65,1950,1950,0,145,145,0.3,0.3,25.18981,38.92,1.028,1,0.0254,0,207.97,30.2152,0.00415,1,0.18,1.993,7.0401,100,HEALTHY,F0,0,0,healthy,0,0,0,,,,,17,0
2026-08-19T15:17:39.788Z,1787152659788,FAN_DT_001_F0_S00_R02_20260819T150854,2,524.961,FAULT_ACTIVE,F0,0,FAN_DT_001,3.0,process-model-3.0.0-build3,5379,1,LIVE,SYNCHRONISED,AUTOMATIC,NORMAL,65,1950,1950,0,145,145,0.3,0.3,25.17201,38.92,1.028,1,0.0254,0,207.97,30.2746,0.00436,1,0.18,2.094,7.054,100,HEALTHY,F0,0,0,healthy,0,0,0,,,,,17,0
2026-08-19T15:17:40.818Z,1787152660818,FAN_DT_001_F0_S00_R02_20260819T150854,2,525.991,FAULT_ACTIVE,F0,0,FAN_DT_001,3.0,process-model-3.0.0-build3,5380,1,LIVE,SYNCHRONISED,AUTOMATIC,NORMAL,65,1950,1950,0,145,145,0.3,0.3,25.15419,38.91,1.028,1,0.0254,0,207.97,30.3337,0.00458,1,0.18,2.201,7.0678,100,HEALTHY,F0,0,0,healthy,0,0,0,,,,,17,0
2026-08-19T15:17:41.845Z,1787152661845,FAN_DT_001_F0_S00_R02_20260819T150854,2,527.019,FAULT_ACTIVE,F0,0,FAN_DT_001,3.0,process-model-3.0.0-build3,5381,1,LIVE,SYNCHRONISED,AUTOMATIC,NORMAL,65,1950,1950,0,145,145,0.3,0.3,25.13624,38.91,1.028,1,0.0254,0,207.97,30.3931,0.00481,1,0.18,2.315,7.0816,100,HEALTHY,F0,0,0,healthy,0,0,0,,,,,17,0
2026-08-19T15:17:42.872Z,1787152662872,FAN_DT_001_F0_S00_R02_20260819T150854,2,528.046,FAULT_ACTIVE,F0,0,FAN_DT_001,3.0,process-model-3.0.0-build3,5382,1,LIVE,SYNCHRONISED,AUTOMATIC,NORMAL,65,1950,1950,0,145,145,0.3,0.3,25.11826,38.9,1.028,1,0.0254,0,207.97,30.4522,0.00503,1,0.18,2.418,7.0954,100,HEALTHY,F0,0,0,healthy,0,0,0,,,,,17,0
2026-08-19T15:17:43.901Z,1787152663901,FAN_DT_001_F0_S00_R02_20260819T150854,2,529.075,FAULT_ACTIVE,F0,0,FAN_DT_001,3.0,process-model-3.0.0-build3,5383,1,LIVE,SYNCHRONISED,AUTOMATIC,NORMAL,65,1950,1950,0,145,145,0.3,0.3,25.10018,38.9,1.028,1,0.0254,0,207.97,30.5116,0.00524,1,0.18,2.519,7.1092,100,HEALTHY,F0,0,0,healthy,0,0,0,,,,,17,0
2026-08-19T15:17:44.922Z,1787152664922,FAN_DT_001_F0_S00_R02_20260819T150854,2,530.096,FAULT_ACTIVE,F0,0,FAN_DT_001,3.0,process-model-3.0.0-build3,5384,1,LIVE,SYNCHRONISED,AUTOMATIC,NORMAL,65,1950,1950,0,145,145,0.3,0.3,25.08208,38.89,1.028,1,0.0254,0,207.97,30.5707,0.00544,1,0.18,2.616,7.123,100,HEALTHY,F0,0,0,healthy,0,0,0,,,,,17,0
2026-08-19T15:17:45.951Z,1787152665951,FAN_DT_001_F0_S00_R02_20260819T150854,2,531.124,FAULT_ACTIVE,F0,0,FAN_DT_001,3.0,process-model-3.0.0-build3,5385,1,LIVE,SYNCHRONISED,AUTOMATIC,NORMAL,65,1950,1950,0,145,145,0.3,0.3,25.064,38.89,1.028,1,0.0254,0,207.97,30.6298,0.00565,1,0.18,2.716,7.1367,100,HEALTHY,F0,0,0,healthy,0,0,0,,,,,17,0
2026-08-19T15:17:46.976Z,1787152666976,FAN_DT_001_F0_S00_R02_20260819T150854,2,532.149,FAULT_ACTIVE,F0,0,FAN_DT_001,3.0,process-model-3.0.0-build3,5386,1,LIVE,SYNCHRONISED,AUTOMATIC,NORMAL,65,1950,1950,0,145,145,0.3,0.3,25.04578,38.88,1.028,1,0.0254,0,207.97,30.6891,0.00584,1,0.18,2.81,7.1506,100,HEALTHY,F0,0,0,healthy,0,0,0,,,,,17,0
2026-08-19T15:17:48.005Z,1787152668005,FAN_DT_001_F0_S00_R02_20260819T150854,2,533.178,FAULT_ACTIVE,F0,0,FAN_DT_001,3.0,process-model-3.0.0-build3,5387,1,LIVE,SYNCHRONISED,AUTOMATIC,NORMAL,65,1950,1950,0,145,145,0.3,0.3,25.02763,38.87,1.028,1,0.0254,0,207.97,30.7481,0.00604,1,0.18,2.904,7.1643,100,HEALTHY,F0,0,0,healthy,0,0,0,,,,,17,0
2026-08-19T15:17:49.028Z,1787152669028,FAN_DT_001_F0_S00_R02_20260819T150854,2,534.202,FAULT_ACTIVE,F0,0,FAN_DT_001,3.0,process-model-3.0.0-build3,5388,1,LIVE,SYNCHRONISED,AUTOMATIC,NORMAL,65,1950,1950,0,145,145,0.3,0.3,25.00937,38.87,1.028,1,0.0254,0,207.97,30.8075,0.00624,1,0.18,2.999,7.1781,100,HEALTHY,F0,0,0,healthy,0,0,0,,,,,17,0
2026-08-19T15:17:50.066Z,1787152670066,FAN_DT_001_F0_S00_R02_20260819T150854,2,535.239,FAULT_ACTIVE,F0,0,FAN_DT_001,3.0,process-model-3.0.0-build3,5389,1,LIVE,SYNCHRONISED,AUTOMATIC,NORMAL,65,1950,1950,0,145,145,0.3,0.3,24.99114,38.86,1.028,1,0.0254,0,207.97,30.8667,0.00643,1,0.18,3.094,7.192,100,HEALTHY,F0,0,0,healthy,0,0,0,,,,,17,0
2026-08-19T15:17:51.087Z,1787152671087,FAN_DT_001_F0_S00_R02_20260819T150854,2,536.26,FAULT_ACTIVE,F0,0,FAN_DT_001,3.0,process-model-3.0.0-build3,5390,1,LIVE,SYNCHRONISED,AUTOMATIC,NORMAL,65,1950,1950,0,145,145,0.3,0.3,24.97292,38.85,1.028,1,0.0254,0,207.97,30.926,0.00664,1,0.18,3.192,7.2057,100,HEALTHY,F0,0,0,healthy,0,0,0,,,,,17,0
2026-08-19T15:17:52.128Z,1787152672128,FAN_DT_001_F0_S00_R02_20260819T150854,2,537.301,FAULT_ACTIVE,F0,0,FAN_DT_001,3.0,process-model-3.0.0-build3,5391,1,LIVE,SYNCHRONISED,AUTOMATIC,NORMAL,65,1950,1950,0,145,145,0.3,0.3,24.95466,38.85,1.028,1,0.0254,0,207.97,30.9853,0.00681,1,0.18,3.276,7.2196,100,HEALTHY,F0,0,0,healthy,0,0,0,,,,,17,0
2026-08-19T15:17:53.141Z,1787152673141,FAN_DT_001_F0_S00_R02_20260819T150854,2,538.315,FAULT_ACTIVE,F0,0,FAN_DT_001,3.0,process-model-3.0.0-build3,5392,1,LIVE,SYNCHRONISED,AUTOMATIC,NORMAL,65,1950,1950,0,145,145,0.3,0.3,24.93646,38.84,1.028,1,0.0254,0,207.97,31.0447,0.00701,1,0.18,3.37,7.2334,100,HEALTHY,F0,0,0,healthy,0,0,0,,,,,17,0
2026-08-19T15:17:54.171Z,1787152674171,FAN_DT_001_F0_S00_R02_20260819T150854,2,539.344,FAULT_ACTIVE,F0,0,FAN_DT_001,3.0,process-model-3.0.0-build3,5393,1,LIVE,SYNCHRONISED,AUTOMATIC,NORMAL,65,1950,1950,0,145,145,0.3,0.3,24.91832,38.83,1.028,1,0.0254,0,207.97,31.1038,0.00719,1,0.18,3.459,7.2472,100,HEALTHY,F0,0,0,healthy,0,0,0,,,,,17,0
2026-08-19T15:17:55.201Z,1787152675201,FAN_DT_001_F0_S00_R02_20260819T150854,2,540.375,RECOVERY,F0,0,FAN_DT_001,3.0,process-model-3.0.0-build3,5394,1,LIVE,SYNCHRONISED,AUTOMATIC,NORMAL,65,1950,1950,0,145,145,0.3,0.3,24.90014,38.83,1.028,1,0.0254,0,207.97,31.1633,0.00736,1,0.18,3.537,7.261,100,HEALTHY,F0,0,0,healthy,0,0,0,,,,,18,0
2026-08-19T15:17:56.225Z,1787152676225,FAN_DT_001_F0_S00_R02_20260819T150854,2,541.398,RECOVERY,F0,0,FAN_DT_001,3.0,process-model-3.0.0-build3,5395,1,LIVE,SYNCHRONISED,AUTOMATIC,NORMAL,65,1950,1950,0,145,145,0.3,0.3,24.88204,38.82,1.028,1,0.0254,0,207.97,31.2226,0.00754,1,0.18,3.626,7.2749,100,HEALTHY,F0,0,0,healthy,0,0,0,,,,,18,0
2026-08-19T15:17:57.256Z,1787152677256,FAN_DT_001_F0_S00_R02_20260819T150854,2,542.43,RECOVERY,F0,0,FAN_DT_001,3.0,process-model-3.0.0-build3,5396,1,LIVE,SYNCHRONISED,AUTOMATIC,NORMAL,65,1950,1950,0,145,145,0.3,0.3,24.86407,38.81,1.028,1,0.0254,0,207.97,31.2818,0.00769,1,0.18,3.697,7.2887,100,HEALTHY,F0,0,0,healthy,0,0,0,,,,,18,0
2026-08-19T15:18:00.466Z,1787152680466,FAN_DT_001_F0_S00_R02_20260819T150854,2,545.639,RECOVERY,F0,0,FAN_DT_001,3.0,process-model-3.0.0-build3,5397,1,DELAYED,DELAYED,AUTOMATIC,NORMAL,65,1950,1950,0,145,145,0.3,0.3,24.8461,38.8,1.028,1,0.0254,0,207.97,31.3412,0.00787,1,0.18,3.786,7.3025,100,HEALTHY,F0,0,0,healthy,0,0,0,,,,,18,0
2026-08-19T15:18:00.569Z,1787152680569,FAN_DT_001_F0_S00_R02_20260819T150854,2,545.742,RECOVERY,F0,0,FAN_DT_001,3.0,process-model-3.0.0-build3,5398,1,LIVE,SYNCHRONISED,AUTOMATIC,NORMAL,65,1950,1950,0,145,145,0.3,0.3,24.82829,38.79,1.028,1,0.0254,0,207.97,31.4003,0.00803,1,0.18,3.863,7.3163,100,HEALTHY,F0,0,0,healthy,0,0,0,,,,,18,0
2026-08-19T15:18:00.667Z,1787152680667,FAN_DT_001_F0_S00_R02_20260819T150854,2,545.841,RECOVERY,F0,0,FAN_DT_001,3.0,process-model-3.0.0-build3,5399,1,LIVE,SYNCHRONISED,AUTOMATIC,NORMAL,65,1950,1950,0,145,145,0.3,0.3,24.81062,38.79,1.028,1,0.0254,0,207.97,31.4592,0.00817,1,0.18,3.927,7.33,100,HEALTHY,F0,0,0,healthy,0,0,0,,,,,18,0
2026-08-19T15:18:01.363Z,1787152681363,FAN_DT_001_F0_S00_R02_20260819T150854,2,546.537,RECOVERY,F0,0,FAN_DT_001,3.0,process-model-3.0.0-build3,5400,1,LIVE,SYNCHRONISED,AUTOMATIC,NORMAL,65,1950,1950,0,145,145,0.3,0.3,24.79282,38.78,1.028,1,0.0254,0,207.97,31.5189,0.00834,1,0.18,4.009,7.3439,100,HEALTHY,F0,0,0,healthy,0,0,0,,,,,18,0
2026-08-19T15:18:02.393Z,1787152682393,FAN_DT_001_F0_S00_R02_20260819T150854,2,547.567,RECOVERY,F0,0,FAN_DT_001,3.0,process-model-3.0.0-build3,5401,1,LIVE,SYNCHRONISED,AUTOMATIC,NORMAL,65,1950,1950,0,145,145,0.3,0.3,24.77531,38.77,1.028,1,0.0254,0,207.97,31.578,0.00847,1,0.18,4.071,7.3577,100,HEALTHY,F0,0,0,healthy,0,0,0,,,,,18,0
2026-08-19T15:18:03.421Z,1787152683421,FAN_DT_001_F0_S00_R02_20260819T150854,2,548.595,RECOVERY,F0,0,FAN_DT_001,3.0,process-model-3.0.0-build3,5402,1,LIVE,SYNCHRONISED,AUTOMATIC,NORMAL,65,1950,1950,0,145,145,0.3,0.3,24.7578,38.76,1.028,1,0.0254,0,207.97,31.6375,0.00862,1,0.18,4.145,7.3715,100,HEALTHY,F0,0,0,healthy,0,0,0,,,,,18,0
2026-08-19T15:18:04.457Z,1787152684457,FAN_DT_001_F0_S00_R02_20260819T150854,2,549.631,RECOVERY,F0,0,FAN_DT_001,3.0,process-model-3.0.0-build3,5403,1,LIVE,SYNCHRONISED,AUTOMATIC,NORMAL,65,1950,1950,0,145,145,0.3,0.3,24.74048,38.75,1.028,1,0.0254,0,207.97,31.6968,0.00877,1,0.18,4.218,7.3854,100,HEALTHY,F0,0,0,healthy,0,0,0,,,,,18,0
2026-08-19T15:18:05.477Z,1787152685477,FAN_DT_001_F0_S00_R02_20260819T150854,2,550.65,RECOVERY,F0,0,FAN_DT_001,3.0,process-model-3.0.0-build3,5404,1,LIVE,SYNCHRONISED,AUTOMATIC,NORMAL,65,1950,1950,0,145,145,0.3,0.3,24.72335,38.74,1.028,1,0.0254,0,207.97,31.7558,0.00888,1,0.18,4.271,7.3991,100,HEALTHY,F0,0,0,healthy,0,0,0,,,,,18,0
2026-08-19T15:18:06.505Z,1787152686505,FAN_DT_001_F0_S00_R02_20260819T150854,2,551.678,RECOVERY,F0,0,FAN_DT_001,3.0,process-model-3.0.0-build3,5405,1,LIVE,SYNCHRONISED,AUTOMATIC,NORMAL,65,1950,1950,0,145,145,0.3,0.3,24.70625,38.73,1.028,1,0.0254,0,207.97,31.8153,0.00903,1,0.18,4.343,7.413,100,HEALTHY,F0,0,0,healthy,0,0,0,,,,,18,0
2026-08-19T15:18:07.529Z,1787152687529,FAN_DT_001_F0_S00_R02_20260819T150854,2,552.702,RECOVERY,F0,0,FAN_DT_001,3.0,process-model-3.0.0-build3,5406,1,LIVE,SYNCHRONISED,AUTOMATIC,NORMAL,65,1950,1950,0,145,145,0.3,0.3,24.68936,38.72,1.028,1,0.0254,0,207.97,31.8746,0.00915,1,0.18,4.402,7.4268,100,HEALTHY,F0,0,0,healthy,0,0,0,,,,,18,0
2026-08-19T15:18:08.561Z,1787152688561,FAN_DT_001_F0_S00_R02_20260819T150854,2,553.734,RECOVERY,F0,0,FAN_DT_001,3.0,process-model-3.0.0-build3,5407,1,LIVE,SYNCHRONISED,AUTOMATIC,NORMAL,65,1950,1950,0,145,145,0.3,0.3,24.67267,38.71,1.028,1,0.0254,0,207.97,31.9338,0.00926,1,0.18,4.453,7.4406,100,HEALTHY,F0,0,0,healthy,0,0,0,,,,,18,0
2026-08-19T15:18:09.590Z,1787152689590,FAN_DT_001_F0_S00_R02_20260819T150854,2,554.763,RECOVERY,F0,0,FAN_DT_001,3.0,process-model-3.0.0-build3,5408,1,LIVE,SYNCHRONISED,AUTOMATIC,NORMAL,65,1950,1950,0,145,145,0.3,0.3,24.65608,38.7,1.028,1,0.0254,0,207.97,31.9932,0.00937,1,0.18,4.507,7.4544,100,HEALTHY,F0,0,0,healthy,0,0,0,,,,,18,0
2026-08-19T15:18:10.610Z,1787152690610,FAN_DT_001_F0_S00_R02_20260819T150854,2,555.784,RECOVERY,F0,0,FAN_DT_001,3.0,process-model-3.0.0-build3,5409,1,LIVE,SYNCHRONISED,AUTOMATIC,NORMAL,65,1950,1950,0,145,145,0.3,0.3,24.63973,38.69,1.028,1,0.0254,0,207.97,32.0523,0.00951,1,0.18,4.571,7.4682,100,HEALTHY,F0,0,0,healthy,0,0,0,,,,,18,0
2026-08-19T15:18:11.639Z,1787152691639,FAN_DT_001_F0_S00_R02_20260819T150854,2,556.812,RECOVERY,F0,0,FAN_DT_001,3.0,process-model-3.0.0-build3,5410,1,LIVE,SYNCHRONISED,AUTOMATIC,NORMAL,65,1950,1950,0,145,145,0.3,0.3,24.62355,38.68,1.028,1,0.0254,0,207.97,32.1115,0.00959,1,0.18,4.614,7.482,100,HEALTHY,F0,0,0,healthy,0,0,0,,,,,18,0
2026-08-19T15:18:12.672Z,1787152692672,FAN_DT_001_F0_S00_R02_20260819T150854,2,557.845,RECOVERY,F0,0,FAN_DT_001,3.0,process-model-3.0.0-build3,5411,1,LIVE,SYNCHRONISED,AUTOMATIC,NORMAL,65,1950,1950,0,145,145,0.3,0.3,24.60755,38.67,1.028,1,0.0254,0,207.97,32.1709,0.00971,1,0.18,4.67,7.4958,100,HEALTHY,F0,0,0,healthy,0,0,0,,,,,18,0
2026-08-19T15:18:13.696Z,1787152693696,FAN_DT_001_F0_S00_R02_20260819T150854,2,558.869,RECOVERY,F0,0,FAN_DT_001,3.0,process-model-3.0.0-build3,5412,1,LIVE,SYNCHRONISED,AUTOMATIC,NORMAL,65,1950,1950,0,145,145,0.3,0.3,24.59176,38.66,1.028,1,0.0254,0,207.97,32.2301,0.00981,1,0.18,4.717,7.5096,100,HEALTHY,F0,0,0,healthy,0,0,0,,,,,18,0
2026-08-19T15:18:14.721Z,1787152694721,FAN_DT_001_F0_S00_R02_20260819T150854,2,559.894,RECOVERY,F0,0,FAN_DT_001,3.0,process-model-3.0.0-build3,5413,1,LIVE,SYNCHRONISED,AUTOMATIC,NORMAL,65,1950,1950,0,145,145,0.3,0.3,24.57617,38.65,1.028,1,0.0254,0,207.97,32.2894,0.00988,1,0.18,4.752,7.5234,100,HEALTHY,F0,0,0,healthy,0,0,0,,,,,18,0
2026-08-19T15:18:15.751Z,1787152695751,FAN_DT_001_F0_S00_R02_20260819T150854,2,560.924,RECOVERY,F0,0,FAN_DT_001,3.0,process-model-3.0.0-build3,5414,1,LIVE,SYNCHRONISED,AUTOMATIC,NORMAL,65,1950,1950,0,145,145,0.3,0.3,24.56087,38.64,1.028,1,0.0254,0,207.97,32.3484,0.00999,1,0.18,4.803,7.5372,100,HEALTHY,F0,0,0,healthy,0,0,0,,,,,18,0
2026-08-19T15:18:16.780Z,1787152696780,FAN_DT_001_F0_S00_R02_20260819T150854,2,561.954,RECOVERY,F0,0,FAN_DT_001,3.0,process-model-3.0.0-build3,5415,1,LIVE,SYNCHRONISED,AUTOMATIC,NORMAL,65,1950,1950,0,145,145,0.3,0.3,24.5457,38.63,1.028,1,0.0254,0,207.97,32.4079,0.01006,1,0.18,4.838,7.551,100,HEALTHY,F0,0,0,healthy,0,0,0,,,,,18,0
2026-08-19T15:18:17.805Z,1787152697805,FAN_DT_001_F0_S00_R02_20260819T150854,2,562.978,RECOVERY,F0,0,FAN_DT_001,3.0,process-model-3.0.0-build3,5416,1,LIVE,SYNCHRONISED,AUTOMATIC,NORMAL,65,1950,1950,0,145,145,0.3,0.3,24.53078,38.62,1.028,1,0.0254,0,207.97,32.4673,0.01013,1,0.18,4.872,7.5649,100,HEALTHY,F0,0,0,healthy,0,0,0,,,,,18,0
2026-08-19T15:18:18.830Z,1787152698830,FAN_DT_001_F0_S00_R02_20260819T150854,2,564.004,RECOVERY,F0,0,FAN_DT_001,3.0,process-model-3.0.0-build3,5417,1,LIVE,SYNCHRONISED,AUTOMATIC,NORMAL,65,1950,1950,0,145,145,0.3,0.3,24.51619,38.61,1.028,1,0.0254,0,207.97,32.5263,0.0102,1,0.18,4.905,7.5786,100,HEALTHY,F0,0,0,healthy,0,0,0,,,,,18,0
2026-08-19T15:18:19.863Z,1787152699863,FAN_DT_001_F0_S00_R02_20260819T150854,2,565.036,RECOVERY,F0,0,FAN_DT_001,3.0,process-model-3.0.0-build3,5418,1,LIVE,SYNCHRONISED,AUTOMATIC,NORMAL,65,1950,1950,0,145,145,0.3,0.3,24.50181,38.6,1.028,1,0.0254,0,207.97,32.5855,0.01026,1,0.18,4.934,7.5924,100,HEALTHY,F0,0,0,healthy,0,0,0,,,,,18,0
2026-08-19T15:18:20.885Z,1787152700885,FAN_DT_001_F0_S00_R02_20260819T150854,2,566.058,RECOVERY,F0,0,FAN_DT_001,3.0,process-model-3.0.0-build3,5419,1,LIVE,SYNCHRONISED,AUTOMATIC,NORMAL,65,1950,1950,0,145,145,0.3,0.3,24.48766,38.59,1.028,1,0.0254,0,207.97,32.6448,0.01032,1,0.18,4.964,7.6062,100,HEALTHY,F0,0,0,healthy,0,0,0,,,,,18,0
2026-08-19T15:18:21.912Z,1787152701912,FAN_DT_001_F0_S00_R02_20260819T150854,2,567.085,RECOVERY,F0,0,FAN_DT_001,3.0,process-model-3.0.0-build3,5420,1,LIVE,SYNCHRONISED,AUTOMATIC,NORMAL,65,1950,1950,0,145,145,0.3,0.3,24.47377,38.58,1.028,1,0.0254,0,207.97,32.7041,0.01038,1,0.18,4.991,7.6201,100,HEALTHY,F0,0,0,healthy,0,0,0,,,,,18,0
2026-08-19T15:18:22.946Z,1787152702946,FAN_DT_001_F0_S00_R02_20260819T150854,2,568.119,RECOVERY,F0,0,FAN_DT_001,3.0,process-model-3.0.0-build3,5421,1,LIVE,SYNCHRONISED,AUTOMATIC,NORMAL,65,1950,1950,0,145,145,0.3,0.3,24.46021,38.57,1.028,1,0.0254,0,207.97,32.7632,0.01043,1,0.18,5.013,7.6338,100,HEALTHY,F0,0,0,healthy,0,0,0,,,,,18,0
2026-08-19T15:18:23.971Z,1787152703971,FAN_DT_001_F0_S00_R02_20260819T150854,2,569.144,RECOVERY,F0,0,FAN_DT_001,3.0,process-model-3.0.0-build3,5422,1,LIVE,SYNCHRONISED,AUTOMATIC,NORMAL,65,1950,1950,0,145,145,0.3,0.3,24.44683,38.56,1.028,1,0.0254,0,207.97,32.8227,0.01047,1,0.18,5.037,7.6477,100,HEALTHY,F0,0,0,healthy,0,0,0,,,,,18,0
2026-08-19T15:18:24.998Z,1787152704998,FAN_DT_001_F0_S00_R02_20260819T150854,2,570.172,RECOVERY,F0,0,FAN_DT_001,3.0,process-model-3.0.0-build3,5423,1,LIVE,SYNCHRONISED,AUTOMATIC,NORMAL,65,1950,1950,0,145,145,0.3,0.3,24.43379,38.55,1.028,1,0.0254,0,207.97,32.882,0.01049,1,0.18,5.044,7.6615,100,HEALTHY,F0,0,0,healthy,0,0,0,,,,,18,0
2026-08-19T15:18:26.027Z,1787152706027,FAN_DT_001_F0_S00_R02_20260819T150854,2,571.2,RECOVERY,F0,0,FAN_DT_001,3.0,process-model-3.0.0-build3,5424,1,LIVE,SYNCHRONISED,AUTOMATIC,NORMAL,65,1950,1950,0,145,145,0.3,0.3,24.42112,38.54,1.028,1,0.0254,0,207.97,32.941,0.01053,1,0.18,5.065,7.6753,100,HEALTHY,F0,0,0,healthy,0,0,0,,,,,18,0
2026-08-19T15:18:27.051Z,1787152707051,FAN_DT_001_F0_S00_R02_20260819T150854,2,572.224,RECOVERY,F0,0,FAN_DT_001,3.0,process-model-3.0.0-build3,5425,1,LIVE,SYNCHRONISED,AUTOMATIC,NORMAL,65,1950,1950,0,145,145,0.3,0.3,24.40866,38.53,1.028,1,0.0254,0,207.97,33.0004,0.01057,1,0.18,5.081,7.6891,100,HEALTHY,F0,0,0,healthy,0,0,0,,,,,18,0
2026-08-19T15:18:28.077Z,1787152708077,FAN_DT_001_F0_S00_R02_20260819T150854,2,573.25,RECOVERY,F0,0,FAN_DT_001,3.0,process-model-3.0.0-build3,5426,1,LIVE,SYNCHRONISED,AUTOMATIC,NORMAL,65,1950,1950,0,145,145,0.3,0.3,24.39655,38.52,1.028,1,0.0254,0,207.97,33.0596,0.01058,1,0.18,5.086,7.7029,100,HEALTHY,F0,0,0,healthy,0,0,0,,,,,18,0
2026-08-19T15:18:29.106Z,1787152709106,FAN_DT_001_F0_S00_R02_20260819T150854,2,574.279,RECOVERY,F0,0,FAN_DT_001,3.0,process-model-3.0.0-build3,5427,1,LIVE,SYNCHRONISED,AUTOMATIC,NORMAL,65,1950,1950,0,145,145,0.3,0.3,24.38476,38.51,1.028,1,0.0254,0,207.97,33.1187,0.0106,1,0.18,5.098,7.7166,100,HEALTHY,F0,0,0,healthy,0,0,0,,,,,18,0
2026-08-19T15:18:30.130Z,1787152710130,FAN_DT_001_F0_S00_R02_20260819T150854,2,575.303,RECOVERY,F0,0,FAN_DT_001,3.0,process-model-3.0.0-build3,5428,1,LIVE,SYNCHRONISED,AUTOMATIC,NORMAL,65,1950,1950,0,145,145,0.3,0.3,24.37324,38.49,1.028,1,0.0254,0,207.97,33.178,0.0106,1,0.18,5.098,7.7305,100,HEALTHY,F0,0,0,healthy,0,0,0,,,,,18,0
2026-08-19T15:18:31.161Z,1787152711161,FAN_DT_001_F0_S00_R02_20260819T150854,2,576.334,RECOVERY,F0,0,FAN_DT_001,3.0,process-model-3.0.0-build3,5429,1,LIVE,SYNCHRONISED,AUTOMATIC,NORMAL,65,1950,1950,0,145,145,0.3,0.3,24.36208,38.48,1.028,1,0.0254,0,207.97,33.2373,0.01061,1,0.18,5.1,7.7443,100,HEALTHY,F0,0,0,healthy,0,0,0,,,,,18,0
2026-08-19T15:18:32.193Z,1787152712193,FAN_DT_001_F0_S00_R02_20260819T150854,2,577.366,RECOVERY,F0,0,FAN_DT_001,3.0,process-model-3.0.0-build3,5430,1,LIVE,SYNCHRONISED,AUTOMATIC,NORMAL,65,1950,1950,0,145,145,0.3,0.3,24.35123,38.47,1.028,1,0.0254,0,207.97,33.2966,0.0106,1,0.18,5.098,7.7581,100,HEALTHY,F0,0,0,healthy,0,0,0,,,,,18,0
2026-08-19T15:18:33.215Z,1787152713215,FAN_DT_001_F0_S00_R02_20260819T150854,2,578.388,RECOVERY,F0,0,FAN_DT_001,3.0,process-model-3.0.0-build3,5431,1,LIVE,SYNCHRONISED,AUTOMATIC,NORMAL,65,1950,1950,0,145,145,0.3,0.3,24.34071,38.46,1.028,1,0.0254,0,207.97,33.356,0.0106,1,0.18,5.098,7.7719,100,HEALTHY,F0,0,0,healthy,0,0,0,,,,,18,0
2026-08-19T15:18:34.245Z,1787152714245,FAN_DT_001_F0_S00_R02_20260819T150854,2,579.418,RECOVERY,F0,0,FAN_DT_001,3.0,process-model-3.0.0-build3,5432,1,LIVE,SYNCHRONISED,AUTOMATIC,NORMAL,65,1950,1950,0,145,145,0.3,0.3,24.33056,38.45,1.028,1,0.0254,0,207.97,33.4152,0.01061,1,0.18,5.1,7.7857,100,HEALTHY,F0,0,0,healthy,0,0,0,,,,,18,0
2026-08-19T15:18:35.275Z,1787152715275,FAN_DT_001_F0_S00_R02_20260819T150854,2,580.448,RECOVERY,F0,0,FAN_DT_001,3.0,process-model-3.0.0-build3,5433,1,LIVE,SYNCHRONISED,AUTOMATIC,NORMAL,65,1950,1950,0,145,145,0.3,0.3,24.32075,38.44,1.028,1,0.0254,0,207.97,33.4744,0.01057,1,0.18,5.081,7.7995,100,HEALTHY,F0,0,0,healthy,0,0,0,,,,,18,0
2026-08-19T15:18:36.299Z,1787152716299,FAN_DT_001_F0_S00_R02_20260819T150854,2,581.472,RECOVERY,F0,0,FAN_DT_001,3.0,process-model-3.0.0-build3,5434,1,LIVE,SYNCHRONISED,AUTOMATIC,NORMAL,65,1950,1950,0,145,145,0.3,0.3,24.31129,38.43,1.028,1,0.0254,0,207.97,33.5337,0.01057,1,0.18,5.081,7.8134,100,HEALTHY,F0,0,0,healthy,0,0,0,,,,,18,0
2026-08-19T15:18:37.328Z,1787152717328,FAN_DT_001_F0_S00_R02_20260819T150854,2,582.501,RECOVERY,F0,0,FAN_DT_001,3.0,process-model-3.0.0-build3,5435,1,LIVE,SYNCHRONISED,AUTOMATIC,NORMAL,65,1950,1950,0,145,145,0.3,0.3,24.30221,38.42,1.028,1,0.0254,0,207.97,33.5929,0.01052,1,0.18,5.058,7.8271,100,HEALTHY,F0,0,0,healthy,0,0,0,,,,,18,0
2026-08-19T15:18:38.358Z,1787152718358,FAN_DT_001_F0_S00_R02_20260819T150854,2,583.531,RECOVERY,F0,0,FAN_DT_001,3.0,process-model-3.0.0-build3,5436,1,LIVE,SYNCHRONISED,AUTOMATIC,NORMAL,65,1950,1950,0,145,145,0.3,0.3,24.29346,38.41,1.028,1,0.0254,0,207.97,33.6522,0.0105,1,0.18,5.048,7.841,100,HEALTHY,F0,0,0,healthy,0,0,0,,,,,18,0
2026-08-19T15:18:39.378Z,1787152719378,FAN_DT_001_F0_S00_R02_20260819T150854,2,584.551,RECOVERY,F0,0,FAN_DT_001,3.0,process-model-3.0.0-build3,5437,1,LIVE,SYNCHRONISED,AUTOMATIC,NORMAL,65,1950,1950,0,145,145,0.3,0.3,24.2851,38.4,1.028,1,0.0254,0,207.97,33.7114,0.01044,1,0.18,5.02,7.8547,100,HEALTHY,F0,0,0,healthy,0,0,0,,,,,18,0
2026-08-19T15:18:40.407Z,1787152720407,FAN_DT_001_F0_S00_R02_20260819T150854,2,585.58,RECOVERY,F0,0,FAN_DT_001,3.0,process-model-3.0.0-build3,5438,1,LIVE,SYNCHRONISED,AUTOMATIC,NORMAL,65,1950,1950,0,145,145,0.3,0.3,24.27713,38.39,1.028,1,0.0254,0,207.97,33.7705,0.0104,1,0.18,4.999,7.8685,100,HEALTHY,F0,0,0,healthy,0,0,0,,,,,18,0
2026-08-19T15:18:41.432Z,1787152721432,FAN_DT_001_F0_S00_R02_20260819T150854,2,586.605,RECOVERY,F0,0,FAN_DT_001,3.0,process-model-3.0.0-build3,5439,1,LIVE,SYNCHRONISED,AUTOMATIC,NORMAL,65,1950,1950,0,145,145,0.3,0.3,24.26951,38.38,1.028,1,0.0254,0,207.97,33.8297,0.01035,1,0.18,4.979,7.8823,100,HEALTHY,F0,0,0,healthy,0,0,0,,,,,18,0
2026-08-19T15:18:42.457Z,1787152722457,FAN_DT_001_F0_S00_R02_20260819T150854,2,587.63,RECOVERY,F0,0,FAN_DT_001,3.0,process-model-3.0.0-build3,5440,1,LIVE,SYNCHRONISED,AUTOMATIC,NORMAL,65,1950,1950,0,145,145,0.3,0.3,24.26226,38.36,1.028,1,0.0254,0,207.97,33.889,0.0103,1,0.18,4.954,7.8961,100,HEALTHY,F0,0,0,healthy,0,0,0,,,,,18,0
2026-08-19T15:18:43.486Z,1787152723486,FAN_DT_001_F0_S00_R02_20260819T150854,2,588.659,RECOVERY,F0,0,FAN_DT_001,3.0,process-model-3.0.0-build3,5441,1,LIVE,SYNCHRONISED,AUTOMATIC,NORMAL,65,1950,1950,0,145,145,0.3,0.3,24.2554,38.35,1.028,1,0.0254,0,207.97,33.9482,0.01023,1,0.18,4.919,7.9099,100,HEALTHY,F0,0,0,healthy,0,0,0,,,,,18,0
2026-08-19T15:18:44.516Z,1787152724516,FAN_DT_001_F0_S00_R02_20260819T150854,2,589.689,RECOVERY,F0,0,FAN_DT_001,3.0,process-model-3.0.0-build3,5442,1,LIVE,SYNCHRONISED,AUTOMATIC,NORMAL,65,1950,1950,0,145,145,0.3,0.3,24.24893,38.34,1.028,1,0.0254,0,207.97,34.0075,0.01018,1,0.18,4.896,7.9237,100,HEALTHY,F0,0,0,healthy,0,0,0,,,,,18,0
2026-08-19T15:18:45.540Z,1787152725540,FAN_DT_001_F0_S00_R02_20260819T150854,2,590.713,RECOVERY,F0,0,FAN_DT_001,3.0,process-model-3.0.0-build3,5443,1,LIVE,SYNCHRONISED,AUTOMATIC,NORMAL,65,1950,1950,0,145,145,0.3,0.3,24.24284,38.33,1.028,1,0.0254,0,207.97,34.0667,0.01011,1,0.18,4.862,7.9376,100,HEALTHY,F0,0,0,healthy,0,0,0,,,,,18,0
2026-08-19T15:18:46.569Z,1787152726569,FAN_DT_001_F0_S00_R02_20260819T150854,2,591.742,RECOVERY,F0,0,FAN_DT_001,3.0,process-model-3.0.0-build3,5444,1,LIVE,SYNCHRONISED,AUTOMATIC,NORMAL,65,1950,1950,0,145,145,0.3,0.3,24.23716,38.32,1.028,1,0.0254,0,207.97,34.1259,0.01003,1,0.18,4.822,7.9513,100,HEALTHY,F0,0,0,healthy,0,0,0,,,,,18,0
2026-08-19T15:18:47.597Z,1787152727597,FAN_DT_001_F0_S00_R02_20260819T150854,2,592.77,RECOVERY,F0,0,FAN_DT_001,3.0,process-model-3.0.0-build3,5445,1,LIVE,SYNCHRONISED,AUTOMATIC,NORMAL,65,1950,1950,0,145,145,0.3,0.3,24.23186,38.31,1.028,1,0.0254,0,207.97,34.1852,0.00995,1,0.18,4.784,7.9652,100,HEALTHY,F0,0,0,healthy,0,0,0,,,,,18,0
2026-08-19T15:18:48.622Z,1787152728622,FAN_DT_001_F0_S00_R02_20260819T150854,2,593.795,RECOVERY,F0,0,FAN_DT_001,3.0,process-model-3.0.0-build3,5446,1,LIVE,SYNCHRONISED,AUTOMATIC,NORMAL,65,1950,1950,0,145,145,0.3,0.3,24.22696,38.3,1.028,1,0.0254,0,207.97,34.2446,0.00985,1,0.18,4.735,7.979,100,HEALTHY,F0,0,0,healthy,0,0,0,,,,,18,0
2026-08-19T15:18:49.653Z,1787152729653,FAN_DT_001_F0_S00_R02_20260819T150854,2,594.826,RECOVERY,F0,0,FAN_DT_001,3.0,process-model-3.0.0-build3,5447,1,LIVE,SYNCHRONISED,AUTOMATIC,NORMAL,65,1950,1950,0,145,145,0.3,0.3,24.22248,38.29,1.028,1,0.0254,0,207.97,34.3037,0.00975,1,0.18,4.691,7.9928,100,HEALTHY,F0,0,0,healthy,0,0,0,,,,,18,0
2026-08-19T15:18:50.680Z,1787152730680,FAN_DT_001_F0_S00_R02_20260819T150854,2,595.853,RECOVERY,F0,0,FAN_DT_001,3.0,process-model-3.0.0-build3,5448,1,LIVE,SYNCHRONISED,AUTOMATIC,NORMAL,65,1950,1950,0,145,145,0.3,0.3,24.21838,38.28,1.028,1,0.0254,0,207.97,34.363,0.00966,1,0.18,4.644,8.0066,100,HEALTHY,F0,0,0,healthy,0,0,0,,,,,18,0
2026-08-19T15:18:51.719Z,1787152731719,FAN_DT_001_F0_S00_R02_20260819T150854,2,596.892,RECOVERY,F0,0,FAN_DT_001,3.0,process-model-3.0.0-build3,5449,1,LIVE,SYNCHRONISED,AUTOMATIC,NORMAL,65,1950,1950,0,145,145,0.3,0.3,24.21469,38.27,1.028,1,0.0254,0,207.97,34.4224,0.00955,1,0.18,4.593,8.0204,100,HEALTHY,F0,0,0,healthy,0,0,0,,,,,18,0
2026-08-19T15:18:52.738Z,1787152732738,FAN_DT_001_F0_S00_R02_20260819T150854,2,597.912,RECOVERY,F0,0,FAN_DT_001,3.0,process-model-3.0.0-build3,5450,1,LIVE,SYNCHRONISED,AUTOMATIC,NORMAL,65,1950,1950,0,145,145,0.3,0.3,24.21141,38.26,1.028,1,0.0254,0,207.97,34.4817,0.00945,1,0.18,4.544,8.0342,100,HEALTHY,F0,0,0,healthy,0,0,0,,,,,18,0
2026-08-19T15:18:53.768Z,1787152733768,FAN_DT_001_F0_S00_R02_20260819T150854,2,598.941,RECOVERY,F0,0,FAN_DT_001,3.0,process-model-3.0.0-build3,5451,1,LIVE,SYNCHRONISED,AUTOMATIC,NORMAL,65,1950,1950,0,145,145,0.3,0.3,24.20854,38.25,1.028,1,0.0254,0,207.97,34.5411,0.00936,1,0.18,4.498,8.0481,100,HEALTHY,F0,0,0,healthy,0,0,0,,,,,18,0
2026-08-19T15:18:54.792Z,1787152734792,FAN_DT_001_F0_S00_R02_20260819T150854,2,599.965,RECOVERY,F0,0,FAN_DT_001,3.0,process-model-3.0.0-build3,5452,1,LIVE,SYNCHRONISED,AUTOMATIC,NORMAL,65,1950,1950,0,145,145,0.3,0.3,24.20609,38.24,1.028,1,0.0254,0,207.97,34.6004,0.00922,1,0.18,4.431,8.0619,100,HEALTHY,F0,0,0,healthy,0,0,0,,,,,18,0
