ts_iso,ts_ms,run_id,replicate,experiment_elapsed_s,experiment_phase,selected_fault_code,selected_fault_severity,asset_id,schema_version,model_version,sequence_id,sequence_gap,stream_status,synchronisation_status,control_mode,operating_mode,speed_command_pct,target_rpm,actual_rpm,speed_error_rpm,process_heat_load_w,effective_process_heat_load_w,mechanical_load,effective_mechanical_load,ambient_temperature_c,temperature_c,current_a,current_multiplier,vibration_g,vibration_offset_g,power_w,energy_wh,cooling_rate_c_per_s,cooling_efficiency,thermal_resistance_c_per_w,legacy_thermal_eff_index,co2_g,health_overall,health_status,embedded_fault_code,embedded_fault_class_id,embedded_fault_binary_label,embedded_fault_label,embedded_fault_severity,embedded_fault_active,anomaly,ai_fault_code,ai_fault_label,ai_confidence,ai_severity,accepted_commands,rejected_commands
2026-08-19T15:32:43.369Z,1787153563369,FAN_DT_001_F1_S06_R01_20260819T153243,1,0.166,BASELINE,F1,0.6,FAN_DT_001,3.0,process-model-3.0.0-build3,6255,1,LIVE,SYNCHRONISED,AUTOMATIC,NORMAL,65,1950,1950,0,145,145,0.3,0.3,24.33543,38.46,1.028,1,0.0254,0,207.97,46.94,0.01061,1,0.18,5.1,10.937,100,HEALTHY,F0,0,0,healthy,0,0,0,,,,,23,0
2026-08-19T15:32:44.403Z,1787153564403,FAN_DT_001_F1_S06_R01_20260819T153243,1,1.2,BASELINE,F1,0.6,FAN_DT_001,3.0,process-model-3.0.0-build3,6256,1,LIVE,SYNCHRONISED,AUTOMATIC,NORMAL,65,1950,1950,0,145,145,0.3,0.3,24.32539,38.45,1.028,1,0.0254,0,207.97,0.0596,0.01057,1,0.18,5.084,0.0139,100,HEALTHY,F0,0,0,healthy,0,0,0,,,,,24,0
2026-08-19T15:32:45.429Z,1787153565429,FAN_DT_001_F1_S06_R01_20260819T153243,1,2.226,BASELINE,F1,0.6,FAN_DT_001,3.0,process-model-3.0.0-build3,6257,1,LIVE,SYNCHRONISED,AUTOMATIC,NORMAL,65,1950,1950,0,145,145,0.3,0.3,24.31573,38.43,1.028,1,0.0254,0,207.97,0.1191,0.01057,1,0.18,5.081,0.0277,100,HEALTHY,F0,0,0,healthy,0,0,0,,,,,24,0
2026-08-19T15:32:46.457Z,1787153566457,FAN_DT_001_F1_S06_R01_20260819T153243,1,3.254,BASELINE,F1,0.6,FAN_DT_001,3.0,process-model-3.0.0-build3,6258,1,LIVE,SYNCHRONISED,AUTOMATIC,NORMAL,65,1950,1950,0,145,145,0.3,0.3,24.3065,38.42,1.028,1,0.0254,0,207.97,0.1781,0.01055,1,0.18,5.072,0.0415,100,HEALTHY,F0,0,0,healthy,0,0,0,,,,,24,0
2026-08-19T15:32:47.486Z,1787153567486,FAN_DT_001_F1_S06_R01_20260819T153243,1,4.283,BASELINE,F1,0.6,FAN_DT_001,3.0,process-model-3.0.0-build3,6259,1,LIVE,SYNCHRONISED,AUTOMATIC,NORMAL,65,1950,1950,0,145,145,0.3,0.3,24.29756,38.41,1.028,1,0.0254,0,207.97,0.2375,0.01051,1,0.18,5.052,0.0553,100,HEALTHY,F0,0,0,healthy,0,0,0,,,,,24,0
2026-08-19T15:32:48.516Z,1787153568516,FAN_DT_001_F1_S06_R01_20260819T153243,1,5.313,BASELINE,F1,0.6,FAN_DT_001,3.0,process-model-3.0.0-build3,6260,1,LIVE,SYNCHRONISED,AUTOMATIC,NORMAL,65,1950,1950,0,145,145,0.3,0.3,24.28899,38.4,1.028,1,0.0254,0,207.97,0.297,0.01046,1,0.18,5.031,0.0692,100,HEALTHY,F0,0,0,healthy,0,0,0,,,,,24,0
2026-08-19T15:32:49.546Z,1787153569546,FAN_DT_001_F1_S06_R01_20260819T153243,1,6.343,BASELINE,F1,0.6,FAN_DT_001,3.0,process-model-3.0.0-build3,6261,1,LIVE,SYNCHRONISED,AUTOMATIC,NORMAL,65,1950,1950,0,145,145,0.3,0.3,24.28082,38.39,1.028,1,0.0254,0,207.97,0.3562,0.01042,1,0.18,5.012,0.083,100,HEALTHY,F0,0,0,healthy,0,0,0,,,,,24,0
2026-08-19T15:32:50.571Z,1787153570571,FAN_DT_001_F1_S06_R01_20260819T153243,1,7.369,BASELINE,F1,0.6,FAN_DT_001,3.0,process-model-3.0.0-build3,6262,1,LIVE,SYNCHRONISED,AUTOMATIC,NORMAL,65,1950,1950,0,145,145,0.3,0.3,24.273,38.38,1.028,1,0.0254,0,207.97,0.4156,0.01038,1,0.18,4.991,0.0968,100,HEALTHY,F0,0,0,healthy,0,0,0,,,,,24,0
2026-08-19T15:32:51.600Z,1787153571600,FAN_DT_001_F1_S06_R01_20260819T153243,1,8.397,BASELINE,F1,0.6,FAN_DT_001,3.0,process-model-3.0.0-build3,6263,1,LIVE,SYNCHRONISED,AUTOMATIC,NORMAL,65,1950,1950,0,145,145,0.3,0.3,24.2656,38.37,1.028,1,0.0254,0,207.97,0.4747,0.01033,1,0.18,4.967,0.1106,100,HEALTHY,F0,0,0,healthy,0,0,0,,,,,24,0
2026-08-19T15:32:52.626Z,1787153572626,FAN_DT_001_F1_S06_R01_20260819T153243,1,9.423,BASELINE,F1,0.6,FAN_DT_001,3.0,process-model-3.0.0-build3,6264,1,LIVE,SYNCHRONISED,AUTOMATIC,NORMAL,65,1950,1950,0,145,145,0.3,0.3,24.25855,38.36,1.028,1,0.0254,0,207.97,0.5341,0.01026,1,0.18,4.935,0.1244,100,HEALTHY,F0,0,0,healthy,0,0,0,,,,,24,0
2026-08-19T15:32:53.657Z,1787153573657,FAN_DT_001_F1_S06_R01_20260819T153243,1,10.454,BASELINE,F1,0.6,FAN_DT_001,3.0,process-model-3.0.0-build3,6265,1,LIVE,SYNCHRONISED,AUTOMATIC,NORMAL,65,1950,1950,0,145,145,0.3,0.3,24.2519,38.35,1.028,1,0.0254,0,207.97,0.5933,0.0102,1,0.18,4.905,0.1382,100,HEALTHY,F0,0,0,healthy,0,0,0,,,,,24,0
2026-08-19T15:32:54.683Z,1787153574683,FAN_DT_001_F1_S06_R01_20260819T153243,1,11.48,BASELINE,F1,0.6,FAN_DT_001,3.0,process-model-3.0.0-build3,6266,1,LIVE,SYNCHRONISED,AUTOMATIC,NORMAL,65,1950,1950,0,145,145,0.3,0.3,24.24562,38.34,1.028,1,0.0254,0,207.97,0.6527,0.01014,1,0.18,4.877,0.1521,100,HEALTHY,F0,0,0,healthy,0,0,0,,,,,24,0
2026-08-19T15:32:55.715Z,1787153575715,FAN_DT_001_F1_S06_R01_20260819T153243,1,12.512,BASELINE,F1,0.6,FAN_DT_001,3.0,process-model-3.0.0-build3,6267,1,LIVE,SYNCHRONISED,AUTOMATIC,NORMAL,65,1950,1950,0,145,145,0.3,0.3,24.23974,38.33,1.028,1,0.0254,0,207.97,0.7121,0.01006,1,0.18,4.836,0.1659,100,HEALTHY,F0,0,0,healthy,0,0,0,,,,,24,0
2026-08-19T15:32:56.742Z,1787153576742,FAN_DT_001_F1_S06_R01_20260819T153243,1,13.539,BASELINE,F1,0.6,FAN_DT_001,3.0,process-model-3.0.0-build3,6268,1,LIVE,SYNCHRONISED,AUTOMATIC,NORMAL,65,1950,1950,0,145,145,0.3,0.3,24.23426,38.32,1.028,1,0.0254,0,207.97,0.7712,0.00998,1,0.18,4.801,0.1797,100,HEALTHY,F0,0,0,healthy,0,0,0,,,,,24,0
2026-08-19T15:32:57.767Z,1787153577767,FAN_DT_001_F1_S06_R01_20260819T153243,1,14.564,BASELINE,F1,0.6,FAN_DT_001,3.0,process-model-3.0.0-build3,6269,1,LIVE,SYNCHRONISED,AUTOMATIC,NORMAL,65,1950,1950,0,145,145,0.3,0.3,24.22917,38.31,1.028,1,0.0254,0,207.97,0.8307,0.00988,1,0.18,4.752,0.1935,100,HEALTHY,F0,0,0,healthy,0,0,0,,,,,24,0
2026-08-19T15:32:58.793Z,1787153578793,FAN_DT_001_F1_S06_R01_20260819T153243,1,15.59,BASELINE,F1,0.6,FAN_DT_001,3.0,process-model-3.0.0-build3,6270,1,LIVE,SYNCHRONISED,AUTOMATIC,NORMAL,65,1950,1950,0,145,145,0.3,0.3,24.2245,38.3,1.028,1,0.0254,0,207.97,0.8897,0.0098,1,0.18,4.713,0.2073,100,HEALTHY,F0,0,0,healthy,0,0,0,,,,,24,0
2026-08-19T15:32:59.818Z,1787153579818,FAN_DT_001_F1_S06_R01_20260819T153243,1,16.615,BASELINE,F1,0.6,FAN_DT_001,3.0,process-model-3.0.0-build3,6271,1,LIVE,SYNCHRONISED,AUTOMATIC,NORMAL,65,1950,1950,0,145,145,0.3,0.3,24.22023,38.29,1.028,1,0.0254,0,207.97,0.949,0.00971,1,0.18,4.667,0.2211,100,HEALTHY,F0,0,0,healthy,0,0,0,,,,,24,0
2026-08-19T15:33:00.849Z,1787153580849,FAN_DT_001_F1_S06_R01_20260819T153243,1,17.646,BASELINE,F1,0.6,FAN_DT_001,3.0,process-model-3.0.0-build3,6272,1,LIVE,SYNCHRONISED,AUTOMATIC,NORMAL,65,1950,1950,0,145,145,0.3,0.3,24.21636,38.28,1.028,1,0.0254,0,207.97,1.0081,0.00962,1,0.18,4.627,0.2349,100,HEALTHY,F0,0,0,healthy,0,0,0,,,,,24,0
2026-08-19T15:33:01.881Z,1787153581881,FAN_DT_001_F1_S06_R01_20260819T153243,1,18.679,BASELINE,F1,0.6,FAN_DT_001,3.0,process-model-3.0.0-build3,6273,1,LIVE,SYNCHRONISED,AUTOMATIC,NORMAL,65,1950,1950,0,145,145,0.3,0.3,24.21288,38.27,1.028,1,0.0254,0,207.97,1.0676,0.00951,1,0.18,4.571,0.2488,100,HEALTHY,F0,0,0,healthy,0,0,0,,,,,24,0
2026-08-19T15:33:02.907Z,1787153582907,FAN_DT_001_F1_S06_R01_20260819T153243,1,19.704,BASELINE,F1,0.6,FAN_DT_001,3.0,process-model-3.0.0-build3,6274,1,LIVE,SYNCHRONISED,AUTOMATIC,NORMAL,65,1950,1950,0,145,145,0.3,0.3,24.20982,38.26,1.028,1,0.0254,0,207.97,1.1272,0.00939,1,0.18,4.516,0.2626,100,HEALTHY,F0,0,0,healthy,0,0,0,,,,,24,0
2026-08-19T15:33:03.946Z,1787153583946,FAN_DT_001_F1_S06_R01_20260819T153243,1,20.743,BASELINE,F1,0.6,FAN_DT_001,3.0,process-model-3.0.0-build3,6275,1,LIVE,SYNCHRONISED,AUTOMATIC,NORMAL,65,1950,1950,0,145,145,0.3,0.3,24.20718,38.25,1.028,1,0.0254,0,207.97,1.1863,0.00927,1,0.18,4.457,0.2764,100,HEALTHY,F0,0,0,healthy,0,0,0,,,,,24,0
2026-08-19T15:33:04.962Z,1787153584962,FAN_DT_001_F1_S06_R01_20260819T153243,1,21.759,BASELINE,F1,0.6,FAN_DT_001,3.0,process-model-3.0.0-build3,6276,1,LIVE,SYNCHRONISED,AUTOMATIC,NORMAL,65,1950,1950,0,145,145,0.3,0.3,24.20494,38.24,1.028,1,0.0254,0,207.97,1.2457,0.00915,1,0.18,4.402,0.2902,100,HEALTHY,F0,0,0,healthy,0,0,0,,,,,24,0
2026-08-19T15:33:05.993Z,1787153585993,FAN_DT_001_F1_S06_R01_20260819T153243,1,22.79,BASELINE,F1,0.6,FAN_DT_001,3.0,process-model-3.0.0-build3,6277,1,LIVE,SYNCHRONISED,AUTOMATIC,NORMAL,65,1950,1950,0,145,145,0.3,0.3,24.20313,38.23,1.028,1,0.0254,0,207.97,1.3048,0.00903,1,0.18,4.341,0.304,100,HEALTHY,F0,0,0,healthy,0,0,0,,,,,24,0
2026-08-19T15:33:07.019Z,1787153587019,FAN_DT_001_F1_S06_R01_20260819T153243,1,23.816,BASELINE,F1,0.6,FAN_DT_001,3.0,process-model-3.0.0-build3,6278,1,LIVE,SYNCHRONISED,AUTOMATIC,NORMAL,65,1950,1950,0,145,145,0.3,0.3,24.20172,38.22,1.028,1,0.0254,0,207.97,1.3643,0.0089,1,0.18,4.28,0.3179,100,HEALTHY,F0,0,0,healthy,0,0,0,,,,,24,0
2026-08-19T15:33:08.046Z,1787153588046,FAN_DT_001_F1_S06_R01_20260819T153243,1,24.843,BASELINE,F1,0.6,FAN_DT_001,3.0,process-model-3.0.0-build3,6279,1,LIVE,SYNCHRONISED,AUTOMATIC,NORMAL,65,1950,1950,0,145,145,0.3,0.3,24.20073,38.21,1.028,1,0.0254,0,207.97,1.4235,0.00878,1,0.18,4.224,0.3317,100,HEALTHY,F0,0,0,healthy,0,0,0,,,,,24,0
2026-08-19T15:33:09.079Z,1787153589079,FAN_DT_001_F1_S06_R01_20260819T153243,1,25.876,BASELINE,F1,0.6,FAN_DT_001,3.0,process-model-3.0.0-build3,6280,1,LIVE,SYNCHRONISED,AUTOMATIC,NORMAL,65,1950,1950,0,145,145,0.3,0.3,24.20016,38.2,1.028,1,0.0254,0,207.97,1.4827,0.00862,1,0.18,4.145,0.3455,100,HEALTHY,F0,0,0,healthy,0,0,0,,,,,24,0
2026-08-19T15:33:10.102Z,1787153590102,FAN_DT_001_F1_S06_R01_20260819T153243,1,26.899,BASELINE,F1,0.6,FAN_DT_001,3.0,process-model-3.0.0-build3,6281,1,LIVE,SYNCHRONISED,AUTOMATIC,NORMAL,65,1950,1950,0,145,145,0.3,0.3,24.2,38.19,1.028,1,0.0254,0,207.97,1.5422,0.00848,1,0.18,4.08,0.3593,100,HEALTHY,F0,0,0,healthy,0,0,0,,,,,24,0
2026-08-19T15:33:11.168Z,1787153591168,FAN_DT_001_F1_S06_R01_20260819T153243,1,27.965,BASELINE,F1,0.6,FAN_DT_001,3.0,process-model-3.0.0-build3,6282,1,LIVE,SYNCHRONISED,AUTOMATIC,NORMAL,65,1950,1950,0,145,145,0.3,0.3,24.20026,38.18,1.028,1,0.0254,0,207.97,1.6013,0.00835,1,0.18,4.016,0.3731,100,HEALTHY,F0,0,0,healthy,0,0,0,,,,,24,0
2026-08-19T15:33:12.161Z,1787153592161,FAN_DT_001_F1_S06_R01_20260819T153243,1,28.958,BASELINE,F1,0.6,FAN_DT_001,3.0,process-model-3.0.0-build3,6283,1,LIVE,SYNCHRONISED,AUTOMATIC,NORMAL,65,1950,1950,0,145,145,0.3,0.3,24.20094,38.18,1.028,1,0.0254,0,207.97,1.6608,0.00817,1,0.18,3.93,0.387,100,HEALTHY,F0,0,0,healthy,0,0,0,,,,,24,0
2026-08-19T15:33:13.193Z,1787153593193,FAN_DT_001_F1_S06_R01_20260819T153243,1,29.99,BASELINE,F1,0.6,FAN_DT_001,3.0,process-model-3.0.0-build3,6284,1,LIVE,SYNCHRONISED,AUTOMATIC,NORMAL,65,1950,1950,0,145,145,0.3,0.3,24.20203,38.17,1.028,1,0.0254,0,207.97,1.72,0.00803,1,0.18,3.863,0.4008,100,HEALTHY,F0,0,0,healthy,0,0,0,,,,,24,0
2026-08-19T15:33:14.214Z,1787153594214,FAN_DT_001_F1_S06_R01_20260819T153243,1,31.011,BASELINE,F1,0.6,FAN_DT_001,3.0,process-model-3.0.0-build3,6285,1,LIVE,SYNCHRONISED,AUTOMATIC,NORMAL,65,1950,1950,0,145,145,0.3,0.3,24.20354,38.16,1.028,1,0.0254,0,207.97,1.7793,0.00787,1,0.18,3.785,0.4146,100,HEALTHY,F0,0,0,healthy,0,0,0,,,,,24,0
2026-08-19T15:33:15.300Z,1787153595300,FAN_DT_001_F1_S06_R01_20260819T153243,1,32.097,BASELINE,F1,0.6,FAN_DT_001,3.0,process-model-3.0.0-build3,6286,1,LIVE,SYNCHRONISED,AUTOMATIC,NORMAL,65,1950,1950,0,145,145,0.3,0.3,24.20545,38.15,1.028,1,0.0254,0,207.97,1.8385,0.00772,1,0.18,3.71,0.4284,100,HEALTHY,F0,0,0,healthy,0,0,0,,,,,24,0
2026-08-19T15:33:16.294Z,1787153596294,FAN_DT_001_F1_S06_R01_20260819T153243,1,33.091,BASELINE,F1,0.6,FAN_DT_001,3.0,process-model-3.0.0-build3,6287,1,LIVE,SYNCHRONISED,AUTOMATIC,NORMAL,65,1950,1950,0,145,145,0.3,0.3,24.20779,38.14,1.028,1,0.0254,0,207.97,1.8979,0.00754,1,0.18,3.625,0.4422,100,HEALTHY,F0,0,0,healthy,0,0,0,,,,,24,0
2026-08-19T15:33:17.302Z,1787153597302,FAN_DT_001_F1_S06_R01_20260819T153243,1,34.099,BASELINE,F1,0.6,FAN_DT_001,3.0,process-model-3.0.0-build3,6288,1,LIVE,SYNCHRONISED,AUTOMATIC,NORMAL,65,1950,1950,0,145,145,0.3,0.3,24.21054,38.14,1.028,1,0.0254,0,207.97,1.9572,0.00737,1,0.18,3.543,0.456,100,HEALTHY,F0,0,0,healthy,0,0,0,,,,,24,0
2026-08-19T15:33:18.340Z,1787153598340,FAN_DT_001_F1_S06_R01_20260819T153243,1,35.136,BASELINE,F1,0.6,FAN_DT_001,3.0,process-model-3.0.0-build3,6289,1,LIVE,SYNCHRONISED,AUTOMATIC,NORMAL,65,1950,1950,0,145,145,0.3,0.3,24.21369,38.13,1.028,1,0.0254,0,207.97,2.0164,0.00721,1,0.18,3.465,0.4698,100,HEALTHY,F0,0,0,healthy,0,0,0,,,,,24,0
2026-08-19T15:33:19.355Z,1787153599355,FAN_DT_001_F1_S06_R01_20260819T153243,1,36.152,BASELINE,F1,0.6,FAN_DT_001,3.0,process-model-3.0.0-build3,6290,1,LIVE,SYNCHRONISED,AUTOMATIC,NORMAL,65,1950,1950,0,145,145,0.3,0.3,24.21727,38.12,1.028,1,0.0254,0,207.97,2.0759,0.00702,1,0.18,3.377,0.4837,100,HEALTHY,F0,0,0,healthy,0,0,0,,,,,24,0
2026-08-19T15:33:20.388Z,1787153600388,FAN_DT_001_F1_S06_R01_20260819T153243,1,37.185,BASELINE,F1,0.6,FAN_DT_001,3.0,process-model-3.0.0-build3,6291,1,LIVE,SYNCHRONISED,AUTOMATIC,NORMAL,65,1950,1950,0,145,145,0.3,0.3,24.22124,38.11,1.028,1,0.0254,0,207.97,2.1351,0.00683,1,0.18,3.282,0.4975,100,HEALTHY,F0,0,0,healthy,0,0,0,,,,,24,0
2026-08-19T15:33:21.414Z,1787153601414,FAN_DT_001_F1_S06_R01_20260819T153243,1,38.211,BASELINE,F1,0.6,FAN_DT_001,3.0,process-model-3.0.0-build3,6292,1,LIVE,SYNCHRONISED,AUTOMATIC,NORMAL,65,1950,1950,0,145,145,0.3,0.3,24.22563,38.11,1.028,1,0.0254,0,207.97,2.1946,0.00665,1,0.18,3.2,0.5113,100,HEALTHY,F0,0,0,healthy,0,0,0,,,,,24,0
2026-08-19T15:33:22.446Z,1787153602446,FAN_DT_001_F1_S06_R01_20260819T153243,1,39.243,BASELINE,F1,0.6,FAN_DT_001,3.0,process-model-3.0.0-build3,6293,1,LIVE,SYNCHRONISED,AUTOMATIC,NORMAL,65,1950,1950,0,145,145,0.3,0.3,24.2304,38.1,1.028,1,0.0254,0,207.97,2.2538,0.00644,1,0.18,3.095,0.5251,100,HEALTHY,F0,0,0,healthy,0,0,0,,,,,24,0
2026-08-19T15:33:23.473Z,1787153603473,FAN_DT_001_F1_S06_R01_20260819T153243,1,40.27,BASELINE,F1,0.6,FAN_DT_001,3.0,process-model-3.0.0-build3,6294,1,LIVE,SYNCHRONISED,AUTOMATIC,NORMAL,65,1950,1950,0,145,145,0.3,0.3,24.23561,38.09,1.028,1,0.0254,0,207.97,2.3133,0.00626,1,0.18,3.009,0.539,100,HEALTHY,F0,0,0,healthy,0,0,0,,,,,24,0
2026-08-19T15:33:24.503Z,1787153604503,FAN_DT_001_F1_S06_R01_20260819T153243,1,41.3,BASELINE,F1,0.6,FAN_DT_001,3.0,process-model-3.0.0-build3,6295,1,LIVE,SYNCHRONISED,AUTOMATIC,NORMAL,65,1950,1950,0,145,145,0.3,0.3,24.24118,38.09,1.028,1,0.0254,0,207.97,2.3725,0.00605,1,0.18,2.909,0.5528,100,HEALTHY,F0,0,0,healthy,0,0,0,,,,,24,0
2026-08-19T15:33:25.528Z,1787153605528,FAN_DT_001_F1_S06_R01_20260819T153243,1,42.325,BASELINE,F1,0.6,FAN_DT_001,3.0,process-model-3.0.0-build3,6296,1,LIVE,SYNCHRONISED,AUTOMATIC,NORMAL,65,1950,1950,0,145,145,0.3,0.3,24.24716,38.08,1.028,1,0.0254,0,207.97,2.4319,0.00586,1,0.18,2.817,0.5666,100,HEALTHY,F0,0,0,healthy,0,0,0,,,,,24,0
2026-08-19T15:33:26.559Z,1787153606559,FAN_DT_001_F1_S06_R01_20260819T153243,1,43.356,BASELINE,F1,0.6,FAN_DT_001,3.0,process-model-3.0.0-build3,6297,1,LIVE,SYNCHRONISED,AUTOMATIC,NORMAL,65,1950,1950,0,145,145,0.3,0.3,24.25352,38.08,1.028,1,0.0254,0,207.97,2.4911,0.00566,1,0.18,2.724,0.5804,100,HEALTHY,F0,0,0,healthy,0,0,0,,,,,24,0
2026-08-19T15:33:27.587Z,1787153607587,FAN_DT_001_F1_S06_R01_20260819T153243,1,44.384,BASELINE,F1,0.6,FAN_DT_001,3.0,process-model-3.0.0-build3,6298,1,LIVE,SYNCHRONISED,AUTOMATIC,NORMAL,65,1950,1950,0,145,145,0.3,0.3,24.26032,38.07,1.028,1,0.0254,0,207.97,2.5507,0.00545,1,0.18,2.621,0.5943,100,HEALTHY,F0,0,0,healthy,0,0,0,,,,,24,0
2026-08-19T15:33:28.618Z,1787153608618,FAN_DT_001_F1_S06_R01_20260819T153243,1,45.415,BASELINE,F1,0.6,FAN_DT_001,3.0,process-model-3.0.0-build3,6299,1,LIVE,SYNCHRONISED,AUTOMATIC,NORMAL,65,1950,1950,0,145,145,0.3,0.3,24.26744,38.06,1.028,1,0.0254,0,207.97,2.6099,0.00523,1,0.18,2.515,0.6081,100,HEALTHY,F0,0,0,healthy,0,0,0,,,,,24,0
2026-08-19T15:33:29.651Z,1787153609651,FAN_DT_001_F1_S06_R01_20260819T153243,1,46.448,BASELINE,F1,0.6,FAN_DT_001,3.0,process-model-3.0.0-build3,6300,1,LIVE,SYNCHRONISED,AUTOMATIC,NORMAL,65,1950,1950,0,145,145,0.3,0.3,24.27497,38.06,1.028,1,0.0254,0,207.97,2.6692,0.00503,1,0.18,2.417,0.6219,100,HEALTHY,F0,0,0,healthy,0,0,0,,,,,24,0
2026-08-19T15:33:30.675Z,1787153610675,FAN_DT_001_F1_S06_R01_20260819T153243,1,47.472,BASELINE,F1,0.6,FAN_DT_001,3.0,process-model-3.0.0-build3,6301,1,LIVE,SYNCHRONISED,AUTOMATIC,NORMAL,65,1950,1950,0,145,145,0.3,0.3,24.28287,38.05,1.028,1,0.0254,0,207.97,2.7285,0.00483,1,0.18,2.321,0.6357,100,HEALTHY,F0,0,0,healthy,0,0,0,,,,,24,0
2026-08-19T15:33:31.703Z,1787153611703,FAN_DT_001_F1_S06_R01_20260819T153243,1,48.5,BASELINE,F1,0.6,FAN_DT_001,3.0,process-model-3.0.0-build3,6302,1,LIVE,SYNCHRONISED,AUTOMATIC,NORMAL,65,1950,1950,0,145,145,0.3,0.3,24.29115,38.05,1.028,1,0.0254,0,207.97,2.7878,0.0046,1,0.18,2.21,0.6496,100,HEALTHY,F0,0,0,healthy,0,0,0,,,,,24,0
2026-08-19T15:33:32.734Z,1787153612734,FAN_DT_001_F1_S06_R01_20260819T153243,1,49.531,BASELINE,F1,0.6,FAN_DT_001,3.0,process-model-3.0.0-build3,6303,1,LIVE,SYNCHRONISED,AUTOMATIC,NORMAL,65,1950,1950,0,145,145,0.3,0.3,24.29983,38.05,1.028,1,0.0254,0,207.97,2.8474,0.00438,1,0.18,2.105,0.6634,100,HEALTHY,F0,0,0,healthy,0,0,0,,,,,24,0
2026-08-19T15:33:33.762Z,1787153613762,FAN_DT_001_F1_S06_R01_20260819T153243,1,50.56,BASELINE,F1,0.6,FAN_DT_001,3.0,process-model-3.0.0-build3,6304,1,LIVE,SYNCHRONISED,AUTOMATIC,NORMAL,65,1950,1950,0,145,145,0.3,0.3,24.30882,38.04,1.028,1,0.0254,0,207.97,2.9066,0.00417,1,0.18,2.004,0.6772,100,HEALTHY,F0,0,0,healthy,0,0,0,,,,,24,0
2026-08-19T15:33:34.790Z,1787153614790,FAN_DT_001_F1_S06_R01_20260819T153243,1,51.587,BASELINE,F1,0.6,FAN_DT_001,3.0,process-model-3.0.0-build3,6305,1,LIVE,SYNCHRONISED,AUTOMATIC,NORMAL,65,1950,1950,0,145,145,0.3,0.3,24.31824,38.04,1.028,1,0.0254,0,207.97,2.9662,0.00393,1,0.18,1.892,0.6911,100,HEALTHY,F0,0,0,healthy,0,0,0,,,,,24,0
2026-08-19T15:33:35.821Z,1787153615821,FAN_DT_001_F1_S06_R01_20260819T153243,1,52.619,BASELINE,F1,0.6,FAN_DT_001,3.0,process-model-3.0.0-build3,6306,1,LIVE,SYNCHRONISED,AUTOMATIC,NORMAL,65,1950,1950,0,145,145,0.3,0.3,24.32794,38.03,1.028,1,0.0254,0,207.97,3.0253,0.0037,1,0.18,1.778,0.7049,100,HEALTHY,F0,0,0,healthy,0,0,0,,,,,24,0
2026-08-19T15:33:36.849Z,1787153616849,FAN_DT_001_F1_S06_R01_20260819T153243,1,53.646,BASELINE,F1,0.6,FAN_DT_001,3.0,process-model-3.0.0-build3,6307,1,LIVE,SYNCHRONISED,AUTOMATIC,NORMAL,65,1950,1950,0,145,145,0.3,0.3,24.33805,38.03,1.028,1,0.0254,0,207.97,3.0848,0.00348,1,0.18,1.674,0.7188,100,HEALTHY,F0,0,0,healthy,0,0,0,,,,,24,0
2026-08-19T15:33:37.875Z,1787153617875,FAN_DT_001_F1_S06_R01_20260819T153243,1,54.672,BASELINE,F1,0.6,FAN_DT_001,3.0,process-model-3.0.0-build3,6308,1,LIVE,SYNCHRONISED,AUTOMATIC,NORMAL,65,1950,1950,0,145,145,0.3,0.3,24.3484,38.03,1.028,1,0.0254,0,207.97,3.1438,0.00326,1,0.18,1.566,0.7325,100,HEALTHY,F0,0,0,healthy,0,0,0,,,,,24,0
2026-08-19T15:33:38.902Z,1787153618902,FAN_DT_001_F1_S06_R01_20260819T153243,1,55.699,BASELINE,F1,0.6,FAN_DT_001,3.0,process-model-3.0.0-build3,6309,1,LIVE,SYNCHRONISED,AUTOMATIC,NORMAL,65,1950,1950,0,145,145,0.3,0.3,24.35921,38.02,1.028,1,0.0254,0,207.97,3.2034,0.003,1,0.18,1.444,0.7464,100,HEALTHY,F0,0,0,healthy,0,0,0,,,,,24,0
2026-08-19T15:33:39.934Z,1787153619934,FAN_DT_001_F1_S06_R01_20260819T153243,1,56.732,BASELINE,F1,0.6,FAN_DT_001,3.0,process-model-3.0.0-build3,6310,1,LIVE,SYNCHRONISED,AUTOMATIC,NORMAL,65,1950,1950,0,145,145,0.3,0.3,24.37028,38.02,1.028,1,0.0254,0,207.97,3.2625,0.00279,1,0.18,1.341,0.7602,100,HEALTHY,F0,0,0,healthy,0,0,0,,,,,24,0
2026-08-19T15:33:40.959Z,1787153620959,FAN_DT_001_F1_S06_R01_20260819T153243,1,57.756,BASELINE,F1,0.6,FAN_DT_001,3.0,process-model-3.0.0-build3,6311,1,LIVE,SYNCHRONISED,AUTOMATIC,NORMAL,65,1950,1950,0,145,145,0.3,0.3,24.38173,38.02,1.028,1,0.0254,0,207.97,3.322,0.00254,1,0.18,1.223,0.774,100,HEALTHY,F0,0,0,healthy,0,0,0,,,,,24,0
2026-08-19T15:33:41.989Z,1787153621989,FAN_DT_001_F1_S06_R01_20260819T153243,1,58.786,BASELINE,F1,0.6,FAN_DT_001,3.0,process-model-3.0.0-build3,6312,1,LIVE,SYNCHRONISED,AUTOMATIC,NORMAL,65,1950,1950,0,145,145,0.3,0.3,24.39344,38.01,1.028,1,0.0254,0,207.97,3.3811,0.00231,1,0.18,1.112,0.7878,100,HEALTHY,F0,0,0,healthy,0,0,0,,,,,24,0
2026-08-19T15:33:43.015Z,1787153623015,FAN_DT_001_F1_S06_R01_20260819T153243,1,59.812,BASELINE,F1,0.6,FAN_DT_001,3.0,process-model-3.0.0-build3,6313,1,LIVE,SYNCHRONISED,AUTOMATIC,NORMAL,65,1950,1950,0,145,145,0.3,0.3,24.40554,38.01,1.028,1,0.0254,0,207.97,3.4406,0.00209,1,0.18,1.004,0.8017,100,HEALTHY,F0,0,0,healthy,0,0,0,,,,,24,0
2026-08-19T15:33:44.047Z,1787153624047,FAN_DT_001_F1_S06_R01_20260819T153243,1,60.844,FAULT_ACTIVE,F1,0.6,FAN_DT_001,3.0,process-model-3.0.0-build3,6314,1,LIVE,SYNCHRONISED,AUTOMATIC,NORMAL,65,1950,1950,0,145,145,0.3,0.42,24.4182,38.01,1.146,1.048,0.0624,0.036,231.95,3.5058,0.00182,1,0.18,0.785,0.8169,61,CRITICAL,F1,1,1,mechanical_imbalance,0.6,1,1,,,,,25,0
2026-08-19T15:33:45.083Z,1787153625083,FAN_DT_001_F1_S06_R01_20260819T153243,1,61.88,FAULT_ACTIVE,F1,0.6,FAN_DT_001,3.0,process-model-3.0.0-build3,6315,1,LIVE,SYNCHRONISED,AUTOMATIC,NORMAL,65,1950,1950,0,145,145,0.3,0.42,24.4304,38.01,1.146,1.048,0.0624,0.036,231.95,3.5695,0.00161,1,0.18,0.692,0.8317,61,CRITICAL,F1,1,1,mechanical_imbalance,0.6,1,1,,,,,25,0
2026-08-19T15:33:46.097Z,1787153626097,FAN_DT_001_F1_S06_R01_20260819T153243,1,62.894,FAULT_ACTIVE,F1,0.6,FAN_DT_001,3.0,process-model-3.0.0-build3,6316,1,LIVE,SYNCHRONISED,AUTOMATIC,NORMAL,65,1950,1950,0,145,145,0.3,0.42,24.44344,38.01,1.146,1.048,0.0624,0.036,231.95,3.6361,0.00136,1,0.18,0.585,0.8472,61,CRITICAL,F1,1,1,mechanical_imbalance,0.6,1,1,,,,,25,0
2026-08-19T15:33:47.142Z,1787153627142,FAN_DT_001_F1_S06_R01_20260819T153243,1,63.939,FAULT_ACTIVE,F1,0.6,FAN_DT_001,3.0,process-model-3.0.0-build3,6317,1,LIVE,SYNCHRONISED,AUTOMATIC,NORMAL,65,1950,1950,0,145,145,0.3,0.42,24.45676,38.01,1.146,1.048,0.0624,0.036,231.95,3.7025,0.00111,1,0.18,0.479,0.8627,61,CRITICAL,F1,1,1,mechanical_imbalance,0.6,1,1,,,,,25,0
2026-08-19T15:33:48.166Z,1787153628166,FAN_DT_001_F1_S06_R01_20260819T153243,1,64.963,FAULT_ACTIVE,F1,0.6,FAN_DT_001,3.0,process-model-3.0.0-build3,6318,1,LIVE,SYNCHRONISED,AUTOMATIC,NORMAL,65,1950,1950,0,145,145,0.3,0.42,24.47041,38,1.146,1.048,0.0624,0.036,231.95,3.7692,0.00089,1,0.18,0.382,0.8782,61,CRITICAL,F1,1,1,mechanical_imbalance,0.6,1,1,,,,,25,0
2026-08-19T15:33:49.202Z,1787153629202,FAN_DT_001_F1_S06_R01_20260819T153243,1,65.999,FAULT_ACTIVE,F1,0.6,FAN_DT_001,3.0,process-model-3.0.0-build3,6319,1,LIVE,SYNCHRONISED,AUTOMATIC,NORMAL,65,1950,1950,0,145,145,0.3,0.42,24.48427,38,1.146,1.048,0.0624,0.036,231.95,3.8356,0.00064,1,0.18,0.276,0.8937,61,CRITICAL,F1,1,1,mechanical_imbalance,0.6,1,1,,,,,25,0
2026-08-19T15:33:50.236Z,1787153630236,FAN_DT_001_F1_S06_R01_20260819T153243,1,67.033,FAULT_ACTIVE,F1,0.6,FAN_DT_001,3.0,process-model-3.0.0-build3,6320,1,LIVE,SYNCHRONISED,AUTOMATIC,NORMAL,65,1950,1950,0,145,145,0.3,0.42,24.49846,38,1.146,1.048,0.0624,0.036,231.95,3.9022,0.00039,1,0.18,0.17,0.9092,61,CRITICAL,F1,1,1,mechanical_imbalance,0.6,1,1,,,,,25,0
2026-08-19T15:33:51.267Z,1787153631267,FAN_DT_001_F1_S06_R01_20260819T153243,1,68.064,FAULT_ACTIVE,F1,0.6,FAN_DT_001,3.0,process-model-3.0.0-build3,6321,1,LIVE,SYNCHRONISED,AUTOMATIC,NORMAL,65,1950,1950,0,145,145,0.3,0.42,24.51287,38,1.146,1.048,0.0624,0.036,231.95,3.9686,0.00015,1,0.18,0.063,0.9247,61,CRITICAL,F1,1,1,mechanical_imbalance,0.6,1,1,,,,,25,0
2026-08-19T15:33:52.302Z,1787153632302,FAN_DT_001_F1_S06_R01_20260819T153243,1,69.099,FAULT_ACTIVE,F1,0.6,FAN_DT_001,3.0,process-model-3.0.0-build3,6322,1,LIVE,SYNCHRONISED,AUTOMATIC,NORMAL,65,1950,1950,0,145,145,0.3,0.42,24.52755,38,1.146,1.048,0.0624,0.036,231.95,4.0351,-0.00009,1,0.18,0.039,0.9402,61,CRITICAL,F1,1,1,mechanical_imbalance,0.6,1,1,,,,,25,0
2026-08-19T15:33:53.349Z,1787153633349,FAN_DT_001_F1_S06_R01_20260819T153243,1,70.146,FAULT_ACTIVE,F1,0.6,FAN_DT_001,3.0,process-model-3.0.0-build3,6323,1,LIVE,SYNCHRONISED,AUTOMATIC,NORMAL,65,1950,1950,0,145,145,0.3,0.42,24.54251,38,1.146,1.048,0.0624,0.036,231.95,4.1017,-0.00036,1,0.18,0.153,0.9557,61,CRITICAL,F1,1,1,mechanical_imbalance,0.6,1,1,,,,,25,0
2026-08-19T15:33:54.371Z,1787153634371,FAN_DT_001_F1_S06_R01_20260819T153243,1,71.168,FAULT_ACTIVE,F1,0.6,FAN_DT_001,3.0,process-model-3.0.0-build3,6324,1,LIVE,SYNCHRONISED,AUTOMATIC,NORMAL,65,1950,1950,0,145,145,0.3,0.42,24.55764,38,1.146,1.048,0.0624,0.036,231.95,4.1681,-0.00059,1,0.18,0.253,0.9712,61,CRITICAL,F1,1,1,mechanical_imbalance,0.6,1,1,,,,,25,0
2026-08-19T15:33:55.401Z,1787153635401,FAN_DT_001_F1_S06_R01_20260819T153243,1,72.198,FAULT_ACTIVE,F1,0.6,FAN_DT_001,3.0,process-model-3.0.0-build3,6325,1,LIVE,SYNCHRONISED,AUTOMATIC,NORMAL,65,1950,1950,0,145,145,0.3,0.42,24.57307,38,1.146,1.048,0.0624,0.036,231.95,4.2347,-0.00082,1,0.18,0.352,0.9867,61,CRITICAL,F1,1,1,mechanical_imbalance,0.6,1,1,,,,,25,0
2026-08-19T15:33:56.437Z,1787153636437,FAN_DT_001_F1_S06_R01_20260819T153243,1,73.234,FAULT_ACTIVE,F1,0.6,FAN_DT_001,3.0,process-model-3.0.0-build3,6326,1,LIVE,SYNCHRONISED,AUTOMATIC,NORMAL,65,1950,1950,0,145,145,0.3,0.42,24.58867,38.01,1.146,1.048,0.0624,0.036,231.95,4.3011,-0.00107,1,0.18,0.461,1.0021,61,CRITICAL,F1,1,1,mechanical_imbalance,0.6,1,1,,,,,25,0
2026-08-19T15:33:57.472Z,1787153637472,FAN_DT_001_F1_S06_R01_20260819T153243,1,74.269,FAULT_ACTIVE,F1,0.6,FAN_DT_001,3.0,process-model-3.0.0-build3,6327,1,LIVE,SYNCHRONISED,AUTOMATIC,NORMAL,65,1950,1950,0,145,145,0.3,0.42,24.60456,38.01,1.146,1.048,0.0624,0.036,231.95,4.3677,-0.0013,1,0.18,0.561,1.0177,61,CRITICAL,F1,1,1,mechanical_imbalance,0.6,1,1,,,,,25,0
2026-08-19T15:33:58.501Z,1787153638501,FAN_DT_001_F1_S06_R01_20260819T153243,1,75.298,FAULT_ACTIVE,F1,0.6,FAN_DT_001,3.0,process-model-3.0.0-build3,6328,1,LIVE,SYNCHRONISED,AUTOMATIC,NORMAL,65,1950,1950,0,145,145,0.3,0.42,24.62063,38.01,1.146,1.048,0.0624,0.036,231.95,4.4343,-0.00154,1,0.18,0.665,1.0332,61,CRITICAL,F1,1,1,mechanical_imbalance,0.6,1,1,,,,,25,0
2026-08-19T15:33:59.539Z,1787153639539,FAN_DT_001_F1_S06_R01_20260819T153243,1,76.336,FAULT_ACTIVE,F1,0.6,FAN_DT_001,3.0,process-model-3.0.0-build3,6329,1,LIVE,SYNCHRONISED,AUTOMATIC,NORMAL,65,1950,1950,0,145,145,0.3,0.42,24.63678,38.01,1.146,1.048,0.0624,0.036,231.95,4.5004,-0.00179,1,0.18,0.771,1.0486,61,CRITICAL,F1,1,1,mechanical_imbalance,0.6,1,1,,,,,25,0
2026-08-19T15:34:00.566Z,1787153640566,FAN_DT_001_F1_S06_R01_20260819T153243,1,77.363,FAULT_ACTIVE,F1,0.6,FAN_DT_001,3.0,process-model-3.0.0-build3,6330,1,LIVE,SYNCHRONISED,AUTOMATIC,NORMAL,65,1950,1950,0,145,145,0.3,0.42,24.65324,38.01,1.146,1.048,0.0624,0.036,231.95,4.567,-0.00203,1,0.18,0.874,1.0641,61,CRITICAL,F1,1,1,mechanical_imbalance,0.6,1,1,,,,,25,0
2026-08-19T15:34:01.606Z,1787153641606,FAN_DT_001_F1_S06_R01_20260819T153243,1,78.403,FAULT_ACTIVE,F1,0.6,FAN_DT_001,3.0,process-model-3.0.0-build3,6331,1,LIVE,SYNCHRONISED,AUTOMATIC,NORMAL,65,1950,1950,0,145,145,0.3,0.42,24.66984,38.01,1.146,1.048,0.0624,0.036,231.95,4.6333,-0.00228,1,0.18,0.984,1.0796,61,CRITICAL,F1,1,1,mechanical_imbalance,0.6,1,1,,,,,25,0
2026-08-19T15:34:02.648Z,1787153642648,FAN_DT_001_F1_S06_R01_20260819T153243,1,79.445,FAULT_ACTIVE,F1,0.6,FAN_DT_001,3.0,process-model-3.0.0-build3,6332,1,LIVE,SYNCHRONISED,AUTOMATIC,NORMAL,65,1950,1950,0,145,145,0.3,0.42,24.68668,38.02,1.146,1.048,0.0624,0.036,231.95,4.7,-0.00251,1,0.18,1.083,1.0951,61,CRITICAL,F1,1,1,mechanical_imbalance,0.6,1,1,,,,,25,0
2026-08-19T15:34:03.673Z,1787153643673,FAN_DT_001_F1_S06_R01_20260819T153243,1,80.469,FAULT_ACTIVE,F1,0.6,FAN_DT_001,3.0,process-model-3.0.0-build3,6333,1,LIVE,SYNCHRONISED,AUTOMATIC,NORMAL,65,1950,1950,0,145,145,0.3,0.42,24.70371,38.02,1.146,1.048,0.0624,0.036,231.95,4.7668,-0.00274,1,0.18,1.18,1.1107,61,CRITICAL,F1,1,1,mechanical_imbalance,0.6,1,1,,,,,25,0
2026-08-19T15:34:04.709Z,1787153644709,FAN_DT_001_F1_S06_R01_20260819T153243,1,81.506,FAULT_ACTIVE,F1,0.6,FAN_DT_001,3.0,process-model-3.0.0-build3,6334,1,LIVE,SYNCHRONISED,AUTOMATIC,NORMAL,65,1950,1950,0,145,145,0.3,0.42,24.72079,38.02,1.146,1.048,0.0624,0.036,231.95,4.8331,-0.00298,1,0.18,1.285,1.1261,61,CRITICAL,F1,1,1,mechanical_imbalance,0.6,1,1,,,,,25,0
2026-08-19T15:34:05.740Z,1787153645740,FAN_DT_001_F1_S06_R01_20260819T153243,1,82.537,FAULT_ACTIVE,F1,0.6,FAN_DT_001,3.0,process-model-3.0.0-build3,6335,1,LIVE,SYNCHRONISED,AUTOMATIC,NORMAL,65,1950,1950,0,145,145,0.3,0.42,24.73811,38.03,1.146,1.048,0.0624,0.036,231.95,4.8998,-0.0032,1,0.18,1.381,1.1417,61,CRITICAL,F1,1,1,mechanical_imbalance,0.6,1,1,,,,,25,0
2026-08-19T15:34:06.778Z,1787153646778,FAN_DT_001_F1_S06_R01_20260819T153243,1,83.576,FAULT_ACTIVE,F1,0.6,FAN_DT_001,3.0,process-model-3.0.0-build3,6336,1,LIVE,SYNCHRONISED,AUTOMATIC,NORMAL,65,1950,1950,0,145,145,0.3,0.42,24.7555,38.03,1.146,1.048,0.0624,0.036,231.95,4.9662,-0.00344,1,0.18,1.483,1.1571,61,CRITICAL,F1,1,1,mechanical_imbalance,0.6,1,1,,,,,25,0
2026-08-19T15:34:07.810Z,1787153647810,FAN_DT_001_F1_S06_R01_20260819T153243,1,84.607,FAULT_ACTIVE,F1,0.6,FAN_DT_001,3.0,process-model-3.0.0-build3,6337,1,LIVE,SYNCHRONISED,AUTOMATIC,NORMAL,65,1950,1950,0,145,145,0.3,0.42,24.77308,38.03,1.146,1.048,0.0624,0.036,231.95,5.0329,-0.00366,1,0.18,1.579,1.1727,61,CRITICAL,F1,1,1,mechanical_imbalance,0.6,1,1,,,,,25,0
2026-08-19T15:34:08.849Z,1787153648849,FAN_DT_001_F1_S06_R01_20260819T153243,1,85.646,FAULT_ACTIVE,F1,0.6,FAN_DT_001,3.0,process-model-3.0.0-build3,6338,1,LIVE,SYNCHRONISED,AUTOMATIC,NORMAL,65,1950,1950,0,145,145,0.3,0.42,24.79071,38.04,1.146,1.048,0.0624,0.036,231.95,5.0994,-0.0039,1,0.18,1.682,1.1881,61,CRITICAL,F1,1,1,mechanical_imbalance,0.6,1,1,,,,,25,0
2026-08-19T15:34:09.880Z,1787153649880,FAN_DT_001_F1_S06_R01_20260819T153243,1,86.677,FAULT_ACTIVE,F1,0.6,FAN_DT_001,3.0,process-model-3.0.0-build3,6339,1,LIVE,SYNCHRONISED,AUTOMATIC,NORMAL,65,1950,1950,0,145,145,0.3,0.42,24.80847,38.04,1.146,1.048,0.0624,0.036,231.95,5.1658,-0.00412,1,0.18,1.775,1.2036,61,CRITICAL,F1,1,1,mechanical_imbalance,0.6,1,1,,,,,25,0
2026-08-19T15:34:10.911Z,1787153650911,FAN_DT_001_F1_S06_R01_20260819T153243,1,87.708,FAULT_ACTIVE,F1,0.6,FAN_DT_001,3.0,process-model-3.0.0-build3,6340,1,LIVE,SYNCHRONISED,AUTOMATIC,NORMAL,65,1950,1950,0,145,145,0.3,0.42,24.82637,38.05,1.146,1.048,0.0624,0.036,231.95,5.2325,-0.00435,1,0.18,1.874,1.2192,61,CRITICAL,F1,1,1,mechanical_imbalance,0.6,1,1,,,,,25,0
2026-08-19T15:34:11.949Z,1787153651949,FAN_DT_001_F1_S06_R01_20260819T153243,1,88.746,FAULT_ACTIVE,F1,0.6,FAN_DT_001,3.0,process-model-3.0.0-build3,6341,1,LIVE,SYNCHRONISED,AUTOMATIC,NORMAL,65,1950,1950,0,145,145,0.3,0.42,24.84429,38.05,1.146,1.048,0.0624,0.036,231.95,5.2988,-0.00458,1,0.18,1.974,1.2346,61,CRITICAL,F1,1,1,mechanical_imbalance,0.6,1,1,,,,,25,0
2026-08-19T15:34:12.980Z,1787153652980,FAN_DT_001_F1_S06_R01_20260819T153243,1,89.777,FAULT_ACTIVE,F1,0.6,FAN_DT_001,3.0,process-model-3.0.0-build3,6342,1,LIVE,SYNCHRONISED,AUTOMATIC,NORMAL,65,1950,1950,0,145,145,0.3,0.42,24.86239,38.06,1.146,1.048,0.0624,0.036,231.95,5.3656,-0.00478,1,0.18,2.063,1.2502,61,CRITICAL,F1,1,1,mechanical_imbalance,0.6,1,1,,,,,25,0
2026-08-19T15:34:14.047Z,1787153654047,FAN_DT_001_F1_S06_R01_20260819T153243,1,90.845,FAULT_ACTIVE,F1,0.6,FAN_DT_001,3.0,process-model-3.0.0-build3,6343,1,LIVE,SYNCHRONISED,AUTOMATIC,NORMAL,65,1950,1950,0,145,145,0.3,0.42,24.88044,38.06,1.146,1.048,0.0624,0.036,231.95,5.4319,-0.00499,1,0.18,2.152,1.2656,61,CRITICAL,F1,1,1,mechanical_imbalance,0.6,1,1,,,,,25,0
2026-08-19T15:34:15.049Z,1787153655049,FAN_DT_001_F1_S06_R01_20260819T153243,1,91.846,FAULT_ACTIVE,F1,0.6,FAN_DT_001,3.0,process-model-3.0.0-build3,6344,1,LIVE,SYNCHRONISED,AUTOMATIC,NORMAL,65,1950,1950,0,145,145,0.3,0.42,24.89864,38.07,1.146,1.048,0.0624,0.036,231.95,5.4984,-0.00523,1,0.18,2.253,1.2811,61,CRITICAL,F1,1,1,mechanical_imbalance,0.6,1,1,,,,,25,0
2026-08-19T15:34:16.083Z,1787153656083,FAN_DT_001_F1_S06_R01_20260819T153243,1,92.88,FAULT_ACTIVE,F1,0.6,FAN_DT_001,3.0,process-model-3.0.0-build3,6345,1,LIVE,SYNCHRONISED,AUTOMATIC,NORMAL,65,1950,1950,0,145,145,0.3,0.42,24.91693,38.07,1.146,1.048,0.0624,0.036,231.95,5.5652,-0.00544,1,0.18,2.344,1.2967,61,CRITICAL,F1,1,1,mechanical_imbalance,0.6,1,1,,,,,25,0
2026-08-19T15:34:17.121Z,1787153657121,FAN_DT_001_F1_S06_R01_20260819T153243,1,93.918,FAULT_ACTIVE,F1,0.6,FAN_DT_001,3.0,process-model-3.0.0-build3,6346,1,LIVE,SYNCHRONISED,AUTOMATIC,NORMAL,65,1950,1950,0,145,145,0.3,0.42,24.93519,38.08,1.146,1.048,0.0624,0.036,231.95,5.6316,-0.00565,1,0.18,2.435,1.3122,61,CRITICAL,F1,1,1,mechanical_imbalance,0.6,1,1,,,,,25,0
2026-08-19T15:34:18.155Z,1787153658155,FAN_DT_001_F1_S06_R01_20260819T153243,1,94.952,FAULT_ACTIVE,F1,0.6,FAN_DT_001,3.0,process-model-3.0.0-build3,6347,1,LIVE,SYNCHRONISED,AUTOMATIC,NORMAL,65,1950,1950,0,145,145,0.3,0.42,24.95354,38.08,1.146,1.048,0.0624,0.036,231.95,5.6984,-0.00584,1,0.18,2.519,1.3277,61,CRITICAL,F1,1,1,mechanical_imbalance,0.6,1,1,,,,,25,0
2026-08-19T15:34:19.190Z,1787153659190,FAN_DT_001_F1_S06_R01_20260819T153243,1,95.987,FAULT_ACTIVE,F1,0.6,FAN_DT_001,3.0,process-model-3.0.0-build3,6348,1,LIVE,SYNCHRONISED,AUTOMATIC,NORMAL,65,1950,1950,0,145,145,0.3,0.42,24.97182,38.09,1.146,1.048,0.0624,0.036,231.95,5.7647,-0.00604,1,0.18,2.604,1.3432,61,CRITICAL,F1,1,1,mechanical_imbalance,0.6,1,1,,,,,25,0
2026-08-19T15:34:20.223Z,1787153660223,FAN_DT_001_F1_S06_R01_20260819T153243,1,97.02,FAULT_ACTIVE,F1,0.6,FAN_DT_001,3.0,process-model-3.0.0-build3,6349,1,LIVE,SYNCHRONISED,AUTOMATIC,NORMAL,65,1950,1950,0,145,145,0.3,0.42,24.99023,38.1,1.146,1.048,0.0624,0.036,231.95,5.8314,-0.00624,1,0.18,2.689,1.3587,61,CRITICAL,F1,1,1,mechanical_imbalance,0.6,1,1,,,,,25,0
2026-08-19T15:34:21.256Z,1787153661256,FAN_DT_001_F1_S06_R01_20260819T153243,1,98.053,FAULT_ACTIVE,F1,0.6,FAN_DT_001,3.0,process-model-3.0.0-build3,6350,1,LIVE,SYNCHRONISED,AUTOMATIC,NORMAL,65,1950,1950,0,145,145,0.3,0.42,25.00861,38.1,1.146,1.048,0.0624,0.036,231.95,5.898,-0.00643,1,0.18,2.77,1.3742,61,CRITICAL,F1,1,1,mechanical_imbalance,0.6,1,1,,,,,25,0
2026-08-19T15:34:22.295Z,1787153662295,FAN_DT_001_F1_S06_R01_20260819T153243,1,99.092,FAULT_ACTIVE,F1,0.6,FAN_DT_001,3.0,process-model-3.0.0-build3,6351,1,LIVE,SYNCHRONISED,AUTOMATIC,NORMAL,65,1950,1950,0,145,145,0.3,0.42,25.0269,38.11,1.146,1.048,0.0624,0.036,231.95,5.9643,-0.00663,1,0.18,2.859,1.3897,61,CRITICAL,F1,1,1,mechanical_imbalance,0.6,1,1,,,,,25,0
2026-08-19T15:34:23.350Z,1787153663350,FAN_DT_001_F1_S06_R01_20260819T153243,1,100.147,FAULT_ACTIVE,F1,0.6,FAN_DT_001,3.0,process-model-3.0.0-build3,6352,1,LIVE,SYNCHRONISED,AUTOMATIC,NORMAL,65,1950,1950,0,145,145,0.3,0.42,25.04528,38.12,1.146,1.048,0.0624,0.036,231.95,6.031,-0.00681,1,0.18,2.937,1.4052,61,CRITICAL,F1,1,1,mechanical_imbalance,0.6,1,1,,,,,25,0
2026-08-19T15:34:24.361Z,1787153664361,FAN_DT_001_F1_S06_R01_20260819T153243,1,101.158,FAULT_ACTIVE,F1,0.6,FAN_DT_001,3.0,process-model-3.0.0-build3,6353,1,LIVE,SYNCHRONISED,AUTOMATIC,NORMAL,65,1950,1950,0,145,145,0.3,0.42,25.06357,38.12,1.146,1.048,0.0624,0.036,231.95,6.0974,-0.00699,1,0.18,3.015,1.4207,61,CRITICAL,F1,1,1,mechanical_imbalance,0.6,1,1,,,,,25,0
2026-08-19T15:34:25.447Z,1787153665447,FAN_DT_001_F1_S06_R01_20260819T153243,1,102.245,FAULT_ACTIVE,F1,0.6,FAN_DT_001,3.0,process-model-3.0.0-build3,6354,1,LIVE,SYNCHRONISED,AUTOMATIC,NORMAL,65,1950,1950,0,145,145,0.3,0.42,25.08188,38.13,1.146,1.048,0.0624,0.036,231.95,6.1641,-0.00717,1,0.18,3.093,1.4362,61,CRITICAL,F1,1,1,mechanical_imbalance,0.6,1,1,,,,,25,0
2026-08-19T15:34:26.428Z,1787153666428,FAN_DT_001_F1_S06_R01_20260819T153243,1,103.225,FAULT_ACTIVE,F1,0.6,FAN_DT_001,3.0,process-model-3.0.0-build3,6355,1,LIVE,SYNCHRONISED,AUTOMATIC,NORMAL,65,1950,1950,0,145,145,0.3,0.42,25.10015,38.14,1.146,1.048,0.0624,0.036,231.95,6.2307,-0.00737,1,0.18,3.175,1.4517,61,CRITICAL,F1,1,1,mechanical_imbalance,0.6,1,1,,,,,25,0
2026-08-19T15:34:27.465Z,1787153667465,FAN_DT_001_F1_S06_R01_20260819T153243,1,104.262,FAULT_ACTIVE,F1,0.6,FAN_DT_001,3.0,process-model-3.0.0-build3,6356,1,LIVE,SYNCHRONISED,AUTOMATIC,NORMAL,65,1950,1950,0,145,145,0.3,0.42,25.11825,38.15,1.146,1.048,0.0624,0.036,231.95,6.297,-0.00754,1,0.18,3.251,1.4672,61,CRITICAL,F1,1,1,mechanical_imbalance,0.6,1,1,,,,,25,0
2026-08-19T15:34:28.496Z,1787153668496,FAN_DT_001_F1_S06_R01_20260819T153243,1,105.293,FAULT_ACTIVE,F1,0.6,FAN_DT_001,3.0,process-model-3.0.0-build3,6357,1,LIVE,SYNCHRONISED,AUTOMATIC,NORMAL,65,1950,1950,0,145,145,0.3,0.42,25.13644,38.15,1.146,1.048,0.0624,0.036,231.95,6.3637,-0.00769,1,0.18,3.315,1.4827,61,CRITICAL,F1,1,1,mechanical_imbalance,0.6,1,1,,,,,25,0
2026-08-19T15:34:29.532Z,1787153669532,FAN_DT_001_F1_S06_R01_20260819T153243,1,106.329,FAULT_ACTIVE,F1,0.6,FAN_DT_001,3.0,process-model-3.0.0-build3,6358,1,LIVE,SYNCHRONISED,AUTOMATIC,NORMAL,65,1950,1950,0,145,145,0.3,0.42,25.1544,38.16,1.146,1.048,0.0624,0.036,231.95,6.4299,-0.00786,1,0.18,3.389,1.4982,61,CRITICAL,F1,1,1,mechanical_imbalance,0.6,1,1,,,,,25,0
2026-08-19T15:34:30.570Z,1787153670570,FAN_DT_001_F1_S06_R01_20260819T153243,1,107.368,FAULT_ACTIVE,F1,0.6,FAN_DT_001,3.0,process-model-3.0.0-build3,6359,1,LIVE,SYNCHRONISED,AUTOMATIC,NORMAL,65,1950,1950,0,145,145,0.3,0.42,25.17239,38.17,1.146,1.048,0.0624,0.036,231.95,6.4965,-0.00802,1,0.18,3.459,1.5137,61,CRITICAL,F1,1,1,mechanical_imbalance,0.6,1,1,,,,,25,0
2026-08-19T15:34:31.596Z,1787153671596,FAN_DT_001_F1_S06_R01_20260819T153243,1,108.393,FAULT_ACTIVE,F1,0.6,FAN_DT_001,3.0,process-model-3.0.0-build3,6360,1,LIVE,SYNCHRONISED,AUTOMATIC,NORMAL,65,1950,1950,0,145,145,0.3,0.42,25.19028,38.18,1.146,1.048,0.0624,0.036,231.95,6.5631,-0.00818,1,0.18,3.526,1.5292,61,CRITICAL,F1,1,1,mechanical_imbalance,0.6,1,1,,,,,25,0
2026-08-19T15:34:32.648Z,1787153672648,FAN_DT_001_F1_S06_R01_20260819T153243,1,109.445,FAULT_ACTIVE,F1,0.6,FAN_DT_001,3.0,process-model-3.0.0-build3,6361,1,LIVE,SYNCHRONISED,AUTOMATIC,NORMAL,65,1950,1950,0,145,145,0.3,0.42,25.20801,38.19,1.146,1.048,0.0624,0.036,231.95,6.6294,-0.00834,1,0.18,3.598,1.5447,61,CRITICAL,F1,1,1,mechanical_imbalance,0.6,1,1,,,,,25,0
2026-08-19T15:34:33.661Z,1787153673661,FAN_DT_001_F1_S06_R01_20260819T153243,1,110.459,FAULT_ACTIVE,F1,0.6,FAN_DT_001,3.0,process-model-3.0.0-build3,6362,1,LIVE,SYNCHRONISED,AUTOMATIC,NORMAL,65,1950,1950,0,145,145,0.3,0.42,25.2257,38.2,1.146,1.048,0.0624,0.036,231.95,6.6961,-0.00848,1,0.18,3.655,1.5602,61,CRITICAL,F1,1,1,mechanical_imbalance,0.6,1,1,,,,,25,0
2026-08-19T15:34:34.699Z,1787153674699,FAN_DT_001_F1_S06_R01_20260819T153243,1,111.496,FAULT_ACTIVE,F1,0.6,FAN_DT_001,3.0,process-model-3.0.0-build3,6363,1,LIVE,SYNCHRONISED,AUTOMATIC,NORMAL,65,1950,1950,0,145,145,0.3,0.42,25.24323,38.2,1.146,1.048,0.0624,0.036,231.95,6.7625,-0.00864,1,0.18,3.725,1.5757,61,CRITICAL,F1,1,1,mechanical_imbalance,0.6,1,1,,,,,25,0
2026-08-19T15:34:35.739Z,1787153675739,FAN_DT_001_F1_S06_R01_20260819T153243,1,112.536,FAULT_ACTIVE,F1,0.6,FAN_DT_001,3.0,process-model-3.0.0-build3,6364,1,LIVE,SYNCHRONISED,AUTOMATIC,NORMAL,65,1950,1950,0,145,145,0.3,0.42,25.26068,38.21,1.146,1.048,0.0624,0.036,231.95,6.8291,-0.00878,1,0.18,3.785,1.5912,61,CRITICAL,F1,1,1,mechanical_imbalance,0.6,1,1,,,,,25,0
2026-08-19T15:34:36.766Z,1787153676766,FAN_DT_001_F1_S06_R01_20260819T153243,1,113.563,FAULT_ACTIVE,F1,0.6,FAN_DT_001,3.0,process-model-3.0.0-build3,6365,1,LIVE,SYNCHRONISED,AUTOMATIC,NORMAL,65,1950,1950,0,145,145,0.3,0.42,25.27798,38.22,1.146,1.048,0.0624,0.036,231.95,6.8957,-0.0089,1,0.18,3.837,1.6067,61,CRITICAL,F1,1,1,mechanical_imbalance,0.6,1,1,,,,,25,0
2026-08-19T15:34:37.806Z,1787153677806,FAN_DT_001_F1_S06_R01_20260819T153243,1,114.603,FAULT_ACTIVE,F1,0.6,FAN_DT_001,3.0,process-model-3.0.0-build3,6366,1,LIVE,SYNCHRONISED,AUTOMATIC,NORMAL,65,1950,1950,0,145,145,0.3,0.42,25.29511,38.23,1.146,1.048,0.0624,0.036,231.95,6.9622,-0.00903,1,0.18,3.892,1.6222,61,CRITICAL,F1,1,1,mechanical_imbalance,0.6,1,1,,,,,25,0
2026-08-19T15:34:38.836Z,1787153678836,FAN_DT_001_F1_S06_R01_20260819T153243,1,115.633,FAULT_ACTIVE,F1,0.6,FAN_DT_001,3.0,process-model-3.0.0-build3,6367,1,LIVE,SYNCHRONISED,AUTOMATIC,NORMAL,65,1950,1950,0,145,145,0.3,0.42,25.31211,38.24,1.146,1.048,0.0624,0.036,231.95,7.0288,-0.00917,1,0.18,3.955,1.6377,61,CRITICAL,F1,1,1,mechanical_imbalance,0.6,1,1,,,,,25,0
2026-08-19T15:34:39.869Z,1787153679869,FAN_DT_001_F1_S06_R01_20260819T153243,1,116.666,FAULT_ACTIVE,F1,0.6,FAN_DT_001,3.0,process-model-3.0.0-build3,6368,1,LIVE,SYNCHRONISED,AUTOMATIC,NORMAL,65,1950,1950,0,145,145,0.3,0.42,25.32895,38.25,1.146,1.048,0.0624,0.036,231.95,7.0954,-0.00928,1,0.18,4,1.6532,61,CRITICAL,F1,1,1,mechanical_imbalance,0.6,1,1,,,,,25,0
2026-08-19T15:34:40.907Z,1787153680907,FAN_DT_001_F1_S06_R01_20260819T153243,1,117.704,FAULT_ACTIVE,F1,0.6,FAN_DT_001,3.0,process-model-3.0.0-build3,6369,1,LIVE,SYNCHRONISED,AUTOMATIC,NORMAL,65,1950,1950,0,145,145,0.3,0.42,25.34554,38.26,1.146,1.048,0.0624,0.036,231.95,7.1617,-0.00939,1,0.18,4.047,1.6687,61,CRITICAL,F1,1,1,mechanical_imbalance,0.6,1,1,,,,,25,0
2026-08-19T15:34:41.951Z,1787153681951,FAN_DT_001_F1_S06_R01_20260819T153243,1,118.747,FAULT_ACTIVE,F1,0.6,FAN_DT_001,3.0,process-model-3.0.0-build3,6370,1,LIVE,SYNCHRONISED,AUTOMATIC,NORMAL,65,1950,1950,0,145,145,0.3,0.42,25.36203,38.27,1.146,1.048,0.0624,0.036,231.95,7.2284,-0.00951,1,0.18,4.098,1.6842,61,CRITICAL,F1,1,1,mechanical_imbalance,0.6,1,1,,,,,25,0
2026-08-19T15:34:42.974Z,1787153682974,FAN_DT_001_F1_S06_R01_20260819T153243,1,119.771,FAULT_ACTIVE,F1,0.6,FAN_DT_001,3.0,process-model-3.0.0-build3,6371,1,LIVE,SYNCHRONISED,AUTOMATIC,NORMAL,65,1950,1950,0,145,145,0.3,0.42,25.37827,38.28,1.146,1.048,0.0624,0.036,231.95,7.2947,-0.00962,1,0.18,4.149,1.6997,61,CRITICAL,F1,1,1,mechanical_imbalance,0.6,1,1,,,,,25,0
2026-08-19T15:34:44.046Z,1787153684046,FAN_DT_001_F1_S06_R01_20260819T153243,1,120.844,FAULT_ACTIVE,F1,0.6,FAN_DT_001,3.0,process-model-3.0.0-build3,6372,1,LIVE,SYNCHRONISED,AUTOMATIC,NORMAL,65,1950,1950,0,145,145,0.3,0.42,25.39444,38.29,1.146,1.048,0.0624,0.036,231.95,7.3617,-0.00973,1,0.18,4.193,1.7153,61,CRITICAL,F1,1,1,mechanical_imbalance,0.6,1,1,,,,,25,0
2026-08-19T15:34:45.044Z,1787153685044,FAN_DT_001_F1_S06_R01_20260819T153243,1,121.841,FAULT_ACTIVE,F1,0.6,FAN_DT_001,3.0,process-model-3.0.0-build3,6373,1,LIVE,SYNCHRONISED,AUTOMATIC,NORMAL,65,1950,1950,0,145,145,0.3,0.42,25.4103,38.3,1.146,1.048,0.0624,0.036,231.95,7.4282,-0.00982,1,0.18,4.235,1.7308,61,CRITICAL,F1,1,1,mechanical_imbalance,0.6,1,1,,,,,25,0
2026-08-19T15:34:46.081Z,1787153686081,FAN_DT_001_F1_S06_R01_20260819T153243,1,122.878,FAULT_ACTIVE,F1,0.6,FAN_DT_001,3.0,process-model-3.0.0-build3,6374,1,LIVE,SYNCHRONISED,AUTOMATIC,NORMAL,65,1950,1950,0,145,145,0.3,0.42,25.42592,38.31,1.146,1.048,0.0624,0.036,231.95,7.4945,-0.0099,1,0.18,4.269,1.7462,61,CRITICAL,F1,1,1,mechanical_imbalance,0.6,1,1,,,,,25,0
2026-08-19T15:34:47.113Z,1787153687113,FAN_DT_001_F1_S06_R01_20260819T153243,1,123.91,FAULT_ACTIVE,F1,0.6,FAN_DT_001,3.0,process-model-3.0.0-build3,6375,1,LIVE,SYNCHRONISED,AUTOMATIC,NORMAL,65,1950,1950,0,145,145,0.3,0.42,25.44138,38.32,1.146,1.048,0.0624,0.036,231.95,7.5613,-0.00999,1,0.18,4.307,1.7618,61,CRITICAL,F1,1,1,mechanical_imbalance,0.6,1,1,,,,,25,0
2026-08-19T15:34:48.144Z,1787153688144,FAN_DT_001_F1_S06_R01_20260819T153243,1,124.941,FAULT_ACTIVE,F1,0.6,FAN_DT_001,3.0,process-model-3.0.0-build3,6376,1,LIVE,SYNCHRONISED,AUTOMATIC,NORMAL,65,1950,1950,0,145,145,0.3,0.42,25.45657,38.33,1.146,1.048,0.0624,0.036,231.95,7.6278,-0.01006,1,0.18,4.336,1.7773,61,CRITICAL,F1,1,1,mechanical_imbalance,0.6,1,1,,,,,25,0
2026-08-19T15:34:49.182Z,1787153689182,FAN_DT_001_F1_S06_R01_20260819T153243,1,125.979,FAULT_ACTIVE,F1,0.6,FAN_DT_001,3.0,process-model-3.0.0-build3,6377,1,LIVE,SYNCHRONISED,AUTOMATIC,NORMAL,65,1950,1950,0,145,145,0.3,0.42,25.47148,38.34,1.146,1.048,0.0624,0.036,231.95,7.6941,-0.01014,1,0.18,4.373,1.7927,61,CRITICAL,F1,1,1,mechanical_imbalance,0.6,1,1,,,,,25,0
2026-08-19T15:34:50.217Z,1787153690217,FAN_DT_001_F1_S06_R01_20260819T153243,1,127.014,FAULT_ACTIVE,F1,0.6,FAN_DT_001,3.0,process-model-3.0.0-build3,6378,1,LIVE,SYNCHRONISED,AUTOMATIC,NORMAL,65,1950,1950,0,145,145,0.3,0.42,25.48623,38.35,1.146,1.048,0.0624,0.036,231.95,7.7608,-0.0102,1,0.18,4.399,1.8083,61,CRITICAL,F1,1,1,mechanical_imbalance,0.6,1,1,,,,,25,0
2026-08-19T15:34:51.252Z,1787153691252,FAN_DT_001_F1_S06_R01_20260819T153243,1,128.049,FAULT_ACTIVE,F1,0.6,FAN_DT_001,3.0,process-model-3.0.0-build3,6379,1,LIVE,SYNCHRONISED,AUTOMATIC,NORMAL,65,1950,1950,0,145,145,0.3,0.42,25.50065,38.36,1.146,1.048,0.0624,0.036,231.95,7.8273,-0.01026,1,0.18,4.424,1.8238,61,CRITICAL,F1,1,1,mechanical_imbalance,0.6,1,1,,,,,25,0
2026-08-19T15:34:52.296Z,1787153692296,FAN_DT_001_F1_S06_R01_20260819T153243,1,129.093,FAULT_ACTIVE,F1,0.6,FAN_DT_001,3.0,process-model-3.0.0-build3,6380,1,LIVE,SYNCHRONISED,AUTOMATIC,NORMAL,65,1950,1950,0,145,145,0.3,0.42,25.51482,38.37,1.146,1.048,0.0624,0.036,231.95,7.8937,-0.01034,1,0.18,4.457,1.8392,61,CRITICAL,F1,1,1,mechanical_imbalance,0.6,1,1,,,,,25,0
2026-08-19T15:34:53.349Z,1787153693349,FAN_DT_001_F1_S06_R01_20260819T153243,1,130.146,FAULT_ACTIVE,F1,0.6,FAN_DT_001,3.0,process-model-3.0.0-build3,6381,1,LIVE,SYNCHRONISED,AUTOMATIC,NORMAL,65,1950,1950,0,145,145,0.3,0.42,25.52878,38.38,1.146,1.048,0.0624,0.036,231.95,7.9605,-0.01038,1,0.18,4.477,1.8548,61,CRITICAL,F1,1,1,mechanical_imbalance,0.6,1,1,,,,,25,0
2026-08-19T15:34:54.352Z,1787153694352,FAN_DT_001_F1_S06_R01_20260819T153243,1,131.149,FAULT_ACTIVE,F1,0.6,FAN_DT_001,3.0,process-model-3.0.0-build3,6382,1,LIVE,SYNCHRONISED,AUTOMATIC,NORMAL,65,1950,1950,0,145,145,0.3,0.42,25.54242,38.39,1.146,1.048,0.0624,0.036,231.95,8.027,-0.01044,1,0.18,4.501,1.8703,61,CRITICAL,F1,1,1,mechanical_imbalance,0.6,1,1,,,,,25,0
2026-08-19T15:34:55.393Z,1787153695393,FAN_DT_001_F1_S06_R01_20260819T153243,1,132.19,FAULT_ACTIVE,F1,0.6,FAN_DT_001,3.0,process-model-3.0.0-build3,6383,1,LIVE,SYNCHRONISED,AUTOMATIC,NORMAL,65,1950,1950,0,145,145,0.3,0.42,25.55576,38.41,1.146,1.048,0.0624,0.036,231.95,8.0935,-0.01048,1,0.18,4.52,1.8858,61,CRITICAL,F1,1,1,mechanical_imbalance,0.6,1,1,,,,,25,0
2026-08-19T15:34:56.424Z,1787153696424,FAN_DT_001_F1_S06_R01_20260819T153243,1,133.221,FAULT_ACTIVE,F1,0.6,FAN_DT_001,3.0,process-model-3.0.0-build3,6384,1,LIVE,SYNCHRONISED,AUTOMATIC,NORMAL,65,1950,1950,0,145,145,0.3,0.42,25.56884,38.42,1.146,1.048,0.0624,0.036,231.95,8.1602,-0.01051,1,0.18,4.529,1.9013,61,CRITICAL,F1,1,1,mechanical_imbalance,0.6,1,1,,,,,25,0
2026-08-19T15:34:57.457Z,1787153697457,FAN_DT_001_F1_S06_R01_20260819T153243,1,134.255,FAULT_ACTIVE,F1,0.6,FAN_DT_001,3.0,process-model-3.0.0-build3,6385,1,LIVE,SYNCHRONISED,AUTOMATIC,NORMAL,65,1950,1950,0,145,145,0.3,0.42,25.58161,38.43,1.146,1.048,0.0624,0.036,231.95,8.2268,-0.01055,1,0.18,4.548,1.9168,61,CRITICAL,F1,1,1,mechanical_imbalance,0.6,1,1,,,,,25,0
2026-08-19T15:34:58.496Z,1787153698496,FAN_DT_001_F1_S06_R01_20260819T153243,1,135.293,FAULT_ACTIVE,F1,0.6,FAN_DT_001,3.0,process-model-3.0.0-build3,6386,1,LIVE,SYNCHRONISED,AUTOMATIC,NORMAL,65,1950,1950,0,145,145,0.3,0.42,25.59405,38.44,1.146,1.048,0.0624,0.036,231.95,8.2932,-0.01056,1,0.18,4.554,1.9323,61,CRITICAL,F1,1,1,mechanical_imbalance,0.6,1,1,,,,,25,0
2026-08-19T15:34:59.527Z,1787153699527,FAN_DT_001_F1_S06_R01_20260819T153243,1,136.324,FAULT_ACTIVE,F1,0.6,FAN_DT_001,3.0,process-model-3.0.0-build3,6387,1,LIVE,SYNCHRONISED,AUTOMATIC,NORMAL,65,1950,1950,0,145,145,0.3,0.42,25.6062,38.45,1.146,1.048,0.0624,0.036,231.95,8.3598,-0.01059,1,0.18,4.566,1.9478,61,CRITICAL,F1,1,1,mechanical_imbalance,0.6,1,1,,,,,25,0
2026-08-19T15:35:00.562Z,1787153700562,FAN_DT_001_F1_S06_R01_20260819T153243,1,137.359,FAULT_ACTIVE,F1,0.6,FAN_DT_001,3.0,process-model-3.0.0-build3,6388,1,LIVE,SYNCHRONISED,AUTOMATIC,NORMAL,65,1950,1950,0,145,145,0.3,0.42,25.618,38.46,1.146,1.048,0.0624,0.036,231.95,8.4262,-0.01061,1,0.18,4.575,1.9633,61,CRITICAL,F1,1,1,mechanical_imbalance,0.6,1,1,,,,,25,0
2026-08-19T15:35:01.596Z,1787153701596,FAN_DT_001_F1_S06_R01_20260819T153243,1,138.393,FAULT_ACTIVE,F1,0.6,FAN_DT_001,3.0,process-model-3.0.0-build3,6389,1,LIVE,SYNCHRONISED,AUTOMATIC,NORMAL,65,1950,1950,0,145,145,0.3,0.42,25.62949,38.47,1.146,1.048,0.0624,0.036,231.95,8.4928,-0.0106,1,0.18,4.568,1.9788,61,CRITICAL,F1,1,1,mechanical_imbalance,0.6,1,1,,,,,25,0
2026-08-19T15:35:02.647Z,1787153702647,FAN_DT_001_F1_S06_R01_20260819T153243,1,139.444,FAULT_ACTIVE,F1,0.6,FAN_DT_001,3.0,process-model-3.0.0-build3,6390,1,LIVE,SYNCHRONISED,AUTOMATIC,NORMAL,65,1950,1950,0,145,145,0.3,0.42,25.64066,38.48,1.146,1.048,0.0624,0.036,231.95,8.5593,-0.01061,1,0.18,4.574,1.9943,61,CRITICAL,F1,1,1,mechanical_imbalance,0.6,1,1,,,,,25,0
2026-08-19T15:35:03.663Z,1787153703663,FAN_DT_001_F1_S06_R01_20260819T153243,1,140.46,FAULT_ACTIVE,F1,0.6,FAN_DT_001,3.0,process-model-3.0.0-build3,6391,1,LIVE,SYNCHRONISED,AUTOMATIC,NORMAL,65,1950,1950,0,145,145,0.3,0.42,25.65145,38.49,1.146,1.048,0.0624,0.036,231.95,8.6256,-0.01062,1,0.18,4.579,2.0098,61,CRITICAL,F1,1,1,mechanical_imbalance,0.6,1,1,,,,,25,0
2026-08-19T15:35:04.695Z,1787153704695,FAN_DT_001_F1_S06_R01_20260819T153243,1,141.492,FAULT_ACTIVE,F1,0.6,FAN_DT_001,3.0,process-model-3.0.0-build3,6392,1,LIVE,SYNCHRONISED,AUTOMATIC,NORMAL,65,1950,1950,0,145,145,0.3,0.42,25.66195,38.5,1.146,1.048,0.0624,0.036,231.95,8.6923,-0.0106,1,0.18,4.568,2.0253,61,CRITICAL,F1,1,1,mechanical_imbalance,0.6,1,1,,,,,25,0
2026-08-19T15:35:05.730Z,1787153705730,FAN_DT_001_F1_S06_R01_20260819T153243,1,142.527,FAULT_ACTIVE,F1,0.6,FAN_DT_001,3.0,process-model-3.0.0-build3,6393,1,LIVE,SYNCHRONISED,AUTOMATIC,NORMAL,65,1950,1950,0,145,145,0.3,0.42,25.67207,38.51,1.146,1.048,0.0624,0.036,231.95,8.7587,-0.01058,1,0.18,4.56,2.0408,61,CRITICAL,F1,1,1,mechanical_imbalance,0.6,1,1,,,,,25,0
2026-08-19T15:35:06.765Z,1787153706765,FAN_DT_001_F1_S06_R01_20260819T153243,1,143.562,FAULT_ACTIVE,F1,0.6,FAN_DT_001,3.0,process-model-3.0.0-build3,6394,1,LIVE,SYNCHRONISED,AUTOMATIC,NORMAL,65,1950,1950,0,145,145,0.3,0.42,25.68184,38.53,1.146,1.048,0.0624,0.036,231.95,8.8252,-0.01057,1,0.18,4.558,2.0563,61,CRITICAL,F1,1,1,mechanical_imbalance,0.6,1,1,,,,,25,0
2026-08-19T15:35:07.797Z,1787153707797,FAN_DT_001_F1_S06_R01_20260819T153243,1,144.594,FAULT_ACTIVE,F1,0.6,FAN_DT_001,3.0,process-model-3.0.0-build3,6395,1,LIVE,SYNCHRONISED,AUTOMATIC,NORMAL,65,1950,1950,0,145,145,0.3,0.42,25.69128,38.54,1.146,1.048,0.0624,0.036,231.95,8.8919,-0.01054,1,0.18,4.545,2.0718,61,CRITICAL,F1,1,1,mechanical_imbalance,0.6,1,1,,,,,25,0
2026-08-19T15:35:08.832Z,1787153708832,FAN_DT_001_F1_S06_R01_20260819T153243,1,145.629,FAULT_ACTIVE,F1,0.6,FAN_DT_001,3.0,process-model-3.0.0-build3,6396,1,LIVE,SYNCHRONISED,AUTOMATIC,NORMAL,65,1950,1950,0,145,145,0.3,0.42,25.7003,38.55,1.146,1.048,0.0624,0.036,231.95,8.9581,-0.01051,1,0.18,4.532,2.0872,61,CRITICAL,F1,1,1,mechanical_imbalance,0.6,1,1,,,,,25,0
2026-08-19T15:35:09.865Z,1787153709865,FAN_DT_001_F1_S06_R01_20260819T153243,1,146.662,FAULT_ACTIVE,F1,0.6,FAN_DT_001,3.0,process-model-3.0.0-build3,6397,1,LIVE,SYNCHRONISED,AUTOMATIC,NORMAL,65,1950,1950,0,145,145,0.3,0.42,25.70902,38.56,1.146,1.048,0.0624,0.036,231.95,9.0249,-0.01047,1,0.18,4.513,2.1028,61,CRITICAL,F1,1,1,mechanical_imbalance,0.6,1,1,,,,,25,0
2026-08-19T15:35:10.902Z,1787153710902,FAN_DT_001_F1_S06_R01_20260819T153243,1,147.699,FAULT_ACTIVE,F1,0.6,FAN_DT_001,3.0,process-model-3.0.0-build3,6398,1,LIVE,SYNCHRONISED,AUTOMATIC,NORMAL,65,1950,1950,0,145,145,0.3,0.42,25.71732,38.57,1.146,1.048,0.0624,0.036,231.95,9.0913,-0.01043,1,0.18,4.498,2.1183,61,CRITICAL,F1,1,1,mechanical_imbalance,0.6,1,1,,,,,25,0
2026-08-19T15:35:11.950Z,1787153711950,FAN_DT_001_F1_S06_R01_20260819T153243,1,148.747,FAULT_ACTIVE,F1,0.6,FAN_DT_001,3.0,process-model-3.0.0-build3,6399,1,LIVE,SYNCHRONISED,AUTOMATIC,NORMAL,65,1950,1950,0,145,145,0.3,0.42,25.72526,38.58,1.146,1.048,0.0624,0.036,231.95,9.1579,-0.01038,1,0.18,4.477,2.1338,61,CRITICAL,F1,1,1,mechanical_imbalance,0.6,1,1,,,,,25,0
2026-08-19T15:35:12.969Z,1787153712969,FAN_DT_001_F1_S06_R01_20260819T153243,1,149.767,FAULT_ACTIVE,F1,0.6,FAN_DT_001,3.0,process-model-3.0.0-build3,6400,1,LIVE,SYNCHRONISED,AUTOMATIC,NORMAL,65,1950,1950,0,145,145,0.3,0.42,25.73284,38.59,1.146,1.048,0.0624,0.036,231.95,9.2246,-0.01034,1,0.18,4.457,2.1493,61,CRITICAL,F1,1,1,mechanical_imbalance,0.6,1,1,,,,,25,0
2026-08-19T15:35:14.007Z,1787153714007,FAN_DT_001_F1_S06_R01_20260819T153243,1,150.804,FAULT_ACTIVE,F1,0.6,FAN_DT_001,3.0,process-model-3.0.0-build3,6401,1,LIVE,SYNCHRONISED,AUTOMATIC,NORMAL,65,1950,1950,0,145,145,0.3,0.42,25.74,38.6,1.146,1.048,0.0624,0.036,231.95,9.291,-0.01028,1,0.18,4.433,2.1648,61,CRITICAL,F1,1,1,mechanical_imbalance,0.6,1,1,,,,,25,0
2026-08-19T15:35:15.007Z,1787153715007,FAN_DT_001_F1_S06_R01_20260819T153243,1,151.804,FAULT_ACTIVE,F1,0.6,FAN_DT_001,3.0,process-model-3.0.0-build3,6402,1,LIVE,SYNCHRONISED,AUTOMATIC,NORMAL,65,1950,1950,0,145,145,0.3,0.42,25.74687,38.61,1.146,1.048,0.0624,0.036,231.95,9.3584,-0.0102,1,0.18,4.398,2.1805,61,CRITICAL,F1,1,1,mechanical_imbalance,0.6,1,1,,,,,25,0
2026-08-19T15:35:16.043Z,1787153716043,FAN_DT_001_F1_S06_R01_20260819T153243,1,152.84,FAULT_ACTIVE,F1,0.6,FAN_DT_001,3.0,process-model-3.0.0-build3,6403,1,LIVE,SYNCHRONISED,AUTOMATIC,NORMAL,65,1950,1950,0,145,145,0.3,0.42,25.75298,38.62,1.146,1.048,0.0624,0.036,231.95,9.422,-0.01016,1,0.18,4.382,2.1953,61,CRITICAL,F1,1,1,mechanical_imbalance,0.6,1,1,,,,,25,0
2026-08-19T15:35:17.078Z,1787153717078,FAN_DT_001_F1_S06_R01_20260819T153243,1,153.876,FAULT_ACTIVE,F1,0.6,FAN_DT_001,3.0,process-model-3.0.0-build3,6404,1,LIVE,SYNCHRONISED,AUTOMATIC,NORMAL,65,1950,1950,0,145,145,0.3,0.42,25.75898,38.63,1.146,1.048,0.0624,0.036,231.95,9.4887,-0.01008,1,0.18,4.347,2.2109,61,CRITICAL,F1,1,1,mechanical_imbalance,0.6,1,1,,,,,25,0
2026-08-19T15:35:18.110Z,1787153718110,FAN_DT_001_F1_S06_R01_20260819T153243,1,154.907,FAULT_ACTIVE,F1,0.6,FAN_DT_001,3.0,process-model-3.0.0-build3,6405,1,LIVE,SYNCHRONISED,AUTOMATIC,NORMAL,65,1950,1950,0,145,145,0.3,0.42,25.76457,38.64,1.146,1.048,0.0624,0.036,231.95,9.555,-0.01,1,0.18,4.311,2.2263,61,CRITICAL,F1,1,1,mechanical_imbalance,0.6,1,1,,,,,25,0
2026-08-19T15:35:19.171Z,1787153719171,FAN_DT_001_F1_S06_R01_20260819T153243,1,155.968,FAULT_ACTIVE,F1,0.6,FAN_DT_001,3.0,process-model-3.0.0-build3,6406,1,LIVE,SYNCHRONISED,AUTOMATIC,NORMAL,65,1950,1950,0,145,145,0.3,0.42,25.76979,38.65,1.146,1.048,0.0624,0.036,231.95,9.6218,-0.0099,1,0.18,4.268,2.2419,61,CRITICAL,F1,1,1,mechanical_imbalance,0.6,1,1,,,,,25,0
2026-08-19T15:35:20.179Z,1787153720179,FAN_DT_001_F1_S06_R01_20260819T153243,1,156.976,FAULT_ACTIVE,F1,0.6,FAN_DT_001,3.0,process-model-3.0.0-build3,6407,1,LIVE,SYNCHRONISED,AUTOMATIC,NORMAL,65,1950,1950,0,145,145,0.3,0.42,25.77458,38.66,1.146,1.048,0.0624,0.036,231.95,9.6881,-0.00983,1,0.18,4.236,2.2573,61,CRITICAL,F1,1,1,mechanical_imbalance,0.6,1,1,,,,,25,0
2026-08-19T15:35:21.211Z,1787153721211,FAN_DT_001_F1_S06_R01_20260819T153243,1,158.008,FAULT_ACTIVE,F1,0.6,FAN_DT_001,3.0,process-model-3.0.0-build3,6408,1,LIVE,SYNCHRONISED,AUTOMATIC,NORMAL,65,1950,1950,0,145,145,0.3,0.42,25.77896,38.67,1.146,1.048,0.0624,0.036,231.95,9.7546,-0.00972,1,0.18,4.19,2.2728,61,CRITICAL,F1,1,1,mechanical_imbalance,0.6,1,1,,,,,25,0
2026-08-19T15:35:22.244Z,1787153722244,FAN_DT_001_F1_S06_R01_20260819T153243,1,159.041,FAULT_ACTIVE,F1,0.6,FAN_DT_001,3.0,process-model-3.0.0-build3,6409,1,LIVE,SYNCHRONISED,AUTOMATIC,NORMAL,65,1950,1950,0,145,145,0.3,0.42,25.78293,38.68,1.146,1.048,0.0624,0.036,231.95,9.8212,-0.00964,1,0.18,4.156,2.2883,61,CRITICAL,F1,1,1,mechanical_imbalance,0.6,1,1,,,,,25,0
2026-08-19T15:35:23.277Z,1787153723277,FAN_DT_001_F1_S06_R01_20260819T153243,1,160.074,FAULT_ACTIVE,F1,0.6,FAN_DT_001,3.0,process-model-3.0.0-build3,6410,1,LIVE,SYNCHRONISED,AUTOMATIC,NORMAL,65,1950,1950,0,145,145,0.3,0.42,25.78649,38.69,1.146,1.048,0.0624,0.036,231.95,9.8874,-0.00954,1,0.18,4.112,2.3038,61,CRITICAL,F1,1,1,mechanical_imbalance,0.6,1,1,,,,,25,0
2026-08-19T15:35:24.307Z,1787153724307,FAN_DT_001_F1_S06_R01_20260819T153243,1,161.104,FAULT_ACTIVE,F1,0.6,FAN_DT_001,3.0,process-model-3.0.0-build3,6411,1,LIVE,SYNCHRONISED,AUTOMATIC,NORMAL,65,1950,1950,0,145,145,0.3,0.42,25.78964,38.7,1.146,1.048,0.0624,0.036,231.95,9.954,-0.0094,1,0.18,4.053,2.3193,61,CRITICAL,F1,1,1,mechanical_imbalance,0.6,1,1,,,,,25,0
2026-08-19T15:35:25.343Z,1787153725343,FAN_DT_001_F1_S06_R01_20260819T153243,1,162.14,FAULT_ACTIVE,F1,0.6,FAN_DT_001,3.0,process-model-3.0.0-build3,6412,1,LIVE,SYNCHRONISED,AUTOMATIC,NORMAL,65,1950,1950,0,145,145,0.3,0.42,25.79237,38.71,1.146,1.048,0.0624,0.036,231.95,10.0204,-0.0093,1,0.18,4.01,2.3347,61,CRITICAL,F1,1,1,mechanical_imbalance,0.6,1,1,,,,,25,0
2026-08-19T15:35:26.376Z,1787153726376,FAN_DT_001_F1_S06_R01_20260819T153243,1,163.173,FAULT_ACTIVE,F1,0.6,FAN_DT_001,3.0,process-model-3.0.0-build3,6413,1,LIVE,SYNCHRONISED,AUTOMATIC,NORMAL,65,1950,1950,0,145,145,0.3,0.42,25.7947,38.72,1.146,1.048,0.0624,0.036,231.95,10.0872,-0.00917,1,0.18,3.955,2.3503,61,CRITICAL,F1,1,1,mechanical_imbalance,0.6,1,1,,,,,25,0
2026-08-19T15:35:27.414Z,1787153727414,FAN_DT_001_F1_S06_R01_20260819T153243,1,164.212,FAULT_ACTIVE,F1,0.6,FAN_DT_001,3.0,process-model-3.0.0-build3,6414,1,LIVE,SYNCHRONISED,AUTOMATIC,NORMAL,65,1950,1950,0,145,145,0.3,0.42,25.7966,38.73,1.146,1.048,0.0624,0.036,231.95,10.1536,-0.00906,1,0.18,3.904,2.3658,61,CRITICAL,F1,1,1,mechanical_imbalance,0.6,1,1,,,,,25,0
2026-08-19T15:35:28.450Z,1787153728450,FAN_DT_001_F1_S06_R01_20260819T153243,1,165.247,FAULT_ACTIVE,F1,0.6,FAN_DT_001,3.0,process-model-3.0.0-build3,6415,1,LIVE,SYNCHRONISED,AUTOMATIC,NORMAL,65,1950,1950,0,145,145,0.3,0.42,25.79808,38.74,1.146,1.048,0.0624,0.036,231.95,10.2203,-0.00893,1,0.18,3.85,2.3813,61,CRITICAL,F1,1,1,mechanical_imbalance,0.6,1,1,,,,,25,0
2026-08-19T15:35:29.478Z,1787153729478,FAN_DT_001_F1_S06_R01_20260819T153243,1,166.275,FAULT_ACTIVE,F1,0.6,FAN_DT_001,3.0,process-model-3.0.0-build3,6416,1,LIVE,SYNCHRONISED,AUTOMATIC,NORMAL,65,1950,1950,0,145,145,0.3,0.42,25.79914,38.75,1.146,1.048,0.0624,0.036,231.95,10.2867,-0.00878,1,0.18,3.787,2.3968,61,CRITICAL,F1,1,1,mechanical_imbalance,0.6,1,1,,,,,25,0
2026-08-19T15:35:30.508Z,1787153730508,FAN_DT_001_F1_S06_R01_20260819T153243,1,167.305,FAULT_ACTIVE,F1,0.6,FAN_DT_001,3.0,process-model-3.0.0-build3,6417,1,LIVE,SYNCHRONISED,AUTOMATIC,NORMAL,65,1950,1950,0,145,145,0.3,0.42,25.79978,38.76,1.146,1.048,0.0624,0.036,231.95,10.3531,-0.00866,1,0.18,3.733,2.4123,61,CRITICAL,F1,1,1,mechanical_imbalance,0.6,1,1,,,,,25,0
2026-08-19T15:35:31.544Z,1787153731544,FAN_DT_001_F1_S06_R01_20260819T153243,1,168.341,FAULT_ACTIVE,F1,0.6,FAN_DT_001,3.0,process-model-3.0.0-build3,6418,1,LIVE,SYNCHRONISED,AUTOMATIC,NORMAL,65,1950,1950,0,145,145,0.3,0.42,25.8,38.77,1.146,1.048,0.0624,0.036,231.95,10.4194,-0.00852,1,0.18,3.675,2.4277,61,CRITICAL,F1,1,1,mechanical_imbalance,0.6,1,1,,,,,25,0
2026-08-19T15:35:32.578Z,1787153732578,FAN_DT_001_F1_S06_R01_20260819T153243,1,169.375,FAULT_ACTIVE,F1,0.6,FAN_DT_001,3.0,process-model-3.0.0-build3,6419,1,LIVE,SYNCHRONISED,AUTOMATIC,NORMAL,65,1950,1950,0,145,145,0.3,0.42,25.7998,38.78,1.146,1.048,0.0624,0.036,231.95,10.4861,-0.00836,1,0.18,3.603,2.4432,61,CRITICAL,F1,1,1,mechanical_imbalance,0.6,1,1,,,,,25,0
2026-08-19T15:35:33.610Z,1787153733610,FAN_DT_001_F1_S06_R01_20260819T153243,1,170.407,FAULT_ACTIVE,F1,0.6,FAN_DT_001,3.0,process-model-3.0.0-build3,6420,1,LIVE,SYNCHRONISED,AUTOMATIC,NORMAL,65,1950,1950,0,145,145,0.3,0.42,25.79918,38.79,1.146,1.048,0.0624,0.036,231.95,10.5525,-0.00821,1,0.18,3.538,2.4587,61,CRITICAL,F1,1,1,mechanical_imbalance,0.6,1,1,,,,,25,0
2026-08-19T15:35:34.648Z,1787153734648,FAN_DT_001_F1_S06_R01_20260819T153243,1,171.445,FAULT_ACTIVE,F1,0.6,FAN_DT_001,3.0,process-model-3.0.0-build3,6421,1,LIVE,SYNCHRONISED,AUTOMATIC,NORMAL,65,1950,1950,0,145,145,0.3,0.42,25.79814,38.79,1.146,1.048,0.0624,0.036,231.95,10.619,-0.00805,1,0.18,3.471,2.4742,61,CRITICAL,F1,1,1,mechanical_imbalance,0.6,1,1,,,,,25,0
2026-08-19T15:35:35.682Z,1787153735682,FAN_DT_001_F1_S06_R01_20260819T153243,1,172.479,FAULT_ACTIVE,F1,0.6,FAN_DT_001,3.0,process-model-3.0.0-build3,6422,1,LIVE,SYNCHRONISED,AUTOMATIC,NORMAL,65,1950,1950,0,145,145,0.3,0.42,25.79667,38.8,1.146,1.048,0.0624,0.036,231.95,10.6858,-0.0079,1,0.18,3.405,2.4898,61,CRITICAL,F1,1,1,mechanical_imbalance,0.6,1,1,,,,,25,0
2026-08-19T15:35:36.719Z,1787153736719,FAN_DT_001_F1_S06_R01_20260819T153243,1,173.516,FAULT_ACTIVE,F1,0.6,FAN_DT_001,3.0,process-model-3.0.0-build3,6423,1,LIVE,SYNCHRONISED,AUTOMATIC,NORMAL,65,1950,1950,0,145,145,0.3,0.42,25.79479,38.81,1.146,1.048,0.0624,0.036,231.95,10.7521,-0.00772,1,0.18,3.327,2.5052,61,CRITICAL,F1,1,1,mechanical_imbalance,0.6,1,1,,,,,25,0
2026-08-19T15:35:37.749Z,1787153737749,FAN_DT_001_F1_S06_R01_20260819T153243,1,174.547,FAULT_ACTIVE,F1,0.6,FAN_DT_001,3.0,process-model-3.0.0-build3,6424,1,LIVE,SYNCHRONISED,AUTOMATIC,NORMAL,65,1950,1950,0,145,145,0.3,0.42,25.79248,38.82,1.146,1.048,0.0624,0.036,231.95,10.8188,-0.00757,1,0.18,3.263,2.5208,61,CRITICAL,F1,1,1,mechanical_imbalance,0.6,1,1,,,,,25,0
2026-08-19T15:35:38.787Z,1787153738787,FAN_DT_001_F1_S06_R01_20260819T153243,1,175.584,FAULT_ACTIVE,F1,0.6,FAN_DT_001,3.0,process-model-3.0.0-build3,6425,1,LIVE,SYNCHRONISED,AUTOMATIC,NORMAL,65,1950,1950,0,145,145,0.3,0.42,25.78977,38.83,1.146,1.048,0.0624,0.036,231.95,10.8852,-0.0074,1,0.18,3.19,2.5363,61,CRITICAL,F1,1,1,mechanical_imbalance,0.6,1,1,,,,,25,0
2026-08-19T15:35:39.849Z,1787153739849,FAN_DT_001_F1_S06_R01_20260819T153243,1,176.646,FAULT_ACTIVE,F1,0.6,FAN_DT_001,3.0,process-model-3.0.0-build3,6426,1,LIVE,SYNCHRONISED,AUTOMATIC,NORMAL,65,1950,1950,0,145,145,0.3,0.42,25.78663,38.83,1.146,1.048,0.0624,0.036,231.95,10.952,-0.00721,1,0.18,3.107,2.5518,61,CRITICAL,F1,1,1,mechanical_imbalance,0.6,1,1,,,,,25,0
2026-08-19T15:35:40.857Z,1787153740857,FAN_DT_001_F1_S06_R01_20260819T153243,1,177.654,FAULT_ACTIVE,F1,0.6,FAN_DT_001,3.0,process-model-3.0.0-build3,6427,1,LIVE,SYNCHRONISED,AUTOMATIC,NORMAL,65,1950,1950,0,145,145,0.3,0.42,25.78308,38.84,1.146,1.048,0.0624,0.036,231.95,11.0184,-0.00704,1,0.18,3.036,2.5673,61,CRITICAL,F1,1,1,mechanical_imbalance,0.6,1,1,,,,,25,0
2026-08-19T15:35:41.889Z,1787153741889,FAN_DT_001_F1_S06_R01_20260819T153243,1,178.686,FAULT_ACTIVE,F1,0.6,FAN_DT_001,3.0,process-model-3.0.0-build3,6428,1,LIVE,SYNCHRONISED,AUTOMATIC,NORMAL,65,1950,1950,0,145,145,0.3,0.42,25.77911,38.85,1.146,1.048,0.0624,0.036,231.95,11.0852,-0.00684,1,0.18,2.95,2.5828,61,CRITICAL,F1,1,1,mechanical_imbalance,0.6,1,1,,,,,25,0
2026-08-19T15:35:42.924Z,1787153742924,FAN_DT_001_F1_S06_R01_20260819T153243,1,179.721,FAULT_ACTIVE,F1,0.6,FAN_DT_001,3.0,process-model-3.0.0-build3,6429,1,LIVE,SYNCHRONISED,AUTOMATIC,NORMAL,65,1950,1950,0,145,145,0.3,0.42,25.77475,38.85,1.146,1.048,0.0624,0.036,231.95,11.1514,-0.00666,1,0.18,2.872,2.5983,61,CRITICAL,F1,1,1,mechanical_imbalance,0.6,1,1,,,,,25,0
2026-08-19T15:35:43.956Z,1787153743956,FAN_DT_001_F1_S06_R01_20260819T153243,1,180.753,FAULT_ACTIVE,F1,0.6,FAN_DT_001,3.0,process-model-3.0.0-build3,6430,1,LIVE,SYNCHRONISED,AUTOMATIC,NORMAL,65,1950,1950,0,145,145,0.3,0.42,25.76996,38.86,1.146,1.048,0.0624,0.036,231.95,11.2182,-0.00646,1,0.18,2.784,2.6138,61,CRITICAL,F1,1,1,mechanical_imbalance,0.6,1,1,,,,,25,0
2026-08-19T15:35:45.006Z,1787153745006,FAN_DT_001_F1_S06_R01_20260819T153243,1,181.803,FAULT_ACTIVE,F1,0.6,FAN_DT_001,3.0,process-model-3.0.0-build3,6431,1,LIVE,SYNCHRONISED,AUTOMATIC,NORMAL,65,1950,1950,0,145,145,0.3,0.42,25.76481,38.87,1.146,1.048,0.0624,0.036,231.95,11.2842,-0.00628,1,0.18,2.708,2.6292,61,CRITICAL,F1,1,1,mechanical_imbalance,0.6,1,1,,,,,25,0
2026-08-19T15:35:46.025Z,1787153746025,FAN_DT_001_F1_S06_R01_20260819T153243,1,182.822,FAULT_ACTIVE,F1,0.6,FAN_DT_001,3.0,process-model-3.0.0-build3,6432,1,LIVE,SYNCHRONISED,AUTOMATIC,NORMAL,65,1950,1950,0,145,145,0.3,0.42,25.7592,38.87,1.146,1.048,0.0624,0.036,231.95,11.3511,-0.00607,1,0.18,2.616,2.6448,61,CRITICAL,F1,1,1,mechanical_imbalance,0.6,1,1,,,,,25,0
2026-08-19T15:35:47.061Z,1787153747061,FAN_DT_001_F1_S06_R01_20260819T153243,1,183.858,FAULT_ACTIVE,F1,0.6,FAN_DT_001,3.0,process-model-3.0.0-build3,6433,1,LIVE,SYNCHRONISED,AUTOMATIC,NORMAL,65,1950,1950,0,145,145,0.3,0.42,25.75323,38.88,1.146,1.048,0.0624,0.036,231.95,11.4175,-0.00587,1,0.18,2.53,2.6603,61,CRITICAL,F1,1,1,mechanical_imbalance,0.6,1,1,,,,,25,0
2026-08-19T15:35:48.091Z,1787153748091,FAN_DT_001_F1_S06_R01_20260819T153243,1,184.888,FAULT_ACTIVE,F1,0.6,FAN_DT_001,3.0,process-model-3.0.0-build3,6434,1,LIVE,SYNCHRONISED,AUTOMATIC,NORMAL,65,1950,1950,0,145,145,0.3,0.42,25.74682,38.89,1.146,1.048,0.0624,0.036,231.95,11.4842,-0.00568,1,0.18,2.447,2.6758,61,CRITICAL,F1,1,1,mechanical_imbalance,0.6,1,1,,,,,25,0
2026-08-19T15:35:49.126Z,1787153749126,FAN_DT_001_F1_S06_R01_20260819T153243,1,185.923,FAULT_ACTIVE,F1,0.6,FAN_DT_001,3.0,process-model-3.0.0-build3,6435,1,LIVE,SYNCHRONISED,AUTOMATIC,NORMAL,65,1950,1950,0,145,145,0.3,0.42,25.74008,38.89,1.146,1.048,0.0624,0.036,231.95,11.5504,-0.00546,1,0.18,2.353,2.6913,61,CRITICAL,F1,1,1,mechanical_imbalance,0.6,1,1,,,,,25,0
2026-08-19T15:35:50.160Z,1787153750160,FAN_DT_001_F1_S06_R01_20260819T153243,1,186.957,FAULT_ACTIVE,F1,0.6,FAN_DT_001,3.0,process-model-3.0.0-build3,6436,1,LIVE,SYNCHRONISED,AUTOMATIC,NORMAL,65,1950,1950,0,145,145,0.3,0.42,25.73288,38.9,1.146,1.048,0.0624,0.036,231.95,11.6173,-0.00524,1,0.18,2.261,2.7068,61,CRITICAL,F1,1,1,mechanical_imbalance,0.6,1,1,,,,,25,0
2026-08-19T15:35:51.197Z,1787153751197,FAN_DT_001_F1_S06_R01_20260819T153243,1,187.994,FAULT_ACTIVE,F1,0.6,FAN_DT_001,3.0,process-model-3.0.0-build3,6437,1,LIVE,SYNCHRONISED,AUTOMATIC,NORMAL,65,1950,1950,0,145,145,0.3,0.42,25.72534,38.9,1.146,1.048,0.0624,0.036,231.95,11.6837,-0.00505,1,0.18,2.176,2.7223,61,CRITICAL,F1,1,1,mechanical_imbalance,0.6,1,1,,,,,25,0
2026-08-19T15:35:52.227Z,1787153752227,FAN_DT_001_F1_S06_R01_20260819T153243,1,189.024,FAULT_ACTIVE,F1,0.6,FAN_DT_001,3.0,process-model-3.0.0-build3,6438,1,LIVE,SYNCHRONISED,AUTOMATIC,NORMAL,65,1950,1950,0,145,145,0.3,0.42,25.71739,38.91,1.146,1.048,0.0624,0.036,231.95,11.7503,-0.00482,1,0.18,2.079,2.7378,61,CRITICAL,F1,1,1,mechanical_imbalance,0.6,1,1,,,,,25,0
2026-08-19T15:35:53.263Z,1787153753263,FAN_DT_001_F1_S06_R01_20260819T153243,1,190.06,FAULT_ACTIVE,F1,0.6,FAN_DT_001,3.0,process-model-3.0.0-build3,6439,1,LIVE,SYNCHRONISED,AUTOMATIC,NORMAL,65,1950,1950,0,145,145,0.3,0.42,25.70912,38.91,1.146,1.048,0.0624,0.036,231.95,11.8166,-0.0046,1,0.18,1.984,2.7533,61,CRITICAL,F1,1,1,mechanical_imbalance,0.6,1,1,,,,,25,0
2026-08-19T15:35:54.311Z,1787153754311,FAN_DT_001_F1_S06_R01_20260819T153243,1,191.108,FAULT_ACTIVE,F1,0.6,FAN_DT_001,3.0,process-model-3.0.0-build3,6440,1,LIVE,SYNCHRONISED,AUTOMATIC,NORMAL,65,1950,1950,0,145,145,0.3,0.42,25.7004,38.92,1.146,1.048,0.0624,0.036,231.95,11.8834,-0.00439,1,0.18,1.893,2.7688,61,CRITICAL,F1,1,1,mechanical_imbalance,0.6,1,1,,,,,25,0
2026-08-19T15:35:55.331Z,1787153755331,FAN_DT_001_F1_S06_R01_20260819T153243,1,192.128,FAULT_ACTIVE,F1,0.6,FAN_DT_001,3.0,process-model-3.0.0-build3,6441,1,LIVE,SYNCHRONISED,AUTOMATIC,NORMAL,65,1950,1950,0,145,145,0.3,0.42,25.69138,38.92,1.146,1.048,0.0624,0.036,231.95,11.9497,-0.00416,1,0.18,1.794,2.7843,61,CRITICAL,F1,1,1,mechanical_imbalance,0.6,1,1,,,,,25,0
2026-08-19T15:35:56.364Z,1787153756364,FAN_DT_001_F1_S06_R01_20260819T153243,1,193.161,FAULT_ACTIVE,F1,0.6,FAN_DT_001,3.0,process-model-3.0.0-build3,6442,1,LIVE,SYNCHRONISED,AUTOMATIC,NORMAL,65,1950,1950,0,145,145,0.3,0.42,25.68193,38.93,1.146,1.048,0.0624,0.036,231.95,12.0163,-0.00394,1,0.18,1.697,2.7998,61,CRITICAL,F1,1,1,mechanical_imbalance,0.6,1,1,,,,,25,0
2026-08-19T15:35:57.400Z,1787153757400,FAN_DT_001_F1_S06_R01_20260819T153243,1,194.198,FAULT_ACTIVE,F1,0.6,FAN_DT_001,3.0,process-model-3.0.0-build3,6443,1,LIVE,SYNCHRONISED,AUTOMATIC,NORMAL,65,1950,1950,0,145,145,0.3,0.42,25.67216,38.93,1.146,1.048,0.0624,0.036,231.95,12.0828,-0.0037,1,0.18,1.595,2.8153,61,CRITICAL,F1,1,1,mechanical_imbalance,0.6,1,1,,,,,25,0
2026-08-19T15:35:58.432Z,1787153758432,FAN_DT_001_F1_S06_R01_20260819T153243,1,195.229,FAULT_ACTIVE,F1,0.6,FAN_DT_001,3.0,process-model-3.0.0-build3,6444,1,LIVE,SYNCHRONISED,AUTOMATIC,NORMAL,65,1950,1950,0,145,145,0.3,0.42,25.66206,38.93,1.146,1.048,0.0624,0.036,231.95,12.1492,-0.00348,1,0.18,1.501,2.8308,61,CRITICAL,F1,1,1,mechanical_imbalance,0.6,1,1,,,,,25,0
2026-08-19T15:35:59.465Z,1787153759465,FAN_DT_001_F1_S06_R01_20260819T153243,1,196.262,FAULT_ACTIVE,F1,0.6,FAN_DT_001,3.0,process-model-3.0.0-build3,6445,1,LIVE,SYNCHRONISED,AUTOMATIC,NORMAL,65,1950,1950,0,145,145,0.3,0.42,25.65157,38.94,1.146,1.048,0.0624,0.036,231.95,12.2158,-0.00325,1,0.18,1.402,2.8463,61,CRITICAL,F1,1,1,mechanical_imbalance,0.6,1,1,,,,,25,0
2026-08-19T15:36:00.495Z,1787153760495,FAN_DT_001_F1_S06_R01_20260819T153243,1,197.292,FAULT_ACTIVE,F1,0.6,FAN_DT_001,3.0,process-model-3.0.0-build3,6446,1,LIVE,SYNCHRONISED,AUTOMATIC,NORMAL,65,1950,1950,0,145,145,0.3,0.42,25.64082,38.94,1.146,1.048,0.0624,0.036,231.95,12.2819,-0.00301,1,0.18,1.298,2.8617,61,CRITICAL,F1,1,1,mechanical_imbalance,0.6,1,1,,,,,25,0
2026-08-19T15:36:01.528Z,1787153761528,FAN_DT_001_F1_S06_R01_20260819T153243,1,198.325,FAULT_ACTIVE,F1,0.6,FAN_DT_001,3.0,process-model-3.0.0-build3,6447,1,LIVE,SYNCHRONISED,AUTOMATIC,NORMAL,65,1950,1950,0,145,145,0.3,0.42,25.62962,38.94,1.146,1.048,0.0624,0.036,231.95,12.3487,-0.00279,1,0.18,1.204,2.8772,61,CRITICAL,F1,1,1,mechanical_imbalance,0.6,1,1,,,,,25,0
2026-08-19T15:36:02.565Z,1787153762565,FAN_DT_001_F1_S06_R01_20260819T153243,1,199.362,FAULT_ACTIVE,F1,0.6,FAN_DT_001,3.0,process-model-3.0.0-build3,6448,1,LIVE,SYNCHRONISED,AUTOMATIC,NORMAL,65,1950,1950,0,145,145,0.3,0.42,25.61816,38.95,1.146,1.048,0.0624,0.036,231.95,12.415,-0.00255,1,0.18,1.101,2.8927,61,CRITICAL,F1,1,1,mechanical_imbalance,0.6,1,1,,,,,25,0
2026-08-19T15:36:03.609Z,1787153763609,FAN_DT_001_F1_S06_R01_20260819T153243,1,200.406,FAULT_ACTIVE,F1,0.6,FAN_DT_001,3.0,process-model-3.0.0-build3,6449,1,LIVE,SYNCHRONISED,AUTOMATIC,NORMAL,65,1950,1950,0,145,145,0.3,0.42,25.60631,38.95,1.146,1.048,0.0624,0.036,231.95,12.4818,-0.0023,1,0.18,0.992,2.9083,61,CRITICAL,F1,1,1,mechanical_imbalance,0.6,1,1,,,,,25,0
2026-08-19T15:36:04.635Z,1787153764635,FAN_DT_001_F1_S06_R01_20260819T153243,1,201.432,FAULT_ACTIVE,F1,0.6,FAN_DT_001,3.0,process-model-3.0.0-build3,6450,1,LIVE,SYNCHRONISED,AUTOMATIC,NORMAL,65,1950,1950,0,145,145,0.3,0.42,25.59419,38.95,1.146,1.048,0.0624,0.036,231.95,12.5482,-0.00207,1,0.18,0.892,2.9237,61,CRITICAL,F1,1,1,mechanical_imbalance,0.6,1,1,,,,,25,0
2026-08-19T15:36:05.668Z,1787153765668,FAN_DT_001_F1_S06_R01_20260819T153243,1,202.465,FAULT_ACTIVE,F1,0.6,FAN_DT_001,3.0,process-model-3.0.0-build3,6451,1,LIVE,SYNCHRONISED,AUTOMATIC,NORMAL,65,1950,1950,0,145,145,0.3,0.42,25.58169,38.95,1.146,1.048,0.0624,0.036,231.95,12.615,-0.00182,1,0.18,0.783,2.9393,61,CRITICAL,F1,1,1,mechanical_imbalance,0.6,1,1,,,,,25,0
2026-08-19T15:36:06.704Z,1787153766704,FAN_DT_001_F1_S06_R01_20260819T153243,1,203.501,FAULT_ACTIVE,F1,0.6,FAN_DT_001,3.0,process-model-3.0.0-build3,6452,1,LIVE,SYNCHRONISED,AUTOMATIC,NORMAL,65,1950,1950,0,145,145,0.3,0.42,25.56898,38.95,1.146,1.048,0.0624,0.036,231.95,12.6813,-0.0016,1,0.18,0.691,2.9548,61,CRITICAL,F1,1,1,mechanical_imbalance,0.6,1,1,,,,,25,0
2026-08-19T15:36:07.735Z,1787153767735,FAN_DT_001_F1_S06_R01_20260819T153243,1,204.532,FAULT_ACTIVE,F1,0.6,FAN_DT_001,3.0,process-model-3.0.0-build3,6453,1,LIVE,SYNCHRONISED,AUTOMATIC,NORMAL,65,1950,1950,0,145,145,0.3,0.42,25.55591,38.96,1.146,1.048,0.0624,0.036,231.95,12.748,-0.00136,1,0.18,0.587,2.9703,61,CRITICAL,F1,1,1,mechanical_imbalance,0.6,1,1,,,,,25,0
2026-08-19T15:36:08.774Z,1787153768774,FAN_DT_001_F1_S06_R01_20260819T153243,1,205.571,FAULT_ACTIVE,F1,0.6,FAN_DT_001,3.0,process-model-3.0.0-build3,6454,1,LIVE,SYNCHRONISED,AUTOMATIC,NORMAL,65,1950,1950,0,145,145,0.3,0.42,25.54258,38.96,1.146,1.048,0.0624,0.036,231.95,12.8144,-0.00111,1,0.18,0.477,2.9858,61,CRITICAL,F1,1,1,mechanical_imbalance,0.6,1,1,,,,,25,0
2026-08-19T15:36:09.805Z,1787153769805,FAN_DT_001_F1_S06_R01_20260819T153243,1,206.602,FAULT_ACTIVE,F1,0.6,FAN_DT_001,3.0,process-model-3.0.0-build3,6455,1,LIVE,SYNCHRONISED,AUTOMATIC,NORMAL,65,1950,1950,0,145,145,0.3,0.42,25.52891,38.96,1.146,1.048,0.0624,0.036,231.95,12.8811,-0.00085,1,0.18,0.366,3.0013,61,CRITICAL,F1,1,1,mechanical_imbalance,0.6,1,1,,,,,25,0
2026-08-19T15:36:10.843Z,1787153770843,FAN_DT_001_F1_S06_R01_20260819T153243,1,207.64,FAULT_ACTIVE,F1,0.6,FAN_DT_001,3.0,process-model-3.0.0-build3,6456,1,LIVE,SYNCHRONISED,AUTOMATIC,NORMAL,65,1950,1950,0,145,145,0.3,0.42,25.515,38.96,1.146,1.048,0.0624,0.036,231.95,12.9476,-0.00061,1,0.18,0.262,3.0168,61,CRITICAL,F1,1,1,mechanical_imbalance,0.6,1,1,,,,,25,0
2026-08-19T15:36:11.877Z,1787153771877,FAN_DT_001_F1_S06_R01_20260819T153243,1,208.674,FAULT_ACTIVE,F1,0.6,FAN_DT_001,3.0,process-model-3.0.0-build3,6457,1,LIVE,SYNCHRONISED,AUTOMATIC,NORMAL,65,1950,1950,0,145,145,0.3,0.42,25.50078,38.96,1.146,1.048,0.0624,0.036,231.95,13.0143,-0.00036,1,0.18,0.157,3.0323,61,CRITICAL,F1,1,1,mechanical_imbalance,0.6,1,1,,,,,25,0
2026-08-19T15:36:12.909Z,1787153772909,FAN_DT_001_F1_S06_R01_20260819T153243,1,209.706,FAULT_ACTIVE,F1,0.6,FAN_DT_001,3.0,process-model-3.0.0-build3,6458,1,LIVE,SYNCHRONISED,AUTOMATIC,NORMAL,65,1950,1950,0,145,145,0.3,0.42,25.48634,38.96,1.146,1.048,0.0624,0.036,231.95,13.0809,-0.00014,1,0.18,0.062,3.0478,61,CRITICAL,F1,1,1,mechanical_imbalance,0.6,1,1,,,,,25,0
2026-08-19T15:36:13.947Z,1787153773947,FAN_DT_001_F1_S06_R01_20260819T153243,1,210.744,FAULT_ACTIVE,F1,0.6,FAN_DT_001,3.0,process-model-3.0.0-build3,6459,1,LIVE,SYNCHRONISED,AUTOMATIC,NORMAL,65,1950,1950,0,145,145,0.3,0.42,25.47165,38.96,1.146,1.048,0.0624,0.036,231.95,13.1474,0.00012,1,0.18,0.052,3.0633,61,CRITICAL,F1,1,1,mechanical_imbalance,0.6,1,1,,,,,25,0
2026-08-19T15:36:15.007Z,1787153775007,FAN_DT_001_F1_S06_R01_20260819T153243,1,211.805,FAULT_ACTIVE,F1,0.6,FAN_DT_001,3.0,process-model-3.0.0-build3,6460,1,LIVE,SYNCHRONISED,AUTOMATIC,NORMAL,65,1950,1950,0,145,145,0.3,0.42,25.45658,38.96,1.146,1.048,0.0624,0.036,231.95,13.2144,0.00034,1,0.18,0.147,3.0789,61,CRITICAL,F1,1,1,mechanical_imbalance,0.6,1,1,,,,,25,0
2026-08-19T15:36:16.036Z,1787153776036,FAN_DT_001_F1_S06_R01_20260819T153243,1,212.833,FAULT_ACTIVE,F1,0.6,FAN_DT_001,3.0,process-model-3.0.0-build3,6461,1,LIVE,SYNCHRONISED,AUTOMATIC,NORMAL,65,1950,1950,0,145,145,0.3,0.42,25.44156,38.96,1.146,1.048,0.0624,0.036,231.95,13.2802,0.0006,1,0.18,0.257,3.0943,61,CRITICAL,F1,1,1,mechanical_imbalance,0.6,1,1,,,,,25,0
2026-08-19T15:36:17.045Z,1787153777045,FAN_DT_001_F1_S06_R01_20260819T153243,1,213.842,FAULT_ACTIVE,F1,0.6,FAN_DT_001,3.0,process-model-3.0.0-build3,6462,1,LIVE,SYNCHRONISED,AUTOMATIC,NORMAL,65,1950,1950,0,145,145,0.3,0.42,25.42609,38.96,1.146,1.048,0.0624,0.036,231.95,13.3469,0.00084,1,0.18,0.363,3.1098,61,CRITICAL,F1,1,1,mechanical_imbalance,0.6,1,1,,,,,25,0
2026-08-19T15:36:18.082Z,1787153778082,FAN_DT_001_F1_S06_R01_20260819T153243,1,214.879,FAULT_ACTIVE,F1,0.6,FAN_DT_001,3.0,process-model-3.0.0-build3,6463,1,LIVE,SYNCHRONISED,AUTOMATIC,NORMAL,65,1950,1950,0,145,145,0.3,0.42,25.41048,38.96,1.146,1.048,0.0624,0.036,231.95,13.4133,0.00108,1,0.18,0.464,3.1253,61,CRITICAL,F1,1,1,mechanical_imbalance,0.6,1,1,,,,,25,0
2026-08-19T15:36:19.119Z,1787153779119,FAN_DT_001_F1_S06_R01_20260819T153243,1,215.916,FAULT_ACTIVE,F1,0.6,FAN_DT_001,3.0,process-model-3.0.0-build3,6464,1,LIVE,SYNCHRONISED,AUTOMATIC,NORMAL,65,1950,1950,0,145,145,0.3,0.42,25.39455,38.96,1.146,1.048,0.0624,0.036,231.95,13.4801,0.00131,1,0.18,0.565,3.1409,61,CRITICAL,F1,1,1,mechanical_imbalance,0.6,1,1,,,,,25,0
2026-08-19T15:36:20.149Z,1787153780149,FAN_DT_001_F1_S06_R01_20260819T153243,1,216.946,FAULT_ACTIVE,F1,0.6,FAN_DT_001,3.0,process-model-3.0.0-build3,6465,1,LIVE,SYNCHRONISED,AUTOMATIC,NORMAL,65,1950,1950,0,145,145,0.3,0.42,25.37852,38.95,1.146,1.048,0.0624,0.036,231.95,13.5464,0.00157,1,0.18,0.678,3.1563,61,CRITICAL,F1,1,1,mechanical_imbalance,0.6,1,1,,,,,25,0
2026-08-19T15:36:21.182Z,1787153781182,FAN_DT_001_F1_S06_R01_20260819T153243,1,217.979,FAULT_ACTIVE,F1,0.6,FAN_DT_001,3.0,process-model-3.0.0-build3,6466,1,LIVE,SYNCHRONISED,AUTOMATIC,NORMAL,65,1950,1950,0,145,145,0.3,0.42,25.36227,38.95,1.146,1.048,0.0624,0.036,231.95,13.6129,0.00182,1,0.18,0.783,3.1718,61,CRITICAL,F1,1,1,mechanical_imbalance,0.6,1,1,,,,,25,0
2026-08-19T15:36:22.216Z,1787153782216,FAN_DT_001_F1_S06_R01_20260819T153243,1,219.013,FAULT_ACTIVE,F1,0.6,FAN_DT_001,3.0,process-model-3.0.0-build3,6467,1,LIVE,SYNCHRONISED,AUTOMATIC,NORMAL,65,1950,1950,0,145,145,0.3,0.42,25.34576,38.95,1.146,1.048,0.0624,0.036,231.95,13.6796,0.00204,1,0.18,0.879,3.1874,61,CRITICAL,F1,1,1,mechanical_imbalance,0.6,1,1,,,,,25,0
2026-08-19T15:36:23.252Z,1787153783252,FAN_DT_001_F1_S06_R01_20260819T153243,1,220.049,FAULT_ACTIVE,F1,0.6,FAN_DT_001,3.0,process-model-3.0.0-build3,6468,1,LIVE,SYNCHRONISED,AUTOMATIC,NORMAL,65,1950,1950,0,145,145,0.3,0.42,25.32916,38.95,1.146,1.048,0.0624,0.036,231.95,13.746,0.00228,1,0.18,0.982,3.2028,61,CRITICAL,F1,1,1,mechanical_imbalance,0.6,1,1,,,,,25,0
2026-08-19T15:36:24.308Z,1787153784308,FAN_DT_001_F1_S06_R01_20260819T153243,1,221.105,FAULT_ACTIVE,F1,0.6,FAN_DT_001,3.0,process-model-3.0.0-build3,6469,1,LIVE,SYNCHRONISED,AUTOMATIC,NORMAL,65,1950,1950,0,145,145,0.3,0.42,25.31232,38.95,1.146,1.048,0.0624,0.036,231.95,13.8126,0.00251,1,0.18,1.083,3.2183,61,CRITICAL,F1,1,1,mechanical_imbalance,0.6,1,1,,,,,25,0
2026-08-19T15:36:25.320Z,1787153785320,FAN_DT_001_F1_S06_R01_20260819T153243,1,222.118,FAULT_ACTIVE,F1,0.6,FAN_DT_001,3.0,process-model-3.0.0-build3,6470,1,LIVE,SYNCHRONISED,AUTOMATIC,NORMAL,65,1950,1950,0,145,145,0.3,0.42,25.29537,38.94,1.146,1.048,0.0624,0.036,231.95,13.879,0.00275,1,0.18,1.183,3.2338,61,CRITICAL,F1,1,1,mechanical_imbalance,0.6,1,1,,,,,25,0
2026-08-19T15:36:26.355Z,1787153786355,FAN_DT_001_F1_S06_R01_20260819T153243,1,223.152,FAULT_ACTIVE,F1,0.6,FAN_DT_001,3.0,process-model-3.0.0-build3,6471,1,LIVE,SYNCHRONISED,AUTOMATIC,NORMAL,65,1950,1950,0,145,145,0.3,0.42,25.2782,38.94,1.146,1.048,0.0624,0.036,231.95,13.9457,0.003,1,0.18,1.292,3.2493,61,CRITICAL,F1,1,1,mechanical_imbalance,0.6,1,1,,,,,25,0
2026-08-19T15:36:27.387Z,1787153787387,FAN_DT_001_F1_S06_R01_20260819T153243,1,224.184,FAULT_ACTIVE,F1,0.6,FAN_DT_001,3.0,process-model-3.0.0-build3,6472,1,LIVE,SYNCHRONISED,AUTOMATIC,NORMAL,65,1950,1950,0,145,145,0.3,0.42,25.2609,38.94,1.146,1.048,0.0624,0.036,231.95,14.0123,0.00323,1,0.18,1.392,3.2649,61,CRITICAL,F1,1,1,mechanical_imbalance,0.6,1,1,,,,,25,0
2026-08-19T15:36:28.425Z,1787153788425,FAN_DT_001_F1_S06_R01_20260819T153243,1,225.222,FAULT_ACTIVE,F1,0.6,FAN_DT_001,3.0,process-model-3.0.0-build3,6473,1,LIVE,SYNCHRONISED,AUTOMATIC,NORMAL,65,1950,1950,0,145,145,0.3,0.42,25.24352,38.93,1.146,1.048,0.0624,0.036,231.95,14.0786,0.00346,1,0.18,1.49,3.2803,61,CRITICAL,F1,1,1,mechanical_imbalance,0.6,1,1,,,,,25,0
2026-08-19T15:36:29.456Z,1787153789456,FAN_DT_001_F1_S06_R01_20260819T153243,1,226.253,FAULT_ACTIVE,F1,0.6,FAN_DT_001,3.0,process-model-3.0.0-build3,6474,1,LIVE,SYNCHRONISED,AUTOMATIC,NORMAL,65,1950,1950,0,145,145,0.3,0.42,25.22592,38.93,1.146,1.048,0.0624,0.036,231.95,14.1454,0.00369,1,0.18,1.593,3.2959,61,CRITICAL,F1,1,1,mechanical_imbalance,0.6,1,1,,,,,25,0
2026-08-19T15:36:30.492Z,1787153790492,FAN_DT_001_F1_S06_R01_20260819T153243,1,227.289,FAULT_ACTIVE,F1,0.6,FAN_DT_001,3.0,process-model-3.0.0-build3,6475,1,LIVE,SYNCHRONISED,AUTOMATIC,NORMAL,65,1950,1950,0,145,145,0.3,0.42,25.20832,38.93,1.146,1.048,0.0624,0.036,231.95,14.2116,0.0039,1,0.18,1.682,3.3113,61,CRITICAL,F1,1,1,mechanical_imbalance,0.6,1,1,,,,,25,0
2026-08-19T15:36:31.524Z,1787153791524,FAN_DT_001_F1_S06_R01_20260819T153243,1,228.321,FAULT_ACTIVE,F1,0.6,FAN_DT_001,3.0,process-model-3.0.0-build3,6476,1,LIVE,SYNCHRONISED,AUTOMATIC,NORMAL,65,1950,1950,0,145,145,0.3,0.42,25.19052,38.92,1.146,1.048,0.0624,0.036,231.95,14.2783,0.00415,1,0.18,1.788,3.3268,61,CRITICAL,F1,1,1,mechanical_imbalance,0.6,1,1,,,,,25,0
2026-08-19T15:36:32.558Z,1787153792558,FAN_DT_001_F1_S06_R01_20260819T153243,1,229.355,FAULT_ACTIVE,F1,0.6,FAN_DT_001,3.0,process-model-3.0.0-build3,6477,1,LIVE,SYNCHRONISED,AUTOMATIC,NORMAL,65,1950,1950,0,145,145,0.3,0.42,25.17266,38.92,1.146,1.048,0.0624,0.036,231.95,14.3447,0.00436,1,0.18,1.881,3.3423,61,CRITICAL,F1,1,1,mechanical_imbalance,0.6,1,1,,,,,25,0
2026-08-19T15:36:33.607Z,1787153793607,FAN_DT_001_F1_S06_R01_20260819T153243,1,230.404,FAULT_ACTIVE,F1,0.6,FAN_DT_001,3.0,process-model-3.0.0-build3,6478,1,LIVE,SYNCHRONISED,AUTOMATIC,NORMAL,65,1950,1950,0,145,145,0.3,0.42,25.15472,38.91,1.146,1.048,0.0624,0.036,231.95,14.4111,0.0046,1,0.18,1.981,3.3578,61,CRITICAL,F1,1,1,mechanical_imbalance,0.6,1,1,,,,,25,0
2026-08-19T15:36:34.622Z,1787153794622,FAN_DT_001_F1_S06_R01_20260819T153243,1,231.419,FAULT_ACTIVE,F1,0.6,FAN_DT_001,3.0,process-model-3.0.0-build3,6479,1,LIVE,SYNCHRONISED,AUTOMATIC,NORMAL,65,1950,1950,0,145,145,0.3,0.42,25.13665,38.91,1.146,1.048,0.0624,0.036,231.95,14.4777,0.00481,1,0.18,2.072,3.3733,61,CRITICAL,F1,1,1,mechanical_imbalance,0.6,1,1,,,,,25,0
2026-08-19T15:36:35.657Z,1787153795657,FAN_DT_001_F1_S06_R01_20260819T153243,1,232.454,FAULT_ACTIVE,F1,0.6,FAN_DT_001,3.0,process-model-3.0.0-build3,6480,1,LIVE,SYNCHRONISED,AUTOMATIC,NORMAL,65,1950,1950,0,145,145,0.3,0.42,25.11862,38.9,1.146,1.048,0.0624,0.036,231.95,14.544,0.00502,1,0.18,2.163,3.3887,61,CRITICAL,F1,1,1,mechanical_imbalance,0.6,1,1,,,,,25,0
2026-08-19T15:36:36.688Z,1787153796688,FAN_DT_001_F1_S06_R01_20260819T153243,1,233.486,FAULT_ACTIVE,F1,0.6,FAN_DT_001,3.0,process-model-3.0.0-build3,6481,1,LIVE,SYNCHRONISED,AUTOMATIC,NORMAL,65,1950,1950,0,145,145,0.3,0.42,25.1004,38.9,1.146,1.048,0.0624,0.036,231.95,14.6106,0.00524,1,0.18,2.258,3.4043,61,CRITICAL,F1,1,1,mechanical_imbalance,0.6,1,1,,,,,25,0
2026-08-19T15:36:37.726Z,1787153797726,FAN_DT_001_F1_S06_R01_20260819T153243,1,234.523,FAULT_ACTIVE,F1,0.6,FAN_DT_001,3.0,process-model-3.0.0-build3,6482,1,LIVE,SYNCHRONISED,AUTOMATIC,NORMAL,65,1950,1950,0,145,145,0.3,0.42,25.08218,38.89,1.146,1.048,0.0624,0.036,231.95,14.6771,0.00543,1,0.18,2.342,3.4198,61,CRITICAL,F1,1,1,mechanical_imbalance,0.6,1,1,,,,,25,0
2026-08-19T15:36:38.770Z,1787153798770,FAN_DT_001_F1_S06_R01_20260819T153243,1,235.567,FAULT_ACTIVE,F1,0.6,FAN_DT_001,3.0,process-model-3.0.0-build3,6483,1,LIVE,SYNCHRONISED,AUTOMATIC,NORMAL,65,1950,1950,0,145,145,0.3,0.42,25.06382,38.89,1.146,1.048,0.0624,0.036,231.95,14.7439,0.00566,1,0.18,2.441,3.4353,61,CRITICAL,F1,1,1,mechanical_imbalance,0.6,1,1,,,,,25,0
2026-08-19T15:36:39.815Z,1787153799815,FAN_DT_001_F1_S06_R01_20260819T153243,1,236.612,FAULT_ACTIVE,F1,0.6,FAN_DT_001,3.0,process-model-3.0.0-build3,6484,1,LIVE,SYNCHRONISED,AUTOMATIC,NORMAL,65,1950,1950,0,145,145,0.3,0.42,25.04546,38.88,1.146,1.048,0.0624,0.036,231.95,14.8106,0.00587,1,0.18,2.529,3.4509,61,CRITICAL,F1,1,1,mechanical_imbalance,0.6,1,1,,,,,25,0
2026-08-19T15:36:40.831Z,1787153800831,FAN_DT_001_F1_S06_R01_20260819T153243,1,237.629,FAULT_ACTIVE,F1,0.6,FAN_DT_001,3.0,process-model-3.0.0-build3,6485,1,LIVE,SYNCHRONISED,AUTOMATIC,NORMAL,65,1950,1950,0,145,145,0.3,0.42,25.02719,38.87,1.146,1.048,0.0624,0.036,231.95,14.8769,0.00605,1,0.18,2.61,3.4663,61,CRITICAL,F1,1,1,mechanical_imbalance,0.6,1,1,,,,,25,0
2026-08-19T15:36:41.864Z,1787153801864,FAN_DT_001_F1_S06_R01_20260819T153243,1,238.662,FAULT_ACTIVE,F1,0.6,FAN_DT_001,3.0,process-model-3.0.0-build3,6486,1,LIVE,SYNCHRONISED,AUTOMATIC,NORMAL,65,1950,1950,0,145,145,0.3,0.42,25.00881,38.87,1.146,1.048,0.0624,0.036,231.95,14.9436,0.00624,1,0.18,2.691,3.4818,61,CRITICAL,F1,1,1,mechanical_imbalance,0.6,1,1,,,,,25,0
2026-08-19T15:36:42.910Z,1787153802910,FAN_DT_001_F1_S06_R01_20260819T153243,1,239.707,FAULT_ACTIVE,F1,0.6,FAN_DT_001,3.0,process-model-3.0.0-build3,6487,1,LIVE,SYNCHRONISED,AUTOMATIC,NORMAL,65,1950,1950,0,145,145,0.3,0.42,24.99047,38.86,1.146,1.048,0.0624,0.036,231.95,15.01,0.00645,1,0.18,2.78,3.4973,61,CRITICAL,F1,1,1,mechanical_imbalance,0.6,1,1,,,,,25,0
2026-08-19T15:36:43.935Z,1787153803935,FAN_DT_001_F1_S06_R01_20260819T153243,1,240.732,FAULT_ACTIVE,F1,0.6,FAN_DT_001,3.0,process-model-3.0.0-build3,6488,1,LIVE,SYNCHRONISED,AUTOMATIC,NORMAL,65,1950,1950,0,145,145,0.3,0.42,24.97202,38.85,1.146,1.048,0.0624,0.036,231.95,15.0769,0.00665,1,0.18,2.866,3.5129,61,CRITICAL,F1,1,1,mechanical_imbalance,0.6,1,1,,,,,25,0
2026-08-19T15:36:45.007Z,1787153805007,FAN_DT_001_F1_S06_R01_20260819T153243,1,241.804,FAULT_ACTIVE,F1,0.6,FAN_DT_001,3.0,process-model-3.0.0-build3,6489,1,LIVE,SYNCHRONISED,AUTOMATIC,NORMAL,65,1950,1950,0,145,145,0.3,0.42,24.95374,38.85,1.146,1.048,0.0624,0.036,231.95,15.1432,0.00683,1,0.18,2.942,3.5284,61,CRITICAL,F1,1,1,mechanical_imbalance,0.6,1,1,,,,,25,0
2026-08-19T15:36:46.003Z,1787153806003,FAN_DT_001_F1_S06_R01_20260819T153243,1,242.8,FAULT_ACTIVE,F1,0.6,FAN_DT_001,3.0,process-model-3.0.0-build3,6490,1,LIVE,SYNCHRONISED,AUTOMATIC,NORMAL,65,1950,1950,0,145,145,0.3,0.42,24.93542,38.84,1.146,1.048,0.0624,0.036,231.95,15.2098,0.007,1,0.18,3.02,3.5439,61,CRITICAL,F1,1,1,mechanical_imbalance,0.6,1,1,,,,,25,0
2026-08-19T15:36:47.039Z,1787153807039,FAN_DT_001_F1_S06_R01_20260819T153243,1,243.836,FAULT_ACTIVE,F1,0.6,FAN_DT_001,3.0,process-model-3.0.0-build3,6491,1,LIVE,SYNCHRONISED,AUTOMATIC,NORMAL,65,1950,1950,0,145,145,0.3,0.42,24.91718,38.83,1.146,1.048,0.0624,0.036,231.95,15.2761,0.00719,1,0.18,3.099,3.5593,61,CRITICAL,F1,1,1,mechanical_imbalance,0.6,1,1,,,,,25,0
2026-08-19T15:36:48.070Z,1787153808070,FAN_DT_001_F1_S06_R01_20260819T153243,1,244.867,FAULT_ACTIVE,F1,0.6,FAN_DT_001,3.0,process-model-3.0.0-build3,6492,1,LIVE,SYNCHRONISED,AUTOMATIC,NORMAL,65,1950,1950,0,145,145,0.3,0.42,24.89886,38.82,1.146,1.048,0.0624,0.036,231.95,15.343,0.00736,1,0.18,3.172,3.5749,61,CRITICAL,F1,1,1,mechanical_imbalance,0.6,1,1,,,,,25,0
2026-08-19T15:36:49.107Z,1787153809107,FAN_DT_001_F1_S06_R01_20260819T153243,1,245.904,FAULT_ACTIVE,F1,0.6,FAN_DT_001,3.0,process-model-3.0.0-build3,6493,1,LIVE,SYNCHRONISED,AUTOMATIC,NORMAL,65,1950,1950,0,145,145,0.3,0.42,24.88077,38.82,1.146,1.048,0.0624,0.036,231.95,15.4091,0.00754,1,0.18,3.251,3.5903,61,CRITICAL,F1,1,1,mechanical_imbalance,0.6,1,1,,,,,25,0
2026-08-19T15:36:50.134Z,1787153810134,FAN_DT_001_F1_S06_R01_20260819T153243,1,246.932,FAULT_ACTIVE,F1,0.6,FAN_DT_001,3.0,process-model-3.0.0-build3,6494,1,LIVE,SYNCHRONISED,AUTOMATIC,NORMAL,65,1950,1950,0,145,145,0.3,0.42,24.86264,38.81,1.146,1.048,0.0624,0.036,231.95,15.4758,0.00772,1,0.18,3.328,3.6059,61,CRITICAL,F1,1,1,mechanical_imbalance,0.6,1,1,,,,,25,0
2026-08-19T15:36:51.173Z,1787153811173,FAN_DT_001_F1_S06_R01_20260819T153243,1,247.97,FAULT_ACTIVE,F1,0.6,FAN_DT_001,3.0,process-model-3.0.0-build3,6495,1,LIVE,SYNCHRONISED,AUTOMATIC,NORMAL,65,1950,1950,0,145,145,0.3,0.42,24.84464,38.8,1.146,1.048,0.0624,0.036,231.95,15.5421,0.00786,1,0.18,3.39,3.6213,61,CRITICAL,F1,1,1,mechanical_imbalance,0.6,1,1,,,,,25,0
2026-08-19T15:36:52.209Z,1787153812209,FAN_DT_001_F1_S06_R01_20260819T153243,1,249.006,FAULT_ACTIVE,F1,0.6,FAN_DT_001,3.0,process-model-3.0.0-build3,6496,1,LIVE,SYNCHRONISED,AUTOMATIC,NORMAL,65,1950,1950,0,145,145,0.3,0.42,24.82661,38.79,1.146,1.048,0.0624,0.036,231.95,15.6089,0.00805,1,0.18,3.472,3.6369,61,CRITICAL,F1,1,1,mechanical_imbalance,0.6,1,1,,,,,25,0
2026-08-19T15:36:53.238Z,1787153813238,FAN_DT_001_F1_S06_R01_20260819T153243,1,250.035,FAULT_ACTIVE,F1,0.6,FAN_DT_001,3.0,process-model-3.0.0-build3,6497,1,LIVE,SYNCHRONISED,AUTOMATIC,NORMAL,65,1950,1950,0,145,145,0.3,0.42,24.80883,38.78,1.146,1.048,0.0624,0.036,231.95,15.675,0.0082,1,0.18,3.534,3.6523,61,CRITICAL,F1,1,1,mechanical_imbalance,0.6,1,1,,,,,25,0
2026-08-19T15:36:54.308Z,1787153814308,FAN_DT_001_F1_S06_R01_20260819T153243,1,251.105,FAULT_ACTIVE,F1,0.6,FAN_DT_001,3.0,process-model-3.0.0-build3,6498,1,LIVE,SYNCHRONISED,AUTOMATIC,NORMAL,65,1950,1950,0,145,145,0.3,0.42,24.79096,38.78,1.146,1.048,0.0624,0.036,231.95,15.7419,0.00834,1,0.18,3.595,3.6679,61,CRITICAL,F1,1,1,mechanical_imbalance,0.6,1,1,,,,,25,0
2026-08-19T15:36:55.310Z,1787153815310,FAN_DT_001_F1_S06_R01_20260819T153243,1,252.107,FAULT_ACTIVE,F1,0.6,FAN_DT_001,3.0,process-model-3.0.0-build3,6499,1,LIVE,SYNCHRONISED,AUTOMATIC,NORMAL,65,1950,1950,0,145,145,0.3,0.42,24.77335,38.77,1.146,1.048,0.0624,0.036,231.95,15.8083,0.00849,1,0.18,3.662,3.6833,61,CRITICAL,F1,1,1,mechanical_imbalance,0.6,1,1,,,,,25,0
2026-08-19T15:36:56.342Z,1787153816342,FAN_DT_001_F1_S06_R01_20260819T153243,1,253.139,FAULT_ACTIVE,F1,0.6,FAN_DT_001,3.0,process-model-3.0.0-build3,6500,1,LIVE,SYNCHRONISED,AUTOMATIC,NORMAL,65,1950,1950,0,145,145,0.3,0.42,24.75574,38.76,1.146,1.048,0.0624,0.036,231.95,15.8751,0.00864,1,0.18,3.723,3.6989,61,CRITICAL,F1,1,1,mechanical_imbalance,0.6,1,1,,,,,25,0
2026-08-19T15:36:57.377Z,1787153817377,FAN_DT_001_F1_S06_R01_20260819T153243,1,254.174,FAULT_ACTIVE,F1,0.6,FAN_DT_001,3.0,process-model-3.0.0-build3,6501,1,LIVE,SYNCHRONISED,AUTOMATIC,NORMAL,65,1950,1950,0,145,145,0.3,0.42,24.73838,38.75,1.146,1.048,0.0624,0.036,231.95,15.9414,0.00877,1,0.18,3.781,3.7143,61,CRITICAL,F1,1,1,mechanical_imbalance,0.6,1,1,,,,,25,0
2026-08-19T15:36:58.408Z,1787153818408,FAN_DT_001_F1_S06_R01_20260819T153243,1,255.205,FAULT_ACTIVE,F1,0.6,FAN_DT_001,3.0,process-model-3.0.0-build3,6502,1,LIVE,SYNCHRONISED,AUTOMATIC,NORMAL,65,1950,1950,0,145,145,0.3,0.42,24.72107,38.74,1.146,1.048,0.0624,0.036,231.95,16.008,0.00892,1,0.18,3.846,3.7299,61,CRITICAL,F1,1,1,mechanical_imbalance,0.6,1,1,,,,,25,0
2026-08-19T15:36:59.448Z,1787153819448,FAN_DT_001_F1_S06_R01_20260819T153243,1,256.245,FAULT_ACTIVE,F1,0.6,FAN_DT_001,3.0,process-model-3.0.0-build3,6503,1,LIVE,SYNCHRONISED,AUTOMATIC,NORMAL,65,1950,1950,0,145,145,0.3,0.42,24.70399,38.73,1.146,1.048,0.0624,0.036,231.95,16.0744,0.00904,1,0.18,3.898,3.7453,61,CRITICAL,F1,1,1,mechanical_imbalance,0.6,1,1,,,,,25,0
2026-08-19T15:37:00.479Z,1787153820479,FAN_DT_001_F1_S06_R01_20260819T153243,1,257.276,FAULT_ACTIVE,F1,0.6,FAN_DT_001,3.0,process-model-3.0.0-build3,6504,1,LIVE,SYNCHRONISED,AUTOMATIC,NORMAL,65,1950,1950,0,145,145,0.3,0.42,24.6869,38.72,1.146,1.048,0.0624,0.036,231.95,16.1414,0.00916,1,0.18,3.95,3.7609,61,CRITICAL,F1,1,1,mechanical_imbalance,0.6,1,1,,,,,25,0
2026-08-19T15:37:01.517Z,1787153821517,FAN_DT_001_F1_S06_R01_20260819T153243,1,258.314,FAULT_ACTIVE,F1,0.6,FAN_DT_001,3.0,process-model-3.0.0-build3,6505,1,LIVE,SYNCHRONISED,AUTOMATIC,NORMAL,65,1950,1950,0,145,145,0.3,0.42,24.67016,38.71,1.146,1.048,0.0624,0.036,231.95,16.2076,0.00929,1,0.18,4.005,3.7764,61,CRITICAL,F1,1,1,mechanical_imbalance,0.6,1,1,,,,,25,0
2026-08-19T15:37:02.548Z,1787153822548,FAN_DT_001_F1_S06_R01_20260819T153243,1,259.345,FAULT_ACTIVE,F1,0.6,FAN_DT_001,3.0,process-model-3.0.0-build3,6506,1,LIVE,SYNCHRONISED,AUTOMATIC,NORMAL,65,1950,1950,0,145,145,0.3,0.42,24.65346,38.7,1.146,1.048,0.0624,0.036,231.95,16.2744,0.00942,1,0.18,4.06,3.7919,61,CRITICAL,F1,1,1,mechanical_imbalance,0.6,1,1,,,,,25,0
2026-08-19T15:37:03.609Z,1787153823609,FAN_DT_001_F1_S06_R01_20260819T153243,1,260.407,FAULT_ACTIVE,F1,0.6,FAN_DT_001,3.0,process-model-3.0.0-build3,6507,1,LIVE,SYNCHRONISED,AUTOMATIC,NORMAL,65,1950,1950,0,145,145,0.3,0.42,24.63705,38.69,1.146,1.048,0.0624,0.036,231.95,16.3407,0.00951,1,0.18,4.099,3.8074,61,CRITICAL,F1,1,1,mechanical_imbalance,0.6,1,1,,,,,25,0
2026-08-19T15:37:04.621Z,1787153824621,FAN_DT_001_F1_S06_R01_20260819T153243,1,261.418,FAULT_ACTIVE,F1,0.6,FAN_DT_001,3.0,process-model-3.0.0-build3,6508,1,LIVE,SYNCHRONISED,AUTOMATIC,NORMAL,65,1950,1950,0,145,145,0.3,0.42,24.62071,38.68,1.146,1.048,0.0624,0.036,231.95,16.4076,0.00963,1,0.18,4.151,3.823,61,CRITICAL,F1,1,1,mechanical_imbalance,0.6,1,1,,,,,25,0
2026-08-19T15:37:05.655Z,1787153825655,FAN_DT_001_F1_S06_R01_20260819T153243,1,262.452,FAULT_ACTIVE,F1,0.6,FAN_DT_001,3.0,process-model-3.0.0-build3,6509,1,LIVE,SYNCHRONISED,AUTOMATIC,NORMAL,65,1950,1950,0,145,145,0.3,0.42,24.60466,38.67,1.146,1.048,0.0624,0.036,231.95,16.4741,0.00971,1,0.18,4.186,3.8385,61,CRITICAL,F1,1,1,mechanical_imbalance,0.6,1,1,,,,,25,0
2026-08-19T15:37:06.699Z,1787153826699,FAN_DT_001_F1_S06_R01_20260819T153243,1,263.496,FAULT_ACTIVE,F1,0.6,FAN_DT_001,3.0,process-model-3.0.0-build3,6510,1,LIVE,SYNCHRONISED,AUTOMATIC,NORMAL,65,1950,1950,0,145,145,0.3,0.42,24.58882,38.66,1.146,1.048,0.0624,0.036,231.95,16.5406,0.00983,1,0.18,4.237,3.854,61,CRITICAL,F1,1,1,mechanical_imbalance,0.6,1,1,,,,,25,0
2026-08-19T15:37:07.724Z,1787153827724,FAN_DT_001_F1_S06_R01_20260819T153243,1,264.521,FAULT_ACTIVE,F1,0.6,FAN_DT_001,3.0,process-model-3.0.0-build3,6511,1,LIVE,SYNCHRONISED,AUTOMATIC,NORMAL,65,1950,1950,0,145,145,0.3,0.42,24.57314,38.65,1.146,1.048,0.0624,0.036,231.95,16.6073,0.00992,1,0.18,4.276,3.8695,61,CRITICAL,F1,1,1,mechanical_imbalance,0.6,1,1,,,,,25,0
2026-08-19T15:37:08.843Z,1787153828843,FAN_DT_001_F1_S06_R01_20260819T153243,1,265.64,FAULT_ACTIVE,F1,0.6,FAN_DT_001,3.0,process-model-3.0.0-build3,6512,1,LIVE,SYNCHRONISED,AUTOMATIC,NORMAL,65,1950,1950,0,145,145,0.3,0.42,24.55781,38.64,1.146,1.048,0.0624,0.036,231.95,16.6734,0.00998,1,0.18,4.304,3.8849,61,CRITICAL,F1,1,1,mechanical_imbalance,0.6,1,1,,,,,25,0
2026-08-19T15:37:09.790Z,1787153829790,FAN_DT_001_F1_S06_R01_20260819T153243,1,266.587,FAULT_ACTIVE,F1,0.6,FAN_DT_001,3.0,process-model-3.0.0-build3,6513,1,LIVE,SYNCHRONISED,AUTOMATIC,NORMAL,65,1950,1950,0,145,145,0.3,0.42,24.5426,38.63,1.146,1.048,0.0624,0.036,231.95,16.7401,0.01007,1,0.18,4.342,3.9005,61,CRITICAL,F1,1,1,mechanical_imbalance,0.6,1,1,,,,,25,0
2026-08-19T15:37:10.826Z,1787153830826,FAN_DT_001_F1_S06_R01_20260819T153243,1,267.623,FAULT_ACTIVE,F1,0.6,FAN_DT_001,3.0,process-model-3.0.0-build3,6514,1,LIVE,SYNCHRONISED,AUTOMATIC,NORMAL,65,1950,1950,0,145,145,0.3,0.42,24.52769,38.62,1.146,1.048,0.0624,0.036,231.95,16.8065,0.01013,1,0.18,4.369,3.9159,61,CRITICAL,F1,1,1,mechanical_imbalance,0.6,1,1,,,,,25,0
2026-08-19T15:37:11.859Z,1787153831859,FAN_DT_001_F1_S06_R01_20260819T153243,1,268.656,FAULT_ACTIVE,F1,0.6,FAN_DT_001,3.0,process-model-3.0.0-build3,6515,1,LIVE,SYNCHRONISED,AUTOMATIC,NORMAL,65,1950,1950,0,145,145,0.3,0.42,24.51294,38.61,1.146,1.048,0.0624,0.036,231.95,16.8733,0.0102,1,0.18,4.399,3.9315,61,CRITICAL,F1,1,1,mechanical_imbalance,0.6,1,1,,,,,25,0
2026-08-19T15:37:12.894Z,1787153832894,FAN_DT_001_F1_S06_R01_20260819T153243,1,269.691,FAULT_ACTIVE,F1,0.6,FAN_DT_001,3.0,process-model-3.0.0-build3,6516,1,LIVE,SYNCHRONISED,AUTOMATIC,NORMAL,65,1950,1950,0,145,145,0.3,0.42,24.49856,38.6,1.146,1.048,0.0624,0.036,231.95,16.9395,0.01027,1,0.18,4.428,3.9469,61,CRITICAL,F1,1,1,mechanical_imbalance,0.6,1,1,,,,,25,0
2026-08-19T15:37:13.924Z,1787153833924,FAN_DT_001_F1_S06_R01_20260819T153243,1,270.721,FAULT_ACTIVE,F1,0.6,FAN_DT_001,3.0,process-model-3.0.0-build3,6517,1,LIVE,SYNCHRONISED,AUTOMATIC,NORMAL,65,1950,1950,0,145,145,0.3,0.42,24.48436,38.59,1.146,1.048,0.0624,0.036,231.95,17.0062,0.01032,1,0.18,4.451,3.9624,61,CRITICAL,F1,1,1,mechanical_imbalance,0.6,1,1,,,,,25,0
2026-08-19T15:37:14.960Z,1787153834960,FAN_DT_001_F1_S06_R01_20260819T153243,1,271.757,FAULT_ACTIVE,F1,0.6,FAN_DT_001,3.0,process-model-3.0.0-build3,6518,1,LIVE,SYNCHRONISED,AUTOMATIC,NORMAL,65,1950,1950,0,145,145,0.3,0.42,24.47052,38.58,1.146,1.048,0.0624,0.036,231.95,17.0725,0.0104,1,0.18,4.482,3.9779,61,CRITICAL,F1,1,1,mechanical_imbalance,0.6,1,1,,,,,25,0
2026-08-19T15:37:15.988Z,1787153835988,FAN_DT_001_F1_S06_R01_20260819T153243,1,272.786,FAULT_ACTIVE,F1,0.6,FAN_DT_001,3.0,process-model-3.0.0-build3,6519,1,LIVE,SYNCHRONISED,AUTOMATIC,NORMAL,65,1950,1950,0,145,145,0.3,0.42,24.4569,38.57,1.146,1.048,0.0624,0.036,231.95,17.139,0.01044,1,0.18,4.503,3.9934,61,CRITICAL,F1,1,1,mechanical_imbalance,0.6,1,1,,,,,25,0
2026-08-19T15:37:17.027Z,1787153837027,FAN_DT_001_F1_S06_R01_20260819T153243,1,273.824,FAULT_ACTIVE,F1,0.6,FAN_DT_001,3.0,process-model-3.0.0-build3,6520,1,LIVE,SYNCHRONISED,AUTOMATIC,NORMAL,65,1950,1950,0,145,145,0.3,0.42,24.44357,38.56,1.146,1.048,0.0624,0.036,231.95,17.2055,0.01049,1,0.18,4.523,4.0089,61,CRITICAL,F1,1,1,mechanical_imbalance,0.6,1,1,,,,,25,0
2026-08-19T15:37:18.062Z,1787153838062,FAN_DT_001_F1_S06_R01_20260819T153243,1,274.859,FAULT_ACTIVE,F1,0.6,FAN_DT_001,3.0,process-model-3.0.0-build3,6521,1,LIVE,SYNCHRONISED,AUTOMATIC,NORMAL,65,1950,1950,0,145,145,0.3,0.42,24.43049,38.55,1.146,1.048,0.0624,0.036,231.95,17.2722,0.01051,1,0.18,4.529,4.0244,61,CRITICAL,F1,1,1,mechanical_imbalance,0.6,1,1,,,,,25,0
2026-08-19T15:37:19.095Z,1787153839095,FAN_DT_001_F1_S06_R01_20260819T153243,1,275.892,FAULT_ACTIVE,F1,0.6,FAN_DT_001,3.0,process-model-3.0.0-build3,6522,1,LIVE,SYNCHRONISED,AUTOMATIC,NORMAL,65,1950,1950,0,145,145,0.3,0.42,24.41775,38.53,1.146,1.048,0.0624,0.036,231.95,17.3388,0.01054,1,0.18,4.545,4.0399,61,CRITICAL,F1,1,1,mechanical_imbalance,0.6,1,1,,,,,25,0
2026-08-19T15:37:20.133Z,1787153840133,FAN_DT_001_F1_S06_R01_20260819T153243,1,276.93,FAULT_ACTIVE,F1,0.6,FAN_DT_001,3.0,process-model-3.0.0-build3,6523,1,LIVE,SYNCHRONISED,AUTOMATIC,NORMAL,65,1950,1950,0,145,145,0.3,0.42,24.40535,38.52,1.146,1.048,0.0624,0.036,231.95,17.4051,0.01057,1,0.18,4.555,4.0554,61,CRITICAL,F1,1,1,mechanical_imbalance,0.6,1,1,,,,,25,0
2026-08-19T15:37:21.163Z,1787153841163,FAN_DT_001_F1_S06_R01_20260819T153243,1,277.96,FAULT_ACTIVE,F1,0.6,FAN_DT_001,3.0,process-model-3.0.0-build3,6524,1,LIVE,SYNCHRONISED,AUTOMATIC,NORMAL,65,1950,1950,0,145,145,0.3,0.42,24.39319,38.51,1.146,1.048,0.0624,0.036,231.95,17.4718,0.01059,1,0.18,4.567,4.0709,61,CRITICAL,F1,1,1,mechanical_imbalance,0.6,1,1,,,,,25,0
2026-08-19T15:37:22.198Z,1787153842198,FAN_DT_001_F1_S06_R01_20260819T153243,1,278.995,FAULT_ACTIVE,F1,0.6,FAN_DT_001,3.0,process-model-3.0.0-build3,6525,1,LIVE,SYNCHRONISED,AUTOMATIC,NORMAL,65,1950,1950,0,145,145,0.3,0.42,24.38142,38.5,1.146,1.048,0.0624,0.036,231.95,17.5382,0.0106,1,0.18,4.571,4.0864,61,CRITICAL,F1,1,1,mechanical_imbalance,0.6,1,1,,,,,25,0
2026-08-19T15:37:23.231Z,1787153843231,FAN_DT_001_F1_S06_R01_20260819T153243,1,280.028,FAULT_ACTIVE,F1,0.6,FAN_DT_001,3.0,process-model-3.0.0-build3,6526,1,LIVE,SYNCHRONISED,AUTOMATIC,NORMAL,65,1950,1950,0,145,145,0.3,0.42,24.3699,38.49,1.146,1.048,0.0624,0.036,231.95,17.605,0.0106,1,0.18,4.57,4.102,61,CRITICAL,F1,1,1,mechanical_imbalance,0.6,1,1,,,,,25,0
2026-08-19T15:37:24.269Z,1787153844269,FAN_DT_001_F1_S06_R01_20260819T153243,1,281.066,FAULT_ACTIVE,F1,0.6,FAN_DT_001,3.0,process-model-3.0.0-build3,6527,1,LIVE,SYNCHRONISED,AUTOMATIC,NORMAL,65,1950,1950,0,145,145,0.3,0.42,24.35878,38.48,1.146,1.048,0.0624,0.036,231.95,17.6714,0.0106,1,0.18,4.571,4.1174,61,CRITICAL,F1,1,1,mechanical_imbalance,0.6,1,1,,,,,25,0
2026-08-19T15:37:25.303Z,1787153845303,FAN_DT_001_F1_S06_R01_20260819T153243,1,282.1,FAULT_ACTIVE,F1,0.6,FAN_DT_001,3.0,process-model-3.0.0-build3,6528,1,LIVE,SYNCHRONISED,AUTOMATIC,NORMAL,65,1950,1950,0,145,145,0.3,0.42,24.34794,38.47,1.146,1.048,0.0624,0.036,231.95,17.7381,0.0106,1,0.18,4.57,4.133,61,CRITICAL,F1,1,1,mechanical_imbalance,0.6,1,1,,,,,25,0
2026-08-19T15:37:26.337Z,1787153846337,FAN_DT_001_F1_S06_R01_20260819T153243,1,283.134,FAULT_ACTIVE,F1,0.6,FAN_DT_001,3.0,process-model-3.0.0-build3,6529,1,LIVE,SYNCHRONISED,AUTOMATIC,NORMAL,65,1950,1950,0,145,145,0.3,0.42,24.3375,38.46,1.146,1.048,0.0624,0.036,231.95,17.8045,0.0106,1,0.18,4.571,4.1484,61,CRITICAL,F1,1,1,mechanical_imbalance,0.6,1,1,,,,,25,0
2026-08-19T15:37:27.370Z,1787153847370,FAN_DT_001_F1_S06_R01_20260819T153243,1,284.167,FAULT_ACTIVE,F1,0.6,FAN_DT_001,3.0,process-model-3.0.0-build3,6530,1,LIVE,SYNCHRONISED,AUTOMATIC,NORMAL,65,1950,1950,0,145,145,0.3,0.42,24.32734,38.45,1.146,1.048,0.0624,0.036,231.95,17.8713,0.01058,1,0.18,4.56,4.164,61,CRITICAL,F1,1,1,mechanical_imbalance,0.6,1,1,,,,,25,0
2026-08-19T15:37:28.405Z,1787153848405,FAN_DT_001_F1_S06_R01_20260819T153243,1,285.202,FAULT_ACTIVE,F1,0.6,FAN_DT_001,3.0,process-model-3.0.0-build3,6531,1,LIVE,SYNCHRONISED,AUTOMATIC,NORMAL,65,1950,1950,0,145,145,0.3,0.42,24.31764,38.44,1.146,1.048,0.0624,0.036,231.95,17.9375,0.01057,1,0.18,4.558,4.1794,61,CRITICAL,F1,1,1,mechanical_imbalance,0.6,1,1,,,,,25,0
2026-08-19T15:37:29.439Z,1787153849439,FAN_DT_001_F1_S06_R01_20260819T153243,1,286.236,FAULT_ACTIVE,F1,0.6,FAN_DT_001,3.0,process-model-3.0.0-build3,6532,1,LIVE,SYNCHRONISED,AUTOMATIC,NORMAL,65,1950,1950,0,145,145,0.3,0.42,24.3082,38.43,1.146,1.048,0.0624,0.036,231.95,18.0043,0.01056,1,0.18,4.551,4.195,61,CRITICAL,F1,1,1,mechanical_imbalance,0.6,1,1,,,,,25,0
2026-08-19T15:37:30.474Z,1787153850474,FAN_DT_001_F1_S06_R01_20260819T153243,1,287.271,FAULT_ACTIVE,F1,0.6,FAN_DT_001,3.0,process-model-3.0.0-build3,6533,1,LIVE,SYNCHRONISED,AUTOMATIC,NORMAL,65,1950,1950,0,145,145,0.3,0.42,24.29919,38.41,1.146,1.048,0.0624,0.036,231.95,18.0706,0.01051,1,0.18,4.532,4.2104,61,CRITICAL,F1,1,1,mechanical_imbalance,0.6,1,1,,,,,25,0
2026-08-19T15:37:31.505Z,1787153851505,FAN_DT_001_F1_S06_R01_20260819T153243,1,288.302,FAULT_ACTIVE,F1,0.6,FAN_DT_001,3.0,process-model-3.0.0-build3,6534,1,LIVE,SYNCHRONISED,AUTOMATIC,NORMAL,65,1950,1950,0,145,145,0.3,0.42,24.2905,38.4,1.146,1.048,0.0624,0.036,231.95,18.1373,0.01049,1,0.18,4.523,4.226,61,CRITICAL,F1,1,1,mechanical_imbalance,0.6,1,1,,,,,25,0
2026-08-19T15:37:32.541Z,1787153852541,FAN_DT_001_F1_S06_R01_20260819T153243,1,289.338,FAULT_ACTIVE,F1,0.6,FAN_DT_001,3.0,process-model-3.0.0-build3,6535,1,LIVE,SYNCHRONISED,AUTOMATIC,NORMAL,65,1950,1950,0,145,145,0.3,0.42,24.28223,38.39,1.146,1.048,0.0624,0.036,231.95,18.2036,0.01042,1,0.18,4.494,4.2414,61,CRITICAL,F1,1,1,mechanical_imbalance,0.6,1,1,,,,,25,0
2026-08-19T15:37:33.579Z,1787153853579,FAN_DT_001_F1_S06_R01_20260819T153243,1,290.376,FAULT_ACTIVE,F1,0.6,FAN_DT_001,3.0,process-model-3.0.0-build3,6536,1,LIVE,SYNCHRONISED,AUTOMATIC,NORMAL,65,1950,1950,0,145,145,0.3,0.42,24.27429,38.38,1.146,1.048,0.0624,0.036,231.95,18.2704,0.01038,1,0.18,4.475,4.257,61,CRITICAL,F1,1,1,mechanical_imbalance,0.6,1,1,,,,,25,0
2026-08-19T15:37:34.610Z,1787153854610,FAN_DT_001_F1_S06_R01_20260819T153243,1,291.407,FAULT_ACTIVE,F1,0.6,FAN_DT_001,3.0,process-model-3.0.0-build3,6537,1,LIVE,SYNCHRONISED,AUTOMATIC,NORMAL,65,1950,1950,0,145,145,0.3,0.42,24.26678,38.37,1.146,1.048,0.0624,0.036,231.95,18.3367,0.01034,1,0.18,4.458,4.2724,61,CRITICAL,F1,1,1,mechanical_imbalance,0.6,1,1,,,,,25,0
2026-08-19T15:37:35.646Z,1787153855646,FAN_DT_001_F1_S06_R01_20260819T153243,1,292.443,FAULT_ACTIVE,F1,0.6,FAN_DT_001,3.0,process-model-3.0.0-build3,6538,1,LIVE,SYNCHRONISED,AUTOMATIC,NORMAL,65,1950,1950,0,145,145,0.3,0.42,24.25962,38.36,1.146,1.048,0.0624,0.036,231.95,18.4033,0.01028,1,0.18,4.434,4.288,61,CRITICAL,F1,1,1,mechanical_imbalance,0.6,1,1,,,,,25,0
2026-08-19T15:37:36.677Z,1787153856677,FAN_DT_001_F1_S06_R01_20260819T153243,1,293.474,FAULT_ACTIVE,F1,0.6,FAN_DT_001,3.0,process-model-3.0.0-build3,6539,1,LIVE,SYNCHRONISED,AUTOMATIC,NORMAL,65,1950,1950,0,145,145,0.3,0.42,24.25287,38.35,1.146,1.048,0.0624,0.036,231.95,18.4697,0.0102,1,0.18,4.398,4.3034,61,CRITICAL,F1,1,1,mechanical_imbalance,0.6,1,1,,,,,25,0
2026-08-19T15:37:37.711Z,1787153857711,FAN_DT_001_F1_S06_R01_20260819T153243,1,294.508,FAULT_ACTIVE,F1,0.6,FAN_DT_001,3.0,process-model-3.0.0-build3,6540,1,LIVE,SYNCHRONISED,AUTOMATIC,NORMAL,65,1950,1950,0,145,145,0.3,0.42,24.24648,38.34,1.146,1.048,0.0624,0.036,231.95,18.5365,0.01014,1,0.18,4.373,4.319,61,CRITICAL,F1,1,1,mechanical_imbalance,0.6,1,1,,,,,25,0
2026-08-19T15:37:38.766Z,1787153858766,FAN_DT_001_F1_S06_R01_20260819T153243,1,295.563,FAULT_ACTIVE,F1,0.6,FAN_DT_001,3.0,process-model-3.0.0-build3,6541,1,LIVE,SYNCHRONISED,AUTOMATIC,NORMAL,65,1950,1950,0,145,145,0.3,0.42,24.24053,38.33,1.146,1.048,0.0624,0.036,231.95,18.6029,0.01006,1,0.18,4.336,4.3345,61,CRITICAL,F1,1,1,mechanical_imbalance,0.6,1,1,,,,,25,0
2026-08-19T15:37:39.781Z,1787153859781,FAN_DT_001_F1_S06_R01_20260819T153243,1,296.578,FAULT_ACTIVE,F1,0.6,FAN_DT_001,3.0,process-model-3.0.0-build3,6542,1,LIVE,SYNCHRONISED,AUTOMATIC,NORMAL,65,1950,1950,0,145,145,0.3,0.42,24.23494,38.32,1.146,1.048,0.0624,0.036,231.95,18.6697,0.00999,1,0.18,4.307,4.35,61,CRITICAL,F1,1,1,mechanical_imbalance,0.6,1,1,,,,,25,0
2026-08-19T15:37:40.817Z,1787153860817,FAN_DT_001_F1_S06_R01_20260819T153243,1,297.614,FAULT_ACTIVE,F1,0.6,FAN_DT_001,3.0,process-model-3.0.0-build3,6543,1,LIVE,SYNCHRONISED,AUTOMATIC,NORMAL,65,1950,1950,0,145,145,0.3,0.42,24.22979,38.31,1.146,1.048,0.0624,0.036,231.95,18.7359,0.00991,1,0.18,4.273,4.3655,61,CRITICAL,F1,1,1,mechanical_imbalance,0.6,1,1,,,,,25,0
2026-08-19T15:37:41.848Z,1787153861848,FAN_DT_001_F1_S06_R01_20260819T153243,1,298.646,FAULT_ACTIVE,F1,0.6,FAN_DT_001,3.0,process-model-3.0.0-build3,6544,1,LIVE,SYNCHRONISED,AUTOMATIC,NORMAL,65,1950,1950,0,145,145,0.3,0.42,24.22502,38.3,1.146,1.048,0.0624,0.036,231.95,18.8026,0.00981,1,0.18,4.229,4.381,61,CRITICAL,F1,1,1,mechanical_imbalance,0.6,1,1,,,,,25,0
2026-08-19T15:37:42.886Z,1787153862886,FAN_DT_001_F1_S06_R01_20260819T153243,1,299.683,FAULT_ACTIVE,F1,0.6,FAN_DT_001,3.0,process-model-3.0.0-build3,6545,1,LIVE,SYNCHRONISED,AUTOMATIC,NORMAL,65,1950,1950,0,145,145,0.3,0.42,24.22067,38.29,1.146,1.048,0.0624,0.036,231.95,18.8691,0.00971,1,0.18,4.186,4.3965,61,CRITICAL,F1,1,1,mechanical_imbalance,0.6,1,1,,,,,25,0
2026-08-19T15:37:43.920Z,1787153863920,FAN_DT_001_F1_S06_R01_20260819T153243,1,300.718,FAULT_ACTIVE,F1,0.6,FAN_DT_001,3.0,process-model-3.0.0-build3,6546,1,LIVE,SYNCHRONISED,AUTOMATIC,NORMAL,65,1950,1950,0,145,145,0.3,0.42,24.21673,38.28,1.146,1.048,0.0624,0.036,231.95,18.9358,0.00963,1,0.18,4.151,4.412,61,CRITICAL,F1,1,1,mechanical_imbalance,0.6,1,1,,,,,25,0
2026-08-19T15:37:44.954Z,1787153864954,FAN_DT_001_F1_S06_R01_20260819T153243,1,301.75,FAULT_ACTIVE,F1,0.6,FAN_DT_001,3.0,process-model-3.0.0-build3,6547,1,LIVE,SYNCHRONISED,AUTOMATIC,NORMAL,65,1950,1950,0,145,145,0.3,0.42,24.2132,38.27,1.146,1.048,0.0624,0.036,231.95,19.0022,0.00951,1,0.18,4.099,4.4275,61,CRITICAL,F1,1,1,mechanical_imbalance,0.6,1,1,,,,,25,0
2026-08-19T15:37:45.987Z,1787153865987,FAN_DT_001_F1_S06_R01_20260819T153243,1,302.784,FAULT_ACTIVE,F1,0.6,FAN_DT_001,3.0,process-model-3.0.0-build3,6548,1,LIVE,SYNCHRONISED,AUTOMATIC,NORMAL,65,1950,1950,0,145,145,0.3,0.42,24.21007,38.26,1.146,1.048,0.0624,0.036,231.95,19.0692,0.00939,1,0.18,4.048,4.4431,61,CRITICAL,F1,1,1,mechanical_imbalance,0.6,1,1,,,,,25,0
2026-08-19T15:37:47.022Z,1787153867022,FAN_DT_001_F1_S06_R01_20260819T153243,1,303.819,FAULT_ACTIVE,F1,0.6,FAN_DT_001,3.0,process-model-3.0.0-build3,6549,1,LIVE,SYNCHRONISED,AUTOMATIC,NORMAL,65,1950,1950,0,145,145,0.3,0.42,24.20739,38.25,1.146,1.048,0.0624,0.036,231.95,19.1353,0.00928,1,0.18,4,4.4585,61,CRITICAL,F1,1,1,mechanical_imbalance,0.6,1,1,,,,,25,0
2026-08-19T15:37:48.061Z,1787153868061,FAN_DT_001_F1_S06_R01_20260819T153243,1,304.858,FAULT_ACTIVE,F1,0.6,FAN_DT_001,3.0,process-model-3.0.0-build3,6550,1,LIVE,SYNCHRONISED,AUTOMATIC,NORMAL,65,1950,1950,0,145,145,0.3,0.42,24.20511,38.24,1.146,1.048,0.0624,0.036,231.95,19.2017,0.00916,1,0.18,3.95,4.474,61,CRITICAL,F1,1,1,mechanical_imbalance,0.6,1,1,,,,,25,0
2026-08-19T15:37:49.089Z,1787153869089,FAN_DT_001_F1_S06_R01_20260819T153243,1,305.886,FAULT_ACTIVE,F1,0.6,FAN_DT_001,3.0,process-model-3.0.0-build3,6551,1,LIVE,SYNCHRONISED,AUTOMATIC,NORMAL,65,1950,1950,0,145,145,0.3,0.42,24.20325,38.23,1.146,1.048,0.0624,0.036,231.95,19.2685,0.00904,1,0.18,3.897,4.4896,61,CRITICAL,F1,1,1,mechanical_imbalance,0.6,1,1,,,,,25,0
2026-08-19T15:37:50.124Z,1787153870124,FAN_DT_001_F1_S06_R01_20260819T153243,1,306.921,FAULT_ACTIVE,F1,0.6,FAN_DT_001,3.0,process-model-3.0.0-build3,6552,1,LIVE,SYNCHRONISED,AUTOMATIC,NORMAL,65,1950,1950,0,145,145,0.3,0.42,24.20181,38.22,1.146,1.048,0.0624,0.036,231.95,19.3348,0.00891,1,0.18,3.842,4.505,61,CRITICAL,F1,1,1,mechanical_imbalance,0.6,1,1,,,,,25,0
2026-08-19T15:37:51.159Z,1787153871159,FAN_DT_001_F1_S06_R01_20260819T153243,1,307.956,FAULT_ACTIVE,F1,0.6,FAN_DT_001,3.0,process-model-3.0.0-build3,6553,1,LIVE,SYNCHRONISED,AUTOMATIC,NORMAL,65,1950,1950,0,145,145,0.3,0.42,24.20078,38.21,1.146,1.048,0.0624,0.036,231.95,19.4016,0.00877,1,0.18,3.783,4.5206,61,CRITICAL,F1,1,1,mechanical_imbalance,0.6,1,1,,,,,25,0
2026-08-19T15:37:52.193Z,1787153872193,FAN_DT_001_F1_S06_R01_20260819T153243,1,308.99,FAULT_ACTIVE,F1,0.6,FAN_DT_001,3.0,process-model-3.0.0-build3,6554,1,LIVE,SYNCHRONISED,AUTOMATIC,NORMAL,65,1950,1950,0,145,145,0.3,0.42,24.20018,38.2,1.146,1.048,0.0624,0.036,231.95,19.4678,0.00863,1,0.18,3.72,4.536,61,CRITICAL,F1,1,1,mechanical_imbalance,0.6,1,1,,,,,25,0
2026-08-19T15:37:53.228Z,1787153873228,FAN_DT_001_F1_S06_R01_20260819T153243,1,310.025,FAULT_ACTIVE,F1,0.6,FAN_DT_001,3.0,process-model-3.0.0-build3,6555,1,LIVE,SYNCHRONISED,AUTOMATIC,NORMAL,65,1950,1950,0,145,145,0.3,0.42,24.2,38.19,1.146,1.048,0.0624,0.036,231.95,19.5346,0.00849,1,0.18,3.659,4.5516,61,CRITICAL,F1,1,1,mechanical_imbalance,0.6,1,1,,,,,25,0
2026-08-19T15:37:54.262Z,1787153874262,FAN_DT_001_F1_S06_R01_20260819T153243,1,311.059,FAULT_ACTIVE,F1,0.6,FAN_DT_001,3.0,process-model-3.0.0-build3,6556,1,LIVE,SYNCHRONISED,AUTOMATIC,NORMAL,65,1950,1950,0,145,145,0.3,0.42,24.20024,38.19,1.146,1.048,0.0624,0.036,231.95,19.6009,0.00834,1,0.18,3.598,4.567,61,CRITICAL,F1,1,1,mechanical_imbalance,0.6,1,1,,,,,25,0
2026-08-19T15:37:55.294Z,1787153875294,FAN_DT_001_F1_S06_R01_20260819T153243,1,312.091,FAULT_ACTIVE,F1,0.6,FAN_DT_001,3.0,process-model-3.0.0-build3,6557,1,LIVE,SYNCHRONISED,AUTOMATIC,NORMAL,65,1950,1950,0,145,145,0.3,0.42,24.20091,38.18,1.146,1.048,0.0624,0.036,231.95,19.6677,0.00819,1,0.18,3.531,4.5826,61,CRITICAL,F1,1,1,mechanical_imbalance,0.6,1,1,,,,,25,0
2026-08-19T15:37:56.331Z,1787153876331,FAN_DT_001_F1_S06_R01_20260819T153243,1,313.128,FAULT_ACTIVE,F1,0.6,FAN_DT_001,3.0,process-model-3.0.0-build3,6558,1,LIVE,SYNCHRONISED,AUTOMATIC,NORMAL,65,1950,1950,0,145,145,0.3,0.42,24.20199,38.17,1.146,1.048,0.0624,0.036,231.95,19.734,0.00805,1,0.18,3.469,4.598,61,CRITICAL,F1,1,1,mechanical_imbalance,0.6,1,1,,,,,25,0
2026-08-19T15:37:57.362Z,1787153877362,FAN_DT_001_F1_S06_R01_20260819T153243,1,314.159,FAULT_ACTIVE,F1,0.6,FAN_DT_001,3.0,process-model-3.0.0-build3,6559,1,LIVE,SYNCHRONISED,AUTOMATIC,NORMAL,65,1950,1950,0,145,145,0.3,0.42,24.2035,38.16,1.146,1.048,0.0624,0.036,231.95,19.8008,0.00787,1,0.18,3.395,4.6136,61,CRITICAL,F1,1,1,mechanical_imbalance,0.6,1,1,,,,,25,0
2026-08-19T15:37:58.395Z,1787153878395,FAN_DT_001_F1_S06_R01_20260819T153243,1,315.192,FAULT_ACTIVE,F1,0.6,FAN_DT_001,3.0,process-model-3.0.0-build3,6560,1,LIVE,SYNCHRONISED,AUTOMATIC,NORMAL,65,1950,1950,0,145,145,0.3,0.42,24.2054,38.15,1.146,1.048,0.0624,0.036,231.95,19.8669,0.00772,1,0.18,3.327,4.629,61,CRITICAL,F1,1,1,mechanical_imbalance,0.6,1,1,,,,,25,0
2026-08-19T15:37:59.430Z,1787153879430,FAN_DT_001_F1_S06_R01_20260819T153243,1,316.227,FAULT_ACTIVE,F1,0.6,FAN_DT_001,3.0,process-model-3.0.0-build3,6561,1,LIVE,SYNCHRONISED,AUTOMATIC,NORMAL,65,1950,1950,0,145,145,0.3,0.42,24.20775,38.14,1.146,1.048,0.0624,0.036,231.95,19.9336,0.00754,1,0.18,3.251,4.6445,61,CRITICAL,F1,1,1,mechanical_imbalance,0.6,1,1,,,,,25,0
2026-08-19T15:38:00.465Z,1787153880465,FAN_DT_001_F1_S06_R01_20260819T153243,1,317.262,FAULT_ACTIVE,F1,0.6,FAN_DT_001,3.0,process-model-3.0.0-build3,6562,1,LIVE,SYNCHRONISED,AUTOMATIC,NORMAL,65,1950,1950,0,145,145,0.3,0.42,24.2105,38.14,1.146,1.048,0.0624,0.036,231.95,20.0001,0.00736,1,0.18,3.173,4.66,61,CRITICAL,F1,1,1,mechanical_imbalance,0.6,1,1,,,,,25,0
2026-08-19T15:38:01.496Z,1787153881496,FAN_DT_001_F1_S06_R01_20260819T153243,1,318.293,FAULT_ACTIVE,F1,0.6,FAN_DT_001,3.0,process-model-3.0.0-build3,6563,1,LIVE,SYNCHRONISED,AUTOMATIC,NORMAL,65,1950,1950,0,145,145,0.3,0.42,24.21368,38.13,1.146,1.048,0.0624,0.036,231.95,20.0667,0.00719,1,0.18,3.101,4.6755,61,CRITICAL,F1,1,1,mechanical_imbalance,0.6,1,1,,,,,25,0
2026-08-19T15:38:02.532Z,1787153882532,FAN_DT_001_F1_S06_R01_20260819T153243,1,319.329,FAULT_ACTIVE,F1,0.6,FAN_DT_001,3.0,process-model-3.0.0-build3,6564,1,LIVE,SYNCHRONISED,AUTOMATIC,NORMAL,65,1950,1950,0,145,145,0.3,0.42,24.21725,38.12,1.146,1.048,0.0624,0.036,231.95,20.133,0.007,1,0.18,3.017,4.691,61,CRITICAL,F1,1,1,mechanical_imbalance,0.6,1,1,,,,,25,0
2026-08-19T15:38:03.564Z,1787153883564,FAN_DT_001_F1_S06_R01_20260819T153243,1,320.361,FAULT_ACTIVE,F1,0.6,FAN_DT_001,3.0,process-model-3.0.0-build3,6565,1,LIVE,SYNCHRONISED,AUTOMATIC,NORMAL,65,1950,1950,0,145,145,0.3,0.42,24.22127,38.11,1.146,1.048,0.0624,0.036,231.95,20.1998,0.00683,1,0.18,2.945,4.7065,61,CRITICAL,F1,1,1,mechanical_imbalance,0.6,1,1,,,,,25,0
2026-08-19T15:38:04.603Z,1787153884603,FAN_DT_001_F1_S06_R01_20260819T153243,1,321.4,FAULT_ACTIVE,F1,0.6,FAN_DT_001,3.0,process-model-3.0.0-build3,6566,1,LIVE,SYNCHRONISED,AUTOMATIC,NORMAL,65,1950,1950,0,145,145,0.3,0.42,24.22568,38.11,1.146,1.048,0.0624,0.036,231.95,20.2663,0.00664,1,0.18,2.862,4.722,61,CRITICAL,F1,1,1,mechanical_imbalance,0.6,1,1,,,,,25,0
2026-08-19T15:38:05.636Z,1787153885636,FAN_DT_001_F1_S06_R01_20260819T153243,1,322.433,FAULT_ACTIVE,F1,0.6,FAN_DT_001,3.0,process-model-3.0.0-build3,6567,1,LIVE,SYNCHRONISED,AUTOMATIC,NORMAL,65,1950,1950,0,145,145,0.3,0.42,24.23052,38.1,1.146,1.048,0.0624,0.036,231.95,20.3331,0.00643,1,0.18,2.774,4.7376,61,CRITICAL,F1,1,1,mechanical_imbalance,0.6,1,1,,,,,25,0
2026-08-19T15:38:06.673Z,1787153886673,FAN_DT_001_F1_S06_R01_20260819T153243,1,323.47,FAULT_ACTIVE,F1,0.6,FAN_DT_001,3.0,process-model-3.0.0-build3,6568,1,LIVE,SYNCHRONISED,AUTOMATIC,NORMAL,65,1950,1950,0,145,145,0.3,0.42,24.23573,38.09,1.146,1.048,0.0624,0.036,231.95,20.3995,0.00625,1,0.18,2.694,4.7531,61,CRITICAL,F1,1,1,mechanical_imbalance,0.6,1,1,,,,,25,0
2026-08-19T15:38:07.705Z,1787153887705,FAN_DT_001_F1_S06_R01_20260819T153243,1,324.503,FAULT_ACTIVE,F1,0.6,FAN_DT_001,3.0,process-model-3.0.0-build3,6569,1,LIVE,SYNCHRONISED,AUTOMATIC,NORMAL,65,1950,1950,0,145,145,0.3,0.42,24.24137,38.09,1.146,1.048,0.0624,0.036,231.95,20.4661,0.00606,1,0.18,2.611,4.7686,61,CRITICAL,F1,1,1,mechanical_imbalance,0.6,1,1,,,,,25,0
2026-08-19T15:38:08.740Z,1787153888740,FAN_DT_001_F1_S06_R01_20260819T153243,1,325.537,FAULT_ACTIVE,F1,0.6,FAN_DT_001,3.0,process-model-3.0.0-build3,6570,1,LIVE,SYNCHRONISED,AUTOMATIC,NORMAL,65,1950,1950,0,145,145,0.3,0.42,24.24738,38.08,1.146,1.048,0.0624,0.036,231.95,20.5326,0.00584,1,0.18,2.519,4.7841,61,CRITICAL,F1,1,1,mechanical_imbalance,0.6,1,1,,,,,25,0
2026-08-19T15:38:09.775Z,1787153889775,FAN_DT_001_F1_S06_R01_20260819T153243,1,326.572,FAULT_ACTIVE,F1,0.6,FAN_DT_001,3.0,process-model-3.0.0-build3,6571,1,LIVE,SYNCHRONISED,AUTOMATIC,NORMAL,65,1950,1950,0,145,145,0.3,0.42,24.25382,38.08,1.146,1.048,0.0624,0.036,231.95,20.5993,0.00564,1,0.18,2.429,4.7996,61,CRITICAL,F1,1,1,mechanical_imbalance,0.6,1,1,,,,,25,0
2026-08-19T15:38:10.813Z,1787153890813,FAN_DT_001_F1_S06_R01_20260819T153243,1,327.61,FAULT_ACTIVE,F1,0.6,FAN_DT_001,3.0,process-model-3.0.0-build3,6572,1,LIVE,SYNCHRONISED,AUTOMATIC,NORMAL,65,1950,1950,0,145,145,0.3,0.42,24.26066,38.07,1.146,1.048,0.0624,0.036,231.95,20.6661,0.00544,1,0.18,2.344,4.8152,61,CRITICAL,F1,1,1,mechanical_imbalance,0.6,1,1,,,,,25,0
2026-08-19T15:38:11.851Z,1787153891851,FAN_DT_001_F1_S06_R01_20260819T153243,1,328.648,FAULT_ACTIVE,F1,0.6,FAN_DT_001,3.0,process-model-3.0.0-build3,6573,1,LIVE,SYNCHRONISED,AUTOMATIC,NORMAL,65,1950,1950,0,145,145,0.3,0.42,24.26785,38.06,1.146,1.048,0.0624,0.036,231.95,20.7324,0.00523,1,0.18,2.255,4.8307,61,CRITICAL,F1,1,1,mechanical_imbalance,0.6,1,1,,,,,25,0
2026-08-19T15:38:12.880Z,1787153892880,FAN_DT_001_F1_S06_R01_20260819T153243,1,329.677,FAULT_ACTIVE,F1,0.6,FAN_DT_001,3.0,process-model-3.0.0-build3,6574,1,LIVE,SYNCHRONISED,AUTOMATIC,NORMAL,65,1950,1950,0,145,145,0.3,0.42,24.27546,38.06,1.146,1.048,0.0624,0.036,231.95,20.7992,0.00503,1,0.18,2.167,4.8462,61,CRITICAL,F1,1,1,mechanical_imbalance,0.6,1,1,,,,,25,0
2026-08-19T15:38:13.916Z,1787153893916,FAN_DT_001_F1_S06_R01_20260819T153243,1,330.713,FAULT_ACTIVE,F1,0.6,FAN_DT_001,3.0,process-model-3.0.0-build3,6575,1,LIVE,SYNCHRONISED,AUTOMATIC,NORMAL,65,1950,1950,0,145,145,0.3,0.42,24.2834,38.05,1.146,1.048,0.0624,0.036,231.95,20.8654,0.00481,1,0.18,2.072,4.8616,61,CRITICAL,F1,1,1,mechanical_imbalance,0.6,1,1,,,,,25,0
2026-08-19T15:38:14.947Z,1787153894947,FAN_DT_001_F1_S06_R01_20260819T153243,1,331.744,FAULT_ACTIVE,F1,0.6,FAN_DT_001,3.0,process-model-3.0.0-build3,6576,1,LIVE,SYNCHRONISED,AUTOMATIC,NORMAL,65,1950,1950,0,145,145,0.3,0.42,24.29178,38.05,1.146,1.048,0.0624,0.036,231.95,20.9321,0.00457,1,0.18,1.969,4.8772,61,CRITICAL,F1,1,1,mechanical_imbalance,0.6,1,1,,,,,25,0
2026-08-19T15:38:15.984Z,1787153895984,FAN_DT_001_F1_S06_R01_20260819T153243,1,332.781,FAULT_ACTIVE,F1,0.6,FAN_DT_001,3.0,process-model-3.0.0-build3,6577,1,LIVE,SYNCHRONISED,AUTOMATIC,NORMAL,65,1950,1950,0,145,145,0.3,0.42,24.30048,38.04,1.146,1.048,0.0624,0.036,231.95,20.9984,0.00436,1,0.18,1.878,4.8926,61,CRITICAL,F1,1,1,mechanical_imbalance,0.6,1,1,,,,,25,0
2026-08-19T15:38:17.020Z,1787153897020,FAN_DT_001_F1_S06_R01_20260819T153243,1,333.817,FAULT_ACTIVE,F1,0.6,FAN_DT_001,3.0,process-model-3.0.0-build3,6578,1,LIVE,SYNCHRONISED,AUTOMATIC,NORMAL,65,1950,1950,0,145,145,0.3,0.42,24.30964,38.04,1.146,1.048,0.0624,0.036,231.95,21.0655,0.00413,1,0.18,1.782,4.9083,61,CRITICAL,F1,1,1,mechanical_imbalance,0.6,1,1,,,,,25,0
2026-08-19T15:38:18.062Z,1787153898062,FAN_DT_001_F1_S06_R01_20260819T153243,1,334.859,FAULT_ACTIVE,F1,0.6,FAN_DT_001,3.0,process-model-3.0.0-build3,6579,1,LIVE,SYNCHRONISED,AUTOMATIC,NORMAL,65,1950,1950,0,145,145,0.3,0.42,24.31909,38.04,1.146,1.048,0.0624,0.036,231.95,21.132,0.00391,1,0.18,1.684,4.9238,61,CRITICAL,F1,1,1,mechanical_imbalance,0.6,1,1,,,,,25,0
2026-08-19T15:38:19.088Z,1787153899088,FAN_DT_001_F1_S06_R01_20260819T153243,1,335.885,FAULT_ACTIVE,F1,0.6,FAN_DT_001,3.0,process-model-3.0.0-build3,6580,1,LIVE,SYNCHRONISED,AUTOMATIC,NORMAL,65,1950,1950,0,145,145,0.3,0.42,24.32885,38.03,1.146,1.048,0.0624,0.036,231.95,21.1982,0.00367,1,0.18,1.582,4.9392,61,CRITICAL,F1,1,1,mechanical_imbalance,0.6,1,1,,,,,25,0
2026-08-19T15:38:20.121Z,1787153900121,FAN_DT_001_F1_S06_R01_20260819T153243,1,336.918,FAULT_ACTIVE,F1,0.6,FAN_DT_001,3.0,process-model-3.0.0-build3,6581,1,LIVE,SYNCHRONISED,AUTOMATIC,NORMAL,65,1950,1950,0,145,145,0.3,0.42,24.33907,38.03,1.146,1.048,0.0624,0.036,231.95,21.265,0.00345,1,0.18,1.488,4.9547,61,CRITICAL,F1,1,1,mechanical_imbalance,0.6,1,1,,,,,25,0
2026-08-19T15:38:21.154Z,1787153901154,FAN_DT_001_F1_S06_R01_20260819T153243,1,337.951,FAULT_ACTIVE,F1,0.6,FAN_DT_001,3.0,process-model-3.0.0-build3,6582,1,LIVE,SYNCHRONISED,AUTOMATIC,NORMAL,65,1950,1950,0,145,145,0.3,0.42,24.34951,38.03,1.146,1.048,0.0624,0.036,231.95,21.3311,0.00323,1,0.18,1.392,4.9701,61,CRITICAL,F1,1,1,mechanical_imbalance,0.6,1,1,,,,,25,0
2026-08-19T15:38:22.187Z,1787153902187,FAN_DT_001_F1_S06_R01_20260819T153243,1,338.984,FAULT_ACTIVE,F1,0.6,FAN_DT_001,3.0,process-model-3.0.0-build3,6583,1,LIVE,SYNCHRONISED,AUTOMATIC,NORMAL,65,1950,1950,0,145,145,0.3,0.42,24.36041,38.02,1.146,1.048,0.0624,0.036,231.95,21.3979,0.00298,1,0.18,1.285,4.9857,61,CRITICAL,F1,1,1,mechanical_imbalance,0.6,1,1,,,,,25,0
2026-08-19T15:38:23.222Z,1787153903222,FAN_DT_001_F1_S06_R01_20260819T153243,1,340.019,FAULT_ACTIVE,F1,0.6,FAN_DT_001,3.0,process-model-3.0.0-build3,6584,1,LIVE,SYNCHRONISED,AUTOMATIC,NORMAL,65,1950,1950,0,145,145,0.3,0.42,24.37156,38.02,1.146,1.048,0.0624,0.036,231.95,21.4642,0.00276,1,0.18,1.191,5.0011,61,CRITICAL,F1,1,1,mechanical_imbalance,0.6,1,1,,,,,25,0
2026-08-19T15:38:24.260Z,1787153904260,FAN_DT_001_F1_S06_R01_20260819T153243,1,341.057,FAULT_ACTIVE,F1,0.6,FAN_DT_001,3.0,process-model-3.0.0-build3,6585,1,LIVE,SYNCHRONISED,AUTOMATIC,NORMAL,65,1950,1950,0,145,145,0.3,0.42,24.38315,38.02,1.146,1.048,0.0624,0.036,231.95,21.5311,0.00251,1,0.18,1.084,5.0167,61,CRITICAL,F1,1,1,mechanical_imbalance,0.6,1,1,,,,,25,0
2026-08-19T15:38:25.291Z,1787153905291,FAN_DT_001_F1_S06_R01_20260819T153243,1,342.088,FAULT_ACTIVE,F1,0.6,FAN_DT_001,3.0,process-model-3.0.0-build3,6586,1,LIVE,SYNCHRONISED,AUTOMATIC,NORMAL,65,1950,1950,0,145,145,0.3,0.42,24.39498,38.01,1.146,1.048,0.0624,0.036,231.95,21.5974,0.00227,1,0.18,0.979,5.0322,61,CRITICAL,F1,1,1,mechanical_imbalance,0.6,1,1,,,,,25,0
2026-08-19T15:38:26.325Z,1787153906325,FAN_DT_001_F1_S06_R01_20260819T153243,1,343.122,FAULT_ACTIVE,F1,0.6,FAN_DT_001,3.0,process-model-3.0.0-build3,6587,1,LIVE,SYNCHRONISED,AUTOMATIC,NORMAL,65,1950,1950,0,145,145,0.3,0.42,24.40715,38.01,1.146,1.048,0.0624,0.036,231.95,21.664,0.00205,1,0.18,0.885,5.0477,61,CRITICAL,F1,1,1,mechanical_imbalance,0.6,1,1,,,,,25,0
2026-08-19T15:38:27.362Z,1787153907362,FAN_DT_001_F1_S06_R01_20260819T153243,1,344.159,FAULT_ACTIVE,F1,0.6,FAN_DT_001,3.0,process-model-3.0.0-build3,6588,1,LIVE,SYNCHRONISED,AUTOMATIC,NORMAL,65,1950,1950,0,145,145,0.3,0.42,24.41965,38.01,1.146,1.048,0.0624,0.036,231.95,21.7307,0.00182,1,0.18,0.783,5.0633,61,CRITICAL,F1,1,1,mechanical_imbalance,0.6,1,1,,,,,25,0
2026-08-19T15:38:28.415Z,1787153908415,FAN_DT_001_F1_S06_R01_20260819T153243,1,345.212,FAULT_ACTIVE,F1,0.6,FAN_DT_001,3.0,process-model-3.0.0-build3,6589,1,LIVE,SYNCHRONISED,AUTOMATIC,NORMAL,65,1950,1950,0,145,145,0.3,0.42,24.43244,38.01,1.146,1.048,0.0624,0.036,231.95,21.7972,0.00156,1,0.18,0.673,5.0787,61,CRITICAL,F1,1,1,mechanical_imbalance,0.6,1,1,,,,,25,0
2026-08-19T15:38:29.429Z,1787153909429,FAN_DT_001_F1_S06_R01_20260819T153243,1,346.226,FAULT_ACTIVE,F1,0.6,FAN_DT_001,3.0,process-model-3.0.0-build3,6590,1,LIVE,SYNCHRONISED,AUTOMATIC,NORMAL,65,1950,1950,0,145,145,0.3,0.42,24.44554,38.01,1.146,1.048,0.0624,0.036,231.95,21.8638,0.00133,1,0.18,0.574,5.0943,61,CRITICAL,F1,1,1,mechanical_imbalance,0.6,1,1,,,,,25,0
2026-08-19T15:38:30.461Z,1787153910461,FAN_DT_001_F1_S06_R01_20260819T153243,1,347.258,FAULT_ACTIVE,F1,0.6,FAN_DT_001,3.0,process-model-3.0.0-build3,6591,1,LIVE,SYNCHRONISED,AUTOMATIC,NORMAL,65,1950,1950,0,145,145,0.3,0.42,24.45891,38.01,1.146,1.048,0.0624,0.036,231.95,21.9303,0.00107,1,0.18,0.461,5.1098,61,CRITICAL,F1,1,1,mechanical_imbalance,0.6,1,1,,,,,25,0
2026-08-19T15:38:31.494Z,1787153911494,FAN_DT_001_F1_S06_R01_20260819T153243,1,348.291,FAULT_ACTIVE,F1,0.6,FAN_DT_001,3.0,process-model-3.0.0-build3,6592,1,LIVE,SYNCHRONISED,AUTOMATIC,NORMAL,65,1950,1950,0,145,145,0.3,0.42,24.47262,38,1.146,1.048,0.0624,0.036,231.95,21.997,0.00084,1,0.18,0.364,5.1253,61,CRITICAL,F1,1,1,mechanical_imbalance,0.6,1,1,,,,,25,0
2026-08-19T15:38:32.529Z,1787153912529,FAN_DT_001_F1_S06_R01_20260819T153243,1,349.326,FAULT_ACTIVE,F1,0.6,FAN_DT_001,3.0,process-model-3.0.0-build3,6593,1,LIVE,SYNCHRONISED,AUTOMATIC,NORMAL,65,1950,1950,0,145,145,0.3,0.42,24.48649,38,1.146,1.048,0.0624,0.036,231.95,22.0633,0.00061,1,0.18,0.262,5.1407,61,CRITICAL,F1,1,1,mechanical_imbalance,0.6,1,1,,,,,25,0
2026-08-19T15:38:33.567Z,1787153913567,FAN_DT_001_F1_S06_R01_20260819T153243,1,350.364,FAULT_ACTIVE,F1,0.6,FAN_DT_001,3.0,process-model-3.0.0-build3,6594,1,LIVE,SYNCHRONISED,AUTOMATIC,NORMAL,65,1950,1950,0,145,145,0.3,0.42,24.50065,38,1.146,1.048,0.0624,0.036,231.95,22.1296,0.00036,1,0.18,0.155,5.1562,61,CRITICAL,F1,1,1,mechanical_imbalance,0.6,1,1,,,,,25,0
2026-08-19T15:38:34.601Z,1787153914601,FAN_DT_001_F1_S06_R01_20260819T153243,1,351.398,FAULT_ACTIVE,F1,0.6,FAN_DT_001,3.0,process-model-3.0.0-build3,6595,1,LIVE,SYNCHRONISED,AUTOMATIC,NORMAL,65,1950,1950,0,145,145,0.3,0.42,24.51518,38,1.146,1.048,0.0624,0.036,231.95,22.1963,0.00012,1,0.18,0.051,5.1717,61,CRITICAL,F1,1,1,mechanical_imbalance,0.6,1,1,,,,,25,0
2026-08-19T15:38:35.633Z,1787153915633,FAN_DT_001_F1_S06_R01_20260819T153243,1,352.43,FAULT_ACTIVE,F1,0.6,FAN_DT_001,3.0,process-model-3.0.0-build3,6596,1,LIVE,SYNCHRONISED,AUTOMATIC,NORMAL,65,1950,1950,0,145,145,0.3,0.42,24.52988,38,1.146,1.048,0.0624,0.036,231.95,22.2627,-0.00015,1,0.18,0.064,5.1872,61,CRITICAL,F1,1,1,mechanical_imbalance,0.6,1,1,,,,,25,0
2026-08-19T15:38:36.669Z,1787153916669,FAN_DT_001_F1_S06_R01_20260819T153243,1,353.466,FAULT_ACTIVE,F1,0.6,FAN_DT_001,3.0,process-model-3.0.0-build3,6597,1,LIVE,SYNCHRONISED,AUTOMATIC,NORMAL,65,1950,1950,0,145,145,0.3,0.42,24.54494,38,1.146,1.048,0.0624,0.036,231.95,22.3296,-0.00038,1,0.18,0.164,5.2028,61,CRITICAL,F1,1,1,mechanical_imbalance,0.6,1,1,,,,,25,0
2026-08-19T15:38:37.704Z,1787153917704,FAN_DT_001_F1_S06_R01_20260819T153243,1,354.501,FAULT_ACTIVE,F1,0.6,FAN_DT_001,3.0,process-model-3.0.0-build3,6598,1,LIVE,SYNCHRONISED,AUTOMATIC,NORMAL,65,1950,1950,0,145,145,0.3,0.42,24.56011,38,1.146,1.048,0.0624,0.036,231.95,22.396,-0.00064,1,0.18,0.274,5.2183,61,CRITICAL,F1,1,1,mechanical_imbalance,0.6,1,1,,,,,25,0
2026-08-19T15:38:38.739Z,1787153918739,FAN_DT_001_F1_S06_R01_20260819T153243,1,355.536,FAULT_ACTIVE,F1,0.6,FAN_DT_001,3.0,process-model-3.0.0-build3,6599,1,LIVE,SYNCHRONISED,AUTOMATIC,NORMAL,65,1950,1950,0,145,145,0.3,0.42,24.5756,38,1.146,1.048,0.0624,0.036,231.95,22.4627,-0.00087,1,0.18,0.374,5.2338,61,CRITICAL,F1,1,1,mechanical_imbalance,0.6,1,1,,,,,25,0
2026-08-19T15:38:39.772Z,1787153919772,FAN_DT_001_F1_S06_R01_20260819T153243,1,356.569,FAULT_ACTIVE,F1,0.6,FAN_DT_001,3.0,process-model-3.0.0-build3,6600,1,LIVE,SYNCHRONISED,AUTOMATIC,NORMAL,65,1950,1950,0,145,145,0.3,0.42,24.59127,38.01,1.146,1.048,0.0624,0.036,231.95,22.5292,-0.00112,1,0.18,0.483,5.2493,61,CRITICAL,F1,1,1,mechanical_imbalance,0.6,1,1,,,,,25,0
2026-08-19T15:38:40.805Z,1787153920805,FAN_DT_001_F1_S06_R01_20260819T153243,1,357.601,FAULT_ACTIVE,F1,0.6,FAN_DT_001,3.0,process-model-3.0.0-build3,6601,1,LIVE,SYNCHRONISED,AUTOMATIC,NORMAL,65,1950,1950,0,145,145,0.3,0.42,24.60711,38.01,1.146,1.048,0.0624,0.036,231.95,22.5955,-0.00136,1,0.18,0.585,5.2648,61,CRITICAL,F1,1,1,mechanical_imbalance,0.6,1,1,,,,,25,0
2026-08-19T15:38:41.841Z,1787153921841,FAN_DT_001_F1_S06_R01_20260819T153243,1,358.638,FAULT_ACTIVE,F1,0.6,FAN_DT_001,3.0,process-model-3.0.0-build3,6602,1,LIVE,SYNCHRONISED,AUTOMATIC,NORMAL,65,1950,1950,0,145,145,0.3,0.42,24.62323,38.01,1.146,1.048,0.0624,0.036,231.95,22.6622,-0.00161,1,0.18,0.692,5.2803,61,CRITICAL,F1,1,1,mechanical_imbalance,0.6,1,1,,,,,25,0
2026-08-19T15:38:42.875Z,1787153922875,FAN_DT_001_F1_S06_R01_20260819T153243,1,359.671,FAULT_ACTIVE,F1,0.6,FAN_DT_001,3.0,process-model-3.0.0-build3,6603,1,LIVE,SYNCHRONISED,AUTOMATIC,NORMAL,65,1950,1950,0,145,145,0.3,0.42,24.63952,38.01,1.146,1.048,0.0624,0.036,231.95,22.7287,-0.00182,1,0.18,0.785,5.2958,61,CRITICAL,F1,1,1,mechanical_imbalance,0.6,1,1,,,,,25,0
2026-08-19T15:38:43.912Z,1787153923912,FAN_DT_001_F1_S06_R01_20260819T153243,1,360.709,FAULT_ACTIVE,F1,0.6,FAN_DT_001,3.0,process-model-3.0.0-build3,6604,1,LIVE,SYNCHRONISED,AUTOMATIC,NORMAL,65,1950,1950,0,145,145,0.3,0.42,24.65604,38.01,1.146,1.048,0.0624,0.036,231.95,22.7954,-0.00206,1,0.18,0.888,5.3113,61,CRITICAL,F1,1,1,mechanical_imbalance,0.6,1,1,,,,,25,0
2026-08-19T15:38:44.944Z,1787153924944,FAN_DT_001_F1_S06_R01_20260819T153243,1,361.741,FAULT_ACTIVE,F1,0.6,FAN_DT_001,3.0,process-model-3.0.0-build3,6605,1,LIVE,SYNCHRONISED,AUTOMATIC,NORMAL,65,1950,1950,0,145,145,0.3,0.42,24.67268,38.01,1.146,1.048,0.0624,0.036,231.95,22.8618,-0.00231,1,0.18,0.997,5.3268,61,CRITICAL,F1,1,1,mechanical_imbalance,0.6,1,1,,,,,25,0
2026-08-19T15:38:45.976Z,1787153925976,FAN_DT_001_F1_S06_R01_20260819T153243,1,362.773,FAULT_ACTIVE,F1,0.6,FAN_DT_001,3.0,process-model-3.0.0-build3,6606,1,LIVE,SYNCHRONISED,AUTOMATIC,NORMAL,65,1950,1950,0,145,145,0.3,0.42,24.68953,38.02,1.146,1.048,0.0624,0.036,231.95,22.9284,-0.00254,1,0.18,1.096,5.3423,61,CRITICAL,F1,1,1,mechanical_imbalance,0.6,1,1,,,,,25,0
2026-08-19T15:38:47.002Z,1787153927002,FAN_DT_001_F1_S06_R01_20260819T153243,1,363.799,FAULT_ACTIVE,F1,0.6,FAN_DT_001,3.0,process-model-3.0.0-build3,6607,1,LIVE,SYNCHRONISED,AUTOMATIC,NORMAL,65,1950,1950,0,145,145,0.3,0.42,24.70641,38.02,1.146,1.048,0.0624,0.036,231.95,22.9945,-0.00277,1,0.18,1.196,5.3577,61,CRITICAL,F1,1,1,mechanical_imbalance,0.6,1,1,,,,,25,0
2026-08-19T15:38:48.043Z,1787153928043,FAN_DT_001_F1_S06_R01_20260819T153243,1,364.84,FAULT_ACTIVE,F1,0.6,FAN_DT_001,3.0,process-model-3.0.0-build3,6608,1,LIVE,SYNCHRONISED,AUTOMATIC,NORMAL,65,1950,1950,0,145,145,0.3,0.42,24.72354,38.02,1.146,1.048,0.0624,0.036,231.95,23.0609,-0.00303,1,0.18,1.305,5.3732,61,CRITICAL,F1,1,1,mechanical_imbalance,0.6,1,1,,,,,25,0
2026-08-19T15:38:49.073Z,1787153929073,FAN_DT_001_F1_S06_R01_20260819T153243,1,365.87,FAULT_ACTIVE,F1,0.6,FAN_DT_001,3.0,process-model-3.0.0-build3,6609,1,LIVE,SYNCHRONISED,AUTOMATIC,NORMAL,65,1950,1950,0,145,145,0.3,0.42,24.74088,38.03,1.146,1.048,0.0624,0.036,231.95,23.1276,-0.00324,1,0.18,1.396,5.3887,61,CRITICAL,F1,1,1,mechanical_imbalance,0.6,1,1,,,,,25,0
2026-08-19T15:38:50.234Z,1787153930234,FAN_DT_001_F1_S06_R01_20260819T153243,1,367.031,FAULT_ACTIVE,F1,0.6,FAN_DT_001,3.0,process-model-3.0.0-build3,6610,1,LIVE,SYNCHRONISED,AUTOMATIC,NORMAL,65,1950,1950,0,145,145,0.3,0.42,24.7583,38.03,1.146,1.048,0.0624,0.036,231.95,23.194,-0.00348,1,0.18,1.502,5.4042,61,CRITICAL,F1,1,1,mechanical_imbalance,0.6,1,1,,,,,25,0
2026-08-19T15:38:51.409Z,1787153931409,FAN_DT_001_F1_S06_R01_20260819T153243,1,368.206,FAULT_ACTIVE,F1,0.6,FAN_DT_001,3.0,process-model-3.0.0-build3,6611,1,LIVE,SYNCHRONISED,AUTOMATIC,NORMAL,65,1950,1950,0,145,145,0.3,0.42,24.77589,38.03,1.146,1.048,0.0624,0.036,231.95,23.2608,-0.00369,1,0.18,1.593,5.4198,61,CRITICAL,F1,1,1,mechanical_imbalance,0.6,1,1,,,,,25,0
2026-08-19T15:38:52.182Z,1787153932182,FAN_DT_001_F1_S06_R01_20260819T153243,1,368.979,FAULT_ACTIVE,F1,0.6,FAN_DT_001,3.0,process-model-3.0.0-build3,6612,1,LIVE,SYNCHRONISED,AUTOMATIC,NORMAL,65,1950,1950,0,145,145,0.3,0.42,24.79354,38.04,1.146,1.048,0.0624,0.036,231.95,23.3271,-0.00393,1,0.18,1.695,5.4352,61,CRITICAL,F1,1,1,mechanical_imbalance,0.6,1,1,,,,,25,0
2026-08-19T15:38:53.214Z,1787153933214,FAN_DT_001_F1_S06_R01_20260819T153243,1,370.011,FAULT_ACTIVE,F1,0.6,FAN_DT_001,3.0,process-model-3.0.0-build3,6613,1,LIVE,SYNCHRONISED,AUTOMATIC,NORMAL,65,1950,1950,0,145,145,0.3,0.42,24.81139,38.04,1.146,1.048,0.0624,0.036,231.95,23.3939,-0.00415,1,0.18,1.788,5.4508,61,CRITICAL,F1,1,1,mechanical_imbalance,0.6,1,1,,,,,25,0
2026-08-19T15:38:54.247Z,1787153934247,FAN_DT_001_F1_S06_R01_20260819T153243,1,371.045,FAULT_ACTIVE,F1,0.6,FAN_DT_001,3.0,process-model-3.0.0-build3,6614,1,LIVE,SYNCHRONISED,AUTOMATIC,NORMAL,65,1950,1950,0,145,145,0.3,0.42,24.82922,38.05,1.146,1.048,0.0624,0.036,231.95,23.4602,-0.00437,1,0.18,1.885,5.4662,61,CRITICAL,F1,1,1,mechanical_imbalance,0.6,1,1,,,,,25,0
2026-08-19T15:38:55.282Z,1787153935282,FAN_DT_001_F1_S06_R01_20260819T153243,1,372.079,FAULT_ACTIVE,F1,0.6,FAN_DT_001,3.0,process-model-3.0.0-build3,6615,1,LIVE,SYNCHRONISED,AUTOMATIC,NORMAL,65,1950,1950,0,145,145,0.3,0.42,24.84726,38.05,1.146,1.048,0.0624,0.036,231.95,23.5269,-0.0046,1,0.18,1.984,5.4818,61,CRITICAL,F1,1,1,mechanical_imbalance,0.6,1,1,,,,,25,0
2026-08-19T15:38:56.314Z,1787153936314,FAN_DT_001_F1_S06_R01_20260819T153243,1,373.111,FAULT_ACTIVE,F1,0.6,FAN_DT_001,3.0,process-model-3.0.0-build3,6616,1,LIVE,SYNCHRONISED,AUTOMATIC,NORMAL,65,1950,1950,0,145,145,0.3,0.42,24.86522,38.06,1.146,1.048,0.0624,0.036,231.95,23.5931,-0.00483,1,0.18,2.084,5.4972,61,CRITICAL,F1,1,1,mechanical_imbalance,0.6,1,1,,,,,25,0
2026-08-19T15:38:57.364Z,1787153937364,FAN_DT_001_F1_S06_R01_20260819T153243,1,374.161,FAULT_ACTIVE,F1,0.6,FAN_DT_001,3.0,process-model-3.0.0-build3,6617,1,LIVE,SYNCHRONISED,AUTOMATIC,NORMAL,65,1950,1950,0,145,145,0.3,0.42,24.88343,38.06,1.146,1.048,0.0624,0.036,231.95,23.6599,-0.00505,1,0.18,2.175,5.5128,61,CRITICAL,F1,1,1,mechanical_imbalance,0.6,1,1,,,,,25,0
2026-08-19T15:38:58.384Z,1787153938384,FAN_DT_001_F1_S06_R01_20260819T153243,1,375.181,FAULT_ACTIVE,F1,0.6,FAN_DT_001,3.0,process-model-3.0.0-build3,6618,1,LIVE,SYNCHRONISED,AUTOMATIC,NORMAL,65,1950,1950,0,145,145,0.3,0.42,24.90156,38.07,1.146,1.048,0.0624,0.036,231.95,23.7263,-0.00524,1,0.18,2.26,5.5282,61,CRITICAL,F1,1,1,mechanical_imbalance,0.6,1,1,,,,,25,0
2026-08-19T15:38:59.416Z,1787153939416,FAN_DT_001_F1_S06_R01_20260819T153243,1,376.213,FAULT_ACTIVE,F1,0.6,FAN_DT_001,3.0,process-model-3.0.0-build3,6619,1,LIVE,SYNCHRONISED,AUTOMATIC,NORMAL,65,1950,1950,0,145,145,0.3,0.42,24.91989,38.07,1.146,1.048,0.0624,0.036,231.95,23.7931,-0.00545,1,0.18,2.35,5.5438,61,CRITICAL,F1,1,1,mechanical_imbalance,0.6,1,1,,,,,25,0
2026-08-19T15:39:00.455Z,1787153940455,FAN_DT_001_F1_S06_R01_20260819T153243,1,377.252,FAULT_ACTIVE,F1,0.6,FAN_DT_001,3.0,process-model-3.0.0-build3,6620,1,LIVE,SYNCHRONISED,AUTOMATIC,NORMAL,65,1950,1950,0,145,145,0.3,0.42,24.93814,38.08,1.146,1.048,0.0624,0.036,231.95,23.8595,-0.00566,1,0.18,2.442,5.5593,61,CRITICAL,F1,1,1,mechanical_imbalance,0.6,1,1,,,,,25,0
2026-08-19T15:39:01.490Z,1787153941490,FAN_DT_001_F1_S06_R01_20260819T153243,1,378.287,FAULT_ACTIVE,F1,0.6,FAN_DT_001,3.0,process-model-3.0.0-build3,6621,1,LIVE,SYNCHRONISED,AUTOMATIC,NORMAL,65,1950,1950,0,145,145,0.3,0.42,24.95655,38.08,1.146,1.048,0.0624,0.036,231.95,23.9264,-0.00589,1,0.18,2.538,5.5749,61,CRITICAL,F1,1,1,mechanical_imbalance,0.6,1,1,,,,,25,0
2026-08-19T15:39:02.519Z,1787153942519,FAN_DT_001_F1_S06_R01_20260819T153243,1,379.316,FAULT_ACTIVE,F1,0.6,FAN_DT_001,3.0,process-model-3.0.0-build3,6622,1,LIVE,SYNCHRONISED,AUTOMATIC,NORMAL,65,1950,1950,0,145,145,0.3,0.42,24.97474,38.09,1.146,1.048,0.0624,0.036,231.95,23.9923,-0.00606,1,0.18,2.614,5.5902,61,CRITICAL,F1,1,1,mechanical_imbalance,0.6,1,1,,,,,25,0
2026-08-19T15:39:03.553Z,1787153943553,FAN_DT_001_F1_S06_R01_20260819T153243,1,380.35,FAULT_ACTIVE,F1,0.6,FAN_DT_001,3.0,process-model-3.0.0-build3,6623,1,LIVE,SYNCHRONISED,AUTOMATIC,NORMAL,65,1950,1950,0,145,145,0.3,0.42,24.99317,38.1,1.146,1.048,0.0624,0.036,231.95,24.0591,-0.00628,1,0.18,2.707,5.6058,61,CRITICAL,F1,1,1,mechanical_imbalance,0.6,1,1,,,,,25,0
2026-08-19T15:39:04.586Z,1787153944586,FAN_DT_001_F1_S06_R01_20260819T153243,1,381.383,FAULT_ACTIVE,F1,0.6,FAN_DT_001,3.0,process-model-3.0.0-build3,6624,1,LIVE,SYNCHRONISED,AUTOMATIC,NORMAL,65,1950,1950,0,145,145,0.3,0.42,25.01139,38.1,1.146,1.048,0.0624,0.036,231.95,24.1253,-0.00647,1,0.18,2.788,5.6212,61,CRITICAL,F1,1,1,mechanical_imbalance,0.6,1,1,,,,,25,0
2026-08-19T15:39:05.624Z,1787153945624,FAN_DT_001_F1_S06_R01_20260819T153243,1,382.421,FAULT_ACTIVE,F1,0.6,FAN_DT_001,3.0,process-model-3.0.0-build3,6625,1,LIVE,SYNCHRONISED,AUTOMATIC,NORMAL,65,1950,1950,0,145,145,0.3,0.42,25.02984,38.11,1.146,1.048,0.0624,0.036,231.95,24.1921,-0.00665,1,0.18,2.869,5.6368,61,CRITICAL,F1,1,1,mechanical_imbalance,0.6,1,1,,,,,25,0
2026-08-19T15:39:06.662Z,1787153946662,FAN_DT_001_F1_S06_R01_20260819T153243,1,383.459,FAULT_ACTIVE,F1,0.6,FAN_DT_001,3.0,process-model-3.0.0-build3,6626,1,LIVE,SYNCHRONISED,AUTOMATIC,NORMAL,65,1950,1950,0,145,145,0.3,0.42,25.04814,38.12,1.146,1.048,0.0624,0.036,231.95,24.2585,-0.00684,1,0.18,2.95,5.6522,61,CRITICAL,F1,1,1,mechanical_imbalance,0.6,1,1,,,,,25,0
2026-08-19T15:39:07.695Z,1787153947695,FAN_DT_001_F1_S06_R01_20260819T153243,1,384.492,FAULT_ACTIVE,F1,0.6,FAN_DT_001,3.0,process-model-3.0.0-build3,6627,1,LIVE,SYNCHRONISED,AUTOMATIC,NORMAL,65,1950,1950,0,145,145,0.3,0.42,25.06649,38.12,1.146,1.048,0.0624,0.036,231.95,24.3252,-0.00702,1,0.18,3.028,5.6678,61,CRITICAL,F1,1,1,mechanical_imbalance,0.6,1,1,,,,,25,0
2026-08-19T15:39:08.726Z,1787153948726,FAN_DT_001_F1_S06_R01_20260819T153243,1,385.523,FAULT_ACTIVE,F1,0.6,FAN_DT_001,3.0,process-model-3.0.0-build3,6628,1,LIVE,SYNCHRONISED,AUTOMATIC,NORMAL,65,1950,1950,0,145,145,0.3,0.42,25.08478,38.13,1.146,1.048,0.0624,0.036,231.95,24.3917,-0.00721,1,0.18,3.107,5.6833,61,CRITICAL,F1,1,1,mechanical_imbalance,0.6,1,1,,,,,25,0
2026-08-19T15:39:09.761Z,1787153949761,FAN_DT_001_F1_S06_R01_20260819T153243,1,386.558,FAULT_ACTIVE,F1,0.6,FAN_DT_001,3.0,process-model-3.0.0-build3,6629,1,LIVE,SYNCHRONISED,AUTOMATIC,NORMAL,65,1950,1950,0,145,145,0.3,0.42,25.10296,38.14,1.146,1.048,0.0624,0.036,231.95,24.4582,-0.0074,1,0.18,3.19,5.6988,61,CRITICAL,F1,1,1,mechanical_imbalance,0.6,1,1,,,,,25,0
2026-08-19T15:39:10.788Z,1787153950788,FAN_DT_001_F1_S06_R01_20260819T153243,1,387.585,FAULT_ACTIVE,F1,0.6,FAN_DT_001,3.0,process-model-3.0.0-build3,6630,1,LIVE,SYNCHRONISED,AUTOMATIC,NORMAL,65,1950,1950,0,145,145,0.3,0.42,25.12114,38.15,1.146,1.048,0.0624,0.036,231.95,24.5247,-0.00757,1,0.18,3.263,5.7142,61,CRITICAL,F1,1,1,mechanical_imbalance,0.6,1,1,,,,,25,0
2026-08-19T15:39:11.825Z,1787153951825,FAN_DT_001_F1_S06_R01_20260819T153243,1,388.622,FAULT_ACTIVE,F1,0.6,FAN_DT_001,3.0,process-model-3.0.0-build3,6631,1,LIVE,SYNCHRONISED,AUTOMATIC,NORMAL,65,1950,1950,0,145,145,0.3,0.42,25.13923,38.15,1.146,1.048,0.0624,0.036,231.95,24.5911,-0.00772,1,0.18,3.327,5.7297,61,CRITICAL,F1,1,1,mechanical_imbalance,0.6,1,1,,,,,25,0
2026-08-19T15:39:12.860Z,1787153952860,FAN_DT_001_F1_S06_R01_20260819T153243,1,389.657,FAULT_ACTIVE,F1,0.6,FAN_DT_001,3.0,process-model-3.0.0-build3,6632,1,LIVE,SYNCHRONISED,AUTOMATIC,NORMAL,65,1950,1950,0,145,145,0.3,0.42,25.15733,38.16,1.146,1.048,0.0624,0.036,231.95,24.6578,-0.0079,1,0.18,3.407,5.7453,61,CRITICAL,F1,1,1,mechanical_imbalance,0.6,1,1,,,,,25,0
2026-08-19T15:39:13.896Z,1787153953896,FAN_DT_001_F1_S06_R01_20260819T153243,1,390.693,FAULT_ACTIVE,F1,0.6,FAN_DT_001,3.0,process-model-3.0.0-build3,6633,1,LIVE,SYNCHRONISED,AUTOMATIC,NORMAL,65,1950,1950,0,145,145,0.3,0.42,25.17528,38.17,1.146,1.048,0.0624,0.036,231.95,24.7243,-0.00806,1,0.18,3.476,5.7608,61,CRITICAL,F1,1,1,mechanical_imbalance,0.6,1,1,,,,,25,0
2026-08-19T15:39:14.927Z,1787153954927,FAN_DT_001_F1_S06_R01_20260819T153243,1,391.724,FAULT_ACTIVE,F1,0.6,FAN_DT_001,3.0,process-model-3.0.0-build3,6634,1,LIVE,SYNCHRONISED,AUTOMATIC,NORMAL,65,1950,1950,0,145,145,0.3,0.42,25.19312,38.18,1.146,1.048,0.0624,0.036,231.95,24.7908,-0.00821,1,0.18,3.537,5.7763,61,CRITICAL,F1,1,1,mechanical_imbalance,0.6,1,1,,,,,25,0
2026-08-19T15:39:15.979Z,1787153955979,FAN_DT_001_F1_S06_R01_20260819T153243,1,392.776,FAULT_ACTIVE,F1,0.6,FAN_DT_001,3.0,process-model-3.0.0-build3,6635,1,LIVE,SYNCHRONISED,AUTOMATIC,NORMAL,65,1950,1950,0,145,145,0.3,0.42,25.21091,38.19,1.146,1.048,0.0624,0.036,231.95,24.8574,-0.00835,1,0.18,3.601,5.7918,61,CRITICAL,F1,1,1,mechanical_imbalance,0.6,1,1,,,,,25,0
2026-08-19T15:39:17.021Z,1787153957021,FAN_DT_001_F1_S06_R01_20260819T153243,1,393.82,FAULT_ACTIVE,F1,0.6,FAN_DT_001,3.0,process-model-3.0.0-build3,6636,1,LIVE,SYNCHRONISED,AUTOMATIC,NORMAL,65,1950,1950,0,145,145,0.3,0.42,25.22868,38.2,1.146,1.048,0.0624,0.036,231.95,24.9244,-0.00851,1,0.18,3.669,5.8074,61,CRITICAL,F1,1,1,mechanical_imbalance,0.6,1,1,,,,,25,0
2026-08-19T15:39:18.029Z,1787153958029,FAN_DT_001_F1_S06_R01_20260819T153243,1,394.826,FAULT_ACTIVE,F1,0.6,FAN_DT_001,3.0,process-model-3.0.0-build3,6637,1,LIVE,SYNCHRONISED,AUTOMATIC,NORMAL,65,1950,1950,0,145,145,0.3,0.42,25.24602,38.21,1.146,1.048,0.0624,0.036,231.95,24.9902,-0.00865,1,0.18,3.729,5.8227,61,CRITICAL,F1,1,1,mechanical_imbalance,0.6,1,1,,,,,25,0
2026-08-19T15:39:19.061Z,1787153959061,FAN_DT_001_F1_S06_R01_20260819T153243,1,395.858,FAULT_ACTIVE,F1,0.6,FAN_DT_001,3.0,process-model-3.0.0-build3,6638,1,LIVE,SYNCHRONISED,AUTOMATIC,NORMAL,65,1950,1950,0,145,145,0.3,0.42,25.26344,38.21,1.146,1.048,0.0624,0.036,231.95,25.0568,-0.00878,1,0.18,3.785,5.8382,61,CRITICAL,F1,1,1,mechanical_imbalance,0.6,1,1,,,,,25,0
2026-08-19T15:39:20.104Z,1787153960104,FAN_DT_001_F1_S06_R01_20260819T153243,1,396.901,FAULT_ACTIVE,F1,0.6,FAN_DT_001,3.0,process-model-3.0.0-build3,6639,1,LIVE,SYNCHRONISED,AUTOMATIC,NORMAL,65,1950,1950,0,145,145,0.3,0.42,25.28062,38.22,1.146,1.048,0.0624,0.036,231.95,25.1231,-0.00894,1,0.18,3.854,5.8537,61,CRITICAL,F1,1,1,mechanical_imbalance,0.6,1,1,,,,,25,0
2026-08-19T15:39:21.128Z,1787153961128,FAN_DT_001_F1_S06_R01_20260819T153243,1,397.925,FAULT_ACTIVE,F1,0.6,FAN_DT_001,3.0,process-model-3.0.0-build3,6640,1,LIVE,SYNCHRONISED,AUTOMATIC,NORMAL,65,1950,1950,0,145,145,0.3,0.42,25.29782,38.23,1.146,1.048,0.0624,0.036,231.95,25.1899,-0.00905,1,0.18,3.903,5.8692,61,CRITICAL,F1,1,1,mechanical_imbalance,0.6,1,1,,,,,25,0
2026-08-19T15:39:22.164Z,1787153962164,FAN_DT_001_F1_S06_R01_20260819T153243,1,398.961,FAULT_ACTIVE,F1,0.6,FAN_DT_001,3.0,process-model-3.0.0-build3,6641,1,LIVE,SYNCHRONISED,AUTOMATIC,NORMAL,65,1950,1950,0,145,145,0.3,0.42,25.31473,38.24,1.146,1.048,0.0624,0.036,231.95,25.2563,-0.00917,1,0.18,3.955,5.8847,61,CRITICAL,F1,1,1,mechanical_imbalance,0.6,1,1,,,,,25,0
2026-08-19T15:39:23.196Z,1787153963196,FAN_DT_001_F1_S06_R01_20260819T153243,1,399.993,FAULT_ACTIVE,F1,0.6,FAN_DT_001,3.0,process-model-3.0.0-build3,6642,1,LIVE,SYNCHRONISED,AUTOMATIC,NORMAL,65,1950,1950,0,145,145,0.3,0.42,25.33158,38.25,1.146,1.048,0.0624,0.036,231.95,25.323,-0.00929,1,0.18,4.007,5.9003,61,CRITICAL,F1,1,1,mechanical_imbalance,0.6,1,1,,,,,25,0
2026-08-19T15:39:24.233Z,1787153964233,FAN_DT_001_F1_S06_R01_20260819T153243,1,401.03,FAULT_ACTIVE,F1,0.6,FAN_DT_001,3.0,process-model-3.0.0-build3,6643,1,LIVE,SYNCHRONISED,AUTOMATIC,NORMAL,65,1950,1950,0,145,145,0.3,0.42,25.34815,38.26,1.146,1.048,0.0624,0.036,231.95,25.3894,-0.00942,1,0.18,4.062,5.9157,61,CRITICAL,F1,1,1,mechanical_imbalance,0.6,1,1,,,,,25,0
2026-08-19T15:39:25.265Z,1787153965265,FAN_DT_001_F1_S06_R01_20260819T153243,1,402.062,FAULT_ACTIVE,F1,0.6,FAN_DT_001,3.0,process-model-3.0.0-build3,6644,1,LIVE,SYNCHRONISED,AUTOMATIC,NORMAL,65,1950,1950,0,145,145,0.3,0.42,25.36461,38.27,1.146,1.048,0.0624,0.036,231.95,25.456,-0.00954,1,0.18,4.112,5.9312,61,CRITICAL,F1,1,1,mechanical_imbalance,0.6,1,1,,,,,25,0
2026-08-19T15:39:26.302Z,1787153966302,FAN_DT_001_F1_S06_R01_20260819T153243,1,403.099,FAULT_ACTIVE,F1,0.6,FAN_DT_001,3.0,process-model-3.0.0-build3,6645,1,LIVE,SYNCHRONISED,AUTOMATIC,NORMAL,65,1950,1950,0,145,145,0.3,0.42,25.38088,38.28,1.146,1.048,0.0624,0.036,231.95,25.5226,-0.00962,1,0.18,4.149,5.9468,61,CRITICAL,F1,1,1,mechanical_imbalance,0.6,1,1,,,,,25,0
2026-08-19T15:39:27.341Z,1787153967341,FAN_DT_001_F1_S06_R01_20260819T153243,1,404.138,FAULT_ACTIVE,F1,0.6,FAN_DT_001,3.0,process-model-3.0.0-build3,6646,1,LIVE,SYNCHRONISED,AUTOMATIC,NORMAL,65,1950,1950,0,145,145,0.3,0.42,25.39695,38.29,1.146,1.048,0.0624,0.036,231.95,25.5892,-0.00972,1,0.18,4.19,5.9623,61,CRITICAL,F1,1,1,mechanical_imbalance,0.6,1,1,,,,,25,0
2026-08-19T15:39:28.373Z,1787153968373,FAN_DT_001_F1_S06_R01_20260819T153243,1,405.171,FAULT_ACTIVE,F1,0.6,FAN_DT_001,3.0,process-model-3.0.0-build3,6647,1,LIVE,SYNCHRONISED,AUTOMATIC,NORMAL,65,1950,1950,0,145,145,0.3,0.42,25.41281,38.3,1.146,1.048,0.0624,0.036,231.95,25.6559,-0.00983,1,0.18,4.236,5.9778,61,CRITICAL,F1,1,1,mechanical_imbalance,0.6,1,1,,,,,25,0
2026-08-19T15:39:29.411Z,1787153969411,FAN_DT_001_F1_S06_R01_20260819T153243,1,406.208,FAULT_ACTIVE,F1,0.6,FAN_DT_001,3.0,process-model-3.0.0-build3,6648,1,LIVE,SYNCHRONISED,AUTOMATIC,NORMAL,65,1950,1950,0,145,145,0.3,0.42,25.42844,38.31,1.146,1.048,0.0624,0.036,231.95,25.7225,-0.0099,1,0.18,4.268,5.9933,61,CRITICAL,F1,1,1,mechanical_imbalance,0.6,1,1,,,,,25,0
2026-08-19T15:39:30.443Z,1787153970443,FAN_DT_001_F1_S06_R01_20260819T153243,1,407.24,FAULT_ACTIVE,F1,0.6,FAN_DT_001,3.0,process-model-3.0.0-build3,6649,1,LIVE,SYNCHRONISED,AUTOMATIC,NORMAL,65,1950,1950,0,145,145,0.3,0.42,25.44379,38.32,1.146,1.048,0.0624,0.036,231.95,25.7889,-0.01,1,0.18,4.311,6.0088,61,CRITICAL,F1,1,1,mechanical_imbalance,0.6,1,1,,,,,25,0
2026-08-19T15:39:31.476Z,1787153971476,FAN_DT_001_F1_S06_R01_20260819T153243,1,408.273,FAULT_ACTIVE,F1,0.6,FAN_DT_001,3.0,process-model-3.0.0-build3,6650,1,LIVE,SYNCHRONISED,AUTOMATIC,NORMAL,65,1950,1950,0,145,145,0.3,0.42,25.45902,38.33,1.146,1.048,0.0624,0.036,231.95,25.8557,-0.01008,1,0.18,4.347,6.0244,61,CRITICAL,F1,1,1,mechanical_imbalance,0.6,1,1,,,,,25,0
2026-08-19T15:39:32.509Z,1787153972509,FAN_DT_001_F1_S06_R01_20260819T153243,1,409.306,FAULT_ACTIVE,F1,0.6,FAN_DT_001,3.0,process-model-3.0.0-build3,6651,1,LIVE,SYNCHRONISED,AUTOMATIC,NORMAL,65,1950,1950,0,145,145,0.3,0.42,25.47384,38.34,1.146,1.048,0.0624,0.036,231.95,25.9218,-0.01016,1,0.18,4.382,6.0398,61,CRITICAL,F1,1,1,mechanical_imbalance,0.6,1,1,,,,,25,0
2026-08-19T15:39:33.541Z,1787153973541,FAN_DT_001_F1_S06_R01_20260819T153243,1,410.338,FAULT_ACTIVE,F1,0.6,FAN_DT_001,3.0,process-model-3.0.0-build3,6652,1,LIVE,SYNCHRONISED,AUTOMATIC,NORMAL,65,1950,1950,0,145,145,0.3,0.42,25.48856,38.35,1.146,1.048,0.0624,0.036,231.95,25.9886,-0.01021,1,0.18,4.403,6.0553,61,CRITICAL,F1,1,1,mechanical_imbalance,0.6,1,1,,,,,25,0
2026-08-19T15:39:34.576Z,1787153974576,FAN_DT_001_F1_S06_R01_20260819T153243,1,411.373,FAULT_ACTIVE,F1,0.6,FAN_DT_001,3.0,process-model-3.0.0-build3,6653,1,LIVE,SYNCHRONISED,AUTOMATIC,NORMAL,65,1950,1950,0,145,145,0.3,0.42,25.50289,38.36,1.146,1.048,0.0624,0.036,231.95,26.0548,-0.01028,1,0.18,4.432,6.0708,61,CRITICAL,F1,1,1,mechanical_imbalance,0.6,1,1,,,,,25,0
2026-08-19T15:39:35.609Z,1787153975609,FAN_DT_001_F1_S06_R01_20260819T153243,1,412.406,FAULT_ACTIVE,F1,0.6,FAN_DT_001,3.0,process-model-3.0.0-build3,6654,1,LIVE,SYNCHRONISED,AUTOMATIC,NORMAL,65,1950,1950,0,145,145,0.3,0.42,25.51706,38.37,1.146,1.048,0.0624,0.036,231.95,26.1215,-0.01035,1,0.18,4.46,6.0863,61,CRITICAL,F1,1,1,mechanical_imbalance,0.6,1,1,,,,,25,0
2026-08-19T15:39:36.642Z,1787153976642,FAN_DT_001_F1_S06_R01_20260819T153243,1,413.439,FAULT_ACTIVE,F1,0.6,FAN_DT_001,3.0,process-model-3.0.0-build3,6655,1,LIVE,SYNCHRONISED,AUTOMATIC,NORMAL,65,1950,1950,0,145,145,0.3,0.42,25.53088,38.39,1.146,1.048,0.0624,0.036,231.95,26.1877,-0.0104,1,0.18,4.484,6.1017,61,CRITICAL,F1,1,1,mechanical_imbalance,0.6,1,1,,,,,25,0
2026-08-19T15:39:37.676Z,1787153977676,FAN_DT_001_F1_S06_R01_20260819T153243,1,414.473,FAULT_ACTIVE,F1,0.6,FAN_DT_001,3.0,process-model-3.0.0-build3,6656,1,LIVE,SYNCHRONISED,AUTOMATIC,NORMAL,65,1950,1950,0,145,145,0.3,0.42,25.54455,38.4,1.146,1.048,0.0624,0.036,231.95,26.2546,-0.01043,1,0.18,4.498,6.1173,61,CRITICAL,F1,1,1,mechanical_imbalance,0.6,1,1,,,,,25,0
2026-08-19T15:39:38.710Z,1787153978710,FAN_DT_001_F1_S06_R01_20260819T153243,1,415.507,FAULT_ACTIVE,F1,0.6,FAN_DT_001,3.0,process-model-3.0.0-build3,6657,1,LIVE,SYNCHRONISED,AUTOMATIC,NORMAL,65,1950,1950,0,145,145,0.3,0.42,25.55783,38.41,1.146,1.048,0.0624,0.036,231.95,26.3211,-0.01047,1,0.18,4.516,6.1328,61,CRITICAL,F1,1,1,mechanical_imbalance,0.6,1,1,,,,,25,0
2026-08-19T15:39:39.764Z,1787153979764,FAN_DT_001_F1_S06_R01_20260819T153243,1,416.562,FAULT_ACTIVE,F1,0.6,FAN_DT_001,3.0,process-model-3.0.0-build3,6658,1,LIVE,SYNCHRONISED,AUTOMATIC,NORMAL,65,1950,1950,0,145,145,0.3,0.42,25.57081,38.42,1.146,1.048,0.0624,0.036,231.95,26.3874,-0.01052,1,0.18,4.535,6.1483,61,CRITICAL,F1,1,1,mechanical_imbalance,0.6,1,1,,,,,25,0
2026-08-19T15:39:40.781Z,1787153980781,FAN_DT_001_F1_S06_R01_20260819T153243,1,417.578,FAULT_ACTIVE,F1,0.6,FAN_DT_001,3.0,process-model-3.0.0-build3,6659,1,LIVE,SYNCHRONISED,AUTOMATIC,NORMAL,65,1950,1950,0,145,145,0.3,0.42,25.58357,38.43,1.146,1.048,0.0624,0.036,231.95,26.4542,-0.01054,1,0.18,4.542,6.1638,61,CRITICAL,F1,1,1,mechanical_imbalance,0.6,1,1,,,,,25,0
2026-08-19T15:39:41.812Z,1787153981812,FAN_DT_001_F1_S06_R01_20260819T153243,1,418.609,FAULT_ACTIVE,F1,0.6,FAN_DT_001,3.0,process-model-3.0.0-build3,6660,1,LIVE,SYNCHRONISED,AUTOMATIC,NORMAL,65,1950,1950,0,145,145,0.3,0.42,25.59592,38.44,1.146,1.048,0.0624,0.036,231.95,26.5204,-0.01056,1,0.18,4.554,6.1793,61,CRITICAL,F1,1,1,mechanical_imbalance,0.6,1,1,,,,,25,0
2026-08-19T15:39:42.857Z,1787153982857,FAN_DT_001_F1_S06_R01_20260819T153243,1,419.655,FAULT_ACTIVE,F1,0.6,FAN_DT_001,3.0,process-model-3.0.0-build3,6661,1,LIVE,SYNCHRONISED,AUTOMATIC,NORMAL,65,1950,1950,0,145,145,0.3,0.42,25.60809,38.45,1.146,1.048,0.0624,0.036,231.95,26.5874,-0.01058,1,0.18,4.56,6.1949,61,CRITICAL,F1,1,1,mechanical_imbalance,0.6,1,1,,,,,25,0
2026-08-19T15:39:43.882Z,1787153983882,FAN_DT_001_F1_S06_R01_20260819T153243,1,420.679,FAULT_ACTIVE,F1,0.6,FAN_DT_001,3.0,process-model-3.0.0-build3,6662,1,LIVE,SYNCHRONISED,AUTOMATIC,NORMAL,65,1950,1950,0,145,145,0.3,0.42,25.61984,38.46,1.146,1.048,0.0624,0.036,231.95,26.6539,-0.0106,1,0.18,4.568,6.2104,61,CRITICAL,F1,1,1,mechanical_imbalance,0.6,1,1,,,,,25,0
2026-08-19T15:39:44.915Z,1787153984915,FAN_DT_001_F1_S06_R01_20260819T153243,1,421.712,FAULT_ACTIVE,F1,0.6,FAN_DT_001,3.0,process-model-3.0.0-build3,6663,1,LIVE,SYNCHRONISED,AUTOMATIC,NORMAL,65,1950,1950,0,145,145,0.3,0.42,25.63122,38.47,1.146,1.048,0.0624,0.036,231.95,26.72,-0.01062,1,0.18,4.579,6.2258,61,CRITICAL,F1,1,1,mechanical_imbalance,0.6,1,1,,,,,25,0
2026-08-19T15:39:45.949Z,1787153985949,FAN_DT_001_F1_S06_R01_20260819T153243,1,422.746,FAULT_ACTIVE,F1,0.6,FAN_DT_001,3.0,process-model-3.0.0-build3,6664,1,LIVE,SYNCHRONISED,AUTOMATIC,NORMAL,65,1950,1950,0,145,145,0.3,0.42,25.64239,38.48,1.146,1.048,0.0624,0.036,231.95,26.7869,-0.0106,1,0.18,4.57,6.2413,61,CRITICAL,F1,1,1,mechanical_imbalance,0.6,1,1,,,,,25,0
2026-08-19T15:39:46.986Z,1787153986986,FAN_DT_001_F1_S06_R01_20260819T153243,1,423.783,FAULT_ACTIVE,F1,0.6,FAN_DT_001,3.0,process-model-3.0.0-build3,6665,1,LIVE,SYNCHRONISED,AUTOMATIC,NORMAL,65,1950,1950,0,145,145,0.3,0.42,25.65314,38.49,1.146,1.048,0.0624,0.036,231.95,26.8533,-0.0106,1,0.18,4.568,6.2568,61,CRITICAL,F1,1,1,mechanical_imbalance,0.6,1,1,,,,,25,0
2026-08-19T15:39:48.028Z,1787153988028,FAN_DT_001_F1_S06_R01_20260819T153243,1,424.825,FAULT_ACTIVE,F1,0.6,FAN_DT_001,3.0,process-model-3.0.0-build3,6666,1,LIVE,SYNCHRONISED,AUTOMATIC,NORMAL,65,1950,1950,0,145,145,0.3,0.42,25.66355,38.51,1.146,1.048,0.0624,0.036,231.95,26.9197,-0.01061,1,0.18,4.573,6.2723,61,CRITICAL,F1,1,1,mechanical_imbalance,0.6,1,1,,,,,25,0
2026-08-19T15:39:49.050Z,1787153989050,FAN_DT_001_F1_S06_R01_20260819T153243,1,425.847,FAULT_ACTIVE,F1,0.6,FAN_DT_001,3.0,process-model-3.0.0-build3,6667,1,LIVE,SYNCHRONISED,AUTOMATIC,NORMAL,65,1950,1950,0,145,145,0.3,0.42,25.67367,38.52,1.146,1.048,0.0624,0.036,231.95,26.9866,-0.0106,1,0.18,4.568,6.2879,61,CRITICAL,F1,1,1,mechanical_imbalance,0.6,1,1,,,,,25,0
2026-08-19T15:39:50.085Z,1787153990085,FAN_DT_001_F1_S06_R01_20260819T153243,1,426.882,FAULT_ACTIVE,F1,0.6,FAN_DT_001,3.0,process-model-3.0.0-build3,6668,1,LIVE,SYNCHRONISED,AUTOMATIC,NORMAL,65,1950,1950,0,145,145,0.3,0.42,25.68335,38.53,1.146,1.048,0.0624,0.036,231.95,27.0527,-0.01058,1,0.18,4.561,6.3033,61,CRITICAL,F1,1,1,mechanical_imbalance,0.6,1,1,,,,,25,0
2026-08-19T15:39:51.121Z,1787153991121,FAN_DT_001_F1_S06_R01_20260819T153243,1,427.918,FAULT_ACTIVE,F1,0.6,FAN_DT_001,3.0,process-model-3.0.0-build3,6669,1,LIVE,SYNCHRONISED,AUTOMATIC,NORMAL,65,1950,1950,0,145,145,0.3,0.42,25.69277,38.54,1.146,1.048,0.0624,0.036,231.95,27.1197,-0.01054,1,0.18,4.545,6.3189,61,CRITICAL,F1,1,1,mechanical_imbalance,0.6,1,1,,,,,25,0
2026-08-19T15:39:52.156Z,1787153992156,FAN_DT_001_F1_S06_R01_20260819T153243,1,428.953,FAULT_ACTIVE,F1,0.6,FAN_DT_001,3.0,process-model-3.0.0-build3,6670,1,LIVE,SYNCHRONISED,AUTOMATIC,NORMAL,65,1950,1950,0,145,145,0.3,0.42,25.70175,38.55,1.146,1.048,0.0624,0.036,231.95,27.1861,-0.01051,1,0.18,4.532,6.3344,61,CRITICAL,F1,1,1,mechanical_imbalance,0.6,1,1,,,,,25,0
2026-08-19T15:39:53.190Z,1787153993190,FAN_DT_001_F1_S06_R01_20260819T153243,1,429.987,FAULT_ACTIVE,F1,0.6,FAN_DT_001,3.0,process-model-3.0.0-build3,6671,1,LIVE,SYNCHRONISED,AUTOMATIC,NORMAL,65,1950,1950,0,145,145,0.3,0.42,25.71039,38.56,1.146,1.048,0.0624,0.036,231.95,27.2528,-0.01046,1,0.18,4.51,6.3499,61,CRITICAL,F1,1,1,mechanical_imbalance,0.6,1,1,,,,,25,0
2026-08-19T15:39:54.222Z,1787153994222,FAN_DT_001_F1_S06_R01_20260819T153243,1,431.019,FAULT_ACTIVE,F1,0.6,FAN_DT_001,3.0,process-model-3.0.0-build3,6672,1,LIVE,SYNCHRONISED,AUTOMATIC,NORMAL,65,1950,1950,0,145,145,0.3,0.42,25.71863,38.57,1.146,1.048,0.0624,0.036,231.95,27.3191,-0.01042,1,0.18,4.49,6.3654,61,CRITICAL,F1,1,1,mechanical_imbalance,0.6,1,1,,,,,25,0
2026-08-19T15:39:55.261Z,1787153995261,FAN_DT_001_F1_S06_R01_20260819T153243,1,432.058,FAULT_ACTIVE,F1,0.6,FAN_DT_001,3.0,process-model-3.0.0-build3,6673,1,LIVE,SYNCHRONISED,AUTOMATIC,NORMAL,65,1950,1950,0,145,145,0.3,0.42,25.72649,38.58,1.146,1.048,0.0624,0.036,231.95,27.3856,-0.01038,1,0.18,4.473,6.3808,61,CRITICAL,F1,1,1,mechanical_imbalance,0.6,1,1,,,,,25,0
2026-08-19T15:39:56.294Z,1787153996294,FAN_DT_001_F1_S06_R01_20260819T153243,1,433.091,FAULT_ACTIVE,F1,0.6,FAN_DT_001,3.0,process-model-3.0.0-build3,6674,1,LIVE,SYNCHRONISED,AUTOMATIC,NORMAL,65,1950,1950,0,145,145,0.3,0.42,25.73401,38.59,1.146,1.048,0.0624,0.036,231.95,27.4522,-0.01032,1,0.18,4.451,6.3964,61,CRITICAL,F1,1,1,mechanical_imbalance,0.6,1,1,,,,,25,0
2026-08-19T15:39:57.326Z,1787153997326,FAN_DT_001_F1_S06_R01_20260819T153243,1,434.123,FAULT_ACTIVE,F1,0.6,FAN_DT_001,3.0,process-model-3.0.0-build3,6675,1,LIVE,SYNCHRONISED,AUTOMATIC,NORMAL,65,1950,1950,0,145,145,0.3,0.42,25.74109,38.6,1.146,1.048,0.0624,0.036,231.95,27.5186,-0.01026,1,0.18,4.423,6.4118,61,CRITICAL,F1,1,1,mechanical_imbalance,0.6,1,1,,,,,25,0
2026-08-19T15:39:58.362Z,1787153998362,FAN_DT_001_F1_S06_R01_20260819T153243,1,435.159,FAULT_ACTIVE,F1,0.6,FAN_DT_001,3.0,process-model-3.0.0-build3,6676,1,LIVE,SYNCHRONISED,AUTOMATIC,NORMAL,65,1950,1950,0,145,145,0.3,0.42,25.74784,38.61,1.146,1.048,0.0624,0.036,231.95,27.5854,-0.0102,1,0.18,4.399,6.4274,61,CRITICAL,F1,1,1,mechanical_imbalance,0.6,1,1,,,,,25,0
2026-08-19T15:39:59.404Z,1787153999404,FAN_DT_001_F1_S06_R01_20260819T153243,1,436.201,FAULT_ACTIVE,F1,0.6,FAN_DT_001,3.0,process-model-3.0.0-build3,6677,1,LIVE,SYNCHRONISED,AUTOMATIC,NORMAL,65,1950,1950,0,145,145,0.3,0.42,25.75414,38.62,1.146,1.048,0.0624,0.036,231.95,27.6517,-0.01014,1,0.18,4.373,6.4429,61,CRITICAL,F1,1,1,mechanical_imbalance,0.6,1,1,,,,,25,0
2026-08-19T15:40:00.427Z,1787154000427,FAN_DT_001_F1_S06_R01_20260819T153243,1,437.224,FAULT_ACTIVE,F1,0.6,FAN_DT_001,3.0,process-model-3.0.0-build3,6678,1,LIVE,SYNCHRONISED,AUTOMATIC,NORMAL,65,1950,1950,0,145,145,0.3,0.42,25.76009,38.63,1.146,1.048,0.0624,0.036,231.95,27.7185,-0.01007,1,0.18,4.342,6.4584,61,CRITICAL,F1,1,1,mechanical_imbalance,0.6,1,1,,,,,25,0
2026-08-19T15:40:01.466Z,1787154001466,FAN_DT_001_F1_S06_R01_20260819T153243,1,438.263,FAULT_ACTIVE,F1,0.6,FAN_DT_001,3.0,process-model-3.0.0-build3,6679,1,LIVE,SYNCHRONISED,AUTOMATIC,NORMAL,65,1950,1950,0,145,145,0.3,0.42,25.76559,38.65,1.146,1.048,0.0624,0.036,231.95,27.7847,-0.01,1,0.18,4.309,6.4738,61,CRITICAL,F1,1,1,mechanical_imbalance,0.6,1,1,,,,,25,0
2026-08-19T15:40:02.494Z,1787154002494,FAN_DT_001_F1_S06_R01_20260819T153243,1,439.291,FAULT_ACTIVE,F1,0.6,FAN_DT_001,3.0,process-model-3.0.0-build3,6680,1,LIVE,SYNCHRONISED,AUTOMATIC,NORMAL,65,1950,1950,0,145,145,0.3,0.42,25.77076,38.66,1.146,1.048,0.0624,0.036,231.95,27.8518,-0.0099,1,0.18,4.269,6.4895,61,CRITICAL,F1,1,1,mechanical_imbalance,0.6,1,1,,,,,25,0
2026-08-19T15:40:03.529Z,1787154003529,FAN_DT_001_F1_S06_R01_20260819T153243,1,440.326,FAULT_ACTIVE,F1,0.6,FAN_DT_001,3.0,process-model-3.0.0-build3,6681,1,LIVE,SYNCHRONISED,AUTOMATIC,NORMAL,65,1950,1950,0,145,145,0.3,0.42,25.77542,38.67,1.146,1.048,0.0624,0.036,231.95,27.9176,-0.0098,1,0.18,4.226,6.5048,61,CRITICAL,F1,1,1,mechanical_imbalance,0.6,1,1,,,,,25,0
2026-08-19T15:40:04.561Z,1787154004561,FAN_DT_001_F1_S06_R01_20260819T153243,1,441.358,FAULT_ACTIVE,F1,0.6,FAN_DT_001,3.0,process-model-3.0.0-build3,6682,1,LIVE,SYNCHRONISED,AUTOMATIC,NORMAL,65,1950,1950,0,145,145,0.3,0.42,25.77974,38.68,1.146,1.048,0.0624,0.036,231.95,27.9843,-0.00971,1,0.18,4.184,6.5203,61,CRITICAL,F1,1,1,mechanical_imbalance,0.6,1,1,,,,,25,0
2026-08-19T15:40:05.594Z,1787154005594,FAN_DT_001_F1_S06_R01_20260819T153243,1,442.39,FAULT_ACTIVE,F1,0.6,FAN_DT_001,3.0,process-model-3.0.0-build3,6683,1,LIVE,SYNCHRONISED,AUTOMATIC,NORMAL,65,1950,1950,0,145,145,0.3,0.42,25.78362,38.69,1.146,1.048,0.0624,0.036,231.95,28.0505,-0.00961,1,0.18,4.143,6.5358,61,CRITICAL,F1,1,1,mechanical_imbalance,0.6,1,1,,,,,25,0
2026-08-19T15:40:06.626Z,1787154006626,FAN_DT_001_F1_S06_R01_20260819T153243,1,443.423,FAULT_ACTIVE,F1,0.6,FAN_DT_001,3.0,process-model-3.0.0-build3,6684,1,LIVE,SYNCHRONISED,AUTOMATIC,NORMAL,65,1950,1950,0,145,145,0.3,0.42,25.78712,38.7,1.146,1.048,0.0624,0.036,231.95,28.1171,-0.00949,1,0.18,4.092,6.5513,61,CRITICAL,F1,1,1,mechanical_imbalance,0.6,1,1,,,,,25,0
2026-08-19T15:40:07.662Z,1787154007662,FAN_DT_001_F1_S06_R01_20260819T153243,1,444.459,FAULT_ACTIVE,F1,0.6,FAN_DT_001,3.0,process-model-3.0.0-build3,6685,1,LIVE,SYNCHRONISED,AUTOMATIC,NORMAL,65,1950,1950,0,145,145,0.3,0.42,25.79018,38.71,1.146,1.048,0.0624,0.036,231.95,28.1835,-0.00941,1,0.18,4.055,6.5667,61,CRITICAL,F1,1,1,mechanical_imbalance,0.6,1,1,,,,,25,0
2026-08-19T15:40:08.705Z,1787154008705,FAN_DT_001_F1_S06_R01_20260819T153243,1,445.502,FAULT_ACTIVE,F1,0.6,FAN_DT_001,3.0,process-model-3.0.0-build3,6686,1,LIVE,SYNCHRONISED,AUTOMATIC,NORMAL,65,1950,1950,0,145,145,0.3,0.42,25.79285,38.71,1.146,1.048,0.0624,0.036,231.95,28.2501,-0.00926,1,0.18,3.994,6.5823,61,CRITICAL,F1,1,1,mechanical_imbalance,0.6,1,1,,,,,25,0
2026-08-19T15:40:09.738Z,1787154009738,FAN_DT_001_F1_S06_R01_20260819T153243,1,446.535,FAULT_ACTIVE,F1,0.6,FAN_DT_001,3.0,process-model-3.0.0-build3,6687,1,LIVE,SYNCHRONISED,AUTOMATIC,NORMAL,65,1950,1950,0,145,145,0.3,0.42,25.79508,38.72,1.146,1.048,0.0624,0.036,231.95,28.3165,-0.00914,1,0.18,3.942,6.5977,61,CRITICAL,F1,1,1,mechanical_imbalance,0.6,1,1,,,,,25,0
2026-08-19T15:40:10.762Z,1787154010762,FAN_DT_001_F1_S06_R01_20260819T153243,1,447.56,FAULT_ACTIVE,F1,0.6,FAN_DT_001,3.0,process-model-3.0.0-build3,6688,1,LIVE,SYNCHRONISED,AUTOMATIC,NORMAL,65,1950,1950,0,145,145,0.3,0.42,25.79691,38.73,1.146,1.048,0.0624,0.036,231.95,28.3834,-0.00902,1,0.18,3.89,6.6133,61,CRITICAL,F1,1,1,mechanical_imbalance,0.6,1,1,,,,,25,0
2026-08-19T15:40:11.802Z,1787154011802,FAN_DT_001_F1_S06_R01_20260819T153243,1,448.599,FAULT_ACTIVE,F1,0.6,FAN_DT_001,3.0,process-model-3.0.0-build3,6689,1,LIVE,SYNCHRONISED,AUTOMATIC,NORMAL,65,1950,1950,0,145,145,0.3,0.42,25.79831,38.74,1.146,1.048,0.0624,0.036,231.95,28.4497,-0.00889,1,0.18,3.833,6.6288,61,CRITICAL,F1,1,1,mechanical_imbalance,0.6,1,1,,,,,25,0
2026-08-19T15:40:12.835Z,1787154012835,FAN_DT_001_F1_S06_R01_20260819T153243,1,449.631,FAULT_ACTIVE,F1,0.6,FAN_DT_001,3.0,process-model-3.0.0-build3,6690,1,LIVE,SYNCHRONISED,AUTOMATIC,NORMAL,65,1950,1950,0,145,145,0.3,0.42,25.7993,38.75,1.146,1.048,0.0624,0.036,231.95,28.5165,-0.00875,1,0.18,3.774,6.6444,61,CRITICAL,F1,1,1,mechanical_imbalance,0.6,1,1,,,,,25,0
2026-08-19T15:40:13.869Z,1787154013869,FAN_DT_001_F1_S06_R01_20260819T153243,1,450.666,FAULT_ACTIVE,F1,0.6,FAN_DT_001,3.0,process-model-3.0.0-build3,6691,1,LIVE,SYNCHRONISED,AUTOMATIC,NORMAL,65,1950,1950,0,145,145,0.3,0.42,25.79985,38.76,1.146,1.048,0.0624,0.036,231.95,28.5829,-0.00862,1,0.18,3.717,6.6598,61,CRITICAL,F1,1,1,mechanical_imbalance,0.6,1,1,,,,,25,0
2026-08-19T15:40:14.902Z,1787154014902,FAN_DT_001_F1_S06_R01_20260819T153243,1,451.699,FAULT_ACTIVE,F1,0.6,FAN_DT_001,3.0,process-model-3.0.0-build3,6692,1,LIVE,SYNCHRONISED,AUTOMATIC,NORMAL,65,1950,1950,0,145,145,0.3,0.42,25.79999,38.77,1.146,1.048,0.0624,0.036,231.95,28.6497,-0.0085,1,0.18,3.663,6.6754,61,CRITICAL,F1,1,1,mechanical_imbalance,0.6,1,1,,,,,25,0
2026-08-19T15:40:15.942Z,1787154015942,FAN_DT_001_F1_S06_R01_20260819T153243,1,452.739,FAULT_ACTIVE,F1,0.6,FAN_DT_001,3.0,process-model-3.0.0-build3,6693,1,LIVE,SYNCHRONISED,AUTOMATIC,NORMAL,65,1950,1950,0,145,145,0.3,0.42,25.79971,38.78,1.146,1.048,0.0624,0.036,231.95,28.716,-0.00833,1,0.18,3.59,6.6908,61,CRITICAL,F1,1,1,mechanical_imbalance,0.6,1,1,,,,,25,0
2026-08-19T15:40:16.973Z,1787154016973,FAN_DT_001_F1_S06_R01_20260819T153243,1,453.77,FAULT_ACTIVE,F1,0.6,FAN_DT_001,3.0,process-model-3.0.0-build3,6694,1,LIVE,SYNCHRONISED,AUTOMATIC,NORMAL,65,1950,1950,0,145,145,0.3,0.42,25.79901,38.79,1.146,1.048,0.0624,0.036,231.95,28.7828,-0.00818,1,0.18,3.526,6.7064,61,CRITICAL,F1,1,1,mechanical_imbalance,0.6,1,1,,,,,25,0
2026-08-19T15:40:18.005Z,1787154018005,FAN_DT_001_F1_S06_R01_20260819T153243,1,454.802,FAULT_ACTIVE,F1,0.6,FAN_DT_001,3.0,process-model-3.0.0-build3,6695,1,LIVE,SYNCHRONISED,AUTOMATIC,NORMAL,65,1950,1950,0,145,145,0.3,0.42,25.79789,38.8,1.146,1.048,0.0624,0.036,231.95,28.8489,-0.00802,1,0.18,3.459,6.7218,61,CRITICAL,F1,1,1,mechanical_imbalance,0.6,1,1,,,,,25,0
2026-08-19T15:40:19.036Z,1787154019036,FAN_DT_001_F1_S06_R01_20260819T153243,1,455.833,FAULT_ACTIVE,F1,0.6,FAN_DT_001,3.0,process-model-3.0.0-build3,6696,1,LIVE,SYNCHRONISED,AUTOMATIC,NORMAL,65,1950,1950,0,145,145,0.3,0.42,25.79634,38.8,1.146,1.048,0.0624,0.036,231.95,28.9155,-0.00786,1,0.18,3.389,6.7373,61,CRITICAL,F1,1,1,mechanical_imbalance,0.6,1,1,,,,,25,0
2026-08-19T15:40:20.071Z,1787154020071,FAN_DT_001_F1_S06_R01_20260819T153243,1,456.868,FAULT_ACTIVE,F1,0.6,FAN_DT_001,3.0,process-model-3.0.0-build3,6697,1,LIVE,SYNCHRONISED,AUTOMATIC,NORMAL,65,1950,1950,0,145,145,0.3,0.42,25.79438,38.81,1.146,1.048,0.0624,0.036,231.95,28.9821,-0.00769,1,0.18,3.315,6.7528,61,CRITICAL,F1,1,1,mechanical_imbalance,0.6,1,1,,,,,25,0
2026-08-19T15:40:21.105Z,1787154021105,FAN_DT_001_F1_S06_R01_20260819T153243,1,457.902,FAULT_ACTIVE,F1,0.6,FAN_DT_001,3.0,process-model-3.0.0-build3,6698,1,LIVE,SYNCHRONISED,AUTOMATIC,NORMAL,65,1950,1950,0,145,145,0.3,0.42,25.792,38.82,1.146,1.048,0.0624,0.036,231.95,29.0485,-0.00751,1,0.18,3.24,6.7683,61,CRITICAL,F1,1,1,mechanical_imbalance,0.6,1,1,,,,,25,0
2026-08-19T15:40:22.277Z,1787154022277,FAN_DT_001_F1_S06_R01_20260819T153243,1,459.074,FAULT_ACTIVE,F1,0.6,FAN_DT_001,3.0,process-model-3.0.0-build3,6699,1,LIVE,SYNCHRONISED,AUTOMATIC,NORMAL,65,1950,1950,0,145,145,0.3,0.42,25.7892,38.83,1.146,1.048,0.0624,0.036,231.95,29.1151,-0.00736,1,0.18,3.172,6.7838,61,CRITICAL,F1,1,1,mechanical_imbalance,0.6,1,1,,,,,25,0
2026-08-19T15:40:23.172Z,1787154023172,FAN_DT_001_F1_S06_R01_20260819T153243,1,459.969,FAULT_ACTIVE,F1,0.6,FAN_DT_001,3.0,process-model-3.0.0-build3,6700,1,LIVE,SYNCHRONISED,AUTOMATIC,NORMAL,65,1950,1950,0,145,145,0.3,0.42,25.78599,38.83,1.146,1.048,0.0624,0.036,231.95,29.1816,-0.00717,1,0.18,3.09,6.7993,61,CRITICAL,F1,1,1,mechanical_imbalance,0.6,1,1,,,,,25,0
2026-08-19T15:40:24.205Z,1787154024205,FAN_DT_001_F1_S06_R01_20260819T153243,1,461.002,FAULT_ACTIVE,F1,0.6,FAN_DT_001,3.0,process-model-3.0.0-build3,6701,1,LIVE,SYNCHRONISED,AUTOMATIC,NORMAL,65,1950,1950,0,145,145,0.3,0.42,25.78237,38.84,1.146,1.048,0.0624,0.036,231.95,29.2479,-0.00699,1,0.18,3.015,6.8148,61,CRITICAL,F1,1,1,mechanical_imbalance,0.6,1,1,,,,,25,0
2026-08-19T15:40:25.242Z,1787154025242,FAN_DT_001_F1_S06_R01_20260819T153243,1,462.039,FAULT_ACTIVE,F1,0.6,FAN_DT_001,3.0,process-model-3.0.0-build3,6702,1,LIVE,SYNCHRONISED,AUTOMATIC,NORMAL,65,1950,1950,0,145,145,0.3,0.42,25.77832,38.85,1.146,1.048,0.0624,0.036,231.95,29.3146,-0.00682,1,0.18,2.94,6.8303,61,CRITICAL,F1,1,1,mechanical_imbalance,0.6,1,1,,,,,25,0
2026-08-19T15:40:26.272Z,1787154026272,FAN_DT_001_F1_S06_R01_20260819T153243,1,463.069,FAULT_ACTIVE,F1,0.6,FAN_DT_001,3.0,process-model-3.0.0-build3,6703,1,LIVE,SYNCHRONISED,AUTOMATIC,NORMAL,65,1950,1950,0,145,145,0.3,0.42,25.77388,38.86,1.146,1.048,0.0624,0.036,231.95,29.3811,-0.00663,1,0.18,2.858,6.8458,61,CRITICAL,F1,1,1,mechanical_imbalance,0.6,1,1,,,,,25,0
2026-08-19T15:40:27.306Z,1787154027306,FAN_DT_001_F1_S06_R01_20260819T153243,1,464.103,FAULT_ACTIVE,F1,0.6,FAN_DT_001,3.0,process-model-3.0.0-build3,6704,1,LIVE,SYNCHRONISED,AUTOMATIC,NORMAL,65,1950,1950,0,145,145,0.3,0.42,25.76904,38.86,1.146,1.048,0.0624,0.036,231.95,29.4474,-0.00642,1,0.18,2.766,6.8612,61,CRITICAL,F1,1,1,mechanical_imbalance,0.6,1,1,,,,,25,0
2026-08-19T15:40:28.343Z,1787154028343,FAN_DT_001_F1_S06_R01_20260819T153243,1,465.141,FAULT_ACTIVE,F1,0.6,FAN_DT_001,3.0,process-model-3.0.0-build3,6705,1,LIVE,SYNCHRONISED,AUTOMATIC,NORMAL,65,1950,1950,0,145,145,0.3,0.42,25.76376,38.87,1.146,1.048,0.0624,0.036,231.95,29.5142,-0.00624,1,0.18,2.689,6.8768,61,CRITICAL,F1,1,1,mechanical_imbalance,0.6,1,1,,,,,25,0
2026-08-19T15:40:29.376Z,1787154029376,FAN_DT_001_F1_S06_R01_20260819T153243,1,466.173,FAULT_ACTIVE,F1,0.6,FAN_DT_001,3.0,process-model-3.0.0-build3,6706,1,LIVE,SYNCHRONISED,AUTOMATIC,NORMAL,65,1950,1950,0,145,145,0.3,0.42,25.75811,38.88,1.146,1.048,0.0624,0.036,231.95,29.5805,-0.00604,1,0.18,2.604,6.8923,61,CRITICAL,F1,1,1,mechanical_imbalance,0.6,1,1,,,,,25,0
2026-08-19T15:40:30.409Z,1787154030409,FAN_DT_001_F1_S06_R01_20260819T153243,1,467.206,FAULT_ACTIVE,F1,0.6,FAN_DT_001,3.0,process-model-3.0.0-build3,6707,1,LIVE,SYNCHRONISED,AUTOMATIC,NORMAL,65,1950,1950,0,145,145,0.3,0.42,25.75203,38.88,1.146,1.048,0.0624,0.036,231.95,29.6473,-0.00584,1,0.18,2.519,6.9078,61,CRITICAL,F1,1,1,mechanical_imbalance,0.6,1,1,,,,,25,0
2026-08-19T15:40:31.444Z,1787154031444,FAN_DT_001_F1_S06_R01_20260819T153243,1,468.241,FAULT_ACTIVE,F1,0.6,FAN_DT_001,3.0,process-model-3.0.0-build3,6708,1,LIVE,SYNCHRONISED,AUTOMATIC,NORMAL,65,1950,1950,0,145,145,0.3,0.42,25.7456,38.89,1.146,1.048,0.0624,0.036,231.95,29.7136,-0.00562,1,0.18,2.423,6.9233,61,CRITICAL,F1,1,1,mechanical_imbalance,0.6,1,1,,,,,25,0
2026-08-19T15:40:32.476Z,1787154032476,FAN_DT_001_F1_S06_R01_20260819T153243,1,469.273,FAULT_ACTIVE,F1,0.6,FAN_DT_001,3.0,process-model-3.0.0-build3,6709,1,LIVE,SYNCHRONISED,AUTOMATIC,NORMAL,65,1950,1950,0,145,145,0.3,0.42,25.73872,38.89,1.146,1.048,0.0624,0.036,231.95,29.7803,-0.00542,1,0.18,2.336,6.9388,61,CRITICAL,F1,1,1,mechanical_imbalance,0.6,1,1,,,,,25,0
2026-08-19T15:40:33.507Z,1787154033507,FAN_DT_001_F1_S06_R01_20260819T153243,1,470.304,FAULT_ACTIVE,F1,0.6,FAN_DT_001,3.0,process-model-3.0.0-build3,6710,1,LIVE,SYNCHRONISED,AUTOMATIC,NORMAL,65,1950,1950,0,145,145,0.3,0.42,25.73154,38.9,1.146,1.048,0.0624,0.036,231.95,29.8463,-0.00522,1,0.18,2.252,6.9542,61,CRITICAL,F1,1,1,mechanical_imbalance,0.6,1,1,,,,,25,0
2026-08-19T15:40:34.538Z,1787154034538,FAN_DT_001_F1_S06_R01_20260819T153243,1,471.335,FAULT_ACTIVE,F1,0.6,FAN_DT_001,3.0,process-model-3.0.0-build3,6711,1,LIVE,SYNCHRONISED,AUTOMATIC,NORMAL,65,1950,1950,0,145,145,0.3,0.42,25.72391,38.9,1.146,1.048,0.0624,0.036,231.95,29.913,-0.005,1,0.18,2.158,6.9697,61,CRITICAL,F1,1,1,mechanical_imbalance,0.6,1,1,,,,,25,0
2026-08-19T15:40:35.573Z,1787154035573,FAN_DT_001_F1_S06_R01_20260819T153243,1,472.37,FAULT_ACTIVE,F1,0.6,FAN_DT_001,3.0,process-model-3.0.0-build3,6712,1,LIVE,SYNCHRONISED,AUTOMATIC,NORMAL,65,1950,1950,0,145,145,0.3,0.42,25.71593,38.91,1.146,1.048,0.0624,0.036,231.95,29.9792,-0.00477,1,0.18,2.056,6.9852,61,CRITICAL,F1,1,1,mechanical_imbalance,0.6,1,1,,,,,25,0
2026-08-19T15:40:36.627Z,1787154036627,FAN_DT_001_F1_S06_R01_20260819T153243,1,473.424,FAULT_ACTIVE,F1,0.6,FAN_DT_001,3.0,process-model-3.0.0-build3,6713,1,LIVE,SYNCHRONISED,AUTOMATIC,NORMAL,65,1950,1950,0,145,145,0.3,0.42,25.70751,38.91,1.146,1.048,0.0624,0.036,231.95,30.0461,-0.00455,1,0.18,1.961,7.0007,61,CRITICAL,F1,1,1,mechanical_imbalance,0.6,1,1,,,,,25,0
2026-08-19T15:40:37.646Z,1787154037646,FAN_DT_001_F1_S06_R01_20260819T153243,1,474.443,FAULT_ACTIVE,F1,0.6,FAN_DT_001,3.0,process-model-3.0.0-build3,6714,1,LIVE,SYNCHRONISED,AUTOMATIC,NORMAL,65,1950,1950,0,145,145,0.3,0.42,25.69878,38.92,1.146,1.048,0.0624,0.036,231.95,30.1125,-0.00435,1,0.18,1.876,7.0162,61,CRITICAL,F1,1,1,mechanical_imbalance,0.6,1,1,,,,,25,0
2026-08-19T15:40:38.685Z,1787154038685,FAN_DT_001_F1_S06_R01_20260819T153243,1,475.482,FAULT_ACTIVE,F1,0.6,FAN_DT_001,3.0,process-model-3.0.0-build3,6715,1,LIVE,SYNCHRONISED,AUTOMATIC,NORMAL,65,1950,1950,0,145,145,0.3,0.42,25.68962,38.92,1.146,1.048,0.0624,0.036,231.95,30.1792,-0.0041,1,0.18,1.769,7.0318,61,CRITICAL,F1,1,1,mechanical_imbalance,0.6,1,1,,,,,25,0
2026-08-19T15:40:39.713Z,1787154039713,FAN_DT_001_F1_S06_R01_20260819T153243,1,476.509,FAULT_ACTIVE,F1,0.6,FAN_DT_001,3.0,process-model-3.0.0-build3,6716,1,LIVE,SYNCHRONISED,AUTOMATIC,NORMAL,65,1950,1950,0,145,145,0.3,0.42,25.68017,38.93,1.146,1.048,0.0624,0.036,231.95,30.2456,-0.00391,1,0.18,1.684,7.0472,61,CRITICAL,F1,1,1,mechanical_imbalance,0.6,1,1,,,,,25,0
2026-08-19T15:40:40.747Z,1787154040747,FAN_DT_001_F1_S06_R01_20260819T153243,1,477.543,FAULT_ACTIVE,F1,0.6,FAN_DT_001,3.0,process-model-3.0.0-build3,6717,1,LIVE,SYNCHRONISED,AUTOMATIC,NORMAL,65,1950,1950,0,145,145,0.3,0.42,25.67029,38.93,1.146,1.048,0.0624,0.036,231.95,30.3123,-0.00367,1,0.18,1.582,7.0628,61,CRITICAL,F1,1,1,mechanical_imbalance,0.6,1,1,,,,,25,0
2026-08-19T15:40:41.782Z,1787154041782,FAN_DT_001_F1_S06_R01_20260819T153243,1,478.579,FAULT_ACTIVE,F1,0.6,FAN_DT_001,3.0,process-model-3.0.0-build3,6718,1,LIVE,SYNCHRONISED,AUTOMATIC,NORMAL,65,1950,1950,0,145,145,0.3,0.42,25.66011,38.93,1.146,1.048,0.0624,0.036,231.95,30.3788,-0.00342,1,0.18,1.475,7.0782,61,CRITICAL,F1,1,1,mechanical_imbalance,0.6,1,1,,,,,25,0
2026-08-19T15:40:42.816Z,1787154042816,FAN_DT_001_F1_S06_R01_20260819T153243,1,479.613,FAULT_ACTIVE,F1,0.6,FAN_DT_001,3.0,process-model-3.0.0-build3,6719,1,LIVE,SYNCHRONISED,AUTOMATIC,NORMAL,65,1950,1950,0,145,145,0.3,0.42,25.64952,38.94,1.146,1.048,0.0624,0.036,231.95,30.4456,-0.0032,1,0.18,1.381,7.0938,61,CRITICAL,F1,1,1,mechanical_imbalance,0.6,1,1,,,,,25,0
2026-08-19T15:40:43.851Z,1787154043851,FAN_DT_001_F1_S06_R01_20260819T153243,1,480.648,FAULT_ACTIVE,F1,0.6,FAN_DT_001,3.0,process-model-3.0.0-build3,6720,1,LIVE,SYNCHRONISED,AUTOMATIC,NORMAL,65,1950,1950,0,145,145,0.3,0.42,25.63866,38.94,1.146,1.048,0.0624,0.036,231.95,30.5119,-0.00297,1,0.18,1.279,7.1093,61,CRITICAL,F1,1,1,mechanical_imbalance,0.6,1,1,,,,,25,0
2026-08-19T15:40:44.888Z,1787154044888,FAN_DT_001_F1_S06_R01_20260819T153243,1,481.685,FAULT_ACTIVE,F1,0.6,FAN_DT_001,3.0,process-model-3.0.0-build3,6721,1,LIVE,SYNCHRONISED,AUTOMATIC,NORMAL,65,1950,1950,0,145,145,0.3,0.42,25.62739,38.94,1.146,1.048,0.0624,0.036,231.95,30.5788,-0.00275,1,0.18,1.183,7.1249,61,CRITICAL,F1,1,1,mechanical_imbalance,0.6,1,1,,,,,25,0
2026-08-19T15:40:45.925Z,1787154045925,FAN_DT_001_F1_S06_R01_20260819T153243,1,482.722,FAULT_ACTIVE,F1,0.6,FAN_DT_001,3.0,process-model-3.0.0-build3,6722,1,LIVE,SYNCHRONISED,AUTOMATIC,NORMAL,65,1950,1950,0,145,145,0.3,0.42,25.61585,38.95,1.146,1.048,0.0624,0.036,231.95,30.6452,-0.00249,1,0.18,1.075,7.1403,61,CRITICAL,F1,1,1,mechanical_imbalance,0.6,1,1,,,,,25,0
2026-08-19T15:40:46.958Z,1787154046958,FAN_DT_001_F1_S06_R01_20260819T153243,1,483.755,FAULT_ACTIVE,F1,0.6,FAN_DT_001,3.0,process-model-3.0.0-build3,6723,1,LIVE,SYNCHRONISED,AUTOMATIC,NORMAL,65,1950,1950,0,145,145,0.3,0.42,25.60391,38.95,1.146,1.048,0.0624,0.036,231.95,30.712,-0.00225,1,0.18,0.972,7.1559,61,CRITICAL,F1,1,1,mechanical_imbalance,0.6,1,1,,,,,25,0
2026-08-19T15:40:48.004Z,1787154048004,FAN_DT_001_F1_S06_R01_20260819T153243,1,484.801,FAULT_ACTIVE,F1,0.6,FAN_DT_001,3.0,process-model-3.0.0-build3,6724,1,LIVE,SYNCHRONISED,AUTOMATIC,NORMAL,65,1950,1950,0,145,145,0.3,0.42,25.59167,38.95,1.146,1.048,0.0624,0.036,231.95,30.7788,-0.00201,1,0.18,0.866,7.1715,61,CRITICAL,F1,1,1,mechanical_imbalance,0.6,1,1,,,,,25,0
2026-08-19T15:40:49.028Z,1787154049028,FAN_DT_001_F1_S06_R01_20260819T153243,1,485.825,FAULT_ACTIVE,F1,0.6,FAN_DT_001,3.0,process-model-3.0.0-build3,6725,1,LIVE,SYNCHRONISED,AUTOMATIC,NORMAL,65,1950,1950,0,145,145,0.3,0.42,25.57924,38.95,1.146,1.048,0.0624,0.036,231.95,30.8449,-0.00179,1,0.18,0.773,7.1869,61,CRITICAL,F1,1,1,mechanical_imbalance,0.6,1,1,,,,,25,0
2026-08-19T15:40:50.058Z,1787154050058,FAN_DT_001_F1_S06_R01_20260819T153243,1,486.855,FAULT_ACTIVE,F1,0.6,FAN_DT_001,3.0,process-model-3.0.0-build3,6726,1,LIVE,SYNCHRONISED,AUTOMATIC,NORMAL,65,1950,1950,0,145,145,0.3,0.42,25.56645,38.95,1.146,1.048,0.0624,0.036,231.95,30.9114,-0.00154,1,0.18,0.666,7.2024,61,CRITICAL,F1,1,1,mechanical_imbalance,0.6,1,1,,,,,25,0
2026-08-19T15:40:51.092Z,1787154051092,FAN_DT_001_F1_S06_R01_20260819T153243,1,487.889,FAULT_ACTIVE,F1,0.6,FAN_DT_001,3.0,process-model-3.0.0-build3,6727,1,LIVE,SYNCHRONISED,AUTOMATIC,NORMAL,65,1950,1950,0,145,145,0.3,0.42,25.55336,38.96,1.146,1.048,0.0624,0.036,231.95,30.9778,-0.0013,1,0.18,0.56,7.2178,61,CRITICAL,F1,1,1,mechanical_imbalance,0.6,1,1,,,,,25,0
2026-08-19T15:40:52.128Z,1787154052128,FAN_DT_001_F1_S06_R01_20260819T153243,1,488.925,FAULT_ACTIVE,F1,0.6,FAN_DT_001,3.0,process-model-3.0.0-build3,6728,1,LIVE,SYNCHRONISED,AUTOMATIC,NORMAL,65,1950,1950,0,145,145,0.3,0.42,25.53993,38.96,1.146,1.048,0.0624,0.036,231.95,31.0444,-0.00106,1,0.18,0.457,7.2334,61,CRITICAL,F1,1,1,mechanical_imbalance,0.6,1,1,,,,,25,0
2026-08-19T15:40:53.258Z,1787154053258,FAN_DT_001_F1_S06_R01_20260819T153243,1,490.055,FAULT_ACTIVE,F1,0.6,FAN_DT_001,3.0,process-model-3.0.0-build3,6729,1,LIVE,SYNCHRONISED,AUTOMATIC,NORMAL,65,1950,1950,0,145,145,0.3,0.42,25.52626,38.96,1.146,1.048,0.0624,0.036,231.95,31.1109,-0.00081,1,0.18,0.349,7.2488,61,CRITICAL,F1,1,1,mechanical_imbalance,0.6,1,1,,,,,25,0
2026-08-19T15:40:54.195Z,1787154054195,FAN_DT_001_F1_S06_R01_20260819T153243,1,490.992,FAULT_ACTIVE,F1,0.6,FAN_DT_001,3.0,process-model-3.0.0-build3,6730,1,LIVE,SYNCHRONISED,AUTOMATIC,NORMAL,65,1950,1950,0,145,145,0.3,0.42,25.51228,38.96,1.146,1.048,0.0624,0.036,231.95,31.1775,-0.00057,1,0.18,0.248,7.2644,61,CRITICAL,F1,1,1,mechanical_imbalance,0.6,1,1,,,,,25,0
2026-08-19T15:40:55.230Z,1787154055230,FAN_DT_001_F1_S06_R01_20260819T153243,1,492.027,FAULT_ACTIVE,F1,0.6,FAN_DT_001,3.0,process-model-3.0.0-build3,6731,1,LIVE,SYNCHRONISED,AUTOMATIC,NORMAL,65,1950,1950,0,145,145,0.3,0.42,25.49807,38.96,1.146,1.048,0.0624,0.036,231.95,31.2439,-0.00032,1,0.18,0.137,7.2798,61,CRITICAL,F1,1,1,mechanical_imbalance,0.6,1,1,,,,,25,0
2026-08-19T15:40:56.263Z,1787154056263,FAN_DT_001_F1_S06_R01_20260819T153243,1,493.06,FAULT_ACTIVE,F1,0.6,FAN_DT_001,3.0,process-model-3.0.0-build3,6732,1,LIVE,SYNCHRONISED,AUTOMATIC,NORMAL,65,1950,1950,0,145,145,0.3,0.42,25.48351,38.96,1.146,1.048,0.0624,0.036,231.95,31.3107,-0.00009,1,0.18,0.039,7.2954,61,CRITICAL,F1,1,1,mechanical_imbalance,0.6,1,1,,,,,25,0
2026-08-19T15:40:57.307Z,1787154057307,FAN_DT_001_F1_S06_R01_20260819T153243,1,494.104,FAULT_ACTIVE,F1,0.6,FAN_DT_001,3.0,process-model-3.0.0-build3,6733,1,LIVE,SYNCHRONISED,AUTOMATIC,NORMAL,65,1950,1950,0,145,145,0.3,0.42,25.46882,38.96,1.146,1.048,0.0624,0.036,231.95,31.377,0.00015,1,0.18,0.063,7.3108,61,CRITICAL,F1,1,1,mechanical_imbalance,0.6,1,1,,,,,25,0
2026-08-19T15:40:58.331Z,1787154058331,FAN_DT_001_F1_S06_R01_20260819T153243,1,495.128,FAULT_ACTIVE,F1,0.6,FAN_DT_001,3.0,process-model-3.0.0-build3,6734,1,LIVE,SYNCHRONISED,AUTOMATIC,NORMAL,65,1950,1950,0,145,145,0.3,0.42,25.45377,38.96,1.146,1.048,0.0624,0.036,231.95,31.4437,0.00039,1,0.18,0.17,7.3264,61,CRITICAL,F1,1,1,mechanical_imbalance,0.6,1,1,,,,,25,0
2026-08-19T15:40:59.368Z,1787154059368,FAN_DT_001_F1_S06_R01_20260819T153243,1,496.165,FAULT_ACTIVE,F1,0.6,FAN_DT_001,3.0,process-model-3.0.0-build3,6735,1,LIVE,SYNCHRONISED,AUTOMATIC,NORMAL,65,1950,1950,0,145,145,0.3,0.42,25.43864,38.96,1.146,1.048,0.0624,0.036,231.95,31.5099,0.00065,1,0.18,0.279,7.3418,61,CRITICAL,F1,1,1,mechanical_imbalance,0.6,1,1,,,,,25,0
2026-08-19T15:41:00.398Z,1787154060398,FAN_DT_001_F1_S06_R01_20260819T153243,1,497.195,FAULT_ACTIVE,F1,0.6,FAN_DT_001,3.0,process-model-3.0.0-build3,6736,1,LIVE,SYNCHRONISED,AUTOMATIC,NORMAL,65,1950,1950,0,145,145,0.3,0.42,25.4231,38.96,1.146,1.048,0.0624,0.036,231.95,31.5767,0.00089,1,0.18,0.382,7.3574,61,CRITICAL,F1,1,1,mechanical_imbalance,0.6,1,1,,,,,25,0
2026-08-19T15:41:01.436Z,1787154061436,FAN_DT_001_F1_S06_R01_20260819T153243,1,498.233,FAULT_ACTIVE,F1,0.6,FAN_DT_001,3.0,process-model-3.0.0-build3,6737,1,LIVE,SYNCHRONISED,AUTOMATIC,NORMAL,65,1950,1950,0,145,145,0.3,0.42,25.40743,38.96,1.146,1.048,0.0624,0.036,231.95,31.6431,0.00114,1,0.18,0.49,7.3728,61,CRITICAL,F1,1,1,mechanical_imbalance,0.6,1,1,,,,,25,0
2026-08-19T15:41:02.475Z,1787154062475,FAN_DT_001_F1_S06_R01_20260819T153243,1,499.271,FAULT_ACTIVE,F1,0.6,FAN_DT_001,3.0,process-model-3.0.0-build3,6738,1,LIVE,SYNCHRONISED,AUTOMATIC,NORMAL,65,1950,1950,0,145,145,0.3,0.42,25.39141,38.96,1.146,1.048,0.0624,0.036,231.95,31.7101,0.00136,1,0.18,0.587,7.3885,61,CRITICAL,F1,1,1,mechanical_imbalance,0.6,1,1,,,,,25,0
2026-08-19T15:41:03.504Z,1787154063504,FAN_DT_001_F1_S06_R01_20260819T153243,1,500.301,FAULT_ACTIVE,F1,0.6,FAN_DT_001,3.0,process-model-3.0.0-build3,6739,1,LIVE,SYNCHRONISED,AUTOMATIC,NORMAL,65,1950,1950,0,145,145,0.3,0.42,25.37541,38.95,1.146,1.048,0.0624,0.036,231.95,31.7762,0.0016,1,0.18,0.691,7.4039,61,CRITICAL,F1,1,1,mechanical_imbalance,0.6,1,1,,,,,25,0
2026-08-19T15:41:04.537Z,1787154064537,FAN_DT_001_F1_S06_R01_20260819T153243,1,501.334,FAULT_ACTIVE,F1,0.6,FAN_DT_001,3.0,process-model-3.0.0-build3,6740,1,LIVE,SYNCHRONISED,AUTOMATIC,NORMAL,65,1950,1950,0,145,145,0.3,0.42,25.35904,38.95,1.146,1.048,0.0624,0.036,231.95,31.843,0.00185,1,0.18,0.796,7.4194,61,CRITICAL,F1,1,1,mechanical_imbalance,0.6,1,1,,,,,25,0
2026-08-19T15:41:05.572Z,1787154065572,FAN_DT_001_F1_S06_R01_20260819T153243,1,502.369,FAULT_ACTIVE,F1,0.6,FAN_DT_001,3.0,process-model-3.0.0-build3,6741,1,LIVE,SYNCHRONISED,AUTOMATIC,NORMAL,65,1950,1950,0,145,145,0.3,0.42,25.3426,38.95,1.146,1.048,0.0624,0.036,231.95,31.9093,0.00208,1,0.18,0.898,7.4349,61,CRITICAL,F1,1,1,mechanical_imbalance,0.6,1,1,,,,,25,0
2026-08-19T15:41:06.608Z,1787154066608,FAN_DT_001_F1_S06_R01_20260819T153243,1,503.405,FAULT_ACTIVE,F1,0.6,FAN_DT_001,3.0,process-model-3.0.0-build3,6742,1,LIVE,SYNCHRONISED,AUTOMATIC,NORMAL,65,1950,1950,0,145,145,0.3,0.42,25.32586,38.95,1.146,1.048,0.0624,0.036,231.95,31.976,0.00234,1,0.18,1.01,7.4504,61,CRITICAL,F1,1,1,mechanical_imbalance,0.6,1,1,,,,,25,0
2026-08-19T15:41:07.639Z,1787154067639,FAN_DT_001_F1_S06_R01_20260819T153243,1,504.436,FAULT_ACTIVE,F1,0.6,FAN_DT_001,3.0,process-model-3.0.0-build3,6743,1,LIVE,SYNCHRONISED,AUTOMATIC,NORMAL,65,1950,1950,0,145,145,0.3,0.42,25.30907,38.95,1.146,1.048,0.0624,0.036,231.95,32.0423,0.00255,1,0.18,1.101,7.4659,61,CRITICAL,F1,1,1,mechanical_imbalance,0.6,1,1,,,,,25,0
2026-08-19T15:41:08.671Z,1787154068671,FAN_DT_001_F1_S06_R01_20260819T153243,1,505.468,FAULT_ACTIVE,F1,0.6,FAN_DT_001,3.0,process-model-3.0.0-build3,6744,1,LIVE,SYNCHRONISED,AUTOMATIC,NORMAL,65,1950,1950,0,145,145,0.3,0.42,25.29206,38.94,1.146,1.048,0.0624,0.036,231.95,32.1089,0.00282,1,0.18,1.214,7.4814,61,CRITICAL,F1,1,1,mechanical_imbalance,0.6,1,1,,,,,25,0
2026-08-19T15:41:09.710Z,1787154069710,FAN_DT_001_F1_S06_R01_20260819T153243,1,506.507,FAULT_ACTIVE,F1,0.6,FAN_DT_001,3.0,process-model-3.0.0-build3,6745,1,LIVE,SYNCHRONISED,AUTOMATIC,NORMAL,65,1950,1950,0,145,145,0.3,0.42,25.27492,38.94,1.146,1.048,0.0624,0.036,231.95,32.1753,0.00303,1,0.18,1.305,7.4968,61,CRITICAL,F1,1,1,mechanical_imbalance,0.6,1,1,,,,,25,0
2026-08-19T15:41:10.739Z,1787154070739,FAN_DT_001_F1_S06_R01_20260819T153243,1,507.536,FAULT_ACTIVE,F1,0.6,FAN_DT_001,3.0,process-model-3.0.0-build3,6746,1,LIVE,SYNCHRONISED,AUTOMATIC,NORMAL,65,1950,1950,0,145,145,0.3,0.42,25.25757,38.94,1.146,1.048,0.0624,0.036,231.95,32.242,0.00327,1,0.18,1.41,7.5124,61,CRITICAL,F1,1,1,mechanical_imbalance,0.6,1,1,,,,,25,0
2026-08-19T15:41:11.775Z,1787154071775,FAN_DT_001_F1_S06_R01_20260819T153243,1,508.572,FAULT_ACTIVE,F1,0.6,FAN_DT_001,3.0,process-model-3.0.0-build3,6747,1,LIVE,SYNCHRONISED,AUTOMATIC,NORMAL,65,1950,1950,0,145,145,0.3,0.42,25.24018,38.93,1.146,1.048,0.0624,0.036,231.95,32.3083,0.0035,1,0.18,1.508,7.5278,61,CRITICAL,F1,1,1,mechanical_imbalance,0.6,1,1,,,,,25,0
2026-08-19T15:41:12.807Z,1787154072807,FAN_DT_001_F1_S06_R01_20260819T153243,1,509.604,FAULT_ACTIVE,F1,0.6,FAN_DT_001,3.0,process-model-3.0.0-build3,6748,1,LIVE,SYNCHRONISED,AUTOMATIC,NORMAL,65,1950,1950,0,145,145,0.3,0.42,25.22256,38.93,1.146,1.048,0.0624,0.036,231.95,32.375,0.00372,1,0.18,1.606,7.5434,61,CRITICAL,F1,1,1,mechanical_imbalance,0.6,1,1,,,,,25,0
2026-08-19T15:41:13.843Z,1787154073843,FAN_DT_001_F1_S06_R01_20260819T153243,1,510.64,FAULT_ACTIVE,F1,0.6,FAN_DT_001,3.0,process-model-3.0.0-build3,6749,1,LIVE,SYNCHRONISED,AUTOMATIC,NORMAL,65,1950,1950,0,145,145,0.3,0.42,25.20497,38.92,1.146,1.048,0.0624,0.036,231.95,32.4412,0.00396,1,0.18,1.707,7.5588,61,CRITICAL,F1,1,1,mechanical_imbalance,0.6,1,1,,,,,25,0
2026-08-19T15:41:14.873Z,1787154074873,FAN_DT_001_F1_S06_R01_20260819T153243,1,511.67,FAULT_ACTIVE,F1,0.6,FAN_DT_001,3.0,process-model-3.0.0-build3,6750,1,LIVE,SYNCHRONISED,AUTOMATIC,NORMAL,65,1950,1950,0,145,145,0.3,0.42,25.18712,38.92,1.146,1.048,0.0624,0.036,231.95,32.5079,0.00418,1,0.18,1.801,7.5743,61,CRITICAL,F1,1,1,mechanical_imbalance,0.6,1,1,,,,,25,0
2026-08-19T15:41:15.910Z,1787154075910,FAN_DT_001_F1_S06_R01_20260819T153243,1,512.707,FAULT_ACTIVE,F1,0.6,FAN_DT_001,3.0,process-model-3.0.0-build3,6751,1,LIVE,SYNCHRONISED,AUTOMATIC,NORMAL,65,1950,1950,0,145,145,0.3,0.42,25.16922,38.92,1.146,1.048,0.0624,0.036,231.95,32.5744,0.00439,1,0.18,1.894,7.5898,61,CRITICAL,F1,1,1,mechanical_imbalance,0.6,1,1,,,,,25,0
2026-08-19T15:41:16.945Z,1787154076945,FAN_DT_001_F1_S06_R01_20260819T153243,1,513.742,FAULT_ACTIVE,F1,0.6,FAN_DT_001,3.0,process-model-3.0.0-build3,6752,1,LIVE,SYNCHRONISED,AUTOMATIC,NORMAL,65,1950,1950,0,145,145,0.3,0.42,25.15122,38.91,1.146,1.048,0.0624,0.036,231.95,32.641,0.00463,1,0.18,1.997,7.6053,61,CRITICAL,F1,1,1,mechanical_imbalance,0.6,1,1,,,,,25,0
2026-08-19T15:41:17.977Z,1787154077977,FAN_DT_001_F1_S06_R01_20260819T153243,1,514.774,FAULT_ACTIVE,F1,0.6,FAN_DT_001,3.0,process-model-3.0.0-build3,6753,1,LIVE,SYNCHRONISED,AUTOMATIC,NORMAL,65,1950,1950,0,145,145,0.3,0.42,25.13314,38.91,1.146,1.048,0.0624,0.036,231.95,32.7076,0.00485,1,0.18,2.091,7.6209,61,CRITICAL,F1,1,1,mechanical_imbalance,0.6,1,1,,,,,25,0
2026-08-19T15:41:19.011Z,1787154079011,FAN_DT_001_F1_S06_R01_20260819T153243,1,515.808,FAULT_ACTIVE,F1,0.6,FAN_DT_001,3.0,process-model-3.0.0-build3,6754,1,LIVE,SYNCHRONISED,AUTOMATIC,NORMAL,65,1950,1950,0,145,145,0.3,0.42,25.1151,38.9,1.146,1.048,0.0624,0.036,231.95,32.7738,0.00507,1,0.18,2.184,7.6363,61,CRITICAL,F1,1,1,mechanical_imbalance,0.6,1,1,,,,,25,0
2026-08-19T15:41:20.046Z,1787154080046,FAN_DT_001_F1_S06_R01_20260819T153243,1,516.843,FAULT_ACTIVE,F1,0.6,FAN_DT_001,3.0,process-model-3.0.0-build3,6755,1,LIVE,SYNCHRONISED,AUTOMATIC,NORMAL,65,1950,1950,0,145,145,0.3,0.42,25.09685,38.9,1.146,1.048,0.0624,0.036,231.95,32.8405,0.00526,1,0.18,2.269,7.6518,61,CRITICAL,F1,1,1,mechanical_imbalance,0.6,1,1,,,,,25,0
2026-08-19T15:41:21.079Z,1787154081079,FAN_DT_001_F1_S06_R01_20260819T153243,1,517.876,FAULT_ACTIVE,F1,0.6,FAN_DT_001,3.0,process-model-3.0.0-build3,6756,1,LIVE,SYNCHRONISED,AUTOMATIC,NORMAL,65,1950,1950,0,145,145,0.3,0.42,25.07866,38.89,1.146,1.048,0.0624,0.036,231.95,32.9068,0.00548,1,0.18,2.364,7.6673,61,CRITICAL,F1,1,1,mechanical_imbalance,0.6,1,1,,,,,25,0
2026-08-19T15:41:22.115Z,1787154082115,FAN_DT_001_F1_S06_R01_20260819T153243,1,518.912,FAULT_ACTIVE,F1,0.6,FAN_DT_001,3.0,process-model-3.0.0-build3,6757,1,LIVE,SYNCHRONISED,AUTOMATIC,NORMAL,65,1950,1950,0,145,145,0.3,0.42,25.06032,38.88,1.146,1.048,0.0624,0.036,231.95,32.9736,0.00569,1,0.18,2.454,7.6828,61,CRITICAL,F1,1,1,mechanical_imbalance,0.6,1,1,,,,,25,0
2026-08-19T15:41:23.148Z,1787154083148,FAN_DT_001_F1_S06_R01_20260819T153243,1,519.945,FAULT_ACTIVE,F1,0.6,FAN_DT_001,3.0,process-model-3.0.0-build3,6758,1,LIVE,SYNCHRONISED,AUTOMATIC,NORMAL,65,1950,1950,0,145,145,0.3,0.42,25.04205,38.88,1.146,1.048,0.0624,0.036,231.95,33.0399,0.0059,1,0.18,2.542,7.6983,61,CRITICAL,F1,1,1,mechanical_imbalance,0.6,1,1,,,,,25,0
2026-08-19T15:41:24.182Z,1787154084182,FAN_DT_001_F1_S06_R01_20260819T153243,1,520.979,FAULT_ACTIVE,F1,0.6,FAN_DT_001,3.0,process-model-3.0.0-build3,6759,1,LIVE,SYNCHRONISED,AUTOMATIC,NORMAL,65,1950,1950,0,145,145,0.3,0.42,25.02364,38.87,1.146,1.048,0.0624,0.036,231.95,33.1067,0.00609,1,0.18,2.623,7.7139,61,CRITICAL,F1,1,1,mechanical_imbalance,0.6,1,1,,,,,25,0
2026-08-19T15:41:25.215Z,1787154085215,FAN_DT_001_F1_S06_R01_20260819T153243,1,522.013,FAULT_ACTIVE,F1,0.6,FAN_DT_001,3.0,process-model-3.0.0-build3,6760,1,LIVE,SYNCHRONISED,AUTOMATIC,NORMAL,65,1950,1950,0,145,145,0.3,0.42,25.0053,38.87,1.146,1.048,0.0624,0.036,231.95,33.1731,0.0063,1,0.18,2.716,7.7293,61,CRITICAL,F1,1,1,mechanical_imbalance,0.6,1,1,,,,,25,0
2026-08-19T15:41:26.251Z,1787154086251,FAN_DT_001_F1_S06_R01_20260819T153243,1,523.047,FAULT_ACTIVE,F1,0.6,FAN_DT_001,3.0,process-model-3.0.0-build3,6761,1,LIVE,SYNCHRONISED,AUTOMATIC,NORMAL,65,1950,1950,0,145,145,0.3,0.42,24.98694,38.86,1.146,1.048,0.0624,0.036,231.95,33.2396,0.00648,1,0.18,2.793,7.7448,61,CRITICAL,F1,1,1,mechanical_imbalance,0.6,1,1,,,,,25,0
2026-08-19T15:41:27.286Z,1787154087286,FAN_DT_001_F1_S06_R01_20260819T153243,1,524.084,FAULT_ACTIVE,F1,0.6,FAN_DT_001,3.0,process-model-3.0.0-build3,6762,1,LIVE,SYNCHRONISED,AUTOMATIC,NORMAL,65,1950,1950,0,145,145,0.3,0.42,24.96856,38.85,1.146,1.048,0.0624,0.036,231.95,33.3063,0.00668,1,0.18,2.878,7.7604,61,CRITICAL,F1,1,1,mechanical_imbalance,0.6,1,1,,,,,25,0
2026-08-19T15:41:28.321Z,1787154088321,FAN_DT_001_F1_S06_R01_20260819T153243,1,525.118,FAULT_ACTIVE,F1,0.6,FAN_DT_001,3.0,process-model-3.0.0-build3,6763,1,LIVE,SYNCHRONISED,AUTOMATIC,NORMAL,65,1950,1950,0,145,145,0.3,0.42,24.95024,38.85,1.146,1.048,0.0624,0.036,231.95,33.3728,0.00685,1,0.18,2.952,7.7759,61,CRITICAL,F1,1,1,mechanical_imbalance,0.6,1,1,,,,,25,0
2026-08-19T15:41:29.352Z,1787154089352,FAN_DT_001_F1_S06_R01_20260819T153243,1,526.149,FAULT_ACTIVE,F1,0.6,FAN_DT_001,3.0,process-model-3.0.0-build3,6764,1,LIVE,SYNCHRONISED,AUTOMATIC,NORMAL,65,1950,1950,0,145,145,0.3,0.42,24.93192,38.84,1.146,1.048,0.0624,0.036,231.95,33.4394,0.00704,1,0.18,3.034,7.7914,61,CRITICAL,F1,1,1,mechanical_imbalance,0.6,1,1,,,,,25,0
2026-08-19T15:41:30.386Z,1787154090386,FAN_DT_001_F1_S06_R01_20260819T153243,1,527.183,FAULT_ACTIVE,F1,0.6,FAN_DT_001,3.0,process-model-3.0.0-build3,6765,1,LIVE,SYNCHRONISED,AUTOMATIC,NORMAL,65,1950,1950,0,145,145,0.3,0.42,24.91373,38.83,1.146,1.048,0.0624,0.036,231.95,33.5056,0.00722,1,0.18,3.112,7.8068,61,CRITICAL,F1,1,1,mechanical_imbalance,0.6,1,1,,,,,25,0
2026-08-19T15:41:31.424Z,1787154091424,FAN_DT_001_F1_S06_R01_20260819T153243,1,528.221,FAULT_ACTIVE,F1,0.6,FAN_DT_001,3.0,process-model-3.0.0-build3,6766,1,LIVE,SYNCHRONISED,AUTOMATIC,NORMAL,65,1950,1950,0,145,145,0.3,0.42,24.89542,38.82,1.146,1.048,0.0624,0.036,231.95,33.5724,0.00742,1,0.18,3.198,7.8224,61,CRITICAL,F1,1,1,mechanical_imbalance,0.6,1,1,,,,,25,0
2026-08-19T15:41:32.457Z,1787154092457,FAN_DT_001_F1_S06_R01_20260819T153243,1,529.254,FAULT_ACTIVE,F1,0.6,FAN_DT_001,3.0,process-model-3.0.0-build3,6767,1,LIVE,SYNCHRONISED,AUTOMATIC,NORMAL,65,1950,1950,0,145,145,0.3,0.42,24.87731,38.82,1.146,1.048,0.0624,0.036,231.95,33.6388,0.00757,1,0.18,3.265,7.8378,61,CRITICAL,F1,1,1,mechanical_imbalance,0.6,1,1,,,,,25,0
2026-08-19T15:41:33.486Z,1787154093486,FAN_DT_001_F1_S06_R01_20260819T153243,1,530.283,FAULT_ACTIVE,F1,0.6,FAN_DT_001,3.0,process-model-3.0.0-build3,6768,1,LIVE,SYNCHRONISED,AUTOMATIC,NORMAL,65,1950,1950,0,145,145,0.3,0.42,24.85908,38.81,1.146,1.048,0.0624,0.036,231.95,33.7058,0.00775,1,0.18,3.34,7.8534,61,CRITICAL,F1,1,1,mechanical_imbalance,0.6,1,1,,,,,25,0
2026-08-19T15:41:34.524Z,1787154094524,FAN_DT_001_F1_S06_R01_20260819T153243,1,531.321,FAULT_ACTIVE,F1,0.6,FAN_DT_001,3.0,process-model-3.0.0-build3,6769,1,LIVE,SYNCHRONISED,AUTOMATIC,NORMAL,65,1950,1950,0,145,145,0.3,0.42,24.84115,38.8,1.146,1.048,0.0624,0.036,231.95,33.7719,0.00792,1,0.18,3.414,7.8689,61,CRITICAL,F1,1,1,mechanical_imbalance,0.6,1,1,,,,,25,0
2026-08-19T15:41:35.556Z,1787154095556,FAN_DT_001_F1_S06_R01_20260819T153243,1,532.353,FAULT_ACTIVE,F1,0.6,FAN_DT_001,3.0,process-model-3.0.0-build3,6770,1,LIVE,SYNCHRONISED,AUTOMATIC,NORMAL,65,1950,1950,0,145,145,0.3,0.42,24.82323,38.79,1.146,1.048,0.0624,0.036,231.95,33.8383,0.00808,1,0.18,3.485,7.8843,61,CRITICAL,F1,1,1,mechanical_imbalance,0.6,1,1,,,,,25,0
2026-08-19T15:41:36.587Z,1787154096587,FAN_DT_001_F1_S06_R01_20260819T153243,1,533.384,FAULT_ACTIVE,F1,0.6,FAN_DT_001,3.0,process-model-3.0.0-build3,6771,1,LIVE,SYNCHRONISED,AUTOMATIC,NORMAL,65,1950,1950,0,145,145,0.3,0.42,24.80538,38.78,1.146,1.048,0.0624,0.036,231.95,33.9049,0.00822,1,0.18,3.544,7.8998,61,CRITICAL,F1,1,1,mechanical_imbalance,0.6,1,1,,,,,25,0
2026-08-19T15:41:37.624Z,1787154097624,FAN_DT_001_F1_S06_R01_20260819T153243,1,534.421,FAULT_ACTIVE,F1,0.6,FAN_DT_001,3.0,process-model-3.0.0-build3,6772,1,LIVE,SYNCHRONISED,AUTOMATIC,NORMAL,65,1950,1950,0,145,145,0.3,0.42,24.78766,38.77,1.146,1.048,0.0624,0.036,231.95,33.9712,0.00839,1,0.18,3.616,7.9153,61,CRITICAL,F1,1,1,mechanical_imbalance,0.6,1,1,,,,,25,0
2026-08-19T15:41:38.657Z,1787154098657,FAN_DT_001_F1_S06_R01_20260819T153243,1,535.455,FAULT_ACTIVE,F1,0.6,FAN_DT_001,3.0,process-model-3.0.0-build3,6773,1,LIVE,SYNCHRONISED,AUTOMATIC,NORMAL,65,1950,1950,0,145,145,0.3,0.42,24.76996,38.77,1.146,1.048,0.0624,0.036,231.95,34.038,0.00851,1,0.18,3.671,7.9309,61,CRITICAL,F1,1,1,mechanical_imbalance,0.6,1,1,,,,,25,0
2026-08-19T15:41:39.692Z,1787154099692,FAN_DT_001_F1_S06_R01_20260819T153243,1,536.489,FAULT_ACTIVE,F1,0.6,FAN_DT_001,3.0,process-model-3.0.0-build3,6774,1,LIVE,SYNCHRONISED,AUTOMATIC,NORMAL,65,1950,1950,0,145,145,0.3,0.42,24.75249,38.76,1.146,1.048,0.0624,0.036,231.95,34.1043,0.00867,1,0.18,3.738,7.9463,61,CRITICAL,F1,1,1,mechanical_imbalance,0.6,1,1,,,,,25,0
2026-08-19T15:41:40.728Z,1787154100728,FAN_DT_001_F1_S06_R01_20260819T153243,1,537.525,FAULT_ACTIVE,F1,0.6,FAN_DT_001,3.0,process-model-3.0.0-build3,6775,1,LIVE,SYNCHRONISED,AUTOMATIC,NORMAL,65,1950,1950,0,145,145,0.3,0.42,24.73508,38.75,1.146,1.048,0.0624,0.036,231.95,34.171,0.00881,1,0.18,3.798,7.9618,61,CRITICAL,F1,1,1,mechanical_imbalance,0.6,1,1,,,,,25,0
2026-08-19T15:41:41.758Z,1787154101758,FAN_DT_001_F1_S06_R01_20260819T153243,1,538.555,FAULT_ACTIVE,F1,0.6,FAN_DT_001,3.0,process-model-3.0.0-build3,6776,1,LIVE,SYNCHRONISED,AUTOMATIC,NORMAL,65,1950,1950,0,145,145,0.3,0.42,24.71782,38.74,1.146,1.048,0.0624,0.036,231.95,34.2375,0.00894,1,0.18,3.854,7.9773,61,CRITICAL,F1,1,1,mechanical_imbalance,0.6,1,1,,,,,25,0
2026-08-19T15:41:42.795Z,1787154102795,FAN_DT_001_F1_S06_R01_20260819T153243,1,539.592,FAULT_ACTIVE,F1,0.6,FAN_DT_001,3.0,process-model-3.0.0-build3,6777,1,LIVE,SYNCHRONISED,AUTOMATIC,NORMAL,65,1950,1950,0,145,145,0.3,0.42,24.70076,38.73,1.146,1.048,0.0624,0.036,231.95,34.3039,0.00906,1,0.18,3.906,7.9928,61,CRITICAL,F1,1,1,mechanical_imbalance,0.6,1,1,,,,,25,0
2026-08-19T15:41:43.831Z,1787154103831,FAN_DT_001_F1_S06_R01_20260819T153243,1,540.628,RECOVERY,F1,0.6,FAN_DT_001,3.0,process-model-3.0.0-build3,6778,1,LIVE,SYNCHRONISED,AUTOMATIC,NORMAL,65,1950,1950,0,145,145,0.3,0.3,24.68365,38.72,1.028,1,0.0254,0,207.97,34.3684,0.0092,1,0.18,4.426,8.0078,100,HEALTHY,F0,0,0,healthy,0,0,0,,,,,26,0
2026-08-19T15:41:44.863Z,1787154104863,FAN_DT_001_F1_S06_R01_20260819T153243,1,541.66,RECOVERY,F1,0.6,FAN_DT_001,3.0,process-model-3.0.0-build3,6779,1,LIVE,SYNCHRONISED,AUTOMATIC,NORMAL,65,1950,1950,0,145,145,0.3,0.3,24.66702,38.71,1.028,1,0.0254,0,207.97,34.4276,0.00932,1,0.18,4.481,8.0216,100,HEALTHY,F0,0,0,healthy,0,0,0,,,,,26,0
2026-08-19T15:41:45.889Z,1787154105889,FAN_DT_001_F1_S06_R01_20260819T153243,1,542.686,RECOVERY,F1,0.6,FAN_DT_001,3.0,process-model-3.0.0-build3,6780,1,LIVE,SYNCHRONISED,AUTOMATIC,NORMAL,65,1950,1950,0,145,145,0.3,0.3,24.65045,38.7,1.028,1,0.0254,0,207.97,34.4871,0.00942,1,0.18,4.528,8.0355,100,HEALTHY,F0,0,0,healthy,0,0,0,,,,,26,0
2026-08-19T15:41:46.919Z,1787154106919,FAN_DT_001_F1_S06_R01_20260819T153243,1,543.716,RECOVERY,F1,0.6,FAN_DT_001,3.0,process-model-3.0.0-build3,6781,1,LIVE,SYNCHRONISED,AUTOMATIC,NORMAL,65,1950,1950,0,145,145,0.3,0.3,24.63416,38.69,1.028,1,0.0254,0,207.97,34.5463,0.00954,1,0.18,4.586,8.0493,100,HEALTHY,F0,0,0,healthy,0,0,0,,,,,26,0
2026-08-19T15:41:47.947Z,1787154107947,FAN_DT_001_F1_S06_R01_20260819T153243,1,544.744,RECOVERY,F1,0.6,FAN_DT_001,3.0,process-model-3.0.0-build3,6782,1,LIVE,SYNCHRONISED,AUTOMATIC,NORMAL,65,1950,1950,0,145,145,0.3,0.3,24.61798,38.68,1.028,1,0.0254,0,207.97,34.6057,0.00963,1,0.18,4.63,8.0631,100,HEALTHY,F0,0,0,healthy,0,0,0,,,,,26,0
2026-08-19T15:41:48.977Z,1787154108977,FAN_DT_001_F1_S06_R01_20260819T153243,1,545.774,RECOVERY,F1,0.6,FAN_DT_001,3.0,process-model-3.0.0-build3,6783,1,LIVE,SYNCHRONISED,AUTOMATIC,NORMAL,65,1950,1950,0,145,145,0.3,0.3,24.60201,38.67,1.028,1,0.0254,0,207.97,34.6652,0.00974,1,0.18,4.683,8.077,100,HEALTHY,F0,0,0,healthy,0,0,0,,,,,26,0
2026-08-19T15:41:50.008Z,1787154110008,FAN_DT_001_F1_S06_R01_20260819T153243,1,546.805,RECOVERY,F1,0.6,FAN_DT_001,3.0,process-model-3.0.0-build3,6784,1,LIVE,SYNCHRONISED,AUTOMATIC,NORMAL,65,1950,1950,0,145,145,0.3,0.3,24.58633,38.66,1.028,1,0.0254,0,207.97,34.7243,0.00983,1,0.18,4.729,8.0908,100,HEALTHY,F0,0,0,healthy,0,0,0,,,,,26,0
2026-08-19T15:41:51.032Z,1787154111032,FAN_DT_001_F1_S06_R01_20260819T153243,1,547.829,RECOVERY,F1,0.6,FAN_DT_001,3.0,process-model-3.0.0-build3,6785,1,LIVE,SYNCHRONISED,AUTOMATIC,NORMAL,65,1950,1950,0,145,145,0.3,0.3,24.57076,38.65,1.028,1,0.0254,0,207.97,34.7838,0.00991,1,0.18,4.766,8.1046,100,HEALTHY,F0,0,0,healthy,0,0,0,,,,,26,0
2026-08-19T15:41:52.066Z,1787154112066,FAN_DT_001_F1_S06_R01_20260819T153243,1,548.862,RECOVERY,F1,0.6,FAN_DT_001,3.0,process-model-3.0.0-build3,6786,1,LIVE,SYNCHRONISED,AUTOMATIC,NORMAL,65,1950,1950,0,145,145,0.3,0.3,24.5555,38.64,1.028,1,0.0254,0,207.97,34.843,0.01002,1,0.18,4.817,8.1184,100,HEALTHY,F0,0,0,healthy,0,0,0,,,,,26,0
2026-08-19T15:41:53.090Z,1787154113090,FAN_DT_001_F1_S06_R01_20260819T153243,1,549.887,RECOVERY,F1,0.6,FAN_DT_001,3.0,process-model-3.0.0-build3,6787,1,LIVE,SYNCHRONISED,AUTOMATIC,NORMAL,65,1950,1950,0,145,145,0.3,0.3,24.54038,38.63,1.028,1,0.0254,0,207.97,34.9026,0.01008,1,0.18,4.848,8.1323,100,HEALTHY,F0,0,0,healthy,0,0,0,,,,,26,0
2026-08-19T15:41:54.119Z,1787154114119,FAN_DT_001_F1_S06_R01_20260819T153243,1,550.916,RECOVERY,F1,0.6,FAN_DT_001,3.0,process-model-3.0.0-build3,6788,1,LIVE,SYNCHRONISED,AUTOMATIC,NORMAL,65,1950,1950,0,145,145,0.3,0.3,24.52564,38.62,1.028,1,0.0254,0,207.97,34.9616,0.01014,1,0.18,4.878,8.1461,100,HEALTHY,F0,0,0,healthy,0,0,0,,,,,26,0
2026-08-19T15:41:55.147Z,1787154115147,FAN_DT_001_F1_S06_R01_20260819T153243,1,551.944,RECOVERY,F1,0.6,FAN_DT_001,3.0,process-model-3.0.0-build3,6789,1,LIVE,SYNCHRONISED,AUTOMATIC,NORMAL,65,1950,1950,0,145,145,0.3,0.3,24.51101,38.61,1.028,1,0.0254,0,207.97,35.0211,0.01023,1,0.18,4.921,8.1599,100,HEALTHY,F0,0,0,healthy,0,0,0,,,,,26,0
2026-08-19T15:41:56.179Z,1787154116179,FAN_DT_001_F1_S06_R01_20260819T153243,1,552.976,RECOVERY,F1,0.6,FAN_DT_001,3.0,process-model-3.0.0-build3,6790,1,LIVE,SYNCHRONISED,AUTOMATIC,NORMAL,65,1950,1950,0,145,145,0.3,0.3,24.49672,38.6,1.028,1,0.0254,0,207.97,35.0803,0.01029,1,0.18,4.947,8.1737,100,HEALTHY,F0,0,0,healthy,0,0,0,,,,,26,0
2026-08-19T15:41:57.205Z,1787154117205,FAN_DT_001_F1_S06_R01_20260819T153243,1,554.002,RECOVERY,F1,0.6,FAN_DT_001,3.0,process-model-3.0.0-build3,6791,1,LIVE,SYNCHRONISED,AUTOMATIC,NORMAL,65,1950,1950,0,145,145,0.3,0.3,24.48263,38.59,1.028,1,0.0254,0,207.97,35.1398,0.01035,1,0.18,4.979,8.1876,100,HEALTHY,F0,0,0,healthy,0,0,0,,,,,26,0
2026-08-19T15:41:58.233Z,1787154118233,FAN_DT_001_F1_S06_R01_20260819T153243,1,555.03,RECOVERY,F1,0.6,FAN_DT_001,3.0,process-model-3.0.0-build3,6792,1,LIVE,SYNCHRONISED,AUTOMATIC,NORMAL,65,1950,1950,0,145,145,0.3,0.3,24.46884,38.58,1.028,1,0.0254,0,207.97,35.1991,0.0104,1,0.18,5.003,8.2014,100,HEALTHY,F0,0,0,healthy,0,0,0,,,,,26,0
2026-08-19T15:41:59.270Z,1787154119270,FAN_DT_001_F1_S06_R01_20260819T153243,1,556.068,RECOVERY,F1,0.6,FAN_DT_001,3.0,process-model-3.0.0-build3,6793,1,LIVE,SYNCHRONISED,AUTOMATIC,NORMAL,65,1950,1950,0,145,145,0.3,0.3,24.45526,38.57,1.028,1,0.0254,0,207.97,35.2587,0.01044,1,0.18,5.022,8.2153,100,HEALTHY,F0,0,0,healthy,0,0,0,,,,,26,0
2026-08-19T15:42:00.306Z,1787154120306,FAN_DT_001_F1_S06_R01_20260819T153243,1,557.103,RECOVERY,F1,0.6,FAN_DT_001,3.0,process-model-3.0.0-build3,6794,1,LIVE,SYNCHRONISED,AUTOMATIC,NORMAL,65,1950,1950,0,145,145,0.3,0.3,24.44201,38.56,1.028,1,0.0254,0,207.97,35.3181,0.01048,1,0.18,5.041,8.2291,100,HEALTHY,F0,0,0,healthy,0,0,0,,,,,26,0
2026-08-19T15:42:01.328Z,1787154121328,FAN_DT_001_F1_S06_R01_20260819T153243,1,558.125,RECOVERY,F1,0.6,FAN_DT_001,3.0,process-model-3.0.0-build3,6795,1,LIVE,SYNCHRONISED,AUTOMATIC,NORMAL,65,1950,1950,0,145,145,0.3,0.3,24.42911,38.54,1.028,1,0.0254,0,207.97,35.3773,0.01052,1,0.18,5.059,8.2429,100,HEALTHY,F0,0,0,healthy,0,0,0,,,,,26,0
2026-08-19T15:42:02.353Z,1787154122353,FAN_DT_001_F1_S06_R01_20260819T153243,1,559.15,RECOVERY,F1,0.6,FAN_DT_001,3.0,process-model-3.0.0-build3,6796,1,LIVE,SYNCHRONISED,AUTOMATIC,NORMAL,65,1950,1950,0,145,145,0.3,0.3,24.41644,38.53,1.028,1,0.0254,0,207.97,35.4368,0.01054,1,0.18,5.066,8.2568,100,HEALTHY,F0,0,0,healthy,0,0,0,,,,,26,0
2026-08-19T15:42:03.383Z,1787154123383,FAN_DT_001_F1_S06_R01_20260819T153243,1,560.18,RECOVERY,F1,0.6,FAN_DT_001,3.0,process-model-3.0.0-build3,6797,1,LIVE,SYNCHRONISED,AUTOMATIC,NORMAL,65,1950,1950,0,145,145,0.3,0.3,24.40415,38.52,1.028,1,0.0254,0,207.97,35.4959,0.01058,1,0.18,5.086,8.2705,100,HEALTHY,F0,0,0,healthy,0,0,0,,,,,26,0
2026-08-19T15:42:04.411Z,1787154124411,FAN_DT_001_F1_S06_R01_20260819T153243,1,561.209,RECOVERY,F1,0.6,FAN_DT_001,3.0,process-model-3.0.0-build3,6798,1,LIVE,SYNCHRONISED,AUTOMATIC,NORMAL,65,1950,1950,0,145,145,0.3,0.3,24.39209,38.51,1.028,1,0.0254,0,207.97,35.5554,0.0106,1,0.18,5.095,8.2844,100,HEALTHY,F0,0,0,healthy,0,0,0,,,,,26,0
2026-08-19T15:42:05.441Z,1787154125441,FAN_DT_001_F1_S06_R01_20260819T153243,1,562.238,RECOVERY,F1,0.6,FAN_DT_001,3.0,process-model-3.0.0-build3,6799,1,LIVE,SYNCHRONISED,AUTOMATIC,NORMAL,65,1950,1950,0,145,145,0.3,0.3,24.38036,38.5,1.028,1,0.0254,0,207.97,35.6148,0.01061,1,0.18,5.1,8.2982,100,HEALTHY,F0,0,0,healthy,0,0,0,,,,,26,0
2026-08-19T15:42:06.471Z,1787154126471,FAN_DT_001_F1_S06_R01_20260819T153243,1,563.268,RECOVERY,F1,0.6,FAN_DT_001,3.0,process-model-3.0.0-build3,6800,1,LIVE,SYNCHRONISED,AUTOMATIC,NORMAL,65,1950,1950,0,145,145,0.3,0.3,24.36901,38.49,1.028,1,0.0254,0,207.97,35.6739,0.01061,1,0.18,5.102,8.312,100,HEALTHY,F0,0,0,healthy,0,0,0,,,,,26,0
2026-08-19T15:42:07.528Z,1787154127528,FAN_DT_001_F1_S06_R01_20260819T153243,1,564.325,RECOVERY,F1,0.6,FAN_DT_001,3.0,process-model-3.0.0-build3,6801,1,LIVE,SYNCHRONISED,AUTOMATIC,NORMAL,65,1950,1950,0,145,145,0.3,0.3,24.35794,38.48,1.028,1,0.0254,0,207.97,35.7333,0.01063,1,0.18,5.11,8.3259,100,HEALTHY,F0,0,0,healthy,0,0,0,,,,,26,0
2026-08-19T15:42:08.524Z,1787154128524,FAN_DT_001_F1_S06_R01_20260819T153243,1,565.321,RECOVERY,F1,0.6,FAN_DT_001,3.0,process-model-3.0.0-build3,6802,1,LIVE,SYNCHRONISED,AUTOMATIC,NORMAL,65,1950,1950,0,145,145,0.3,0.3,24.34725,38.47,1.028,1,0.0254,0,207.97,35.7924,0.01061,1,0.18,5.1,8.3396,100,HEALTHY,F0,0,0,healthy,0,0,0,,,,,26,0
2026-08-19T15:42:09.551Z,1787154129551,FAN_DT_001_F1_S06_R01_20260819T153243,1,566.348,RECOVERY,F1,0.6,FAN_DT_001,3.0,process-model-3.0.0-build3,6803,1,LIVE,SYNCHRONISED,AUTOMATIC,NORMAL,65,1950,1950,0,145,145,0.3,0.3,24.33686,38.46,1.028,1,0.0254,0,207.97,35.8519,0.0106,1,0.18,5.095,8.3535,100,HEALTHY,F0,0,0,healthy,0,0,0,,,,,26,0
2026-08-19T15:42:10.582Z,1787154130582,FAN_DT_001_F1_S06_R01_20260819T153243,1,567.379,RECOVERY,F1,0.6,FAN_DT_001,3.0,process-model-3.0.0-build3,6804,1,LIVE,SYNCHRONISED,AUTOMATIC,NORMAL,65,1950,1950,0,145,145,0.3,0.3,24.32682,38.45,1.028,1,0.0254,0,207.97,35.9111,0.01058,1,0.18,5.086,8.3673,100,HEALTHY,F0,0,0,healthy,0,0,0,,,,,26,0
2026-08-19T15:42:11.612Z,1787154131612,FAN_DT_001_F1_S06_R01_20260819T153243,1,568.409,RECOVERY,F1,0.6,FAN_DT_001,3.0,process-model-3.0.0-build3,6805,1,LIVE,SYNCHRONISED,AUTOMATIC,NORMAL,65,1950,1950,0,145,145,0.3,0.3,24.31712,38.44,1.028,1,0.0254,0,207.97,35.9705,0.01057,1,0.18,5.081,8.3811,100,HEALTHY,F0,0,0,healthy,0,0,0,,,,,26,0
2026-08-19T15:42:12.638Z,1787154132638,FAN_DT_001_F1_S06_R01_20260819T153243,1,569.435,RECOVERY,F1,0.6,FAN_DT_001,3.0,process-model-3.0.0-build3,6806,1,LIVE,SYNCHRONISED,AUTOMATIC,NORMAL,65,1950,1950,0,145,145,0.3,0.3,24.30776,38.42,1.028,1,0.0254,0,207.97,36.0301,0.01055,1,0.18,5.072,8.395,100,HEALTHY,F0,0,0,healthy,0,0,0,,,,,26,0
2026-08-19T15:42:13.666Z,1787154133666,FAN_DT_001_F1_S06_R01_20260819T153243,1,570.463,RECOVERY,F1,0.6,FAN_DT_001,3.0,process-model-3.0.0-build3,6807,1,LIVE,SYNCHRONISED,AUTOMATIC,NORMAL,65,1950,1950,0,145,145,0.3,0.3,24.29882,38.41,1.028,1,0.0254,0,207.97,36.0892,0.01052,1,0.18,5.059,8.4088,100,HEALTHY,F0,0,0,healthy,0,0,0,,,,,26,0
2026-08-19T15:42:14.684Z,1787154134684,FAN_DT_001_F1_S06_R01_20260819T153243,1,571.481,RECOVERY,F1,0.6,FAN_DT_001,3.0,process-model-3.0.0-build3,6808,1,LIVE,SYNCHRONISED,AUTOMATIC,NORMAL,65,1950,1950,0,145,145,0.3,0.3,24.29032,38.4,1.028,1,0.0254,0,207.97,36.1478,0.01047,1,0.18,5.034,8.4224,100,HEALTHY,F0,0,0,healthy,0,0,0,,,,,26,0
2026-08-19T15:42:15.712Z,1787154135712,FAN_DT_001_F1_S06_R01_20260819T153243,1,572.509,RECOVERY,F1,0.6,FAN_DT_001,3.0,process-model-3.0.0-build3,6809,1,LIVE,SYNCHRONISED,AUTOMATIC,NORMAL,65,1950,1950,0,145,145,0.3,0.3,24.28209,38.39,1.028,1,0.0254,0,207.97,36.207,0.01043,1,0.18,5.017,8.4362,100,HEALTHY,F0,0,0,healthy,0,0,0,,,,,26,0
2026-08-19T15:42:16.738Z,1787154136738,FAN_DT_001_F1_S06_R01_20260819T153243,1,573.535,RECOVERY,F1,0.6,FAN_DT_001,3.0,process-model-3.0.0-build3,6810,1,LIVE,SYNCHRONISED,AUTOMATIC,NORMAL,65,1950,1950,0,145,145,0.3,0.3,24.27421,38.38,1.028,1,0.0254,0,207.97,36.2664,0.01038,1,0.18,4.993,8.4501,100,HEALTHY,F0,0,0,healthy,0,0,0,,,,,26,0
2026-08-19T15:42:17.768Z,1787154137768,FAN_DT_001_F1_S06_R01_20260819T153243,1,574.565,RECOVERY,F1,0.6,FAN_DT_001,3.0,process-model-3.0.0-build3,6811,1,LIVE,SYNCHRONISED,AUTOMATIC,NORMAL,65,1950,1950,0,145,145,0.3,0.3,24.26672,38.37,1.028,1,0.0254,0,207.97,36.3257,0.01035,1,0.18,4.975,8.4639,100,HEALTHY,F0,0,0,healthy,0,0,0,,,,,26,0
2026-08-19T15:42:18.797Z,1787154138797,FAN_DT_001_F1_S06_R01_20260819T153243,1,575.594,RECOVERY,F1,0.6,FAN_DT_001,3.0,process-model-3.0.0-build3,6812,1,LIVE,SYNCHRONISED,AUTOMATIC,NORMAL,65,1950,1950,0,145,145,0.3,0.3,24.25963,38.36,1.028,1,0.0254,0,207.97,36.385,0.01027,1,0.18,4.94,8.4777,100,HEALTHY,F0,0,0,healthy,0,0,0,,,,,26,0
2026-08-19T15:42:19.822Z,1787154139822,FAN_DT_001_F1_S06_R01_20260819T153243,1,576.619,RECOVERY,F1,0.6,FAN_DT_001,3.0,process-model-3.0.0-build3,6813,1,LIVE,SYNCHRONISED,AUTOMATIC,NORMAL,65,1950,1950,0,145,145,0.3,0.3,24.25289,38.35,1.028,1,0.0254,0,207.97,36.4444,0.0102,1,0.18,4.906,8.4915,100,HEALTHY,F0,0,0,healthy,0,0,0,,,,,26,0
2026-08-19T15:42:20.850Z,1787154140850,FAN_DT_001_F1_S06_R01_20260819T153243,1,577.647,RECOVERY,F1,0.6,FAN_DT_001,3.0,process-model-3.0.0-build3,6814,1,LIVE,SYNCHRONISED,AUTOMATIC,NORMAL,65,1950,1950,0,145,145,0.3,0.3,24.24658,38.34,1.028,1,0.0254,0,207.97,36.5035,0.01014,1,0.18,4.878,8.5053,100,HEALTHY,F0,0,0,healthy,0,0,0,,,,,26,0
2026-08-19T15:42:21.883Z,1787154141883,FAN_DT_001_F1_S06_R01_20260819T153243,1,578.68,RECOVERY,F1,0.6,FAN_DT_001,3.0,process-model-3.0.0-build3,6815,1,LIVE,SYNCHRONISED,AUTOMATIC,NORMAL,65,1950,1950,0,145,145,0.3,0.3,24.24064,38.33,1.028,1,0.0254,0,207.97,36.5628,0.01007,1,0.18,4.844,8.5191,100,HEALTHY,F0,0,0,healthy,0,0,0,,,,,26,0
2026-08-19T15:42:22.909Z,1787154142909,FAN_DT_001_F1_S06_R01_20260819T153243,1,579.706,RECOVERY,F1,0.6,FAN_DT_001,3.0,process-model-3.0.0-build3,6816,1,LIVE,SYNCHRONISED,AUTOMATIC,NORMAL,65,1950,1950,0,145,145,0.3,0.3,24.23508,38.32,1.028,1,0.0254,0,207.97,36.6223,0.01,1,0.18,4.809,8.533,100,HEALTHY,F0,0,0,healthy,0,0,0,,,,,26,0
2026-08-19T15:42:23.934Z,1787154143934,FAN_DT_001_F1_S06_R01_20260819T153243,1,580.731,RECOVERY,F1,0.6,FAN_DT_001,3.0,process-model-3.0.0-build3,6817,1,LIVE,SYNCHRONISED,AUTOMATIC,NORMAL,65,1950,1950,0,145,145,0.3,0.3,24.22994,38.31,1.028,1,0.0254,0,207.97,36.6816,0.00991,1,0.18,4.766,8.5468,100,HEALTHY,F0,0,0,healthy,0,0,0,,,,,26,0
2026-08-19T15:42:24.966Z,1787154144966,FAN_DT_001_F1_S06_R01_20260819T153243,1,581.764,RECOVERY,F1,0.6,FAN_DT_001,3.0,process-model-3.0.0-build3,6818,1,LIVE,SYNCHRONISED,AUTOMATIC,NORMAL,65,1950,1950,0,145,145,0.3,0.3,24.2252,38.3,1.028,1,0.0254,0,207.97,36.7407,0.0098,1,0.18,4.715,8.5606,100,HEALTHY,F0,0,0,healthy,0,0,0,,,,,26,0
2026-08-19T15:42:26.010Z,1787154146010,FAN_DT_001_F1_S06_R01_20260819T153243,1,582.807,RECOVERY,F1,0.6,FAN_DT_001,3.0,process-model-3.0.0-build3,6819,1,LIVE,SYNCHRONISED,AUTOMATIC,NORMAL,65,1950,1950,0,145,145,0.3,0.3,24.22085,38.29,1.028,1,0.0254,0,207.97,36.8002,0.00974,1,0.18,4.681,8.5744,100,HEALTHY,F0,0,0,healthy,0,0,0,,,,,26,0
2026-08-19T15:42:27.023Z,1787154147023,FAN_DT_001_F1_S06_R01_20260819T153243,1,583.82,RECOVERY,F1,0.6,FAN_DT_001,3.0,process-model-3.0.0-build3,6820,1,LIVE,SYNCHRONISED,AUTOMATIC,NORMAL,65,1950,1950,0,145,145,0.3,0.3,24.21693,38.28,1.028,1,0.0254,0,207.97,36.8593,0.00962,1,0.18,4.627,8.5882,100,HEALTHY,F0,0,0,healthy,0,0,0,,,,,26,0
2026-08-19T15:42:28.053Z,1787154148053,FAN_DT_001_F1_S06_R01_20260819T153243,1,584.85,RECOVERY,F1,0.6,FAN_DT_001,3.0,process-model-3.0.0-build3,6821,1,LIVE,SYNCHRONISED,AUTOMATIC,NORMAL,65,1950,1950,0,145,145,0.3,0.3,24.21338,38.27,1.028,1,0.0254,0,207.97,36.9189,0.00951,1,0.18,4.571,8.6021,100,HEALTHY,F0,0,0,healthy,0,0,0,,,,,26,0
2026-08-19T15:42:29.073Z,1787154149073,FAN_DT_001_F1_S06_R01_20260819T153243,1,585.87,RECOVERY,F1,0.6,FAN_DT_001,3.0,process-model-3.0.0-build3,6822,1,LIVE,SYNCHRONISED,AUTOMATIC,NORMAL,65,1950,1950,0,145,145,0.3,0.3,24.21027,38.26,1.028,1,0.0254,0,207.97,36.9781,0.00941,1,0.18,4.523,8.6159,100,HEALTHY,F0,0,0,healthy,0,0,0,,,,,26,0
2026-08-19T15:42:30.104Z,1787154150104,FAN_DT_001_F1_S06_R01_20260819T153243,1,586.901,RECOVERY,F1,0.6,FAN_DT_001,3.0,process-model-3.0.0-build3,6823,1,LIVE,SYNCHRONISED,AUTOMATIC,NORMAL,65,1950,1950,0,145,145,0.3,0.3,24.20757,38.25,1.028,1,0.0254,0,207.97,37.0371,0.00931,1,0.18,4.477,8.6296,100,HEALTHY,F0,0,0,healthy,0,0,0,,,,,26,0
2026-08-19T15:42:31.128Z,1787154151128,FAN_DT_001_F1_S06_R01_20260819T153243,1,587.925,RECOVERY,F1,0.6,FAN_DT_001,3.0,process-model-3.0.0-build3,6824,1,LIVE,SYNCHRONISED,AUTOMATIC,NORMAL,65,1950,1950,0,145,145,0.3,0.3,24.20527,38.24,1.028,1,0.0254,0,207.97,37.0965,0.00919,1,0.18,4.419,8.6435,100,HEALTHY,F0,0,0,healthy,0,0,0,,,,,26,0
2026-08-19T15:42:32.158Z,1787154152158,FAN_DT_001_F1_S06_R01_20260819T153243,1,588.955,RECOVERY,F1,0.6,FAN_DT_001,3.0,process-model-3.0.0-build3,6825,1,LIVE,SYNCHRONISED,AUTOMATIC,NORMAL,65,1950,1950,0,145,145,0.3,0.3,24.20339,38.23,1.028,1,0.0254,0,207.97,37.1556,0.00906,1,0.18,4.355,8.6572,100,HEALTHY,F0,0,0,healthy,0,0,0,,,,,26,0
2026-08-19T15:42:33.186Z,1787154153186,FAN_DT_001_F1_S06_R01_20260819T153243,1,589.983,RECOVERY,F1,0.6,FAN_DT_001,3.0,process-model-3.0.0-build3,6826,1,LIVE,SYNCHRONISED,AUTOMATIC,NORMAL,65,1950,1950,0,145,145,0.3,0.3,24.20192,38.22,1.028,1,0.0254,0,207.97,37.215,0.00893,1,0.18,4.294,8.6711,100,HEALTHY,F0,0,0,healthy,0,0,0,,,,,26,0
2026-08-19T15:42:34.215Z,1787154154215,FAN_DT_001_F1_S06_R01_20260819T153243,1,591.011,RECOVERY,F1,0.6,FAN_DT_001,3.0,process-model-3.0.0-build3,6827,1,LIVE,SYNCHRONISED,AUTOMATIC,NORMAL,65,1950,1950,0,145,145,0.3,0.3,24.20086,38.21,1.028,1,0.0254,0,207.97,37.2743,0.00878,1,0.18,4.224,8.6849,100,HEALTHY,F0,0,0,healthy,0,0,0,,,,,26,0
2026-08-19T15:42:35.244Z,1787154155244,FAN_DT_001_F1_S06_R01_20260819T153243,1,592.041,RECOVERY,F1,0.6,FAN_DT_001,3.0,process-model-3.0.0-build3,6828,1,LIVE,SYNCHRONISED,AUTOMATIC,NORMAL,65,1950,1950,0,145,145,0.3,0.3,24.20022,38.2,1.028,1,0.0254,0,207.97,37.3337,0.00866,1,0.18,4.164,8.6987,100,HEALTHY,F0,0,0,healthy,0,0,0,,,,,26,0
2026-08-19T15:42:36.272Z,1787154156272,FAN_DT_001_F1_S06_R01_20260819T153243,1,593.069,RECOVERY,F1,0.6,FAN_DT_001,3.0,process-model-3.0.0-build3,6829,1,LIVE,SYNCHRONISED,AUTOMATIC,NORMAL,65,1950,1950,0,145,145,0.3,0.3,24.2,38.19,1.028,1,0.0254,0,207.97,37.3932,0.0085,1,0.18,4.089,8.7126,100,HEALTHY,F0,0,0,healthy,0,0,0,,,,,26,0
2026-08-19T15:42:37.304Z,1787154157304,FAN_DT_001_F1_S06_R01_20260819T153243,1,594.102,RECOVERY,F1,0.6,FAN_DT_001,3.0,process-model-3.0.0-build3,6830,1,LIVE,SYNCHRONISED,AUTOMATIC,NORMAL,65,1950,1950,0,145,145,0.3,0.3,24.2002,38.19,1.028,1,0.0254,0,207.97,37.4524,0.00836,1,0.18,4.021,8.7264,100,HEALTHY,F0,0,0,healthy,0,0,0,,,,,26,0
2026-08-19T15:42:38.330Z,1787154158330,FAN_DT_001_F1_S06_R01_20260819T153243,1,595.127,RECOVERY,F1,0.6,FAN_DT_001,3.0,process-model-3.0.0-build3,6831,1,LIVE,SYNCHRONISED,AUTOMATIC,NORMAL,65,1950,1950,0,145,145,0.3,0.3,24.20081,38.18,1.028,1,0.0254,0,207.97,37.5119,0.00821,1,0.18,3.945,8.7403,100,HEALTHY,F0,0,0,healthy,0,0,0,,,,,26,0
2026-08-19T15:42:39.363Z,1787154159363,FAN_DT_001_F1_S06_R01_20260819T153243,1,596.16,RECOVERY,F1,0.6,FAN_DT_001,3.0,process-model-3.0.0-build3,6832,1,LIVE,SYNCHRONISED,AUTOMATIC,NORMAL,65,1950,1950,0,145,145,0.3,0.3,24.20184,38.17,1.028,1,0.0254,0,207.97,37.5711,0.00806,1,0.18,3.877,8.7541,100,HEALTHY,F0,0,0,healthy,0,0,0,,,,,26,0
2026-08-19T15:42:40.393Z,1787154160393,FAN_DT_001_F1_S06_R01_20260819T153243,1,597.19,RECOVERY,F1,0.6,FAN_DT_001,3.0,process-model-3.0.0-build3,6833,1,LIVE,SYNCHRONISED,AUTOMATIC,NORMAL,65,1950,1950,0,145,145,0.3,0.3,24.20328,38.16,1.028,1,0.0254,0,207.97,37.6305,0.0079,1,0.18,3.8,8.7679,100,HEALTHY,F0,0,0,healthy,0,0,0,,,,,26,0
2026-08-19T15:42:41.419Z,1787154161419,FAN_DT_001_F1_S06_R01_20260819T153243,1,598.216,RECOVERY,F1,0.6,FAN_DT_001,3.0,process-model-3.0.0-build3,6834,1,LIVE,SYNCHRONISED,AUTOMATIC,NORMAL,65,1950,1950,0,145,145,0.3,0.3,24.20515,38.15,1.028,1,0.0254,0,207.97,37.6901,0.00775,1,0.18,3.725,8.7818,100,HEALTHY,F0,0,0,healthy,0,0,0,,,,,26,0
2026-08-19T15:42:42.451Z,1787154162451,FAN_DT_001_F1_S06_R01_20260819T153243,1,599.248,RECOVERY,F1,0.6,FAN_DT_001,3.0,process-model-3.0.0-build3,6835,1,LIVE,SYNCHRONISED,AUTOMATIC,NORMAL,65,1950,1950,0,145,145,0.3,0.3,24.20742,38.15,1.028,1,0.0254,0,207.97,37.7493,0.00757,1,0.18,3.64,8.7956,100,HEALTHY,F0,0,0,healthy,0,0,0,,,,,26,0
