ts_iso,ts_ms,run_id,replicate,experiment_elapsed_s,experiment_phase,selected_fault_code,selected_fault_severity,asset_id,schema_version,model_version,sequence_id,sequence_gap,stream_status,synchronisation_status,control_mode,operating_mode,speed_command_pct,target_rpm,actual_rpm,speed_error_rpm,process_heat_load_w,effective_process_heat_load_w,mechanical_load,effective_mechanical_load,ambient_temperature_c,temperature_c,current_a,current_multiplier,vibration_g,vibration_offset_g,power_w,energy_wh,cooling_rate_c_per_s,cooling_efficiency,thermal_resistance_c_per_w,legacy_thermal_eff_index,co2_g,health_overall,health_status,embedded_fault_code,embedded_fault_class_id,embedded_fault_binary_label,embedded_fault_label,embedded_fault_severity,embedded_fault_active,anomaly,ai_fault_code,ai_fault_label,ai_confidence,ai_severity,accepted_commands,rejected_commands
2026-08-19T18:21:35.867Z,1787163695867,FAN_DT_001_F3_S06_R01_20260819T182135,1,0.117,BASELINE,F3,0.6,FAN_DT_001,3.0,process-model-3.0.0-build3,4788,1,LIVE,SYNCHRONISED,AUTOMATIC,NORMAL,65,1950,1950,0,145,145,0.3,0.3,24.92423,38.83,1.028,1,0.0254,0,207.97,34.9089,0.00711,1,0.18,3.42,8.1338,100,HEALTHY,F0,0,0,healthy,0,0,0,,,,,16,0
2026-08-19T18:21:36.902Z,1787163696902,FAN_DT_001_F3_S06_R01_20260819T182135,1,1.152,BASELINE,F3,0.6,FAN_DT_001,3.0,process-model-3.0.0-build3,4789,1,LIVE,SYNCHRONISED,AUTOMATIC,NORMAL,65,1950,1950,0,145,145,0.3,0.3,24.9425,38.83,1.028,1,0.0254,0,207.97,0.0596,0.00669,1,0.18,3.217,0.0139,100,HEALTHY,F0,0,0,healthy,0,0,0,,,,,17,0
2026-08-19T18:21:37.966Z,1787163697966,FAN_DT_001_F3_S06_R01_20260819T182135,1,2.216,BASELINE,F3,0.6,FAN_DT_001,3.0,process-model-3.0.0-build3,4790,1,LIVE,SYNCHRONISED,AUTOMATIC,NORMAL,65,1950,1950,0,145,145,0.3,0.3,24.96072,38.82,1.028,1,0.0254,0,207.97,0.1189,0.0063,1,0.18,3.029,0.0277,100,HEALTHY,F0,0,0,healthy,0,0,0,,,,,17,0
2026-08-19T18:21:38.963Z,1787163698963,FAN_DT_001_F3_S06_R01_20260819T182135,1,3.214,BASELINE,F3,0.6,FAN_DT_001,3.0,process-model-3.0.0-build3,4791,1,LIVE,SYNCHRONISED,AUTOMATIC,NORMAL,65,1950,1950,0,145,145,0.3,0.3,24.97893,38.82,1.028,1,0.0254,0,207.97,0.1781,0.00587,1,0.18,2.824,0.0415,100,HEALTHY,F0,0,0,healthy,0,0,0,,,,,17,0
2026-08-19T18:21:39.996Z,1787163699996,FAN_DT_001_F3_S06_R01_20260819T182135,1,4.246,BASELINE,F3,0.6,FAN_DT_001,3.0,process-model-3.0.0-build3,4792,1,LIVE,SYNCHRONISED,AUTOMATIC,NORMAL,65,1950,1950,0,145,145,0.3,0.3,24.99733,38.81,1.028,1,0.0254,0,207.97,0.2379,0.00548,1,0.18,2.634,0.0554,100,HEALTHY,F0,0,0,healthy,0,0,0,,,,,17,0
2026-08-19T18:21:41.021Z,1787163701021,FAN_DT_001_F3_S06_R01_20260819T182135,1,5.271,BASELINE,F3,0.6,FAN_DT_001,3.0,process-model-3.0.0-build3,4793,1,LIVE,SYNCHRONISED,AUTOMATIC,NORMAL,65,1950,1950,0,145,145,0.3,0.3,25.01557,38.8,1.028,1,0.0254,0,207.97,0.2972,0.0051,1,0.18,2.45,0.0692,100,HEALTHY,F0,0,0,healthy,0,0,0,,,,,17,0
2026-08-19T18:21:42.056Z,1787163702056,FAN_DT_001_F3_S06_R01_20260819T182135,1,6.306,BASELINE,F3,0.6,FAN_DT_001,3.0,process-model-3.0.0-build3,4794,1,LIVE,SYNCHRONISED,AUTOMATIC,NORMAL,65,1950,1950,0,145,145,0.3,0.3,25.03391,38.8,1.028,1,0.0254,0,207.97,0.3568,0.00472,1,0.18,2.268,0.0831,100,HEALTHY,F0,0,0,healthy,0,0,0,,,,,17,0
2026-08-19T18:21:43.087Z,1787163703087,FAN_DT_001_F3_S06_R01_20260819T182135,1,7.337,BASELINE,F3,0.6,FAN_DT_001,3.0,process-model-3.0.0-build3,4795,1,LIVE,SYNCHRONISED,AUTOMATIC,NORMAL,65,1950,1950,0,145,145,0.3,0.3,25.05212,38.79,1.028,1,0.0254,0,207.97,0.416,0.00434,1,0.18,2.084,0.0969,100,HEALTHY,F0,0,0,healthy,0,0,0,,,,,17,0
2026-08-19T18:21:44.117Z,1787163704117,FAN_DT_001_F3_S06_R01_20260819T182135,1,8.367,BASELINE,F3,0.6,FAN_DT_001,3.0,process-model-3.0.0-build3,4796,1,LIVE,SYNCHRONISED,AUTOMATIC,NORMAL,65,1950,1950,0,145,145,0.3,0.3,25.07038,38.79,1.028,1,0.0254,0,207.97,0.4755,0.00394,1,0.18,1.893,0.1108,100,HEALTHY,F0,0,0,healthy,0,0,0,,,,,17,0
2026-08-19T18:21:45.192Z,1787163705192,FAN_DT_001_F3_S06_R01_20260819T182135,1,9.442,BASELINE,F3,0.6,FAN_DT_001,3.0,process-model-3.0.0-build3,4797,1,LIVE,SYNCHRONISED,AUTOMATIC,NORMAL,65,1950,1950,0,145,145,0.3,0.3,25.08856,38.79,1.028,1,0.0254,0,207.97,0.5349,0.00358,1,0.18,1.721,0.1246,100,HEALTHY,F0,0,0,healthy,0,0,0,,,,,17,0
2026-08-19T18:21:46.176Z,1787163706176,FAN_DT_001_F3_S06_R01_20260819T182135,1,10.426,BASELINE,F3,0.6,FAN_DT_001,3.0,process-model-3.0.0-build3,4798,1,LIVE,SYNCHRONISED,AUTOMATIC,NORMAL,65,1950,1950,0,145,145,0.3,0.3,25.10665,38.78,1.028,1,0.0254,0,207.97,0.5941,0.00323,1,0.18,1.554,0.1384,100,HEALTHY,F0,0,0,healthy,0,0,0,,,,,17,0
2026-08-19T18:21:47.201Z,1787163707201,FAN_DT_001_F3_S06_R01_20260819T182135,1,11.451,BASELINE,F3,0.6,FAN_DT_001,3.0,process-model-3.0.0-build3,4799,1,LIVE,SYNCHRONISED,AUTOMATIC,NORMAL,65,1950,1950,0,145,145,0.3,0.3,25.12481,38.78,1.028,1,0.0254,0,207.97,0.6538,0.00288,1,0.18,1.383,0.1523,100,HEALTHY,F0,0,0,healthy,0,0,0,,,,,17,0
2026-08-19T18:21:48.252Z,1787163708252,FAN_DT_001_F3_S06_R01_20260819T182135,1,12.502,BASELINE,F3,0.6,FAN_DT_001,3.0,process-model-3.0.0-build3,4800,1,LIVE,SYNCHRONISED,AUTOMATIC,NORMAL,65,1950,1950,0,145,145,0.3,0.3,25.14275,38.78,1.028,1,0.0254,0,207.97,0.7129,0.00254,1,0.18,1.223,0.1661,100,HEALTHY,F0,0,0,healthy,0,0,0,,,,,17,0
2026-08-19T18:21:49.259Z,1787163709259,FAN_DT_001_F3_S06_R01_20260819T182135,1,13.509,BASELINE,F3,0.6,FAN_DT_001,3.0,process-model-3.0.0-build3,4801,1,LIVE,SYNCHRONISED,AUTOMATIC,NORMAL,65,1950,1950,0,145,145,0.3,0.3,25.16073,38.77,1.028,1,0.0254,0,207.97,0.7724,0.00218,1,0.18,1.048,0.18,100,HEALTHY,F0,0,0,healthy,0,0,0,,,,,17,0
2026-08-19T18:21:50.314Z,1787163710314,FAN_DT_001_F3_S06_R01_20260819T182135,1,14.564,BASELINE,F3,0.6,FAN_DT_001,3.0,process-model-3.0.0-build3,4802,1,LIVE,SYNCHRONISED,AUTOMATIC,NORMAL,65,1950,1950,0,145,145,0.3,0.3,25.17859,38.77,1.028,1,0.0254,0,207.97,0.8318,0.00188,1,0.18,0.903,0.1938,100,HEALTHY,F0,0,0,healthy,0,0,0,,,,,17,0
2026-08-19T18:21:51.336Z,1787163711336,FAN_DT_001_F3_S06_R01_20260819T182135,1,15.586,BASELINE,F3,0.6,FAN_DT_001,3.0,process-model-3.0.0-build3,4803,1,LIVE,SYNCHRONISED,AUTOMATIC,NORMAL,65,1950,1950,0,145,145,0.3,0.3,25.19644,38.77,1.028,1,0.0254,0,207.97,0.8915,0.00153,1,0.18,0.737,0.2077,100,HEALTHY,F0,0,0,healthy,0,0,0,,,,,17,0
2026-08-19T18:21:52.344Z,1787163712344,FAN_DT_001_F3_S06_R01_20260819T182135,1,16.594,BASELINE,F3,0.6,FAN_DT_001,3.0,process-model-3.0.0-build3,4804,1,LIVE,SYNCHRONISED,AUTOMATIC,NORMAL,65,1950,1950,0,145,145,0.3,0.3,25.21402,38.77,1.028,1,0.0254,0,207.97,0.9506,0.00122,1,0.18,0.587,0.2215,100,HEALTHY,F0,0,0,healthy,0,0,0,,,,,17,0
2026-08-19T18:21:53.373Z,1787163713373,FAN_DT_001_F3_S06_R01_20260819T182135,1,17.623,BASELINE,F3,0.6,FAN_DT_001,3.0,process-model-3.0.0-build3,4805,1,LIVE,SYNCHRONISED,AUTOMATIC,NORMAL,65,1950,1950,0,145,145,0.3,0.3,25.23145,38.77,1.028,1,0.0254,0,207.97,1.0096,0.00093,1,0.18,0.445,0.2352,100,HEALTHY,F0,0,0,healthy,0,0,0,,,,,17,0
2026-08-19T18:21:54.410Z,1787163714410,FAN_DT_001_F3_S06_R01_20260819T182135,1,18.66,BASELINE,F3,0.6,FAN_DT_001,3.0,process-model-3.0.0-build3,4806,1,LIVE,SYNCHRONISED,AUTOMATIC,NORMAL,65,1950,1950,0,145,145,0.3,0.3,25.24893,38.77,1.028,1,0.0254,0,207.97,1.0691,0.00061,1,0.18,0.291,0.2491,100,HEALTHY,F0,0,0,healthy,0,0,0,,,,,17,0
2026-08-19T18:21:55.456Z,1787163715456,FAN_DT_001_F3_S06_R01_20260819T182135,1,19.706,BASELINE,F3,0.6,FAN_DT_001,3.0,process-model-3.0.0-build3,4807,1,LIVE,SYNCHRONISED,AUTOMATIC,NORMAL,65,1950,1950,0,145,145,0.3,0.3,25.26622,38.77,1.028,1,0.0254,0,207.97,1.1284,0.00032,1,0.18,0.154,0.2629,100,HEALTHY,F0,0,0,healthy,0,0,0,,,,,17,0
2026-08-19T18:21:56.491Z,1787163716491,FAN_DT_001_F3_S06_R01_20260819T182135,1,20.76,BASELINE,F3,0.6,FAN_DT_001,3.0,process-model-3.0.0-build3,4808,1,LIVE,SYNCHRONISED,AUTOMATIC,NORMAL,65,1950,1950,0,145,145,0.3,0.3,25.28332,38.77,1.028,1,0.0254,0,207.97,1.1876,0.00003,1,0.18,0.014,0.2767,100,HEALTHY,F0,0,0,healthy,0,0,0,,,,,17,0
2026-08-19T18:21:57.485Z,1787163717485,FAN_DT_001_F3_S06_R01_20260819T182135,1,21.735,BASELINE,F3,0.6,FAN_DT_001,3.0,process-model-3.0.0-build3,4809,1,LIVE,SYNCHRONISED,AUTOMATIC,NORMAL,65,1950,1950,0,145,145,0.3,0.3,25.30034,38.77,1.028,1,0.0254,0,207.97,1.247,-0.00024,1,0.18,0.116,0.2905,100,HEALTHY,F0,0,0,healthy,0,0,0,,,,,17,0
2026-08-19T18:21:58.515Z,1787163718515,FAN_DT_001_F3_S06_R01_20260819T182135,1,22.765,BASELINE,F3,0.6,FAN_DT_001,3.0,process-model-3.0.0-build3,4810,1,LIVE,SYNCHRONISED,AUTOMATIC,NORMAL,65,1950,1950,0,145,145,0.3,0.3,25.31711,38.77,1.028,1,0.0254,0,207.97,1.3061,-0.00052,1,0.18,0.25,0.3043,100,HEALTHY,F0,0,0,healthy,0,0,0,,,,,17,0
2026-08-19T18:21:59.548Z,1787163719548,FAN_DT_001_F3_S06_R01_20260819T182135,1,23.798,BASELINE,F3,0.6,FAN_DT_001,3.0,process-model-3.0.0-build3,4811,1,LIVE,SYNCHRONISED,AUTOMATIC,NORMAL,65,1950,1950,0,145,145,0.3,0.3,25.33388,38.77,1.028,1,0.0254,0,207.97,1.3658,-0.00078,1,0.18,0.376,0.3182,100,HEALTHY,F0,0,0,healthy,0,0,0,,,,,17,0
2026-08-19T18:22:00.576Z,1787163720576,FAN_DT_001_F3_S06_R01_20260819T182135,1,24.826,BASELINE,F3,0.6,FAN_DT_001,3.0,process-model-3.0.0-build3,4812,1,LIVE,SYNCHRONISED,AUTOMATIC,NORMAL,65,1950,1950,0,145,145,0.3,0.3,25.35044,38.77,1.028,1,0.0254,0,207.97,1.4253,-0.00105,1,0.18,0.505,0.3321,100,HEALTHY,F0,0,0,healthy,0,0,0,,,,,17,0
2026-08-19T18:22:01.631Z,1787163721631,FAN_DT_001_F3_S06_R01_20260819T182135,1,25.88,BASELINE,F3,0.6,FAN_DT_001,3.0,process-model-3.0.0-build3,4813,1,LIVE,SYNCHRONISED,AUTOMATIC,NORMAL,65,1950,1950,0,145,145,0.3,0.3,25.36671,38.77,1.028,1,0.0254,0,207.97,1.4844,-0.00128,1,0.18,0.616,0.3459,100,HEALTHY,F0,0,0,healthy,0,0,0,,,,,17,0
2026-08-19T18:22:02.690Z,1787163722690,FAN_DT_001_F3_S06_R01_20260819T182135,1,26.94,BASELINE,F3,0.6,FAN_DT_001,3.0,process-model-3.0.0-build3,4814,1,LIVE,SYNCHRONISED,AUTOMATIC,NORMAL,65,1950,1950,0,145,145,0.3,0.3,25.38287,38.77,1.028,1,0.0254,0,207.97,1.5439,-0.00153,1,0.18,0.734,0.3597,100,HEALTHY,F0,0,0,healthy,0,0,0,,,,,17,0
2026-08-19T18:22:03.663Z,1787163723663,FAN_DT_001_F3_S06_R01_20260819T182135,1,27.913,BASELINE,F3,0.6,FAN_DT_001,3.0,process-model-3.0.0-build3,4815,1,LIVE,SYNCHRONISED,AUTOMATIC,NORMAL,65,1950,1950,0,145,145,0.3,0.3,25.39879,38.77,1.028,1,0.0254,0,207.97,1.6032,-0.00176,1,0.18,0.848,0.3735,100,HEALTHY,F0,0,0,healthy,0,0,0,,,,,17,0
2026-08-19T18:22:04.689Z,1787163724689,FAN_DT_001_F3_S06_R01_20260819T182135,1,28.94,BASELINE,F3,0.6,FAN_DT_001,3.0,process-model-3.0.0-build3,4816,1,LIVE,SYNCHRONISED,AUTOMATIC,NORMAL,65,1950,1950,0,145,145,0.3,0.3,25.41451,38.78,1.028,1,0.0254,0,207.97,1.6625,-0.002,1,0.18,0.961,0.3874,100,HEALTHY,F0,0,0,healthy,0,0,0,,,,,17,0
2026-08-19T18:22:05.791Z,1787163725791,FAN_DT_001_F3_S06_R01_20260819T182135,1,30.041,BASELINE,F3,0.6,FAN_DT_001,3.0,process-model-3.0.0-build3,4817,1,LIVE,SYNCHRONISED,AUTOMATIC,NORMAL,65,1950,1950,0,145,145,0.3,0.3,25.43001,38.78,1.028,1,0.0254,0,207.97,1.7218,-0.00222,1,0.18,1.07,0.4012,100,HEALTHY,F0,0,0,healthy,0,0,0,,,,,17,0
2026-08-19T18:22:06.763Z,1787163726763,FAN_DT_001_F3_S06_R01_20260819T182135,1,31.013,BASELINE,F3,0.6,FAN_DT_001,3.0,process-model-3.0.0-build3,4818,1,LIVE,SYNCHRONISED,AUTOMATIC,NORMAL,65,1950,1950,0,145,145,0.3,0.3,25.44535,38.78,1.028,1,0.0254,0,207.97,1.7813,-0.00243,1,0.18,1.166,0.4151,100,HEALTHY,F0,0,0,healthy,0,0,0,,,,,17,0
2026-08-19T18:22:07.787Z,1787163727787,FAN_DT_001_F3_S06_R01_20260819T182135,1,32.037,BASELINE,F3,0.6,FAN_DT_001,3.0,process-model-3.0.0-build3,4819,1,LIVE,SYNCHRONISED,AUTOMATIC,NORMAL,65,1950,1950,0,145,145,0.3,0.3,25.46046,38.78,1.028,1,0.0254,0,207.97,1.8409,-0.00263,1,0.18,1.267,0.4289,100,HEALTHY,F0,0,0,healthy,0,0,0,,,,,17,0
2026-08-19T18:22:08.821Z,1787163728821,FAN_DT_001_F3_S06_R01_20260819T182135,1,33.071,BASELINE,F3,0.6,FAN_DT_001,3.0,process-model-3.0.0-build3,4820,1,LIVE,SYNCHRONISED,AUTOMATIC,NORMAL,65,1950,1950,0,145,145,0.3,0.3,25.47531,38.79,1.028,1,0.0254,0,207.97,1.9004,-0.00283,1,0.18,1.362,0.4428,100,HEALTHY,F0,0,0,healthy,0,0,0,,,,,17,0
2026-08-19T18:22:09.872Z,1787163729872,FAN_DT_001_F3_S06_R01_20260819T182135,1,34.122,BASELINE,F3,0.6,FAN_DT_001,3.0,process-model-3.0.0-build3,4821,1,LIVE,SYNCHRONISED,AUTOMATIC,NORMAL,65,1950,1950,0,145,145,0.3,0.3,25.48998,38.79,1.028,1,0.0254,0,207.97,1.9602,-0.00303,1,0.18,1.456,0.4567,100,HEALTHY,F0,0,0,healthy,0,0,0,,,,,17,0
2026-08-19T18:22:10.921Z,1787163730921,FAN_DT_001_F3_S06_R01_20260819T182135,1,35.171,BASELINE,F3,0.6,FAN_DT_001,3.0,process-model-3.0.0-build3,4822,1,LIVE,SYNCHRONISED,AUTOMATIC,NORMAL,65,1950,1950,0,145,145,0.3,0.3,25.50432,38.79,1.028,1,0.0254,0,207.97,2.0196,-0.0032,1,0.18,1.54,0.4706,100,HEALTHY,F0,0,0,healthy,0,0,0,,,,,17,0
2026-08-19T18:22:11.912Z,1787163731912,FAN_DT_001_F3_S06_R01_20260819T182135,1,36.162,BASELINE,F3,0.6,FAN_DT_001,3.0,process-model-3.0.0-build3,4823,1,LIVE,SYNCHRONISED,AUTOMATIC,NORMAL,65,1950,1950,0,145,145,0.3,0.3,25.51832,38.8,1.028,1,0.0254,0,207.97,2.0788,-0.0034,1,0.18,1.633,0.4844,100,HEALTHY,F0,0,0,healthy,0,0,0,,,,,17,0
2026-08-19T18:22:12.938Z,1787163732938,FAN_DT_001_F3_S06_R01_20260819T182135,1,37.188,BASELINE,F3,0.6,FAN_DT_001,3.0,process-model-3.0.0-build3,4824,1,LIVE,SYNCHRONISED,AUTOMATIC,NORMAL,65,1950,1950,0,145,145,0.3,0.3,25.53211,38.8,1.028,1,0.0254,0,207.97,2.1382,-0.00354,1,0.18,1.704,0.4982,100,HEALTHY,F0,0,0,healthy,0,0,0,,,,,17,0
2026-08-19T18:22:13.970Z,1787163733970,FAN_DT_001_F3_S06_R01_20260819T182135,1,38.22,BASELINE,F3,0.6,FAN_DT_001,3.0,process-model-3.0.0-build3,4825,1,LIVE,SYNCHRONISED,AUTOMATIC,NORMAL,65,1950,1950,0,145,145,0.3,0.3,25.54557,38.8,1.028,1,0.0254,0,207.97,2.1974,-0.00373,1,0.18,1.792,0.512,100,HEALTHY,F0,0,0,healthy,0,0,0,,,,,17,0
2026-08-19T18:22:14.993Z,1787163734993,FAN_DT_001_F3_S06_R01_20260819T182135,1,39.243,BASELINE,F3,0.6,FAN_DT_001,3.0,process-model-3.0.0-build3,4826,1,LIVE,SYNCHRONISED,AUTOMATIC,NORMAL,65,1950,1950,0,145,145,0.3,0.3,25.55881,38.81,1.028,1,0.0254,0,207.97,2.2568,-0.00387,1,0.18,1.863,0.5258,100,HEALTHY,F0,0,0,healthy,0,0,0,,,,,17,0
2026-08-19T18:22:16.023Z,1787163736023,FAN_DT_001_F3_S06_R01_20260819T182135,1,40.273,BASELINE,F3,0.6,FAN_DT_001,3.0,process-model-3.0.0-build3,4827,1,LIVE,SYNCHRONISED,AUTOMATIC,NORMAL,65,1950,1950,0,145,145,0.3,0.3,25.57169,38.81,1.028,1,0.0254,0,207.97,2.316,-0.00402,1,0.18,1.932,0.5396,100,HEALTHY,F0,0,0,healthy,0,0,0,,,,,17,0
2026-08-19T18:22:17.112Z,1787163737112,FAN_DT_001_F3_S06_R01_20260819T182135,1,41.362,BASELINE,F3,0.6,FAN_DT_001,3.0,process-model-3.0.0-build3,4828,1,LIVE,SYNCHRONISED,AUTOMATIC,NORMAL,65,1950,1950,0,145,145,0.3,0.3,25.58435,38.81,1.028,1,0.0254,0,207.97,2.3755,-0.00415,1,0.18,1.995,0.5535,100,HEALTHY,F0,0,0,healthy,0,0,0,,,,,17,0
2026-08-19T18:22:18.091Z,1787163738091,FAN_DT_001_F3_S06_R01_20260819T182135,1,42.341,BASELINE,F3,0.6,FAN_DT_001,3.0,process-model-3.0.0-build3,4829,1,LIVE,SYNCHRONISED,AUTOMATIC,NORMAL,65,1950,1950,0,145,145,0.3,0.3,25.59666,38.82,1.028,1,0.0254,0,207.97,2.4348,-0.00428,1,0.18,2.059,0.5673,100,HEALTHY,F0,0,0,healthy,0,0,0,,,,,17,0
2026-08-19T18:22:19.110Z,1787163739110,FAN_DT_001_F3_S06_R01_20260819T182135,1,43.36,BASELINE,F3,0.6,FAN_DT_001,3.0,process-model-3.0.0-build3,4830,1,LIVE,SYNCHRONISED,AUTOMATIC,NORMAL,65,1950,1950,0,145,145,0.3,0.3,25.60863,38.82,1.028,1,0.0254,0,207.97,2.494,-0.00441,1,0.18,2.121,0.5811,100,HEALTHY,F0,0,0,healthy,0,0,0,,,,,17,0
2026-08-19T18:22:20.134Z,1787163740134,FAN_DT_001_F3_S06_R01_20260819T182135,1,44.385,BASELINE,F3,0.6,FAN_DT_001,3.0,process-model-3.0.0-build3,4831,1,LIVE,SYNCHRONISED,AUTOMATIC,NORMAL,65,1950,1950,0,145,145,0.3,0.3,25.62035,38.83,1.028,1,0.0254,0,207.97,2.5534,-0.00455,1,0.18,2.186,0.5949,100,HEALTHY,F0,0,0,healthy,0,0,0,,,,,17,0
2026-08-19T18:22:21.170Z,1787163741170,FAN_DT_001_F3_S06_R01_20260819T182135,1,45.42,BASELINE,F3,0.6,FAN_DT_001,3.0,process-model-3.0.0-build3,4832,1,LIVE,SYNCHRONISED,AUTOMATIC,NORMAL,65,1950,1950,0,145,145,0.3,0.3,25.6317,38.83,1.028,1,0.0254,0,207.97,2.6127,-0.00465,1,0.18,2.237,0.6088,100,HEALTHY,F0,0,0,healthy,0,0,0,,,,,17,0
2026-08-19T18:22:22.192Z,1787163742192,FAN_DT_001_F3_S06_R01_20260819T182135,1,46.442,BASELINE,F3,0.6,FAN_DT_001,3.0,process-model-3.0.0-build3,4833,1,LIVE,SYNCHRONISED,AUTOMATIC,NORMAL,65,1950,1950,0,145,145,0.3,0.3,25.64273,38.84,1.028,1,0.0254,0,207.97,2.672,-0.00475,1,0.18,2.285,0.6226,100,HEALTHY,F0,0,0,healthy,0,0,0,,,,,17,0
2026-08-19T18:22:23.250Z,1787163743250,FAN_DT_001_F3_S06_R01_20260819T182135,1,47.5,BASELINE,F3,0.6,FAN_DT_001,3.0,process-model-3.0.0-build3,4834,1,LIVE,SYNCHRONISED,AUTOMATIC,NORMAL,65,1950,1950,0,145,145,0.3,0.3,25.65342,38.84,1.028,1,0.0254,0,207.97,2.7312,-0.00485,1,0.18,2.335,0.6364,100,HEALTHY,F0,0,0,healthy,0,0,0,,,,,17,0
2026-08-19T18:22:24.279Z,1787163744279,FAN_DT_001_F3_S06_R01_20260819T182135,1,48.529,BASELINE,F3,0.6,FAN_DT_001,3.0,process-model-3.0.0-build3,4835,1,LIVE,SYNCHRONISED,AUTOMATIC,NORMAL,65,1950,1950,0,145,145,0.3,0.3,25.66376,38.85,1.028,1,0.0254,0,207.97,2.7904,-0.00492,1,0.18,2.364,0.6502,100,HEALTHY,F0,0,0,healthy,0,0,0,,,,,17,0
2026-08-19T18:22:25.272Z,1787163745272,FAN_DT_001_F3_S06_R01_20260819T182135,1,49.523,BASELINE,F3,0.6,FAN_DT_001,3.0,process-model-3.0.0-build3,4836,1,LIVE,SYNCHRONISED,AUTOMATIC,NORMAL,65,1950,1950,0,145,145,0.3,0.3,25.67378,38.85,1.028,1,0.0254,0,207.97,2.8498,-0.00503,1,0.18,2.417,0.664,100,HEALTHY,F0,0,0,healthy,0,0,0,,,,,17,0
2026-08-19T18:22:26.303Z,1787163746303,FAN_DT_001_F3_S06_R01_20260819T182135,1,50.553,BASELINE,F3,0.6,FAN_DT_001,3.0,process-model-3.0.0-build3,4837,1,LIVE,SYNCHRONISED,AUTOMATIC,NORMAL,65,1950,1950,0,145,145,0.3,0.3,25.68343,38.86,1.028,1,0.0254,0,207.97,2.909,-0.00509,1,0.18,2.446,0.6778,100,HEALTHY,F0,0,0,healthy,0,0,0,,,,,17,0
2026-08-19T18:22:27.340Z,1787163747340,FAN_DT_001_F3_S06_R01_20260819T182135,1,51.59,BASELINE,F3,0.6,FAN_DT_001,3.0,process-model-3.0.0-build3,4838,1,LIVE,SYNCHRONISED,AUTOMATIC,NORMAL,65,1950,1950,0,145,145,0.3,0.3,25.69276,38.86,1.028,1,0.0254,0,207.97,2.9684,-0.00517,1,0.18,2.484,0.6916,100,HEALTHY,F0,0,0,healthy,0,0,0,,,,,17,0
2026-08-19T18:22:28.363Z,1787163748363,FAN_DT_001_F3_S06_R01_20260819T182135,1,52.613,BASELINE,F3,0.6,FAN_DT_001,3.0,process-model-3.0.0-build3,4839,1,LIVE,SYNCHRONISED,AUTOMATIC,NORMAL,65,1950,1950,0,145,145,0.3,0.3,25.70172,38.87,1.028,1,0.0254,0,207.97,3.0278,-0.00523,1,0.18,2.513,0.7055,100,HEALTHY,F0,0,0,healthy,0,0,0,,,,,17,0
2026-08-19T18:22:29.413Z,1787163749413,FAN_DT_001_F3_S06_R01_20260819T182135,1,53.663,BASELINE,F3,0.6,FAN_DT_001,3.0,process-model-3.0.0-build3,4840,1,LIVE,SYNCHRONISED,AUTOMATIC,NORMAL,65,1950,1950,0,145,145,0.3,0.3,25.71028,38.87,1.028,1,0.0254,0,207.97,3.087,-0.00527,1,0.18,2.535,0.7193,100,HEALTHY,F0,0,0,healthy,0,0,0,,,,,17,0
2026-08-19T18:22:30.425Z,1787163750425,FAN_DT_001_F3_S06_R01_20260819T182135,1,54.675,BASELINE,F3,0.6,FAN_DT_001,3.0,process-model-3.0.0-build3,4841,1,LIVE,SYNCHRONISED,AUTOMATIC,NORMAL,65,1950,1950,0,145,145,0.3,0.3,25.71855,38.88,1.028,1,0.0254,0,207.97,3.1468,-0.00532,1,0.18,2.557,0.7332,100,HEALTHY,F0,0,0,healthy,0,0,0,,,,,17,0
2026-08-19T18:22:31.453Z,1787163751453,FAN_DT_001_F3_S06_R01_20260819T182135,1,55.703,BASELINE,F3,0.6,FAN_DT_001,3.0,process-model-3.0.0-build3,4842,1,LIVE,SYNCHRONISED,AUTOMATIC,NORMAL,65,1950,1950,0,145,145,0.3,0.3,25.72637,38.89,1.028,1,0.0254,0,207.97,3.2059,-0.00535,1,0.18,2.571,0.747,100,HEALTHY,F0,0,0,healthy,0,0,0,,,,,17,0
2026-08-19T18:22:32.488Z,1787163752488,FAN_DT_001_F3_S06_R01_20260819T182135,1,56.738,BASELINE,F3,0.6,FAN_DT_001,3.0,process-model-3.0.0-build3,4843,1,LIVE,SYNCHRONISED,AUTOMATIC,NORMAL,65,1950,1950,0,145,145,0.3,0.3,25.73385,38.89,1.028,1,0.0254,0,207.97,3.2654,-0.00538,1,0.18,2.586,0.7608,100,HEALTHY,F0,0,0,healthy,0,0,0,,,,,17,0
2026-08-19T18:22:33.544Z,1787163753544,FAN_DT_001_F3_S06_R01_20260819T182135,1,57.794,BASELINE,F3,0.6,FAN_DT_001,3.0,process-model-3.0.0-build3,4844,1,LIVE,SYNCHRONISED,AUTOMATIC,NORMAL,65,1950,1950,0,145,145,0.3,0.3,25.74094,38.9,1.028,1,0.0254,0,207.97,3.3249,-0.00541,1,0.18,2.6,0.7747,100,HEALTHY,F0,0,0,healthy,0,0,0,,,,,17,0
2026-08-19T18:22:34.539Z,1787163754539,FAN_DT_001_F3_S06_R01_20260819T182135,1,58.789,BASELINE,F3,0.6,FAN_DT_001,3.0,process-model-3.0.0-build3,4845,1,LIVE,SYNCHRONISED,AUTOMATIC,NORMAL,65,1950,1950,0,145,145,0.3,0.3,25.74762,38.9,1.028,1,0.0254,0,207.97,3.3841,-0.00543,1,0.18,2.612,0.7885,100,HEALTHY,F0,0,0,healthy,0,0,0,,,,,17,0
2026-08-19T18:22:35.579Z,1787163755579,FAN_DT_001_F3_S06_R01_20260819T182135,1,59.829,BASELINE,F3,0.6,FAN_DT_001,3.0,process-model-3.0.0-build3,4846,1,LIVE,SYNCHRONISED,AUTOMATIC,NORMAL,65,1950,1950,0,145,145,0.3,0.3,25.75394,38.91,1.028,1,0.0254,0,207.97,3.4435,-0.00544,1,0.18,2.616,0.8023,100,HEALTHY,F0,0,0,healthy,0,0,0,,,,,17,0
2026-08-19T18:22:36.636Z,1787163756636,FAN_DT_001_F3_S06_R01_20260819T182135,1,60.886,FAULT_ACTIVE,F3,0.6,FAN_DT_001,3.0,process-model-3.0.0-build3,4847,1,LIVE,SYNCHRONISED,AUTOMATIC,NORMAL,65,1950,1950,0,145,145,0.3,0.3,25.75989,38.97,1.028,1,0.0254,0,207.97,3.5033,-0.0931,0.61,0.3096,44.765,0.8163,61,CRITICAL,F3,3,1,cooling_degradation,0.6,1,1,,,,,18,0
2026-08-19T18:22:37.635Z,1787163757635,FAN_DT_001_F3_S06_R01_20260819T182135,1,61.885,FAULT_ACTIVE,F3,0.6,FAN_DT_001,3.0,process-model-3.0.0-build3,4848,1,LIVE,SYNCHRONISED,AUTOMATIC,NORMAL,65,1950,1950,0,145,145,0.3,0.3,25.76541,39.07,1.028,1,0.0254,0,207.97,3.5627,-0.0922,0.61,0.3096,44.336,0.8301,61,CRITICAL,F3,3,1,cooling_degradation,0.6,1,1,,,,,18,0
2026-08-19T18:22:38.674Z,1787163758674,FAN_DT_001_F3_S06_R01_20260819T182135,1,62.924,FAULT_ACTIVE,F3,0.6,FAN_DT_001,3.0,process-model-3.0.0-build3,4849,1,LIVE,SYNCHRONISED,AUTOMATIC,NORMAL,65,1950,1950,0,145,145,0.3,0.3,25.77053,39.16,1.028,1,0.0254,0,207.97,3.6222,-0.09132,0.61,0.3096,43.912,0.844,61,CRITICAL,F3,3,1,cooling_degradation,0.6,1,1,,,,,18,0
2026-08-19T18:22:39.709Z,1787163759709,FAN_DT_001_F3_S06_R01_20260819T182135,1,63.959,FAULT_ACTIVE,F3,0.6,FAN_DT_001,3.0,process-model-3.0.0-build3,4850,1,LIVE,SYNCHRONISED,AUTOMATIC,NORMAL,65,1950,1950,0,145,145,0.3,0.3,25.77527,39.25,1.028,1,0.0254,0,207.97,3.6819,-0.09043,0.61,0.3096,43.485,0.8579,61,CRITICAL,F3,3,1,cooling_degradation,0.6,1,1,,,,,18,0
2026-08-19T18:22:40.760Z,1787163760760,FAN_DT_001_F3_S06_R01_20260819T182135,1,65.01,FAULT_ACTIVE,F3,0.6,FAN_DT_001,3.0,process-model-3.0.0-build3,4851,1,LIVE,SYNCHRONISED,AUTOMATIC,NORMAL,65,1950,1950,0,145,145,0.3,0.3,25.77959,39.35,1.028,1,0.0254,0,207.97,3.7415,-0.08955,0.61,0.3096,43.062,0.8718,61,CRITICAL,F3,3,1,cooling_degradation,0.6,1,1,,,,,18,0
2026-08-19T18:22:41.783Z,1787163761783,FAN_DT_001_F3_S06_R01_20260819T182135,1,66.033,FAULT_ACTIVE,F3,0.6,FAN_DT_001,3.0,process-model-3.0.0-build3,4852,1,LIVE,SYNCHRONISED,AUTOMATIC,NORMAL,65,1950,1950,0,145,145,0.3,0.3,25.7835,39.44,1.028,1,0.0254,0,207.97,3.801,-0.08869,0.61,0.3096,42.647,0.8856,61,CRITICAL,F3,3,1,cooling_degradation,0.6,1,1,,,,,18,0
2026-08-19T18:22:42.826Z,1787163762826,FAN_DT_001_F3_S06_R01_20260819T182135,1,67.076,FAULT_ACTIVE,F3,0.6,FAN_DT_001,3.0,process-model-3.0.0-build3,4853,1,LIVE,SYNCHRONISED,AUTOMATIC,NORMAL,65,1950,1950,0,145,145,0.3,0.3,25.787,39.53,1.028,1,0.0254,0,207.97,3.8607,-0.08783,0.61,0.3096,42.232,0.8995,61,CRITICAL,F3,3,1,cooling_degradation,0.6,1,1,,,,,18,0
2026-08-19T18:22:43.863Z,1787163763863,FAN_DT_001_F3_S06_R01_20260819T182135,1,68.113,FAULT_ACTIVE,F3,0.6,FAN_DT_001,3.0,process-model-3.0.0-build3,4854,1,LIVE,SYNCHRONISED,AUTOMATIC,NORMAL,65,1950,1950,0,145,145,0.3,0.3,25.7901,39.62,1.028,1,0.0254,0,207.97,3.9205,-0.08697,0.61,0.3096,41.819,0.9135,61,CRITICAL,F3,3,1,cooling_degradation,0.6,1,1,,,,,18,0
2026-08-19T18:22:44.951Z,1787163764951,FAN_DT_001_F3_S06_R01_20260819T182135,1,69.201,FAULT_ACTIVE,F3,0.6,FAN_DT_001,3.0,process-model-3.0.0-build3,4855,1,LIVE,SYNCHRONISED,AUTOMATIC,NORMAL,65,1950,1950,0,145,145,0.3,0.3,25.79276,39.71,1.028,1,0.0254,0,207.97,3.9801,-0.08612,0.61,0.3096,41.411,0.9274,61,CRITICAL,F3,3,1,cooling_degradation,0.6,1,1,,,,,18,0
2026-08-19T18:22:45.932Z,1787163765932,FAN_DT_001_F3_S06_R01_20260819T182135,1,70.182,FAULT_ACTIVE,F3,0.6,FAN_DT_001,3.0,process-model-3.0.0-build3,4856,1,LIVE,SYNCHRONISED,AUTOMATIC,NORMAL,65,1950,1950,0,145,145,0.3,0.3,25.79502,39.8,1.028,1,0.0254,0,207.97,4.0397,-0.08525,0.61,0.3096,40.995,0.9413,61,CRITICAL,F3,3,1,cooling_degradation,0.6,1,1,,,,,18,0
2026-08-19T18:22:46.940Z,1787163766940,FAN_DT_001_F3_S06_R01_20260819T182135,1,71.19,FAULT_ACTIVE,F3,0.6,FAN_DT_001,3.0,process-model-3.0.0-build3,4857,1,LIVE,SYNCHRONISED,AUTOMATIC,NORMAL,65,1950,1950,0,145,145,0.3,0.3,25.79685,39.89,1.028,1,0.0254,0,207.97,4.0994,-0.08443,0.61,0.3096,40.598,0.9552,61,CRITICAL,F3,3,1,cooling_degradation,0.6,1,1,,,,,18,0
2026-08-19T18:22:47.981Z,1787163767981,FAN_DT_001_F3_S06_R01_20260819T182135,1,72.231,FAULT_ACTIVE,F3,0.6,FAN_DT_001,3.0,process-model-3.0.0-build3,4858,1,LIVE,SYNCHRONISED,AUTOMATIC,NORMAL,65,1950,1950,0,145,145,0.3,0.3,25.79827,39.97,1.028,1,0.0254,0,207.97,4.1588,-0.08357,0.61,0.3096,40.186,0.969,61,CRITICAL,F3,3,1,cooling_degradation,0.6,1,1,,,,,18,0
2026-08-19T18:22:49.010Z,1787163769010,FAN_DT_001_F3_S06_R01_20260819T182135,1,73.261,FAULT_ACTIVE,F3,0.6,FAN_DT_001,3.0,process-model-3.0.0-build3,4859,1,LIVE,SYNCHRONISED,AUTOMATIC,NORMAL,65,1950,1950,0,145,145,0.3,0.3,25.79927,40.06,1.028,1,0.0254,0,207.97,4.2186,-0.08274,0.61,0.3096,39.787,0.9829,61,CRITICAL,F3,3,1,cooling_degradation,0.6,1,1,,,,,18,0
2026-08-19T18:22:50.049Z,1787163770049,FAN_DT_001_F3_S06_R01_20260819T182135,1,74.3,FAULT_ACTIVE,F3,0.6,FAN_DT_001,3.0,process-model-3.0.0-build3,4860,1,LIVE,SYNCHRONISED,AUTOMATIC,NORMAL,65,1950,1950,0,145,145,0.3,0.3,25.79984,40.14,1.028,1,0.0254,0,207.97,4.2782,-0.08191,0.61,0.3096,39.388,0.9968,61,CRITICAL,F3,3,1,cooling_degradation,0.6,1,1,,,,,18,0
2026-08-19T18:22:51.074Z,1787163771074,FAN_DT_001_F3_S06_R01_20260819T182135,1,75.324,FAULT_ACTIVE,F3,0.6,FAN_DT_001,3.0,process-model-3.0.0-build3,4861,1,LIVE,SYNCHRONISED,AUTOMATIC,NORMAL,65,1950,1950,0,145,145,0.3,0.3,25.8,40.23,1.028,1,0.0254,0,207.97,4.3376,-0.08108,0.61,0.3096,38.986,1.0107,61,CRITICAL,F3,3,1,cooling_degradation,0.6,1,1,,,,,18,0
2026-08-19T18:22:52.102Z,1787163772102,FAN_DT_001_F3_S06_R01_20260819T182135,1,76.352,FAULT_ACTIVE,F3,0.6,FAN_DT_001,3.0,process-model-3.0.0-build3,4862,1,LIVE,SYNCHRONISED,AUTOMATIC,NORMAL,65,1950,1950,0,145,145,0.3,0.3,25.79973,40.31,1.028,1,0.0254,0,207.97,4.397,-0.08026,0.61,0.3096,38.593,1.0245,61,CRITICAL,F3,3,1,cooling_degradation,0.6,1,1,,,,,18,0
2026-08-19T18:22:53.134Z,1787163773134,FAN_DT_001_F3_S06_R01_20260819T182135,1,77.385,FAULT_ACTIVE,F3,0.6,FAN_DT_001,3.0,process-model-3.0.0-build3,4863,1,LIVE,SYNCHRONISED,AUTOMATIC,NORMAL,65,1950,1950,0,145,145,0.3,0.3,25.79905,40.39,1.028,1,0.0254,0,207.97,4.4567,-0.07944,0.61,0.3096,38.2,1.0384,61,CRITICAL,F3,3,1,cooling_degradation,0.6,1,1,,,,,18,0
2026-08-19T18:22:54.174Z,1787163774174,FAN_DT_001_F3_S06_R01_20260819T182135,1,78.424,FAULT_ACTIVE,F3,0.6,FAN_DT_001,3.0,process-model-3.0.0-build3,4864,1,LIVE,SYNCHRONISED,AUTOMATIC,NORMAL,65,1950,1950,0,145,145,0.3,0.3,25.79795,40.47,1.028,1,0.0254,0,207.97,4.5161,-0.07863,0.61,0.3096,37.809,1.0523,61,CRITICAL,F3,3,1,cooling_degradation,0.6,1,1,,,,,18,0
2026-08-19T18:22:55.211Z,1787163775211,FAN_DT_001_F3_S06_R01_20260819T182135,1,79.461,FAULT_ACTIVE,F3,0.6,FAN_DT_001,3.0,process-model-3.0.0-build3,4865,1,LIVE,SYNCHRONISED,AUTOMATIC,NORMAL,65,1950,1950,0,145,145,0.3,0.3,25.79642,40.55,1.028,1,0.0254,0,207.97,4.5758,-0.07781,0.61,0.3096,37.414,1.0662,61,CRITICAL,F3,3,1,cooling_degradation,0.6,1,1,,,,,18,0
2026-08-19T18:22:56.236Z,1787163776236,FAN_DT_001_F3_S06_R01_20260819T182135,1,80.486,FAULT_ACTIVE,F3,0.6,FAN_DT_001,3.0,process-model-3.0.0-build3,4866,1,LIVE,SYNCHRONISED,AUTOMATIC,NORMAL,65,1950,1950,0,145,145,0.3,0.3,25.79449,40.63,1.028,1,0.0254,0,207.97,4.6354,-0.07702,0.61,0.3096,37.033,1.08,61,CRITICAL,F3,3,1,cooling_degradation,0.6,1,1,,,,,18,0
2026-08-19T18:22:57.324Z,1787163777324,FAN_DT_001_F3_S06_R01_20260819T182135,1,81.574,FAULT_ACTIVE,F3,0.6,FAN_DT_001,3.0,process-model-3.0.0-build3,4867,1,LIVE,SYNCHRONISED,AUTOMATIC,NORMAL,65,1950,1950,0,145,145,0.3,0.3,25.79213,40.71,1.028,1,0.0254,0,207.97,4.6949,-0.0762,0.61,0.3096,36.643,1.0939,61,CRITICAL,F3,3,1,cooling_degradation,0.6,1,1,,,,,18,0
2026-08-19T18:22:58.338Z,1787163778338,FAN_DT_001_F3_S06_R01_20260819T182135,1,82.588,FAULT_ACTIVE,F3,0.6,FAN_DT_001,3.0,process-model-3.0.0-build3,4868,1,LIVE,SYNCHRONISED,AUTOMATIC,NORMAL,65,1950,1950,0,145,145,0.3,0.3,25.78934,40.79,1.028,1,0.0254,0,207.97,4.7549,-0.0754,0.61,0.3096,36.256,1.1079,61,CRITICAL,F3,3,1,cooling_degradation,0.6,1,1,,,,,18,0
2026-08-19T18:22:59.368Z,1787163779368,FAN_DT_001_F3_S06_R01_20260819T182135,1,83.618,FAULT_ACTIVE,F3,0.6,FAN_DT_001,3.0,process-model-3.0.0-build3,4869,1,LIVE,SYNCHRONISED,AUTOMATIC,NORMAL,65,1950,1950,0,145,145,0.3,0.3,25.78617,40.87,1.028,1,0.0254,0,207.97,4.8141,-0.07463,0.61,0.3096,35.888,1.1217,61,CRITICAL,F3,3,1,cooling_degradation,0.6,1,1,,,,,18,0
2026-08-19T18:23:00.371Z,1787163780371,FAN_DT_001_F3_S06_R01_20260819T182135,1,84.621,FAULT_ACTIVE,F3,0.6,FAN_DT_001,3.0,process-model-3.0.0-build3,4870,1,LIVE,SYNCHRONISED,AUTOMATIC,NORMAL,65,1950,1950,0,145,145,0.3,0.3,25.78255,40.95,1.028,1,0.0254,0,207.97,4.8739,-0.07384,0.61,0.3096,35.507,1.1356,61,CRITICAL,F3,3,1,cooling_degradation,0.6,1,1,,,,,18,0
2026-08-19T18:23:01.422Z,1787163781422,FAN_DT_001_F3_S06_R01_20260819T182135,1,85.672,FAULT_ACTIVE,F3,0.6,FAN_DT_001,3.0,process-model-3.0.0-build3,4871,1,LIVE,SYNCHRONISED,AUTOMATIC,NORMAL,65,1950,1950,0,145,145,0.3,0.3,25.77855,41.02,1.028,1,0.0254,0,207.97,4.9333,-0.07306,0.61,0.3096,35.132,1.1494,61,CRITICAL,F3,3,1,cooling_degradation,0.6,1,1,,,,,18,0
2026-08-19T18:23:02.489Z,1787163782489,FAN_DT_001_F3_S06_R01_20260819T182135,1,86.739,FAULT_ACTIVE,F3,0.6,FAN_DT_001,3.0,process-model-3.0.0-build3,4872,1,LIVE,SYNCHRONISED,AUTOMATIC,NORMAL,65,1950,1950,0,145,145,0.3,0.3,25.77412,41.1,1.028,1,0.0254,0,207.97,4.993,-0.07227,0.61,0.3096,34.749,1.1634,61,CRITICAL,F3,3,1,cooling_degradation,0.6,1,1,,,,,18,0
2026-08-19T18:23:03.473Z,1787163783473,FAN_DT_001_F3_S06_R01_20260819T182135,1,87.723,FAULT_ACTIVE,F3,0.6,FAN_DT_001,3.0,process-model-3.0.0-build3,4873,1,LIVE,SYNCHRONISED,AUTOMATIC,NORMAL,65,1950,1950,0,145,145,0.3,0.3,25.76928,41.17,1.028,1,0.0254,0,207.97,5.0527,-0.0715,0.61,0.3096,34.379,1.1773,61,CRITICAL,F3,3,1,cooling_degradation,0.6,1,1,,,,,18,0
2026-08-19T18:23:04.517Z,1787163784517,FAN_DT_001_F3_S06_R01_20260819T182135,1,88.766,FAULT_ACTIVE,F3,0.6,FAN_DT_001,3.0,process-model-3.0.0-build3,4874,1,LIVE,SYNCHRONISED,AUTOMATIC,NORMAL,65,1950,1950,0,145,145,0.3,0.3,25.76404,41.24,1.028,1,0.0254,0,207.97,5.1123,-0.07069,0.61,0.3096,33.993,1.1912,61,CRITICAL,F3,3,1,cooling_degradation,0.6,1,1,,,,,18,0
2026-08-19T18:23:05.546Z,1787163785546,FAN_DT_001_F3_S06_R01_20260819T182135,1,89.796,FAULT_ACTIVE,F3,0.6,FAN_DT_001,3.0,process-model-3.0.0-build3,4875,1,LIVE,SYNCHRONISED,AUTOMATIC,NORMAL,65,1950,1950,0,145,145,0.3,0.3,25.7584,41.32,1.028,1,0.0254,0,207.97,5.172,-0.06994,0.61,0.3096,33.629,1.2051,61,CRITICAL,F3,3,1,cooling_degradation,0.6,1,1,,,,,18,0
2026-08-19T18:23:06.574Z,1787163786574,FAN_DT_001_F3_S06_R01_20260819T182135,1,90.824,FAULT_ACTIVE,F3,0.6,FAN_DT_001,3.0,process-model-3.0.0-build3,4876,1,LIVE,SYNCHRONISED,AUTOMATIC,NORMAL,65,1950,1950,0,145,145,0.3,0.3,25.7524,41.39,1.028,1,0.0254,0,207.97,5.2313,-0.06918,0.61,0.3096,33.263,1.2189,61,CRITICAL,F3,3,1,cooling_degradation,0.6,1,1,,,,,18,0
2026-08-19T18:23:07.603Z,1787163787603,FAN_DT_001_F3_S06_R01_20260819T182135,1,91.853,FAULT_ACTIVE,F3,0.6,FAN_DT_001,3.0,process-model-3.0.0-build3,4877,1,LIVE,SYNCHRONISED,AUTOMATIC,NORMAL,65,1950,1950,0,145,145,0.3,0.3,25.74596,41.46,1.028,1,0.0254,0,207.97,5.291,-0.06839,0.61,0.3096,32.887,1.2328,61,CRITICAL,F3,3,1,cooling_degradation,0.6,1,1,,,,,18,0
2026-08-19T18:23:08.720Z,1787163788720,FAN_DT_001_F3_S06_R01_20260819T182135,1,92.97,FAULT_ACTIVE,F3,0.6,FAN_DT_001,3.0,process-model-3.0.0-build3,4878,1,LIVE,SYNCHRONISED,AUTOMATIC,NORMAL,65,1950,1950,0,145,145,0.3,0.3,25.73914,41.53,1.028,1,0.0254,0,207.97,5.3505,-0.06764,0.61,0.3096,32.527,1.2467,61,CRITICAL,F3,3,1,cooling_degradation,0.6,1,1,,,,,18,0
2026-08-19T18:23:09.700Z,1787163789700,FAN_DT_001_F3_S06_R01_20260819T182135,1,93.95,FAULT_ACTIVE,F3,0.6,FAN_DT_001,3.0,process-model-3.0.0-build3,4879,1,LIVE,SYNCHRONISED,AUTOMATIC,NORMAL,65,1950,1950,0,145,145,0.3,0.3,25.73189,41.6,1.028,1,0.0254,0,207.97,5.4104,-0.06688,0.61,0.3096,32.157,1.2606,61,CRITICAL,F3,3,1,cooling_degradation,0.6,1,1,,,,,18,0
2026-08-19T18:23:10.706Z,1787163790706,FAN_DT_001_F3_S06_R01_20260819T182135,1,94.956,FAULT_ACTIVE,F3,0.6,FAN_DT_001,3.0,process-model-3.0.0-build3,4880,1,LIVE,SYNCHRONISED,AUTOMATIC,NORMAL,65,1950,1950,0,145,145,0.3,0.3,25.72429,41.67,1.028,1,0.0254,0,207.97,5.47,-0.06615,0.61,0.3096,31.808,1.2745,61,CRITICAL,F3,3,1,cooling_degradation,0.6,1,1,,,,,18,0
2026-08-19T18:23:11.738Z,1787163791738,FAN_DT_001_F3_S06_R01_20260819T182135,1,95.988,FAULT_ACTIVE,F3,0.6,FAN_DT_001,3.0,process-model-3.0.0-build3,4881,1,LIVE,SYNCHRONISED,AUTOMATIC,NORMAL,65,1950,1950,0,145,145,0.3,0.3,25.71634,41.73,1.028,1,0.0254,0,207.97,5.5294,-0.06539,0.61,0.3096,31.445,1.2884,61,CRITICAL,F3,3,1,cooling_degradation,0.6,1,1,,,,,18,0
2026-08-19T18:23:12.767Z,1787163792767,FAN_DT_001_F3_S06_R01_20260819T182135,1,97.017,FAULT_ACTIVE,F3,0.6,FAN_DT_001,3.0,process-model-3.0.0-build3,4882,1,LIVE,SYNCHRONISED,AUTOMATIC,NORMAL,65,1950,1950,0,145,145,0.3,0.3,25.708,41.8,1.028,1,0.0254,0,207.97,5.589,-0.06464,0.61,0.3096,31.083,1.3022,61,CRITICAL,F3,3,1,cooling_degradation,0.6,1,1,,,,,18,0
2026-08-19T18:23:13.806Z,1787163793806,FAN_DT_001_F3_S06_R01_20260819T182135,1,98.056,FAULT_ACTIVE,F3,0.6,FAN_DT_001,3.0,process-model-3.0.0-build3,4883,1,LIVE,SYNCHRONISED,AUTOMATIC,NORMAL,65,1950,1950,0,145,145,0.3,0.3,25.69929,41.87,1.028,1,0.0254,0,207.97,5.6484,-0.06391,0.61,0.3096,30.731,1.3161,61,CRITICAL,F3,3,1,cooling_degradation,0.6,1,1,,,,,18,0
2026-08-19T18:23:14.832Z,1787163794832,FAN_DT_001_F3_S06_R01_20260819T182135,1,99.082,FAULT_ACTIVE,F3,0.6,FAN_DT_001,3.0,process-model-3.0.0-build3,4884,1,LIVE,SYNCHRONISED,AUTOMATIC,NORMAL,65,1950,1950,0,145,145,0.3,0.3,25.69018,41.93,1.028,1,0.0254,0,207.97,5.7082,-0.06319,0.61,0.3096,30.382,1.33,61,CRITICAL,F3,3,1,cooling_degradation,0.6,1,1,,,,,18,0
2026-08-19T18:23:15.876Z,1787163795876,FAN_DT_001_F3_S06_R01_20260819T182135,1,100.127,FAULT_ACTIVE,F3,0.6,FAN_DT_001,3.0,process-model-3.0.0-build3,4885,1,LIVE,SYNCHRONISED,AUTOMATIC,NORMAL,65,1950,1950,0,145,145,0.3,0.3,25.68074,42,1.028,1,0.0254,0,207.97,5.7677,-0.06245,0.61,0.3096,30.029,1.3439,61,CRITICAL,F3,3,1,cooling_degradation,0.6,1,1,,,,,18,0
2026-08-19T18:23:16.906Z,1787163796906,FAN_DT_001_F3_S06_R01_20260819T182135,1,101.156,FAULT_ACTIVE,F3,0.6,FAN_DT_001,3.0,process-model-3.0.0-build3,4886,1,LIVE,SYNCHRONISED,AUTOMATIC,NORMAL,65,1950,1950,0,145,145,0.3,0.3,25.67088,42.06,1.028,1,0.0254,0,207.97,5.8276,-0.0617,0.61,0.3096,29.669,1.3578,61,CRITICAL,F3,3,1,cooling_degradation,0.6,1,1,,,,,18,0
2026-08-19T18:23:17.956Z,1787163797956,FAN_DT_001_F3_S06_R01_20260819T182135,1,102.206,FAULT_ACTIVE,F3,0.6,FAN_DT_001,3.0,process-model-3.0.0-build3,4887,1,LIVE,SYNCHRONISED,AUTOMATIC,NORMAL,65,1950,1950,0,145,145,0.3,0.3,25.66071,42.13,1.028,1,0.0254,0,207.97,5.8872,-0.06098,0.61,0.3096,29.321,1.3717,61,CRITICAL,F3,3,1,cooling_degradation,0.6,1,1,,,,,18,0
2026-08-19T18:23:18.992Z,1787163798992,FAN_DT_001_F3_S06_R01_20260819T182135,1,103.242,FAULT_ACTIVE,F3,0.6,FAN_DT_001,3.0,process-model-3.0.0-build3,4888,1,LIVE,SYNCHRONISED,AUTOMATIC,NORMAL,65,1950,1950,0,145,145,0.3,0.3,25.65023,42.19,1.028,1,0.0254,0,207.97,5.9466,-0.06026,0.61,0.3096,28.976,1.3856,61,CRITICAL,F3,3,1,cooling_degradation,0.6,1,1,,,,,18,0
2026-08-19T18:23:20.024Z,1787163800024,FAN_DT_001_F3_S06_R01_20260819T182135,1,104.274,FAULT_ACTIVE,F3,0.6,FAN_DT_001,3.0,process-model-3.0.0-build3,4889,1,LIVE,SYNCHRONISED,AUTOMATIC,NORMAL,65,1950,1950,0,145,145,0.3,0.3,25.63933,42.25,1.028,1,0.0254,0,207.97,6.0064,-0.05956,0.61,0.3096,28.641,1.3995,61,CRITICAL,F3,3,1,cooling_degradation,0.6,1,1,,,,,18,0
2026-08-19T18:23:21.060Z,1787163801060,FAN_DT_001_F3_S06_R01_20260819T182135,1,105.31,FAULT_ACTIVE,F3,0.6,FAN_DT_001,3.0,process-model-3.0.0-build3,4890,1,LIVE,SYNCHRONISED,AUTOMATIC,NORMAL,65,1950,1950,0,145,145,0.3,0.3,25.62816,42.31,1.028,1,0.0254,0,207.97,6.0659,-0.05884,0.61,0.3096,28.293,1.4134,61,CRITICAL,F3,3,1,cooling_degradation,0.6,1,1,,,,,18,0
2026-08-19T18:23:22.045Z,1787163802045,FAN_DT_001_F3_S06_R01_20260819T182135,1,106.295,FAULT_ACTIVE,F3,0.6,FAN_DT_001,3.0,process-model-3.0.0-build3,4891,1,LIVE,SYNCHRONISED,AUTOMATIC,NORMAL,65,1950,1950,0,145,145,0.3,0.3,25.61644,42.37,1.028,1,0.0254,0,207.97,6.1265,-0.05813,0.61,0.3096,27.951,1.4275,61,CRITICAL,F3,3,1,cooling_degradation,0.6,1,1,,,,,18,0
2026-08-19T18:23:23.082Z,1787163803082,FAN_DT_001_F3_S06_R01_20260819T182135,1,107.332,FAULT_ACTIVE,F3,0.6,FAN_DT_001,3.0,process-model-3.0.0-build3,4892,1,LIVE,SYNCHRONISED,AUTOMATIC,NORMAL,65,1950,1950,0,145,145,0.3,0.3,25.60511,42.43,1.028,1,0.0254,0,207.97,6.1835,-0.05745,0.61,0.3096,27.625,1.4408,61,CRITICAL,F3,3,1,cooling_degradation,0.6,1,1,,,,,18,0
2026-08-19T18:23:24.113Z,1787163804113,FAN_DT_001_F3_S06_R01_20260819T182135,1,108.363,FAULT_ACTIVE,F3,0.6,FAN_DT_001,3.0,process-model-3.0.0-build3,4893,1,LIVE,SYNCHRONISED,AUTOMATIC,NORMAL,65,1950,1950,0,145,145,0.3,0.3,25.59291,42.49,1.028,1,0.0254,0,207.97,6.2433,-0.05674,0.61,0.3096,27.281,1.4547,61,CRITICAL,F3,3,1,cooling_degradation,0.6,1,1,,,,,18,0
2026-08-19T18:23:25.151Z,1787163805151,FAN_DT_001_F3_S06_R01_20260819T182135,1,109.401,FAULT_ACTIVE,F3,0.6,FAN_DT_001,3.0,process-model-3.0.0-build3,4894,1,LIVE,SYNCHRONISED,AUTOMATIC,NORMAL,65,1950,1950,0,145,145,0.3,0.3,25.58046,42.55,1.028,1,0.0254,0,207.97,6.3029,-0.05604,0.61,0.3096,26.945,1.4686,61,CRITICAL,F3,3,1,cooling_degradation,0.6,1,1,,,,,18,0
2026-08-19T18:23:26.180Z,1787163806180,FAN_DT_001_F3_S06_R01_20260819T182135,1,110.43,FAULT_ACTIVE,F3,0.6,FAN_DT_001,3.0,process-model-3.0.0-build3,4895,1,LIVE,SYNCHRONISED,AUTOMATIC,NORMAL,65,1950,1950,0,145,145,0.3,0.3,25.5677,42.6,1.028,1,0.0254,0,207.97,6.3624,-0.05536,0.61,0.3096,26.619,1.4824,61,CRITICAL,F3,3,1,cooling_degradation,0.6,1,1,,,,,18,0
2026-08-19T18:23:27.210Z,1787163807210,FAN_DT_001_F3_S06_R01_20260819T182135,1,111.46,FAULT_ACTIVE,F3,0.6,FAN_DT_001,3.0,process-model-3.0.0-build3,4896,1,LIVE,SYNCHRONISED,AUTOMATIC,NORMAL,65,1950,1950,0,145,145,0.3,0.3,25.55463,42.66,1.028,1,0.0254,0,207.97,6.422,-0.05467,0.61,0.3096,26.287,1.4963,61,CRITICAL,F3,3,1,cooling_degradation,0.6,1,1,,,,,18,0
2026-08-19T18:23:28.247Z,1787163808247,FAN_DT_001_F3_S06_R01_20260819T182135,1,112.497,FAULT_ACTIVE,F3,0.6,FAN_DT_001,3.0,process-model-3.0.0-build3,4897,1,LIVE,SYNCHRONISED,AUTOMATIC,NORMAL,65,1950,1950,0,145,145,0.3,0.3,25.54131,42.72,1.028,1,0.0254,0,207.97,6.4814,-0.05399,0.61,0.3096,25.962,1.5102,61,CRITICAL,F3,3,1,cooling_degradation,0.6,1,1,,,,,18,0
2026-08-19T18:23:29.273Z,1787163809273,FAN_DT_001_F3_S06_R01_20260819T182135,1,113.523,FAULT_ACTIVE,F3,0.6,FAN_DT_001,3.0,process-model-3.0.0-build3,4898,1,LIVE,SYNCHRONISED,AUTOMATIC,NORMAL,65,1950,1950,0,145,145,0.3,0.3,25.52764,42.77,1.028,1,0.0254,0,207.97,6.5411,-0.05332,0.61,0.3096,25.636,1.5241,61,CRITICAL,F3,3,1,cooling_degradation,0.6,1,1,,,,,18,0
2026-08-19T18:23:30.327Z,1787163810327,FAN_DT_001_F3_S06_R01_20260819T182135,1,114.577,FAULT_ACTIVE,F3,0.6,FAN_DT_001,3.0,process-model-3.0.0-build3,4899,1,LIVE,SYNCHRONISED,AUTOMATIC,NORMAL,65,1950,1950,0,145,145,0.3,0.3,25.51376,42.83,1.028,1,0.0254,0,207.97,6.6005,-0.05262,0.61,0.3096,25.305,1.5379,61,CRITICAL,F3,3,1,cooling_degradation,0.6,1,1,,,,,18,0
2026-08-19T18:23:31.366Z,1787163811366,FAN_DT_001_F3_S06_R01_20260819T182135,1,115.616,FAULT_ACTIVE,F3,0.6,FAN_DT_001,3.0,process-model-3.0.0-build3,4900,1,LIVE,SYNCHRONISED,AUTOMATIC,NORMAL,65,1950,1950,0,145,145,0.3,0.3,25.49953,42.88,1.028,1,0.0254,0,207.97,6.6603,-0.05195,0.61,0.3096,24.981,1.5519,61,CRITICAL,F3,3,1,cooling_degradation,0.6,1,1,,,,,18,0
2026-08-19T18:23:32.442Z,1787163812442,FAN_DT_001_F3_S06_R01_20260819T182135,1,116.692,FAULT_ACTIVE,F3,0.6,FAN_DT_001,3.0,process-model-3.0.0-build3,4901,1,LIVE,SYNCHRONISED,AUTOMATIC,NORMAL,65,1950,1950,0,145,145,0.3,0.3,25.48509,42.93,1.028,1,0.0254,0,207.97,6.7198,-0.0513,0.61,0.3096,24.666,1.5657,61,CRITICAL,F3,3,1,cooling_degradation,0.6,1,1,,,,,18,0
2026-08-19T18:23:33.422Z,1787163813422,FAN_DT_001_F3_S06_R01_20260819T182135,1,117.672,FAULT_ACTIVE,F3,0.6,FAN_DT_001,3.0,process-model-3.0.0-build3,4902,1,LIVE,SYNCHRONISED,AUTOMATIC,NORMAL,65,1950,1950,0,145,145,0.3,0.3,25.47037,42.99,1.028,1,0.0254,0,207.97,6.7795,-0.05062,0.61,0.3096,24.341,1.5796,61,CRITICAL,F3,3,1,cooling_degradation,0.6,1,1,,,,,18,0
2026-08-19T18:23:34.447Z,1787163814447,FAN_DT_001_F3_S06_R01_20260819T182135,1,118.697,FAULT_ACTIVE,F3,0.6,FAN_DT_001,3.0,process-model-3.0.0-build3,4903,1,LIVE,SYNCHRONISED,AUTOMATIC,NORMAL,65,1950,1950,0,145,145,0.3,0.3,25.45537,43.04,1.028,1,0.0254,0,207.97,6.8392,-0.04997,0.61,0.3096,24.027,1.5935,61,CRITICAL,F3,3,1,cooling_degradation,0.6,1,1,,,,,18,0
2026-08-19T18:23:35.478Z,1787163815478,FAN_DT_001_F3_S06_R01_20260819T182135,1,119.728,FAULT_ACTIVE,F3,0.6,FAN_DT_001,3.0,process-model-3.0.0-build3,4904,1,LIVE,SYNCHRONISED,AUTOMATIC,NORMAL,65,1950,1950,0,145,145,0.3,0.3,25.44021,43.09,1.028,1,0.0254,0,207.97,6.8987,-0.04932,0.61,0.3096,23.716,1.6074,61,CRITICAL,F3,3,1,cooling_degradation,0.6,1,1,,,,,18,0
2026-08-19T18:23:36.505Z,1787163816505,FAN_DT_001_F3_S06_R01_20260819T182135,1,120.755,FAULT_ACTIVE,F3,0.6,FAN_DT_001,3.0,process-model-3.0.0-build3,4905,1,LIVE,SYNCHRONISED,AUTOMATIC,NORMAL,65,1950,1950,0,145,145,0.3,0.3,25.42475,43.14,1.028,1,0.0254,0,207.97,6.9584,-0.04867,0.61,0.3096,23.405,1.6213,61,CRITICAL,F3,3,1,cooling_degradation,0.6,1,1,,,,,18,0
2026-08-19T18:23:37.539Z,1787163817539,FAN_DT_001_F3_S06_R01_20260819T182135,1,121.789,FAULT_ACTIVE,F3,0.6,FAN_DT_001,3.0,process-model-3.0.0-build3,4906,1,LIVE,SYNCHRONISED,AUTOMATIC,NORMAL,65,1950,1950,0,145,145,0.3,0.3,25.40923,43.19,1.028,1,0.0254,0,207.97,7.0175,-0.04801,0.61,0.3096,23.086,1.6351,61,CRITICAL,F3,3,1,cooling_degradation,0.6,1,1,,,,,18,0
2026-08-19T18:23:38.568Z,1787163818568,FAN_DT_001_F3_S06_R01_20260819T182135,1,122.818,FAULT_ACTIVE,F3,0.6,FAN_DT_001,3.0,process-model-3.0.0-build3,4907,1,LIVE,SYNCHRONISED,AUTOMATIC,NORMAL,65,1950,1950,0,145,145,0.3,0.3,25.39333,43.24,1.028,1,0.0254,0,207.97,7.0772,-0.04736,0.61,0.3096,22.774,1.649,61,CRITICAL,F3,3,1,cooling_degradation,0.6,1,1,,,,,18,0
2026-08-19T18:23:39.602Z,1787163819602,FAN_DT_001_F3_S06_R01_20260819T182135,1,123.852,FAULT_ACTIVE,F3,0.6,FAN_DT_001,3.0,process-model-3.0.0-build3,4908,1,LIVE,SYNCHRONISED,AUTOMATIC,NORMAL,65,1950,1950,0,145,145,0.3,0.3,25.37732,43.29,1.028,1,0.0254,0,207.97,7.1366,-0.04674,0.61,0.3096,22.473,1.6628,61,CRITICAL,F3,3,1,cooling_degradation,0.6,1,1,,,,,18,0
2026-08-19T18:23:40.638Z,1787163820638,FAN_DT_001_F3_S06_R01_20260819T182135,1,124.888,FAULT_ACTIVE,F3,0.6,FAN_DT_001,3.0,process-model-3.0.0-build3,4909,1,LIVE,SYNCHRONISED,AUTOMATIC,NORMAL,65,1950,1950,0,145,145,0.3,0.3,25.36098,43.33,1.028,1,0.0254,0,207.97,7.1965,-0.04611,0.61,0.3096,22.171,1.6768,61,CRITICAL,F3,3,1,cooling_degradation,0.6,1,1,,,,,18,0
2026-08-19T18:23:41.672Z,1787163821672,FAN_DT_001_F3_S06_R01_20260819T182135,1,125.922,FAULT_ACTIVE,F3,0.6,FAN_DT_001,3.0,process-model-3.0.0-build3,4910,1,LIVE,SYNCHRONISED,AUTOMATIC,NORMAL,65,1950,1950,0,145,145,0.3,0.3,25.34457,43.38,1.028,1,0.0254,0,207.97,7.2558,-0.04549,0.61,0.3096,21.872,1.6906,61,CRITICAL,F3,3,1,cooling_degradation,0.6,1,1,,,,,18,0
2026-08-19T18:23:42.735Z,1787163822735,FAN_DT_001_F3_S06_R01_20260819T182135,1,126.985,FAULT_ACTIVE,F3,0.6,FAN_DT_001,3.0,process-model-3.0.0-build3,4911,1,LIVE,SYNCHRONISED,AUTOMATIC,NORMAL,65,1950,1950,0,145,145,0.3,0.3,25.32789,43.43,1.028,1,0.0254,0,207.97,7.3156,-0.04487,0.61,0.3096,21.575,1.7045,61,CRITICAL,F3,3,1,cooling_degradation,0.6,1,1,,,,,18,0
2026-08-19T18:23:43.751Z,1787163823751,FAN_DT_001_F3_S06_R01_20260819T182135,1,128.001,FAULT_ACTIVE,F3,0.6,FAN_DT_001,3.0,process-model-3.0.0-build3,4912,1,LIVE,SYNCHRONISED,AUTOMATIC,NORMAL,65,1950,1950,0,145,145,0.3,0.3,25.31116,43.47,1.028,1,0.0254,0,207.97,7.3749,-0.04424,0.61,0.3096,21.275,1.7184,61,CRITICAL,F3,3,1,cooling_degradation,0.6,1,1,,,,,18,0
2026-08-19T18:23:44.771Z,1787163824771,FAN_DT_001_F3_S06_R01_20260819T182135,1,129.021,FAULT_ACTIVE,F3,0.6,FAN_DT_001,3.0,process-model-3.0.0-build3,4913,1,LIVE,SYNCHRONISED,AUTOMATIC,NORMAL,65,1950,1950,0,145,145,0.3,0.3,25.29412,43.52,1.028,1,0.0254,0,207.97,7.4347,-0.04363,0.61,0.3096,20.978,1.7323,61,CRITICAL,F3,3,1,cooling_degradation,0.6,1,1,,,,,18,0
2026-08-19T18:23:45.795Z,1787163825795,FAN_DT_001_F3_S06_R01_20260819T182135,1,130.045,FAULT_ACTIVE,F3,0.6,FAN_DT_001,3.0,process-model-3.0.0-build3,4914,1,LIVE,SYNCHRONISED,AUTOMATIC,NORMAL,65,1950,1950,0,145,145,0.3,0.3,25.27707,43.56,1.028,1,0.0254,0,207.97,7.494,-0.04303,0.61,0.3096,20.691,1.7461,61,CRITICAL,F3,3,1,cooling_degradation,0.6,1,1,,,,,18,0
2026-08-19T18:23:46.830Z,1787163826830,FAN_DT_001_F3_S06_R01_20260819T182135,1,131.08,FAULT_ACTIVE,F3,0.6,FAN_DT_001,3.0,process-model-3.0.0-build3,4915,1,LIVE,SYNCHRONISED,AUTOMATIC,NORMAL,65,1950,1950,0,145,145,0.3,0.3,25.25982,43.61,1.028,1,0.0254,0,207.97,7.5535,-0.04241,0.61,0.3096,20.394,1.76,61,CRITICAL,F3,3,1,cooling_degradation,0.6,1,1,,,,,18,0
2026-08-19T18:23:47.894Z,1787163827894,FAN_DT_001_F3_S06_R01_20260819T182135,1,132.144,FAULT_ACTIVE,F3,0.6,FAN_DT_001,3.0,process-model-3.0.0-build3,4916,1,LIVE,SYNCHRONISED,AUTOMATIC,NORMAL,65,1950,1950,0,145,145,0.3,0.3,25.24237,43.65,1.028,1,0.0254,0,207.97,7.6133,-0.04181,0.61,0.3096,20.106,1.7739,61,CRITICAL,F3,3,1,cooling_degradation,0.6,1,1,,,,,18,0
2026-08-19T18:23:48.900Z,1787163828900,FAN_DT_001_F3_S06_R01_20260819T182135,1,133.15,FAULT_ACTIVE,F3,0.6,FAN_DT_001,3.0,process-model-3.0.0-build3,4917,1,LIVE,SYNCHRONISED,AUTOMATIC,NORMAL,65,1950,1950,0,145,145,0.3,0.3,25.22485,43.69,1.028,1,0.0254,0,207.97,7.6728,-0.04123,0.61,0.3096,19.824,1.7878,61,CRITICAL,F3,3,1,cooling_degradation,0.6,1,1,,,,,18,0
2026-08-19T18:23:49.938Z,1787163829938,FAN_DT_001_F3_S06_R01_20260819T182135,1,134.187,FAULT_ACTIVE,F3,0.6,FAN_DT_001,3.0,process-model-3.0.0-build3,4918,1,LIVE,SYNCHRONISED,AUTOMATIC,NORMAL,65,1950,1950,0,145,145,0.3,0.3,25.20712,43.74,1.028,1,0.0254,0,207.97,7.7326,-0.04063,0.61,0.3096,19.537,1.8017,61,CRITICAL,F3,3,1,cooling_degradation,0.6,1,1,,,,,18,0
2026-08-19T18:23:50.965Z,1787163830965,FAN_DT_001_F3_S06_R01_20260819T182135,1,135.215,FAULT_ACTIVE,F3,0.6,FAN_DT_001,3.0,process-model-3.0.0-build3,4919,1,LIVE,SYNCHRONISED,AUTOMATIC,NORMAL,65,1950,1950,0,145,145,0.3,0.3,25.18941,43.78,1.028,1,0.0254,0,207.97,7.792,-0.04004,0.61,0.3096,19.253,1.8155,61,CRITICAL,F3,3,1,cooling_degradation,0.6,1,1,,,,,18,0
2026-08-19T18:23:52.004Z,1787163832004,FAN_DT_001_F3_S06_R01_20260819T182135,1,136.254,FAULT_ACTIVE,F3,0.6,FAN_DT_001,3.0,process-model-3.0.0-build3,4920,1,LIVE,SYNCHRONISED,AUTOMATIC,NORMAL,65,1950,1950,0,145,145,0.3,0.3,25.17153,43.82,1.028,1,0.0254,0,207.97,7.8517,-0.03945,0.61,0.3096,18.969,1.8294,61,CRITICAL,F3,3,1,cooling_degradation,0.6,1,1,,,,,18,0
2026-08-19T18:23:53.094Z,1787163833094,FAN_DT_001_F3_S06_R01_20260819T182135,1,137.344,FAULT_ACTIVE,F3,0.6,FAN_DT_001,3.0,process-model-3.0.0-build3,4921,1,LIVE,SYNCHRONISED,AUTOMATIC,NORMAL,65,1950,1950,0,145,145,0.3,0.3,25.15363,43.86,1.028,1,0.0254,0,207.97,7.9111,-0.0389,0.61,0.3096,18.704,1.8433,61,CRITICAL,F3,3,1,cooling_degradation,0.6,1,1,,,,,18,0
2026-08-19T18:23:54.067Z,1787163834067,FAN_DT_001_F3_S06_R01_20260819T182135,1,138.317,FAULT_ACTIVE,F3,0.6,FAN_DT_001,3.0,process-model-3.0.0-build3,4922,1,LIVE,SYNCHRONISED,AUTOMATIC,NORMAL,65,1950,1950,0,145,145,0.3,0.3,25.13551,43.9,1.028,1,0.0254,0,207.97,7.971,-0.03833,0.61,0.3096,18.429,1.8572,61,CRITICAL,F3,3,1,cooling_degradation,0.6,1,1,,,,,18,0
2026-08-19T18:23:55.108Z,1787163835108,FAN_DT_001_F3_S06_R01_20260819T182135,1,139.358,FAULT_ACTIVE,F3,0.6,FAN_DT_001,3.0,process-model-3.0.0-build3,4923,1,LIVE,SYNCHRONISED,AUTOMATIC,NORMAL,65,1950,1950,0,145,145,0.3,0.3,25.11744,43.94,1.028,1,0.0254,0,207.97,8.0304,-0.03774,0.61,0.3096,18.148,1.8711,61,CRITICAL,F3,3,1,cooling_degradation,0.6,1,1,,,,,18,0
2026-08-19T18:23:56.134Z,1787163836134,FAN_DT_001_F3_S06_R01_20260819T182135,1,140.384,FAULT_ACTIVE,F3,0.6,FAN_DT_001,3.0,process-model-3.0.0-build3,4924,1,LIVE,SYNCHRONISED,AUTOMATIC,NORMAL,65,1950,1950,0,145,145,0.3,0.3,25.09919,43.98,1.028,1,0.0254,0,207.97,8.0903,-0.03718,0.61,0.3096,17.877,1.885,61,CRITICAL,F3,3,1,cooling_degradation,0.6,1,1,,,,,18,0
2026-08-19T18:23:57.167Z,1787163837167,FAN_DT_001_F3_S06_R01_20260819T182135,1,141.417,FAULT_ACTIVE,F3,0.6,FAN_DT_001,3.0,process-model-3.0.0-build3,4925,1,LIVE,SYNCHRONISED,AUTOMATIC,NORMAL,65,1950,1950,0,145,145,0.3,0.3,25.08099,44.02,1.028,1,0.0254,0,207.97,8.1498,-0.03664,0.61,0.3096,17.62,1.8989,61,CRITICAL,F3,3,1,cooling_degradation,0.6,1,1,,,,,18,0
2026-08-19T18:23:58.198Z,1787163838198,FAN_DT_001_F3_S06_R01_20260819T182135,1,142.448,FAULT_ACTIVE,F3,0.6,FAN_DT_001,3.0,process-model-3.0.0-build3,4926,1,LIVE,SYNCHRONISED,AUTOMATIC,NORMAL,65,1950,1950,0,145,145,0.3,0.3,25.06269,44.05,1.028,1,0.0254,0,207.97,8.2095,-0.03609,0.61,0.3096,17.353,1.9128,61,CRITICAL,F3,3,1,cooling_degradation,0.6,1,1,,,,,18,0
2026-08-19T18:23:59.285Z,1787163839285,FAN_DT_001_F3_S06_R01_20260819T182135,1,143.536,FAULT_ACTIVE,F3,0.6,FAN_DT_001,3.0,process-model-3.0.0-build3,4927,1,LIVE,SYNCHRONISED,AUTOMATIC,NORMAL,65,1950,1950,0,145,145,0.3,0.3,25.04442,44.09,1.028,1,0.0254,0,207.97,8.269,-0.03555,0.61,0.3096,17.092,1.9267,61,CRITICAL,F3,3,1,cooling_degradation,0.6,1,1,,,,,18,0
2026-08-19T18:24:00.266Z,1787163840266,FAN_DT_001_F3_S06_R01_20260819T182135,1,144.516,FAULT_ACTIVE,F3,0.6,FAN_DT_001,3.0,process-model-3.0.0-build3,4928,1,LIVE,SYNCHRONISED,AUTOMATIC,NORMAL,65,1950,1950,0,145,145,0.3,0.3,25.02605,44.13,1.028,1,0.0254,0,207.97,8.3287,-0.03499,0.61,0.3096,16.826,1.9406,61,CRITICAL,F3,3,1,cooling_degradation,0.6,1,1,,,,,18,0
2026-08-19T18:24:01.322Z,1787163841322,FAN_DT_001_F3_S06_R01_20260819T182135,1,145.572,FAULT_ACTIVE,F3,0.6,FAN_DT_001,3.0,process-model-3.0.0-build3,4929,1,LIVE,SYNCHRONISED,AUTOMATIC,NORMAL,65,1950,1950,0,145,145,0.3,0.3,25.00771,44.16,1.028,1,0.0254,0,207.97,8.3883,-0.03448,0.61,0.3096,16.578,1.9545,61,CRITICAL,F3,3,1,cooling_degradation,0.6,1,1,,,,,18,0
2026-08-19T18:24:02.347Z,1787163842347,FAN_DT_001_F3_S06_R01_20260819T182135,1,146.597,FAULT_ACTIVE,F3,0.6,FAN_DT_001,3.0,process-model-3.0.0-build3,4930,1,LIVE,SYNCHRONISED,AUTOMATIC,NORMAL,65,1950,1950,0,145,145,0.3,0.3,24.98935,44.2,1.028,1,0.0254,0,207.97,8.448,-0.03394,0.61,0.3096,16.319,1.9684,61,CRITICAL,F3,3,1,cooling_degradation,0.6,1,1,,,,,18,0
2026-08-19T18:24:03.414Z,1787163843414,FAN_DT_001_F3_S06_R01_20260819T182135,1,147.665,FAULT_ACTIVE,F3,0.6,FAN_DT_001,3.0,process-model-3.0.0-build3,4931,1,LIVE,SYNCHRONISED,AUTOMATIC,NORMAL,65,1950,1950,0,145,145,0.3,0.3,24.97103,44.23,1.028,1,0.0254,0,207.97,8.5076,-0.0334,0.61,0.3096,16.06,1.9823,61,CRITICAL,F3,3,1,cooling_degradation,0.6,1,1,,,,,18,0
2026-08-19T18:24:04.426Z,1787163844426,FAN_DT_001_F3_S06_R01_20260819T182135,1,148.676,FAULT_ACTIVE,F3,0.6,FAN_DT_001,3.0,process-model-3.0.0-build3,4932,1,LIVE,SYNCHRONISED,AUTOMATIC,NORMAL,65,1950,1950,0,145,145,0.3,0.3,24.95268,44.27,1.028,1,0.0254,0,207.97,8.5672,-0.03288,0.61,0.3096,15.81,1.9962,61,CRITICAL,F3,3,1,cooling_degradation,0.6,1,1,,,,,18,0
2026-08-19T18:24:05.443Z,1787163845443,FAN_DT_001_F3_S06_R01_20260819T182135,1,149.692,FAULT_ACTIVE,F3,0.6,FAN_DT_001,3.0,process-model-3.0.0-build3,4933,1,LIVE,SYNCHRONISED,AUTOMATIC,NORMAL,65,1950,1950,0,145,145,0.3,0.3,24.93434,44.3,1.028,1,0.0254,0,207.97,8.627,-0.0324,0.61,0.3096,15.578,2.0101,61,CRITICAL,F3,3,1,cooling_degradation,0.6,1,1,,,,,18,0
2026-08-19T18:24:06.470Z,1787163846470,FAN_DT_001_F3_S06_R01_20260819T182135,1,150.72,FAULT_ACTIVE,F3,0.6,FAN_DT_001,3.0,process-model-3.0.0-build3,4934,1,LIVE,SYNCHRONISED,AUTOMATIC,NORMAL,65,1950,1950,0,145,145,0.3,0.3,24.91611,44.33,1.028,1,0.0254,0,207.97,8.6865,-0.03188,0.61,0.3096,15.329,2.024,61,CRITICAL,F3,3,1,cooling_degradation,0.6,1,1,,,,,18,0
2026-08-19T18:24:07.501Z,1787163847501,FAN_DT_001_F3_S06_R01_20260819T182135,1,151.751,FAULT_ACTIVE,F3,0.6,FAN_DT_001,3.0,process-model-3.0.0-build3,4935,1,LIVE,SYNCHRONISED,AUTOMATIC,NORMAL,65,1950,1950,0,145,145,0.3,0.3,24.89787,44.37,1.028,1,0.0254,0,207.97,8.7462,-0.03139,0.61,0.3096,15.091,2.0379,61,CRITICAL,F3,3,1,cooling_degradation,0.6,1,1,,,,,18,0
2026-08-19T18:24:08.536Z,1787163848536,FAN_DT_001_F3_S06_R01_20260819T182135,1,152.786,FAULT_ACTIVE,F3,0.6,FAN_DT_001,3.0,process-model-3.0.0-build3,4936,1,LIVE,SYNCHRONISED,AUTOMATIC,NORMAL,65,1950,1950,0,145,145,0.3,0.3,24.87972,44.4,1.028,1,0.0254,0,207.97,8.8057,-0.03088,0.61,0.3096,14.849,2.0517,61,CRITICAL,F3,3,1,cooling_degradation,0.6,1,1,,,,,18,0
2026-08-19T18:24:09.573Z,1787163849573,FAN_DT_001_F3_S06_R01_20260819T182135,1,153.823,FAULT_ACTIVE,F3,0.6,FAN_DT_001,3.0,process-model-3.0.0-build3,4937,1,LIVE,SYNCHRONISED,AUTOMATIC,NORMAL,65,1950,1950,0,145,145,0.3,0.3,24.86168,44.43,1.028,1,0.0254,0,207.97,8.8652,-0.0304,0.61,0.3096,14.619,2.0656,61,CRITICAL,F3,3,1,cooling_degradation,0.6,1,1,,,,,18,0
2026-08-19T18:24:10.634Z,1787163850634,FAN_DT_001_F3_S06_R01_20260819T182135,1,154.884,FAULT_ACTIVE,F3,0.6,FAN_DT_001,3.0,process-model-3.0.0-build3,4938,1,LIVE,SYNCHRONISED,AUTOMATIC,NORMAL,65,1950,1950,0,145,145,0.3,0.3,24.84357,44.46,1.028,1,0.0254,0,207.97,8.925,-0.02991,0.61,0.3096,14.383,2.0795,61,CRITICAL,F3,3,1,cooling_degradation,0.6,1,1,,,,,18,0
2026-08-19T18:24:11.662Z,1787163851662,FAN_DT_001_F3_S06_R01_20260819T182135,1,155.912,FAULT_ACTIVE,F3,0.6,FAN_DT_001,3.0,process-model-3.0.0-build3,4939,1,LIVE,SYNCHRONISED,AUTOMATIC,NORMAL,65,1950,1950,0,145,145,0.3,0.3,24.82562,44.49,1.028,1,0.0254,0,207.97,8.9846,-0.02943,0.61,0.3096,14.15,2.0934,61,CRITICAL,F3,3,1,cooling_degradation,0.6,1,1,,,,,18,0
2026-08-19T18:24:12.671Z,1787163852671,FAN_DT_001_F3_S06_R01_20260819T182135,1,156.921,FAULT_ACTIVE,F3,0.6,FAN_DT_001,3.0,process-model-3.0.0-build3,4940,1,LIVE,SYNCHRONISED,AUTOMATIC,NORMAL,65,1950,1950,0,145,145,0.3,0.3,24.80775,44.52,1.028,1,0.0254,0,207.97,9.0443,-0.02896,0.61,0.3096,13.926,2.1073,61,CRITICAL,F3,3,1,cooling_degradation,0.6,1,1,,,,,18,0
2026-08-19T18:24:13.702Z,1787163853702,FAN_DT_001_F3_S06_R01_20260819T182135,1,157.953,FAULT_ACTIVE,F3,0.6,FAN_DT_001,3.0,process-model-3.0.0-build3,4941,1,LIVE,SYNCHRONISED,AUTOMATIC,NORMAL,65,1950,1950,0,145,145,0.3,0.3,24.79005,44.55,1.028,1,0.0254,0,207.97,9.1037,-0.02849,0.61,0.3096,13.702,2.1212,61,CRITICAL,F3,3,1,cooling_degradation,0.6,1,1,,,,,18,0
2026-08-19T18:24:14.739Z,1787163854739,FAN_DT_001_F3_S06_R01_20260819T182135,1,158.989,FAULT_ACTIVE,F3,0.6,FAN_DT_001,3.0,process-model-3.0.0-build3,4942,1,LIVE,SYNCHRONISED,AUTOMATIC,NORMAL,65,1950,1950,0,145,145,0.3,0.3,24.77233,44.58,1.028,1,0.0254,0,207.97,9.1636,-0.02804,0.61,0.3096,13.481,2.1351,61,CRITICAL,F3,3,1,cooling_degradation,0.6,1,1,,,,,18,0
2026-08-19T18:24:15.780Z,1787163855780,FAN_DT_001_F3_S06_R01_20260819T182135,1,160.03,FAULT_ACTIVE,F3,0.6,FAN_DT_001,3.0,process-model-3.0.0-build3,4943,1,LIVE,SYNCHRONISED,AUTOMATIC,NORMAL,65,1950,1950,0,145,145,0.3,0.3,24.75483,44.61,1.028,1,0.0254,0,207.97,9.2231,-0.02757,0.61,0.3096,13.257,2.149,61,CRITICAL,F3,3,1,cooling_degradation,0.6,1,1,,,,,18,0
2026-08-19T18:24:16.812Z,1787163856812,FAN_DT_001_F3_S06_R01_20260819T182135,1,161.062,FAULT_ACTIVE,F3,0.6,FAN_DT_001,3.0,process-model-3.0.0-build3,4944,1,LIVE,SYNCHRONISED,AUTOMATIC,NORMAL,65,1950,1950,0,145,145,0.3,0.3,24.73744,44.64,1.028,1,0.0254,0,207.97,9.2827,-0.02713,0.61,0.3096,13.044,2.1629,61,CRITICAL,F3,3,1,cooling_degradation,0.6,1,1,,,,,18,0
2026-08-19T18:24:17.839Z,1787163857839,FAN_DT_001_F3_S06_R01_20260819T182135,1,162.088,FAULT_ACTIVE,F3,0.6,FAN_DT_001,3.0,process-model-3.0.0-build3,4945,1,LIVE,SYNCHRONISED,AUTOMATIC,NORMAL,65,1950,1950,0,145,145,0.3,0.3,24.72014,44.66,1.028,1,0.0254,0,207.97,9.3424,-0.02667,0.61,0.3096,12.826,2.1768,61,CRITICAL,F3,3,1,cooling_degradation,0.6,1,1,,,,,18,0
2026-08-19T18:24:18.873Z,1787163858873,FAN_DT_001_F3_S06_R01_20260819T182135,1,163.123,FAULT_ACTIVE,F3,0.6,FAN_DT_001,3.0,process-model-3.0.0-build3,4946,1,LIVE,SYNCHRONISED,AUTOMATIC,NORMAL,65,1950,1950,0,145,145,0.3,0.3,24.70308,44.69,1.028,1,0.0254,0,207.97,9.4019,-0.02622,0.61,0.3096,12.609,2.1906,61,CRITICAL,F3,3,1,cooling_degradation,0.6,1,1,,,,,18,0
2026-08-19T18:24:19.916Z,1787163859916,FAN_DT_001_F3_S06_R01_20260819T182135,1,164.166,FAULT_ACTIVE,F3,0.6,FAN_DT_001,3.0,process-model-3.0.0-build3,4947,1,LIVE,SYNCHRONISED,AUTOMATIC,NORMAL,65,1950,1950,0,145,145,0.3,0.3,24.68609,44.72,1.028,1,0.0254,0,207.97,9.4616,-0.0258,0.61,0.3096,12.407,2.2046,61,CRITICAL,F3,3,1,cooling_degradation,0.6,1,1,,,,,18,0
2026-08-19T18:24:20.952Z,1787163860952,FAN_DT_001_F3_S06_R01_20260819T182135,1,165.202,FAULT_ACTIVE,F3,0.6,FAN_DT_001,3.0,process-model-3.0.0-build3,4948,1,LIVE,SYNCHRONISED,AUTOMATIC,NORMAL,65,1950,1950,0,145,145,0.3,0.3,24.66928,44.75,1.028,1,0.0254,0,207.97,9.5213,-0.02539,0.61,0.3096,12.21,2.2185,61,CRITICAL,F3,3,1,cooling_degradation,0.6,1,1,,,,,18,0
2026-08-19T18:24:21.972Z,1787163861972,FAN_DT_001_F3_S06_R01_20260819T182135,1,166.222,FAULT_ACTIVE,F3,0.6,FAN_DT_001,3.0,process-model-3.0.0-build3,4949,1,LIVE,SYNCHRONISED,AUTOMATIC,NORMAL,65,1950,1950,0,145,145,0.3,0.3,24.65257,44.77,1.028,1,0.0254,0,207.97,9.5813,-0.02494,0.61,0.3096,11.993,2.2324,61,CRITICAL,F3,3,1,cooling_degradation,0.6,1,1,,,,,18,0
2026-08-19T18:24:23.004Z,1787163863004,FAN_DT_001_F3_S06_R01_20260819T182135,1,167.255,FAULT_ACTIVE,F3,0.6,FAN_DT_001,3.0,process-model-3.0.0-build3,4950,1,LIVE,SYNCHRONISED,AUTOMATIC,NORMAL,65,1950,1950,0,145,145,0.3,0.3,24.63626,44.8,1.028,1,0.0254,0,207.97,9.6404,-0.02454,0.61,0.3096,11.798,2.2462,61,CRITICAL,F3,3,1,cooling_degradation,0.6,1,1,,,,,18,0
2026-08-19T18:24:24.042Z,1787163864042,FAN_DT_001_F3_S06_R01_20260819T182135,1,168.292,FAULT_ACTIVE,F3,0.6,FAN_DT_001,3.0,process-model-3.0.0-build3,4951,1,LIVE,SYNCHRONISED,AUTOMATIC,NORMAL,65,1950,1950,0,145,145,0.3,0.3,24.62005,44.82,1.028,1,0.0254,0,207.97,9.6999,-0.02415,0.61,0.3096,11.612,2.2601,61,CRITICAL,F3,3,1,cooling_degradation,0.6,1,1,,,,,18,0
2026-08-19T18:24:25.069Z,1787163865069,FAN_DT_001_F3_S06_R01_20260819T182135,1,169.319,FAULT_ACTIVE,F3,0.6,FAN_DT_001,3.0,process-model-3.0.0-build3,4952,1,LIVE,SYNCHRONISED,AUTOMATIC,NORMAL,65,1950,1950,0,145,145,0.3,0.3,24.60399,44.85,1.028,1,0.0254,0,207.97,9.7596,-0.02372,0.61,0.3096,11.407,2.274,61,CRITICAL,F3,3,1,cooling_degradation,0.6,1,1,,,,,18,0
2026-08-19T18:24:26.133Z,1787163866133,FAN_DT_001_F3_S06_R01_20260819T182135,1,170.383,FAULT_ACTIVE,F3,0.6,FAN_DT_001,3.0,process-model-3.0.0-build3,4953,1,LIVE,SYNCHRONISED,AUTOMATIC,NORMAL,65,1950,1950,0,145,145,0.3,0.3,24.58819,44.87,1.028,1,0.0254,0,207.97,9.8191,-0.02335,0.61,0.3096,11.23,2.2878,61,CRITICAL,F3,3,1,cooling_degradation,0.6,1,1,,,,,18,0
2026-08-19T18:24:27.137Z,1787163867137,FAN_DT_001_F3_S06_R01_20260819T182135,1,171.387,FAULT_ACTIVE,F3,0.6,FAN_DT_001,3.0,process-model-3.0.0-build3,4954,1,LIVE,SYNCHRONISED,AUTOMATIC,NORMAL,65,1950,1950,0,145,145,0.3,0.3,24.57255,44.89,1.028,1,0.0254,0,207.97,9.8788,-0.02295,0.61,0.3096,11.035,2.3018,61,CRITICAL,F3,3,1,cooling_degradation,0.6,1,1,,,,,18,0
2026-08-19T18:24:28.183Z,1787163868183,FAN_DT_001_F3_S06_R01_20260819T182135,1,172.433,FAULT_ACTIVE,F3,0.6,FAN_DT_001,3.0,process-model-3.0.0-build3,4955,1,LIVE,SYNCHRONISED,AUTOMATIC,NORMAL,65,1950,1950,0,145,145,0.3,0.3,24.55721,44.92,1.028,1,0.0254,0,207.97,9.9381,-0.02257,0.61,0.3096,10.853,2.3156,61,CRITICAL,F3,3,1,cooling_degradation,0.6,1,1,,,,,18,0
2026-08-19T18:24:29.202Z,1787163869202,FAN_DT_001_F3_S06_R01_20260819T182135,1,173.452,FAULT_ACTIVE,F3,0.6,FAN_DT_001,3.0,process-model-3.0.0-build3,4956,1,LIVE,SYNCHRONISED,AUTOMATIC,NORMAL,65,1950,1950,0,145,145,0.3,0.3,24.54207,44.94,1.028,1,0.0254,0,207.97,9.9977,-0.02219,0.61,0.3096,10.671,2.3295,61,CRITICAL,F3,3,1,cooling_degradation,0.6,1,1,,,,,18,0
2026-08-19T18:24:30.247Z,1787163870247,FAN_DT_001_F3_S06_R01_20260819T182135,1,174.497,FAULT_ACTIVE,F3,0.6,FAN_DT_001,3.0,process-model-3.0.0-build3,4957,1,LIVE,SYNCHRONISED,AUTOMATIC,NORMAL,65,1950,1950,0,145,145,0.3,0.3,24.52713,44.96,1.028,1,0.0254,0,207.97,10.0574,-0.02182,0.61,0.3096,10.49,2.3434,61,CRITICAL,F3,3,1,cooling_degradation,0.6,1,1,,,,,18,0
2026-08-19T18:24:31.291Z,1787163871291,FAN_DT_001_F3_S06_R01_20260819T182135,1,175.541,FAULT_ACTIVE,F3,0.6,FAN_DT_001,3.0,process-model-3.0.0-build3,4958,1,LIVE,SYNCHRONISED,AUTOMATIC,NORMAL,65,1950,1950,0,145,145,0.3,0.3,24.51247,44.99,1.028,1,0.0254,0,207.97,10.1169,-0.02146,0.61,0.3096,10.319,2.3572,61,CRITICAL,F3,3,1,cooling_degradation,0.6,1,1,,,,,18,0
2026-08-19T18:24:32.355Z,1787163872355,FAN_DT_001_F3_S06_R01_20260819T182135,1,176.606,FAULT_ACTIVE,F3,0.6,FAN_DT_001,3.0,process-model-3.0.0-build3,4959,1,LIVE,SYNCHRONISED,AUTOMATIC,NORMAL,65,1950,1950,0,145,145,0.3,0.3,24.49803,45.01,1.028,1,0.0254,0,207.97,10.1767,-0.0211,0.61,0.3096,10.147,2.3712,61,CRITICAL,F3,3,1,cooling_degradation,0.6,1,1,,,,,18,0
2026-08-19T18:24:33.336Z,1787163873336,FAN_DT_001_F3_S06_R01_20260819T182135,1,177.586,FAULT_ACTIVE,F3,0.6,FAN_DT_001,3.0,process-model-3.0.0-build3,4960,1,LIVE,SYNCHRONISED,AUTOMATIC,NORMAL,65,1950,1950,0,145,145,0.3,0.3,24.48388,45.03,1.028,1,0.0254,0,207.97,10.2363,-0.02075,0.61,0.3096,9.976,2.3851,61,CRITICAL,F3,3,1,cooling_degradation,0.6,1,1,,,,,18,0
2026-08-19T18:24:34.373Z,1787163874373,FAN_DT_001_F3_S06_R01_20260819T182135,1,178.623,FAULT_ACTIVE,F3,0.6,FAN_DT_001,3.0,process-model-3.0.0-build3,4961,1,LIVE,SYNCHRONISED,AUTOMATIC,NORMAL,65,1950,1950,0,145,145,0.3,0.3,24.47002,45.05,1.028,1,0.0254,0,207.97,10.2958,-0.02039,0.61,0.3096,9.806,2.3989,61,CRITICAL,F3,3,1,cooling_degradation,0.6,1,1,,,,,18,0
2026-08-19T18:24:35.401Z,1787163875401,FAN_DT_001_F3_S06_R01_20260819T182135,1,179.651,FAULT_ACTIVE,F3,0.6,FAN_DT_001,3.0,process-model-3.0.0-build3,4962,1,LIVE,SYNCHRONISED,AUTOMATIC,NORMAL,65,1950,1950,0,145,145,0.3,0.3,24.45641,45.07,1.028,1,0.0254,0,207.97,10.3555,-0.02007,0.61,0.3096,9.652,2.4128,61,CRITICAL,F3,3,1,cooling_degradation,0.6,1,1,,,,,18,0
2026-08-19T18:24:36.438Z,1787163876438,FAN_DT_001_F3_S06_R01_20260819T182135,1,180.688,FAULT_ACTIVE,F3,0.6,FAN_DT_001,3.0,process-model-3.0.0-build3,4963,1,LIVE,SYNCHRONISED,AUTOMATIC,NORMAL,65,1950,1950,0,145,145,0.3,0.3,24.44308,45.09,1.028,1,0.0254,0,207.97,10.4151,-0.01974,0.61,0.3096,9.491,2.4267,61,CRITICAL,F3,3,1,cooling_degradation,0.6,1,1,,,,,18,0
2026-08-19T18:24:37.473Z,1787163877473,FAN_DT_001_F3_S06_R01_20260819T182135,1,181.723,FAULT_ACTIVE,F3,0.6,FAN_DT_001,3.0,process-model-3.0.0-build3,4964,1,LIVE,SYNCHRONISED,AUTOMATIC,NORMAL,65,1950,1950,0,145,145,0.3,0.3,24.43007,45.11,1.028,1,0.0254,0,207.97,10.4747,-0.0194,0.61,0.3096,9.33,2.4406,61,CRITICAL,F3,3,1,cooling_degradation,0.6,1,1,,,,,18,0
2026-08-19T18:24:38.918Z,1787163878918,FAN_DT_001_F3_S06_R01_20260819T182135,1,183.168,FAULT_ACTIVE,F3,0.6,FAN_DT_001,3.0,process-model-3.0.0-build3,4965,1,LIVE,SYNCHRONISED,AUTOMATIC,NORMAL,65,1950,1950,0,145,145,0.3,0.3,24.41732,45.13,1.028,1,0.0254,0,207.97,10.5344,-0.01907,0.61,0.3096,9.171,2.4545,61,CRITICAL,F3,3,1,cooling_degradation,0.6,1,1,,,,,18,0
2026-08-19T18:24:39.600Z,1787163879600,FAN_DT_001_F3_S06_R01_20260819T182135,1,183.85,FAULT_ACTIVE,F3,0.6,FAN_DT_001,3.0,process-model-3.0.0-build3,4966,1,LIVE,SYNCHRONISED,AUTOMATIC,NORMAL,65,1950,1950,0,145,145,0.3,0.3,24.40492,45.15,1.028,1,0.0254,0,207.97,10.5939,-0.01875,0.61,0.3096,9.017,2.4684,61,CRITICAL,F3,3,1,cooling_degradation,0.6,1,1,,,,,18,0
2026-08-19T18:24:40.623Z,1787163880623,FAN_DT_001_F3_S06_R01_20260819T182135,1,184.873,FAULT_ACTIVE,F3,0.6,FAN_DT_001,3.0,process-model-3.0.0-build3,4967,1,LIVE,SYNCHRONISED,AUTOMATIC,NORMAL,65,1950,1950,0,145,145,0.3,0.3,24.39276,45.17,1.028,1,0.0254,0,207.97,10.6538,-0.01844,0.61,0.3096,8.866,2.4823,61,CRITICAL,F3,3,1,cooling_degradation,0.6,1,1,,,,,18,0
2026-08-19T18:24:41.612Z,1787163881612,FAN_DT_001_F3_S06_R01_20260819T182135,1,185.862,FAULT_ACTIVE,F3,0.6,FAN_DT_001,3.0,process-model-3.0.0-build3,4968,1,LIVE,SYNCHRONISED,AUTOMATIC,NORMAL,65,1950,1950,0,145,145,0.3,0.3,24.38101,45.19,1.028,1,0.0254,0,207.97,10.7133,-0.01815,0.61,0.3096,8.727,2.4962,61,CRITICAL,F3,3,1,cooling_degradation,0.6,1,1,,,,,18,0
2026-08-19T18:24:42.647Z,1787163882647,FAN_DT_001_F3_S06_R01_20260819T182135,1,186.897,FAULT_ACTIVE,F3,0.6,FAN_DT_001,3.0,process-model-3.0.0-build3,4969,1,LIVE,SYNCHRONISED,AUTOMATIC,NORMAL,65,1950,1950,0,145,145,0.3,0.3,24.36952,45.21,1.028,1,0.0254,0,207.97,10.7731,-0.01786,0.61,0.3096,8.589,2.5101,61,CRITICAL,F3,3,1,cooling_degradation,0.6,1,1,,,,,18,0
2026-08-19T18:24:43.677Z,1787163883677,FAN_DT_001_F3_S06_R01_20260819T182135,1,187.927,FAULT_ACTIVE,F3,0.6,FAN_DT_001,3.0,process-model-3.0.0-build3,4970,1,LIVE,SYNCHRONISED,AUTOMATIC,NORMAL,65,1950,1950,0,145,145,0.3,0.3,24.35839,45.23,1.028,1,0.0254,0,207.97,10.8327,-0.01757,0.61,0.3096,8.449,2.524,61,CRITICAL,F3,3,1,cooling_degradation,0.6,1,1,,,,,18,0
2026-08-19T18:24:44.715Z,1787163884715,FAN_DT_001_F3_S06_R01_20260819T182135,1,188.965,FAULT_ACTIVE,F3,0.6,FAN_DT_001,3.0,process-model-3.0.0-build3,4971,1,LIVE,SYNCHRONISED,AUTOMATIC,NORMAL,65,1950,1950,0,145,145,0.3,0.3,24.34763,45.24,1.028,1,0.0254,0,207.97,10.8922,-0.01727,0.61,0.3096,8.303,2.5379,61,CRITICAL,F3,3,1,cooling_degradation,0.6,1,1,,,,,18,0
2026-08-19T18:24:45.742Z,1787163885742,FAN_DT_001_F3_S06_R01_20260819T182135,1,189.992,FAULT_ACTIVE,F3,0.6,FAN_DT_001,3.0,process-model-3.0.0-build3,4972,1,LIVE,SYNCHRONISED,AUTOMATIC,NORMAL,65,1950,1950,0,145,145,0.3,0.3,24.33717,45.26,1.028,1,0.0254,0,207.97,10.9519,-0.01701,0.61,0.3096,8.182,2.5518,61,CRITICAL,F3,3,1,cooling_degradation,0.6,1,1,,,,,18,0
2026-08-19T18:24:46.803Z,1787163886803,FAN_DT_001_F3_S06_R01_20260819T182135,1,191.054,FAULT_ACTIVE,F3,0.6,FAN_DT_001,3.0,process-model-3.0.0-build3,4973,1,LIVE,SYNCHRONISED,AUTOMATIC,NORMAL,65,1950,1950,0,145,145,0.3,0.3,24.3271,45.28,1.028,1,0.0254,0,207.97,11.0113,-0.01673,0.61,0.3096,8.046,2.5656,61,CRITICAL,F3,3,1,cooling_degradation,0.6,1,1,,,,,18,0
2026-08-19T18:24:47.818Z,1787163887818,FAN_DT_001_F3_S06_R01_20260819T182135,1,192.068,FAULT_ACTIVE,F3,0.6,FAN_DT_001,3.0,process-model-3.0.0-build3,4974,1,LIVE,SYNCHRONISED,AUTOMATIC,NORMAL,65,1950,1950,0,145,145,0.3,0.3,24.31735,45.3,1.028,1,0.0254,0,207.97,11.0709,-0.01646,0.61,0.3096,7.915,2.5795,61,CRITICAL,F3,3,1,cooling_degradation,0.6,1,1,,,,,18,0
2026-08-19T18:24:48.860Z,1787163888860,FAN_DT_001_F3_S06_R01_20260819T182135,1,193.11,FAULT_ACTIVE,F3,0.6,FAN_DT_001,3.0,process-model-3.0.0-build3,4975,1,LIVE,SYNCHRONISED,AUTOMATIC,NORMAL,65,1950,1950,0,145,145,0.3,0.3,24.30794,45.31,1.028,1,0.0254,0,207.97,11.1307,-0.01621,0.61,0.3096,7.796,2.5935,61,CRITICAL,F3,3,1,cooling_degradation,0.6,1,1,,,,,18,0
2026-08-19T18:24:49.884Z,1787163889884,FAN_DT_001_F3_S06_R01_20260819T182135,1,194.134,FAULT_ACTIVE,F3,0.6,FAN_DT_001,3.0,process-model-3.0.0-build3,4976,1,LIVE,SYNCHRONISED,AUTOMATIC,NORMAL,65,1950,1950,0,145,145,0.3,0.3,24.29895,45.33,1.028,1,0.0254,0,207.97,11.1901,-0.01596,0.61,0.3096,7.673,2.6073,61,CRITICAL,F3,3,1,cooling_degradation,0.6,1,1,,,,,18,0
2026-08-19T18:24:50.911Z,1787163890911,FAN_DT_001_F3_S06_R01_20260819T182135,1,195.161,FAULT_ACTIVE,F3,0.6,FAN_DT_001,3.0,process-model-3.0.0-build3,4977,1,LIVE,SYNCHRONISED,AUTOMATIC,NORMAL,65,1950,1950,0,145,145,0.3,0.3,24.29027,45.35,1.028,1,0.0254,0,207.97,11.2499,-0.01571,0.61,0.3096,7.556,2.6212,61,CRITICAL,F3,3,1,cooling_degradation,0.6,1,1,,,,,18,0
2026-08-19T18:24:51.943Z,1787163891943,FAN_DT_001_F3_S06_R01_20260819T182135,1,196.193,FAULT_ACTIVE,F3,0.6,FAN_DT_001,3.0,process-model-3.0.0-build3,4978,1,LIVE,SYNCHRONISED,AUTOMATIC,NORMAL,65,1950,1950,0,145,145,0.3,0.3,24.282,45.36,1.028,1,0.0254,0,207.97,11.3095,-0.01546,0.61,0.3096,7.434,2.6351,61,CRITICAL,F3,3,1,cooling_degradation,0.6,1,1,,,,,18,0
2026-08-19T18:24:52.974Z,1787163892974,FAN_DT_001_F3_S06_R01_20260819T182135,1,197.224,FAULT_ACTIVE,F3,0.6,FAN_DT_001,3.0,process-model-3.0.0-build3,4979,1,LIVE,SYNCHRONISED,AUTOMATIC,NORMAL,65,1950,1950,0,145,145,0.3,0.3,24.27414,45.38,1.028,1,0.0254,0,207.97,11.3688,-0.01523,0.61,0.3096,7.323,2.6489,61,CRITICAL,F3,3,1,cooling_degradation,0.6,1,1,,,,,18,0
2026-08-19T18:24:54.005Z,1787163894005,FAN_DT_001_F3_S06_R01_20260819T182135,1,198.256,FAULT_ACTIVE,F3,0.6,FAN_DT_001,3.0,process-model-3.0.0-build3,4980,1,LIVE,SYNCHRONISED,AUTOMATIC,NORMAL,65,1950,1950,0,145,145,0.3,0.3,24.2666,45.39,1.028,1,0.0254,0,207.97,11.4286,-0.015,0.61,0.3096,7.211,2.6629,61,CRITICAL,F3,3,1,cooling_degradation,0.6,1,1,,,,,18,0
2026-08-19T18:24:55.065Z,1787163895065,FAN_DT_001_F3_S06_R01_20260819T182135,1,199.315,FAULT_ACTIVE,F3,0.6,FAN_DT_001,3.0,process-model-3.0.0-build3,4981,1,LIVE,SYNCHRONISED,AUTOMATIC,NORMAL,65,1950,1950,0,145,145,0.3,0.3,24.25948,45.41,1.028,1,0.0254,0,207.97,11.4881,-0.01478,0.61,0.3096,7.108,2.6767,61,CRITICAL,F3,3,1,cooling_degradation,0.6,1,1,,,,,18,0
2026-08-19T18:24:56.097Z,1787163896097,FAN_DT_001_F3_S06_R01_20260819T182135,1,200.347,FAULT_ACTIVE,F3,0.6,FAN_DT_001,3.0,process-model-3.0.0-build3,4982,1,LIVE,SYNCHRONISED,AUTOMATIC,NORMAL,65,1950,1950,0,145,145,0.3,0.3,24.25271,45.42,1.028,1,0.0254,0,207.97,11.5479,-0.01457,0.61,0.3096,7.007,2.6906,61,CRITICAL,F3,3,1,cooling_degradation,0.6,1,1,,,,,18,0
2026-08-19T18:24:57.110Z,1787163897110,FAN_DT_001_F3_S06_R01_20260819T182135,1,201.36,FAULT_ACTIVE,F3,0.6,FAN_DT_001,3.0,process-model-3.0.0-build3,4983,1,LIVE,SYNCHRONISED,AUTOMATIC,NORMAL,65,1950,1950,0,145,145,0.3,0.3,24.24637,45.44,1.028,1,0.0254,0,207.97,11.6074,-0.01435,0.61,0.3096,6.9,2.7045,61,CRITICAL,F3,3,1,cooling_degradation,0.6,1,1,,,,,18,0
2026-08-19T18:24:58.171Z,1787163898171,FAN_DT_001_F3_S06_R01_20260819T182135,1,202.421,FAULT_ACTIVE,F3,0.6,FAN_DT_001,3.0,process-model-3.0.0-build3,4984,1,LIVE,SYNCHRONISED,AUTOMATIC,NORMAL,65,1950,1950,0,145,145,0.3,0.3,24.24039,45.45,1.028,1,0.0254,0,207.97,11.6671,-0.01416,0.61,0.3096,6.809,2.7184,61,CRITICAL,F3,3,1,cooling_degradation,0.6,1,1,,,,,18,0
2026-08-19T18:24:59.178Z,1787163899178,FAN_DT_001_F3_S06_R01_20260819T182135,1,203.428,FAULT_ACTIVE,F3,0.6,FAN_DT_001,3.0,process-model-3.0.0-build3,4985,1,LIVE,SYNCHRONISED,AUTOMATIC,NORMAL,65,1950,1950,0,145,145,0.3,0.3,24.23485,45.47,1.028,1,0.0254,0,207.97,11.7267,-0.01396,0.61,0.3096,6.712,2.7323,61,CRITICAL,F3,3,1,cooling_degradation,0.6,1,1,,,,,18,0
2026-08-19T18:25:00.378Z,1787163900378,FAN_DT_001_F3_S06_R01_20260819T182135,1,204.628,FAULT_ACTIVE,F3,0.6,FAN_DT_001,3.0,process-model-3.0.0-build3,4986,1,LIVE,SYNCHRONISED,AUTOMATIC,NORMAL,65,1950,1950,0,145,145,0.3,0.3,24.22969,45.48,1.028,1,0.0254,0,207.97,11.7863,-0.01378,0.61,0.3096,6.624,2.7462,61,CRITICAL,F3,3,1,cooling_degradation,0.6,1,1,,,,,18,0
2026-08-19T18:25:01.267Z,1787163901267,FAN_DT_001_F3_S06_R01_20260819T182135,1,205.517,FAULT_ACTIVE,F3,0.6,FAN_DT_001,3.0,process-model-3.0.0-build3,4987,1,LIVE,SYNCHRONISED,AUTOMATIC,NORMAL,65,1950,1950,0,145,145,0.3,0.3,24.22494,45.5,1.028,1,0.0254,0,207.97,11.846,-0.01358,0.61,0.3096,6.531,2.7601,61,CRITICAL,F3,3,1,cooling_degradation,0.6,1,1,,,,,18,0
2026-08-19T18:25:02.282Z,1787163902282,FAN_DT_001_F3_S06_R01_20260819T182135,1,206.533,FAULT_ACTIVE,F3,0.6,FAN_DT_001,3.0,process-model-3.0.0-build3,4988,1,LIVE,SYNCHRONISED,AUTOMATIC,NORMAL,65,1950,1950,0,145,145,0.3,0.3,24.2206,45.51,1.028,1,0.0254,0,207.97,11.9056,-0.0134,0.61,0.3096,6.441,2.774,61,CRITICAL,F3,3,1,cooling_degradation,0.6,1,1,,,,,18,0
2026-08-19T18:25:03.312Z,1787163903312,FAN_DT_001_F3_S06_R01_20260819T182135,1,207.562,FAULT_ACTIVE,F3,0.6,FAN_DT_001,3.0,process-model-3.0.0-build3,4989,1,LIVE,SYNCHRONISED,AUTOMATIC,NORMAL,65,1950,1950,0,145,145,0.3,0.3,24.21666,45.52,1.028,1,0.0254,0,207.97,11.9654,-0.01322,0.61,0.3096,6.355,2.7879,61,CRITICAL,F3,3,1,cooling_degradation,0.6,1,1,,,,,18,0
2026-08-19T18:25:04.352Z,1787163904352,FAN_DT_001_F3_S06_R01_20260819T182135,1,208.602,FAULT_ACTIVE,F3,0.6,FAN_DT_001,3.0,process-model-3.0.0-build3,4990,1,LIVE,SYNCHRONISED,AUTOMATIC,NORMAL,65,1950,1950,0,145,145,0.3,0.3,24.21314,45.54,1.028,1,0.0254,0,207.97,12.025,-0.01306,0.61,0.3096,6.281,2.8018,61,CRITICAL,F3,3,1,cooling_degradation,0.6,1,1,,,,,18,0
2026-08-19T18:25:05.384Z,1787163905384,FAN_DT_001_F3_S06_R01_20260819T182135,1,209.634,FAULT_ACTIVE,F3,0.6,FAN_DT_001,3.0,process-model-3.0.0-build3,4991,1,LIVE,SYNCHRONISED,AUTOMATIC,NORMAL,65,1950,1950,0,145,145,0.3,0.3,24.21003,45.55,1.028,1,0.0254,0,207.97,12.0847,-0.0129,0.61,0.3096,6.201,2.8157,61,CRITICAL,F3,3,1,cooling_degradation,0.6,1,1,,,,,18,0
2026-08-19T18:25:06.442Z,1787163906442,FAN_DT_001_F3_S06_R01_20260819T182135,1,210.692,FAULT_ACTIVE,F3,0.6,FAN_DT_001,3.0,process-model-3.0.0-build3,4992,1,LIVE,SYNCHRONISED,AUTOMATIC,NORMAL,65,1950,1950,0,145,145,0.3,0.3,24.20734,45.56,1.028,1,0.0254,0,207.97,12.1444,-0.01274,0.61,0.3096,6.128,2.8297,61,CRITICAL,F3,3,1,cooling_degradation,0.6,1,1,,,,,18,0
2026-08-19T18:25:07.424Z,1787163907424,FAN_DT_001_F3_S06_R01_20260819T182135,1,211.674,FAULT_ACTIVE,F3,0.6,FAN_DT_001,3.0,process-model-3.0.0-build3,4993,1,LIVE,SYNCHRONISED,AUTOMATIC,NORMAL,65,1950,1950,0,145,145,0.3,0.3,24.20506,45.58,1.028,1,0.0254,0,207.97,12.2041,-0.01258,0.61,0.3096,6.049,2.8436,61,CRITICAL,F3,3,1,cooling_degradation,0.6,1,1,,,,,18,0
2026-08-19T18:25:08.453Z,1787163908453,FAN_DT_001_F3_S06_R01_20260819T182135,1,212.703,FAULT_ACTIVE,F3,0.6,FAN_DT_001,3.0,process-model-3.0.0-build3,4994,1,LIVE,SYNCHRONISED,AUTOMATIC,NORMAL,65,1950,1950,0,145,145,0.3,0.3,24.20326,45.59,1.028,1,0.0254,0,207.97,12.2619,-0.01245,0.61,0.3096,5.987,2.857,61,CRITICAL,F3,3,1,cooling_degradation,0.6,1,1,,,,,18,0
2026-08-19T18:25:09.496Z,1787163909496,FAN_DT_001_F3_S06_R01_20260819T182135,1,213.746,FAULT_ACTIVE,F3,0.6,FAN_DT_001,3.0,process-model-3.0.0-build3,4995,1,LIVE,SYNCHRONISED,AUTOMATIC,NORMAL,65,1950,1950,0,145,145,0.3,0.3,24.20182,45.6,1.028,1,0.0254,0,207.97,12.3214,-0.01231,0.61,0.3096,5.92,2.8709,61,CRITICAL,F3,3,1,cooling_degradation,0.6,1,1,,,,,18,0
2026-08-19T18:25:10.524Z,1787163910524,FAN_DT_001_F3_S06_R01_20260819T182135,1,214.774,FAULT_ACTIVE,F3,0.6,FAN_DT_001,3.0,process-model-3.0.0-build3,4996,1,LIVE,SYNCHRONISED,AUTOMATIC,NORMAL,65,1950,1950,0,145,145,0.3,0.3,24.20079,45.62,1.028,1,0.0254,0,207.97,12.3813,-0.01217,0.61,0.3096,5.852,2.8849,61,CRITICAL,F3,3,1,cooling_degradation,0.6,1,1,,,,,18,0
2026-08-19T18:25:11.559Z,1787163911559,FAN_DT_001_F3_S06_R01_20260819T182135,1,215.809,FAULT_ACTIVE,F3,0.6,FAN_DT_001,3.0,process-model-3.0.0-build3,4997,1,LIVE,SYNCHRONISED,AUTOMATIC,NORMAL,65,1950,1950,0,145,145,0.3,0.3,24.20019,45.63,1.028,1,0.0254,0,207.97,12.4407,-0.01205,0.61,0.3096,5.795,2.8987,61,CRITICAL,F3,3,1,cooling_degradation,0.6,1,1,,,,,18,0
2026-08-19T18:25:12.619Z,1787163912619,FAN_DT_001_F3_S06_R01_20260819T182135,1,216.869,FAULT_ACTIVE,F3,0.6,FAN_DT_001,3.0,process-model-3.0.0-build3,4998,1,LIVE,SYNCHRONISED,AUTOMATIC,NORMAL,65,1950,1950,0,145,145,0.3,0.3,24.2,45.64,1.028,1,0.0254,0,207.97,12.5005,-0.01193,0.61,0.3096,5.736,2.9126,61,CRITICAL,F3,3,1,cooling_degradation,0.6,1,1,,,,,18,0
2026-08-19T18:25:13.657Z,1787163913657,FAN_DT_001_F3_S06_R01_20260819T182135,1,217.908,FAULT_ACTIVE,F3,0.6,FAN_DT_001,3.0,process-model-3.0.0-build3,4999,1,LIVE,SYNCHRONISED,AUTOMATIC,NORMAL,65,1950,1950,0,145,145,0.3,0.3,24.20024,45.65,1.028,1,0.0254,0,207.97,12.5602,-0.01179,0.61,0.3096,5.67,2.9265,61,CRITICAL,F3,3,1,cooling_degradation,0.6,1,1,,,,,18,0
2026-08-19T18:25:14.668Z,1787163914668,FAN_DT_001_F3_S06_R01_20260819T182135,1,218.918,FAULT_ACTIVE,F3,0.6,FAN_DT_001,3.0,process-model-3.0.0-build3,5000,1,LIVE,SYNCHRONISED,AUTOMATIC,NORMAL,65,1950,1950,0,145,145,0.3,0.3,24.2009,45.67,1.028,1,0.0254,0,207.97,12.6198,-0.01169,0.61,0.3096,5.619,2.9404,61,CRITICAL,F3,3,1,cooling_degradation,0.6,1,1,,,,,18,0
2026-08-19T18:25:15.696Z,1787163915696,FAN_DT_001_F3_S06_R01_20260819T182135,1,219.946,FAULT_ACTIVE,F3,0.6,FAN_DT_001,3.0,process-model-3.0.0-build3,5001,1,LIVE,SYNCHRONISED,AUTOMATIC,NORMAL,65,1950,1950,0,145,145,0.3,0.3,24.20198,45.68,1.028,1,0.0254,0,207.97,12.6796,-0.01159,0.61,0.3096,5.573,2.9543,61,CRITICAL,F3,3,1,cooling_degradation,0.6,1,1,,,,,18,0
2026-08-19T18:25:16.747Z,1787163916747,FAN_DT_001_F3_S06_R01_20260819T182135,1,220.997,FAULT_ACTIVE,F3,0.6,FAN_DT_001,3.0,process-model-3.0.0-build3,5002,1,LIVE,SYNCHRONISED,AUTOMATIC,NORMAL,65,1950,1950,0,145,145,0.3,0.3,24.20347,45.69,1.028,1,0.0254,0,207.97,12.739,-0.01147,0.61,0.3096,5.517,2.9682,61,CRITICAL,F3,3,1,cooling_degradation,0.6,1,1,,,,,18,0
2026-08-19T18:25:17.801Z,1787163917801,FAN_DT_001_F3_S06_R01_20260819T182135,1,222.051,FAULT_ACTIVE,F3,0.6,FAN_DT_001,3.0,process-model-3.0.0-build3,5003,1,LIVE,SYNCHRONISED,AUTOMATIC,NORMAL,65,1950,1950,0,145,145,0.3,0.3,24.20539,45.7,1.028,1,0.0254,0,207.97,12.7987,-0.01138,0.61,0.3096,5.474,2.9821,61,CRITICAL,F3,3,1,cooling_degradation,0.6,1,1,,,,,18,0
2026-08-19T18:25:18.800Z,1787163918800,FAN_DT_001_F3_S06_R01_20260819T182135,1,223.05,FAULT_ACTIVE,F3,0.6,FAN_DT_001,3.0,process-model-3.0.0-build3,5004,1,LIVE,SYNCHRONISED,AUTOMATIC,NORMAL,65,1950,1950,0,145,145,0.3,0.3,24.20772,45.71,1.028,1,0.0254,0,207.97,12.8582,-0.0113,0.61,0.3096,5.432,2.996,61,CRITICAL,F3,3,1,cooling_degradation,0.6,1,1,,,,,18,0
2026-08-19T18:25:19.837Z,1787163919837,FAN_DT_001_F3_S06_R01_20260819T182135,1,224.087,FAULT_ACTIVE,F3,0.6,FAN_DT_001,3.0,process-model-3.0.0-build3,5005,1,LIVE,SYNCHRONISED,AUTOMATIC,NORMAL,65,1950,1950,0,145,145,0.3,0.3,24.21048,45.72,1.028,1,0.0254,0,207.97,12.9179,-0.0112,0.61,0.3096,5.385,3.0099,61,CRITICAL,F3,3,1,cooling_degradation,0.6,1,1,,,,,18,0
2026-08-19T18:25:20.865Z,1787163920865,FAN_DT_001_F3_S06_R01_20260819T182135,1,225.115,FAULT_ACTIVE,F3,0.6,FAN_DT_001,3.0,process-model-3.0.0-build3,5006,1,LIVE,SYNCHRONISED,AUTOMATIC,NORMAL,65,1950,1950,0,145,145,0.3,0.3,24.21363,45.74,1.028,1,0.0254,0,207.97,12.9774,-0.01113,0.61,0.3096,5.35,3.0237,61,CRITICAL,F3,3,1,cooling_degradation,0.6,1,1,,,,,18,0
2026-08-19T18:25:21.932Z,1787163921932,FAN_DT_001_F3_S06_R01_20260819T182135,1,226.182,FAULT_ACTIVE,F3,0.6,FAN_DT_001,3.0,process-model-3.0.0-build3,5007,1,LIVE,SYNCHRONISED,AUTOMATIC,NORMAL,65,1950,1950,0,145,145,0.3,0.3,24.21723,45.75,1.028,1,0.0254,0,207.97,13.0372,-0.01105,0.61,0.3096,5.314,3.0377,61,CRITICAL,F3,3,1,cooling_degradation,0.6,1,1,,,,,18,0
2026-08-19T18:25:23.024Z,1787163923024,FAN_DT_001_F3_S06_R01_20260819T182135,1,227.274,FAULT_ACTIVE,F3,0.6,FAN_DT_001,3.0,process-model-3.0.0-build3,5008,1,LIVE,SYNCHRONISED,AUTOMATIC,NORMAL,65,1950,1950,0,145,145,0.3,0.3,24.22124,45.76,1.028,1,0.0254,0,207.97,13.0971,-0.01098,0.61,0.3096,5.279,3.0516,61,CRITICAL,F3,3,1,cooling_degradation,0.6,1,1,,,,,18,0
2026-08-19T18:25:23.984Z,1787163923984,FAN_DT_001_F3_S06_R01_20260819T182135,1,228.234,FAULT_ACTIVE,F3,0.6,FAN_DT_001,3.0,process-model-3.0.0-build3,5009,1,LIVE,SYNCHRONISED,AUTOMATIC,NORMAL,65,1950,1950,0,145,145,0.3,0.3,24.22568,45.77,1.028,1,0.0254,0,207.97,13.1572,-0.0109,0.61,0.3096,5.243,3.0656,61,CRITICAL,F3,3,1,cooling_degradation,0.6,1,1,,,,,18,0
2026-08-19T18:25:25.012Z,1787163925012,FAN_DT_001_F3_S06_R01_20260819T182135,1,229.262,FAULT_ACTIVE,F3,0.6,FAN_DT_001,3.0,process-model-3.0.0-build3,5010,1,LIVE,SYNCHRONISED,AUTOMATIC,NORMAL,65,1950,1950,0,145,145,0.3,0.3,24.23047,45.78,1.028,1,0.0254,0,207.97,13.2165,-0.01083,0.61,0.3096,5.207,3.0795,61,CRITICAL,F3,3,1,cooling_degradation,0.6,1,1,,,,,18,0
2026-08-19T18:25:26.050Z,1787163926050,FAN_DT_001_F3_S06_R01_20260819T182135,1,230.3,FAULT_ACTIVE,F3,0.6,FAN_DT_001,3.0,process-model-3.0.0-build3,5011,1,LIVE,SYNCHRONISED,AUTOMATIC,NORMAL,65,1950,1950,0,145,145,0.3,0.3,24.23571,45.79,1.028,1,0.0254,0,207.97,13.2764,-0.01078,0.61,0.3096,5.185,3.0934,61,CRITICAL,F3,3,1,cooling_degradation,0.6,1,1,,,,,18,0
2026-08-19T18:25:27.082Z,1787163927082,FAN_DT_001_F3_S06_R01_20260819T182135,1,231.332,FAULT_ACTIVE,F3,0.6,FAN_DT_001,3.0,process-model-3.0.0-build3,5012,1,LIVE,SYNCHRONISED,AUTOMATIC,NORMAL,65,1950,1950,0,145,145,0.3,0.3,24.24134,45.8,1.028,1,0.0254,0,207.97,13.3361,-0.01073,0.61,0.3096,5.16,3.1073,61,CRITICAL,F3,3,1,cooling_degradation,0.6,1,1,,,,,18,0
2026-08-19T18:25:28.114Z,1787163928114,FAN_DT_001_F3_S06_R01_20260819T182135,1,232.364,FAULT_ACTIVE,F3,0.6,FAN_DT_001,3.0,process-model-3.0.0-build3,5013,1,LIVE,SYNCHRONISED,AUTOMATIC,NORMAL,65,1950,1950,0,145,145,0.3,0.3,24.24738,45.81,1.028,1,0.0254,0,207.97,13.396,-0.01069,0.61,0.3096,5.139,3.1213,61,CRITICAL,F3,3,1,cooling_degradation,0.6,1,1,,,,,18,0
2026-08-19T18:25:29.179Z,1787163929179,FAN_DT_001_F3_S06_R01_20260819T182135,1,233.429,FAULT_ACTIVE,F3,0.6,FAN_DT_001,3.0,process-model-3.0.0-build3,5014,1,LIVE,SYNCHRONISED,AUTOMATIC,NORMAL,65,1950,1950,0,145,145,0.3,0.3,24.25377,45.83,1.028,1,0.0254,0,207.97,13.4553,-0.01062,0.61,0.3096,5.108,3.1351,61,CRITICAL,F3,3,1,cooling_degradation,0.6,1,1,,,,,18,0
2026-08-19T18:25:30.188Z,1787163930188,FAN_DT_001_F3_S06_R01_20260819T182135,1,234.438,FAULT_ACTIVE,F3,0.6,FAN_DT_001,3.0,process-model-3.0.0-build3,5015,1,LIVE,SYNCHRONISED,AUTOMATIC,NORMAL,65,1950,1950,0,145,145,0.3,0.3,24.2606,45.84,1.028,1,0.0254,0,207.97,13.5152,-0.0106,0.61,0.3096,5.095,3.149,61,CRITICAL,F3,3,1,cooling_degradation,0.6,1,1,,,,,18,0
2026-08-19T18:25:31.217Z,1787163931217,FAN_DT_001_F3_S06_R01_20260819T182135,1,235.467,FAULT_ACTIVE,F3,0.6,FAN_DT_001,3.0,process-model-3.0.0-build3,5016,1,LIVE,SYNCHRONISED,AUTOMATIC,NORMAL,65,1950,1950,0,145,145,0.3,0.3,24.26779,45.85,1.028,1,0.0254,0,207.97,13.5747,-0.01056,0.61,0.3096,5.08,3.1629,61,CRITICAL,F3,3,1,cooling_degradation,0.6,1,1,,,,,18,0
2026-08-19T18:25:32.251Z,1787163932251,FAN_DT_001_F3_S06_R01_20260819T182135,1,236.502,FAULT_ACTIVE,F3,0.6,FAN_DT_001,3.0,process-model-3.0.0-build3,5017,1,LIVE,SYNCHRONISED,AUTOMATIC,NORMAL,65,1950,1950,0,145,145,0.3,0.3,24.2754,45.86,1.028,1,0.0254,0,207.97,13.6345,-0.01052,0.61,0.3096,5.059,3.1768,61,CRITICAL,F3,3,1,cooling_degradation,0.6,1,1,,,,,18,0
2026-08-19T18:25:33.285Z,1787163933285,FAN_DT_001_F3_S06_R01_20260819T182135,1,237.535,FAULT_ACTIVE,F3,0.6,FAN_DT_001,3.0,process-model-3.0.0-build3,5018,1,LIVE,SYNCHRONISED,AUTOMATIC,NORMAL,65,1950,1950,0,145,145,0.3,0.3,24.28334,45.87,1.028,1,0.0254,0,207.97,13.6939,-0.01049,0.61,0.3096,5.044,3.1907,61,CRITICAL,F3,3,1,cooling_degradation,0.6,1,1,,,,,18,0
2026-08-19T18:25:34.350Z,1787163934350,FAN_DT_001_F3_S06_R01_20260819T182135,1,238.601,FAULT_ACTIVE,F3,0.6,FAN_DT_001,3.0,process-model-3.0.0-build3,5019,1,LIVE,SYNCHRONISED,AUTOMATIC,NORMAL,65,1950,1950,0,145,145,0.3,0.3,24.29173,45.88,1.028,1,0.0254,0,207.97,13.7539,-0.01047,0.61,0.3096,5.034,3.2046,61,CRITICAL,F3,3,1,cooling_degradation,0.6,1,1,,,,,18,0
2026-08-19T18:25:35.377Z,1787163935377,FAN_DT_001_F3_S06_R01_20260819T182135,1,239.628,FAULT_ACTIVE,F3,0.6,FAN_DT_001,3.0,process-model-3.0.0-build3,5020,1,LIVE,SYNCHRONISED,AUTOMATIC,NORMAL,65,1950,1950,0,145,145,0.3,0.3,24.30042,45.89,1.028,1,0.0254,0,207.97,13.8134,-0.01043,0.61,0.3096,5.016,3.2185,61,CRITICAL,F3,3,1,cooling_degradation,0.6,1,1,,,,,18,0
2026-08-19T18:25:36.449Z,1787163936449,FAN_DT_001_F3_S06_R01_20260819T182135,1,240.699,FAULT_ACTIVE,F3,0.6,FAN_DT_001,3.0,process-model-3.0.0-build3,5021,1,LIVE,SYNCHRONISED,AUTOMATIC,NORMAL,65,1950,1950,0,145,145,0.3,0.3,24.30954,45.9,1.028,1,0.0254,0,207.97,13.8732,-0.01043,0.61,0.3096,5.016,3.2325,61,CRITICAL,F3,3,1,cooling_degradation,0.6,1,1,,,,,18,0
2026-08-19T18:25:37.462Z,1787163937462,FAN_DT_001_F3_S06_R01_20260819T182135,1,241.712,FAULT_ACTIVE,F3,0.6,FAN_DT_001,3.0,process-model-3.0.0-build3,5022,1,LIVE,SYNCHRONISED,AUTOMATIC,NORMAL,65,1950,1950,0,145,145,0.3,0.3,24.31896,45.91,1.028,1,0.0254,0,207.97,13.9327,-0.01043,0.61,0.3096,5.013,3.2463,61,CRITICAL,F3,3,1,cooling_degradation,0.6,1,1,,,,,18,0
2026-08-19T18:25:38.433Z,1787163938433,FAN_DT_001_F3_S06_R01_20260819T182135,1,242.683,FAULT_ACTIVE,F3,0.6,FAN_DT_001,3.0,process-model-3.0.0-build3,5023,1,LIVE,SYNCHRONISED,AUTOMATIC,NORMAL,65,1950,1950,0,145,145,0.3,0.3,24.32893,45.92,1.028,1,0.0254,0,207.97,13.9932,-0.01042,0.61,0.3096,5.008,3.2604,61,CRITICAL,F3,3,1,cooling_degradation,0.6,1,1,,,,,18,0
2026-08-19T18:25:39.462Z,1787163939462,FAN_DT_001_F3_S06_R01_20260819T182135,1,243.713,FAULT_ACTIVE,F3,0.6,FAN_DT_001,3.0,process-model-3.0.0-build3,5024,1,LIVE,SYNCHRONISED,AUTOMATIC,NORMAL,65,1950,1950,0,145,145,0.3,0.3,24.33864,45.93,1.028,1,0.0254,0,207.97,14.0503,-0.0104,0.61,0.3096,4.999,3.2737,61,CRITICAL,F3,3,1,cooling_degradation,0.6,1,1,,,,,18,0
2026-08-19T18:25:40.557Z,1787163940557,FAN_DT_001_F3_S06_R01_20260819T182135,1,244.807,FAULT_ACTIVE,F3,0.6,FAN_DT_001,3.0,process-model-3.0.0-build3,5025,1,LIVE,SYNCHRONISED,AUTOMATIC,NORMAL,65,1950,1950,0,145,145,0.3,0.3,24.34919,45.94,1.028,1,0.0254,0,207.97,14.1102,-0.01038,0.61,0.3096,4.993,3.2877,61,CRITICAL,F3,3,1,cooling_degradation,0.6,1,1,,,,,18,0
2026-08-19T18:25:41.545Z,1787163941545,FAN_DT_001_F3_S06_R01_20260819T182135,1,245.795,FAULT_ACTIVE,F3,0.6,FAN_DT_001,3.0,process-model-3.0.0-build3,5026,1,LIVE,SYNCHRONISED,AUTOMATIC,NORMAL,65,1950,1950,0,145,145,0.3,0.3,24.36,45.95,1.028,1,0.0254,0,207.97,14.1696,-0.0104,0.61,0.3096,5.003,3.3015,61,CRITICAL,F3,3,1,cooling_degradation,0.6,1,1,,,,,18,0
2026-08-19T18:25:42.564Z,1787163942564,FAN_DT_001_F3_S06_R01_20260819T182135,1,246.815,FAULT_ACTIVE,F3,0.6,FAN_DT_001,3.0,process-model-3.0.0-build3,5027,1,LIVE,SYNCHRONISED,AUTOMATIC,NORMAL,65,1950,1950,0,145,145,0.3,0.3,24.37119,45.97,1.028,1,0.0254,0,207.97,14.2293,-0.01042,0.61,0.3096,5.008,3.3154,61,CRITICAL,F3,3,1,cooling_degradation,0.6,1,1,,,,,18,0
2026-08-19T18:25:43.595Z,1787163943595,FAN_DT_001_F3_S06_R01_20260819T182135,1,247.845,FAULT_ACTIVE,F3,0.6,FAN_DT_001,3.0,process-model-3.0.0-build3,5028,1,LIVE,SYNCHRONISED,AUTOMATIC,NORMAL,65,1950,1950,0,145,145,0.3,0.3,24.3827,45.98,1.028,1,0.0254,0,207.97,14.289,-0.0104,0.61,0.3096,5.003,3.3293,61,CRITICAL,F3,3,1,cooling_degradation,0.6,1,1,,,,,18,0
2026-08-19T18:25:44.632Z,1787163944632,FAN_DT_001_F3_S06_R01_20260819T182135,1,248.882,FAULT_ACTIVE,F3,0.6,FAN_DT_001,3.0,process-model-3.0.0-build3,5029,1,LIVE,SYNCHRONISED,AUTOMATIC,NORMAL,65,1950,1950,0,145,145,0.3,0.3,24.39451,45.99,1.028,1,0.0254,0,207.97,14.3485,-0.01042,0.61,0.3096,5.009,3.3432,61,CRITICAL,F3,3,1,cooling_degradation,0.6,1,1,,,,,18,0
2026-08-19T18:25:45.667Z,1787163945667,FAN_DT_001_F3_S06_R01_20260819T182135,1,249.917,FAULT_ACTIVE,F3,0.6,FAN_DT_001,3.0,process-model-3.0.0-build3,5030,1,LIVE,SYNCHRONISED,AUTOMATIC,NORMAL,65,1950,1950,0,145,145,0.3,0.3,24.40671,46,1.028,1,0.0254,0,207.97,14.4083,-0.01044,0.61,0.3096,5.022,3.3571,61,CRITICAL,F3,3,1,cooling_degradation,0.6,1,1,,,,,18,0
2026-08-19T18:25:46.704Z,1787163946704,FAN_DT_001_F3_S06_R01_20260819T182135,1,250.954,FAULT_ACTIVE,F3,0.6,FAN_DT_001,3.0,process-model-3.0.0-build3,5031,1,LIVE,SYNCHRONISED,AUTOMATIC,NORMAL,65,1950,1950,0,145,145,0.3,0.3,24.41914,46.01,1.028,1,0.0254,0,207.97,14.4678,-0.01045,0.61,0.3096,5.027,3.371,61,CRITICAL,F3,3,1,cooling_degradation,0.6,1,1,,,,,18,0
2026-08-19T18:25:47.752Z,1787163947752,FAN_DT_001_F3_S06_R01_20260819T182135,1,252.002,FAULT_ACTIVE,F3,0.6,FAN_DT_001,3.0,process-model-3.0.0-build3,5032,1,LIVE,SYNCHRONISED,AUTOMATIC,NORMAL,65,1950,1950,0,145,145,0.3,0.3,24.43193,46.02,1.028,1,0.0254,0,207.97,14.5275,-0.01047,0.61,0.3096,5.037,3.3849,61,CRITICAL,F3,3,1,cooling_degradation,0.6,1,1,,,,,18,0
2026-08-19T18:25:48.785Z,1787163948785,FAN_DT_001_F3_S06_R01_20260819T182135,1,253.035,FAULT_ACTIVE,F3,0.6,FAN_DT_001,3.0,process-model-3.0.0-build3,5033,1,LIVE,SYNCHRONISED,AUTOMATIC,NORMAL,65,1950,1950,0,145,145,0.3,0.3,24.44496,46.03,1.028,1,0.0254,0,207.97,14.5869,-0.01049,0.61,0.3096,5.044,3.3988,61,CRITICAL,F3,3,1,cooling_degradation,0.6,1,1,,,,,18,0
2026-08-19T18:25:49.800Z,1787163949800,FAN_DT_001_F3_S06_R01_20260819T182135,1,254.05,FAULT_ACTIVE,F3,0.6,FAN_DT_001,3.0,process-model-3.0.0-build3,5034,1,LIVE,SYNCHRONISED,AUTOMATIC,NORMAL,65,1950,1950,0,145,145,0.3,0.3,24.45833,46.04,1.028,1,0.0254,0,207.97,14.6467,-0.01051,0.61,0.3096,5.052,3.4127,61,CRITICAL,F3,3,1,cooling_degradation,0.6,1,1,,,,,18,0
2026-08-19T18:25:50.833Z,1787163950833,FAN_DT_001_F3_S06_R01_20260819T182135,1,255.083,FAULT_ACTIVE,F3,0.6,FAN_DT_001,3.0,process-model-3.0.0-build3,5035,1,LIVE,SYNCHRONISED,AUTOMATIC,NORMAL,65,1950,1950,0,145,145,0.3,0.3,24.47192,46.05,1.028,1,0.0254,0,207.97,14.706,-0.01055,0.61,0.3096,5.072,3.4265,61,CRITICAL,F3,3,1,cooling_degradation,0.6,1,1,,,,,18,0
2026-08-19T18:25:51.861Z,1787163951861,FAN_DT_001_F3_S06_R01_20260819T182135,1,256.111,FAULT_ACTIVE,F3,0.6,FAN_DT_001,3.0,process-model-3.0.0-build3,5036,1,LIVE,SYNCHRONISED,AUTOMATIC,NORMAL,65,1950,1950,0,145,145,0.3,0.3,24.48584,46.06,1.028,1,0.0254,0,207.97,14.7657,-0.01057,0.61,0.3096,5.081,3.4404,61,CRITICAL,F3,3,1,cooling_degradation,0.6,1,1,,,,,18,0
2026-08-19T18:25:52.888Z,1787163952888,FAN_DT_001_F3_S06_R01_20260819T182135,1,257.138,FAULT_ACTIVE,F3,0.6,FAN_DT_001,3.0,process-model-3.0.0-build3,5037,1,LIVE,SYNCHRONISED,AUTOMATIC,NORMAL,65,1950,1950,0,145,145,0.3,0.3,24.50002,46.07,1.028,1,0.0254,0,207.97,14.8252,-0.0106,0.61,0.3096,5.097,3.4543,61,CRITICAL,F3,3,1,cooling_degradation,0.6,1,1,,,,,18,0
2026-08-19T18:25:53.925Z,1787163953925,FAN_DT_001_F3_S06_R01_20260819T182135,1,258.175,FAULT_ACTIVE,F3,0.6,FAN_DT_001,3.0,process-model-3.0.0-build3,5038,1,LIVE,SYNCHRONISED,AUTOMATIC,NORMAL,65,1950,1950,0,145,145,0.3,0.3,24.51438,46.08,1.028,1,0.0254,0,207.97,14.8844,-0.01065,0.61,0.3096,5.122,3.4681,61,CRITICAL,F3,3,1,cooling_degradation,0.6,1,1,,,,,18,0
2026-08-19T18:25:54.954Z,1787163954954,FAN_DT_001_F3_S06_R01_20260819T182135,1,259.204,FAULT_ACTIVE,F3,0.6,FAN_DT_001,3.0,process-model-3.0.0-build3,5039,1,LIVE,SYNCHRONISED,AUTOMATIC,NORMAL,65,1950,1950,0,145,145,0.3,0.3,24.52911,46.1,1.028,1,0.0254,0,207.97,14.9442,-0.01069,0.61,0.3096,5.139,3.482,61,CRITICAL,F3,3,1,cooling_degradation,0.6,1,1,,,,,18,0
2026-08-19T18:25:56.016Z,1787163956016,FAN_DT_001_F3_S06_R01_20260819T182135,1,260.266,FAULT_ACTIVE,F3,0.6,FAN_DT_001,3.0,process-model-3.0.0-build3,5040,1,LIVE,SYNCHRONISED,AUTOMATIC,NORMAL,65,1950,1950,0,145,145,0.3,0.3,24.54402,46.11,1.028,1,0.0254,0,207.97,15.0036,-0.01072,0.61,0.3096,5.156,3.4958,61,CRITICAL,F3,3,1,cooling_degradation,0.6,1,1,,,,,18,0
2026-08-19T18:25:57.022Z,1787163957022,FAN_DT_001_F3_S06_R01_20260819T182135,1,261.272,FAULT_ACTIVE,F3,0.6,FAN_DT_001,3.0,process-model-3.0.0-build3,5041,1,LIVE,SYNCHRONISED,AUTOMATIC,NORMAL,65,1950,1950,0,145,145,0.3,0.3,24.55925,46.12,1.028,1,0.0254,0,207.97,15.0633,-0.01075,0.61,0.3096,5.168,3.5098,61,CRITICAL,F3,3,1,cooling_degradation,0.6,1,1,,,,,18,0
2026-08-19T18:25:58.060Z,1787163958060,FAN_DT_001_F3_S06_R01_20260819T182135,1,262.31,FAULT_ACTIVE,F3,0.6,FAN_DT_001,3.0,process-model-3.0.0-build3,5042,1,LIVE,SYNCHRONISED,AUTOMATIC,NORMAL,65,1950,1950,0,145,145,0.3,0.3,24.57463,46.13,1.028,1,0.0254,0,207.97,15.1228,-0.01081,0.61,0.3096,5.197,3.5236,61,CRITICAL,F3,3,1,cooling_degradation,0.6,1,1,,,,,18,0
2026-08-19T18:25:59.092Z,1787163959092,FAN_DT_001_F3_S06_R01_20260819T182135,1,263.342,FAULT_ACTIVE,F3,0.6,FAN_DT_001,3.0,process-model-3.0.0-build3,5043,1,LIVE,SYNCHRONISED,AUTOMATIC,NORMAL,65,1950,1950,0,145,145,0.3,0.3,24.59033,46.14,1.028,1,0.0254,0,207.97,15.1826,-0.01085,0.61,0.3096,5.216,3.5376,61,CRITICAL,F3,3,1,cooling_degradation,0.6,1,1,,,,,18,0
2026-08-19T18:26:00.127Z,1787163960127,FAN_DT_001_F3_S06_R01_20260819T182135,1,264.377,FAULT_ACTIVE,F3,0.6,FAN_DT_001,3.0,process-model-3.0.0-build3,5044,1,LIVE,SYNCHRONISED,AUTOMATIC,NORMAL,65,1950,1950,0,145,145,0.3,0.3,24.60615,46.15,1.028,1,0.0254,0,207.97,15.2421,-0.0109,0.61,0.3096,5.239,3.5514,61,CRITICAL,F3,3,1,cooling_degradation,0.6,1,1,,,,,18,0
2026-08-19T18:26:01.168Z,1787163961168,FAN_DT_001_F3_S06_R01_20260819T182135,1,265.418,FAULT_ACTIVE,F3,0.6,FAN_DT_001,3.0,process-model-3.0.0-build3,5045,1,LIVE,SYNCHRONISED,AUTOMATIC,NORMAL,65,1950,1950,0,145,145,0.3,0.3,24.62223,46.16,1.028,1,0.0254,0,207.97,15.3017,-0.01093,0.61,0.3096,5.255,3.5653,61,CRITICAL,F3,3,1,cooling_degradation,0.6,1,1,,,,,18,0
2026-08-19T18:26:02.188Z,1787163962188,FAN_DT_001_F3_S06_R01_20260819T182135,1,266.438,FAULT_ACTIVE,F3,0.6,FAN_DT_001,3.0,process-model-3.0.0-build3,5046,1,LIVE,SYNCHRONISED,AUTOMATIC,NORMAL,65,1950,1950,0,145,145,0.3,0.3,24.63848,46.17,1.028,1,0.0254,0,207.97,15.3613,-0.01098,0.61,0.3096,5.281,3.5792,61,CRITICAL,F3,3,1,cooling_degradation,0.6,1,1,,,,,18,0
2026-08-19T18:26:03.225Z,1787163963225,FAN_DT_001_F3_S06_R01_20260819T182135,1,267.475,FAULT_ACTIVE,F3,0.6,FAN_DT_001,3.0,process-model-3.0.0-build3,5047,1,LIVE,SYNCHRONISED,AUTOMATIC,NORMAL,65,1950,1950,0,145,145,0.3,0.3,24.65493,46.19,1.028,1,0.0254,0,207.97,15.4208,-0.01102,0.61,0.3096,5.301,3.5931,61,CRITICAL,F3,3,1,cooling_degradation,0.6,1,1,,,,,18,0
2026-08-19T18:26:04.256Z,1787163964256,FAN_DT_001_F3_S06_R01_20260819T182135,1,268.506,FAULT_ACTIVE,F3,0.6,FAN_DT_001,3.0,process-model-3.0.0-build3,5048,1,LIVE,SYNCHRONISED,AUTOMATIC,NORMAL,65,1950,1950,0,145,145,0.3,0.3,24.67162,46.2,1.028,1,0.0254,0,207.97,15.4807,-0.01108,0.61,0.3096,5.33,3.607,61,CRITICAL,F3,3,1,cooling_degradation,0.6,1,1,,,,,18,0
2026-08-19T18:26:05.293Z,1787163965293,FAN_DT_001_F3_S06_R01_20260819T182135,1,269.543,FAULT_ACTIVE,F3,0.6,FAN_DT_001,3.0,process-model-3.0.0-build3,5049,1,LIVE,SYNCHRONISED,AUTOMATIC,NORMAL,65,1950,1950,0,145,145,0.3,0.3,24.68838,46.21,1.028,1,0.0254,0,207.97,15.5401,-0.01115,0.61,0.3096,5.362,3.6208,61,CRITICAL,F3,3,1,cooling_degradation,0.6,1,1,,,,,18,0
2026-08-19T18:26:06.320Z,1787163966320,FAN_DT_001_F3_S06_R01_20260819T182135,1,270.57,FAULT_ACTIVE,F3,0.6,FAN_DT_001,3.0,process-model-3.0.0-build3,5050,1,LIVE,SYNCHRONISED,AUTOMATIC,NORMAL,65,1950,1950,0,145,145,0.3,0.3,24.70538,46.22,1.028,1,0.0254,0,207.97,15.5998,-0.0112,0.61,0.3096,5.385,3.6347,61,CRITICAL,F3,3,1,cooling_degradation,0.6,1,1,,,,,18,0
2026-08-19T18:26:07.410Z,1787163967410,FAN_DT_001_F3_S06_R01_20260819T182135,1,271.66,FAULT_ACTIVE,F3,0.6,FAN_DT_001,3.0,process-model-3.0.0-build3,5051,1,LIVE,SYNCHRONISED,AUTOMATIC,NORMAL,65,1950,1950,0,145,145,0.3,0.3,24.72247,46.23,1.028,1,0.0254,0,207.97,15.6592,-0.01124,0.61,0.3096,5.406,3.6486,61,CRITICAL,F3,3,1,cooling_degradation,0.6,1,1,,,,,18,0
2026-08-19T18:26:08.413Z,1787163968413,FAN_DT_001_F3_S06_R01_20260819T182135,1,272.663,FAULT_ACTIVE,F3,0.6,FAN_DT_001,3.0,process-model-3.0.0-build3,5052,1,LIVE,SYNCHRONISED,AUTOMATIC,NORMAL,65,1950,1950,0,145,145,0.3,0.3,24.73995,46.24,1.028,1,0.0254,0,207.97,15.7195,-0.01129,0.61,0.3096,5.43,3.6627,61,CRITICAL,F3,3,1,cooling_degradation,0.6,1,1,,,,,18,0
2026-08-19T18:26:09.465Z,1787163969465,FAN_DT_001_F3_S06_R01_20260819T182135,1,273.715,FAULT_ACTIVE,F3,0.6,FAN_DT_001,3.0,process-model-3.0.0-build3,5053,1,LIVE,SYNCHRONISED,AUTOMATIC,NORMAL,65,1950,1950,0,145,145,0.3,0.3,24.75732,46.25,1.028,1,0.0254,0,207.97,15.779,-0.01136,0.61,0.3096,5.461,3.6765,61,CRITICAL,F3,3,1,cooling_degradation,0.6,1,1,,,,,18,0
2026-08-19T18:26:10.469Z,1787163970469,FAN_DT_001_F3_S06_R01_20260819T182135,1,274.719,FAULT_ACTIVE,F3,0.6,FAN_DT_001,3.0,process-model-3.0.0-build3,5054,1,LIVE,SYNCHRONISED,AUTOMATIC,NORMAL,65,1950,1950,0,145,145,0.3,0.3,24.77492,46.27,1.028,1,0.0254,0,207.97,15.8388,-0.01141,0.61,0.3096,5.488,3.6904,61,CRITICAL,F3,3,1,cooling_degradation,0.6,1,1,,,,,18,0
2026-08-19T18:26:11.506Z,1787163971506,FAN_DT_001_F3_S06_R01_20260819T182135,1,275.756,FAULT_ACTIVE,F3,0.6,FAN_DT_001,3.0,process-model-3.0.0-build3,5055,1,LIVE,SYNCHRONISED,AUTOMATIC,NORMAL,65,1950,1950,0,145,145,0.3,0.3,24.79257,46.28,1.028,1,0.0254,0,207.97,15.8984,-0.01147,0.61,0.3096,5.517,3.7043,61,CRITICAL,F3,3,1,cooling_degradation,0.6,1,1,,,,,18,0
2026-08-19T18:26:12.549Z,1787163972549,FAN_DT_001_F3_S06_R01_20260819T182135,1,276.799,FAULT_ACTIVE,F3,0.6,FAN_DT_001,3.0,process-model-3.0.0-build3,5056,1,LIVE,SYNCHRONISED,AUTOMATIC,NORMAL,65,1950,1950,0,145,145,0.3,0.3,24.8103,46.29,1.028,1,0.0254,0,207.97,15.9578,-0.01153,0.61,0.3096,5.546,3.7182,61,CRITICAL,F3,3,1,cooling_degradation,0.6,1,1,,,,,18,0
2026-08-19T18:26:13.565Z,1787163973565,FAN_DT_001_F3_S06_R01_20260819T182135,1,277.815,FAULT_ACTIVE,F3,0.6,FAN_DT_001,3.0,process-model-3.0.0-build3,5057,1,LIVE,SYNCHRONISED,AUTOMATIC,NORMAL,65,1950,1950,0,145,145,0.3,0.3,24.82824,46.3,1.028,1,0.0254,0,207.97,16.0177,-0.01159,0.61,0.3096,5.575,3.7321,61,CRITICAL,F3,3,1,cooling_degradation,0.6,1,1,,,,,18,0
2026-08-19T18:26:14.601Z,1787163974601,FAN_DT_001_F3_S06_R01_20260819T182135,1,278.851,FAULT_ACTIVE,F3,0.6,FAN_DT_001,3.0,process-model-3.0.0-build3,5058,1,LIVE,SYNCHRONISED,AUTOMATIC,NORMAL,65,1950,1950,0,145,145,0.3,0.3,24.84615,46.31,1.028,1,0.0254,0,207.97,16.0771,-0.01165,0.61,0.3096,5.6,3.746,61,CRITICAL,F3,3,1,cooling_degradation,0.6,1,1,,,,,18,0
2026-08-19T18:26:15.633Z,1787163975633,FAN_DT_001_F3_S06_R01_20260819T182135,1,279.884,FAULT_ACTIVE,F3,0.6,FAN_DT_001,3.0,process-model-3.0.0-build3,5059,1,LIVE,SYNCHRONISED,AUTOMATIC,NORMAL,65,1950,1950,0,145,145,0.3,0.3,24.86425,46.33,1.028,1,0.0254,0,207.97,16.1369,-0.01172,0.61,0.3096,5.634,3.7599,61,CRITICAL,F3,3,1,cooling_degradation,0.6,1,1,,,,,18,0
2026-08-19T18:26:16.668Z,1787163976668,FAN_DT_001_F3_S06_R01_20260819T182135,1,280.918,FAULT_ACTIVE,F3,0.6,FAN_DT_001,3.0,process-model-3.0.0-build3,5060,1,LIVE,SYNCHRONISED,AUTOMATIC,NORMAL,65,1950,1950,0,145,145,0.3,0.3,24.88234,46.34,1.028,1,0.0254,0,207.97,16.1965,-0.01176,0.61,0.3096,5.656,3.7738,61,CRITICAL,F3,3,1,cooling_degradation,0.6,1,1,,,,,18,0
2026-08-19T18:26:17.713Z,1787163977713,FAN_DT_001_F3_S06_R01_20260819T182135,1,281.963,FAULT_ACTIVE,F3,0.6,FAN_DT_001,3.0,process-model-3.0.0-build3,5061,1,LIVE,SYNCHRONISED,AUTOMATIC,NORMAL,65,1950,1950,0,145,145,0.3,0.3,24.90049,46.35,1.028,1,0.0254,0,207.97,16.256,-0.01184,0.61,0.3096,5.691,3.7876,61,CRITICAL,F3,3,1,cooling_degradation,0.6,1,1,,,,,18,0
2026-08-19T18:26:18.834Z,1787163978834,FAN_DT_001_F3_S06_R01_20260819T182135,1,283.084,FAULT_ACTIVE,F3,0.6,FAN_DT_001,3.0,process-model-3.0.0-build3,5062,1,LIVE,SYNCHRONISED,AUTOMATIC,NORMAL,65,1950,1950,0,145,145,0.3,0.3,24.91873,46.36,1.028,1,0.0254,0,207.97,16.3157,-0.01189,0.61,0.3096,5.72,3.8015,61,CRITICAL,F3,3,1,cooling_degradation,0.6,1,1,,,,,18,0
2026-08-19T18:26:19.770Z,1787163979770,FAN_DT_001_F3_S06_R01_20260819T182135,1,284.02,FAULT_ACTIVE,F3,0.6,FAN_DT_001,3.0,process-model-3.0.0-build3,5063,1,LIVE,SYNCHRONISED,AUTOMATIC,NORMAL,65,1950,1950,0,145,145,0.3,0.3,24.937,46.38,1.028,1,0.0254,0,207.97,16.3753,-0.01193,0.61,0.3096,5.739,3.8154,61,CRITICAL,F3,3,1,cooling_degradation,0.6,1,1,,,,,18,0
2026-08-19T18:26:20.802Z,1787163980802,FAN_DT_001_F3_S06_R01_20260819T182135,1,285.052,FAULT_ACTIVE,F3,0.6,FAN_DT_001,3.0,process-model-3.0.0-build3,5064,1,LIVE,SYNCHRONISED,AUTOMATIC,NORMAL,65,1950,1950,0,145,145,0.3,0.3,24.95534,46.39,1.028,1,0.0254,0,207.97,16.435,-0.01199,0.61,0.3096,5.765,3.8294,61,CRITICAL,F3,3,1,cooling_degradation,0.6,1,1,,,,,18,0
2026-08-19T18:26:21.842Z,1787163981842,FAN_DT_001_F3_S06_R01_20260819T182135,1,286.093,FAULT_ACTIVE,F3,0.6,FAN_DT_001,3.0,process-model-3.0.0-build3,5065,1,LIVE,SYNCHRONISED,AUTOMATIC,NORMAL,65,1950,1950,0,145,145,0.3,0.3,24.97371,46.4,1.028,1,0.0254,0,207.97,16.4947,-0.01205,0.61,0.3096,5.795,3.8433,61,CRITICAL,F3,3,1,cooling_degradation,0.6,1,1,,,,,18,0
2026-08-19T18:26:22.875Z,1787163982875,FAN_DT_001_F3_S06_R01_20260819T182135,1,287.125,FAULT_ACTIVE,F3,0.6,FAN_DT_001,3.0,process-model-3.0.0-build3,5066,1,LIVE,SYNCHRONISED,AUTOMATIC,NORMAL,65,1950,1950,0,145,145,0.3,0.3,24.99201,46.41,1.028,1,0.0254,0,207.97,16.5542,-0.01212,0.61,0.3096,5.827,3.8571,61,CRITICAL,F3,3,1,cooling_degradation,0.6,1,1,,,,,18,0
2026-08-19T18:26:23.899Z,1787163983899,FAN_DT_001_F3_S06_R01_20260819T182135,1,288.15,FAULT_ACTIVE,F3,0.6,FAN_DT_001,3.0,process-model-3.0.0-build3,5067,1,LIVE,SYNCHRONISED,AUTOMATIC,NORMAL,65,1950,1950,0,145,145,0.3,0.3,25.01032,46.43,1.028,1,0.0254,0,207.97,16.6137,-0.01217,0.61,0.3096,5.852,3.871,61,CRITICAL,F3,3,1,cooling_degradation,0.6,1,1,,,,,18,0
2026-08-19T18:26:24.965Z,1787163984965,FAN_DT_001_F3_S06_R01_20260819T182135,1,289.216,FAULT_ACTIVE,F3,0.6,FAN_DT_001,3.0,process-model-3.0.0-build3,5068,1,LIVE,SYNCHRONISED,AUTOMATIC,NORMAL,65,1950,1950,0,145,145,0.3,0.3,25.02864,46.44,1.028,1,0.0254,0,207.97,16.6733,-0.01222,0.61,0.3096,5.878,3.8849,61,CRITICAL,F3,3,1,cooling_degradation,0.6,1,1,,,,,18,0
2026-08-19T18:26:25.971Z,1787163985971,FAN_DT_001_F3_S06_R01_20260819T182135,1,290.221,FAULT_ACTIVE,F3,0.6,FAN_DT_001,3.0,process-model-3.0.0-build3,5069,1,LIVE,SYNCHRONISED,AUTOMATIC,NORMAL,65,1950,1950,0,145,145,0.3,0.3,25.04699,46.45,1.028,1,0.0254,0,207.97,16.733,-0.01229,0.61,0.3096,5.911,3.8988,61,CRITICAL,F3,3,1,cooling_degradation,0.6,1,1,,,,,18,0
2026-08-19T18:26:27.024Z,1787163987024,FAN_DT_001_F3_S06_R01_20260819T182135,1,291.274,FAULT_ACTIVE,F3,0.6,FAN_DT_001,3.0,process-model-3.0.0-build3,5070,1,LIVE,SYNCHRONISED,AUTOMATIC,NORMAL,65,1950,1950,0,145,145,0.3,0.3,25.06532,46.46,1.028,1,0.0254,0,207.97,16.7927,-0.01233,0.61,0.3096,5.929,3.9127,61,CRITICAL,F3,3,1,cooling_degradation,0.6,1,1,,,,,18,0
2026-08-19T18:26:28.063Z,1787163988063,FAN_DT_001_F3_S06_R01_20260819T182135,1,292.313,FAULT_ACTIVE,F3,0.6,FAN_DT_001,3.0,process-model-3.0.0-build3,5071,1,LIVE,SYNCHRONISED,AUTOMATIC,NORMAL,65,1950,1950,0,145,145,0.3,0.3,25.08351,46.48,1.028,1,0.0254,0,207.97,16.852,-0.01238,0.61,0.3096,5.954,3.9265,61,CRITICAL,F3,3,1,cooling_degradation,0.6,1,1,,,,,18,0
2026-08-19T18:26:29.065Z,1787163989065,FAN_DT_001_F3_S06_R01_20260819T182135,1,293.315,FAULT_ACTIVE,F3,0.6,FAN_DT_001,3.0,process-model-3.0.0-build3,5072,1,LIVE,SYNCHRONISED,AUTOMATIC,NORMAL,65,1950,1950,0,145,145,0.3,0.3,25.10174,46.49,1.028,1,0.0254,0,207.97,16.9117,-0.01244,0.61,0.3096,5.983,3.9404,61,CRITICAL,F3,3,1,cooling_degradation,0.6,1,1,,,,,18,0
2026-08-19T18:26:30.107Z,1787163990107,FAN_DT_001_F3_S06_R01_20260819T182135,1,294.357,FAULT_ACTIVE,F3,0.6,FAN_DT_001,3.0,process-model-3.0.0-build3,5073,1,LIVE,SYNCHRONISED,AUTOMATIC,NORMAL,65,1950,1950,0,145,145,0.3,0.3,25.11988,46.5,1.028,1,0.0254,0,207.97,16.9712,-0.01249,0.61,0.3096,6.007,3.9543,61,CRITICAL,F3,3,1,cooling_degradation,0.6,1,1,,,,,18,0
2026-08-19T18:26:31.133Z,1787163991133,FAN_DT_001_F3_S06_R01_20260819T182135,1,295.383,FAULT_ACTIVE,F3,0.6,FAN_DT_001,3.0,process-model-3.0.0-build3,5074,1,LIVE,SYNCHRONISED,AUTOMATIC,NORMAL,65,1950,1950,0,145,145,0.3,0.3,25.13802,46.51,1.028,1,0.0254,0,207.97,17.0309,-0.01254,0.61,0.3096,6.031,3.9682,61,CRITICAL,F3,3,1,cooling_degradation,0.6,1,1,,,,,18,0
2026-08-19T18:26:32.167Z,1787163992167,FAN_DT_001_F3_S06_R01_20260819T182135,1,296.417,FAULT_ACTIVE,F3,0.6,FAN_DT_001,3.0,process-model-3.0.0-build3,5075,1,LIVE,SYNCHRONISED,AUTOMATIC,NORMAL,65,1950,1950,0,145,145,0.3,0.3,25.156,46.53,1.028,1,0.0254,0,207.97,17.0904,-0.0126,0.61,0.3096,6.059,3.9821,61,CRITICAL,F3,3,1,cooling_degradation,0.6,1,1,,,,,18,0
2026-08-19T18:26:33.253Z,1787163993253,FAN_DT_001_F3_S06_R01_20260819T182135,1,297.503,FAULT_ACTIVE,F3,0.6,FAN_DT_001,3.0,process-model-3.0.0-build3,5076,1,LIVE,SYNCHRONISED,AUTOMATIC,NORMAL,65,1950,1950,0,145,145,0.3,0.3,25.17395,46.54,1.028,1,0.0254,0,207.97,17.15,-0.01264,0.61,0.3096,6.08,3.9959,61,CRITICAL,F3,3,1,cooling_degradation,0.6,1,1,,,,,18,0
2026-08-19T18:26:34.247Z,1787163994247,FAN_DT_001_F3_S06_R01_20260819T182135,1,298.497,FAULT_ACTIVE,F3,0.6,FAN_DT_001,3.0,process-model-3.0.0-build3,5077,1,LIVE,SYNCHRONISED,AUTOMATIC,NORMAL,65,1950,1950,0,145,145,0.3,0.3,25.19183,46.55,1.028,1,0.0254,0,207.97,17.2097,-0.01269,0.61,0.3096,6.101,4.0099,61,CRITICAL,F3,3,1,cooling_degradation,0.6,1,1,,,,,18,0
2026-08-19T18:26:35.295Z,1787163995295,FAN_DT_001_F3_S06_R01_20260819T182135,1,299.545,FAULT_ACTIVE,F3,0.6,FAN_DT_001,3.0,process-model-3.0.0-build3,5078,1,LIVE,SYNCHRONISED,AUTOMATIC,NORMAL,65,1950,1950,0,145,145,0.3,0.3,25.20958,46.57,1.028,1,0.0254,0,207.97,17.2693,-0.01275,0.61,0.3096,6.129,4.0237,61,CRITICAL,F3,3,1,cooling_degradation,0.6,1,1,,,,,18,0
2026-08-19T18:26:36.304Z,1787163996304,FAN_DT_001_F3_S06_R01_20260819T182135,1,300.554,FAULT_ACTIVE,F3,0.6,FAN_DT_001,3.0,process-model-3.0.0-build3,5079,1,LIVE,SYNCHRONISED,AUTOMATIC,NORMAL,65,1950,1950,0,145,145,0.3,0.3,25.22725,46.58,1.028,1,0.0254,0,207.97,17.3289,-0.01277,0.61,0.3096,6.142,4.0376,61,CRITICAL,F3,3,1,cooling_degradation,0.6,1,1,,,,,18,0
2026-08-19T18:26:37.338Z,1787163997338,FAN_DT_001_F3_S06_R01_20260819T182135,1,301.588,FAULT_ACTIVE,F3,0.6,FAN_DT_001,3.0,process-model-3.0.0-build3,5080,1,LIVE,SYNCHRONISED,AUTOMATIC,NORMAL,65,1950,1950,0,145,145,0.3,0.3,25.24482,46.59,1.028,1,0.0254,0,207.97,17.3887,-0.01284,0.61,0.3096,6.173,4.0516,61,CRITICAL,F3,3,1,cooling_degradation,0.6,1,1,,,,,18,0
2026-08-19T18:26:38.365Z,1787163998365,FAN_DT_001_F3_S06_R01_20260819T182135,1,302.615,FAULT_ACTIVE,F3,0.6,FAN_DT_001,3.0,process-model-3.0.0-build3,5081,1,LIVE,SYNCHRONISED,AUTOMATIC,NORMAL,65,1950,1950,0,145,145,0.3,0.3,25.26227,46.61,1.028,1,0.0254,0,207.97,17.4485,-0.01287,0.61,0.3096,6.191,4.0655,61,CRITICAL,F3,3,1,cooling_degradation,0.6,1,1,,,,,18,0
2026-08-19T18:26:39.400Z,1787163999400,FAN_DT_001_F3_S06_R01_20260819T182135,1,303.65,FAULT_ACTIVE,F3,0.6,FAN_DT_001,3.0,process-model-3.0.0-build3,5082,1,LIVE,SYNCHRONISED,AUTOMATIC,NORMAL,65,1950,1950,0,145,145,0.3,0.3,25.27938,46.62,1.028,1,0.0254,0,207.97,17.5076,-0.01292,0.61,0.3096,6.211,4.0793,61,CRITICAL,F3,3,1,cooling_degradation,0.6,1,1,,,,,18,0
2026-08-19T18:26:40.432Z,1787164000432,FAN_DT_001_F3_S06_R01_20260819T182135,1,304.682,FAULT_ACTIVE,F3,0.6,FAN_DT_001,3.0,process-model-3.0.0-build3,5083,1,LIVE,SYNCHRONISED,AUTOMATIC,NORMAL,65,1950,1950,0,145,145,0.3,0.3,25.29654,46.63,1.028,1,0.0254,0,207.97,17.5674,-0.01293,0.61,0.3096,6.219,4.0932,61,CRITICAL,F3,3,1,cooling_degradation,0.6,1,1,,,,,18,0
2026-08-19T18:26:41.468Z,1787164001468,FAN_DT_001_F3_S06_R01_20260819T182135,1,305.718,FAULT_ACTIVE,F3,0.6,FAN_DT_001,3.0,process-model-3.0.0-build3,5084,1,LIVE,SYNCHRONISED,AUTOMATIC,NORMAL,65,1950,1950,0,145,145,0.3,0.3,25.31346,46.65,1.028,1,0.0254,0,207.97,17.6268,-0.01297,0.61,0.3096,6.237,4.107,61,CRITICAL,F3,3,1,cooling_degradation,0.6,1,1,,,,,18,0
2026-08-19T18:26:42.502Z,1787164002502,FAN_DT_001_F3_S06_R01_20260819T182135,1,306.752,FAULT_ACTIVE,F3,0.6,FAN_DT_001,3.0,process-model-3.0.0-build3,5085,1,LIVE,SYNCHRONISED,AUTOMATIC,NORMAL,65,1950,1950,0,145,145,0.3,0.3,25.33035,46.66,1.028,1,0.0254,0,207.97,17.6868,-0.01301,0.61,0.3096,6.254,4.121,61,CRITICAL,F3,3,1,cooling_degradation,0.6,1,1,,,,,18,0
2026-08-19T18:26:43.536Z,1787164003536,FAN_DT_001_F3_S06_R01_20260819T182135,1,307.786,FAULT_ACTIVE,F3,0.6,FAN_DT_001,3.0,process-model-3.0.0-build3,5086,1,LIVE,SYNCHRONISED,AUTOMATIC,NORMAL,65,1950,1950,0,145,145,0.3,0.3,25.3469,46.67,1.028,1,0.0254,0,207.97,17.7461,-0.01305,0.61,0.3096,6.273,4.1348,61,CRITICAL,F3,3,1,cooling_degradation,0.6,1,1,,,,,18,0
2026-08-19T18:26:44.595Z,1787164004595,FAN_DT_001_F3_S06_R01_20260819T182135,1,308.846,FAULT_ACTIVE,F3,0.6,FAN_DT_001,3.0,process-model-3.0.0-build3,5087,1,LIVE,SYNCHRONISED,AUTOMATIC,NORMAL,65,1950,1950,0,145,145,0.3,0.3,25.36335,46.69,1.028,1,0.0254,0,207.97,17.8058,-0.01308,0.61,0.3096,6.289,4.1487,61,CRITICAL,F3,3,1,cooling_degradation,0.6,1,1,,,,,18,0
2026-08-19T18:26:45.607Z,1787164005607,FAN_DT_001_F3_S06_R01_20260819T182135,1,309.857,FAULT_ACTIVE,F3,0.6,FAN_DT_001,3.0,process-model-3.0.0-build3,5088,1,LIVE,SYNCHRONISED,AUTOMATIC,NORMAL,65,1950,1950,0,145,145,0.3,0.3,25.37961,46.7,1.028,1,0.0254,0,207.97,17.8654,-0.01309,0.61,0.3096,6.295,4.1626,61,CRITICAL,F3,3,1,cooling_degradation,0.6,1,1,,,,,18,0
2026-08-19T18:26:46.651Z,1787164006651,FAN_DT_001_F3_S06_R01_20260819T182135,1,310.9,FAULT_ACTIVE,F3,0.6,FAN_DT_001,3.0,process-model-3.0.0-build3,5089,1,LIVE,SYNCHRONISED,AUTOMATIC,NORMAL,65,1950,1950,0,145,145,0.3,0.3,25.39572,46.71,1.028,1,0.0254,0,207.97,17.9253,-0.01311,0.61,0.3096,6.303,4.1766,61,CRITICAL,F3,3,1,cooling_degradation,0.6,1,1,,,,,18,0
2026-08-19T18:26:47.674Z,1787164007674,FAN_DT_001_F3_S06_R01_20260819T182135,1,311.924,FAULT_ACTIVE,F3,0.6,FAN_DT_001,3.0,process-model-3.0.0-build3,5090,1,LIVE,SYNCHRONISED,AUTOMATIC,NORMAL,65,1950,1950,0,145,145,0.3,0.3,25.41153,46.73,1.028,1,0.0254,0,207.97,17.9848,-0.01315,0.61,0.3096,6.323,4.1905,61,CRITICAL,F3,3,1,cooling_degradation,0.6,1,1,,,,,18,0
2026-08-19T18:26:48.706Z,1787164008706,FAN_DT_001_F3_S06_R01_20260819T182135,1,312.956,FAULT_ACTIVE,F3,0.6,FAN_DT_001,3.0,process-model-3.0.0-build3,5091,1,LIVE,SYNCHRONISED,AUTOMATIC,NORMAL,65,1950,1950,0,145,145,0.3,0.3,25.42722,46.74,1.028,1,0.0254,0,207.97,18.0446,-0.01317,0.61,0.3096,6.333,4.2044,61,CRITICAL,F3,3,1,cooling_degradation,0.6,1,1,,,,,18,0
2026-08-19T18:26:49.739Z,1787164009739,FAN_DT_001_F3_S06_R01_20260819T182135,1,313.989,FAULT_ACTIVE,F3,0.6,FAN_DT_001,3.0,process-model-3.0.0-build3,5092,1,LIVE,SYNCHRONISED,AUTOMATIC,NORMAL,65,1950,1950,0,145,145,0.3,0.3,25.44255,46.75,1.028,1,0.0254,0,207.97,18.104,-0.01318,0.61,0.3096,6.337,4.2182,61,CRITICAL,F3,3,1,cooling_degradation,0.6,1,1,,,,,18,0
2026-08-19T18:26:50.782Z,1787164010782,FAN_DT_001_F3_S06_R01_20260819T182135,1,315.032,FAULT_ACTIVE,F3,0.6,FAN_DT_001,3.0,process-model-3.0.0-build3,5093,1,LIVE,SYNCHRONISED,AUTOMATIC,NORMAL,65,1950,1950,0,145,145,0.3,0.3,25.45774,46.77,1.028,1,0.0254,0,207.97,18.1637,-0.0132,0.61,0.3096,6.347,4.2321,61,CRITICAL,F3,3,1,cooling_degradation,0.6,1,1,,,,,18,0
2026-08-19T18:26:51.812Z,1787164011812,FAN_DT_001_F3_S06_R01_20260819T182135,1,316.062,FAULT_ACTIVE,F3,0.6,FAN_DT_001,3.0,process-model-3.0.0-build3,5094,1,LIVE,SYNCHRONISED,AUTOMATIC,NORMAL,65,1950,1950,0,145,145,0.3,0.3,25.47269,46.78,1.028,1,0.0254,0,207.97,18.2234,-0.01321,0.61,0.3096,6.351,4.2461,61,CRITICAL,F3,3,1,cooling_degradation,0.6,1,1,,,,,18,0
2026-08-19T18:26:52.844Z,1787164012844,FAN_DT_001_F3_S06_R01_20260819T182135,1,317.094,FAULT_ACTIVE,F3,0.6,FAN_DT_001,3.0,process-model-3.0.0-build3,5095,1,LIVE,SYNCHRONISED,AUTOMATIC,NORMAL,65,1950,1950,0,145,145,0.3,0.3,25.48742,46.8,1.028,1,0.0254,0,207.97,18.2833,-0.01323,0.61,0.3096,6.362,4.26,61,CRITICAL,F3,3,1,cooling_degradation,0.6,1,1,,,,,18,0
2026-08-19T18:26:53.925Z,1787164013925,FAN_DT_001_F3_S06_R01_20260819T182135,1,318.175,FAULT_ACTIVE,F3,0.6,FAN_DT_001,3.0,process-model-3.0.0-build3,5096,1,LIVE,SYNCHRONISED,AUTOMATIC,NORMAL,65,1950,1950,0,145,145,0.3,0.3,25.50185,46.81,1.028,1,0.0254,0,207.97,18.3429,-0.01324,0.61,0.3096,6.365,4.2739,61,CRITICAL,F3,3,1,cooling_degradation,0.6,1,1,,,,,18,0
2026-08-19T18:26:55.000Z,1787164015000,FAN_DT_001_F3_S06_R01_20260819T182135,1,319.251,FAULT_ACTIVE,F3,0.6,FAN_DT_001,3.0,process-model-3.0.0-build3,5097,1,LIVE,SYNCHRONISED,AUTOMATIC,NORMAL,65,1950,1950,0,145,145,0.3,0.3,25.51608,46.82,1.028,1,0.0254,0,207.97,18.4029,-0.01323,0.61,0.3096,6.363,4.2879,61,CRITICAL,F3,3,1,cooling_degradation,0.6,1,1,,,,,18,0
2026-08-19T18:26:55.953Z,1787164015953,FAN_DT_001_F3_S06_R01_20260819T182135,1,320.203,FAULT_ACTIVE,F3,0.6,FAN_DT_001,3.0,process-model-3.0.0-build3,5098,1,LIVE,SYNCHRONISED,AUTOMATIC,NORMAL,65,1950,1950,0,145,145,0.3,0.3,25.52993,46.84,1.028,1,0.0254,0,207.97,18.4624,-0.01324,0.61,0.3096,6.365,4.3017,61,CRITICAL,F3,3,1,cooling_degradation,0.6,1,1,,,,,18,0
2026-08-19T18:26:56.987Z,1787164016987,FAN_DT_001_F3_S06_R01_20260819T182135,1,321.238,FAULT_ACTIVE,F3,0.6,FAN_DT_001,3.0,process-model-3.0.0-build3,5099,1,LIVE,SYNCHRONISED,AUTOMATIC,NORMAL,65,1950,1950,0,145,145,0.3,0.3,25.54361,46.85,1.028,1,0.0254,0,207.97,18.5223,-0.01323,0.61,0.3096,6.362,4.3157,61,CRITICAL,F3,3,1,cooling_degradation,0.6,1,1,,,,,18,0
2026-08-19T18:26:58.026Z,1787164018026,FAN_DT_001_F3_S06_R01_20260819T182135,1,322.276,FAULT_ACTIVE,F3,0.6,FAN_DT_001,3.0,process-model-3.0.0-build3,5100,1,LIVE,SYNCHRONISED,AUTOMATIC,NORMAL,65,1950,1950,0,145,145,0.3,0.3,25.5569,46.86,1.028,1,0.0254,0,207.97,18.5818,-0.01324,0.61,0.3096,6.365,4.3296,61,CRITICAL,F3,3,1,cooling_degradation,0.6,1,1,,,,,18,0
2026-08-19T18:26:59.058Z,1787164019058,FAN_DT_001_F3_S06_R01_20260819T182135,1,323.307,FAULT_ACTIVE,F3,0.6,FAN_DT_001,3.0,process-model-3.0.0-build3,5101,1,LIVE,SYNCHRONISED,AUTOMATIC,NORMAL,65,1950,1950,0,145,145,0.3,0.3,25.56998,46.88,1.028,1,0.0254,0,207.97,18.6417,-0.01323,0.61,0.3096,6.362,4.3435,61,CRITICAL,F3,3,1,cooling_degradation,0.6,1,1,,,,,18,0
2026-08-19T18:27:00.090Z,1787164020090,FAN_DT_001_F3_S06_R01_20260819T182135,1,324.34,FAULT_ACTIVE,F3,0.6,FAN_DT_001,3.0,process-model-3.0.0-build3,5102,1,LIVE,SYNCHRONISED,AUTOMATIC,NORMAL,65,1950,1950,0,145,145,0.3,0.3,25.58266,46.89,1.028,1,0.0254,0,207.97,18.7011,-0.01321,0.61,0.3096,6.351,4.3574,61,CRITICAL,F3,3,1,cooling_degradation,0.6,1,1,,,,,18,0
2026-08-19T18:27:01.156Z,1787164021156,FAN_DT_001_F3_S06_R01_20260819T182135,1,325.406,FAULT_ACTIVE,F3,0.6,FAN_DT_001,3.0,process-model-3.0.0-build3,5103,1,LIVE,SYNCHRONISED,AUTOMATIC,NORMAL,65,1950,1950,0,145,145,0.3,0.3,25.59512,46.91,1.028,1,0.0254,0,207.97,18.7609,-0.0132,0.61,0.3096,6.347,4.3713,61,CRITICAL,F3,3,1,cooling_degradation,0.6,1,1,,,,,18,0
2026-08-19T18:27:02.161Z,1787164022161,FAN_DT_001_F3_S06_R01_20260819T182135,1,326.411,FAULT_ACTIVE,F3,0.6,FAN_DT_001,3.0,process-model-3.0.0-build3,5104,1,LIVE,SYNCHRONISED,AUTOMATIC,NORMAL,65,1950,1950,0,145,145,0.3,0.3,25.60723,46.92,1.028,1,0.0254,0,207.97,18.8206,-0.01318,0.61,0.3096,6.337,4.3852,61,CRITICAL,F3,3,1,cooling_degradation,0.6,1,1,,,,,18,0
2026-08-19T18:27:03.196Z,1787164023196,FAN_DT_001_F3_S06_R01_20260819T182135,1,327.446,FAULT_ACTIVE,F3,0.6,FAN_DT_001,3.0,process-model-3.0.0-build3,5105,1,LIVE,SYNCHRONISED,AUTOMATIC,NORMAL,65,1950,1950,0,145,145,0.3,0.3,25.61899,46.93,1.028,1,0.0254,0,207.97,18.8801,-0.01319,0.61,0.3096,6.34,4.3991,61,CRITICAL,F3,3,1,cooling_degradation,0.6,1,1,,,,,18,0
2026-08-19T18:27:04.235Z,1787164024235,FAN_DT_001_F3_S06_R01_20260819T182135,1,328.485,FAULT_ACTIVE,F3,0.6,FAN_DT_001,3.0,process-model-3.0.0-build3,5106,1,LIVE,SYNCHRONISED,AUTOMATIC,NORMAL,65,1950,1950,0,145,145,0.3,0.3,25.63047,46.95,1.028,1,0.0254,0,207.97,18.9398,-0.01316,0.61,0.3096,6.327,4.413,61,CRITICAL,F3,3,1,cooling_degradation,0.6,1,1,,,,,18,0
2026-08-19T18:27:05.294Z,1787164025294,FAN_DT_001_F3_S06_R01_20260819T182135,1,329.545,FAULT_ACTIVE,F3,0.6,FAN_DT_001,3.0,process-model-3.0.0-build3,5107,1,LIVE,SYNCHRONISED,AUTOMATIC,NORMAL,65,1950,1950,0,145,145,0.3,0.3,25.64159,46.96,1.028,1,0.0254,0,207.97,18.9994,-0.01313,0.61,0.3096,6.315,4.4269,61,CRITICAL,F3,3,1,cooling_degradation,0.6,1,1,,,,,18,0
2026-08-19T18:27:06.293Z,1787164026293,FAN_DT_001_F3_S06_R01_20260819T182135,1,330.543,FAULT_ACTIVE,F3,0.6,FAN_DT_001,3.0,process-model-3.0.0-build3,5108,1,LIVE,SYNCHRONISED,AUTOMATIC,NORMAL,65,1950,1950,0,145,145,0.3,0.3,25.65239,46.97,1.028,1,0.0254,0,207.97,19.059,-0.01311,0.61,0.3096,6.303,4.4408,61,CRITICAL,F3,3,1,cooling_degradation,0.6,1,1,,,,,18,0
2026-08-19T18:27:07.328Z,1787164027328,FAN_DT_001_F3_S06_R01_20260819T182135,1,331.578,FAULT_ACTIVE,F3,0.6,FAN_DT_001,3.0,process-model-3.0.0-build3,5109,1,LIVE,SYNCHRONISED,AUTOMATIC,NORMAL,65,1950,1950,0,145,145,0.3,0.3,25.66283,46.99,1.028,1,0.0254,0,207.97,19.1186,-0.01306,0.61,0.3096,6.281,4.4546,61,CRITICAL,F3,3,1,cooling_degradation,0.6,1,1,,,,,18,0
2026-08-19T18:27:08.383Z,1787164028383,FAN_DT_001_F3_S06_R01_20260819T182135,1,332.633,FAULT_ACTIVE,F3,0.6,FAN_DT_001,3.0,process-model-3.0.0-build3,5110,1,LIVE,SYNCHRONISED,AUTOMATIC,NORMAL,65,1950,1950,0,145,145,0.3,0.3,25.67292,47,1.028,1,0.0254,0,207.97,19.1782,-0.01304,0.61,0.3096,6.268,4.4685,61,CRITICAL,F3,3,1,cooling_degradation,0.6,1,1,,,,,18,0
2026-08-19T18:27:09.374Z,1787164029374,FAN_DT_001_F3_S06_R01_20260819T182135,1,333.624,FAULT_ACTIVE,F3,0.6,FAN_DT_001,3.0,process-model-3.0.0-build3,5111,1,LIVE,SYNCHRONISED,AUTOMATIC,NORMAL,65,1950,1950,0,145,145,0.3,0.3,25.68282,47.01,1.028,1,0.0254,0,207.97,19.2388,-0.01301,0.61,0.3096,6.256,4.4826,61,CRITICAL,F3,3,1,cooling_degradation,0.6,1,1,,,,,18,0
2026-08-19T18:27:10.399Z,1787164030399,FAN_DT_001_F3_S06_R01_20260819T182135,1,334.65,FAULT_ACTIVE,F3,0.6,FAN_DT_001,3.0,process-model-3.0.0-build3,5112,1,LIVE,SYNCHRONISED,AUTOMATIC,NORMAL,65,1950,1950,0,145,145,0.3,0.3,25.69176,47.03,1.028,1,0.0254,0,207.97,19.2956,-0.01296,0.61,0.3096,6.234,4.4959,61,CRITICAL,F3,3,1,cooling_degradation,0.6,1,1,,,,,18,0
2026-08-19T18:27:11.430Z,1787164031430,FAN_DT_001_F3_S06_R01_20260819T182135,1,335.68,FAULT_ACTIVE,F3,0.6,FAN_DT_001,3.0,process-model-3.0.0-build3,5113,1,LIVE,SYNCHRONISED,AUTOMATIC,NORMAL,65,1950,1950,0,145,145,0.3,0.3,25.70082,47.04,1.028,1,0.0254,0,207.97,19.3554,-0.01292,0.61,0.3096,6.211,4.5098,61,CRITICAL,F3,3,1,cooling_degradation,0.6,1,1,,,,,18,0
2026-08-19T18:27:12.503Z,1787164032503,FAN_DT_001_F3_S06_R01_20260819T182135,1,336.754,FAULT_ACTIVE,F3,0.6,FAN_DT_001,3.0,process-model-3.0.0-build3,5114,1,LIVE,SYNCHRONISED,AUTOMATIC,NORMAL,65,1950,1950,0,145,145,0.3,0.3,25.70945,47.05,1.028,1,0.0254,0,207.97,19.4147,-0.01288,0.61,0.3096,6.194,4.5236,61,CRITICAL,F3,3,1,cooling_degradation,0.6,1,1,,,,,18,0
2026-08-19T18:27:13.503Z,1787164033503,FAN_DT_001_F3_S06_R01_20260819T182135,1,337.753,FAULT_ACTIVE,F3,0.6,FAN_DT_001,3.0,process-model-3.0.0-build3,5115,1,LIVE,SYNCHRONISED,AUTOMATIC,NORMAL,65,1950,1950,0,145,145,0.3,0.3,25.71777,47.07,1.028,1,0.0254,0,207.97,19.4746,-0.01284,0.61,0.3096,6.173,4.5376,61,CRITICAL,F3,3,1,cooling_degradation,0.6,1,1,,,,,18,0
2026-08-19T18:27:14.556Z,1787164034556,FAN_DT_001_F3_S06_R01_20260819T182135,1,338.806,FAULT_ACTIVE,F3,0.6,FAN_DT_001,3.0,process-model-3.0.0-build3,5116,1,LIVE,SYNCHRONISED,AUTOMATIC,NORMAL,65,1950,1950,0,145,145,0.3,0.3,25.72566,47.08,1.028,1,0.0254,0,207.97,19.534,-0.01277,0.61,0.3096,6.138,4.5514,61,CRITICAL,F3,3,1,cooling_degradation,0.6,1,1,,,,,18,0
2026-08-19T18:27:15.565Z,1787164035565,FAN_DT_001_F3_S06_R01_20260819T182135,1,339.815,FAULT_ACTIVE,F3,0.6,FAN_DT_001,3.0,process-model-3.0.0-build3,5117,1,LIVE,SYNCHRONISED,AUTOMATIC,NORMAL,65,1950,1950,0,145,145,0.3,0.3,25.73322,47.09,1.028,1,0.0254,0,207.97,19.5939,-0.01272,0.61,0.3096,6.114,4.5654,61,CRITICAL,F3,3,1,cooling_degradation,0.6,1,1,,,,,18,0
2026-08-19T18:27:16.606Z,1787164036606,FAN_DT_001_F3_S06_R01_20260819T182135,1,340.856,FAULT_ACTIVE,F3,0.6,FAN_DT_001,3.0,process-model-3.0.0-build3,5118,1,LIVE,SYNCHRONISED,AUTOMATIC,NORMAL,65,1950,1950,0,145,145,0.3,0.3,25.74037,47.11,1.028,1,0.0254,0,207.97,19.6535,-0.01267,0.61,0.3096,6.091,4.5793,61,CRITICAL,F3,3,1,cooling_degradation,0.6,1,1,,,,,18,0
2026-08-19T18:27:17.650Z,1787164037650,FAN_DT_001_F3_S06_R01_20260819T182135,1,341.9,FAULT_ACTIVE,F3,0.6,FAN_DT_001,3.0,process-model-3.0.0-build3,5119,1,LIVE,SYNCHRONISED,AUTOMATIC,NORMAL,65,1950,1950,0,145,145,0.3,0.3,25.74718,47.12,1.028,1,0.0254,0,207.97,19.7136,-0.0126,0.61,0.3096,6.061,4.5933,61,CRITICAL,F3,3,1,cooling_degradation,0.6,1,1,,,,,18,0
2026-08-19T18:27:18.680Z,1787164038680,FAN_DT_001_F3_S06_R01_20260819T182135,1,342.93,FAULT_ACTIVE,F3,0.6,FAN_DT_001,3.0,process-model-3.0.0-build3,5120,1,LIVE,SYNCHRONISED,AUTOMATIC,NORMAL,65,1950,1950,0,145,145,0.3,0.3,25.75351,47.13,1.028,1,0.0254,0,207.97,19.7729,-0.01252,0.61,0.3096,6.021,4.6071,61,CRITICAL,F3,3,1,cooling_degradation,0.6,1,1,,,,,18,0
2026-08-19T18:27:19.713Z,1787164039713,FAN_DT_001_F3_S06_R01_20260819T182135,1,343.963,FAULT_ACTIVE,F3,0.6,FAN_DT_001,3.0,process-model-3.0.0-build3,5121,1,LIVE,SYNCHRONISED,AUTOMATIC,NORMAL,65,1950,1950,0,145,145,0.3,0.3,25.75949,47.15,1.028,1,0.0254,0,207.97,19.8328,-0.01247,0.61,0.3096,5.998,4.621,61,CRITICAL,F3,3,1,cooling_degradation,0.6,1,1,,,,,18,0
2026-08-19T18:27:20.744Z,1787164040744,FAN_DT_001_F3_S06_R01_20260819T182135,1,344.994,FAULT_ACTIVE,F3,0.6,FAN_DT_001,3.0,process-model-3.0.0-build3,5122,1,LIVE,SYNCHRONISED,AUTOMATIC,NORMAL,65,1950,1950,0,145,145,0.3,0.3,25.76505,47.16,1.028,1,0.0254,0,207.97,19.8923,-0.0124,0.61,0.3096,5.962,4.6349,61,CRITICAL,F3,3,1,cooling_degradation,0.6,1,1,,,,,18,0
2026-08-19T18:27:21.774Z,1787164041774,FAN_DT_001_F3_S06_R01_20260819T182135,1,346.024,FAULT_ACTIVE,F3,0.6,FAN_DT_001,3.0,process-model-3.0.0-build3,5123,1,LIVE,SYNCHRONISED,AUTOMATIC,NORMAL,65,1950,1950,0,145,145,0.3,0.3,25.77022,47.17,1.028,1,0.0254,0,207.97,19.952,-0.01232,0.61,0.3096,5.925,4.6488,61,CRITICAL,F3,3,1,cooling_degradation,0.6,1,1,,,,,18,0
2026-08-19T18:27:22.807Z,1787164042807,FAN_DT_001_F3_S06_R01_20260819T182135,1,347.057,FAULT_ACTIVE,F3,0.6,FAN_DT_001,3.0,process-model-3.0.0-build3,5124,1,LIVE,SYNCHRONISED,AUTOMATIC,NORMAL,65,1950,1950,0,145,145,0.3,0.3,25.77496,47.18,1.028,1,0.0254,0,207.97,20.0114,-0.01222,0.61,0.3096,5.878,4.6627,61,CRITICAL,F3,3,1,cooling_degradation,0.6,1,1,,,,,18,0
2026-08-19T18:27:23.842Z,1787164043842,FAN_DT_001_F3_S06_R01_20260819T182135,1,348.092,FAULT_ACTIVE,F3,0.6,FAN_DT_001,3.0,process-model-3.0.0-build3,5125,1,LIVE,SYNCHRONISED,AUTOMATIC,NORMAL,65,1950,1950,0,145,145,0.3,0.3,25.77932,47.2,1.028,1,0.0254,0,207.97,20.0711,-0.01214,0.61,0.3096,5.837,4.6766,61,CRITICAL,F3,3,1,cooling_degradation,0.6,1,1,,,,,18,0
2026-08-19T18:27:24.864Z,1787164044864,FAN_DT_001_F3_S06_R01_20260819T182135,1,349.114,FAULT_ACTIVE,F3,0.6,FAN_DT_001,3.0,process-model-3.0.0-build3,5126,1,LIVE,SYNCHRONISED,AUTOMATIC,NORMAL,65,1950,1950,0,145,145,0.3,0.3,25.78322,47.21,1.028,1,0.0254,0,207.97,20.1302,-0.01208,0.61,0.3096,5.809,4.6903,61,CRITICAL,F3,3,1,cooling_degradation,0.6,1,1,,,,,18,0
2026-08-19T18:27:26.156Z,1787164046156,FAN_DT_001_F3_S06_R01_20260819T182135,1,350.407,FAULT_ACTIVE,F3,0.6,FAN_DT_001,3.0,process-model-3.0.0-build3,5127,1,LIVE,SYNCHRONISED,AUTOMATIC,NORMAL,65,1950,1950,0,145,145,0.3,0.3,25.78675,47.22,1.028,1,0.0254,0,207.97,20.1898,-0.01199,0.61,0.3096,5.765,4.7042,61,CRITICAL,F3,3,1,cooling_degradation,0.6,1,1,,,,,18,0
2026-08-19T18:27:26.929Z,1787164046929,FAN_DT_001_F3_S06_R01_20260819T182135,1,351.18,FAULT_ACTIVE,F3,0.6,FAN_DT_001,3.0,process-model-3.0.0-build3,5128,1,LIVE,SYNCHRONISED,AUTOMATIC,NORMAL,65,1950,1950,0,145,145,0.3,0.3,25.78987,47.23,1.028,1,0.0254,0,207.97,20.2494,-0.01191,0.61,0.3096,5.725,4.7181,61,CRITICAL,F3,3,1,cooling_degradation,0.6,1,1,,,,,18,0
2026-08-19T18:27:27.965Z,1787164047965,FAN_DT_001_F3_S06_R01_20260819T182135,1,352.215,FAULT_ACTIVE,F3,0.6,FAN_DT_001,3.0,process-model-3.0.0-build3,5129,1,LIVE,SYNCHRONISED,AUTOMATIC,NORMAL,65,1950,1950,0,145,145,0.3,0.3,25.79256,47.25,1.028,1,0.0254,0,207.97,20.3088,-0.0118,0.61,0.3096,5.676,4.7319,61,CRITICAL,F3,3,1,cooling_degradation,0.6,1,1,,,,,18,0
2026-08-19T18:27:28.995Z,1787164048995,FAN_DT_001_F3_S06_R01_20260819T182135,1,353.245,FAULT_ACTIVE,F3,0.6,FAN_DT_001,3.0,process-model-3.0.0-build3,5130,1,LIVE,SYNCHRONISED,AUTOMATIC,NORMAL,65,1950,1950,0,145,145,0.3,0.3,25.79486,47.26,1.028,1,0.0254,0,207.97,20.3686,-0.0117,0.61,0.3096,5.628,4.7459,61,CRITICAL,F3,3,1,cooling_degradation,0.6,1,1,,,,,18,0
2026-08-19T18:27:30.040Z,1787164050040,FAN_DT_001_F3_S06_R01_20260819T182135,1,354.29,FAULT_ACTIVE,F3,0.6,FAN_DT_001,3.0,process-model-3.0.0-build3,5131,1,LIVE,SYNCHRONISED,AUTOMATIC,NORMAL,65,1950,1950,0,145,145,0.3,0.3,25.79672,47.27,1.028,1,0.0254,0,207.97,20.4281,-0.01159,0.61,0.3096,5.575,4.7598,61,CRITICAL,F3,3,1,cooling_degradation,0.6,1,1,,,,,18,0
2026-08-19T18:27:31.088Z,1787164051088,FAN_DT_001_F3_S06_R01_20260819T182135,1,355.338,FAULT_ACTIVE,F3,0.6,FAN_DT_001,3.0,process-model-3.0.0-build3,5132,1,LIVE,SYNCHRONISED,AUTOMATIC,NORMAL,65,1950,1950,0,145,145,0.3,0.3,25.79817,47.28,1.028,1,0.0254,0,207.97,20.4877,-0.0115,0.61,0.3096,5.531,4.7736,61,CRITICAL,F3,3,1,cooling_degradation,0.6,1,1,,,,,18,0
2026-08-19T18:27:32.103Z,1787164052103,FAN_DT_001_F3_S06_R01_20260819T182135,1,356.352,FAULT_ACTIVE,F3,0.6,FAN_DT_001,3.0,process-model-3.0.0-build3,5133,1,LIVE,SYNCHRONISED,AUTOMATIC,NORMAL,65,1950,1950,0,145,145,0.3,0.3,25.7992,47.29,1.028,1,0.0254,0,207.97,20.5475,-0.01138,0.61,0.3096,5.474,4.7876,61,CRITICAL,F3,3,1,cooling_degradation,0.6,1,1,,,,,18,0
2026-08-19T18:27:33.159Z,1787164053159,FAN_DT_001_F3_S06_R01_20260819T182135,1,357.409,FAULT_ACTIVE,F3,0.6,FAN_DT_001,3.0,process-model-3.0.0-build3,5134,1,LIVE,SYNCHRONISED,AUTOMATIC,NORMAL,65,1950,1950,0,145,145,0.3,0.3,25.79981,47.3,1.028,1,0.0254,0,207.97,20.6069,-0.01127,0.61,0.3096,5.42,4.8014,61,CRITICAL,F3,3,1,cooling_degradation,0.6,1,1,,,,,18,0
2026-08-19T18:27:34.165Z,1787164054165,FAN_DT_001_F3_S06_R01_20260819T182135,1,358.415,FAULT_ACTIVE,F3,0.6,FAN_DT_001,3.0,process-model-3.0.0-build3,5135,1,LIVE,SYNCHRONISED,AUTOMATIC,NORMAL,65,1950,1950,0,145,145,0.3,0.3,25.8,47.32,1.028,1,0.0254,0,207.97,20.6668,-0.01117,0.61,0.3096,5.372,4.8154,61,CRITICAL,F3,3,1,cooling_degradation,0.6,1,1,,,,,18,0
2026-08-19T18:27:35.199Z,1787164055199,FAN_DT_001_F3_S06_R01_20260819T182135,1,359.449,FAULT_ACTIVE,F3,0.6,FAN_DT_001,3.0,process-model-3.0.0-build3,5136,1,LIVE,SYNCHRONISED,AUTOMATIC,NORMAL,65,1950,1950,0,145,145,0.3,0.3,25.79977,47.33,1.028,1,0.0254,0,207.97,20.7263,-0.01107,0.61,0.3096,5.322,4.8292,61,CRITICAL,F3,3,1,cooling_degradation,0.6,1,1,,,,,18,0
2026-08-19T18:27:36.233Z,1787164056233,FAN_DT_001_F3_S06_R01_20260819T182135,1,360.484,FAULT_ACTIVE,F3,0.6,FAN_DT_001,3.0,process-model-3.0.0-build3,5137,1,LIVE,SYNCHRONISED,AUTOMATIC,NORMAL,65,1950,1950,0,145,145,0.3,0.3,25.79911,47.34,1.028,1,0.0254,0,207.97,20.7859,-0.01093,0.61,0.3096,5.255,4.8431,61,CRITICAL,F3,3,1,cooling_degradation,0.6,1,1,,,,,18,0
2026-08-19T18:27:37.396Z,1787164057396,FAN_DT_001_F3_S06_R01_20260819T182135,1,361.646,FAULT_ACTIVE,F3,0.6,FAN_DT_001,3.0,process-model-3.0.0-build3,5138,1,LIVE,SYNCHRONISED,AUTOMATIC,NORMAL,65,1950,1950,0,145,145,0.3,0.3,25.79804,47.35,1.028,1,0.0254,0,207.97,20.8457,-0.0108,0.61,0.3096,5.195,4.857,61,CRITICAL,F3,3,1,cooling_degradation,0.6,1,1,,,,,18,0
2026-08-19T18:27:38.301Z,1787164058301,FAN_DT_001_F3_S06_R01_20260819T182135,1,362.551,FAULT_ACTIVE,F3,0.6,FAN_DT_001,3.0,process-model-3.0.0-build3,5139,1,LIVE,SYNCHRONISED,AUTOMATIC,NORMAL,65,1950,1950,0,145,145,0.3,0.3,25.79655,47.36,1.028,1,0.0254,0,207.97,20.9051,-0.0107,0.61,0.3096,5.145,4.8709,61,CRITICAL,F3,3,1,cooling_degradation,0.6,1,1,,,,,18,0
2026-08-19T18:27:39.379Z,1787164059379,FAN_DT_001_F3_S06_R01_20260819T182135,1,363.629,FAULT_ACTIVE,F3,0.6,FAN_DT_001,3.0,process-model-3.0.0-build3,5140,1,LIVE,SYNCHRONISED,AUTOMATIC,NORMAL,65,1950,1950,0,145,145,0.3,0.3,25.79462,47.37,1.028,1,0.0254,0,207.97,20.9652,-0.01057,0.61,0.3096,5.082,4.8849,61,CRITICAL,F3,3,1,cooling_degradation,0.6,1,1,,,,,18,0
2026-08-19T18:27:40.383Z,1787164060383,FAN_DT_001_F3_S06_R01_20260819T182135,1,364.634,FAULT_ACTIVE,F3,0.6,FAN_DT_001,3.0,process-model-3.0.0-build3,5141,1,LIVE,SYNCHRONISED,AUTOMATIC,NORMAL,65,1950,1950,0,145,145,0.3,0.3,25.79229,47.38,1.028,1,0.0254,0,207.97,21.0248,-0.01042,0.61,0.3096,5.012,4.8988,61,CRITICAL,F3,3,1,cooling_degradation,0.6,1,1,,,,,18,0
2026-08-19T18:27:41.412Z,1787164061412,FAN_DT_001_F3_S06_R01_20260819T182135,1,365.662,FAULT_ACTIVE,F3,0.6,FAN_DT_001,3.0,process-model-3.0.0-build3,5142,1,LIVE,SYNCHRONISED,AUTOMATIC,NORMAL,65,1950,1950,0,145,145,0.3,0.3,25.78953,47.39,1.028,1,0.0254,0,207.97,21.0846,-0.01029,0.61,0.3096,4.948,4.9127,61,CRITICAL,F3,3,1,cooling_degradation,0.6,1,1,,,,,18,0
2026-08-19T18:27:42.470Z,1787164062470,FAN_DT_001_F3_S06_R01_20260819T182135,1,366.721,FAULT_ACTIVE,F3,0.6,FAN_DT_001,3.0,process-model-3.0.0-build3,5143,1,LIVE,SYNCHRONISED,AUTOMATIC,NORMAL,65,1950,1950,0,145,145,0.3,0.3,25.78637,47.4,1.028,1,0.0254,0,207.97,21.144,-0.01015,0.61,0.3096,4.882,4.9266,61,CRITICAL,F3,3,1,cooling_degradation,0.6,1,1,,,,,18,0
2026-08-19T18:27:43.484Z,1787164063484,FAN_DT_001_F3_S06_R01_20260819T182135,1,367.734,FAULT_ACTIVE,F3,0.6,FAN_DT_001,3.0,process-model-3.0.0-build3,5144,1,LIVE,SYNCHRONISED,AUTOMATIC,NORMAL,65,1950,1950,0,145,145,0.3,0.3,25.78278,47.42,1.028,1,0.0254,0,207.97,21.2039,-0.01003,0.61,0.3096,4.822,4.9405,61,CRITICAL,F3,3,1,cooling_degradation,0.6,1,1,,,,,18,0
2026-08-19T18:27:44.513Z,1787164064513,FAN_DT_001_F3_S06_R01_20260819T182135,1,368.763,FAULT_ACTIVE,F3,0.6,FAN_DT_001,3.0,process-model-3.0.0-build3,5145,1,LIVE,SYNCHRONISED,AUTOMATIC,NORMAL,65,1950,1950,0,145,145,0.3,0.3,25.7788,47.43,1.028,1,0.0254,0,207.97,21.2634,-0.00988,0.61,0.3096,4.752,4.9544,61,CRITICAL,F3,3,1,cooling_degradation,0.6,1,1,,,,,18,0
2026-08-19T18:27:45.545Z,1787164065545,FAN_DT_001_F3_S06_R01_20260819T182135,1,369.795,FAULT_ACTIVE,F3,0.6,FAN_DT_001,3.0,process-model-3.0.0-build3,5146,1,LIVE,SYNCHRONISED,AUTOMATIC,NORMAL,65,1950,1950,0,145,145,0.3,0.3,25.77437,47.44,1.028,1,0.0254,0,207.97,21.3233,-0.00974,0.61,0.3096,4.683,4.9683,61,CRITICAL,F3,3,1,cooling_degradation,0.6,1,1,,,,,18,0
2026-08-19T18:27:46.580Z,1787164066580,FAN_DT_001_F3_S06_R01_20260819T182135,1,370.83,FAULT_ACTIVE,F3,0.6,FAN_DT_001,3.0,process-model-3.0.0-build3,5147,1,LIVE,SYNCHRONISED,AUTOMATIC,NORMAL,65,1950,1950,0,145,145,0.3,0.3,25.76958,47.45,1.028,1,0.0254,0,207.97,21.3827,-0.00961,0.61,0.3096,4.622,4.9822,61,CRITICAL,F3,3,1,cooling_degradation,0.6,1,1,,,,,18,0
2026-08-19T18:27:47.612Z,1787164067612,FAN_DT_001_F3_S06_R01_20260819T182135,1,371.862,FAULT_ACTIVE,F3,0.6,FAN_DT_001,3.0,process-model-3.0.0-build3,5148,1,LIVE,SYNCHRONISED,AUTOMATIC,NORMAL,65,1950,1950,0,145,145,0.3,0.3,25.76435,47.46,1.028,1,0.0254,0,207.97,21.4425,-0.00945,0.61,0.3096,4.544,4.9961,61,CRITICAL,F3,3,1,cooling_degradation,0.6,1,1,,,,,18,0
2026-08-19T18:27:48.653Z,1787164068653,FAN_DT_001_F3_S06_R01_20260819T182135,1,372.903,FAULT_ACTIVE,F3,0.6,FAN_DT_001,3.0,process-model-3.0.0-build3,5149,1,LIVE,SYNCHRONISED,AUTOMATIC,NORMAL,65,1950,1950,0,145,145,0.3,0.3,25.75875,47.47,1.028,1,0.0254,0,207.97,21.502,-0.0093,0.61,0.3096,4.473,5.01,61,CRITICAL,F3,3,1,cooling_degradation,0.6,1,1,,,,,18,0
2026-08-19T18:27:49.684Z,1787164069684,FAN_DT_001_F3_S06_R01_20260819T182135,1,373.934,FAULT_ACTIVE,F3,0.6,FAN_DT_001,3.0,process-model-3.0.0-build3,5150,1,LIVE,SYNCHRONISED,AUTOMATIC,NORMAL,65,1950,1950,0,145,145,0.3,0.3,25.75272,47.47,1.028,1,0.0254,0,207.97,21.5618,-0.00914,0.61,0.3096,4.396,5.0239,61,CRITICAL,F3,3,1,cooling_degradation,0.6,1,1,,,,,18,0
2026-08-19T18:27:50.811Z,1787164070811,FAN_DT_001_F3_S06_R01_20260819T182135,1,375.06,FAULT_ACTIVE,F3,0.6,FAN_DT_001,3.0,process-model-3.0.0-build3,5151,1,LIVE,SYNCHRONISED,AUTOMATIC,NORMAL,65,1950,1950,0,145,145,0.3,0.3,25.74635,47.48,1.028,1,0.0254,0,207.97,21.621,-0.00898,0.61,0.3096,4.318,5.0377,61,CRITICAL,F3,3,1,cooling_degradation,0.6,1,1,,,,,18,0
2026-08-19T18:27:51.789Z,1787164071789,FAN_DT_001_F3_S06_R01_20260819T182135,1,376.039,FAULT_ACTIVE,F3,0.6,FAN_DT_001,3.0,process-model-3.0.0-build3,5152,1,LIVE,SYNCHRONISED,AUTOMATIC,NORMAL,65,1950,1950,0,145,145,0.3,0.3,25.73952,47.49,1.028,1,0.0254,0,207.97,21.6808,-0.00883,0.61,0.3096,4.246,5.0516,61,CRITICAL,F3,3,1,cooling_degradation,0.6,1,1,,,,,18,0
2026-08-19T18:27:52.781Z,1787164072781,FAN_DT_001_F3_S06_R01_20260819T182135,1,377.032,FAULT_ACTIVE,F3,0.6,FAN_DT_001,3.0,process-model-3.0.0-build3,5153,1,LIVE,SYNCHRONISED,AUTOMATIC,NORMAL,65,1950,1950,0,145,145,0.3,0.3,25.73236,47.5,1.028,1,0.0254,0,207.97,21.7402,-0.00867,0.61,0.3096,4.17,5.0655,61,CRITICAL,F3,3,1,cooling_degradation,0.6,1,1,,,,,18,0
2026-08-19T18:27:53.808Z,1787164073808,FAN_DT_001_F3_S06_R01_20260819T182135,1,378.058,FAULT_ACTIVE,F3,0.6,FAN_DT_001,3.0,process-model-3.0.0-build3,5154,1,LIVE,SYNCHRONISED,AUTOMATIC,NORMAL,65,1950,1950,0,145,145,0.3,0.3,25.72478,47.51,1.028,1,0.0254,0,207.97,21.7999,-0.0085,0.61,0.3096,4.087,5.0794,61,CRITICAL,F3,3,1,cooling_degradation,0.6,1,1,,,,,18,0
2026-08-19T18:27:54.842Z,1787164074842,FAN_DT_001_F3_S06_R01_20260819T182135,1,379.092,FAULT_ACTIVE,F3,0.6,FAN_DT_001,3.0,process-model-3.0.0-build3,5155,1,LIVE,SYNCHRONISED,AUTOMATIC,NORMAL,65,1950,1950,0,145,145,0.3,0.3,25.71686,47.52,1.028,1,0.0254,0,207.97,21.8592,-0.00834,0.61,0.3096,4.01,5.0932,61,CRITICAL,F3,3,1,cooling_degradation,0.6,1,1,,,,,18,0
2026-08-19T18:27:55.971Z,1787164075971,FAN_DT_001_F3_S06_R01_20260819T182135,1,380.221,FAULT_ACTIVE,F3,0.6,FAN_DT_001,3.0,process-model-3.0.0-build3,5156,1,LIVE,SYNCHRONISED,AUTOMATIC,NORMAL,65,1950,1950,0,145,145,0.3,0.3,25.7085,47.53,1.028,1,0.0254,0,207.97,21.9191,-0.00819,0.61,0.3096,3.939,5.1071,61,CRITICAL,F3,3,1,cooling_degradation,0.6,1,1,,,,,18,0
2026-08-19T18:27:56.974Z,1787164076974,FAN_DT_001_F3_S06_R01_20260819T182135,1,381.224,FAULT_ACTIVE,F3,0.6,FAN_DT_001,3.0,process-model-3.0.0-build3,5157,1,LIVE,SYNCHRONISED,AUTOMATIC,NORMAL,65,1950,1950,0,145,145,0.3,0.3,25.69982,47.54,1.028,1,0.0254,0,207.97,21.9785,-0.00802,0.61,0.3096,3.856,5.121,61,CRITICAL,F3,3,1,cooling_degradation,0.6,1,1,,,,,18,0
2026-08-19T18:27:57.953Z,1787164077953,FAN_DT_001_F3_S06_R01_20260819T182135,1,382.203,FAULT_ACTIVE,F3,0.6,FAN_DT_001,3.0,process-model-3.0.0-build3,5158,1,LIVE,SYNCHRONISED,AUTOMATIC,NORMAL,65,1950,1950,0,145,145,0.3,0.3,25.69072,47.54,1.028,1,0.0254,0,207.97,22.0383,-0.00784,0.61,0.3096,3.768,5.1349,61,CRITICAL,F3,3,1,cooling_degradation,0.6,1,1,,,,,18,0
2026-08-19T18:27:58.979Z,1787164078979,FAN_DT_001_F3_S06_R01_20260819T182135,1,383.228,FAULT_ACTIVE,F3,0.6,FAN_DT_001,3.0,process-model-3.0.0-build3,5159,1,LIVE,SYNCHRONISED,AUTOMATIC,NORMAL,65,1950,1950,0,145,145,0.3,0.3,25.68129,47.55,1.028,1,0.0254,0,207.97,22.0978,-0.00766,0.61,0.3096,3.683,5.1488,61,CRITICAL,F3,3,1,cooling_degradation,0.6,1,1,,,,,18,0
2026-08-19T18:28:00.015Z,1787164080015,FAN_DT_001_F3_S06_R01_20260819T182135,1,384.265,FAULT_ACTIVE,F3,0.6,FAN_DT_001,3.0,process-model-3.0.0-build3,5160,1,LIVE,SYNCHRONISED,AUTOMATIC,NORMAL,65,1950,1950,0,145,145,0.3,0.3,25.67147,47.56,1.028,1,0.0254,0,207.97,22.1576,-0.00751,0.61,0.3096,3.61,5.1627,61,CRITICAL,F3,3,1,cooling_degradation,0.6,1,1,,,,,18,0
2026-08-19T18:28:01.044Z,1787164081044,FAN_DT_001_F3_S06_R01_20260819T182135,1,385.294,FAULT_ACTIVE,F3,0.6,FAN_DT_001,3.0,process-model-3.0.0-build3,5161,1,LIVE,SYNCHRONISED,AUTOMATIC,NORMAL,65,1950,1950,0,145,145,0.3,0.3,25.66135,47.57,1.028,1,0.0254,0,207.97,22.217,-0.00731,0.61,0.3096,3.515,5.1766,61,CRITICAL,F3,3,1,cooling_degradation,0.6,1,1,,,,,18,0
2026-08-19T18:28:02.077Z,1787164082077,FAN_DT_001_F3_S06_R01_20260819T182135,1,386.327,FAULT_ACTIVE,F3,0.6,FAN_DT_001,3.0,process-model-3.0.0-build3,5162,1,LIVE,SYNCHRONISED,AUTOMATIC,NORMAL,65,1950,1950,0,145,145,0.3,0.3,25.65082,47.58,1.028,1,0.0254,0,207.97,22.2769,-0.00715,0.61,0.3096,3.436,5.1905,61,CRITICAL,F3,3,1,cooling_degradation,0.6,1,1,,,,,18,0
2026-08-19T18:28:03.137Z,1787164083137,FAN_DT_001_F3_S06_R01_20260819T182135,1,387.387,FAULT_ACTIVE,F3,0.6,FAN_DT_001,3.0,process-model-3.0.0-build3,5163,1,LIVE,SYNCHRONISED,AUTOMATIC,NORMAL,65,1950,1950,0,145,145,0.3,0.3,25.64001,47.58,1.028,1,0.0254,0,207.97,22.3363,-0.00696,0.61,0.3096,3.349,5.2044,61,CRITICAL,F3,3,1,cooling_degradation,0.6,1,1,,,,,18,0
2026-08-19T18:28:04.156Z,1787164084156,FAN_DT_001_F3_S06_R01_20260819T182135,1,388.406,FAULT_ACTIVE,F3,0.6,FAN_DT_001,3.0,process-model-3.0.0-build3,5164,1,LIVE,SYNCHRONISED,AUTOMATIC,NORMAL,65,1950,1950,0,145,145,0.3,0.3,25.62879,47.59,1.028,1,0.0254,0,207.97,22.3962,-0.00678,0.61,0.3096,3.261,5.2183,61,CRITICAL,F3,3,1,cooling_degradation,0.6,1,1,,,,,18,0
2026-08-19T18:28:05.192Z,1787164085192,FAN_DT_001_F3_S06_R01_20260819T182135,1,389.442,FAULT_ACTIVE,F3,0.6,FAN_DT_001,3.0,process-model-3.0.0-build3,5165,1,LIVE,SYNCHRONISED,AUTOMATIC,NORMAL,65,1950,1950,0,145,145,0.3,0.3,25.61728,47.6,1.028,1,0.0254,0,207.97,22.4558,-0.00662,0.61,0.3096,3.182,5.2322,61,CRITICAL,F3,3,1,cooling_degradation,0.6,1,1,,,,,18,0
2026-08-19T18:28:06.215Z,1787164086215,FAN_DT_001_F3_S06_R01_20260819T182135,1,390.465,FAULT_ACTIVE,F3,0.6,FAN_DT_001,3.0,process-model-3.0.0-build3,5166,1,LIVE,SYNCHRONISED,AUTOMATIC,NORMAL,65,1950,1950,0,145,145,0.3,0.3,25.60549,47.6,1.028,1,0.0254,0,207.97,22.5152,-0.00642,0.61,0.3096,3.086,5.246,61,CRITICAL,F3,3,1,cooling_degradation,0.6,1,1,,,,,18,0
2026-08-19T18:28:07.264Z,1787164087264,FAN_DT_001_F3_S06_R01_20260819T182135,1,391.514,FAULT_ACTIVE,F3,0.6,FAN_DT_001,3.0,process-model-3.0.0-build3,5167,1,LIVE,SYNCHRONISED,AUTOMATIC,NORMAL,65,1950,1950,0,145,145,0.3,0.3,25.59329,47.61,1.028,1,0.0254,0,207.97,22.5751,-0.00625,0.61,0.3096,3.005,5.26,61,CRITICAL,F3,3,1,cooling_degradation,0.6,1,1,,,,,18,0
2026-08-19T18:28:08.286Z,1787164088286,FAN_DT_001_F3_S06_R01_20260819T182135,1,392.536,FAULT_ACTIVE,F3,0.6,FAN_DT_001,3.0,process-model-3.0.0-build3,5168,1,LIVE,SYNCHRONISED,AUTOMATIC,NORMAL,65,1950,1950,0,145,145,0.3,0.3,25.58084,47.62,1.028,1,0.0254,0,207.97,22.6346,-0.00605,0.61,0.3096,2.909,5.2739,61,CRITICAL,F3,3,1,cooling_degradation,0.6,1,1,,,,,18,0
2026-08-19T18:28:09.354Z,1787164089354,FAN_DT_001_F3_S06_R01_20260819T182135,1,393.604,FAULT_ACTIVE,F3,0.6,FAN_DT_001,3.0,process-model-3.0.0-build3,5169,1,LIVE,SYNCHRONISED,AUTOMATIC,NORMAL,65,1950,1950,0,145,145,0.3,0.3,25.56805,47.62,1.028,1,0.0254,0,207.97,22.6944,-0.00586,0.61,0.3096,2.816,5.2878,61,CRITICAL,F3,3,1,cooling_degradation,0.6,1,1,,,,,18,0
2026-08-19T18:28:10.365Z,1787164090365,FAN_DT_001_F3_S06_R01_20260819T182135,1,394.615,FAULT_ACTIVE,F3,0.6,FAN_DT_001,3.0,process-model-3.0.0-build3,5170,1,LIVE,SYNCHRONISED,AUTOMATIC,NORMAL,65,1950,1950,0,145,145,0.3,0.3,25.55508,47.63,1.028,1,0.0254,0,207.97,22.7535,-0.00568,0.61,0.3096,2.73,5.3016,61,CRITICAL,F3,3,1,cooling_degradation,0.6,1,1,,,,,18,0
2026-08-19T18:28:11.380Z,1787164091380,FAN_DT_001_F3_S06_R01_20260819T182135,1,395.63,FAULT_ACTIVE,F3,0.6,FAN_DT_001,3.0,process-model-3.0.0-build3,5171,1,LIVE,SYNCHRONISED,AUTOMATIC,NORMAL,65,1950,1950,0,145,145,0.3,0.3,25.54167,47.63,1.028,1,0.0254,0,207.97,22.8133,-0.00548,0.61,0.3096,2.635,5.3155,61,CRITICAL,F3,3,1,cooling_degradation,0.6,1,1,,,,,18,0
2026-08-19T18:28:12.414Z,1787164092414,FAN_DT_001_F3_S06_R01_20260819T182135,1,396.664,FAULT_ACTIVE,F3,0.6,FAN_DT_001,3.0,process-model-3.0.0-build3,5172,1,LIVE,SYNCHRONISED,AUTOMATIC,NORMAL,65,1950,1950,0,145,145,0.3,0.3,25.5281,47.64,1.028,1,0.0254,0,207.97,22.8727,-0.0053,0.61,0.3096,2.548,5.3293,61,CRITICAL,F3,3,1,cooling_degradation,0.6,1,1,,,,,18,0
2026-08-19T18:28:13.441Z,1787164093441,FAN_DT_001_F3_S06_R01_20260819T182135,1,397.691,FAULT_ACTIVE,F3,0.6,FAN_DT_001,3.0,process-model-3.0.0-build3,5173,1,LIVE,SYNCHRONISED,AUTOMATIC,NORMAL,65,1950,1950,0,145,145,0.3,0.3,25.51418,47.65,1.028,1,0.0254,0,207.97,22.9323,-0.00512,0.61,0.3096,2.46,5.3432,61,CRITICAL,F3,3,1,cooling_degradation,0.6,1,1,,,,,18,0
2026-08-19T18:28:14.481Z,1787164094481,FAN_DT_001_F3_S06_R01_20260819T182135,1,398.731,FAULT_ACTIVE,F3,0.6,FAN_DT_001,3.0,process-model-3.0.0-build3,5174,1,LIVE,SYNCHRONISED,AUTOMATIC,NORMAL,65,1950,1950,0,145,145,0.3,0.3,25.50006,47.65,1.028,1,0.0254,0,207.97,22.9916,-0.00492,0.61,0.3096,2.366,5.357,61,CRITICAL,F3,3,1,cooling_degradation,0.6,1,1,,,,,18,0
2026-08-19T18:28:15.506Z,1787164095506,FAN_DT_001_F3_S06_R01_20260819T182135,1,399.757,FAULT_ACTIVE,F3,0.6,FAN_DT_001,3.0,process-model-3.0.0-build3,5175,1,LIVE,SYNCHRONISED,AUTOMATIC,NORMAL,65,1950,1950,0,145,145,0.3,0.3,25.48555,47.66,1.028,1,0.0254,0,207.97,23.0515,-0.00473,0.61,0.3096,2.274,5.371,61,CRITICAL,F3,3,1,cooling_degradation,0.6,1,1,,,,,18,0
2026-08-19T18:28:16.565Z,1787164096565,FAN_DT_001_F3_S06_R01_20260819T182135,1,400.815,FAULT_ACTIVE,F3,0.6,FAN_DT_001,3.0,process-model-3.0.0-build3,5176,1,LIVE,SYNCHRONISED,AUTOMATIC,NORMAL,65,1950,1950,0,145,145,0.3,0.3,25.47089,47.66,1.028,1,0.0254,0,207.97,23.1109,-0.00454,0.61,0.3096,2.184,5.3848,61,CRITICAL,F3,3,1,cooling_degradation,0.6,1,1,,,,,18,0
2026-08-19T18:28:17.581Z,1787164097581,FAN_DT_001_F3_S06_R01_20260819T182135,1,401.831,FAULT_ACTIVE,F3,0.6,FAN_DT_001,3.0,process-model-3.0.0-build3,5177,1,LIVE,SYNCHRONISED,AUTOMATIC,NORMAL,65,1950,1950,0,145,145,0.3,0.3,25.45592,47.66,1.028,1,0.0254,0,207.97,23.1706,-0.00436,0.61,0.3096,2.096,5.3987,61,CRITICAL,F3,3,1,cooling_degradation,0.6,1,1,,,,,18,0
2026-08-19T18:28:18.625Z,1787164098625,FAN_DT_001_F3_S06_R01_20260819T182135,1,402.875,FAULT_ACTIVE,F3,0.6,FAN_DT_001,3.0,process-model-3.0.0-build3,5178,1,LIVE,SYNCHRONISED,AUTOMATIC,NORMAL,65,1950,1950,0,145,145,0.3,0.3,25.44077,47.67,1.028,1,0.0254,0,207.97,23.23,-0.00416,0.61,0.3096,2.001,5.4126,61,CRITICAL,F3,3,1,cooling_degradation,0.6,1,1,,,,,18,0
2026-08-19T18:28:19.690Z,1787164099690,FAN_DT_001_F3_S06_R01_20260819T182135,1,403.94,FAULT_ACTIVE,F3,0.6,FAN_DT_001,3.0,process-model-3.0.0-build3,5179,1,LIVE,SYNCHRONISED,AUTOMATIC,NORMAL,65,1950,1950,0,145,145,0.3,0.3,25.42528,47.67,1.028,1,0.0254,0,207.97,23.2899,-0.00397,0.61,0.3096,1.907,5.4265,61,CRITICAL,F3,3,1,cooling_degradation,0.6,1,1,,,,,18,0
2026-08-19T18:28:20.674Z,1787164100674,FAN_DT_001_F3_S06_R01_20260819T182135,1,404.924,FAULT_ACTIVE,F3,0.6,FAN_DT_001,3.0,process-model-3.0.0-build3,5180,1,LIVE,SYNCHRONISED,AUTOMATIC,NORMAL,65,1950,1950,0,145,145,0.3,0.3,25.40961,47.68,1.028,1,0.0254,0,207.97,23.3496,-0.00376,0.61,0.3096,1.807,5.4404,61,CRITICAL,F3,3,1,cooling_degradation,0.6,1,1,,,,,18,0
2026-08-19T18:28:21.710Z,1787164101710,FAN_DT_001_F3_S06_R01_20260819T182135,1,405.96,FAULT_ACTIVE,F3,0.6,FAN_DT_001,3.0,process-model-3.0.0-build3,5181,1,LIVE,SYNCHRONISED,AUTOMATIC,NORMAL,65,1950,1950,0,145,145,0.3,0.3,25.39381,47.68,1.028,1,0.0254,0,207.97,23.4089,-0.00357,0.61,0.3096,1.719,5.4543,61,CRITICAL,F3,3,1,cooling_degradation,0.6,1,1,,,,,18,0
2026-08-19T18:28:22.739Z,1787164102739,FAN_DT_001_F3_S06_R01_20260819T182135,1,406.989,FAULT_ACTIVE,F3,0.6,FAN_DT_001,3.0,process-model-3.0.0-build3,5182,1,LIVE,SYNCHRONISED,AUTOMATIC,NORMAL,65,1950,1950,0,145,145,0.3,0.3,25.37772,47.68,1.028,1,0.0254,0,207.97,23.4686,-0.00336,0.61,0.3096,1.618,5.4682,61,CRITICAL,F3,3,1,cooling_degradation,0.6,1,1,,,,,18,0
2026-08-19T18:28:23.775Z,1787164103775,FAN_DT_001_F3_S06_R01_20260819T182135,1,408.025,FAULT_ACTIVE,F3,0.6,FAN_DT_001,3.0,process-model-3.0.0-build3,5183,1,LIVE,SYNCHRONISED,AUTOMATIC,NORMAL,65,1950,1950,0,145,145,0.3,0.3,25.3615,47.69,1.028,1,0.0254,0,207.97,23.5281,-0.00317,0.61,0.3096,1.526,5.482,61,CRITICAL,F3,3,1,cooling_degradation,0.6,1,1,,,,,18,0
2026-08-19T18:28:24.802Z,1787164104802,FAN_DT_001_F3_S06_R01_20260819T182135,1,409.052,FAULT_ACTIVE,F3,0.6,FAN_DT_001,3.0,process-model-3.0.0-build3,5184,1,LIVE,SYNCHRONISED,AUTOMATIC,NORMAL,65,1950,1950,0,145,145,0.3,0.3,25.34493,47.69,1.028,1,0.0254,0,207.97,23.5881,-0.00299,0.61,0.3096,1.439,5.496,61,CRITICAL,F3,3,1,cooling_degradation,0.6,1,1,,,,,18,0
2026-08-19T18:28:25.852Z,1787164105852,FAN_DT_001_F3_S06_R01_20260819T182135,1,410.102,FAULT_ACTIVE,F3,0.6,FAN_DT_001,3.0,process-model-3.0.0-build3,5185,1,LIVE,SYNCHRONISED,AUTOMATIC,NORMAL,65,1950,1950,0,145,145,0.3,0.3,25.32848,47.69,1.028,1,0.0254,0,207.97,23.647,-0.0028,0.61,0.3096,1.348,5.5098,61,CRITICAL,F3,3,1,cooling_degradation,0.6,1,1,,,,,18,0
2026-08-19T18:28:26.949Z,1787164106949,FAN_DT_001_F3_S06_R01_20260819T182135,1,411.199,FAULT_ACTIVE,F3,0.6,FAN_DT_001,3.0,process-model-3.0.0-build3,5186,1,LIVE,SYNCHRONISED,AUTOMATIC,NORMAL,65,1950,1950,0,145,145,0.3,0.3,25.31164,47.7,1.028,1,0.0254,0,207.97,23.7067,-0.00259,0.61,0.3096,1.247,5.5237,61,CRITICAL,F3,3,1,cooling_degradation,0.6,1,1,,,,,18,0
2026-08-19T18:28:27.905Z,1787164107905,FAN_DT_001_F3_S06_R01_20260819T182135,1,412.155,FAULT_ACTIVE,F3,0.6,FAN_DT_001,3.0,process-model-3.0.0-build3,5187,1,LIVE,SYNCHRONISED,AUTOMATIC,NORMAL,65,1950,1950,0,145,145,0.3,0.3,25.29465,47.7,1.028,1,0.0254,0,207.97,23.7663,-0.0024,0.61,0.3096,1.154,5.5376,61,CRITICAL,F3,3,1,cooling_degradation,0.6,1,1,,,,,18,0
2026-08-19T18:28:28.938Z,1787164108938,FAN_DT_001_F3_S06_R01_20260819T182135,1,413.188,FAULT_ACTIVE,F3,0.6,FAN_DT_001,3.0,process-model-3.0.0-build3,5188,1,LIVE,SYNCHRONISED,AUTOMATIC,NORMAL,65,1950,1950,0,145,145,0.3,0.3,25.27756,47.7,1.028,1,0.0254,0,207.97,23.8258,-0.00221,0.61,0.3096,1.063,5.5514,61,CRITICAL,F3,3,1,cooling_degradation,0.6,1,1,,,,,18,0
2026-08-19T18:28:29.967Z,1787164109967,FAN_DT_001_F3_S06_R01_20260819T182135,1,414.217,FAULT_ACTIVE,F3,0.6,FAN_DT_001,3.0,process-model-3.0.0-build3,5189,1,LIVE,SYNCHRONISED,AUTOMATIC,NORMAL,65,1950,1950,0,145,145,0.3,0.3,25.26024,47.7,1.028,1,0.0254,0,207.97,23.8856,-0.00204,0.61,0.3096,0.981,5.5653,61,CRITICAL,F3,3,1,cooling_degradation,0.6,1,1,,,,,18,0
2026-08-19T18:28:31.004Z,1787164111004,FAN_DT_001_F3_S06_R01_20260819T182135,1,415.254,FAULT_ACTIVE,F3,0.6,FAN_DT_001,3.0,process-model-3.0.0-build3,5190,1,LIVE,SYNCHRONISED,AUTOMATIC,NORMAL,65,1950,1950,0,145,145,0.3,0.3,25.24289,47.71,1.028,1,0.0254,0,207.97,23.945,-0.00183,0.61,0.3096,0.881,5.5792,61,CRITICAL,F3,3,1,cooling_degradation,0.6,1,1,,,,,18,0
2026-08-19T18:28:32.044Z,1787164112044,FAN_DT_001_F3_S06_R01_20260819T182135,1,416.294,FAULT_ACTIVE,F3,0.6,FAN_DT_001,3.0,process-model-3.0.0-build3,5191,1,LIVE,SYNCHRONISED,AUTOMATIC,NORMAL,65,1950,1950,0,145,145,0.3,0.3,25.22532,47.71,1.028,1,0.0254,0,207.97,24.0047,-0.00165,0.61,0.3096,0.792,5.5931,61,CRITICAL,F3,3,1,cooling_degradation,0.6,1,1,,,,,18,0
2026-08-19T18:28:33.103Z,1787164113103,FAN_DT_001_F3_S06_R01_20260819T182135,1,417.353,FAULT_ACTIVE,F3,0.6,FAN_DT_001,3.0,process-model-3.0.0-build3,5192,1,LIVE,SYNCHRONISED,AUTOMATIC,NORMAL,65,1950,1950,0,145,145,0.3,0.3,25.20771,47.71,1.028,1,0.0254,0,207.97,24.0642,-0.00145,0.61,0.3096,0.695,5.6069,61,CRITICAL,F3,3,1,cooling_degradation,0.6,1,1,,,,,18,0
2026-08-19T18:28:34.105Z,1787164114105,FAN_DT_001_F3_S06_R01_20260819T182135,1,418.355,FAULT_ACTIVE,F3,0.6,FAN_DT_001,3.0,process-model-3.0.0-build3,5193,1,LIVE,SYNCHRONISED,AUTOMATIC,NORMAL,65,1950,1950,0,145,145,0.3,0.3,25.18986,47.71,1.028,1,0.0254,0,207.97,24.1241,-0.00127,0.61,0.3096,0.612,5.6209,61,CRITICAL,F3,3,1,cooling_degradation,0.6,1,1,,,,,18,0
2026-08-19T18:28:35.137Z,1787164115137,FAN_DT_001_F3_S06_R01_20260819T182135,1,419.387,FAULT_ACTIVE,F3,0.6,FAN_DT_001,3.0,process-model-3.0.0-build3,5194,1,LIVE,SYNCHRONISED,AUTOMATIC,NORMAL,65,1950,1950,0,145,145,0.3,0.3,25.172,47.71,1.028,1,0.0254,0,207.97,24.1836,-0.00107,0.61,0.3096,0.514,5.6348,61,CRITICAL,F3,3,1,cooling_degradation,0.6,1,1,,,,,18,0
2026-08-19T18:28:36.175Z,1787164116175,FAN_DT_001_F3_S06_R01_20260819T182135,1,420.425,FAULT_ACTIVE,F3,0.6,FAN_DT_001,3.0,process-model-3.0.0-build3,5195,1,LIVE,SYNCHRONISED,AUTOMATIC,NORMAL,65,1950,1950,0,145,145,0.3,0.3,25.15397,47.71,1.028,1,0.0254,0,207.97,24.2435,-0.00088,0.61,0.3096,0.422,5.6487,61,CRITICAL,F3,3,1,cooling_degradation,0.6,1,1,,,,,18,0
2026-08-19T18:28:37.223Z,1787164117223,FAN_DT_001_F3_S06_R01_20260819T182135,1,421.473,FAULT_ACTIVE,F3,0.6,FAN_DT_001,3.0,process-model-3.0.0-build3,5196,1,LIVE,SYNCHRONISED,AUTOMATIC,NORMAL,65,1950,1950,0,145,145,0.3,0.3,25.13593,47.71,1.028,1,0.0254,0,207.97,24.3031,-0.00071,0.61,0.3096,0.341,5.6626,61,CRITICAL,F3,3,1,cooling_degradation,0.6,1,1,,,,,18,0
2026-08-19T18:28:38.270Z,1787164118270,FAN_DT_001_F3_S06_R01_20260819T182135,1,422.52,FAULT_ACTIVE,F3,0.6,FAN_DT_001,3.0,process-model-3.0.0-build3,5197,1,LIVE,SYNCHRONISED,AUTOMATIC,NORMAL,65,1950,1950,0,145,145,0.3,0.3,25.11788,47.71,1.028,1,0.0254,0,207.97,24.3625,-0.00053,0.61,0.3096,0.254,5.6765,61,CRITICAL,F3,3,1,cooling_degradation,0.6,1,1,,,,,18,0
2026-08-19T18:28:39.274Z,1787164119274,FAN_DT_001_F3_S06_R01_20260819T182135,1,423.524,FAULT_ACTIVE,F3,0.6,FAN_DT_001,3.0,process-model-3.0.0-build3,5198,1,LIVE,SYNCHRONISED,AUTOMATIC,NORMAL,65,1950,1950,0,145,145,0.3,0.3,25.09967,47.71,1.028,1,0.0254,0,207.97,24.4222,-0.00033,0.61,0.3096,0.16,5.6904,61,CRITICAL,F3,3,1,cooling_degradation,0.6,1,1,,,,,18,0
2026-08-19T18:28:40.304Z,1787164120304,FAN_DT_001_F3_S06_R01_20260819T182135,1,424.554,FAULT_ACTIVE,F3,0.6,FAN_DT_001,3.0,process-model-3.0.0-build3,5199,1,LIVE,SYNCHRONISED,AUTOMATIC,NORMAL,65,1950,1950,0,145,145,0.3,0.3,25.08151,47.71,1.028,1,0.0254,0,207.97,24.4816,-0.00014,0.61,0.3096,0.069,5.7042,61,CRITICAL,F3,3,1,cooling_degradation,0.6,1,1,,,,,18,0
2026-08-19T18:28:41.365Z,1787164121365,FAN_DT_001_F3_S06_R01_20260819T182135,1,425.615,FAULT_ACTIVE,F3,0.6,FAN_DT_001,3.0,process-model-3.0.0-build3,5200,1,LIVE,SYNCHRONISED,AUTOMATIC,NORMAL,65,1950,1950,0,145,145,0.3,0.3,25.06322,47.71,1.028,1,0.0254,0,207.97,24.5413,0.00003,0.61,0.3096,0.014,5.7181,61,CRITICAL,F3,3,1,cooling_degradation,0.6,1,1,,,,,18,0
2026-08-19T18:28:42.369Z,1787164122369,FAN_DT_001_F3_S06_R01_20260819T182135,1,426.619,FAULT_ACTIVE,F3,0.6,FAN_DT_001,3.0,process-model-3.0.0-build3,5201,1,LIVE,SYNCHRONISED,AUTOMATIC,NORMAL,65,1950,1950,0,145,145,0.3,0.3,25.04493,47.71,1.028,1,0.0254,0,207.97,24.6009,0.0002,0.61,0.3096,0.097,5.732,61,CRITICAL,F3,3,1,cooling_degradation,0.6,1,1,,,,,18,0
2026-08-19T18:28:43.405Z,1787164123405,FAN_DT_001_F3_S06_R01_20260819T182135,1,427.655,FAULT_ACTIVE,F3,0.6,FAN_DT_001,3.0,process-model-3.0.0-build3,5202,1,LIVE,SYNCHRONISED,AUTOMATIC,NORMAL,65,1950,1950,0,145,145,0.3,0.3,25.02661,47.71,1.028,1,0.0254,0,207.97,24.6604,0.00039,0.61,0.3096,0.189,5.7459,61,CRITICAL,F3,3,1,cooling_degradation,0.6,1,1,,,,,18,0
2026-08-19T18:28:44.460Z,1787164124460,FAN_DT_001_F3_S06_R01_20260819T182135,1,428.71,FAULT_ACTIVE,F3,0.6,FAN_DT_001,3.0,process-model-3.0.0-build3,5203,1,LIVE,SYNCHRONISED,AUTOMATIC,NORMAL,65,1950,1950,0,145,145,0.3,0.3,25.00819,47.71,1.028,1,0.0254,0,207.97,24.7203,0.00055,0.61,0.3096,0.264,5.7598,61,CRITICAL,F3,3,1,cooling_degradation,0.6,1,1,,,,,18,0
2026-08-19T18:28:45.477Z,1787164125477,FAN_DT_001_F3_S06_R01_20260819T182135,1,429.726,FAULT_ACTIVE,F3,0.6,FAN_DT_001,3.0,process-model-3.0.0-build3,5204,1,LIVE,SYNCHRONISED,AUTOMATIC,NORMAL,65,1950,1950,0,145,145,0.3,0.3,24.98983,47.71,1.028,1,0.0254,0,207.97,24.7799,0.00075,0.61,0.3096,0.358,5.7737,61,CRITICAL,F3,3,1,cooling_degradation,0.6,1,1,,,,,18,0
2026-08-19T18:28:46.509Z,1787164126509,FAN_DT_001_F3_S06_R01_20260819T182135,1,430.759,FAULT_ACTIVE,F3,0.6,FAN_DT_001,3.0,process-model-3.0.0-build3,5205,1,LIVE,SYNCHRONISED,AUTOMATIC,NORMAL,65,1950,1950,0,145,145,0.3,0.3,24.97142,47.71,1.028,1,0.0254,0,207.97,24.8398,0.0009,0.61,0.3096,0.431,5.7877,61,CRITICAL,F3,3,1,cooling_degradation,0.6,1,1,,,,,18,0
2026-08-19T18:28:47.579Z,1787164127579,FAN_DT_001_F3_S06_R01_20260819T182135,1,431.829,FAULT_ACTIVE,F3,0.6,FAN_DT_001,3.0,process-model-3.0.0-build3,5206,1,LIVE,SYNCHRONISED,AUTOMATIC,NORMAL,65,1950,1950,0,145,145,0.3,0.3,24.95318,47.71,1.028,1,0.0254,0,207.97,24.8991,0.00108,0.61,0.3096,0.52,5.8015,61,CRITICAL,F3,3,1,cooling_degradation,0.6,1,1,,,,,18,0
2026-08-19T18:28:48.589Z,1787164128589,FAN_DT_001_F3_S06_R01_20260819T182135,1,432.84,FAULT_ACTIVE,F3,0.6,FAN_DT_001,3.0,process-model-3.0.0-build3,5207,1,LIVE,SYNCHRONISED,AUTOMATIC,NORMAL,65,1950,1950,0,145,145,0.3,0.3,24.93479,47.71,1.028,1,0.0254,0,207.97,24.959,0.00125,0.61,0.3096,0.602,5.8155,61,CRITICAL,F3,3,1,cooling_degradation,0.6,1,1,,,,,18,0
2026-08-19T18:28:49.636Z,1787164129636,FAN_DT_001_F3_S06_R01_20260819T182135,1,433.886,FAULT_ACTIVE,F3,0.6,FAN_DT_001,3.0,process-model-3.0.0-build3,5208,1,LIVE,SYNCHRONISED,AUTOMATIC,NORMAL,65,1950,1950,0,145,145,0.3,0.3,24.9166,47.71,1.028,1,0.0254,0,207.97,25.0184,0.00141,0.61,0.3096,0.679,5.8293,61,CRITICAL,F3,3,1,cooling_degradation,0.6,1,1,,,,,18,0
2026-08-19T18:28:50.645Z,1787164130645,FAN_DT_001_F3_S06_R01_20260819T182135,1,434.895,FAULT_ACTIVE,F3,0.6,FAN_DT_001,3.0,process-model-3.0.0-build3,5209,1,LIVE,SYNCHRONISED,AUTOMATIC,NORMAL,65,1950,1950,0,145,145,0.3,0.3,24.89832,47.71,1.028,1,0.0254,0,207.97,25.0782,0.00156,0.61,0.3096,0.751,5.8432,61,CRITICAL,F3,3,1,cooling_degradation,0.6,1,1,,,,,18,0
2026-08-19T18:28:51.742Z,1787164131742,FAN_DT_001_F3_S06_R01_20260819T182135,1,435.992,FAULT_ACTIVE,F3,0.6,FAN_DT_001,3.0,process-model-3.0.0-build3,5210,1,LIVE,SYNCHRONISED,AUTOMATIC,NORMAL,65,1950,1950,0,145,145,0.3,0.3,24.88019,47.71,1.028,1,0.0254,0,207.97,25.1377,0.00173,0.61,0.3096,0.83,5.8571,61,CRITICAL,F3,3,1,cooling_degradation,0.6,1,1,,,,,18,0
2026-08-19T18:28:52.718Z,1787164132718,FAN_DT_001_F3_S06_R01_20260819T182135,1,436.968,FAULT_ACTIVE,F3,0.6,FAN_DT_001,3.0,process-model-3.0.0-build3,5211,1,LIVE,SYNCHRONISED,AUTOMATIC,NORMAL,65,1950,1950,0,145,145,0.3,0.3,24.86203,47.7,1.028,1,0.0254,0,207.97,25.1975,0.00191,0.61,0.3096,0.917,5.871,61,CRITICAL,F3,3,1,cooling_degradation,0.6,1,1,,,,,18,0
2026-08-19T18:28:53.761Z,1787164133761,FAN_DT_001_F3_S06_R01_20260819T182135,1,438.011,FAULT_ACTIVE,F3,0.6,FAN_DT_001,3.0,process-model-3.0.0-build3,5212,1,LIVE,SYNCHRONISED,AUTOMATIC,NORMAL,65,1950,1950,0,145,145,0.3,0.3,24.84392,47.7,1.028,1,0.0254,0,207.97,25.2573,0.00206,0.61,0.3096,0.99,5.885,61,CRITICAL,F3,3,1,cooling_degradation,0.6,1,1,,,,,18,0
2026-08-19T18:28:54.784Z,1787164134784,FAN_DT_001_F3_S06_R01_20260819T182135,1,439.034,FAULT_ACTIVE,F3,0.6,FAN_DT_001,3.0,process-model-3.0.0-build3,5213,1,LIVE,SYNCHRONISED,AUTOMATIC,NORMAL,65,1950,1950,0,145,145,0.3,0.3,24.82603,47.7,1.028,1,0.0254,0,207.97,25.3168,0.00221,0.61,0.3096,1.064,5.8988,61,CRITICAL,F3,3,1,cooling_degradation,0.6,1,1,,,,,18,0
2026-08-19T18:28:55.819Z,1787164135819,FAN_DT_001_F3_S06_R01_20260819T182135,1,440.069,FAULT_ACTIVE,F3,0.6,FAN_DT_001,3.0,process-model-3.0.0-build3,5214,1,LIVE,SYNCHRONISED,AUTOMATIC,NORMAL,65,1950,1950,0,145,145,0.3,0.3,24.80813,47.7,1.028,1,0.0254,0,207.97,25.3765,0.00235,0.61,0.3096,1.132,5.9127,61,CRITICAL,F3,3,1,cooling_degradation,0.6,1,1,,,,,18,0
2026-08-19T18:28:56.851Z,1787164136851,FAN_DT_001_F3_S06_R01_20260819T182135,1,441.101,FAULT_ACTIVE,F3,0.6,FAN_DT_001,3.0,process-model-3.0.0-build3,5215,1,LIVE,SYNCHRONISED,AUTOMATIC,NORMAL,65,1950,1950,0,145,145,0.3,0.3,24.79042,47.69,1.028,1,0.0254,0,207.97,25.436,0.00252,0.61,0.3096,1.213,5.9266,61,CRITICAL,F3,3,1,cooling_degradation,0.6,1,1,,,,,18,0
2026-08-19T18:28:57.881Z,1787164137881,FAN_DT_001_F3_S06_R01_20260819T182135,1,442.131,FAULT_ACTIVE,F3,0.6,FAN_DT_001,3.0,process-model-3.0.0-build3,5216,1,LIVE,SYNCHRONISED,AUTOMATIC,NORMAL,65,1950,1950,0,145,145,0.3,0.3,24.77274,47.69,1.028,1,0.0254,0,207.97,25.4957,0.00266,0.61,0.3096,1.279,5.9405,61,CRITICAL,F3,3,1,cooling_degradation,0.6,1,1,,,,,18,0
2026-08-19T18:28:58.945Z,1787164138945,FAN_DT_001_F3_S06_R01_20260819T182135,1,443.195,FAULT_ACTIVE,F3,0.6,FAN_DT_001,3.0,process-model-3.0.0-build3,5217,1,LIVE,SYNCHRONISED,AUTOMATIC,NORMAL,65,1950,1950,0,145,145,0.3,0.3,24.75523,47.69,1.028,1,0.0254,0,207.97,25.5553,0.00282,0.61,0.3096,1.354,5.9544,61,CRITICAL,F3,3,1,cooling_degradation,0.6,1,1,,,,,18,0
2026-08-19T18:28:59.960Z,1787164139960,FAN_DT_001_F3_S06_R01_20260819T182135,1,444.21,FAULT_ACTIVE,F3,0.6,FAN_DT_001,3.0,process-model-3.0.0-build3,5218,1,LIVE,SYNCHRONISED,AUTOMATIC,NORMAL,65,1950,1950,0,145,145,0.3,0.3,24.73778,47.69,1.028,1,0.0254,0,207.97,25.615,0.00294,0.61,0.3096,1.414,5.9683,61,CRITICAL,F3,3,1,cooling_degradation,0.6,1,1,,,,,18,0
2026-08-19T18:29:00.987Z,1787164140987,FAN_DT_001_F3_S06_R01_20260819T182135,1,445.237,FAULT_ACTIVE,F3,0.6,FAN_DT_001,3.0,process-model-3.0.0-build3,5219,1,LIVE,SYNCHRONISED,AUTOMATIC,NORMAL,65,1950,1950,0,145,145,0.3,0.3,24.72054,47.68,1.028,1,0.0254,0,207.97,25.6745,0.00309,0.61,0.3096,1.488,5.9822,61,CRITICAL,F3,3,1,cooling_degradation,0.6,1,1,,,,,18,0
2026-08-19T18:29:02.056Z,1787164142056,FAN_DT_001_F3_S06_R01_20260819T182135,1,446.307,FAULT_ACTIVE,F3,0.6,FAN_DT_001,3.0,process-model-3.0.0-build3,5220,1,LIVE,SYNCHRONISED,AUTOMATIC,NORMAL,65,1950,1950,0,145,145,0.3,0.3,24.7034,47.68,1.028,1,0.0254,0,207.97,25.7343,0.00322,0.61,0.3096,1.55,5.9961,61,CRITICAL,F3,3,1,cooling_degradation,0.6,1,1,,,,,18,0
2026-08-19T18:29:03.056Z,1787164143056,FAN_DT_001_F3_S06_R01_20260819T182135,1,447.306,FAULT_ACTIVE,F3,0.6,FAN_DT_001,3.0,process-model-3.0.0-build3,5221,1,LIVE,SYNCHRONISED,AUTOMATIC,NORMAL,65,1950,1950,0,145,145,0.3,0.3,24.68647,47.68,1.028,1,0.0254,0,207.97,25.7938,0.00337,0.61,0.3096,1.619,6.0099,61,CRITICAL,F3,3,1,cooling_degradation,0.6,1,1,,,,,18,0
2026-08-19T18:29:04.099Z,1787164144099,FAN_DT_001_F3_S06_R01_20260819T182135,1,448.349,FAULT_ACTIVE,F3,0.6,FAN_DT_001,3.0,process-model-3.0.0-build3,5222,1,LIVE,SYNCHRONISED,AUTOMATIC,NORMAL,65,1950,1950,0,145,145,0.3,0.3,24.66963,47.67,1.028,1,0.0254,0,207.97,25.8536,0.00348,0.61,0.3096,1.674,6.0239,61,CRITICAL,F3,3,1,cooling_degradation,0.6,1,1,,,,,18,0
2026-08-19T18:29:05.120Z,1787164145120,FAN_DT_001_F3_S06_R01_20260819T182135,1,449.37,FAULT_ACTIVE,F3,0.6,FAN_DT_001,3.0,process-model-3.0.0-build3,5223,1,LIVE,SYNCHRONISED,AUTOMATIC,NORMAL,65,1950,1950,0,145,145,0.3,0.3,24.65305,47.67,1.028,1,0.0254,0,207.97,25.913,0.00361,0.61,0.3096,1.736,6.0377,61,CRITICAL,F3,3,1,cooling_degradation,0.6,1,1,,,,,18,0
2026-08-19T18:29:06.152Z,1787164146152,FAN_DT_001_F3_S06_R01_20260819T182135,1,450.402,FAULT_ACTIVE,F3,0.6,FAN_DT_001,3.0,process-model-3.0.0-build3,5224,1,LIVE,SYNCHRONISED,AUTOMATIC,NORMAL,65,1950,1950,0,145,145,0.3,0.3,24.63656,47.66,1.028,1,0.0254,0,207.97,25.9729,0.00372,0.61,0.3096,1.791,6.0517,61,CRITICAL,F3,3,1,cooling_degradation,0.6,1,1,,,,,18,0
2026-08-19T18:29:07.203Z,1787164147203,FAN_DT_001_F3_S06_R01_20260819T182135,1,451.453,FAULT_ACTIVE,F3,0.6,FAN_DT_001,3.0,process-model-3.0.0-build3,5225,1,LIVE,SYNCHRONISED,AUTOMATIC,NORMAL,65,1950,1950,0,145,145,0.3,0.3,24.62037,47.66,1.028,1,0.0254,0,207.97,26.0322,0.00387,0.61,0.3096,1.862,6.0655,61,CRITICAL,F3,3,1,cooling_degradation,0.6,1,1,,,,,18,0
2026-08-19T18:29:08.246Z,1787164148246,FAN_DT_001_F3_S06_R01_20260819T182135,1,452.496,FAULT_ACTIVE,F3,0.6,FAN_DT_001,3.0,process-model-3.0.0-build3,5226,1,LIVE,SYNCHRONISED,AUTOMATIC,NORMAL,65,1950,1950,0,145,145,0.3,0.3,24.60426,47.66,1.028,1,0.0254,0,207.97,26.0921,0.00397,0.61,0.3096,1.907,6.0795,61,CRITICAL,F3,3,1,cooling_degradation,0.6,1,1,,,,,18,0
2026-08-19T18:29:09.271Z,1787164149271,FAN_DT_001_F3_S06_R01_20260819T182135,1,453.521,FAULT_ACTIVE,F3,0.6,FAN_DT_001,3.0,process-model-3.0.0-build3,5227,1,LIVE,SYNCHRONISED,AUTOMATIC,NORMAL,65,1950,1950,0,145,145,0.3,0.3,24.58839,47.65,1.028,1,0.0254,0,207.97,26.1518,0.0041,0.61,0.3096,1.973,6.0934,61,CRITICAL,F3,3,1,cooling_degradation,0.6,1,1,,,,,18,0
2026-08-19T18:29:10.299Z,1787164150299,FAN_DT_001_F3_S06_R01_20260819T182135,1,454.549,FAULT_ACTIVE,F3,0.6,FAN_DT_001,3.0,process-model-3.0.0-build3,5228,1,LIVE,SYNCHRONISED,AUTOMATIC,NORMAL,65,1950,1950,0,145,145,0.3,0.3,24.57278,47.65,1.028,1,0.0254,0,207.97,26.2114,0.00422,0.61,0.3096,2.029,6.1072,61,CRITICAL,F3,3,1,cooling_degradation,0.6,1,1,,,,,18,0
2026-08-19T18:29:11.327Z,1787164151327,FAN_DT_001_F3_S06_R01_20260819T182135,1,455.577,FAULT_ACTIVE,F3,0.6,FAN_DT_001,3.0,process-model-3.0.0-build3,5229,1,LIVE,SYNCHRONISED,AUTOMATIC,NORMAL,65,1950,1950,0,145,145,0.3,0.3,24.5573,47.64,1.028,1,0.0254,0,207.97,26.2713,0.00432,0.61,0.3096,2.08,6.1212,61,CRITICAL,F3,3,1,cooling_degradation,0.6,1,1,,,,,18,0
2026-08-19T18:29:12.364Z,1787164152364,FAN_DT_001_F3_S06_R01_20260819T182135,1,456.614,FAULT_ACTIVE,F3,0.6,FAN_DT_001,3.0,process-model-3.0.0-build3,5230,1,LIVE,SYNCHRONISED,AUTOMATIC,NORMAL,65,1950,1950,0,145,145,0.3,0.3,24.54217,47.64,1.028,1,0.0254,0,207.97,26.3308,0.00443,0.61,0.3096,2.128,6.1351,61,CRITICAL,F3,3,1,cooling_degradation,0.6,1,1,,,,,18,0
2026-08-19T18:29:13.396Z,1787164153396,FAN_DT_001_F3_S06_R01_20260819T182135,1,457.646,FAULT_ACTIVE,F3,0.6,FAN_DT_001,3.0,process-model-3.0.0-build3,5231,1,LIVE,SYNCHRONISED,AUTOMATIC,NORMAL,65,1950,1950,0,145,145,0.3,0.3,24.5272,47.63,1.028,1,0.0254,0,207.97,26.3906,0.00451,0.61,0.3096,2.169,6.149,61,CRITICAL,F3,3,1,cooling_degradation,0.6,1,1,,,,,18,0
2026-08-19T18:29:14.429Z,1787164154429,FAN_DT_001_F3_S06_R01_20260819T182135,1,458.679,FAULT_ACTIVE,F3,0.6,FAN_DT_001,3.0,process-model-3.0.0-build3,5232,1,LIVE,SYNCHRONISED,AUTOMATIC,NORMAL,65,1950,1950,0,145,145,0.3,0.3,24.51254,47.63,1.028,1,0.0254,0,207.97,26.4501,0.00462,0.61,0.3096,2.223,6.1629,61,CRITICAL,F3,3,1,cooling_degradation,0.6,1,1,,,,,18,0
2026-08-19T18:29:15.464Z,1787164155464,FAN_DT_001_F3_S06_R01_20260819T182135,1,459.714,FAULT_ACTIVE,F3,0.6,FAN_DT_001,3.0,process-model-3.0.0-build3,5233,1,LIVE,SYNCHRONISED,AUTOMATIC,NORMAL,65,1950,1950,0,145,145,0.3,0.3,24.49815,47.63,1.028,1,0.0254,0,207.97,26.5097,0.00472,0.61,0.3096,2.268,6.1768,61,CRITICAL,F3,3,1,cooling_degradation,0.6,1,1,,,,,18,0
2026-08-19T18:29:16.498Z,1787164156498,FAN_DT_001_F3_S06_R01_20260819T182135,1,460.748,FAULT_ACTIVE,F3,0.6,FAN_DT_001,3.0,process-model-3.0.0-build3,5234,1,LIVE,SYNCHRONISED,AUTOMATIC,NORMAL,65,1950,1950,0,145,145,0.3,0.3,24.48393,47.62,1.028,1,0.0254,0,207.97,26.5695,0.00481,0.61,0.3096,2.311,6.1907,61,CRITICAL,F3,3,1,cooling_degradation,0.6,1,1,,,,,18,0
2026-08-19T18:29:17.552Z,1787164157552,FAN_DT_001_F3_S06_R01_20260819T182135,1,461.802,FAULT_ACTIVE,F3,0.6,FAN_DT_001,3.0,process-model-3.0.0-build3,5235,1,LIVE,SYNCHRONISED,AUTOMATIC,NORMAL,65,1950,1950,0,145,145,0.3,0.3,24.47006,47.62,1.028,1,0.0254,0,207.97,26.6291,0.00488,0.61,0.3096,2.348,6.2046,61,CRITICAL,F3,3,1,cooling_degradation,0.6,1,1,,,,,18,0
2026-08-19T18:29:18.568Z,1787164158568,FAN_DT_001_F3_S06_R01_20260819T182135,1,462.818,FAULT_ACTIVE,F3,0.6,FAN_DT_001,3.0,process-model-3.0.0-build3,5236,1,LIVE,SYNCHRONISED,AUTOMATIC,NORMAL,65,1950,1950,0,145,145,0.3,0.3,24.45643,47.61,1.028,1,0.0254,0,207.97,26.6889,0.00497,0.61,0.3096,2.392,6.2185,61,CRITICAL,F3,3,1,cooling_degradation,0.6,1,1,,,,,18,0
2026-08-19T18:29:19.609Z,1787164159609,FAN_DT_001_F3_S06_R01_20260819T182135,1,463.859,FAULT_ACTIVE,F3,0.6,FAN_DT_001,3.0,process-model-3.0.0-build3,5237,1,LIVE,SYNCHRONISED,AUTOMATIC,NORMAL,65,1950,1950,0,145,145,0.3,0.3,24.44316,47.61,1.028,1,0.0254,0,207.97,26.7483,0.00506,0.61,0.3096,2.432,6.2323,61,CRITICAL,F3,3,1,cooling_degradation,0.6,1,1,,,,,18,0
2026-08-19T18:29:20.640Z,1787164160640,FAN_DT_001_F3_S06_R01_20260819T182135,1,464.89,FAULT_ACTIVE,F3,0.6,FAN_DT_001,3.0,process-model-3.0.0-build3,5238,1,LIVE,SYNCHRONISED,AUTOMATIC,NORMAL,65,1950,1950,0,145,145,0.3,0.3,24.43007,47.6,1.028,1,0.0254,0,207.97,26.8082,0.00515,0.61,0.3096,2.475,6.2463,61,CRITICAL,F3,3,1,cooling_degradation,0.6,1,1,,,,,18,0
2026-08-19T18:29:21.674Z,1787164161674,FAN_DT_001_F3_S06_R01_20260819T182135,1,465.924,FAULT_ACTIVE,F3,0.6,FAN_DT_001,3.0,process-model-3.0.0-build3,5239,1,LIVE,SYNCHRONISED,AUTOMATIC,NORMAL,65,1950,1950,0,145,145,0.3,0.3,24.41735,47.59,1.028,1,0.0254,0,207.97,26.8678,0.0052,0.61,0.3096,2.501,6.2602,61,CRITICAL,F3,3,1,cooling_degradation,0.6,1,1,,,,,18,0
2026-08-19T18:29:22.702Z,1787164162702,FAN_DT_001_F3_S06_R01_20260819T182135,1,466.952,FAULT_ACTIVE,F3,0.6,FAN_DT_001,3.0,process-model-3.0.0-build3,5240,1,LIVE,SYNCHRONISED,AUTOMATIC,NORMAL,65,1950,1950,0,145,145,0.3,0.3,24.40494,47.59,1.028,1,0.0254,0,207.97,26.9273,0.00527,0.61,0.3096,2.533,6.2741,61,CRITICAL,F3,3,1,cooling_degradation,0.6,1,1,,,,,18,0
2026-08-19T18:29:23.758Z,1787164163758,FAN_DT_001_F3_S06_R01_20260819T182135,1,468.008,FAULT_ACTIVE,F3,0.6,FAN_DT_001,3.0,process-model-3.0.0-build3,5241,1,LIVE,SYNCHRONISED,AUTOMATIC,NORMAL,65,1950,1950,0,145,145,0.3,0.3,24.39284,47.58,1.028,1,0.0254,0,207.97,26.987,0.00535,0.61,0.3096,2.571,6.288,61,CRITICAL,F3,3,1,cooling_degradation,0.6,1,1,,,,,18,0
2026-08-19T18:29:24.769Z,1787164164769,FAN_DT_001_F3_S06_R01_20260819T182135,1,469.019,FAULT_ACTIVE,F3,0.6,FAN_DT_001,3.0,process-model-3.0.0-build3,5242,1,LIVE,SYNCHRONISED,AUTOMATIC,NORMAL,65,1950,1950,0,145,145,0.3,0.3,24.38107,47.58,1.028,1,0.0254,0,207.97,27.0465,0.00539,0.61,0.3096,2.591,6.3018,61,CRITICAL,F3,3,1,cooling_degradation,0.6,1,1,,,,,18,0
2026-08-19T18:29:25.807Z,1787164165807,FAN_DT_001_F3_S06_R01_20260819T182135,1,470.057,FAULT_ACTIVE,F3,0.6,FAN_DT_001,3.0,process-model-3.0.0-build3,5243,1,LIVE,SYNCHRONISED,AUTOMATIC,NORMAL,65,1950,1950,0,145,145,0.3,0.3,24.36963,47.57,1.028,1,0.0254,0,207.97,27.106,0.00546,0.61,0.3096,2.626,6.3157,61,CRITICAL,F3,3,1,cooling_degradation,0.6,1,1,,,,,18,0
2026-08-19T18:29:26.832Z,1787164166832,FAN_DT_001_F3_S06_R01_20260819T182135,1,471.082,FAULT_ACTIVE,F3,0.6,FAN_DT_001,3.0,process-model-3.0.0-build3,5244,1,LIVE,SYNCHRONISED,AUTOMATIC,NORMAL,65,1950,1950,0,145,145,0.3,0.3,24.35854,47.57,1.028,1,0.0254,0,207.97,27.1654,0.00551,0.61,0.3096,2.649,6.3295,61,CRITICAL,F3,3,1,cooling_degradation,0.6,1,1,,,,,18,0
2026-08-19T18:29:27.911Z,1787164167911,FAN_DT_001_F3_S06_R01_20260819T182135,1,472.161,FAULT_ACTIVE,F3,0.6,FAN_DT_001,3.0,process-model-3.0.0-build3,5245,1,LIVE,SYNCHRONISED,AUTOMATIC,NORMAL,65,1950,1950,0,145,145,0.3,0.3,24.34771,47.56,1.028,1,0.0254,0,207.97,27.2252,0.00558,0.61,0.3096,2.681,6.3435,61,CRITICAL,F3,3,1,cooling_degradation,0.6,1,1,,,,,18,0
2026-08-19T18:29:28.900Z,1787164168900,FAN_DT_001_F3_S06_R01_20260819T182135,1,473.15,FAULT_ACTIVE,F3,0.6,FAN_DT_001,3.0,process-model-3.0.0-build3,5246,1,LIVE,SYNCHRONISED,AUTOMATIC,NORMAL,65,1950,1950,0,145,145,0.3,0.3,24.33729,47.56,1.028,1,0.0254,0,207.97,27.2846,0.0056,0.61,0.3096,2.695,6.3573,61,CRITICAL,F3,3,1,cooling_degradation,0.6,1,1,,,,,18,0
2026-08-19T18:29:29.933Z,1787164169933,FAN_DT_001_F3_S06_R01_20260819T182135,1,474.183,FAULT_ACTIVE,F3,0.6,FAN_DT_001,3.0,process-model-3.0.0-build3,5247,1,LIVE,SYNCHRONISED,AUTOMATIC,NORMAL,65,1950,1950,0,145,145,0.3,0.3,24.32716,47.55,1.028,1,0.0254,0,207.97,27.3444,0.00566,0.61,0.3096,2.722,6.3712,61,CRITICAL,F3,3,1,cooling_degradation,0.6,1,1,,,,,18,0
2026-08-19T18:29:30.976Z,1787164170976,FAN_DT_001_F3_S06_R01_20260819T182135,1,475.226,FAULT_ACTIVE,F3,0.6,FAN_DT_001,3.0,process-model-3.0.0-build3,5248,1,LIVE,SYNCHRONISED,AUTOMATIC,NORMAL,65,1950,1950,0,145,145,0.3,0.3,24.31742,47.54,1.028,1,0.0254,0,207.97,27.404,0.00569,0.61,0.3096,2.737,6.3851,61,CRITICAL,F3,3,1,cooling_degradation,0.6,1,1,,,,,18,0
2026-08-19T18:29:32.006Z,1787164172006,FAN_DT_001_F3_S06_R01_20260819T182135,1,476.256,FAULT_ACTIVE,F3,0.6,FAN_DT_001,3.0,process-model-3.0.0-build3,5249,1,LIVE,SYNCHRONISED,AUTOMATIC,NORMAL,65,1950,1950,0,145,145,0.3,0.3,24.30799,47.54,1.028,1,0.0254,0,207.97,27.4639,0.00572,0.61,0.3096,2.751,6.3991,61,CRITICAL,F3,3,1,cooling_degradation,0.6,1,1,,,,,18,0
2026-08-19T18:29:33.037Z,1787164173037,FAN_DT_001_F3_S06_R01_20260819T182135,1,477.287,FAULT_ACTIVE,F3,0.6,FAN_DT_001,3.0,process-model-3.0.0-build3,5250,1,LIVE,SYNCHRONISED,AUTOMATIC,NORMAL,65,1950,1950,0,145,145,0.3,0.3,24.299,47.53,1.028,1,0.0254,0,207.97,27.5233,0.00575,0.61,0.3096,2.765,6.4129,61,CRITICAL,F3,3,1,cooling_degradation,0.6,1,1,,,,,18,0
2026-08-19T18:29:34.069Z,1787164174069,FAN_DT_001_F3_S06_R01_20260819T182135,1,478.319,FAULT_ACTIVE,F3,0.6,FAN_DT_001,3.0,process-model-3.0.0-build3,5251,1,LIVE,SYNCHRONISED,AUTOMATIC,NORMAL,65,1950,1950,0,145,145,0.3,0.3,24.29031,47.53,1.028,1,0.0254,0,207.97,27.5832,0.00578,0.61,0.3096,2.781,6.4269,61,CRITICAL,F3,3,1,cooling_degradation,0.6,1,1,,,,,18,0
2026-08-19T18:29:35.106Z,1787164175106,FAN_DT_001_F3_S06_R01_20260819T182135,1,479.356,FAULT_ACTIVE,F3,0.6,FAN_DT_001,3.0,process-model-3.0.0-build3,5252,1,LIVE,SYNCHRONISED,AUTOMATIC,NORMAL,65,1950,1950,0,145,145,0.3,0.3,24.28205,47.52,1.028,1,0.0254,0,207.97,27.6426,0.00581,0.61,0.3096,2.793,6.4407,61,CRITICAL,F3,3,1,cooling_degradation,0.6,1,1,,,,,18,0
2026-08-19T18:29:36.155Z,1787164176155,FAN_DT_001_F3_S06_R01_20260819T182135,1,480.405,FAULT_ACTIVE,F3,0.6,FAN_DT_001,3.0,process-model-3.0.0-build3,5253,1,LIVE,SYNCHRONISED,AUTOMATIC,NORMAL,65,1950,1950,0,145,145,0.3,0.3,24.27411,47.51,1.028,1,0.0254,0,207.97,27.7025,0.00581,0.61,0.3096,2.795,6.4547,61,CRITICAL,F3,3,1,cooling_degradation,0.6,1,1,,,,,18,0
2026-08-19T18:29:37.172Z,1787164177172,FAN_DT_001_F3_S06_R01_20260819T182135,1,481.422,FAULT_ACTIVE,F3,0.6,FAN_DT_001,3.0,process-model-3.0.0-build3,5254,1,LIVE,SYNCHRONISED,AUTOMATIC,NORMAL,65,1950,1950,0,145,145,0.3,0.3,24.26662,47.51,1.028,1,0.0254,0,207.97,27.7619,0.00584,0.61,0.3096,2.807,6.4685,61,CRITICAL,F3,3,1,cooling_degradation,0.6,1,1,,,,,18,0
2026-08-19T18:29:38.206Z,1787164178206,FAN_DT_001_F3_S06_R01_20260819T182135,1,482.456,FAULT_ACTIVE,F3,0.6,FAN_DT_001,3.0,process-model-3.0.0-build3,5255,1,LIVE,SYNCHRONISED,AUTOMATIC,NORMAL,65,1950,1950,0,145,145,0.3,0.3,24.25946,47.5,1.028,1,0.0254,0,207.97,27.8216,0.00584,0.61,0.3096,2.81,6.4824,61,CRITICAL,F3,3,1,cooling_degradation,0.6,1,1,,,,,18,0
2026-08-19T18:29:39.240Z,1787164179240,FAN_DT_001_F3_S06_R01_20260819T182135,1,483.49,FAULT_ACTIVE,F3,0.6,FAN_DT_001,3.0,process-model-3.0.0-build3,5256,1,LIVE,SYNCHRONISED,AUTOMATIC,NORMAL,65,1950,1950,0,145,145,0.3,0.3,24.25273,47.5,1.028,1,0.0254,0,207.97,27.8811,0.00587,0.61,0.3096,2.821,6.4963,61,CRITICAL,F3,3,1,cooling_degradation,0.6,1,1,,,,,18,0
2026-08-19T18:29:40.276Z,1787164180276,FAN_DT_001_F3_S06_R01_20260819T182135,1,484.526,FAULT_ACTIVE,F3,0.6,FAN_DT_001,3.0,process-model-3.0.0-build3,5257,1,LIVE,SYNCHRONISED,AUTOMATIC,NORMAL,65,1950,1950,0,145,145,0.3,0.3,24.24637,47.49,1.028,1,0.0254,0,207.97,27.9408,0.00584,0.61,0.3096,2.81,6.5102,61,CRITICAL,F3,3,1,cooling_degradation,0.6,1,1,,,,,18,0
2026-08-19T18:29:41.321Z,1787164181321,FAN_DT_001_F3_S06_R01_20260819T182135,1,485.572,FAULT_ACTIVE,F3,0.6,FAN_DT_001,3.0,process-model-3.0.0-build3,5258,1,LIVE,SYNCHRONISED,AUTOMATIC,NORMAL,65,1950,1950,0,145,145,0.3,0.3,24.24043,47.48,1.028,1,0.0254,0,207.97,28.0003,0.00586,0.61,0.3096,2.82,6.5241,61,CRITICAL,F3,3,1,cooling_degradation,0.6,1,1,,,,,18,0
2026-08-19T18:29:42.379Z,1787164182379,FAN_DT_001_F3_S06_R01_20260819T182135,1,486.629,FAULT_ACTIVE,F3,0.6,FAN_DT_001,3.0,process-model-3.0.0-build3,5259,1,LIVE,SYNCHRONISED,AUTOMATIC,NORMAL,65,1950,1950,0,145,145,0.3,0.3,24.23487,47.48,1.028,1,0.0254,0,207.97,28.0599,0.00584,0.61,0.3096,2.81,6.538,61,CRITICAL,F3,3,1,cooling_degradation,0.6,1,1,,,,,18,0
2026-08-19T18:29:43.374Z,1787164183374,FAN_DT_001_F3_S06_R01_20260819T182135,1,487.624,FAULT_ACTIVE,F3,0.6,FAN_DT_001,3.0,process-model-3.0.0-build3,5260,1,LIVE,SYNCHRONISED,AUTOMATIC,NORMAL,65,1950,1950,0,145,145,0.3,0.3,24.22969,47.47,1.028,1,0.0254,0,207.97,28.1198,0.00584,0.61,0.3096,2.808,6.5519,61,CRITICAL,F3,3,1,cooling_degradation,0.6,1,1,,,,,18,0
2026-08-19T18:29:44.412Z,1787164184412,FAN_DT_001_F3_S06_R01_20260819T182135,1,488.663,FAULT_ACTIVE,F3,0.6,FAN_DT_001,3.0,process-model-3.0.0-build3,5261,1,LIVE,SYNCHRONISED,AUTOMATIC,NORMAL,65,1950,1950,0,145,145,0.3,0.3,24.22496,47.47,1.028,1,0.0254,0,207.97,28.1792,0.00584,0.61,0.3096,2.809,6.5658,61,CRITICAL,F3,3,1,cooling_degradation,0.6,1,1,,,,,18,0
2026-08-19T18:29:45.442Z,1787164185442,FAN_DT_001_F3_S06_R01_20260819T182135,1,489.692,FAULT_ACTIVE,F3,0.6,FAN_DT_001,3.0,process-model-3.0.0-build3,5262,1,LIVE,SYNCHRONISED,AUTOMATIC,NORMAL,65,1950,1950,0,145,145,0.3,0.3,24.22059,47.46,1.028,1,0.0254,0,207.97,28.2391,0.00583,0.61,0.3096,2.801,6.5797,61,CRITICAL,F3,3,1,cooling_degradation,0.6,1,1,,,,,18,0
2026-08-19T18:29:46.477Z,1787164186477,FAN_DT_001_F3_S06_R01_20260819T182135,1,490.727,FAULT_ACTIVE,F3,0.6,FAN_DT_001,3.0,process-model-3.0.0-build3,5263,1,LIVE,SYNCHRONISED,AUTOMATIC,NORMAL,65,1950,1950,0,145,145,0.3,0.3,24.21668,47.45,1.028,1,0.0254,0,207.97,28.2985,0.00578,0.61,0.3096,2.78,6.5936,61,CRITICAL,F3,3,1,cooling_degradation,0.6,1,1,,,,,18,0
2026-08-19T18:29:47.512Z,1787164187512,FAN_DT_001_F3_S06_R01_20260819T182135,1,491.762,FAULT_ACTIVE,F3,0.6,FAN_DT_001,3.0,process-model-3.0.0-build3,5264,1,LIVE,SYNCHRONISED,AUTOMATIC,NORMAL,65,1950,1950,0,145,145,0.3,0.3,24.21315,47.45,1.028,1,0.0254,0,207.97,28.3582,0.00578,0.61,0.3096,2.78,6.6075,61,CRITICAL,F3,3,1,cooling_degradation,0.6,1,1,,,,,18,0
2026-08-19T18:29:48.563Z,1787164188563,FAN_DT_001_F3_S06_R01_20260819T182135,1,492.813,FAULT_ACTIVE,F3,0.6,FAN_DT_001,3.0,process-model-3.0.0-build3,5265,1,LIVE,SYNCHRONISED,AUTOMATIC,NORMAL,65,1950,1950,0,145,145,0.3,0.3,24.21004,47.44,1.028,1,0.0254,0,207.97,28.418,0.00575,0.61,0.3096,2.765,6.6214,61,CRITICAL,F3,3,1,cooling_degradation,0.6,1,1,,,,,18,0
2026-08-19T18:29:49.579Z,1787164189579,FAN_DT_001_F3_S06_R01_20260819T182135,1,493.829,FAULT_ACTIVE,F3,0.6,FAN_DT_001,3.0,process-model-3.0.0-build3,5266,1,LIVE,SYNCHRONISED,AUTOMATIC,NORMAL,65,1950,1950,0,145,145,0.3,0.3,24.20734,47.44,1.028,1,0.0254,0,207.97,28.4778,0.00572,0.61,0.3096,2.751,6.6353,61,CRITICAL,F3,3,1,cooling_degradation,0.6,1,1,,,,,18,0
2026-08-19T18:29:50.613Z,1787164190613,FAN_DT_001_F3_S06_R01_20260819T182135,1,494.863,FAULT_ACTIVE,F3,0.6,FAN_DT_001,3.0,process-model-3.0.0-build3,5267,1,LIVE,SYNCHRONISED,AUTOMATIC,NORMAL,65,1950,1950,0,145,145,0.3,0.3,24.20508,47.43,1.028,1,0.0254,0,207.97,28.5371,0.00566,0.61,0.3096,2.724,6.6491,61,CRITICAL,F3,3,1,cooling_degradation,0.6,1,1,,,,,18,0
2026-08-19T18:29:51.665Z,1787164191665,FAN_DT_001_F3_S06_R01_20260819T182135,1,495.915,FAULT_ACTIVE,F3,0.6,FAN_DT_001,3.0,process-model-3.0.0-build3,5268,1,LIVE,SYNCHRONISED,AUTOMATIC,NORMAL,65,1950,1950,0,145,145,0.3,0.3,24.20322,47.42,1.028,1,0.0254,0,207.97,28.5969,0.00563,0.61,0.3096,2.708,6.6631,61,CRITICAL,F3,3,1,cooling_degradation,0.6,1,1,,,,,18,0
2026-08-19T18:29:52.684Z,1787164192684,FAN_DT_001_F3_S06_R01_20260819T182135,1,496.934,FAULT_ACTIVE,F3,0.6,FAN_DT_001,3.0,process-model-3.0.0-build3,5269,1,LIVE,SYNCHRONISED,AUTOMATIC,NORMAL,65,1950,1950,0,145,145,0.3,0.3,24.20179,47.42,1.028,1,0.0254,0,207.97,28.6564,0.00558,0.61,0.3096,2.682,6.677,61,CRITICAL,F3,3,1,cooling_degradation,0.6,1,1,,,,,18,0
2026-08-19T18:29:53.741Z,1787164193741,FAN_DT_001_F3_S06_R01_20260819T182135,1,497.991,FAULT_ACTIVE,F3,0.6,FAN_DT_001,3.0,process-model-3.0.0-build3,5270,1,LIVE,SYNCHRONISED,AUTOMATIC,NORMAL,65,1950,1950,0,145,145,0.3,0.3,24.20077,47.41,1.028,1,0.0254,0,207.97,28.7161,0.00554,0.61,0.3096,2.664,6.6909,61,CRITICAL,F3,3,1,cooling_degradation,0.6,1,1,,,,,18,0
2026-08-19T18:29:54.746Z,1787164194746,FAN_DT_001_F3_S06_R01_20260819T182135,1,498.996,FAULT_ACTIVE,F3,0.6,FAN_DT_001,3.0,process-model-3.0.0-build3,5271,1,LIVE,SYNCHRONISED,AUTOMATIC,NORMAL,65,1950,1950,0,145,145,0.3,0.3,24.20018,47.41,1.028,1,0.0254,0,207.97,28.7757,0.0055,0.61,0.3096,2.647,6.7047,61,CRITICAL,F3,3,1,cooling_degradation,0.6,1,1,,,,,18,0
2026-08-19T18:29:55.778Z,1787164195778,FAN_DT_001_F3_S06_R01_20260819T182135,1,500.028,FAULT_ACTIVE,F3,0.6,FAN_DT_001,3.0,process-model-3.0.0-build3,5272,1,LIVE,SYNCHRONISED,AUTOMATIC,NORMAL,65,1950,1950,0,145,145,0.3,0.3,24.2,47.4,1.028,1,0.0254,0,207.97,28.8354,0.00543,0.61,0.3096,2.612,6.7186,61,CRITICAL,F3,3,1,cooling_degradation,0.6,1,1,,,,,18,0
2026-08-19T18:29:56.806Z,1787164196806,FAN_DT_001_F3_S06_R01_20260819T182135,1,501.056,FAULT_ACTIVE,F3,0.6,FAN_DT_001,3.0,process-model-3.0.0-build3,5273,1,LIVE,SYNCHRONISED,AUTOMATIC,NORMAL,65,1950,1950,0,145,145,0.3,0.3,24.20024,47.4,1.028,1,0.0254,0,207.97,28.8946,0.00537,0.61,0.3096,2.583,6.7324,61,CRITICAL,F3,3,1,cooling_degradation,0.6,1,1,,,,,18,0
2026-08-19T18:29:57.846Z,1787164197846,FAN_DT_001_F3_S06_R01_20260819T182135,1,502.096,FAULT_ACTIVE,F3,0.6,FAN_DT_001,3.0,process-model-3.0.0-build3,5274,1,LIVE,SYNCHRONISED,AUTOMATIC,NORMAL,65,1950,1950,0,145,145,0.3,0.3,24.20091,47.39,1.028,1,0.0254,0,207.97,28.9542,0.00532,0.61,0.3096,2.56,6.7463,61,CRITICAL,F3,3,1,cooling_degradation,0.6,1,1,,,,,18,0
2026-08-19T18:29:58.901Z,1787164198901,FAN_DT_001_F3_S06_R01_20260819T182135,1,503.151,FAULT_ACTIVE,F3,0.6,FAN_DT_001,3.0,process-model-3.0.0-build3,5275,1,LIVE,SYNCHRONISED,AUTOMATIC,NORMAL,65,1950,1950,0,145,145,0.3,0.3,24.202,47.38,1.028,1,0.0254,0,207.97,29.0139,0.00527,0.61,0.3096,2.533,6.7602,61,CRITICAL,F3,3,1,cooling_degradation,0.6,1,1,,,,,18,0
2026-08-19T18:29:59.933Z,1787164199933,FAN_DT_001_F3_S06_R01_20260819T182135,1,504.183,FAULT_ACTIVE,F3,0.6,FAN_DT_001,3.0,process-model-3.0.0-build3,5276,1,LIVE,SYNCHRONISED,AUTOMATIC,NORMAL,65,1950,1950,0,145,145,0.3,0.3,24.2035,47.38,1.028,1,0.0254,0,207.97,29.0735,0.0052,0.61,0.3096,2.501,6.7741,61,CRITICAL,F3,3,1,cooling_degradation,0.6,1,1,,,,,18,0
2026-08-19T18:30:00.954Z,1787164200954,FAN_DT_001_F3_S06_R01_20260819T182135,1,505.204,FAULT_ACTIVE,F3,0.6,FAN_DT_001,3.0,process-model-3.0.0-build3,5277,1,LIVE,SYNCHRONISED,AUTOMATIC,NORMAL,65,1950,1950,0,145,145,0.3,0.3,24.20542,47.37,1.028,1,0.0254,0,207.97,29.1331,0.00513,0.61,0.3096,2.465,6.788,61,CRITICAL,F3,3,1,cooling_degradation,0.6,1,1,,,,,18,0
2026-08-19T18:30:01.976Z,1787164201976,FAN_DT_001_F3_S06_R01_20260819T182135,1,506.226,FAULT_ACTIVE,F3,0.6,FAN_DT_001,3.0,process-model-3.0.0-build3,5278,1,LIVE,SYNCHRONISED,AUTOMATIC,NORMAL,65,1950,1950,0,145,145,0.3,0.3,24.20777,47.37,1.028,1,0.0254,0,207.97,29.1928,0.00505,0.61,0.3096,2.426,6.8019,61,CRITICAL,F3,3,1,cooling_degradation,0.6,1,1,,,,,18,0
2026-08-19T18:30:03.108Z,1787164203108,FAN_DT_001_F3_S06_R01_20260819T182135,1,507.358,FAULT_ACTIVE,F3,0.6,FAN_DT_001,3.0,process-model-3.0.0-build3,5279,1,LIVE,SYNCHRONISED,AUTOMATIC,NORMAL,65,1950,1950,0,145,145,0.3,0.3,24.21052,47.36,1.028,1,0.0254,0,207.97,29.2523,0.00498,0.61,0.3096,2.394,6.8158,61,CRITICAL,F3,3,1,cooling_degradation,0.6,1,1,,,,,18,0
2026-08-19T18:30:04.051Z,1787164204051,FAN_DT_001_F3_S06_R01_20260819T182135,1,508.301,FAULT_ACTIVE,F3,0.6,FAN_DT_001,3.0,process-model-3.0.0-build3,5280,1,LIVE,SYNCHRONISED,AUTOMATIC,NORMAL,65,1950,1950,0,145,145,0.3,0.3,24.2137,47.36,1.028,1,0.0254,0,207.97,29.312,0.00488,0.61,0.3096,2.348,6.8297,61,CRITICAL,F3,3,1,cooling_degradation,0.6,1,1,,,,,18,0
2026-08-19T18:30:05.081Z,1787164205081,FAN_DT_001_F3_S06_R01_20260819T182135,1,509.332,FAULT_ACTIVE,F3,0.6,FAN_DT_001,3.0,process-model-3.0.0-build3,5281,1,LIVE,SYNCHRONISED,AUTOMATIC,NORMAL,65,1950,1950,0,145,145,0.3,0.3,24.21727,47.35,1.028,1,0.0254,0,207.97,29.3714,0.0048,0.61,0.3096,2.307,6.8435,61,CRITICAL,F3,3,1,cooling_degradation,0.6,1,1,,,,,18,0
2026-08-19T18:30:06.118Z,1787164206118,FAN_DT_001_F3_S06_R01_20260819T182135,1,510.368,FAULT_ACTIVE,F3,0.6,FAN_DT_001,3.0,process-model-3.0.0-build3,5282,1,LIVE,SYNCHRONISED,AUTOMATIC,NORMAL,65,1950,1950,0,145,145,0.3,0.3,24.22128,47.35,1.028,1,0.0254,0,207.97,29.4312,0.00472,0.61,0.3096,2.271,6.8575,61,CRITICAL,F3,3,1,cooling_degradation,0.6,1,1,,,,,18,0
2026-08-19T18:30:07.147Z,1787164207147,FAN_DT_001_F3_S06_R01_20260819T182135,1,511.397,FAULT_ACTIVE,F3,0.6,FAN_DT_001,3.0,process-model-3.0.0-build3,5283,1,LIVE,SYNCHRONISED,AUTOMATIC,NORMAL,65,1950,1950,0,145,145,0.3,0.3,24.22569,47.34,1.028,1,0.0254,0,207.97,29.4908,0.00462,0.61,0.3096,2.223,6.8714,61,CRITICAL,F3,3,1,cooling_degradation,0.6,1,1,,,,,18,0
2026-08-19T18:30:08.181Z,1787164208181,FAN_DT_001_F3_S06_R01_20260819T182135,1,512.431,FAULT_ACTIVE,F3,0.6,FAN_DT_001,3.0,process-model-3.0.0-build3,5284,1,LIVE,SYNCHRONISED,AUTOMATIC,NORMAL,65,1950,1950,0,145,145,0.3,0.3,24.23051,47.34,1.028,1,0.0254,0,207.97,29.5505,0.00454,0.61,0.3096,2.184,6.8853,61,CRITICAL,F3,3,1,cooling_degradation,0.6,1,1,,,,,18,0
2026-08-19T18:30:09.228Z,1787164209228,FAN_DT_001_F3_S06_R01_20260819T182135,1,513.478,FAULT_ACTIVE,F3,0.6,FAN_DT_001,3.0,process-model-3.0.0-build3,5285,1,LIVE,SYNCHRONISED,AUTOMATIC,NORMAL,65,1950,1950,0,145,145,0.3,0.3,24.23575,47.33,1.028,1,0.0254,0,207.97,29.6104,0.00442,0.61,0.3096,2.126,6.8992,61,CRITICAL,F3,3,1,cooling_degradation,0.6,1,1,,,,,18,0
2026-08-19T18:30:10.250Z,1787164210250,FAN_DT_001_F3_S06_R01_20260819T182135,1,514.499,FAULT_ACTIVE,F3,0.6,FAN_DT_001,3.0,process-model-3.0.0-build3,5286,1,LIVE,SYNCHRONISED,AUTOMATIC,NORMAL,65,1950,1950,0,145,145,0.3,0.3,24.24137,47.33,1.028,1,0.0254,0,207.97,29.6699,0.00433,0.61,0.3096,2.082,6.9131,61,CRITICAL,F3,3,1,cooling_degradation,0.6,1,1,,,,,18,0
2026-08-19T18:30:11.281Z,1787164211281,FAN_DT_001_F3_S06_R01_20260819T182135,1,515.531,FAULT_ACTIVE,F3,0.6,FAN_DT_001,3.0,process-model-3.0.0-build3,5287,1,LIVE,SYNCHRONISED,AUTOMATIC,NORMAL,65,1950,1950,0,145,145,0.3,0.3,24.24736,47.33,1.028,1,0.0254,0,207.97,29.7292,0.00422,0.61,0.3096,2.029,6.9269,61,CRITICAL,F3,3,1,cooling_degradation,0.6,1,1,,,,,18,0
2026-08-19T18:30:12.312Z,1787164212312,FAN_DT_001_F3_S06_R01_20260819T182135,1,516.562,FAULT_ACTIVE,F3,0.6,FAN_DT_001,3.0,process-model-3.0.0-build3,5288,1,LIVE,SYNCHRONISED,AUTOMATIC,NORMAL,65,1950,1950,0,145,145,0.3,0.3,24.25378,47.32,1.028,1,0.0254,0,207.97,29.7889,0.00412,0.61,0.3096,1.98,6.9408,61,CRITICAL,F3,3,1,cooling_degradation,0.6,1,1,,,,,18,0
2026-08-19T18:30:13.390Z,1787164213390,FAN_DT_001_F3_S06_R01_20260819T182135,1,517.64,FAULT_ACTIVE,F3,0.6,FAN_DT_001,3.0,process-model-3.0.0-build3,5289,1,LIVE,SYNCHRONISED,AUTOMATIC,NORMAL,65,1950,1950,0,145,145,0.3,0.3,24.26057,47.32,1.028,1,0.0254,0,207.97,29.8484,0.00402,0.61,0.3096,1.932,6.9547,61,CRITICAL,F3,3,1,cooling_degradation,0.6,1,1,,,,,18,0
2026-08-19T18:30:14.380Z,1787164214380,FAN_DT_001_F3_S06_R01_20260819T182135,1,518.63,FAULT_ACTIVE,F3,0.6,FAN_DT_001,3.0,process-model-3.0.0-build3,5290,1,LIVE,SYNCHRONISED,AUTOMATIC,NORMAL,65,1950,1950,0,145,145,0.3,0.3,24.26779,47.31,1.028,1,0.0254,0,207.97,29.9081,0.00391,0.61,0.3096,1.878,6.9686,61,CRITICAL,F3,3,1,cooling_degradation,0.6,1,1,,,,,18,0
2026-08-19T18:30:15.445Z,1787164215445,FAN_DT_001_F3_S06_R01_20260819T182135,1,519.695,FAULT_ACTIVE,F3,0.6,FAN_DT_001,3.0,process-model-3.0.0-build3,5291,1,LIVE,SYNCHRONISED,AUTOMATIC,NORMAL,65,1950,1950,0,145,145,0.3,0.3,24.27536,47.31,1.028,1,0.0254,0,207.97,29.9676,0.00379,0.61,0.3096,1.82,6.9825,61,CRITICAL,F3,3,1,cooling_degradation,0.6,1,1,,,,,18,0
2026-08-19T18:30:16.449Z,1787164216449,FAN_DT_001_F3_S06_R01_20260819T182135,1,520.699,FAULT_ACTIVE,F3,0.6,FAN_DT_001,3.0,process-model-3.0.0-build3,5292,1,LIVE,SYNCHRONISED,AUTOMATIC,NORMAL,65,1950,1950,0,145,145,0.3,0.3,24.28332,47.3,1.028,1,0.0254,0,207.97,30.0273,0.00366,0.61,0.3096,1.761,6.9964,61,CRITICAL,F3,3,1,cooling_degradation,0.6,1,1,,,,,18,0
2026-08-19T18:30:17.481Z,1787164217481,FAN_DT_001_F3_S06_R01_20260819T182135,1,521.731,FAULT_ACTIVE,F3,0.6,FAN_DT_001,3.0,process-model-3.0.0-build3,5293,1,LIVE,SYNCHRONISED,AUTOMATIC,NORMAL,65,1950,1950,0,145,145,0.3,0.3,24.29168,47.3,1.028,1,0.0254,0,207.97,30.087,0.00356,0.61,0.3096,1.709,7.0103,61,CRITICAL,F3,3,1,cooling_degradation,0.6,1,1,,,,,18,0
2026-08-19T18:30:18.519Z,1787164218519,FAN_DT_001_F3_S06_R01_20260819T182135,1,522.769,FAULT_ACTIVE,F3,0.6,FAN_DT_001,3.0,process-model-3.0.0-build3,5294,1,LIVE,SYNCHRONISED,AUTOMATIC,NORMAL,65,1950,1950,0,145,145,0.3,0.3,24.30039,47.3,1.028,1,0.0254,0,207.97,30.1466,0.00342,0.61,0.3096,1.646,7.0242,61,CRITICAL,F3,3,1,cooling_degradation,0.6,1,1,,,,,18,0
2026-08-19T18:30:19.556Z,1787164219556,FAN_DT_001_F3_S06_R01_20260819T182135,1,523.806,FAULT_ACTIVE,F3,0.6,FAN_DT_001,3.0,process-model-3.0.0-build3,5295,1,LIVE,SYNCHRONISED,AUTOMATIC,NORMAL,65,1950,1950,0,145,145,0.3,0.3,24.3095,47.29,1.028,1,0.0254,0,207.97,30.2064,0.00331,0.61,0.3096,1.593,7.0381,61,CRITICAL,F3,3,1,cooling_degradation,0.6,1,1,,,,,18,0
2026-08-19T18:30:20.585Z,1787164220585,FAN_DT_001_F3_S06_R01_20260819T182135,1,524.835,FAULT_ACTIVE,F3,0.6,FAN_DT_001,3.0,process-model-3.0.0-build3,5296,1,LIVE,SYNCHRONISED,AUTOMATIC,NORMAL,65,1950,1950,0,145,145,0.3,0.3,24.31892,47.29,1.028,1,0.0254,0,207.97,30.2658,0.00319,0.61,0.3096,1.533,7.0519,61,CRITICAL,F3,3,1,cooling_degradation,0.6,1,1,,,,,18,0
2026-08-19T18:30:21.618Z,1787164221618,FAN_DT_001_F3_S06_R01_20260819T182135,1,525.868,FAULT_ACTIVE,F3,0.6,FAN_DT_001,3.0,process-model-3.0.0-build3,5297,1,LIVE,SYNCHRONISED,AUTOMATIC,NORMAL,65,1950,1950,0,145,145,0.3,0.3,24.32876,47.29,1.028,1,0.0254,0,207.97,30.3257,0.00306,0.61,0.3096,1.473,7.0659,61,CRITICAL,F3,3,1,cooling_degradation,0.6,1,1,,,,,18,0
2026-08-19T18:30:22.738Z,1787164222738,FAN_DT_001_F3_S06_R01_20260819T182135,1,526.988,FAULT_ACTIVE,F3,0.6,FAN_DT_001,3.0,process-model-3.0.0-build3,5298,1,LIVE,SYNCHRONISED,AUTOMATIC,NORMAL,65,1950,1950,0,145,145,0.3,0.3,24.33888,47.28,1.028,1,0.0254,0,207.97,30.3851,0.00293,0.61,0.3096,1.411,7.0797,61,CRITICAL,F3,3,1,cooling_degradation,0.6,1,1,,,,,18,0
2026-08-19T18:30:23.714Z,1787164223714,FAN_DT_001_F3_S06_R01_20260819T182135,1,527.964,FAULT_ACTIVE,F3,0.6,FAN_DT_001,3.0,process-model-3.0.0-build3,5299,1,LIVE,SYNCHRONISED,AUTOMATIC,NORMAL,65,1950,1950,0,145,145,0.3,0.3,24.34945,47.28,1.028,1,0.0254,0,207.97,30.4451,0.00279,0.61,0.3096,1.343,7.0937,61,CRITICAL,F3,3,1,cooling_degradation,0.6,1,1,,,,,18,0
2026-08-19T18:30:24.742Z,1787164224742,FAN_DT_001_F3_S06_R01_20260819T182135,1,528.991,FAULT_ACTIVE,F3,0.6,FAN_DT_001,3.0,process-model-3.0.0-build3,5300,1,LIVE,SYNCHRONISED,AUTOMATIC,NORMAL,65,1950,1950,0,145,145,0.3,0.3,24.36029,47.28,1.028,1,0.0254,0,207.97,30.5047,0.00264,0.61,0.3096,1.27,7.1076,61,CRITICAL,F3,3,1,cooling_degradation,0.6,1,1,,,,,18,0
2026-08-19T18:30:25.759Z,1787164225759,FAN_DT_001_F3_S06_R01_20260819T182135,1,530.009,FAULT_ACTIVE,F3,0.6,FAN_DT_001,3.0,process-model-3.0.0-build3,5301,1,LIVE,SYNCHRONISED,AUTOMATIC,NORMAL,65,1950,1950,0,145,145,0.3,0.3,24.37152,47.28,1.028,1,0.0254,0,207.97,30.5645,0.00251,0.61,0.3096,1.208,7.1215,61,CRITICAL,F3,3,1,cooling_degradation,0.6,1,1,,,,,18,0
2026-08-19T18:30:26.806Z,1787164226806,FAN_DT_001_F3_S06_R01_20260819T182135,1,531.056,FAULT_ACTIVE,F3,0.6,FAN_DT_001,3.0,process-model-3.0.0-build3,5302,1,LIVE,SYNCHRONISED,AUTOMATIC,NORMAL,65,1950,1950,0,145,145,0.3,0.3,24.38296,47.27,1.028,1,0.0254,0,207.97,30.6237,0.00237,0.61,0.3096,1.138,7.1353,61,CRITICAL,F3,3,1,cooling_degradation,0.6,1,1,,,,,18,0
2026-08-19T18:30:27.841Z,1787164227841,FAN_DT_001_F3_S06_R01_20260819T182135,1,532.091,FAULT_ACTIVE,F3,0.6,FAN_DT_001,3.0,process-model-3.0.0-build3,5303,1,LIVE,SYNCHRONISED,AUTOMATIC,NORMAL,65,1950,1950,0,145,145,0.3,0.3,24.39487,47.27,1.028,1,0.0254,0,207.97,30.6837,0.00225,0.61,0.3096,1.08,7.1493,61,CRITICAL,F3,3,1,cooling_degradation,0.6,1,1,,,,,18,0
2026-08-19T18:30:28.878Z,1787164228878,FAN_DT_001_F3_S06_R01_20260819T182135,1,533.128,FAULT_ACTIVE,F3,0.6,FAN_DT_001,3.0,process-model-3.0.0-build3,5304,1,LIVE,SYNCHRONISED,AUTOMATIC,NORMAL,65,1950,1950,0,145,145,0.3,0.3,24.40695,47.27,1.028,1,0.0254,0,207.97,30.7429,0.0021,0.61,0.3096,1.011,7.1631,61,CRITICAL,F3,3,1,cooling_degradation,0.6,1,1,,,,,18,0
2026-08-19T18:30:29.888Z,1787164229888,FAN_DT_001_F3_S06_R01_20260819T182135,1,534.138,FAULT_ACTIVE,F3,0.6,FAN_DT_001,3.0,process-model-3.0.0-build3,5305,1,LIVE,SYNCHRONISED,AUTOMATIC,NORMAL,65,1950,1950,0,145,145,0.3,0.3,24.41947,47.27,1.028,1,0.0254,0,207.97,30.8028,0.00197,0.61,0.3096,0.945,7.1771,61,CRITICAL,F3,3,1,cooling_degradation,0.6,1,1,,,,,18,0
2026-08-19T18:30:30.923Z,1787164230923,FAN_DT_001_F3_S06_R01_20260819T182135,1,535.173,FAULT_ACTIVE,F3,0.6,FAN_DT_001,3.0,process-model-3.0.0-build3,5306,1,LIVE,SYNCHRONISED,AUTOMATIC,NORMAL,65,1950,1950,0,145,145,0.3,0.3,24.43223,47.26,1.028,1,0.0254,0,207.97,30.8623,0.00182,0.61,0.3096,0.874,7.1909,61,CRITICAL,F3,3,1,cooling_degradation,0.6,1,1,,,,,18,0
2026-08-19T18:30:31.955Z,1787164231955,FAN_DT_001_F3_S06_R01_20260819T182135,1,536.205,FAULT_ACTIVE,F3,0.6,FAN_DT_001,3.0,process-model-3.0.0-build3,5307,1,LIVE,SYNCHRONISED,AUTOMATIC,NORMAL,65,1950,1950,0,145,145,0.3,0.3,24.44526,47.26,1.028,1,0.0254,0,207.97,30.9217,0.00168,0.61,0.3096,0.806,7.2048,61,CRITICAL,F3,3,1,cooling_degradation,0.6,1,1,,,,,18,0
2026-08-19T18:30:33.003Z,1787164233003,FAN_DT_001_F3_S06_R01_20260819T182135,1,537.253,FAULT_ACTIVE,F3,0.6,FAN_DT_001,3.0,process-model-3.0.0-build3,5308,1,LIVE,SYNCHRONISED,AUTOMATIC,NORMAL,65,1950,1950,0,145,145,0.3,0.3,24.45868,47.26,1.028,1,0.0254,0,207.97,30.9816,0.0015,0.61,0.3096,0.722,7.2187,61,CRITICAL,F3,3,1,cooling_degradation,0.6,1,1,,,,,18,0
2026-08-19T18:30:34.026Z,1787164234026,FAN_DT_001_F3_S06_R01_20260819T182135,1,538.277,FAULT_ACTIVE,F3,0.6,FAN_DT_001,3.0,process-model-3.0.0-build3,5309,1,LIVE,SYNCHRONISED,AUTOMATIC,NORMAL,65,1950,1950,0,145,145,0.3,0.3,24.47227,47.26,1.028,1,0.0254,0,207.97,31.041,0.00138,0.61,0.3096,0.663,7.2325,61,CRITICAL,F3,3,1,cooling_degradation,0.6,1,1,,,,,18,0
2026-08-19T18:30:35.060Z,1787164235060,FAN_DT_001_F3_S06_R01_20260819T182135,1,539.31,FAULT_ACTIVE,F3,0.6,FAN_DT_001,3.0,process-model-3.0.0-build3,5310,1,LIVE,SYNCHRONISED,AUTOMATIC,NORMAL,65,1950,1950,0,145,145,0.3,0.3,24.48626,47.26,1.028,1,0.0254,0,207.97,31.1009,0.00121,0.61,0.3096,0.582,7.2465,61,CRITICAL,F3,3,1,cooling_degradation,0.6,1,1,,,,,18,0
2026-08-19T18:30:36.056Z,1787164236056,FAN_DT_001_F3_S06_R01_20260819T182135,1,540.306,RECOVERY,F3,0.6,FAN_DT_001,3.0,process-model-3.0.0-build3,5311,1,LIVE,SYNCHRONISED,AUTOMATIC,NORMAL,65,1950,1950,0,145,145,0.3,0.3,24.50057,47.24,1.028,1,0.0254,0,207.97,31.1609,0.15349,1,0.18,73.805,7.2605,100,HEALTHY,F0,0,0,healthy,0,0,0,,,,,19,0
2026-08-19T18:30:37.100Z,1787164237100,FAN_DT_001_F3_S06_R01_20260819T182135,1,541.35,RECOVERY,F3,0.6,FAN_DT_001,3.0,process-model-3.0.0-build3,5312,1,LIVE,SYNCHRONISED,AUTOMATIC,NORMAL,65,1950,1950,0,145,145,0.3,0.3,24.51441,47.09,1.028,1,0.0254,0,207.97,31.218,0.15072,1,0.18,72.476,7.2738,100,HEALTHY,F0,0,0,healthy,0,0,0,,,,,19,0
2026-08-19T18:30:38.121Z,1787164238121,FAN_DT_001_F3_S06_R01_20260819T182135,1,542.371,RECOVERY,F3,0.6,FAN_DT_001,3.0,process-model-3.0.0-build3,5313,1,LIVE,SYNCHRONISED,AUTOMATIC,NORMAL,65,1950,1950,0,145,145,0.3,0.3,24.52904,46.93,1.028,1,0.0254,0,207.97,31.2773,0.14793,1,0.18,71.133,7.2876,100,HEALTHY,F0,0,0,healthy,0,0,0,,,,,19,0
2026-08-19T18:30:39.145Z,1787164239145,FAN_DT_001_F3_S06_R01_20260819T182135,1,543.395,RECOVERY,F3,0.6,FAN_DT_001,3.0,process-model-3.0.0-build3,5314,1,LIVE,SYNCHRONISED,AUTOMATIC,NORMAL,65,1950,1950,0,145,145,0.3,0.3,24.54394,46.78,1.028,1,0.0254,0,207.97,31.3367,0.14522,1,0.18,69.828,7.3015,100,HEALTHY,F0,0,0,healthy,0,0,0,,,,,19,0
2026-08-19T18:30:40.173Z,1787164240173,FAN_DT_001_F3_S06_R01_20260819T182135,1,544.423,RECOVERY,F3,0.6,FAN_DT_001,3.0,process-model-3.0.0-build3,5315,1,LIVE,SYNCHRONISED,AUTOMATIC,NORMAL,65,1950,1950,0,145,145,0.3,0.3,24.55906,46.63,1.028,1,0.0254,0,207.97,31.3961,0.14249,1,0.18,68.515,7.3153,100,HEALTHY,F0,0,0,healthy,0,0,0,,,,,19,0
2026-08-19T18:30:41.225Z,1787164241225,FAN_DT_001_F3_S06_R01_20260819T182135,1,545.475,RECOVERY,F3,0.6,FAN_DT_001,3.0,process-model-3.0.0-build3,5316,1,LIVE,SYNCHRONISED,AUTOMATIC,NORMAL,65,1950,1950,0,145,145,0.3,0.3,24.57435,46.49,1.028,1,0.0254,0,207.97,31.4552,0.13987,1,0.18,67.257,7.3291,100,HEALTHY,F0,0,0,healthy,0,0,0,,,,,19,0
2026-08-19T18:30:42.233Z,1787164242233,FAN_DT_001_F3_S06_R01_20260819T182135,1,546.483,RECOVERY,F3,0.6,FAN_DT_001,3.0,process-model-3.0.0-build3,5317,1,LIVE,SYNCHRONISED,AUTOMATIC,NORMAL,65,1950,1950,0,145,145,0.3,0.3,24.58995,46.35,1.028,1,0.0254,0,207.97,31.5146,0.13724,1,0.18,65.991,7.3429,100,HEALTHY,F0,0,0,healthy,0,0,0,,,,,19,0
2026-08-19T18:30:43.273Z,1787164243273,FAN_DT_001_F3_S06_R01_20260819T182135,1,547.523,RECOVERY,F3,0.6,FAN_DT_001,3.0,process-model-3.0.0-build3,5318,1,LIVE,SYNCHRONISED,AUTOMATIC,NORMAL,65,1950,1950,0,145,145,0.3,0.3,24.60568,46.21,1.028,1,0.0254,0,207.97,31.5738,0.13467,1,0.18,64.756,7.3567,100,HEALTHY,F0,0,0,healthy,0,0,0,,,,,19,0
2026-08-19T18:30:44.282Z,1787164244282,FAN_DT_001_F3_S06_R01_20260819T182135,1,548.533,RECOVERY,F3,0.6,FAN_DT_001,3.0,process-model-3.0.0-build3,5319,1,LIVE,SYNCHRONISED,AUTOMATIC,NORMAL,65,1950,1950,0,145,145,0.3,0.3,24.62172,46.07,1.028,1,0.0254,0,207.97,31.6333,0.13212,1,0.18,63.531,7.3705,100,HEALTHY,F0,0,0,healthy,0,0,0,,,,,19,0
2026-08-19T18:30:45.329Z,1787164245329,FAN_DT_001_F3_S06_R01_20260819T182135,1,549.579,RECOVERY,F3,0.6,FAN_DT_001,3.0,process-model-3.0.0-build3,5320,1,LIVE,SYNCHRONISED,AUTOMATIC,NORMAL,65,1950,1950,0,145,145,0.3,0.3,24.63785,45.94,1.028,1,0.0254,0,207.97,31.6924,0.12964,1,0.18,62.338,7.3843,100,HEALTHY,F0,0,0,healthy,0,0,0,,,,,19,0
2026-08-19T18:30:46.354Z,1787164246354,FAN_DT_001_F3_S06_R01_20260819T182135,1,550.605,RECOVERY,F3,0.6,FAN_DT_001,3.0,process-model-3.0.0-build3,5321,1,LIVE,SYNCHRONISED,AUTOMATIC,NORMAL,65,1950,1950,0,145,145,0.3,0.3,24.65429,45.8,1.028,1,0.0254,0,207.97,31.752,0.12716,1,0.18,61.143,7.3982,100,HEALTHY,F0,0,0,healthy,0,0,0,,,,,19,0
2026-08-19T18:30:47.374Z,1787164247374,FAN_DT_001_F3_S06_R01_20260819T182135,1,551.624,RECOVERY,F3,0.6,FAN_DT_001,3.0,process-model-3.0.0-build3,5322,1,LIVE,SYNCHRONISED,AUTOMATIC,NORMAL,65,1950,1950,0,145,145,0.3,0.3,24.6708,45.68,1.028,1,0.0254,0,207.97,31.8111,0.12477,1,0.18,59.995,7.412,100,HEALTHY,F0,0,0,healthy,0,0,0,,,,,19,0
2026-08-19T18:30:48.398Z,1787164248398,FAN_DT_001_F3_S06_R01_20260819T182135,1,552.648,RECOVERY,F3,0.6,FAN_DT_001,3.0,process-model-3.0.0-build3,5323,1,LIVE,SYNCHRONISED,AUTOMATIC,NORMAL,65,1950,1950,0,145,145,0.3,0.3,24.68759,45.55,1.028,1,0.0254,0,207.97,31.8707,0.12237,1,0.18,58.839,7.4259,100,HEALTHY,F0,0,0,healthy,0,0,0,,,,,19,0
2026-08-19T18:30:49.427Z,1787164249427,FAN_DT_001_F3_S06_R01_20260819T182135,1,553.677,RECOVERY,F3,0.6,FAN_DT_001,3.0,process-model-3.0.0-build3,5324,1,LIVE,SYNCHRONISED,AUTOMATIC,NORMAL,65,1950,1950,0,145,145,0.3,0.3,24.7044,45.42,1.028,1,0.0254,0,207.97,31.9298,0.12003,1,0.18,57.715,7.4396,100,HEALTHY,F0,0,0,healthy,0,0,0,,,,,19,0
2026-08-19T18:30:50.450Z,1787164250450,FAN_DT_001_F3_S06_R01_20260819T182135,1,554.7,RECOVERY,F3,0.6,FAN_DT_001,3.0,process-model-3.0.0-build3,5325,1,LIVE,SYNCHRONISED,AUTOMATIC,NORMAL,65,1950,1950,0,145,145,0.3,0.3,24.72146,45.3,1.028,1,0.0254,0,207.97,31.9892,0.11774,1,0.18,56.613,7.4535,100,HEALTHY,F0,0,0,healthy,0,0,0,,,,,19,0
2026-08-19T18:30:51.507Z,1787164251507,FAN_DT_001_F3_S06_R01_20260819T182135,1,555.757,RECOVERY,F3,0.6,FAN_DT_001,3.0,process-model-3.0.0-build3,5326,1,LIVE,SYNCHRONISED,AUTOMATIC,NORMAL,65,1950,1950,0,145,145,0.3,0.3,24.73853,45.18,1.028,1,0.0254,0,207.97,32.0481,0.11546,1,0.18,55.52,7.4672,100,HEALTHY,F0,0,0,healthy,0,0,0,,,,,19,0
2026-08-19T18:30:52.509Z,1787164252509,FAN_DT_001_F3_S06_R01_20260819T182135,1,556.759,RECOVERY,F3,0.6,FAN_DT_001,3.0,process-model-3.0.0-build3,5327,1,LIVE,SYNCHRONISED,AUTOMATIC,NORMAL,65,1950,1950,0,145,145,0.3,0.3,24.75592,45.07,1.028,1,0.0254,0,207.97,32.1076,0.11323,1,0.18,54.445,7.4811,100,HEALTHY,F0,0,0,healthy,0,0,0,,,,,19,0
2026-08-19T18:30:53.539Z,1787164253539,FAN_DT_001_F3_S06_R01_20260819T182135,1,557.79,RECOVERY,F3,0.6,FAN_DT_001,3.0,process-model-3.0.0-build3,5328,1,LIVE,SYNCHRONISED,AUTOMATIC,NORMAL,65,1950,1950,0,145,145,0.3,0.3,24.77337,44.95,1.028,1,0.0254,0,207.97,32.167,0.11102,1,0.18,53.384,7.4949,100,HEALTHY,F0,0,0,healthy,0,0,0,,,,,19,0
2026-08-19T18:30:54.564Z,1787164254564,FAN_DT_001_F3_S06_R01_20260819T182135,1,558.814,RECOVERY,F3,0.6,FAN_DT_001,3.0,process-model-3.0.0-build3,5329,1,LIVE,SYNCHRONISED,AUTOMATIC,NORMAL,65,1950,1950,0,145,145,0.3,0.3,24.79094,44.84,1.028,1,0.0254,0,207.97,32.2263,0.10886,1,0.18,52.347,7.5087,100,HEALTHY,F0,0,0,healthy,0,0,0,,,,,19,0
2026-08-19T18:30:55.595Z,1787164255595,FAN_DT_001_F3_S06_R01_20260819T182135,1,559.845,RECOVERY,F3,0.6,FAN_DT_001,3.0,process-model-3.0.0-build3,5330,1,LIVE,SYNCHRONISED,AUTOMATIC,NORMAL,65,1950,1950,0,145,145,0.3,0.3,24.80863,44.73,1.028,1,0.0254,0,207.97,32.2857,0.10672,1,0.18,51.317,7.5226,100,HEALTHY,F0,0,0,healthy,0,0,0,,,,,19,0
2026-08-19T18:30:56.622Z,1787164256622,FAN_DT_001_F3_S06_R01_20260819T182135,1,560.872,RECOVERY,F3,0.6,FAN_DT_001,3.0,process-model-3.0.0-build3,5331,1,LIVE,SYNCHRONISED,AUTOMATIC,NORMAL,65,1950,1950,0,145,145,0.3,0.3,24.82641,44.62,1.028,1,0.0254,0,207.97,32.345,0.10464,1,0.18,50.318,7.5364,100,HEALTHY,F0,0,0,healthy,0,0,0,,,,,19,0
2026-08-19T18:30:57.651Z,1787164257651,FAN_DT_001_F3_S06_R01_20260819T182135,1,561.901,RECOVERY,F3,0.6,FAN_DT_001,3.0,process-model-3.0.0-build3,5332,1,LIVE,SYNCHRONISED,AUTOMATIC,NORMAL,65,1950,1950,0,145,145,0.3,0.3,24.84427,44.51,1.028,1,0.0254,0,207.97,32.4043,0.10257,1,0.18,49.322,7.5502,100,HEALTHY,F0,0,0,healthy,0,0,0,,,,,19,0
2026-08-19T18:30:58.708Z,1787164258708,FAN_DT_001_F3_S06_R01_20260819T182135,1,562.958,RECOVERY,F3,0.6,FAN_DT_001,3.0,process-model-3.0.0-build3,5333,1,LIVE,SYNCHRONISED,AUTOMATIC,NORMAL,65,1950,1950,0,145,145,0.3,0.3,24.86221,44.41,1.028,1,0.0254,0,207.97,32.4636,0.10057,1,0.18,48.358,7.564,100,HEALTHY,F0,0,0,healthy,0,0,0,,,,,19,0
2026-08-19T18:30:59.737Z,1787164259737,FAN_DT_001_F3_S06_R01_20260819T182135,1,563.986,RECOVERY,F3,0.6,FAN_DT_001,3.0,process-model-3.0.0-build3,5334,1,LIVE,SYNCHRONISED,AUTOMATIC,NORMAL,65,1950,1950,0,145,145,0.3,0.3,24.88028,44.31,1.028,1,0.0254,0,207.97,32.5231,0.09855,1,0.18,47.386,7.5779,100,HEALTHY,F0,0,0,healthy,0,0,0,,,,,19,0
2026-08-19T18:31:00.744Z,1787164260744,FAN_DT_001_F3_S06_R01_20260819T182135,1,564.995,RECOVERY,F3,0.6,FAN_DT_001,3.0,process-model-3.0.0-build3,5335,1,LIVE,SYNCHRONISED,AUTOMATIC,NORMAL,65,1950,1950,0,145,145,0.3,0.3,24.89828,44.21,1.028,1,0.0254,0,207.97,32.5822,0.09661,1,0.18,46.455,7.5917,100,HEALTHY,F0,0,0,healthy,0,0,0,,,,,19,0
2026-08-19T18:31:01.765Z,1787164261765,FAN_DT_001_F3_S06_R01_20260819T182135,1,566.015,RECOVERY,F3,0.6,FAN_DT_001,3.0,process-model-3.0.0-build3,5336,1,LIVE,SYNCHRONISED,AUTOMATIC,NORMAL,65,1950,1950,0,145,145,0.3,0.3,24.9165,44.11,1.028,1,0.0254,0,207.97,32.6418,0.09467,1,0.18,45.522,7.6055,100,HEALTHY,F0,0,0,healthy,0,0,0,,,,,19,0
2026-08-19T18:31:02.796Z,1787164262796,FAN_DT_001_F3_S06_R01_20260819T182135,1,567.046,RECOVERY,F3,0.6,FAN_DT_001,3.0,process-model-3.0.0-build3,5337,1,LIVE,SYNCHRONISED,AUTOMATIC,NORMAL,65,1950,1950,0,145,145,0.3,0.3,24.93462,44.01,1.028,1,0.0254,0,207.97,32.7009,0.09279,1,0.18,44.615,7.6193,100,HEALTHY,F0,0,0,healthy,0,0,0,,,,,19,0
2026-08-19T18:31:03.931Z,1787164263931,FAN_DT_001_F3_S06_R01_20260819T182135,1,568.181,RECOVERY,F3,0.6,FAN_DT_001,3.0,process-model-3.0.0-build3,5338,1,LIVE,SYNCHRONISED,AUTOMATIC,NORMAL,65,1950,1950,0,145,145,0.3,0.3,24.9529,43.92,1.028,1,0.0254,0,207.97,32.7605,0.0909,1,0.18,43.71,7.6332,100,HEALTHY,F0,0,0,healthy,0,0,0,,,,,19,0
2026-08-19T18:31:04.857Z,1787164264857,FAN_DT_001_F3_S06_R01_20260819T182135,1,569.107,RECOVERY,F3,0.6,FAN_DT_001,3.0,process-model-3.0.0-build3,5339,1,LIVE,SYNCHRONISED,AUTOMATIC,NORMAL,65,1950,1950,0,145,145,0.3,0.3,24.97106,43.82,1.028,1,0.0254,0,207.97,32.8196,0.08909,1,0.18,42.839,7.647,100,HEALTHY,F0,0,0,healthy,0,0,0,,,,,19,0
2026-08-19T18:31:05.877Z,1787164265877,FAN_DT_001_F3_S06_R01_20260819T182135,1,570.127,RECOVERY,F3,0.6,FAN_DT_001,3.0,process-model-3.0.0-build3,5340,1,LIVE,SYNCHRONISED,AUTOMATIC,NORMAL,65,1950,1950,0,145,145,0.3,0.3,24.98935,43.73,1.028,1,0.0254,0,207.97,32.879,0.08726,1,0.18,41.961,7.6608,100,HEALTHY,F0,0,0,healthy,0,0,0,,,,,19,0
2026-08-19T18:31:06.927Z,1787164266927,FAN_DT_001_F3_S06_R01_20260819T182135,1,571.177,RECOVERY,F3,0.6,FAN_DT_001,3.0,process-model-3.0.0-build3,5341,1,LIVE,SYNCHRONISED,AUTOMATIC,NORMAL,65,1950,1950,0,145,145,0.3,0.3,25.00777,43.64,1.028,1,0.0254,0,207.97,32.9389,0.08547,1,0.18,41.1,7.6748,100,HEALTHY,F0,0,0,healthy,0,0,0,,,,,19,0
2026-08-19T18:31:07.954Z,1787164267954,FAN_DT_001_F3_S06_R01_20260819T182135,1,572.204,RECOVERY,F3,0.6,FAN_DT_001,3.0,process-model-3.0.0-build3,5342,1,LIVE,SYNCHRONISED,AUTOMATIC,NORMAL,65,1950,1950,0,145,145,0.3,0.3,25.0261,43.56,1.028,1,0.0254,0,207.97,32.9984,0.08375,1,0.18,40.269,7.6886,100,HEALTHY,F0,0,0,healthy,0,0,0,,,,,19,0
2026-08-19T18:31:08.984Z,1787164268984,FAN_DT_001_F3_S06_R01_20260819T182135,1,573.234,RECOVERY,F3,0.6,FAN_DT_001,3.0,process-model-3.0.0-build3,5343,1,LIVE,SYNCHRONISED,AUTOMATIC,NORMAL,65,1950,1950,0,145,145,0.3,0.3,25.04428,43.47,1.028,1,0.0254,0,207.97,33.0576,0.08203,1,0.18,39.444,7.7024,100,HEALTHY,F0,0,0,healthy,0,0,0,,,,,19,0
2026-08-19T18:31:10.007Z,1787164270007,FAN_DT_001_F3_S06_R01_20260819T182135,1,574.257,RECOVERY,F3,0.6,FAN_DT_001,3.0,process-model-3.0.0-build3,5344,1,LIVE,SYNCHRONISED,AUTOMATIC,NORMAL,65,1950,1950,0,145,145,0.3,0.3,25.06254,43.39,1.028,1,0.0254,0,207.97,33.117,0.08034,1,0.18,38.634,7.7163,100,HEALTHY,F0,0,0,healthy,0,0,0,,,,,19,0
2026-08-19T18:31:11.033Z,1787164271033,FAN_DT_001_F3_S06_R01_20260819T182135,1,575.283,RECOVERY,F3,0.6,FAN_DT_001,3.0,process-model-3.0.0-build3,5345,1,LIVE,SYNCHRONISED,AUTOMATIC,NORMAL,65,1950,1950,0,145,145,0.3,0.3,25.08065,43.31,1.028,1,0.0254,0,207.97,33.1761,0.0787,1,0.18,37.841,7.73,100,HEALTHY,F0,0,0,healthy,0,0,0,,,,,19,0
2026-08-19T18:31:12.064Z,1787164272064,FAN_DT_001_F3_S06_R01_20260819T182135,1,576.313,RECOVERY,F3,0.6,FAN_DT_001,3.0,process-model-3.0.0-build3,5346,1,LIVE,SYNCHRONISED,AUTOMATIC,NORMAL,65,1950,1950,0,145,145,0.3,0.3,25.09888,43.23,1.028,1,0.0254,0,207.97,33.2358,0.07705,1,0.18,37.05,7.7439,100,HEALTHY,F0,0,0,healthy,0,0,0,,,,,19,0
2026-08-19T18:31:13.120Z,1787164273120,FAN_DT_001_F3_S06_R01_20260819T182135,1,577.37,RECOVERY,F3,0.6,FAN_DT_001,3.0,process-model-3.0.0-build3,5347,1,LIVE,SYNCHRONISED,AUTOMATIC,NORMAL,65,1950,1950,0,145,145,0.3,0.3,25.11695,43.15,1.028,1,0.0254,0,207.97,33.295,0.07545,1,0.18,36.281,7.7577,100,HEALTHY,F0,0,0,healthy,0,0,0,,,,,19,0
2026-08-19T18:31:14.205Z,1787164274205,FAN_DT_001_F3_S06_R01_20260819T182135,1,578.455,RECOVERY,F3,0.6,FAN_DT_001,3.0,process-model-3.0.0-build3,5348,1,LIVE,SYNCHRONISED,AUTOMATIC,NORMAL,65,1950,1950,0,145,145,0.3,0.3,25.13502,43.07,1.028,1,0.0254,0,207.97,33.3545,0.0739,1,0.18,35.534,7.7716,100,HEALTHY,F0,0,0,healthy,0,0,0,,,,,19,0
2026-08-19T18:31:15.169Z,1787164275169,FAN_DT_001_F3_S06_R01_20260819T182135,1,579.419,RECOVERY,F3,0.6,FAN_DT_001,3.0,process-model-3.0.0-build3,5349,1,LIVE,SYNCHRONISED,AUTOMATIC,NORMAL,65,1950,1950,0,145,145,0.3,0.3,25.15289,43,1.028,1,0.0254,0,207.97,33.4135,0.07236,1,0.18,34.794,7.7853,100,HEALTHY,F0,0,0,healthy,0,0,0,,,,,19,0
2026-08-19T18:31:16.176Z,1787164276176,FAN_DT_001_F3_S06_R01_20260819T182135,1,580.426,RECOVERY,F3,0.6,FAN_DT_001,3.0,process-model-3.0.0-build3,5350,1,LIVE,SYNCHRONISED,AUTOMATIC,NORMAL,65,1950,1950,0,145,145,0.3,0.3,25.17083,42.92,1.028,1,0.0254,0,207.97,33.4731,0.07085,1,0.18,34.068,7.7992,100,HEALTHY,F0,0,0,healthy,0,0,0,,,,,19,0
2026-08-19T18:31:17.206Z,1787164277206,FAN_DT_001_F3_S06_R01_20260819T182135,1,581.457,RECOVERY,F3,0.6,FAN_DT_001,3.0,process-model-3.0.0-build3,5351,1,LIVE,SYNCHRONISED,AUTOMATIC,NORMAL,65,1950,1950,0,145,145,0.3,0.3,25.1886,42.85,1.028,1,0.0254,0,207.97,33.5323,0.06933,1,0.18,33.338,7.813,100,HEALTHY,F0,0,0,healthy,0,0,0,,,,,19,0
2026-08-19T18:31:18.232Z,1787164278232,FAN_DT_001_F3_S06_R01_20260819T182135,1,582.482,RECOVERY,F3,0.6,FAN_DT_001,3.0,process-model-3.0.0-build3,5352,1,LIVE,SYNCHRONISED,AUTOMATIC,NORMAL,65,1950,1950,0,145,145,0.3,0.3,25.20634,42.78,1.028,1,0.0254,0,207.97,33.5918,0.06788,1,0.18,32.642,7.8269,100,HEALTHY,F0,0,0,healthy,0,0,0,,,,,19,0
2026-08-19T18:31:19.273Z,1787164279273,FAN_DT_001_F3_S06_R01_20260819T182135,1,583.523,RECOVERY,F3,0.6,FAN_DT_001,3.0,process-model-3.0.0-build3,5353,1,LIVE,SYNCHRONISED,AUTOMATIC,NORMAL,65,1950,1950,0,145,145,0.3,0.3,25.22384,42.71,1.028,1,0.0254,0,207.97,33.6508,0.06645,1,0.18,31.954,7.8406,100,HEALTHY,F0,0,0,healthy,0,0,0,,,,,19,0
2026-08-19T18:31:20.293Z,1787164280293,FAN_DT_001_F3_S06_R01_20260819T182135,1,584.543,RECOVERY,F3,0.6,FAN_DT_001,3.0,process-model-3.0.0-build3,5354,1,LIVE,SYNCHRONISED,AUTOMATIC,NORMAL,65,1950,1950,0,145,145,0.3,0.3,25.24136,42.65,1.028,1,0.0254,0,207.97,33.7103,0.06505,1,0.18,31.28,7.8545,100,HEALTHY,F0,0,0,healthy,0,0,0,,,,,19,0
2026-08-19T18:31:21.328Z,1787164281328,FAN_DT_001_F3_S06_R01_20260819T182135,1,585.578,RECOVERY,F3,0.6,FAN_DT_001,3.0,process-model-3.0.0-build3,5355,1,LIVE,SYNCHRONISED,AUTOMATIC,NORMAL,65,1950,1950,0,145,145,0.3,0.3,25.25873,42.58,1.028,1,0.0254,0,207.97,33.7698,0.06366,1,0.18,30.611,7.8684,100,HEALTHY,F0,0,0,healthy,0,0,0,,,,,19,0
2026-08-19T18:31:22.342Z,1787164282342,FAN_DT_001_F3_S06_R01_20260819T182135,1,586.592,RECOVERY,F3,0.6,FAN_DT_001,3.0,process-model-3.0.0-build3,5356,1,LIVE,SYNCHRONISED,AUTOMATIC,NORMAL,65,1950,1950,0,145,145,0.3,0.3,25.27576,42.52,1.028,1,0.0254,0,207.97,33.8284,0.06233,1,0.18,29.969,7.882,100,HEALTHY,F0,0,0,healthy,0,0,0,,,,,19,0
2026-08-19T18:31:23.370Z,1787164283370,FAN_DT_001_F3_S06_R01_20260819T182135,1,587.62,RECOVERY,F3,0.6,FAN_DT_001,3.0,process-model-3.0.0-build3,5357,1,LIVE,SYNCHRONISED,AUTOMATIC,NORMAL,65,1950,1950,0,145,145,0.3,0.3,25.29288,42.45,1.028,1,0.0254,0,207.97,33.888,0.06098,1,0.18,29.32,7.8959,100,HEALTHY,F0,0,0,healthy,0,0,0,,,,,19,0
2026-08-19T18:31:24.399Z,1787164284399,FAN_DT_001_F3_S06_R01_20260819T182135,1,588.649,RECOVERY,F3,0.6,FAN_DT_001,3.0,process-model-3.0.0-build3,5358,1,LIVE,SYNCHRONISED,AUTOMATIC,NORMAL,65,1950,1950,0,145,145,0.3,0.3,25.30973,42.39,1.028,1,0.0254,0,207.97,33.9471,0.05968,1,0.18,28.696,7.9097,100,HEALTHY,F0,0,0,healthy,0,0,0,,,,,19,0
2026-08-19T18:31:25.425Z,1787164285425,FAN_DT_001_F3_S06_R01_20260819T182135,1,589.675,RECOVERY,F3,0.6,FAN_DT_001,3.0,process-model-3.0.0-build3,5359,1,LIVE,SYNCHRONISED,AUTOMATIC,NORMAL,65,1950,1950,0,145,145,0.3,0.3,25.32654,42.33,1.028,1,0.0254,0,207.97,34.0066,0.0584,1,0.18,28.082,7.9235,100,HEALTHY,F0,0,0,healthy,0,0,0,,,,,19,0
2026-08-19T18:31:26.455Z,1787164286455,FAN_DT_001_F3_S06_R01_20260819T182135,1,590.705,RECOVERY,F3,0.6,FAN_DT_001,3.0,process-model-3.0.0-build3,5360,1,LIVE,SYNCHRONISED,AUTOMATIC,NORMAL,65,1950,1950,0,145,145,0.3,0.3,25.34303,42.27,1.028,1,0.0254,0,207.97,34.0656,0.05713,1,0.18,27.472,7.9373,100,HEALTHY,F0,0,0,healthy,0,0,0,,,,,19,0
2026-08-19T18:31:27.480Z,1787164287480,FAN_DT_001_F3_S06_R01_20260819T182135,1,591.73,RECOVERY,F3,0.6,FAN_DT_001,3.0,process-model-3.0.0-build3,5361,1,LIVE,SYNCHRONISED,AUTOMATIC,NORMAL,65,1950,1950,0,145,145,0.3,0.3,25.35947,42.21,1.028,1,0.0254,0,207.97,34.1251,0.05589,1,0.18,26.874,7.9511,100,HEALTHY,F0,0,0,healthy,0,0,0,,,,,19,0
2026-08-19T18:31:28.506Z,1787164288506,FAN_DT_001_F3_S06_R01_20260819T182135,1,592.756,RECOVERY,F3,0.6,FAN_DT_001,3.0,process-model-3.0.0-build3,5362,1,LIVE,SYNCHRONISED,AUTOMATIC,NORMAL,65,1950,1950,0,145,145,0.3,0.3,25.37558,42.16,1.028,1,0.0254,0,207.97,34.184,0.0547,1,0.18,26.301,7.9649,100,HEALTHY,F0,0,0,healthy,0,0,0,,,,,19,0
2026-08-19T18:31:29.533Z,1787164289533,FAN_DT_001_F3_S06_R01_20260819T182135,1,593.783,RECOVERY,F3,0.6,FAN_DT_001,3.0,process-model-3.0.0-build3,5363,1,LIVE,SYNCHRONISED,AUTOMATIC,NORMAL,65,1950,1950,0,145,145,0.3,0.3,25.39166,42.1,1.028,1,0.0254,0,207.97,34.2436,0.0535,1,0.18,25.723,7.9788,100,HEALTHY,F0,0,0,healthy,0,0,0,,,,,19,0
2026-08-19T18:31:30.564Z,1787164290564,FAN_DT_001_F3_S06_R01_20260819T182135,1,594.814,RECOVERY,F3,0.6,FAN_DT_001,3.0,process-model-3.0.0-build3,5364,1,LIVE,SYNCHRONISED,AUTOMATIC,NORMAL,65,1950,1950,0,145,145,0.3,0.3,25.40743,42.05,1.028,1,0.0254,0,207.97,34.3027,0.05235,1,0.18,25.172,7.9925,100,HEALTHY,F0,0,0,healthy,0,0,0,,,,,19,0
2026-08-19T18:31:31.627Z,1787164291627,FAN_DT_001_F3_S06_R01_20260819T182135,1,595.877,RECOVERY,F3,0.6,FAN_DT_001,3.0,process-model-3.0.0-build3,5365,1,LIVE,SYNCHRONISED,AUTOMATIC,NORMAL,65,1950,1950,0,145,145,0.3,0.3,25.42308,41.99,1.028,1,0.0254,0,207.97,34.3622,0.0512,1,0.18,24.617,8.0064,100,HEALTHY,F0,0,0,healthy,0,0,0,,,,,19,0
2026-08-19T18:31:32.627Z,1787164292627,FAN_DT_001_F3_S06_R01_20260819T182135,1,596.877,RECOVERY,F3,0.6,FAN_DT_001,3.0,process-model-3.0.0-build3,5366,1,LIVE,SYNCHRONISED,AUTOMATIC,NORMAL,65,1950,1950,0,145,145,0.3,0.3,25.4384,41.94,1.028,1,0.0254,0,207.97,34.4213,0.05009,1,0.18,24.086,8.0202,100,HEALTHY,F0,0,0,healthy,0,0,0,,,,,19,0
2026-08-19T18:31:33.650Z,1787164293650,FAN_DT_001_F3_S06_R01_20260819T182135,1,597.9,RECOVERY,F3,0.6,FAN_DT_001,3.0,process-model-3.0.0-build3,5367,1,LIVE,SYNCHRONISED,AUTOMATIC,NORMAL,65,1950,1950,0,145,145,0.3,0.3,25.45359,41.89,1.028,1,0.0254,0,207.97,34.4808,0.04898,1,0.18,23.552,8.034,100,HEALTHY,F0,0,0,healthy,0,0,0,,,,,19,0
2026-08-19T18:31:34.687Z,1787164294687,FAN_DT_001_F3_S06_R01_20260819T182135,1,598.937,RECOVERY,F3,0.6,FAN_DT_001,3.0,process-model-3.0.0-build3,5368,1,LIVE,SYNCHRONISED,AUTOMATIC,NORMAL,65,1950,1950,0,145,145,0.3,0.3,25.46849,41.84,1.028,1,0.0254,0,207.97,34.54,0.04793,1,0.18,23.048,8.0478,100,HEALTHY,F0,0,0,healthy,0,0,0,,,,,19,0
2026-08-19T18:31:35.701Z,1787164295701,FAN_DT_001_F3_S06_R01_20260819T182135,1,599.952,RECOVERY,F3,0.6,FAN_DT_001,3.0,process-model-3.0.0-build3,5369,1,LIVE,SYNCHRONISED,AUTOMATIC,NORMAL,65,1950,1950,0,145,145,0.3,0.3,25.48319,41.79,1.028,1,0.0254,0,207.97,34.5994,0.04688,1,0.18,22.54,8.0617,100,HEALTHY,F0,0,0,healthy,0,0,0,,,,,19,0
