ts_iso,ts_ms,run_id,replicate,experiment_elapsed_s,experiment_phase,selected_fault_code,selected_fault_severity,asset_id,schema_version,model_version,sequence_id,sequence_gap,stream_status,synchronisation_status,control_mode,operating_mode,speed_command_pct,target_rpm,actual_rpm,speed_error_rpm,process_heat_load_w,effective_process_heat_load_w,mechanical_load,effective_mechanical_load,ambient_temperature_c,temperature_c,current_a,current_multiplier,vibration_g,vibration_offset_g,power_w,energy_wh,cooling_rate_c_per_s,cooling_efficiency,thermal_resistance_c_per_w,legacy_thermal_eff_index,co2_g,health_overall,health_status,embedded_fault_code,embedded_fault_class_id,embedded_fault_binary_label,embedded_fault_label,embedded_fault_severity,embedded_fault_active,anomaly,ai_fault_code,ai_fault_label,ai_confidence,ai_severity,accepted_commands,rejected_commands
2026-08-19T19:47:20.611Z,1787168840611,FAN_DT_001_F4_S06_R01_20260819T194720,1,0.04,BASELINE,F4,0.6,FAN_DT_001,3.0,process-model-3.0.0-build3,9775,1,LIVE,SYNCHRONISED,AUTOMATIC,NORMAL,65,1950,1950,0,145,145,0.3,0.3,25.65506,38.61,1.028,1,0.0254,0,207.97,44.6842,-0.00878,1,0.18,4.224,10.4114,100,HEALTHY,F0,0,0,healthy,0,0,0,,,,,30,0
2026-08-19T19:47:21.650Z,1787168841650,FAN_DT_001_F4_S06_R01_20260819T194720,1,1.078,BASELINE,F4,0.6,FAN_DT_001,3.0,process-model-3.0.0-build3,9776,1,LIVE,SYNCHRONISED,AUTOMATIC,NORMAL,65,1950,1950,0,145,145,0.3,0.3,25.66544,38.62,1.028,1,0.0254,0,207.97,0.0598,-0.00881,1,0.18,4.236,0.0139,100,HEALTHY,F0,0,0,healthy,0,0,0,,,,,31,0
2026-08-19T19:47:22.672Z,1787168842672,FAN_DT_001_F4_S06_R01_20260819T194720,1,2.099,BASELINE,F4,0.6,FAN_DT_001,3.0,process-model-3.0.0-build3,9777,1,LIVE,SYNCHRONISED,AUTOMATIC,NORMAL,65,1950,1950,0,145,145,0.3,0.3,25.67542,38.62,1.028,1,0.0254,0,207.97,0.1192,-0.00881,1,0.18,4.238,0.0278,100,HEALTHY,F0,0,0,healthy,0,0,0,,,,,31,0
2026-08-19T19:47:23.702Z,1787168843702,FAN_DT_001_F4_S06_R01_20260819T194720,1,3.13,BASELINE,F4,0.6,FAN_DT_001,3.0,process-model-3.0.0-build3,9778,1,LIVE,SYNCHRONISED,AUTOMATIC,NORMAL,65,1950,1950,0,145,145,0.3,0.3,25.68501,38.63,1.028,1,0.0254,0,207.97,0.1784,-0.00883,1,0.18,4.246,0.0416,100,HEALTHY,F0,0,0,healthy,0,0,0,,,,,31,0
2026-08-19T19:47:24.734Z,1787168844734,FAN_DT_001_F4_S06_R01_20260819T194720,1,4.161,BASELINE,F4,0.6,FAN_DT_001,3.0,process-model-3.0.0-build3,9779,1,LIVE,SYNCHRONISED,AUTOMATIC,NORMAL,65,1950,1950,0,145,145,0.3,0.3,25.69432,38.64,1.028,1,0.0254,0,207.97,0.2382,-0.00884,1,0.18,4.252,0.0555,100,HEALTHY,F0,0,0,healthy,0,0,0,,,,,31,0
2026-08-19T19:47:25.769Z,1787168845769,FAN_DT_001_F4_S06_R01_20260819T194720,1,5.196,BASELINE,F4,0.6,FAN_DT_001,3.0,process-model-3.0.0-build3,9780,1,LIVE,SYNCHRONISED,AUTOMATIC,NORMAL,65,1950,1950,0,145,145,0.3,0.3,25.70318,38.65,1.028,1,0.0254,0,207.97,0.2973,-0.00882,1,0.18,4.242,0.0693,100,HEALTHY,F0,0,0,healthy,0,0,0,,,,,31,0
2026-08-19T19:47:26.793Z,1787168846793,FAN_DT_001_F4_S06_R01_20260819T194720,1,6.222,BASELINE,F4,0.6,FAN_DT_001,3.0,process-model-3.0.0-build3,9781,1,LIVE,SYNCHRONISED,AUTOMATIC,NORMAL,65,1950,1950,0,145,145,0.3,0.3,25.71176,38.66,1.028,1,0.0254,0,207.97,0.357,-0.00881,1,0.18,4.237,0.0832,100,HEALTHY,F0,0,0,healthy,0,0,0,,,,,31,0
2026-08-19T19:47:27.825Z,1787168847825,FAN_DT_001_F4_S06_R01_20260819T194720,1,7.253,BASELINE,F4,0.6,FAN_DT_001,3.0,process-model-3.0.0-build3,9782,1,LIVE,SYNCHRONISED,AUTOMATIC,NORMAL,65,1950,1950,0,145,145,0.3,0.3,25.71989,38.67,1.028,1,0.0254,0,207.97,0.4162,-0.00879,1,0.18,4.228,0.097,100,HEALTHY,F0,0,0,healthy,0,0,0,,,,,31,0
2026-08-19T19:47:28.854Z,1787168848854,FAN_DT_001_F4_S06_R01_20260819T194720,1,8.282,BASELINE,F4,0.6,FAN_DT_001,3.0,process-model-3.0.0-build3,9783,1,LIVE,SYNCHRONISED,AUTOMATIC,NORMAL,65,1950,1950,0,145,145,0.3,0.3,25.72771,38.68,1.028,1,0.0254,0,207.97,0.4759,-0.00878,1,0.18,4.223,0.1109,100,HEALTHY,F0,0,0,healthy,0,0,0,,,,,31,0
2026-08-19T19:47:29.895Z,1787168849895,FAN_DT_001_F4_S06_R01_20260819T194720,1,9.323,BASELINE,F4,0.6,FAN_DT_001,3.0,process-model-3.0.0-build3,9784,1,LIVE,SYNCHRONISED,AUTOMATIC,NORMAL,65,1950,1950,0,145,145,0.3,0.3,25.73512,38.69,1.028,1,0.0254,0,207.97,0.5353,-0.00875,1,0.18,4.209,0.1247,100,HEALTHY,F0,0,0,healthy,0,0,0,,,,,31,0
2026-08-19T19:47:30.920Z,1787168850920,FAN_DT_001_F4_S06_R01_20260819T194720,1,10.347,BASELINE,F4,0.6,FAN_DT_001,3.0,process-model-3.0.0-build3,9785,1,LIVE,SYNCHRONISED,AUTOMATIC,NORMAL,65,1950,1950,0,145,145,0.3,0.3,25.74216,38.7,1.028,1,0.0254,0,207.97,0.5949,-0.00871,1,0.18,4.189,0.1386,100,HEALTHY,F0,0,0,healthy,0,0,0,,,,,31,0
2026-08-19T19:47:31.947Z,1787168851947,FAN_DT_001_F4_S06_R01_20260819T194720,1,11.375,BASELINE,F4,0.6,FAN_DT_001,3.0,process-model-3.0.0-build3,9786,1,LIVE,SYNCHRONISED,AUTOMATIC,NORMAL,65,1950,1950,0,145,145,0.3,0.3,25.74875,38.71,1.028,1,0.0254,0,207.97,0.654,-0.00869,1,0.18,4.177,0.1524,100,HEALTHY,F0,0,0,healthy,0,0,0,,,,,31,0
2026-08-19T19:47:33.085Z,1787168853085,FAN_DT_001_F4_S06_R01_20260819T194720,1,12.512,BASELINE,F4,0.6,FAN_DT_001,3.0,process-model-3.0.0-build3,9787,1,LIVE,SYNCHRONISED,AUTOMATIC,NORMAL,65,1950,1950,0,145,145,0.3,0.3,25.75501,38.72,1.028,1,0.0254,0,207.97,0.7136,-0.00863,1,0.18,4.149,0.1663,100,HEALTHY,F0,0,0,healthy,0,0,0,,,,,31,0
2026-08-19T19:47:34.006Z,1787168854006,FAN_DT_001_F4_S06_R01_20260819T194720,1,13.434,BASELINE,F4,0.6,FAN_DT_001,3.0,process-model-3.0.0-build3,9788,1,LIVE,SYNCHRONISED,AUTOMATIC,NORMAL,65,1950,1950,0,145,145,0.3,0.3,25.76084,38.72,1.028,1,0.0254,0,207.97,0.7728,-0.00858,1,0.18,4.127,0.1801,100,HEALTHY,F0,0,0,healthy,0,0,0,,,,,31,0
2026-08-19T19:47:35.035Z,1787168855035,FAN_DT_001_F4_S06_R01_20260819T194720,1,14.463,BASELINE,F4,0.6,FAN_DT_001,3.0,process-model-3.0.0-build3,9789,1,LIVE,SYNCHRONISED,AUTOMATIC,NORMAL,65,1950,1950,0,145,145,0.3,0.3,25.76631,38.73,1.028,1,0.0254,0,207.97,0.8324,-0.00854,1,0.18,4.105,0.1939,100,HEALTHY,F0,0,0,healthy,0,0,0,,,,,31,0
2026-08-19T19:47:36.066Z,1787168856066,FAN_DT_001_F4_S06_R01_20260819T194720,1,15.493,BASELINE,F4,0.6,FAN_DT_001,3.0,process-model-3.0.0-build3,9790,1,LIVE,SYNCHRONISED,AUTOMATIC,NORMAL,65,1950,1950,0,145,145,0.3,0.3,25.77136,38.74,1.028,1,0.0254,0,207.97,0.8918,-0.00847,1,0.18,4.073,0.2078,100,HEALTHY,F0,0,0,healthy,0,0,0,,,,,31,0
2026-08-19T19:47:37.094Z,1787168857094,FAN_DT_001_F4_S06_R01_20260819T194720,1,16.521,BASELINE,F4,0.6,FAN_DT_001,3.0,process-model-3.0.0-build3,9791,1,LIVE,SYNCHRONISED,AUTOMATIC,NORMAL,65,1950,1950,0,145,145,0.3,0.3,25.77597,38.75,1.028,1,0.0254,0,207.97,0.9507,-0.00841,1,0.18,4.044,0.2215,100,HEALTHY,F0,0,0,healthy,0,0,0,,,,,31,0
2026-08-19T19:47:38.192Z,1787168858192,FAN_DT_001_F4_S06_R01_20260819T194720,1,17.619,BASELINE,F4,0.6,FAN_DT_001,3.0,process-model-3.0.0-build3,9792,1,LIVE,SYNCHRONISED,AUTOMATIC,NORMAL,65,1950,1950,0,145,145,0.3,0.3,25.78022,38.76,1.028,1,0.0254,0,207.97,1.0102,-0.00834,1,0.18,4.01,0.2354,100,HEALTHY,F0,0,0,healthy,0,0,0,,,,,31,0
2026-08-19T19:47:39.150Z,1787168859150,FAN_DT_001_F4_S06_R01_20260819T194720,1,18.577,BASELINE,F4,0.6,FAN_DT_001,3.0,process-model-3.0.0-build3,9793,1,LIVE,SYNCHRONISED,AUTOMATIC,NORMAL,65,1950,1950,0,145,145,0.3,0.3,25.78404,38.77,1.028,1,0.0254,0,207.97,1.0693,-0.00826,1,0.18,3.969,0.2492,100,HEALTHY,F0,0,0,healthy,0,0,0,,,,,31,0
2026-08-19T19:47:40.191Z,1787168860191,FAN_DT_001_F4_S06_R01_20260819T194720,1,19.618,BASELINE,F4,0.6,FAN_DT_001,3.0,process-model-3.0.0-build3,9794,1,LIVE,SYNCHRONISED,AUTOMATIC,NORMAL,65,1950,1950,0,145,145,0.3,0.3,25.78748,38.78,1.028,1,0.0254,0,207.97,1.129,-0.00817,1,0.18,3.93,0.263,100,HEALTHY,F0,0,0,healthy,0,0,0,,,,,31,0
2026-08-19T19:47:41.206Z,1787168861206,FAN_DT_001_F4_S06_R01_20260819T194720,1,20.633,BASELINE,F4,0.6,FAN_DT_001,3.0,process-model-3.0.0-build3,9795,1,LIVE,SYNCHRONISED,AUTOMATIC,NORMAL,65,1950,1950,0,145,145,0.3,0.3,25.79048,38.78,1.028,1,0.0254,0,207.97,1.1881,-0.00809,1,0.18,3.892,0.2768,100,HEALTHY,F0,0,0,healthy,0,0,0,,,,,31,0
2026-08-19T19:47:42.232Z,1787168862232,FAN_DT_001_F4_S06_R01_20260819T194720,1,21.659,BASELINE,F4,0.6,FAN_DT_001,3.0,process-model-3.0.0-build3,9796,1,LIVE,SYNCHRONISED,AUTOMATIC,NORMAL,65,1950,1950,0,145,145,0.3,0.3,25.79309,38.79,1.028,1,0.0254,0,207.97,1.2475,-0.00799,1,0.18,3.843,0.2907,100,HEALTHY,F0,0,0,healthy,0,0,0,,,,,31,0
2026-08-19T19:47:43.312Z,1787168863312,FAN_DT_001_F4_S06_R01_20260819T194720,1,22.739,BASELINE,F4,0.6,FAN_DT_001,3.0,process-model-3.0.0-build3,9797,1,LIVE,SYNCHRONISED,AUTOMATIC,NORMAL,65,1950,1950,0,145,145,0.3,0.3,25.79527,38.8,1.028,1,0.0254,0,207.97,1.3068,-0.00789,1,0.18,3.793,0.3045,100,HEALTHY,F0,0,0,healthy,0,0,0,,,,,31,0
2026-08-19T19:47:44.301Z,1787168864301,FAN_DT_001_F4_S06_R01_20260819T194720,1,23.728,BASELINE,F4,0.6,FAN_DT_001,3.0,process-model-3.0.0-build3,9798,1,LIVE,SYNCHRONISED,AUTOMATIC,NORMAL,65,1950,1950,0,145,145,0.3,0.3,25.79705,38.81,1.028,1,0.0254,0,207.97,1.3662,-0.00778,1,0.18,3.741,0.3183,100,HEALTHY,F0,0,0,healthy,0,0,0,,,,,31,0
2026-08-19T19:47:45.327Z,1787168865327,FAN_DT_001_F4_S06_R01_20260819T194720,1,24.757,BASELINE,F4,0.6,FAN_DT_001,3.0,process-model-3.0.0-build3,9799,1,LIVE,SYNCHRONISED,AUTOMATIC,NORMAL,65,1950,1950,0,145,145,0.3,0.3,25.79842,38.82,1.028,1,0.0254,0,207.97,1.4258,-0.00769,1,0.18,3.696,0.3322,100,HEALTHY,F0,0,0,healthy,0,0,0,,,,,31,0
2026-08-19T19:47:46.354Z,1787168866354,FAN_DT_001_F4_S06_R01_20260819T194720,1,25.783,BASELINE,F4,0.6,FAN_DT_001,3.0,process-model-3.0.0-build3,9800,1,LIVE,SYNCHRONISED,AUTOMATIC,NORMAL,65,1950,1950,0,145,145,0.3,0.3,25.79935,38.82,1.028,1,0.0254,0,207.97,1.4849,-0.00757,1,0.18,3.64,0.346,100,HEALTHY,F0,0,0,healthy,0,0,0,,,,,31,0
2026-08-19T19:47:47.393Z,1787168867393,FAN_DT_001_F4_S06_R01_20260819T194720,1,26.822,BASELINE,F4,0.6,FAN_DT_001,3.0,process-model-3.0.0-build3,9801,1,LIVE,SYNCHRONISED,AUTOMATIC,NORMAL,65,1950,1950,0,145,145,0.3,0.3,25.79988,38.83,1.028,1,0.0254,0,207.97,1.5444,-0.00745,1,0.18,3.583,0.3599,100,HEALTHY,F0,0,0,healthy,0,0,0,,,,,31,0
2026-08-19T19:47:48.486Z,1787168868486,FAN_DT_001_F4_S06_R01_20260819T194720,1,27.913,BASELINE,F4,0.6,FAN_DT_001,3.0,process-model-3.0.0-build3,9802,1,LIVE,SYNCHRONISED,AUTOMATIC,NORMAL,65,1950,1950,0,145,145,0.3,0.3,25.79999,38.84,1.028,1,0.0254,0,207.97,1.6035,-0.00733,1,0.18,3.524,0.3736,100,HEALTHY,F0,0,0,healthy,0,0,0,,,,,31,0
2026-08-19T19:47:49.441Z,1787168869441,FAN_DT_001_F4_S06_R01_20260819T194720,1,28.868,BASELINE,F4,0.6,FAN_DT_001,3.0,process-model-3.0.0-build3,9803,1,LIVE,SYNCHRONISED,AUTOMATIC,NORMAL,65,1950,1950,0,145,145,0.3,0.3,25.79968,38.85,1.028,1,0.0254,0,207.97,1.6633,-0.00719,1,0.18,3.459,0.3875,100,HEALTHY,F0,0,0,healthy,0,0,0,,,,,31,0
2026-08-19T19:47:50.469Z,1787168870469,FAN_DT_001_F4_S06_R01_20260819T194720,1,29.897,BASELINE,F4,0.6,FAN_DT_001,3.0,process-model-3.0.0-build3,9804,1,LIVE,SYNCHRONISED,AUTOMATIC,NORMAL,65,1950,1950,0,145,145,0.3,0.3,25.79896,38.85,1.028,1,0.0254,0,207.97,1.7224,-0.00706,1,0.18,3.394,0.4013,100,HEALTHY,F0,0,0,healthy,0,0,0,,,,,31,0
2026-08-19T19:47:51.521Z,1787168871521,FAN_DT_001_F4_S06_R01_20260819T194720,1,30.949,BASELINE,F4,0.6,FAN_DT_001,3.0,process-model-3.0.0-build3,9805,1,LIVE,SYNCHRONISED,AUTOMATIC,NORMAL,65,1950,1950,0,145,145,0.3,0.3,25.79781,38.86,1.028,1,0.0254,0,207.97,1.7817,-0.00692,1,0.18,3.327,0.4151,100,HEALTHY,F0,0,0,healthy,0,0,0,,,,,31,0
2026-08-19T19:47:52.524Z,1787168872524,FAN_DT_001_F4_S06_R01_20260819T194720,1,31.952,BASELINE,F4,0.6,FAN_DT_001,3.0,process-model-3.0.0-build3,9806,1,LIVE,SYNCHRONISED,AUTOMATIC,NORMAL,65,1950,1950,0,145,145,0.3,0.3,25.79626,38.87,1.028,1,0.0254,0,207.97,1.8409,-0.00679,1,0.18,3.267,0.4289,100,HEALTHY,F0,0,0,healthy,0,0,0,,,,,31,0
2026-08-19T19:47:53.552Z,1787168873552,FAN_DT_001_F4_S06_R01_20260819T194720,1,32.979,BASELINE,F4,0.6,FAN_DT_001,3.0,process-model-3.0.0-build3,9807,1,LIVE,SYNCHRONISED,AUTOMATIC,NORMAL,65,1950,1950,0,145,145,0.3,0.3,25.79428,38.88,1.028,1,0.0254,0,207.97,1.9006,-0.00664,1,0.18,3.192,0.4428,100,HEALTHY,F0,0,0,healthy,0,0,0,,,,,31,0
2026-08-19T19:47:54.591Z,1787168874591,FAN_DT_001_F4_S06_R01_20260819T194720,1,34.02,BASELINE,F4,0.6,FAN_DT_001,3.0,process-model-3.0.0-build3,9808,1,LIVE,SYNCHRONISED,AUTOMATIC,NORMAL,65,1950,1950,0,145,145,0.3,0.3,25.79191,38.88,1.028,1,0.0254,0,207.97,1.9596,-0.0065,1,0.18,3.124,0.4566,100,HEALTHY,F0,0,0,healthy,0,0,0,,,,,31,0
2026-08-19T19:47:55.609Z,1787168875609,FAN_DT_001_F4_S06_R01_20260819T194720,1,35.037,BASELINE,F4,0.6,FAN_DT_001,3.0,process-model-3.0.0-build3,9809,1,LIVE,SYNCHRONISED,AUTOMATIC,NORMAL,65,1950,1950,0,145,145,0.3,0.3,25.7891,38.89,1.028,1,0.0254,0,207.97,2.0192,-0.00632,1,0.18,3.038,0.4705,100,HEALTHY,F0,0,0,healthy,0,0,0,,,,,31,0
2026-08-19T19:47:56.642Z,1787168876642,FAN_DT_001_F4_S06_R01_20260819T194720,1,36.07,BASELINE,F4,0.6,FAN_DT_001,3.0,process-model-3.0.0-build3,9810,1,LIVE,SYNCHRONISED,AUTOMATIC,NORMAL,65,1950,1950,0,145,145,0.3,0.3,25.7859,38.9,1.028,1,0.0254,0,207.97,2.0782,-0.00617,1,0.18,2.966,0.4842,100,HEALTHY,F0,0,0,healthy,0,0,0,,,,,31,0
2026-08-19T19:47:57.687Z,1787168877687,FAN_DT_001_F4_S06_R01_20260819T194720,1,37.117,BASELINE,F4,0.6,FAN_DT_001,3.0,process-model-3.0.0-build3,9811,1,LIVE,SYNCHRONISED,AUTOMATIC,NORMAL,65,1950,1950,0,145,145,0.3,0.3,25.78228,38.9,1.028,1,0.0254,0,207.97,2.1377,-0.00602,1,0.18,2.892,0.4981,100,HEALTHY,F0,0,0,healthy,0,0,0,,,,,31,0
2026-08-19T19:47:58.718Z,1787168878718,FAN_DT_001_F4_S06_R01_20260819T194720,1,38.149,BASELINE,F4,0.6,FAN_DT_001,3.0,process-model-3.0.0-build3,9812,1,LIVE,SYNCHRONISED,AUTOMATIC,NORMAL,65,1950,1950,0,145,145,0.3,0.3,25.77825,38.91,1.028,1,0.0254,0,207.97,2.197,-0.00584,1,0.18,2.809,0.5119,100,HEALTHY,F0,0,0,healthy,0,0,0,,,,,31,0
2026-08-19T19:47:59.725Z,1787168879725,FAN_DT_001_F4_S06_R01_20260819T194720,1,39.154,BASELINE,F4,0.6,FAN_DT_001,3.0,process-model-3.0.0-build3,9813,1,LIVE,SYNCHRONISED,AUTOMATIC,NORMAL,65,1950,1950,0,145,145,0.3,0.3,25.7738,38.91,1.028,1,0.0254,0,207.97,2.2566,-0.00566,1,0.18,2.723,0.5258,100,HEALTHY,F0,0,0,healthy,0,0,0,,,,,31,0
2026-08-19T19:48:00.755Z,1787168880755,FAN_DT_001_F4_S06_R01_20260819T194720,1,40.185,BASELINE,F4,0.6,FAN_DT_001,3.0,process-model-3.0.0-build3,9814,1,LIVE,SYNCHRONISED,AUTOMATIC,NORMAL,65,1950,1950,0,145,145,0.3,0.3,25.76899,38.92,1.028,1,0.0254,0,207.97,2.3158,-0.00548,1,0.18,2.637,0.5396,100,HEALTHY,F0,0,0,healthy,0,0,0,,,,,31,0
2026-08-19T19:48:01.792Z,1787168881792,FAN_DT_001_F4_S06_R01_20260819T194720,1,41.219,BASELINE,F4,0.6,FAN_DT_001,3.0,process-model-3.0.0-build3,9815,1,LIVE,SYNCHRONISED,AUTOMATIC,NORMAL,65,1950,1950,0,145,145,0.3,0.3,25.76373,38.92,1.028,1,0.0254,0,207.97,2.3753,-0.00532,1,0.18,2.557,0.5534,100,HEALTHY,F0,0,0,healthy,0,0,0,,,,,31,0
2026-08-19T19:48:02.817Z,1787168882817,FAN_DT_001_F4_S06_R01_20260819T194720,1,42.247,BASELINE,F4,0.6,FAN_DT_001,3.0,process-model-3.0.0-build3,9816,1,LIVE,SYNCHRONISED,AUTOMATIC,NORMAL,65,1950,1950,0,145,145,0.3,0.3,25.75811,38.93,1.028,1,0.0254,0,207.97,2.4344,-0.00513,1,0.18,2.464,0.5672,100,HEALTHY,F0,0,0,healthy,0,0,0,,,,,31,0
2026-08-19T19:48:03.841Z,1787168883841,FAN_DT_001_F4_S06_R01_20260819T194720,1,43.268,BASELINE,F4,0.6,FAN_DT_001,3.0,process-model-3.0.0-build3,9817,1,LIVE,SYNCHRONISED,AUTOMATIC,NORMAL,65,1950,1950,0,145,145,0.3,0.3,25.75207,38.94,1.028,1,0.0254,0,207.97,2.494,-0.00494,1,0.18,2.373,0.5811,100,HEALTHY,F0,0,0,healthy,0,0,0,,,,,31,0
2026-08-19T19:48:04.884Z,1787168884884,FAN_DT_001_F4_S06_R01_20260819T194720,1,44.312,BASELINE,F4,0.6,FAN_DT_001,3.0,process-model-3.0.0-build3,9818,1,LIVE,SYNCHRONISED,AUTOMATIC,NORMAL,65,1950,1950,0,145,145,0.3,0.3,25.74566,38.94,1.028,1,0.0254,0,207.97,2.5532,-0.00477,1,0.18,2.293,0.5949,100,HEALTHY,F0,0,0,healthy,0,0,0,,,,,31,0
2026-08-19T19:48:05.908Z,1787168885908,FAN_DT_001_F4_S06_R01_20260819T194720,1,45.336,BASELINE,F4,0.6,FAN_DT_001,3.0,process-model-3.0.0-build3,9819,1,LIVE,SYNCHRONISED,AUTOMATIC,NORMAL,65,1950,1950,0,145,145,0.3,0.3,25.73882,38.95,1.028,1,0.0254,0,207.97,2.6127,-0.00457,1,0.18,2.198,0.6088,100,HEALTHY,F0,0,0,healthy,0,0,0,,,,,31,0
2026-08-19T19:48:06.938Z,1787168886938,FAN_DT_001_F4_S06_R01_20260819T194720,1,46.372,BASELINE,F4,0.6,FAN_DT_001,3.0,process-model-3.0.0-build3,9820,1,LIVE,SYNCHRONISED,AUTOMATIC,NORMAL,65,1950,1950,0,145,145,0.3,0.3,25.73165,38.95,1.028,1,0.0254,0,207.97,2.6719,-0.00436,1,0.18,2.098,0.6226,100,HEALTHY,F0,0,0,healthy,0,0,0,,,,,31,0
2026-08-19T19:48:07.959Z,1787168887959,FAN_DT_001_F4_S06_R01_20260819T194720,1,47.407,BASELINE,F4,0.6,FAN_DT_001,3.0,process-model-3.0.0-build3,9821,1,LIVE,SYNCHRONISED,AUTOMATIC,NORMAL,65,1950,1950,0,145,145,0.3,0.3,25.72407,38.95,1.028,1,0.0254,0,207.97,2.7312,-0.00418,1,0.18,2.009,0.6364,100,HEALTHY,F0,0,0,healthy,0,0,0,,,,,31,0
2026-08-19T19:48:09.078Z,1787168889078,FAN_DT_001_F4_S06_R01_20260819T194720,1,49.021,BASELINE,F4,0.6,FAN_DT_001,3.0,process-model-3.0.0-build3,9822,1,LIVE,SYNCHRONISED,AUTOMATIC,NORMAL,65,1950,1950,0,145,145,0.3,0.3,25.71609,38.96,1.028,1,0.0254,0,207.97,2.7908,-0.00396,1,0.18,1.904,0.6503,100,HEALTHY,F0,0,0,healthy,0,0,0,,,,,31,0
2026-08-19T19:48:10.271Z,1787168890271,FAN_DT_001_F4_S06_R01_20260819T194720,1,49.804,BASELINE,F4,0.6,FAN_DT_001,3.0,process-model-3.0.0-build3,9823,1,LIVE,SYNCHRONISED,AUTOMATIC,NORMAL,65,1950,1950,0,145,145,0.3,0.3,25.70777,38.96,1.028,1,0.0254,0,207.97,2.8501,-0.00376,1,0.18,1.806,0.6641,100,HEALTHY,F0,0,0,healthy,0,0,0,,,,,31,0
2026-08-19T19:48:11.315Z,1787168891315,FAN_DT_001_F4_S06_R01_20260819T194720,1,50.954,BASELINE,F4,0.6,FAN_DT_001,3.0,process-model-3.0.0-build3,9824,1,LIVE,SYNCHRONISED,AUTOMATIC,NORMAL,65,1950,1950,0,145,145,0.3,0.3,25.69905,38.97,1.028,1,0.0254,0,207.97,2.9096,-0.00354,1,0.18,1.704,0.6779,100,HEALTHY,F0,0,0,healthy,0,0,0,,,,,31,0
2026-08-19T19:48:12.120Z,1787168892120,FAN_DT_001_F4_S06_R01_20260819T194720,1,51.586,BASELINE,F4,0.6,FAN_DT_001,3.0,process-model-3.0.0-build3,9825,1,LIVE,SYNCHRONISED,AUTOMATIC,NORMAL,65,1950,1950,0,145,145,0.3,0.3,25.69001,38.97,1.028,1,0.0254,0,207.97,2.9688,-0.00335,1,0.18,1.61,0.6917,100,HEALTHY,F0,0,0,healthy,0,0,0,,,,,31,0
2026-08-19T19:48:13.109Z,1787168893109,FAN_DT_001_F4_S06_R01_20260819T194720,1,52.537,BASELINE,F4,0.6,FAN_DT_001,3.0,process-model-3.0.0-build3,9826,1,LIVE,SYNCHRONISED,AUTOMATIC,NORMAL,65,1950,1950,0,145,145,0.3,0.3,25.68057,38.97,1.028,1,0.0254,0,207.97,3.0283,-0.00315,1,0.18,1.514,0.7056,100,HEALTHY,F0,0,0,healthy,0,0,0,,,,,31,0
2026-08-19T19:48:14.133Z,1787168894133,FAN_DT_001_F4_S06_R01_20260819T194720,1,53.576,BASELINE,F4,0.6,FAN_DT_001,3.0,process-model-3.0.0-build3,9827,1,LIVE,SYNCHRONISED,AUTOMATIC,NORMAL,65,1950,1950,0,145,145,0.3,0.3,25.6708,38.98,1.028,1,0.0254,0,207.97,3.0875,-0.00292,1,0.18,1.404,0.7194,100,HEALTHY,F0,0,0,healthy,0,0,0,,,,,31,0
2026-08-19T19:48:15.169Z,1787168895169,FAN_DT_001_F4_S06_R01_20260819T194720,1,55.008,BASELINE,F4,0.6,FAN_DT_001,3.0,process-model-3.0.0-build3,9828,1,LIVE,SYNCHRONISED,AUTOMATIC,NORMAL,65,1950,1950,0,145,145,0.3,0.3,25.66067,38.98,1.028,1,0.0254,0,207.97,3.1469,-0.00269,1,0.18,1.296,0.7332,100,HEALTHY,F0,0,0,healthy,0,0,0,,,,,31,0
2026-08-19T19:48:16.227Z,1787168896227,FAN_DT_001_F4_S06_R01_20260819T194720,1,55.675,BASELINE,F4,0.6,FAN_DT_001,3.0,process-model-3.0.0-build3,9829,1,LIVE,SYNCHRONISED,AUTOMATIC,NORMAL,65,1950,1950,0,145,145,0.3,0.3,25.65017,38.98,1.028,1,0.0254,0,207.97,3.2065,-0.00248,1,0.18,1.195,0.7471,100,HEALTHY,F0,0,0,healthy,0,0,0,,,,,31,0
2026-08-19T19:48:17.225Z,1787168897225,FAN_DT_001_F4_S06_R01_20260819T194720,1,56.724,BASELINE,F4,0.6,FAN_DT_001,3.0,process-model-3.0.0-build3,9830,1,LIVE,SYNCHRONISED,AUTOMATIC,NORMAL,65,1950,1950,0,145,145,0.3,0.3,25.63936,38.98,1.028,1,0.0254,0,207.97,3.2658,-0.00227,1,0.18,1.092,0.7609,100,HEALTHY,F0,0,0,healthy,0,0,0,,,,,31,0
2026-08-19T19:48:18.255Z,1787168898255,FAN_DT_001_F4_S06_R01_20260819T194720,1,57.684,BASELINE,F4,0.6,FAN_DT_001,3.0,process-model-3.0.0-build3,9831,1,LIVE,SYNCHRONISED,AUTOMATIC,NORMAL,65,1950,1950,0,145,145,0.3,0.3,25.62818,38.99,1.028,1,0.0254,0,207.97,3.3253,-0.00205,1,0.18,0.987,0.7748,100,HEALTHY,F0,0,0,healthy,0,0,0,,,,,31,0
2026-08-19T19:48:19.286Z,1787168899286,FAN_DT_001_F4_S06_R01_20260819T194720,1,58.725,BASELINE,F4,0.6,FAN_DT_001,3.0,process-model-3.0.0-build3,9832,1,LIVE,SYNCHRONISED,AUTOMATIC,NORMAL,65,1950,1950,0,145,145,0.3,0.3,25.61674,38.99,1.028,1,0.0254,0,207.97,3.3845,-0.00183,1,0.18,0.881,0.7886,100,HEALTHY,F0,0,0,healthy,0,0,0,,,,,31,0
2026-08-19T19:48:20.312Z,1787168900312,FAN_DT_001_F4_S06_R01_20260819T194720,1,59.752,BASELINE,F4,0.6,FAN_DT_001,3.0,process-model-3.0.0-build3,9833,1,LIVE,SYNCHRONISED,AUTOMATIC,NORMAL,65,1950,1950,0,145,145,0.3,0.3,25.60491,38.99,1.028,1,0.0254,0,207.97,3.444,-0.0016,1,0.18,0.77,0.8025,100,HEALTHY,F0,0,0,healthy,0,0,0,,,,,31,0
2026-08-19T19:48:21.355Z,1787168901355,FAN_DT_001_F4_S06_R01_20260819T194720,1,60.785,FAULT_ACTIVE,F4,0.6,FAN_DT_001,3.0,process-model-3.0.0-build3,9834,1,LIVE,SYNCHRONISED,AUTOMATIC,HIGH_LOAD,65,1950,1950,0,145,253,0.3,0.33,25.59274,39.03,1.044,1,0.0256,0,211.31,3.504,-0.16716,1,0.18,79.109,0.8164,61,CRITICAL,F4,4,1,thermal_overload,0.6,1,1,,,,,32,0
2026-08-19T19:48:22.385Z,1787168902385,FAN_DT_001_F4_S06_R01_20260819T194720,1,61.82,FAULT_ACTIVE,F4,0.6,FAN_DT_001,3.0,process-model-3.0.0-build3,9835,1,LIVE,SYNCHRONISED,AUTOMATIC,HIGH_LOAD,65,1950,1950,0,145,253,0.3,0.33,25.58022,39.21,1.044,1,0.0256,0,211.31,3.5647,-0.16412,1,0.18,77.67,0.8306,61,CRITICAL,F4,4,1,thermal_overload,0.6,1,1,,,,,32,0
2026-08-19T19:48:23.436Z,1787168903436,FAN_DT_001_F4_S06_R01_20260819T194720,1,62.866,FAULT_ACTIVE,F4,0.6,FAN_DT_001,3.0,process-model-3.0.0-build3,9836,1,LIVE,SYNCHRONISED,AUTOMATIC,HIGH_LOAD,65,1950,1950,0,145,253,0.3,0.33,25.56745,39.37,1.044,1,0.0256,0,211.31,3.6252,-0.16112,1,0.18,76.25,0.8447,61,CRITICAL,F4,4,1,thermal_overload,0.6,1,1,,,,,32,0
2026-08-19T19:48:24.460Z,1787168904460,FAN_DT_001_F4_S06_R01_20260819T194720,1,63.889,FAULT_ACTIVE,F4,0.6,FAN_DT_001,3.0,process-model-3.0.0-build3,9837,1,LIVE,SYNCHRONISED,AUTOMATIC,HIGH_LOAD,65,1950,1950,0,145,253,0.3,0.33,25.55434,39.54,1.044,1,0.0256,0,211.31,3.686,-0.15816,1,0.18,74.848,0.8588,61,CRITICAL,F4,4,1,thermal_overload,0.6,1,1,,,,,32,0
2026-08-19T19:48:25.495Z,1787168905495,FAN_DT_001_F4_S06_R01_20260819T194720,1,64.922,FAULT_ACTIVE,F4,0.6,FAN_DT_001,3.0,process-model-3.0.0-build3,9838,1,LIVE,SYNCHRONISED,AUTOMATIC,HIGH_LOAD,65,1950,1950,0,145,253,0.3,0.33,25.54098,39.7,1.044,1,0.0256,0,211.31,3.7465,-0.15528,1,0.18,73.484,0.8729,61,CRITICAL,F4,4,1,thermal_overload,0.6,1,1,,,,,32,0
2026-08-19T19:48:26.525Z,1787168906525,FAN_DT_001_F4_S06_R01_20260819T194720,1,65.954,FAULT_ACTIVE,F4,0.6,FAN_DT_001,3.0,process-model-3.0.0-build3,9839,1,LIVE,SYNCHRONISED,AUTOMATIC,HIGH_LOAD,65,1950,1950,0,145,253,0.3,0.33,25.52728,39.86,1.044,1,0.0256,0,211.31,3.8072,-0.15241,1,0.18,72.126,0.8871,61,CRITICAL,F4,4,1,thermal_overload,0.6,1,1,,,,,32,0
2026-08-19T19:48:27.557Z,1787168907557,FAN_DT_001_F4_S06_R01_20260819T194720,1,66.984,FAULT_ACTIVE,F4,0.6,FAN_DT_001,3.0,process-model-3.0.0-build3,9840,1,LIVE,SYNCHRONISED,AUTOMATIC,HIGH_LOAD,65,1950,1950,0,145,253,0.3,0.33,25.51338,40.01,1.044,1,0.0256,0,211.31,3.8676,-0.14961,1,0.18,70.803,0.9012,61,CRITICAL,F4,4,1,thermal_overload,0.6,1,1,,,,,32,0
2026-08-19T19:48:28.589Z,1787168908589,FAN_DT_001_F4_S06_R01_20260819T194720,1,68.017,FAULT_ACTIVE,F4,0.6,FAN_DT_001,3.0,process-model-3.0.0-build3,9841,1,LIVE,SYNCHRONISED,AUTOMATIC,HIGH_LOAD,65,1950,1950,0,145,253,0.3,0.33,25.49922,40.17,1.044,1,0.0256,0,211.31,3.9281,-0.14684,1,0.18,69.49,0.9152,61,CRITICAL,F4,4,1,thermal_overload,0.6,1,1,,,,,32,0
2026-08-19T19:48:29.647Z,1787168909647,FAN_DT_001_F4_S06_R01_20260819T194720,1,69.074,FAULT_ACTIVE,F4,0.6,FAN_DT_001,3.0,process-model-3.0.0-build3,9842,1,LIVE,SYNCHRONISED,AUTOMATIC,HIGH_LOAD,65,1950,1950,0,145,253,0.3,0.33,25.48471,40.32,1.044,1,0.0256,0,211.31,3.9888,-0.14409,1,0.18,68.191,0.9294,61,CRITICAL,F4,4,1,thermal_overload,0.6,1,1,,,,,32,0
2026-08-19T19:48:30.668Z,1787168910668,FAN_DT_001_F4_S06_R01_20260819T194720,1,70.097,FAULT_ACTIVE,F4,0.6,FAN_DT_001,3.0,process-model-3.0.0-build3,9843,1,LIVE,SYNCHRONISED,AUTOMATIC,HIGH_LOAD,65,1950,1950,0,145,253,0.3,0.33,25.46999,40.46,1.044,1,0.0256,0,211.31,4.0494,-0.14141,1,0.18,66.924,0.9435,61,CRITICAL,F4,4,1,thermal_overload,0.6,1,1,,,,,32,0
2026-08-19T19:48:31.702Z,1787168911702,FAN_DT_001_F4_S06_R01_20260819T194720,1,71.13,FAULT_ACTIVE,F4,0.6,FAN_DT_001,3.0,process-model-3.0.0-build3,9844,1,LIVE,SYNCHRONISED,AUTOMATIC,HIGH_LOAD,65,1950,1950,0,145,253,0.3,0.33,25.45498,40.61,1.044,1,0.0256,0,211.31,4.1101,-0.13876,1,0.18,65.668,0.9577,61,CRITICAL,F4,4,1,thermal_overload,0.6,1,1,,,,,32,0
2026-08-19T19:48:32.726Z,1787168912726,FAN_DT_001_F4_S06_R01_20260819T194720,1,72.154,FAULT_ACTIVE,F4,0.6,FAN_DT_001,3.0,process-model-3.0.0-build3,9845,1,LIVE,SYNCHRONISED,AUTOMATIC,HIGH_LOAD,65,1950,1950,0,145,253,0.3,0.33,25.43985,40.75,1.044,1,0.0256,0,211.31,4.1704,-0.13616,1,0.18,64.439,0.9717,61,CRITICAL,F4,4,1,thermal_overload,0.6,1,1,,,,,32,0
2026-08-19T19:48:33.763Z,1787168913763,FAN_DT_001_F4_S06_R01_20260819T194720,1,73.191,FAULT_ACTIVE,F4,0.6,FAN_DT_001,3.0,process-model-3.0.0-build3,9846,1,LIVE,SYNCHRONISED,AUTOMATIC,HIGH_LOAD,65,1950,1950,0,145,253,0.3,0.33,25.42438,40.89,1.044,1,0.0256,0,211.31,4.2311,-0.13361,1,0.18,63.228,0.9858,61,CRITICAL,F4,4,1,thermal_overload,0.6,1,1,,,,,32,0
2026-08-19T19:48:34.814Z,1787168914814,FAN_DT_001_F4_S06_R01_20260819T194720,1,74.241,FAULT_ACTIVE,F4,0.6,FAN_DT_001,3.0,process-model-3.0.0-build3,9847,1,LIVE,SYNCHRONISED,AUTOMATIC,HIGH_LOAD,65,1950,1950,0,145,253,0.3,0.33,25.40874,41.03,1.044,1,0.0256,0,211.31,4.2915,-0.13109,1,0.18,62.037,0.9999,61,CRITICAL,F4,4,1,thermal_overload,0.6,1,1,,,,,32,0
2026-08-19T19:48:35.827Z,1787168915827,FAN_DT_001_F4_S06_R01_20260819T194720,1,75.256,FAULT_ACTIVE,F4,0.6,FAN_DT_001,3.0,process-model-3.0.0-build3,9848,1,LIVE,SYNCHRONISED,AUTOMATIC,HIGH_LOAD,65,1950,1950,0,145,253,0.3,0.33,25.39289,41.16,1.044,1,0.0256,0,211.31,4.352,-0.12861,1,0.18,60.864,1.014,61,CRITICAL,F4,4,1,thermal_overload,0.6,1,1,,,,,32,0
2026-08-19T19:48:36.860Z,1787168916860,FAN_DT_001_F4_S06_R01_20260819T194720,1,76.288,FAULT_ACTIVE,F4,0.6,FAN_DT_001,3.0,process-model-3.0.0-build3,9849,1,LIVE,SYNCHRONISED,AUTOMATIC,HIGH_LOAD,65,1950,1950,0,145,253,0.3,0.33,25.37668,41.29,1.044,1,0.0256,0,211.31,4.413,-0.12615,1,0.18,59.699,1.0282,61,CRITICAL,F4,4,1,thermal_overload,0.6,1,1,,,,,32,0
2026-08-19T19:48:37.893Z,1787168917893,FAN_DT_001_F4_S06_R01_20260819T194720,1,77.321,FAULT_ACTIVE,F4,0.6,FAN_DT_001,3.0,process-model-3.0.0-build3,9850,1,LIVE,SYNCHRONISED,AUTOMATIC,HIGH_LOAD,65,1950,1950,0,145,253,0.3,0.33,25.36047,41.42,1.044,1,0.0256,0,211.31,4.4734,-0.12375,1,0.18,58.565,1.0423,61,CRITICAL,F4,4,1,thermal_overload,0.6,1,1,,,,,32,0
2026-08-19T19:48:38.927Z,1787168918927,FAN_DT_001_F4_S06_R01_20260819T194720,1,78.355,FAULT_ACTIVE,F4,0.6,FAN_DT_001,3.0,process-model-3.0.0-build3,9851,1,LIVE,SYNCHRONISED,AUTOMATIC,HIGH_LOAD,65,1950,1950,0,145,253,0.3,0.33,25.34395,41.55,1.044,1,0.0256,0,211.31,4.5341,-0.12136,1,0.18,57.434,1.0565,61,CRITICAL,F4,4,1,thermal_overload,0.6,1,1,,,,,32,0
2026-08-19T19:48:39.961Z,1787168919961,FAN_DT_001_F4_S06_R01_20260819T194720,1,79.388,FAULT_ACTIVE,F4,0.6,FAN_DT_001,3.0,process-model-3.0.0-build3,9852,1,LIVE,SYNCHRONISED,AUTOMATIC,HIGH_LOAD,65,1950,1950,0,145,253,0.3,0.33,25.32736,41.67,1.044,1,0.0256,0,211.31,4.5945,-0.11905,1,0.18,56.339,1.0705,61,CRITICAL,F4,4,1,thermal_overload,0.6,1,1,,,,,32,0
2026-08-19T19:48:40.994Z,1787168920994,FAN_DT_001_F4_S06_R01_20260819T194720,1,80.422,FAULT_ACTIVE,F4,0.6,FAN_DT_001,3.0,process-model-3.0.0-build3,9853,1,LIVE,SYNCHRONISED,AUTOMATIC,HIGH_LOAD,65,1950,1950,0,145,253,0.3,0.33,25.31048,41.79,1.044,1,0.0256,0,211.31,4.6552,-0.11674,1,0.18,55.248,1.0847,61,CRITICAL,F4,4,1,thermal_overload,0.6,1,1,,,,,32,0
2026-08-19T19:48:42.026Z,1787168922026,FAN_DT_001_F4_S06_R01_20260819T194720,1,81.453,FAULT_ACTIVE,F4,0.6,FAN_DT_001,3.0,process-model-3.0.0-build3,9854,1,LIVE,SYNCHRONISED,AUTOMATIC,HIGH_LOAD,65,1950,1950,0,145,253,0.3,0.33,25.29358,41.91,1.044,1,0.0256,0,211.31,4.7155,-0.1145,1,0.18,54.186,1.0987,61,CRITICAL,F4,4,1,thermal_overload,0.6,1,1,,,,,32,0
2026-08-19T19:48:43.060Z,1787168923060,FAN_DT_001_F4_S06_R01_20260819T194720,1,82.488,FAULT_ACTIVE,F4,0.6,FAN_DT_001,3.0,process-model-3.0.0-build3,9855,1,LIVE,SYNCHRONISED,AUTOMATIC,HIGH_LOAD,65,1950,1950,0,145,253,0.3,0.33,25.27639,42.03,1.044,1,0.0256,0,211.31,4.7762,-0.11226,1,0.18,53.127,1.1129,61,CRITICAL,F4,4,1,thermal_overload,0.6,1,1,,,,,32,0
2026-08-19T19:48:44.092Z,1787168924092,FAN_DT_001_F4_S06_R01_20260819T194720,1,83.519,FAULT_ACTIVE,F4,0.6,FAN_DT_001,3.0,process-model-3.0.0-build3,9856,1,LIVE,SYNCHRONISED,AUTOMATIC,HIGH_LOAD,65,1950,1950,0,145,253,0.3,0.33,25.25915,42.14,1.044,1,0.0256,0,211.31,4.8366,-0.11008,1,0.18,52.094,1.1269,61,CRITICAL,F4,4,1,thermal_overload,0.6,1,1,,,,,32,0
2026-08-19T19:48:45.134Z,1787168925134,FAN_DT_001_F4_S06_R01_20260819T194720,1,84.562,FAULT_ACTIVE,F4,0.6,FAN_DT_001,3.0,process-model-3.0.0-build3,9857,1,LIVE,SYNCHRONISED,AUTOMATIC,HIGH_LOAD,65,1950,1950,0,145,253,0.3,0.33,25.24169,42.26,1.044,1,0.0256,0,211.31,4.8973,-0.10793,1,0.18,51.079,1.1411,61,CRITICAL,F4,4,1,thermal_overload,0.6,1,1,,,,,32,0
2026-08-19T19:48:46.159Z,1787168926159,FAN_DT_001_F4_S06_R01_20260819T194720,1,85.588,FAULT_ACTIVE,F4,0.6,FAN_DT_001,3.0,process-model-3.0.0-build3,9858,1,LIVE,SYNCHRONISED,AUTOMATIC,HIGH_LOAD,65,1950,1950,0,145,253,0.3,0.33,25.22418,42.37,1.044,1,0.0256,0,211.31,4.9578,-0.1058,1,0.18,50.07,1.1552,61,CRITICAL,F4,4,1,thermal_overload,0.6,1,1,,,,,32,0
2026-08-19T19:48:47.188Z,1787168927188,FAN_DT_001_F4_S06_R01_20260819T194720,1,86.616,FAULT_ACTIVE,F4,0.6,FAN_DT_001,3.0,process-model-3.0.0-build3,9859,1,LIVE,SYNCHRONISED,AUTOMATIC,HIGH_LOAD,65,1950,1950,0,145,253,0.3,0.33,25.20653,42.47,1.044,1,0.0256,0,211.31,5.0183,-0.10372,1,0.18,49.087,1.1693,61,CRITICAL,F4,4,1,thermal_overload,0.6,1,1,,,,,32,0
2026-08-19T19:48:48.223Z,1787168928223,FAN_DT_001_F4_S06_R01_20260819T194720,1,87.651,FAULT_ACTIVE,F4,0.6,FAN_DT_001,3.0,process-model-3.0.0-build3,9860,1,LIVE,SYNCHRONISED,AUTOMATIC,HIGH_LOAD,65,1950,1950,0,145,253,0.3,0.33,25.18876,42.58,1.044,1,0.0256,0,211.31,5.0788,-0.10167,1,0.18,48.114,1.1834,61,CRITICAL,F4,4,1,thermal_overload,0.6,1,1,,,,,32,0
2026-08-19T19:48:49.258Z,1787168929258,FAN_DT_001_F4_S06_R01_20260819T194720,1,88.686,FAULT_ACTIVE,F4,0.6,FAN_DT_001,3.0,process-model-3.0.0-build3,9861,1,LIVE,SYNCHRONISED,AUTOMATIC,HIGH_LOAD,65,1950,1950,0,145,253,0.3,0.33,25.17085,42.68,1.044,1,0.0256,0,211.31,5.1395,-0.09964,1,0.18,47.153,1.1975,61,CRITICAL,F4,4,1,thermal_overload,0.6,1,1,,,,,32,0
2026-08-19T19:48:50.291Z,1787168930291,FAN_DT_001_F4_S06_R01_20260819T194720,1,89.719,FAULT_ACTIVE,F4,0.6,FAN_DT_001,3.0,process-model-3.0.0-build3,9862,1,LIVE,SYNCHRONISED,AUTOMATIC,HIGH_LOAD,65,1950,1950,0,145,253,0.3,0.33,25.15293,42.79,1.044,1,0.0256,0,211.31,5.2,-0.09768,1,0.18,46.226,1.2116,61,CRITICAL,F4,4,1,thermal_overload,0.6,1,1,,,,,32,0
2026-08-19T19:48:51.363Z,1787168931363,FAN_DT_001_F4_S06_R01_20260819T194720,1,90.791,FAULT_ACTIVE,F4,0.6,FAN_DT_001,3.0,process-model-3.0.0-build3,9863,1,LIVE,SYNCHRONISED,AUTOMATIC,HIGH_LOAD,65,1950,1950,0,145,253,0.3,0.33,25.13486,42.89,1.044,1,0.0256,0,211.31,5.2606,-0.0957,1,0.18,45.29,1.2257,61,CRITICAL,F4,4,1,thermal_overload,0.6,1,1,,,,,32,0
2026-08-19T19:48:52.352Z,1787168932352,FAN_DT_001_F4_S06_R01_20260819T194720,1,91.78,FAULT_ACTIVE,F4,0.6,FAN_DT_001,3.0,process-model-3.0.0-build3,9864,1,LIVE,SYNCHRONISED,AUTOMATIC,HIGH_LOAD,65,1950,1950,0,145,253,0.3,0.33,25.11679,42.98,1.044,1,0.0256,0,211.31,5.321,-0.09381,1,0.18,44.394,1.2398,61,CRITICAL,F4,4,1,thermal_overload,0.6,1,1,,,,,32,0
2026-08-19T19:48:53.414Z,1787168933414,FAN_DT_001_F4_S06_R01_20260819T194720,1,92.843,FAULT_ACTIVE,F4,0.6,FAN_DT_001,3.0,process-model-3.0.0-build3,9865,1,LIVE,SYNCHRONISED,AUTOMATIC,HIGH_LOAD,65,1950,1950,0,145,253,0.3,0.33,25.09867,43.08,1.044,1,0.0256,0,211.31,5.3813,-0.09191,1,0.18,43.498,1.2539,61,CRITICAL,F4,4,1,thermal_overload,0.6,1,1,,,,,32,0
2026-08-19T19:48:54.421Z,1787168934421,FAN_DT_001_F4_S06_R01_20260819T194720,1,93.849,FAULT_ACTIVE,F4,0.6,FAN_DT_001,3.0,process-model-3.0.0-build3,9866,1,LIVE,SYNCHRONISED,AUTOMATIC,HIGH_LOAD,65,1950,1950,0,145,253,0.3,0.33,25.0804,43.17,1.044,1,0.0256,0,211.31,5.4421,-0.09005,1,0.18,42.616,1.268,61,CRITICAL,F4,4,1,thermal_overload,0.6,1,1,,,,,32,0
2026-08-19T19:48:55.455Z,1787168935455,FAN_DT_001_F4_S06_R01_20260819T194720,1,94.883,FAULT_ACTIVE,F4,0.6,FAN_DT_001,3.0,process-model-3.0.0-build3,9867,1,LIVE,SYNCHRONISED,AUTOMATIC,HIGH_LOAD,65,1950,1950,0,145,253,0.3,0.33,25.06221,43.26,1.044,1,0.0256,0,211.31,5.5024,-0.08824,1,0.18,41.76,1.2821,61,CRITICAL,F4,4,1,thermal_overload,0.6,1,1,,,,,32,0
2026-08-19T19:48:56.483Z,1787168936483,FAN_DT_001_F4_S06_R01_20260819T194720,1,95.918,FAULT_ACTIVE,F4,0.6,FAN_DT_001,3.0,process-model-3.0.0-build3,9868,1,LIVE,SYNCHRONISED,AUTOMATIC,HIGH_LOAD,65,1950,1950,0,145,253,0.3,0.33,25.04383,43.35,1.044,1,0.0256,0,211.31,5.5632,-0.08644,1,0.18,40.906,1.2962,61,CRITICAL,F4,4,1,thermal_overload,0.6,1,1,,,,,32,0
2026-08-19T19:48:57.539Z,1787168937539,FAN_DT_001_F4_S06_R01_20260819T194720,1,96.967,FAULT_ACTIVE,F4,0.6,FAN_DT_001,3.0,process-model-3.0.0-build3,9869,1,LIVE,SYNCHRONISED,AUTOMATIC,HIGH_LOAD,65,1950,1950,0,145,253,0.3,0.33,25.02555,43.44,1.044,1,0.0256,0,211.31,5.6236,-0.08468,1,0.18,40.072,1.3103,61,CRITICAL,F4,4,1,thermal_overload,0.6,1,1,,,,,32,0
2026-08-19T19:48:58.554Z,1787168938554,FAN_DT_001_F4_S06_R01_20260819T194720,1,97.981,FAULT_ACTIVE,F4,0.6,FAN_DT_001,3.0,process-model-3.0.0-build3,9870,1,LIVE,SYNCHRONISED,AUTOMATIC,HIGH_LOAD,65,1950,1950,0,145,253,0.3,0.33,25.0071,43.53,1.044,1,0.0256,0,211.31,5.6845,-0.08292,1,0.18,39.244,1.3245,61,CRITICAL,F4,4,1,thermal_overload,0.6,1,1,,,,,32,0
2026-08-19T19:48:59.595Z,1787168939595,FAN_DT_001_F4_S06_R01_20260819T194720,1,99.022,FAULT_ACTIVE,F4,0.6,FAN_DT_001,3.0,process-model-3.0.0-build3,9871,1,LIVE,SYNCHRONISED,AUTOMATIC,HIGH_LOAD,65,1950,1950,0,145,253,0.3,0.33,24.98884,43.61,1.044,1,0.0256,0,211.31,5.7448,-0.08121,1,0.18,38.435,1.3385,61,CRITICAL,F4,4,1,thermal_overload,0.6,1,1,,,,,32,0
2026-08-19T19:49:00.619Z,1787168940619,FAN_DT_001_F4_S06_R01_20260819T194720,1,100.047,FAULT_ACTIVE,F4,0.6,FAN_DT_001,3.0,process-model-3.0.0-build3,9872,1,LIVE,SYNCHRONISED,AUTOMATIC,HIGH_LOAD,65,1950,1950,0,145,253,0.3,0.33,24.97046,43.7,1.044,1,0.0256,0,211.31,5.8055,-0.07953,1,0.18,37.639,1.3527,61,CRITICAL,F4,4,1,thermal_overload,0.6,1,1,,,,,32,0
2026-08-19T19:49:01.662Z,1787168941662,FAN_DT_001_F4_S06_R01_20260819T194720,1,101.089,FAULT_ACTIVE,F4,0.6,FAN_DT_001,3.0,process-model-3.0.0-build3,9873,1,LIVE,SYNCHRONISED,AUTOMATIC,HIGH_LOAD,65,1950,1950,0,145,253,0.3,0.33,24.95218,43.78,1.044,1,0.0256,0,211.31,5.8659,-0.07791,1,0.18,36.872,1.3668,61,CRITICAL,F4,4,1,thermal_overload,0.6,1,1,,,,,32,0
2026-08-19T19:49:02.702Z,1787168942702,FAN_DT_001_F4_S06_R01_20260819T194720,1,102.129,FAULT_ACTIVE,F4,0.6,FAN_DT_001,3.0,process-model-3.0.0-build3,9874,1,LIVE,SYNCHRONISED,AUTOMATIC,HIGH_LOAD,65,1950,1950,0,145,253,0.3,0.33,24.93381,43.86,1.044,1,0.0256,0,211.31,5.9267,-0.07626,1,0.18,36.092,1.3809,61,CRITICAL,F4,4,1,thermal_overload,0.6,1,1,,,,,32,0
2026-08-19T19:49:03.721Z,1787168943721,FAN_DT_001_F4_S06_R01_20260819T194720,1,103.148,FAULT_ACTIVE,F4,0.6,FAN_DT_001,3.0,process-model-3.0.0-build3,9875,1,LIVE,SYNCHRONISED,AUTOMATIC,HIGH_LOAD,65,1950,1950,0,145,253,0.3,0.33,24.91558,43.93,1.044,1,0.0256,0,211.31,5.9873,-0.07468,1,0.18,35.34,1.395,61,CRITICAL,F4,4,1,thermal_overload,0.6,1,1,,,,,32,0
2026-08-19T19:49:04.756Z,1787168944756,FAN_DT_001_F4_S06_R01_20260819T194720,1,104.183,FAULT_ACTIVE,F4,0.6,FAN_DT_001,3.0,process-model-3.0.0-build3,9876,1,LIVE,SYNCHRONISED,AUTOMATIC,HIGH_LOAD,65,1950,1950,0,145,253,0.3,0.33,24.89735,44.01,1.044,1,0.0256,0,211.31,6.0478,-0.07311,1,0.18,34.602,1.4091,61,CRITICAL,F4,4,1,thermal_overload,0.6,1,1,,,,,32,0
2026-08-19T19:49:05.793Z,1787168945793,FAN_DT_001_F4_S06_R01_20260819T194720,1,105.221,FAULT_ACTIVE,F4,0.6,FAN_DT_001,3.0,process-model-3.0.0-build3,9877,1,LIVE,SYNCHRONISED,AUTOMATIC,HIGH_LOAD,65,1950,1950,0,145,253,0.3,0.33,24.87914,44.09,1.044,1,0.0256,0,211.31,6.1085,-0.07158,1,0.18,33.877,1.4233,61,CRITICAL,F4,4,1,thermal_overload,0.6,1,1,,,,,32,0
2026-08-19T19:49:06.828Z,1787168946828,FAN_DT_001_F4_S06_R01_20260819T194720,1,106.256,FAULT_ACTIVE,F4,0.6,FAN_DT_001,3.0,process-model-3.0.0-build3,9878,1,LIVE,SYNCHRONISED,AUTOMATIC,HIGH_LOAD,65,1950,1950,0,145,253,0.3,0.33,24.86104,44.16,1.044,1,0.0256,0,211.31,6.1691,-0.07006,1,0.18,33.154,1.4374,61,CRITICAL,F4,4,1,thermal_overload,0.6,1,1,,,,,32,0
2026-08-19T19:49:07.863Z,1787168947863,FAN_DT_001_F4_S06_R01_20260819T194720,1,107.291,FAULT_ACTIVE,F4,0.6,FAN_DT_001,3.0,process-model-3.0.0-build3,9879,1,LIVE,SYNCHRONISED,AUTOMATIC,HIGH_LOAD,65,1950,1950,0,145,253,0.3,0.33,24.84309,44.23,1.044,1,0.0256,0,211.31,6.2294,-0.06858,1,0.18,32.454,1.4515,61,CRITICAL,F4,4,1,thermal_overload,0.6,1,1,,,,,32,0
2026-08-19T19:49:08.911Z,1787168948911,FAN_DT_001_F4_S06_R01_20260819T194720,1,108.338,FAULT_ACTIVE,F4,0.6,FAN_DT_001,3.0,process-model-3.0.0-build3,9880,1,LIVE,SYNCHRONISED,AUTOMATIC,HIGH_LOAD,65,1950,1950,0,145,253,0.3,0.33,24.82513,44.3,1.044,1,0.0256,0,211.31,6.29,-0.06713,1,0.18,31.771,1.4656,61,CRITICAL,F4,4,1,thermal_overload,0.6,1,1,,,,,32,0
2026-08-19T19:49:09.920Z,1787168949920,FAN_DT_001_F4_S06_R01_20260819T194720,1,109.348,FAULT_ACTIVE,F4,0.6,FAN_DT_001,3.0,process-model-3.0.0-build3,9881,1,LIVE,SYNCHRONISED,AUTOMATIC,HIGH_LOAD,65,1950,1950,0,145,253,0.3,0.33,24.80727,44.37,1.044,1,0.0256,0,211.31,6.3506,-0.06569,1,0.18,31.088,1.4797,61,CRITICAL,F4,4,1,thermal_overload,0.6,1,1,,,,,32,0
2026-08-19T19:49:10.961Z,1787168950961,FAN_DT_001_F4_S06_R01_20260819T194720,1,110.394,FAULT_ACTIVE,F4,0.6,FAN_DT_001,3.0,process-model-3.0.0-build3,9882,1,LIVE,SYNCHRONISED,AUTOMATIC,HIGH_LOAD,65,1950,1950,0,145,253,0.3,0.33,24.78954,44.44,1.044,1,0.0256,0,211.31,6.4111,-0.0643,1,0.18,30.428,1.4938,61,CRITICAL,F4,4,1,thermal_overload,0.6,1,1,,,,,32,0
2026-08-19T19:49:11.996Z,1787168951996,FAN_DT_001_F4_S06_R01_20260819T194720,1,111.425,FAULT_ACTIVE,F4,0.6,FAN_DT_001,3.0,process-model-3.0.0-build3,9883,1,LIVE,SYNCHRONISED,AUTOMATIC,HIGH_LOAD,65,1950,1950,0,145,253,0.3,0.33,24.77188,44.5,1.044,1,0.0256,0,211.31,6.4718,-0.06291,1,0.18,29.773,1.5079,61,CRITICAL,F4,4,1,thermal_overload,0.6,1,1,,,,,32,0
2026-08-19T19:49:13.024Z,1787168953024,FAN_DT_001_F4_S06_R01_20260819T194720,1,112.452,FAULT_ACTIVE,F4,0.6,FAN_DT_001,3.0,process-model-3.0.0-build3,9884,1,LIVE,SYNCHRONISED,AUTOMATIC,HIGH_LOAD,65,1950,1950,0,145,253,0.3,0.33,24.75438,44.57,1.044,1,0.0256,0,211.31,6.5322,-0.06156,1,0.18,29.133,1.522,61,CRITICAL,F4,4,1,thermal_overload,0.6,1,1,,,,,32,0
2026-08-19T19:49:14.109Z,1787168954109,FAN_DT_001_F4_S06_R01_20260819T194720,1,113.668,FAULT_ACTIVE,F4,0.6,FAN_DT_001,3.0,process-model-3.0.0-build3,9885,1,LIVE,SYNCHRONISED,AUTOMATIC,HIGH_LOAD,65,1950,1950,0,145,253,0.3,0.33,24.73692,44.63,1.044,1,0.0256,0,211.31,6.593,-0.06022,1,0.18,28.498,1.5362,61,CRITICAL,F4,4,1,thermal_overload,0.6,1,1,,,,,32,0
2026-08-19T19:49:15.102Z,1787168955102,FAN_DT_001_F4_S06_R01_20260819T194720,1,114.53,FAULT_ACTIVE,F4,0.6,FAN_DT_001,3.0,process-model-3.0.0-build3,9886,1,LIVE,SYNCHRONISED,AUTOMATIC,HIGH_LOAD,65,1950,1950,0,145,253,0.3,0.33,24.71967,44.69,1.044,1,0.0256,0,211.31,6.6536,-0.05893,1,0.18,27.887,1.5503,61,CRITICAL,F4,4,1,thermal_overload,0.6,1,1,,,,,32,0
2026-08-19T19:49:16.131Z,1787168956131,FAN_DT_001_F4_S06_R01_20260819T194720,1,115.559,FAULT_ACTIVE,F4,0.6,FAN_DT_001,3.0,process-model-3.0.0-build3,9887,1,LIVE,SYNCHRONISED,AUTOMATIC,HIGH_LOAD,65,1950,1950,0,145,253,0.3,0.33,24.70252,44.75,1.044,1,0.0256,0,211.31,6.7143,-0.05761,1,0.18,27.266,1.5644,61,CRITICAL,F4,4,1,thermal_overload,0.6,1,1,,,,,32,0
2026-08-19T19:49:17.163Z,1787168957163,FAN_DT_001_F4_S06_R01_20260819T194720,1,116.595,FAULT_ACTIVE,F4,0.6,FAN_DT_001,3.0,process-model-3.0.0-build3,9888,1,LIVE,SYNCHRONISED,AUTOMATIC,HIGH_LOAD,65,1950,1950,0,145,253,0.3,0.33,24.68561,44.81,1.044,1,0.0256,0,211.31,6.7748,-0.05638,1,0.18,26.68,1.5785,61,CRITICAL,F4,4,1,thermal_overload,0.6,1,1,,,,,32,0
2026-08-19T19:49:18.196Z,1787168958196,FAN_DT_001_F4_S06_R01_20260819T194720,1,117.627,FAULT_ACTIVE,F4,0.6,FAN_DT_001,3.0,process-model-3.0.0-build3,9889,1,LIVE,SYNCHRONISED,AUTOMATIC,HIGH_LOAD,65,1950,1950,0,145,253,0.3,0.33,24.66877,44.87,1.044,1,0.0256,0,211.31,6.8355,-0.05513,1,0.18,26.091,1.5927,61,CRITICAL,F4,4,1,thermal_overload,0.6,1,1,,,,,32,0
2026-08-19T19:49:19.231Z,1787168959231,FAN_DT_001_F4_S06_R01_20260819T194720,1,118.661,FAULT_ACTIVE,F4,0.6,FAN_DT_001,3.0,process-model-3.0.0-build3,9890,1,LIVE,SYNCHRONISED,AUTOMATIC,HIGH_LOAD,65,1950,1950,0,145,253,0.3,0.33,24.65219,44.92,1.044,1,0.0256,0,211.31,6.896,-0.05393,1,0.18,25.522,1.6068,61,CRITICAL,F4,4,1,thermal_overload,0.6,1,1,,,,,32,0
2026-08-19T19:49:20.261Z,1787168960261,FAN_DT_001_F4_S06_R01_20260819T194720,1,119.689,FAULT_ACTIVE,F4,0.6,FAN_DT_001,3.0,process-model-3.0.0-build3,9891,1,LIVE,SYNCHRONISED,AUTOMATIC,HIGH_LOAD,65,1950,1950,0,145,253,0.3,0.33,24.6357,44.98,1.044,1,0.0256,0,211.31,6.9567,-0.05274,1,0.18,24.959,1.6209,61,CRITICAL,F4,4,1,thermal_overload,0.6,1,1,,,,,32,0
2026-08-19T19:49:21.295Z,1787168961295,FAN_DT_001_F4_S06_R01_20260819T194720,1,120.723,FAULT_ACTIVE,F4,0.6,FAN_DT_001,3.0,process-model-3.0.0-build3,9892,1,LIVE,SYNCHRONISED,AUTOMATIC,HIGH_LOAD,65,1950,1950,0,145,253,0.3,0.33,24.61951,45.03,1.044,1,0.0256,0,211.31,7.0172,-0.05158,1,0.18,24.413,1.635,61,CRITICAL,F4,4,1,thermal_overload,0.6,1,1,,,,,32,0
2026-08-19T19:49:22.326Z,1787168962326,FAN_DT_001_F4_S06_R01_20260819T194720,1,121.754,FAULT_ACTIVE,F4,0.6,FAN_DT_001,3.0,process-model-3.0.0-build3,9893,1,LIVE,SYNCHRONISED,AUTOMATIC,HIGH_LOAD,65,1950,1950,0,145,253,0.3,0.33,24.60351,45.08,1.044,1,0.0256,0,211.31,7.0776,-0.05044,1,0.18,23.868,1.6491,61,CRITICAL,F4,4,1,thermal_overload,0.6,1,1,,,,,32,0
2026-08-19T19:49:23.358Z,1787168963358,FAN_DT_001_F4_S06_R01_20260819T194720,1,122.788,FAULT_ACTIVE,F4,0.6,FAN_DT_001,3.0,process-model-3.0.0-build3,9894,1,LIVE,SYNCHRONISED,AUTOMATIC,HIGH_LOAD,65,1950,1950,0,145,253,0.3,0.33,24.58766,45.14,1.044,1,0.0256,0,211.31,7.1382,-0.04933,1,0.18,23.346,1.6632,61,CRITICAL,F4,4,1,thermal_overload,0.6,1,1,,,,,32,0
2026-08-19T19:49:24.392Z,1787168964392,FAN_DT_001_F4_S06_R01_20260819T194720,1,123.821,FAULT_ACTIVE,F4,0.6,FAN_DT_001,3.0,process-model-3.0.0-build3,9895,1,LIVE,SYNCHRONISED,AUTOMATIC,HIGH_LOAD,65,1950,1950,0,145,253,0.3,0.33,24.57207,45.19,1.044,1,0.0256,0,211.31,7.1987,-0.04823,1,0.18,22.824,1.6773,61,CRITICAL,F4,4,1,thermal_overload,0.6,1,1,,,,,32,0
2026-08-19T19:49:25.424Z,1787168965424,FAN_DT_001_F4_S06_R01_20260819T194720,1,124.852,FAULT_ACTIVE,F4,0.6,FAN_DT_001,3.0,process-model-3.0.0-build3,9896,1,LIVE,SYNCHRONISED,AUTOMATIC,HIGH_LOAD,65,1950,1950,0,145,253,0.3,0.33,24.55673,45.23,1.044,1,0.0256,0,211.31,7.2591,-0.04719,1,0.18,22.334,1.6914,61,CRITICAL,F4,4,1,thermal_overload,0.6,1,1,,,,,32,0
2026-08-19T19:49:26.480Z,1787168966480,FAN_DT_001_F4_S06_R01_20260819T194720,1,125.908,FAULT_ACTIVE,F4,0.6,FAN_DT_001,3.0,process-model-3.0.0-build3,9897,1,LIVE,SYNCHRONISED,AUTOMATIC,HIGH_LOAD,65,1950,1950,0,145,253,0.3,0.33,24.54155,45.28,1.044,1,0.0256,0,211.31,7.3198,-0.04611,1,0.18,21.821,1.7055,61,CRITICAL,F4,4,1,thermal_overload,0.6,1,1,,,,,32,0
2026-08-19T19:49:27.493Z,1787168967493,FAN_DT_001_F4_S06_R01_20260819T194720,1,126.925,FAULT_ACTIVE,F4,0.6,FAN_DT_001,3.0,process-model-3.0.0-build3,9898,1,LIVE,SYNCHRONISED,AUTOMATIC,HIGH_LOAD,65,1950,1950,0,145,253,0.3,0.33,24.52666,45.33,1.044,1,0.0256,0,211.31,7.3803,-0.04511,1,0.18,21.349,1.7196,61,CRITICAL,F4,4,1,thermal_overload,0.6,1,1,,,,,32,0
2026-08-19T19:49:28.524Z,1787168968524,FAN_DT_001_F4_S06_R01_20260819T194720,1,127.952,FAULT_ACTIVE,F4,0.6,FAN_DT_001,3.0,process-model-3.0.0-build3,9899,1,LIVE,SYNCHRONISED,AUTOMATIC,HIGH_LOAD,65,1950,1950,0,145,253,0.3,0.33,24.51196,45.38,1.044,1,0.0256,0,211.31,7.441,-0.04408,1,0.18,20.861,1.7337,61,CRITICAL,F4,4,1,thermal_overload,0.6,1,1,,,,,32,0
2026-08-19T19:49:29.565Z,1787168969565,FAN_DT_001_F4_S06_R01_20260819T194720,1,128.993,FAULT_ACTIVE,F4,0.6,FAN_DT_001,3.0,process-model-3.0.0-build3,9900,1,LIVE,SYNCHRONISED,AUTOMATIC,HIGH_LOAD,65,1950,1950,0,145,253,0.3,0.33,24.49753,45.42,1.044,1,0.0256,0,211.31,7.5016,-0.04312,1,0.18,20.406,1.7479,61,CRITICAL,F4,4,1,thermal_overload,0.6,1,1,,,,,32,0
2026-08-19T19:49:30.602Z,1787168970602,FAN_DT_001_F4_S06_R01_20260819T194720,1,130.029,FAULT_ACTIVE,F4,0.6,FAN_DT_001,3.0,process-model-3.0.0-build3,9901,1,LIVE,SYNCHRONISED,AUTOMATIC,HIGH_LOAD,65,1950,1950,0,145,253,0.3,0.33,24.48335,45.46,1.044,1,0.0256,0,211.31,7.5624,-0.04214,1,0.18,19.944,1.762,61,CRITICAL,F4,4,1,thermal_overload,0.6,1,1,,,,,32,0
2026-08-19T19:49:31.627Z,1787168971627,FAN_DT_001_F4_S06_R01_20260819T194720,1,131.055,FAULT_ACTIVE,F4,0.6,FAN_DT_001,3.0,process-model-3.0.0-build3,9902,1,LIVE,SYNCHRONISED,AUTOMATIC,HIGH_LOAD,65,1950,1950,0,145,253,0.3,0.33,24.46955,45.51,1.044,1,0.0256,0,211.31,7.6226,-0.0412,1,0.18,19.5,1.7761,61,CRITICAL,F4,4,1,thermal_overload,0.6,1,1,,,,,32,0
2026-08-19T19:49:32.658Z,1787168972658,FAN_DT_001_F4_S06_R01_20260819T194720,1,132.097,FAULT_ACTIVE,F4,0.6,FAN_DT_001,3.0,process-model-3.0.0-build3,9903,1,LIVE,SYNCHRONISED,AUTOMATIC,HIGH_LOAD,65,1950,1950,0,145,253,0.3,0.33,24.45593,45.55,1.044,1,0.0256,0,211.31,7.6833,-0.04027,1,0.18,19.056,1.7902,61,CRITICAL,F4,4,1,thermal_overload,0.6,1,1,,,,,32,0
2026-08-19T19:49:33.689Z,1787168973689,FAN_DT_001_F4_S06_R01_20260819T194720,1,133.117,FAULT_ACTIVE,F4,0.6,FAN_DT_001,3.0,process-model-3.0.0-build3,9904,1,LIVE,SYNCHRONISED,AUTOMATIC,HIGH_LOAD,65,1950,1950,0,145,253,0.3,0.33,24.44272,45.59,1.044,1,0.0256,0,211.31,7.7435,-0.03939,1,0.18,18.641,1.8042,61,CRITICAL,F4,4,1,thermal_overload,0.6,1,1,,,,,32,0
2026-08-19T19:49:34.724Z,1787168974724,FAN_DT_001_F4_S06_R01_20260819T194720,1,134.181,FAULT_ACTIVE,F4,0.6,FAN_DT_001,3.0,process-model-3.0.0-build3,9905,1,LIVE,SYNCHRONISED,AUTOMATIC,HIGH_LOAD,65,1950,1950,0,145,253,0.3,0.33,24.42963,45.63,1.044,1,0.0256,0,211.31,7.8044,-0.03849,1,0.18,18.217,1.8184,61,CRITICAL,F4,4,1,thermal_overload,0.6,1,1,,,,,32,0
2026-08-19T19:49:35.757Z,1787168975757,FAN_DT_001_F4_S06_R01_20260819T194720,1,135.185,FAULT_ACTIVE,F4,0.6,FAN_DT_001,3.0,process-model-3.0.0-build3,9906,1,LIVE,SYNCHRONISED,AUTOMATIC,HIGH_LOAD,65,1950,1950,0,145,253,0.3,0.33,24.41694,45.67,1.044,1,0.0256,0,211.31,7.8649,-0.03763,1,0.18,17.809,1.8325,61,CRITICAL,F4,4,1,thermal_overload,0.6,1,1,,,,,32,0
2026-08-19T19:49:36.796Z,1787168976796,FAN_DT_001_F4_S06_R01_20260819T194720,1,136.224,FAULT_ACTIVE,F4,0.6,FAN_DT_001,3.0,process-model-3.0.0-build3,9907,1,LIVE,SYNCHRONISED,AUTOMATIC,HIGH_LOAD,65,1950,1950,0,145,253,0.3,0.33,24.40459,45.71,1.044,1,0.0256,0,211.31,7.9251,-0.0368,1,0.18,17.414,1.8466,61,CRITICAL,F4,4,1,thermal_overload,0.6,1,1,,,,,32,0
2026-08-19T19:49:37.819Z,1787168977819,FAN_DT_001_F4_S06_R01_20260819T194720,1,137.381,FAULT_ACTIVE,F4,0.6,FAN_DT_001,3.0,process-model-3.0.0-build3,9908,1,LIVE,SYNCHRONISED,AUTOMATIC,HIGH_LOAD,65,1950,1950,0,145,253,0.3,0.33,24.39249,45.75,1.044,1,0.0256,0,211.31,7.9857,-0.03598,1,0.18,17.027,1.8607,61,CRITICAL,F4,4,1,thermal_overload,0.6,1,1,,,,,32,0
2026-08-19T19:49:38.855Z,1787168978855,FAN_DT_001_F4_S06_R01_20260819T194720,1,138.372,FAULT_ACTIVE,F4,0.6,FAN_DT_001,3.0,process-model-3.0.0-build3,9909,1,LIVE,SYNCHRONISED,AUTOMATIC,HIGH_LOAD,65,1950,1950,0,145,253,0.3,0.33,24.38076,45.78,1.044,1,0.0256,0,211.31,8.0461,-0.03518,1,0.18,16.65,1.8747,61,CRITICAL,F4,4,1,thermal_overload,0.6,1,1,,,,,32,0
2026-08-19T19:49:39.893Z,1787168979893,FAN_DT_001_F4_S06_R01_20260819T194720,1,139.322,FAULT_ACTIVE,F4,0.6,FAN_DT_001,3.0,process-model-3.0.0-build3,9910,1,LIVE,SYNCHRONISED,AUTOMATIC,HIGH_LOAD,65,1950,1950,0,145,253,0.3,0.33,24.36922,45.82,1.044,1,0.0256,0,211.31,8.1072,-0.03439,1,0.18,16.275,1.889,61,CRITICAL,F4,4,1,thermal_overload,0.6,1,1,,,,,32,0
2026-08-19T19:49:40.923Z,1787168980923,FAN_DT_001_F4_S06_R01_20260819T194720,1,140.351,FAULT_ACTIVE,F4,0.6,FAN_DT_001,3.0,process-model-3.0.0-build3,9911,1,LIVE,SYNCHRONISED,AUTOMATIC,HIGH_LOAD,65,1950,1950,0,145,253,0.3,0.33,24.35813,45.85,1.044,1,0.0256,0,211.31,8.1676,-0.03361,1,0.18,15.904,1.903,61,CRITICAL,F4,4,1,thermal_overload,0.6,1,1,,,,,32,0
2026-08-19T19:49:41.966Z,1787168981966,FAN_DT_001_F4_S06_R01_20260819T194720,1,141.399,FAULT_ACTIVE,F4,0.6,FAN_DT_001,3.0,process-model-3.0.0-build3,9912,1,LIVE,SYNCHRONISED,AUTOMATIC,HIGH_LOAD,65,1950,1950,0,145,253,0.3,0.33,24.34735,45.89,1.044,1,0.0256,0,211.31,8.2281,-0.03289,1,0.18,15.564,1.9172,61,CRITICAL,F4,4,1,thermal_overload,0.6,1,1,,,,,32,0
2026-08-19T19:49:42.993Z,1787168982993,FAN_DT_001_F4_S06_R01_20260819T194720,1,142.5,FAULT_ACTIVE,F4,0.6,FAN_DT_001,3.0,process-model-3.0.0-build3,9913,1,LIVE,SYNCHRONISED,AUTOMATIC,HIGH_LOAD,65,1950,1950,0,145,253,0.3,0.33,24.33687,45.92,1.044,1,0.0256,0,211.31,8.2889,-0.03215,1,0.18,15.216,1.9313,61,CRITICAL,F4,4,1,thermal_overload,0.6,1,1,,,,,32,0
2026-08-19T19:49:44.029Z,1787168984029,FAN_DT_001_F4_S06_R01_20260819T194720,1,143.456,FAULT_ACTIVE,F4,0.6,FAN_DT_001,3.0,process-model-3.0.0-build3,9914,1,LIVE,SYNCHRONISED,AUTOMATIC,HIGH_LOAD,65,1950,1950,0,145,253,0.3,0.33,24.32683,45.95,1.044,1,0.0256,0,211.31,8.3493,-0.03144,1,0.18,14.879,1.9454,61,CRITICAL,F4,4,1,thermal_overload,0.6,1,1,,,,,32,0
2026-08-19T19:49:45.060Z,1787168985060,FAN_DT_001_F4_S06_R01_20260819T194720,1,144.488,FAULT_ACTIVE,F4,0.6,FAN_DT_001,3.0,process-model-3.0.0-build3,9915,1,LIVE,SYNCHRONISED,AUTOMATIC,HIGH_LOAD,65,1950,1950,0,145,253,0.3,0.33,24.31704,45.99,1.044,1,0.0256,0,211.31,8.4101,-0.03075,1,0.18,14.552,1.9596,61,CRITICAL,F4,4,1,thermal_overload,0.6,1,1,,,,,32,0
2026-08-19T19:49:46.089Z,1787168986089,FAN_DT_001_F4_S06_R01_20260819T194720,1,145.517,FAULT_ACTIVE,F4,0.6,FAN_DT_001,3.0,process-model-3.0.0-build3,9916,1,LIVE,SYNCHRONISED,AUTOMATIC,HIGH_LOAD,65,1950,1950,0,145,253,0.3,0.33,24.30767,46.02,1.044,1,0.0256,0,211.31,8.4707,-0.03006,1,0.18,14.227,1.9737,61,CRITICAL,F4,4,1,thermal_overload,0.6,1,1,,,,,32,0
2026-08-19T19:49:47.125Z,1787168987125,FAN_DT_001_F4_S06_R01_20260819T194720,1,146.553,FAULT_ACTIVE,F4,0.6,FAN_DT_001,3.0,process-model-3.0.0-build3,9917,1,LIVE,SYNCHRONISED,AUTOMATIC,HIGH_LOAD,65,1950,1950,0,145,253,0.3,0.33,24.29872,46.05,1.044,1,0.0256,0,211.31,8.5309,-0.02941,1,0.18,13.919,1.9877,61,CRITICAL,F4,4,1,thermal_overload,0.6,1,1,,,,,32,0
2026-08-19T19:49:48.156Z,1787168988156,FAN_DT_001_F4_S06_R01_20260819T194720,1,147.584,FAULT_ACTIVE,F4,0.6,FAN_DT_001,3.0,process-model-3.0.0-build3,9918,1,LIVE,SYNCHRONISED,AUTOMATIC,HIGH_LOAD,65,1950,1950,0,145,253,0.3,0.33,24.29004,46.08,1.044,1,0.0256,0,211.31,8.5918,-0.02876,1,0.18,13.61,2.0019,61,CRITICAL,F4,4,1,thermal_overload,0.6,1,1,,,,,32,0
2026-08-19T19:49:49.195Z,1787168989195,FAN_DT_001_F4_S06_R01_20260819T194720,1,148.623,FAULT_ACTIVE,F4,0.6,FAN_DT_001,3.0,process-model-3.0.0-build3,9919,1,LIVE,SYNCHRONISED,AUTOMATIC,HIGH_LOAD,65,1950,1950,0,145,253,0.3,0.33,24.2818,46.11,1.044,1,0.0256,0,211.31,8.6521,-0.02814,1,0.18,13.32,2.0159,61,CRITICAL,F4,4,1,thermal_overload,0.6,1,1,,,,,32,0
2026-08-19T19:49:50.230Z,1787168990230,FAN_DT_001_F4_S06_R01_20260819T194720,1,149.66,FAULT_ACTIVE,F4,0.6,FAN_DT_001,3.0,process-model-3.0.0-build3,9920,1,LIVE,SYNCHRONISED,AUTOMATIC,HIGH_LOAD,65,1950,1950,0,145,253,0.3,0.33,24.27387,46.14,1.044,1,0.0256,0,211.31,8.713,-0.02754,1,0.18,13.034,2.0301,61,CRITICAL,F4,4,1,thermal_overload,0.6,1,1,,,,,32,0
2026-08-19T19:49:51.260Z,1787168991260,FAN_DT_001_F4_S06_R01_20260819T194720,1,150.69,FAULT_ACTIVE,F4,0.6,FAN_DT_001,3.0,process-model-3.0.0-build3,9921,1,LIVE,SYNCHRONISED,AUTOMATIC,HIGH_LOAD,65,1950,1950,0,145,253,0.3,0.33,24.26638,46.16,1.044,1,0.0256,0,211.31,8.7734,-0.02695,1,0.18,12.752,2.0442,61,CRITICAL,F4,4,1,thermal_overload,0.6,1,1,,,,,32,0
2026-08-19T19:49:52.311Z,1787168992311,FAN_DT_001_F4_S06_R01_20260819T194720,1,151.739,FAULT_ACTIVE,F4,0.6,FAN_DT_001,3.0,process-model-3.0.0-build3,9922,1,LIVE,SYNCHRONISED,AUTOMATIC,HIGH_LOAD,65,1950,1950,0,145,253,0.3,0.33,24.25924,46.19,1.044,1,0.0256,0,211.31,8.834,-0.02638,1,0.18,12.487,2.0583,61,CRITICAL,F4,4,1,thermal_overload,0.6,1,1,,,,,32,0
2026-08-19T19:49:53.328Z,1787168993328,FAN_DT_001_F4_S06_R01_20260819T194720,1,152.755,FAULT_ACTIVE,F4,0.6,FAN_DT_001,3.0,process-model-3.0.0-build3,9923,1,LIVE,SYNCHRONISED,AUTOMATIC,HIGH_LOAD,65,1950,1950,0,145,253,0.3,0.33,24.2525,46.22,1.044,1,0.0256,0,211.31,8.8947,-0.02583,1,0.18,12.222,2.0725,61,CRITICAL,F4,4,1,thermal_overload,0.6,1,1,,,,,32,0
2026-08-19T19:49:54.360Z,1787168994360,FAN_DT_001_F4_S06_R01_20260819T194720,1,153.789,FAULT_ACTIVE,F4,0.6,FAN_DT_001,3.0,process-model-3.0.0-build3,9924,1,LIVE,SYNCHRONISED,AUTOMATIC,HIGH_LOAD,65,1950,1950,0,145,253,0.3,0.33,24.24618,46.24,1.044,1,0.0256,0,211.31,8.9551,-0.02529,1,0.18,11.967,2.0865,61,CRITICAL,F4,4,1,thermal_overload,0.6,1,1,,,,,32,0
2026-08-19T19:49:55.395Z,1787168995395,FAN_DT_001_F4_S06_R01_20260819T194720,1,154.823,FAULT_ACTIVE,F4,0.6,FAN_DT_001,3.0,process-model-3.0.0-build3,9925,1,LIVE,SYNCHRONISED,AUTOMATIC,HIGH_LOAD,65,1950,1950,0,145,253,0.3,0.33,24.2402,46.27,1.044,1,0.0256,0,211.31,9.0161,-0.02475,1,0.18,11.713,2.1007,61,CRITICAL,F4,4,1,thermal_overload,0.6,1,1,,,,,32,0
2026-08-19T19:49:56.427Z,1787168996427,FAN_DT_001_F4_S06_R01_20260819T194720,1,155.854,FAULT_ACTIVE,F4,0.6,FAN_DT_001,3.0,process-model-3.0.0-build3,9926,1,LIVE,SYNCHRONISED,AUTOMATIC,HIGH_LOAD,65,1950,1950,0,145,253,0.3,0.33,24.23468,46.3,1.044,1,0.0256,0,211.31,9.0763,-0.02424,1,0.18,11.472,2.1148,61,CRITICAL,F4,4,1,thermal_overload,0.6,1,1,,,,,32,0
2026-08-19T19:49:57.463Z,1787168997463,FAN_DT_001_F4_S06_R01_20260819T194720,1,156.891,FAULT_ACTIVE,F4,0.6,FAN_DT_001,3.0,process-model-3.0.0-build3,9927,1,LIVE,SYNCHRONISED,AUTOMATIC,HIGH_LOAD,65,1950,1950,0,145,253,0.3,0.33,24.22953,46.32,1.044,1,0.0256,0,211.31,9.1371,-0.02373,1,0.18,11.228,2.1289,61,CRITICAL,F4,4,1,thermal_overload,0.6,1,1,,,,,32,0
2026-08-19T19:49:58.493Z,1787168998493,FAN_DT_001_F4_S06_R01_20260819T194720,1,157.92,FAULT_ACTIVE,F4,0.6,FAN_DT_001,3.0,process-model-3.0.0-build3,9928,1,LIVE,SYNCHRONISED,AUTOMATIC,HIGH_LOAD,65,1950,1950,0,145,253,0.3,0.33,24.22479,46.34,1.044,1,0.0256,0,211.31,9.1976,-0.02325,1,0.18,11.003,2.143,61,CRITICAL,F4,4,1,thermal_overload,0.6,1,1,,,,,32,0
2026-08-19T19:49:59.527Z,1787168999527,FAN_DT_001_F4_S06_R01_20260819T194720,1,158.955,FAULT_ACTIVE,F4,0.6,FAN_DT_001,3.0,process-model-3.0.0-build3,9929,1,LIVE,SYNCHRONISED,AUTOMATIC,HIGH_LOAD,65,1950,1950,0,145,253,0.3,0.33,24.22047,46.37,1.044,1,0.0256,0,211.31,9.2581,-0.0228,1,0.18,10.791,2.1571,61,CRITICAL,F4,4,1,thermal_overload,0.6,1,1,,,,,32,0
2026-08-19T19:50:00.559Z,1787169000559,FAN_DT_001_F4_S06_R01_20260819T194720,1,159.987,FAULT_ACTIVE,F4,0.6,FAN_DT_001,3.0,process-model-3.0.0-build3,9930,1,LIVE,SYNCHRONISED,AUTOMATIC,HIGH_LOAD,65,1950,1950,0,145,253,0.3,0.33,24.21654,46.39,1.044,1,0.0256,0,211.31,9.3188,-0.02234,1,0.18,10.574,2.1713,61,CRITICAL,F4,4,1,thermal_overload,0.6,1,1,,,,,32,0
2026-08-19T19:50:01.617Z,1787169001617,FAN_DT_001_F4_S06_R01_20260819T194720,1,161.045,FAULT_ACTIVE,F4,0.6,FAN_DT_001,3.0,process-model-3.0.0-build3,9931,1,LIVE,SYNCHRONISED,AUTOMATIC,HIGH_LOAD,65,1950,1950,0,145,253,0.3,0.33,24.21305,46.41,1.044,1,0.0256,0,211.31,9.3791,-0.0219,1,0.18,10.363,2.1853,61,CRITICAL,F4,4,1,thermal_overload,0.6,1,1,,,,,32,0
2026-08-19T19:50:02.632Z,1787169002632,FAN_DT_001_F4_S06_R01_20260819T194720,1,162.059,FAULT_ACTIVE,F4,0.6,FAN_DT_001,3.0,process-model-3.0.0-build3,9932,1,LIVE,SYNCHRONISED,AUTOMATIC,HIGH_LOAD,65,1950,1950,0,145,253,0.3,0.33,24.20995,46.44,1.044,1,0.0256,0,211.31,9.44,-0.0215,1,0.18,10.173,2.1995,61,CRITICAL,F4,4,1,thermal_overload,0.6,1,1,,,,,32,0
2026-08-19T19:50:03.668Z,1787169003668,FAN_DT_001_F4_S06_R01_20260819T194720,1,163.095,FAULT_ACTIVE,F4,0.6,FAN_DT_001,3.0,process-model-3.0.0-build3,9933,1,LIVE,SYNCHRONISED,AUTOMATIC,HIGH_LOAD,65,1950,1950,0,145,253,0.3,0.33,24.20728,46.46,1.044,1,0.0256,0,211.31,9.5003,-0.02107,1,0.18,9.971,2.2136,61,CRITICAL,F4,4,1,thermal_overload,0.6,1,1,,,,,32,0
2026-08-19T19:50:04.717Z,1787169004717,FAN_DT_001_F4_S06_R01_20260819T194720,1,164.144,FAULT_ACTIVE,F4,0.6,FAN_DT_001,3.0,process-model-3.0.0-build3,9934,1,LIVE,SYNCHRONISED,AUTOMATIC,HIGH_LOAD,65,1950,1950,0,145,253,0.3,0.33,24.20501,46.48,1.044,1,0.0256,0,211.31,9.5612,-0.02067,1,0.18,9.782,2.2278,61,CRITICAL,F4,4,1,thermal_overload,0.6,1,1,,,,,32,0
2026-08-19T19:50:05.732Z,1787169005732,FAN_DT_001_F4_S06_R01_20260819T194720,1,165.16,FAULT_ACTIVE,F4,0.6,FAN_DT_001,3.0,process-model-3.0.0-build3,9935,1,LIVE,SYNCHRONISED,AUTOMATIC,HIGH_LOAD,65,1950,1950,0,145,253,0.3,0.33,24.20317,46.5,1.044,1,0.0256,0,211.31,9.6215,-0.02031,1,0.18,9.609,2.2418,61,CRITICAL,F4,4,1,thermal_overload,0.6,1,1,,,,,32,0
2026-08-19T19:50:06.771Z,1787169006771,FAN_DT_001_F4_S06_R01_20260819T194720,1,166.199,FAULT_ACTIVE,F4,0.6,FAN_DT_001,3.0,process-model-3.0.0-build3,9936,1,LIVE,SYNCHRONISED,AUTOMATIC,HIGH_LOAD,65,1950,1950,0,145,253,0.3,0.33,24.20175,46.52,1.044,1,0.0256,0,211.31,9.6821,-0.01994,1,0.18,9.437,2.2559,61,CRITICAL,F4,4,1,thermal_overload,0.6,1,1,,,,,32,0
2026-08-19T19:50:07.796Z,1787169007796,FAN_DT_001_F4_S06_R01_20260819T194720,1,167.224,FAULT_ACTIVE,F4,0.6,FAN_DT_001,3.0,process-model-3.0.0-build3,9937,1,LIVE,SYNCHRONISED,AUTOMATIC,HIGH_LOAD,65,1950,1950,0,145,253,0.3,0.33,24.20074,46.54,1.044,1,0.0256,0,211.31,9.7431,-0.01957,1,0.18,9.262,2.2701,61,CRITICAL,F4,4,1,thermal_overload,0.6,1,1,,,,,32,0
2026-08-19T19:50:08.829Z,1787169008829,FAN_DT_001_F4_S06_R01_20260819T194720,1,168.257,FAULT_ACTIVE,F4,0.6,FAN_DT_001,3.0,process-model-3.0.0-build3,9938,1,LIVE,SYNCHRONISED,AUTOMATIC,HIGH_LOAD,65,1950,1950,0,145,253,0.3,0.33,24.20016,46.56,1.044,1,0.0256,0,211.31,9.8033,-0.01925,1,0.18,9.109,2.2842,61,CRITICAL,F4,4,1,thermal_overload,0.6,1,1,,,,,32,0
2026-08-19T19:50:09.861Z,1787169009861,FAN_DT_001_F4_S06_R01_20260819T194720,1,169.29,FAULT_ACTIVE,F4,0.6,FAN_DT_001,3.0,process-model-3.0.0-build3,9939,1,LIVE,SYNCHRONISED,AUTOMATIC,HIGH_LOAD,65,1950,1950,0,145,253,0.3,0.33,24.2,46.58,1.044,1,0.0256,0,211.31,9.864,-0.01889,1,0.18,8.941,2.2983,61,CRITICAL,F4,4,1,thermal_overload,0.6,1,1,,,,,32,0
2026-08-19T19:50:10.894Z,1787169010894,FAN_DT_001_F4_S06_R01_20260819T194720,1,170.321,FAULT_ACTIVE,F4,0.6,FAN_DT_001,3.0,process-model-3.0.0-build3,9940,1,LIVE,SYNCHRONISED,AUTOMATIC,HIGH_LOAD,65,1950,1950,0,145,253,0.3,0.33,24.20026,46.6,1.044,1,0.0256,0,211.31,9.9243,-0.01859,1,0.18,8.799,2.3124,61,CRITICAL,F4,4,1,thermal_overload,0.6,1,1,,,,,32,0
2026-08-19T19:50:11.927Z,1787169011927,FAN_DT_001_F4_S06_R01_20260819T194720,1,171.354,FAULT_ACTIVE,F4,0.6,FAN_DT_001,3.0,process-model-3.0.0-build3,9941,1,LIVE,SYNCHRONISED,AUTOMATIC,HIGH_LOAD,65,1950,1950,0,145,253,0.3,0.33,24.20094,46.62,1.044,1,0.0256,0,211.31,9.9851,-0.01829,1,0.18,8.657,2.3265,61,CRITICAL,F4,4,1,thermal_overload,0.6,1,1,,,,,32,0
2026-08-19T19:50:12.964Z,1787169012964,FAN_DT_001_F4_S06_R01_20260819T194720,1,172.392,FAULT_ACTIVE,F4,0.6,FAN_DT_001,3.0,process-model-3.0.0-build3,9942,1,LIVE,SYNCHRONISED,AUTOMATIC,HIGH_LOAD,65,1950,1950,0,145,253,0.3,0.33,24.20204,46.64,1.044,1,0.0256,0,211.31,10.0455,-0.01798,1,0.18,8.511,2.3406,61,CRITICAL,F4,4,1,thermal_overload,0.6,1,1,,,,,32,0
2026-08-19T19:50:13.995Z,1787169013995,FAN_DT_001_F4_S06_R01_20260819T194720,1,173.422,FAULT_ACTIVE,F4,0.6,FAN_DT_001,3.0,process-model-3.0.0-build3,9943,1,LIVE,SYNCHRONISED,AUTOMATIC,HIGH_LOAD,65,1950,1950,0,145,253,0.3,0.33,24.20356,46.66,1.044,1,0.0256,0,211.31,10.1062,-0.01772,1,0.18,8.384,2.3547,61,CRITICAL,F4,4,1,thermal_overload,0.6,1,1,,,,,32,0
2026-08-19T19:50:15.041Z,1787169015041,FAN_DT_001_F4_S06_R01_20260819T194720,1,174.468,FAULT_ACTIVE,F4,0.6,FAN_DT_001,3.0,process-model-3.0.0-build3,9944,1,LIVE,SYNCHRONISED,AUTOMATIC,HIGH_LOAD,65,1950,1950,0,145,253,0.3,0.33,24.2055,46.68,1.044,1,0.0256,0,211.31,10.1669,-0.01744,1,0.18,8.253,2.3689,61,CRITICAL,F4,4,1,thermal_overload,0.6,1,1,,,,,32,0
2026-08-19T19:50:16.067Z,1787169016067,FAN_DT_001_F4_S06_R01_20260819T194720,1,175.618,FAULT_ACTIVE,F4,0.6,FAN_DT_001,3.0,process-model-3.0.0-build3,9945,1,LIVE,SYNCHRONISED,AUTOMATIC,HIGH_LOAD,65,1950,1950,0,145,253,0.3,0.33,24.20786,46.69,1.044,1,0.0256,0,211.31,10.2275,-0.01719,1,0.18,8.138,2.383,61,CRITICAL,F4,4,1,thermal_overload,0.6,1,1,,,,,32,0
2026-08-19T19:50:17.102Z,1787169017102,FAN_DT_001_F4_S06_R01_20260819T194720,1,176.53,FAULT_ACTIVE,F4,0.6,FAN_DT_001,3.0,process-model-3.0.0-build3,9946,1,LIVE,SYNCHRONISED,AUTOMATIC,HIGH_LOAD,65,1950,1950,0,145,253,0.3,0.33,24.21064,46.71,1.044,1,0.0256,0,211.31,10.2882,-0.01692,1,0.18,8.009,2.3971,61,CRITICAL,F4,4,1,thermal_overload,0.6,1,1,,,,,32,0
2026-08-19T19:50:18.135Z,1787169018135,FAN_DT_001_F4_S06_R01_20260819T194720,1,177.563,FAULT_ACTIVE,F4,0.6,FAN_DT_001,3.0,process-model-3.0.0-build3,9947,1,LIVE,SYNCHRONISED,AUTOMATIC,HIGH_LOAD,65,1950,1950,0,145,253,0.3,0.33,24.21382,46.73,1.044,1,0.0256,0,211.31,10.3486,-0.0167,1,0.18,7.905,2.4112,61,CRITICAL,F4,4,1,thermal_overload,0.6,1,1,,,,,32,0
2026-08-19T19:50:19.164Z,1787169019164,FAN_DT_001_F4_S06_R01_20260819T194720,1,178.591,FAULT_ACTIVE,F4,0.6,FAN_DT_001,3.0,process-model-3.0.0-build3,9948,1,LIVE,SYNCHRONISED,AUTOMATIC,HIGH_LOAD,65,1950,1950,0,145,253,0.3,0.33,24.21742,46.75,1.044,1,0.0256,0,211.31,10.4092,-0.01647,1,0.18,7.794,2.4253,61,CRITICAL,F4,4,1,thermal_overload,0.6,1,1,,,,,32,0
2026-08-19T19:50:20.198Z,1787169020198,FAN_DT_001_F4_S06_R01_20260819T194720,1,179.626,FAULT_ACTIVE,F4,0.6,FAN_DT_001,3.0,process-model-3.0.0-build3,9949,1,LIVE,SYNCHRONISED,AUTOMATIC,HIGH_LOAD,65,1950,1950,0,145,253,0.3,0.33,24.22144,46.76,1.044,1,0.0256,0,211.31,10.4697,-0.01627,1,0.18,7.7,2.4394,61,CRITICAL,F4,4,1,thermal_overload,0.6,1,1,,,,,32,0
2026-08-19T19:50:21.233Z,1787169021233,FAN_DT_001_F4_S06_R01_20260819T194720,1,180.66,FAULT_ACTIVE,F4,0.6,FAN_DT_001,3.0,process-model-3.0.0-build3,9950,1,LIVE,SYNCHRONISED,AUTOMATIC,HIGH_LOAD,65,1950,1950,0,145,253,0.3,0.33,24.22587,46.78,1.044,1,0.0256,0,211.31,10.5304,-0.01608,1,0.18,7.608,2.4536,61,CRITICAL,F4,4,1,thermal_overload,0.6,1,1,,,,,32,0
2026-08-19T19:50:22.268Z,1787169022268,FAN_DT_001_F4_S06_R01_20260819T194720,1,181.695,FAULT_ACTIVE,F4,0.6,FAN_DT_001,3.0,process-model-3.0.0-build3,9951,1,LIVE,SYNCHRONISED,AUTOMATIC,HIGH_LOAD,65,1950,1950,0,145,253,0.3,0.33,24.23069,46.8,1.044,1,0.0256,0,211.31,10.5909,-0.01587,1,0.18,7.509,2.4677,61,CRITICAL,F4,4,1,thermal_overload,0.6,1,1,,,,,32,0
2026-08-19T19:50:23.297Z,1787169023297,FAN_DT_001_F4_S06_R01_20260819T194720,1,182.724,FAULT_ACTIVE,F4,0.6,FAN_DT_001,3.0,process-model-3.0.0-build3,9952,1,LIVE,SYNCHRONISED,AUTOMATIC,HIGH_LOAD,65,1950,1950,0,145,253,0.3,0.33,24.23593,46.81,1.044,1,0.0256,0,211.31,10.6515,-0.01568,1,0.18,7.422,2.4818,61,CRITICAL,F4,4,1,thermal_overload,0.6,1,1,,,,,32,0
2026-08-19T19:50:24.330Z,1787169024330,FAN_DT_001_F4_S06_R01_20260819T194720,1,183.757,FAULT_ACTIVE,F4,0.6,FAN_DT_001,3.0,process-model-3.0.0-build3,9953,1,LIVE,SYNCHRONISED,AUTOMATIC,HIGH_LOAD,65,1950,1950,0,145,253,0.3,0.33,24.24154,46.83,1.044,1,0.0256,0,211.31,10.7118,-0.01552,1,0.18,7.345,2.4958,61,CRITICAL,F4,4,1,thermal_overload,0.6,1,1,,,,,32,0
2026-08-19T19:50:25.361Z,1787169025361,FAN_DT_001_F4_S06_R01_20260819T194720,1,184.788,FAULT_ACTIVE,F4,0.6,FAN_DT_001,3.0,process-model-3.0.0-build3,9954,1,LIVE,SYNCHRONISED,AUTOMATIC,HIGH_LOAD,65,1950,1950,0,145,253,0.3,0.33,24.24759,46.84,1.044,1,0.0256,0,211.31,10.7725,-0.01535,1,0.18,7.264,2.51,61,CRITICAL,F4,4,1,thermal_overload,0.6,1,1,,,,,32,0
2026-08-19T19:50:26.403Z,1787169026403,FAN_DT_001_F4_S06_R01_20260819T194720,1,185.83,FAULT_ACTIVE,F4,0.6,FAN_DT_001,3.0,process-model-3.0.0-build3,9955,1,LIVE,SYNCHRONISED,AUTOMATIC,HIGH_LOAD,65,1950,1950,0,145,253,0.3,0.33,24.254,46.86,1.044,1,0.0256,0,211.31,10.8329,-0.0152,1,0.18,7.194,2.5241,61,CRITICAL,F4,4,1,thermal_overload,0.6,1,1,,,,,32,0
2026-08-19T19:50:27.431Z,1787169027431,FAN_DT_001_F4_S06_R01_20260819T194720,1,186.858,FAULT_ACTIVE,F4,0.6,FAN_DT_001,3.0,process-model-3.0.0-build3,9956,1,LIVE,SYNCHRONISED,AUTOMATIC,HIGH_LOAD,65,1950,1950,0,145,253,0.3,0.33,24.26085,46.88,1.044,1,0.0256,0,211.31,10.8937,-0.01504,1,0.18,7.12,2.5382,61,CRITICAL,F4,4,1,thermal_overload,0.6,1,1,,,,,32,0
2026-08-19T19:50:28.490Z,1787169028490,FAN_DT_001_F4_S06_R01_20260819T194720,1,187.917,FAULT_ACTIVE,F4,0.6,FAN_DT_001,3.0,process-model-3.0.0-build3,9957,1,LIVE,SYNCHRONISED,AUTOMATIC,HIGH_LOAD,65,1950,1950,0,145,253,0.3,0.33,24.268,46.89,1.044,1,0.0256,0,211.31,10.9538,-0.01491,1,0.18,7.055,2.5522,61,CRITICAL,F4,4,1,thermal_overload,0.6,1,1,,,,,32,0
2026-08-19T19:50:29.525Z,1787169029525,FAN_DT_001_F4_S06_R01_20260819T194720,1,188.951,FAULT_ACTIVE,F4,0.6,FAN_DT_001,3.0,process-model-3.0.0-build3,9958,1,LIVE,SYNCHRONISED,AUTOMATIC,HIGH_LOAD,65,1950,1950,0,145,253,0.3,0.33,24.27562,46.91,1.044,1,0.0256,0,211.31,11.0146,-0.01478,1,0.18,6.994,2.5664,61,CRITICAL,F4,4,1,thermal_overload,0.6,1,1,,,,,32,0
2026-08-19T19:50:30.529Z,1787169030529,FAN_DT_001_F4_S06_R01_20260819T194720,1,189.956,FAULT_ACTIVE,F4,0.6,FAN_DT_001,3.0,process-model-3.0.0-build3,9959,1,LIVE,SYNCHRONISED,AUTOMATIC,HIGH_LOAD,65,1950,1950,0,145,253,0.3,0.33,24.28359,46.92,1.044,1,0.0256,0,211.31,11.0751,-0.01467,1,0.18,6.943,2.5805,61,CRITICAL,F4,4,1,thermal_overload,0.6,1,1,,,,,32,0
2026-08-19T19:50:31.563Z,1787169031563,FAN_DT_001_F4_S06_R01_20260819T194720,1,190.99,FAULT_ACTIVE,F4,0.6,FAN_DT_001,3.0,process-model-3.0.0-build3,9960,1,LIVE,SYNCHRONISED,AUTOMATIC,HIGH_LOAD,65,1950,1950,0,145,253,0.3,0.33,24.29196,46.94,1.044,1,0.0256,0,211.31,11.1358,-0.01456,1,0.18,6.891,2.5946,61,CRITICAL,F4,4,1,thermal_overload,0.6,1,1,,,,,32,0
2026-08-19T19:50:32.598Z,1787169032598,FAN_DT_001_F4_S06_R01_20260819T194720,1,192.025,FAULT_ACTIVE,F4,0.6,FAN_DT_001,3.0,process-model-3.0.0-build3,9961,1,LIVE,SYNCHRONISED,AUTOMATIC,HIGH_LOAD,65,1950,1950,0,145,253,0.3,0.33,24.30064,46.95,1.044,1,0.0256,0,211.31,11.1961,-0.01444,1,0.18,6.832,2.6087,61,CRITICAL,F4,4,1,thermal_overload,0.6,1,1,,,,,32,0
2026-08-19T19:50:33.640Z,1787169033640,FAN_DT_001_F4_S06_R01_20260819T194720,1,193.067,FAULT_ACTIVE,F4,0.6,FAN_DT_001,3.0,process-model-3.0.0-build3,9962,1,LIVE,SYNCHRONISED,AUTOMATIC,HIGH_LOAD,65,1950,1950,0,145,253,0.3,0.33,24.30979,46.97,1.044,1,0.0256,0,211.31,11.2571,-0.01436,1,0.18,6.795,2.6229,61,CRITICAL,F4,4,1,thermal_overload,0.6,1,1,,,,,32,0
2026-08-19T19:50:34.667Z,1787169034667,FAN_DT_001_F4_S06_R01_20260819T194720,1,194.095,FAULT_ACTIVE,F4,0.6,FAN_DT_001,3.0,process-model-3.0.0-build3,9963,1,LIVE,SYNCHRONISED,AUTOMATIC,HIGH_LOAD,65,1950,1950,0,145,253,0.3,0.33,24.31922,46.98,1.044,1,0.0256,0,211.31,11.3174,-0.01426,1,0.18,6.749,2.637,61,CRITICAL,F4,4,1,thermal_overload,0.6,1,1,,,,,32,0
2026-08-19T19:50:35.699Z,1787169035699,FAN_DT_001_F4_S06_R01_20260819T194720,1,195.126,FAULT_ACTIVE,F4,0.6,FAN_DT_001,3.0,process-model-3.0.0-build3,9964,1,LIVE,SYNCHRONISED,AUTOMATIC,HIGH_LOAD,65,1950,1950,0,145,253,0.3,0.33,24.32907,47,1.044,1,0.0256,0,211.31,11.3782,-0.01417,1,0.18,6.705,2.6511,61,CRITICAL,F4,4,1,thermal_overload,0.6,1,1,,,,,32,0
2026-08-19T19:50:36.752Z,1787169036752,FAN_DT_001_F4_S06_R01_20260819T194720,1,196.179,FAULT_ACTIVE,F4,0.6,FAN_DT_001,3.0,process-model-3.0.0-build3,9965,1,LIVE,SYNCHRONISED,AUTOMATIC,HIGH_LOAD,65,1950,1950,0,145,253,0.3,0.33,24.3392,47.01,1.044,1,0.0256,0,211.31,11.4386,-0.01412,1,0.18,6.684,2.6652,61,CRITICAL,F4,4,1,thermal_overload,0.6,1,1,,,,,32,0
2026-08-19T19:50:37.762Z,1787169037762,FAN_DT_001_F4_S06_R01_20260819T194720,1,197.19,FAULT_ACTIVE,F4,0.6,FAN_DT_001,3.0,process-model-3.0.0-build3,9966,1,LIVE,SYNCHRONISED,AUTOMATIC,HIGH_LOAD,65,1950,1950,0,145,253,0.3,0.33,24.34973,47.03,1.044,1,0.0256,0,211.31,11.4992,-0.01405,1,0.18,6.648,2.6793,61,CRITICAL,F4,4,1,thermal_overload,0.6,1,1,,,,,32,0
2026-08-19T19:50:38.796Z,1787169038796,FAN_DT_001_F4_S06_R01_20260819T194720,1,198.223,FAULT_ACTIVE,F4,0.6,FAN_DT_001,3.0,process-model-3.0.0-build3,9967,1,LIVE,SYNCHRONISED,AUTOMATIC,HIGH_LOAD,65,1950,1950,0,145,253,0.3,0.33,24.36051,47.04,1.044,1,0.0256,0,211.31,11.5594,-0.01398,1,0.18,6.615,2.6933,61,CRITICAL,F4,4,1,thermal_overload,0.6,1,1,,,,,32,0
2026-08-19T19:50:39.826Z,1787169039826,FAN_DT_001_F4_S06_R01_20260819T194720,1,199.256,FAULT_ACTIVE,F4,0.6,FAN_DT_001,3.0,process-model-3.0.0-build3,9968,1,LIVE,SYNCHRONISED,AUTOMATIC,HIGH_LOAD,65,1950,1950,0,145,253,0.3,0.33,24.37174,47.05,1.044,1,0.0256,0,211.31,11.6202,-0.01392,1,0.18,6.586,2.7075,61,CRITICAL,F4,4,1,thermal_overload,0.6,1,1,,,,,32,0
2026-08-19T19:50:40.859Z,1787169040859,FAN_DT_001_F4_S06_R01_20260819T194720,1,200.287,FAULT_ACTIVE,F4,0.6,FAN_DT_001,3.0,process-model-3.0.0-build3,9969,1,LIVE,SYNCHRONISED,AUTOMATIC,HIGH_LOAD,65,1950,1950,0,145,253,0.3,0.33,24.38321,47.07,1.044,1,0.0256,0,211.31,11.6805,-0.01387,1,0.18,6.565,2.7216,61,CRITICAL,F4,4,1,thermal_overload,0.6,1,1,,,,,32,0
2026-08-19T19:50:41.888Z,1787169041888,FAN_DT_001_F4_S06_R01_20260819T194720,1,201.316,FAULT_ACTIVE,F4,0.6,FAN_DT_001,3.0,process-model-3.0.0-build3,9970,1,LIVE,SYNCHRONISED,AUTOMATIC,HIGH_LOAD,65,1950,1950,0,145,253,0.3,0.33,24.39507,47.08,1.044,1,0.0256,0,211.31,11.7412,-0.01384,1,0.18,6.548,2.7357,61,CRITICAL,F4,4,1,thermal_overload,0.6,1,1,,,,,32,0
2026-08-19T19:50:42.933Z,1787169042933,FAN_DT_001_F4_S06_R01_20260819T194720,1,202.362,FAULT_ACTIVE,F4,0.6,FAN_DT_001,3.0,process-model-3.0.0-build3,9971,1,LIVE,SYNCHRONISED,AUTOMATIC,HIGH_LOAD,65,1950,1950,0,145,253,0.3,0.33,24.40722,47.1,1.044,1,0.0256,0,211.31,11.8016,-0.01381,1,0.18,6.537,2.7498,61,CRITICAL,F4,4,1,thermal_overload,0.6,1,1,,,,,32,0
2026-08-19T19:50:43.957Z,1787169043957,FAN_DT_001_F4_S06_R01_20260819T194720,1,203.385,FAULT_ACTIVE,F4,0.6,FAN_DT_001,3.0,process-model-3.0.0-build3,9972,1,LIVE,SYNCHRONISED,AUTOMATIC,HIGH_LOAD,65,1950,1950,0,145,253,0.3,0.33,24.41972,47.11,1.044,1,0.0256,0,211.31,11.8623,-0.01376,1,0.18,6.513,2.7639,61,CRITICAL,F4,4,1,thermal_overload,0.6,1,1,,,,,32,0
2026-08-19T19:50:44.995Z,1787169044995,FAN_DT_001_F4_S06_R01_20260819T194720,1,204.423,FAULT_ACTIVE,F4,0.6,FAN_DT_001,3.0,process-model-3.0.0-build3,9973,1,LIVE,SYNCHRONISED,AUTOMATIC,HIGH_LOAD,65,1950,1950,0,145,253,0.3,0.33,24.43247,47.13,1.044,1,0.0256,0,211.31,11.9228,-0.01376,1,0.18,6.51,2.778,61,CRITICAL,F4,4,1,thermal_overload,0.6,1,1,,,,,32,0
2026-08-19T19:50:46.026Z,1787169046026,FAN_DT_001_F4_S06_R01_20260819T194720,1,205.454,FAULT_ACTIVE,F4,0.6,FAN_DT_001,3.0,process-model-3.0.0-build3,9974,1,LIVE,SYNCHRONISED,AUTOMATIC,HIGH_LOAD,65,1950,1950,0,145,253,0.3,0.33,24.44555,47.14,1.044,1,0.0256,0,211.31,11.9833,-0.01375,1,0.18,6.505,2.7921,61,CRITICAL,F4,4,1,thermal_overload,0.6,1,1,,,,,32,0
2026-08-19T19:50:47.065Z,1787169047065,FAN_DT_001_F4_S06_R01_20260819T194720,1,206.598,FAULT_ACTIVE,F4,0.6,FAN_DT_001,3.0,process-model-3.0.0-build3,9975,1,LIVE,SYNCHRONISED,AUTOMATIC,HIGH_LOAD,65,1950,1950,0,145,253,0.3,0.33,24.45893,47.15,1.044,1,0.0256,0,211.31,12.0439,-0.01373,1,0.18,6.499,2.8062,61,CRITICAL,F4,4,1,thermal_overload,0.6,1,1,,,,,32,0
2026-08-19T19:50:48.094Z,1787169048094,FAN_DT_001_F4_S06_R01_20260819T194720,1,207.524,FAULT_ACTIVE,F4,0.6,FAN_DT_001,3.0,process-model-3.0.0-build3,9976,1,LIVE,SYNCHRONISED,AUTOMATIC,HIGH_LOAD,65,1950,1950,0,145,253,0.3,0.33,24.47257,47.17,1.044,1,0.0256,0,211.31,12.1044,-0.01373,1,0.18,6.496,2.8203,61,CRITICAL,F4,4,1,thermal_overload,0.6,1,1,,,,,32,0
2026-08-19T19:50:49.122Z,1787169049122,FAN_DT_001_F4_S06_R01_20260819T194720,1,208.55,FAULT_ACTIVE,F4,0.6,FAN_DT_001,3.0,process-model-3.0.0-build3,9977,1,LIVE,SYNCHRONISED,AUTOMATIC,HIGH_LOAD,65,1950,1950,0,145,253,0.3,0.33,24.48652,47.18,1.044,1,0.0256,0,211.31,12.1651,-0.01372,1,0.18,6.493,2.8345,61,CRITICAL,F4,4,1,thermal_overload,0.6,1,1,,,,,32,0
2026-08-19T19:50:50.158Z,1787169050158,FAN_DT_001_F4_S06_R01_20260819T194720,1,209.587,FAULT_ACTIVE,F4,0.6,FAN_DT_001,3.0,process-model-3.0.0-build3,9978,1,LIVE,SYNCHRONISED,AUTOMATIC,HIGH_LOAD,65,1950,1950,0,145,253,0.3,0.33,24.50067,47.2,1.044,1,0.0256,0,211.31,12.2255,-0.0137,1,0.18,6.485,2.8485,61,CRITICAL,F4,4,1,thermal_overload,0.6,1,1,,,,,32,0
2026-08-19T19:50:51.191Z,1787169051191,FAN_DT_001_F4_S06_R01_20260819T194720,1,210.619,FAULT_ACTIVE,F4,0.6,FAN_DT_001,3.0,process-model-3.0.0-build3,9979,1,LIVE,SYNCHRONISED,AUTOMATIC,HIGH_LOAD,65,1950,1950,0,145,253,0.3,0.33,24.51517,47.21,1.044,1,0.0256,0,211.31,12.2862,-0.01371,1,0.18,6.491,2.8627,61,CRITICAL,F4,4,1,thermal_overload,0.6,1,1,,,,,32,0
2026-08-19T19:50:52.228Z,1787169052228,FAN_DT_001_F4_S06_R01_20260819T194720,1,211.656,FAULT_ACTIVE,F4,0.6,FAN_DT_001,3.0,process-model-3.0.0-build3,9980,1,LIVE,SYNCHRONISED,AUTOMATIC,HIGH_LOAD,65,1950,1950,0,145,253,0.3,0.33,24.52986,47.23,1.044,1,0.0256,0,211.31,12.3466,-0.01371,1,0.18,6.488,2.8768,61,CRITICAL,F4,4,1,thermal_overload,0.6,1,1,,,,,32,0
2026-08-19T19:50:53.254Z,1787169053254,FAN_DT_001_F4_S06_R01_20260819T194720,1,212.683,FAULT_ACTIVE,F4,0.6,FAN_DT_001,3.0,process-model-3.0.0-build3,9981,1,LIVE,SYNCHRONISED,AUTOMATIC,HIGH_LOAD,65,1950,1950,0,145,253,0.3,0.33,24.54495,47.24,1.044,1,0.0256,0,211.31,12.4077,-0.01374,1,0.18,6.502,2.891,61,CRITICAL,F4,4,1,thermal_overload,0.6,1,1,,,,,32,0
2026-08-19T19:50:54.298Z,1787169054298,FAN_DT_001_F4_S06_R01_20260819T194720,1,213.726,FAULT_ACTIVE,F4,0.6,FAN_DT_001,3.0,process-model-3.0.0-build3,9982,1,LIVE,SYNCHRONISED,AUTOMATIC,HIGH_LOAD,65,1950,1950,0,145,253,0.3,0.33,24.56002,47.25,1.044,1,0.0256,0,211.31,12.4678,-0.01376,1,0.18,6.51,2.905,61,CRITICAL,F4,4,1,thermal_overload,0.6,1,1,,,,,32,0
2026-08-19T19:50:55.324Z,1787169055324,FAN_DT_001_F4_S06_R01_20260819T194720,1,214.752,FAULT_ACTIVE,F4,0.6,FAN_DT_001,3.0,process-model-3.0.0-build3,9983,1,LIVE,SYNCHRONISED,AUTOMATIC,HIGH_LOAD,65,1950,1950,0,145,253,0.3,0.33,24.57547,47.27,1.044,1,0.0256,0,211.31,12.5283,-0.01378,1,0.18,6.519,2.9191,61,CRITICAL,F4,4,1,thermal_overload,0.6,1,1,,,,,32,0
2026-08-19T19:50:56.372Z,1787169056372,FAN_DT_001_F4_S06_R01_20260819T194720,1,215.831,FAULT_ACTIVE,F4,0.6,FAN_DT_001,3.0,process-model-3.0.0-build3,9984,1,LIVE,SYNCHRONISED,AUTOMATIC,HIGH_LOAD,65,1950,1950,0,145,253,0.3,0.33,24.59116,47.28,1.044,1,0.0256,0,211.31,12.589,-0.0138,1,0.18,6.53,2.9332,61,CRITICAL,F4,4,1,thermal_overload,0.6,1,1,,,,,32,0
2026-08-19T19:50:57.404Z,1787169057404,FAN_DT_001_F4_S06_R01_20260819T194720,1,216.837,FAULT_ACTIVE,F4,0.6,FAN_DT_001,3.0,process-model-3.0.0-build3,9985,1,LIVE,SYNCHRONISED,AUTOMATIC,HIGH_LOAD,65,1950,1950,0,145,253,0.3,0.33,24.60697,47.3,1.044,1,0.0256,0,211.31,12.6494,-0.01383,1,0.18,6.546,2.9473,61,CRITICAL,F4,4,1,thermal_overload,0.6,1,1,,,,,32,0
2026-08-19T19:50:58.426Z,1787169058426,FAN_DT_001_F4_S06_R01_20260819T194720,1,217.854,FAULT_ACTIVE,F4,0.6,FAN_DT_001,3.0,process-model-3.0.0-build3,9986,1,LIVE,SYNCHRONISED,AUTOMATIC,HIGH_LOAD,65,1950,1950,0,145,253,0.3,0.33,24.6231,47.31,1.044,1,0.0256,0,211.31,12.7101,-0.01387,1,0.18,6.562,2.9615,61,CRITICAL,F4,4,1,thermal_overload,0.6,1,1,,,,,32,0
2026-08-19T19:50:59.455Z,1787169059455,FAN_DT_001_F4_S06_R01_20260819T194720,1,218.883,FAULT_ACTIVE,F4,0.6,FAN_DT_001,3.0,process-model-3.0.0-build3,9987,1,LIVE,SYNCHRONISED,AUTOMATIC,HIGH_LOAD,65,1950,1950,0,145,253,0.3,0.33,24.63938,47.32,1.044,1,0.0256,0,211.31,12.7707,-0.01389,1,0.18,6.573,2.9756,61,CRITICAL,F4,4,1,thermal_overload,0.6,1,1,,,,,32,0
2026-08-19T19:51:00.496Z,1787169060496,FAN_DT_001_F4_S06_R01_20260819T194720,1,219.924,FAULT_ACTIVE,F4,0.6,FAN_DT_001,3.0,process-model-3.0.0-build3,9988,1,LIVE,SYNCHRONISED,AUTOMATIC,HIGH_LOAD,65,1950,1950,0,145,253,0.3,0.33,24.65582,47.34,1.044,1,0.0256,0,211.31,12.8311,-0.01392,1,0.18,6.587,2.9897,61,CRITICAL,F4,4,1,thermal_overload,0.6,1,1,,,,,32,0
2026-08-19T19:51:01.528Z,1787169061528,FAN_DT_001_F4_S06_R01_20260819T194720,1,221.014,FAULT_ACTIVE,F4,0.6,FAN_DT_001,3.0,process-model-3.0.0-build3,9989,1,LIVE,SYNCHRONISED,AUTOMATIC,HIGH_LOAD,65,1950,1950,0,145,253,0.3,0.33,24.67253,47.35,1.044,1,0.0256,0,211.31,12.8919,-0.01396,1,0.18,6.605,3.0038,61,CRITICAL,F4,4,1,thermal_overload,0.6,1,1,,,,,32,0
2026-08-19T19:51:02.560Z,1787169062560,FAN_DT_001_F4_S06_R01_20260819T194720,1,221.996,FAULT_ACTIVE,F4,0.6,FAN_DT_001,3.0,process-model-3.0.0-build3,9990,1,LIVE,SYNCHRONISED,AUTOMATIC,HIGH_LOAD,65,1950,1950,0,145,253,0.3,0.33,24.68927,47.37,1.044,1,0.0256,0,211.31,12.9522,-0.01399,1,0.18,6.619,3.0179,61,CRITICAL,F4,4,1,thermal_overload,0.6,1,1,,,,,32,0
2026-08-19T19:51:03.595Z,1787169063595,FAN_DT_001_F4_S06_R01_20260819T194720,1,223.027,FAULT_ACTIVE,F4,0.6,FAN_DT_001,3.0,process-model-3.0.0-build3,9991,1,LIVE,SYNCHRONISED,AUTOMATIC,HIGH_LOAD,65,1950,1950,0,145,253,0.3,0.33,24.70629,47.38,1.044,1,0.0256,0,211.31,13.0129,-0.01405,1,0.18,6.648,3.032,61,CRITICAL,F4,4,1,thermal_overload,0.6,1,1,,,,,32,0
2026-08-19T19:51:04.622Z,1787169064622,FAN_DT_001_F4_S06_R01_20260819T194720,1,224.051,FAULT_ACTIVE,F4,0.6,FAN_DT_001,3.0,process-model-3.0.0-build3,9992,1,LIVE,SYNCHRONISED,AUTOMATIC,HIGH_LOAD,65,1950,1950,0,145,253,0.3,0.33,24.72343,47.4,1.044,1,0.0256,0,211.31,13.0735,-0.01407,1,0.18,6.66,3.0461,61,CRITICAL,F4,4,1,thermal_overload,0.6,1,1,,,,,32,0
2026-08-19T19:51:05.659Z,1787169065659,FAN_DT_001_F4_S06_R01_20260819T194720,1,225.089,FAULT_ACTIVE,F4,0.6,FAN_DT_001,3.0,process-model-3.0.0-build3,9993,1,LIVE,SYNCHRONISED,AUTOMATIC,HIGH_LOAD,65,1950,1950,0,145,253,0.3,0.33,24.74065,47.41,1.044,1,0.0256,0,211.31,13.1338,-0.01412,1,0.18,6.681,3.0602,61,CRITICAL,F4,4,1,thermal_overload,0.6,1,1,,,,,32,0
2026-08-19T19:51:06.688Z,1787169066688,FAN_DT_001_F4_S06_R01_20260819T194720,1,226.203,FAULT_ACTIVE,F4,0.6,FAN_DT_001,3.0,process-model-3.0.0-build3,9994,1,LIVE,SYNCHRONISED,AUTOMATIC,HIGH_LOAD,65,1950,1950,0,145,253,0.3,0.33,24.75809,47.43,1.044,1,0.0256,0,211.31,13.1945,-0.01418,1,0.18,6.709,3.0743,61,CRITICAL,F4,4,1,thermal_overload,0.6,1,1,,,,,32,0
2026-08-19T19:51:07.722Z,1787169067722,FAN_DT_001_F4_S06_R01_20260819T194720,1,227.157,FAULT_ACTIVE,F4,0.6,FAN_DT_001,3.0,process-model-3.0.0-build3,9995,1,LIVE,SYNCHRONISED,AUTOMATIC,HIGH_LOAD,65,1950,1950,0,145,253,0.3,0.33,24.77558,47.44,1.044,1,0.0256,0,211.31,13.2548,-0.01423,1,0.18,6.735,3.0884,61,CRITICAL,F4,4,1,thermal_overload,0.6,1,1,,,,,32,0
2026-08-19T19:51:08.747Z,1787169068747,FAN_DT_001_F4_S06_R01_20260819T194720,1,228.176,FAULT_ACTIVE,F4,0.6,FAN_DT_001,3.0,process-model-3.0.0-build3,9996,1,LIVE,SYNCHRONISED,AUTOMATIC,HIGH_LOAD,65,1950,1950,0,145,253,0.3,0.33,24.79321,47.46,1.044,1,0.0256,0,211.31,13.3153,-0.01425,1,0.18,6.745,3.1025,61,CRITICAL,F4,4,1,thermal_overload,0.6,1,1,,,,,32,0
2026-08-19T19:51:09.784Z,1787169069784,FAN_DT_001_F4_S06_R01_20260819T194720,1,229.226,FAULT_ACTIVE,F4,0.6,FAN_DT_001,3.0,process-model-3.0.0-build3,9997,1,LIVE,SYNCHRONISED,AUTOMATIC,HIGH_LOAD,65,1950,1950,0,145,253,0.3,0.33,24.81093,47.47,1.044,1,0.0256,0,211.31,13.3757,-0.01431,1,0.18,6.77,3.1165,61,CRITICAL,F4,4,1,thermal_overload,0.6,1,1,,,,,32,0
2026-08-19T19:51:10.819Z,1787169070819,FAN_DT_001_F4_S06_R01_20260819T194720,1,230.258,FAULT_ACTIVE,F4,0.6,FAN_DT_001,3.0,process-model-3.0.0-build3,9998,1,LIVE,SYNCHRONISED,AUTOMATIC,HIGH_LOAD,65,1950,1950,0,145,253,0.3,0.33,24.82884,47.49,1.044,1,0.0256,0,211.31,13.4364,-0.01438,1,0.18,6.806,3.1307,61,CRITICAL,F4,4,1,thermal_overload,0.6,1,1,,,,,32,0
2026-08-19T19:51:11.847Z,1787169071847,FAN_DT_001_F4_S06_R01_20260819T194720,1,231.276,FAULT_ACTIVE,F4,0.6,FAN_DT_001,3.0,process-model-3.0.0-build3,9999,1,LIVE,SYNCHRONISED,AUTOMATIC,HIGH_LOAD,65,1950,1950,0,145,253,0.3,0.33,24.84679,47.5,1.044,1,0.0256,0,211.31,13.4969,-0.01441,1,0.18,6.821,3.1448,61,CRITICAL,F4,4,1,thermal_overload,0.6,1,1,,,,,32,0
2026-08-19T19:51:12.902Z,1787169072902,FAN_DT_001_F4_S06_R01_20260819T194720,1,232.331,FAULT_ACTIVE,F4,0.6,FAN_DT_001,3.0,process-model-3.0.0-build3,10000,1,LIVE,SYNCHRONISED,AUTOMATIC,HIGH_LOAD,65,1950,1950,0,145,253,0.3,0.33,24.86479,47.51,1.044,1,0.0256,0,211.31,13.5573,-0.01447,1,0.18,6.846,3.1588,61,CRITICAL,F4,4,1,thermal_overload,0.6,1,1,,,,,32,0
2026-08-19T19:51:13.917Z,1787169073917,FAN_DT_001_F4_S06_R01_20260819T194720,1,233.365,FAULT_ACTIVE,F4,0.6,FAN_DT_001,3.0,process-model-3.0.0-build3,10001,1,LIVE,SYNCHRONISED,AUTOMATIC,HIGH_LOAD,65,1950,1950,0,145,253,0.3,0.33,24.88297,47.53,1.044,1,0.0256,0,211.31,13.618,-0.01453,1,0.18,6.877,3.173,61,CRITICAL,F4,4,1,thermal_overload,0.6,1,1,,,,,32,0
2026-08-19T19:51:14.951Z,1787169074951,FAN_DT_001_F4_S06_R01_20260819T194720,1,234.381,FAULT_ACTIVE,F4,0.6,FAN_DT_001,3.0,process-model-3.0.0-build3,10002,1,LIVE,SYNCHRONISED,AUTOMATIC,HIGH_LOAD,65,1950,1950,0,145,253,0.3,0.33,24.90112,47.55,1.044,1,0.0256,0,211.31,13.6786,-0.01456,1,0.18,6.89,3.1871,61,CRITICAL,F4,4,1,thermal_overload,0.6,1,1,,,,,32,0
2026-08-19T19:51:16.006Z,1787169076006,FAN_DT_001_F4_S06_R01_20260819T194720,1,235.936,FAULT_ACTIVE,F4,0.6,FAN_DT_001,3.0,process-model-3.0.0-build3,10003,1,LIVE,SYNCHRONISED,AUTOMATIC,HIGH_LOAD,65,1950,1950,0,145,253,0.3,0.33,24.91936,47.56,1.044,1,0.0256,0,211.31,13.7392,-0.01462,1,0.18,6.92,3.2012,61,CRITICAL,F4,4,1,thermal_overload,0.6,1,1,,,,,32,0
2026-08-19T19:51:17.205Z,1787169077205,FAN_DT_001_F4_S06_R01_20260819T194720,1,236.638,FAULT_ACTIVE,F4,0.6,FAN_DT_001,3.0,process-model-3.0.0-build3,10004,1,LIVE,SYNCHRONISED,AUTOMATIC,HIGH_LOAD,65,1950,1950,0,145,253,0.3,0.33,24.93769,47.58,1.044,1,0.0256,0,211.31,13.7999,-0.01467,1,0.18,6.943,3.2154,61,CRITICAL,F4,4,1,thermal_overload,0.6,1,1,,,,,32,0
2026-08-19T19:51:18.054Z,1787169078054,FAN_DT_001_F4_S06_R01_20260819T194720,1,237.483,FAULT_ACTIVE,F4,0.6,FAN_DT_001,3.0,process-model-3.0.0-build3,10005,1,LIVE,SYNCHRONISED,AUTOMATIC,HIGH_LOAD,65,1950,1950,0,145,253,0.3,0.33,24.95595,47.59,1.044,1,0.0256,0,211.31,13.8603,-0.01472,1,0.18,6.967,3.2295,61,CRITICAL,F4,4,1,thermal_overload,0.6,1,1,,,,,32,0
2026-08-19T19:51:19.084Z,1787169079084,FAN_DT_001_F4_S06_R01_20260819T194720,1,238.512,FAULT_ACTIVE,F4,0.6,FAN_DT_001,3.0,process-model-3.0.0-build3,10006,1,LIVE,SYNCHRONISED,AUTOMATIC,HIGH_LOAD,65,1950,1950,0,145,253,0.3,0.33,24.97431,47.61,1.044,1,0.0256,0,211.31,13.9211,-0.01477,1,0.18,6.992,3.2436,61,CRITICAL,F4,4,1,thermal_overload,0.6,1,1,,,,,32,0
2026-08-19T19:51:20.122Z,1787169080122,FAN_DT_001_F4_S06_R01_20260819T194720,1,239.551,FAULT_ACTIVE,F4,0.6,FAN_DT_001,3.0,process-model-3.0.0-build3,10007,1,LIVE,SYNCHRONISED,AUTOMATIC,HIGH_LOAD,65,1950,1950,0,145,253,0.3,0.33,24.99263,47.62,1.044,1,0.0256,0,211.31,13.9815,-0.01482,1,0.18,7.016,3.2577,61,CRITICAL,F4,4,1,thermal_overload,0.6,1,1,,,,,32,0
2026-08-19T19:51:21.154Z,1787169081154,FAN_DT_001_F4_S06_R01_20260819T194720,1,240.612,FAULT_ACTIVE,F4,0.6,FAN_DT_001,3.0,process-model-3.0.0-build3,10008,1,LIVE,SYNCHRONISED,AUTOMATIC,HIGH_LOAD,65,1950,1950,0,145,253,0.3,0.33,25.01101,47.64,1.044,1,0.0256,0,211.31,14.0422,-0.01486,1,0.18,7.035,3.2718,61,CRITICAL,F4,4,1,thermal_overload,0.6,1,1,,,,,32,0
2026-08-19T19:51:22.194Z,1787169082194,FAN_DT_001_F4_S06_R01_20260819T194720,1,241.622,FAULT_ACTIVE,F4,0.6,FAN_DT_001,3.0,process-model-3.0.0-build3,10009,1,LIVE,SYNCHRONISED,AUTOMATIC,HIGH_LOAD,65,1950,1950,0,145,253,0.3,0.33,25.02934,47.65,1.044,1,0.0256,0,211.31,14.1027,-0.01494,1,0.18,7.069,3.2859,61,CRITICAL,F4,4,1,thermal_overload,0.6,1,1,,,,,32,0
2026-08-19T19:51:23.264Z,1787169083264,FAN_DT_001_F4_S06_R01_20260819T194720,1,242.692,FAULT_ACTIVE,F4,0.6,FAN_DT_001,3.0,process-model-3.0.0-build3,10010,1,LIVE,SYNCHRONISED,AUTOMATIC,HIGH_LOAD,65,1950,1950,0,145,253,0.3,0.33,25.04762,47.67,1.044,1,0.0256,0,211.31,14.1632,-0.01499,1,0.18,7.093,3.3,61,CRITICAL,F4,4,1,thermal_overload,0.6,1,1,,,,,32,0
2026-08-19T19:51:24.272Z,1787169084272,FAN_DT_001_F4_S06_R01_20260819T194720,1,243.7,FAULT_ACTIVE,F4,0.6,FAN_DT_001,3.0,process-model-3.0.0-build3,10011,1,LIVE,SYNCHRONISED,AUTOMATIC,HIGH_LOAD,65,1950,1950,0,145,253,0.3,0.33,25.066,47.68,1.044,1,0.0256,0,211.31,14.2241,-0.01502,1,0.18,7.107,3.3142,61,CRITICAL,F4,4,1,thermal_overload,0.6,1,1,,,,,32,0
2026-08-19T19:51:25.292Z,1787169085292,FAN_DT_001_F4_S06_R01_20260819T194720,1,244.72,FAULT_ACTIVE,F4,0.6,FAN_DT_001,3.0,process-model-3.0.0-build3,10012,1,LIVE,SYNCHRONISED,AUTOMATIC,HIGH_LOAD,65,1950,1950,0,145,253,0.3,0.33,25.08428,47.7,1.044,1,0.0256,0,211.31,14.2846,-0.01506,1,0.18,7.125,3.3283,61,CRITICAL,F4,4,1,thermal_overload,0.6,1,1,,,,,32,0
2026-08-19T19:51:26.328Z,1787169086328,FAN_DT_001_F4_S06_R01_20260819T194720,1,245.757,FAULT_ACTIVE,F4,0.6,FAN_DT_001,3.0,process-model-3.0.0-build3,10013,1,LIVE,SYNCHRONISED,AUTOMATIC,HIGH_LOAD,65,1950,1950,0,145,253,0.3,0.33,25.1025,47.71,1.044,1,0.0256,0,211.31,14.3452,-0.01511,1,0.18,7.15,3.3424,61,CRITICAL,F4,4,1,thermal_overload,0.6,1,1,,,,,32,0
2026-08-19T19:51:27.361Z,1787169087361,FAN_DT_001_F4_S06_R01_20260819T194720,1,246.789,FAULT_ACTIVE,F4,0.6,FAN_DT_001,3.0,process-model-3.0.0-build3,10014,1,LIVE,SYNCHRONISED,AUTOMATIC,HIGH_LOAD,65,1950,1950,0,145,253,0.3,0.33,25.12075,47.73,1.044,1,0.0256,0,211.31,14.4061,-0.01514,1,0.18,7.165,3.3566,61,CRITICAL,F4,4,1,thermal_overload,0.6,1,1,,,,,32,0
2026-08-19T19:51:28.398Z,1787169088398,FAN_DT_001_F4_S06_R01_20260819T194720,1,247.828,FAULT_ACTIVE,F4,0.6,FAN_DT_001,3.0,process-model-3.0.0-build3,10015,1,LIVE,SYNCHRONISED,AUTOMATIC,HIGH_LOAD,65,1950,1950,0,145,253,0.3,0.33,25.13881,47.75,1.044,1,0.0256,0,211.31,14.4665,-0.0152,1,0.18,7.194,3.3707,61,CRITICAL,F4,4,1,thermal_overload,0.6,1,1,,,,,32,0
2026-08-19T19:51:29.428Z,1787169089428,FAN_DT_001_F4_S06_R01_20260819T194720,1,248.856,FAULT_ACTIVE,F4,0.6,FAN_DT_001,3.0,process-model-3.0.0-build3,10016,1,LIVE,SYNCHRONISED,AUTOMATIC,HIGH_LOAD,65,1950,1950,0,145,253,0.3,0.33,25.1569,47.76,1.044,1,0.0256,0,211.31,14.5273,-0.01523,1,0.18,7.207,3.3849,61,CRITICAL,F4,4,1,thermal_overload,0.6,1,1,,,,,32,0
2026-08-19T19:51:30.464Z,1787169090464,FAN_DT_001_F4_S06_R01_20260819T194720,1,249.892,FAULT_ACTIVE,F4,0.6,FAN_DT_001,3.0,process-model-3.0.0-build3,10017,1,LIVE,SYNCHRONISED,AUTOMATIC,HIGH_LOAD,65,1950,1950,0,145,253,0.3,0.33,25.1748,47.78,1.044,1,0.0256,0,211.31,14.5877,-0.01526,1,0.18,7.221,3.3989,61,CRITICAL,F4,4,1,thermal_overload,0.6,1,1,,,,,32,0
2026-08-19T19:51:31.499Z,1787169091499,FAN_DT_001_F4_S06_R01_20260819T194720,1,250.926,FAULT_ACTIVE,F4,0.6,FAN_DT_001,3.0,process-model-3.0.0-build3,10018,1,LIVE,SYNCHRONISED,AUTOMATIC,HIGH_LOAD,65,1950,1950,0,145,253,0.3,0.33,25.19273,47.79,1.044,1,0.0256,0,211.31,14.6485,-0.01529,1,0.18,7.235,3.4131,61,CRITICAL,F4,4,1,thermal_overload,0.6,1,1,,,,,32,0
2026-08-19T19:51:32.536Z,1787169092536,FAN_DT_001_F4_S06_R01_20260819T194720,1,251.964,FAULT_ACTIVE,F4,0.6,FAN_DT_001,3.0,process-model-3.0.0-build3,10019,1,LIVE,SYNCHRONISED,AUTOMATIC,HIGH_LOAD,65,1950,1950,0,145,253,0.3,0.33,25.21045,47.81,1.044,1,0.0256,0,211.31,14.7089,-0.01534,1,0.18,7.262,3.4272,61,CRITICAL,F4,4,1,thermal_overload,0.6,1,1,,,,,32,0
2026-08-19T19:51:33.566Z,1787169093566,FAN_DT_001_F4_S06_R01_20260819T194720,1,252.993,FAULT_ACTIVE,F4,0.6,FAN_DT_001,3.0,process-model-3.0.0-build3,10020,1,LIVE,SYNCHRONISED,AUTOMATIC,HIGH_LOAD,65,1950,1950,0,145,253,0.3,0.33,25.22815,47.82,1.044,1,0.0256,0,211.31,14.7698,-0.01535,1,0.18,7.264,3.4414,61,CRITICAL,F4,4,1,thermal_overload,0.6,1,1,,,,,32,0
2026-08-19T19:51:34.602Z,1787169094602,FAN_DT_001_F4_S06_R01_20260819T194720,1,254.029,FAULT_ACTIVE,F4,0.6,FAN_DT_001,3.0,process-model-3.0.0-build3,10021,1,LIVE,SYNCHRONISED,AUTOMATIC,HIGH_LOAD,65,1950,1950,0,145,253,0.3,0.33,25.24566,47.84,1.044,1,0.0256,0,211.31,14.8303,-0.0154,1,0.18,7.289,3.4555,61,CRITICAL,F4,4,1,thermal_overload,0.6,1,1,,,,,32,0
2026-08-19T19:51:35.635Z,1787169095635,FAN_DT_001_F4_S06_R01_20260819T194720,1,255.062,FAULT_ACTIVE,F4,0.6,FAN_DT_001,3.0,process-model-3.0.0-build3,10022,1,LIVE,SYNCHRONISED,AUTOMATIC,HIGH_LOAD,65,1950,1950,0,145,253,0.3,0.33,25.26306,47.86,1.044,1,0.0256,0,211.31,14.8908,-0.01541,1,0.18,7.293,3.4696,61,CRITICAL,F4,4,1,thermal_overload,0.6,1,1,,,,,32,0
2026-08-19T19:51:36.675Z,1787169096675,FAN_DT_001_F4_S06_R01_20260819T194720,1,256.103,FAULT_ACTIVE,F4,0.6,FAN_DT_001,3.0,process-model-3.0.0-build3,10023,1,LIVE,SYNCHRONISED,AUTOMATIC,HIGH_LOAD,65,1950,1950,0,145,253,0.3,0.33,25.28038,47.87,1.044,1,0.0256,0,211.31,14.9517,-0.01543,1,0.18,7.303,3.4837,61,CRITICAL,F4,4,1,thermal_overload,0.6,1,1,,,,,32,0
2026-08-19T19:51:37.712Z,1787169097712,FAN_DT_001_F4_S06_R01_20260819T194720,1,257.139,FAULT_ACTIVE,F4,0.6,FAN_DT_001,3.0,process-model-3.0.0-build3,10024,1,LIVE,SYNCHRONISED,AUTOMATIC,HIGH_LOAD,65,1950,1950,0,145,253,0.3,0.33,25.29746,47.89,1.044,1,0.0256,0,211.31,15.0121,-0.01547,1,0.18,7.321,3.4978,61,CRITICAL,F4,4,1,thermal_overload,0.6,1,1,,,,,32,0
2026-08-19T19:51:38.735Z,1787169098735,FAN_DT_001_F4_S06_R01_20260819T194720,1,258.163,FAULT_ACTIVE,F4,0.6,FAN_DT_001,3.0,process-model-3.0.0-build3,10025,1,LIVE,SYNCHRONISED,AUTOMATIC,HIGH_LOAD,65,1950,1950,0,145,253,0.3,0.33,25.31457,47.9,1.044,1,0.0256,0,211.31,15.0732,-0.01548,1,0.18,7.327,3.5121,61,CRITICAL,F4,4,1,thermal_overload,0.6,1,1,,,,,32,0
2026-08-19T19:51:39.772Z,1787169099772,FAN_DT_001_F4_S06_R01_20260819T194720,1,259.199,FAULT_ACTIVE,F4,0.6,FAN_DT_001,3.0,process-model-3.0.0-build3,10026,1,LIVE,SYNCHRONISED,AUTOMATIC,HIGH_LOAD,65,1950,1950,0,145,253,0.3,0.33,25.33113,47.92,1.044,1,0.0256,0,211.31,15.133,-0.01547,1,0.18,7.321,3.526,61,CRITICAL,F4,4,1,thermal_overload,0.6,1,1,,,,,32,0
2026-08-19T19:51:40.801Z,1787169100801,FAN_DT_001_F4_S06_R01_20260819T194720,1,260.228,FAULT_ACTIVE,F4,0.6,FAN_DT_001,3.0,process-model-3.0.0-build3,10027,1,LIVE,SYNCHRONISED,AUTOMATIC,HIGH_LOAD,65,1950,1950,0,145,253,0.3,0.33,25.34781,47.94,1.044,1,0.0256,0,211.31,15.1938,-0.0155,1,0.18,7.335,3.5402,61,CRITICAL,F4,4,1,thermal_overload,0.6,1,1,,,,,32,0
2026-08-19T19:51:41.853Z,1787169101853,FAN_DT_001_F4_S06_R01_20260819T194720,1,261.281,FAULT_ACTIVE,F4,0.6,FAN_DT_001,3.0,process-model-3.0.0-build3,10028,1,LIVE,SYNCHRONISED,AUTOMATIC,HIGH_LOAD,65,1950,1950,0,145,253,0.3,0.33,25.36419,47.95,1.044,1,0.0256,0,211.31,15.2542,-0.01549,1,0.18,7.331,3.5542,61,CRITICAL,F4,4,1,thermal_overload,0.6,1,1,,,,,32,0
2026-08-19T19:51:42.873Z,1787169102873,FAN_DT_001_F4_S06_R01_20260819T194720,1,262.302,FAULT_ACTIVE,F4,0.6,FAN_DT_001,3.0,process-model-3.0.0-build3,10029,1,LIVE,SYNCHRONISED,AUTOMATIC,HIGH_LOAD,65,1950,1950,0,145,253,0.3,0.33,25.38046,47.97,1.044,1,0.0256,0,211.31,15.315,-0.0155,1,0.18,7.335,3.5684,61,CRITICAL,F4,4,1,thermal_overload,0.6,1,1,,,,,32,0
2026-08-19T19:51:43.925Z,1787169103925,FAN_DT_001_F4_S06_R01_20260819T194720,1,263.352,FAULT_ACTIVE,F4,0.6,FAN_DT_001,3.0,process-model-3.0.0-build3,10030,1,LIVE,SYNCHRONISED,AUTOMATIC,HIGH_LOAD,65,1950,1950,0,145,253,0.3,0.33,25.39646,47.98,1.044,1,0.0256,0,211.31,15.3754,-0.01552,1,0.18,7.344,3.5825,61,CRITICAL,F4,4,1,thermal_overload,0.6,1,1,,,,,32,0
2026-08-19T19:51:44.939Z,1787169104939,FAN_DT_001_F4_S06_R01_20260819T194720,1,264.366,FAULT_ACTIVE,F4,0.6,FAN_DT_001,3.0,process-model-3.0.0-build3,10031,1,LIVE,SYNCHRONISED,AUTOMATIC,HIGH_LOAD,65,1950,1950,0,145,253,0.3,0.33,25.41236,48,1.044,1,0.0256,0,211.31,15.4362,-0.0155,1,0.18,7.336,3.5966,61,CRITICAL,F4,4,1,thermal_overload,0.6,1,1,,,,,32,0
2026-08-19T19:51:45.973Z,1787169105973,FAN_DT_001_F4_S06_R01_20260819T194720,1,265.401,FAULT_ACTIVE,F4,0.6,FAN_DT_001,3.0,process-model-3.0.0-build3,10032,1,LIVE,SYNCHRONISED,AUTOMATIC,HIGH_LOAD,65,1950,1950,0,145,253,0.3,0.33,25.42796,48.02,1.044,1,0.0256,0,211.31,15.4967,-0.01549,1,0.18,7.331,3.6107,61,CRITICAL,F4,4,1,thermal_overload,0.6,1,1,,,,,32,0
2026-08-19T19:51:47.003Z,1787169107003,FAN_DT_001_F4_S06_R01_20260819T194720,1,266.43,FAULT_ACTIVE,F4,0.6,FAN_DT_001,3.0,process-model-3.0.0-build3,10033,1,LIVE,SYNCHRONISED,AUTOMATIC,HIGH_LOAD,65,1950,1950,0,145,253,0.3,0.33,25.44329,48.03,1.044,1,0.0256,0,211.31,15.5571,-0.01547,1,0.18,7.322,3.6248,61,CRITICAL,F4,4,1,thermal_overload,0.6,1,1,,,,,32,0
2026-08-19T19:51:48.037Z,1787169108037,FAN_DT_001_F4_S06_R01_20260819T194720,1,267.464,FAULT_ACTIVE,F4,0.6,FAN_DT_001,3.0,process-model-3.0.0-build3,10034,1,LIVE,SYNCHRONISED,AUTOMATIC,HIGH_LOAD,65,1950,1950,0,145,253,0.3,0.33,25.45849,48.05,1.044,1,0.0256,0,211.31,15.6178,-0.01546,1,0.18,7.318,3.639,61,CRITICAL,F4,4,1,thermal_overload,0.6,1,1,,,,,32,0
2026-08-19T19:51:49.082Z,1787169109082,FAN_DT_001_F4_S06_R01_20260819T194720,1,268.509,FAULT_ACTIVE,F4,0.6,FAN_DT_001,3.0,process-model-3.0.0-build3,10035,1,LIVE,SYNCHRONISED,AUTOMATIC,HIGH_LOAD,65,1950,1950,0,145,253,0.3,0.33,25.47339,48.06,1.044,1,0.0256,0,211.31,15.6784,-0.01544,1,0.18,7.306,3.6531,61,CRITICAL,F4,4,1,thermal_overload,0.6,1,1,,,,,32,0
2026-08-19T19:51:50.107Z,1787169110107,FAN_DT_001_F4_S06_R01_20260819T194720,1,269.534,FAULT_ACTIVE,F4,0.6,FAN_DT_001,3.0,process-model-3.0.0-build3,10036,1,LIVE,SYNCHRONISED,AUTOMATIC,HIGH_LOAD,65,1950,1950,0,145,253,0.3,0.33,25.48812,48.08,1.044,1,0.0256,0,211.31,15.7392,-0.01544,1,0.18,7.306,3.6672,61,CRITICAL,F4,4,1,thermal_overload,0.6,1,1,,,,,32,0
2026-08-19T19:51:51.191Z,1787169111191,FAN_DT_001_F4_S06_R01_20260819T194720,1,270.62,FAULT_ACTIVE,F4,0.6,FAN_DT_001,3.0,process-model-3.0.0-build3,10037,1,LIVE,SYNCHRONISED,AUTOMATIC,HIGH_LOAD,65,1950,1950,0,145,253,0.3,0.33,25.50249,48.1,1.044,1,0.0256,0,211.31,15.7996,-0.01541,1,0.18,7.291,3.6813,61,CRITICAL,F4,4,1,thermal_overload,0.6,1,1,,,,,32,0
2026-08-19T19:51:52.189Z,1787169112189,FAN_DT_001_F4_S06_R01_20260819T194720,1,271.617,FAULT_ACTIVE,F4,0.6,FAN_DT_001,3.0,process-model-3.0.0-build3,10038,1,LIVE,SYNCHRONISED,AUTOMATIC,HIGH_LOAD,65,1950,1950,0,145,253,0.3,0.33,25.51666,48.11,1.044,1,0.0256,0,211.31,15.8604,-0.01538,1,0.18,7.278,3.6955,61,CRITICAL,F4,4,1,thermal_overload,0.6,1,1,,,,,32,0
2026-08-19T19:51:53.215Z,1787169113215,FAN_DT_001_F4_S06_R01_20260819T194720,1,272.644,FAULT_ACTIVE,F4,0.6,FAN_DT_001,3.0,process-model-3.0.0-build3,10039,1,LIVE,SYNCHRONISED,AUTOMATIC,HIGH_LOAD,65,1950,1950,0,145,253,0.3,0.33,25.53057,48.13,1.044,1,0.0256,0,211.31,15.9211,-0.01535,1,0.18,7.263,3.7096,61,CRITICAL,F4,4,1,thermal_overload,0.6,1,1,,,,,32,0
2026-08-19T19:51:54.264Z,1787169114264,FAN_DT_001_F4_S06_R01_20260819T194720,1,273.703,FAULT_ACTIVE,F4,0.6,FAN_DT_001,3.0,process-model-3.0.0-build3,10040,1,LIVE,SYNCHRONISED,AUTOMATIC,HIGH_LOAD,65,1950,1950,0,145,253,0.3,0.33,25.54414,48.14,1.044,1,0.0256,0,211.31,15.9816,-0.01532,1,0.18,7.25,3.7237,61,CRITICAL,F4,4,1,thermal_overload,0.6,1,1,,,,,32,0
2026-08-19T19:51:55.277Z,1787169115277,FAN_DT_001_F4_S06_R01_20260819T194720,1,274.705,FAULT_ACTIVE,F4,0.6,FAN_DT_001,3.0,process-model-3.0.0-build3,10041,1,LIVE,SYNCHRONISED,AUTOMATIC,HIGH_LOAD,65,1950,1950,0,145,253,0.3,0.33,25.55739,48.16,1.044,1,0.0256,0,211.31,16.0419,-0.01526,1,0.18,7.221,3.7378,61,CRITICAL,F4,4,1,thermal_overload,0.6,1,1,,,,,32,0
2026-08-19T19:51:56.367Z,1787169116367,FAN_DT_001_F4_S06_R01_20260819T194720,1,275.795,FAULT_ACTIVE,F4,0.6,FAN_DT_001,3.0,process-model-3.0.0-build3,10042,1,LIVE,SYNCHRONISED,AUTOMATIC,HIGH_LOAD,65,1950,1950,0,145,253,0.3,0.33,25.57044,48.18,1.044,1,0.0256,0,211.31,16.1027,-0.01523,1,0.18,7.207,3.7519,61,CRITICAL,F4,4,1,thermal_overload,0.6,1,1,,,,,32,0
2026-08-19T19:51:57.348Z,1787169117348,FAN_DT_001_F4_S06_R01_20260819T194720,1,276.776,FAULT_ACTIVE,F4,0.6,FAN_DT_001,3.0,process-model-3.0.0-build3,10043,1,LIVE,SYNCHRONISED,AUTOMATIC,HIGH_LOAD,65,1950,1950,0,145,253,0.3,0.33,25.58316,48.19,1.044,1,0.0256,0,211.31,16.1632,-0.01517,1,0.18,7.18,3.766,61,CRITICAL,F4,4,1,thermal_overload,0.6,1,1,,,,,32,0
2026-08-19T19:51:58.378Z,1787169118378,FAN_DT_001_F4_S06_R01_20260819T194720,1,277.807,FAULT_ACTIVE,F4,0.6,FAN_DT_001,3.0,process-model-3.0.0-build3,10044,1,LIVE,SYNCHRONISED,AUTOMATIC,HIGH_LOAD,65,1950,1950,0,145,253,0.3,0.33,25.59558,48.21,1.044,1,0.0256,0,211.31,16.2239,-0.01511,1,0.18,7.149,3.7802,61,CRITICAL,F4,4,1,thermal_overload,0.6,1,1,,,,,32,0
2026-08-19T19:51:59.411Z,1787169119411,FAN_DT_001_F4_S06_R01_20260819T194720,1,278.841,FAULT_ACTIVE,F4,0.6,FAN_DT_001,3.0,process-model-3.0.0-build3,10045,1,LIVE,SYNCHRONISED,AUTOMATIC,HIGH_LOAD,65,1950,1950,0,145,253,0.3,0.33,25.60769,48.22,1.044,1,0.0256,0,211.31,16.2846,-0.01506,1,0.18,7.125,3.7943,61,CRITICAL,F4,4,1,thermal_overload,0.6,1,1,,,,,32,0
2026-08-19T19:52:00.450Z,1787169120450,FAN_DT_001_F4_S06_R01_20260819T194720,1,279.881,FAULT_ACTIVE,F4,0.6,FAN_DT_001,3.0,process-model-3.0.0-build3,10046,1,LIVE,SYNCHRONISED,AUTOMATIC,HIGH_LOAD,65,1950,1950,0,145,253,0.3,0.33,25.61943,48.24,1.044,1,0.0256,0,211.31,16.345,-0.01499,1,0.18,7.094,3.8084,61,CRITICAL,F4,4,1,thermal_overload,0.6,1,1,,,,,32,0
2026-08-19T19:52:01.490Z,1787169121490,FAN_DT_001_F4_S06_R01_20260819T194720,1,280.92,FAULT_ACTIVE,F4,0.6,FAN_DT_001,3.0,process-model-3.0.0-build3,10047,1,LIVE,SYNCHRONISED,AUTOMATIC,HIGH_LOAD,65,1950,1950,0,145,253,0.3,0.33,25.63092,48.25,1.044,1,0.0256,0,211.31,16.4058,-0.01493,1,0.18,7.064,3.8225,61,CRITICAL,F4,4,1,thermal_overload,0.6,1,1,,,,,32,0
2026-08-19T19:52:02.514Z,1787169122514,FAN_DT_001_F4_S06_R01_20260819T194720,1,281.943,FAULT_ACTIVE,F4,0.6,FAN_DT_001,3.0,process-model-3.0.0-build3,10048,1,LIVE,SYNCHRONISED,AUTOMATIC,HIGH_LOAD,65,1950,1950,0,145,253,0.3,0.33,25.642,48.27,1.044,1,0.0256,0,211.31,16.4662,-0.01485,1,0.18,7.03,3.8366,61,CRITICAL,F4,4,1,thermal_overload,0.6,1,1,,,,,32,0
2026-08-19T19:52:03.564Z,1787169123564,FAN_DT_001_F4_S06_R01_20260819T194720,1,283.015,FAULT_ACTIVE,F4,0.6,FAN_DT_001,3.0,process-model-3.0.0-build3,10049,1,LIVE,SYNCHRONISED,AUTOMATIC,HIGH_LOAD,65,1950,1950,0,145,253,0.3,0.33,25.65277,48.28,1.044,1,0.0256,0,211.31,16.5267,-0.01478,1,0.18,6.994,3.8507,61,CRITICAL,F4,4,1,thermal_overload,0.6,1,1,,,,,32,0
2026-08-19T19:52:04.579Z,1787169124579,FAN_DT_001_F4_S06_R01_20260819T194720,1,284.012,FAULT_ACTIVE,F4,0.6,FAN_DT_001,3.0,process-model-3.0.0-build3,10050,1,LIVE,SYNCHRONISED,AUTOMATIC,HIGH_LOAD,65,1950,1950,0,145,253,0.3,0.33,25.66323,48.3,1.044,1,0.0256,0,211.31,16.5874,-0.0147,1,0.18,6.955,3.8649,61,CRITICAL,F4,4,1,thermal_overload,0.6,1,1,,,,,32,0
2026-08-19T19:52:05.619Z,1787169125619,FAN_DT_001_F4_S06_R01_20260819T194720,1,285.048,FAULT_ACTIVE,F4,0.6,FAN_DT_001,3.0,process-model-3.0.0-build3,10051,1,LIVE,SYNCHRONISED,AUTOMATIC,HIGH_LOAD,65,1950,1950,0,145,253,0.3,0.33,25.67331,48.31,1.044,1,0.0256,0,211.31,16.648,-0.01461,1,0.18,6.916,3.879,61,CRITICAL,F4,4,1,thermal_overload,0.6,1,1,,,,,32,0
2026-08-19T19:52:06.653Z,1787169126653,FAN_DT_001_F4_S06_R01_20260819T194720,1,286.226,FAULT_ACTIVE,F4,0.6,FAN_DT_001,3.0,process-model-3.0.0-build3,10052,1,LIVE,SYNCHRONISED,AUTOMATIC,HIGH_LOAD,65,1950,1950,0,145,253,0.3,0.33,25.68306,48.33,1.044,1,0.0256,0,211.31,16.7087,-0.01453,1,0.18,6.877,3.8931,61,CRITICAL,F4,4,1,thermal_overload,0.6,1,1,,,,,32,0
2026-08-19T19:52:07.689Z,1787169127689,FAN_DT_001_F4_S06_R01_20260819T194720,1,287.175,FAULT_ACTIVE,F4,0.6,FAN_DT_001,3.0,process-model-3.0.0-build3,10053,1,LIVE,SYNCHRONISED,AUTOMATIC,HIGH_LOAD,65,1950,1950,0,145,253,0.3,0.33,25.69245,48.34,1.044,1,0.0256,0,211.31,16.7694,-0.01443,1,0.18,6.83,3.9073,61,CRITICAL,F4,4,1,thermal_overload,0.6,1,1,,,,,32,0
2026-08-19T19:52:08.723Z,1787169128723,FAN_DT_001_F4_S06_R01_20260819T194720,1,289.547,FAULT_ACTIVE,F4,0.6,FAN_DT_001,3.0,process-model-3.0.0-build3,10054,1,LIVE,SYNCHRONISED,AUTOMATIC,HIGH_LOAD,65,1950,1950,0,145,253,0.3,0.33,25.70144,48.36,1.044,1,0.0256,0,211.31,16.8298,-0.01434,1,0.18,6.787,3.9213,61,CRITICAL,F4,4,1,thermal_overload,0.6,1,1,,,,,32,0
2026-08-19T19:52:10.345Z,1787169130345,FAN_DT_001_F4_S06_R01_20260819T194720,1,289.812,FAULT_ACTIVE,F4,0.6,FAN_DT_001,3.0,process-model-3.0.0-build3,10055,1,LIVE,SYNCHRONISED,AUTOMATIC,HIGH_LOAD,65,1950,1950,0,145,253,0.3,0.33,25.71007,48.37,1.044,1,0.0256,0,211.31,16.8904,-0.01425,1,0.18,6.745,3.9355,61,CRITICAL,F4,4,1,thermal_overload,0.6,1,1,,,,,32,0
2026-08-19T19:52:10.794Z,1787169130794,FAN_DT_001_F4_S06_R01_20260819T194720,1,290.223,FAULT_ACTIVE,F4,0.6,FAN_DT_001,3.0,process-model-3.0.0-build3,10056,1,LIVE,SYNCHRONISED,AUTOMATIC,HIGH_LOAD,65,1950,1950,0,145,253,0.3,0.33,25.71831,48.39,1.044,1,0.0256,0,211.31,16.9507,-0.01413,1,0.18,6.688,3.9495,61,CRITICAL,F4,4,1,thermal_overload,0.6,1,1,,,,,32,0
2026-08-19T19:52:11.821Z,1787169131821,FAN_DT_001_F4_S06_R01_20260819T194720,1,291.286,FAULT_ACTIVE,F4,0.6,FAN_DT_001,3.0,process-model-3.0.0-build3,10057,1,LIVE,SYNCHRONISED,AUTOMATIC,HIGH_LOAD,65,1950,1950,0,145,253,0.3,0.33,25.72618,48.4,1.044,1,0.0256,0,211.31,17.0112,-0.01403,1,0.18,6.638,3.9636,61,CRITICAL,F4,4,1,thermal_overload,0.6,1,1,,,,,32,0
2026-08-19T19:52:12.849Z,1787169132849,FAN_DT_001_F4_S06_R01_20260819T194720,1,292.281,FAULT_ACTIVE,F4,0.6,FAN_DT_001,3.0,process-model-3.0.0-build3,10058,1,LIVE,SYNCHRONISED,AUTOMATIC,HIGH_LOAD,65,1950,1950,0,145,253,0.3,0.33,25.73371,48.42,1.044,1,0.0256,0,211.31,17.072,-0.0139,1,0.18,6.576,3.9778,61,CRITICAL,F4,4,1,thermal_overload,0.6,1,1,,,,,32,0
2026-08-19T19:52:13.886Z,1787169133886,FAN_DT_001_F4_S06_R01_20260819T194720,1,293.313,FAULT_ACTIVE,F4,0.6,FAN_DT_001,3.0,process-model-3.0.0-build3,10059,1,LIVE,SYNCHRONISED,AUTOMATIC,HIGH_LOAD,65,1950,1950,0,145,253,0.3,0.33,25.74082,48.43,1.044,1,0.0256,0,211.31,17.1325,-0.01379,1,0.18,6.524,3.9919,61,CRITICAL,F4,4,1,thermal_overload,0.6,1,1,,,,,32,0
2026-08-19T19:52:14.921Z,1787169134921,FAN_DT_001_F4_S06_R01_20260819T194720,1,294.35,FAULT_ACTIVE,F4,0.6,FAN_DT_001,3.0,process-model-3.0.0-build3,10060,1,LIVE,SYNCHRONISED,AUTOMATIC,HIGH_LOAD,65,1950,1950,0,145,253,0.3,0.33,25.74756,48.45,1.044,1,0.0256,0,211.31,17.1932,-0.01365,1,0.18,6.462,4.006,61,CRITICAL,F4,4,1,thermal_overload,0.6,1,1,,,,,32,0
2026-08-19T19:52:15.951Z,1787169135951,FAN_DT_001_F4_S06_R01_20260819T194720,1,295.378,FAULT_ACTIVE,F4,0.6,FAN_DT_001,3.0,process-model-3.0.0-build3,10061,1,LIVE,SYNCHRONISED,AUTOMATIC,HIGH_LOAD,65,1950,1950,0,145,253,0.3,0.33,25.75391,48.46,1.044,1,0.0256,0,211.31,17.2538,-0.01353,1,0.18,6.401,4.0201,61,CRITICAL,F4,4,1,thermal_overload,0.6,1,1,,,,,32,0
2026-08-19T19:52:17.002Z,1787169137002,FAN_DT_001_F4_S06_R01_20260819T194720,1,296.429,FAULT_ACTIVE,F4,0.6,FAN_DT_001,3.0,process-model-3.0.0-build3,10062,1,LIVE,SYNCHRONISED,AUTOMATIC,HIGH_LOAD,65,1950,1950,0,145,253,0.3,0.33,25.75983,48.47,1.044,1,0.0256,0,211.31,17.3143,-0.01341,1,0.18,6.347,4.0342,61,CRITICAL,F4,4,1,thermal_overload,0.6,1,1,,,,,32,0
2026-08-19T19:52:18.019Z,1787169138019,FAN_DT_001_F4_S06_R01_20260819T194720,1,297.45,FAULT_ACTIVE,F4,0.6,FAN_DT_001,3.0,process-model-3.0.0-build3,10063,1,LIVE,SYNCHRONISED,AUTOMATIC,HIGH_LOAD,65,1950,1950,0,145,253,0.3,0.33,25.76539,48.49,1.044,1,0.0256,0,211.31,17.375,-0.01326,1,0.18,6.276,4.0484,61,CRITICAL,F4,4,1,thermal_overload,0.6,1,1,,,,,32,0
2026-08-19T19:52:19.055Z,1787169139055,FAN_DT_001_F4_S06_R01_20260819T194720,1,298.493,FAULT_ACTIVE,F4,0.6,FAN_DT_001,3.0,process-model-3.0.0-build3,10064,1,LIVE,SYNCHRONISED,AUTOMATIC,HIGH_LOAD,65,1950,1950,0,145,253,0.3,0.33,25.77049,48.5,1.044,1,0.0256,0,211.31,17.4352,-0.01313,1,0.18,6.215,4.0624,61,CRITICAL,F4,4,1,thermal_overload,0.6,1,1,,,,,32,0
2026-08-19T19:52:20.093Z,1787169140093,FAN_DT_001_F4_S06_R01_20260819T194720,1,299.52,FAULT_ACTIVE,F4,0.6,FAN_DT_001,3.0,process-model-3.0.0-build3,10065,1,LIVE,SYNCHRONISED,AUTOMATIC,HIGH_LOAD,65,1950,1950,0,145,253,0.3,0.33,25.77523,48.51,1.044,1,0.0256,0,211.31,17.4959,-0.01299,1,0.18,6.147,4.0765,61,CRITICAL,F4,4,1,thermal_overload,0.6,1,1,,,,,32,0
2026-08-19T19:52:21.119Z,1787169141119,FAN_DT_001_F4_S06_R01_20260819T194720,1,300.569,FAULT_ACTIVE,F4,0.6,FAN_DT_001,3.0,process-model-3.0.0-build3,10066,1,LIVE,SYNCHRONISED,AUTOMATIC,HIGH_LOAD,65,1950,1950,0,145,253,0.3,0.33,25.77958,48.53,1.044,1,0.0256,0,211.31,17.5567,-0.01283,1,0.18,6.071,4.0907,61,CRITICAL,F4,4,1,thermal_overload,0.6,1,1,,,,,32,0
2026-08-19T19:52:22.157Z,1787169142157,FAN_DT_001_F4_S06_R01_20260819T194720,1,301.584,FAULT_ACTIVE,F4,0.6,FAN_DT_001,3.0,process-model-3.0.0-build3,10067,1,LIVE,SYNCHRONISED,AUTOMATIC,HIGH_LOAD,65,1950,1950,0,145,253,0.3,0.33,25.78349,48.54,1.044,1,0.0256,0,211.31,17.6172,-0.01267,1,0.18,5.994,4.1048,61,CRITICAL,F4,4,1,thermal_overload,0.6,1,1,,,,,32,0
2026-08-19T19:52:23.187Z,1787169143187,FAN_DT_001_F4_S06_R01_20260819T194720,1,302.614,FAULT_ACTIVE,F4,0.6,FAN_DT_001,3.0,process-model-3.0.0-build3,10068,1,LIVE,SYNCHRONISED,AUTOMATIC,HIGH_LOAD,65,1950,1950,0,145,253,0.3,0.33,25.787,48.55,1.044,1,0.0256,0,211.31,17.6779,-0.01253,1,0.18,5.932,4.1189,61,CRITICAL,F4,4,1,thermal_overload,0.6,1,1,,,,,32,0
2026-08-19T19:52:24.218Z,1787169144218,FAN_DT_001_F4_S06_R01_20260819T194720,1,303.645,FAULT_ACTIVE,F4,0.6,FAN_DT_001,3.0,process-model-3.0.0-build3,10069,1,LIVE,SYNCHRONISED,AUTOMATIC,HIGH_LOAD,65,1950,1950,0,145,253,0.3,0.33,25.79008,48.57,1.044,1,0.0256,0,211.31,17.7385,-0.01237,1,0.18,5.854,4.1331,61,CRITICAL,F4,4,1,thermal_overload,0.6,1,1,,,,,32,0
2026-08-19T19:52:25.253Z,1787169145253,FAN_DT_001_F4_S06_R01_20260819T194720,1,304.681,FAULT_ACTIVE,F4,0.6,FAN_DT_001,3.0,process-model-3.0.0-build3,10070,1,LIVE,SYNCHRONISED,AUTOMATIC,HIGH_LOAD,65,1950,1950,0,145,253,0.3,0.33,25.79275,48.58,1.044,1,0.0256,0,211.31,17.7988,-0.0122,1,0.18,5.774,4.1471,61,CRITICAL,F4,4,1,thermal_overload,0.6,1,1,,,,,32,0
2026-08-19T19:52:26.289Z,1787169146289,FAN_DT_001_F4_S06_R01_20260819T194720,1,305.718,FAULT_ACTIVE,F4,0.6,FAN_DT_001,3.0,process-model-3.0.0-build3,10071,1,LIVE,SYNCHRONISED,AUTOMATIC,HIGH_LOAD,65,1950,1950,0,145,253,0.3,0.33,25.795,48.59,1.044,1,0.0256,0,211.31,17.8593,-0.01202,1,0.18,5.689,4.1612,61,CRITICAL,F4,4,1,thermal_overload,0.6,1,1,,,,,32,0
2026-08-19T19:52:27.321Z,1787169147321,FAN_DT_001_F4_S06_R01_20260819T194720,1,306.75,FAULT_ACTIVE,F4,0.6,FAN_DT_001,3.0,process-model-3.0.0-build3,10072,1,LIVE,SYNCHRONISED,AUTOMATIC,HIGH_LOAD,65,1950,1950,0,145,253,0.3,0.33,25.79684,48.6,1.044,1,0.0256,0,211.31,17.92,-0.01184,1,0.18,5.602,4.1754,61,CRITICAL,F4,4,1,thermal_overload,0.6,1,1,,,,,32,0
2026-08-19T19:52:28.360Z,1787169148360,FAN_DT_001_F4_S06_R01_20260819T194720,1,307.815,FAULT_ACTIVE,F4,0.6,FAN_DT_001,3.0,process-model-3.0.0-build3,10073,1,LIVE,SYNCHRONISED,AUTOMATIC,HIGH_LOAD,65,1950,1950,0,145,253,0.3,0.33,25.79826,48.62,1.044,1,0.0256,0,211.31,17.9806,-0.01167,1,0.18,5.525,4.1895,61,CRITICAL,F4,4,1,thermal_overload,0.6,1,1,,,,,32,0
2026-08-19T19:52:29.396Z,1787169149396,FAN_DT_001_F4_S06_R01_20260819T194720,1,308.823,FAULT_ACTIVE,F4,0.6,FAN_DT_001,3.0,process-model-3.0.0-build3,10074,1,LIVE,SYNCHRONISED,AUTOMATIC,HIGH_LOAD,65,1950,1950,0,145,253,0.3,0.33,25.79926,48.63,1.044,1,0.0256,0,211.31,18.0409,-0.0115,1,0.18,5.444,4.2035,61,CRITICAL,F4,4,1,thermal_overload,0.6,1,1,,,,,32,0
2026-08-19T19:52:30.418Z,1787169150418,FAN_DT_001_F4_S06_R01_20260819T194720,1,309.846,FAULT_ACTIVE,F4,0.6,FAN_DT_001,3.0,process-model-3.0.0-build3,10075,1,LIVE,SYNCHRONISED,AUTOMATIC,HIGH_LOAD,65,1950,1950,0,145,253,0.3,0.33,25.79984,48.64,1.044,1,0.0256,0,211.31,18.1016,-0.01129,1,0.18,5.344,4.2177,61,CRITICAL,F4,4,1,thermal_overload,0.6,1,1,,,,,32,0
2026-08-19T19:52:31.459Z,1787169151459,FAN_DT_001_F4_S06_R01_20260819T194720,1,310.888,FAULT_ACTIVE,F4,0.6,FAN_DT_001,3.0,process-model-3.0.0-build3,10076,1,LIVE,SYNCHRONISED,AUTOMATIC,HIGH_LOAD,65,1950,1950,0,145,253,0.3,0.33,25.8,48.65,1.044,1,0.0256,0,211.31,18.1621,-0.01112,1,0.18,5.264,4.2318,61,CRITICAL,F4,4,1,thermal_overload,0.6,1,1,,,,,32,0
2026-08-19T19:52:32.485Z,1787169152485,FAN_DT_001_F4_S06_R01_20260819T194720,1,311.913,FAULT_ACTIVE,F4,0.6,FAN_DT_001,3.0,process-model-3.0.0-build3,10077,1,LIVE,SYNCHRONISED,AUTOMATIC,HIGH_LOAD,65,1950,1950,0,145,253,0.3,0.33,25.79974,48.66,1.044,1,0.0256,0,211.31,18.2227,-0.01093,1,0.18,5.172,4.2459,61,CRITICAL,F4,4,1,thermal_overload,0.6,1,1,,,,,32,0
2026-08-19T19:52:33.521Z,1787169153521,FAN_DT_001_F4_S06_R01_20260819T194720,1,312.948,FAULT_ACTIVE,F4,0.6,FAN_DT_001,3.0,process-model-3.0.0-build3,10078,1,LIVE,SYNCHRONISED,AUTOMATIC,HIGH_LOAD,65,1950,1950,0,145,253,0.3,0.33,25.79906,48.67,1.044,1,0.0256,0,211.31,18.2832,-0.01072,1,0.18,5.074,4.26,61,CRITICAL,F4,4,1,thermal_overload,0.6,1,1,,,,,32,0
2026-08-19T19:52:34.554Z,1787169154554,FAN_DT_001_F4_S06_R01_20260819T194720,1,313.981,FAULT_ACTIVE,F4,0.6,FAN_DT_001,3.0,process-model-3.0.0-build3,10079,1,LIVE,SYNCHRONISED,AUTOMATIC,HIGH_LOAD,65,1950,1950,0,145,253,0.3,0.33,25.79795,48.69,1.044,1,0.0256,0,211.31,18.3437,-0.01054,1,0.18,4.986,4.2741,61,CRITICAL,F4,4,1,thermal_overload,0.6,1,1,,,,,32,0
2026-08-19T19:52:35.584Z,1787169155584,FAN_DT_001_F4_S06_R01_20260819T194720,1,315.012,FAULT_ACTIVE,F4,0.6,FAN_DT_001,3.0,process-model-3.0.0-build3,10080,1,LIVE,SYNCHRONISED,AUTOMATIC,HIGH_LOAD,65,1950,1950,0,145,253,0.3,0.33,25.79643,48.7,1.044,1,0.0256,0,211.31,18.4044,-0.01032,1,0.18,4.883,4.2882,61,CRITICAL,F4,4,1,thermal_overload,0.6,1,1,,,,,32,0
2026-08-19T19:52:36.619Z,1787169156619,FAN_DT_001_F4_S06_R01_20260819T194720,1,316.047,FAULT_ACTIVE,F4,0.6,FAN_DT_001,3.0,process-model-3.0.0-build3,10081,1,LIVE,SYNCHRONISED,AUTOMATIC,HIGH_LOAD,65,1950,1950,0,145,253,0.3,0.33,25.7945,48.71,1.044,1,0.0256,0,211.31,18.4648,-0.01012,1,0.18,4.79,4.3023,61,CRITICAL,F4,4,1,thermal_overload,0.6,1,1,,,,,32,0
2026-08-19T19:52:37.657Z,1787169157657,FAN_DT_001_F4_S06_R01_20260819T194720,1,317.085,FAULT_ACTIVE,F4,0.6,FAN_DT_001,3.0,process-model-3.0.0-build3,10082,1,LIVE,SYNCHRONISED,AUTOMATIC,HIGH_LOAD,65,1950,1950,0,145,253,0.3,0.33,25.79213,48.72,1.044,1,0.0256,0,211.31,18.5255,-0.00989,1,0.18,4.682,4.3164,61,CRITICAL,F4,4,1,thermal_overload,0.6,1,1,,,,,32,0
2026-08-19T19:52:38.693Z,1787169158693,FAN_DT_001_F4_S06_R01_20260819T194720,1,318.121,FAULT_ACTIVE,F4,0.6,FAN_DT_001,3.0,process-model-3.0.0-build3,10083,1,LIVE,SYNCHRONISED,AUTOMATIC,HIGH_LOAD,65,1950,1950,0,145,253,0.3,0.33,25.78937,48.73,1.044,1,0.0256,0,211.31,18.5859,-0.00968,1,0.18,4.582,4.3305,61,CRITICAL,F4,4,1,thermal_overload,0.6,1,1,,,,,32,0
2026-08-19T19:52:39.728Z,1787169159728,FAN_DT_001_F4_S06_R01_20260819T194720,1,319.155,FAULT_ACTIVE,F4,0.6,FAN_DT_001,3.0,process-model-3.0.0-build3,10084,1,LIVE,SYNCHRONISED,AUTOMATIC,HIGH_LOAD,65,1950,1950,0,145,253,0.3,0.33,25.78615,48.74,1.044,1,0.0256,0,211.31,18.647,-0.00946,1,0.18,4.478,4.3448,61,CRITICAL,F4,4,1,thermal_overload,0.6,1,1,,,,,32,0
2026-08-19T19:52:40.765Z,1787169160765,FAN_DT_001_F4_S06_R01_20260819T194720,1,320.193,FAULT_ACTIVE,F4,0.6,FAN_DT_001,3.0,process-model-3.0.0-build3,10085,1,LIVE,SYNCHRONISED,AUTOMATIC,HIGH_LOAD,65,1950,1950,0,145,253,0.3,0.33,25.78254,48.75,1.044,1,0.0256,0,211.31,18.7077,-0.00924,1,0.18,4.374,4.3589,61,CRITICAL,F4,4,1,thermal_overload,0.6,1,1,,,,,32,0
2026-08-19T19:52:41.800Z,1787169161800,FAN_DT_001_F4_S06_R01_20260819T194720,1,321.231,FAULT_ACTIVE,F4,0.6,FAN_DT_001,3.0,process-model-3.0.0-build3,10086,1,LIVE,SYNCHRONISED,AUTOMATIC,HIGH_LOAD,65,1950,1950,0,145,253,0.3,0.33,25.77851,48.76,1.044,1,0.0256,0,211.31,18.7684,-0.00902,1,0.18,4.27,4.373,61,CRITICAL,F4,4,1,thermal_overload,0.6,1,1,,,,,32,0
2026-08-19T19:52:42.838Z,1787169162838,FAN_DT_001_F4_S06_R01_20260819T194720,1,322.267,FAULT_ACTIVE,F4,0.6,FAN_DT_001,3.0,process-model-3.0.0-build3,10087,1,LIVE,SYNCHRONISED,AUTOMATIC,HIGH_LOAD,65,1950,1950,0,145,253,0.3,0.33,25.77408,48.77,1.044,1,0.0256,0,211.31,18.8289,-0.00881,1,0.18,4.171,4.3871,61,CRITICAL,F4,4,1,thermal_overload,0.6,1,1,,,,,32,0
2026-08-19T19:52:43.865Z,1787169163865,FAN_DT_001_F4_S06_R01_20260819T194720,1,323.294,FAULT_ACTIVE,F4,0.6,FAN_DT_001,3.0,process-model-3.0.0-build3,10088,1,LIVE,SYNCHRONISED,AUTOMATIC,HIGH_LOAD,65,1950,1950,0,145,253,0.3,0.33,25.76925,48.77,1.044,1,0.0256,0,211.31,18.8895,-0.00857,1,0.18,4.055,4.4013,61,CRITICAL,F4,4,1,thermal_overload,0.6,1,1,,,,,32,0
2026-08-19T19:52:44.899Z,1787169164899,FAN_DT_001_F4_S06_R01_20260819T194720,1,324.327,FAULT_ACTIVE,F4,0.6,FAN_DT_001,3.0,process-model-3.0.0-build3,10089,1,LIVE,SYNCHRONISED,AUTOMATIC,HIGH_LOAD,65,1950,1950,0,145,253,0.3,0.33,25.764,48.78,1.044,1,0.0256,0,211.31,18.9502,-0.00833,1,0.18,3.944,4.4154,61,CRITICAL,F4,4,1,thermal_overload,0.6,1,1,,,,,32,0
2026-08-19T19:52:45.935Z,1787169165935,FAN_DT_001_F4_S06_R01_20260819T194720,1,325.363,FAULT_ACTIVE,F4,0.6,FAN_DT_001,3.0,process-model-3.0.0-build3,10090,1,LIVE,SYNCHRONISED,AUTOMATIC,HIGH_LOAD,65,1950,1950,0,145,253,0.3,0.33,25.75838,48.79,1.044,1,0.0256,0,211.31,19.0106,-0.0081,1,0.18,3.833,4.4295,61,CRITICAL,F4,4,1,thermal_overload,0.6,1,1,,,,,32,0
2026-08-19T19:52:46.972Z,1787169166972,FAN_DT_001_F4_S06_R01_20260819T194720,1,326.402,FAULT_ACTIVE,F4,0.6,FAN_DT_001,3.0,process-model-3.0.0-build3,10091,1,LIVE,SYNCHRONISED,AUTOMATIC,HIGH_LOAD,65,1950,1950,0,145,253,0.3,0.33,25.75232,48.8,1.044,1,0.0256,0,211.31,19.0713,-0.00787,1,0.18,3.726,4.4436,61,CRITICAL,F4,4,1,thermal_overload,0.6,1,1,,,,,32,0
2026-08-19T19:52:48.027Z,1787169168027,FAN_DT_001_F4_S06_R01_20260819T194720,1,327.455,FAULT_ACTIVE,F4,0.6,FAN_DT_001,3.0,process-model-3.0.0-build3,10092,1,LIVE,SYNCHRONISED,AUTOMATIC,HIGH_LOAD,65,1950,1950,0,145,253,0.3,0.33,25.74588,48.81,1.044,1,0.0256,0,211.31,19.1319,-0.00763,1,0.18,3.61,4.4577,61,CRITICAL,F4,4,1,thermal_overload,0.6,1,1,,,,,32,0
2026-08-19T19:52:49.042Z,1787169169042,FAN_DT_001_F4_S06_R01_20260819T194720,1,328.47,FAULT_ACTIVE,F4,0.6,FAN_DT_001,3.0,process-model-3.0.0-build3,10093,1,LIVE,SYNCHRONISED,AUTOMATIC,HIGH_LOAD,65,1950,1950,0,145,253,0.3,0.33,25.73902,48.82,1.044,1,0.0256,0,211.31,19.1927,-0.00739,1,0.18,3.496,4.4719,61,CRITICAL,F4,4,1,thermal_overload,0.6,1,1,,,,,32,0
2026-08-19T19:52:50.255Z,1787169170255,FAN_DT_001_F4_S06_R01_20260819T194720,1,329.682,FAULT_ACTIVE,F4,0.6,FAN_DT_001,3.0,process-model-3.0.0-build3,10094,1,LIVE,SYNCHRONISED,AUTOMATIC,HIGH_LOAD,65,1950,1950,0,145,253,0.3,0.33,25.73182,48.82,1.044,1,0.0256,0,211.31,19.2531,-0.00716,1,0.18,3.39,4.486,61,CRITICAL,F4,4,1,thermal_overload,0.6,1,1,,,,,32,0
2026-08-19T19:52:51.103Z,1787169171103,FAN_DT_001_F4_S06_R01_20260819T194720,1,330.53,FAULT_ACTIVE,F4,0.6,FAN_DT_001,3.0,process-model-3.0.0-build3,10095,1,LIVE,SYNCHRONISED,AUTOMATIC,HIGH_LOAD,65,1950,1950,0,145,253,0.3,0.33,25.72421,48.83,1.044,1,0.0256,0,211.31,19.3138,-0.0069,1,0.18,3.267,4.5001,61,CRITICAL,F4,4,1,thermal_overload,0.6,1,1,,,,,32,0
2026-08-19T19:52:52.143Z,1787169172143,FAN_DT_001_F4_S06_R01_20260819T194720,1,331.571,FAULT_ACTIVE,F4,0.6,FAN_DT_001,3.0,process-model-3.0.0-build3,10096,1,LIVE,SYNCHRONISED,AUTOMATIC,HIGH_LOAD,65,1950,1950,0,145,253,0.3,0.33,25.71623,48.84,1.044,1,0.0256,0,211.31,19.3743,-0.00665,1,0.18,3.146,4.5142,61,CRITICAL,F4,4,1,thermal_overload,0.6,1,1,,,,,32,0
2026-08-19T19:52:53.171Z,1787169173171,FAN_DT_001_F4_S06_R01_20260819T194720,1,332.607,FAULT_ACTIVE,F4,0.6,FAN_DT_001,3.0,process-model-3.0.0-build3,10097,1,LIVE,SYNCHRONISED,AUTOMATIC,HIGH_LOAD,65,1950,1950,0,145,253,0.3,0.33,25.70787,48.84,1.044,1,0.0256,0,211.31,19.4348,-0.00642,1,0.18,3.037,4.5283,61,CRITICAL,F4,4,1,thermal_overload,0.6,1,1,,,,,32,0
2026-08-19T19:52:54.203Z,1787169174203,FAN_DT_001_F4_S06_R01_20260819T194720,1,333.636,FAULT_ACTIVE,F4,0.6,FAN_DT_001,3.0,process-model-3.0.0-build3,10098,1,LIVE,SYNCHRONISED,AUTOMATIC,HIGH_LOAD,65,1950,1950,0,145,253,0.3,0.33,25.69912,48.85,1.044,1,0.0256,0,211.31,19.4955,-0.00616,1,0.18,2.913,4.5425,61,CRITICAL,F4,4,1,thermal_overload,0.6,1,1,,,,,32,0
2026-08-19T19:52:55.236Z,1787169175236,FAN_DT_001_F4_S06_R01_20260819T194720,1,334.663,FAULT_ACTIVE,F4,0.6,FAN_DT_001,3.0,process-model-3.0.0-build3,10099,1,LIVE,SYNCHRONISED,AUTOMATIC,HIGH_LOAD,65,1950,1950,0,145,253,0.3,0.33,25.69006,48.86,1.044,1,0.0256,0,211.31,19.5558,-0.0059,1,0.18,2.794,4.5565,61,CRITICAL,F4,4,1,thermal_overload,0.6,1,1,,,,,32,0
2026-08-19T19:52:56.268Z,1787169176268,FAN_DT_001_F4_S06_R01_20260819T194720,1,335.696,FAULT_ACTIVE,F4,0.6,FAN_DT_001,3.0,process-model-3.0.0-build3,10100,1,LIVE,SYNCHRONISED,AUTOMATIC,HIGH_LOAD,65,1950,1950,0,145,253,0.3,0.33,25.68057,48.86,1.044,1,0.0256,0,211.31,19.6166,-0.00563,1,0.18,2.666,4.5707,61,CRITICAL,F4,4,1,thermal_overload,0.6,1,1,,,,,32,0
2026-08-19T19:52:57.302Z,1787169177302,FAN_DT_001_F4_S06_R01_20260819T194720,1,336.73,FAULT_ACTIVE,F4,0.6,FAN_DT_001,3.0,process-model-3.0.0-build3,10101,1,LIVE,SYNCHRONISED,AUTOMATIC,HIGH_LOAD,65,1950,1950,0,145,253,0.3,0.33,25.67079,48.87,1.044,1,0.0256,0,211.31,19.6769,-0.00538,1,0.18,2.545,4.5847,61,CRITICAL,F4,4,1,thermal_overload,0.6,1,1,,,,,32,0
2026-08-19T19:52:58.340Z,1787169178340,FAN_DT_001_F4_S06_R01_20260819T194720,1,337.774,FAULT_ACTIVE,F4,0.6,FAN_DT_001,3.0,process-model-3.0.0-build3,10102,1,LIVE,SYNCHRONISED,AUTOMATIC,HIGH_LOAD,65,1950,1950,0,145,253,0.3,0.33,25.66059,48.87,1.044,1,0.0256,0,211.31,19.7376,-0.00513,1,0.18,2.43,4.5989,61,CRITICAL,F4,4,1,thermal_overload,0.6,1,1,,,,,32,0
2026-08-19T19:52:59.369Z,1787169179369,FAN_DT_001_F4_S06_R01_20260819T194720,1,338.797,FAULT_ACTIVE,F4,0.6,FAN_DT_001,3.0,process-model-3.0.0-build3,10103,1,LIVE,SYNCHRONISED,AUTOMATIC,HIGH_LOAD,65,1950,1950,0,145,253,0.3,0.33,25.65012,48.88,1.044,1,0.0256,0,211.31,19.798,-0.00487,1,0.18,2.303,4.6129,61,CRITICAL,F4,4,1,thermal_overload,0.6,1,1,,,,,32,0
2026-08-19T19:53:00.399Z,1787169180399,FAN_DT_001_F4_S06_R01_20260819T194720,1,339.826,FAULT_ACTIVE,F4,0.6,FAN_DT_001,3.0,process-model-3.0.0-build3,10104,1,LIVE,SYNCHRONISED,AUTOMATIC,HIGH_LOAD,65,1950,1950,0,145,253,0.3,0.33,25.63923,48.88,1.044,1,0.0256,0,211.31,19.8587,-0.00461,1,0.18,2.183,4.6271,61,CRITICAL,F4,4,1,thermal_overload,0.6,1,1,,,,,32,0
2026-08-19T19:53:01.441Z,1787169181441,FAN_DT_001_F4_S06_R01_20260819T194720,1,340.871,FAULT_ACTIVE,F4,0.6,FAN_DT_001,3.0,process-model-3.0.0-build3,10105,1,LIVE,SYNCHRONISED,AUTOMATIC,HIGH_LOAD,65,1950,1950,0,145,253,0.3,0.33,25.62806,48.89,1.044,1,0.0256,0,211.31,19.919,-0.00435,1,0.18,2.059,4.6411,61,CRITICAL,F4,4,1,thermal_overload,0.6,1,1,,,,,32,0
2026-08-19T19:53:02.470Z,1787169182470,FAN_DT_001_F4_S06_R01_20260819T194720,1,341.898,FAULT_ACTIVE,F4,0.6,FAN_DT_001,3.0,process-model-3.0.0-build3,10106,1,LIVE,SYNCHRONISED,AUTOMATIC,HIGH_LOAD,65,1950,1950,0,145,253,0.3,0.33,25.61649,48.89,1.044,1,0.0256,0,211.31,19.9799,-0.00408,1,0.18,1.932,4.6553,61,CRITICAL,F4,4,1,thermal_overload,0.6,1,1,,,,,32,0
2026-08-19T19:53:03.503Z,1787169183503,FAN_DT_001_F4_S06_R01_20260819T194720,1,342.931,FAULT_ACTIVE,F4,0.6,FAN_DT_001,3.0,process-model-3.0.0-build3,10107,1,LIVE,SYNCHRONISED,AUTOMATIC,HIGH_LOAD,65,1950,1950,0,145,253,0.3,0.33,25.60466,48.9,1.044,1,0.0256,0,211.31,20.0403,-0.00381,1,0.18,1.805,4.6694,61,CRITICAL,F4,4,1,thermal_overload,0.6,1,1,,,,,32,0
2026-08-19T19:53:04.536Z,1787169184536,FAN_DT_001_F4_S06_R01_20260819T194720,1,343.963,FAULT_ACTIVE,F4,0.6,FAN_DT_001,3.0,process-model-3.0.0-build3,10108,1,LIVE,SYNCHRONISED,AUTOMATIC,HIGH_LOAD,65,1950,1950,0,145,253,0.3,0.33,25.59244,48.9,1.044,1,0.0256,0,211.31,20.1011,-0.00354,1,0.18,1.677,4.6836,61,CRITICAL,F4,4,1,thermal_overload,0.6,1,1,,,,,32,0
2026-08-19T19:53:05.580Z,1787169185580,FAN_DT_001_F4_S06_R01_20260819T194720,1,345.007,FAULT_ACTIVE,F4,0.6,FAN_DT_001,3.0,process-model-3.0.0-build3,10109,1,LIVE,SYNCHRONISED,AUTOMATIC,HIGH_LOAD,65,1950,1950,0,145,253,0.3,0.33,25.57999,48.9,1.044,1,0.0256,0,211.31,20.1615,-0.00329,1,0.18,1.557,4.6976,61,CRITICAL,F4,4,1,thermal_overload,0.6,1,1,,,,,32,0
2026-08-19T19:53:06.603Z,1787169186603,FAN_DT_001_F4_S06_R01_20260819T194720,1,346.03,FAULT_ACTIVE,F4,0.6,FAN_DT_001,3.0,process-model-3.0.0-build3,10110,1,LIVE,SYNCHRONISED,AUTOMATIC,HIGH_LOAD,65,1950,1950,0,145,253,0.3,0.33,25.5672,48.91,1.044,1,0.0256,0,211.31,20.2221,-0.00303,1,0.18,1.433,4.7118,61,CRITICAL,F4,4,1,thermal_overload,0.6,1,1,,,,,32,0
2026-08-19T19:53:07.639Z,1787169187639,FAN_DT_001_F4_S06_R01_20260819T194720,1,347.066,FAULT_ACTIVE,F4,0.6,FAN_DT_001,3.0,process-model-3.0.0-build3,10111,1,LIVE,SYNCHRONISED,AUTOMATIC,HIGH_LOAD,65,1950,1950,0,145,253,0.3,0.33,25.55413,48.91,1.044,1,0.0256,0,211.31,20.2826,-0.00275,1,0.18,1.299,4.7258,61,CRITICAL,F4,4,1,thermal_overload,0.6,1,1,,,,,32,0
2026-08-19T19:53:08.676Z,1787169188676,FAN_DT_001_F4_S06_R01_20260819T194720,1,348.104,FAULT_ACTIVE,F4,0.6,FAN_DT_001,3.0,process-model-3.0.0-build3,10112,1,LIVE,SYNCHRONISED,AUTOMATIC,HIGH_LOAD,65,1950,1950,0,145,253,0.3,0.33,25.54074,48.91,1.044,1,0.0256,0,211.31,20.3433,-0.00248,1,0.18,1.175,4.74,61,CRITICAL,F4,4,1,thermal_overload,0.6,1,1,,,,,32,0
2026-08-19T19:53:09.868Z,1787169189868,FAN_DT_001_F4_S06_R01_20260819T194720,1,349.33,FAULT_ACTIVE,F4,0.6,FAN_DT_001,3.0,process-model-3.0.0-build3,10113,1,LIVE,SYNCHRONISED,AUTOMATIC,HIGH_LOAD,65,1950,1950,0,145,253,0.3,0.33,25.52706,48.92,1.044,1,0.0256,0,211.31,20.4039,-0.00223,1,0.18,1.056,4.7541,61,CRITICAL,F4,4,1,thermal_overload,0.6,1,1,,,,,32,0
2026-08-19T19:53:10.739Z,1787169190739,FAN_DT_001_F4_S06_R01_20260819T194720,1,350.167,FAULT_ACTIVE,F4,0.6,FAN_DT_001,3.0,process-model-3.0.0-build3,10114,1,LIVE,SYNCHRONISED,AUTOMATIC,HIGH_LOAD,65,1950,1950,0,145,253,0.3,0.33,25.51319,48.92,1.044,1,0.0256,0,211.31,20.4642,-0.00195,1,0.18,0.924,4.7682,61,CRITICAL,F4,4,1,thermal_overload,0.6,1,1,,,,,32,0
2026-08-19T19:53:11.778Z,1787169191778,FAN_DT_001_F4_S06_R01_20260819T194720,1,351.207,FAULT_ACTIVE,F4,0.6,FAN_DT_001,3.0,process-model-3.0.0-build3,10115,1,LIVE,SYNCHRONISED,AUTOMATIC,HIGH_LOAD,65,1950,1950,0,145,253,0.3,0.33,25.49893,48.92,1.044,1,0.0256,0,211.31,20.525,-0.00169,1,0.18,0.798,4.7823,61,CRITICAL,F4,4,1,thermal_overload,0.6,1,1,,,,,32,0
2026-08-19T19:53:12.829Z,1787169192829,FAN_DT_001_F4_S06_R01_20260819T194720,1,352.257,FAULT_ACTIVE,F4,0.6,FAN_DT_001,3.0,process-model-3.0.0-build3,10116,1,LIVE,SYNCHRONISED,AUTOMATIC,HIGH_LOAD,65,1950,1950,0,145,253,0.3,0.33,25.48451,48.92,1.044,1,0.0256,0,211.31,20.5853,-0.00143,1,0.18,0.677,4.7964,61,CRITICAL,F4,4,1,thermal_overload,0.6,1,1,,,,,32,0
2026-08-19T19:53:13.837Z,1787169193837,FAN_DT_001_F4_S06_R01_20260819T194720,1,353.268,FAULT_ACTIVE,F4,0.6,FAN_DT_001,3.0,process-model-3.0.0-build3,10117,1,LIVE,SYNCHRONISED,AUTOMATIC,HIGH_LOAD,65,1950,1950,0,145,253,0.3,0.33,25.46972,48.92,1.044,1,0.0256,0,211.31,20.6462,-0.00117,1,0.18,0.556,4.8106,61,CRITICAL,F4,4,1,thermal_overload,0.6,1,1,,,,,32,0
2026-08-19T19:53:14.895Z,1787169194895,FAN_DT_001_F4_S06_R01_20260819T194720,1,354.323,FAULT_ACTIVE,F4,0.6,FAN_DT_001,3.0,process-model-3.0.0-build3,10118,1,LIVE,SYNCHRONISED,AUTOMATIC,HIGH_LOAD,65,1950,1950,0,145,253,0.3,0.33,25.45478,48.92,1.044,1,0.0256,0,211.31,20.7066,-0.0009,1,0.18,0.426,4.8246,61,CRITICAL,F4,4,1,thermal_overload,0.6,1,1,,,,,32,0
2026-08-19T19:53:16.028Z,1787169196028,FAN_DT_001_F4_S06_R01_20260819T194720,1,355.456,FAULT_ACTIVE,F4,0.6,FAN_DT_001,3.0,process-model-3.0.0-build3,10119,1,LIVE,SYNCHRONISED,AUTOMATIC,HIGH_LOAD,65,1950,1950,0,145,253,0.3,0.33,25.4395,48.92,1.044,1,0.0256,0,211.31,20.7674,-0.00062,1,0.18,0.292,4.8388,61,CRITICAL,F4,4,1,thermal_overload,0.6,1,1,,,,,32,0
2026-08-19T19:53:16.940Z,1787169196940,FAN_DT_001_F4_S06_R01_20260819T194720,1,356.368,FAULT_ACTIVE,F4,0.6,FAN_DT_001,3.0,process-model-3.0.0-build3,10120,1,LIVE,SYNCHRONISED,AUTOMATIC,HIGH_LOAD,65,1950,1950,0,145,253,0.3,0.33,25.4241,48.92,1.044,1,0.0256,0,211.31,20.8278,-0.00036,1,0.18,0.169,4.8529,61,CRITICAL,F4,4,1,thermal_overload,0.6,1,1,,,,,32,0
2026-08-19T19:53:17.972Z,1787169197972,FAN_DT_001_F4_S06_R01_20260819T194720,1,357.399,FAULT_ACTIVE,F4,0.6,FAN_DT_001,3.0,process-model-3.0.0-build3,10121,1,LIVE,SYNCHRONISED,AUTOMATIC,HIGH_LOAD,65,1950,1950,0,145,253,0.3,0.33,25.40838,48.92,1.044,1,0.0256,0,211.31,20.8886,-0.00009,1,0.18,0.042,4.867,61,CRITICAL,F4,4,1,thermal_overload,0.6,1,1,,,,,32,0
2026-08-19T19:53:19.008Z,1787169199008,FAN_DT_001_F4_S06_R01_20260819T194720,1,358.435,FAULT_ACTIVE,F4,0.6,FAN_DT_001,3.0,process-model-3.0.0-build3,10122,1,LIVE,SYNCHRONISED,AUTOMATIC,HIGH_LOAD,65,1950,1950,0,145,253,0.3,0.33,25.39254,48.92,1.044,1,0.0256,0,211.31,20.949,0.00015,1,0.18,0.07,4.8811,61,CRITICAL,F4,4,1,thermal_overload,0.6,1,1,,,,,32,0
2026-08-19T19:53:20.040Z,1787169200040,FAN_DT_001_F4_S06_R01_20260819T194720,1,359.467,FAULT_ACTIVE,F4,0.6,FAN_DT_001,3.0,process-model-3.0.0-build3,10123,1,LIVE,SYNCHRONISED,AUTOMATIC,HIGH_LOAD,65,1950,1950,0,145,253,0.3,0.33,25.37641,48.92,1.044,1,0.0256,0,211.31,21.0098,0.00042,1,0.18,0.201,4.8953,61,CRITICAL,F4,4,1,thermal_overload,0.6,1,1,,,,,32,0
2026-08-19T19:53:21.091Z,1787169201091,FAN_DT_001_F4_S06_R01_20260819T194720,1,360.518,FAULT_ACTIVE,F4,0.6,FAN_DT_001,3.0,process-model-3.0.0-build3,10124,1,LIVE,SYNCHRONISED,AUTOMATIC,HIGH_LOAD,65,1950,1950,0,145,253,0.3,0.33,25.36017,48.92,1.044,1,0.0256,0,211.31,21.0702,0.00069,1,0.18,0.328,4.9093,61,CRITICAL,F4,4,1,thermal_overload,0.6,1,1,,,,,32,0
2026-08-19T19:53:22.109Z,1787169202109,FAN_DT_001_F4_S06_R01_20260819T194720,1,361.537,FAULT_ACTIVE,F4,0.6,FAN_DT_001,3.0,process-model-3.0.0-build3,10125,1,LIVE,SYNCHRONISED,AUTOMATIC,HIGH_LOAD,65,1950,1950,0,145,253,0.3,0.33,25.34362,48.92,1.044,1,0.0256,0,211.31,21.131,0.00094,1,0.18,0.444,4.9235,61,CRITICAL,F4,4,1,thermal_overload,0.6,1,1,,,,,32,0
2026-08-19T19:53:23.151Z,1787169203151,FAN_DT_001_F4_S06_R01_20260819T194720,1,362.579,FAULT_ACTIVE,F4,0.6,FAN_DT_001,3.0,process-model-3.0.0-build3,10126,1,LIVE,SYNCHRONISED,AUTOMATIC,HIGH_LOAD,65,1950,1950,0,145,253,0.3,0.33,25.32699,48.92,1.044,1,0.0256,0,211.31,21.1915,0.00119,1,0.18,0.561,4.9376,61,CRITICAL,F4,4,1,thermal_overload,0.6,1,1,,,,,32,0
2026-08-19T19:53:24.178Z,1787169204178,FAN_DT_001_F4_S06_R01_20260819T194720,1,363.605,FAULT_ACTIVE,F4,0.6,FAN_DT_001,3.0,process-model-3.0.0-build3,10127,1,LIVE,SYNCHRONISED,AUTOMATIC,HIGH_LOAD,65,1950,1950,0,145,253,0.3,0.33,25.31016,48.92,1.044,1,0.0256,0,211.31,21.2521,0.00145,1,0.18,0.688,4.9517,61,CRITICAL,F4,4,1,thermal_overload,0.6,1,1,,,,,32,0
2026-08-19T19:53:25.203Z,1787169205203,FAN_DT_001_F4_S06_R01_20260819T194720,1,364.63,FAULT_ACTIVE,F4,0.6,FAN_DT_001,3.0,process-model-3.0.0-build3,10128,1,LIVE,SYNCHRONISED,AUTOMATIC,HIGH_LOAD,65,1950,1950,0,145,253,0.3,0.33,25.29325,48.92,1.044,1,0.0256,0,211.31,21.3123,0.0017,1,0.18,0.807,4.9658,61,CRITICAL,F4,4,1,thermal_overload,0.6,1,1,,,,,32,0
2026-08-19T19:53:26.241Z,1787169206241,FAN_DT_001_F4_S06_R01_20260819T194720,1,365.669,FAULT_ACTIVE,F4,0.6,FAN_DT_001,3.0,process-model-3.0.0-build3,10129,1,LIVE,SYNCHRONISED,AUTOMATIC,HIGH_LOAD,65,1950,1950,0,145,253,0.3,0.33,25.27616,48.92,1.044,1,0.0256,0,211.31,21.3727,0.00195,1,0.18,0.924,4.9798,61,CRITICAL,F4,4,1,thermal_overload,0.6,1,1,,,,,32,0
2026-08-19T19:53:27.270Z,1787169207270,FAN_DT_001_F4_S06_R01_20260819T194720,1,366.701,FAULT_ACTIVE,F4,0.6,FAN_DT_001,3.0,process-model-3.0.0-build3,10130,1,LIVE,SYNCHRONISED,AUTOMATIC,HIGH_LOAD,65,1950,1950,0,145,253,0.3,0.33,25.25883,48.91,1.044,1,0.0256,0,211.31,21.4334,0.0022,1,0.18,1.042,4.994,61,CRITICAL,F4,4,1,thermal_overload,0.6,1,1,,,,,32,0
2026-08-19T19:53:28.314Z,1787169208314,FAN_DT_001_F4_S06_R01_20260819T194720,1,367.742,FAULT_ACTIVE,F4,0.6,FAN_DT_001,3.0,process-model-3.0.0-build3,10131,1,LIVE,SYNCHRONISED,AUTOMATIC,HIGH_LOAD,65,1950,1950,0,145,253,0.3,0.33,25.24144,48.91,1.044,1,0.0256,0,211.31,21.4939,0.00244,1,0.18,1.157,5.0081,61,CRITICAL,F4,4,1,thermal_overload,0.6,1,1,,,,,32,0
2026-08-19T19:53:29.339Z,1787169209339,FAN_DT_001_F4_S06_R01_20260819T194720,1,368.769,FAULT_ACTIVE,F4,0.6,FAN_DT_001,3.0,process-model-3.0.0-build3,10132,1,LIVE,SYNCHRONISED,AUTOMATIC,HIGH_LOAD,65,1950,1950,0,145,253,0.3,0.33,25.22379,48.91,1.044,1,0.0256,0,211.31,21.5547,0.0027,1,0.18,1.279,5.0223,61,CRITICAL,F4,4,1,thermal_overload,0.6,1,1,,,,,32,0
2026-08-19T19:53:30.377Z,1787169210377,FAN_DT_001_F4_S06_R01_20260819T194720,1,369.805,FAULT_ACTIVE,F4,0.6,FAN_DT_001,3.0,process-model-3.0.0-build3,10133,1,LIVE,SYNCHRONISED,AUTOMATIC,HIGH_LOAD,65,1950,1950,0,145,253,0.3,0.33,25.20619,48.91,1.044,1,0.0256,0,211.31,21.6151,0.00293,1,0.18,1.389,5.0363,61,CRITICAL,F4,4,1,thermal_overload,0.6,1,1,,,,,32,0
2026-08-19T19:53:31.449Z,1787169211449,FAN_DT_001_F4_S06_R01_20260819T194720,1,370.877,FAULT_ACTIVE,F4,0.6,FAN_DT_001,3.0,process-model-3.0.0-build3,10134,1,LIVE,SYNCHRONISED,AUTOMATIC,HIGH_LOAD,65,1950,1950,0,145,253,0.3,0.33,25.18835,48.9,1.044,1,0.0256,0,211.31,21.6759,0.00318,1,0.18,1.504,5.0505,61,CRITICAL,F4,4,1,thermal_overload,0.6,1,1,,,,,32,0
2026-08-19T19:53:32.443Z,1787169212443,FAN_DT_001_F4_S06_R01_20260819T194720,1,371.871,FAULT_ACTIVE,F4,0.6,FAN_DT_001,3.0,process-model-3.0.0-build3,10135,1,LIVE,SYNCHRONISED,AUTOMATIC,HIGH_LOAD,65,1950,1950,0,145,253,0.3,0.33,25.17049,48.9,1.044,1,0.0256,0,211.31,21.7364,0.00344,1,0.18,1.626,5.0646,61,CRITICAL,F4,4,1,thermal_overload,0.6,1,1,,,,,32,0
2026-08-19T19:53:33.487Z,1787169213487,FAN_DT_001_F4_S06_R01_20260819T194720,1,372.914,FAULT_ACTIVE,F4,0.6,FAN_DT_001,3.0,process-model-3.0.0-build3,10136,1,LIVE,SYNCHRONISED,AUTOMATIC,HIGH_LOAD,65,1950,1950,0,145,253,0.3,0.33,25.15245,48.9,1.044,1,0.0256,0,211.31,21.7972,0.00366,1,0.18,1.734,5.0788,61,CRITICAL,F4,4,1,thermal_overload,0.6,1,1,,,,,32,0
2026-08-19T19:53:34.517Z,1787169214517,FAN_DT_001_F4_S06_R01_20260819T194720,1,373.944,FAULT_ACTIVE,F4,0.6,FAN_DT_001,3.0,process-model-3.0.0-build3,10137,1,LIVE,SYNCHRONISED,AUTOMATIC,HIGH_LOAD,65,1950,1950,0,145,253,0.3,0.33,25.13433,48.89,1.044,1,0.0256,0,211.31,21.858,0.0039,1,0.18,1.846,5.0929,61,CRITICAL,F4,4,1,thermal_overload,0.6,1,1,,,,,32,0
2026-08-19T19:53:35.550Z,1787169215550,FAN_DT_001_F4_S06_R01_20260819T194720,1,374.977,FAULT_ACTIVE,F4,0.6,FAN_DT_001,3.0,process-model-3.0.0-build3,10138,1,LIVE,SYNCHRONISED,AUTOMATIC,HIGH_LOAD,65,1950,1950,0,145,253,0.3,0.33,25.11628,48.89,1.044,1,0.0256,0,211.31,21.9184,0.00415,1,0.18,1.962,5.107,61,CRITICAL,F4,4,1,thermal_overload,0.6,1,1,,,,,32,0
2026-08-19T19:53:36.585Z,1787169216585,FAN_DT_001_F4_S06_R01_20260819T194720,1,376.012,FAULT_ACTIVE,F4,0.6,FAN_DT_001,3.0,process-model-3.0.0-build3,10139,1,LIVE,SYNCHRONISED,AUTOMATIC,HIGH_LOAD,65,1950,1950,0,145,253,0.3,0.33,25.09806,48.88,1.044,1,0.0256,0,211.31,21.9791,0.00435,1,0.18,2.057,5.1211,61,CRITICAL,F4,4,1,thermal_overload,0.6,1,1,,,,,32,0
2026-08-19T19:53:37.614Z,1787169217614,FAN_DT_001_F4_S06_R01_20260819T194720,1,377.043,FAULT_ACTIVE,F4,0.6,FAN_DT_001,3.0,process-model-3.0.0-build3,10140,1,LIVE,SYNCHRONISED,AUTOMATIC,HIGH_LOAD,65,1950,1950,0,145,253,0.3,0.33,25.07985,48.88,1.044,1,0.0256,0,211.31,22.0396,0.00458,1,0.18,2.167,5.1352,61,CRITICAL,F4,4,1,thermal_overload,0.6,1,1,,,,,32,0
2026-08-19T19:53:38.644Z,1787169218644,FAN_DT_001_F4_S06_R01_20260819T194720,1,378.071,FAULT_ACTIVE,F4,0.6,FAN_DT_001,3.0,process-model-3.0.0-build3,10141,1,LIVE,SYNCHRONISED,AUTOMATIC,HIGH_LOAD,65,1950,1950,0,145,253,0.3,0.33,25.06156,48.87,1.044,1,0.0256,0,211.31,22.1002,0.00481,1,0.18,2.278,5.1493,61,CRITICAL,F4,4,1,thermal_overload,0.6,1,1,,,,,32,0
2026-08-19T19:53:39.680Z,1787169219680,FAN_DT_001_F4_S06_R01_20260819T194720,1,379.108,FAULT_ACTIVE,F4,0.6,FAN_DT_001,3.0,process-model-3.0.0-build3,10142,1,LIVE,SYNCHRONISED,AUTOMATIC,HIGH_LOAD,65,1950,1950,0,145,253,0.3,0.33,25.0433,48.87,1.044,1,0.0256,0,211.31,22.1606,0.00504,1,0.18,2.384,5.1634,61,CRITICAL,F4,4,1,thermal_overload,0.6,1,1,,,,,32,0
2026-08-19T19:53:40.707Z,1787169220707,FAN_DT_001_F4_S06_R01_20260819T194720,1,380.136,FAULT_ACTIVE,F4,0.6,FAN_DT_001,3.0,process-model-3.0.0-build3,10143,1,LIVE,SYNCHRONISED,AUTOMATIC,HIGH_LOAD,65,1950,1950,0,145,253,0.3,0.33,25.02502,48.86,1.044,1,0.0256,0,211.31,22.2211,0.00524,1,0.18,2.479,5.1775,61,CRITICAL,F4,4,1,thermal_overload,0.6,1,1,,,,,32,0
2026-08-19T19:53:41.759Z,1787169221759,FAN_DT_001_F4_S06_R01_20260819T194720,1,381.187,FAULT_ACTIVE,F4,0.6,FAN_DT_001,3.0,process-model-3.0.0-build3,10144,1,LIVE,SYNCHRONISED,AUTOMATIC,HIGH_LOAD,65,1950,1950,0,145,253,0.3,0.33,25.00667,48.86,1.044,1,0.0256,0,211.31,22.2816,0.00546,1,0.18,2.585,5.1916,61,CRITICAL,F4,4,1,thermal_overload,0.6,1,1,,,,,32,0
2026-08-19T19:53:42.777Z,1787169222777,FAN_DT_001_F4_S06_R01_20260819T194720,1,382.205,FAULT_ACTIVE,F4,0.6,FAN_DT_001,3.0,process-model-3.0.0-build3,10145,1,LIVE,SYNCHRONISED,AUTOMATIC,HIGH_LOAD,65,1950,1950,0,145,253,0.3,0.33,24.98827,48.85,1.044,1,0.0256,0,211.31,22.3424,0.00566,1,0.18,2.679,5.2058,61,CRITICAL,F4,4,1,thermal_overload,0.6,1,1,,,,,32,0
2026-08-19T19:53:43.814Z,1787169223814,FAN_DT_001_F4_S06_R01_20260819T194720,1,383.242,FAULT_ACTIVE,F4,0.6,FAN_DT_001,3.0,process-model-3.0.0-build3,10146,1,LIVE,SYNCHRONISED,AUTOMATIC,HIGH_LOAD,65,1950,1950,0,145,253,0.3,0.33,24.96998,48.85,1.044,1,0.0256,0,211.31,22.4028,0.00587,1,0.18,2.777,5.2198,61,CRITICAL,F4,4,1,thermal_overload,0.6,1,1,,,,,32,0
2026-08-19T19:53:44.852Z,1787169224852,FAN_DT_001_F4_S06_R01_20260819T194720,1,384.279,FAULT_ACTIVE,F4,0.6,FAN_DT_001,3.0,process-model-3.0.0-build3,10147,1,LIVE,SYNCHRONISED,AUTOMATIC,HIGH_LOAD,65,1950,1950,0,145,253,0.3,0.33,24.9516,48.84,1.044,1,0.0256,0,211.31,22.4636,0.00605,1,0.18,2.866,5.234,61,CRITICAL,F4,4,1,thermal_overload,0.6,1,1,,,,,32,0
2026-08-19T19:53:45.893Z,1787169225893,FAN_DT_001_F4_S06_R01_20260819T194720,1,385.32,FAULT_ACTIVE,F4,0.6,FAN_DT_001,3.0,process-model-3.0.0-build3,10148,1,LIVE,SYNCHRONISED,AUTOMATIC,HIGH_LOAD,65,1950,1950,0,145,253,0.3,0.33,24.9333,48.83,1.044,1,0.0256,0,211.31,22.5241,0.00627,1,0.18,2.968,5.2481,61,CRITICAL,F4,4,1,thermal_overload,0.6,1,1,,,,,32,0
2026-08-19T19:53:46.915Z,1787169226915,FAN_DT_001_F4_S06_R01_20260819T194720,1,386.343,FAULT_ACTIVE,F4,0.6,FAN_DT_001,3.0,process-model-3.0.0-build3,10149,1,LIVE,SYNCHRONISED,AUTOMATIC,HIGH_LOAD,65,1950,1950,0,145,253,0.3,0.33,24.91504,48.83,1.044,1,0.0256,0,211.31,22.5847,0.00646,1,0.18,3.056,5.2622,61,CRITICAL,F4,4,1,thermal_overload,0.6,1,1,,,,,32,0
2026-08-19T19:53:47.950Z,1787169227950,FAN_DT_001_F4_S06_R01_20260819T194720,1,387.378,FAULT_ACTIVE,F4,0.6,FAN_DT_001,3.0,process-model-3.0.0-build3,10150,1,LIVE,SYNCHRONISED,AUTOMATIC,HIGH_LOAD,65,1950,1950,0,145,253,0.3,0.33,24.89676,48.82,1.044,1,0.0256,0,211.31,22.6454,0.00665,1,0.18,3.149,5.2764,61,CRITICAL,F4,4,1,thermal_overload,0.6,1,1,,,,,32,0
2026-08-19T19:53:48.986Z,1787169228986,FAN_DT_001_F4_S06_R01_20260819T194720,1,388.414,FAULT_ACTIVE,F4,0.6,FAN_DT_001,3.0,process-model-3.0.0-build3,10151,1,LIVE,SYNCHRONISED,AUTOMATIC,HIGH_LOAD,65,1950,1950,0,145,253,0.3,0.33,24.87867,48.81,1.044,1,0.0256,0,211.31,22.7058,0.00683,1,0.18,3.23,5.2905,61,CRITICAL,F4,4,1,thermal_overload,0.6,1,1,,,,,32,0
2026-08-19T19:53:50.015Z,1787169230015,FAN_DT_001_F4_S06_R01_20260819T194720,1,389.443,FAULT_ACTIVE,F4,0.6,FAN_DT_001,3.0,process-model-3.0.0-build3,10152,1,LIVE,SYNCHRONISED,AUTOMATIC,HIGH_LOAD,65,1950,1950,0,145,253,0.3,0.33,24.86053,48.81,1.044,1,0.0256,0,211.31,22.7665,0.00702,1,0.18,3.322,5.3046,61,CRITICAL,F4,4,1,thermal_overload,0.6,1,1,,,,,32,0
2026-08-19T19:53:51.049Z,1787169231049,FAN_DT_001_F4_S06_R01_20260819T194720,1,390.477,FAULT_ACTIVE,F4,0.6,FAN_DT_001,3.0,process-model-3.0.0-build3,10153,1,LIVE,SYNCHRONISED,AUTOMATIC,HIGH_LOAD,65,1950,1950,0,145,253,0.3,0.33,24.84255,48.8,1.044,1,0.0256,0,211.31,22.8269,0.0072,1,0.18,3.405,5.3187,61,CRITICAL,F4,4,1,thermal_overload,0.6,1,1,,,,,32,0
2026-08-19T19:53:52.081Z,1787169232081,FAN_DT_001_F4_S06_R01_20260819T194720,1,391.509,FAULT_ACTIVE,F4,0.6,FAN_DT_001,3.0,process-model-3.0.0-build3,10154,1,LIVE,SYNCHRONISED,AUTOMATIC,HIGH_LOAD,65,1950,1950,0,145,253,0.3,0.33,24.82456,48.79,1.044,1,0.0256,0,211.31,22.8876,0.00736,1,0.18,3.482,5.3328,61,CRITICAL,F4,4,1,thermal_overload,0.6,1,1,,,,,32,0
2026-08-19T19:53:53.120Z,1787169233120,FAN_DT_001_F4_S06_R01_20260819T194720,1,392.549,FAULT_ACTIVE,F4,0.6,FAN_DT_001,3.0,process-model-3.0.0-build3,10155,1,LIVE,SYNCHRONISED,AUTOMATIC,HIGH_LOAD,65,1950,1950,0,145,253,0.3,0.33,24.80673,48.78,1.044,1,0.0256,0,211.31,22.9481,0.00754,1,0.18,3.57,5.3469,61,CRITICAL,F4,4,1,thermal_overload,0.6,1,1,,,,,32,0
2026-08-19T19:53:54.156Z,1787169234156,FAN_DT_001_F4_S06_R01_20260819T194720,1,393.583,FAULT_ACTIVE,F4,0.6,FAN_DT_001,3.0,process-model-3.0.0-build3,10156,1,LIVE,SYNCHRONISED,AUTOMATIC,HIGH_LOAD,65,1950,1950,0,145,253,0.3,0.33,24.78897,48.78,1.044,1,0.0256,0,211.31,23.0087,0.00769,1,0.18,3.639,5.361,61,CRITICAL,F4,4,1,thermal_overload,0.6,1,1,,,,,32,0
2026-08-19T19:53:55.195Z,1787169235195,FAN_DT_001_F4_S06_R01_20260819T194720,1,394.624,FAULT_ACTIVE,F4,0.6,FAN_DT_001,3.0,process-model-3.0.0-build3,10157,1,LIVE,SYNCHRONISED,AUTOMATIC,HIGH_LOAD,65,1950,1950,0,145,253,0.3,0.33,24.7712,48.77,1.044,1,0.0256,0,211.31,23.0698,0.00785,1,0.18,3.717,5.3753,61,CRITICAL,F4,4,1,thermal_overload,0.6,1,1,,,,,32,0
2026-08-19T19:53:56.221Z,1787169236221,FAN_DT_001_F4_S06_R01_20260819T194720,1,395.649,FAULT_ACTIVE,F4,0.6,FAN_DT_001,3.0,process-model-3.0.0-build3,10158,1,LIVE,SYNCHRONISED,AUTOMATIC,HIGH_LOAD,65,1950,1950,0,145,253,0.3,0.33,24.75385,48.76,1.044,1,0.0256,0,211.31,23.1297,0.00802,1,0.18,3.794,5.3892,61,CRITICAL,F4,4,1,thermal_overload,0.6,1,1,,,,,32,0
2026-08-19T19:53:57.251Z,1787169237251,FAN_DT_001_F4_S06_R01_20260819T194720,1,396.678,FAULT_ACTIVE,F4,0.6,FAN_DT_001,3.0,process-model-3.0.0-build3,10159,1,LIVE,SYNCHRONISED,AUTOMATIC,HIGH_LOAD,65,1950,1950,0,145,253,0.3,0.33,24.73644,48.75,1.044,1,0.0256,0,211.31,23.1903,0.00814,1,0.18,3.854,5.4033,61,CRITICAL,F4,4,1,thermal_overload,0.6,1,1,,,,,32,0
2026-08-19T19:53:58.287Z,1787169238287,FAN_DT_001_F4_S06_R01_20260819T194720,1,397.716,FAULT_ACTIVE,F4,0.6,FAN_DT_001,3.0,process-model-3.0.0-build3,10160,1,LIVE,SYNCHRONISED,AUTOMATIC,HIGH_LOAD,65,1950,1950,0,145,253,0.3,0.33,24.71927,48.74,1.044,1,0.0256,0,211.31,23.2507,0.0083,1,0.18,3.93,5.4174,61,CRITICAL,F4,4,1,thermal_overload,0.6,1,1,,,,,32,0
2026-08-19T19:53:59.324Z,1787169239324,FAN_DT_001_F4_S06_R01_20260819T194720,1,398.751,FAULT_ACTIVE,F4,0.6,FAN_DT_001,3.0,process-model-3.0.0-build3,10161,1,LIVE,SYNCHRONISED,AUTOMATIC,HIGH_LOAD,65,1950,1950,0,145,253,0.3,0.33,24.70212,48.73,1.044,1,0.0256,0,211.31,23.3114,0.00845,1,0.18,3.998,5.4316,61,CRITICAL,F4,4,1,thermal_overload,0.6,1,1,,,,,32,0
2026-08-19T19:54:00.351Z,1787169240351,FAN_DT_001_F4_S06_R01_20260819T194720,1,399.779,FAULT_ACTIVE,F4,0.6,FAN_DT_001,3.0,process-model-3.0.0-build3,10162,1,LIVE,SYNCHRONISED,AUTOMATIC,HIGH_LOAD,65,1950,1950,0,145,253,0.3,0.33,24.68523,48.73,1.044,1,0.0256,0,211.31,23.3717,0.00859,1,0.18,4.065,5.4456,61,CRITICAL,F4,4,1,thermal_overload,0.6,1,1,,,,,32,0
2026-08-19T19:54:01.377Z,1787169241377,FAN_DT_001_F4_S06_R01_20260819T194720,1,400.805,FAULT_ACTIVE,F4,0.6,FAN_DT_001,3.0,process-model-3.0.0-build3,10163,1,LIVE,SYNCHRONISED,AUTOMATIC,HIGH_LOAD,65,1950,1950,0,145,253,0.3,0.33,24.66842,48.72,1.044,1,0.0256,0,211.31,23.4324,0.0087,1,0.18,4.116,5.4597,61,CRITICAL,F4,4,1,thermal_overload,0.6,1,1,,,,,32,0
2026-08-19T19:54:02.412Z,1787169242412,FAN_DT_001_F4_S06_R01_20260819T194720,1,401.839,FAULT_ACTIVE,F4,0.6,FAN_DT_001,3.0,process-model-3.0.0-build3,10164,1,LIVE,SYNCHRONISED,AUTOMATIC,HIGH_LOAD,65,1950,1950,0,145,253,0.3,0.33,24.65186,48.71,1.044,1,0.0256,0,211.31,23.4928,0.00884,1,0.18,4.185,5.4738,61,CRITICAL,F4,4,1,thermal_overload,0.6,1,1,,,,,32,0
2026-08-19T19:54:03.449Z,1787169243449,FAN_DT_001_F4_S06_R01_20260819T194720,1,402.876,FAULT_ACTIVE,F4,0.6,FAN_DT_001,3.0,process-model-3.0.0-build3,10165,1,LIVE,SYNCHRONISED,AUTOMATIC,HIGH_LOAD,65,1950,1950,0,145,253,0.3,0.33,24.63543,48.7,1.044,1,0.0256,0,211.31,23.5534,0.00896,1,0.18,4.241,5.4879,61,CRITICAL,F4,4,1,thermal_overload,0.6,1,1,,,,,32,0
2026-08-19T19:54:04.491Z,1787169244491,FAN_DT_001_F4_S06_R01_20260819T194720,1,403.92,FAULT_ACTIVE,F4,0.6,FAN_DT_001,3.0,process-model-3.0.0-build3,10166,1,LIVE,SYNCHRONISED,AUTOMATIC,HIGH_LOAD,65,1950,1950,0,145,253,0.3,0.33,24.61912,48.69,1.044,1,0.0256,0,211.31,23.6143,0.00907,1,0.18,4.294,5.5021,61,CRITICAL,F4,4,1,thermal_overload,0.6,1,1,,,,,32,0
2026-08-19T19:54:05.516Z,1787169245516,FAN_DT_001_F4_S06_R01_20260819T194720,1,404.943,FAULT_ACTIVE,F4,0.6,FAN_DT_001,3.0,process-model-3.0.0-build3,10167,1,LIVE,SYNCHRONISED,AUTOMATIC,HIGH_LOAD,65,1950,1950,0,145,253,0.3,0.33,24.60313,48.68,1.044,1,0.0256,0,211.31,23.6747,0.00917,1,0.18,4.341,5.5162,61,CRITICAL,F4,4,1,thermal_overload,0.6,1,1,,,,,32,0
2026-08-19T19:54:06.547Z,1787169246547,FAN_DT_001_F4_S06_R01_20260819T194720,1,405.974,FAULT_ACTIVE,F4,0.6,FAN_DT_001,3.0,process-model-3.0.0-build3,10168,1,LIVE,SYNCHRONISED,AUTOMATIC,HIGH_LOAD,65,1950,1950,0,145,253,0.3,0.33,24.5873,48.67,1.044,1,0.0256,0,211.31,23.7353,0.00928,1,0.18,4.39,5.5303,61,CRITICAL,F4,4,1,thermal_overload,0.6,1,1,,,,,32,0
2026-08-19T19:54:07.583Z,1787169247583,FAN_DT_001_F4_S06_R01_20260819T194720,1,407.012,FAULT_ACTIVE,F4,0.6,FAN_DT_001,3.0,process-model-3.0.0-build3,10169,1,LIVE,SYNCHRONISED,AUTOMATIC,HIGH_LOAD,65,1950,1950,0,145,253,0.3,0.33,24.57169,48.66,1.044,1,0.0256,0,211.31,23.7959,0.00938,1,0.18,4.441,5.5444,61,CRITICAL,F4,4,1,thermal_overload,0.6,1,1,,,,,32,0
2026-08-19T19:54:08.635Z,1787169248635,FAN_DT_001_F4_S06_R01_20260819T194720,1,408.062,FAULT_ACTIVE,F4,0.6,FAN_DT_001,3.0,process-model-3.0.0-build3,10170,1,LIVE,SYNCHRONISED,AUTOMATIC,HIGH_LOAD,65,1950,1950,0,145,253,0.3,0.33,24.55631,48.65,1.044,1,0.0256,0,211.31,23.8564,0.00948,1,0.18,4.486,5.5586,61,CRITICAL,F4,4,1,thermal_overload,0.6,1,1,,,,,32,0
2026-08-19T19:54:09.647Z,1787169249647,FAN_DT_001_F4_S06_R01_20260819T194720,1,409.075,FAULT_ACTIVE,F4,0.6,FAN_DT_001,3.0,process-model-3.0.0-build3,10171,1,LIVE,SYNCHRONISED,AUTOMATIC,HIGH_LOAD,65,1950,1950,0,145,253,0.3,0.33,24.54114,48.64,1.044,1,0.0256,0,211.31,23.9171,0.00957,1,0.18,4.528,5.5727,61,CRITICAL,F4,4,1,thermal_overload,0.6,1,1,,,,,32,0
2026-08-19T19:54:10.678Z,1787169250678,FAN_DT_001_F4_S06_R01_20260819T194720,1,410.107,FAULT_ACTIVE,F4,0.6,FAN_DT_001,3.0,process-model-3.0.0-build3,10172,1,LIVE,SYNCHRONISED,AUTOMATIC,HIGH_LOAD,65,1950,1950,0,145,253,0.3,0.33,24.5263,48.63,1.044,1,0.0256,0,211.31,23.9774,0.00965,1,0.18,4.568,5.5867,61,CRITICAL,F4,4,1,thermal_overload,0.6,1,1,,,,,32,0
2026-08-19T19:54:11.711Z,1787169251711,FAN_DT_001_F4_S06_R01_20260819T194720,1,411.139,FAULT_ACTIVE,F4,0.6,FAN_DT_001,3.0,process-model-3.0.0-build3,10173,1,LIVE,SYNCHRONISED,AUTOMATIC,HIGH_LOAD,65,1950,1950,0,145,253,0.3,0.33,24.51165,48.62,1.044,1,0.0256,0,211.31,24.0379,0.00972,1,0.18,4.599,5.6008,61,CRITICAL,F4,4,1,thermal_overload,0.6,1,1,,,,,32,0
2026-08-19T19:54:12.746Z,1787169252746,FAN_DT_001_F4_S06_R01_20260819T194720,1,412.173,FAULT_ACTIVE,F4,0.6,FAN_DT_001,3.0,process-model-3.0.0-build3,10174,1,LIVE,SYNCHRONISED,AUTOMATIC,HIGH_LOAD,65,1950,1950,0,145,253,0.3,0.33,24.4972,48.61,1.044,1,0.0256,0,211.31,24.0987,0.0098,1,0.18,4.636,5.615,61,CRITICAL,F4,4,1,thermal_overload,0.6,1,1,,,,,32,0
2026-08-19T19:54:13.797Z,1787169253797,FAN_DT_001_F4_S06_R01_20260819T194720,1,413.226,FAULT_ACTIVE,F4,0.6,FAN_DT_001,3.0,process-model-3.0.0-build3,10175,1,LIVE,SYNCHRONISED,AUTOMATIC,HIGH_LOAD,65,1950,1950,0,145,253,0.3,0.33,24.48306,48.6,1.044,1,0.0256,0,211.31,24.1593,0.00985,1,0.18,4.662,5.6291,61,CRITICAL,F4,4,1,thermal_overload,0.6,1,1,,,,,32,0
2026-08-19T19:54:14.821Z,1787169254821,FAN_DT_001_F4_S06_R01_20260819T194720,1,414.249,FAULT_ACTIVE,F4,0.6,FAN_DT_001,3.0,process-model-3.0.0-build3,10176,1,LIVE,SYNCHRONISED,AUTOMATIC,HIGH_LOAD,65,1950,1950,0,145,253,0.3,0.33,24.46918,48.59,1.044,1,0.0256,0,211.31,24.2199,0.00991,1,0.18,4.691,5.6432,61,CRITICAL,F4,4,1,thermal_overload,0.6,1,1,,,,,32,0
2026-08-19T19:54:15.848Z,1787169255848,FAN_DT_001_F4_S06_R01_20260819T194720,1,415.278,FAULT_ACTIVE,F4,0.6,FAN_DT_001,3.0,process-model-3.0.0-build3,10177,1,LIVE,SYNCHRONISED,AUTOMATIC,HIGH_LOAD,65,1950,1950,0,145,253,0.3,0.33,24.45566,48.58,1.044,1,0.0256,0,211.31,24.2802,0.00996,1,0.18,4.714,5.6573,61,CRITICAL,F4,4,1,thermal_overload,0.6,1,1,,,,,32,0
2026-08-19T19:54:16.883Z,1787169256883,FAN_DT_001_F4_S06_R01_20260819T194720,1,416.313,FAULT_ACTIVE,F4,0.6,FAN_DT_001,3.0,process-model-3.0.0-build3,10178,1,LIVE,SYNCHRONISED,AUTOMATIC,HIGH_LOAD,65,1950,1950,0,145,253,0.3,0.33,24.44234,48.57,1.044,1,0.0256,0,211.31,24.3409,0.01003,1,0.18,4.746,5.6714,61,CRITICAL,F4,4,1,thermal_overload,0.6,1,1,,,,,32,0
2026-08-19T19:54:17.912Z,1787169257912,FAN_DT_001_F4_S06_R01_20260819T194720,1,417.344,FAULT_ACTIVE,F4,0.6,FAN_DT_001,3.0,process-model-3.0.0-build3,10179,1,LIVE,SYNCHRONISED,AUTOMATIC,HIGH_LOAD,65,1950,1950,0,145,253,0.3,0.33,24.42936,48.56,1.044,1,0.0256,0,211.31,24.4013,0.01005,1,0.18,4.757,5.6855,61,CRITICAL,F4,4,1,thermal_overload,0.6,1,1,,,,,32,0
2026-08-19T19:54:18.951Z,1787169258951,FAN_DT_001_F4_S06_R01_20260819T194720,1,418.379,FAULT_ACTIVE,F4,0.6,FAN_DT_001,3.0,process-model-3.0.0-build3,10180,1,LIVE,SYNCHRONISED,AUTOMATIC,HIGH_LOAD,65,1950,1950,0,145,253,0.3,0.33,24.41662,48.55,1.044,1,0.0256,0,211.31,24.462,0.01012,1,0.18,4.787,5.6996,61,CRITICAL,F4,4,1,thermal_overload,0.6,1,1,,,,,32,0
2026-08-19T19:54:19.978Z,1787169259978,FAN_DT_001_F4_S06_R01_20260819T194720,1,419.405,FAULT_ACTIVE,F4,0.6,FAN_DT_001,3.0,process-model-3.0.0-build3,10181,1,LIVE,SYNCHRONISED,AUTOMATIC,HIGH_LOAD,65,1950,1950,0,145,253,0.3,0.33,24.40428,48.54,1.044,1,0.0256,0,211.31,24.5223,0.01014,1,0.18,4.8,5.7137,61,CRITICAL,F4,4,1,thermal_overload,0.6,1,1,,,,,32,0
2026-08-19T19:54:21.012Z,1787169261012,FAN_DT_001_F4_S06_R01_20260819T194720,1,420.441,FAULT_ACTIVE,F4,0.6,FAN_DT_001,3.0,process-model-3.0.0-build3,10182,1,LIVE,SYNCHRONISED,AUTOMATIC,HIGH_LOAD,65,1950,1950,0,145,253,0.3,0.33,24.39215,48.53,1.044,1,0.0256,0,211.31,24.5831,0.01016,1,0.18,4.81,5.7279,61,CRITICAL,F4,4,1,thermal_overload,0.6,1,1,,,,,32,0
2026-08-19T19:54:22.048Z,1787169262048,FAN_DT_001_F4_S06_R01_20260819T194720,1,421.475,FAULT_ACTIVE,F4,0.6,FAN_DT_001,3.0,process-model-3.0.0-build3,10183,1,LIVE,SYNCHRONISED,AUTOMATIC,HIGH_LOAD,65,1950,1950,0,145,253,0.3,0.33,24.38039,48.52,1.044,1,0.0256,0,211.31,24.6436,0.01018,1,0.18,4.819,5.742,61,CRITICAL,F4,4,1,thermal_overload,0.6,1,1,,,,,32,0
2026-08-19T19:54:23.095Z,1787169263095,FAN_DT_001_F4_S06_R01_20260819T194720,1,422.522,FAULT_ACTIVE,F4,0.6,FAN_DT_001,3.0,process-model-3.0.0-build3,10184,1,LIVE,SYNCHRONISED,AUTOMATIC,HIGH_LOAD,65,1950,1950,0,145,253,0.3,0.33,24.36888,48.51,1.044,1,0.0256,0,211.31,24.7045,0.0102,1,0.18,4.828,5.7562,61,CRITICAL,F4,4,1,thermal_overload,0.6,1,1,,,,,32,0
2026-08-19T19:54:24.116Z,1787169264116,FAN_DT_001_F4_S06_R01_20260819T194720,1,423.545,FAULT_ACTIVE,F4,0.6,FAN_DT_001,3.0,process-model-3.0.0-build3,10185,1,LIVE,SYNCHRONISED,AUTOMATIC,HIGH_LOAD,65,1950,1950,0,145,253,0.3,0.33,24.35783,48.5,1.044,1,0.0256,0,211.31,24.7649,0.01021,1,0.18,4.833,5.7702,61,CRITICAL,F4,4,1,thermal_overload,0.6,1,1,,,,,32,0
2026-08-19T19:54:25.148Z,1787169265148,FAN_DT_001_F4_S06_R01_20260819T194720,1,424.577,FAULT_ACTIVE,F4,0.6,FAN_DT_001,3.0,process-model-3.0.0-build3,10186,1,LIVE,SYNCHRONISED,AUTOMATIC,HIGH_LOAD,65,1950,1950,0,145,253,0.3,0.33,24.34705,48.49,1.044,1,0.0256,0,211.31,24.8255,0.0102,1,0.18,4.828,5.7843,61,CRITICAL,F4,4,1,thermal_overload,0.6,1,1,,,,,32,0
2026-08-19T19:54:26.177Z,1787169266177,FAN_DT_001_F4_S06_R01_20260819T194720,1,425.604,FAULT_ACTIVE,F4,0.6,FAN_DT_001,3.0,process-model-3.0.0-build3,10187,1,LIVE,SYNCHRONISED,AUTOMATIC,HIGH_LOAD,65,1950,1950,0,145,253,0.3,0.33,24.33665,48.47,1.044,1,0.0256,0,211.31,24.8859,0.0102,1,0.18,4.829,5.7984,61,CRITICAL,F4,4,1,thermal_overload,0.6,1,1,,,,,32,0
2026-08-19T19:54:27.211Z,1787169267211,FAN_DT_001_F4_S06_R01_20260819T194720,1,426.638,FAULT_ACTIVE,F4,0.6,FAN_DT_001,3.0,process-model-3.0.0-build3,10188,1,LIVE,SYNCHRONISED,AUTOMATIC,HIGH_LOAD,65,1950,1950,0,145,253,0.3,0.33,24.32662,48.46,1.044,1,0.0256,0,211.31,24.9461,0.0102,1,0.18,4.828,5.8124,61,CRITICAL,F4,4,1,thermal_overload,0.6,1,1,,,,,32,0
2026-08-19T19:54:28.240Z,1787169268240,FAN_DT_001_F4_S06_R01_20260819T194720,1,427.67,FAULT_ACTIVE,F4,0.6,FAN_DT_001,3.0,process-model-3.0.0-build3,10189,1,LIVE,SYNCHRONISED,AUTOMATIC,HIGH_LOAD,65,1950,1950,0,145,253,0.3,0.33,24.31686,48.45,1.044,1,0.0256,0,211.31,25.0069,0.01017,1,0.18,4.814,5.8266,61,CRITICAL,F4,4,1,thermal_overload,0.6,1,1,,,,,32,0
2026-08-19T19:54:29.274Z,1787169269274,FAN_DT_001_F4_S06_R01_20260819T194720,1,428.701,FAULT_ACTIVE,F4,0.6,FAN_DT_001,3.0,process-model-3.0.0-build3,10190,1,LIVE,SYNCHRONISED,AUTOMATIC,HIGH_LOAD,65,1950,1950,0,145,253,0.3,0.33,24.30755,48.44,1.044,1,0.0256,0,211.31,25.0671,0.01016,1,0.18,4.81,5.8406,61,CRITICAL,F4,4,1,thermal_overload,0.6,1,1,,,,,32,0
2026-08-19T19:54:30.305Z,1787169270305,FAN_DT_001_F4_S06_R01_20260819T194720,1,429.736,FAULT_ACTIVE,F4,0.6,FAN_DT_001,3.0,process-model-3.0.0-build3,10191,1,LIVE,SYNCHRONISED,AUTOMATIC,HIGH_LOAD,65,1950,1950,0,145,253,0.3,0.33,24.29851,48.43,1.044,1,0.0256,0,211.31,25.1279,0.01014,1,0.18,4.8,5.8548,61,CRITICAL,F4,4,1,thermal_overload,0.6,1,1,,,,,32,0
2026-08-19T19:54:31.346Z,1787169271346,FAN_DT_001_F4_S06_R01_20260819T194720,1,430.82,FAULT_ACTIVE,F4,0.6,FAN_DT_001,3.0,process-model-3.0.0-build3,10192,1,LIVE,SYNCHRONISED,AUTOMATIC,HIGH_LOAD,65,1950,1950,0,145,253,0.3,0.33,24.28991,48.42,1.044,1,0.0256,0,211.31,25.1882,0.01012,1,0.18,4.791,5.8689,61,CRITICAL,F4,4,1,thermal_overload,0.6,1,1,,,,,32,0
2026-08-19T19:54:32.374Z,1787169272374,FAN_DT_001_F4_S06_R01_20260819T194720,1,431.801,FAULT_ACTIVE,F4,0.6,FAN_DT_001,3.0,process-model-3.0.0-build3,10193,1,LIVE,SYNCHRONISED,AUTOMATIC,HIGH_LOAD,65,1950,1950,0,145,253,0.3,0.33,24.28164,48.41,1.044,1,0.0256,0,211.31,25.2489,0.01008,1,0.18,4.771,5.883,61,CRITICAL,F4,4,1,thermal_overload,0.6,1,1,,,,,32,0
2026-08-19T19:54:33.403Z,1787169273403,FAN_DT_001_F4_S06_R01_20260819T194720,1,432.831,FAULT_ACTIVE,F4,0.6,FAN_DT_001,3.0,process-model-3.0.0-build3,10194,1,LIVE,SYNCHRONISED,AUTOMATIC,HIGH_LOAD,65,1950,1950,0,145,253,0.3,0.33,24.27378,48.4,1.044,1,0.0256,0,211.31,25.3092,0.01005,1,0.18,4.754,5.897,61,CRITICAL,F4,4,1,thermal_overload,0.6,1,1,,,,,32,0
2026-08-19T19:54:34.437Z,1787169274437,FAN_DT_001_F4_S06_R01_20260819T194720,1,433.867,FAULT_ACTIVE,F4,0.6,FAN_DT_001,3.0,process-model-3.0.0-build3,10195,1,LIVE,SYNCHRONISED,AUTOMATIC,HIGH_LOAD,65,1950,1950,0,145,253,0.3,0.33,24.26625,48.39,1.044,1,0.0256,0,211.31,25.37,0.00999,1,0.18,4.728,5.9112,61,CRITICAL,F4,4,1,thermal_overload,0.6,1,1,,,,,32,0
2026-08-19T19:54:35.476Z,1787169275476,FAN_DT_001_F4_S06_R01_20260819T194720,1,434.903,FAULT_ACTIVE,F4,0.6,FAN_DT_001,3.0,process-model-3.0.0-build3,10196,1,LIVE,SYNCHRONISED,AUTOMATIC,HIGH_LOAD,65,1950,1950,0,145,253,0.3,0.33,24.25915,48.38,1.044,1,0.0256,0,211.31,25.4304,0.00994,1,0.18,4.705,5.9253,61,CRITICAL,F4,4,1,thermal_overload,0.6,1,1,,,,,32,0
2026-08-19T19:54:36.509Z,1787169276509,FAN_DT_001_F4_S06_R01_20260819T194720,1,435.936,FAULT_ACTIVE,F4,0.6,FAN_DT_001,3.0,process-model-3.0.0-build3,10197,1,LIVE,SYNCHRONISED,AUTOMATIC,HIGH_LOAD,65,1950,1950,0,145,253,0.3,0.33,24.25242,48.37,1.044,1,0.0256,0,211.31,25.491,0.00987,1,0.18,4.671,5.9394,61,CRITICAL,F4,4,1,thermal_overload,0.6,1,1,,,,,32,0
2026-08-19T19:54:37.544Z,1787169277544,FAN_DT_001_F4_S06_R01_20260819T194720,1,436.972,FAULT_ACTIVE,F4,0.6,FAN_DT_001,3.0,process-model-3.0.0-build3,10198,1,LIVE,SYNCHRONISED,AUTOMATIC,HIGH_LOAD,65,1950,1950,0,145,253,0.3,0.33,24.24609,48.36,1.044,1,0.0256,0,211.31,25.5516,0.00983,1,0.18,4.65,5.9535,61,CRITICAL,F4,4,1,thermal_overload,0.6,1,1,,,,,32,0
2026-08-19T19:54:38.581Z,1787169278581,FAN_DT_001_F4_S06_R01_20260819T194720,1,438.012,FAULT_ACTIVE,F4,0.6,FAN_DT_001,3.0,process-model-3.0.0-build3,10199,1,LIVE,SYNCHRONISED,AUTOMATIC,HIGH_LOAD,65,1950,1950,0,145,253,0.3,0.33,24.24015,48.35,1.044,1,0.0256,0,211.31,25.6121,0.00973,1,0.18,4.606,5.9676,61,CRITICAL,F4,4,1,thermal_overload,0.6,1,1,,,,,32,0
2026-08-19T19:54:39.614Z,1787169279614,FAN_DT_001_F4_S06_R01_20260819T194720,1,439.042,FAULT_ACTIVE,F4,0.6,FAN_DT_001,3.0,process-model-3.0.0-build3,10200,1,LIVE,SYNCHRONISED,AUTOMATIC,HIGH_LOAD,65,1950,1950,0,145,253,0.3,0.33,24.2346,48.34,1.044,1,0.0256,0,211.31,25.6728,0.00967,1,0.18,4.577,5.9818,61,CRITICAL,F4,4,1,thermal_overload,0.6,1,1,,,,,32,0
2026-08-19T19:54:40.648Z,1787169280648,FAN_DT_001_F4_S06_R01_20260819T194720,1,440.075,FAULT_ACTIVE,F4,0.6,FAN_DT_001,3.0,process-model-3.0.0-build3,10201,1,LIVE,SYNCHRONISED,AUTOMATIC,HIGH_LOAD,65,1950,1950,0,145,253,0.3,0.33,24.22947,48.33,1.044,1,0.0256,0,211.31,25.7334,0.00958,1,0.18,4.533,5.9959,61,CRITICAL,F4,4,1,thermal_overload,0.6,1,1,,,,,32,0
2026-08-19T19:54:41.666Z,1787169281666,FAN_DT_001_F4_S06_R01_20260819T194720,1,441.094,FAULT_ACTIVE,F4,0.6,FAN_DT_001,3.0,process-model-3.0.0-build3,10202,1,LIVE,SYNCHRONISED,AUTOMATIC,HIGH_LOAD,65,1950,1950,0,145,253,0.3,0.33,24.22475,48.32,1.044,1,0.0256,0,211.31,25.7937,0.00951,1,0.18,4.499,6.0099,61,CRITICAL,F4,4,1,thermal_overload,0.6,1,1,,,,,32,0
2026-08-19T19:54:42.709Z,1787169282709,FAN_DT_001_F4_S06_R01_20260819T194720,1,442.135,FAULT_ACTIVE,F4,0.6,FAN_DT_001,3.0,process-model-3.0.0-build3,10203,1,LIVE,SYNCHRONISED,AUTOMATIC,HIGH_LOAD,65,1950,1950,0,145,253,0.3,0.33,24.22043,48.31,1.044,1,0.0256,0,211.31,25.8543,0.00942,1,0.18,4.458,6.024,61,CRITICAL,F4,4,1,thermal_overload,0.6,1,1,,,,,32,0
2026-08-19T19:54:43.742Z,1787169283742,FAN_DT_001_F4_S06_R01_20260819T194720,1,443.17,FAULT_ACTIVE,F4,0.6,FAN_DT_001,3.0,process-model-3.0.0-build3,10204,1,LIVE,SYNCHRONISED,AUTOMATIC,HIGH_LOAD,65,1950,1950,0,145,253,0.3,0.33,24.21652,48.3,1.044,1,0.0256,0,211.31,25.9148,0.00931,1,0.18,4.406,6.0382,61,CRITICAL,F4,4,1,thermal_overload,0.6,1,1,,,,,32,0
2026-08-19T19:54:44.772Z,1787169284772,FAN_DT_001_F4_S06_R01_20260819T194720,1,444.2,FAULT_ACTIVE,F4,0.6,FAN_DT_001,3.0,process-model-3.0.0-build3,10205,1,LIVE,SYNCHRONISED,AUTOMATIC,HIGH_LOAD,65,1950,1950,0,145,253,0.3,0.33,24.21301,48.29,1.044,1,0.0256,0,211.31,25.9755,0.00921,1,0.18,4.358,6.0523,61,CRITICAL,F4,4,1,thermal_overload,0.6,1,1,,,,,32,0
2026-08-19T19:54:45.804Z,1787169285804,FAN_DT_001_F4_S06_R01_20260819T194720,1,445.231,FAULT_ACTIVE,F4,0.6,FAN_DT_001,3.0,process-model-3.0.0-build3,10206,1,LIVE,SYNCHRONISED,AUTOMATIC,HIGH_LOAD,65,1950,1950,0,145,253,0.3,0.33,24.20993,48.28,1.044,1,0.0256,0,211.31,26.0358,0.00913,1,0.18,4.319,6.0663,61,CRITICAL,F4,4,1,thermal_overload,0.6,1,1,,,,,32,0
2026-08-19T19:54:46.833Z,1787169286833,FAN_DT_001_F4_S06_R01_20260819T194720,1,446.26,FAULT_ACTIVE,F4,0.6,FAN_DT_001,3.0,process-model-3.0.0-build3,10207,1,LIVE,SYNCHRONISED,AUTOMATIC,HIGH_LOAD,65,1950,1950,0,145,253,0.3,0.33,24.20725,48.27,1.044,1,0.0256,0,211.31,26.0965,0.009,1,0.18,4.261,6.0805,61,CRITICAL,F4,4,1,thermal_overload,0.6,1,1,,,,,32,0
2026-08-19T19:54:47.872Z,1787169287872,FAN_DT_001_F4_S06_R01_20260819T194720,1,447.301,FAULT_ACTIVE,F4,0.6,FAN_DT_001,3.0,process-model-3.0.0-build3,10208,1,LIVE,SYNCHRONISED,AUTOMATIC,HIGH_LOAD,65,1950,1950,0,145,253,0.3,0.33,24.205,48.26,1.044,1,0.0256,0,211.31,26.1569,0.0089,1,0.18,4.212,6.0946,61,CRITICAL,F4,4,1,thermal_overload,0.6,1,1,,,,,32,0
2026-08-19T19:54:48.905Z,1787169288905,FAN_DT_001_F4_S06_R01_20260819T194720,1,448.333,FAULT_ACTIVE,F4,0.6,FAN_DT_001,3.0,process-model-3.0.0-build3,10209,1,LIVE,SYNCHRONISED,AUTOMATIC,HIGH_LOAD,65,1950,1950,0,145,253,0.3,0.33,24.20316,48.25,1.044,1,0.0256,0,211.31,26.2177,0.00878,1,0.18,4.155,6.1087,61,CRITICAL,F4,4,1,thermal_overload,0.6,1,1,,,,,32,0
2026-08-19T19:54:49.956Z,1787169289956,FAN_DT_001_F4_S06_R01_20260819T194720,1,449.394,FAULT_ACTIVE,F4,0.6,FAN_DT_001,3.0,process-model-3.0.0-build3,10210,1,LIVE,SYNCHRONISED,AUTOMATIC,HIGH_LOAD,65,1950,1950,0,145,253,0.3,0.33,24.20174,48.25,1.044,1,0.0256,0,211.31,26.2782,0.00864,1,0.18,4.089,6.1228,61,CRITICAL,F4,4,1,thermal_overload,0.6,1,1,,,,,32,0
2026-08-19T19:54:50.975Z,1787169290975,FAN_DT_001_F4_S06_R01_20260819T194720,1,450.403,FAULT_ACTIVE,F4,0.6,FAN_DT_001,3.0,process-model-3.0.0-build3,10211,1,LIVE,SYNCHRONISED,AUTOMATIC,HIGH_LOAD,65,1950,1950,0,145,253,0.3,0.33,24.20074,48.24,1.044,1,0.0256,0,211.31,26.3388,0.00852,1,0.18,4.033,6.1369,61,CRITICAL,F4,4,1,thermal_overload,0.6,1,1,,,,,32,0
2026-08-19T19:54:52.005Z,1787169292005,FAN_DT_001_F4_S06_R01_20260819T194720,1,451.433,FAULT_ACTIVE,F4,0.6,FAN_DT_001,3.0,process-model-3.0.0-build3,10212,1,LIVE,SYNCHRONISED,AUTOMATIC,HIGH_LOAD,65,1950,1950,0,145,253,0.3,0.33,24.20016,48.23,1.044,1,0.0256,0,211.31,26.3995,0.00839,1,0.18,3.969,6.1511,61,CRITICAL,F4,4,1,thermal_overload,0.6,1,1,,,,,32,0
2026-08-19T19:54:53.041Z,1787169293041,FAN_DT_001_F4_S06_R01_20260819T194720,1,452.468,FAULT_ACTIVE,F4,0.6,FAN_DT_001,3.0,process-model-3.0.0-build3,10213,1,LIVE,SYNCHRONISED,AUTOMATIC,HIGH_LOAD,65,1950,1950,0,145,253,0.3,0.33,24.2,48.22,1.044,1,0.0256,0,211.31,26.4599,0.00824,1,0.18,3.898,6.1652,61,CRITICAL,F4,4,1,thermal_overload,0.6,1,1,,,,,32,0
2026-08-19T19:54:54.075Z,1787169294075,FAN_DT_001_F4_S06_R01_20260819T194720,1,453.506,FAULT_ACTIVE,F4,0.6,FAN_DT_001,3.0,process-model-3.0.0-build3,10214,1,LIVE,SYNCHRONISED,AUTOMATIC,HIGH_LOAD,65,1950,1950,0,145,253,0.3,0.33,24.20026,48.21,1.044,1,0.0256,0,211.31,26.5204,0.00808,1,0.18,3.826,6.1793,61,CRITICAL,F4,4,1,thermal_overload,0.6,1,1,,,,,32,0
2026-08-19T19:54:55.102Z,1787169295102,FAN_DT_001_F4_S06_R01_20260819T194720,1,454.53,FAULT_ACTIVE,F4,0.6,FAN_DT_001,3.0,process-model-3.0.0-build3,10215,1,LIVE,SYNCHRONISED,AUTOMATIC,HIGH_LOAD,65,1950,1950,0,145,253,0.3,0.33,24.20095,48.2,1.044,1,0.0256,0,211.31,26.5811,0.00795,1,0.18,3.763,6.1934,61,CRITICAL,F4,4,1,thermal_overload,0.6,1,1,,,,,32,0
2026-08-19T19:54:56.139Z,1787169296139,FAN_DT_001_F4_S06_R01_20260819T194720,1,455.567,FAULT_ACTIVE,F4,0.6,FAN_DT_001,3.0,process-model-3.0.0-build3,10216,1,LIVE,SYNCHRONISED,AUTOMATIC,HIGH_LOAD,65,1950,1950,0,145,253,0.3,0.33,24.20204,48.19,1.044,1,0.0256,0,211.31,26.6413,0.00778,1,0.18,3.681,6.2074,61,CRITICAL,F4,4,1,thermal_overload,0.6,1,1,,,,,32,0
2026-08-19T19:54:57.166Z,1787169297166,FAN_DT_001_F4_S06_R01_20260819T194720,1,456.594,FAULT_ACTIVE,F4,0.6,FAN_DT_001,3.0,process-model-3.0.0-build3,10217,1,LIVE,SYNCHRONISED,AUTOMATIC,HIGH_LOAD,65,1950,1950,0,145,253,0.3,0.33,24.20357,48.19,1.044,1,0.0256,0,211.31,26.7021,0.00763,1,0.18,3.61,6.2216,61,CRITICAL,F4,4,1,thermal_overload,0.6,1,1,,,,,32,0
2026-08-19T19:54:58.207Z,1787169298207,FAN_DT_001_F4_S06_R01_20260819T194720,1,457.635,FAULT_ACTIVE,F4,0.6,FAN_DT_001,3.0,process-model-3.0.0-build3,10218,1,LIVE,SYNCHRONISED,AUTOMATIC,HIGH_LOAD,65,1950,1950,0,145,253,0.3,0.33,24.2055,48.18,1.044,1,0.0256,0,211.31,26.7624,0.00748,1,0.18,3.542,6.2356,61,CRITICAL,F4,4,1,thermal_overload,0.6,1,1,,,,,32,0
2026-08-19T19:54:59.246Z,1787169299246,FAN_DT_001_F4_S06_R01_20260819T194720,1,458.674,FAULT_ACTIVE,F4,0.6,FAN_DT_001,3.0,process-model-3.0.0-build3,10219,1,LIVE,SYNCHRONISED,AUTOMATIC,HIGH_LOAD,65,1950,1950,0,145,253,0.3,0.33,24.20787,48.17,1.044,1,0.0256,0,211.31,26.8233,0.0073,1,0.18,3.453,6.2498,61,CRITICAL,F4,4,1,thermal_overload,0.6,1,1,,,,,32,0
2026-08-19T19:55:00.271Z,1787169300271,FAN_DT_001_F4_S06_R01_20260819T194720,1,459.698,FAULT_ACTIVE,F4,0.6,FAN_DT_001,3.0,process-model-3.0.0-build3,10220,1,LIVE,SYNCHRONISED,AUTOMATIC,HIGH_LOAD,65,1950,1950,0,145,253,0.3,0.33,24.21065,48.16,1.044,1,0.0256,0,211.31,26.8839,0.00713,1,0.18,3.376,6.264,61,CRITICAL,F4,4,1,thermal_overload,0.6,1,1,,,,,32,0
2026-08-19T19:55:01.308Z,1787169301308,FAN_DT_001_F4_S06_R01_20260819T194720,1,460.735,FAULT_ACTIVE,F4,0.6,FAN_DT_001,3.0,process-model-3.0.0-build3,10221,1,LIVE,SYNCHRONISED,AUTOMATIC,HIGH_LOAD,65,1950,1950,0,145,253,0.3,0.33,24.21384,48.16,1.044,1,0.0256,0,211.31,26.9445,0.00695,1,0.18,3.291,6.2781,61,CRITICAL,F4,4,1,thermal_overload,0.6,1,1,,,,,32,0
2026-08-19T19:55:02.341Z,1787169302341,FAN_DT_001_F4_S06_R01_20260819T194720,1,461.769,FAULT_ACTIVE,F4,0.6,FAN_DT_001,3.0,process-model-3.0.0-build3,10222,1,LIVE,SYNCHRONISED,AUTOMATIC,HIGH_LOAD,65,1950,1950,0,145,253,0.3,0.33,24.21745,48.15,1.044,1,0.0256,0,211.31,27.0052,0.00678,1,0.18,3.21,6.2922,61,CRITICAL,F4,4,1,thermal_overload,0.6,1,1,,,,,32,0
2026-08-19T19:55:03.381Z,1787169303381,FAN_DT_001_F4_S06_R01_20260819T194720,1,462.812,FAULT_ACTIVE,F4,0.6,FAN_DT_001,3.0,process-model-3.0.0-build3,10223,1,LIVE,SYNCHRONISED,AUTOMATIC,HIGH_LOAD,65,1950,1950,0,145,253,0.3,0.33,24.22145,48.14,1.044,1,0.0256,0,211.31,27.0655,0.00661,1,0.18,3.128,6.3063,61,CRITICAL,F4,4,1,thermal_overload,0.6,1,1,,,,,32,0
2026-08-19T19:55:04.410Z,1787169304410,FAN_DT_001_F4_S06_R01_20260819T194720,1,463.839,FAULT_ACTIVE,F4,0.6,FAN_DT_001,3.0,process-model-3.0.0-build3,10224,1,LIVE,SYNCHRONISED,AUTOMATIC,HIGH_LOAD,65,1950,1950,0,145,253,0.3,0.33,24.22589,48.14,1.044,1,0.0256,0,211.31,27.1263,0.00642,1,0.18,3.037,6.3204,61,CRITICAL,F4,4,1,thermal_overload,0.6,1,1,,,,,32,0
2026-08-19T19:55:05.448Z,1787169305448,FAN_DT_001_F4_S06_R01_20260819T194720,1,464.875,FAULT_ACTIVE,F4,0.6,FAN_DT_001,3.0,process-model-3.0.0-build3,10225,1,LIVE,SYNCHRONISED,AUTOMATIC,HIGH_LOAD,65,1950,1950,0,145,253,0.3,0.33,24.23072,48.13,1.044,1,0.0256,0,211.31,27.1868,0.00624,1,0.18,2.954,6.3345,61,CRITICAL,F4,4,1,thermal_overload,0.6,1,1,,,,,32,0
2026-08-19T19:55:06.474Z,1787169306474,FAN_DT_001_F4_S06_R01_20260819T194720,1,465.902,FAULT_ACTIVE,F4,0.6,FAN_DT_001,3.0,process-model-3.0.0-build3,10226,1,LIVE,SYNCHRONISED,AUTOMATIC,HIGH_LOAD,65,1950,1950,0,145,253,0.3,0.33,24.23595,48.12,1.044,1,0.0256,0,211.31,27.2474,0.00605,1,0.18,2.866,6.3486,61,CRITICAL,F4,4,1,thermal_overload,0.6,1,1,,,,,32,0
2026-08-19T19:55:07.507Z,1787169307507,FAN_DT_001_F4_S06_R01_20260819T194720,1,466.935,FAULT_ACTIVE,F4,0.6,FAN_DT_001,3.0,process-model-3.0.0-build3,10227,1,LIVE,SYNCHRONISED,AUTOMATIC,HIGH_LOAD,65,1950,1950,0,145,253,0.3,0.33,24.24159,48.12,1.044,1,0.0256,0,211.31,27.308,0.00585,1,0.18,2.771,6.3628,61,CRITICAL,F4,4,1,thermal_overload,0.6,1,1,,,,,32,0
2026-08-19T19:55:08.543Z,1787169308543,FAN_DT_001_F4_S06_R01_20260819T194720,1,467.971,FAULT_ACTIVE,F4,0.6,FAN_DT_001,3.0,process-model-3.0.0-build3,10228,1,LIVE,SYNCHRONISED,AUTOMATIC,HIGH_LOAD,65,1950,1950,0,145,253,0.3,0.33,24.24763,48.11,1.044,1,0.0256,0,211.31,27.3685,0.00565,1,0.18,2.673,6.3769,61,CRITICAL,F4,4,1,thermal_overload,0.6,1,1,,,,,32,0
2026-08-19T19:55:09.577Z,1787169309577,FAN_DT_001_F4_S06_R01_20260819T194720,1,469.004,FAULT_ACTIVE,F4,0.6,FAN_DT_001,3.0,process-model-3.0.0-build3,10229,1,LIVE,SYNCHRONISED,AUTOMATIC,HIGH_LOAD,65,1950,1950,0,145,253,0.3,0.33,24.25409,48.11,1.044,1,0.0256,0,211.31,27.4293,0.00545,1,0.18,2.579,6.391,61,CRITICAL,F4,4,1,thermal_overload,0.6,1,1,,,,,32,0
2026-08-19T19:55:10.612Z,1787169310612,FAN_DT_001_F4_S06_R01_20260819T194720,1,470.039,FAULT_ACTIVE,F4,0.6,FAN_DT_001,3.0,process-model-3.0.0-build3,10230,1,LIVE,SYNCHRONISED,AUTOMATIC,HIGH_LOAD,65,1950,1950,0,145,253,0.3,0.33,24.2609,48.1,1.044,1,0.0256,0,211.31,27.4898,0.00523,1,0.18,2.476,6.4051,61,CRITICAL,F4,4,1,thermal_overload,0.6,1,1,,,,,32,0
2026-08-19T19:55:11.659Z,1787169311659,FAN_DT_001_F4_S06_R01_20260819T194720,1,471.102,FAULT_ACTIVE,F4,0.6,FAN_DT_001,3.0,process-model-3.0.0-build3,10231,1,LIVE,SYNCHRONISED,AUTOMATIC,HIGH_LOAD,65,1950,1950,0,145,253,0.3,0.33,24.26821,48.09,1.044,1,0.0256,0,211.31,27.551,0.00505,1,0.18,2.388,6.4194,61,CRITICAL,F4,4,1,thermal_overload,0.6,1,1,,,,,32,0
2026-08-19T19:55:12.691Z,1787169312691,FAN_DT_001_F4_S06_R01_20260819T194720,1,472.118,FAULT_ACTIVE,F4,0.6,FAN_DT_001,3.0,process-model-3.0.0-build3,10232,1,LIVE,SYNCHRONISED,AUTOMATIC,HIGH_LOAD,65,1950,1950,0,145,253,0.3,0.33,24.27583,48.09,1.044,1,0.0256,0,211.31,27.6118,0.00481,1,0.18,2.274,6.4335,61,CRITICAL,F4,4,1,thermal_overload,0.6,1,1,,,,,32,0
2026-08-19T19:55:13.726Z,1787169313726,FAN_DT_001_F4_S06_R01_20260819T194720,1,473.154,FAULT_ACTIVE,F4,0.6,FAN_DT_001,3.0,process-model-3.0.0-build3,10233,1,LIVE,SYNCHRONISED,AUTOMATIC,HIGH_LOAD,65,1950,1950,0,145,253,0.3,0.33,24.2838,48.08,1.044,1,0.0256,0,211.31,27.6722,0.0046,1,0.18,2.175,6.4476,61,CRITICAL,F4,4,1,thermal_overload,0.6,1,1,,,,,32,0
2026-08-19T19:55:14.781Z,1787169314781,FAN_DT_001_F4_S06_R01_20260819T194720,1,474.21,FAULT_ACTIVE,F4,0.6,FAN_DT_001,3.0,process-model-3.0.0-build3,10234,1,LIVE,SYNCHRONISED,AUTOMATIC,HIGH_LOAD,65,1950,1950,0,145,253,0.3,0.33,24.29217,48.08,1.044,1,0.0256,0,211.31,27.7329,0.00439,1,0.18,2.078,6.4618,61,CRITICAL,F4,4,1,thermal_overload,0.6,1,1,,,,,32,0
2026-08-19T19:55:15.793Z,1787169315793,FAN_DT_001_F4_S06_R01_20260819T194720,1,475.232,FAULT_ACTIVE,F4,0.6,FAN_DT_001,3.0,process-model-3.0.0-build3,10235,1,LIVE,SYNCHRONISED,AUTOMATIC,HIGH_LOAD,65,1950,1950,0,145,253,0.3,0.33,24.30092,48.08,1.044,1,0.0256,0,211.31,27.7936,0.00418,1,0.18,1.977,6.4759,61,CRITICAL,F4,4,1,thermal_overload,0.6,1,1,,,,,32,0
2026-08-19T19:55:16.831Z,1787169316831,FAN_DT_001_F4_S06_R01_20260819T194720,1,476.259,FAULT_ACTIVE,F4,0.6,FAN_DT_001,3.0,process-model-3.0.0-build3,10236,1,LIVE,SYNCHRONISED,AUTOMATIC,HIGH_LOAD,65,1950,1950,0,145,253,0.3,0.33,24.31001,48.07,1.044,1,0.0256,0,211.31,27.854,0.00396,1,0.18,1.874,6.49,61,CRITICAL,F4,4,1,thermal_overload,0.6,1,1,,,,,32,0
2026-08-19T19:55:17.866Z,1787169317866,FAN_DT_001_F4_S06_R01_20260819T194720,1,477.299,FAULT_ACTIVE,F4,0.6,FAN_DT_001,3.0,process-model-3.0.0-build3,10237,1,LIVE,SYNCHRONISED,AUTOMATIC,HIGH_LOAD,65,1950,1950,0,145,253,0.3,0.33,24.31947,48.07,1.044,1,0.0256,0,211.31,27.9146,0.00373,1,0.18,1.763,6.5041,61,CRITICAL,F4,4,1,thermal_overload,0.6,1,1,,,,,32,0
2026-08-19T19:55:18.930Z,1787169318930,FAN_DT_001_F4_S06_R01_20260819T194720,1,478.358,FAULT_ACTIVE,F4,0.6,FAN_DT_001,3.0,process-model-3.0.0-build3,10238,1,LIVE,SYNCHRONISED,AUTOMATIC,HIGH_LOAD,65,1950,1950,0,145,253,0.3,0.33,24.3293,48.06,1.044,1,0.0256,0,211.31,27.9752,0.00351,1,0.18,1.661,6.5182,61,CRITICAL,F4,4,1,thermal_overload,0.6,1,1,,,,,32,0
2026-08-19T19:55:19.927Z,1787169319927,FAN_DT_001_F4_S06_R01_20260819T194720,1,479.359,FAULT_ACTIVE,F4,0.6,FAN_DT_001,3.0,process-model-3.0.0-build3,10239,1,LIVE,SYNCHRONISED,AUTOMATIC,HIGH_LOAD,65,1950,1950,0,145,253,0.3,0.33,24.33946,48.06,1.044,1,0.0256,0,211.31,28.0357,0.0033,1,0.18,1.559,6.5323,61,CRITICAL,F4,4,1,thermal_overload,0.6,1,1,,,,,32,0
2026-08-19T19:55:20.960Z,1787169320960,FAN_DT_001_F4_S06_R01_20260819T194720,1,480.387,FAULT_ACTIVE,F4,0.6,FAN_DT_001,3.0,process-model-3.0.0-build3,10240,1,LIVE,SYNCHRONISED,AUTOMATIC,HIGH_LOAD,65,1950,1950,0,145,253,0.3,0.33,24.34999,48.06,1.044,1,0.0256,0,211.31,28.0963,0.00306,1,0.18,1.447,6.5464,61,CRITICAL,F4,4,1,thermal_overload,0.6,1,1,,,,,32,0
2026-08-19T19:55:21.992Z,1787169321992,FAN_DT_001_F4_S06_R01_20260819T194720,1,481.419,FAULT_ACTIVE,F4,0.6,FAN_DT_001,3.0,process-model-3.0.0-build3,10241,1,LIVE,SYNCHRONISED,AUTOMATIC,HIGH_LOAD,65,1950,1950,0,145,253,0.3,0.33,24.36086,48.05,1.044,1,0.0256,0,211.31,28.1569,0.00282,1,0.18,1.336,6.5606,61,CRITICAL,F4,4,1,thermal_overload,0.6,1,1,,,,,32,0
2026-08-19T19:55:23.034Z,1787169323034,FAN_DT_001_F4_S06_R01_20260819T194720,1,482.463,FAULT_ACTIVE,F4,0.6,FAN_DT_001,3.0,process-model-3.0.0-build3,10242,1,LIVE,SYNCHRONISED,AUTOMATIC,HIGH_LOAD,65,1950,1950,0,145,253,0.3,0.33,24.37205,48.05,1.044,1,0.0256,0,211.31,28.2174,0.0026,1,0.18,1.231,6.5747,61,CRITICAL,F4,4,1,thermal_overload,0.6,1,1,,,,,32,0
2026-08-19T19:55:24.059Z,1787169324059,FAN_DT_001_F4_S06_R01_20260819T194720,1,483.489,FAULT_ACTIVE,F4,0.6,FAN_DT_001,3.0,process-model-3.0.0-build3,10243,1,LIVE,SYNCHRONISED,AUTOMATIC,HIGH_LOAD,65,1950,1950,0,145,253,0.3,0.33,24.38358,48.05,1.044,1,0.0256,0,211.31,28.278,0.00236,1,0.18,1.117,6.5888,61,CRITICAL,F4,4,1,thermal_overload,0.6,1,1,,,,,32,0
2026-08-19T19:55:25.103Z,1787169325103,FAN_DT_001_F4_S06_R01_20260819T194720,1,484.53,FAULT_ACTIVE,F4,0.6,FAN_DT_001,3.0,process-model-3.0.0-build3,10244,1,LIVE,SYNCHRONISED,AUTOMATIC,HIGH_LOAD,65,1950,1950,0,145,253,0.3,0.33,24.39544,48.05,1.044,1,0.0256,0,211.31,28.3385,0.00213,1,0.18,1.006,6.6029,61,CRITICAL,F4,4,1,thermal_overload,0.6,1,1,,,,,32,0
2026-08-19T19:55:26.126Z,1787169326126,FAN_DT_001_F4_S06_R01_20260819T194720,1,485.554,FAULT_ACTIVE,F4,0.6,FAN_DT_001,3.0,process-model-3.0.0-build3,10245,1,LIVE,SYNCHRONISED,AUTOMATIC,HIGH_LOAD,65,1950,1950,0,145,253,0.3,0.33,24.4076,48.04,1.044,1,0.0256,0,211.31,28.3991,0.00188,1,0.18,0.889,6.617,61,CRITICAL,F4,4,1,thermal_overload,0.6,1,1,,,,,32,0
2026-08-19T19:55:27.176Z,1787169327176,FAN_DT_001_F4_S06_R01_20260819T194720,1,486.615,FAULT_ACTIVE,F4,0.6,FAN_DT_001,3.0,process-model-3.0.0-build3,10246,1,LIVE,SYNCHRONISED,AUTOMATIC,HIGH_LOAD,65,1950,1950,0,145,253,0.3,0.33,24.42003,48.04,1.044,1,0.0256,0,211.31,28.4594,0.00167,1,0.18,0.788,6.631,61,CRITICAL,F4,4,1,thermal_overload,0.6,1,1,,,,,32,0
2026-08-19T19:55:28.202Z,1787169328202,FAN_DT_001_F4_S06_R01_20260819T194720,1,487.632,FAULT_ACTIVE,F4,0.6,FAN_DT_001,3.0,process-model-3.0.0-build3,10247,1,LIVE,SYNCHRONISED,AUTOMATIC,HIGH_LOAD,65,1950,1950,0,145,253,0.3,0.33,24.43278,48.04,1.044,1,0.0256,0,211.31,28.5198,0.00142,1,0.18,0.672,6.6451,61,CRITICAL,F4,4,1,thermal_overload,0.6,1,1,,,,,32,0
2026-08-19T19:55:29.224Z,1787169329224,FAN_DT_001_F4_S06_R01_20260819T194720,1,488.664,FAULT_ACTIVE,F4,0.6,FAN_DT_001,3.0,process-model-3.0.0-build3,10248,1,LIVE,SYNCHRONISED,AUTOMATIC,HIGH_LOAD,65,1950,1950,0,145,253,0.3,0.33,24.44588,48.04,1.044,1,0.0256,0,211.31,28.5804,0.00117,1,0.18,0.551,6.6592,61,CRITICAL,F4,4,1,thermal_overload,0.6,1,1,,,,,32,0
2026-08-19T19:55:30.258Z,1787169330258,FAN_DT_001_F4_S06_R01_20260819T194720,1,489.688,FAULT_ACTIVE,F4,0.6,FAN_DT_001,3.0,process-model-3.0.0-build3,10249,1,LIVE,SYNCHRONISED,AUTOMATIC,HIGH_LOAD,65,1950,1950,0,145,253,0.3,0.33,24.45928,48.04,1.044,1,0.0256,0,211.31,28.6411,0.00094,1,0.18,0.444,6.6734,61,CRITICAL,F4,4,1,thermal_overload,0.6,1,1,,,,,32,0
2026-08-19T19:55:31.289Z,1787169331289,FAN_DT_001_F4_S06_R01_20260819T194720,1,490.716,FAULT_ACTIVE,F4,0.6,FAN_DT_001,3.0,process-model-3.0.0-build3,10250,1,LIVE,SYNCHRONISED,AUTOMATIC,HIGH_LOAD,65,1950,1950,0,145,253,0.3,0.33,24.47296,48.04,1.044,1,0.0256,0,211.31,28.7017,0.0007,1,0.18,0.331,6.6875,61,CRITICAL,F4,4,1,thermal_overload,0.6,1,1,,,,,32,0
2026-08-19T19:55:32.325Z,1787169332325,FAN_DT_001_F4_S06_R01_20260819T194720,1,491.769,FAULT_ACTIVE,F4,0.6,FAN_DT_001,3.0,process-model-3.0.0-build3,10251,1,LIVE,SYNCHRONISED,AUTOMATIC,HIGH_LOAD,65,1950,1950,0,145,253,0.3,0.33,24.48687,48.04,1.044,1,0.0256,0,211.31,28.7621,0.00047,1,0.18,0.221,6.7016,61,CRITICAL,F4,4,1,thermal_overload,0.6,1,1,,,,,32,0
2026-08-19T19:55:33.360Z,1787169333360,FAN_DT_001_F4_S06_R01_20260819T194720,1,492.788,FAULT_ACTIVE,F4,0.6,FAN_DT_001,3.0,process-model-3.0.0-build3,10252,1,LIVE,SYNCHRONISED,AUTOMATIC,HIGH_LOAD,65,1950,1950,0,145,253,0.3,0.33,24.5011,48.04,1.044,1,0.0256,0,211.31,28.8228,0.00021,1,0.18,0.1,6.7157,61,CRITICAL,F4,4,1,thermal_overload,0.6,1,1,,,,,32,0
2026-08-19T19:55:34.430Z,1787169334430,FAN_DT_001_F4_S06_R01_20260819T194720,1,493.859,FAULT_ACTIVE,F4,0.6,FAN_DT_001,3.0,process-model-3.0.0-build3,10253,1,LIVE,SYNCHRONISED,AUTOMATIC,HIGH_LOAD,65,1950,1950,0,145,253,0.3,0.33,24.51557,48.04,1.044,1,0.0256,0,211.31,28.8834,-0.00003,1,0.18,0.014,6.7298,61,CRITICAL,F4,4,1,thermal_overload,0.6,1,1,,,,,32,0
2026-08-19T19:55:35.428Z,1787169335428,FAN_DT_001_F4_S06_R01_20260819T194720,1,494.855,FAULT_ACTIVE,F4,0.6,FAN_DT_001,3.0,process-model-3.0.0-build3,10254,1,LIVE,SYNCHRONISED,AUTOMATIC,HIGH_LOAD,65,1950,1950,0,145,253,0.3,0.33,24.53026,48.04,1.044,1,0.0256,0,211.31,28.9439,-0.00026,1,0.18,0.124,6.7439,61,CRITICAL,F4,4,1,thermal_overload,0.6,1,1,,,,,32,0
2026-08-19T19:55:36.459Z,1787169336459,FAN_DT_001_F4_S06_R01_20260819T194720,1,495.887,FAULT_ACTIVE,F4,0.6,FAN_DT_001,3.0,process-model-3.0.0-build3,10255,1,LIVE,SYNCHRONISED,AUTOMATIC,HIGH_LOAD,65,1950,1950,0,145,253,0.3,0.33,24.5453,48.04,1.044,1,0.0256,0,211.31,29.0047,-0.00052,1,0.18,0.244,6.7581,61,CRITICAL,F4,4,1,thermal_overload,0.6,1,1,,,,,32,0
2026-08-19T19:55:37.495Z,1787169337495,FAN_DT_001_F4_S06_R01_20260819T194720,1,496.922,FAULT_ACTIVE,F4,0.6,FAN_DT_001,3.0,process-model-3.0.0-build3,10256,1,LIVE,SYNCHRONISED,AUTOMATIC,HIGH_LOAD,65,1950,1950,0,145,253,0.3,0.33,24.56053,48.04,1.044,1,0.0256,0,211.31,29.0653,-0.00075,1,0.18,0.355,6.7722,61,CRITICAL,F4,4,1,thermal_overload,0.6,1,1,,,,,32,0
2026-08-19T19:55:38.531Z,1787169338531,FAN_DT_001_F4_S06_R01_20260819T194720,1,497.958,FAULT_ACTIVE,F4,0.6,FAN_DT_001,3.0,process-model-3.0.0-build3,10257,1,LIVE,SYNCHRONISED,AUTOMATIC,HIGH_LOAD,65,1950,1950,0,145,253,0.3,0.33,24.57597,48.04,1.044,1,0.0256,0,211.31,29.1258,-0.001,1,0.18,0.472,6.7863,61,CRITICAL,F4,4,1,thermal_overload,0.6,1,1,,,,,32,0
2026-08-19T19:55:39.562Z,1787169339562,FAN_DT_001_F4_S06_R01_20260819T194720,1,498.989,FAULT_ACTIVE,F4,0.6,FAN_DT_001,3.0,process-model-3.0.0-build3,10258,1,LIVE,SYNCHRONISED,AUTOMATIC,HIGH_LOAD,65,1950,1950,0,145,253,0.3,0.33,24.59167,48.04,1.044,1,0.0256,0,211.31,29.1866,-0.00123,1,0.18,0.583,6.8005,61,CRITICAL,F4,4,1,thermal_overload,0.6,1,1,,,,,32,0
2026-08-19T19:55:40.634Z,1787169340634,FAN_DT_001_F4_S06_R01_20260819T194720,1,500.108,FAULT_ACTIVE,F4,0.6,FAN_DT_001,3.0,process-model-3.0.0-build3,10259,1,LIVE,SYNCHRONISED,AUTOMATIC,HIGH_LOAD,65,1950,1950,0,145,253,0.3,0.33,24.60751,48.04,1.044,1,0.0256,0,211.31,29.2469,-0.00147,1,0.18,0.698,6.8145,61,CRITICAL,F4,4,1,thermal_overload,0.6,1,1,,,,,32,0
2026-08-19T19:55:41.631Z,1787169341631,FAN_DT_001_F4_S06_R01_20260819T194720,1,501.147,FAULT_ACTIVE,F4,0.6,FAN_DT_001,3.0,process-model-3.0.0-build3,10260,1,LIVE,SYNCHRONISED,AUTOMATIC,HIGH_LOAD,65,1950,1950,0,145,253,0.3,0.33,24.62353,48.04,1.044,1,0.0256,0,211.31,29.3073,-0.00169,1,0.18,0.802,6.8286,61,CRITICAL,F4,4,1,thermal_overload,0.6,1,1,,,,,32,0
2026-08-19T19:55:42.658Z,1787169342658,FAN_DT_001_F4_S06_R01_20260819T194720,1,502.084,FAULT_ACTIVE,F4,0.6,FAN_DT_001,3.0,process-model-3.0.0-build3,10261,1,LIVE,SYNCHRONISED,AUTOMATIC,HIGH_LOAD,65,1950,1950,0,145,253,0.3,0.33,24.63986,48.05,1.044,1,0.0256,0,211.31,29.368,-0.00194,1,0.18,0.917,6.8427,61,CRITICAL,F4,4,1,thermal_overload,0.6,1,1,,,,,32,0
2026-08-19T19:55:43.692Z,1787169343692,FAN_DT_001_F4_S06_R01_20260819T194720,1,503.119,FAULT_ACTIVE,F4,0.6,FAN_DT_001,3.0,process-model-3.0.0-build3,10262,1,LIVE,SYNCHRONISED,AUTOMATIC,HIGH_LOAD,65,1950,1950,0,145,253,0.3,0.33,24.65629,48.05,1.044,1,0.0256,0,211.31,29.4284,-0.0022,1,0.18,1.039,6.8568,61,CRITICAL,F4,4,1,thermal_overload,0.6,1,1,,,,,32,0
2026-08-19T19:55:45.029Z,1787169345029,FAN_DT_001_F4_S06_R01_20260819T194720,1,504.456,FAULT_ACTIVE,F4,0.6,FAN_DT_001,3.0,process-model-3.0.0-build3,10263,1,LIVE,SYNCHRONISED,AUTOMATIC,HIGH_LOAD,65,1950,1950,0,145,253,0.3,0.33,24.67303,48.05,1.044,1,0.0256,0,211.31,29.4893,-0.00241,1,0.18,1.142,6.871,61,CRITICAL,F4,4,1,thermal_overload,0.6,1,1,,,,,32,0
2026-08-19T19:55:45.771Z,1787169345771,FAN_DT_001_F4_S06_R01_20260819T194720,1,505.202,FAULT_ACTIVE,F4,0.6,FAN_DT_001,3.0,process-model-3.0.0-build3,10264,1,LIVE,SYNCHRONISED,AUTOMATIC,HIGH_LOAD,65,1950,1950,0,145,253,0.3,0.33,24.68994,48.05,1.044,1,0.0256,0,211.31,29.5502,-0.00266,1,0.18,1.261,6.8852,61,CRITICAL,F4,4,1,thermal_overload,0.6,1,1,,,,,32,0
2026-08-19T19:55:46.808Z,1787169346808,FAN_DT_001_F4_S06_R01_20260819T194720,1,506.235,FAULT_ACTIVE,F4,0.6,FAN_DT_001,3.0,process-model-3.0.0-build3,10265,1,LIVE,SYNCHRONISED,AUTOMATIC,HIGH_LOAD,65,1950,1950,0,145,253,0.3,0.33,24.707,48.06,1.044,1,0.0256,0,211.31,29.611,-0.00289,1,0.18,1.368,6.8994,61,CRITICAL,F4,4,1,thermal_overload,0.6,1,1,,,,,32,0
2026-08-19T19:55:47.845Z,1787169347845,FAN_DT_001_F4_S06_R01_20260819T194720,1,507.273,FAULT_ACTIVE,F4,0.6,FAN_DT_001,3.0,process-model-3.0.0-build3,10266,1,LIVE,SYNCHRONISED,AUTOMATIC,HIGH_LOAD,65,1950,1950,0,145,253,0.3,0.33,24.7241,48.06,1.044,1,0.0256,0,211.31,29.6714,-0.00314,1,0.18,1.486,6.9134,61,CRITICAL,F4,4,1,thermal_overload,0.6,1,1,,,,,32,0
2026-08-19T19:55:48.873Z,1787169348873,FAN_DT_001_F4_S06_R01_20260819T194720,1,508.3,FAULT_ACTIVE,F4,0.6,FAN_DT_001,3.0,process-model-3.0.0-build3,10267,1,LIVE,SYNCHRONISED,AUTOMATIC,HIGH_LOAD,65,1950,1950,0,145,253,0.3,0.33,24.7414,48.06,1.044,1,0.0256,0,211.31,29.732,-0.00336,1,0.18,1.591,6.9276,61,CRITICAL,F4,4,1,thermal_overload,0.6,1,1,,,,,32,0
2026-08-19T19:55:49.907Z,1787169349907,FAN_DT_001_F4_S06_R01_20260819T194720,1,509.442,FAULT_ACTIVE,F4,0.6,FAN_DT_001,3.0,process-model-3.0.0-build3,10268,1,LIVE,SYNCHRONISED,AUTOMATIC,HIGH_LOAD,65,1950,1950,0,145,253,0.3,0.33,24.75884,48.07,1.044,1,0.0256,0,211.31,29.7926,-0.00358,1,0.18,1.695,6.9417,61,CRITICAL,F4,4,1,thermal_overload,0.6,1,1,,,,,32,0
2026-08-19T19:55:50.948Z,1787169350948,FAN_DT_001_F4_S06_R01_20260819T194720,1,510.375,FAULT_ACTIVE,F4,0.6,FAN_DT_001,3.0,process-model-3.0.0-build3,10269,1,LIVE,SYNCHRONISED,AUTOMATIC,HIGH_LOAD,65,1950,1950,0,145,253,0.3,0.33,24.77641,48.07,1.044,1,0.0256,0,211.31,29.8532,-0.00381,1,0.18,1.805,6.9558,61,CRITICAL,F4,4,1,thermal_overload,0.6,1,1,,,,,32,0
2026-08-19T19:55:51.988Z,1787169351988,FAN_DT_001_F4_S06_R01_20260819T194720,1,511.415,FAULT_ACTIVE,F4,0.6,FAN_DT_001,3.0,process-model-3.0.0-build3,10270,1,LIVE,SYNCHRONISED,AUTOMATIC,HIGH_LOAD,65,1950,1950,0,145,253,0.3,0.33,24.79412,48.07,1.044,1,0.0256,0,211.31,29.9139,-0.00403,1,0.18,1.906,6.9699,61,CRITICAL,F4,4,1,thermal_overload,0.6,1,1,,,,,32,0
2026-08-19T19:55:53.005Z,1787169353005,FAN_DT_001_F4_S06_R01_20260819T194720,1,512.432,FAULT_ACTIVE,F4,0.6,FAN_DT_001,3.0,process-model-3.0.0-build3,10271,1,LIVE,SYNCHRONISED,AUTOMATIC,HIGH_LOAD,65,1950,1950,0,145,253,0.3,0.33,24.81187,48.08,1.044,1,0.0256,0,211.31,29.9744,-0.00425,1,0.18,2.01,6.984,61,CRITICAL,F4,4,1,thermal_overload,0.6,1,1,,,,,32,0
2026-08-19T19:55:54.043Z,1787169354043,FAN_DT_001_F4_S06_R01_20260819T194720,1,513.47,FAULT_ACTIVE,F4,0.6,FAN_DT_001,3.0,process-model-3.0.0-build3,10272,1,LIVE,SYNCHRONISED,AUTOMATIC,HIGH_LOAD,65,1950,1950,0,145,253,0.3,0.33,24.82969,48.08,1.044,1,0.0256,0,211.31,30.0347,-0.00448,1,0.18,2.122,6.9981,61,CRITICAL,F4,4,1,thermal_overload,0.6,1,1,,,,,32,0
2026-08-19T19:55:55.075Z,1787169355075,FAN_DT_001_F4_S06_R01_20260819T194720,1,514.503,FAULT_ACTIVE,F4,0.6,FAN_DT_001,3.0,process-model-3.0.0-build3,10273,1,LIVE,SYNCHRONISED,AUTOMATIC,HIGH_LOAD,65,1950,1950,0,145,253,0.3,0.33,24.8477,48.09,1.044,1,0.0256,0,211.31,30.0955,-0.00469,1,0.18,2.221,7.0123,61,CRITICAL,F4,4,1,thermal_overload,0.6,1,1,,,,,32,0
2026-08-19T19:55:56.109Z,1787169356109,FAN_DT_001_F4_S06_R01_20260819T194720,1,515.539,FAULT_ACTIVE,F4,0.6,FAN_DT_001,3.0,process-model-3.0.0-build3,10274,1,LIVE,SYNCHRONISED,AUTOMATIC,HIGH_LOAD,65,1950,1950,0,145,253,0.3,0.33,24.86574,48.09,1.044,1,0.0256,0,211.31,30.156,-0.00492,1,0.18,2.329,7.0264,61,CRITICAL,F4,4,1,thermal_overload,0.6,1,1,,,,,32,0
2026-08-19T19:55:57.145Z,1787169357145,FAN_DT_001_F4_S06_R01_20260819T194720,1,516.574,FAULT_ACTIVE,F4,0.6,FAN_DT_001,3.0,process-model-3.0.0-build3,10275,1,LIVE,SYNCHRONISED,AUTOMATIC,HIGH_LOAD,65,1950,1950,0,145,253,0.3,0.33,24.88378,48.1,1.044,1,0.0256,0,211.31,30.2163,-0.00513,1,0.18,2.43,7.0404,61,CRITICAL,F4,4,1,thermal_overload,0.6,1,1,,,,,32,0
2026-08-19T19:55:58.178Z,1787169358178,FAN_DT_001_F4_S06_R01_20260819T194720,1,517.663,FAULT_ACTIVE,F4,0.6,FAN_DT_001,3.0,process-model-3.0.0-build3,10276,1,LIVE,SYNCHRONISED,AUTOMATIC,HIGH_LOAD,65,1950,1950,0,145,253,0.3,0.33,24.90201,48.1,1.044,1,0.0256,0,211.31,30.277,-0.00533,1,0.18,2.521,7.0546,61,CRITICAL,F4,4,1,thermal_overload,0.6,1,1,,,,,32,0
2026-08-19T19:55:59.211Z,1787169359211,FAN_DT_001_F4_S06_R01_20260819T194720,1,518.639,FAULT_ACTIVE,F4,0.6,FAN_DT_001,3.0,process-model-3.0.0-build3,10277,1,LIVE,SYNCHRONISED,AUTOMATIC,HIGH_LOAD,65,1950,1950,0,145,253,0.3,0.33,24.92024,48.11,1.044,1,0.0256,0,211.31,30.3376,-0.00555,1,0.18,2.626,7.0687,61,CRITICAL,F4,4,1,thermal_overload,0.6,1,1,,,,,32,0
2026-08-19T19:56:00.268Z,1787169360268,FAN_DT_001_F4_S06_R01_20260819T194720,1,519.695,FAULT_ACTIVE,F4,0.6,FAN_DT_001,3.0,process-model-3.0.0-build3,10278,1,LIVE,SYNCHRONISED,AUTOMATIC,HIGH_LOAD,65,1950,1950,0,145,253,0.3,0.33,24.93851,48.11,1.044,1,0.0256,0,211.31,30.3981,-0.00577,1,0.18,2.729,7.0828,61,CRITICAL,F4,4,1,thermal_overload,0.6,1,1,,,,,32,0
2026-08-19T19:56:01.287Z,1787169361287,FAN_DT_001_F4_S06_R01_20260819T194720,1,520.715,FAULT_ACTIVE,F4,0.6,FAN_DT_001,3.0,process-model-3.0.0-build3,10279,1,LIVE,SYNCHRONISED,AUTOMATIC,HIGH_LOAD,65,1950,1950,0,145,253,0.3,0.33,24.95685,48.12,1.044,1,0.0256,0,211.31,30.4588,-0.00596,1,0.18,2.821,7.0969,61,CRITICAL,F4,4,1,thermal_overload,0.6,1,1,,,,,32,0
2026-08-19T19:56:02.316Z,1787169362316,FAN_DT_001_F4_S06_R01_20260819T194720,1,521.748,FAULT_ACTIVE,F4,0.6,FAN_DT_001,3.0,process-model-3.0.0-build3,10280,1,LIVE,SYNCHRONISED,AUTOMATIC,HIGH_LOAD,65,1950,1950,0,145,253,0.3,0.33,24.97509,48.13,1.044,1,0.0256,0,211.31,30.5192,-0.00616,1,0.18,2.913,7.111,61,CRITICAL,F4,4,1,thermal_overload,0.6,1,1,,,,,32,0
2026-08-19T19:56:03.344Z,1787169363344,FAN_DT_001_F4_S06_R01_20260819T194720,1,522.771,FAULT_ACTIVE,F4,0.6,FAN_DT_001,3.0,process-model-3.0.0-build3,10281,1,LIVE,SYNCHRONISED,AUTOMATIC,HIGH_LOAD,65,1950,1950,0,145,253,0.3,0.33,24.99351,48.13,1.044,1,0.0256,0,211.31,30.58,-0.00636,1,0.18,3.009,7.1251,61,CRITICAL,F4,4,1,thermal_overload,0.6,1,1,,,,,32,0
2026-08-19T19:56:04.374Z,1787169364374,FAN_DT_001_F4_S06_R01_20260819T194720,1,523.802,FAULT_ACTIVE,F4,0.6,FAN_DT_001,3.0,process-model-3.0.0-build3,10282,1,LIVE,SYNCHRONISED,AUTOMATIC,HIGH_LOAD,65,1950,1950,0,145,253,0.3,0.33,25.01186,48.14,1.044,1,0.0256,0,211.31,30.6405,-0.00654,1,0.18,3.093,7.1392,61,CRITICAL,F4,4,1,thermal_overload,0.6,1,1,,,,,32,0
2026-08-19T19:56:05.410Z,1787169365410,FAN_DT_001_F4_S06_R01_20260819T194720,1,524.838,FAULT_ACTIVE,F4,0.6,FAN_DT_001,3.0,process-model-3.0.0-build3,10283,1,LIVE,SYNCHRONISED,AUTOMATIC,HIGH_LOAD,65,1950,1950,0,145,253,0.3,0.33,25.03017,48.15,1.044,1,0.0256,0,211.31,30.701,-0.00675,1,0.18,3.194,7.1533,61,CRITICAL,F4,4,1,thermal_overload,0.6,1,1,,,,,32,0
2026-08-19T19:56:06.444Z,1787169366444,FAN_DT_001_F4_S06_R01_20260819T194720,1,525.873,FAULT_ACTIVE,F4,0.6,FAN_DT_001,3.0,process-model-3.0.0-build3,10284,1,LIVE,SYNCHRONISED,AUTOMATIC,HIGH_LOAD,65,1950,1950,0,145,253,0.3,0.33,25.04851,48.15,1.044,1,0.0256,0,211.31,30.7617,-0.00693,1,0.18,3.281,7.1675,61,CRITICAL,F4,4,1,thermal_overload,0.6,1,1,,,,,32,0
2026-08-19T19:56:07.497Z,1787169367497,FAN_DT_001_F4_S06_R01_20260819T194720,1,526.925,FAULT_ACTIVE,F4,0.6,FAN_DT_001,3.0,process-model-3.0.0-build3,10285,1,LIVE,SYNCHRONISED,AUTOMATIC,HIGH_LOAD,65,1950,1950,0,145,253,0.3,0.33,25.06676,48.16,1.044,1,0.0256,0,211.31,30.8221,-0.00711,1,0.18,3.364,7.1815,61,CRITICAL,F4,4,1,thermal_overload,0.6,1,1,,,,,32,0
2026-08-19T19:56:08.520Z,1787169368520,FAN_DT_001_F4_S06_R01_20260819T194720,1,527.947,FAULT_ACTIVE,F4,0.6,FAN_DT_001,3.0,process-model-3.0.0-build3,10286,1,LIVE,SYNCHRONISED,AUTOMATIC,HIGH_LOAD,65,1950,1950,0,145,253,0.3,0.33,25.08507,48.17,1.044,1,0.0256,0,211.31,30.8828,-0.0073,1,0.18,3.453,7.1957,61,CRITICAL,F4,4,1,thermal_overload,0.6,1,1,,,,,32,0
2026-08-19T19:56:09.544Z,1787169369544,FAN_DT_001_F4_S06_R01_20260819T194720,1,528.972,FAULT_ACTIVE,F4,0.6,FAN_DT_001,3.0,process-model-3.0.0-build3,10287,1,LIVE,SYNCHRONISED,AUTOMATIC,HIGH_LOAD,65,1950,1950,0,145,253,0.3,0.33,25.10334,48.18,1.044,1,0.0256,0,211.31,30.9435,-0.00746,1,0.18,3.529,7.2098,61,CRITICAL,F4,4,1,thermal_overload,0.6,1,1,,,,,32,0
2026-08-19T19:56:13.624Z,1787169373624,FAN_DT_001_F4_S06_R01_20260819T194720,1,533.054,FAULT_ACTIVE,F4,0.6,FAN_DT_001,3.0,process-model-3.0.0-build3,10288,1,DELAYED,DELAYED,AUTOMATIC,HIGH_LOAD,65,1950,1950,0,145,253,0.3,0.33,25.12146,48.18,1.044,1,0.0256,0,211.31,31.0039,-0.00763,1,0.18,3.61,7.2239,61,CRITICAL,F4,4,1,thermal_overload,0.6,1,1,,,,,32,0
2026-08-19T19:56:13.680Z,1787169373680,FAN_DT_001_F4_S06_R01_20260819T194720,1,533.107,FAULT_ACTIVE,F4,0.6,FAN_DT_001,3.0,process-model-3.0.0-build3,10289,1,LIVE,SYNCHRONISED,AUTOMATIC,HIGH_LOAD,65,1950,1950,0,145,253,0.3,0.33,25.13968,48.19,1.044,1,0.0256,0,211.31,31.065,-0.0078,1,0.18,3.691,7.2381,61,CRITICAL,F4,4,1,thermal_overload,0.6,1,1,,,,,32,0
2026-08-19T19:56:13.688Z,1787169373688,FAN_DT_001_F4_S06_R01_20260819T194720,1,533.116,FAULT_ACTIVE,F4,0.6,FAN_DT_001,3.0,process-model-3.0.0-build3,10290,1,LIVE,SYNCHRONISED,AUTOMATIC,HIGH_LOAD,65,1950,1950,0,145,253,0.3,0.33,25.1576,48.2,1.044,1,0.0256,0,211.31,31.1251,-0.00795,1,0.18,3.763,7.2522,61,CRITICAL,F4,4,1,thermal_overload,0.6,1,1,,,,,32,0
2026-08-19T19:56:13.800Z,1787169373800,FAN_DT_001_F4_S06_R01_20260819T194720,1,533.227,FAULT_ACTIVE,F4,0.6,FAN_DT_001,3.0,process-model-3.0.0-build3,10291,1,LIVE,SYNCHRONISED,AUTOMATIC,HIGH_LOAD,65,1950,1950,0,145,253,0.3,0.33,25.17555,48.21,1.044,1,0.0256,0,211.31,31.1858,-0.00811,1,0.18,3.84,7.2663,61,CRITICAL,F4,4,1,thermal_overload,0.6,1,1,,,,,32,0
2026-08-19T19:56:14.713Z,1787169374713,FAN_DT_001_F4_S06_R01_20260819T194720,1,534.141,FAULT_ACTIVE,F4,0.6,FAN_DT_001,3.0,process-model-3.0.0-build3,10292,1,LIVE,SYNCHRONISED,AUTOMATIC,HIGH_LOAD,65,1950,1950,0,145,253,0.3,0.33,25.19335,48.22,1.044,1,0.0256,0,211.31,31.2461,-0.00829,1,0.18,3.925,7.2803,61,CRITICAL,F4,4,1,thermal_overload,0.6,1,1,,,,,32,0
2026-08-19T19:56:15.746Z,1787169375746,FAN_DT_001_F4_S06_R01_20260819T194720,1,535.187,FAULT_ACTIVE,F4,0.6,FAN_DT_001,3.0,process-model-3.0.0-build3,10293,1,LIVE,SYNCHRONISED,AUTOMATIC,HIGH_LOAD,65,1950,1950,0,145,253,0.3,0.33,25.21113,48.23,1.044,1,0.0256,0,211.31,31.3069,-0.00842,1,0.18,3.983,7.2945,61,CRITICAL,F4,4,1,thermal_overload,0.6,1,1,,,,,32,0
2026-08-19T19:56:16.794Z,1787169376794,FAN_DT_001_F4_S06_R01_20260819T194720,1,536.221,FAULT_ACTIVE,F4,0.6,FAN_DT_001,3.0,process-model-3.0.0-build3,10294,1,LIVE,SYNCHRONISED,AUTOMATIC,HIGH_LOAD,65,1950,1950,0,145,253,0.3,0.33,25.22876,48.23,1.044,1,0.0256,0,211.31,31.3674,-0.00858,1,0.18,4.062,7.3086,61,CRITICAL,F4,4,1,thermal_overload,0.6,1,1,,,,,32,0
2026-08-19T19:56:17.857Z,1787169377857,FAN_DT_001_F4_S06_R01_20260819T194720,1,537.293,FAULT_ACTIVE,F4,0.6,FAN_DT_001,3.0,process-model-3.0.0-build3,10295,1,LIVE,SYNCHRONISED,AUTOMATIC,HIGH_LOAD,65,1950,1950,0,145,253,0.3,0.33,25.24626,48.24,1.044,1,0.0256,0,211.31,31.4278,-0.00871,1,0.18,4.122,7.3227,61,CRITICAL,F4,4,1,thermal_overload,0.6,1,1,,,,,32,0
2026-08-19T19:56:18.843Z,1787169378843,FAN_DT_001_F4_S06_R01_20260819T194720,1,538.27,FAULT_ACTIVE,F4,0.6,FAN_DT_001,3.0,process-model-3.0.0-build3,10296,1,LIVE,SYNCHRONISED,AUTOMATIC,HIGH_LOAD,65,1950,1950,0,145,253,0.3,0.33,25.26368,48.25,1.044,1,0.0256,0,211.31,31.4885,-0.00885,1,0.18,4.189,7.3368,61,CRITICAL,F4,4,1,thermal_overload,0.6,1,1,,,,,32,0
2026-08-19T19:56:19.887Z,1787169379887,FAN_DT_001_F4_S06_R01_20260819T194720,1,539.316,FAULT_ACTIVE,F4,0.6,FAN_DT_001,3.0,process-model-3.0.0-build3,10297,1,LIVE,SYNCHRONISED,AUTOMATIC,HIGH_LOAD,65,1950,1950,0,145,253,0.3,0.33,25.2809,48.26,1.044,1,0.0256,0,211.31,31.549,-0.009,1,0.18,4.258,7.3509,61,CRITICAL,F4,4,1,thermal_overload,0.6,1,1,,,,,32,0
2026-08-19T19:56:20.920Z,1787169380920,FAN_DT_001_F4_S06_R01_20260819T194720,1,540.347,RECOVERY,F4,0.6,FAN_DT_001,3.0,process-model-3.0.0-build3,10298,1,LIVE,SYNCHRONISED,AUTOMATIC,HIGH_LOAD,65,1950,1950,0,145,253,0.3,0.33,25.29804,48.27,1.044,1,0.0256,0,211.31,31.6097,-0.00911,1,0.18,4.313,7.3651,61,HEALTHY,F0,0,0,healthy,0,0,0,,,,,33,0
2026-08-19T19:56:21.958Z,1787169381958,FAN_DT_001_F4_S06_R01_20260819T194720,1,541.385,RECOVERY,F4,0.6,FAN_DT_001,3.0,process-model-3.0.0-build3,10299,1,LIVE,SYNCHRONISED,AUTOMATIC,NORMAL,65,1950,1950,0,145,145,0.3,0.3,25.31507,48.11,1.028,1,0.0254,0,207.97,31.6696,0.15444,1,0.18,74.261,7.379,100,HEALTHY,F0,0,0,healthy,0,0,0,,,,,33,0
2026-08-19T19:56:22.984Z,1787169382984,FAN_DT_001_F4_S06_R01_20260819T194720,1,542.412,RECOVERY,F4,0.6,FAN_DT_001,3.0,process-model-3.0.0-build3,10300,1,LIVE,SYNCHRONISED,AUTOMATIC,NORMAL,65,1950,1950,0,145,145,0.3,0.3,25.33177,47.95,1.028,1,0.0254,0,207.97,31.7289,0.15153,1,0.18,72.862,7.3928,100,HEALTHY,F0,0,0,healthy,0,0,0,,,,,33,0
2026-08-19T19:56:24.010Z,1787169384010,FAN_DT_001_F4_S06_R01_20260819T194720,1,543.438,RECOVERY,F4,0.6,FAN_DT_001,3.0,process-model-3.0.0-build3,10301,1,LIVE,SYNCHRONISED,AUTOMATIC,NORMAL,65,1950,1950,0,145,145,0.3,0.3,25.34834,47.8,1.028,1,0.0254,0,207.97,31.7884,0.14871,1,0.18,71.509,7.4067,100,HEALTHY,F0,0,0,healthy,0,0,0,,,,,33,0
2026-08-19T19:56:25.044Z,1787169385044,FAN_DT_001_F4_S06_R01_20260819T194720,1,544.471,RECOVERY,F4,0.6,FAN_DT_001,3.0,process-model-3.0.0-build3,10302,1,LIVE,SYNCHRONISED,AUTOMATIC,NORMAL,65,1950,1950,0,145,145,0.3,0.3,25.36464,47.65,1.028,1,0.0254,0,207.97,31.8476,0.14593,1,0.18,70.172,7.4205,100,HEALTHY,F0,0,0,healthy,0,0,0,,,,,33,0
2026-08-19T19:56:26.067Z,1787169386067,FAN_DT_001_F4_S06_R01_20260819T194720,1,545.495,RECOVERY,F4,0.6,FAN_DT_001,3.0,process-model-3.0.0-build3,10303,1,LIVE,SYNCHRONISED,AUTOMATIC,NORMAL,65,1950,1950,0,145,145,0.3,0.3,25.38087,47.5,1.028,1,0.0254,0,207.97,31.9072,0.14319,1,0.18,68.851,7.4344,100,HEALTHY,F0,0,0,healthy,0,0,0,,,,,33,0
2026-08-19T19:56:27.097Z,1787169387097,FAN_DT_001_F4_S06_R01_20260819T194720,1,546.527,RECOVERY,F4,0.6,FAN_DT_001,3.0,process-model-3.0.0-build3,10304,1,LIVE,SYNCHRONISED,AUTOMATIC,NORMAL,65,1950,1950,0,145,145,0.3,0.3,25.39678,47.35,1.028,1,0.0254,0,207.97,31.9664,0.14054,1,0.18,67.577,7.4482,100,HEALTHY,F0,0,0,healthy,0,0,0,,,,,33,0
2026-08-19T19:56:28.127Z,1787169388127,FAN_DT_001_F4_S06_R01_20260819T194720,1,547.557,RECOVERY,F4,0.6,FAN_DT_001,3.0,process-model-3.0.0-build3,10305,1,LIVE,SYNCHRONISED,AUTOMATIC,NORMAL,65,1950,1950,0,145,145,0.3,0.3,25.41256,47.21,1.028,1,0.0254,0,207.97,32.0258,0.13787,1,0.18,66.296,7.462,100,HEALTHY,F0,0,0,healthy,0,0,0,,,,,33,0
2026-08-19T19:56:29.159Z,1787169389159,FAN_DT_001_F4_S06_R01_20260819T194720,1,548.586,RECOVERY,F4,0.6,FAN_DT_001,3.0,process-model-3.0.0-build3,10306,1,LIVE,SYNCHRONISED,AUTOMATIC,NORMAL,65,1950,1950,0,145,145,0.3,0.3,25.42811,47.07,1.028,1,0.0254,0,207.97,32.0852,0.13529,1,0.18,65.052,7.4759,100,HEALTHY,F0,0,0,healthy,0,0,0,,,,,33,0
2026-08-19T19:56:30.212Z,1787169390212,FAN_DT_001_F4_S06_R01_20260819T194720,1,549.639,RECOVERY,F4,0.6,FAN_DT_001,3.0,process-model-3.0.0-build3,10307,1,LIVE,SYNCHRONISED,AUTOMATIC,NORMAL,65,1950,1950,0,145,145,0.3,0.3,25.4434,46.93,1.028,1,0.0254,0,207.97,32.1445,0.13279,1,0.18,63.853,7.4897,100,HEALTHY,F0,0,0,healthy,0,0,0,,,,,33,0
2026-08-19T19:56:31.221Z,1787169391221,FAN_DT_001_F4_S06_R01_20260819T194720,1,550.651,RECOVERY,F4,0.6,FAN_DT_001,3.0,process-model-3.0.0-build3,10308,1,LIVE,SYNCHRONISED,AUTOMATIC,NORMAL,65,1950,1950,0,145,145,0.3,0.3,25.45856,46.8,1.028,1,0.0254,0,207.97,32.2041,0.13028,1,0.18,62.642,7.5036,100,HEALTHY,F0,0,0,healthy,0,0,0,,,,,33,0
2026-08-19T19:56:32.248Z,1787169392248,FAN_DT_001_F4_S06_R01_20260819T194720,1,551.675,RECOVERY,F4,0.6,FAN_DT_001,3.0,process-model-3.0.0-build3,10309,1,LIVE,SYNCHRONISED,AUTOMATIC,NORMAL,65,1950,1950,0,145,145,0.3,0.3,25.47344,46.66,1.028,1,0.0254,0,207.97,32.2636,0.12781,1,0.18,61.456,7.5174,100,HEALTHY,F0,0,0,healthy,0,0,0,,,,,33,0
2026-08-19T19:56:33.301Z,1787169393301,FAN_DT_001_F4_S06_R01_20260819T194720,1,552.728,RECOVERY,F4,0.6,FAN_DT_001,3.0,process-model-3.0.0-build3,10310,1,LIVE,SYNCHRONISED,AUTOMATIC,NORMAL,65,1950,1950,0,145,145,0.3,0.3,25.488,46.53,1.028,1,0.0254,0,207.97,32.3228,0.12542,1,0.18,60.307,7.5312,100,HEALTHY,F0,0,0,healthy,0,0,0,,,,,33,0
2026-08-19T19:56:34.305Z,1787169394305,FAN_DT_001_F4_S06_R01_20260819T194720,1,553.732,RECOVERY,F4,0.6,FAN_DT_001,3.0,process-model-3.0.0-build3,10311,1,LIVE,SYNCHRONISED,AUTOMATIC,NORMAL,65,1950,1950,0,145,145,0.3,0.3,25.50236,46.41,1.028,1,0.0254,0,207.97,32.3822,0.12307,1,0.18,59.177,7.545,100,HEALTHY,F0,0,0,healthy,0,0,0,,,,,33,0
2026-08-19T19:56:35.335Z,1787169395335,FAN_DT_001_F4_S06_R01_20260819T194720,1,554.764,RECOVERY,F4,0.6,FAN_DT_001,3.0,process-model-3.0.0-build3,10312,1,LIVE,SYNCHRONISED,AUTOMATIC,NORMAL,65,1950,1950,0,145,145,0.3,0.3,25.51645,46.28,1.028,1,0.0254,0,207.97,32.4416,0.12077,1,0.18,58.072,7.5589,100,HEALTHY,F0,0,0,healthy,0,0,0,,,,,33,0
2026-08-19T19:56:36.365Z,1787169396365,FAN_DT_001_F4_S06_R01_20260819T194720,1,555.792,RECOVERY,F4,0.6,FAN_DT_001,3.0,process-model-3.0.0-build3,10313,1,LIVE,SYNCHRONISED,AUTOMATIC,NORMAL,65,1950,1950,0,145,145,0.3,0.3,25.53024,46.16,1.028,1,0.0254,0,207.97,32.5008,0.1185,1,0.18,56.98,7.5727,100,HEALTHY,F0,0,0,healthy,0,0,0,,,,,33,0
2026-08-19T19:56:37.397Z,1787169397397,FAN_DT_001_F4_S06_R01_20260819T194720,1,556.824,RECOVERY,F4,0.6,FAN_DT_001,3.0,process-model-3.0.0-build3,10314,1,LIVE,SYNCHRONISED,AUTOMATIC,NORMAL,65,1950,1950,0,145,145,0.3,0.3,25.5438,46.04,1.028,1,0.0254,0,207.97,32.5603,0.11627,1,0.18,55.91,7.5865,100,HEALTHY,F0,0,0,healthy,0,0,0,,,,,33,0
2026-08-19T19:56:38.434Z,1787169398434,FAN_DT_001_F4_S06_R01_20260819T194720,1,557.863,RECOVERY,F4,0.6,FAN_DT_001,3.0,process-model-3.0.0-build3,10315,1,LIVE,SYNCHRONISED,AUTOMATIC,NORMAL,65,1950,1950,0,145,145,0.3,0.3,25.557,45.92,1.028,1,0.0254,0,207.97,32.6194,0.11409,1,0.18,54.859,7.6003,100,HEALTHY,F0,0,0,healthy,0,0,0,,,,,33,0
2026-08-19T19:56:39.445Z,1787169399445,FAN_DT_001_F4_S06_R01_20260819T194720,1,558.878,RECOVERY,F4,0.6,FAN_DT_001,3.0,process-model-3.0.0-build3,10316,1,LIVE,SYNCHRONISED,AUTOMATIC,NORMAL,65,1950,1950,0,145,145,0.3,0.3,25.56996,45.8,1.028,1,0.0254,0,207.97,32.6788,0.11195,1,0.18,53.83,7.6142,100,HEALTHY,F0,0,0,healthy,0,0,0,,,,,33,0
2026-08-19T19:56:40.476Z,1787169400476,FAN_DT_001_F4_S06_R01_20260819T194720,1,559.904,RECOVERY,F4,0.6,FAN_DT_001,3.0,process-model-3.0.0-build3,10317,1,LIVE,SYNCHRONISED,AUTOMATIC,NORMAL,65,1950,1950,0,145,145,0.3,0.3,25.58259,45.69,1.028,1,0.0254,0,207.97,32.7379,0.10987,1,0.18,52.83,7.6279,100,HEALTHY,F0,0,0,healthy,0,0,0,,,,,33,0
2026-08-19T19:56:41.505Z,1787169401505,FAN_DT_001_F4_S06_R01_20260819T194720,1,560.933,RECOVERY,F4,0.6,FAN_DT_001,3.0,process-model-3.0.0-build3,10318,1,LIVE,SYNCHRONISED,AUTOMATIC,NORMAL,65,1950,1950,0,145,145,0.3,0.3,25.59497,45.58,1.028,1,0.0254,0,207.97,32.7973,0.10781,1,0.18,51.841,7.6418,100,HEALTHY,F0,0,0,healthy,0,0,0,,,,,33,0
2026-08-19T19:56:42.544Z,1787169402544,FAN_DT_001_F4_S06_R01_20260819T194720,1,561.972,RECOVERY,F4,0.6,FAN_DT_001,3.0,process-model-3.0.0-build3,10319,1,LIVE,SYNCHRONISED,AUTOMATIC,NORMAL,65,1950,1950,0,145,145,0.3,0.3,25.60703,45.47,1.028,1,0.0254,0,207.97,32.8568,0.10578,1,0.18,50.863,7.6556,100,HEALTHY,F0,0,0,healthy,0,0,0,,,,,33,0
2026-08-19T19:56:43.564Z,1787169403564,FAN_DT_001_F4_S06_R01_20260819T194720,1,562.992,RECOVERY,F4,0.6,FAN_DT_001,3.0,process-model-3.0.0-build3,10320,1,LIVE,SYNCHRONISED,AUTOMATIC,NORMAL,65,1950,1950,0,145,145,0.3,0.3,25.61875,45.36,1.028,1,0.0254,0,207.97,32.916,0.10382,1,0.18,49.921,7.6694,100,HEALTHY,F0,0,0,healthy,0,0,0,,,,,33,0
2026-08-19T19:56:44.590Z,1787169404590,FAN_DT_001_F4_S06_R01_20260819T194720,1,564.018,RECOVERY,F4,0.6,FAN_DT_001,3.0,process-model-3.0.0-build3,10321,1,LIVE,SYNCHRONISED,AUTOMATIC,NORMAL,65,1950,1950,0,145,145,0.3,0.3,25.6302,45.25,1.028,1,0.0254,0,207.97,32.9755,0.10188,1,0.18,48.987,7.6833,100,HEALTHY,F0,0,0,healthy,0,0,0,,,,,33,0
2026-08-19T19:56:45.623Z,1787169405623,FAN_DT_001_F4_S06_R01_20260819T194720,1,565.051,RECOVERY,F4,0.6,FAN_DT_001,3.0,process-model-3.0.0-build3,10322,1,LIVE,SYNCHRONISED,AUTOMATIC,NORMAL,65,1950,1950,0,145,145,0.3,0.3,25.6413,45.15,1.028,1,0.0254,0,207.97,33.035,0.09996,1,0.18,48.067,7.6972,100,HEALTHY,F0,0,0,healthy,0,0,0,,,,,33,0
2026-08-19T19:56:46.652Z,1787169406652,FAN_DT_001_F4_S06_R01_20260819T194720,1,566.08,RECOVERY,F4,0.6,FAN_DT_001,3.0,process-model-3.0.0-build3,10323,1,LIVE,SYNCHRONISED,AUTOMATIC,NORMAL,65,1950,1950,0,145,145,0.3,0.3,25.65204,45.05,1.028,1,0.0254,0,207.97,33.0942,0.0981,1,0.18,47.169,7.7109,100,HEALTHY,F0,0,0,healthy,0,0,0,,,,,33,0
2026-08-19T19:56:47.694Z,1787169407694,FAN_DT_001_F4_S06_R01_20260819T194720,1,567.121,RECOVERY,F4,0.6,FAN_DT_001,3.0,process-model-3.0.0-build3,10324,1,LIVE,SYNCHRONISED,AUTOMATIC,NORMAL,65,1950,1950,0,145,145,0.3,0.3,25.66247,44.95,1.028,1,0.0254,0,207.97,33.1536,0.09628,1,0.18,46.294,7.7248,100,HEALTHY,F0,0,0,healthy,0,0,0,,,,,33,0
2026-08-19T19:56:48.706Z,1787169408706,FAN_DT_001_F4_S06_R01_20260819T194720,1,568.134,RECOVERY,F4,0.6,FAN_DT_001,3.0,process-model-3.0.0-build3,10325,1,LIVE,SYNCHRONISED,AUTOMATIC,NORMAL,65,1950,1950,0,145,145,0.3,0.3,25.67252,44.85,1.028,1,0.0254,0,207.97,33.213,0.09449,1,0.18,45.434,7.7386,100,HEALTHY,F0,0,0,healthy,0,0,0,,,,,33,0
2026-08-19T19:56:49.741Z,1787169409741,FAN_DT_001_F4_S06_R01_20260819T194720,1,569.168,RECOVERY,F4,0.6,FAN_DT_001,3.0,process-model-3.0.0-build3,10326,1,LIVE,SYNCHRONISED,AUTOMATIC,NORMAL,65,1950,1950,0,145,145,0.3,0.3,25.68224,44.76,1.028,1,0.0254,0,207.97,33.2723,0.09272,1,0.18,44.583,7.7524,100,HEALTHY,F0,0,0,healthy,0,0,0,,,,,33,0
2026-08-19T19:56:50.769Z,1787169410769,FAN_DT_001_F4_S06_R01_20260819T194720,1,570.197,RECOVERY,F4,0.6,FAN_DT_001,3.0,process-model-3.0.0-build3,10327,1,LIVE,SYNCHRONISED,AUTOMATIC,NORMAL,65,1950,1950,0,145,145,0.3,0.3,25.69162,44.66,1.028,1,0.0254,0,207.97,33.3317,0.09101,1,0.18,43.761,7.7663,100,HEALTHY,F0,0,0,healthy,0,0,0,,,,,33,0
2026-08-19T19:56:51.790Z,1787169411790,FAN_DT_001_F4_S06_R01_20260819T194720,1,571.221,RECOVERY,F4,0.6,FAN_DT_001,3.0,process-model-3.0.0-build3,10328,1,LIVE,SYNCHRONISED,AUTOMATIC,NORMAL,65,1950,1950,0,145,145,0.3,0.3,25.70057,44.57,1.028,1,0.0254,0,207.97,33.3908,0.08932,1,0.18,42.948,7.7801,100,HEALTHY,F0,0,0,healthy,0,0,0,,,,,33,0
2026-08-19T19:56:52.839Z,1787169412839,FAN_DT_001_F4_S06_R01_20260819T194720,1,572.268,RECOVERY,F4,0.6,FAN_DT_001,3.0,process-model-3.0.0-build3,10329,1,LIVE,SYNCHRONISED,AUTOMATIC,NORMAL,65,1950,1950,0,145,145,0.3,0.3,25.70921,44.48,1.028,1,0.0254,0,207.97,33.4502,0.08768,1,0.18,42.161,7.7939,100,HEALTHY,F0,0,0,healthy,0,0,0,,,,,33,0
2026-08-19T19:56:53.862Z,1787169413862,FAN_DT_001_F4_S06_R01_20260819T194720,1,573.29,RECOVERY,F4,0.6,FAN_DT_001,3.0,process-model-3.0.0-build3,10330,1,LIVE,SYNCHRONISED,AUTOMATIC,NORMAL,65,1950,1950,0,145,145,0.3,0.3,25.71749,44.39,1.028,1,0.0254,0,207.97,33.5097,0.08604,1,0.18,41.374,7.8078,100,HEALTHY,F0,0,0,healthy,0,0,0,,,,,33,0
2026-08-19T19:56:54.896Z,1787169414896,FAN_DT_001_F4_S06_R01_20260819T194720,1,574.33,RECOVERY,F4,0.6,FAN_DT_001,3.0,process-model-3.0.0-build3,10331,1,LIVE,SYNCHRONISED,AUTOMATIC,NORMAL,65,1950,1950,0,145,145,0.3,0.3,25.72538,44.3,1.028,1,0.0254,0,207.97,33.5691,0.08449,1,0.18,40.624,7.8216,100,HEALTHY,F0,0,0,healthy,0,0,0,,,,,33,0
2026-08-19T19:56:55.913Z,1787169415913,FAN_DT_001_F4_S06_R01_20260819T194720,1,575.343,RECOVERY,F4,0.6,FAN_DT_001,3.0,process-model-3.0.0-build3,10332,1,LIVE,SYNCHRONISED,AUTOMATIC,NORMAL,65,1950,1950,0,145,145,0.3,0.3,25.73289,44.22,1.028,1,0.0254,0,207.97,33.6283,0.08293,1,0.18,39.878,7.8354,100,HEALTHY,F0,0,0,healthy,0,0,0,,,,,33,0
2026-08-19T19:56:56.941Z,1787169416941,FAN_DT_001_F4_S06_R01_20260819T194720,1,576.373,RECOVERY,F4,0.6,FAN_DT_001,3.0,process-model-3.0.0-build3,10333,1,LIVE,SYNCHRONISED,AUTOMATIC,NORMAL,65,1950,1950,0,145,145,0.3,0.3,25.74005,44.13,1.028,1,0.0254,0,207.97,33.6879,0.08141,1,0.18,39.146,7.8493,100,HEALTHY,F0,0,0,healthy,0,0,0,,,,,33,0
2026-08-19T19:56:57.979Z,1787169417979,FAN_DT_001_F4_S06_R01_20260819T194720,1,577.407,RECOVERY,F4,0.6,FAN_DT_001,3.0,process-model-3.0.0-build3,10334,1,LIVE,SYNCHRONISED,AUTOMATIC,NORMAL,65,1950,1950,0,145,145,0.3,0.3,25.74679,44.05,1.028,1,0.0254,0,207.97,33.7473,0.07991,1,0.18,38.423,7.8631,100,HEALTHY,F0,0,0,healthy,0,0,0,,,,,33,0
2026-08-19T19:56:59.004Z,1787169419004,FAN_DT_001_F4_S06_R01_20260819T194720,1,578.432,RECOVERY,F4,0.6,FAN_DT_001,3.0,process-model-3.0.0-build3,10335,1,LIVE,SYNCHRONISED,AUTOMATIC,NORMAL,65,1950,1950,0,145,145,0.3,0.3,25.75315,43.97,1.028,1,0.0254,0,207.97,33.8067,0.07844,1,0.18,37.719,7.877,100,HEALTHY,F0,0,0,healthy,0,0,0,,,,,33,0
2026-08-19T19:57:00.038Z,1787169420038,FAN_DT_001_F4_S06_R01_20260819T194720,1,579.465,RECOVERY,F4,0.6,FAN_DT_001,3.0,process-model-3.0.0-build3,10336,1,LIVE,SYNCHRONISED,AUTOMATIC,NORMAL,65,1950,1950,0,145,145,0.3,0.3,25.75913,43.89,1.028,1,0.0254,0,207.97,33.8662,0.07703,1,0.18,37.041,7.8908,100,HEALTHY,F0,0,0,healthy,0,0,0,,,,,33,0
2026-08-19T19:57:01.066Z,1787169421066,FAN_DT_001_F4_S06_R01_20260819T194720,1,580.498,RECOVERY,F4,0.6,FAN_DT_001,3.0,process-model-3.0.0-build3,10337,1,LIVE,SYNCHRONISED,AUTOMATIC,NORMAL,65,1950,1950,0,145,145,0.3,0.3,25.76469,43.81,1.028,1,0.0254,0,207.97,33.9255,0.07565,1,0.18,36.375,7.9047,100,HEALTHY,F0,0,0,healthy,0,0,0,,,,,33,0
2026-08-19T19:57:02.102Z,1787169422102,FAN_DT_001_F4_S06_R01_20260819T194720,1,581.535,RECOVERY,F4,0.6,FAN_DT_001,3.0,process-model-3.0.0-build3,10338,1,LIVE,SYNCHRONISED,AUTOMATIC,NORMAL,65,1950,1950,0,145,145,0.3,0.3,25.76987,43.73,1.028,1,0.0254,0,207.97,33.9851,0.07426,1,0.18,35.71,7.9185,100,HEALTHY,F0,0,0,healthy,0,0,0,,,,,33,0
2026-08-19T19:57:03.122Z,1787169423122,FAN_DT_001_F4_S06_R01_20260819T194720,1,582.549,RECOVERY,F4,0.6,FAN_DT_001,3.0,process-model-3.0.0-build3,10339,1,LIVE,SYNCHRONISED,AUTOMATIC,NORMAL,65,1950,1950,0,145,145,0.3,0.3,25.77463,43.66,1.028,1,0.0254,0,207.97,34.0443,0.07294,1,0.18,35.074,7.9323,100,HEALTHY,F0,0,0,healthy,0,0,0,,,,,33,0
2026-08-19T19:57:04.154Z,1787169424154,FAN_DT_001_F4_S06_R01_20260819T194720,1,583.581,RECOVERY,F4,0.6,FAN_DT_001,3.0,process-model-3.0.0-build3,10340,1,LIVE,SYNCHRONISED,AUTOMATIC,NORMAL,65,1950,1950,0,145,145,0.3,0.3,25.77901,43.58,1.028,1,0.0254,0,207.97,34.1039,0.07163,1,0.18,34.444,7.9462,100,HEALTHY,F0,0,0,healthy,0,0,0,,,,,33,0
2026-08-19T19:57:05.186Z,1787169425186,FAN_DT_001_F4_S06_R01_20260819T194720,1,584.614,RECOVERY,F4,0.6,FAN_DT_001,3.0,process-model-3.0.0-build3,10341,1,LIVE,SYNCHRONISED,AUTOMATIC,NORMAL,65,1950,1950,0,145,145,0.3,0.3,25.78296,43.51,1.028,1,0.0254,0,207.97,34.1632,0.07037,1,0.18,33.837,7.96,100,HEALTHY,F0,0,0,healthy,0,0,0,,,,,33,0
2026-08-19T19:57:06.216Z,1787169426216,FAN_DT_001_F4_S06_R01_20260819T194720,1,585.644,RECOVERY,F4,0.6,FAN_DT_001,3.0,process-model-3.0.0-build3,10342,1,LIVE,SYNCHRONISED,AUTOMATIC,NORMAL,65,1950,1950,0,145,145,0.3,0.3,25.7865,43.44,1.028,1,0.0254,0,207.97,34.2225,0.06911,1,0.18,33.234,7.9738,100,HEALTHY,F0,0,0,healthy,0,0,0,,,,,33,0
2026-08-19T19:57:07.242Z,1787169427242,FAN_DT_001_F4_S06_R01_20260819T194720,1,586.671,RECOVERY,F4,0.6,FAN_DT_001,3.0,process-model-3.0.0-build3,10343,1,LIVE,SYNCHRONISED,AUTOMATIC,NORMAL,65,1950,1950,0,145,145,0.3,0.3,25.78965,43.37,1.028,1,0.0254,0,207.97,34.2821,0.06788,1,0.18,32.642,7.9877,100,HEALTHY,F0,0,0,healthy,0,0,0,,,,,33,0
2026-08-19T19:57:08.277Z,1787169428277,FAN_DT_001_F4_S06_R01_20260819T194720,1,587.705,RECOVERY,F4,0.6,FAN_DT_001,3.0,process-model-3.0.0-build3,10344,1,LIVE,SYNCHRONISED,AUTOMATIC,NORMAL,65,1950,1950,0,145,145,0.3,0.3,25.79237,43.3,1.028,1,0.0254,0,207.97,34.3414,0.06671,1,0.18,32.079,8.0015,100,HEALTHY,F0,0,0,healthy,0,0,0,,,,,33,0
2026-08-19T19:57:09.304Z,1787169429304,FAN_DT_001_F4_S06_R01_20260819T194720,1,588.733,RECOVERY,F4,0.6,FAN_DT_001,3.0,process-model-3.0.0-build3,10345,1,LIVE,SYNCHRONISED,AUTOMATIC,NORMAL,65,1950,1950,0,145,145,0.3,0.3,25.79469,43.23,1.028,1,0.0254,0,207.97,34.401,0.06555,1,0.18,31.518,8.0154,100,HEALTHY,F0,0,0,healthy,0,0,0,,,,,33,0
2026-08-19T19:57:10.331Z,1787169430331,FAN_DT_001_F4_S06_R01_20260819T194720,1,589.758,RECOVERY,F4,0.6,FAN_DT_001,3.0,process-model-3.0.0-build3,10346,1,LIVE,SYNCHRONISED,AUTOMATIC,NORMAL,65,1950,1950,0,145,145,0.3,0.3,25.79658,43.16,1.028,1,0.0254,0,207.97,34.4603,0.06439,1,0.18,30.96,8.0292,100,HEALTHY,F0,0,0,healthy,0,0,0,,,,,33,0
2026-08-19T19:57:11.367Z,1787169431367,FAN_DT_001_F4_S06_R01_20260819T194720,1,590.796,RECOVERY,F4,0.6,FAN_DT_001,3.0,process-model-3.0.0-build3,10347,1,LIVE,SYNCHRONISED,AUTOMATIC,NORMAL,65,1950,1950,0,145,145,0.3,0.3,25.79806,43.1,1.028,1,0.0254,0,207.97,34.5196,0.0633,1,0.18,30.438,8.0431,100,HEALTHY,F0,0,0,healthy,0,0,0,,,,,33,0
2026-08-19T19:57:12.392Z,1787169432392,FAN_DT_001_F4_S06_R01_20260819T194720,1,591.82,RECOVERY,F4,0.6,FAN_DT_001,3.0,process-model-3.0.0-build3,10348,1,LIVE,SYNCHRONISED,AUTOMATIC,NORMAL,65,1950,1950,0,145,145,0.3,0.3,25.79912,43.03,1.028,1,0.0254,0,207.97,34.579,0.06219,1,0.18,29.902,8.0569,100,HEALTHY,F0,0,0,healthy,0,0,0,,,,,33,0
2026-08-19T19:57:13.423Z,1787169433423,FAN_DT_001_F4_S06_R01_20260819T194720,1,592.851,RECOVERY,F4,0.6,FAN_DT_001,3.0,process-model-3.0.0-build3,10349,1,LIVE,SYNCHRONISED,AUTOMATIC,NORMAL,65,1950,1950,0,145,145,0.3,0.3,25.79977,42.97,1.028,1,0.0254,0,207.97,34.6384,0.06115,1,0.18,29.404,8.0707,100,HEALTHY,F0,0,0,healthy,0,0,0,,,,,33,0
2026-08-19T19:57:14.460Z,1787169434460,FAN_DT_001_F4_S06_R01_20260819T194720,1,593.888,RECOVERY,F4,0.6,FAN_DT_001,3.0,process-model-3.0.0-build3,10350,1,LIVE,SYNCHRONISED,AUTOMATIC,NORMAL,65,1950,1950,0,145,145,0.3,0.3,25.8,42.91,1.028,1,0.0254,0,207.97,34.6977,0.0601,1,0.18,28.901,8.0846,100,HEALTHY,F0,0,0,healthy,0,0,0,,,,,33,0
2026-08-19T19:57:15.480Z,1787169435480,FAN_DT_001_F4_S06_R01_20260819T194720,1,594.915,RECOVERY,F4,0.6,FAN_DT_001,3.0,process-model-3.0.0-build3,10351,1,LIVE,SYNCHRONISED,AUTOMATIC,NORMAL,65,1950,1950,0,145,145,0.3,0.3,25.79981,42.84,1.028,1,0.0254,0,207.97,34.7572,0.05908,1,0.18,28.41,8.0984,100,HEALTHY,F0,0,0,healthy,0,0,0,,,,,33,0
2026-08-19T19:57:16.525Z,1787169436525,FAN_DT_001_F4_S06_R01_20260819T194720,1,595.956,RECOVERY,F4,0.6,FAN_DT_001,3.0,process-model-3.0.0-build3,10352,1,LIVE,SYNCHRONISED,AUTOMATIC,NORMAL,65,1950,1950,0,145,145,0.3,0.3,25.79921,42.78,1.028,1,0.0254,0,207.97,34.8165,0.05812,1,0.18,27.945,8.1122,100,HEALTHY,F0,0,0,healthy,0,0,0,,,,,33,0
2026-08-19T19:57:17.546Z,1787169437546,FAN_DT_001_F4_S06_R01_20260819T194720,1,596.973,RECOVERY,F4,0.6,FAN_DT_001,3.0,process-model-3.0.0-build3,10353,1,LIVE,SYNCHRONISED,AUTOMATIC,NORMAL,65,1950,1950,0,145,145,0.3,0.3,25.79818,42.73,1.028,1,0.0254,0,207.97,34.876,0.05713,1,0.18,27.471,8.1261,100,HEALTHY,F0,0,0,healthy,0,0,0,,,,,33,0
2026-08-19T19:57:18.625Z,1787169438625,FAN_DT_001_F4_S06_R01_20260819T194720,1,598.052,RECOVERY,F4,0.6,FAN_DT_001,3.0,process-model-3.0.0-build3,10354,1,LIVE,SYNCHRONISED,AUTOMATIC,NORMAL,65,1950,1950,0,145,145,0.3,0.3,25.79674,42.67,1.028,1,0.0254,0,207.97,34.9355,0.05618,1,0.18,27.016,8.14,100,HEALTHY,F0,0,0,healthy,0,0,0,,,,,33,0
2026-08-19T19:57:19.601Z,1787169439601,FAN_DT_001_F4_S06_R01_20260819T194720,1,599.03,RECOVERY,F4,0.6,FAN_DT_001,3.0,process-model-3.0.0-build3,10355,1,LIVE,SYNCHRONISED,AUTOMATIC,NORMAL,65,1950,1950,0,145,145,0.3,0.3,25.7949,42.61,1.028,1,0.0254,0,207.97,34.9945,0.05527,1,0.18,26.576,8.1537,100,HEALTHY,F0,0,0,healthy,0,0,0,,,,,33,0
