ts_iso,ts_ms,run_id,replicate,experiment_elapsed_s,experiment_phase,selected_fault_code,selected_fault_severity,asset_id,schema_version,model_version,sequence_id,sequence_gap,stream_status,synchronisation_status,control_mode,operating_mode,speed_command_pct,target_rpm,actual_rpm,speed_error_rpm,process_heat_load_w,effective_process_heat_load_w,mechanical_load,effective_mechanical_load,ambient_temperature_c,temperature_c,current_a,current_multiplier,vibration_g,vibration_offset_g,power_w,energy_wh,cooling_rate_c_per_s,cooling_efficiency,thermal_resistance_c_per_w,legacy_thermal_eff_index,co2_g,health_overall,health_status,embedded_fault_code,embedded_fault_class_id,embedded_fault_binary_label,embedded_fault_label,embedded_fault_severity,embedded_fault_active,anomaly,ai_fault_code,ai_fault_label,ai_confidence,ai_severity,accepted_commands,rejected_commands
2026-08-19T18:47:47.009Z,1787165267009,FAN_DT_001_F3_S09_R01_20260819T184746,1,0.634,BASELINE,F3,0.9,FAN_DT_001,3.0,process-model-3.0.0-build3,6313,1,LIVE,SYNCHRONISED,AUTOMATIC,NORMAL,65,1950,1950,0,145,145,0.3,0.3,24.83465,38.8,1.028,1,0.0254,0,207.97,0.0213,0.00798,1,0.18,3.835,0.005,100,HEALTHY,F0,0,0,healthy,0,0,0,,,,,21,0
2026-08-19T18:47:48.056Z,1787165268056,FAN_DT_001_F3_S09_R01_20260819T184746,1,1.681,BASELINE,F3,0.9,FAN_DT_001,3.0,process-model-3.0.0-build3,6314,1,LIVE,SYNCHRONISED,AUTOMATIC,NORMAL,65,1950,1950,0,145,145,0.3,0.3,24.81687,38.79,1.028,1,0.0254,0,207.97,0.0805,0.00811,1,0.18,3.902,0.0187,100,HEALTHY,F0,0,0,healthy,0,0,0,,,,,21,0
2026-08-19T18:47:49.080Z,1787165269080,FAN_DT_001_F3_S09_R01_20260819T184746,1,2.705,BASELINE,F3,0.9,FAN_DT_001,3.0,process-model-3.0.0-build3,6315,1,LIVE,SYNCHRONISED,AUTOMATIC,NORMAL,65,1950,1950,0,145,145,0.3,0.3,24.79912,38.78,1.028,1,0.0254,0,207.97,0.1399,0.00829,1,0.18,3.986,0.0326,100,HEALTHY,F0,0,0,healthy,0,0,0,,,,,21,0
2026-08-19T18:47:50.099Z,1787165270099,FAN_DT_001_F3_S09_R01_20260819T184746,1,3.724,BASELINE,F3,0.9,FAN_DT_001,3.0,process-model-3.0.0-build3,6316,1,LIVE,SYNCHRONISED,AUTOMATIC,NORMAL,65,1950,1950,0,145,145,0.3,0.3,24.78151,38.77,1.028,1,0.0254,0,207.97,0.1992,0.00844,1,0.18,4.058,0.0464,100,HEALTHY,F0,0,0,healthy,0,0,0,,,,,21,0
2026-08-19T18:47:51.125Z,1787165271125,FAN_DT_001_F3_S09_R01_20260819T184746,1,4.75,BASELINE,F3,0.9,FAN_DT_001,3.0,process-model-3.0.0-build3,6317,1,LIVE,SYNCHRONISED,AUTOMATIC,NORMAL,65,1950,1950,0,145,145,0.3,0.3,24.76398,38.76,1.028,1,0.0254,0,207.97,0.2586,0.00856,1,0.18,4.117,0.0602,100,HEALTHY,F0,0,0,healthy,0,0,0,,,,,21,0
2026-08-19T18:47:52.148Z,1787165272148,FAN_DT_001_F3_S09_R01_20260819T184746,1,5.773,BASELINE,F3,0.9,FAN_DT_001,3.0,process-model-3.0.0-build3,6318,1,LIVE,SYNCHRONISED,AUTOMATIC,NORMAL,65,1950,1950,0,145,145,0.3,0.3,24.7466,38.75,1.028,1,0.0254,0,207.97,0.3179,0.00871,1,0.18,4.189,0.0741,100,HEALTHY,F0,0,0,healthy,0,0,0,,,,,21,0
2026-08-19T18:47:53.225Z,1787165273225,FAN_DT_001_F3_S09_R01_20260819T184746,1,6.85,BASELINE,F3,0.9,FAN_DT_001,3.0,process-model-3.0.0-build3,6319,1,LIVE,SYNCHRONISED,AUTOMATIC,NORMAL,65,1950,1950,0,145,145,0.3,0.3,24.7294,38.74,1.028,1,0.0254,0,207.97,0.3771,0.00885,1,0.18,4.256,0.0879,100,HEALTHY,F0,0,0,healthy,0,0,0,,,,,21,0
2026-08-19T18:47:54.209Z,1787165274209,FAN_DT_001_F3_S09_R01_20260819T184746,1,7.834,BASELINE,F3,0.9,FAN_DT_001,3.0,process-model-3.0.0-build3,6320,1,LIVE,SYNCHRONISED,AUTOMATIC,NORMAL,65,1950,1950,0,145,145,0.3,0.3,24.71228,38.74,1.028,1,0.0254,0,207.97,0.4364,0.00897,1,0.18,4.314,0.1017,100,HEALTHY,F0,0,0,healthy,0,0,0,,,,,21,0
2026-08-19T18:47:55.234Z,1787165275234,FAN_DT_001_F3_S09_R01_20260819T184746,1,8.859,BASELINE,F3,0.9,FAN_DT_001,3.0,process-model-3.0.0-build3,6321,1,LIVE,SYNCHRONISED,AUTOMATIC,NORMAL,65,1950,1950,0,145,145,0.3,0.3,24.69534,38.73,1.028,1,0.0254,0,207.97,0.4957,0.0091,1,0.18,4.377,0.1155,100,HEALTHY,F0,0,0,healthy,0,0,0,,,,,21,0
2026-08-19T18:47:56.263Z,1787165276263,FAN_DT_001_F3_S09_R01_20260819T184746,1,9.888,BASELINE,F3,0.9,FAN_DT_001,3.0,process-model-3.0.0-build3,6322,1,LIVE,SYNCHRONISED,AUTOMATIC,NORMAL,65,1950,1950,0,145,145,0.3,0.3,24.67858,38.72,1.028,1,0.0254,0,207.97,0.5549,0.00923,1,0.18,4.436,0.1293,100,HEALTHY,F0,0,0,healthy,0,0,0,,,,,21,0
2026-08-19T18:47:57.289Z,1787165277289,FAN_DT_001_F3_S09_R01_20260819T184746,1,10.914,BASELINE,F3,0.9,FAN_DT_001,3.0,process-model-3.0.0-build3,6323,1,LIVE,SYNCHRONISED,AUTOMATIC,NORMAL,65,1950,1950,0,145,145,0.3,0.3,24.66189,38.71,1.028,1,0.0254,0,207.97,0.6144,0.00936,1,0.18,4.498,0.1431,100,HEALTHY,F0,0,0,healthy,0,0,0,,,,,21,0
2026-08-19T18:47:58.321Z,1787165278321,FAN_DT_001_F3_S09_R01_20260819T184746,1,11.947,BASELINE,F3,0.9,FAN_DT_001,3.0,process-model-3.0.0-build3,6324,1,LIVE,SYNCHRONISED,AUTOMATIC,NORMAL,65,1950,1950,0,145,145,0.3,0.3,24.64547,38.7,1.028,1,0.0254,0,207.97,0.6736,0.00945,1,0.18,4.544,0.1569,100,HEALTHY,F0,0,0,healthy,0,0,0,,,,,21,0
2026-08-19T18:47:59.366Z,1787165279366,FAN_DT_001_F3_S09_R01_20260819T184746,1,12.991,BASELINE,F3,0.9,FAN_DT_001,3.0,process-model-3.0.0-build3,6325,1,LIVE,SYNCHRONISED,AUTOMATIC,NORMAL,65,1950,1950,0,145,145,0.3,0.3,24.6292,38.69,1.028,1,0.0254,0,207.97,0.7329,0.00957,1,0.18,4.6,0.1708,100,HEALTHY,F0,0,0,healthy,0,0,0,,,,,21,0
2026-08-19T18:48:00.402Z,1787165280402,FAN_DT_001_F3_S09_R01_20260819T184746,1,14.027,BASELINE,F3,0.9,FAN_DT_001,3.0,process-model-3.0.0-build3,6326,1,LIVE,SYNCHRONISED,AUTOMATIC,NORMAL,65,1950,1950,0,145,145,0.3,0.3,24.61308,38.68,1.028,1,0.0254,0,207.97,0.7923,0.00967,1,0.18,4.651,0.1846,100,HEALTHY,F0,0,0,healthy,0,0,0,,,,,21,0
2026-08-19T18:48:01.412Z,1787165281412,FAN_DT_001_F3_S09_R01_20260819T184746,1,15.039,BASELINE,F3,0.9,FAN_DT_001,3.0,process-model-3.0.0-build3,6327,1,LIVE,SYNCHRONISED,AUTOMATIC,NORMAL,65,1950,1950,0,145,145,0.3,0.3,24.59727,38.67,1.028,1,0.0254,0,207.97,0.8514,0.00975,1,0.18,4.691,0.1984,100,HEALTHY,F0,0,0,healthy,0,0,0,,,,,21,0
2026-08-19T18:48:02.439Z,1787165282439,FAN_DT_001_F3_S09_R01_20260819T184746,1,16.064,BASELINE,F3,0.9,FAN_DT_001,3.0,process-model-3.0.0-build3,6328,1,LIVE,SYNCHRONISED,AUTOMATIC,NORMAL,65,1950,1950,0,145,145,0.3,0.3,24.58152,38.66,1.028,1,0.0254,0,207.97,0.9111,0.00987,1,0.18,4.746,0.2123,100,HEALTHY,F0,0,0,healthy,0,0,0,,,,,21,0
2026-08-19T18:48:03.463Z,1787165283463,FAN_DT_001_F3_S09_R01_20260819T184746,1,17.088,BASELINE,F3,0.9,FAN_DT_001,3.0,process-model-3.0.0-build3,6329,1,LIVE,SYNCHRONISED,AUTOMATIC,NORMAL,65,1950,1950,0,145,145,0.3,0.3,24.5661,38.65,1.028,1,0.0254,0,207.97,0.9703,0.00994,1,0.18,4.78,0.2261,100,HEALTHY,F0,0,0,healthy,0,0,0,,,,,21,0
2026-08-19T18:48:04.494Z,1787165284494,FAN_DT_001_F3_S09_R01_20260819T184746,1,18.12,BASELINE,F3,0.9,FAN_DT_001,3.0,process-model-3.0.0-build3,6330,1,LIVE,SYNCHRONISED,AUTOMATIC,NORMAL,65,1950,1950,0,145,145,0.3,0.3,24.55089,38.64,1.028,1,0.0254,0,207.97,1.0295,0.01002,1,0.18,4.819,0.2399,100,HEALTHY,F0,0,0,healthy,0,0,0,,,,,21,0
2026-08-19T18:48:05.527Z,1787165285527,FAN_DT_001_F3_S09_R01_20260819T184746,1,19.152,BASELINE,F3,0.9,FAN_DT_001,3.0,process-model-3.0.0-build3,6331,1,LIVE,SYNCHRONISED,AUTOMATIC,NORMAL,65,1950,1950,0,145,145,0.3,0.3,24.53587,38.63,1.028,1,0.0254,0,207.97,1.089,0.01009,1,0.18,4.854,0.2537,100,HEALTHY,F0,0,0,healthy,0,0,0,,,,,21,0
2026-08-19T18:48:06.549Z,1787165286549,FAN_DT_001_F3_S09_R01_20260819T184746,1,20.174,BASELINE,F3,0.9,FAN_DT_001,3.0,process-model-3.0.0-build3,6332,1,LIVE,SYNCHRONISED,AUTOMATIC,NORMAL,65,1950,1950,0,145,145,0.3,0.3,24.52116,38.62,1.028,1,0.0254,0,207.97,1.1481,0.01016,1,0.18,4.887,0.2675,100,HEALTHY,F0,0,0,healthy,0,0,0,,,,,21,0
2026-08-19T18:48:07.591Z,1787165287591,FAN_DT_001_F3_S09_R01_20260819T184746,1,21.216,BASELINE,F3,0.9,FAN_DT_001,3.0,process-model-3.0.0-build3,6333,1,LIVE,SYNCHRONISED,AUTOMATIC,NORMAL,65,1950,1950,0,145,145,0.3,0.3,24.50662,38.61,1.028,1,0.0254,0,207.97,1.2076,0.01025,1,0.18,4.93,0.2814,100,HEALTHY,F0,0,0,healthy,0,0,0,,,,,21,0
2026-08-19T18:48:08.607Z,1787165288607,FAN_DT_001_F3_S09_R01_20260819T184746,1,22.232,BASELINE,F3,0.9,FAN_DT_001,3.0,process-model-3.0.0-build3,6334,1,LIVE,SYNCHRONISED,AUTOMATIC,NORMAL,65,1950,1950,0,145,145,0.3,0.3,24.49244,38.6,1.028,1,0.0254,0,207.97,1.2667,0.0103,1,0.18,4.953,0.2952,100,HEALTHY,F0,0,0,healthy,0,0,0,,,,,21,0
2026-08-19T18:48:09.636Z,1787165289636,FAN_DT_001_F3_S09_R01_20260819T184746,1,23.261,BASELINE,F3,0.9,FAN_DT_001,3.0,process-model-3.0.0-build3,6335,1,LIVE,SYNCHRONISED,AUTOMATIC,NORMAL,65,1950,1950,0,145,145,0.3,0.3,24.47843,38.58,1.028,1,0.0254,0,207.97,1.3262,0.01035,1,0.18,4.979,0.309,100,HEALTHY,F0,0,0,healthy,0,0,0,,,,,21,0
2026-08-19T18:48:10.662Z,1787165290662,FAN_DT_001_F3_S09_R01_20260819T184746,1,24.288,BASELINE,F3,0.9,FAN_DT_001,3.0,process-model-3.0.0-build3,6336,1,LIVE,SYNCHRONISED,AUTOMATIC,NORMAL,65,1950,1950,0,145,145,0.3,0.3,24.46476,38.57,1.028,1,0.0254,0,207.97,1.3853,0.0104,1,0.18,5.003,0.3228,100,HEALTHY,F0,0,0,healthy,0,0,0,,,,,21,0
2026-08-19T18:48:11.687Z,1787165291687,FAN_DT_001_F3_S09_R01_20260819T184746,1,25.312,BASELINE,F3,0.9,FAN_DT_001,3.0,process-model-3.0.0-build3,6337,1,LIVE,SYNCHRONISED,AUTOMATIC,NORMAL,65,1950,1950,0,145,145,0.3,0.3,24.45131,38.56,1.028,1,0.0254,0,207.97,1.4448,0.01044,1,0.18,5.022,0.3366,100,HEALTHY,F0,0,0,healthy,0,0,0,,,,,21,0
2026-08-19T18:48:12.716Z,1787165292716,FAN_DT_001_F3_S09_R01_20260819T184746,1,26.341,BASELINE,F3,0.9,FAN_DT_001,3.0,process-model-3.0.0-build3,6338,1,LIVE,SYNCHRONISED,AUTOMATIC,NORMAL,65,1950,1950,0,145,145,0.3,0.3,24.43815,38.55,1.028,1,0.0254,0,207.97,1.5042,0.01049,1,0.18,5.044,0.3505,100,HEALTHY,F0,0,0,healthy,0,0,0,,,,,21,0
2026-08-19T18:48:13.763Z,1787165293763,FAN_DT_001_F3_S09_R01_20260819T184746,1,27.388,BASELINE,F3,0.9,FAN_DT_001,3.0,process-model-3.0.0-build3,6339,1,LIVE,SYNCHRONISED,AUTOMATIC,NORMAL,65,1950,1950,0,145,145,0.3,0.3,24.42534,38.54,1.028,1,0.0254,0,207.97,1.5633,0.01052,1,0.18,5.059,0.3643,100,HEALTHY,F0,0,0,healthy,0,0,0,,,,,21,0
2026-08-19T18:48:14.777Z,1787165294777,FAN_DT_001_F3_S09_R01_20260819T184746,1,28.403,BASELINE,F3,0.9,FAN_DT_001,3.0,process-model-3.0.0-build3,6340,1,LIVE,SYNCHRONISED,AUTOMATIC,NORMAL,65,1950,1950,0,145,145,0.3,0.3,24.41277,38.53,1.028,1,0.0254,0,207.97,1.6228,0.01057,1,0.18,5.081,0.3781,100,HEALTHY,F0,0,0,healthy,0,0,0,,,,,21,0
2026-08-19T18:48:15.806Z,1787165295806,FAN_DT_001_F3_S09_R01_20260819T184746,1,29.43,BASELINE,F3,0.9,FAN_DT_001,3.0,process-model-3.0.0-build3,6341,1,LIVE,SYNCHRONISED,AUTOMATIC,NORMAL,65,1950,1950,0,145,145,0.3,0.3,24.40056,38.52,1.028,1,0.0254,0,207.97,1.6819,0.01057,1,0.18,5.083,0.3919,100,HEALTHY,F0,0,0,healthy,0,0,0,,,,,21,0
2026-08-19T18:48:16.834Z,1787165296834,FAN_DT_001_F3_S09_R01_20260819T184746,1,30.459,BASELINE,F3,0.9,FAN_DT_001,3.0,process-model-3.0.0-build3,6342,1,LIVE,SYNCHRONISED,AUTOMATIC,NORMAL,65,1950,1950,0,145,145,0.3,0.3,24.38857,38.51,1.028,1,0.0254,0,207.97,1.7415,0.0106,1,0.18,5.095,0.4058,100,HEALTHY,F0,0,0,healthy,0,0,0,,,,,21,0
2026-08-19T18:48:17.865Z,1787165297865,FAN_DT_001_F3_S09_R01_20260819T184746,1,31.49,BASELINE,F3,0.9,FAN_DT_001,3.0,process-model-3.0.0-build3,6343,1,LIVE,SYNCHRONISED,AUTOMATIC,NORMAL,65,1950,1950,0,145,145,0.3,0.3,24.37696,38.5,1.028,1,0.0254,0,207.97,1.8008,0.01059,1,0.18,5.094,0.4196,100,HEALTHY,F0,0,0,healthy,0,0,0,,,,,21,0
2026-08-19T18:48:18.890Z,1787165298890,FAN_DT_001_F3_S09_R01_20260819T184746,1,32.515,BASELINE,F3,0.9,FAN_DT_001,3.0,process-model-3.0.0-build3,6344,1,LIVE,SYNCHRONISED,AUTOMATIC,NORMAL,65,1950,1950,0,145,145,0.3,0.3,24.36572,38.49,1.028,1,0.0254,0,207.97,1.8599,0.01062,1,0.18,5.108,0.4334,100,HEALTHY,F0,0,0,healthy,0,0,0,,,,,21,0
2026-08-19T18:48:19.916Z,1787165299916,FAN_DT_001_F3_S09_R01_20260819T184746,1,33.541,BASELINE,F3,0.9,FAN_DT_001,3.0,process-model-3.0.0-build3,6345,1,LIVE,SYNCHRONISED,AUTOMATIC,NORMAL,65,1950,1950,0,145,145,0.3,0.3,24.35473,38.48,1.028,1,0.0254,0,207.97,1.9194,0.01063,1,0.18,5.11,0.4472,100,HEALTHY,F0,0,0,healthy,0,0,0,,,,,21,0
2026-08-19T18:48:20.964Z,1787165300964,FAN_DT_001_F3_S09_R01_20260819T184746,1,34.589,BASELINE,F3,0.9,FAN_DT_001,3.0,process-model-3.0.0-build3,6346,1,LIVE,SYNCHRONISED,AUTOMATIC,NORMAL,65,1950,1950,0,145,145,0.3,0.3,24.34411,38.47,1.028,1,0.0254,0,207.97,1.9787,0.0106,1,0.18,5.097,0.461,100,HEALTHY,F0,0,0,healthy,0,0,0,,,,,21,0
2026-08-19T18:48:21.975Z,1787165301975,FAN_DT_001_F3_S09_R01_20260819T184746,1,35.6,BASELINE,F3,0.9,FAN_DT_001,3.0,process-model-3.0.0-build3,6347,1,LIVE,SYNCHRONISED,AUTOMATIC,NORMAL,65,1950,1950,0,145,145,0.3,0.3,24.33385,38.45,1.028,1,0.0254,0,207.97,2.0379,0.0106,1,0.18,5.097,0.4748,100,HEALTHY,F0,0,0,healthy,0,0,0,,,,,21,0
2026-08-19T18:48:23.006Z,1787165303006,FAN_DT_001_F3_S09_R01_20260819T184746,1,36.631,BASELINE,F3,0.9,FAN_DT_001,3.0,process-model-3.0.0-build3,6348,1,LIVE,SYNCHRONISED,AUTOMATIC,NORMAL,65,1950,1950,0,145,145,0.3,0.3,24.32391,38.44,1.028,1,0.0254,0,207.97,2.0973,0.0106,1,0.18,5.095,0.4887,100,HEALTHY,F0,0,0,healthy,0,0,0,,,,,21,0
2026-08-19T18:48:24.038Z,1787165304038,FAN_DT_001_F3_S09_R01_20260819T184746,1,37.663,BASELINE,F3,0.9,FAN_DT_001,3.0,process-model-3.0.0-build3,6349,1,LIVE,SYNCHRONISED,AUTOMATIC,NORMAL,65,1950,1950,0,145,145,0.3,0.3,24.31433,38.43,1.028,1,0.0254,0,207.97,2.1565,0.01056,1,0.18,5.08,0.5025,100,HEALTHY,F0,0,0,healthy,0,0,0,,,,,21,0
2026-08-19T18:48:25.061Z,1787165305061,FAN_DT_001_F3_S09_R01_20260819T184746,1,38.686,BASELINE,F3,0.9,FAN_DT_001,3.0,process-model-3.0.0-build3,6350,1,LIVE,SYNCHRONISED,AUTOMATIC,NORMAL,65,1950,1950,0,145,145,0.3,0.3,24.30513,38.42,1.028,1,0.0254,0,207.97,2.2157,0.01053,1,0.18,5.065,0.5163,100,HEALTHY,F0,0,0,healthy,0,0,0,,,,,21,0
2026-08-19T18:48:26.084Z,1787165306084,FAN_DT_001_F3_S09_R01_20260819T184746,1,39.709,BASELINE,F3,0.9,FAN_DT_001,3.0,process-model-3.0.0-build3,6351,1,LIVE,SYNCHRONISED,AUTOMATIC,NORMAL,65,1950,1950,0,145,145,0.3,0.3,24.29625,38.41,1.028,1,0.0254,0,207.97,2.2751,0.01051,1,0.18,5.052,0.5301,100,HEALTHY,F0,0,0,healthy,0,0,0,,,,,21,0
2026-08-19T18:48:27.115Z,1787165307115,FAN_DT_001_F3_S09_R01_20260819T184746,1,40.74,BASELINE,F3,0.9,FAN_DT_001,3.0,process-model-3.0.0-build3,6352,1,LIVE,SYNCHRONISED,AUTOMATIC,NORMAL,65,1950,1950,0,145,145,0.3,0.3,24.28773,38.4,1.028,1,0.0254,0,207.97,2.3346,0.01046,1,0.18,5.031,0.544,100,HEALTHY,F0,0,0,healthy,0,0,0,,,,,21,0
2026-08-19T18:48:28.165Z,1787165308165,FAN_DT_001_F3_S09_R01_20260819T184746,1,41.79,BASELINE,F3,0.9,FAN_DT_001,3.0,process-model-3.0.0-build3,6353,1,LIVE,SYNCHRONISED,AUTOMATIC,NORMAL,65,1950,1950,0,145,145,0.3,0.3,24.27963,38.39,1.028,1,0.0254,0,207.97,2.3937,0.01042,1,0.18,5.009,0.5577,100,HEALTHY,F0,0,0,healthy,0,0,0,,,,,21,0
2026-08-19T18:48:29.175Z,1787165309175,FAN_DT_001_F3_S09_R01_20260819T184746,1,42.8,BASELINE,F3,0.9,FAN_DT_001,3.0,process-model-3.0.0-build3,6354,1,LIVE,SYNCHRONISED,AUTOMATIC,NORMAL,65,1950,1950,0,145,145,0.3,0.3,24.27188,38.38,1.028,1,0.0254,0,207.97,2.4531,0.01038,1,0.18,4.993,0.5716,100,HEALTHY,F0,0,0,healthy,0,0,0,,,,,21,0
2026-08-19T18:48:30.195Z,1787165310195,FAN_DT_001_F3_S09_R01_20260819T184746,1,43.82,BASELINE,F3,0.9,FAN_DT_001,3.0,process-model-3.0.0-build3,6355,1,LIVE,SYNCHRONISED,AUTOMATIC,NORMAL,65,1950,1950,0,145,145,0.3,0.3,24.26452,38.37,1.028,1,0.0254,0,207.97,2.5123,0.01033,1,0.18,4.967,0.5854,100,HEALTHY,F0,0,0,healthy,0,0,0,,,,,21,0
2026-08-19T18:48:31.226Z,1787165311226,FAN_DT_001_F3_S09_R01_20260819T184746,1,44.851,BASELINE,F3,0.9,FAN_DT_001,3.0,process-model-3.0.0-build3,6356,1,LIVE,SYNCHRONISED,AUTOMATIC,NORMAL,65,1950,1950,0,145,145,0.3,0.3,24.25755,38.36,1.028,1,0.0254,0,207.97,2.5714,0.01027,1,0.18,4.938,0.5991,100,HEALTHY,F0,0,0,healthy,0,0,0,,,,,21,0
2026-08-19T18:48:32.254Z,1787165312254,FAN_DT_001_F3_S09_R01_20260819T184746,1,45.879,BASELINE,F3,0.9,FAN_DT_001,3.0,process-model-3.0.0-build3,6357,1,LIVE,SYNCHRONISED,AUTOMATIC,NORMAL,65,1950,1950,0,145,145,0.3,0.3,24.25092,38.35,1.028,1,0.0254,0,207.97,2.631,0.01019,1,0.18,4.901,0.613,100,HEALTHY,F0,0,0,healthy,0,0,0,,,,,21,0
2026-08-19T18:48:33.283Z,1787165313283,FAN_DT_001_F3_S09_R01_20260819T184746,1,46.908,BASELINE,F3,0.9,FAN_DT_001,3.0,process-model-3.0.0-build3,6358,1,LIVE,SYNCHRONISED,AUTOMATIC,NORMAL,65,1950,1950,0,145,145,0.3,0.3,24.24471,38.34,1.028,1,0.0254,0,207.97,2.6903,0.01012,1,0.18,4.864,0.6268,100,HEALTHY,F0,0,0,healthy,0,0,0,,,,,21,0
2026-08-19T18:48:34.315Z,1787165314315,FAN_DT_001_F3_S09_R01_20260819T184746,1,47.94,BASELINE,F3,0.9,FAN_DT_001,3.0,process-model-3.0.0-build3,6359,1,LIVE,SYNCHRONISED,AUTOMATIC,NORMAL,65,1950,1950,0,145,145,0.3,0.3,24.23889,38.33,1.028,1,0.0254,0,207.97,2.7496,0.01004,1,0.18,4.829,0.6407,100,HEALTHY,F0,0,0,healthy,0,0,0,,,,,21,0
2026-08-19T18:48:35.340Z,1787165315340,FAN_DT_001_F3_S09_R01_20260819T184746,1,48.966,BASELINE,F3,0.9,FAN_DT_001,3.0,process-model-3.0.0-build3,6360,1,LIVE,SYNCHRONISED,AUTOMATIC,NORMAL,65,1950,1950,0,145,145,0.3,0.3,24.23346,38.32,1.028,1,0.0254,0,207.97,2.809,0.00996,1,0.18,4.79,0.6545,100,HEALTHY,F0,0,0,healthy,0,0,0,,,,,21,0
2026-08-19T18:48:36.376Z,1787165316376,FAN_DT_001_F3_S09_R01_20260819T184746,1,50.001,BASELINE,F3,0.9,FAN_DT_001,3.0,process-model-3.0.0-build3,6361,1,LIVE,SYNCHRONISED,AUTOMATIC,NORMAL,65,1950,1950,0,145,145,0.3,0.3,24.22844,38.31,1.028,1,0.0254,0,207.97,2.8682,0.00988,1,0.18,4.753,0.6683,100,HEALTHY,F0,0,0,healthy,0,0,0,,,,,21,0
2026-08-19T18:48:37.401Z,1787165317401,FAN_DT_001_F3_S09_R01_20260819T184746,1,51.026,BASELINE,F3,0.9,FAN_DT_001,3.0,process-model-3.0.0-build3,6362,1,LIVE,SYNCHRONISED,AUTOMATIC,NORMAL,65,1950,1950,0,145,145,0.3,0.3,24.2238,38.3,1.028,1,0.0254,0,207.97,2.9277,0.00978,1,0.18,4.702,0.6822,100,HEALTHY,F0,0,0,healthy,0,0,0,,,,,21,0
2026-08-19T18:48:38.432Z,1787165318432,FAN_DT_001_F3_S09_R01_20260819T184746,1,52.057,BASELINE,F3,0.9,FAN_DT_001,3.0,process-model-3.0.0-build3,6363,1,LIVE,SYNCHRONISED,AUTOMATIC,NORMAL,65,1950,1950,0,145,145,0.3,0.3,24.21957,38.29,1.028,1,0.0254,0,207.97,2.9872,0.0097,1,0.18,4.664,0.696,100,HEALTHY,F0,0,0,healthy,0,0,0,,,,,21,0
2026-08-19T18:48:39.460Z,1787165319460,FAN_DT_001_F3_S09_R01_20260819T184746,1,53.085,BASELINE,F3,0.9,FAN_DT_001,3.0,process-model-3.0.0-build3,6364,1,LIVE,SYNCHRONISED,AUTOMATIC,NORMAL,65,1950,1950,0,145,145,0.3,0.3,24.21577,38.28,1.028,1,0.0254,0,207.97,3.0464,0.00959,1,0.18,4.614,0.7098,100,HEALTHY,F0,0,0,healthy,0,0,0,,,,,21,0
2026-08-19T18:48:40.484Z,1787165320484,FAN_DT_001_F3_S09_R01_20260819T184746,1,54.109,BASELINE,F3,0.9,FAN_DT_001,3.0,process-model-3.0.0-build3,6365,1,LIVE,SYNCHRONISED,AUTOMATIC,NORMAL,65,1950,1950,0,145,145,0.3,0.3,24.21237,38.27,1.028,1,0.0254,0,207.97,3.1057,0.00948,1,0.18,4.557,0.7236,100,HEALTHY,F0,0,0,healthy,0,0,0,,,,,21,0
2026-08-19T18:48:41.515Z,1787165321515,FAN_DT_001_F3_S09_R01_20260819T184746,1,55.141,BASELINE,F3,0.9,FAN_DT_001,3.0,process-model-3.0.0-build3,6366,1,LIVE,SYNCHRONISED,AUTOMATIC,NORMAL,65,1950,1950,0,145,145,0.3,0.3,24.20938,38.26,1.028,1,0.0254,0,207.97,3.1649,0.00936,1,0.18,4.502,0.7374,100,HEALTHY,F0,0,0,healthy,0,0,0,,,,,21,0
2026-08-19T18:48:42.547Z,1787165322547,FAN_DT_001_F3_S09_R01_20260819T184746,1,56.172,BASELINE,F3,0.9,FAN_DT_001,3.0,process-model-3.0.0-build3,6367,1,LIVE,SYNCHRONISED,AUTOMATIC,NORMAL,65,1950,1950,0,145,145,0.3,0.3,24.2068,38.25,1.028,1,0.0254,0,207.97,3.2243,0.00925,1,0.18,4.448,0.7513,100,HEALTHY,F0,0,0,healthy,0,0,0,,,,,21,0
2026-08-19T18:48:43.585Z,1787165323585,FAN_DT_001_F3_S09_R01_20260819T184746,1,57.21,BASELINE,F3,0.9,FAN_DT_001,3.0,process-model-3.0.0-build3,6368,1,LIVE,SYNCHRONISED,AUTOMATIC,NORMAL,65,1950,1950,0,145,145,0.3,0.3,24.20463,38.24,1.028,1,0.0254,0,207.97,3.2837,0.00914,1,0.18,4.396,0.7651,100,HEALTHY,F0,0,0,healthy,0,0,0,,,,,21,0
2026-08-19T18:48:44.601Z,1787165324601,FAN_DT_001_F3_S09_R01_20260819T184746,1,58.226,BASELINE,F3,0.9,FAN_DT_001,3.0,process-model-3.0.0-build3,6369,1,LIVE,SYNCHRONISED,AUTOMATIC,NORMAL,65,1950,1950,0,145,145,0.3,0.3,24.20288,38.23,1.028,1,0.0254,0,207.97,3.3428,0.00902,1,0.18,4.336,0.7789,100,HEALTHY,F0,0,0,healthy,0,0,0,,,,,21,0
2026-08-19T18:48:45.643Z,1787165325643,FAN_DT_001_F3_S09_R01_20260819T184746,1,59.268,BASELINE,F3,0.9,FAN_DT_001,3.0,process-model-3.0.0-build3,6370,1,LIVE,SYNCHRONISED,AUTOMATIC,NORMAL,65,1950,1950,0,145,145,0.3,0.3,24.20154,38.22,1.028,1,0.0254,0,207.97,3.4023,0.00887,1,0.18,4.266,0.7927,100,HEALTHY,F0,0,0,healthy,0,0,0,,,,,21,0
2026-08-19T18:48:46.678Z,1787165326678,FAN_DT_001_F3_S09_R01_20260819T184746,1,60.303,FAULT_ACTIVE,F3,0.9,FAN_DT_001,3.0,process-model-3.0.0-build3,6371,1,LIVE,SYNCHRONISED,AUTOMATIC,NORMAL,65,1950,1950,0,145,145,0.3,0.3,24.20061,38.21,1.028,1,0.0254,0,207.97,3.462,0.00875,1,0.18,4.209,0.8066,100,DEGRADED,F3,3,1,cooling_degradation,0.9,1,1,,,,,22,0
2026-08-19T18:48:47.710Z,1787165327710,FAN_DT_001_F3_S09_R01_20260819T184746,1,61.335,FAULT_ACTIVE,F3,0.9,FAN_DT_001,3.0,process-model-3.0.0-build3,6372,1,LIVE,SYNCHRONISED,AUTOMATIC,NORMAL,65,1950,1950,0,145,145,0.3,0.3,24.2001,38.33,1.028,1,0.0254,0,207.97,3.522,-0.1182,0.415,0.3744,56.835,0.8206,41.5,CRITICAL,F3,3,1,cooling_degradation,0.9,1,1,,,,,22,0
2026-08-19T18:48:48.743Z,1787165328743,FAN_DT_001_F3_S09_R01_20260819T184746,1,62.367,FAULT_ACTIVE,F3,0.9,FAN_DT_001,3.0,process-model-3.0.0-build3,6373,1,LIVE,SYNCHRONISED,AUTOMATIC,NORMAL,65,1950,1950,0,145,145,0.3,0.3,24.20002,38.45,1.028,1,0.0254,0,207.97,3.5818,-0.11729,0.415,0.3744,56.397,0.8345,41.5,CRITICAL,F3,3,1,cooling_degradation,0.9,1,1,,,,,22,0
2026-08-19T18:48:49.774Z,1787165329774,FAN_DT_001_F3_S09_R01_20260819T184746,1,63.399,FAULT_ACTIVE,F3,0.9,FAN_DT_001,3.0,process-model-3.0.0-build3,6374,1,LIVE,SYNCHRONISED,AUTOMATIC,NORMAL,65,1950,1950,0,145,145,0.3,0.3,24.20036,38.58,1.028,1,0.0254,0,207.97,3.6414,-0.11641,0.415,0.3744,55.975,0.8485,41.5,CRITICAL,F3,3,1,cooling_degradation,0.9,1,1,,,,,22,0
2026-08-19T18:48:50.812Z,1787165330812,FAN_DT_001_F3_S09_R01_20260819T184746,1,64.437,FAULT_ACTIVE,F3,0.9,FAN_DT_001,3.0,process-model-3.0.0-build3,6375,1,LIVE,SYNCHRONISED,AUTOMATIC,NORMAL,65,1950,1950,0,145,145,0.3,0.3,24.20112,38.69,1.028,1,0.0254,0,207.97,3.701,-0.11551,0.415,0.3744,55.543,0.8623,41.5,CRITICAL,F3,3,1,cooling_degradation,0.9,1,1,,,,,22,0
2026-08-19T18:48:51.846Z,1787165331846,FAN_DT_001_F3_S09_R01_20260819T184746,1,65.471,FAULT_ACTIVE,F3,0.9,FAN_DT_001,3.0,process-model-3.0.0-build3,6376,1,LIVE,SYNCHRONISED,AUTOMATIC,NORMAL,65,1950,1950,0,145,145,0.3,0.3,24.2023,38.81,1.028,1,0.0254,0,207.97,3.7607,-0.11462,0.415,0.3744,55.116,0.8762,41.5,CRITICAL,F3,3,1,cooling_degradation,0.9,1,1,,,,,22,0
2026-08-19T18:48:52.913Z,1787165332913,FAN_DT_001_F3_S09_R01_20260819T184746,1,66.537,FAULT_ACTIVE,F3,0.9,FAN_DT_001,3.0,process-model-3.0.0-build3,6377,1,LIVE,SYNCHRONISED,AUTOMATIC,NORMAL,65,1950,1950,0,145,145,0.3,0.3,24.20391,38.93,1.028,1,0.0254,0,207.97,3.8205,-0.11376,0.415,0.3744,54.702,0.8902,41.5,CRITICAL,F3,3,1,cooling_degradation,0.9,1,1,,,,,22,0
2026-08-19T18:48:53.916Z,1787165333916,FAN_DT_001_F3_S09_R01_20260819T184746,1,67.541,FAULT_ACTIVE,F3,0.9,FAN_DT_001,3.0,process-model-3.0.0-build3,6378,1,LIVE,SYNCHRONISED,AUTOMATIC,NORMAL,65,1950,1950,0,145,145,0.3,0.3,24.20592,39.05,1.028,1,0.0254,0,207.97,3.88,-0.11293,0.415,0.3744,54.301,0.904,41.5,CRITICAL,F3,3,1,cooling_degradation,0.9,1,1,,,,,22,0
2026-08-19T18:48:54.947Z,1787165334947,FAN_DT_001_F3_S09_R01_20260819T184746,1,68.572,FAULT_ACTIVE,F3,0.9,FAN_DT_001,3.0,process-model-3.0.0-build3,6379,1,LIVE,SYNCHRONISED,AUTOMATIC,NORMAL,65,1950,1950,0,145,145,0.3,0.3,24.20836,39.16,1.028,1,0.0254,0,207.97,3.9397,-0.11208,0.415,0.3744,53.893,0.9179,41.5,CRITICAL,F3,3,1,cooling_degradation,0.9,1,1,,,,,22,0
2026-08-19T18:48:56.000Z,1787165336000,FAN_DT_001_F3_S09_R01_20260819T184746,1,69.625,FAULT_ACTIVE,F3,0.9,FAN_DT_001,3.0,process-model-3.0.0-build3,6380,1,LIVE,SYNCHRONISED,AUTOMATIC,NORMAL,65,1950,1950,0,145,145,0.3,0.3,24.21122,39.28,1.028,1,0.0254,0,207.97,3.9994,-0.11123,0.415,0.3744,53.486,0.9319,41.5,CRITICAL,F3,3,1,cooling_degradation,0.9,1,1,,,,,22,0
2026-08-19T18:48:57.020Z,1787165337020,FAN_DT_001_F3_S09_R01_20260819T184746,1,70.645,FAULT_ACTIVE,F3,0.9,FAN_DT_001,3.0,process-model-3.0.0-build3,6381,1,LIVE,SYNCHRONISED,AUTOMATIC,NORMAL,65,1950,1950,0,145,145,0.3,0.3,24.21449,39.39,1.028,1,0.0254,0,207.97,4.059,-0.11042,0.415,0.3744,53.094,0.9457,41.5,CRITICAL,F3,3,1,cooling_degradation,0.9,1,1,,,,,22,0
2026-08-19T18:48:58.083Z,1787165338083,FAN_DT_001_F3_S09_R01_20260819T184746,1,71.708,FAULT_ACTIVE,F3,0.9,FAN_DT_001,3.0,process-model-3.0.0-build3,6382,1,LIVE,SYNCHRONISED,AUTOMATIC,NORMAL,65,1950,1950,0,145,145,0.3,0.3,24.21818,39.51,1.028,1,0.0254,0,207.97,4.1187,-0.1096,0.415,0.3744,52.699,0.9597,41.5,CRITICAL,F3,3,1,cooling_degradation,0.9,1,1,,,,,22,0
2026-08-19T18:48:59.084Z,1787165339084,FAN_DT_001_F3_S09_R01_20260819T184746,1,72.709,FAULT_ACTIVE,F3,0.9,FAN_DT_001,3.0,process-model-3.0.0-build3,6383,1,LIVE,SYNCHRONISED,AUTOMATIC,NORMAL,65,1950,1950,0,145,145,0.3,0.3,24.22226,39.62,1.028,1,0.0254,0,207.97,4.1782,-0.10878,0.415,0.3744,52.305,0.9735,41.5,CRITICAL,F3,3,1,cooling_degradation,0.9,1,1,,,,,22,0
2026-08-19T18:49:00.127Z,1787165340127,FAN_DT_001_F3_S09_R01_20260819T184746,1,73.752,FAULT_ACTIVE,F3,0.9,FAN_DT_001,3.0,process-model-3.0.0-build3,6384,1,LIVE,SYNCHRONISED,AUTOMATIC,NORMAL,65,1950,1950,0,145,145,0.3,0.3,24.22678,39.73,1.028,1,0.0254,0,207.97,4.2379,-0.10798,0.415,0.3744,51.923,0.9874,41.5,CRITICAL,F3,3,1,cooling_degradation,0.9,1,1,,,,,22,0
2026-08-19T18:49:01.152Z,1787165341152,FAN_DT_001_F3_S09_R01_20260819T184746,1,74.777,FAULT_ACTIVE,F3,0.9,FAN_DT_001,3.0,process-model-3.0.0-build3,6385,1,LIVE,SYNCHRONISED,AUTOMATIC,NORMAL,65,1950,1950,0,145,145,0.3,0.3,24.23169,39.84,1.028,1,0.0254,0,207.97,4.2976,-0.1072,0.415,0.3744,51.548,1.0013,41.5,CRITICAL,F3,3,1,cooling_degradation,0.9,1,1,,,,,22,0
2026-08-19T18:49:02.186Z,1787165342186,FAN_DT_001_F3_S09_R01_20260819T184746,1,75.81,FAULT_ACTIVE,F3,0.9,FAN_DT_001,3.0,process-model-3.0.0-build3,6386,1,LIVE,SYNCHRONISED,AUTOMATIC,NORMAL,65,1950,1950,0,145,145,0.3,0.3,24.23698,39.95,1.028,1,0.0254,0,207.97,4.357,-0.10641,0.415,0.3744,51.166,1.0152,41.5,CRITICAL,F3,3,1,cooling_degradation,0.9,1,1,,,,,22,0
2026-08-19T18:49:03.221Z,1787165343221,FAN_DT_001_F3_S09_R01_20260819T184746,1,76.847,FAULT_ACTIVE,F3,0.9,FAN_DT_001,3.0,process-model-3.0.0-build3,6387,1,LIVE,SYNCHRONISED,AUTOMATIC,NORMAL,65,1950,1950,0,145,145,0.3,0.3,24.24271,40.06,1.028,1,0.0254,0,207.97,4.4167,-0.10563,0.415,0.3744,50.792,1.0291,41.5,CRITICAL,F3,3,1,cooling_degradation,0.9,1,1,,,,,22,0
2026-08-19T18:49:04.254Z,1787165344254,FAN_DT_001_F3_S09_R01_20260819T184746,1,77.879,FAULT_ACTIVE,F3,0.9,FAN_DT_001,3.0,process-model-3.0.0-build3,6388,1,LIVE,SYNCHRONISED,AUTOMATIC,NORMAL,65,1950,1950,0,145,145,0.3,0.3,24.24884,40.17,1.028,1,0.0254,0,207.97,4.4765,-0.10487,0.415,0.3744,50.429,1.043,41.5,CRITICAL,F3,3,1,cooling_degradation,0.9,1,1,,,,,22,0
2026-08-19T18:49:05.290Z,1787165345290,FAN_DT_001_F3_S09_R01_20260819T184746,1,78.915,FAULT_ACTIVE,F3,0.9,FAN_DT_001,3.0,process-model-3.0.0-build3,6389,1,LIVE,SYNCHRONISED,AUTOMATIC,NORMAL,65,1950,1950,0,145,145,0.3,0.3,24.25533,40.28,1.028,1,0.0254,0,207.97,4.536,-0.10414,0.415,0.3744,50.076,1.0569,41.5,CRITICAL,F3,3,1,cooling_degradation,0.9,1,1,,,,,22,0
2026-08-19T18:49:06.378Z,1787165346378,FAN_DT_001_F3_S09_R01_20260819T184746,1,80.004,FAULT_ACTIVE,F3,0.9,FAN_DT_001,3.0,process-model-3.0.0-build3,6390,1,LIVE,SYNCHRONISED,AUTOMATIC,NORMAL,65,1950,1950,0,145,145,0.3,0.3,24.26225,40.39,1.028,1,0.0254,0,207.97,4.5958,-0.10339,0.415,0.3744,49.715,1.0708,41.5,CRITICAL,F3,3,1,cooling_degradation,0.9,1,1,,,,,22,0
2026-08-19T18:49:07.382Z,1787165347382,FAN_DT_001_F3_S09_R01_20260819T184746,1,81.007,FAULT_ACTIVE,F3,0.9,FAN_DT_001,3.0,process-model-3.0.0-build3,6391,1,LIVE,SYNCHRONISED,AUTOMATIC,NORMAL,65,1950,1950,0,145,145,0.3,0.3,24.26954,40.49,1.028,1,0.0254,0,207.97,4.6553,-0.10265,0.415,0.3744,49.359,1.0847,41.5,CRITICAL,F3,3,1,cooling_degradation,0.9,1,1,,,,,22,0
2026-08-19T18:49:08.393Z,1787165348393,FAN_DT_001_F3_S09_R01_20260819T184746,1,82.018,FAULT_ACTIVE,F3,0.9,FAN_DT_001,3.0,process-model-3.0.0-build3,6392,1,LIVE,SYNCHRONISED,AUTOMATIC,NORMAL,65,1950,1950,0,145,145,0.3,0.3,24.27722,40.6,1.028,1,0.0254,0,207.97,4.715,-0.10192,0.415,0.3744,49.006,1.0986,41.5,CRITICAL,F3,3,1,cooling_degradation,0.9,1,1,,,,,22,0
2026-08-19T18:49:09.425Z,1787165349425,FAN_DT_001_F3_S09_R01_20260819T184746,1,83.05,FAULT_ACTIVE,F3,0.9,FAN_DT_001,3.0,process-model-3.0.0-build3,6393,1,LIVE,SYNCHRONISED,AUTOMATIC,NORMAL,65,1950,1950,0,145,145,0.3,0.3,24.28529,40.7,1.028,1,0.0254,0,207.97,4.7748,-0.10119,0.415,0.3744,48.658,1.1125,41.5,CRITICAL,F3,3,1,cooling_degradation,0.9,1,1,,,,,22,0
2026-08-19T18:49:10.473Z,1787165350473,FAN_DT_001_F3_S09_R01_20260819T184746,1,84.098,FAULT_ACTIVE,F3,0.9,FAN_DT_001,3.0,process-model-3.0.0-build3,6394,1,LIVE,SYNCHRONISED,AUTOMATIC,NORMAL,65,1950,1950,0,145,145,0.3,0.3,24.2937,40.81,1.028,1,0.0254,0,207.97,4.8343,-0.10047,0.415,0.3744,48.312,1.1264,41.5,CRITICAL,F3,3,1,cooling_degradation,0.9,1,1,,,,,22,0
2026-08-19T18:49:11.495Z,1787165351495,FAN_DT_001_F3_S09_R01_20260819T184746,1,85.12,FAULT_ACTIVE,F3,0.9,FAN_DT_001,3.0,process-model-3.0.0-build3,6395,1,LIVE,SYNCHRONISED,AUTOMATIC,NORMAL,65,1950,1950,0,145,145,0.3,0.3,24.30254,40.91,1.028,1,0.0254,0,207.97,4.8941,-0.09979,0.415,0.3744,47.983,1.1403,41.5,CRITICAL,F3,3,1,cooling_degradation,0.9,1,1,,,,,22,0
2026-08-19T18:49:12.532Z,1787165352532,FAN_DT_001_F3_S09_R01_20260819T184746,1,86.157,FAULT_ACTIVE,F3,0.9,FAN_DT_001,3.0,process-model-3.0.0-build3,6396,1,LIVE,SYNCHRONISED,AUTOMATIC,NORMAL,65,1950,1950,0,145,145,0.3,0.3,24.31169,41.01,1.028,1,0.0254,0,207.97,4.9536,-0.0991,0.415,0.3744,47.65,1.1542,41.5,CRITICAL,F3,3,1,cooling_degradation,0.9,1,1,,,,,22,0
2026-08-19T18:49:13.575Z,1787165353575,FAN_DT_001_F3_S09_R01_20260819T184746,1,87.2,FAULT_ACTIVE,F3,0.9,FAN_DT_001,3.0,process-model-3.0.0-build3,6397,1,LIVE,SYNCHRONISED,AUTOMATIC,NORMAL,65,1950,1950,0,145,145,0.3,0.3,24.32125,41.12,1.028,1,0.0254,0,207.97,5.0134,-0.09839,0.415,0.3744,47.313,1.1681,41.5,CRITICAL,F3,3,1,cooling_degradation,0.9,1,1,,,,,22,0
2026-08-19T18:49:14.597Z,1787165354597,FAN_DT_001_F3_S09_R01_20260819T184746,1,88.222,FAULT_ACTIVE,F3,0.9,FAN_DT_001,3.0,process-model-3.0.0-build3,6398,1,LIVE,SYNCHRONISED,AUTOMATIC,NORMAL,65,1950,1950,0,145,145,0.3,0.3,24.33116,41.22,1.028,1,0.0254,0,207.97,5.0732,-0.09771,0.415,0.3744,46.983,1.182,41.5,CRITICAL,F3,3,1,cooling_degradation,0.9,1,1,,,,,22,0
2026-08-19T18:49:15.634Z,1787165355634,FAN_DT_001_F3_S09_R01_20260819T184746,1,89.259,FAULT_ACTIVE,F3,0.9,FAN_DT_001,3.0,process-model-3.0.0-build3,6399,1,LIVE,SYNCHRONISED,AUTOMATIC,NORMAL,65,1950,1950,0,145,145,0.3,0.3,24.34136,41.32,1.028,1,0.0254,0,207.97,5.1326,-0.09705,0.415,0.3744,46.666,1.1959,41.5,CRITICAL,F3,3,1,cooling_degradation,0.9,1,1,,,,,22,0
2026-08-19T18:49:16.667Z,1787165356667,FAN_DT_001_F3_S09_R01_20260819T184746,1,90.292,FAULT_ACTIVE,F3,0.9,FAN_DT_001,3.0,process-model-3.0.0-build3,6400,1,LIVE,SYNCHRONISED,AUTOMATIC,NORMAL,65,1950,1950,0,145,145,0.3,0.3,24.35198,41.42,1.028,1,0.0254,0,207.97,5.1923,-0.09639,0.415,0.3744,46.348,1.2098,41.5,CRITICAL,F3,3,1,cooling_degradation,0.9,1,1,,,,,22,0
2026-08-19T18:49:17.699Z,1787165357699,FAN_DT_001_F3_S09_R01_20260819T184746,1,91.324,FAULT_ACTIVE,F3,0.9,FAN_DT_001,3.0,process-model-3.0.0-build3,6401,1,LIVE,SYNCHRONISED,AUTOMATIC,NORMAL,65,1950,1950,0,145,145,0.3,0.3,24.36286,41.52,1.028,1,0.0254,0,207.97,5.2517,-0.09575,0.415,0.3744,46.039,1.2237,41.5,CRITICAL,F3,3,1,cooling_degradation,0.9,1,1,,,,,22,0
2026-08-19T18:49:18.729Z,1787165358729,FAN_DT_001_F3_S09_R01_20260819T184746,1,92.354,FAULT_ACTIVE,F3,0.9,FAN_DT_001,3.0,process-model-3.0.0-build3,6402,1,LIVE,SYNCHRONISED,AUTOMATIC,NORMAL,65,1950,1950,0,145,145,0.3,0.3,24.37413,41.62,1.028,1,0.0254,0,207.97,5.3114,-0.09509,0.415,0.3744,45.725,1.2376,41.5,CRITICAL,F3,3,1,cooling_degradation,0.9,1,1,,,,,22,0
2026-08-19T18:49:19.764Z,1787165359764,FAN_DT_001_F3_S09_R01_20260819T184746,1,93.389,FAULT_ACTIVE,F3,0.9,FAN_DT_001,3.0,process-model-3.0.0-build3,6403,1,LIVE,SYNCHRONISED,AUTOMATIC,NORMAL,65,1950,1950,0,145,145,0.3,0.3,24.38573,41.71,1.028,1,0.0254,0,207.97,5.3711,-0.09444,0.415,0.3744,45.413,1.2515,41.5,CRITICAL,F3,3,1,cooling_degradation,0.9,1,1,,,,,22,0
2026-08-19T18:49:20.799Z,1787165360799,FAN_DT_001_F3_S09_R01_20260819T184746,1,94.424,FAULT_ACTIVE,F3,0.9,FAN_DT_001,3.0,process-model-3.0.0-build3,6404,1,LIVE,SYNCHRONISED,AUTOMATIC,NORMAL,65,1950,1950,0,145,145,0.3,0.3,24.39761,41.81,1.028,1,0.0254,0,207.97,5.4305,-0.0938,0.415,0.3744,45.104,1.2653,41.5,CRITICAL,F3,3,1,cooling_degradation,0.9,1,1,,,,,22,0
2026-08-19T18:49:21.831Z,1787165361831,FAN_DT_001_F3_S09_R01_20260819T184746,1,95.456,FAULT_ACTIVE,F3,0.9,FAN_DT_001,3.0,process-model-3.0.0-build3,6405,1,LIVE,SYNCHRONISED,AUTOMATIC,NORMAL,65,1950,1950,0,145,145,0.3,0.3,24.40989,41.91,1.028,1,0.0254,0,207.97,5.4904,-0.09319,0.415,0.3744,44.809,1.2793,41.5,CRITICAL,F3,3,1,cooling_degradation,0.9,1,1,,,,,22,0
2026-08-19T18:49:22.879Z,1787165362879,FAN_DT_001_F3_S09_R01_20260819T184746,1,96.505,FAULT_ACTIVE,F3,0.9,FAN_DT_001,3.0,process-model-3.0.0-build3,6406,1,LIVE,SYNCHRONISED,AUTOMATIC,NORMAL,65,1950,1950,0,145,145,0.3,0.3,24.42241,42,1.028,1,0.0254,0,207.97,5.5499,-0.09256,0.415,0.3744,44.509,1.2931,41.5,CRITICAL,F3,3,1,cooling_degradation,0.9,1,1,,,,,22,0
2026-08-19T18:49:23.904Z,1787165363904,FAN_DT_001_F3_S09_R01_20260819T184746,1,97.529,FAULT_ACTIVE,F3,0.9,FAN_DT_001,3.0,process-model-3.0.0-build3,6407,1,LIVE,SYNCHRONISED,AUTOMATIC,NORMAL,65,1950,1950,0,145,145,0.3,0.3,24.4353,42.1,1.028,1,0.0254,0,207.97,5.6097,-0.09195,0.415,0.3744,44.212,1.3071,41.5,CRITICAL,F3,3,1,cooling_degradation,0.9,1,1,,,,,22,0
2026-08-19T18:49:25.003Z,1787165365003,FAN_DT_001_F3_S09_R01_20260819T184746,1,98.629,FAULT_ACTIVE,F3,0.9,FAN_DT_001,3.0,process-model-3.0.0-build3,6408,1,LIVE,SYNCHRONISED,AUTOMATIC,NORMAL,65,1950,1950,0,145,145,0.3,0.3,24.44848,42.19,1.028,1,0.0254,0,207.97,5.6695,-0.09135,0.415,0.3744,43.924,1.321,41.5,CRITICAL,F3,3,1,cooling_degradation,0.9,1,1,,,,,22,0
2026-08-19T18:49:25.974Z,1787165365974,FAN_DT_001_F3_S09_R01_20260819T184746,1,99.599,FAULT_ACTIVE,F3,0.9,FAN_DT_001,3.0,process-model-3.0.0-build3,6409,1,LIVE,SYNCHRONISED,AUTOMATIC,NORMAL,65,1950,1950,0,145,145,0.3,0.3,24.46189,42.29,1.028,1,0.0254,0,207.97,5.729,-0.09074,0.415,0.3744,43.634,1.3349,41.5,CRITICAL,F3,3,1,cooling_degradation,0.9,1,1,,,,,22,0
2026-08-19T18:49:27.015Z,1787165367015,FAN_DT_001_F3_S09_R01_20260819T184746,1,100.64,FAULT_ACTIVE,F3,0.9,FAN_DT_001,3.0,process-model-3.0.0-build3,6410,1,LIVE,SYNCHRONISED,AUTOMATIC,NORMAL,65,1950,1950,0,145,145,0.3,0.3,24.47564,42.38,1.028,1,0.0254,0,207.97,5.7887,-0.09015,0.415,0.3744,43.348,1.3488,41.5,CRITICAL,F3,3,1,cooling_degradation,0.9,1,1,,,,,22,0
2026-08-19T18:49:28.045Z,1787165368045,FAN_DT_001_F3_S09_R01_20260819T184746,1,101.67,FAULT_ACTIVE,F3,0.9,FAN_DT_001,3.0,process-model-3.0.0-build3,6411,1,LIVE,SYNCHRONISED,AUTOMATIC,NORMAL,65,1950,1950,0,145,145,0.3,0.3,24.48963,42.47,1.028,1,0.0254,0,207.97,5.8484,-0.08957,0.415,0.3744,43.07,1.3627,41.5,CRITICAL,F3,3,1,cooling_degradation,0.9,1,1,,,,,22,0
2026-08-19T18:49:29.079Z,1787165369079,FAN_DT_001_F3_S09_R01_20260819T184746,1,102.704,FAULT_ACTIVE,F3,0.9,FAN_DT_001,3.0,process-model-3.0.0-build3,6412,1,LIVE,SYNCHRONISED,AUTOMATIC,NORMAL,65,1950,1950,0,145,145,0.3,0.3,24.50386,42.56,1.028,1,0.0254,0,207.97,5.9079,-0.08899,0.415,0.3744,42.791,1.3765,41.5,CRITICAL,F3,3,1,cooling_degradation,0.9,1,1,,,,,22,0
2026-08-19T18:49:30.109Z,1787165370109,FAN_DT_001_F3_S09_R01_20260819T184746,1,103.734,FAULT_ACTIVE,F3,0.9,FAN_DT_001,3.0,process-model-3.0.0-build3,6413,1,LIVE,SYNCHRONISED,AUTOMATIC,NORMAL,65,1950,1950,0,145,145,0.3,0.3,24.5184,42.66,1.028,1,0.0254,0,207.97,5.9675,-0.0884,0.415,0.3744,42.509,1.3904,41.5,CRITICAL,F3,3,1,cooling_degradation,0.9,1,1,,,,,22,0
2026-08-19T18:49:31.144Z,1787165371144,FAN_DT_001_F3_S09_R01_20260819T184746,1,104.769,FAULT_ACTIVE,F3,0.9,FAN_DT_001,3.0,process-model-3.0.0-build3,6414,1,LIVE,SYNCHRONISED,AUTOMATIC,NORMAL,65,1950,1950,0,145,145,0.3,0.3,24.53322,42.75,1.028,1,0.0254,0,207.97,6.0273,-0.08783,0.415,0.3744,42.231,1.4044,41.5,CRITICAL,F3,3,1,cooling_degradation,0.9,1,1,,,,,22,0
2026-08-19T18:49:32.175Z,1787165372175,FAN_DT_001_F3_S09_R01_20260819T184746,1,105.8,FAULT_ACTIVE,F3,0.9,FAN_DT_001,3.0,process-model-3.0.0-build3,6415,1,LIVE,SYNCHRONISED,AUTOMATIC,NORMAL,65,1950,1950,0,145,145,0.3,0.3,24.54829,42.84,1.028,1,0.0254,0,207.97,6.0872,-0.08729,0.415,0.3744,41.973,1.4183,41.5,CRITICAL,F3,3,1,cooling_degradation,0.9,1,1,,,,,22,0
2026-08-19T18:49:33.208Z,1787165373208,FAN_DT_001_F3_S09_R01_20260819T184746,1,106.833,FAULT_ACTIVE,F3,0.9,FAN_DT_001,3.0,process-model-3.0.0-build3,6416,1,LIVE,SYNCHRONISED,AUTOMATIC,NORMAL,65,1950,1950,0,145,145,0.3,0.3,24.56346,42.93,1.028,1,0.0254,0,207.97,6.1464,-0.08674,0.415,0.3744,41.708,1.4321,41.5,CRITICAL,F3,3,1,cooling_degradation,0.9,1,1,,,,,22,0
2026-08-19T18:49:34.247Z,1787165374247,FAN_DT_001_F3_S09_R01_20260819T184746,1,107.872,FAULT_ACTIVE,F3,0.9,FAN_DT_001,3.0,process-model-3.0.0-build3,6417,1,LIVE,SYNCHRONISED,AUTOMATIC,NORMAL,65,1950,1950,0,145,145,0.3,0.3,24.57893,43.02,1.028,1,0.0254,0,207.97,6.206,-0.08619,0.415,0.3744,41.443,1.446,41.5,CRITICAL,F3,3,1,cooling_degradation,0.9,1,1,,,,,22,0
2026-08-19T18:49:35.279Z,1787165375279,FAN_DT_001_F3_S09_R01_20260819T184746,1,108.904,FAULT_ACTIVE,F3,0.9,FAN_DT_001,3.0,process-model-3.0.0-build3,6418,1,LIVE,SYNCHRONISED,AUTOMATIC,NORMAL,65,1950,1950,0,145,145,0.3,0.3,24.59461,43.11,1.028,1,0.0254,0,207.97,6.2655,-0.08563,0.415,0.3744,41.174,1.4599,41.5,CRITICAL,F3,3,1,cooling_degradation,0.9,1,1,,,,,22,0
2026-08-19T18:49:36.309Z,1787165376309,FAN_DT_001_F3_S09_R01_20260819T184746,1,109.934,FAULT_ACTIVE,F3,0.9,FAN_DT_001,3.0,process-model-3.0.0-build3,6419,1,LIVE,SYNCHRONISED,AUTOMATIC,NORMAL,65,1950,1950,0,145,145,0.3,0.3,24.61059,43.19,1.028,1,0.0254,0,207.97,6.3253,-0.0851,0.415,0.3744,40.922,1.4738,41.5,CRITICAL,F3,3,1,cooling_degradation,0.9,1,1,,,,,22,0
2026-08-19T18:49:37.352Z,1787165377352,FAN_DT_001_F3_S09_R01_20260819T184746,1,110.977,FAULT_ACTIVE,F3,0.9,FAN_DT_001,3.0,process-model-3.0.0-build3,6420,1,LIVE,SYNCHRONISED,AUTOMATIC,NORMAL,65,1950,1950,0,145,145,0.3,0.3,24.62675,43.28,1.028,1,0.0254,0,207.97,6.385,-0.08456,0.415,0.3744,40.66,1.4877,41.5,CRITICAL,F3,3,1,cooling_degradation,0.9,1,1,,,,,22,0
2026-08-19T18:49:38.382Z,1787165378382,FAN_DT_001_F3_S09_R01_20260819T184746,1,112.007,FAULT_ACTIVE,F3,0.9,FAN_DT_001,3.0,process-model-3.0.0-build3,6421,1,LIVE,SYNCHRONISED,AUTOMATIC,NORMAL,65,1950,1950,0,145,145,0.3,0.3,24.64303,43.37,1.028,1,0.0254,0,207.97,6.4445,-0.08404,0.415,0.3744,40.411,1.5016,41.5,CRITICAL,F3,3,1,cooling_degradation,0.9,1,1,,,,,22,0
2026-08-19T18:49:39.413Z,1787165379413,FAN_DT_001_F3_S09_R01_20260819T184746,1,113.038,FAULT_ACTIVE,F3,0.9,FAN_DT_001,3.0,process-model-3.0.0-build3,6422,1,LIVE,SYNCHRONISED,AUTOMATIC,NORMAL,65,1950,1950,0,145,145,0.3,0.3,24.65959,43.45,1.028,1,0.0254,0,207.97,6.5043,-0.08353,0.415,0.3744,40.165,1.5155,41.5,CRITICAL,F3,3,1,cooling_degradation,0.9,1,1,,,,,22,0
2026-08-19T18:49:40.443Z,1787165380443,FAN_DT_001_F3_S09_R01_20260819T184746,1,114.068,FAULT_ACTIVE,F3,0.9,FAN_DT_001,3.0,process-model-3.0.0-build3,6423,1,LIVE,SYNCHRONISED,AUTOMATIC,NORMAL,65,1950,1950,0,145,145,0.3,0.3,24.67627,43.54,1.028,1,0.0254,0,207.97,6.5639,-0.083,0.415,0.3744,39.91,1.5294,41.5,CRITICAL,F3,3,1,cooling_degradation,0.9,1,1,,,,,22,0
2026-08-19T18:49:41.526Z,1787165381526,FAN_DT_001_F3_S09_R01_20260819T184746,1,115.151,FAULT_ACTIVE,F3,0.9,FAN_DT_001,3.0,process-model-3.0.0-build3,6424,1,LIVE,SYNCHRONISED,AUTOMATIC,NORMAL,65,1950,1950,0,145,145,0.3,0.3,24.69309,43.63,1.028,1,0.0254,0,207.97,6.6233,-0.08252,0.415,0.3744,39.677,1.5432,41.5,CRITICAL,F3,3,1,cooling_degradation,0.9,1,1,,,,,22,0
2026-08-19T18:49:42.513Z,1787165382513,FAN_DT_001_F3_S09_R01_20260819T184746,1,116.137,FAULT_ACTIVE,F3,0.9,FAN_DT_001,3.0,process-model-3.0.0-build3,6425,1,LIVE,SYNCHRONISED,AUTOMATIC,NORMAL,65,1950,1950,0,145,145,0.3,0.3,24.71014,43.71,1.028,1,0.0254,0,207.97,6.6831,-0.08199,0.415,0.3744,39.423,1.5572,41.5,CRITICAL,F3,3,1,cooling_degradation,0.9,1,1,,,,,22,0
2026-08-19T18:49:43.544Z,1787165383544,FAN_DT_001_F3_S09_R01_20260819T184746,1,117.169,FAULT_ACTIVE,F3,0.9,FAN_DT_001,3.0,process-model-3.0.0-build3,6426,1,LIVE,SYNCHRONISED,AUTOMATIC,NORMAL,65,1950,1950,0,145,145,0.3,0.3,24.72732,43.8,1.028,1,0.0254,0,207.97,6.7427,-0.0815,0.415,0.3744,39.188,1.571,41.5,CRITICAL,F3,3,1,cooling_degradation,0.9,1,1,,,,,22,0
2026-08-19T18:49:44.644Z,1787165384644,FAN_DT_001_F3_S09_R01_20260819T184746,1,118.269,FAULT_ACTIVE,F3,0.9,FAN_DT_001,3.0,process-model-3.0.0-build3,6427,1,LIVE,SYNCHRONISED,AUTOMATIC,NORMAL,65,1950,1950,0,145,145,0.3,0.3,24.74464,43.88,1.028,1,0.0254,0,207.97,6.8023,-0.081,0.415,0.3744,38.951,1.5849,41.5,CRITICAL,F3,3,1,cooling_degradation,0.9,1,1,,,,,22,0
2026-08-19T18:49:45.634Z,1787165385634,FAN_DT_001_F3_S09_R01_20260819T184746,1,119.259,FAULT_ACTIVE,F3,0.9,FAN_DT_001,3.0,process-model-3.0.0-build3,6428,1,LIVE,SYNCHRONISED,AUTOMATIC,NORMAL,65,1950,1950,0,145,145,0.3,0.3,24.76214,43.96,1.028,1,0.0254,0,207.97,6.8621,-0.0805,0.415,0.3744,38.708,1.5989,41.5,CRITICAL,F3,3,1,cooling_degradation,0.9,1,1,,,,,22,0
2026-08-19T18:49:46.658Z,1787165386658,FAN_DT_001_F3_S09_R01_20260819T184746,1,120.283,FAULT_ACTIVE,F3,0.9,FAN_DT_001,3.0,process-model-3.0.0-build3,6429,1,LIVE,SYNCHRONISED,AUTOMATIC,NORMAL,65,1950,1950,0,145,145,0.3,0.3,24.77977,44.05,1.028,1,0.0254,0,207.97,6.9219,-0.08002,0.415,0.3744,38.476,1.6128,41.5,CRITICAL,F3,3,1,cooling_degradation,0.9,1,1,,,,,22,0
2026-08-19T18:49:47.687Z,1787165387687,FAN_DT_001_F3_S09_R01_20260819T184746,1,121.312,FAULT_ACTIVE,F3,0.9,FAN_DT_001,3.0,process-model-3.0.0-build3,6430,1,LIVE,SYNCHRONISED,AUTOMATIC,NORMAL,65,1950,1950,0,145,145,0.3,0.3,24.79744,44.13,1.028,1,0.0254,0,207.97,6.9814,-0.07953,0.415,0.3744,38.242,1.6267,41.5,CRITICAL,F3,3,1,cooling_degradation,0.9,1,1,,,,,22,0
2026-08-19T18:49:48.733Z,1787165388733,FAN_DT_001_F3_S09_R01_20260819T184746,1,122.358,FAULT_ACTIVE,F3,0.9,FAN_DT_001,3.0,process-model-3.0.0-build3,6431,1,LIVE,SYNCHRONISED,AUTOMATIC,NORMAL,65,1950,1950,0,145,145,0.3,0.3,24.81524,44.21,1.028,1,0.0254,0,207.97,7.0411,-0.07906,0.415,0.3744,38.014,1.6406,41.5,CRITICAL,F3,3,1,cooling_degradation,0.9,1,1,,,,,22,0
2026-08-19T18:49:49.757Z,1787165389757,FAN_DT_001_F3_S09_R01_20260819T184746,1,123.382,FAULT_ACTIVE,F3,0.9,FAN_DT_001,3.0,process-model-3.0.0-build3,6432,1,LIVE,SYNCHRONISED,AUTOMATIC,NORMAL,65,1950,1950,0,145,145,0.3,0.3,24.83318,44.29,1.028,1,0.0254,0,207.97,7.1008,-0.07861,0.415,0.3744,37.798,1.6545,41.5,CRITICAL,F3,3,1,cooling_degradation,0.9,1,1,,,,,22,0
2026-08-19T18:49:50.792Z,1787165390792,FAN_DT_001_F3_S09_R01_20260819T184746,1,124.417,FAULT_ACTIVE,F3,0.9,FAN_DT_001,3.0,process-model-3.0.0-build3,6433,1,LIVE,SYNCHRONISED,AUTOMATIC,NORMAL,65,1950,1950,0,145,145,0.3,0.3,24.85117,44.37,1.028,1,0.0254,0,207.97,7.1604,-0.07812,0.415,0.3744,37.561,1.6684,41.5,CRITICAL,F3,3,1,cooling_degradation,0.9,1,1,,,,,22,0
2026-08-19T18:49:51.860Z,1787165391860,FAN_DT_001_F3_S09_R01_20260819T184746,1,125.485,FAULT_ACTIVE,F3,0.9,FAN_DT_001,3.0,process-model-3.0.0-build3,6434,1,LIVE,SYNCHRONISED,AUTOMATIC,NORMAL,65,1950,1950,0,145,145,0.3,0.3,24.86927,44.45,1.028,1,0.0254,0,207.97,7.2201,-0.07765,0.415,0.3744,37.336,1.6823,41.5,CRITICAL,F3,3,1,cooling_degradation,0.9,1,1,,,,,22,0
2026-08-19T18:49:52.860Z,1787165392860,FAN_DT_001_F3_S09_R01_20260819T184746,1,126.485,FAULT_ACTIVE,F3,0.9,FAN_DT_001,3.0,process-model-3.0.0-build3,6435,1,LIVE,SYNCHRONISED,AUTOMATIC,NORMAL,65,1950,1950,0,145,145,0.3,0.3,24.88746,44.53,1.028,1,0.0254,0,207.97,7.28,-0.0772,0.415,0.3744,37.122,1.6962,41.5,CRITICAL,F3,3,1,cooling_degradation,0.9,1,1,,,,,22,0
2026-08-19T18:49:53.898Z,1787165393898,FAN_DT_001_F3_S09_R01_20260819T184746,1,127.523,FAULT_ACTIVE,F3,0.9,FAN_DT_001,3.0,process-model-3.0.0-build3,6436,1,LIVE,SYNCHRONISED,AUTOMATIC,NORMAL,65,1950,1950,0,145,145,0.3,0.3,24.90563,44.61,1.028,1,0.0254,0,207.97,7.3395,-0.07676,0.415,0.3744,36.908,1.7101,41.5,CRITICAL,F3,3,1,cooling_degradation,0.9,1,1,,,,,22,0
2026-08-19T18:49:54.941Z,1787165394941,FAN_DT_001_F3_S09_R01_20260819T184746,1,128.566,FAULT_ACTIVE,F3,0.9,FAN_DT_001,3.0,process-model-3.0.0-build3,6437,1,LIVE,SYNCHRONISED,AUTOMATIC,NORMAL,65,1950,1950,0,145,145,0.3,0.3,24.92394,44.69,1.028,1,0.0254,0,207.97,7.3993,-0.07629,0.415,0.3744,36.686,1.724,41.5,CRITICAL,F3,3,1,cooling_degradation,0.9,1,1,,,,,22,0
2026-08-19T18:49:55.966Z,1787165395966,FAN_DT_001_F3_S09_R01_20260819T184746,1,129.591,FAULT_ACTIVE,F3,0.9,FAN_DT_001,3.0,process-model-3.0.0-build3,6438,1,LIVE,SYNCHRONISED,AUTOMATIC,NORMAL,65,1950,1950,0,145,145,0.3,0.3,24.94226,44.77,1.028,1,0.0254,0,207.97,7.4591,-0.07584,0.415,0.3744,36.469,1.738,41.5,CRITICAL,F3,3,1,cooling_degradation,0.9,1,1,,,,,22,0
2026-08-19T18:49:57.004Z,1787165397004,FAN_DT_001_F3_S09_R01_20260819T184746,1,130.629,FAULT_ACTIVE,F3,0.9,FAN_DT_001,3.0,process-model-3.0.0-build3,6439,1,LIVE,SYNCHRONISED,AUTOMATIC,NORMAL,65,1950,1950,0,145,145,0.3,0.3,24.96056,44.85,1.028,1,0.0254,0,207.97,7.5187,-0.0754,0.415,0.3744,36.255,1.7519,41.5,CRITICAL,F3,3,1,cooling_degradation,0.9,1,1,,,,,22,0
2026-08-19T18:49:58.069Z,1787165398069,FAN_DT_001_F3_S09_R01_20260819T184746,1,131.694,FAULT_ACTIVE,F3,0.9,FAN_DT_001,3.0,process-model-3.0.0-build3,6440,1,LIVE,SYNCHRONISED,AUTOMATIC,NORMAL,65,1950,1950,0,145,145,0.3,0.3,24.97891,44.93,1.028,1,0.0254,0,207.97,7.5784,-0.07494,0.415,0.3744,36.036,1.7658,41.5,CRITICAL,F3,3,1,cooling_degradation,0.9,1,1,,,,,22,0
2026-08-19T18:49:59.076Z,1787165399076,FAN_DT_001_F3_S09_R01_20260819T184746,1,132.701,FAULT_ACTIVE,F3,0.9,FAN_DT_001,3.0,process-model-3.0.0-build3,6441,1,LIVE,SYNCHRONISED,AUTOMATIC,NORMAL,65,1950,1950,0,145,145,0.3,0.3,24.99728,45,1.028,1,0.0254,0,207.97,7.638,-0.07452,0.415,0.3744,35.835,1.7797,41.5,CRITICAL,F3,3,1,cooling_degradation,0.9,1,1,,,,,22,0
2026-08-19T18:50:00.103Z,1787165400103,FAN_DT_001_F3_S09_R01_20260819T184746,1,133.728,FAULT_ACTIVE,F3,0.9,FAN_DT_001,3.0,process-model-3.0.0-build3,6442,1,LIVE,SYNCHRONISED,AUTOMATIC,NORMAL,65,1950,1950,0,145,145,0.3,0.3,25.01559,45.08,1.028,1,0.0254,0,207.97,7.6975,-0.0741,0.415,0.3744,35.63,1.7935,41.5,CRITICAL,F3,3,1,cooling_degradation,0.9,1,1,,,,,22,0
2026-08-19T18:50:01.147Z,1787165401147,FAN_DT_001_F3_S09_R01_20260819T184746,1,134.772,FAULT_ACTIVE,F3,0.9,FAN_DT_001,3.0,process-model-3.0.0-build3,6443,1,LIVE,SYNCHRONISED,AUTOMATIC,NORMAL,65,1950,1950,0,145,145,0.3,0.3,25.03396,45.16,1.028,1,0.0254,0,207.97,7.7573,-0.07364,0.415,0.3744,35.411,1.8074,41.5,CRITICAL,F3,3,1,cooling_degradation,0.9,1,1,,,,,22,0
2026-08-19T18:50:02.185Z,1787165402185,FAN_DT_001_F3_S09_R01_20260819T184746,1,135.81,FAULT_ACTIVE,F3,0.9,FAN_DT_001,3.0,process-model-3.0.0-build3,6444,1,LIVE,SYNCHRONISED,AUTOMATIC,NORMAL,65,1950,1950,0,145,145,0.3,0.3,25.05233,45.23,1.028,1,0.0254,0,207.97,7.8171,-0.07324,0.415,0.3744,35.215,1.8214,41.5,CRITICAL,F3,3,1,cooling_degradation,0.9,1,1,,,,,22,0
2026-08-19T18:50:03.213Z,1787165403213,FAN_DT_001_F3_S09_R01_20260819T184746,1,136.838,FAULT_ACTIVE,F3,0.9,FAN_DT_001,3.0,process-model-3.0.0-build3,6445,1,LIVE,SYNCHRONISED,AUTOMATIC,NORMAL,65,1950,1950,0,145,145,0.3,0.3,25.0707,45.31,1.028,1,0.0254,0,207.97,7.8769,-0.0728,0.415,0.3744,35.004,1.8353,41.5,CRITICAL,F3,3,1,cooling_degradation,0.9,1,1,,,,,22,0
2026-08-19T18:50:04.287Z,1787165404287,FAN_DT_001_F3_S09_R01_20260819T184746,1,137.912,FAULT_ACTIVE,F3,0.9,FAN_DT_001,3.0,process-model-3.0.0-build3,6446,1,LIVE,SYNCHRONISED,AUTOMATIC,NORMAL,65,1950,1950,0,145,145,0.3,0.3,25.08895,45.38,1.028,1,0.0254,0,207.97,7.9365,-0.07239,0.415,0.3744,34.809,1.8492,41.5,CRITICAL,F3,3,1,cooling_degradation,0.9,1,1,,,,,22,0
2026-08-19T18:50:05.341Z,1787165405341,FAN_DT_001_F3_S09_R01_20260819T184746,1,138.966,FAULT_ACTIVE,F3,0.9,FAN_DT_001,3.0,process-model-3.0.0-build3,6447,1,LIVE,SYNCHRONISED,AUTOMATIC,NORMAL,65,1950,1950,0,145,145,0.3,0.3,25.1072,45.46,1.028,1,0.0254,0,207.97,7.9963,-0.07196,0.415,0.3744,34.602,1.8631,41.5,CRITICAL,F3,3,1,cooling_degradation,0.9,1,1,,,,,22,0
2026-08-19T18:50:06.370Z,1787165406370,FAN_DT_001_F3_S09_R01_20260819T184746,1,139.994,FAULT_ACTIVE,F3,0.9,FAN_DT_001,3.0,process-model-3.0.0-build3,6448,1,LIVE,SYNCHRONISED,AUTOMATIC,NORMAL,65,1950,1950,0,145,145,0.3,0.3,25.12532,45.53,1.028,1,0.0254,0,207.97,8.0558,-0.07153,0.415,0.3744,34.396,1.877,41.5,CRITICAL,F3,3,1,cooling_degradation,0.9,1,1,,,,,22,0
2026-08-19T18:50:07.374Z,1787165407374,FAN_DT_001_F3_S09_R01_20260819T184746,1,140.999,FAULT_ACTIVE,F3,0.9,FAN_DT_001,3.0,process-model-3.0.0-build3,6449,1,LIVE,SYNCHRONISED,AUTOMATIC,NORMAL,65,1950,1950,0,145,145,0.3,0.3,25.14343,45.61,1.028,1,0.0254,0,207.97,8.1155,-0.07112,0.415,0.3744,34.198,1.8909,41.5,CRITICAL,F3,3,1,cooling_degradation,0.9,1,1,,,,,22,0
2026-08-19T18:50:08.392Z,1787165408392,FAN_DT_001_F3_S09_R01_20260819T184746,1,142.017,FAULT_ACTIVE,F3,0.9,FAN_DT_001,3.0,process-model-3.0.0-build3,6450,1,LIVE,SYNCHRONISED,AUTOMATIC,NORMAL,65,1950,1950,0,145,145,0.3,0.3,25.1615,45.68,1.028,1,0.0254,0,207.97,8.1753,-0.07071,0.415,0.3744,33.999,1.9049,41.5,CRITICAL,F3,3,1,cooling_degradation,0.9,1,1,,,,,22,0
2026-08-19T18:50:09.421Z,1787165409421,FAN_DT_001_F3_S09_R01_20260819T184746,1,143.046,FAULT_ACTIVE,F3,0.9,FAN_DT_001,3.0,process-model-3.0.0-build3,6451,1,LIVE,SYNCHRONISED,AUTOMATIC,NORMAL,65,1950,1950,0,145,145,0.3,0.3,25.17949,45.75,1.028,1,0.0254,0,207.97,8.2351,-0.07032,0.415,0.3744,33.812,1.9188,41.5,CRITICAL,F3,3,1,cooling_degradation,0.9,1,1,,,,,22,0
2026-08-19T18:50:10.458Z,1787165410458,FAN_DT_001_F3_S09_R01_20260819T184746,1,144.083,FAULT_ACTIVE,F3,0.9,FAN_DT_001,3.0,process-model-3.0.0-build3,6452,1,LIVE,SYNCHRONISED,AUTOMATIC,NORMAL,65,1950,1950,0,145,145,0.3,0.3,25.19731,45.82,1.028,1,0.0254,0,207.97,8.2947,-0.0699,0.415,0.3744,33.61,1.9327,41.5,CRITICAL,F3,3,1,cooling_degradation,0.9,1,1,,,,,22,0
2026-08-19T18:50:11.500Z,1787165411500,FAN_DT_001_F3_S09_R01_20260819T184746,1,145.125,FAULT_ACTIVE,F3,0.9,FAN_DT_001,3.0,process-model-3.0.0-build3,6453,1,LIVE,SYNCHRONISED,AUTOMATIC,NORMAL,65,1950,1950,0,145,145,0.3,0.3,25.21505,45.9,1.028,1,0.0254,0,207.97,8.3544,-0.06951,0.415,0.3744,33.422,1.9466,41.5,CRITICAL,F3,3,1,cooling_degradation,0.9,1,1,,,,,22,0
2026-08-19T18:50:12.525Z,1787165412525,FAN_DT_001_F3_S09_R01_20260819T184746,1,146.15,FAULT_ACTIVE,F3,0.9,FAN_DT_001,3.0,process-model-3.0.0-build3,6454,1,LIVE,SYNCHRONISED,AUTOMATIC,NORMAL,65,1950,1950,0,145,145,0.3,0.3,25.2327,45.97,1.028,1,0.0254,0,207.97,8.4141,-0.06909,0.415,0.3744,33.221,1.9605,41.5,CRITICAL,F3,3,1,cooling_degradation,0.9,1,1,,,,,22,0
2026-08-19T18:50:13.559Z,1787165413559,FAN_DT_001_F3_S09_R01_20260819T184746,1,147.184,FAULT_ACTIVE,F3,0.9,FAN_DT_001,3.0,process-model-3.0.0-build3,6455,1,LIVE,SYNCHRONISED,AUTOMATIC,NORMAL,65,1950,1950,0,145,145,0.3,0.3,25.25016,46.04,1.028,1,0.0254,0,207.97,8.4737,-0.06869,0.415,0.3744,33.031,1.9744,41.5,CRITICAL,F3,3,1,cooling_degradation,0.9,1,1,,,,,22,0
2026-08-19T18:50:14.602Z,1787165414602,FAN_DT_001_F3_S09_R01_20260819T184746,1,148.227,FAULT_ACTIVE,F3,0.9,FAN_DT_001,3.0,process-model-3.0.0-build3,6456,1,LIVE,SYNCHRONISED,AUTOMATIC,NORMAL,65,1950,1950,0,145,145,0.3,0.3,25.26756,46.11,1.028,1,0.0254,0,207.97,8.5334,-0.06832,0.415,0.3744,32.851,1.9883,41.5,CRITICAL,F3,3,1,cooling_degradation,0.9,1,1,,,,,22,0
2026-08-19T18:50:15.702Z,1787165415702,FAN_DT_001_F3_S09_R01_20260819T184746,1,149.327,FAULT_ACTIVE,F3,0.9,FAN_DT_001,3.0,process-model-3.0.0-build3,6457,1,LIVE,SYNCHRONISED,AUTOMATIC,NORMAL,65,1950,1950,0,145,145,0.3,0.3,25.28481,46.18,1.028,1,0.0254,0,207.97,8.5931,-0.06791,0.415,0.3744,32.653,2.0022,41.5,CRITICAL,F3,3,1,cooling_degradation,0.9,1,1,,,,,22,0
2026-08-19T18:50:16.663Z,1787165416663,FAN_DT_001_F3_S09_R01_20260819T184746,1,150.288,FAULT_ACTIVE,F3,0.9,FAN_DT_001,3.0,process-model-3.0.0-build3,6458,1,LIVE,SYNCHRONISED,AUTOMATIC,NORMAL,65,1950,1950,0,145,145,0.3,0.3,25.30189,46.25,1.028,1,0.0254,0,207.97,8.6528,-0.06751,0.415,0.3744,32.462,2.0161,41.5,CRITICAL,F3,3,1,cooling_degradation,0.9,1,1,,,,,22,0
2026-08-19T18:50:17.704Z,1787165417704,FAN_DT_001_F3_S09_R01_20260819T184746,1,151.329,FAULT_ACTIVE,F3,0.9,FAN_DT_001,3.0,process-model-3.0.0-build3,6459,1,LIVE,SYNCHRONISED,AUTOMATIC,NORMAL,65,1950,1950,0,145,145,0.3,0.3,25.31882,46.32,1.028,1,0.0254,0,207.97,8.7125,-0.06713,0.415,0.3744,32.278,2.03,41.5,CRITICAL,F3,3,1,cooling_degradation,0.9,1,1,,,,,22,0
2026-08-19T18:50:18.736Z,1787165418736,FAN_DT_001_F3_S09_R01_20260819T184746,1,152.361,FAULT_ACTIVE,F3,0.9,FAN_DT_001,3.0,process-model-3.0.0-build3,6460,1,LIVE,SYNCHRONISED,AUTOMATIC,NORMAL,65,1950,1950,0,145,145,0.3,0.3,25.33558,46.39,1.028,1,0.0254,0,207.97,8.7721,-0.06673,0.415,0.3744,32.086,2.0439,41.5,CRITICAL,F3,3,1,cooling_degradation,0.9,1,1,,,,,22,0
2026-08-19T18:50:19.765Z,1787165419765,FAN_DT_001_F3_S09_R01_20260819T184746,1,153.39,FAULT_ACTIVE,F3,0.9,FAN_DT_001,3.0,process-model-3.0.0-build3,6461,1,LIVE,SYNCHRONISED,AUTOMATIC,NORMAL,65,1950,1950,0,145,145,0.3,0.3,25.35213,46.46,1.028,1,0.0254,0,207.97,8.8317,-0.06636,0.415,0.3744,31.908,2.0578,41.5,CRITICAL,F3,3,1,cooling_degradation,0.9,1,1,,,,,22,0
2026-08-19T18:50:20.801Z,1787165420801,FAN_DT_001_F3_S09_R01_20260819T184746,1,154.426,FAULT_ACTIVE,F3,0.9,FAN_DT_001,3.0,process-model-3.0.0-build3,6462,1,LIVE,SYNCHRONISED,AUTOMATIC,NORMAL,65,1950,1950,0,145,145,0.3,0.3,25.36846,46.53,1.028,1,0.0254,0,207.97,8.8911,-0.06596,0.415,0.3744,31.715,2.0716,41.5,CRITICAL,F3,3,1,cooling_degradation,0.9,1,1,,,,,22,0
2026-08-19T18:50:21.835Z,1787165421835,FAN_DT_001_F3_S09_R01_20260819T184746,1,155.46,FAULT_ACTIVE,F3,0.9,FAN_DT_001,3.0,process-model-3.0.0-build3,6463,1,LIVE,SYNCHRONISED,AUTOMATIC,NORMAL,65,1950,1950,0,145,145,0.3,0.3,25.38471,46.59,1.028,1,0.0254,0,207.97,8.951,-0.06558,0.415,0.3744,31.532,2.0856,41.5,CRITICAL,F3,3,1,cooling_degradation,0.9,1,1,,,,,22,0
2026-08-19T18:50:22.869Z,1787165422869,FAN_DT_001_F3_S09_R01_20260819T184746,1,156.494,FAULT_ACTIVE,F3,0.9,FAN_DT_001,3.0,process-model-3.0.0-build3,6464,1,LIVE,SYNCHRONISED,AUTOMATIC,NORMAL,65,1950,1950,0,145,145,0.3,0.3,25.40071,46.66,1.028,1,0.0254,0,207.97,9.0107,-0.0652,0.415,0.3744,31.352,2.0995,41.5,CRITICAL,F3,3,1,cooling_degradation,0.9,1,1,,,,,22,0
2026-08-19T18:50:23.921Z,1787165423921,FAN_DT_001_F3_S09_R01_20260819T184746,1,157.546,FAULT_ACTIVE,F3,0.9,FAN_DT_001,3.0,process-model-3.0.0-build3,6465,1,LIVE,SYNCHRONISED,AUTOMATIC,NORMAL,65,1950,1950,0,145,145,0.3,0.3,25.41643,46.73,1.028,1,0.0254,0,207.97,9.0701,-0.06482,0.415,0.3744,31.169,2.1133,41.5,CRITICAL,F3,3,1,cooling_degradation,0.9,1,1,,,,,22,0
2026-08-19T18:50:24.975Z,1787165424975,FAN_DT_001_F3_S09_R01_20260819T184746,1,158.601,FAULT_ACTIVE,F3,0.9,FAN_DT_001,3.0,process-model-3.0.0-build3,6466,1,LIVE,SYNCHRONISED,AUTOMATIC,NORMAL,65,1950,1950,0,145,145,0.3,0.3,25.43204,46.79,1.028,1,0.0254,0,207.97,9.1299,-0.06443,0.415,0.3744,30.981,2.1273,41.5,CRITICAL,F3,3,1,cooling_degradation,0.9,1,1,,,,,22,0
2026-08-19T18:50:25.973Z,1787165425973,FAN_DT_001_F3_S09_R01_20260819T184746,1,159.598,FAULT_ACTIVE,F3,0.9,FAN_DT_001,3.0,process-model-3.0.0-build3,6467,1,LIVE,SYNCHRONISED,AUTOMATIC,NORMAL,65,1950,1950,0,145,145,0.3,0.3,25.4474,46.86,1.028,1,0.0254,0,207.97,9.1897,-0.06406,0.415,0.3744,30.801,2.1412,41.5,CRITICAL,F3,3,1,cooling_degradation,0.9,1,1,,,,,22,0
2026-08-19T18:50:27.037Z,1787165427037,FAN_DT_001_F3_S09_R01_20260819T184746,1,160.662,FAULT_ACTIVE,F3,0.9,FAN_DT_001,3.0,process-model-3.0.0-build3,6468,1,LIVE,SYNCHRONISED,AUTOMATIC,NORMAL,65,1950,1950,0,145,145,0.3,0.3,25.4625,46.93,1.028,1,0.0254,0,207.97,9.2493,-0.06366,0.415,0.3744,30.613,2.1551,41.5,CRITICAL,F3,3,1,cooling_degradation,0.9,1,1,,,,,22,0
2026-08-19T18:50:28.047Z,1787165428047,FAN_DT_001_F3_S09_R01_20260819T184746,1,161.672,FAULT_ACTIVE,F3,0.9,FAN_DT_001,3.0,process-model-3.0.0-build3,6469,1,LIVE,SYNCHRONISED,AUTOMATIC,NORMAL,65,1950,1950,0,145,145,0.3,0.3,25.47733,46.99,1.028,1,0.0254,0,207.97,9.3089,-0.06329,0.415,0.3744,30.432,2.169,41.5,CRITICAL,F3,3,1,cooling_degradation,0.9,1,1,,,,,22,0
2026-08-19T18:50:29.092Z,1787165429092,FAN_DT_001_F3_S09_R01_20260819T184746,1,162.717,FAULT_ACTIVE,F3,0.9,FAN_DT_001,3.0,process-model-3.0.0-build3,6470,1,LIVE,SYNCHRONISED,AUTOMATIC,NORMAL,65,1950,1950,0,145,145,0.3,0.3,25.49196,47.06,1.028,1,0.0254,0,207.97,9.3687,-0.06291,0.415,0.3744,30.251,2.1829,41.5,CRITICAL,F3,3,1,cooling_degradation,0.9,1,1,,,,,22,0
2026-08-19T18:50:30.108Z,1787165430108,FAN_DT_001_F3_S09_R01_20260819T184746,1,163.733,FAULT_ACTIVE,F3,0.9,FAN_DT_001,3.0,process-model-3.0.0-build3,6471,1,LIVE,SYNCHRONISED,AUTOMATIC,NORMAL,65,1950,1950,0,145,145,0.3,0.3,25.5063,47.12,1.028,1,0.0254,0,207.97,9.4283,-0.06254,0.415,0.3744,30.071,2.1968,41.5,CRITICAL,F3,3,1,cooling_degradation,0.9,1,1,,,,,22,0
2026-08-19T18:50:31.149Z,1787165431149,FAN_DT_001_F3_S09_R01_20260819T184746,1,164.774,FAULT_ACTIVE,F3,0.9,FAN_DT_001,3.0,process-model-3.0.0-build3,6472,1,LIVE,SYNCHRONISED,AUTOMATIC,NORMAL,65,1950,1950,0,145,145,0.3,0.3,25.52035,47.19,1.028,1,0.0254,0,207.97,9.4878,-0.06217,0.415,0.3744,29.895,2.2107,41.5,CRITICAL,F3,3,1,cooling_degradation,0.9,1,1,,,,,22,0
2026-08-19T18:50:32.181Z,1787165432181,FAN_DT_001_F3_S09_R01_20260819T184746,1,165.806,FAULT_ACTIVE,F3,0.9,FAN_DT_001,3.0,process-model-3.0.0-build3,6473,1,LIVE,SYNCHRONISED,AUTOMATIC,NORMAL,65,1950,1950,0,145,145,0.3,0.3,25.53418,47.25,1.028,1,0.0254,0,207.97,9.5475,-0.06179,0.415,0.3744,29.713,2.2246,41.5,CRITICAL,F3,3,1,cooling_degradation,0.9,1,1,,,,,22,0
2026-08-19T18:50:33.216Z,1787165433216,FAN_DT_001_F3_S09_R01_20260819T184746,1,166.841,FAULT_ACTIVE,F3,0.9,FAN_DT_001,3.0,process-model-3.0.0-build3,6474,1,LIVE,SYNCHRONISED,AUTOMATIC,NORMAL,65,1950,1950,0,145,145,0.3,0.3,25.54774,47.31,1.028,1,0.0254,0,207.97,9.6074,-0.06142,0.415,0.3744,29.534,2.2385,41.5,CRITICAL,F3,3,1,cooling_degradation,0.9,1,1,,,,,22,0
2026-08-19T18:50:34.254Z,1787165434254,FAN_DT_001_F3_S09_R01_20260819T184746,1,167.879,FAULT_ACTIVE,F3,0.9,FAN_DT_001,3.0,process-model-3.0.0-build3,6475,1,LIVE,SYNCHRONISED,AUTOMATIC,NORMAL,65,1950,1950,0,145,145,0.3,0.3,25.56096,47.38,1.028,1,0.0254,0,207.97,9.667,-0.06106,0.415,0.3744,29.362,2.2524,41.5,CRITICAL,F3,3,1,cooling_degradation,0.9,1,1,,,,,22,0
2026-08-19T18:50:35.289Z,1787165435289,FAN_DT_001_F3_S09_R01_20260819T184746,1,168.916,FAULT_ACTIVE,F3,0.9,FAN_DT_001,3.0,process-model-3.0.0-build3,6476,1,LIVE,SYNCHRONISED,AUTOMATIC,NORMAL,65,1950,1950,0,145,145,0.3,0.3,25.57392,47.44,1.028,1,0.0254,0,207.97,9.7267,-0.06068,0.415,0.3744,29.177,2.2663,41.5,CRITICAL,F3,3,1,cooling_degradation,0.9,1,1,,,,,22,0
2026-08-19T18:50:36.395Z,1787165436395,FAN_DT_001_F3_S09_R01_20260819T184746,1,170.02,FAULT_ACTIVE,F3,0.9,FAN_DT_001,3.0,process-model-3.0.0-build3,6477,1,LIVE,SYNCHRONISED,AUTOMATIC,NORMAL,65,1950,1950,0,145,145,0.3,0.3,25.58657,47.5,1.028,1,0.0254,0,207.97,9.7864,-0.06031,0.415,0.3744,28.999,2.2802,41.5,CRITICAL,F3,3,1,cooling_degradation,0.9,1,1,,,,,22,0
2026-08-19T18:50:37.364Z,1787165437364,FAN_DT_001_F3_S09_R01_20260819T184746,1,170.989,FAULT_ACTIVE,F3,0.9,FAN_DT_001,3.0,process-model-3.0.0-build3,6478,1,LIVE,SYNCHRONISED,AUTOMATIC,NORMAL,65,1950,1950,0,145,145,0.3,0.3,25.59887,47.57,1.028,1,0.0254,0,207.97,9.8459,-0.05993,0.415,0.3744,28.818,2.2941,41.5,CRITICAL,F3,3,1,cooling_degradation,0.9,1,1,,,,,22,0
2026-08-19T18:50:38.394Z,1787165438394,FAN_DT_001_F3_S09_R01_20260819T184746,1,172.019,FAULT_ACTIVE,F3,0.9,FAN_DT_001,3.0,process-model-3.0.0-build3,6479,1,LIVE,SYNCHRONISED,AUTOMATIC,NORMAL,65,1950,1950,0,145,145,0.3,0.3,25.61086,47.63,1.028,1,0.0254,0,207.97,9.9055,-0.05956,0.415,0.3744,28.64,2.308,41.5,CRITICAL,F3,3,1,cooling_degradation,0.9,1,1,,,,,22,0
2026-08-19T18:50:39.429Z,1787165439429,FAN_DT_001_F3_S09_R01_20260819T184746,1,173.054,FAULT_ACTIVE,F3,0.9,FAN_DT_001,3.0,process-model-3.0.0-build3,6480,1,LIVE,SYNCHRONISED,AUTOMATIC,NORMAL,65,1950,1950,0,145,145,0.3,0.3,25.62257,47.69,1.028,1,0.0254,0,207.97,9.9652,-0.0592,0.415,0.3744,28.468,2.3219,41.5,CRITICAL,F3,3,1,cooling_degradation,0.9,1,1,,,,,22,0
2026-08-19T18:50:40.463Z,1787165440463,FAN_DT_001_F3_S09_R01_20260819T184746,1,174.088,FAULT_ACTIVE,F3,0.9,FAN_DT_001,3.0,process-model-3.0.0-build3,6481,1,LIVE,SYNCHRONISED,AUTOMATIC,NORMAL,65,1950,1950,0,145,145,0.3,0.3,25.63394,47.75,1.028,1,0.0254,0,207.97,10.0249,-0.05883,0.415,0.3744,28.286,2.3358,41.5,CRITICAL,F3,3,1,cooling_degradation,0.9,1,1,,,,,22,0
2026-08-19T18:50:41.525Z,1787165441525,FAN_DT_001_F3_S09_R01_20260819T184746,1,175.15,FAULT_ACTIVE,F3,0.9,FAN_DT_001,3.0,process-model-3.0.0-build3,6482,1,LIVE,SYNCHRONISED,AUTOMATIC,NORMAL,65,1950,1950,0,145,145,0.3,0.3,25.64495,47.81,1.028,1,0.0254,0,207.97,10.0845,-0.05846,0.415,0.3744,28.112,2.3497,41.5,CRITICAL,F3,3,1,cooling_degradation,0.9,1,1,,,,,22,0
2026-08-19T18:50:42.634Z,1787165442634,FAN_DT_001_F3_S09_R01_20260819T184746,1,176.259,FAULT_ACTIVE,F3,0.9,FAN_DT_001,3.0,process-model-3.0.0-build3,6483,1,LIVE,SYNCHRONISED,AUTOMATIC,NORMAL,65,1950,1950,0,145,145,0.3,0.3,25.65564,47.87,1.028,1,0.0254,0,207.97,10.1441,-0.0581,0.415,0.3744,27.938,2.3636,41.5,CRITICAL,F3,3,1,cooling_degradation,0.9,1,1,,,,,22,0
2026-08-19T18:50:43.558Z,1787165443558,FAN_DT_001_F3_S09_R01_20260819T184746,1,177.183,FAULT_ACTIVE,F3,0.9,FAN_DT_001,3.0,process-model-3.0.0-build3,6484,1,LIVE,SYNCHRONISED,AUTOMATIC,NORMAL,65,1950,1950,0,145,145,0.3,0.3,25.666,47.93,1.028,1,0.0254,0,207.97,10.2039,-0.05774,0.415,0.3744,27.762,2.3775,41.5,CRITICAL,F3,3,1,cooling_degradation,0.9,1,1,,,,,22,0
2026-08-19T18:50:44.591Z,1787165444591,FAN_DT_001_F3_S09_R01_20260819T184746,1,178.216,FAULT_ACTIVE,F3,0.9,FAN_DT_001,3.0,process-model-3.0.0-build3,6485,1,LIVE,SYNCHRONISED,AUTOMATIC,NORMAL,65,1950,1950,0,145,145,0.3,0.3,25.67599,47.99,1.028,1,0.0254,0,207.97,10.2634,-0.05737,0.415,0.3744,27.585,2.3914,41.5,CRITICAL,F3,3,1,cooling_degradation,0.9,1,1,,,,,22,0
2026-08-19T18:50:45.640Z,1787165445640,FAN_DT_001_F3_S09_R01_20260819T184746,1,179.266,FAULT_ACTIVE,F3,0.9,FAN_DT_001,3.0,process-model-3.0.0-build3,6486,1,LIVE,SYNCHRONISED,AUTOMATIC,NORMAL,65,1950,1950,0,145,145,0.3,0.3,25.68561,48.05,1.028,1,0.0254,0,207.97,10.323,-0.05699,0.415,0.3744,27.403,2.4053,41.5,CRITICAL,F3,3,1,cooling_degradation,0.9,1,1,,,,,22,0
2026-08-19T18:50:46.805Z,1787165446805,FAN_DT_001_F3_S09_R01_20260819T184746,1,180.43,FAULT_ACTIVE,F3,0.9,FAN_DT_001,3.0,process-model-3.0.0-build3,6487,1,LIVE,SYNCHRONISED,AUTOMATIC,NORMAL,65,1950,1950,0,145,145,0.3,0.3,25.69491,48.11,1.028,1,0.0254,0,207.97,10.3828,-0.05661,0.415,0.3744,27.223,2.4192,41.5,CRITICAL,F3,3,1,cooling_degradation,0.9,1,1,,,,,22,0
2026-08-19T18:50:47.693Z,1787165447693,FAN_DT_001_F3_S09_R01_20260819T184746,1,181.318,FAULT_ACTIVE,F3,0.9,FAN_DT_001,3.0,process-model-3.0.0-build3,6488,1,LIVE,SYNCHRONISED,AUTOMATIC,NORMAL,65,1950,1950,0,145,145,0.3,0.3,25.70382,48.17,1.028,1,0.0254,0,207.97,10.4424,-0.05627,0.415,0.3744,27.056,2.4331,41.5,CRITICAL,F3,3,1,cooling_degradation,0.9,1,1,,,,,22,0
2026-08-19T18:50:48.731Z,1787165448731,FAN_DT_001_F3_S09_R01_20260819T184746,1,182.357,FAULT_ACTIVE,F3,0.9,FAN_DT_001,3.0,process-model-3.0.0-build3,6489,1,LIVE,SYNCHRONISED,AUTOMATIC,NORMAL,65,1950,1950,0,145,145,0.3,0.3,25.7123,48.22,1.028,1,0.0254,0,207.97,10.5017,-0.05591,0.415,0.3744,26.884,2.4469,41.5,CRITICAL,F3,3,1,cooling_degradation,0.9,1,1,,,,,22,0
2026-08-19T18:50:49.777Z,1787165449777,FAN_DT_001_F3_S09_R01_20260819T184746,1,183.402,FAULT_ACTIVE,F3,0.9,FAN_DT_001,3.0,process-model-3.0.0-build3,6490,1,LIVE,SYNCHRONISED,AUTOMATIC,NORMAL,65,1950,1950,0,145,145,0.3,0.3,25.72049,48.28,1.028,1,0.0254,0,207.97,10.5615,-0.05551,0.415,0.3744,26.692,2.4608,41.5,CRITICAL,F3,3,1,cooling_degradation,0.9,1,1,,,,,22,0
2026-08-19T18:50:50.794Z,1787165450794,FAN_DT_001_F3_S09_R01_20260819T184746,1,184.419,FAULT_ACTIVE,F3,0.9,FAN_DT_001,3.0,process-model-3.0.0-build3,6491,1,LIVE,SYNCHRONISED,AUTOMATIC,NORMAL,65,1950,1950,0,145,145,0.3,0.3,25.72825,48.34,1.028,1,0.0254,0,207.97,10.6209,-0.05517,0.415,0.3744,26.528,2.4747,41.5,CRITICAL,F3,3,1,cooling_degradation,0.9,1,1,,,,,22,0
2026-08-19T18:50:51.828Z,1787165451828,FAN_DT_001_F3_S09_R01_20260819T184746,1,185.453,FAULT_ACTIVE,F3,0.9,FAN_DT_001,3.0,process-model-3.0.0-build3,6492,1,LIVE,SYNCHRONISED,AUTOMATIC,NORMAL,65,1950,1950,0,145,145,0.3,0.3,25.73569,48.39,1.028,1,0.0254,0,207.97,10.6809,-0.0548,0.415,0.3744,26.349,2.4886,41.5,CRITICAL,F3,3,1,cooling_degradation,0.9,1,1,,,,,22,0
2026-08-19T18:50:52.910Z,1787165452910,FAN_DT_001_F3_S09_R01_20260819T184746,1,186.535,FAULT_ACTIVE,F3,0.9,FAN_DT_001,3.0,process-model-3.0.0-build3,6493,1,LIVE,SYNCHRONISED,AUTOMATIC,NORMAL,65,1950,1950,0,145,145,0.3,0.3,25.7427,48.45,1.028,1,0.0254,0,207.97,10.7404,-0.05442,0.415,0.3744,26.166,2.5025,41.5,CRITICAL,F3,3,1,cooling_degradation,0.9,1,1,,,,,22,0
2026-08-19T18:50:53.897Z,1787165453897,FAN_DT_001_F3_S09_R01_20260819T184746,1,187.522,FAULT_ACTIVE,F3,0.9,FAN_DT_001,3.0,process-model-3.0.0-build3,6494,1,LIVE,SYNCHRONISED,AUTOMATIC,NORMAL,65,1950,1950,0,145,145,0.3,0.3,25.74931,48.51,1.028,1,0.0254,0,207.97,10.7999,-0.05407,0.415,0.3744,25.998,2.5164,41.5,CRITICAL,F3,3,1,cooling_degradation,0.9,1,1,,,,,22,0
2026-08-19T18:50:54.938Z,1787165454938,FAN_DT_001_F3_S09_R01_20260819T184746,1,188.563,FAULT_ACTIVE,F3,0.9,FAN_DT_001,3.0,process-model-3.0.0-build3,6495,1,LIVE,SYNCHRONISED,AUTOMATIC,NORMAL,65,1950,1950,0,145,145,0.3,0.3,25.75556,48.56,1.028,1,0.0254,0,207.97,10.8597,-0.05371,0.415,0.3744,25.824,2.5303,41.5,CRITICAL,F3,3,1,cooling_degradation,0.9,1,1,,,,,22,0
2026-08-19T18:50:55.967Z,1787165455967,FAN_DT_001_F3_S09_R01_20260819T184746,1,189.592,FAULT_ACTIVE,F3,0.9,FAN_DT_001,3.0,process-model-3.0.0-build3,6496,1,LIVE,SYNCHRONISED,AUTOMATIC,NORMAL,65,1950,1950,0,145,145,0.3,0.3,25.76138,48.62,1.028,1,0.0254,0,207.97,10.9193,-0.05332,0.415,0.3744,25.638,2.5442,41.5,CRITICAL,F3,3,1,cooling_degradation,0.9,1,1,,,,,22,0
2026-08-19T18:50:56.999Z,1787165456999,FAN_DT_001_F3_S09_R01_20260819T184746,1,190.625,FAULT_ACTIVE,F3,0.9,FAN_DT_001,3.0,process-model-3.0.0-build3,6497,1,LIVE,SYNCHRONISED,AUTOMATIC,NORMAL,65,1950,1950,0,145,145,0.3,0.3,25.76683,48.67,1.028,1,0.0254,0,207.97,10.9791,-0.05295,0.415,0.3744,25.462,2.5581,41.5,CRITICAL,F3,3,1,cooling_degradation,0.9,1,1,,,,,22,0
2026-08-19T18:50:58.033Z,1787165458033,FAN_DT_001_F3_S09_R01_20260819T184746,1,191.658,FAULT_ACTIVE,F3,0.9,FAN_DT_001,3.0,process-model-3.0.0-build3,6498,1,LIVE,SYNCHRONISED,AUTOMATIC,NORMAL,65,1950,1950,0,145,145,0.3,0.3,25.77184,48.73,1.028,1,0.0254,0,207.97,11.0386,-0.0526,0.415,0.3744,25.291,2.572,41.5,CRITICAL,F3,3,1,cooling_degradation,0.9,1,1,,,,,22,0
2026-08-19T18:50:59.073Z,1787165459073,FAN_DT_001_F3_S09_R01_20260819T184746,1,192.698,FAULT_ACTIVE,F3,0.9,FAN_DT_001,3.0,process-model-3.0.0-build3,6499,1,LIVE,SYNCHRONISED,AUTOMATIC,NORMAL,65,1950,1950,0,145,145,0.3,0.3,25.77647,48.78,1.028,1,0.0254,0,207.97,11.0982,-0.05223,0.415,0.3744,25.112,2.5859,41.5,CRITICAL,F3,3,1,cooling_degradation,0.9,1,1,,,,,22,0
2026-08-19T18:51:00.135Z,1787165460135,FAN_DT_001_F3_S09_R01_20260819T184746,1,193.76,FAULT_ACTIVE,F3,0.9,FAN_DT_001,3.0,process-model-3.0.0-build3,6500,1,LIVE,SYNCHRONISED,AUTOMATIC,NORMAL,65,1950,1950,0,145,145,0.3,0.3,25.78069,48.84,1.028,1,0.0254,0,207.97,11.158,-0.05185,0.415,0.3744,24.932,2.5998,41.5,CRITICAL,F3,3,1,cooling_degradation,0.9,1,1,,,,,22,0
2026-08-19T18:51:01.138Z,1787165461138,FAN_DT_001_F3_S09_R01_20260819T184746,1,194.763,FAULT_ACTIVE,F3,0.9,FAN_DT_001,3.0,process-model-3.0.0-build3,6501,1,LIVE,SYNCHRONISED,AUTOMATIC,NORMAL,65,1950,1950,0,145,145,0.3,0.3,25.78449,48.89,1.028,1,0.0254,0,207.97,11.2175,-0.0515,0.415,0.3744,24.763,2.6137,41.5,CRITICAL,F3,3,1,cooling_degradation,0.9,1,1,,,,,22,0
2026-08-19T18:51:02.171Z,1787165462171,FAN_DT_001_F3_S09_R01_20260819T184746,1,195.796,FAULT_ACTIVE,F3,0.9,FAN_DT_001,3.0,process-model-3.0.0-build3,6502,1,LIVE,SYNCHRONISED,AUTOMATIC,NORMAL,65,1950,1950,0,145,145,0.3,0.3,25.78789,48.94,1.028,1,0.0254,0,207.97,11.2774,-0.0511,0.415,0.3744,24.574,2.6276,41.5,CRITICAL,F3,3,1,cooling_degradation,0.9,1,1,,,,,22,0
2026-08-19T18:51:03.217Z,1787165463217,FAN_DT_001_F3_S09_R01_20260819T184746,1,196.842,FAULT_ACTIVE,F3,0.9,FAN_DT_001,3.0,process-model-3.0.0-build3,6503,1,LIVE,SYNCHRONISED,AUTOMATIC,NORMAL,65,1950,1950,0,145,145,0.3,0.3,25.79087,48.99,1.028,1,0.0254,0,207.97,11.3371,-0.05075,0.415,0.3744,24.403,2.6415,41.5,CRITICAL,F3,3,1,cooling_degradation,0.9,1,1,,,,,22,0
2026-08-19T18:51:04.248Z,1787165464248,FAN_DT_001_F3_S09_R01_20260819T184746,1,197.873,FAULT_ACTIVE,F3,0.9,FAN_DT_001,3.0,process-model-3.0.0-build3,6504,1,LIVE,SYNCHRONISED,AUTOMATIC,NORMAL,65,1950,1950,0,145,145,0.3,0.3,25.79341,49.05,1.028,1,0.0254,0,207.97,11.3964,-0.05038,0.415,0.3744,24.224,2.6554,41.5,CRITICAL,F3,3,1,cooling_degradation,0.9,1,1,,,,,22,0
2026-08-19T18:51:05.267Z,1787165465267,FAN_DT_001_F3_S09_R01_20260819T184746,1,198.892,FAULT_ACTIVE,F3,0.9,FAN_DT_001,3.0,process-model-3.0.0-build3,6505,1,LIVE,SYNCHRONISED,AUTOMATIC,NORMAL,65,1950,1950,0,145,145,0.3,0.3,25.79555,49.1,1.028,1,0.0254,0,207.97,11.4561,-0.05003,0.415,0.3744,24.054,2.6693,41.5,CRITICAL,F3,3,1,cooling_degradation,0.9,1,1,,,,,22,0
2026-08-19T18:51:06.301Z,1787165466301,FAN_DT_001_F3_S09_R01_20260819T184746,1,199.926,FAULT_ACTIVE,F3,0.9,FAN_DT_001,3.0,process-model-3.0.0-build3,6506,1,LIVE,SYNCHRONISED,AUTOMATIC,NORMAL,65,1950,1950,0,145,145,0.3,0.3,25.79727,49.15,1.028,1,0.0254,0,207.97,11.5154,-0.04965,0.415,0.3744,23.875,2.6831,41.5,CRITICAL,F3,3,1,cooling_degradation,0.9,1,1,,,,,22,0
2026-08-19T18:51:07.354Z,1787165467354,FAN_DT_001_F3_S09_R01_20260819T184746,1,200.979,FAULT_ACTIVE,F3,0.9,FAN_DT_001,3.0,process-model-3.0.0-build3,6507,1,LIVE,SYNCHRONISED,AUTOMATIC,NORMAL,65,1950,1950,0,145,145,0.3,0.3,25.79858,49.2,1.028,1,0.0254,0,207.97,11.5753,-0.04926,0.415,0.3744,23.687,2.697,41.5,CRITICAL,F3,3,1,cooling_degradation,0.9,1,1,,,,,22,0
2026-08-19T18:51:08.373Z,1787165468373,FAN_DT_001_F3_S09_R01_20260819T184746,1,201.998,FAULT_ACTIVE,F3,0.9,FAN_DT_001,3.0,process-model-3.0.0-build3,6508,1,LIVE,SYNCHRONISED,AUTOMATIC,NORMAL,65,1950,1950,0,145,145,0.3,0.3,25.79946,49.25,1.028,1,0.0254,0,207.97,11.6348,-0.0489,0.415,0.3744,23.512,2.7109,41.5,CRITICAL,F3,3,1,cooling_degradation,0.9,1,1,,,,,22,0
2026-08-19T18:51:09.417Z,1787165469417,FAN_DT_001_F3_S09_R01_20260819T184746,1,203.042,FAULT_ACTIVE,F3,0.9,FAN_DT_001,3.0,process-model-3.0.0-build3,6509,1,LIVE,SYNCHRONISED,AUTOMATIC,NORMAL,65,1950,1950,0,145,145,0.3,0.3,25.79992,49.3,1.028,1,0.0254,0,207.97,11.6946,-0.04853,0.415,0.3744,23.336,2.7249,41.5,CRITICAL,F3,3,1,cooling_degradation,0.9,1,1,,,,,22,0
2026-08-19T18:51:10.446Z,1787165470446,FAN_DT_001_F3_S09_R01_20260819T184746,1,204.071,FAULT_ACTIVE,F3,0.9,FAN_DT_001,3.0,process-model-3.0.0-build3,6510,1,LIVE,SYNCHRONISED,AUTOMATIC,NORMAL,65,1950,1950,0,145,145,0.3,0.3,25.79997,49.35,1.028,1,0.0254,0,207.97,11.7543,-0.04817,0.415,0.3744,23.163,2.7387,41.5,CRITICAL,F3,3,1,cooling_degradation,0.9,1,1,,,,,22,0
2026-08-19T18:51:11.492Z,1787165471492,FAN_DT_001_F3_S09_R01_20260819T184746,1,205.117,FAULT_ACTIVE,F3,0.9,FAN_DT_001,3.0,process-model-3.0.0-build3,6511,1,LIVE,SYNCHRONISED,AUTOMATIC,NORMAL,65,1950,1950,0,145,145,0.3,0.3,25.79959,49.4,1.028,1,0.0254,0,207.97,11.8139,-0.04779,0.415,0.3744,22.978,2.7526,41.5,CRITICAL,F3,3,1,cooling_degradation,0.9,1,1,,,,,22,0
2026-08-19T18:51:12.513Z,1787165472513,FAN_DT_001_F3_S09_R01_20260819T184746,1,206.138,FAULT_ACTIVE,F3,0.9,FAN_DT_001,3.0,process-model-3.0.0-build3,6512,1,LIVE,SYNCHRONISED,AUTOMATIC,NORMAL,65,1950,1950,0,145,145,0.3,0.3,25.79878,49.45,1.028,1,0.0254,0,207.97,11.8737,-0.04741,0.415,0.3744,22.797,2.7666,41.5,CRITICAL,F3,3,1,cooling_degradation,0.9,1,1,,,,,22,0
2026-08-19T18:51:13.545Z,1787165473545,FAN_DT_001_F3_S09_R01_20260819T184746,1,207.17,FAULT_ACTIVE,F3,0.9,FAN_DT_001,3.0,process-model-3.0.0-build3,6513,1,LIVE,SYNCHRONISED,AUTOMATIC,NORMAL,65,1950,1950,0,145,145,0.3,0.3,25.79756,49.5,1.028,1,0.0254,0,207.97,11.9333,-0.04706,0.415,0.3744,22.628,2.7805,41.5,CRITICAL,F3,3,1,cooling_degradation,0.9,1,1,,,,,22,0
2026-08-19T18:51:14.583Z,1787165474583,FAN_DT_001_F3_S09_R01_20260819T184746,1,208.208,FAULT_ACTIVE,F3,0.9,FAN_DT_001,3.0,process-model-3.0.0-build3,6514,1,LIVE,SYNCHRONISED,AUTOMATIC,NORMAL,65,1950,1950,0,145,145,0.3,0.3,25.79592,49.55,1.028,1,0.0254,0,207.97,11.993,-0.04668,0.415,0.3744,22.445,2.7944,41.5,CRITICAL,F3,3,1,cooling_degradation,0.9,1,1,,,,,22,0
2026-08-19T18:51:15.615Z,1787165475615,FAN_DT_001_F3_S09_R01_20260819T184746,1,209.24,FAULT_ACTIVE,F3,0.9,FAN_DT_001,3.0,process-model-3.0.0-build3,6515,1,LIVE,SYNCHRONISED,AUTOMATIC,NORMAL,65,1950,1950,0,145,145,0.3,0.3,25.79385,49.6,1.028,1,0.0254,0,207.97,12.0528,-0.04629,0.415,0.3744,22.259,2.8083,41.5,CRITICAL,F3,3,1,cooling_degradation,0.9,1,1,,,,,22,0
2026-08-19T18:51:16.645Z,1787165476645,FAN_DT_001_F3_S09_R01_20260819T184746,1,210.27,FAULT_ACTIVE,F3,0.9,FAN_DT_001,3.0,process-model-3.0.0-build3,6516,1,LIVE,SYNCHRONISED,AUTOMATIC,NORMAL,65,1950,1950,0,145,145,0.3,0.3,25.79138,49.64,1.028,1,0.0254,0,207.97,12.1123,-0.04592,0.415,0.3744,22.082,2.8222,41.5,CRITICAL,F3,3,1,cooling_degradation,0.9,1,1,,,,,22,0
2026-08-19T18:51:17.685Z,1787165477685,FAN_DT_001_F3_S09_R01_20260819T184746,1,211.31,FAULT_ACTIVE,F3,0.9,FAN_DT_001,3.0,process-model-3.0.0-build3,6517,1,LIVE,SYNCHRONISED,AUTOMATIC,NORMAL,65,1950,1950,0,145,145,0.3,0.3,25.78849,49.69,1.028,1,0.0254,0,207.97,12.1717,-0.04554,0.415,0.3744,21.899,2.836,41.5,CRITICAL,F3,3,1,cooling_degradation,0.9,1,1,,,,,22,0
2026-08-19T18:51:18.713Z,1787165478713,FAN_DT_001_F3_S09_R01_20260819T184746,1,212.338,FAULT_ACTIVE,F3,0.9,FAN_DT_001,3.0,process-model-3.0.0-build3,6518,1,LIVE,SYNCHRONISED,AUTOMATIC,NORMAL,65,1950,1950,0,145,145,0.3,0.3,25.78519,49.74,1.028,1,0.0254,0,207.97,12.2313,-0.04517,0.415,0.3744,21.72,2.8499,41.5,CRITICAL,F3,3,1,cooling_degradation,0.9,1,1,,,,,22,0
2026-08-19T18:51:19.744Z,1787165479744,FAN_DT_001_F3_S09_R01_20260819T184746,1,213.369,FAULT_ACTIVE,F3,0.9,FAN_DT_001,3.0,process-model-3.0.0-build3,6519,1,LIVE,SYNCHRONISED,AUTOMATIC,NORMAL,65,1950,1950,0,145,145,0.3,0.3,25.78146,49.78,1.028,1,0.0254,0,207.97,12.291,-0.04482,0.415,0.3744,21.549,2.8638,41.5,CRITICAL,F3,3,1,cooling_degradation,0.9,1,1,,,,,22,0
2026-08-19T18:51:20.783Z,1787165480783,FAN_DT_001_F3_S09_R01_20260819T184746,1,214.408,FAULT_ACTIVE,F3,0.9,FAN_DT_001,3.0,process-model-3.0.0-build3,6520,1,LIVE,SYNCHRONISED,AUTOMATIC,NORMAL,65,1950,1950,0,145,145,0.3,0.3,25.77734,49.83,1.028,1,0.0254,0,207.97,12.3505,-0.04443,0.415,0.3744,21.363,2.8777,41.5,CRITICAL,F3,3,1,cooling_degradation,0.9,1,1,,,,,22,0
2026-08-19T18:51:21.816Z,1787165481816,FAN_DT_001_F3_S09_R01_20260819T184746,1,215.441,FAULT_ACTIVE,F3,0.9,FAN_DT_001,3.0,process-model-3.0.0-build3,6521,1,LIVE,SYNCHRONISED,AUTOMATIC,NORMAL,65,1950,1950,0,145,145,0.3,0.3,25.77277,49.87,1.028,1,0.0254,0,207.97,12.4104,-0.04405,0.415,0.3744,21.182,2.8916,41.5,CRITICAL,F3,3,1,cooling_degradation,0.9,1,1,,,,,22,0
2026-08-19T18:51:22.865Z,1787165482865,FAN_DT_001_F3_S09_R01_20260819T184746,1,216.49,FAULT_ACTIVE,F3,0.9,FAN_DT_001,3.0,process-model-3.0.0-build3,6522,1,LIVE,SYNCHRONISED,AUTOMATIC,NORMAL,65,1950,1950,0,145,145,0.3,0.3,25.76783,49.92,1.028,1,0.0254,0,207.97,12.4699,-0.0437,0.415,0.3744,21.011,2.9055,41.5,CRITICAL,F3,3,1,cooling_degradation,0.9,1,1,,,,,22,0
2026-08-19T18:51:23.883Z,1787165483883,FAN_DT_001_F3_S09_R01_20260819T184746,1,217.508,FAULT_ACTIVE,F3,0.9,FAN_DT_001,3.0,process-model-3.0.0-build3,6523,1,LIVE,SYNCHRONISED,AUTOMATIC,NORMAL,65,1950,1950,0,145,145,0.3,0.3,25.7625,49.96,1.028,1,0.0254,0,207.97,12.5294,-0.04331,0.415,0.3744,20.827,2.9193,41.5,CRITICAL,F3,3,1,cooling_degradation,0.9,1,1,,,,,22,0
2026-08-19T18:51:24.915Z,1787165484915,FAN_DT_001_F3_S09_R01_20260819T184746,1,218.541,FAULT_ACTIVE,F3,0.9,FAN_DT_001,3.0,process-model-3.0.0-build3,6524,1,LIVE,SYNCHRONISED,AUTOMATIC,NORMAL,65,1950,1950,0,145,145,0.3,0.3,25.75673,50.01,1.028,1,0.0254,0,207.97,12.5892,-0.04294,0.415,0.3744,20.647,2.9333,41.5,CRITICAL,F3,3,1,cooling_degradation,0.9,1,1,,,,,22,0
2026-08-19T18:51:25.954Z,1787165485954,FAN_DT_001_F3_S09_R01_20260819T184746,1,219.579,FAULT_ACTIVE,F3,0.9,FAN_DT_001,3.0,process-model-3.0.0-build3,6525,1,LIVE,SYNCHRONISED,AUTOMATIC,NORMAL,65,1950,1950,0,145,145,0.3,0.3,25.75059,50.05,1.028,1,0.0254,0,207.97,12.6487,-0.04257,0.415,0.3744,20.469,2.9472,41.5,CRITICAL,F3,3,1,cooling_degradation,0.9,1,1,,,,,22,0
2026-08-19T18:51:26.985Z,1787165486985,FAN_DT_001_F3_S09_R01_20260819T184746,1,220.61,FAULT_ACTIVE,F3,0.9,FAN_DT_001,3.0,process-model-3.0.0-build3,6526,1,LIVE,SYNCHRONISED,AUTOMATIC,NORMAL,65,1950,1950,0,145,145,0.3,0.3,25.74402,50.1,1.028,1,0.0254,0,207.97,12.7085,-0.0422,0.415,0.3744,20.294,2.9611,41.5,CRITICAL,F3,3,1,cooling_degradation,0.9,1,1,,,,,22,0
2026-08-19T18:51:28.018Z,1787165488018,FAN_DT_001_F3_S09_R01_20260819T184746,1,221.643,FAULT_ACTIVE,F3,0.9,FAN_DT_001,3.0,process-model-3.0.0-build3,6527,1,LIVE,SYNCHRONISED,AUTOMATIC,NORMAL,65,1950,1950,0,145,145,0.3,0.3,25.73708,50.14,1.028,1,0.0254,0,207.97,12.7682,-0.04182,0.415,0.3744,20.107,2.975,41.5,CRITICAL,F3,3,1,cooling_degradation,0.9,1,1,,,,,22,0
2026-08-19T18:51:29.057Z,1787165489057,FAN_DT_001_F3_S09_R01_20260819T184746,1,222.682,FAULT_ACTIVE,F3,0.9,FAN_DT_001,3.0,process-model-3.0.0-build3,6528,1,LIVE,SYNCHRONISED,AUTOMATIC,NORMAL,65,1950,1950,0,145,145,0.3,0.3,25.72977,50.18,1.028,1,0.0254,0,207.97,12.8277,-0.04143,0.415,0.3744,19.923,2.9889,41.5,CRITICAL,F3,3,1,cooling_degradation,0.9,1,1,,,,,22,0
2026-08-19T18:51:30.092Z,1787165490092,FAN_DT_001_F3_S09_R01_20260819T184746,1,223.717,FAULT_ACTIVE,F3,0.9,FAN_DT_001,3.0,process-model-3.0.0-build3,6529,1,LIVE,SYNCHRONISED,AUTOMATIC,NORMAL,65,1950,1950,0,145,145,0.3,0.3,25.72202,50.23,1.028,1,0.0254,0,207.97,12.8876,-0.04107,0.415,0.3744,19.747,3.0028,41.5,CRITICAL,F3,3,1,cooling_degradation,0.9,1,1,,,,,22,0
2026-08-19T18:51:31.126Z,1787165491126,FAN_DT_001_F3_S09_R01_20260819T184746,1,224.751,FAULT_ACTIVE,F3,0.9,FAN_DT_001,3.0,process-model-3.0.0-build3,6530,1,LIVE,SYNCHRONISED,AUTOMATIC,NORMAL,65,1950,1950,0,145,145,0.3,0.3,25.71394,50.27,1.028,1,0.0254,0,207.97,12.9472,-0.04069,0.415,0.3744,19.566,3.0167,41.5,CRITICAL,F3,3,1,cooling_degradation,0.9,1,1,,,,,22,0
2026-08-19T18:51:32.159Z,1787165492159,FAN_DT_001_F3_S09_R01_20260819T184746,1,225.784,FAULT_ACTIVE,F3,0.9,FAN_DT_001,3.0,process-model-3.0.0-build3,6531,1,LIVE,SYNCHRONISED,AUTOMATIC,NORMAL,65,1950,1950,0,145,145,0.3,0.3,25.70548,50.31,1.028,1,0.0254,0,207.97,13.0067,-0.04032,0.415,0.3744,19.389,3.0306,41.5,CRITICAL,F3,3,1,cooling_degradation,0.9,1,1,,,,,22,0
2026-08-19T18:51:33.188Z,1787165493188,FAN_DT_001_F3_S09_R01_20260819T184746,1,226.813,FAULT_ACTIVE,F3,0.9,FAN_DT_001,3.0,process-model-3.0.0-build3,6532,1,LIVE,SYNCHRONISED,AUTOMATIC,NORMAL,65,1950,1950,0,145,145,0.3,0.3,25.69664,50.35,1.028,1,0.0254,0,207.97,13.0664,-0.03995,0.415,0.3744,19.209,3.0445,41.5,CRITICAL,F3,3,1,cooling_degradation,0.9,1,1,,,,,22,0
2026-08-19T18:51:34.236Z,1787165494236,FAN_DT_001_F3_S09_R01_20260819T184746,1,227.861,FAULT_ACTIVE,F3,0.9,FAN_DT_001,3.0,process-model-3.0.0-build3,6533,1,LIVE,SYNCHRONISED,AUTOMATIC,NORMAL,65,1950,1950,0,145,145,0.3,0.3,25.68748,50.39,1.028,1,0.0254,0,207.97,13.1257,-0.03959,0.415,0.3744,19.038,3.0583,41.5,CRITICAL,F3,3,1,cooling_degradation,0.9,1,1,,,,,22,0
2026-08-19T18:51:35.255Z,1787165495255,FAN_DT_001_F3_S09_R01_20260819T184746,1,228.881,FAULT_ACTIVE,F3,0.9,FAN_DT_001,3.0,process-model-3.0.0-build3,6534,1,LIVE,SYNCHRONISED,AUTOMATIC,NORMAL,65,1950,1950,0,145,145,0.3,0.3,25.67791,50.43,1.028,1,0.0254,0,207.97,13.1854,-0.0392,0.415,0.3744,18.848,3.0722,41.5,CRITICAL,F3,3,1,cooling_degradation,0.9,1,1,,,,,22,0
2026-08-19T18:51:36.287Z,1787165496287,FAN_DT_001_F3_S09_R01_20260819T184746,1,229.912,FAULT_ACTIVE,F3,0.9,FAN_DT_001,3.0,process-model-3.0.0-build3,6535,1,LIVE,SYNCHRONISED,AUTOMATIC,NORMAL,65,1950,1950,0,145,145,0.3,0.3,25.66795,50.47,1.028,1,0.0254,0,207.97,13.2453,-0.03884,0.415,0.3744,18.675,3.0861,41.5,CRITICAL,F3,3,1,cooling_degradation,0.9,1,1,,,,,22,0
2026-08-19T18:51:37.327Z,1787165497327,FAN_DT_001_F3_S09_R01_20260819T184746,1,230.952,FAULT_ACTIVE,F3,0.9,FAN_DT_001,3.0,process-model-3.0.0-build3,6536,1,LIVE,SYNCHRONISED,AUTOMATIC,NORMAL,65,1950,1950,0,145,145,0.3,0.3,25.65767,50.51,1.028,1,0.0254,0,207.97,13.3049,-0.03846,0.415,0.3744,18.496,3.1,41.5,CRITICAL,F3,3,1,cooling_degradation,0.9,1,1,,,,,22,0
2026-08-19T18:51:38.384Z,1787165498384,FAN_DT_001_F3_S09_R01_20260819T184746,1,232.009,FAULT_ACTIVE,F3,0.9,FAN_DT_001,3.0,process-model-3.0.0-build3,6537,1,LIVE,SYNCHRONISED,AUTOMATIC,NORMAL,65,1950,1950,0,145,145,0.3,0.3,25.64704,50.55,1.028,1,0.0254,0,207.97,13.3646,-0.03809,0.415,0.3744,18.314,3.114,41.5,CRITICAL,F3,3,1,cooling_degradation,0.9,1,1,,,,,22,0
2026-08-19T18:51:39.397Z,1787165499397,FAN_DT_001_F3_S09_R01_20260819T184746,1,233.022,FAULT_ACTIVE,F3,0.9,FAN_DT_001,3.0,process-model-3.0.0-build3,6538,1,LIVE,SYNCHRONISED,AUTOMATIC,NORMAL,65,1950,1950,0,145,145,0.3,0.3,25.63605,50.59,1.028,1,0.0254,0,207.97,13.4244,-0.0377,0.415,0.3744,18.126,3.1279,41.5,CRITICAL,F3,3,1,cooling_degradation,0.9,1,1,,,,,22,0
2026-08-19T18:51:40.441Z,1787165500441,FAN_DT_001_F3_S09_R01_20260819T184746,1,234.066,FAULT_ACTIVE,F3,0.9,FAN_DT_001,3.0,process-model-3.0.0-build3,6539,1,LIVE,SYNCHRONISED,AUTOMATIC,NORMAL,65,1950,1950,0,145,145,0.3,0.3,25.62477,50.63,1.028,1,0.0254,0,207.97,13.4839,-0.03734,0.415,0.3744,17.954,3.1417,41.5,CRITICAL,F3,3,1,cooling_degradation,0.9,1,1,,,,,22,0
2026-08-19T18:51:41.471Z,1787165501471,FAN_DT_001_F3_S09_R01_20260819T184746,1,235.096,FAULT_ACTIVE,F3,0.9,FAN_DT_001,3.0,process-model-3.0.0-build3,6540,1,LIVE,SYNCHRONISED,AUTOMATIC,NORMAL,65,1950,1950,0,145,145,0.3,0.3,25.61313,50.67,1.028,1,0.0254,0,207.97,13.5436,-0.03698,0.415,0.3744,17.78,3.1557,41.5,CRITICAL,F3,3,1,cooling_degradation,0.9,1,1,,,,,22,0
2026-08-19T18:51:42.499Z,1787165502499,FAN_DT_001_F3_S09_R01_20260819T184746,1,236.125,FAULT_ACTIVE,F3,0.9,FAN_DT_001,3.0,process-model-3.0.0-build3,6541,1,LIVE,SYNCHRONISED,AUTOMATIC,NORMAL,65,1950,1950,0,145,145,0.3,0.3,25.60115,50.71,1.028,1,0.0254,0,207.97,13.6034,-0.0366,0.415,0.3744,17.6,3.1696,41.5,CRITICAL,F3,3,1,cooling_degradation,0.9,1,1,,,,,22,0
2026-08-19T18:51:43.534Z,1787165503534,FAN_DT_001_F3_S09_R01_20260819T184746,1,237.16,FAULT_ACTIVE,F3,0.9,FAN_DT_001,3.0,process-model-3.0.0-build3,6542,1,LIVE,SYNCHRONISED,AUTOMATIC,NORMAL,65,1950,1950,0,145,145,0.3,0.3,25.58891,50.74,1.028,1,0.0254,0,207.97,13.663,-0.03624,0.415,0.3744,17.426,3.1835,41.5,CRITICAL,F3,3,1,cooling_degradation,0.9,1,1,,,,,22,0
2026-08-19T18:51:44.569Z,1787165504569,FAN_DT_001_F3_S09_R01_20260819T184746,1,238.194,FAULT_ACTIVE,F3,0.9,FAN_DT_001,3.0,process-model-3.0.0-build3,6543,1,LIVE,SYNCHRONISED,AUTOMATIC,NORMAL,65,1950,1950,0,145,145,0.3,0.3,25.57632,50.78,1.028,1,0.0254,0,207.97,13.7226,-0.03585,0.415,0.3744,17.236,3.1974,41.5,CRITICAL,F3,3,1,cooling_degradation,0.9,1,1,,,,,22,0
2026-08-19T18:51:45.601Z,1787165505601,FAN_DT_001_F3_S09_R01_20260819T184746,1,239.227,FAULT_ACTIVE,F3,0.9,FAN_DT_001,3.0,process-model-3.0.0-build3,6544,1,LIVE,SYNCHRONISED,AUTOMATIC,NORMAL,65,1950,1950,0,145,145,0.3,0.3,25.56343,50.82,1.028,1,0.0254,0,207.97,13.7823,-0.03547,0.415,0.3744,17.058,3.2113,41.5,CRITICAL,F3,3,1,cooling_degradation,0.9,1,1,,,,,22,0
2026-08-19T18:51:46.661Z,1787165506661,FAN_DT_001_F3_S09_R01_20260819T184746,1,240.286,FAULT_ACTIVE,F3,0.9,FAN_DT_001,3.0,process-model-3.0.0-build3,6545,1,LIVE,SYNCHRONISED,AUTOMATIC,NORMAL,65,1950,1950,0,145,145,0.3,0.3,25.55027,50.86,1.028,1,0.0254,0,207.97,13.8419,-0.03511,0.415,0.3744,16.884,3.2252,41.5,CRITICAL,F3,3,1,cooling_degradation,0.9,1,1,,,,,22,0
2026-08-19T18:51:47.680Z,1787165507680,FAN_DT_001_F3_S09_R01_20260819T184746,1,241.305,FAULT_ACTIVE,F3,0.9,FAN_DT_001,3.0,process-model-3.0.0-build3,6546,1,LIVE,SYNCHRONISED,AUTOMATIC,NORMAL,65,1950,1950,0,145,145,0.3,0.3,25.53677,50.89,1.028,1,0.0254,0,207.97,13.9017,-0.03476,0.415,0.3744,16.712,3.2391,41.5,CRITICAL,F3,3,1,cooling_degradation,0.9,1,1,,,,,22,0
2026-08-19T18:51:48.701Z,1787165508701,FAN_DT_001_F3_S09_R01_20260819T184746,1,242.326,FAULT_ACTIVE,F3,0.9,FAN_DT_001,3.0,process-model-3.0.0-build3,6547,1,LIVE,SYNCHRONISED,AUTOMATIC,NORMAL,65,1950,1950,0,145,145,0.3,0.3,25.52296,50.93,1.028,1,0.0254,0,207.97,13.9616,-0.03439,0.415,0.3744,16.537,3.253,41.5,CRITICAL,F3,3,1,cooling_degradation,0.9,1,1,,,,,22,0
2026-08-19T18:51:49.740Z,1787165509740,FAN_DT_001_F3_S09_R01_20260819T184746,1,243.365,FAULT_ACTIVE,F3,0.9,FAN_DT_001,3.0,process-model-3.0.0-build3,6548,1,LIVE,SYNCHRONISED,AUTOMATIC,NORMAL,65,1950,1950,0,145,145,0.3,0.3,25.50906,50.96,1.028,1,0.0254,0,207.97,14.0207,-0.03401,0.415,0.3744,16.356,3.2668,41.5,CRITICAL,F3,3,1,cooling_degradation,0.9,1,1,,,,,22,0
2026-08-19T18:51:50.780Z,1787165510780,FAN_DT_001_F3_S09_R01_20260819T184746,1,244.405,FAULT_ACTIVE,F3,0.9,FAN_DT_001,3.0,process-model-3.0.0-build3,6549,1,LIVE,SYNCHRONISED,AUTOMATIC,NORMAL,65,1950,1950,0,145,145,0.3,0.3,25.49476,51,1.028,1,0.0254,0,207.97,14.0803,-0.03365,0.415,0.3744,16.179,3.2807,41.5,CRITICAL,F3,3,1,cooling_degradation,0.9,1,1,,,,,22,0
2026-08-19T18:51:51.808Z,1787165511808,FAN_DT_001_F3_S09_R01_20260819T184746,1,245.433,FAULT_ACTIVE,F3,0.9,FAN_DT_001,3.0,process-model-3.0.0-build3,6550,1,LIVE,SYNCHRONISED,AUTOMATIC,NORMAL,65,1950,1950,0,145,145,0.3,0.3,25.48016,51.03,1.028,1,0.0254,0,207.97,14.1402,-0.03327,0.415,0.3744,15.999,3.2947,41.5,CRITICAL,F3,3,1,cooling_degradation,0.9,1,1,,,,,22,0
2026-08-19T18:51:52.838Z,1787165512838,FAN_DT_001_F3_S09_R01_20260819T184746,1,246.463,FAULT_ACTIVE,F3,0.9,FAN_DT_001,3.0,process-model-3.0.0-build3,6551,1,LIVE,SYNCHRONISED,AUTOMATIC,NORMAL,65,1950,1950,0,145,145,0.3,0.3,25.4654,51.07,1.028,1,0.0254,0,207.97,14.1997,-0.03292,0.415,0.3744,15.831,3.3085,41.5,CRITICAL,F3,3,1,cooling_degradation,0.9,1,1,,,,,22,0
2026-08-19T18:51:53.874Z,1787165513874,FAN_DT_001_F3_S09_R01_20260819T184746,1,247.499,FAULT_ACTIVE,F3,0.9,FAN_DT_001,3.0,process-model-3.0.0-build3,6552,1,LIVE,SYNCHRONISED,AUTOMATIC,NORMAL,65,1950,1950,0,145,145,0.3,0.3,25.45039,51.1,1.028,1,0.0254,0,207.97,14.2591,-0.03256,0.415,0.3744,15.654,3.3224,41.5,CRITICAL,F3,3,1,cooling_degradation,0.9,1,1,,,,,22,0
2026-08-19T18:51:54.909Z,1787165514909,FAN_DT_001_F3_S09_R01_20260819T184746,1,248.534,FAULT_ACTIVE,F3,0.9,FAN_DT_001,3.0,process-model-3.0.0-build3,6553,1,LIVE,SYNCHRONISED,AUTOMATIC,NORMAL,65,1950,1950,0,145,145,0.3,0.3,25.43507,51.13,1.028,1,0.0254,0,207.97,14.3189,-0.03218,0.415,0.3744,15.475,3.3363,41.5,CRITICAL,F3,3,1,cooling_degradation,0.9,1,1,,,,,22,0
2026-08-19T18:51:55.938Z,1787165515938,FAN_DT_001_F3_S09_R01_20260819T184746,1,249.563,FAULT_ACTIVE,F3,0.9,FAN_DT_001,3.0,process-model-3.0.0-build3,6554,1,LIVE,SYNCHRONISED,AUTOMATIC,NORMAL,65,1950,1950,0,145,145,0.3,0.3,25.41955,51.17,1.028,1,0.0254,0,207.97,14.3786,-0.03182,0.415,0.3744,15.3,3.3502,41.5,CRITICAL,F3,3,1,cooling_degradation,0.9,1,1,,,,,22,0
2026-08-19T18:51:56.976Z,1787165516976,FAN_DT_001_F3_S09_R01_20260819T184746,1,250.601,FAULT_ACTIVE,F3,0.9,FAN_DT_001,3.0,process-model-3.0.0-build3,6555,1,LIVE,SYNCHRONISED,AUTOMATIC,NORMAL,65,1950,1950,0,145,145,0.3,0.3,25.40386,51.2,1.028,1,0.0254,0,207.97,14.4381,-0.03147,0.415,0.3744,15.133,3.3641,41.5,CRITICAL,F3,3,1,cooling_degradation,0.9,1,1,,,,,22,0
2026-08-19T18:51:58.012Z,1787165518012,FAN_DT_001_F3_S09_R01_20260819T184746,1,251.637,FAULT_ACTIVE,F3,0.9,FAN_DT_001,3.0,process-model-3.0.0-build3,6556,1,LIVE,SYNCHRONISED,AUTOMATIC,NORMAL,65,1950,1950,0,145,145,0.3,0.3,25.38788,51.23,1.028,1,0.0254,0,207.97,14.4978,-0.03111,0.415,0.3744,14.961,3.378,41.5,CRITICAL,F3,3,1,cooling_degradation,0.9,1,1,,,,,22,0
2026-08-19T18:51:59.045Z,1787165519045,FAN_DT_001_F3_S09_R01_20260819T184746,1,252.67,FAULT_ACTIVE,F3,0.9,FAN_DT_001,3.0,process-model-3.0.0-build3,6557,1,LIVE,SYNCHRONISED,AUTOMATIC,NORMAL,65,1950,1950,0,145,145,0.3,0.3,25.37171,51.26,1.028,1,0.0254,0,207.97,14.5575,-0.03076,0.415,0.3744,14.791,3.3919,41.5,CRITICAL,F3,3,1,cooling_degradation,0.9,1,1,,,,,22,0
2026-08-19T18:52:00.094Z,1787165520094,FAN_DT_001_F3_S09_R01_20260819T184746,1,253.719,FAULT_ACTIVE,F3,0.9,FAN_DT_001,3.0,process-model-3.0.0-build3,6558,1,LIVE,SYNCHRONISED,AUTOMATIC,NORMAL,65,1950,1950,0,145,145,0.3,0.3,25.35534,51.29,1.028,1,0.0254,0,207.97,14.6172,-0.0304,0.415,0.3744,14.619,3.4058,41.5,CRITICAL,F3,3,1,cooling_degradation,0.9,1,1,,,,,22,0
2026-08-19T18:52:01.116Z,1787165521116,FAN_DT_001_F3_S09_R01_20260819T184746,1,254.74,FAULT_ACTIVE,F3,0.9,FAN_DT_001,3.0,process-model-3.0.0-build3,6559,1,LIVE,SYNCHRONISED,AUTOMATIC,NORMAL,65,1950,1950,0,145,145,0.3,0.3,25.33886,51.33,1.028,1,0.0254,0,207.97,14.6767,-0.03005,0.415,0.3744,14.449,3.4197,41.5,CRITICAL,F3,3,1,cooling_degradation,0.9,1,1,,,,,22,0
2026-08-19T18:52:02.151Z,1787165522151,FAN_DT_001_F3_S09_R01_20260819T184746,1,255.776,FAULT_ACTIVE,F3,0.9,FAN_DT_001,3.0,process-model-3.0.0-build3,6560,1,LIVE,SYNCHRONISED,AUTOMATIC,NORMAL,65,1950,1950,0,145,145,0.3,0.3,25.32209,51.36,1.028,1,0.0254,0,207.97,14.7365,-0.0297,0.415,0.3744,14.281,3.4336,41.5,CRITICAL,F3,3,1,cooling_degradation,0.9,1,1,,,,,22,0
2026-08-19T18:52:03.185Z,1787165523185,FAN_DT_001_F3_S09_R01_20260819T184746,1,256.81,FAULT_ACTIVE,F3,0.9,FAN_DT_001,3.0,process-model-3.0.0-build3,6561,1,LIVE,SYNCHRONISED,AUTOMATIC,NORMAL,65,1950,1950,0,145,145,0.3,0.3,25.30523,51.39,1.028,1,0.0254,0,207.97,14.796,-0.02933,0.415,0.3744,14.105,3.4475,41.5,CRITICAL,F3,3,1,cooling_degradation,0.9,1,1,,,,,22,0
2026-08-19T18:52:04.237Z,1787165524237,FAN_DT_001_F3_S09_R01_20260819T184746,1,257.862,FAULT_ACTIVE,F3,0.9,FAN_DT_001,3.0,process-model-3.0.0-build3,6562,1,LIVE,SYNCHRONISED,AUTOMATIC,NORMAL,65,1950,1950,0,145,145,0.3,0.3,25.28825,51.42,1.028,1,0.0254,0,207.97,14.8555,-0.029,0.415,0.3744,13.947,3.4613,41.5,CRITICAL,F3,3,1,cooling_degradation,0.9,1,1,,,,,22,0
2026-08-19T18:52:05.244Z,1787165525244,FAN_DT_001_F3_S09_R01_20260819T184746,1,258.868,FAULT_ACTIVE,F3,0.9,FAN_DT_001,3.0,process-model-3.0.0-build3,6563,1,LIVE,SYNCHRONISED,AUTOMATIC,NORMAL,65,1950,1950,0,145,145,0.3,0.3,25.27103,51.45,1.028,1,0.0254,0,207.97,14.9152,-0.02864,0.415,0.3744,13.771,3.4752,41.5,CRITICAL,F3,3,1,cooling_degradation,0.9,1,1,,,,,22,0
2026-08-19T18:52:06.279Z,1787165526279,FAN_DT_001_F3_S09_R01_20260819T184746,1,259.905,FAULT_ACTIVE,F3,0.9,FAN_DT_001,3.0,process-model-3.0.0-build3,6564,1,LIVE,SYNCHRONISED,AUTOMATIC,NORMAL,65,1950,1950,0,145,145,0.3,0.3,25.25374,51.48,1.028,1,0.0254,0,207.97,14.9747,-0.0283,0.415,0.3744,13.61,3.4891,41.5,CRITICAL,F3,3,1,cooling_degradation,0.9,1,1,,,,,22,0
2026-08-19T18:52:07.313Z,1787165527313,FAN_DT_001_F3_S09_R01_20260819T184746,1,260.938,FAULT_ACTIVE,F3,0.9,FAN_DT_001,3.0,process-model-3.0.0-build3,6565,1,LIVE,SYNCHRONISED,AUTOMATIC,NORMAL,65,1950,1950,0,145,145,0.3,0.3,25.23624,51.51,1.028,1,0.0254,0,207.97,15.0344,-0.02794,0.415,0.3744,13.437,3.503,41.5,CRITICAL,F3,3,1,cooling_degradation,0.9,1,1,,,,,22,0
2026-08-19T18:52:08.345Z,1787165528345,FAN_DT_001_F3_S09_R01_20260819T184746,1,261.97,FAULT_ACTIVE,F3,0.9,FAN_DT_001,3.0,process-model-3.0.0-build3,6566,1,LIVE,SYNCHRONISED,AUTOMATIC,NORMAL,65,1950,1950,0,145,145,0.3,0.3,25.21862,51.53,1.028,1,0.0254,0,207.97,15.0941,-0.02761,0.415,0.3744,13.278,3.5169,41.5,CRITICAL,F3,3,1,cooling_degradation,0.9,1,1,,,,,22,0
2026-08-19T18:52:09.379Z,1787165529379,FAN_DT_001_F3_S09_R01_20260819T184746,1,263.004,FAULT_ACTIVE,F3,0.9,FAN_DT_001,3.0,process-model-3.0.0-build3,6567,1,LIVE,SYNCHRONISED,AUTOMATIC,NORMAL,65,1950,1950,0,145,145,0.3,0.3,25.201,51.56,1.028,1,0.0254,0,207.97,15.1534,-0.02726,0.415,0.3744,13.106,3.5308,41.5,CRITICAL,F3,3,1,cooling_degradation,0.9,1,1,,,,,22,0
2026-08-19T18:52:10.420Z,1787165530420,FAN_DT_001_F3_S09_R01_20260819T184746,1,264.045,FAULT_ACTIVE,F3,0.9,FAN_DT_001,3.0,process-model-3.0.0-build3,6568,1,LIVE,SYNCHRONISED,AUTOMATIC,NORMAL,65,1950,1950,0,145,145,0.3,0.3,25.18314,51.59,1.028,1,0.0254,0,207.97,15.2133,-0.02692,0.415,0.3744,12.942,3.5447,41.5,CRITICAL,F3,3,1,cooling_degradation,0.9,1,1,,,,,22,0
2026-08-19T18:52:11.449Z,1787165531449,FAN_DT_001_F3_S09_R01_20260819T184746,1,265.074,FAULT_ACTIVE,F3,0.9,FAN_DT_001,3.0,process-model-3.0.0-build3,6569,1,LIVE,SYNCHRONISED,AUTOMATIC,NORMAL,65,1950,1950,0,145,145,0.3,0.3,25.16521,51.62,1.028,1,0.0254,0,207.97,15.2729,-0.02659,0.415,0.3744,12.784,3.5586,41.5,CRITICAL,F3,3,1,cooling_degradation,0.9,1,1,,,,,22,0
2026-08-19T18:52:12.490Z,1787165532490,FAN_DT_001_F3_S09_R01_20260819T184746,1,266.115,FAULT_ACTIVE,F3,0.9,FAN_DT_001,3.0,process-model-3.0.0-build3,6570,1,LIVE,SYNCHRONISED,AUTOMATIC,NORMAL,65,1950,1950,0,145,145,0.3,0.3,25.14724,51.64,1.028,1,0.0254,0,207.97,15.3325,-0.02626,0.415,0.3744,12.625,3.5725,41.5,CRITICAL,F3,3,1,cooling_degradation,0.9,1,1,,,,,22,0
2026-08-19T18:52:13.518Z,1787165533518,FAN_DT_001_F3_S09_R01_20260819T184746,1,267.143,FAULT_ACTIVE,F3,0.9,FAN_DT_001,3.0,process-model-3.0.0-build3,6571,1,LIVE,SYNCHRONISED,AUTOMATIC,NORMAL,65,1950,1950,0,145,145,0.3,0.3,25.12911,51.67,1.028,1,0.0254,0,207.97,15.3923,-0.02591,0.415,0.3744,12.458,3.5864,41.5,CRITICAL,F3,3,1,cooling_degradation,0.9,1,1,,,,,22,0
2026-08-19T18:52:14.554Z,1787165534554,FAN_DT_001_F3_S09_R01_20260819T184746,1,268.179,FAULT_ACTIVE,F3,0.9,FAN_DT_001,3.0,process-model-3.0.0-build3,6572,1,LIVE,SYNCHRONISED,AUTOMATIC,NORMAL,65,1950,1950,0,145,145,0.3,0.3,25.11097,51.7,1.028,1,0.0254,0,207.97,15.4519,-0.02558,0.415,0.3744,12.298,3.6003,41.5,CRITICAL,F3,3,1,cooling_degradation,0.9,1,1,,,,,22,0
2026-08-19T18:52:15.588Z,1787165535588,FAN_DT_001_F3_S09_R01_20260819T184746,1,269.213,FAULT_ACTIVE,F3,0.9,FAN_DT_001,3.0,process-model-3.0.0-build3,6573,1,LIVE,SYNCHRONISED,AUTOMATIC,NORMAL,65,1950,1950,0,145,145,0.3,0.3,25.09276,51.72,1.028,1,0.0254,0,207.97,15.5116,-0.02526,0.415,0.3744,12.147,3.6142,41.5,CRITICAL,F3,3,1,cooling_degradation,0.9,1,1,,,,,22,0
2026-08-19T18:52:16.621Z,1787165536621,FAN_DT_001_F3_S09_R01_20260819T184746,1,270.246,FAULT_ACTIVE,F3,0.9,FAN_DT_001,3.0,process-model-3.0.0-build3,6574,1,LIVE,SYNCHRONISED,AUTOMATIC,NORMAL,65,1950,1950,0,145,145,0.3,0.3,25.07447,51.75,1.028,1,0.0254,0,207.97,15.5714,-0.02491,0.415,0.3744,11.98,3.6281,41.5,CRITICAL,F3,3,1,cooling_degradation,0.9,1,1,,,,,22,0
2026-08-19T18:52:17.659Z,1787165537659,FAN_DT_001_F3_S09_R01_20260819T184746,1,271.284,FAULT_ACTIVE,F3,0.9,FAN_DT_001,3.0,process-model-3.0.0-build3,6575,1,LIVE,SYNCHRONISED,AUTOMATIC,NORMAL,65,1950,1950,0,145,145,0.3,0.3,25.05622,51.78,1.028,1,0.0254,0,207.97,15.6309,-0.02459,0.415,0.3744,11.825,3.642,41.5,CRITICAL,F3,3,1,cooling_degradation,0.9,1,1,,,,,22,0
2026-08-19T18:52:18.694Z,1787165538694,FAN_DT_001_F3_S09_R01_20260819T184746,1,272.319,FAULT_ACTIVE,F3,0.9,FAN_DT_001,3.0,process-model-3.0.0-build3,6576,1,LIVE,SYNCHRONISED,AUTOMATIC,NORMAL,65,1950,1950,0,145,145,0.3,0.3,25.03781,51.8,1.028,1,0.0254,0,207.97,15.6908,-0.02428,0.415,0.3744,11.675,3.6559,41.5,CRITICAL,F3,3,1,cooling_degradation,0.9,1,1,,,,,22,0
2026-08-19T18:52:19.725Z,1787165539725,FAN_DT_001_F3_S09_R01_20260819T184746,1,273.35,FAULT_ACTIVE,F3,0.9,FAN_DT_001,3.0,process-model-3.0.0-build3,6577,1,LIVE,SYNCHRONISED,AUTOMATIC,NORMAL,65,1950,1950,0,145,145,0.3,0.3,25.01946,51.83,1.028,1,0.0254,0,207.97,15.7504,-0.02396,0.415,0.3744,11.52,3.6699,41.5,CRITICAL,F3,3,1,cooling_degradation,0.9,1,1,,,,,22,0
2026-08-19T18:52:20.769Z,1787165540769,FAN_DT_001_F3_S09_R01_20260819T184746,1,274.395,FAULT_ACTIVE,F3,0.9,FAN_DT_001,3.0,process-model-3.0.0-build3,6578,1,LIVE,SYNCHRONISED,AUTOMATIC,NORMAL,65,1950,1950,0,145,145,0.3,0.3,25.00112,51.85,1.028,1,0.0254,0,207.97,15.8101,-0.02364,0.415,0.3744,11.367,3.6837,41.5,CRITICAL,F3,3,1,cooling_degradation,0.9,1,1,,,,,22,0
2026-08-19T18:52:21.795Z,1787165541795,FAN_DT_001_F3_S09_R01_20260819T184746,1,275.42,FAULT_ACTIVE,F3,0.9,FAN_DT_001,3.0,process-model-3.0.0-build3,6579,1,LIVE,SYNCHRONISED,AUTOMATIC,NORMAL,65,1950,1950,0,145,145,0.3,0.3,24.98272,51.87,1.028,1,0.0254,0,207.97,15.8698,-0.02331,0.415,0.3744,11.211,3.6977,41.5,CRITICAL,F3,3,1,cooling_degradation,0.9,1,1,,,,,22,0
2026-08-19T18:52:22.905Z,1787165542905,FAN_DT_001_F3_S09_R01_20260819T184746,1,276.53,FAULT_ACTIVE,F3,0.9,FAN_DT_001,3.0,process-model-3.0.0-build3,6580,1,LIVE,SYNCHRONISED,AUTOMATIC,NORMAL,65,1950,1950,0,145,145,0.3,0.3,24.96442,51.9,1.028,1,0.0254,0,207.97,15.9293,-0.023,0.415,0.3744,11.061,3.7115,41.5,CRITICAL,F3,3,1,cooling_degradation,0.9,1,1,,,,,22,0
2026-08-19T18:52:23.867Z,1787165543867,FAN_DT_001_F3_S09_R01_20260819T184746,1,277.492,FAULT_ACTIVE,F3,0.9,FAN_DT_001,3.0,process-model-3.0.0-build3,6581,1,LIVE,SYNCHRONISED,AUTOMATIC,NORMAL,65,1950,1950,0,145,145,0.3,0.3,24.94604,51.92,1.028,1,0.0254,0,207.97,15.9891,-0.02268,0.415,0.3744,10.904,3.7255,41.5,CRITICAL,F3,3,1,cooling_degradation,0.9,1,1,,,,,22,0
2026-08-19T18:52:24.897Z,1787165544897,FAN_DT_001_F3_S09_R01_20260819T184746,1,278.522,FAULT_ACTIVE,F3,0.9,FAN_DT_001,3.0,process-model-3.0.0-build3,6582,1,LIVE,SYNCHRONISED,AUTOMATIC,NORMAL,65,1950,1950,0,145,145,0.3,0.3,24.92776,51.95,1.028,1,0.0254,0,207.97,16.0487,-0.02239,0.415,0.3744,10.768,3.7394,41.5,CRITICAL,F3,3,1,cooling_degradation,0.9,1,1,,,,,22,0
2026-08-19T18:52:25.935Z,1787165545935,FAN_DT_001_F3_S09_R01_20260819T184746,1,279.561,FAULT_ACTIVE,F3,0.9,FAN_DT_001,3.0,process-model-3.0.0-build3,6583,1,LIVE,SYNCHRONISED,AUTOMATIC,NORMAL,65,1950,1950,0,145,145,0.3,0.3,24.90952,51.97,1.028,1,0.0254,0,207.97,16.1083,-0.02207,0.415,0.3744,10.614,3.7532,41.5,CRITICAL,F3,3,1,cooling_degradation,0.9,1,1,,,,,22,0
2026-08-19T18:52:26.981Z,1787165546981,FAN_DT_001_F3_S09_R01_20260819T184746,1,280.606,FAULT_ACTIVE,F3,0.9,FAN_DT_001,3.0,process-model-3.0.0-build3,6584,1,LIVE,SYNCHRONISED,AUTOMATIC,NORMAL,65,1950,1950,0,145,145,0.3,0.3,24.89126,51.99,1.028,1,0.0254,0,207.97,16.1681,-0.02177,0.415,0.3744,10.467,3.7672,41.5,CRITICAL,F3,3,1,cooling_degradation,0.9,1,1,,,,,22,0
2026-08-19T18:52:28.001Z,1787165548001,FAN_DT_001_F3_S09_R01_20260819T184746,1,281.627,FAULT_ACTIVE,F3,0.9,FAN_DT_001,3.0,process-model-3.0.0-build3,6585,1,LIVE,SYNCHRONISED,AUTOMATIC,NORMAL,65,1950,1950,0,145,145,0.3,0.3,24.87309,52.01,1.028,1,0.0254,0,207.97,16.2278,-0.02148,0.415,0.3744,10.327,3.7811,41.5,CRITICAL,F3,3,1,cooling_degradation,0.9,1,1,,,,,22,0
2026-08-19T18:52:29.044Z,1787165549044,FAN_DT_001_F3_S09_R01_20260819T184746,1,282.669,FAULT_ACTIVE,F3,0.9,FAN_DT_001,3.0,process-model-3.0.0-build3,6586,1,LIVE,SYNCHRONISED,AUTOMATIC,NORMAL,65,1950,1950,0,145,145,0.3,0.3,24.85501,52.04,1.028,1,0.0254,0,207.97,16.2874,-0.02118,0.415,0.3744,10.186,3.795,41.5,CRITICAL,F3,3,1,cooling_degradation,0.9,1,1,,,,,22,0
2026-08-19T18:52:30.075Z,1787165550075,FAN_DT_001_F3_S09_R01_20260819T184746,1,283.7,FAULT_ACTIVE,F3,0.9,FAN_DT_001,3.0,process-model-3.0.0-build3,6587,1,LIVE,SYNCHRONISED,AUTOMATIC,NORMAL,65,1950,1950,0,145,145,0.3,0.3,24.83695,52.06,1.028,1,0.0254,0,207.97,16.3472,-0.02086,0.415,0.3744,10.03,3.8089,41.5,CRITICAL,F3,3,1,cooling_degradation,0.9,1,1,,,,,22,0
2026-08-19T18:52:31.104Z,1787165551104,FAN_DT_001_F3_S09_R01_20260819T184746,1,284.729,FAULT_ACTIVE,F3,0.9,FAN_DT_001,3.0,process-model-3.0.0-build3,6588,1,LIVE,SYNCHRONISED,AUTOMATIC,NORMAL,65,1950,1950,0,145,145,0.3,0.3,24.81907,52.08,1.028,1,0.0254,0,207.97,16.4067,-0.02059,0.415,0.3744,9.9,3.8228,41.5,CRITICAL,F3,3,1,cooling_degradation,0.9,1,1,,,,,22,0
2026-08-19T18:52:32.142Z,1787165552142,FAN_DT_001_F3_S09_R01_20260819T184746,1,285.767,FAULT_ACTIVE,F3,0.9,FAN_DT_001,3.0,process-model-3.0.0-build3,6589,1,LIVE,SYNCHRONISED,AUTOMATIC,NORMAL,65,1950,1950,0,145,145,0.3,0.3,24.80127,52.1,1.028,1,0.0254,0,207.97,16.4663,-0.0203,0.415,0.3744,9.76,3.8366,41.5,CRITICAL,F3,3,1,cooling_degradation,0.9,1,1,,,,,22,0
2026-08-19T18:52:33.180Z,1787165553180,FAN_DT_001_F3_S09_R01_20260819T184746,1,286.805,FAULT_ACTIVE,F3,0.9,FAN_DT_001,3.0,process-model-3.0.0-build3,6590,1,LIVE,SYNCHRONISED,AUTOMATIC,NORMAL,65,1950,1950,0,145,145,0.3,0.3,24.7835,52.12,1.028,1,0.0254,0,207.97,16.5261,-0.02001,0.415,0.3744,9.623,3.8506,41.5,CRITICAL,F3,3,1,cooling_degradation,0.9,1,1,,,,,22,0
2026-08-19T18:52:34.204Z,1787165554204,FAN_DT_001_F3_S09_R01_20260819T184746,1,287.829,FAULT_ACTIVE,F3,0.9,FAN_DT_001,3.0,process-model-3.0.0-build3,6591,1,LIVE,SYNCHRONISED,AUTOMATIC,NORMAL,65,1950,1950,0,145,145,0.3,0.3,24.7658,52.14,1.028,1,0.0254,0,207.97,16.586,-0.01972,0.415,0.3744,9.482,3.8645,41.5,CRITICAL,F3,3,1,cooling_degradation,0.9,1,1,,,,,22,0
2026-08-19T18:52:35.241Z,1787165555241,FAN_DT_001_F3_S09_R01_20260819T184746,1,288.866,FAULT_ACTIVE,F3,0.9,FAN_DT_001,3.0,process-model-3.0.0-build3,6592,1,LIVE,SYNCHRONISED,AUTOMATIC,NORMAL,65,1950,1950,0,145,145,0.3,0.3,24.7485,52.16,1.028,1,0.0254,0,207.97,16.645,-0.01943,0.415,0.3744,9.343,3.8783,41.5,CRITICAL,F3,3,1,cooling_degradation,0.9,1,1,,,,,22,0
2026-08-19T18:52:36.279Z,1787165556279,FAN_DT_001_F3_S09_R01_20260819T184746,1,289.904,FAULT_ACTIVE,F3,0.9,FAN_DT_001,3.0,process-model-3.0.0-build3,6593,1,LIVE,SYNCHRONISED,AUTOMATIC,NORMAL,65,1950,1950,0,145,145,0.3,0.3,24.73097,52.18,1.028,1,0.0254,0,207.97,16.7052,-0.01916,0.415,0.3744,9.215,3.8923,41.5,CRITICAL,F3,3,1,cooling_degradation,0.9,1,1,,,,,22,0
2026-08-19T18:52:37.317Z,1787165557317,FAN_DT_001_F3_S09_R01_20260819T184746,1,290.944,FAULT_ACTIVE,F3,0.9,FAN_DT_001,3.0,process-model-3.0.0-build3,6594,1,LIVE,SYNCHRONISED,AUTOMATIC,NORMAL,65,1950,1950,0,145,145,0.3,0.3,24.71376,52.2,1.028,1,0.0254,0,207.97,16.7649,-0.0189,0.415,0.3744,9.088,3.9062,41.5,CRITICAL,F3,3,1,cooling_degradation,0.9,1,1,,,,,22,0
2026-08-19T18:52:38.356Z,1787165558356,FAN_DT_001_F3_S09_R01_20260819T184746,1,291.981,FAULT_ACTIVE,F3,0.9,FAN_DT_001,3.0,process-model-3.0.0-build3,6595,1,LIVE,SYNCHRONISED,AUTOMATIC,NORMAL,65,1950,1950,0,145,145,0.3,0.3,24.69667,52.22,1.028,1,0.0254,0,207.97,16.8246,-0.01862,0.415,0.3744,8.953,3.9201,41.5,CRITICAL,F3,3,1,cooling_degradation,0.9,1,1,,,,,22,0
2026-08-19T18:52:39.383Z,1787165559383,FAN_DT_001_F3_S09_R01_20260819T184746,1,293.008,FAULT_ACTIVE,F3,0.9,FAN_DT_001,3.0,process-model-3.0.0-build3,6596,1,LIVE,SYNCHRONISED,AUTOMATIC,NORMAL,65,1950,1950,0,145,145,0.3,0.3,24.67976,52.24,1.028,1,0.0254,0,207.97,16.8843,-0.01836,0.415,0.3744,8.83,3.934,41.5,CRITICAL,F3,3,1,cooling_degradation,0.9,1,1,,,,,22,0
2026-08-19T18:52:40.422Z,1787165560422,FAN_DT_001_F3_S09_R01_20260819T184746,1,294.047,FAULT_ACTIVE,F3,0.9,FAN_DT_001,3.0,process-model-3.0.0-build3,6597,1,LIVE,SYNCHRONISED,AUTOMATIC,NORMAL,65,1950,1950,0,145,145,0.3,0.3,24.66307,52.26,1.028,1,0.0254,0,207.97,16.9438,-0.01808,0.415,0.3744,8.692,3.9479,41.5,CRITICAL,F3,3,1,cooling_degradation,0.9,1,1,,,,,22,0
2026-08-19T18:52:41.454Z,1787165561454,FAN_DT_001_F3_S09_R01_20260819T184746,1,295.079,FAULT_ACTIVE,F3,0.9,FAN_DT_001,3.0,process-model-3.0.0-build3,6598,1,LIVE,SYNCHRONISED,AUTOMATIC,NORMAL,65,1950,1950,0,145,145,0.3,0.3,24.64645,52.28,1.028,1,0.0254,0,207.97,17.0037,-0.01783,0.415,0.3744,8.574,3.9619,41.5,CRITICAL,F3,3,1,cooling_degradation,0.9,1,1,,,,,22,0
2026-08-19T18:52:42.497Z,1787165562497,FAN_DT_001_F3_S09_R01_20260819T184746,1,296.122,FAULT_ACTIVE,F3,0.9,FAN_DT_001,3.0,process-model-3.0.0-build3,6599,1,LIVE,SYNCHRONISED,AUTOMATIC,NORMAL,65,1950,1950,0,145,145,0.3,0.3,24.63006,52.29,1.028,1,0.0254,0,207.97,17.0633,-0.01757,0.415,0.3744,8.449,3.9758,41.5,CRITICAL,F3,3,1,cooling_degradation,0.9,1,1,,,,,22,0
2026-08-19T18:52:43.543Z,1787165563543,FAN_DT_001_F3_S09_R01_20260819T184746,1,297.168,FAULT_ACTIVE,F3,0.9,FAN_DT_001,3.0,process-model-3.0.0-build3,6600,1,LIVE,SYNCHRONISED,AUTOMATIC,NORMAL,65,1950,1950,0,145,145,0.3,0.3,24.61384,52.31,1.028,1,0.0254,0,207.97,17.1232,-0.0173,0.415,0.3744,8.319,3.9897,41.5,CRITICAL,F3,3,1,cooling_degradation,0.9,1,1,,,,,22,0
2026-08-19T18:52:44.561Z,1787165564561,FAN_DT_001_F3_S09_R01_20260819T184746,1,298.187,FAULT_ACTIVE,F3,0.9,FAN_DT_001,3.0,process-model-3.0.0-build3,6601,1,LIVE,SYNCHRONISED,AUTOMATIC,NORMAL,65,1950,1950,0,145,145,0.3,0.3,24.59785,52.33,1.028,1,0.0254,0,207.97,17.1829,-0.01706,0.415,0.3744,8.204,4.0036,41.5,CRITICAL,F3,3,1,cooling_degradation,0.9,1,1,,,,,22,0
2026-08-19T18:52:45.598Z,1787165565598,FAN_DT_001_F3_S09_R01_20260819T184746,1,299.223,FAULT_ACTIVE,F3,0.9,FAN_DT_001,3.0,process-model-3.0.0-build3,6602,1,LIVE,SYNCHRONISED,AUTOMATIC,NORMAL,65,1950,1950,0,145,145,0.3,0.3,24.58212,52.35,1.028,1,0.0254,0,207.97,17.2424,-0.01682,0.415,0.3744,8.087,4.0175,41.5,CRITICAL,F3,3,1,cooling_degradation,0.9,1,1,,,,,22,0
2026-08-19T18:52:46.631Z,1787165566631,FAN_DT_001_F3_S09_R01_20260819T184746,1,300.256,FAULT_ACTIVE,F3,0.9,FAN_DT_001,3.0,process-model-3.0.0-build3,6603,1,LIVE,SYNCHRONISED,AUTOMATIC,NORMAL,65,1950,1950,0,145,145,0.3,0.3,24.56656,52.37,1.028,1,0.0254,0,207.97,17.3021,-0.01656,0.415,0.3744,7.963,4.0314,41.5,CRITICAL,F3,3,1,cooling_degradation,0.9,1,1,,,,,22,0
2026-08-19T18:52:47.663Z,1787165567663,FAN_DT_001_F3_S09_R01_20260819T184746,1,301.288,FAULT_ACTIVE,F3,0.9,FAN_DT_001,3.0,process-model-3.0.0-build3,6604,1,LIVE,SYNCHRONISED,AUTOMATIC,NORMAL,65,1950,1950,0,145,145,0.3,0.3,24.5512,52.38,1.028,1,0.0254,0,207.97,17.3619,-0.01633,0.415,0.3744,7.851,4.0453,41.5,CRITICAL,F3,3,1,cooling_degradation,0.9,1,1,,,,,22,0
2026-08-19T18:52:48.705Z,1787165568705,FAN_DT_001_F3_S09_R01_20260819T184746,1,302.33,FAULT_ACTIVE,F3,0.9,FAN_DT_001,3.0,process-model-3.0.0-build3,6605,1,LIVE,SYNCHRONISED,AUTOMATIC,NORMAL,65,1950,1950,0,145,145,0.3,0.3,24.53617,52.4,1.028,1,0.0254,0,207.97,17.4214,-0.01611,0.415,0.3744,7.746,4.0592,41.5,CRITICAL,F3,3,1,cooling_degradation,0.9,1,1,,,,,22,0
2026-08-19T18:52:49.730Z,1787165569730,FAN_DT_001_F3_S09_R01_20260819T184746,1,303.355,FAULT_ACTIVE,F3,0.9,FAN_DT_001,3.0,process-model-3.0.0-build3,6606,1,LIVE,SYNCHRONISED,AUTOMATIC,NORMAL,65,1950,1950,0,145,145,0.3,0.3,24.52136,52.42,1.028,1,0.0254,0,207.97,17.481,-0.01586,0.415,0.3744,7.628,4.0731,41.5,CRITICAL,F3,3,1,cooling_degradation,0.9,1,1,,,,,22,0
2026-08-19T18:52:50.771Z,1787165570771,FAN_DT_001_F3_S09_R01_20260819T184746,1,304.396,FAULT_ACTIVE,F3,0.9,FAN_DT_001,3.0,process-model-3.0.0-build3,6607,1,LIVE,SYNCHRONISED,AUTOMATIC,NORMAL,65,1950,1950,0,145,145,0.3,0.3,24.5068,52.43,1.028,1,0.0254,0,207.97,17.5405,-0.01563,0.415,0.3744,7.518,4.0869,41.5,CRITICAL,F3,3,1,cooling_degradation,0.9,1,1,,,,,22,0
2026-08-19T18:52:51.840Z,1787165571840,FAN_DT_001_F3_S09_R01_20260819T184746,1,305.465,FAULT_ACTIVE,F3,0.9,FAN_DT_001,3.0,process-model-3.0.0-build3,6608,1,LIVE,SYNCHRONISED,AUTOMATIC,NORMAL,65,1950,1950,0,145,145,0.3,0.3,24.49244,52.45,1.028,1,0.0254,0,207.97,17.6003,-0.01541,0.415,0.3744,7.41,4.1009,41.5,CRITICAL,F3,3,1,cooling_degradation,0.9,1,1,,,,,22,0
2026-08-19T18:52:52.845Z,1787165572845,FAN_DT_001_F3_S09_R01_20260819T184746,1,306.47,FAULT_ACTIVE,F3,0.9,FAN_DT_001,3.0,process-model-3.0.0-build3,6609,1,LIVE,SYNCHRONISED,AUTOMATIC,NORMAL,65,1950,1950,0,145,145,0.3,0.3,24.47838,52.46,1.028,1,0.0254,0,207.97,17.66,-0.0152,0.415,0.3744,7.308,4.1148,41.5,CRITICAL,F3,3,1,cooling_degradation,0.9,1,1,,,,,22,0
2026-08-19T18:52:53.878Z,1787165573878,FAN_DT_001_F3_S09_R01_20260819T184746,1,307.503,FAULT_ACTIVE,F3,0.9,FAN_DT_001,3.0,process-model-3.0.0-build3,6610,1,LIVE,SYNCHRONISED,AUTOMATIC,NORMAL,65,1950,1950,0,145,145,0.3,0.3,24.46464,52.48,1.028,1,0.0254,0,207.97,17.7195,-0.01497,0.415,0.3744,7.197,4.1286,41.5,CRITICAL,F3,3,1,cooling_degradation,0.9,1,1,,,,,22,0
2026-08-19T18:52:54.905Z,1787165574905,FAN_DT_001_F3_S09_R01_20260819T184746,1,308.53,FAULT_ACTIVE,F3,0.9,FAN_DT_001,3.0,process-model-3.0.0-build3,6611,1,LIVE,SYNCHRONISED,AUTOMATIC,NORMAL,65,1950,1950,0,145,145,0.3,0.3,24.45112,52.49,1.028,1,0.0254,0,207.97,17.7793,-0.01474,0.415,0.3744,7.09,4.1426,41.5,CRITICAL,F3,3,1,cooling_degradation,0.9,1,1,,,,,22,0
2026-08-19T18:52:55.937Z,1787165575937,FAN_DT_001_F3_S09_R01_20260819T184746,1,309.562,FAULT_ACTIVE,F3,0.9,FAN_DT_001,3.0,process-model-3.0.0-build3,6612,1,LIVE,SYNCHRONISED,AUTOMATIC,NORMAL,65,1950,1950,0,145,145,0.3,0.3,24.43788,52.51,1.028,1,0.0254,0,207.97,17.839,-0.01455,0.415,0.3744,6.996,4.1565,41.5,CRITICAL,F3,3,1,cooling_degradation,0.9,1,1,,,,,22,0
2026-08-19T18:52:56.974Z,1787165576974,FAN_DT_001_F3_S09_R01_20260819T184746,1,310.599,FAULT_ACTIVE,F3,0.9,FAN_DT_001,3.0,process-model-3.0.0-build3,6613,1,LIVE,SYNCHRONISED,AUTOMATIC,NORMAL,65,1950,1950,0,145,145,0.3,0.3,24.425,52.52,1.028,1,0.0254,0,207.97,17.8985,-0.01433,0.415,0.3744,6.889,4.1704,41.5,CRITICAL,F3,3,1,cooling_degradation,0.9,1,1,,,,,22,0
2026-08-19T18:52:58.006Z,1787165578006,FAN_DT_001_F3_S09_R01_20260819T184746,1,311.631,FAULT_ACTIVE,F3,0.9,FAN_DT_001,3.0,process-model-3.0.0-build3,6614,1,LIVE,SYNCHRONISED,AUTOMATIC,NORMAL,65,1950,1950,0,145,145,0.3,0.3,24.41236,52.54,1.028,1,0.0254,0,207.97,17.9583,-0.01414,0.415,0.3744,6.799,4.1843,41.5,CRITICAL,F3,3,1,cooling_degradation,0.9,1,1,,,,,22,0
2026-08-19T18:52:59.039Z,1787165579039,FAN_DT_001_F3_S09_R01_20260819T184746,1,312.664,FAULT_ACTIVE,F3,0.9,FAN_DT_001,3.0,process-model-3.0.0-build3,6615,1,LIVE,SYNCHRONISED,AUTOMATIC,NORMAL,65,1950,1950,0,145,145,0.3,0.3,24.40006,52.55,1.028,1,0.0254,0,207.97,18.018,-0.01393,0.415,0.3744,6.698,4.1982,41.5,CRITICAL,F3,3,1,cooling_degradation,0.9,1,1,,,,,22,0
2026-08-19T18:53:00.126Z,1787165580126,FAN_DT_001_F3_S09_R01_20260819T184746,1,313.751,FAULT_ACTIVE,F3,0.9,FAN_DT_001,3.0,process-model-3.0.0-build3,6616,1,LIVE,SYNCHRONISED,AUTOMATIC,NORMAL,65,1950,1950,0,145,145,0.3,0.3,24.3881,52.57,1.028,1,0.0254,0,207.97,18.0775,-0.01374,0.415,0.3744,6.606,4.2121,41.5,CRITICAL,F3,3,1,cooling_degradation,0.9,1,1,,,,,22,0
2026-08-19T18:53:01.107Z,1787165581107,FAN_DT_001_F3_S09_R01_20260819T184746,1,314.733,FAULT_ACTIVE,F3,0.9,FAN_DT_001,3.0,process-model-3.0.0-build3,6617,1,LIVE,SYNCHRONISED,AUTOMATIC,NORMAL,65,1950,1950,0,145,145,0.3,0.3,24.37641,52.58,1.028,1,0.0254,0,207.97,18.1373,-0.01355,0.415,0.3744,6.515,4.226,41.5,CRITICAL,F3,3,1,cooling_degradation,0.9,1,1,,,,,22,0
2026-08-19T18:53:02.145Z,1787165582145,FAN_DT_001_F3_S09_R01_20260819T184746,1,315.77,FAULT_ACTIVE,F3,0.9,FAN_DT_001,3.0,process-model-3.0.0-build3,6618,1,LIVE,SYNCHRONISED,AUTOMATIC,NORMAL,65,1950,1950,0,145,145,0.3,0.3,24.36511,52.6,1.028,1,0.0254,0,207.97,18.1968,-0.01335,0.415,0.3744,6.42,4.2399,41.5,CRITICAL,F3,3,1,cooling_degradation,0.9,1,1,,,,,22,0
2026-08-19T18:53:03.182Z,1787165583182,FAN_DT_001_F3_S09_R01_20260819T184746,1,316.807,FAULT_ACTIVE,F3,0.9,FAN_DT_001,3.0,process-model-3.0.0-build3,6619,1,LIVE,SYNCHRONISED,AUTOMATIC,NORMAL,65,1950,1950,0,145,145,0.3,0.3,24.35407,52.61,1.028,1,0.0254,0,207.97,18.2566,-0.01317,0.415,0.3744,6.333,4.2538,41.5,CRITICAL,F3,3,1,cooling_degradation,0.9,1,1,,,,,22,0
2026-08-19T18:53:04.213Z,1787165584213,FAN_DT_001_F3_S09_R01_20260819T184746,1,317.838,FAULT_ACTIVE,F3,0.9,FAN_DT_001,3.0,process-model-3.0.0-build3,6620,1,LIVE,SYNCHRONISED,AUTOMATIC,NORMAL,65,1950,1950,0,145,145,0.3,0.3,24.34339,52.62,1.028,1,0.0254,0,207.97,18.3164,-0.013,0.415,0.3744,6.253,4.2677,41.5,CRITICAL,F3,3,1,cooling_degradation,0.9,1,1,,,,,22,0
2026-08-19T18:53:05.267Z,1787165585267,FAN_DT_001_F3_S09_R01_20260819T184746,1,318.892,FAULT_ACTIVE,F3,0.9,FAN_DT_001,3.0,process-model-3.0.0-build3,6621,1,LIVE,SYNCHRONISED,AUTOMATIC,NORMAL,65,1950,1950,0,145,145,0.3,0.3,24.33339,52.64,1.028,1,0.0254,0,207.97,18.3742,-0.01283,0.415,0.3744,6.167,4.2812,41.5,CRITICAL,F3,3,1,cooling_degradation,0.9,1,1,,,,,22,0
2026-08-19T18:53:06.255Z,1787165586255,FAN_DT_001_F3_S09_R01_20260819T184746,1,319.88,FAULT_ACTIVE,F3,0.9,FAN_DT_001,3.0,process-model-3.0.0-build3,6622,1,LIVE,SYNCHRONISED,AUTOMATIC,NORMAL,65,1950,1950,0,145,145,0.3,0.3,24.32339,52.65,1.028,1,0.0254,0,207.97,18.434,-0.01265,0.415,0.3744,6.085,4.2951,41.5,CRITICAL,F3,3,1,cooling_degradation,0.9,1,1,,,,,22,0
2026-08-19T18:53:07.296Z,1787165587296,FAN_DT_001_F3_S09_R01_20260819T184746,1,320.921,FAULT_ACTIVE,F3,0.9,FAN_DT_001,3.0,process-model-3.0.0-build3,6623,1,LIVE,SYNCHRONISED,AUTOMATIC,NORMAL,65,1950,1950,0,145,145,0.3,0.3,24.31378,52.66,1.028,1,0.0254,0,207.97,18.4936,-0.01248,0.415,0.3744,6.003,4.309,41.5,CRITICAL,F3,3,1,cooling_degradation,0.9,1,1,,,,,22,0
2026-08-19T18:53:08.324Z,1787165588324,FAN_DT_001_F3_S09_R01_20260819T184746,1,321.949,FAULT_ACTIVE,F3,0.9,FAN_DT_001,3.0,process-model-3.0.0-build3,6624,1,LIVE,SYNCHRONISED,AUTOMATIC,NORMAL,65,1950,1950,0,145,145,0.3,0.3,24.30451,52.67,1.028,1,0.0254,0,207.97,18.5534,-0.01232,0.415,0.3744,5.925,4.3229,41.5,CRITICAL,F3,3,1,cooling_degradation,0.9,1,1,,,,,22,0
2026-08-19T18:53:09.356Z,1787165589356,FAN_DT_001_F3_S09_R01_20260819T184746,1,322.981,FAULT_ACTIVE,F3,0.9,FAN_DT_001,3.0,process-model-3.0.0-build3,6625,1,LIVE,SYNCHRONISED,AUTOMATIC,NORMAL,65,1950,1950,0,145,145,0.3,0.3,24.29562,52.69,1.028,1,0.0254,0,207.97,18.6131,-0.01217,0.415,0.3744,5.85,4.3368,41.5,CRITICAL,F3,3,1,cooling_degradation,0.9,1,1,,,,,22,0
2026-08-19T18:53:10.395Z,1787165590395,FAN_DT_001_F3_S09_R01_20260819T184746,1,324.02,FAULT_ACTIVE,F3,0.9,FAN_DT_001,3.0,process-model-3.0.0-build3,6626,1,LIVE,SYNCHRONISED,AUTOMATIC,NORMAL,65,1950,1950,0,145,145,0.3,0.3,24.28713,52.7,1.028,1,0.0254,0,207.97,18.6725,-0.01201,0.415,0.3744,5.775,4.3507,41.5,CRITICAL,F3,3,1,cooling_degradation,0.9,1,1,,,,,22,0
2026-08-19T18:53:11.437Z,1787165591437,FAN_DT_001_F3_S09_R01_20260819T184746,1,325.062,FAULT_ACTIVE,F3,0.9,FAN_DT_001,3.0,process-model-3.0.0-build3,6627,1,LIVE,SYNCHRONISED,AUTOMATIC,NORMAL,65,1950,1950,0,145,145,0.3,0.3,24.27896,52.71,1.028,1,0.0254,0,207.97,18.7324,-0.01184,0.415,0.3744,5.692,4.3646,41.5,CRITICAL,F3,3,1,cooling_degradation,0.9,1,1,,,,,22,0
2026-08-19T18:53:12.475Z,1787165592475,FAN_DT_001_F3_S09_R01_20260819T184746,1,326.1,FAULT_ACTIVE,F3,0.9,FAN_DT_001,3.0,process-model-3.0.0-build3,6628,1,LIVE,SYNCHRONISED,AUTOMATIC,NORMAL,65,1950,1950,0,145,145,0.3,0.3,24.27122,52.72,1.028,1,0.0254,0,207.97,18.7919,-0.0117,0.415,0.3744,5.628,4.3785,41.5,CRITICAL,F3,3,1,cooling_degradation,0.9,1,1,,,,,22,0
2026-08-19T18:53:13.497Z,1787165593497,FAN_DT_001_F3_S09_R01_20260819T184746,1,327.122,FAULT_ACTIVE,F3,0.9,FAN_DT_001,3.0,process-model-3.0.0-build3,6629,1,LIVE,SYNCHRONISED,AUTOMATIC,NORMAL,65,1950,1950,0,145,145,0.3,0.3,24.26381,52.74,1.028,1,0.0254,0,207.97,18.8518,-0.01157,0.415,0.3744,5.561,4.3925,41.5,CRITICAL,F3,3,1,cooling_degradation,0.9,1,1,,,,,22,0
2026-08-19T18:53:14.529Z,1787165594529,FAN_DT_001_F3_S09_R01_20260819T184746,1,328.154,FAULT_ACTIVE,F3,0.9,FAN_DT_001,3.0,process-model-3.0.0-build3,6630,1,LIVE,SYNCHRONISED,AUTOMATIC,NORMAL,65,1950,1950,0,145,145,0.3,0.3,24.25682,52.75,1.028,1,0.0254,0,207.97,18.9114,-0.01141,0.415,0.3744,5.489,4.4064,41.5,CRITICAL,F3,3,1,cooling_degradation,0.9,1,1,,,,,22,0
2026-08-19T18:53:15.573Z,1787165595573,FAN_DT_001_F3_S09_R01_20260819T184746,1,329.198,FAULT_ACTIVE,F3,0.9,FAN_DT_001,3.0,process-model-3.0.0-build3,6631,1,LIVE,SYNCHRONISED,AUTOMATIC,NORMAL,65,1950,1950,0,145,145,0.3,0.3,24.25026,52.76,1.028,1,0.0254,0,207.97,18.9707,-0.01129,0.415,0.3744,5.431,4.4202,41.5,CRITICAL,F3,3,1,cooling_degradation,0.9,1,1,,,,,22,0
2026-08-19T18:53:16.596Z,1787165596596,FAN_DT_001_F3_S09_R01_20260819T184746,1,330.221,FAULT_ACTIVE,F3,0.9,FAN_DT_001,3.0,process-model-3.0.0-build3,6632,1,LIVE,SYNCHRONISED,AUTOMATIC,NORMAL,65,1950,1950,0,145,145,0.3,0.3,24.24404,52.77,1.028,1,0.0254,0,207.97,19.0305,-0.01114,0.415,0.3744,5.357,4.4341,41.5,CRITICAL,F3,3,1,cooling_degradation,0.9,1,1,,,,,22,0
2026-08-19T18:53:17.631Z,1787165597631,FAN_DT_001_F3_S09_R01_20260819T184746,1,331.256,FAULT_ACTIVE,F3,0.9,FAN_DT_001,3.0,process-model-3.0.0-build3,6633,1,LIVE,SYNCHRONISED,AUTOMATIC,NORMAL,65,1950,1950,0,145,145,0.3,0.3,24.23825,52.78,1.028,1,0.0254,0,207.97,19.09,-0.01101,0.415,0.3744,5.295,4.448,41.5,CRITICAL,F3,3,1,cooling_degradation,0.9,1,1,,,,,22,0
2026-08-19T18:53:18.663Z,1787165598663,FAN_DT_001_F3_S09_R01_20260819T184746,1,332.288,FAULT_ACTIVE,F3,0.9,FAN_DT_001,3.0,process-model-3.0.0-build3,6634,1,LIVE,SYNCHRONISED,AUTOMATIC,NORMAL,65,1950,1950,0,145,145,0.3,0.3,24.23284,52.79,1.028,1,0.0254,0,207.97,19.1497,-0.0109,0.415,0.3744,5.241,4.4619,41.5,CRITICAL,F3,3,1,cooling_degradation,0.9,1,1,,,,,22,0
2026-08-19T18:53:19.692Z,1787165599692,FAN_DT_001_F3_S09_R01_20260819T184746,1,333.317,FAULT_ACTIVE,F3,0.9,FAN_DT_001,3.0,process-model-3.0.0-build3,6635,1,LIVE,SYNCHRONISED,AUTOMATIC,NORMAL,65,1950,1950,0,145,145,0.3,0.3,24.22783,52.81,1.028,1,0.0254,0,207.97,19.2094,-0.01079,0.415,0.3744,5.19,4.4758,41.5,CRITICAL,F3,3,1,cooling_degradation,0.9,1,1,,,,,22,0
2026-08-19T18:53:20.736Z,1787165600736,FAN_DT_001_F3_S09_R01_20260819T184746,1,334.361,FAULT_ACTIVE,F3,0.9,FAN_DT_001,3.0,process-model-3.0.0-build3,6636,1,LIVE,SYNCHRONISED,AUTOMATIC,NORMAL,65,1950,1950,0,145,145,0.3,0.3,24.22326,52.82,1.028,1,0.0254,0,207.97,19.2687,-0.01066,0.415,0.3744,5.125,4.4896,41.5,CRITICAL,F3,3,1,cooling_degradation,0.9,1,1,,,,,22,0
2026-08-19T18:53:21.763Z,1787165601763,FAN_DT_001_F3_S09_R01_20260819T184746,1,335.388,FAULT_ACTIVE,F3,0.9,FAN_DT_001,3.0,process-model-3.0.0-build3,6637,1,LIVE,SYNCHRONISED,AUTOMATIC,NORMAL,65,1950,1950,0,145,145,0.3,0.3,24.21906,52.83,1.028,1,0.0254,0,207.97,19.3285,-0.01054,0.415,0.3744,5.066,4.5035,41.5,CRITICAL,F3,3,1,cooling_degradation,0.9,1,1,,,,,22,0
2026-08-19T18:53:22.797Z,1787165602797,FAN_DT_001_F3_S09_R01_20260819T184746,1,336.422,FAULT_ACTIVE,F3,0.9,FAN_DT_001,3.0,process-model-3.0.0-build3,6638,1,LIVE,SYNCHRONISED,AUTOMATIC,NORMAL,65,1950,1950,0,145,145,0.3,0.3,24.21528,52.84,1.028,1,0.0254,0,207.97,19.3881,-0.01043,0.415,0.3744,5.017,4.5174,41.5,CRITICAL,F3,3,1,cooling_degradation,0.9,1,1,,,,,22,0
2026-08-19T18:53:23.830Z,1787165603830,FAN_DT_001_F3_S09_R01_20260819T184746,1,337.455,FAULT_ACTIVE,F3,0.9,FAN_DT_001,3.0,process-model-3.0.0-build3,6639,1,LIVE,SYNCHRONISED,AUTOMATIC,NORMAL,65,1950,1950,0,145,145,0.3,0.3,24.21193,52.85,1.028,1,0.0254,0,207.97,19.4475,-0.01033,0.415,0.3744,4.967,4.5313,41.5,CRITICAL,F3,3,1,cooling_degradation,0.9,1,1,,,,,22,0
2026-08-19T18:53:24.864Z,1787165604864,FAN_DT_001_F3_S09_R01_20260819T184746,1,338.489,FAULT_ACTIVE,F3,0.9,FAN_DT_001,3.0,process-model-3.0.0-build3,6640,1,LIVE,SYNCHRONISED,AUTOMATIC,NORMAL,65,1950,1950,0,145,145,0.3,0.3,24.20897,52.86,1.028,1,0.0254,0,207.97,19.5074,-0.01023,0.415,0.3744,4.921,4.5452,41.5,CRITICAL,F3,3,1,cooling_degradation,0.9,1,1,,,,,22,0
2026-08-19T18:53:25.898Z,1787165605898,FAN_DT_001_F3_S09_R01_20260819T184746,1,339.523,FAULT_ACTIVE,F3,0.9,FAN_DT_001,3.0,process-model-3.0.0-build3,6641,1,LIVE,SYNCHRONISED,AUTOMATIC,NORMAL,65,1950,1950,0,145,145,0.3,0.3,24.20644,52.87,1.028,1,0.0254,0,207.97,19.5669,-0.01014,0.415,0.3744,4.878,4.5591,41.5,CRITICAL,F3,3,1,cooling_degradation,0.9,1,1,,,,,22,0
2026-08-19T18:53:26.939Z,1787165606939,FAN_DT_001_F3_S09_R01_20260819T184746,1,340.564,FAULT_ACTIVE,F3,0.9,FAN_DT_001,3.0,process-model-3.0.0-build3,6642,1,LIVE,SYNCHRONISED,AUTOMATIC,NORMAL,65,1950,1950,0,145,145,0.3,0.3,24.20432,52.88,1.028,1,0.0254,0,207.97,19.6267,-0.01005,0.415,0.3744,4.833,4.573,41.5,CRITICAL,F3,3,1,cooling_degradation,0.9,1,1,,,,,22,0
2026-08-19T18:53:27.968Z,1787165607968,FAN_DT_001_F3_S09_R01_20260819T184746,1,341.593,FAULT_ACTIVE,F3,0.9,FAN_DT_001,3.0,process-model-3.0.0-build3,6643,1,LIVE,SYNCHRONISED,AUTOMATIC,NORMAL,65,1950,1950,0,145,145,0.3,0.3,24.20262,52.89,1.028,1,0.0254,0,207.97,19.6865,-0.00997,0.415,0.3744,4.794,4.5869,41.5,CRITICAL,F3,3,1,cooling_degradation,0.9,1,1,,,,,22,0
2026-08-19T18:53:29.004Z,1787165609004,FAN_DT_001_F3_S09_R01_20260819T184746,1,342.63,FAULT_ACTIVE,F3,0.9,FAN_DT_001,3.0,process-model-3.0.0-build3,6644,1,LIVE,SYNCHRONISED,AUTOMATIC,NORMAL,65,1950,1950,0,145,145,0.3,0.3,24.20135,52.9,1.028,1,0.0254,0,207.97,19.7459,-0.00987,0.415,0.3744,4.744,4.6008,41.5,CRITICAL,F3,3,1,cooling_degradation,0.9,1,1,,,,,22,0
2026-08-19T18:53:30.036Z,1787165610036,FAN_DT_001_F3_S09_R01_20260819T184746,1,343.661,FAULT_ACTIVE,F3,0.9,FAN_DT_001,3.0,process-model-3.0.0-build3,6645,1,LIVE,SYNCHRONISED,AUTOMATIC,NORMAL,65,1950,1950,0,145,145,0.3,0.3,24.20049,52.91,1.028,1,0.0254,0,207.97,19.8056,-0.00978,0.415,0.3744,4.702,4.6147,41.5,CRITICAL,F3,3,1,cooling_degradation,0.9,1,1,,,,,22,0
2026-08-19T18:53:31.069Z,1787165611069,FAN_DT_001_F3_S09_R01_20260819T184746,1,344.694,FAULT_ACTIVE,F3,0.9,FAN_DT_001,3.0,process-model-3.0.0-build3,6646,1,LIVE,SYNCHRONISED,AUTOMATIC,NORMAL,65,1950,1950,0,145,145,0.3,0.3,24.20006,52.92,1.028,1,0.0254,0,207.97,19.8651,-0.00971,0.415,0.3744,4.669,4.6286,41.5,CRITICAL,F3,3,1,cooling_degradation,0.9,1,1,,,,,22,0
2026-08-19T18:53:32.116Z,1787165612116,FAN_DT_001_F3_S09_R01_20260819T184746,1,345.741,FAULT_ACTIVE,F3,0.9,FAN_DT_001,3.0,process-model-3.0.0-build3,6647,1,LIVE,SYNCHRONISED,AUTOMATIC,NORMAL,65,1950,1950,0,145,145,0.3,0.3,24.20005,52.93,1.028,1,0.0254,0,207.97,19.9249,-0.00963,0.415,0.3744,4.63,4.6425,41.5,CRITICAL,F3,3,1,cooling_degradation,0.9,1,1,,,,,22,0
2026-08-19T18:53:33.140Z,1787165613140,FAN_DT_001_F3_S09_R01_20260819T184746,1,346.765,FAULT_ACTIVE,F3,0.9,FAN_DT_001,3.0,process-model-3.0.0-build3,6648,1,LIVE,SYNCHRONISED,AUTOMATIC,NORMAL,65,1950,1950,0,145,145,0.3,0.3,24.20045,52.94,1.028,1,0.0254,0,207.97,19.9847,-0.00955,0.415,0.3744,4.593,4.6564,41.5,CRITICAL,F3,3,1,cooling_degradation,0.9,1,1,,,,,22,0
2026-08-19T18:53:34.179Z,1787165614179,FAN_DT_001_F3_S09_R01_20260819T184746,1,347.804,FAULT_ACTIVE,F3,0.9,FAN_DT_001,3.0,process-model-3.0.0-build3,6649,1,LIVE,SYNCHRONISED,AUTOMATIC,NORMAL,65,1950,1950,0,145,145,0.3,0.3,24.20128,52.95,1.028,1,0.0254,0,207.97,20.0442,-0.00949,0.415,0.3744,4.565,4.6703,41.5,CRITICAL,F3,3,1,cooling_degradation,0.9,1,1,,,,,22,0
2026-08-19T18:53:35.206Z,1787165615206,FAN_DT_001_F3_S09_R01_20260819T184746,1,348.831,FAULT_ACTIVE,F3,0.9,FAN_DT_001,3.0,process-model-3.0.0-build3,6650,1,LIVE,SYNCHRONISED,AUTOMATIC,NORMAL,65,1950,1950,0,145,145,0.3,0.3,24.20253,52.96,1.028,1,0.0254,0,207.97,20.1038,-0.00945,0.415,0.3744,4.542,4.6842,41.5,CRITICAL,F3,3,1,cooling_degradation,0.9,1,1,,,,,22,0
2026-08-19T18:53:36.237Z,1787165616237,FAN_DT_001_F3_S09_R01_20260819T184746,1,349.862,FAULT_ACTIVE,F3,0.9,FAN_DT_001,3.0,process-model-3.0.0-build3,6651,1,LIVE,SYNCHRONISED,AUTOMATIC,NORMAL,65,1950,1950,0,145,145,0.3,0.3,24.20419,52.97,1.028,1,0.0254,0,207.97,20.1633,-0.00936,0.415,0.3744,4.502,4.6981,41.5,CRITICAL,F3,3,1,cooling_degradation,0.9,1,1,,,,,22,0
2026-08-19T18:53:37.281Z,1787165617281,FAN_DT_001_F3_S09_R01_20260819T184746,1,350.907,FAULT_ACTIVE,F3,0.9,FAN_DT_001,3.0,process-model-3.0.0-build3,6652,1,LIVE,SYNCHRONISED,AUTOMATIC,NORMAL,65,1950,1950,0,145,145,0.3,0.3,24.20628,52.98,1.028,1,0.0254,0,207.97,20.223,-0.00932,0.415,0.3744,4.484,4.7119,41.5,CRITICAL,F3,3,1,cooling_degradation,0.9,1,1,,,,,22,0
2026-08-19T18:53:38.305Z,1787165618305,FAN_DT_001_F3_S09_R01_20260819T184746,1,351.931,FAULT_ACTIVE,F3,0.9,FAN_DT_001,3.0,process-model-3.0.0-build3,6653,1,LIVE,SYNCHRONISED,AUTOMATIC,NORMAL,65,1950,1950,0,145,145,0.3,0.3,24.20879,52.99,1.028,1,0.0254,0,207.97,20.2827,-0.00928,0.415,0.3744,4.463,4.7259,41.5,CRITICAL,F3,3,1,cooling_degradation,0.9,1,1,,,,,22,0
2026-08-19T18:53:39.341Z,1787165619341,FAN_DT_001_F3_S09_R01_20260819T184746,1,352.966,FAULT_ACTIVE,F3,0.9,FAN_DT_001,3.0,process-model-3.0.0-build3,6654,1,LIVE,SYNCHRONISED,AUTOMATIC,NORMAL,65,1950,1950,0,145,145,0.3,0.3,24.2117,53,1.028,1,0.0254,0,207.97,20.3422,-0.00923,0.415,0.3744,4.439,4.7397,41.5,CRITICAL,F3,3,1,cooling_degradation,0.9,1,1,,,,,22,0
2026-08-19T18:53:40.375Z,1787165620375,FAN_DT_001_F3_S09_R01_20260819T184746,1,354,FAULT_ACTIVE,F3,0.9,FAN_DT_001,3.0,process-model-3.0.0-build3,6655,1,LIVE,SYNCHRONISED,AUTOMATIC,NORMAL,65,1950,1950,0,145,145,0.3,0.3,24.21504,53.01,1.028,1,0.0254,0,207.97,20.402,-0.00917,0.415,0.3744,4.411,4.7537,41.5,CRITICAL,F3,3,1,cooling_degradation,0.9,1,1,,,,,22,0
2026-08-19T18:53:41.409Z,1787165621409,FAN_DT_001_F3_S09_R01_20260819T184746,1,355.034,FAULT_ACTIVE,F3,0.9,FAN_DT_001,3.0,process-model-3.0.0-build3,6656,1,LIVE,SYNCHRONISED,AUTOMATIC,NORMAL,65,1950,1950,0,145,145,0.3,0.3,24.2188,53.02,1.028,1,0.0254,0,207.97,20.4617,-0.00913,0.415,0.3744,4.391,4.7676,41.5,CRITICAL,F3,3,1,cooling_degradation,0.9,1,1,,,,,22,0
2026-08-19T18:53:42.445Z,1787165622445,FAN_DT_001_F3_S09_R01_20260819T184746,1,356.07,FAULT_ACTIVE,F3,0.9,FAN_DT_001,3.0,process-model-3.0.0-build3,6657,1,LIVE,SYNCHRONISED,AUTOMATIC,NORMAL,65,1950,1950,0,145,145,0.3,0.3,24.22295,53.03,1.028,1,0.0254,0,207.97,20.5212,-0.00909,0.415,0.3744,4.371,4.7814,41.5,CRITICAL,F3,3,1,cooling_degradation,0.9,1,1,,,,,22,0
2026-08-19T18:53:43.477Z,1787165623477,FAN_DT_001_F3_S09_R01_20260819T184746,1,357.102,FAULT_ACTIVE,F3,0.9,FAN_DT_001,3.0,process-model-3.0.0-build3,6658,1,LIVE,SYNCHRONISED,AUTOMATIC,NORMAL,65,1950,1950,0,145,145,0.3,0.3,24.22753,53.04,1.028,1,0.0254,0,207.97,20.5811,-0.00905,0.415,0.3744,4.353,4.7954,41.5,CRITICAL,F3,3,1,cooling_degradation,0.9,1,1,,,,,22,0
2026-08-19T18:53:44.513Z,1787165624513,FAN_DT_001_F3_S09_R01_20260819T184746,1,358.138,FAULT_ACTIVE,F3,0.9,FAN_DT_001,3.0,process-model-3.0.0-build3,6659,1,LIVE,SYNCHRONISED,AUTOMATIC,NORMAL,65,1950,1950,0,145,145,0.3,0.3,24.2325,53.05,1.028,1,0.0254,0,207.97,20.6406,-0.00902,0.415,0.3744,4.336,4.8093,41.5,CRITICAL,F3,3,1,cooling_degradation,0.9,1,1,,,,,22,0
2026-08-19T18:53:45.549Z,1787165625549,FAN_DT_001_F3_S09_R01_20260819T184746,1,359.174,FAULT_ACTIVE,F3,0.9,FAN_DT_001,3.0,process-model-3.0.0-build3,6660,1,LIVE,SYNCHRONISED,AUTOMATIC,NORMAL,65,1950,1950,0,145,145,0.3,0.3,24.23788,53.06,1.028,1,0.0254,0,207.97,20.7003,-0.00899,0.415,0.3744,4.324,4.8232,41.5,CRITICAL,F3,3,1,cooling_degradation,0.9,1,1,,,,,22,0
2026-08-19T18:53:46.580Z,1787165626580,FAN_DT_001_F3_S09_R01_20260819T184746,1,360.205,FAULT_ACTIVE,F3,0.9,FAN_DT_001,3.0,process-model-3.0.0-build3,6661,1,LIVE,SYNCHRONISED,AUTOMATIC,NORMAL,65,1950,1950,0,145,145,0.3,0.3,24.24368,53.07,1.028,1,0.0254,0,207.97,20.76,-0.00896,0.415,0.3744,4.308,4.8371,41.5,CRITICAL,F3,3,1,cooling_degradation,0.9,1,1,,,,,22,0
2026-08-19T18:53:47.625Z,1787165627625,FAN_DT_001_F3_S09_R01_20260819T184746,1,361.25,FAULT_ACTIVE,F3,0.9,FAN_DT_001,3.0,process-model-3.0.0-build3,6662,1,LIVE,SYNCHRONISED,AUTOMATIC,NORMAL,65,1950,1950,0,145,145,0.3,0.3,24.24984,53.07,1.028,1,0.0254,0,207.97,20.8195,-0.00894,0.415,0.3744,4.299,4.8509,41.5,CRITICAL,F3,3,1,cooling_degradation,0.9,1,1,,,,,22,0
2026-08-19T18:53:48.654Z,1787165628654,FAN_DT_001_F3_S09_R01_20260819T184746,1,362.279,FAULT_ACTIVE,F3,0.9,FAN_DT_001,3.0,process-model-3.0.0-build3,6663,1,LIVE,SYNCHRONISED,AUTOMATIC,NORMAL,65,1950,1950,0,145,145,0.3,0.3,24.25644,53.08,1.028,1,0.0254,0,207.97,20.8794,-0.00893,0.415,0.3744,4.294,4.8649,41.5,CRITICAL,F3,3,1,cooling_degradation,0.9,1,1,,,,,22,0
2026-08-19T18:53:49.697Z,1787165629697,FAN_DT_001_F3_S09_R01_20260819T184746,1,363.322,FAULT_ACTIVE,F3,0.9,FAN_DT_001,3.0,process-model-3.0.0-build3,6664,1,LIVE,SYNCHRONISED,AUTOMATIC,NORMAL,65,1950,1950,0,145,145,0.3,0.3,24.2634,53.09,1.028,1,0.0254,0,207.97,20.939,-0.0089,0.415,0.3744,4.28,4.8788,41.5,CRITICAL,F3,3,1,cooling_degradation,0.9,1,1,,,,,22,0
2026-08-19T18:53:50.714Z,1787165630714,FAN_DT_001_F3_S09_R01_20260819T184746,1,364.339,FAULT_ACTIVE,F3,0.9,FAN_DT_001,3.0,process-model-3.0.0-build3,6665,1,LIVE,SYNCHRONISED,AUTOMATIC,NORMAL,65,1950,1950,0,145,145,0.3,0.3,24.2707,53.1,1.028,1,0.0254,0,207.97,20.9982,-0.00889,0.415,0.3744,4.275,4.8926,41.5,CRITICAL,F3,3,1,cooling_degradation,0.9,1,1,,,,,22,0
2026-08-19T18:53:51.747Z,1787165631747,FAN_DT_001_F3_S09_R01_20260819T184746,1,365.372,FAULT_ACTIVE,F3,0.9,FAN_DT_001,3.0,process-model-3.0.0-build3,6666,1,LIVE,SYNCHRONISED,AUTOMATIC,NORMAL,65,1950,1950,0,145,145,0.3,0.3,24.27846,53.11,1.028,1,0.0254,0,207.97,21.058,-0.00887,0.415,0.3744,4.266,4.9065,41.5,CRITICAL,F3,3,1,cooling_degradation,0.9,1,1,,,,,22,0
2026-08-19T18:53:52.783Z,1787165632783,FAN_DT_001_F3_S09_R01_20260819T184746,1,366.409,FAULT_ACTIVE,F3,0.9,FAN_DT_001,3.0,process-model-3.0.0-build3,6667,1,LIVE,SYNCHRONISED,AUTOMATIC,NORMAL,65,1950,1950,0,145,145,0.3,0.3,24.28658,53.12,1.028,1,0.0254,0,207.97,21.1177,-0.00887,0.415,0.3744,4.266,4.9204,41.5,CRITICAL,F3,3,1,cooling_degradation,0.9,1,1,,,,,22,0
2026-08-19T18:53:53.822Z,1787165633822,FAN_DT_001_F3_S09_R01_20260819T184746,1,367.447,FAULT_ACTIVE,F3,0.9,FAN_DT_001,3.0,process-model-3.0.0-build3,6668,1,LIVE,SYNCHRONISED,AUTOMATIC,NORMAL,65,1950,1950,0,145,145,0.3,0.3,24.29506,53.13,1.028,1,0.0254,0,207.97,21.1772,-0.00886,0.415,0.3744,4.261,4.9343,41.5,CRITICAL,F3,3,1,cooling_degradation,0.9,1,1,,,,,22,0
2026-08-19T18:53:54.848Z,1787165634848,FAN_DT_001_F3_S09_R01_20260819T184746,1,368.473,FAULT_ACTIVE,F3,0.9,FAN_DT_001,3.0,process-model-3.0.0-build3,6669,1,LIVE,SYNCHRONISED,AUTOMATIC,NORMAL,65,1950,1950,0,145,145,0.3,0.3,24.30393,53.14,1.028,1,0.0254,0,207.97,21.2369,-0.00886,0.415,0.3744,4.261,4.9482,41.5,CRITICAL,F3,3,1,cooling_degradation,0.9,1,1,,,,,22,0
2026-08-19T18:53:55.920Z,1787165635920,FAN_DT_001_F3_S09_R01_20260819T184746,1,369.545,FAULT_ACTIVE,F3,0.9,FAN_DT_001,3.0,process-model-3.0.0-build3,6670,1,LIVE,SYNCHRONISED,AUTOMATIC,NORMAL,65,1950,1950,0,145,145,0.3,0.3,24.31313,53.15,1.028,1,0.0254,0,207.97,21.2963,-0.00888,0.415,0.3744,4.271,4.962,41.5,CRITICAL,F3,3,1,cooling_degradation,0.9,1,1,,,,,22,0
2026-08-19T18:53:56.916Z,1787165636916,FAN_DT_001_F3_S09_R01_20260819T184746,1,370.541,FAULT_ACTIVE,F3,0.9,FAN_DT_001,3.0,process-model-3.0.0-build3,6671,1,LIVE,SYNCHRONISED,AUTOMATIC,NORMAL,65,1950,1950,0,145,145,0.3,0.3,24.32273,53.16,1.028,1,0.0254,0,207.97,21.3561,-0.00887,0.415,0.3744,4.266,4.976,41.5,CRITICAL,F3,3,1,cooling_degradation,0.9,1,1,,,,,22,0
2026-08-19T18:53:57.950Z,1787165637950,FAN_DT_001_F3_S09_R01_20260819T184746,1,371.576,FAULT_ACTIVE,F3,0.9,FAN_DT_001,3.0,process-model-3.0.0-build3,6672,1,LIVE,SYNCHRONISED,AUTOMATIC,NORMAL,65,1950,1950,0,145,145,0.3,0.3,24.33268,53.17,1.028,1,0.0254,0,207.97,21.4157,-0.00887,0.415,0.3744,4.266,4.9899,41.5,CRITICAL,F3,3,1,cooling_degradation,0.9,1,1,,,,,22,0
2026-08-19T18:53:58.997Z,1787165638997,FAN_DT_001_F3_S09_R01_20260819T184746,1,372.622,FAULT_ACTIVE,F3,0.9,FAN_DT_001,3.0,process-model-3.0.0-build3,6673,1,LIVE,SYNCHRONISED,AUTOMATIC,NORMAL,65,1950,1950,0,145,145,0.3,0.3,24.34298,53.18,1.028,1,0.0254,0,207.97,21.4754,-0.00888,0.415,0.3744,4.27,5.0038,41.5,CRITICAL,F3,3,1,cooling_degradation,0.9,1,1,,,,,22,0
2026-08-19T18:54:00.039Z,1787165640039,FAN_DT_001_F3_S09_R01_20260819T184746,1,373.664,FAULT_ACTIVE,F3,0.9,FAN_DT_001,3.0,process-model-3.0.0-build3,6674,1,LIVE,SYNCHRONISED,AUTOMATIC,NORMAL,65,1950,1950,0,145,145,0.3,0.3,24.35365,53.18,1.028,1,0.0254,0,207.97,21.5352,-0.0089,0.415,0.3744,4.28,5.0177,41.5,CRITICAL,F3,3,1,cooling_degradation,0.9,1,1,,,,,22,0
2026-08-19T18:54:01.059Z,1787165641059,FAN_DT_001_F3_S09_R01_20260819T184746,1,374.684,FAULT_ACTIVE,F3,0.9,FAN_DT_001,3.0,process-model-3.0.0-build3,6675,1,LIVE,SYNCHRONISED,AUTOMATIC,NORMAL,65,1950,1950,0,145,145,0.3,0.3,24.36464,53.19,1.028,1,0.0254,0,207.97,21.5948,-0.0089,0.415,0.3744,4.28,5.0316,41.5,CRITICAL,F3,3,1,cooling_degradation,0.9,1,1,,,,,22,0
2026-08-19T18:54:02.095Z,1787165642095,FAN_DT_001_F3_S09_R01_20260819T184746,1,375.72,FAULT_ACTIVE,F3,0.9,FAN_DT_001,3.0,process-model-3.0.0-build3,6676,1,LIVE,SYNCHRONISED,AUTOMATIC,NORMAL,65,1950,1950,0,145,145,0.3,0.3,24.376,53.2,1.028,1,0.0254,0,207.97,21.6547,-0.00893,0.415,0.3744,4.294,5.0455,41.5,CRITICAL,F3,3,1,cooling_degradation,0.9,1,1,,,,,22,0
2026-08-19T18:54:03.128Z,1787165643128,FAN_DT_001_F3_S09_R01_20260819T184746,1,376.753,FAULT_ACTIVE,F3,0.9,FAN_DT_001,3.0,process-model-3.0.0-build3,6677,1,LIVE,SYNCHRONISED,AUTOMATIC,NORMAL,65,1950,1950,0,145,145,0.3,0.3,24.38767,53.21,1.028,1,0.0254,0,207.97,21.7145,-0.00893,0.415,0.3744,4.294,5.0595,41.5,CRITICAL,F3,3,1,cooling_degradation,0.9,1,1,,,,,22,0
2026-08-19T18:54:04.165Z,1787165644165,FAN_DT_001_F3_S09_R01_20260819T184746,1,377.79,FAULT_ACTIVE,F3,0.9,FAN_DT_001,3.0,process-model-3.0.0-build3,6678,1,LIVE,SYNCHRONISED,AUTOMATIC,NORMAL,65,1950,1950,0,145,145,0.3,0.3,24.39962,53.22,1.028,1,0.0254,0,207.97,21.774,-0.00897,0.415,0.3744,4.313,5.0733,41.5,CRITICAL,F3,3,1,cooling_degradation,0.9,1,1,,,,,22,0
2026-08-19T18:54:05.193Z,1787165645193,FAN_DT_001_F3_S09_R01_20260819T184746,1,378.818,FAULT_ACTIVE,F3,0.9,FAN_DT_001,3.0,process-model-3.0.0-build3,6679,1,LIVE,SYNCHRONISED,AUTOMATIC,NORMAL,65,1950,1950,0,145,145,0.3,0.3,24.41198,53.23,1.028,1,0.0254,0,207.97,21.834,-0.00898,0.415,0.3744,4.318,5.0873,41.5,CRITICAL,F3,3,1,cooling_degradation,0.9,1,1,,,,,22,0
2026-08-19T18:54:06.227Z,1787165646227,FAN_DT_001_F3_S09_R01_20260819T184746,1,379.852,FAULT_ACTIVE,F3,0.9,FAN_DT_001,3.0,process-model-3.0.0-build3,6680,1,LIVE,SYNCHRONISED,AUTOMATIC,NORMAL,65,1950,1950,0,145,145,0.3,0.3,24.42447,53.24,1.028,1,0.0254,0,207.97,21.8931,-0.009,0.415,0.3744,4.327,5.1011,41.5,CRITICAL,F3,3,1,cooling_degradation,0.9,1,1,,,,,22,0
2026-08-19T18:54:07.266Z,1787165647266,FAN_DT_001_F3_S09_R01_20260819T184746,1,380.891,FAULT_ACTIVE,F3,0.9,FAN_DT_001,3.0,process-model-3.0.0-build3,6681,1,LIVE,SYNCHRONISED,AUTOMATIC,NORMAL,65,1950,1950,0,145,145,0.3,0.3,24.43732,53.25,1.028,1,0.0254,0,207.97,21.9525,-0.00903,0.415,0.3744,4.342,5.1149,41.5,CRITICAL,F3,3,1,cooling_degradation,0.9,1,1,,,,,22,0
2026-08-19T18:54:08.292Z,1787165648292,FAN_DT_001_F3_S09_R01_20260819T184746,1,381.917,FAULT_ACTIVE,F3,0.9,FAN_DT_001,3.0,process-model-3.0.0-build3,6682,1,LIVE,SYNCHRONISED,AUTOMATIC,NORMAL,65,1950,1950,0,145,145,0.3,0.3,24.45055,53.26,1.028,1,0.0254,0,207.97,22.0123,-0.00906,0.415,0.3744,4.358,5.1289,41.5,CRITICAL,F3,3,1,cooling_degradation,0.9,1,1,,,,,22,0
2026-08-19T18:54:09.344Z,1787165649344,FAN_DT_001_F3_S09_R01_20260819T184746,1,382.969,FAULT_ACTIVE,F3,0.9,FAN_DT_001,3.0,process-model-3.0.0-build3,6683,1,LIVE,SYNCHRONISED,AUTOMATIC,NORMAL,65,1950,1950,0,145,145,0.3,0.3,24.46399,53.27,1.028,1,0.0254,0,207.97,22.0718,-0.0091,0.415,0.3744,4.377,5.1427,41.5,CRITICAL,F3,3,1,cooling_degradation,0.9,1,1,,,,,22,0
2026-08-19T18:54:10.369Z,1787165650369,FAN_DT_001_F3_S09_R01_20260819T184746,1,383.994,FAULT_ACTIVE,F3,0.9,FAN_DT_001,3.0,process-model-3.0.0-build3,6684,1,LIVE,SYNCHRONISED,AUTOMATIC,NORMAL,65,1950,1950,0,145,145,0.3,0.3,24.47777,53.28,1.028,1,0.0254,0,207.97,22.1315,-0.00914,0.415,0.3744,4.396,5.1566,41.5,CRITICAL,F3,3,1,cooling_degradation,0.9,1,1,,,,,22,0
2026-08-19T18:54:11.396Z,1787165651396,FAN_DT_001_F3_S09_R01_20260819T184746,1,385.021,FAULT_ACTIVE,F3,0.9,FAN_DT_001,3.0,process-model-3.0.0-build3,6685,1,LIVE,SYNCHRONISED,AUTOMATIC,NORMAL,65,1950,1950,0,145,145,0.3,0.3,24.49184,53.29,1.028,1,0.0254,0,207.97,22.1913,-0.00917,0.415,0.3744,4.408,5.1706,41.5,CRITICAL,F3,3,1,cooling_degradation,0.9,1,1,,,,,22,0
2026-08-19T18:54:12.432Z,1787165652432,FAN_DT_001_F3_S09_R01_20260819T184746,1,386.057,FAULT_ACTIVE,F3,0.9,FAN_DT_001,3.0,process-model-3.0.0-build3,6686,1,LIVE,SYNCHRONISED,AUTOMATIC,NORMAL,65,1950,1950,0,145,145,0.3,0.3,24.50613,53.3,1.028,1,0.0254,0,207.97,22.2508,-0.0092,0.415,0.3744,4.425,5.1844,41.5,CRITICAL,F3,3,1,cooling_degradation,0.9,1,1,,,,,22,0
2026-08-19T18:54:13.466Z,1787165653466,FAN_DT_001_F3_S09_R01_20260819T184746,1,387.092,FAULT_ACTIVE,F3,0.9,FAN_DT_001,3.0,process-model-3.0.0-build3,6687,1,LIVE,SYNCHRONISED,AUTOMATIC,NORMAL,65,1950,1950,0,145,145,0.3,0.3,24.52074,53.31,1.028,1,0.0254,0,207.97,22.3106,-0.00923,0.415,0.3744,4.44,5.1984,41.5,CRITICAL,F3,3,1,cooling_degradation,0.9,1,1,,,,,22,0
2026-08-19T18:54:14.499Z,1787165654499,FAN_DT_001_F3_S09_R01_20260819T184746,1,388.125,FAULT_ACTIVE,F3,0.9,FAN_DT_001,3.0,process-model-3.0.0-build3,6688,1,LIVE,SYNCHRONISED,AUTOMATIC,NORMAL,65,1950,1950,0,145,145,0.3,0.3,24.53555,53.32,1.028,1,0.0254,0,207.97,22.3702,-0.00928,0.415,0.3744,4.465,5.2123,41.5,CRITICAL,F3,3,1,cooling_degradation,0.9,1,1,,,,,22,0
2026-08-19T18:54:15.556Z,1787165655556,FAN_DT_001_F3_S09_R01_20260819T184746,1,389.182,FAULT_ACTIVE,F3,0.9,FAN_DT_001,3.0,process-model-3.0.0-build3,6689,1,LIVE,SYNCHRONISED,AUTOMATIC,NORMAL,65,1950,1950,0,145,145,0.3,0.3,24.55059,53.33,1.028,1,0.0254,0,207.97,22.4297,-0.00932,0.415,0.3744,4.481,5.2261,41.5,CRITICAL,F3,3,1,cooling_degradation,0.9,1,1,,,,,22,0
2026-08-19T18:54:16.569Z,1787165656569,FAN_DT_001_F3_S09_R01_20260819T184746,1,390.194,FAULT_ACTIVE,F3,0.9,FAN_DT_001,3.0,process-model-3.0.0-build3,6690,1,LIVE,SYNCHRONISED,AUTOMATIC,NORMAL,65,1950,1950,0,145,145,0.3,0.3,24.56592,53.33,1.028,1,0.0254,0,207.97,22.4895,-0.00937,0.415,0.3744,4.505,5.2401,41.5,CRITICAL,F3,3,1,cooling_degradation,0.9,1,1,,,,,22,0
2026-08-19T18:54:17.601Z,1787165657601,FAN_DT_001_F3_S09_R01_20260819T184746,1,391.226,FAULT_ACTIVE,F3,0.9,FAN_DT_001,3.0,process-model-3.0.0-build3,6691,1,LIVE,SYNCHRONISED,AUTOMATIC,NORMAL,65,1950,1950,0,145,145,0.3,0.3,24.58146,53.34,1.028,1,0.0254,0,207.97,22.5491,-0.00939,0.415,0.3744,4.516,5.2539,41.5,CRITICAL,F3,3,1,cooling_degradation,0.9,1,1,,,,,22,0
2026-08-19T18:54:18.639Z,1787165658639,FAN_DT_001_F3_S09_R01_20260819T184746,1,392.264,FAULT_ACTIVE,F3,0.9,FAN_DT_001,3.0,process-model-3.0.0-build3,6692,1,LIVE,SYNCHRONISED,AUTOMATIC,NORMAL,65,1950,1950,0,145,145,0.3,0.3,24.59716,53.35,1.028,1,0.0254,0,207.97,22.6086,-0.00943,0.415,0.3744,4.535,5.2678,41.5,CRITICAL,F3,3,1,cooling_degradation,0.9,1,1,,,,,22,0
2026-08-19T18:54:19.707Z,1787165659707,FAN_DT_001_F3_S09_R01_20260819T184746,1,393.332,FAULT_ACTIVE,F3,0.9,FAN_DT_001,3.0,process-model-3.0.0-build3,6693,1,LIVE,SYNCHRONISED,AUTOMATIC,NORMAL,65,1950,1950,0,145,145,0.3,0.3,24.61317,53.36,1.028,1,0.0254,0,207.97,22.6684,-0.00949,0.415,0.3744,4.564,5.2817,41.5,CRITICAL,F3,3,1,cooling_degradation,0.9,1,1,,,,,22,0
2026-08-19T18:54:20.706Z,1787165660706,FAN_DT_001_F3_S09_R01_20260819T184746,1,394.332,FAULT_ACTIVE,F3,0.9,FAN_DT_001,3.0,process-model-3.0.0-build3,6694,1,LIVE,SYNCHRONISED,AUTOMATIC,NORMAL,65,1950,1950,0,145,145,0.3,0.3,24.6293,53.37,1.028,1,0.0254,0,207.97,22.728,-0.00954,0.415,0.3744,4.586,5.2956,41.5,CRITICAL,F3,3,1,cooling_degradation,0.9,1,1,,,,,22,0
2026-08-19T18:54:21.743Z,1787165661743,FAN_DT_001_F3_S09_R01_20260819T184746,1,395.368,FAULT_ACTIVE,F3,0.9,FAN_DT_001,3.0,process-model-3.0.0-build3,6695,1,LIVE,SYNCHRONISED,AUTOMATIC,NORMAL,65,1950,1950,0,145,145,0.3,0.3,24.64569,53.38,1.028,1,0.0254,0,207.97,22.7877,-0.0096,0.415,0.3744,4.615,5.3095,41.5,CRITICAL,F3,3,1,cooling_degradation,0.9,1,1,,,,,22,0
2026-08-19T18:54:22.771Z,1787165662771,FAN_DT_001_F3_S09_R01_20260819T184746,1,396.396,FAULT_ACTIVE,F3,0.9,FAN_DT_001,3.0,process-model-3.0.0-build3,6696,1,LIVE,SYNCHRONISED,AUTOMATIC,NORMAL,65,1950,1950,0,145,145,0.3,0.3,24.66226,53.39,1.028,1,0.0254,0,207.97,22.8474,-0.00962,0.415,0.3744,4.628,5.3234,41.5,CRITICAL,F3,3,1,cooling_degradation,0.9,1,1,,,,,22,0
2026-08-19T18:54:23.806Z,1787165663806,FAN_DT_001_F3_S09_R01_20260819T184746,1,397.431,FAULT_ACTIVE,F3,0.9,FAN_DT_001,3.0,process-model-3.0.0-build3,6697,1,LIVE,SYNCHRONISED,AUTOMATIC,NORMAL,65,1950,1950,0,145,145,0.3,0.3,24.67892,53.4,1.028,1,0.0254,0,207.97,22.9068,-0.00969,0.415,0.3744,4.657,5.3373,41.5,CRITICAL,F3,3,1,cooling_degradation,0.9,1,1,,,,,22,0
2026-08-19T18:54:24.841Z,1787165664841,FAN_DT_001_F3_S09_R01_20260819T184746,1,398.466,FAULT_ACTIVE,F3,0.9,FAN_DT_001,3.0,process-model-3.0.0-build3,6698,1,LIVE,SYNCHRONISED,AUTOMATIC,NORMAL,65,1950,1950,0,145,145,0.3,0.3,24.69591,53.41,1.028,1,0.0254,0,207.97,22.9668,-0.00975,0.415,0.3744,4.688,5.3513,41.5,CRITICAL,F3,3,1,cooling_degradation,0.9,1,1,,,,,22,0
2026-08-19T18:54:25.877Z,1787165665877,FAN_DT_001_F3_S09_R01_20260819T184746,1,399.502,FAULT_ACTIVE,F3,0.9,FAN_DT_001,3.0,process-model-3.0.0-build3,6699,1,LIVE,SYNCHRONISED,AUTOMATIC,NORMAL,65,1950,1950,0,145,145,0.3,0.3,24.71292,53.42,1.028,1,0.0254,0,207.97,23.0263,-0.0098,0.415,0.3744,4.711,5.3651,41.5,CRITICAL,F3,3,1,cooling_degradation,0.9,1,1,,,,,22,0
2026-08-19T18:54:26.915Z,1787165666915,FAN_DT_001_F3_S09_R01_20260819T184746,1,400.541,FAULT_ACTIVE,F3,0.9,FAN_DT_001,3.0,process-model-3.0.0-build3,6700,1,LIVE,SYNCHRONISED,AUTOMATIC,NORMAL,65,1950,1950,0,145,145,0.3,0.3,24.73016,53.43,1.028,1,0.0254,0,207.97,23.086,-0.00984,0.415,0.3744,4.731,5.379,41.5,CRITICAL,F3,3,1,cooling_degradation,0.9,1,1,,,,,22,0
2026-08-19T18:54:27.951Z,1787165667951,FAN_DT_001_F3_S09_R01_20260819T184746,1,401.576,FAULT_ACTIVE,F3,0.9,FAN_DT_001,3.0,process-model-3.0.0-build3,6701,1,LIVE,SYNCHRONISED,AUTOMATIC,NORMAL,65,1950,1950,0,145,145,0.3,0.3,24.74751,53.44,1.028,1,0.0254,0,207.97,23.1457,-0.00988,0.415,0.3744,4.752,5.393,41.5,CRITICAL,F3,3,1,cooling_degradation,0.9,1,1,,,,,22,0
2026-08-19T18:54:28.980Z,1787165668980,FAN_DT_001_F3_S09_R01_20260819T184746,1,402.605,FAULT_ACTIVE,F3,0.9,FAN_DT_001,3.0,process-model-3.0.0-build3,6702,1,LIVE,SYNCHRONISED,AUTOMATIC,NORMAL,65,1950,1950,0,145,145,0.3,0.3,24.76495,53.45,1.028,1,0.0254,0,207.97,23.2052,-0.00996,0.415,0.3744,4.789,5.4068,41.5,CRITICAL,F3,3,1,cooling_degradation,0.9,1,1,,,,,22,0
2026-08-19T18:54:30.018Z,1787165670018,FAN_DT_001_F3_S09_R01_20260819T184746,1,403.644,FAULT_ACTIVE,F3,0.9,FAN_DT_001,3.0,process-model-3.0.0-build3,6703,1,LIVE,SYNCHRONISED,AUTOMATIC,NORMAL,65,1950,1950,0,145,145,0.3,0.3,24.7826,53.46,1.028,1,0.0254,0,207.97,23.265,-0.00999,0.415,0.3744,4.804,5.4207,41.5,CRITICAL,F3,3,1,cooling_degradation,0.9,1,1,,,,,22,0
2026-08-19T18:54:31.058Z,1787165671058,FAN_DT_001_F3_S09_R01_20260819T184746,1,404.683,FAULT_ACTIVE,F3,0.9,FAN_DT_001,3.0,process-model-3.0.0-build3,6704,1,LIVE,SYNCHRONISED,AUTOMATIC,NORMAL,65,1950,1950,0,145,145,0.3,0.3,24.80028,53.48,1.028,1,0.0254,0,207.97,23.3245,-0.01006,0.415,0.3744,4.836,5.4346,41.5,CRITICAL,F3,3,1,cooling_degradation,0.9,1,1,,,,,22,0
2026-08-19T18:54:32.080Z,1787165672080,FAN_DT_001_F3_S09_R01_20260819T184746,1,405.705,FAULT_ACTIVE,F3,0.9,FAN_DT_001,3.0,process-model-3.0.0-build3,6705,1,LIVE,SYNCHRONISED,AUTOMATIC,NORMAL,65,1950,1950,0,145,145,0.3,0.3,24.81808,53.49,1.028,1,0.0254,0,207.97,23.3841,-0.01012,0.415,0.3744,4.867,5.4485,41.5,CRITICAL,F3,3,1,cooling_degradation,0.9,1,1,,,,,22,0
2026-08-19T18:54:33.114Z,1787165673114,FAN_DT_001_F3_S09_R01_20260819T184746,1,406.739,FAULT_ACTIVE,F3,0.9,FAN_DT_001,3.0,process-model-3.0.0-build3,6706,1,LIVE,SYNCHRONISED,AUTOMATIC,NORMAL,65,1950,1950,0,145,145,0.3,0.3,24.83604,53.5,1.028,1,0.0254,0,207.97,23.4438,-0.01018,0.415,0.3744,4.896,5.4624,41.5,CRITICAL,F3,3,1,cooling_degradation,0.9,1,1,,,,,22,0
2026-08-19T18:54:34.150Z,1787165674150,FAN_DT_001_F3_S09_R01_20260819T184746,1,407.775,FAULT_ACTIVE,F3,0.9,FAN_DT_001,3.0,process-model-3.0.0-build3,6707,1,LIVE,SYNCHRONISED,AUTOMATIC,NORMAL,65,1950,1950,0,145,145,0.3,0.3,24.85405,53.51,1.028,1,0.0254,0,207.97,23.5035,-0.01023,0.415,0.3744,4.919,5.4763,41.5,CRITICAL,F3,3,1,cooling_degradation,0.9,1,1,,,,,22,0
2026-08-19T18:54:35.185Z,1787165675185,FAN_DT_001_F3_S09_R01_20260819T184746,1,408.81,FAULT_ACTIVE,F3,0.9,FAN_DT_001,3.0,process-model-3.0.0-build3,6708,1,LIVE,SYNCHRONISED,AUTOMATIC,NORMAL,65,1950,1950,0,145,145,0.3,0.3,24.87214,53.52,1.028,1,0.0254,0,207.97,23.5631,-0.01029,0.415,0.3744,4.95,5.4902,41.5,CRITICAL,F3,3,1,cooling_degradation,0.9,1,1,,,,,22,0
2026-08-19T18:54:36.215Z,1787165676215,FAN_DT_001_F3_S09_R01_20260819T184746,1,409.84,FAULT_ACTIVE,F3,0.9,FAN_DT_001,3.0,process-model-3.0.0-build3,6709,1,LIVE,SYNCHRONISED,AUTOMATIC,NORMAL,65,1950,1950,0,145,145,0.3,0.3,24.89029,53.53,1.028,1,0.0254,0,207.97,23.6228,-0.01034,0.415,0.3744,4.972,5.5041,41.5,CRITICAL,F3,3,1,cooling_degradation,0.9,1,1,,,,,22,0
2026-08-19T18:54:37.255Z,1787165677255,FAN_DT_001_F3_S09_R01_20260819T184746,1,410.881,FAULT_ACTIVE,F3,0.9,FAN_DT_001,3.0,process-model-3.0.0-build3,6710,1,LIVE,SYNCHRONISED,AUTOMATIC,NORMAL,65,1950,1950,0,145,145,0.3,0.3,24.90848,53.54,1.028,1,0.0254,0,207.97,23.6824,-0.0104,0.415,0.3744,5.003,5.518,41.5,CRITICAL,F3,3,1,cooling_degradation,0.9,1,1,,,,,22,0
2026-08-19T18:54:38.291Z,1787165678291,FAN_DT_001_F3_S09_R01_20260819T184746,1,411.916,FAULT_ACTIVE,F3,0.9,FAN_DT_001,3.0,process-model-3.0.0-build3,6711,1,LIVE,SYNCHRONISED,AUTOMATIC,NORMAL,65,1950,1950,0,145,145,0.3,0.3,24.9268,53.55,1.028,1,0.0254,0,207.97,23.7422,-0.01045,0.415,0.3744,5.026,5.5319,41.5,CRITICAL,F3,3,1,cooling_degradation,0.9,1,1,,,,,22,0
2026-08-19T18:54:39.345Z,1787165679345,FAN_DT_001_F3_S09_R01_20260819T184746,1,412.97,FAULT_ACTIVE,F3,0.9,FAN_DT_001,3.0,process-model-3.0.0-build3,6712,1,LIVE,SYNCHRONISED,AUTOMATIC,NORMAL,65,1950,1950,0,145,145,0.3,0.3,24.94518,53.56,1.028,1,0.0254,0,207.97,23.8021,-0.01051,0.415,0.3744,5.052,5.5459,41.5,CRITICAL,F3,3,1,cooling_degradation,0.9,1,1,,,,,22,0
2026-08-19T18:54:40.360Z,1787165680360,FAN_DT_001_F3_S09_R01_20260819T184746,1,413.986,FAULT_ACTIVE,F3,0.9,FAN_DT_001,3.0,process-model-3.0.0-build3,6713,1,LIVE,SYNCHRONISED,AUTOMATIC,NORMAL,65,1950,1950,0,145,145,0.3,0.3,24.96347,53.57,1.028,1,0.0254,0,207.97,23.8617,-0.01055,0.415,0.3744,5.072,5.5598,41.5,CRITICAL,F3,3,1,cooling_degradation,0.9,1,1,,,,,22,0
2026-08-19T18:54:41.398Z,1787165681398,FAN_DT_001_F3_S09_R01_20260819T184746,1,415.023,FAULT_ACTIVE,F3,0.9,FAN_DT_001,3.0,process-model-3.0.0-build3,6714,1,LIVE,SYNCHRONISED,AUTOMATIC,NORMAL,65,1950,1950,0,145,145,0.3,0.3,24.98184,53.58,1.028,1,0.0254,0,207.97,23.9214,-0.0106,0.415,0.3744,5.097,5.5737,41.5,CRITICAL,F3,3,1,cooling_degradation,0.9,1,1,,,,,22,0
2026-08-19T18:54:42.433Z,1787165682433,FAN_DT_001_F3_S09_R01_20260819T184746,1,416.058,FAULT_ACTIVE,F3,0.9,FAN_DT_001,3.0,process-model-3.0.0-build3,6715,1,LIVE,SYNCHRONISED,AUTOMATIC,NORMAL,65,1950,1950,0,145,145,0.3,0.3,25.00028,53.59,1.028,1,0.0254,0,207.97,23.9813,-0.01066,0.415,0.3744,5.124,5.5876,41.5,CRITICAL,F3,3,1,cooling_degradation,0.9,1,1,,,,,22,0
2026-08-19T18:54:43.468Z,1787165683468,FAN_DT_001_F3_S09_R01_20260819T184746,1,417.093,FAULT_ACTIVE,F3,0.9,FAN_DT_001,3.0,process-model-3.0.0-build3,6716,1,LIVE,SYNCHRONISED,AUTOMATIC,NORMAL,65,1950,1950,0,145,145,0.3,0.3,25.01865,53.6,1.028,1,0.0254,0,207.97,24.041,-0.01073,0.415,0.3744,5.161,5.6016,41.5,CRITICAL,F3,3,1,cooling_degradation,0.9,1,1,,,,,22,0
2026-08-19T18:54:44.503Z,1787165684503,FAN_DT_001_F3_S09_R01_20260819T184746,1,418.127,FAULT_ACTIVE,F3,0.9,FAN_DT_001,3.0,process-model-3.0.0-build3,6717,1,LIVE,SYNCHRONISED,AUTOMATIC,NORMAL,65,1950,1950,0,145,145,0.3,0.3,25.03694,53.62,1.028,1,0.0254,0,207.97,24.1005,-0.01077,0.415,0.3744,5.181,5.6154,41.5,CRITICAL,F3,3,1,cooling_degradation,0.9,1,1,,,,,22,0
2026-08-19T18:54:45.535Z,1787165685535,FAN_DT_001_F3_S09_R01_20260819T184746,1,419.16,FAULT_ACTIVE,F3,0.9,FAN_DT_001,3.0,process-model-3.0.0-build3,6718,1,LIVE,SYNCHRONISED,AUTOMATIC,NORMAL,65,1950,1950,0,145,145,0.3,0.3,25.05531,53.63,1.028,1,0.0254,0,207.97,24.1603,-0.01084,0.415,0.3744,5.212,5.6293,41.5,CRITICAL,F3,3,1,cooling_degradation,0.9,1,1,,,,,22,0
2026-08-19T18:54:46.579Z,1787165686579,FAN_DT_001_F3_S09_R01_20260819T184746,1,420.205,FAULT_ACTIVE,F3,0.9,FAN_DT_001,3.0,process-model-3.0.0-build3,6719,1,LIVE,SYNCHRONISED,AUTOMATIC,NORMAL,65,1950,1950,0,145,145,0.3,0.3,25.07358,53.64,1.028,1,0.0254,0,207.97,24.2198,-0.0109,0.415,0.3744,5.239,5.6432,41.5,CRITICAL,F3,3,1,cooling_degradation,0.9,1,1,,,,,22,0
2026-08-19T18:54:47.609Z,1787165687609,FAN_DT_001_F3_S09_R01_20260819T184746,1,421.234,FAULT_ACTIVE,F3,0.9,FAN_DT_001,3.0,process-model-3.0.0-build3,6720,1,LIVE,SYNCHRONISED,AUTOMATIC,NORMAL,65,1950,1950,0,145,145,0.3,0.3,25.0918,53.65,1.028,1,0.0254,0,207.97,24.2794,-0.01093,0.415,0.3744,5.257,5.6571,41.5,CRITICAL,F3,3,1,cooling_degradation,0.9,1,1,,,,,22,0
2026-08-19T18:54:48.640Z,1787165688640,FAN_DT_001_F3_S09_R01_20260819T184746,1,422.265,FAULT_ACTIVE,F3,0.9,FAN_DT_001,3.0,process-model-3.0.0-build3,6721,1,LIVE,SYNCHRONISED,AUTOMATIC,NORMAL,65,1950,1950,0,145,145,0.3,0.3,25.11005,53.66,1.028,1,0.0254,0,207.97,24.3392,-0.01099,0.415,0.3744,5.286,5.671,41.5,CRITICAL,F3,3,1,cooling_degradation,0.9,1,1,,,,,22,0
2026-08-19T18:54:49.679Z,1787165689679,FAN_DT_001_F3_S09_R01_20260819T184746,1,423.304,FAULT_ACTIVE,F3,0.9,FAN_DT_001,3.0,process-model-3.0.0-build3,6722,1,LIVE,SYNCHRONISED,AUTOMATIC,NORMAL,65,1950,1950,0,145,145,0.3,0.3,25.12827,53.67,1.028,1,0.0254,0,207.97,24.399,-0.01105,0.415,0.3744,5.312,5.685,41.5,CRITICAL,F3,3,1,cooling_degradation,0.9,1,1,,,,,22,0
2026-08-19T18:54:50.712Z,1787165690712,FAN_DT_001_F3_S09_R01_20260819T184746,1,424.337,FAULT_ACTIVE,F3,0.9,FAN_DT_001,3.0,process-model-3.0.0-build3,6723,1,LIVE,SYNCHRONISED,AUTOMATIC,NORMAL,65,1950,1950,0,145,145,0.3,0.3,25.14647,53.68,1.028,1,0.0254,0,207.97,24.4591,-0.01109,0.415,0.3744,5.334,5.699,41.5,CRITICAL,F3,3,1,cooling_degradation,0.9,1,1,,,,,22,0
2026-08-19T18:54:51.741Z,1787165691741,FAN_DT_001_F3_S09_R01_20260819T184746,1,425.366,FAULT_ACTIVE,F3,0.9,FAN_DT_001,3.0,process-model-3.0.0-build3,6724,1,LIVE,SYNCHRONISED,AUTOMATIC,NORMAL,65,1950,1950,0,145,145,0.3,0.3,25.16433,53.69,1.028,1,0.0254,0,207.97,24.5182,-0.01113,0.415,0.3744,5.35,5.7127,41.5,CRITICAL,F3,3,1,cooling_degradation,0.9,1,1,,,,,22,0
2026-08-19T18:54:52.798Z,1787165692798,FAN_DT_001_F3_S09_R01_20260819T184746,1,426.424,FAULT_ACTIVE,F3,0.9,FAN_DT_001,3.0,process-model-3.0.0-build3,6725,1,LIVE,SYNCHRONISED,AUTOMATIC,NORMAL,65,1950,1950,0,145,145,0.3,0.3,25.18221,53.71,1.028,1,0.0254,0,207.97,24.5778,-0.01118,0.415,0.3744,5.374,5.7266,41.5,CRITICAL,F3,3,1,cooling_degradation,0.9,1,1,,,,,22,0
2026-08-19T18:54:53.808Z,1787165693808,FAN_DT_001_F3_S09_R01_20260819T184746,1,427.433,FAULT_ACTIVE,F3,0.9,FAN_DT_001,3.0,process-model-3.0.0-build3,6726,1,LIVE,SYNCHRONISED,AUTOMATIC,NORMAL,65,1950,1950,0,145,145,0.3,0.3,25.20009,53.72,1.028,1,0.0254,0,207.97,24.6376,-0.01123,0.415,0.3744,5.401,5.7406,41.5,CRITICAL,F3,3,1,cooling_degradation,0.9,1,1,,,,,22,0
2026-08-19T18:54:54.847Z,1787165694847,FAN_DT_001_F3_S09_R01_20260819T184746,1,428.472,FAULT_ACTIVE,F3,0.9,FAN_DT_001,3.0,process-model-3.0.0-build3,6727,1,LIVE,SYNCHRONISED,AUTOMATIC,NORMAL,65,1950,1950,0,145,145,0.3,0.3,25.21778,53.73,1.028,1,0.0254,0,207.97,24.6971,-0.01127,0.415,0.3744,5.42,5.7544,41.5,CRITICAL,F3,3,1,cooling_degradation,0.9,1,1,,,,,22,0
2026-08-19T18:54:55.881Z,1787165695881,FAN_DT_001_F3_S09_R01_20260819T184746,1,429.506,FAULT_ACTIVE,F3,0.9,FAN_DT_001,3.0,process-model-3.0.0-build3,6728,1,LIVE,SYNCHRONISED,AUTOMATIC,NORMAL,65,1950,1950,0,145,145,0.3,0.3,25.23541,53.74,1.028,1,0.0254,0,207.97,24.7569,-0.01132,0.415,0.3744,5.445,5.7683,41.5,CRITICAL,F3,3,1,cooling_degradation,0.9,1,1,,,,,22,0
2026-08-19T18:54:56.920Z,1787165696920,FAN_DT_001_F3_S09_R01_20260819T184746,1,430.545,FAULT_ACTIVE,F3,0.9,FAN_DT_001,3.0,process-model-3.0.0-build3,6729,1,LIVE,SYNCHRONISED,AUTOMATIC,NORMAL,65,1950,1950,0,145,145,0.3,0.3,25.2529,53.75,1.028,1,0.0254,0,207.97,24.8165,-0.01136,0.415,0.3744,5.46,5.7822,41.5,CRITICAL,F3,3,1,cooling_degradation,0.9,1,1,,,,,22,0
2026-08-19T18:54:57.952Z,1787165697952,FAN_DT_001_F3_S09_R01_20260819T184746,1,431.577,FAULT_ACTIVE,F3,0.9,FAN_DT_001,3.0,process-model-3.0.0-build3,6730,1,LIVE,SYNCHRONISED,AUTOMATIC,NORMAL,65,1950,1950,0,145,145,0.3,0.3,25.27022,53.76,1.028,1,0.0254,0,207.97,24.8761,-0.01141,0.415,0.3744,5.489,5.7961,41.5,CRITICAL,F3,3,1,cooling_degradation,0.9,1,1,,,,,22,0
2026-08-19T18:54:59.004Z,1787165699004,FAN_DT_001_F3_S09_R01_20260819T184746,1,432.629,FAULT_ACTIVE,F3,0.9,FAN_DT_001,3.0,process-model-3.0.0-build3,6731,1,LIVE,SYNCHRONISED,AUTOMATIC,NORMAL,65,1950,1950,0,145,145,0.3,0.3,25.28745,53.78,1.028,1,0.0254,0,207.97,24.9358,-0.01144,0.415,0.3744,5.503,5.81,41.5,CRITICAL,F3,3,1,cooling_degradation,0.9,1,1,,,,,22,0
2026-08-19T18:55:00.036Z,1787165700036,FAN_DT_001_F3_S09_R01_20260819T184746,1,433.661,FAULT_ACTIVE,F3,0.9,FAN_DT_001,3.0,process-model-3.0.0-build3,6732,1,LIVE,SYNCHRONISED,AUTOMATIC,NORMAL,65,1950,1950,0,145,145,0.3,0.3,25.30448,53.79,1.028,1,0.0254,0,207.97,24.9954,-0.01147,0.415,0.3744,5.517,5.8239,41.5,CRITICAL,F3,3,1,cooling_degradation,0.9,1,1,,,,,22,0
2026-08-19T18:55:01.059Z,1787165701059,FAN_DT_001_F3_S09_R01_20260819T184746,1,434.684,FAULT_ACTIVE,F3,0.9,FAN_DT_001,3.0,process-model-3.0.0-build3,6733,1,LIVE,SYNCHRONISED,AUTOMATIC,NORMAL,65,1950,1950,0,145,145,0.3,0.3,25.32135,53.8,1.028,1,0.0254,0,207.97,25.055,-0.01153,0.415,0.3744,5.545,5.8378,41.5,CRITICAL,F3,3,1,cooling_degradation,0.9,1,1,,,,,22,0
2026-08-19T18:55:02.088Z,1787165702088,FAN_DT_001_F3_S09_R01_20260819T184746,1,435.713,FAULT_ACTIVE,F3,0.9,FAN_DT_001,3.0,process-model-3.0.0-build3,6734,1,LIVE,SYNCHRONISED,AUTOMATIC,NORMAL,65,1950,1950,0,145,145,0.3,0.3,25.33813,53.81,1.028,1,0.0254,0,207.97,25.1148,-0.01156,0.415,0.3744,5.561,5.8517,41.5,CRITICAL,F3,3,1,cooling_degradation,0.9,1,1,,,,,22,0
2026-08-19T18:55:03.132Z,1787165703132,FAN_DT_001_F3_S09_R01_20260819T184746,1,436.757,FAULT_ACTIVE,F3,0.9,FAN_DT_001,3.0,process-model-3.0.0-build3,6735,1,LIVE,SYNCHRONISED,AUTOMATIC,NORMAL,65,1950,1950,0,145,145,0.3,0.3,25.35468,53.82,1.028,1,0.0254,0,207.97,25.1745,-0.01159,0.415,0.3744,5.575,5.8657,41.5,CRITICAL,F3,3,1,cooling_degradation,0.9,1,1,,,,,22,0
2026-08-19T18:55:04.154Z,1787165704154,FAN_DT_001_F3_S09_R01_20260819T184746,1,437.779,FAULT_ACTIVE,F3,0.9,FAN_DT_001,3.0,process-model-3.0.0-build3,6736,1,LIVE,SYNCHRONISED,AUTOMATIC,NORMAL,65,1950,1950,0,145,145,0.3,0.3,25.37101,53.84,1.028,1,0.0254,0,207.97,25.234,-0.01162,0.415,0.3744,5.586,5.8795,41.5,CRITICAL,F3,3,1,cooling_degradation,0.9,1,1,,,,,22,0
2026-08-19T18:55:05.191Z,1787165705191,FAN_DT_001_F3_S09_R01_20260819T184746,1,438.816,FAULT_ACTIVE,F3,0.9,FAN_DT_001,3.0,process-model-3.0.0-build3,6737,1,LIVE,SYNCHRONISED,AUTOMATIC,NORMAL,65,1950,1950,0,145,145,0.3,0.3,25.38719,53.85,1.028,1,0.0254,0,207.97,25.2937,-0.01165,0.415,0.3744,5.604,5.8934,41.5,CRITICAL,F3,3,1,cooling_degradation,0.9,1,1,,,,,22,0
2026-08-19T18:55:06.219Z,1787165706219,FAN_DT_001_F3_S09_R01_20260819T184746,1,439.844,FAULT_ACTIVE,F3,0.9,FAN_DT_001,3.0,process-model-3.0.0-build3,6738,1,LIVE,SYNCHRONISED,AUTOMATIC,NORMAL,65,1950,1950,0,145,145,0.3,0.3,25.40313,53.86,1.028,1,0.0254,0,207.97,25.3533,-0.01169,0.415,0.3744,5.62,5.9073,41.5,CRITICAL,F3,3,1,cooling_degradation,0.9,1,1,,,,,22,0
2026-08-19T18:55:07.256Z,1787165707256,FAN_DT_001_F3_S09_R01_20260819T184746,1,440.881,FAULT_ACTIVE,F3,0.9,FAN_DT_001,3.0,process-model-3.0.0-build3,6739,1,LIVE,SYNCHRONISED,AUTOMATIC,NORMAL,65,1950,1950,0,145,145,0.3,0.3,25.41884,53.87,1.028,1,0.0254,0,207.97,25.4128,-0.0117,0.415,0.3744,5.628,5.9212,41.5,CRITICAL,F3,3,1,cooling_degradation,0.9,1,1,,,,,22,0
2026-08-19T18:55:08.295Z,1787165708295,FAN_DT_001_F3_S09_R01_20260819T184746,1,441.92,FAULT_ACTIVE,F3,0.9,FAN_DT_001,3.0,process-model-3.0.0-build3,6740,1,LIVE,SYNCHRONISED,AUTOMATIC,NORMAL,65,1950,1950,0,145,145,0.3,0.3,25.43439,53.88,1.028,1,0.0254,0,207.97,25.4725,-0.01172,0.415,0.3744,5.634,5.9351,41.5,CRITICAL,F3,3,1,cooling_degradation,0.9,1,1,,,,,22,0
2026-08-19T18:55:09.348Z,1787165709348,FAN_DT_001_F3_S09_R01_20260819T184746,1,442.973,FAULT_ACTIVE,F3,0.9,FAN_DT_001,3.0,process-model-3.0.0-build3,6741,1,LIVE,SYNCHRONISED,AUTOMATIC,NORMAL,65,1950,1950,0,145,145,0.3,0.3,25.44972,53.9,1.028,1,0.0254,0,207.97,25.5323,-0.01174,0.415,0.3744,5.647,5.949,41.5,CRITICAL,F3,3,1,cooling_degradation,0.9,1,1,,,,,22,0
2026-08-19T18:55:10.361Z,1787165710361,FAN_DT_001_F3_S09_R01_20260819T184746,1,443.986,FAULT_ACTIVE,F3,0.9,FAN_DT_001,3.0,process-model-3.0.0-build3,6742,1,LIVE,SYNCHRONISED,AUTOMATIC,NORMAL,65,1950,1950,0,145,145,0.3,0.3,25.46475,53.91,1.028,1,0.0254,0,207.97,25.5918,-0.01179,0.415,0.3744,5.67,5.9629,41.5,CRITICAL,F3,3,1,cooling_degradation,0.9,1,1,,,,,22,0
2026-08-19T18:55:11.395Z,1787165711395,FAN_DT_001_F3_S09_R01_20260819T184746,1,445.02,FAULT_ACTIVE,F3,0.9,FAN_DT_001,3.0,process-model-3.0.0-build3,6743,1,LIVE,SYNCHRONISED,AUTOMATIC,NORMAL,65,1950,1950,0,145,145,0.3,0.3,25.47961,53.92,1.028,1,0.0254,0,207.97,25.6516,-0.01181,0.415,0.3744,5.677,5.9768,41.5,CRITICAL,F3,3,1,cooling_degradation,0.9,1,1,,,,,22,0
2026-08-19T18:55:12.427Z,1787165712427,FAN_DT_001_F3_S09_R01_20260819T184746,1,446.052,FAULT_ACTIVE,F3,0.9,FAN_DT_001,3.0,process-model-3.0.0-build3,6744,1,LIVE,SYNCHRONISED,AUTOMATIC,NORMAL,65,1950,1950,0,145,145,0.3,0.3,25.49418,53.93,1.028,1,0.0254,0,207.97,25.7113,-0.0118,0.415,0.3744,5.676,5.9907,41.5,CRITICAL,F3,3,1,cooling_degradation,0.9,1,1,,,,,22,0
2026-08-19T18:55:13.463Z,1787165713463,FAN_DT_001_F3_S09_R01_20260819T184746,1,447.088,FAULT_ACTIVE,F3,0.9,FAN_DT_001,3.0,process-model-3.0.0-build3,6745,1,LIVE,SYNCHRONISED,AUTOMATIC,NORMAL,65,1950,1950,0,145,145,0.3,0.3,25.50844,53.95,1.028,1,0.0254,0,207.97,25.7708,-0.01182,0.415,0.3744,5.684,6.0046,41.5,CRITICAL,F3,3,1,cooling_degradation,0.9,1,1,,,,,22,0
2026-08-19T18:55:14.540Z,1787165714540,FAN_DT_001_F3_S09_R01_20260819T184746,1,448.165,FAULT_ACTIVE,F3,0.9,FAN_DT_001,3.0,process-model-3.0.0-build3,6746,1,LIVE,SYNCHRONISED,AUTOMATIC,NORMAL,65,1950,1950,0,145,145,0.3,0.3,25.5225,53.96,1.028,1,0.0254,0,207.97,25.8305,-0.01184,0.415,0.3744,5.692,6.0185,41.5,CRITICAL,F3,3,1,cooling_degradation,0.9,1,1,,,,,22,0
2026-08-19T18:55:15.531Z,1787165715531,FAN_DT_001_F3_S09_R01_20260819T184746,1,449.156,FAULT_ACTIVE,F3,0.9,FAN_DT_001,3.0,process-model-3.0.0-build3,6747,1,LIVE,SYNCHRONISED,AUTOMATIC,NORMAL,65,1950,1950,0,145,145,0.3,0.3,25.53631,53.97,1.028,1,0.0254,0,207.97,25.8904,-0.01186,0.415,0.3744,5.702,6.0325,41.5,CRITICAL,F3,3,1,cooling_degradation,0.9,1,1,,,,,22,0
2026-08-19T18:55:16.571Z,1787165716571,FAN_DT_001_F3_S09_R01_20260819T184746,1,450.196,FAULT_ACTIVE,F3,0.9,FAN_DT_001,3.0,process-model-3.0.0-build3,6748,1,LIVE,SYNCHRONISED,AUTOMATIC,NORMAL,65,1950,1950,0,145,145,0.3,0.3,25.54978,53.98,1.028,1,0.0254,0,207.97,25.95,-0.01188,0.415,0.3744,5.712,6.0463,41.5,CRITICAL,F3,3,1,cooling_degradation,0.9,1,1,,,,,22,0
2026-08-19T18:55:17.606Z,1787165717606,FAN_DT_001_F3_S09_R01_20260819T184746,1,451.231,FAULT_ACTIVE,F3,0.9,FAN_DT_001,3.0,process-model-3.0.0-build3,6749,1,LIVE,SYNCHRONISED,AUTOMATIC,NORMAL,65,1950,1950,0,145,145,0.3,0.3,25.563,53.99,1.028,1,0.0254,0,207.97,26.0098,-0.01187,0.415,0.3744,5.707,6.0603,41.5,CRITICAL,F3,3,1,cooling_degradation,0.9,1,1,,,,,22,0
2026-08-19T18:55:18.638Z,1787165718638,FAN_DT_001_F3_S09_R01_20260819T184746,1,452.263,FAULT_ACTIVE,F3,0.9,FAN_DT_001,3.0,process-model-3.0.0-build3,6750,1,LIVE,SYNCHRONISED,AUTOMATIC,NORMAL,65,1950,1950,0,145,145,0.3,0.3,25.57589,54.01,1.028,1,0.0254,0,207.97,26.0694,-0.01187,0.415,0.3744,5.707,6.0742,41.5,CRITICAL,F3,3,1,cooling_degradation,0.9,1,1,,,,,22,0
2026-08-19T18:55:19.678Z,1787165719678,FAN_DT_001_F3_S09_R01_20260819T184746,1,453.303,FAULT_ACTIVE,F3,0.9,FAN_DT_001,3.0,process-model-3.0.0-build3,6751,1,LIVE,SYNCHRONISED,AUTOMATIC,NORMAL,65,1950,1950,0,145,145,0.3,0.3,25.58844,54.02,1.028,1,0.0254,0,207.97,26.1289,-0.01188,0.415,0.3744,5.712,6.088,41.5,CRITICAL,F3,3,1,cooling_degradation,0.9,1,1,,,,,22,0
2026-08-19T18:55:20.712Z,1787165720712,FAN_DT_001_F3_S09_R01_20260819T184746,1,454.336,FAULT_ACTIVE,F3,0.9,FAN_DT_001,3.0,process-model-3.0.0-build3,6752,1,LIVE,SYNCHRONISED,AUTOMATIC,NORMAL,65,1950,1950,0,145,145,0.3,0.3,25.60074,54.03,1.028,1,0.0254,0,207.97,26.1886,-0.01187,0.415,0.3744,5.705,6.1019,41.5,CRITICAL,F3,3,1,cooling_degradation,0.9,1,1,,,,,22,0
2026-08-19T18:55:21.747Z,1787165721747,FAN_DT_001_F3_S09_R01_20260819T184746,1,455.372,FAULT_ACTIVE,F3,0.9,FAN_DT_001,3.0,process-model-3.0.0-build3,6753,1,LIVE,SYNCHRONISED,AUTOMATIC,NORMAL,65,1950,1950,0,145,145,0.3,0.3,25.61281,54.04,1.028,1,0.0254,0,207.97,26.2488,-0.01187,0.415,0.3744,5.707,6.116,41.5,CRITICAL,F3,3,1,cooling_degradation,0.9,1,1,,,,,22,0
2026-08-19T18:55:22.778Z,1787165722778,FAN_DT_001_F3_S09_R01_20260819T184746,1,456.403,FAULT_ACTIVE,F3,0.9,FAN_DT_001,3.0,process-model-3.0.0-build3,6754,1,LIVE,SYNCHRONISED,AUTOMATIC,NORMAL,65,1950,1950,0,145,145,0.3,0.3,25.62441,54.06,1.028,1,0.0254,0,207.97,26.3083,-0.01186,0.415,0.3744,5.702,6.1298,41.5,CRITICAL,F3,3,1,cooling_degradation,0.9,1,1,,,,,22,0
2026-08-19T18:55:23.817Z,1787165723817,FAN_DT_001_F3_S09_R01_20260819T184746,1,457.442,FAULT_ACTIVE,F3,0.9,FAN_DT_001,3.0,process-model-3.0.0-build3,6755,1,LIVE,SYNCHRONISED,AUTOMATIC,NORMAL,65,1950,1950,0,145,145,0.3,0.3,25.63572,54.07,1.028,1,0.0254,0,207.97,26.3679,-0.01185,0.415,0.3744,5.698,6.1437,41.5,CRITICAL,F3,3,1,cooling_degradation,0.9,1,1,,,,,22,0
2026-08-19T18:55:24.858Z,1787165724858,FAN_DT_001_F3_S09_R01_20260819T184746,1,458.483,FAULT_ACTIVE,F3,0.9,FAN_DT_001,3.0,process-model-3.0.0-build3,6756,1,LIVE,SYNCHRONISED,AUTOMATIC,NORMAL,65,1950,1950,0,145,145,0.3,0.3,25.64671,54.08,1.028,1,0.0254,0,207.97,26.4277,-0.01186,0.415,0.3744,5.702,6.1576,41.5,CRITICAL,F3,3,1,cooling_degradation,0.9,1,1,,,,,22,0
2026-08-19T18:55:25.890Z,1787165725890,FAN_DT_001_F3_S09_R01_20260819T184746,1,459.515,FAULT_ACTIVE,F3,0.9,FAN_DT_001,3.0,process-model-3.0.0-build3,6757,1,LIVE,SYNCHRONISED,AUTOMATIC,NORMAL,65,1950,1950,0,145,145,0.3,0.3,25.65736,54.09,1.028,1,0.0254,0,207.97,26.4874,-0.01184,0.415,0.3744,5.692,6.1716,41.5,CRITICAL,F3,3,1,cooling_degradation,0.9,1,1,,,,,22,0
2026-08-19T18:55:26.923Z,1787165726923,FAN_DT_001_F3_S09_R01_20260819T184746,1,460.548,FAULT_ACTIVE,F3,0.9,FAN_DT_001,3.0,process-model-3.0.0-build3,6758,1,LIVE,SYNCHRONISED,AUTOMATIC,NORMAL,65,1950,1950,0,145,145,0.3,0.3,25.66764,54.1,1.028,1,0.0254,0,207.97,26.547,-0.01183,0.415,0.3744,5.688,6.1855,41.5,CRITICAL,F3,3,1,cooling_degradation,0.9,1,1,,,,,22,0
2026-08-19T18:55:27.955Z,1787165727955,FAN_DT_001_F3_S09_R01_20260819T184746,1,461.58,FAULT_ACTIVE,F3,0.9,FAN_DT_001,3.0,process-model-3.0.0-build3,6759,1,LIVE,SYNCHRONISED,AUTOMATIC,NORMAL,65,1950,1950,0,145,145,0.3,0.3,25.67756,54.12,1.028,1,0.0254,0,207.97,26.6066,-0.01182,0.415,0.3744,5.684,6.1993,41.5,CRITICAL,F3,3,1,cooling_degradation,0.9,1,1,,,,,22,0
2026-08-19T18:55:28.996Z,1787165728996,FAN_DT_001_F3_S09_R01_20260819T184746,1,462.62,FAULT_ACTIVE,F3,0.9,FAN_DT_001,3.0,process-model-3.0.0-build3,6760,1,LIVE,SYNCHRONISED,AUTOMATIC,NORMAL,65,1950,1950,0,145,145,0.3,0.3,25.68716,54.13,1.028,1,0.0254,0,207.97,26.6663,-0.01178,0.415,0.3744,5.663,6.2132,41.5,CRITICAL,F3,3,1,cooling_degradation,0.9,1,1,,,,,22,0
2026-08-19T18:55:30.042Z,1787165730042,FAN_DT_001_F3_S09_R01_20260819T184746,1,463.667,FAULT_ACTIVE,F3,0.9,FAN_DT_001,3.0,process-model-3.0.0-build3,6761,1,LIVE,SYNCHRONISED,AUTOMATIC,NORMAL,65,1950,1950,0,145,145,0.3,0.3,25.69638,54.14,1.028,1,0.0254,0,207.97,26.726,-0.01178,0.415,0.3744,5.663,6.2272,41.5,CRITICAL,F3,3,1,cooling_degradation,0.9,1,1,,,,,22,0
2026-08-19T18:55:31.057Z,1787165731057,FAN_DT_001_F3_S09_R01_20260819T184746,1,464.682,FAULT_ACTIVE,F3,0.9,FAN_DT_001,3.0,process-model-3.0.0-build3,6762,1,LIVE,SYNCHRONISED,AUTOMATIC,NORMAL,65,1950,1950,0,145,145,0.3,0.3,25.70523,54.15,1.028,1,0.0254,0,207.97,26.7856,-0.01173,0.415,0.3744,5.642,6.241,41.5,CRITICAL,F3,3,1,cooling_degradation,0.9,1,1,,,,,22,0
2026-08-19T18:55:32.094Z,1787165732094,FAN_DT_001_F3_S09_R01_20260819T184746,1,465.719,FAULT_ACTIVE,F3,0.9,FAN_DT_001,3.0,process-model-3.0.0-build3,6763,1,LIVE,SYNCHRONISED,AUTOMATIC,NORMAL,65,1950,1950,0,145,145,0.3,0.3,25.71371,54.17,1.028,1,0.0254,0,207.97,26.8453,-0.01171,0.415,0.3744,5.633,6.2549,41.5,CRITICAL,F3,3,1,cooling_degradation,0.9,1,1,,,,,22,0
2026-08-19T18:55:33.125Z,1787165733125,FAN_DT_001_F3_S09_R01_20260819T184746,1,466.75,FAULT_ACTIVE,F3,0.9,FAN_DT_001,3.0,process-model-3.0.0-build3,6764,1,LIVE,SYNCHRONISED,AUTOMATIC,NORMAL,65,1950,1950,0,145,145,0.3,0.3,25.72183,54.18,1.028,1,0.0254,0,207.97,26.905,-0.01169,0.415,0.3744,5.619,6.2689,41.5,CRITICAL,F3,3,1,cooling_degradation,0.9,1,1,,,,,22,0
2026-08-19T18:55:34.184Z,1787165734184,FAN_DT_001_F3_S09_R01_20260819T184746,1,467.809,FAULT_ACTIVE,F3,0.9,FAN_DT_001,3.0,process-model-3.0.0-build3,6765,1,LIVE,SYNCHRONISED,AUTOMATIC,NORMAL,65,1950,1950,0,145,145,0.3,0.3,25.72956,54.19,1.028,1,0.0254,0,207.97,26.9647,-0.01165,0.415,0.3744,5.601,6.2828,41.5,CRITICAL,F3,3,1,cooling_degradation,0.9,1,1,,,,,22,0
2026-08-19T18:55:35.231Z,1787165735231,FAN_DT_001_F3_S09_R01_20260819T184746,1,468.856,FAULT_ACTIVE,F3,0.9,FAN_DT_001,3.0,process-model-3.0.0-build3,6766,1,LIVE,SYNCHRONISED,AUTOMATIC,NORMAL,65,1950,1950,0,145,145,0.3,0.3,25.7369,54.2,1.028,1,0.0254,0,207.97,27.0243,-0.01162,0.415,0.3744,5.586,6.2967,41.5,CRITICAL,F3,3,1,cooling_degradation,0.9,1,1,,,,,22,0
2026-08-19T18:55:36.234Z,1787165736234,FAN_DT_001_F3_S09_R01_20260819T184746,1,469.859,FAULT_ACTIVE,F3,0.9,FAN_DT_001,3.0,process-model-3.0.0-build3,6767,1,LIVE,SYNCHRONISED,AUTOMATIC,NORMAL,65,1950,1950,0,145,145,0.3,0.3,25.74387,54.21,1.028,1,0.0254,0,207.97,27.0842,-0.01159,0.415,0.3744,5.574,6.3106,41.5,CRITICAL,F3,3,1,cooling_degradation,0.9,1,1,,,,,22,0
2026-08-19T18:55:37.266Z,1787165737266,FAN_DT_001_F3_S09_R01_20260819T184746,1,470.891,FAULT_ACTIVE,F3,0.9,FAN_DT_001,3.0,process-model-3.0.0-build3,6768,1,LIVE,SYNCHRONISED,AUTOMATIC,NORMAL,65,1950,1950,0,145,145,0.3,0.3,25.7504,54.23,1.028,1,0.0254,0,207.97,27.1436,-0.01154,0.415,0.3744,5.547,6.3245,41.5,CRITICAL,F3,3,1,cooling_degradation,0.9,1,1,,,,,22,0
2026-08-19T18:55:38.298Z,1787165738298,FAN_DT_001_F3_S09_R01_20260819T184746,1,471.923,FAULT_ACTIVE,F3,0.9,FAN_DT_001,3.0,process-model-3.0.0-build3,6769,1,LIVE,SYNCHRONISED,AUTOMATIC,NORMAL,65,1950,1950,0,145,145,0.3,0.3,25.75657,54.24,1.028,1,0.0254,0,207.97,27.2033,-0.0115,0.415,0.3744,5.531,6.3384,41.5,CRITICAL,F3,3,1,cooling_degradation,0.9,1,1,,,,,22,0
2026-08-19T18:55:39.341Z,1787165739341,FAN_DT_001_F3_S09_R01_20260819T184746,1,472.966,FAULT_ACTIVE,F3,0.9,FAN_DT_001,3.0,process-model-3.0.0-build3,6770,1,LIVE,SYNCHRONISED,AUTOMATIC,NORMAL,65,1950,1950,0,145,145,0.3,0.3,25.76233,54.25,1.028,1,0.0254,0,207.97,27.2629,-0.01144,0.415,0.3744,5.503,6.3523,41.5,CRITICAL,F3,3,1,cooling_degradation,0.9,1,1,,,,,22,0
2026-08-19T18:55:40.372Z,1787165740372,FAN_DT_001_F3_S09_R01_20260819T184746,1,473.997,FAULT_ACTIVE,F3,0.9,FAN_DT_001,3.0,process-model-3.0.0-build3,6771,1,LIVE,SYNCHRONISED,AUTOMATIC,NORMAL,65,1950,1950,0,145,145,0.3,0.3,25.76771,54.26,1.028,1,0.0254,0,207.97,27.3226,-0.01141,0.415,0.3744,5.488,6.3662,41.5,CRITICAL,F3,3,1,cooling_degradation,0.9,1,1,,,,,22,0
2026-08-19T18:55:41.403Z,1787165741403,FAN_DT_001_F3_S09_R01_20260819T184746,1,475.029,FAULT_ACTIVE,F3,0.9,FAN_DT_001,3.0,process-model-3.0.0-build3,6772,1,LIVE,SYNCHRONISED,AUTOMATIC,NORMAL,65,1950,1950,0,145,145,0.3,0.3,25.77268,54.27,1.028,1,0.0254,0,207.97,27.3824,-0.01135,0.415,0.3744,5.46,6.3801,41.5,CRITICAL,F3,3,1,cooling_degradation,0.9,1,1,,,,,22,0
2026-08-19T18:55:42.439Z,1787165742439,FAN_DT_001_F3_S09_R01_20260819T184746,1,476.064,FAULT_ACTIVE,F3,0.9,FAN_DT_001,3.0,process-model-3.0.0-build3,6773,1,LIVE,SYNCHRONISED,AUTOMATIC,NORMAL,65,1950,1950,0,145,145,0.3,0.3,25.77722,54.28,1.028,1,0.0254,0,207.97,27.442,-0.0113,0.415,0.3744,5.434,6.394,41.5,CRITICAL,F3,3,1,cooling_degradation,0.9,1,1,,,,,22,0
2026-08-19T18:55:43.479Z,1787165743479,FAN_DT_001_F3_S09_R01_20260819T184746,1,477.105,FAULT_ACTIVE,F3,0.9,FAN_DT_001,3.0,process-model-3.0.0-build3,6774,1,LIVE,SYNCHRONISED,AUTOMATIC,NORMAL,65,1950,1950,0,145,145,0.3,0.3,25.78137,54.3,1.028,1,0.0254,0,207.97,27.5016,-0.01123,0.415,0.3744,5.402,6.4079,41.5,CRITICAL,F3,3,1,cooling_degradation,0.9,1,1,,,,,22,0
2026-08-19T18:55:44.505Z,1787165744505,FAN_DT_001_F3_S09_R01_20260819T184746,1,478.13,FAULT_ACTIVE,F3,0.9,FAN_DT_001,3.0,process-model-3.0.0-build3,6775,1,LIVE,SYNCHRONISED,AUTOMATIC,NORMAL,65,1950,1950,0,145,145,0.3,0.3,25.7851,54.31,1.028,1,0.0254,0,207.97,27.5614,-0.0112,0.415,0.3744,5.386,6.4218,41.5,CRITICAL,F3,3,1,cooling_degradation,0.9,1,1,,,,,22,0
2026-08-19T18:55:45.540Z,1787165745540,FAN_DT_001_F3_S09_R01_20260819T184746,1,479.165,FAULT_ACTIVE,F3,0.9,FAN_DT_001,3.0,process-model-3.0.0-build3,6776,1,LIVE,SYNCHRONISED,AUTOMATIC,NORMAL,65,1950,1950,0,145,145,0.3,0.3,25.78841,54.32,1.028,1,0.0254,0,207.97,27.6208,-0.01113,0.415,0.3744,5.35,6.4356,41.5,CRITICAL,F3,3,1,cooling_degradation,0.9,1,1,,,,,22,0
2026-08-19T18:55:46.580Z,1787165746580,FAN_DT_001_F3_S09_R01_20260819T184746,1,480.205,FAULT_ACTIVE,F3,0.9,FAN_DT_001,3.0,process-model-3.0.0-build3,6777,1,LIVE,SYNCHRONISED,AUTOMATIC,NORMAL,65,1950,1950,0,145,145,0.3,0.3,25.79132,54.33,1.028,1,0.0254,0,207.97,27.6805,-0.01105,0.415,0.3744,5.315,6.4496,41.5,CRITICAL,F3,3,1,cooling_degradation,0.9,1,1,,,,,22,0
2026-08-19T18:55:47.614Z,1787165747614,FAN_DT_001_F3_S09_R01_20260819T184746,1,481.239,FAULT_ACTIVE,F3,0.9,FAN_DT_001,3.0,process-model-3.0.0-build3,6778,1,LIVE,SYNCHRONISED,AUTOMATIC,NORMAL,65,1950,1950,0,145,145,0.3,0.3,25.79382,54.34,1.028,1,0.0254,0,207.97,27.7403,-0.01099,0.415,0.3744,5.283,6.4635,41.5,CRITICAL,F3,3,1,cooling_degradation,0.9,1,1,,,,,22,0
2026-08-19T18:55:48.646Z,1787165748646,FAN_DT_001_F3_S09_R01_20260819T184746,1,482.271,FAULT_ACTIVE,F3,0.9,FAN_DT_001,3.0,process-model-3.0.0-build3,6779,1,LIVE,SYNCHRONISED,AUTOMATIC,NORMAL,65,1950,1950,0,145,145,0.3,0.3,25.79589,54.35,1.028,1,0.0254,0,207.97,27.8,-0.01092,0.415,0.3744,5.253,6.4774,41.5,CRITICAL,F3,3,1,cooling_degradation,0.9,1,1,,,,,22,0
2026-08-19T18:55:49.684Z,1787165749684,FAN_DT_001_F3_S09_R01_20260819T184746,1,483.309,FAULT_ACTIVE,F3,0.9,FAN_DT_001,3.0,process-model-3.0.0-build3,6780,1,LIVE,SYNCHRONISED,AUTOMATIC,NORMAL,65,1950,1950,0,145,145,0.3,0.3,25.79753,54.36,1.028,1,0.0254,0,207.97,27.8597,-0.01085,0.415,0.3744,5.216,6.4913,41.5,CRITICAL,F3,3,1,cooling_degradation,0.9,1,1,,,,,22,0
2026-08-19T18:55:50.717Z,1787165750717,FAN_DT_001_F3_S09_R01_20260819T184746,1,484.343,FAULT_ACTIVE,F3,0.9,FAN_DT_001,3.0,process-model-3.0.0-build3,6781,1,LIVE,SYNCHRONISED,AUTOMATIC,NORMAL,65,1950,1950,0,145,145,0.3,0.3,25.79877,54.38,1.028,1,0.0254,0,207.97,27.9195,-0.01078,0.415,0.3744,5.183,6.5052,41.5,CRITICAL,F3,3,1,cooling_degradation,0.9,1,1,,,,,22,0
2026-08-19T18:55:51.746Z,1787165751746,FAN_DT_001_F3_S09_R01_20260819T184746,1,485.371,FAULT_ACTIVE,F3,0.9,FAN_DT_001,3.0,process-model-3.0.0-build3,6782,1,LIVE,SYNCHRONISED,AUTOMATIC,NORMAL,65,1950,1950,0,145,145,0.3,0.3,25.79957,54.39,1.028,1,0.0254,0,207.97,27.9787,-0.01072,0.415,0.3744,5.156,6.519,41.5,CRITICAL,F3,3,1,cooling_degradation,0.9,1,1,,,,,22,0
2026-08-19T18:55:55.219Z,1787165755219,FAN_DT_001_F3_S09_R01_20260819T184746,1,488.844,FAULT_ACTIVE,F3,0.9,FAN_DT_001,3.0,process-model-3.0.0-build3,6783,1,DELAYED,DELAYED,AUTOMATIC,NORMAL,65,1950,1950,0,145,145,0.3,0.3,25.79996,54.4,1.028,1,0.0254,0,207.97,28.0384,-0.01063,0.415,0.3744,5.113,6.5329,41.5,CRITICAL,F3,3,1,cooling_degradation,0.9,1,1,,,,,22,0
2026-08-19T18:55:55.419Z,1787165755419,FAN_DT_001_F3_S09_R01_20260819T184746,1,489.044,FAULT_ACTIVE,F3,0.9,FAN_DT_001,3.0,process-model-3.0.0-build3,6784,1,LIVE,SYNCHRONISED,AUTOMATIC,NORMAL,65,1950,1950,0,145,145,0.3,0.3,25.79993,54.41,1.028,1,0.0254,0,207.97,28.0981,-0.01054,0.415,0.3744,5.07,6.5469,41.5,CRITICAL,F3,3,1,cooling_degradation,0.9,1,1,,,,,22,0
2026-08-19T18:55:55.505Z,1787165755505,FAN_DT_001_F3_S09_R01_20260819T184746,1,489.13,FAULT_ACTIVE,F3,0.9,FAN_DT_001,3.0,process-model-3.0.0-build3,6785,1,LIVE,SYNCHRONISED,AUTOMATIC,NORMAL,65,1950,1950,0,145,145,0.3,0.3,25.79948,54.42,1.028,1,0.0254,0,207.97,28.1576,-0.01045,0.415,0.3744,5.027,6.5607,41.5,CRITICAL,F3,3,1,cooling_degradation,0.9,1,1,,,,,22,0
2026-08-19T18:55:55.881Z,1787165755881,FAN_DT_001_F3_S09_R01_20260819T184746,1,489.508,FAULT_ACTIVE,F3,0.9,FAN_DT_001,3.0,process-model-3.0.0-build3,6786,1,LIVE,SYNCHRONISED,AUTOMATIC,NORMAL,65,1950,1950,0,145,145,0.3,0.3,25.7986,54.43,1.028,1,0.0254,0,207.97,28.2174,-0.01036,0.415,0.3744,4.983,6.5746,41.5,CRITICAL,F3,3,1,cooling_degradation,0.9,1,1,,,,,22,0
2026-08-19T18:55:56.923Z,1787165756923,FAN_DT_001_F3_S09_R01_20260819T184746,1,490.547,FAULT_ACTIVE,F3,0.9,FAN_DT_001,3.0,process-model-3.0.0-build3,6787,1,LIVE,SYNCHRONISED,AUTOMATIC,NORMAL,65,1950,1950,0,145,145,0.3,0.3,25.79731,54.44,1.028,1,0.0254,0,207.97,28.277,-0.01029,0.415,0.3744,4.947,6.5885,41.5,CRITICAL,F3,3,1,cooling_degradation,0.9,1,1,,,,,22,0
2026-08-19T18:55:57.957Z,1787165757957,FAN_DT_001_F3_S09_R01_20260819T184746,1,491.582,FAULT_ACTIVE,F3,0.9,FAN_DT_001,3.0,process-model-3.0.0-build3,6788,1,LIVE,SYNCHRONISED,AUTOMATIC,NORMAL,65,1950,1950,0,145,145,0.3,0.3,25.7956,54.45,1.028,1,0.0254,0,207.97,28.3365,-0.01019,0.415,0.3744,4.901,6.6024,41.5,CRITICAL,F3,3,1,cooling_degradation,0.9,1,1,,,,,22,0
2026-08-19T18:55:58.984Z,1787165758984,FAN_DT_001_F3_S09_R01_20260819T184746,1,492.609,FAULT_ACTIVE,F3,0.9,FAN_DT_001,3.0,process-model-3.0.0-build3,6789,1,LIVE,SYNCHRONISED,AUTOMATIC,NORMAL,65,1950,1950,0,145,145,0.3,0.3,25.79347,54.46,1.028,1,0.0254,0,207.97,28.3962,-0.0101,0.415,0.3744,4.857,6.6163,41.5,CRITICAL,F3,3,1,cooling_degradation,0.9,1,1,,,,,22,0
2026-08-19T18:56:00.047Z,1787165760047,FAN_DT_001_F3_S09_R01_20260819T184746,1,493.672,FAULT_ACTIVE,F3,0.9,FAN_DT_001,3.0,process-model-3.0.0-build3,6790,1,LIVE,SYNCHRONISED,AUTOMATIC,NORMAL,65,1950,1950,0,145,145,0.3,0.3,25.79092,54.47,1.028,1,0.0254,0,207.97,28.4557,-0.01002,0.415,0.3744,4.817,6.6302,41.5,CRITICAL,F3,3,1,cooling_degradation,0.9,1,1,,,,,22,0
2026-08-19T18:56:01.051Z,1787165761051,FAN_DT_001_F3_S09_R01_20260819T184746,1,494.676,FAULT_ACTIVE,F3,0.9,FAN_DT_001,3.0,process-model-3.0.0-build3,6791,1,LIVE,SYNCHRONISED,AUTOMATIC,NORMAL,65,1950,1950,0,145,145,0.3,0.3,25.78795,54.48,1.028,1,0.0254,0,207.97,28.5155,-0.0099,0.415,0.3744,4.76,6.6441,41.5,CRITICAL,F3,3,1,cooling_degradation,0.9,1,1,,,,,22,0
2026-08-19T18:56:02.095Z,1787165762095,FAN_DT_001_F3_S09_R01_20260819T184746,1,495.72,FAULT_ACTIVE,F3,0.9,FAN_DT_001,3.0,process-model-3.0.0-build3,6792,1,LIVE,SYNCHRONISED,AUTOMATIC,NORMAL,65,1950,1950,0,145,145,0.3,0.3,25.78458,54.49,1.028,1,0.0254,0,207.97,28.5749,-0.0098,0.415,0.3744,4.711,6.658,41.5,CRITICAL,F3,3,1,cooling_degradation,0.9,1,1,,,,,22,0
2026-08-19T18:56:03.122Z,1787165763122,FAN_DT_001_F3_S09_R01_20260819T184746,1,496.749,FAULT_ACTIVE,F3,0.9,FAN_DT_001,3.0,process-model-3.0.0-build3,6793,1,LIVE,SYNCHRONISED,AUTOMATIC,NORMAL,65,1950,1950,0,145,145,0.3,0.3,25.78079,54.5,1.028,1,0.0254,0,207.97,28.6346,-0.0097,0.415,0.3744,4.665,6.6719,41.5,CRITICAL,F3,3,1,cooling_degradation,0.9,1,1,,,,,22,0
2026-08-19T18:56:04.163Z,1787165764163,FAN_DT_001_F3_S09_R01_20260819T184746,1,497.788,FAULT_ACTIVE,F3,0.9,FAN_DT_001,3.0,process-model-3.0.0-build3,6794,1,LIVE,SYNCHRONISED,AUTOMATIC,NORMAL,65,1950,1950,0,145,145,0.3,0.3,25.77658,54.51,1.028,1,0.0254,0,207.97,28.6944,-0.0096,0.415,0.3744,4.614,6.6858,41.5,CRITICAL,F3,3,1,cooling_degradation,0.9,1,1,,,,,22,0
2026-08-19T18:56:05.187Z,1787165765187,FAN_DT_001_F3_S09_R01_20260819T184746,1,498.812,FAULT_ACTIVE,F3,0.9,FAN_DT_001,3.0,process-model-3.0.0-build3,6795,1,LIVE,SYNCHRONISED,AUTOMATIC,NORMAL,65,1950,1950,0,145,145,0.3,0.3,25.77198,54.52,1.028,1,0.0254,0,207.97,28.7538,-0.00949,0.415,0.3744,4.564,6.6996,41.5,CRITICAL,F3,3,1,cooling_degradation,0.9,1,1,,,,,22,0
2026-08-19T18:56:06.218Z,1787165766218,FAN_DT_001_F3_S09_R01_20260819T184746,1,499.843,FAULT_ACTIVE,F3,0.9,FAN_DT_001,3.0,process-model-3.0.0-build3,6796,1,LIVE,SYNCHRONISED,AUTOMATIC,NORMAL,65,1950,1950,0,145,145,0.3,0.3,25.76695,54.53,1.028,1,0.0254,0,207.97,28.8136,-0.00938,0.415,0.3744,4.513,6.7136,41.5,CRITICAL,F3,3,1,cooling_degradation,0.9,1,1,,,,,22,0
2026-08-19T18:56:07.257Z,1787165767257,FAN_DT_001_F3_S09_R01_20260819T184746,1,500.883,FAULT_ACTIVE,F3,0.9,FAN_DT_001,3.0,process-model-3.0.0-build3,6797,1,LIVE,SYNCHRONISED,AUTOMATIC,NORMAL,65,1950,1950,0,145,145,0.3,0.3,25.76155,54.54,1.028,1,0.0254,0,207.97,28.8731,-0.00926,0.415,0.3744,4.453,6.7274,41.5,CRITICAL,F3,3,1,cooling_degradation,0.9,1,1,,,,,22,0
2026-08-19T18:56:08.302Z,1787165768302,FAN_DT_001_F3_S09_R01_20260819T184746,1,501.927,FAULT_ACTIVE,F3,0.9,FAN_DT_001,3.0,process-model-3.0.0-build3,6798,1,LIVE,SYNCHRONISED,AUTOMATIC,NORMAL,65,1950,1950,0,145,145,0.3,0.3,25.7557,54.55,1.028,1,0.0254,0,207.97,28.9329,-0.00914,0.415,0.3744,4.396,6.7414,41.5,CRITICAL,F3,3,1,cooling_degradation,0.9,1,1,,,,,22,0
2026-08-19T18:56:09.337Z,1787165769337,FAN_DT_001_F3_S09_R01_20260819T184746,1,502.962,FAULT_ACTIVE,F3,0.9,FAN_DT_001,3.0,process-model-3.0.0-build3,6799,1,LIVE,SYNCHRONISED,AUTOMATIC,NORMAL,65,1950,1950,0,145,145,0.3,0.3,25.74951,54.56,1.028,1,0.0254,0,207.97,28.9923,-0.00904,0.415,0.3744,4.349,6.7552,41.5,CRITICAL,F3,3,1,cooling_degradation,0.9,1,1,,,,,22,0
2026-08-19T18:56:10.356Z,1787165770356,FAN_DT_001_F3_S09_R01_20260819T184746,1,503.981,FAULT_ACTIVE,F3,0.9,FAN_DT_001,3.0,process-model-3.0.0-build3,6800,1,LIVE,SYNCHRONISED,AUTOMATIC,NORMAL,65,1950,1950,0,145,145,0.3,0.3,25.74286,54.57,1.028,1,0.0254,0,207.97,29.0522,-0.00893,0.415,0.3744,4.294,6.7692,41.5,CRITICAL,F3,3,1,cooling_degradation,0.9,1,1,,,,,22,0
2026-08-19T18:56:11.400Z,1787165771400,FAN_DT_001_F3_S09_R01_20260819T184746,1,505.025,FAULT_ACTIVE,F3,0.9,FAN_DT_001,3.0,process-model-3.0.0-build3,6801,1,LIVE,SYNCHRONISED,AUTOMATIC,NORMAL,65,1950,1950,0,145,145,0.3,0.3,25.73584,54.58,1.028,1,0.0254,0,207.97,29.112,-0.00881,0.415,0.3744,4.238,6.7831,41.5,CRITICAL,F3,3,1,cooling_degradation,0.9,1,1,,,,,22,0
2026-08-19T18:56:12.433Z,1787165772433,FAN_DT_001_F3_S09_R01_20260819T184746,1,506.059,FAULT_ACTIVE,F3,0.9,FAN_DT_001,3.0,process-model-3.0.0-build3,6802,1,LIVE,SYNCHRONISED,AUTOMATIC,NORMAL,65,1950,1950,0,145,145,0.3,0.3,25.72848,54.59,1.028,1,0.0254,0,207.97,29.1713,-0.00868,0.415,0.3744,4.174,6.7969,41.5,CRITICAL,F3,3,1,cooling_degradation,0.9,1,1,,,,,22,0
2026-08-19T18:56:13.455Z,1787165773455,FAN_DT_001_F3_S09_R01_20260819T184746,1,507.08,FAULT_ACTIVE,F3,0.9,FAN_DT_001,3.0,process-model-3.0.0-build3,6803,1,LIVE,SYNCHRONISED,AUTOMATIC,NORMAL,65,1950,1950,0,145,145,0.3,0.3,25.72069,54.6,1.028,1,0.0254,0,207.97,29.2311,-0.00856,0.415,0.3744,4.117,6.8109,41.5,CRITICAL,F3,3,1,cooling_degradation,0.9,1,1,,,,,22,0
2026-08-19T18:56:14.497Z,1787165774497,FAN_DT_001_F3_S09_R01_20260819T184746,1,508.122,FAULT_ACTIVE,F3,0.9,FAN_DT_001,3.0,process-model-3.0.0-build3,6804,1,LIVE,SYNCHRONISED,AUTOMATIC,NORMAL,65,1950,1950,0,145,145,0.3,0.3,25.71255,54.61,1.028,1,0.0254,0,207.97,29.2906,-0.00844,0.415,0.3744,4.061,6.8247,41.5,CRITICAL,F3,3,1,cooling_degradation,0.9,1,1,,,,,22,0
2026-08-19T18:56:15.530Z,1787165775530,FAN_DT_001_F3_S09_R01_20260819T184746,1,509.155,FAULT_ACTIVE,F3,0.9,FAN_DT_001,3.0,process-model-3.0.0-build3,6805,1,LIVE,SYNCHRONISED,AUTOMATIC,NORMAL,65,1950,1950,0,145,145,0.3,0.3,25.70399,54.61,1.028,1,0.0254,0,207.97,29.3505,-0.0083,0.415,0.3744,3.989,6.8387,41.5,CRITICAL,F3,3,1,cooling_degradation,0.9,1,1,,,,,22,0
2026-08-19T18:56:16.557Z,1787165776557,FAN_DT_001_F3_S09_R01_20260819T184746,1,510.182,FAULT_ACTIVE,F3,0.9,FAN_DT_001,3.0,process-model-3.0.0-build3,6806,1,LIVE,SYNCHRONISED,AUTOMATIC,NORMAL,65,1950,1950,0,145,145,0.3,0.3,25.6951,54.62,1.028,1,0.0254,0,207.97,29.41,-0.00818,0.415,0.3744,3.932,6.8525,41.5,CRITICAL,F3,3,1,cooling_degradation,0.9,1,1,,,,,22,0
2026-08-19T18:56:17.594Z,1787165777594,FAN_DT_001_F3_S09_R01_20260819T184746,1,511.219,FAULT_ACTIVE,F3,0.9,FAN_DT_001,3.0,process-model-3.0.0-build3,6807,1,LIVE,SYNCHRONISED,AUTOMATIC,NORMAL,65,1950,1950,0,145,145,0.3,0.3,25.68585,54.63,1.028,1,0.0254,0,207.97,29.4695,-0.00805,0.415,0.3744,3.871,6.8664,41.5,CRITICAL,F3,3,1,cooling_degradation,0.9,1,1,,,,,22,0
2026-08-19T18:56:18.648Z,1787165778648,FAN_DT_001_F3_S09_R01_20260819T184746,1,512.273,FAULT_ACTIVE,F3,0.9,FAN_DT_001,3.0,process-model-3.0.0-build3,6808,1,LIVE,SYNCHRONISED,AUTOMATIC,NORMAL,65,1950,1950,0,145,145,0.3,0.3,25.67621,54.64,1.028,1,0.0254,0,207.97,29.5292,-0.0079,0.415,0.3744,3.8,6.8803,41.5,CRITICAL,F3,3,1,cooling_degradation,0.9,1,1,,,,,22,0
2026-08-19T18:56:19.667Z,1787165779667,FAN_DT_001_F3_S09_R01_20260819T184746,1,513.292,FAULT_ACTIVE,F3,0.9,FAN_DT_001,3.0,process-model-3.0.0-build3,6809,1,LIVE,SYNCHRONISED,AUTOMATIC,NORMAL,65,1950,1950,0,145,145,0.3,0.3,25.66625,54.65,1.028,1,0.0254,0,207.97,29.5888,-0.00777,0.415,0.3744,3.738,6.8942,41.5,CRITICAL,F3,3,1,cooling_degradation,0.9,1,1,,,,,22,0
2026-08-19T18:56:20.717Z,1787165780717,FAN_DT_001_F3_S09_R01_20260819T184746,1,514.342,FAULT_ACTIVE,F3,0.9,FAN_DT_001,3.0,process-model-3.0.0-build3,6810,1,LIVE,SYNCHRONISED,AUTOMATIC,NORMAL,65,1950,1950,0,145,145,0.3,0.3,25.65588,54.66,1.028,1,0.0254,0,207.97,29.6486,-0.00763,0.415,0.3744,3.668,6.9081,41.5,CRITICAL,F3,3,1,cooling_degradation,0.9,1,1,,,,,22,0
2026-08-19T18:56:21.787Z,1787165781787,FAN_DT_001_F3_S09_R01_20260819T184746,1,515.412,FAULT_ACTIVE,F3,0.9,FAN_DT_001,3.0,process-model-3.0.0-build3,6811,1,LIVE,SYNCHRONISED,AUTOMATIC,NORMAL,65,1950,1950,0,145,145,0.3,0.3,25.64515,54.66,1.028,1,0.0254,0,207.97,29.7085,-0.00749,0.415,0.3744,3.601,6.9221,41.5,CRITICAL,F3,3,1,cooling_degradation,0.9,1,1,,,,,22,0
2026-08-19T18:56:22.814Z,1787165782814,FAN_DT_001_F3_S09_R01_20260819T184746,1,516.439,FAULT_ACTIVE,F3,0.9,FAN_DT_001,3.0,process-model-3.0.0-build3,6812,1,LIVE,SYNCHRONISED,AUTOMATIC,NORMAL,65,1950,1950,0,145,145,0.3,0.3,25.63413,54.67,1.028,1,0.0254,0,207.97,29.7681,-0.00737,0.415,0.3744,3.541,6.936,41.5,CRITICAL,F3,3,1,cooling_degradation,0.9,1,1,,,,,22,0
2026-08-19T18:56:23.804Z,1787165783804,FAN_DT_001_F3_S09_R01_20260819T184746,1,517.43,FAULT_ACTIVE,F3,0.9,FAN_DT_001,3.0,process-model-3.0.0-build3,6813,1,LIVE,SYNCHRONISED,AUTOMATIC,NORMAL,65,1950,1950,0,145,145,0.3,0.3,25.62273,54.68,1.028,1,0.0254,0,207.97,29.828,-0.00721,0.415,0.3744,3.466,6.9499,41.5,CRITICAL,F3,3,1,cooling_degradation,0.9,1,1,,,,,22,0
2026-08-19T18:56:24.842Z,1787165784842,FAN_DT_001_F3_S09_R01_20260819T184746,1,518.467,FAULT_ACTIVE,F3,0.9,FAN_DT_001,3.0,process-model-3.0.0-build3,6814,1,LIVE,SYNCHRONISED,AUTOMATIC,NORMAL,65,1950,1950,0,145,145,0.3,0.3,25.61105,54.69,1.028,1,0.0254,0,207.97,29.8876,-0.00708,0.415,0.3744,3.404,6.9638,41.5,CRITICAL,F3,3,1,cooling_degradation,0.9,1,1,,,,,22,0
2026-08-19T18:56:25.880Z,1787165785880,FAN_DT_001_F3_S09_R01_20260819T184746,1,519.505,FAULT_ACTIVE,F3,0.9,FAN_DT_001,3.0,process-model-3.0.0-build3,6815,1,LIVE,SYNCHRONISED,AUTOMATIC,NORMAL,65,1950,1950,0,145,145,0.3,0.3,25.59905,54.69,1.028,1,0.0254,0,207.97,29.9472,-0.00693,0.415,0.3744,3.333,6.9777,41.5,CRITICAL,F3,3,1,cooling_degradation,0.9,1,1,,,,,22,0
2026-08-19T18:56:26.908Z,1787165786908,FAN_DT_001_F3_S09_R01_20260819T184746,1,520.533,FAULT_ACTIVE,F3,0.9,FAN_DT_001,3.0,process-model-3.0.0-build3,6816,1,LIVE,SYNCHRONISED,AUTOMATIC,NORMAL,65,1950,1950,0,145,145,0.3,0.3,25.58671,54.7,1.028,1,0.0254,0,207.97,30.0069,-0.00678,0.415,0.3744,3.261,6.9916,41.5,CRITICAL,F3,3,1,cooling_degradation,0.9,1,1,,,,,22,0
2026-08-19T18:56:27.942Z,1787165787942,FAN_DT_001_F3_S09_R01_20260819T184746,1,521.568,FAULT_ACTIVE,F3,0.9,FAN_DT_001,3.0,process-model-3.0.0-build3,6817,1,LIVE,SYNCHRONISED,AUTOMATIC,NORMAL,65,1950,1950,0,145,145,0.3,0.3,25.57408,54.71,1.028,1,0.0254,0,207.97,30.0666,-0.00665,0.415,0.3744,3.196,7.0055,41.5,CRITICAL,F3,3,1,cooling_degradation,0.9,1,1,,,,,22,0
2026-08-19T18:56:28.984Z,1787165788984,FAN_DT_001_F3_S09_R01_20260819T184746,1,522.609,FAULT_ACTIVE,F3,0.9,FAN_DT_001,3.0,process-model-3.0.0-build3,6818,1,LIVE,SYNCHRONISED,AUTOMATIC,NORMAL,65,1950,1950,0,145,145,0.3,0.3,25.56116,54.71,1.028,1,0.0254,0,207.97,30.1261,-0.00651,0.415,0.3744,3.132,7.0194,41.5,CRITICAL,F3,3,1,cooling_degradation,0.9,1,1,,,,,22,0
2026-08-19T18:56:30.069Z,1787165790069,FAN_DT_001_F3_S09_R01_20260819T184746,1,523.694,FAULT_ACTIVE,F3,0.9,FAN_DT_001,3.0,process-model-3.0.0-build3,6819,1,LIVE,SYNCHRONISED,AUTOMATIC,NORMAL,65,1950,1950,0,145,145,0.3,0.3,25.54791,54.72,1.028,1,0.0254,0,207.97,30.1859,-0.00636,0.415,0.3744,3.057,7.0333,41.5,CRITICAL,F3,3,1,cooling_degradation,0.9,1,1,,,,,22,0
2026-08-19T18:56:31.047Z,1787165791047,FAN_DT_001_F3_S09_R01_20260819T184746,1,524.672,FAULT_ACTIVE,F3,0.9,FAN_DT_001,3.0,process-model-3.0.0-build3,6820,1,LIVE,SYNCHRONISED,AUTOMATIC,NORMAL,65,1950,1950,0,145,145,0.3,0.3,25.53439,54.73,1.028,1,0.0254,0,207.97,30.2456,-0.00621,0.415,0.3744,2.988,7.0472,41.5,CRITICAL,F3,3,1,cooling_degradation,0.9,1,1,,,,,22,0
2026-08-19T18:56:32.084Z,1787165792084,FAN_DT_001_F3_S09_R01_20260819T184746,1,525.709,FAULT_ACTIVE,F3,0.9,FAN_DT_001,3.0,process-model-3.0.0-build3,6821,1,LIVE,SYNCHRONISED,AUTOMATIC,NORMAL,65,1950,1950,0,145,145,0.3,0.3,25.52061,54.73,1.028,1,0.0254,0,207.97,30.3051,-0.00605,0.415,0.3744,2.909,7.0611,41.5,CRITICAL,F3,3,1,cooling_degradation,0.9,1,1,,,,,22,0
2026-08-19T18:56:33.118Z,1787165793118,FAN_DT_001_F3_S09_R01_20260819T184746,1,526.743,FAULT_ACTIVE,F3,0.9,FAN_DT_001,3.0,process-model-3.0.0-build3,6822,1,LIVE,SYNCHRONISED,AUTOMATIC,NORMAL,65,1950,1950,0,145,145,0.3,0.3,25.50653,54.74,1.028,1,0.0254,0,207.97,30.3648,-0.0059,0.415,0.3744,2.839,7.075,41.5,CRITICAL,F3,3,1,cooling_degradation,0.9,1,1,,,,,22,0
2026-08-19T18:56:34.153Z,1787165794153,FAN_DT_001_F3_S09_R01_20260819T184746,1,527.778,FAULT_ACTIVE,F3,0.9,FAN_DT_001,3.0,process-model-3.0.0-build3,6823,1,LIVE,SYNCHRONISED,AUTOMATIC,NORMAL,65,1950,1950,0,145,145,0.3,0.3,25.49218,54.75,1.028,1,0.0254,0,207.97,30.4245,-0.00575,0.415,0.3744,2.765,7.0889,41.5,CRITICAL,F3,3,1,cooling_degradation,0.9,1,1,,,,,22,0
2026-08-19T18:56:35.191Z,1787165795191,FAN_DT_001_F3_S09_R01_20260819T184746,1,528.816,FAULT_ACTIVE,F3,0.9,FAN_DT_001,3.0,process-model-3.0.0-build3,6824,1,LIVE,SYNCHRONISED,AUTOMATIC,NORMAL,65,1950,1950,0,145,145,0.3,0.3,25.47757,54.75,1.028,1,0.0254,0,207.97,30.4842,-0.00559,0.415,0.3744,2.687,7.1028,41.5,CRITICAL,F3,3,1,cooling_degradation,0.9,1,1,,,,,22,0
2026-08-19T18:56:36.218Z,1787165796218,FAN_DT_001_F3_S09_R01_20260819T184746,1,529.843,FAULT_ACTIVE,F3,0.9,FAN_DT_001,3.0,process-model-3.0.0-build3,6825,1,LIVE,SYNCHRONISED,AUTOMATIC,NORMAL,65,1950,1950,0,145,145,0.3,0.3,25.46269,54.76,1.028,1,0.0254,0,207.97,30.5439,-0.00545,0.415,0.3744,2.621,7.1167,41.5,CRITICAL,F3,3,1,cooling_degradation,0.9,1,1,,,,,22,0
2026-08-19T18:56:37.250Z,1787165797250,FAN_DT_001_F3_S09_R01_20260819T184746,1,530.875,FAULT_ACTIVE,F3,0.9,FAN_DT_001,3.0,process-model-3.0.0-build3,6826,1,LIVE,SYNCHRONISED,AUTOMATIC,NORMAL,65,1950,1950,0,145,145,0.3,0.3,25.44769,54.76,1.028,1,0.0254,0,207.97,30.6032,-0.0053,0.415,0.3744,2.548,7.1306,41.5,CRITICAL,F3,3,1,cooling_degradation,0.9,1,1,,,,,22,0
2026-08-19T18:56:38.303Z,1787165798303,FAN_DT_001_F3_S09_R01_20260819T184746,1,531.928,FAULT_ACTIVE,F3,0.9,FAN_DT_001,3.0,process-model-3.0.0-build3,6827,1,LIVE,SYNCHRONISED,AUTOMATIC,NORMAL,65,1950,1950,0,145,145,0.3,0.3,25.43238,54.77,1.028,1,0.0254,0,207.97,30.6628,-0.00513,0.415,0.3744,2.465,7.1444,41.5,CRITICAL,F3,3,1,cooling_degradation,0.9,1,1,,,,,22,0
2026-08-19T18:56:39.316Z,1787165799316,FAN_DT_001_F3_S09_R01_20260819T184746,1,532.942,FAULT_ACTIVE,F3,0.9,FAN_DT_001,3.0,process-model-3.0.0-build3,6828,1,LIVE,SYNCHRONISED,AUTOMATIC,NORMAL,65,1950,1950,0,145,145,0.3,0.3,25.41679,54.77,1.028,1,0.0254,0,207.97,30.7226,-0.00497,0.415,0.3744,2.392,7.1584,41.5,CRITICAL,F3,3,1,cooling_degradation,0.9,1,1,,,,,22,0
2026-08-19T18:56:40.358Z,1787165800358,FAN_DT_001_F3_S09_R01_20260819T184746,1,533.983,FAULT_ACTIVE,F3,0.9,FAN_DT_001,3.0,process-model-3.0.0-build3,6829,1,LIVE,SYNCHRONISED,AUTOMATIC,NORMAL,65,1950,1950,0,145,145,0.3,0.3,25.40104,54.78,1.028,1,0.0254,0,207.97,30.7821,-0.00483,0.415,0.3744,2.321,7.1722,41.5,CRITICAL,F3,3,1,cooling_degradation,0.9,1,1,,,,,22,0
2026-08-19T18:56:41.414Z,1787165801414,FAN_DT_001_F3_S09_R01_20260819T184746,1,535.039,FAULT_ACTIVE,F3,0.9,FAN_DT_001,3.0,process-model-3.0.0-build3,6830,1,LIVE,SYNCHRONISED,AUTOMATIC,NORMAL,65,1950,1950,0,145,145,0.3,0.3,25.38503,54.78,1.028,1,0.0254,0,207.97,30.8419,-0.00466,0.415,0.3744,2.242,7.1862,41.5,CRITICAL,F3,3,1,cooling_degradation,0.9,1,1,,,,,22,0
2026-08-19T18:56:42.430Z,1787165802430,FAN_DT_001_F3_S09_R01_20260819T184746,1,536.055,FAULT_ACTIVE,F3,0.9,FAN_DT_001,3.0,process-model-3.0.0-build3,6831,1,LIVE,SYNCHRONISED,AUTOMATIC,NORMAL,65,1950,1950,0,145,145,0.3,0.3,25.3688,54.79,1.028,1,0.0254,0,207.97,30.9017,-0.00452,0.415,0.3744,2.173,7.2001,41.5,CRITICAL,F3,3,1,cooling_degradation,0.9,1,1,,,,,22,0
2026-08-19T18:56:43.458Z,1787165803458,FAN_DT_001_F3_S09_R01_20260819T184746,1,537.083,FAULT_ACTIVE,F3,0.9,FAN_DT_001,3.0,process-model-3.0.0-build3,6832,1,LIVE,SYNCHRONISED,AUTOMATIC,NORMAL,65,1950,1950,0,145,145,0.3,0.3,25.35245,54.79,1.028,1,0.0254,0,207.97,30.9611,-0.00437,0.415,0.3744,2.1,7.2139,41.5,CRITICAL,F3,3,1,cooling_degradation,0.9,1,1,,,,,22,0
2026-08-19T18:56:44.488Z,1787165804488,FAN_DT_001_F3_S09_R01_20260819T184746,1,538.113,FAULT_ACTIVE,F3,0.9,FAN_DT_001,3.0,process-model-3.0.0-build3,6833,1,LIVE,SYNCHRONISED,AUTOMATIC,NORMAL,65,1950,1950,0,145,145,0.3,0.3,25.33586,54.8,1.028,1,0.0254,0,207.97,31.0209,-0.00421,0.415,0.3744,2.023,7.2279,41.5,CRITICAL,F3,3,1,cooling_degradation,0.9,1,1,,,,,22,0
2026-08-19T18:56:45.524Z,1787165805524,FAN_DT_001_F3_S09_R01_20260819T184746,1,539.149,FAULT_ACTIVE,F3,0.9,FAN_DT_001,3.0,process-model-3.0.0-build3,6834,1,LIVE,SYNCHRONISED,AUTOMATIC,NORMAL,65,1950,1950,0,145,145,0.3,0.3,25.31909,54.8,1.028,1,0.0254,0,207.97,31.0806,-0.00405,0.415,0.3744,1.946,7.2418,41.5,CRITICAL,F3,3,1,cooling_degradation,0.9,1,1,,,,,22,0
2026-08-19T18:56:46.567Z,1787165806567,FAN_DT_001_F3_S09_R01_20260819T184746,1,540.192,RECOVERY,F3,0.9,FAN_DT_001,3.0,process-model-3.0.0-build3,6835,1,LIVE,SYNCHRONISED,AUTOMATIC,NORMAL,65,1950,1950,0,145,145,0.3,0.3,25.30224,54.81,1.028,1,0.0254,0,207.97,31.14,-0.0039,0.415,0.3744,1.877,7.2556,41.5,CRITICAL,F3,3,1,cooling_degradation,0.9,1,1,,,,,22,0
2026-08-19T18:56:47.592Z,1787165807592,FAN_DT_001_F3_S09_R01_20260819T184746,1,541.217,RECOVERY,F3,0.9,FAN_DT_001,3.0,process-model-3.0.0-build3,6836,1,LIVE,SYNCHRONISED,AUTOMATIC,NORMAL,65,1950,1950,0,145,145,0.3,0.3,25.28513,54.53,1.028,1,0.0254,0,207.97,31.1998,0.26141,1,0.18,125.7,7.2696,100,HEALTHY,F0,0,0,healthy,0,0,0,,,,,23,0
2026-08-19T18:56:48.619Z,1787165808619,FAN_DT_001_F3_S09_R01_20260819T184746,1,542.244,RECOVERY,F3,0.9,FAN_DT_001,3.0,process-model-3.0.0-build3,6837,1,LIVE,SYNCHRONISED,AUTOMATIC,NORMAL,65,1950,1950,0,145,145,0.3,0.3,25.268,54.27,1.028,1,0.0254,0,207.97,31.2591,0.25732,1,0.18,123.731,7.2834,100,HEALTHY,F0,0,0,healthy,0,0,0,,,,,23,0
2026-08-19T18:56:49.727Z,1787165809727,FAN_DT_001_F3_S09_R01_20260819T184746,1,543.352,RECOVERY,F3,0.9,FAN_DT_001,3.0,process-model-3.0.0-build3,6838,1,LIVE,SYNCHRONISED,AUTOMATIC,NORMAL,65,1950,1950,0,145,145,0.3,0.3,25.25075,54,1.028,1,0.0254,0,207.97,31.3184,0.25324,1,0.18,121.771,7.2972,100,HEALTHY,F0,0,0,healthy,0,0,0,,,,,23,0
2026-08-19T18:56:50.679Z,1787165810679,FAN_DT_001_F3_S09_R01_20260819T184746,1,544.304,RECOVERY,F3,0.9,FAN_DT_001,3.0,process-model-3.0.0-build3,6839,1,LIVE,SYNCHRONISED,AUTOMATIC,NORMAL,65,1950,1950,0,145,145,0.3,0.3,25.23334,53.75,1.028,1,0.0254,0,207.97,31.3777,0.24925,1,0.18,119.85,7.311,100,HEALTHY,F0,0,0,healthy,0,0,0,,,,,23,0
2026-08-19T18:56:51.707Z,1787165811707,FAN_DT_001_F3_S09_R01_20260819T184746,1,545.332,RECOVERY,F3,0.9,FAN_DT_001,3.0,process-model-3.0.0-build3,6840,1,LIVE,SYNCHRONISED,AUTOMATIC,NORMAL,65,1950,1950,0,145,145,0.3,0.3,25.21584,53.49,1.028,1,0.0254,0,207.97,31.437,0.24535,1,0.18,117.978,7.3248,100,HEALTHY,F0,0,0,healthy,0,0,0,,,,,23,0
2026-08-19T18:56:52.734Z,1787165812734,FAN_DT_001_F3_S09_R01_20260819T184746,1,546.359,RECOVERY,F3,0.9,FAN_DT_001,3.0,process-model-3.0.0-build3,6841,1,LIVE,SYNCHRONISED,AUTOMATIC,NORMAL,65,1950,1950,0,145,145,0.3,0.3,25.19819,53.24,1.028,1,0.0254,0,207.97,31.4964,0.24148,1,0.18,116.113,7.3387,100,HEALTHY,F0,0,0,healthy,0,0,0,,,,,23,0
2026-08-19T18:56:53.758Z,1787165813758,FAN_DT_001_F3_S09_R01_20260819T184746,1,547.383,RECOVERY,F3,0.9,FAN_DT_001,3.0,process-model-3.0.0-build3,6842,1,LIVE,SYNCHRONISED,AUTOMATIC,NORMAL,65,1950,1950,0,145,145,0.3,0.3,25.18043,53,1.028,1,0.0254,0,207.97,31.5558,0.23771,1,0.18,114.304,7.3525,100,HEALTHY,F0,0,0,healthy,0,0,0,,,,,23,0
2026-08-19T18:56:54.790Z,1787165814790,FAN_DT_001_F3_S09_R01_20260819T184746,1,548.415,RECOVERY,F3,0.9,FAN_DT_001,3.0,process-model-3.0.0-build3,6843,1,LIVE,SYNCHRONISED,AUTOMATIC,NORMAL,65,1950,1950,0,145,145,0.3,0.3,25.16267,52.76,1.028,1,0.0254,0,207.97,31.6149,0.234,1,0.18,112.517,7.3663,100,HEALTHY,F0,0,0,healthy,0,0,0,,,,,23,0
2026-08-19T18:56:55.820Z,1787165815820,FAN_DT_001_F3_S09_R01_20260819T184746,1,549.445,RECOVERY,F3,0.9,FAN_DT_001,3.0,process-model-3.0.0-build3,6844,1,LIVE,SYNCHRONISED,AUTOMATIC,NORMAL,65,1950,1950,0,145,145,0.3,0.3,25.14471,52.52,1.028,1,0.0254,0,207.97,31.6743,0.23032,1,0.18,110.747,7.3801,100,HEALTHY,F0,0,0,healthy,0,0,0,,,,,23,0
2026-08-19T18:56:56.857Z,1787165816857,FAN_DT_001_F3_S09_R01_20260819T184746,1,550.482,RECOVERY,F3,0.9,FAN_DT_001,3.0,process-model-3.0.0-build3,6845,1,LIVE,SYNCHRONISED,AUTOMATIC,NORMAL,65,1950,1950,0,145,145,0.3,0.3,25.12676,52.28,1.028,1,0.0254,0,207.97,31.7335,0.22677,1,0.18,109.043,7.3939,100,HEALTHY,F0,0,0,healthy,0,0,0,,,,,23,0
2026-08-19T18:56:57.872Z,1787165817872,FAN_DT_001_F3_S09_R01_20260819T184746,1,551.497,RECOVERY,F3,0.9,FAN_DT_001,3.0,process-model-3.0.0-build3,6846,1,LIVE,SYNCHRONISED,AUTOMATIC,NORMAL,65,1950,1950,0,145,145,0.3,0.3,25.10866,52.05,1.028,1,0.0254,0,207.97,31.793,0.22319,1,0.18,107.32,7.4078,100,HEALTHY,F0,0,0,healthy,0,0,0,,,,,23,0
2026-08-19T18:56:58.916Z,1787165818916,FAN_DT_001_F3_S09_R01_20260819T184746,1,552.542,RECOVERY,F3,0.9,FAN_DT_001,3.0,process-model-3.0.0-build3,6847,1,LIVE,SYNCHRONISED,AUTOMATIC,NORMAL,65,1950,1950,0,145,145,0.3,0.3,25.09054,51.82,1.028,1,0.0254,0,207.97,31.8523,0.21975,1,0.18,105.666,7.4216,100,HEALTHY,F0,0,0,healthy,0,0,0,,,,,23,0
2026-08-19T18:56:59.934Z,1787165819934,FAN_DT_001_F3_S09_R01_20260819T184746,1,553.56,RECOVERY,F3,0.9,FAN_DT_001,3.0,process-model-3.0.0-build3,6848,1,LIVE,SYNCHRONISED,AUTOMATIC,NORMAL,65,1950,1950,0,145,145,0.3,0.3,25.07245,51.6,1.028,1,0.0254,0,207.97,31.9114,0.21633,1,0.18,104.024,7.4354,100,HEALTHY,F0,0,0,healthy,0,0,0,,,,,23,0
2026-08-19T18:57:00.956Z,1787165820956,FAN_DT_001_F3_S09_R01_20260819T184746,1,554.581,RECOVERY,F3,0.9,FAN_DT_001,3.0,process-model-3.0.0-build3,6849,1,LIVE,SYNCHRONISED,AUTOMATIC,NORMAL,65,1950,1950,0,145,145,0.3,0.3,25.05422,51.38,1.028,1,0.0254,0,207.97,31.9708,0.21296,1,0.18,102.4,7.4492,100,HEALTHY,F0,0,0,healthy,0,0,0,,,,,23,0
2026-08-19T18:57:02.012Z,1787165822012,FAN_DT_001_F3_S09_R01_20260819T184746,1,555.637,RECOVERY,F3,0.9,FAN_DT_001,3.0,process-model-3.0.0-build3,6850,1,LIVE,SYNCHRONISED,AUTOMATIC,NORMAL,65,1950,1950,0,145,145,0.3,0.3,25.03606,51.16,1.028,1,0.0254,0,207.97,32.0299,0.20972,1,0.18,100.844,7.463,100,HEALTHY,F0,0,0,healthy,0,0,0,,,,,23,0
2026-08-19T18:57:03.037Z,1787165823037,FAN_DT_001_F3_S09_R01_20260819T184746,1,556.662,RECOVERY,F3,0.9,FAN_DT_001,3.0,process-model-3.0.0-build3,6851,1,LIVE,SYNCHRONISED,AUTOMATIC,NORMAL,65,1950,1950,0,145,145,0.3,0.3,25.01782,50.95,1.028,1,0.0254,0,207.97,32.0892,0.20645,1,0.18,99.27,7.4768,100,HEALTHY,F0,0,0,healthy,0,0,0,,,,,23,0
2026-08-19T18:57:04.055Z,1787165824055,FAN_DT_001_F3_S09_R01_20260819T184746,1,557.68,RECOVERY,F3,0.9,FAN_DT_001,3.0,process-model-3.0.0-build3,6852,1,LIVE,SYNCHRONISED,AUTOMATIC,NORMAL,65,1950,1950,0,145,145,0.3,0.3,24.99954,50.74,1.028,1,0.0254,0,207.97,32.1486,0.20328,1,0.18,97.745,7.4906,100,HEALTHY,F0,0,0,healthy,0,0,0,,,,,23,0
2026-08-19T18:57:05.069Z,1787165825069,FAN_DT_001_F3_S09_R01_20260819T184746,1,558.694,RECOVERY,F3,0.9,FAN_DT_001,3.0,process-model-3.0.0-build3,6853,1,LIVE,SYNCHRONISED,AUTOMATIC,NORMAL,65,1950,1950,0,145,145,0.3,0.3,24.9813,50.53,1.028,1,0.0254,0,207.97,32.2079,0.20012,1,0.18,96.229,7.5044,100,HEALTHY,F0,0,0,healthy,0,0,0,,,,,23,0
2026-08-19T18:57:06.101Z,1787165826101,FAN_DT_001_F3_S09_R01_20260819T184746,1,559.727,RECOVERY,F3,0.9,FAN_DT_001,3.0,process-model-3.0.0-build3,6854,1,LIVE,SYNCHRONISED,AUTOMATIC,NORMAL,65,1950,1950,0,145,145,0.3,0.3,24.96302,50.33,1.028,1,0.0254,0,207.97,32.2673,0.19703,1,0.18,94.742,7.5183,100,HEALTHY,F0,0,0,healthy,0,0,0,,,,,23,0
2026-08-19T18:57:07.122Z,1787165827122,FAN_DT_001_F3_S09_R01_20260819T184746,1,560.747,RECOVERY,F3,0.9,FAN_DT_001,3.0,process-model-3.0.0-build3,6855,1,LIVE,SYNCHRONISED,AUTOMATIC,NORMAL,65,1950,1950,0,145,145,0.3,0.3,24.94482,50.13,1.028,1,0.0254,0,207.97,32.3265,0.19403,1,0.18,93.298,7.5321,100,HEALTHY,F0,0,0,healthy,0,0,0,,,,,23,0
2026-08-19T18:57:08.160Z,1787165828160,FAN_DT_001_F3_S09_R01_20260819T184746,1,561.785,RECOVERY,F3,0.9,FAN_DT_001,3.0,process-model-3.0.0-build3,6856,1,LIVE,SYNCHRONISED,AUTOMATIC,NORMAL,65,1950,1950,0,145,145,0.3,0.3,24.92664,49.93,1.028,1,0.0254,0,207.97,32.3858,0.19106,1,0.18,91.87,7.5459,100,HEALTHY,F0,0,0,healthy,0,0,0,,,,,23,0
2026-08-19T18:57:09.183Z,1787165829183,FAN_DT_001_F3_S09_R01_20260819T184746,1,562.808,RECOVERY,F3,0.9,FAN_DT_001,3.0,process-model-3.0.0-build3,6857,1,LIVE,SYNCHRONISED,AUTOMATIC,NORMAL,65,1950,1950,0,145,145,0.3,0.3,24.90844,49.73,1.028,1,0.0254,0,207.97,32.4453,0.18813,1,0.18,90.462,7.5597,100,HEALTHY,F0,0,0,healthy,0,0,0,,,,,23,0
2026-08-19T18:57:10.315Z,1787165830315,FAN_DT_001_F3_S09_R01_20260819T184746,1,563.94,RECOVERY,F3,0.9,FAN_DT_001,3.0,process-model-3.0.0-build3,6858,1,LIVE,SYNCHRONISED,AUTOMATIC,NORMAL,65,1950,1950,0,145,145,0.3,0.3,24.89038,49.54,1.028,1,0.0254,0,207.97,32.5045,0.18527,1,0.18,89.088,7.5735,100,HEALTHY,F0,0,0,healthy,0,0,0,,,,,23,0
2026-08-19T18:57:11.241Z,1787165831241,FAN_DT_001_F3_S09_R01_20260819T184746,1,564.867,RECOVERY,F3,0.9,FAN_DT_001,3.0,process-model-3.0.0-build3,6859,1,LIVE,SYNCHRONISED,AUTOMATIC,NORMAL,65,1950,1950,0,145,145,0.3,0.3,24.8723,49.35,1.028,1,0.0254,0,207.97,32.5639,0.18243,1,0.18,87.722,7.5874,100,HEALTHY,F0,0,0,healthy,0,0,0,,,,,23,0
2026-08-19T18:57:12.266Z,1787165832266,FAN_DT_001_F3_S09_R01_20260819T184746,1,565.891,RECOVERY,F3,0.9,FAN_DT_001,3.0,process-model-3.0.0-build3,6860,1,LIVE,SYNCHRONISED,AUTOMATIC,NORMAL,65,1950,1950,0,145,145,0.3,0.3,24.85427,49.17,1.028,1,0.0254,0,207.97,32.6233,0.17962,1,0.18,86.37,7.6012,100,HEALTHY,F0,0,0,healthy,0,0,0,,,,,23,0
2026-08-19T18:57:13.303Z,1787165833303,FAN_DT_001_F3_S09_R01_20260819T184746,1,566.928,RECOVERY,F3,0.9,FAN_DT_001,3.0,process-model-3.0.0-build3,6861,1,LIVE,SYNCHRONISED,AUTOMATIC,NORMAL,65,1950,1950,0,145,145,0.3,0.3,24.83643,48.99,1.028,1,0.0254,0,207.97,32.6824,0.17692,1,0.18,85.072,7.615,100,HEALTHY,F0,0,0,healthy,0,0,0,,,,,23,0
2026-08-19T18:57:14.324Z,1787165834324,FAN_DT_001_F3_S09_R01_20260819T184746,1,567.948,RECOVERY,F3,0.9,FAN_DT_001,3.0,process-model-3.0.0-build3,6862,1,LIVE,SYNCHRONISED,AUTOMATIC,NORMAL,65,1950,1950,0,145,145,0.3,0.3,24.81859,48.81,1.028,1,0.0254,0,207.97,32.7418,0.1742,1,0.18,83.766,7.6288,100,HEALTHY,F0,0,0,healthy,0,0,0,,,,,23,0
2026-08-19T18:57:15.350Z,1787165835350,FAN_DT_001_F3_S09_R01_20260819T184746,1,568.975,RECOVERY,F3,0.9,FAN_DT_001,3.0,process-model-3.0.0-build3,6863,1,LIVE,SYNCHRONISED,AUTOMATIC,NORMAL,65,1950,1950,0,145,145,0.3,0.3,24.80086,48.63,1.028,1,0.0254,0,207.97,32.8011,0.17154,1,0.18,82.487,7.6427,100,HEALTHY,F0,0,0,healthy,0,0,0,,,,,23,0
2026-08-19T18:57:16.415Z,1787165836415,FAN_DT_001_F3_S09_R01_20260819T184746,1,570.039,RECOVERY,F3,0.9,FAN_DT_001,3.0,process-model-3.0.0-build3,6864,1,LIVE,SYNCHRONISED,AUTOMATIC,NORMAL,65,1950,1950,0,145,145,0.3,0.3,24.78325,48.45,1.028,1,0.0254,0,207.97,32.8604,0.16896,1,0.18,81.245,7.6565,100,HEALTHY,F0,0,0,healthy,0,0,0,,,,,23,0
2026-08-19T18:57:17.406Z,1787165837406,FAN_DT_001_F3_S09_R01_20260819T184746,1,571.031,RECOVERY,F3,0.9,FAN_DT_001,3.0,process-model-3.0.0-build3,6865,1,LIVE,SYNCHRONISED,AUTOMATIC,NORMAL,65,1950,1950,0,145,145,0.3,0.3,24.76575,48.28,1.028,1,0.0254,0,207.97,32.9196,0.16639,1,0.18,80.01,7.6703,100,HEALTHY,F0,0,0,healthy,0,0,0,,,,,23,0
2026-08-19T18:57:18.444Z,1787165838444,FAN_DT_001_F3_S09_R01_20260819T184746,1,572.069,RECOVERY,F3,0.9,FAN_DT_001,3.0,process-model-3.0.0-build3,6866,1,LIVE,SYNCHRONISED,AUTOMATIC,NORMAL,65,1950,1950,0,145,145,0.3,0.3,24.74838,48.11,1.028,1,0.0254,0,207.97,32.9789,0.16389,1,0.18,78.805,7.6841,100,HEALTHY,F0,0,0,healthy,0,0,0,,,,,23,0
2026-08-19T18:57:19.469Z,1787165839469,FAN_DT_001_F3_S09_R01_20260819T184746,1,573.094,RECOVERY,F3,0.9,FAN_DT_001,3.0,process-model-3.0.0-build3,6867,1,LIVE,SYNCHRONISED,AUTOMATIC,NORMAL,65,1950,1950,0,145,145,0.3,0.3,24.73117,47.95,1.028,1,0.0254,0,207.97,33.038,0.16138,1,0.18,77.599,7.6979,100,HEALTHY,F0,0,0,healthy,0,0,0,,,,,23,0
2026-08-19T18:57:20.497Z,1787165840497,FAN_DT_001_F3_S09_R01_20260819T184746,1,574.122,RECOVERY,F3,0.9,FAN_DT_001,3.0,process-model-3.0.0-build3,6868,1,LIVE,SYNCHRONISED,AUTOMATIC,NORMAL,65,1950,1950,0,145,145,0.3,0.3,24.71405,47.78,1.028,1,0.0254,0,207.97,33.0973,0.15895,1,0.18,76.429,7.7117,100,HEALTHY,F0,0,0,healthy,0,0,0,,,,,23,0
2026-08-19T18:57:21.519Z,1787165841519,FAN_DT_001_F3_S09_R01_20260819T184746,1,575.144,RECOVERY,F3,0.9,FAN_DT_001,3.0,process-model-3.0.0-build3,6869,1,LIVE,SYNCHRONISED,AUTOMATIC,NORMAL,65,1950,1950,0,145,145,0.3,0.3,24.69706,47.62,1.028,1,0.0254,0,207.97,33.1567,0.15655,1,0.18,75.275,7.7255,100,HEALTHY,F0,0,0,healthy,0,0,0,,,,,23,0
2026-08-19T18:57:22.549Z,1787165842549,FAN_DT_001_F3_S09_R01_20260819T184746,1,576.174,RECOVERY,F3,0.9,FAN_DT_001,3.0,process-model-3.0.0-build3,6870,1,LIVE,SYNCHRONISED,AUTOMATIC,NORMAL,65,1950,1950,0,145,145,0.3,0.3,24.68026,47.46,1.028,1,0.0254,0,207.97,33.2159,0.15416,1,0.18,74.128,7.7393,100,HEALTHY,F0,0,0,healthy,0,0,0,,,,,23,0
2026-08-19T18:57:23.573Z,1787165843573,FAN_DT_001_F3_S09_R01_20260819T184746,1,577.198,RECOVERY,F3,0.9,FAN_DT_001,3.0,process-model-3.0.0-build3,6871,1,LIVE,SYNCHRONISED,AUTOMATIC,NORMAL,65,1950,1950,0,145,145,0.3,0.3,24.66358,47.3,1.028,1,0.0254,0,207.97,33.2754,0.15185,1,0.18,73.016,7.7532,100,HEALTHY,F0,0,0,healthy,0,0,0,,,,,23,0
2026-08-19T18:57:24.618Z,1787165844618,FAN_DT_001_F3_S09_R01_20260819T184746,1,578.243,RECOVERY,F3,0.9,FAN_DT_001,3.0,process-model-3.0.0-build3,6872,1,LIVE,SYNCHRONISED,AUTOMATIC,NORMAL,65,1950,1950,0,145,145,0.3,0.3,24.64716,47.15,1.028,1,0.0254,0,207.97,33.3346,0.14955,1,0.18,71.91,7.767,100,HEALTHY,F0,0,0,healthy,0,0,0,,,,,23,0
2026-08-19T18:57:25.636Z,1787165845636,FAN_DT_001_F3_S09_R01_20260819T184746,1,579.261,RECOVERY,F3,0.9,FAN_DT_001,3.0,process-model-3.0.0-build3,6873,1,LIVE,SYNCHRONISED,AUTOMATIC,NORMAL,65,1950,1950,0,145,145,0.3,0.3,24.63081,47,1.028,1,0.0254,0,207.97,33.3941,0.1473,1,0.18,70.829,7.7808,100,HEALTHY,F0,0,0,healthy,0,0,0,,,,,23,0
2026-08-19T18:57:26.660Z,1787165846660,FAN_DT_001_F3_S09_R01_20260819T184746,1,580.285,RECOVERY,F3,0.9,FAN_DT_001,3.0,process-model-3.0.0-build3,6874,1,LIVE,SYNCHRONISED,AUTOMATIC,NORMAL,65,1950,1950,0,145,145,0.3,0.3,24.61478,46.85,1.028,1,0.0254,0,207.97,33.4532,0.14508,1,0.18,69.759,7.7946,100,HEALTHY,F0,0,0,healthy,0,0,0,,,,,23,0
2026-08-19T18:57:27.695Z,1787165847695,FAN_DT_001_F3_S09_R01_20260819T184746,1,581.319,RECOVERY,F3,0.9,FAN_DT_001,3.0,process-model-3.0.0-build3,6875,1,LIVE,SYNCHRONISED,AUTOMATIC,NORMAL,65,1950,1950,0,145,145,0.3,0.3,24.59881,46.7,1.028,1,0.0254,0,207.97,33.5127,0.14288,1,0.18,68.705,7.8085,100,HEALTHY,F0,0,0,healthy,0,0,0,,,,,23,0
2026-08-19T18:57:28.718Z,1787165848718,FAN_DT_001_F3_S09_R01_20260819T184746,1,582.343,RECOVERY,F3,0.9,FAN_DT_001,3.0,process-model-3.0.0-build3,6876,1,LIVE,SYNCHRONISED,AUTOMATIC,NORMAL,65,1950,1950,0,145,145,0.3,0.3,24.58317,46.55,1.028,1,0.0254,0,207.97,33.5719,0.14074,1,0.18,67.674,7.8222,100,HEALTHY,F0,0,0,healthy,0,0,0,,,,,23,0
2026-08-19T18:57:29.755Z,1787165849755,FAN_DT_001_F3_S09_R01_20260819T184746,1,583.38,RECOVERY,F3,0.9,FAN_DT_001,3.0,process-model-3.0.0-build3,6877,1,LIVE,SYNCHRONISED,AUTOMATIC,NORMAL,65,1950,1950,0,145,145,0.3,0.3,24.56766,46.41,1.028,1,0.0254,0,207.97,33.6314,0.1386,1,0.18,66.646,7.8361,100,HEALTHY,F0,0,0,healthy,0,0,0,,,,,23,0
2026-08-19T18:57:30.770Z,1787165850770,FAN_DT_001_F3_S09_R01_20260819T184746,1,584.395,RECOVERY,F3,0.9,FAN_DT_001,3.0,process-model-3.0.0-build3,6878,1,LIVE,SYNCHRONISED,AUTOMATIC,NORMAL,65,1950,1950,0,145,145,0.3,0.3,24.55245,46.27,1.028,1,0.0254,0,207.97,33.6905,0.13655,1,0.18,65.659,7.8499,100,HEALTHY,F0,0,0,healthy,0,0,0,,,,,23,0
2026-08-19T18:57:31.800Z,1787165851800,FAN_DT_001_F3_S09_R01_20260819T184746,1,585.425,RECOVERY,F3,0.9,FAN_DT_001,3.0,process-model-3.0.0-build3,6879,1,LIVE,SYNCHRONISED,AUTOMATIC,NORMAL,65,1950,1950,0,145,145,0.3,0.3,24.53747,46.13,1.028,1,0.0254,0,207.97,33.7497,0.13448,1,0.18,64.662,7.8637,100,HEALTHY,F0,0,0,healthy,0,0,0,,,,,23,0
2026-08-19T18:57:32.837Z,1787165852837,FAN_DT_001_F3_S09_R01_20260819T184746,1,586.462,RECOVERY,F3,0.9,FAN_DT_001,3.0,process-model-3.0.0-build3,6880,1,LIVE,SYNCHRONISED,AUTOMATIC,NORMAL,65,1950,1950,0,145,145,0.3,0.3,24.52263,45.99,1.028,1,0.0254,0,207.97,33.8093,0.13243,1,0.18,63.68,7.8776,100,HEALTHY,F0,0,0,healthy,0,0,0,,,,,23,0
2026-08-19T18:57:33.907Z,1787165853907,FAN_DT_001_F3_S09_R01_20260819T184746,1,587.532,RECOVERY,F3,0.9,FAN_DT_001,3.0,process-model-3.0.0-build3,6881,1,LIVE,SYNCHRONISED,AUTOMATIC,NORMAL,65,1950,1950,0,145,145,0.3,0.3,24.50818,45.86,1.028,1,0.0254,0,207.97,33.8683,0.13045,1,0.18,62.727,7.8913,100,HEALTHY,F0,0,0,healthy,0,0,0,,,,,23,0
2026-08-19T18:57:34.883Z,1787165854883,FAN_DT_001_F3_S09_R01_20260819T184746,1,588.508,RECOVERY,F3,0.9,FAN_DT_001,3.0,process-model-3.0.0-build3,6882,1,LIVE,SYNCHRONISED,AUTOMATIC,NORMAL,65,1950,1950,0,145,145,0.3,0.3,24.49389,45.72,1.028,1,0.0254,0,207.97,33.9277,0.12849,1,0.18,61.784,7.9052,100,HEALTHY,F0,0,0,healthy,0,0,0,,,,,23,0
2026-08-19T18:57:35.928Z,1787165855928,FAN_DT_001_F3_S09_R01_20260819T184746,1,589.556,RECOVERY,F3,0.9,FAN_DT_001,3.0,process-model-3.0.0-build3,6883,1,LIVE,SYNCHRONISED,AUTOMATIC,NORMAL,65,1950,1950,0,145,145,0.3,0.3,24.47991,45.59,1.028,1,0.0254,0,207.97,33.9869,0.12655,1,0.18,60.851,7.919,100,HEALTHY,F0,0,0,healthy,0,0,0,,,,,23,0
2026-08-19T18:57:36.938Z,1787165856938,FAN_DT_001_F3_S09_R01_20260819T184746,1,590.563,RECOVERY,F3,0.9,FAN_DT_001,3.0,process-model-3.0.0-build3,6884,1,LIVE,SYNCHRONISED,AUTOMATIC,NORMAL,65,1950,1950,0,145,145,0.3,0.3,24.46624,45.46,1.028,1,0.0254,0,207.97,34.046,0.12465,1,0.18,59.939,7.9327,100,HEALTHY,F0,0,0,healthy,0,0,0,,,,,23,0
2026-08-19T18:57:37.965Z,1787165857965,FAN_DT_001_F3_S09_R01_20260819T184746,1,591.589,RECOVERY,F3,0.9,FAN_DT_001,3.0,process-model-3.0.0-build3,6885,1,LIVE,SYNCHRONISED,AUTOMATIC,NORMAL,65,1950,1950,0,145,145,0.3,0.3,24.45273,45.34,1.028,1,0.0254,0,207.97,34.1055,0.12276,1,0.18,59.027,7.9466,100,HEALTHY,F0,0,0,healthy,0,0,0,,,,,23,0
2026-08-19T18:57:38.998Z,1787165858998,FAN_DT_001_F3_S09_R01_20260819T184746,1,592.623,RECOVERY,F3,0.9,FAN_DT_001,3.0,process-model-3.0.0-build3,6886,1,LIVE,SYNCHRONISED,AUTOMATIC,NORMAL,65,1950,1950,0,145,145,0.3,0.3,24.43957,45.21,1.028,1,0.0254,0,207.97,34.1648,0.12091,1,0.18,58.141,7.9604,100,HEALTHY,F0,0,0,healthy,0,0,0,,,,,23,0
2026-08-19T18:57:40.022Z,1787165860022,FAN_DT_001_F3_S09_R01_20260819T184746,1,593.647,RECOVERY,F3,0.9,FAN_DT_001,3.0,process-model-3.0.0-build3,6887,1,LIVE,SYNCHRONISED,AUTOMATIC,NORMAL,65,1950,1950,0,145,145,0.3,0.3,24.42667,45.09,1.028,1,0.0254,0,207.97,34.2242,0.11907,1,0.18,57.256,7.9742,100,HEALTHY,F0,0,0,healthy,0,0,0,,,,,23,0
2026-08-19T18:57:41.052Z,1787165861052,FAN_DT_001_F3_S09_R01_20260819T184746,1,594.676,RECOVERY,F3,0.9,FAN_DT_001,3.0,process-model-3.0.0-build3,6888,1,LIVE,SYNCHRONISED,AUTOMATIC,NORMAL,65,1950,1950,0,145,145,0.3,0.3,24.41414,44.97,1.028,1,0.0254,0,207.97,34.2833,0.11727,1,0.18,56.39,7.988,100,HEALTHY,F0,0,0,healthy,0,0,0,,,,,23,0
2026-08-19T18:57:42.083Z,1787165862083,FAN_DT_001_F3_S09_R01_20260819T184746,1,595.708,RECOVERY,F3,0.9,FAN_DT_001,3.0,process-model-3.0.0-build3,6889,1,LIVE,SYNCHRONISED,AUTOMATIC,NORMAL,65,1950,1950,0,145,145,0.3,0.3,24.40182,44.85,1.028,1,0.0254,0,207.97,34.3428,0.11547,1,0.18,55.523,8.0019,100,HEALTHY,F0,0,0,healthy,0,0,0,,,,,23,0
2026-08-19T18:57:43.106Z,1787165863106,FAN_DT_001_F3_S09_R01_20260819T184746,1,596.732,RECOVERY,F3,0.9,FAN_DT_001,3.0,process-model-3.0.0-build3,6890,1,LIVE,SYNCHRONISED,AUTOMATIC,NORMAL,65,1950,1950,0,145,145,0.3,0.3,24.38986,44.73,1.028,1,0.0254,0,207.97,34.4021,0.11374,1,0.18,54.693,8.0157,100,HEALTHY,F0,0,0,healthy,0,0,0,,,,,23,0
2026-08-19T18:57:44.148Z,1787165864148,FAN_DT_001_F3_S09_R01_20260819T184746,1,597.773,RECOVERY,F3,0.9,FAN_DT_001,3.0,process-model-3.0.0-build3,6891,1,LIVE,SYNCHRONISED,AUTOMATIC,NORMAL,65,1950,1950,0,145,145,0.3,0.3,24.37825,44.61,1.028,1,0.0254,0,207.97,34.4612,0.112,1,0.18,53.854,8.0295,100,HEALTHY,F0,0,0,healthy,0,0,0,,,,,23,0
2026-08-19T18:57:45.167Z,1787165865167,FAN_DT_001_F3_S09_R01_20260819T184746,1,598.792,RECOVERY,F3,0.9,FAN_DT_001,3.0,process-model-3.0.0-build3,6892,1,LIVE,SYNCHRONISED,AUTOMATIC,NORMAL,65,1950,1950,0,145,145,0.3,0.3,24.36689,44.5,1.028,1,0.0254,0,207.97,34.5208,0.11029,1,0.18,53.034,8.0433,100,HEALTHY,F0,0,0,healthy,0,0,0,,,,,23,0
2026-08-19T18:57:46.194Z,1787165866194,FAN_DT_001_F3_S09_R01_20260819T184746,1,599.819,RECOVERY,F3,0.9,FAN_DT_001,3.0,process-model-3.0.0-build3,6893,1,LIVE,SYNCHRONISED,AUTOMATIC,NORMAL,65,1950,1950,0,145,145,0.3,0.3,24.35593,44.39,1.028,1,0.0254,0,207.97,34.5799,0.10863,1,0.18,52.235,8.0571,100,HEALTHY,F0,0,0,healthy,0,0,0,,,,,23,0
