ts_iso,ts_ms,run_id,replicate,experiment_elapsed_s,experiment_phase,selected_fault_code,selected_fault_severity,asset_id,schema_version,model_version,sequence_id,sequence_gap,stream_status,synchronisation_status,control_mode,operating_mode,speed_command_pct,target_rpm,actual_rpm,speed_error_rpm,process_heat_load_w,effective_process_heat_load_w,mechanical_load,effective_mechanical_load,ambient_temperature_c,temperature_c,current_a,current_multiplier,vibration_g,vibration_offset_g,power_w,energy_wh,cooling_rate_c_per_s,cooling_efficiency,thermal_resistance_c_per_w,legacy_thermal_eff_index,co2_g,health_overall,health_status,embedded_fault_code,embedded_fault_class_id,embedded_fault_binary_label,embedded_fault_label,embedded_fault_severity,embedded_fault_active,anomaly,ai_fault_code,ai_fault_label,ai_confidence,ai_severity,accepted_commands,rejected_commands
2026-08-19T14:22:55.433Z,1787149375433,FAN_DT_001_F0_S00_R01_20260819T142255,1,0.243,BASELINE,F0,0,FAN_DT_001,3.0,process-model-3.0.0-build3,3940,1,LIVE,SYNCHRONISED,AUTOMATIC,NORMAL,65,1950,1950,0,145,145,0.3,0.3,24.40796,38.01,1.028,1,0.0254,0,207.97,74.0364,0.00204,1,0.18,0.98,17.2505,100,HEALTHY,F0,0,0,healthy,0,0,0,,,,,6,0
2026-08-19T14:22:56.467Z,1787149376467,FAN_DT_001_F0_S00_R01_20260819T142255,1,1.278,BASELINE,F0,0,FAN_DT_001,3.0,process-model-3.0.0-build3,3941,1,LIVE,SYNCHRONISED,AUTOMATIC,NORMAL,65,1950,1950,0,145,145,0.3,0.3,24.4204,38.01,1.028,1,0.0254,0,207.97,0.0594,0.0018,1,0.18,0.866,0.0138,100,HEALTHY,F0,0,0,healthy,0,0,0,,,,,7,0
2026-08-19T14:22:57.507Z,1787149377507,FAN_DT_001_F0_S00_R01_20260819T142255,1,2.317,BASELINE,F0,0,FAN_DT_001,3.0,process-model-3.0.0-build3,3942,1,LIVE,SYNCHRONISED,AUTOMATIC,NORMAL,65,1950,1950,0,145,145,0.3,0.3,24.43317,38.01,1.028,1,0.0254,0,207.97,0.1189,0.00154,1,0.18,0.74,0.0277,100,HEALTHY,F0,0,0,healthy,0,0,0,,,,,7,0
2026-08-19T14:22:58.524Z,1787149378524,FAN_DT_001_F0_S00_R01_20260819T142255,1,3.335,BASELINE,F0,0,FAN_DT_001,3.0,process-model-3.0.0-build3,3943,1,LIVE,SYNCHRONISED,AUTOMATIC,NORMAL,65,1950,1950,0,145,145,0.3,0.3,24.44612,38.01,1.028,1,0.0254,0,207.97,0.1779,0.00131,1,0.18,0.63,0.0414,100,HEALTHY,F0,0,0,healthy,0,0,0,,,,,7,0
2026-08-19T14:22:59.549Z,1787149379549,FAN_DT_001_F0_S00_R01_20260819T142255,1,4.359,BASELINE,F0,0,FAN_DT_001,3.0,process-model-3.0.0-build3,3944,1,LIVE,SYNCHRONISED,AUTOMATIC,NORMAL,65,1950,1950,0,145,145,0.3,0.3,24.45948,38.01,1.028,1,0.0254,0,207.97,0.2374,0.00106,1,0.18,0.512,0.0553,100,HEALTHY,F0,0,0,healthy,0,0,0,,,,,7,0
2026-08-19T14:23:00.581Z,1787149380581,FAN_DT_001_F0_S00_R01_20260819T142255,1,5.39,BASELINE,F0,0,FAN_DT_001,3.0,process-model-3.0.0-build3,3945,1,LIVE,SYNCHRONISED,AUTOMATIC,NORMAL,65,1950,1950,0,145,145,0.3,0.3,24.47301,38,1.028,1,0.0254,0,207.97,0.2964,0.00084,1,0.18,0.404,0.0691,100,HEALTHY,F0,0,0,healthy,0,0,0,,,,,7,0
2026-08-19T14:23:02.112Z,1787149382112,FAN_DT_001_F0_S00_R01_20260819T142255,1,6.952,BASELINE,F0,0,FAN_DT_001,3.0,process-model-3.0.0-build3,3946,1,LIVE,SYNCHRONISED,AUTOMATIC,NORMAL,65,1950,1950,0,145,145,0.3,0.3,24.48691,38,1.028,1,0.0254,0,207.97,0.3559,0.00059,1,0.18,0.282,0.0829,100,HEALTHY,F0,0,0,healthy,0,0,0,,,,,7,0
2026-08-19T14:23:02.633Z,1787149382633,FAN_DT_001_F0_S00_R01_20260819T142255,1,7.443,BASELINE,F0,0,FAN_DT_001,3.0,process-model-3.0.0-build3,3947,1,LIVE,SYNCHRONISED,AUTOMATIC,NORMAL,65,1950,1950,0,145,145,0.3,0.3,24.501,38,1.028,1,0.0254,0,207.97,0.4149,0.00036,1,0.18,0.172,0.0967,100,HEALTHY,F0,0,0,healthy,0,0,0,,,,,7,0
2026-08-19T14:23:03.656Z,1787149383656,FAN_DT_001_F0_S00_R01_20260819T142255,1,8.468,BASELINE,F0,0,FAN_DT_001,3.0,process-model-3.0.0-build3,3948,1,LIVE,SYNCHRONISED,AUTOMATIC,NORMAL,65,1950,1950,0,145,145,0.3,0.3,24.51541,38,1.028,1,0.0254,0,207.97,0.4743,0.00012,1,0.18,0.056,0.1105,100,HEALTHY,F0,0,0,healthy,0,0,0,,,,,7,0
2026-08-19T14:23:04.712Z,1787149384712,FAN_DT_001_F0_S00_R01_20260819T142255,1,9.522,BASELINE,F0,0,FAN_DT_001,3.0,process-model-3.0.0-build3,3949,1,LIVE,SYNCHRONISED,AUTOMATIC,NORMAL,65,1950,1950,0,145,145,0.3,0.3,24.53002,38,1.028,1,0.0254,0,207.97,0.5335,-0.00015,1,0.18,0.072,0.1243,100,HEALTHY,F0,0,0,healthy,0,0,0,,,,,7,0
2026-08-19T14:23:05.712Z,1787149385712,FAN_DT_001_F0_S00_R01_20260819T142255,1,10.521,BASELINE,F0,0,FAN_DT_001,3.0,process-model-3.0.0-build3,3950,1,LIVE,SYNCHRONISED,AUTOMATIC,NORMAL,65,1950,1950,0,145,145,0.3,0.3,24.54493,38,1.028,1,0.0254,0,207.97,0.5929,-0.00038,1,0.18,0.185,0.1381,100,HEALTHY,F0,0,0,healthy,0,0,0,,,,,7,0
2026-08-19T14:23:06.742Z,1787149386742,FAN_DT_001_F0_S00_R01_20260819T142255,1,11.552,BASELINE,F0,0,FAN_DT_001,3.0,process-model-3.0.0-build3,3951,1,LIVE,SYNCHRONISED,AUTOMATIC,NORMAL,65,1950,1950,0,145,145,0.3,0.3,24.56,38,1.028,1,0.0254,0,207.97,0.652,-0.00063,1,0.18,0.301,0.1519,100,HEALTHY,F0,0,0,healthy,0,0,0,,,,,7,0
2026-08-19T14:23:07.765Z,1787149387765,FAN_DT_001_F0_S00_R01_20260819T142255,1,12.574,BASELINE,F0,0,FAN_DT_001,3.0,process-model-3.0.0-build3,3952,1,LIVE,SYNCHRONISED,AUTOMATIC,NORMAL,65,1950,1950,0,145,145,0.3,0.3,24.57538,38,1.028,1,0.0254,0,207.97,0.7114,-0.00085,1,0.18,0.411,0.1657,100,HEALTHY,F0,0,0,healthy,0,0,0,,,,,7,0
2026-08-19T14:23:08.796Z,1787149388796,FAN_DT_001_F0_S00_R01_20260819T142255,1,13.606,BASELINE,F0,0,FAN_DT_001,3.0,process-model-3.0.0-build3,3953,1,LIVE,SYNCHRONISED,AUTOMATIC,NORMAL,65,1950,1950,0,145,145,0.3,0.3,24.59092,38.01,1.028,1,0.0254,0,207.97,0.7705,-0.0011,1,0.18,0.528,0.1795,100,HEALTHY,F0,0,0,healthy,0,0,0,,,,,7,0
2026-08-19T14:23:09.827Z,1787149389827,FAN_DT_001_F0_S00_R01_20260819T142255,1,14.637,BASELINE,F0,0,FAN_DT_001,3.0,process-model-3.0.0-build3,3954,1,LIVE,SYNCHRONISED,AUTOMATIC,NORMAL,65,1950,1950,0,145,145,0.3,0.3,24.60676,38.01,1.028,1,0.0254,0,207.97,0.83,-0.00133,1,0.18,0.64,0.1934,100,HEALTHY,F0,0,0,healthy,0,0,0,,,,,7,0
2026-08-19T14:23:10.848Z,1787149390848,FAN_DT_001_F0_S00_R01_20260819T142255,1,15.657,BASELINE,F0,0,FAN_DT_001,3.0,process-model-3.0.0-build3,3955,1,LIVE,SYNCHRONISED,AUTOMATIC,NORMAL,65,1950,1950,0,145,145,0.3,0.3,24.62271,38.01,1.028,1,0.0254,0,207.97,0.8892,-0.00159,1,0.18,0.764,0.2072,100,HEALTHY,F0,0,0,healthy,0,0,0,,,,,7,0
2026-08-19T14:23:11.874Z,1787149391874,FAN_DT_001_F0_S00_R01_20260819T142255,1,16.683,BASELINE,F0,0,FAN_DT_001,3.0,process-model-3.0.0-build3,3956,1,LIVE,SYNCHRONISED,AUTOMATIC,NORMAL,65,1950,1950,0,145,145,0.3,0.3,24.63881,38.01,1.028,1,0.0254,0,207.97,0.9482,-0.00182,1,0.18,0.874,0.2209,100,HEALTHY,F0,0,0,healthy,0,0,0,,,,,7,0
2026-08-19T14:23:12.900Z,1787149392900,FAN_DT_001_F0_S00_R01_20260819T142255,1,17.71,BASELINE,F0,0,FAN_DT_001,3.0,process-model-3.0.0-build3,3957,1,LIVE,SYNCHRONISED,AUTOMATIC,NORMAL,65,1950,1950,0,145,145,0.3,0.3,24.65522,38.01,1.028,1,0.0254,0,207.97,1.0075,-0.00205,1,0.18,0.988,0.2348,100,HEALTHY,F0,0,0,healthy,0,0,0,,,,,7,0
2026-08-19T14:23:13.934Z,1787149393934,FAN_DT_001_F0_S00_R01_20260819T142255,1,18.746,BASELINE,F0,0,FAN_DT_001,3.0,process-model-3.0.0-build3,3958,1,LIVE,SYNCHRONISED,AUTOMATIC,NORMAL,65,1950,1950,0,145,145,0.3,0.3,24.6717,38.01,1.028,1,0.0254,0,207.97,1.0666,-0.0023,1,0.18,1.104,0.2485,100,HEALTHY,F0,0,0,healthy,0,0,0,,,,,7,0
2026-08-19T14:23:14.965Z,1787149394965,FAN_DT_001_F0_S00_R01_20260819T142255,1,19.775,BASELINE,F0,0,FAN_DT_001,3.0,process-model-3.0.0-build3,3959,1,LIVE,SYNCHRONISED,AUTOMATIC,NORMAL,65,1950,1950,0,145,145,0.3,0.3,24.68847,38.02,1.028,1,0.0254,0,207.97,1.1261,-0.00252,1,0.18,1.213,0.2624,100,HEALTHY,F0,0,0,healthy,0,0,0,,,,,7,0
2026-08-19T14:23:15.985Z,1787149395985,FAN_DT_001_F0_S00_R01_20260819T142255,1,20.794,BASELINE,F0,0,FAN_DT_001,3.0,process-model-3.0.0-build3,3960,1,LIVE,SYNCHRONISED,AUTOMATIC,NORMAL,65,1950,1950,0,145,145,0.3,0.3,24.70531,38.02,1.028,1,0.0254,0,207.97,1.1852,-0.00277,1,0.18,1.33,0.2761,100,HEALTHY,F0,0,0,healthy,0,0,0,,,,,7,0
2026-08-19T14:23:17.010Z,1787149397010,FAN_DT_001_F0_S00_R01_20260819T142255,1,21.82,BASELINE,F0,0,FAN_DT_001,3.0,process-model-3.0.0-build3,3961,1,LIVE,SYNCHRONISED,AUTOMATIC,NORMAL,65,1950,1950,0,145,145,0.3,0.3,24.72238,38.02,1.028,1,0.0254,0,207.97,1.2446,-0.003,1,0.18,1.441,0.29,100,HEALTHY,F0,0,0,healthy,0,0,0,,,,,7,0
2026-08-19T14:23:18.036Z,1787149398036,FAN_DT_001_F0_S00_R01_20260819T142255,1,22.845,BASELINE,F0,0,FAN_DT_001,3.0,process-model-3.0.0-build3,3962,1,LIVE,SYNCHRONISED,AUTOMATIC,NORMAL,65,1950,1950,0,145,145,0.3,0.3,24.73951,38.03,1.028,1,0.0254,0,207.97,1.3037,-0.00324,1,0.18,1.557,0.3038,100,HEALTHY,F0,0,0,healthy,0,0,0,,,,,7,0
2026-08-19T14:23:19.068Z,1787149399068,FAN_DT_001_F0_S00_R01_20260819T142255,1,23.877,BASELINE,F0,0,FAN_DT_001,3.0,process-model-3.0.0-build3,3963,1,LIVE,SYNCHRONISED,AUTOMATIC,NORMAL,65,1950,1950,0,145,145,0.3,0.3,24.75685,38.03,1.028,1,0.0254,0,207.97,1.363,-0.00345,1,0.18,1.659,0.3176,100,HEALTHY,F0,0,0,healthy,0,0,0,,,,,7,0
2026-08-19T14:23:20.093Z,1787149400093,FAN_DT_001_F0_S00_R01_20260819T142255,1,24.902,BASELINE,F0,0,FAN_DT_001,3.0,process-model-3.0.0-build3,3964,1,LIVE,SYNCHRONISED,AUTOMATIC,NORMAL,65,1950,1950,0,145,145,0.3,0.3,24.77429,38.03,1.028,1,0.0254,0,207.97,1.4223,-0.0037,1,0.18,1.779,0.3314,100,HEALTHY,F0,0,0,healthy,0,0,0,,,,,7,0
2026-08-19T14:23:21.119Z,1787149401119,FAN_DT_001_F0_S00_R01_20260819T142255,1,25.928,BASELINE,F0,0,FAN_DT_001,3.0,process-model-3.0.0-build3,3965,1,LIVE,SYNCHRONISED,AUTOMATIC,NORMAL,65,1950,1950,0,145,145,0.3,0.3,24.79179,38.04,1.028,1,0.0254,0,207.97,1.4814,-0.00391,1,0.18,1.878,0.3452,100,HEALTHY,F0,0,0,healthy,0,0,0,,,,,7,0
2026-08-19T14:23:22.145Z,1787149402145,FAN_DT_001_F0_S00_R01_20260819T142255,1,26.954,BASELINE,F0,0,FAN_DT_001,3.0,process-model-3.0.0-build3,3966,1,LIVE,SYNCHRONISED,AUTOMATIC,NORMAL,65,1950,1950,0,145,145,0.3,0.3,24.80948,38.04,1.028,1,0.0254,0,207.97,1.5407,-0.00413,1,0.18,1.987,0.359,100,HEALTHY,F0,0,0,healthy,0,0,0,,,,,7,0
2026-08-19T14:23:23.171Z,1787149403171,FAN_DT_001_F0_S00_R01_20260819T142255,1,27.98,BASELINE,F0,0,FAN_DT_001,3.0,process-model-3.0.0-build3,3967,1,LIVE,SYNCHRONISED,AUTOMATIC,NORMAL,65,1950,1950,0,145,145,0.3,0.3,24.8272,38.05,1.028,1,0.0254,0,207.97,1.5999,-0.00436,1,0.18,2.096,0.3728,100,HEALTHY,F0,0,0,healthy,0,0,0,,,,,7,0
2026-08-19T14:23:24.210Z,1787149404210,FAN_DT_001_F0_S00_R01_20260819T142255,1,29.019,BASELINE,F0,0,FAN_DT_001,3.0,process-model-3.0.0-build3,3968,1,LIVE,SYNCHRONISED,AUTOMATIC,NORMAL,65,1950,1950,0,145,145,0.3,0.3,24.84504,38.05,1.028,1,0.0254,0,207.97,1.6591,-0.00457,1,0.18,2.196,0.3866,100,HEALTHY,F0,0,0,healthy,0,0,0,,,,,7,0
2026-08-19T14:23:25.226Z,1787149405226,FAN_DT_001_F0_S00_R01_20260819T142255,1,30.035,BASELINE,F0,0,FAN_DT_001,3.0,process-model-3.0.0-build3,3969,1,LIVE,SYNCHRONISED,AUTOMATIC,NORMAL,65,1950,1950,0,145,145,0.3,0.3,24.863,38.06,1.028,1,0.0254,0,207.97,1.7185,-0.00478,1,0.18,2.3,0.4004,100,HEALTHY,F0,0,0,healthy,0,0,0,,,,,7,0
2026-08-19T14:23:26.267Z,1787149406267,FAN_DT_001_F0_S00_R01_20260819T142255,1,31.076,BASELINE,F0,0,FAN_DT_001,3.0,process-model-3.0.0-build3,3970,1,LIVE,SYNCHRONISED,AUTOMATIC,NORMAL,65,1950,1950,0,145,145,0.3,0.3,24.88125,38.06,1.028,1,0.0254,0,207.97,1.7786,-0.005,1,0.18,2.404,0.4144,100,HEALTHY,F0,0,0,healthy,0,0,0,,,,,7,0
2026-08-19T14:23:27.296Z,1787149407296,FAN_DT_001_F0_S00_R01_20260819T142255,1,32.105,BASELINE,F0,0,FAN_DT_001,3.0,process-model-3.0.0-build3,3971,1,LIVE,SYNCHRONISED,AUTOMATIC,NORMAL,65,1950,1950,0,145,145,0.3,0.3,24.89931,38.07,1.028,1,0.0254,0,207.97,1.8378,-0.00524,1,0.18,2.519,0.4282,100,HEALTHY,F0,0,0,healthy,0,0,0,,,,,7,0
2026-08-19T14:23:28.323Z,1787149408323,FAN_DT_001_F0_S00_R01_20260819T142255,1,33.132,BASELINE,F0,0,FAN_DT_001,3.0,process-model-3.0.0-build3,3972,1,LIVE,SYNCHRONISED,AUTOMATIC,NORMAL,65,1950,1950,0,145,145,0.3,0.3,24.91738,38.07,1.028,1,0.0254,0,207.97,1.8969,-0.00545,1,0.18,2.618,0.442,100,HEALTHY,F0,0,0,healthy,0,0,0,,,,,7,0
2026-08-19T14:23:30.494Z,1787149410494,FAN_DT_001_F0_S00_R01_20260819T142255,1,35.307,BASELINE,F0,0,FAN_DT_001,3.0,process-model-3.0.0-build3,3973,1,LIVE,SYNCHRONISED,AUTOMATIC,NORMAL,65,1950,1950,0,145,145,0.3,0.3,24.93557,38.08,1.028,1,0.0254,0,207.97,1.9563,-0.00563,1,0.18,2.708,0.4558,100,HEALTHY,F0,0,0,healthy,0,0,0,,,,,7,0
2026-08-19T14:23:30.495Z,1787149410495,FAN_DT_001_F0_S00_R01_20260819T142255,1,35.309,BASELINE,F0,0,FAN_DT_001,3.0,process-model-3.0.0-build3,3974,1,LIVE,SYNCHRONISED,AUTOMATIC,NORMAL,65,1950,1950,0,145,145,0.3,0.3,24.95368,38.08,1.028,1,0.0254,0,207.97,2.0152,-0.00585,1,0.18,2.814,0.4696,100,HEALTHY,F0,0,0,healthy,0,0,0,,,,,7,0
2026-08-19T14:23:31.413Z,1787149411413,FAN_DT_001_F0_S00_R01_20260819T142255,1,36.223,BASELINE,F0,0,FAN_DT_001,3.0,process-model-3.0.0-build3,3975,1,LIVE,SYNCHRONISED,AUTOMATIC,NORMAL,65,1950,1950,0,145,145,0.3,0.3,24.97197,38.09,1.028,1,0.0254,0,207.97,2.0747,-0.00605,1,0.18,2.909,0.4834,100,HEALTHY,F0,0,0,healthy,0,0,0,,,,,7,0
2026-08-19T14:23:32.438Z,1787149412438,FAN_DT_001_F0_S00_R01_20260819T142255,1,37.249,BASELINE,F0,0,FAN_DT_001,3.0,process-model-3.0.0-build3,3976,1,LIVE,SYNCHRONISED,AUTOMATIC,NORMAL,65,1950,1950,0,145,145,0.3,0.3,24.99017,38.1,1.028,1,0.0254,0,207.97,2.1339,-0.00624,1,0.18,2.999,0.4972,100,HEALTHY,F0,0,0,healthy,0,0,0,,,,,7,0
2026-08-19T14:23:33.458Z,1787149413458,FAN_DT_001_F0_S00_R01_20260819T142255,1,38.268,BASELINE,F0,0,FAN_DT_001,3.0,process-model-3.0.0-build3,3977,1,LIVE,SYNCHRONISED,AUTOMATIC,NORMAL,65,1950,1950,0,145,145,0.3,0.3,25.00839,38.1,1.028,1,0.0254,0,207.97,2.1931,-0.00645,1,0.18,3.099,0.511,100,HEALTHY,F0,0,0,healthy,0,0,0,,,,,7,0
2026-08-19T14:23:34.486Z,1787149414486,FAN_DT_001_F0_S00_R01_20260819T142255,1,39.296,BASELINE,F0,0,FAN_DT_001,3.0,process-model-3.0.0-build3,3978,1,LIVE,SYNCHRONISED,AUTOMATIC,NORMAL,65,1950,1950,0,145,145,0.3,0.3,25.02675,38.11,1.028,1,0.0254,0,207.97,2.2528,-0.00663,1,0.18,3.188,0.5249,100,HEALTHY,F0,0,0,healthy,0,0,0,,,,,7,0
2026-08-19T14:23:35.514Z,1787149415514,FAN_DT_001_F0_S00_R01_20260819T142255,1,40.323,BASELINE,F0,0,FAN_DT_001,3.0,process-model-3.0.0-build3,3979,1,LIVE,SYNCHRONISED,AUTOMATIC,NORMAL,65,1950,1950,0,145,145,0.3,0.3,25.04488,38.12,1.028,1,0.0254,0,207.97,2.3118,-0.00681,1,0.18,3.274,0.5386,100,HEALTHY,F0,0,0,healthy,0,0,0,,,,,7,0
2026-08-19T14:23:36.544Z,1787149416544,FAN_DT_001_F0_S00_R01_20260819T142255,1,41.353,BASELINE,F0,0,FAN_DT_001,3.0,process-model-3.0.0-build3,3980,1,LIVE,SYNCHRONISED,AUTOMATIC,NORMAL,65,1950,1950,0,145,145,0.3,0.3,25.0632,38.12,1.028,1,0.0254,0,207.97,2.3714,-0.00699,1,0.18,3.361,0.5525,100,HEALTHY,F0,0,0,healthy,0,0,0,,,,,7,0
2026-08-19T14:23:37.572Z,1787149417572,FAN_DT_001_F0_S00_R01_20260819T142255,1,42.381,BASELINE,F0,0,FAN_DT_001,3.0,process-model-3.0.0-build3,3981,1,LIVE,SYNCHRONISED,AUTOMATIC,NORMAL,65,1950,1950,0,145,145,0.3,0.3,25.08132,38.13,1.028,1,0.0254,0,207.97,2.4305,-0.00717,1,0.18,3.45,0.5663,100,HEALTHY,F0,0,0,healthy,0,0,0,,,,,7,0
2026-08-19T14:23:38.615Z,1787149418615,FAN_DT_001_F0_S00_R01_20260819T142255,1,43.424,BASELINE,F0,0,FAN_DT_001,3.0,process-model-3.0.0-build3,3982,1,LIVE,SYNCHRONISED,AUTOMATIC,NORMAL,65,1950,1950,0,145,145,0.3,0.3,25.09947,38.14,1.028,1,0.0254,0,207.97,2.4899,-0.00737,1,0.18,3.543,0.5802,100,HEALTHY,F0,0,0,healthy,0,0,0,,,,,7,0
2026-08-19T14:23:39.626Z,1787149419626,FAN_DT_001_F0_S00_R01_20260819T142255,1,44.435,BASELINE,F0,0,FAN_DT_001,3.0,process-model-3.0.0-build3,3983,1,LIVE,SYNCHRONISED,AUTOMATIC,NORMAL,65,1950,1950,0,145,145,0.3,0.3,25.11755,38.15,1.028,1,0.0254,0,207.97,2.5492,-0.00754,1,0.18,3.625,0.594,100,HEALTHY,F0,0,0,healthy,0,0,0,,,,,7,0
2026-08-19T14:23:40.654Z,1787149420654,FAN_DT_001_F0_S00_R01_20260819T142255,1,45.463,BASELINE,F0,0,FAN_DT_001,3.0,process-model-3.0.0-build3,3984,1,LIVE,SYNCHRONISED,AUTOMATIC,NORMAL,65,1950,1950,0,145,145,0.3,0.3,25.13547,38.15,1.028,1,0.0254,0,207.97,2.6082,-0.00769,1,0.18,3.696,0.6077,100,HEALTHY,F0,0,0,healthy,0,0,0,,,,,7,0
2026-08-19T14:23:41.674Z,1787149421674,FAN_DT_001_F0_S00_R01_20260819T142255,1,46.484,BASELINE,F0,0,FAN_DT_001,3.0,process-model-3.0.0-build3,3985,1,LIVE,SYNCHRONISED,AUTOMATIC,NORMAL,65,1950,1950,0,145,145,0.3,0.3,25.15339,38.16,1.028,1,0.0254,0,207.97,2.6674,-0.00787,1,0.18,3.785,0.6215,100,HEALTHY,F0,0,0,healthy,0,0,0,,,,,7,0
2026-08-19T14:23:42.701Z,1787149422701,FAN_DT_001_F0_S00_R01_20260819T142255,1,47.511,BASELINE,F0,0,FAN_DT_001,3.0,process-model-3.0.0-build3,3986,1,LIVE,SYNCHRONISED,AUTOMATIC,NORMAL,65,1950,1950,0,145,145,0.3,0.3,25.17115,38.17,1.028,1,0.0254,0,207.97,2.7263,-0.00801,1,0.18,3.852,0.6352,100,HEALTHY,F0,0,0,healthy,0,0,0,,,,,7,0
2026-08-19T14:23:43.944Z,1787149423944,FAN_DT_001_F0_S00_R01_20260819T142255,1,48.753,BASELINE,F0,0,FAN_DT_001,3.0,process-model-3.0.0-build3,3987,1,LIVE,SYNCHRONISED,AUTOMATIC,NORMAL,65,1950,1950,0,145,145,0.3,0.3,25.18897,38.18,1.028,1,0.0254,0,207.97,2.7858,-0.00817,1,0.18,3.93,0.6491,100,HEALTHY,F0,0,0,healthy,0,0,0,,,,,7,0
2026-08-19T14:23:44.766Z,1787149424766,FAN_DT_001_F0_S00_R01_20260819T142255,1,49.8,BASELINE,F0,0,FAN_DT_001,3.0,process-model-3.0.0-build3,3988,1,LIVE,SYNCHRONISED,AUTOMATIC,NORMAL,65,1950,1950,0,145,145,0.3,0.3,25.20659,38.19,1.028,1,0.0254,0,207.97,2.8449,-0.00832,1,0.18,4.002,0.6629,100,HEALTHY,F0,0,0,healthy,0,0,0,,,,,7,0
2026-08-19T14:23:45.812Z,1787149425812,FAN_DT_001_F0_S00_R01_20260819T142255,1,50.622,BASELINE,F0,0,FAN_DT_001,3.0,process-model-3.0.0-build3,3989,1,LIVE,SYNCHRONISED,AUTOMATIC,NORMAL,65,1950,1950,0,145,145,0.3,0.3,25.22419,38.19,1.028,1,0.0254,0,207.97,2.9042,-0.00848,1,0.18,4.076,0.6767,100,HEALTHY,F0,0,0,healthy,0,0,0,,,,,7,0
2026-08-19T14:23:46.808Z,1787149426808,FAN_DT_001_F0_S00_R01_20260819T142255,1,51.617,BASELINE,F0,0,FAN_DT_001,3.0,process-model-3.0.0-build3,3990,1,LIVE,SYNCHRONISED,AUTOMATIC,NORMAL,65,1950,1950,0,145,145,0.3,0.3,25.24156,38.2,1.028,1,0.0254,0,207.97,2.9632,-0.00861,1,0.18,4.141,0.6904,100,HEALTHY,F0,0,0,healthy,0,0,0,,,,,7,0
2026-08-19T14:23:47.835Z,1787149427835,FAN_DT_001_F0_S00_R01_20260819T142255,1,52.644,BASELINE,F0,0,FAN_DT_001,3.0,process-model-3.0.0-build3,3991,1,LIVE,SYNCHRONISED,AUTOMATIC,NORMAL,65,1950,1950,0,145,145,0.3,0.3,25.25895,38.21,1.028,1,0.0254,0,207.97,3.0227,-0.00875,1,0.18,4.207,0.7043,100,HEALTHY,F0,0,0,healthy,0,0,0,,,,,7,0
2026-08-19T14:23:48.865Z,1787149428865,FAN_DT_001_F0_S00_R01_20260819T142255,1,53.674,BASELINE,F0,0,FAN_DT_001,3.0,process-model-3.0.0-build3,3992,1,LIVE,SYNCHRONISED,AUTOMATIC,NORMAL,65,1950,1950,0,145,145,0.3,0.3,25.27607,38.22,1.028,1,0.0254,0,207.97,3.0818,-0.0089,1,0.18,4.28,0.7181,100,HEALTHY,F0,0,0,healthy,0,0,0,,,,,7,0
2026-08-19T14:23:49.893Z,1787149429893,FAN_DT_001_F0_S00_R01_20260819T142255,1,54.702,BASELINE,F0,0,FAN_DT_001,3.0,process-model-3.0.0-build3,3993,1,LIVE,SYNCHRONISED,AUTOMATIC,NORMAL,65,1950,1950,0,145,145,0.3,0.3,25.29318,38.23,1.028,1,0.0254,0,207.97,3.1413,-0.00902,1,0.18,4.338,0.7319,100,HEALTHY,F0,0,0,healthy,0,0,0,,,,,7,0
2026-08-19T14:23:50.916Z,1787149430916,FAN_DT_001_F0_S00_R01_20260819T142255,1,55.726,BASELINE,F0,0,FAN_DT_001,3.0,process-model-3.0.0-build3,3994,1,LIVE,SYNCHRONISED,AUTOMATIC,NORMAL,65,1950,1950,0,145,145,0.3,0.3,25.31003,38.24,1.028,1,0.0254,0,207.97,3.2004,-0.00916,1,0.18,4.405,0.7457,100,HEALTHY,F0,0,0,healthy,0,0,0,,,,,7,0
2026-08-19T14:23:51.948Z,1787149431948,FAN_DT_001_F0_S00_R01_20260819T142255,1,56.758,BASELINE,F0,0,FAN_DT_001,3.0,process-model-3.0.0-build3,3995,1,LIVE,SYNCHRONISED,AUTOMATIC,NORMAL,65,1950,1950,0,145,145,0.3,0.3,25.3268,38.25,1.028,1,0.0254,0,207.97,3.2598,-0.00928,1,0.18,4.461,0.7595,100,HEALTHY,F0,0,0,healthy,0,0,0,,,,,7,0
2026-08-19T14:23:52.974Z,1787149432974,FAN_DT_001_F0_S00_R01_20260819T142255,1,57.783,BASELINE,F0,0,FAN_DT_001,3.0,process-model-3.0.0-build3,3996,1,LIVE,SYNCHRONISED,AUTOMATIC,NORMAL,65,1950,1950,0,145,145,0.3,0.3,25.34334,38.26,1.028,1,0.0254,0,207.97,3.319,-0.00939,1,0.18,4.516,0.7733,100,HEALTHY,F0,0,0,healthy,0,0,0,,,,,7,0
2026-08-19T14:23:54.002Z,1787149434002,FAN_DT_001_F0_S00_R01_20260819T142255,1,58.811,BASELINE,F0,0,FAN_DT_001,3.0,process-model-3.0.0-build3,3997,1,LIVE,SYNCHRONISED,AUTOMATIC,NORMAL,65,1950,1950,0,145,145,0.3,0.3,25.35977,38.27,1.028,1,0.0254,0,207.97,3.3784,-0.00951,1,0.18,4.571,0.7872,100,HEALTHY,F0,0,0,healthy,0,0,0,,,,,7,0
2026-08-19T14:23:55.030Z,1787149435030,FAN_DT_001_F0_S00_R01_20260819T142255,1,59.839,BASELINE,F0,0,FAN_DT_001,3.0,process-model-3.0.0-build3,3998,1,LIVE,SYNCHRONISED,AUTOMATIC,NORMAL,65,1950,1950,0,145,145,0.3,0.3,25.37595,38.28,1.028,1,0.0254,0,207.97,3.4376,-0.00959,1,0.18,4.614,0.801,100,HEALTHY,F0,0,0,healthy,0,0,0,,,,,7,0
2026-08-19T14:23:56.036Z,1787149436036,FAN_DT_001_F0_S00_R01_20260819T142255,1,60.845,FAULT_ACTIVE,F0,0,FAN_DT_001,3.0,process-model-3.0.0-build3,3999,1,LIVE,SYNCHRONISED,AUTOMATIC,NORMAL,65,1950,1950,0,145,145,0.3,0.3,25.39227,38.29,1.028,1,0.0254,0,207.97,3.4981,-0.00971,1,0.18,4.667,0.8151,100,HEALTHY,F0,0,0,healthy,0,0,0,,,,,8,0
2026-08-19T14:23:57.067Z,1787149437067,FAN_DT_001_F0_S00_R01_20260819T142255,1,61.877,FAULT_ACTIVE,F0,0,FAN_DT_001,3.0,process-model-3.0.0-build3,4000,1,LIVE,SYNCHRONISED,AUTOMATIC,NORMAL,65,1950,1950,0,145,145,0.3,0.3,25.40744,38.3,1.028,1,0.0254,0,207.97,3.555,-0.0098,1,0.18,4.711,0.8283,100,HEALTHY,F0,0,0,healthy,0,0,0,,,,,8,0
2026-08-19T14:23:58.113Z,1787149438113,FAN_DT_001_F0_S00_R01_20260819T142255,1,62.922,FAULT_ACTIVE,F0,0,FAN_DT_001,3.0,process-model-3.0.0-build3,4001,1,LIVE,SYNCHRONISED,AUTOMATIC,NORMAL,65,1950,1950,0,145,145,0.3,0.3,25.42308,38.31,1.028,1,0.0254,0,207.97,3.6145,-0.00987,1,0.18,4.746,0.8422,100,HEALTHY,F0,0,0,healthy,0,0,0,,,,,8,0
2026-08-19T14:23:59.484Z,1787149439484,FAN_DT_001_F0_S00_R01_20260819T142255,1,64.293,FAULT_ACTIVE,F0,0,FAN_DT_001,3.0,process-model-3.0.0-build3,4002,1,LIVE,SYNCHRONISED,AUTOMATIC,NORMAL,65,1950,1950,0,145,145,0.3,0.3,25.43839,38.32,1.028,1,0.0254,0,207.97,3.6735,-0.00997,1,0.18,4.794,0.8559,100,HEALTHY,F0,0,0,healthy,0,0,0,,,,,8,0
2026-08-19T14:24:00.148Z,1787149440148,FAN_DT_001_F0_S00_R01_20260819T142255,1,64.958,FAULT_ACTIVE,F0,0,FAN_DT_001,3.0,process-model-3.0.0-build3,4003,1,LIVE,SYNCHRONISED,AUTOMATIC,NORMAL,65,1950,1950,0,145,145,0.3,0.3,25.45358,38.33,1.028,1,0.0254,0,207.97,3.733,-0.01004,1,0.18,4.828,0.8698,100,HEALTHY,F0,0,0,healthy,0,0,0,,,,,8,0
2026-08-19T14:24:01.175Z,1787149441175,FAN_DT_001_F0_S00_R01_20260819T142255,1,65.985,FAULT_ACTIVE,F0,0,FAN_DT_001,3.0,process-model-3.0.0-build3,4004,1,LIVE,SYNCHRONISED,AUTOMATIC,NORMAL,65,1950,1950,0,145,145,0.3,0.3,25.46842,38.34,1.028,1,0.0254,0,207.97,3.792,-0.01013,1,0.18,4.873,0.8835,100,HEALTHY,F0,0,0,healthy,0,0,0,,,,,8,0
2026-08-19T14:24:02.201Z,1787149442201,FAN_DT_001_F0_S00_R01_20260819T142255,1,67.011,FAULT_ACTIVE,F0,0,FAN_DT_001,3.0,process-model-3.0.0-build3,4005,1,LIVE,SYNCHRONISED,AUTOMATIC,NORMAL,65,1950,1950,0,145,145,0.3,0.3,25.48314,38.35,1.028,1,0.0254,0,207.97,3.8515,-0.0102,1,0.18,4.906,0.8974,100,HEALTHY,F0,0,0,healthy,0,0,0,,,,,8,0
2026-08-19T14:24:03.231Z,1787149443231,FAN_DT_001_F0_S00_R01_20260819T142255,1,68.04,FAULT_ACTIVE,F0,0,FAN_DT_001,3.0,process-model-3.0.0-build3,4006,1,LIVE,SYNCHRONISED,AUTOMATIC,NORMAL,65,1950,1950,0,145,145,0.3,0.3,25.49752,38.36,1.028,1,0.0254,0,207.97,3.9106,-0.01027,1,0.18,4.938,0.9112,100,HEALTHY,F0,0,0,healthy,0,0,0,,,,,8,0
2026-08-19T14:24:04.259Z,1787149444259,FAN_DT_001_F0_S00_R01_20260819T142255,1,69.068,FAULT_ACTIVE,F0,0,FAN_DT_001,3.0,process-model-3.0.0-build3,4007,1,LIVE,SYNCHRONISED,AUTOMATIC,NORMAL,65,1950,1950,0,145,145,0.3,0.3,25.51175,38.37,1.028,1,0.0254,0,207.97,3.9702,-0.01032,1,0.18,4.962,0.9251,100,HEALTHY,F0,0,0,healthy,0,0,0,,,,,8,0
2026-08-19T14:24:05.311Z,1787149445311,FAN_DT_001_F0_S00_R01_20260819T142255,1,70.121,FAULT_ACTIVE,F0,0,FAN_DT_001,3.0,process-model-3.0.0-build3,4008,1,LIVE,SYNCHRONISED,AUTOMATIC,NORMAL,65,1950,1950,0,145,145,0.3,0.3,25.52557,38.38,1.028,1,0.0254,0,207.97,4.0292,-0.01038,1,0.18,4.993,0.9388,100,HEALTHY,F0,0,0,healthy,0,0,0,,,,,8,0
2026-08-19T14:24:06.313Z,1787149446313,FAN_DT_001_F0_S00_R01_20260819T142255,1,71.122,FAULT_ACTIVE,F0,0,FAN_DT_001,3.0,process-model-3.0.0-build3,4009,1,LIVE,SYNCHRONISED,AUTOMATIC,NORMAL,65,1950,1950,0,145,145,0.3,0.3,25.53922,38.39,1.028,1,0.0254,0,207.97,4.0886,-0.01043,1,0.18,5.017,0.9526,100,HEALTHY,F0,0,0,healthy,0,0,0,,,,,8,0
2026-08-19T14:24:07.344Z,1787149447344,FAN_DT_001_F0_S00_R01_20260819T142255,1,72.153,FAULT_ACTIVE,F0,0,FAN_DT_001,3.0,process-model-3.0.0-build3,4010,1,LIVE,SYNCHRONISED,AUTOMATIC,NORMAL,65,1950,1950,0,145,145,0.3,0.3,25.55255,38.4,1.028,1,0.0254,0,207.97,4.1479,-0.01047,1,0.18,5.037,0.9665,100,HEALTHY,F0,0,0,healthy,0,0,0,,,,,8,0
2026-08-19T14:24:08.374Z,1787149448374,FAN_DT_001_F0_S00_R01_20260819T142255,1,73.183,FAULT_ACTIVE,F0,0,FAN_DT_001,3.0,process-model-3.0.0-build3,4011,1,LIVE,SYNCHRONISED,AUTOMATIC,NORMAL,65,1950,1950,0,145,145,0.3,0.3,25.5656,38.41,1.028,1,0.0254,0,207.97,4.2072,-0.01049,1,0.18,5.044,0.9803,100,HEALTHY,F0,0,0,healthy,0,0,0,,,,,8,0
2026-08-19T14:24:09.397Z,1787149449397,FAN_DT_001_F0_S00_R01_20260819T142255,1,74.206,FAULT_ACTIVE,F0,0,FAN_DT_001,3.0,process-model-3.0.0-build3,4012,1,LIVE,SYNCHRONISED,AUTOMATIC,NORMAL,65,1950,1950,0,145,145,0.3,0.3,25.57839,38.42,1.028,1,0.0254,0,207.97,4.2666,-0.01054,1,0.18,5.066,0.9941,100,HEALTHY,F0,0,0,healthy,0,0,0,,,,,8,0
2026-08-19T14:24:10.428Z,1787149450428,FAN_DT_001_F0_S00_R01_20260819T142255,1,75.237,FAULT_ACTIVE,F0,0,FAN_DT_001,3.0,process-model-3.0.0-build3,4013,1,LIVE,SYNCHRONISED,AUTOMATIC,NORMAL,65,1950,1950,0,145,145,0.3,0.3,25.59081,38.44,1.028,1,0.0254,0,207.97,4.3258,-0.01057,1,0.18,5.083,1.0079,100,HEALTHY,F0,0,0,healthy,0,0,0,,,,,8,0
2026-08-19T14:24:11.450Z,1787149451450,FAN_DT_001_F0_S00_R01_20260819T142255,1,76.259,FAULT_ACTIVE,F0,0,FAN_DT_001,3.0,process-model-3.0.0-build3,4014,1,LIVE,SYNCHRONISED,AUTOMATIC,NORMAL,65,1950,1950,0,145,145,0.3,0.3,25.60295,38.45,1.028,1,0.0254,0,207.97,4.385,-0.01057,1,0.18,5.084,1.0217,100,HEALTHY,F0,0,0,healthy,0,0,0,,,,,8,0
2026-08-19T14:24:12.511Z,1787149452511,FAN_DT_001_F0_S00_R01_20260819T142255,1,77.32,FAULT_ACTIVE,F0,0,FAN_DT_001,3.0,process-model-3.0.0-build3,4015,1,LIVE,SYNCHRONISED,AUTOMATIC,NORMAL,65,1950,1950,0,145,145,0.3,0.3,25.61473,38.46,1.028,1,0.0254,0,207.97,4.444,-0.01061,1,0.18,5.102,1.0355,100,HEALTHY,F0,0,0,healthy,0,0,0,,,,,8,0
2026-08-19T14:24:13.502Z,1787149453502,FAN_DT_001_F0_S00_R01_20260819T142255,1,78.311,FAULT_ACTIVE,F0,0,FAN_DT_001,3.0,process-model-3.0.0-build3,4016,1,LIVE,SYNCHRONISED,AUTOMATIC,NORMAL,65,1950,1950,0,145,145,0.3,0.3,25.62625,38.47,1.028,1,0.0254,0,207.97,4.5033,-0.01062,1,0.18,5.105,1.0493,100,HEALTHY,F0,0,0,healthy,0,0,0,,,,,8,0
2026-08-19T14:24:14.846Z,1787149454846,FAN_DT_001_F0_S00_R01_20260819T142255,1,79.655,FAULT_ACTIVE,F0,0,FAN_DT_001,3.0,process-model-3.0.0-build3,4017,1,LIVE,SYNCHRONISED,AUTOMATIC,NORMAL,65,1950,1950,0,145,145,0.3,0.3,25.63742,38.48,1.028,1,0.0254,0,207.97,4.5625,-0.01061,1,0.18,5.102,1.0631,100,HEALTHY,F0,0,0,healthy,0,0,0,,,,,8,0
2026-08-19T14:24:15.560Z,1787149455560,FAN_DT_001_F0_S00_R01_20260819T142255,1,80.37,FAULT_ACTIVE,F0,0,FAN_DT_001,3.0,process-model-3.0.0-build3,4018,1,LIVE,SYNCHRONISED,AUTOMATIC,NORMAL,65,1950,1950,0,145,145,0.3,0.3,25.64834,38.49,1.028,1,0.0254,0,207.97,4.6222,-0.01061,1,0.18,5.1,1.077,100,HEALTHY,F0,0,0,healthy,0,0,0,,,,,8,0
2026-08-19T14:24:16.588Z,1787149456588,FAN_DT_001_F0_S00_R01_20260819T142255,1,81.397,FAULT_ACTIVE,F0,0,FAN_DT_001,3.0,process-model-3.0.0-build3,4019,1,LIVE,SYNCHRONISED,AUTOMATIC,NORMAL,65,1950,1950,0,145,145,0.3,0.3,25.65882,38.5,1.028,1,0.0254,0,207.97,4.6812,-0.0106,1,0.18,5.095,1.0907,100,HEALTHY,F0,0,0,healthy,0,0,0,,,,,8,0
2026-08-19T14:24:17.615Z,1787149457615,FAN_DT_001_F0_S00_R01_20260819T142255,1,82.424,FAULT_ACTIVE,F0,0,FAN_DT_001,3.0,process-model-3.0.0-build3,4020,1,LIVE,SYNCHRONISED,AUTOMATIC,NORMAL,65,1950,1950,0,145,145,0.3,0.3,25.66899,38.51,1.028,1,0.0254,0,207.97,4.7405,-0.01061,1,0.18,5.1,1.1045,100,HEALTHY,F0,0,0,healthy,0,0,0,,,,,8,0
2026-08-19T14:24:18.641Z,1787149458641,FAN_DT_001_F0_S00_R01_20260819T142255,1,83.45,FAULT_ACTIVE,F0,0,FAN_DT_001,3.0,process-model-3.0.0-build3,4021,1,LIVE,SYNCHRONISED,AUTOMATIC,NORMAL,65,1950,1950,0,145,145,0.3,0.3,25.67883,38.52,1.028,1,0.0254,0,207.97,4.7998,-0.01057,1,0.18,5.081,1.1184,100,HEALTHY,F0,0,0,healthy,0,0,0,,,,,8,0
2026-08-19T14:24:19.668Z,1787149459668,FAN_DT_001_F0_S00_R01_20260819T142255,1,84.477,FAULT_ACTIVE,F0,0,FAN_DT_001,3.0,process-model-3.0.0-build3,4022,1,LIVE,SYNCHRONISED,AUTOMATIC,NORMAL,65,1950,1950,0,145,145,0.3,0.3,25.68826,38.53,1.028,1,0.0254,0,207.97,4.8588,-0.01055,1,0.18,5.072,1.1321,100,HEALTHY,F0,0,0,healthy,0,0,0,,,,,8,0
2026-08-19T14:24:20.692Z,1787149460692,FAN_DT_001_F0_S00_R01_20260819T142255,1,85.504,FAULT_ACTIVE,F0,0,FAN_DT_001,3.0,process-model-3.0.0-build3,4023,1,LIVE,SYNCHRONISED,AUTOMATIC,NORMAL,65,1950,1950,0,145,145,0.3,0.3,25.6974,38.54,1.028,1,0.0254,0,207.97,4.9182,-0.01054,1,0.18,5.066,1.1459,100,HEALTHY,F0,0,0,healthy,0,0,0,,,,,8,0
2026-08-19T14:24:21.773Z,1787149461773,FAN_DT_001_F0_S00_R01_20260819T142255,1,86.582,FAULT_ACTIVE,F0,0,FAN_DT_001,3.0,process-model-3.0.0-build3,4024,1,LIVE,SYNCHRONISED,AUTOMATIC,NORMAL,65,1950,1950,0,145,145,0.3,0.3,25.70612,38.55,1.028,1,0.0254,0,207.97,4.9772,-0.01049,1,0.18,5.044,1.1597,100,HEALTHY,F0,0,0,healthy,0,0,0,,,,,8,0
2026-08-19T14:24:23.019Z,1787149463019,FAN_DT_001_F0_S00_R01_20260819T142255,1,87.829,FAULT_ACTIVE,F0,0,FAN_DT_001,3.0,process-model-3.0.0-build3,4025,1,LIVE,SYNCHRONISED,AUTOMATIC,NORMAL,65,1950,1950,0,145,145,0.3,0.3,25.71454,38.57,1.028,1,0.0254,0,207.97,5.0367,-0.01044,1,0.18,5.022,1.1736,100,HEALTHY,F0,0,0,healthy,0,0,0,,,,,8,0
2026-08-19T14:24:23.776Z,1787149463776,FAN_DT_001_F0_S00_R01_20260819T142255,1,88.586,FAULT_ACTIVE,F0,0,FAN_DT_001,3.0,process-model-3.0.0-build3,4026,1,LIVE,SYNCHRONISED,AUTOMATIC,NORMAL,65,1950,1950,0,145,145,0.3,0.3,25.72253,38.58,1.028,1,0.0254,0,207.97,5.0958,-0.0104,1,0.18,5.003,1.1873,100,HEALTHY,F0,0,0,healthy,0,0,0,,,,,8,0
2026-08-19T14:24:24.818Z,1787149464818,FAN_DT_001_F0_S00_R01_20260819T142255,1,89.627,FAULT_ACTIVE,F0,0,FAN_DT_001,3.0,process-model-3.0.0-build3,4027,1,LIVE,SYNCHRONISED,AUTOMATIC,NORMAL,65,1950,1950,0,145,145,0.3,0.3,25.73019,38.59,1.028,1,0.0254,0,207.97,5.1552,-0.01035,1,0.18,4.979,1.2012,100,HEALTHY,F0,0,0,healthy,0,0,0,,,,,8,0
2026-08-19T14:24:25.827Z,1787149465827,FAN_DT_001_F0_S00_R01_20260819T142255,1,90.637,FAULT_ACTIVE,F0,0,FAN_DT_001,3.0,process-model-3.0.0-build3,4028,1,LIVE,SYNCHRONISED,AUTOMATIC,NORMAL,65,1950,1950,0,145,145,0.3,0.3,25.73743,38.6,1.028,1,0.0254,0,207.97,5.2143,-0.01032,1,0.18,4.961,1.2149,100,HEALTHY,F0,0,0,healthy,0,0,0,,,,,8,0
2026-08-19T14:24:26.852Z,1787149466852,FAN_DT_001_F0_S00_R01_20260819T142255,1,91.661,FAULT_ACTIVE,F0,0,FAN_DT_001,3.0,process-model-3.0.0-build3,4029,1,LIVE,SYNCHRONISED,AUTOMATIC,NORMAL,65,1950,1950,0,145,145,0.3,0.3,25.7443,38.61,1.028,1,0.0254,0,207.97,5.2735,-0.01023,1,0.18,4.921,1.2287,100,HEALTHY,F0,0,0,healthy,0,0,0,,,,,8,0
2026-08-19T14:24:27.882Z,1787149467882,FAN_DT_001_F0_S00_R01_20260819T142255,1,92.691,FAULT_ACTIVE,F0,0,FAN_DT_001,3.0,process-model-3.0.0-build3,4030,1,LIVE,SYNCHRONISED,AUTOMATIC,NORMAL,65,1950,1950,0,145,145,0.3,0.3,25.75076,38.62,1.028,1,0.0254,0,207.97,5.3324,-0.01018,1,0.18,4.896,1.2425,100,HEALTHY,F0,0,0,healthy,0,0,0,,,,,8,0
2026-08-19T14:24:29.455Z,1787149469455,FAN_DT_001_F0_S00_R01_20260819T142255,1,94.265,FAULT_ACTIVE,F0,0,FAN_DT_001,3.0,process-model-3.0.0-build3,4031,1,LIVE,SYNCHRONISED,AUTOMATIC,NORMAL,65,1950,1950,0,145,145,0.3,0.3,25.75688,38.63,1.028,1,0.0254,0,207.97,5.3919,-0.01009,1,0.18,4.852,1.2563,100,HEALTHY,F0,0,0,healthy,0,0,0,,,,,8,0
2026-08-19T14:24:29.932Z,1787149469932,FAN_DT_001_F0_S00_R01_20260819T142255,1,94.742,FAULT_ACTIVE,F0,0,FAN_DT_001,3.0,process-model-3.0.0-build3,4032,1,LIVE,SYNCHRONISED,AUTOMATIC,NORMAL,65,1950,1950,0,145,145,0.3,0.3,25.76256,38.64,1.028,1,0.0254,0,207.97,5.4508,-0.01004,1,0.18,4.826,1.27,100,HEALTHY,F0,0,0,healthy,0,0,0,,,,,8,0
2026-08-19T14:24:30.954Z,1787149470954,FAN_DT_001_F0_S00_R01_20260819T142255,1,95.764,FAULT_ACTIVE,F0,0,FAN_DT_001,3.0,process-model-3.0.0-build3,4033,1,LIVE,SYNCHRONISED,AUTOMATIC,NORMAL,65,1950,1950,0,145,145,0.3,0.3,25.76788,38.65,1.028,1,0.0254,0,207.97,5.5102,-0.00994,1,0.18,4.781,1.2839,100,HEALTHY,F0,0,0,healthy,0,0,0,,,,,8,0
2026-08-19T14:24:32.013Z,1787149472013,FAN_DT_001_F0_S00_R01_20260819T142255,1,96.822,FAULT_ACTIVE,F0,0,FAN_DT_001,3.0,process-model-3.0.0-build3,4034,1,LIVE,SYNCHRONISED,AUTOMATIC,NORMAL,65,1950,1950,0,145,145,0.3,0.3,25.77279,38.66,1.028,1,0.0254,0,207.97,5.5693,-0.00987,1,0.18,4.744,1.2976,100,HEALTHY,F0,0,0,healthy,0,0,0,,,,,8,0
2026-08-19T14:24:33.010Z,1787149473010,FAN_DT_001_F0_S00_R01_20260819T142255,1,97.819,FAULT_ACTIVE,F0,0,FAN_DT_001,3.0,process-model-3.0.0-build3,4035,1,LIVE,SYNCHRONISED,AUTOMATIC,NORMAL,65,1950,1950,0,145,145,0.3,0.3,25.77732,38.67,1.028,1,0.0254,0,207.97,5.6287,-0.00977,1,0.18,4.698,1.3115,100,HEALTHY,F0,0,0,healthy,0,0,0,,,,,8,0
2026-08-19T14:24:34.040Z,1787149474040,FAN_DT_001_F0_S00_R01_20260819T142255,1,98.849,FAULT_ACTIVE,F0,0,FAN_DT_001,3.0,process-model-3.0.0-build3,4036,1,LIVE,SYNCHRONISED,AUTOMATIC,NORMAL,65,1950,1950,0,145,145,0.3,0.3,25.78142,38.68,1.028,1,0.0254,0,207.97,5.6879,-0.00967,1,0.18,4.651,1.3253,100,HEALTHY,F0,0,0,healthy,0,0,0,,,,,8,0
2026-08-19T14:24:35.066Z,1787149475066,FAN_DT_001_F0_S00_R01_20260819T142255,1,99.875,FAULT_ACTIVE,F0,0,FAN_DT_001,3.0,process-model-3.0.0-build3,4037,1,LIVE,SYNCHRONISED,AUTOMATIC,NORMAL,65,1950,1950,0,145,145,0.3,0.3,25.78513,38.69,1.028,1,0.0254,0,207.97,5.7473,-0.00957,1,0.18,4.6,1.3391,100,HEALTHY,F0,0,0,healthy,0,0,0,,,,,8,0
2026-08-19T14:24:36.093Z,1787149476093,FAN_DT_001_F0_S00_R01_20260819T142255,1,100.902,FAULT_ACTIVE,F0,0,FAN_DT_001,3.0,process-model-3.0.0-build3,4038,1,LIVE,SYNCHRONISED,AUTOMATIC,NORMAL,65,1950,1950,0,145,145,0.3,0.3,25.78842,38.7,1.028,1,0.0254,0,207.97,5.8064,-0.00945,1,0.18,4.542,1.3529,100,HEALTHY,F0,0,0,healthy,0,0,0,,,,,8,0
2026-08-19T14:24:37.120Z,1787149477120,FAN_DT_001_F0_S00_R01_20260819T142255,1,101.928,FAULT_ACTIVE,F0,0,FAN_DT_001,3.0,process-model-3.0.0-build3,4039,1,LIVE,SYNCHRONISED,AUTOMATIC,NORMAL,65,1950,1950,0,145,145,0.3,0.3,25.79131,38.71,1.028,1,0.0254,0,207.97,5.8658,-0.00933,1,0.18,4.488,1.3667,100,HEALTHY,F0,0,0,healthy,0,0,0,,,,,8,0
2026-08-19T14:24:38.148Z,1787149478148,FAN_DT_001_F0_S00_R01_20260819T142255,1,102.957,FAULT_ACTIVE,F0,0,FAN_DT_001,3.0,process-model-3.0.0-build3,4040,1,LIVE,SYNCHRONISED,AUTOMATIC,NORMAL,65,1950,1950,0,145,145,0.3,0.3,25.79378,38.72,1.028,1,0.0254,0,207.97,5.9249,-0.00923,1,0.18,4.44,1.3805,100,HEALTHY,F0,0,0,healthy,0,0,0,,,,,8,0
2026-08-19T14:24:39.174Z,1787149479174,FAN_DT_001_F0_S00_R01_20260819T142255,1,103.983,FAULT_ACTIVE,F0,0,FAN_DT_001,3.0,process-model-3.0.0-build3,4041,1,LIVE,SYNCHRONISED,AUTOMATIC,NORMAL,65,1950,1950,0,145,145,0.3,0.3,25.79585,38.73,1.028,1,0.0254,0,207.97,5.9842,-0.0091,1,0.18,4.374,1.3943,100,HEALTHY,F0,0,0,healthy,0,0,0,,,,,8,0
2026-08-19T14:24:40.203Z,1787149480203,FAN_DT_001_F0_S00_R01_20260819T142255,1,105.012,FAULT_ACTIVE,F0,0,FAN_DT_001,3.0,process-model-3.0.0-build3,4042,1,LIVE,SYNCHRONISED,AUTOMATIC,NORMAL,65,1950,1950,0,145,145,0.3,0.3,25.79749,38.74,1.028,1,0.0254,0,207.97,6.0434,-0.00898,1,0.18,4.318,1.4081,100,HEALTHY,F0,0,0,healthy,0,0,0,,,,,8,0
2026-08-19T14:24:41.228Z,1787149481228,FAN_DT_001_F0_S00_R01_20260819T142255,1,106.038,FAULT_ACTIVE,F0,0,FAN_DT_001,3.0,process-model-3.0.0-build3,4043,1,LIVE,SYNCHRONISED,AUTOMATIC,NORMAL,65,1950,1950,0,145,145,0.3,0.3,25.79873,38.75,1.028,1,0.0254,0,207.97,6.1025,-0.00884,1,0.18,4.252,1.4219,100,HEALTHY,F0,0,0,healthy,0,0,0,,,,,8,0
2026-08-19T14:24:42.255Z,1787149482255,FAN_DT_001_F0_S00_R01_20260819T142255,1,107.065,FAULT_ACTIVE,F0,0,FAN_DT_001,3.0,process-model-3.0.0-build3,4044,1,LIVE,SYNCHRONISED,AUTOMATIC,NORMAL,65,1950,1950,0,145,145,0.3,0.3,25.79955,38.76,1.028,1,0.0254,0,207.97,6.1618,-0.00872,1,0.18,4.191,1.4357,100,HEALTHY,F0,0,0,healthy,0,0,0,,,,,8,0
2026-08-19T14:24:43.281Z,1787149483281,FAN_DT_001_F0_S00_R01_20260819T142255,1,108.09,FAULT_ACTIVE,F0,0,FAN_DT_001,3.0,process-model-3.0.0-build3,4045,1,LIVE,SYNCHRONISED,AUTOMATIC,NORMAL,65,1950,1950,0,145,145,0.3,0.3,25.79995,38.76,1.028,1,0.0254,0,207.97,6.2212,-0.00858,1,0.18,4.124,1.4495,100,HEALTHY,F0,0,0,healthy,0,0,0,,,,,8,0
2026-08-19T14:24:44.335Z,1787149484335,FAN_DT_001_F0_S00_R01_20260819T142255,1,109.145,FAULT_ACTIVE,F0,0,FAN_DT_001,3.0,process-model-3.0.0-build3,4046,1,LIVE,SYNCHRONISED,AUTOMATIC,NORMAL,65,1950,1950,0,145,145,0.3,0.3,25.79994,38.77,1.028,1,0.0254,0,207.97,6.2803,-0.00844,1,0.18,4.058,1.4633,100,HEALTHY,F0,0,0,healthy,0,0,0,,,,,8,0
2026-08-19T14:24:45.336Z,1787149485336,FAN_DT_001_F0_S00_R01_20260819T142255,1,110.146,FAULT_ACTIVE,F0,0,FAN_DT_001,3.0,process-model-3.0.0-build3,4047,1,LIVE,SYNCHRONISED,AUTOMATIC,NORMAL,65,1950,1950,0,145,145,0.3,0.3,25.79952,38.78,1.028,1,0.0254,0,207.97,6.3397,-0.00828,1,0.18,3.981,1.4771,100,HEALTHY,F0,0,0,healthy,0,0,0,,,,,8,0
2026-08-19T14:24:46.363Z,1787149486363,FAN_DT_001_F0_S00_R01_20260819T142255,1,111.173,FAULT_ACTIVE,F0,0,FAN_DT_001,3.0,process-model-3.0.0-build3,4048,1,LIVE,SYNCHRONISED,AUTOMATIC,NORMAL,65,1950,1950,0,145,145,0.3,0.3,25.79868,38.79,1.028,1,0.0254,0,207.97,6.3987,-0.00814,1,0.18,3.914,1.4909,100,HEALTHY,F0,0,0,healthy,0,0,0,,,,,8,0
2026-08-19T14:24:47.544Z,1787149487544,FAN_DT_001_F0_S00_R01_20260819T142255,1,112.354,FAULT_ACTIVE,F0,0,FAN_DT_001,3.0,process-model-3.0.0-build3,4049,1,LIVE,SYNCHRONISED,AUTOMATIC,NORMAL,65,1950,1950,0,145,145,0.3,0.3,25.79742,38.8,1.028,1,0.0254,0,207.97,6.4582,-0.00798,1,0.18,3.838,1.5048,100,HEALTHY,F0,0,0,healthy,0,0,0,,,,,8,0
2026-08-19T14:24:48.475Z,1787149488475,FAN_DT_001_F0_S00_R01_20260819T142255,1,113.285,FAULT_ACTIVE,F0,0,FAN_DT_001,3.0,process-model-3.0.0-build3,4050,1,LIVE,SYNCHRONISED,AUTOMATIC,NORMAL,65,1950,1950,0,145,145,0.3,0.3,25.79575,38.81,1.028,1,0.0254,0,207.97,6.5173,-0.00781,1,0.18,3.755,1.5185,100,HEALTHY,F0,0,0,healthy,0,0,0,,,,,8,0
2026-08-19T14:24:49.465Z,1787149489465,FAN_DT_001_F0_S00_R01_20260819T142255,1,114.277,FAULT_ACTIVE,F0,0,FAN_DT_001,3.0,process-model-3.0.0-build3,4051,1,LIVE,SYNCHRONISED,AUTOMATIC,NORMAL,65,1950,1950,0,145,145,0.3,0.3,25.79366,38.81,1.028,1,0.0254,0,207.97,6.5767,-0.00763,1,0.18,3.668,1.5324,100,HEALTHY,F0,0,0,healthy,0,0,0,,,,,8,0
2026-08-19T14:24:50.476Z,1787149490476,FAN_DT_001_F0_S00_R01_20260819T142255,1,115.286,FAULT_ACTIVE,F0,0,FAN_DT_001,3.0,process-model-3.0.0-build3,4052,1,LIVE,SYNCHRONISED,AUTOMATIC,NORMAL,65,1950,1950,0,145,145,0.3,0.3,25.79118,38.82,1.028,1,0.0254,0,207.97,6.6358,-0.00748,1,0.18,3.597,1.5461,100,HEALTHY,F0,0,0,healthy,0,0,0,,,,,8,0
2026-08-19T14:24:51.497Z,1787149491497,FAN_DT_001_F0_S00_R01_20260819T142255,1,116.307,FAULT_ACTIVE,F0,0,FAN_DT_001,3.0,process-model-3.0.0-build3,4053,1,LIVE,SYNCHRONISED,AUTOMATIC,NORMAL,65,1950,1950,0,145,145,0.3,0.3,25.78826,38.83,1.028,1,0.0254,0,207.97,6.6951,-0.0073,1,0.18,3.51,1.56,100,HEALTHY,F0,0,0,healthy,0,0,0,,,,,8,0
2026-08-19T14:24:52.525Z,1787149492525,FAN_DT_001_F0_S00_R01_20260819T142255,1,117.336,FAULT_ACTIVE,F0,0,FAN_DT_001,3.0,process-model-3.0.0-build3,4054,1,LIVE,SYNCHRONISED,AUTOMATIC,NORMAL,65,1950,1950,0,145,145,0.3,0.3,25.78496,38.84,1.028,1,0.0254,0,207.97,6.7541,-0.00712,1,0.18,3.425,1.5737,100,HEALTHY,F0,0,0,healthy,0,0,0,,,,,8,0
2026-08-19T14:24:53.547Z,1787149493547,FAN_DT_001_F0_S00_R01_20260819T142255,1,118.357,FAULT_ACTIVE,F0,0,FAN_DT_001,3.0,process-model-3.0.0-build3,4055,1,LIVE,SYNCHRONISED,AUTOMATIC,NORMAL,65,1950,1950,0,145,145,0.3,0.3,25.78124,38.84,1.028,1,0.0254,0,207.97,6.8134,-0.00694,1,0.18,3.337,1.5875,100,HEALTHY,F0,0,0,healthy,0,0,0,,,,,8,0
2026-08-19T14:24:54.576Z,1787149494576,FAN_DT_001_F0_S00_R01_20260819T142255,1,119.385,FAULT_ACTIVE,F0,0,FAN_DT_001,3.0,process-model-3.0.0-build3,4056,1,LIVE,SYNCHRONISED,AUTOMATIC,NORMAL,65,1950,1950,0,145,145,0.3,0.3,25.77712,38.85,1.028,1,0.0254,0,207.97,6.8724,-0.00675,1,0.18,3.245,1.6013,100,HEALTHY,F0,0,0,healthy,0,0,0,,,,,8,0
2026-08-19T14:24:55.601Z,1787149495601,FAN_DT_001_F0_S00_R01_20260819T142255,1,120.41,FAULT_ACTIVE,F0,0,FAN_DT_001,3.0,process-model-3.0.0-build3,4057,1,LIVE,SYNCHRONISED,AUTOMATIC,NORMAL,65,1950,1950,0,145,145,0.3,0.3,25.77258,38.86,1.028,1,0.0254,0,207.97,6.9319,-0.00657,1,0.18,3.159,1.6151,100,HEALTHY,F0,0,0,healthy,0,0,0,,,,,8,0
2026-08-19T14:24:56.629Z,1787149496629,FAN_DT_001_F0_S00_R01_20260819T142255,1,121.443,FAULT_ACTIVE,F0,0,FAN_DT_001,3.0,process-model-3.0.0-build3,4058,1,LIVE,SYNCHRONISED,AUTOMATIC,NORMAL,65,1950,1950,0,145,145,0.3,0.3,25.76768,38.86,1.028,1,0.0254,0,207.97,6.9907,-0.00638,1,0.18,3.066,1.6288,100,HEALTHY,F0,0,0,healthy,0,0,0,,,,,8,0
2026-08-19T14:24:57.652Z,1787149497652,FAN_DT_001_F0_S00_R01_20260819T142255,1,122.461,FAULT_ACTIVE,F0,0,FAN_DT_001,3.0,process-model-3.0.0-build3,4059,1,LIVE,SYNCHRONISED,AUTOMATIC,NORMAL,65,1950,1950,0,145,145,0.3,0.3,25.76233,38.87,1.028,1,0.0254,0,207.97,7.0502,-0.00619,1,0.18,2.979,1.6427,100,HEALTHY,F0,0,0,healthy,0,0,0,,,,,8,0
2026-08-19T14:24:58.682Z,1787149498682,FAN_DT_001_F0_S00_R01_20260819T142255,1,123.491,FAULT_ACTIVE,F0,0,FAN_DT_001,3.0,process-model-3.0.0-build3,4060,1,LIVE,SYNCHRONISED,AUTOMATIC,NORMAL,65,1950,1950,0,145,145,0.3,0.3,25.75662,38.88,1.028,1,0.0254,0,207.97,7.1093,-0.00598,1,0.18,2.876,1.6565,100,HEALTHY,F0,0,0,healthy,0,0,0,,,,,8,0
2026-08-19T14:24:59.905Z,1787149499905,FAN_DT_001_F0_S00_R01_20260819T142255,1,124.715,FAULT_ACTIVE,F0,0,FAN_DT_001,3.0,process-model-3.0.0-build3,4061,1,LIVE,SYNCHRONISED,AUTOMATIC,NORMAL,65,1950,1950,0,145,145,0.3,0.3,25.75047,38.88,1.028,1,0.0254,0,207.97,7.1688,-0.00577,1,0.18,2.774,1.6703,100,HEALTHY,F0,0,0,healthy,0,0,0,,,,,8,0
2026-08-19T14:25:00.737Z,1787149500737,FAN_DT_001_F0_S00_R01_20260819T142255,1,125.547,FAULT_ACTIVE,F0,0,FAN_DT_001,3.0,process-model-3.0.0-build3,4062,1,LIVE,SYNCHRONISED,AUTOMATIC,NORMAL,65,1950,1950,0,145,145,0.3,0.3,25.74399,38.89,1.028,1,0.0254,0,207.97,7.2278,-0.00559,1,0.18,2.688,1.6841,100,HEALTHY,F0,0,0,healthy,0,0,0,,,,,8,0
2026-08-19T14:25:01.761Z,1787149501761,FAN_DT_001_F0_S00_R01_20260819T142255,1,126.57,FAULT_ACTIVE,F0,0,FAN_DT_001,3.0,process-model-3.0.0-build3,4063,1,LIVE,SYNCHRONISED,AUTOMATIC,NORMAL,65,1950,1950,0,145,145,0.3,0.3,25.73707,38.89,1.028,1,0.0254,0,207.97,7.2872,-0.00536,1,0.18,2.577,1.6979,100,HEALTHY,F0,0,0,healthy,0,0,0,,,,,8,0
2026-08-19T14:25:02.809Z,1787149502809,FAN_DT_001_F0_S00_R01_20260819T142255,1,127.618,FAULT_ACTIVE,F0,0,FAN_DT_001,3.0,process-model-3.0.0-build3,4064,1,LIVE,SYNCHRONISED,AUTOMATIC,NORMAL,65,1950,1950,0,145,145,0.3,0.3,25.72985,38.9,1.028,1,0.0254,0,207.97,7.3461,-0.00517,1,0.18,2.487,1.7116,100,HEALTHY,F0,0,0,healthy,0,0,0,,,,,8,0
2026-08-19T14:25:03.822Z,1787149503822,FAN_DT_001_F0_S00_R01_20260819T142255,1,128.631,FAULT_ACTIVE,F0,0,FAN_DT_001,3.0,process-model-3.0.0-build3,4065,1,LIVE,SYNCHRONISED,AUTOMATIC,NORMAL,65,1950,1950,0,145,145,0.3,0.3,25.72215,38.91,1.028,1,0.0254,0,207.97,7.4056,-0.00494,1,0.18,2.373,1.7255,100,HEALTHY,F0,0,0,healthy,0,0,0,,,,,8,0
2026-08-19T14:25:04.846Z,1787149504846,FAN_DT_001_F0_S00_R01_20260819T142255,1,129.655,FAULT_ACTIVE,F0,0,FAN_DT_001,3.0,process-model-3.0.0-build3,4066,1,LIVE,SYNCHRONISED,AUTOMATIC,NORMAL,65,1950,1950,0,145,145,0.3,0.3,25.71415,38.91,1.028,1,0.0254,0,207.97,7.4647,-0.00475,1,0.18,2.283,1.7393,100,HEALTHY,F0,0,0,healthy,0,0,0,,,,,8,0
2026-08-19T14:25:05.872Z,1787149505872,FAN_DT_001_F0_S00_R01_20260819T142255,1,130.681,FAULT_ACTIVE,F0,0,FAN_DT_001,3.0,process-model-3.0.0-build3,4067,1,LIVE,SYNCHRONISED,AUTOMATIC,NORMAL,65,1950,1950,0,145,145,0.3,0.3,25.70571,38.91,1.028,1,0.0254,0,207.97,7.5242,-0.00451,1,0.18,2.169,1.7531,100,HEALTHY,F0,0,0,healthy,0,0,0,,,,,8,0
2026-08-19T14:25:06.897Z,1787149506897,FAN_DT_001_F0_S00_R01_20260819T142255,1,131.706,FAULT_ACTIVE,F0,0,FAN_DT_001,3.0,process-model-3.0.0-build3,4068,1,LIVE,SYNCHRONISED,AUTOMATIC,NORMAL,65,1950,1950,0,145,145,0.3,0.3,25.69698,38.92,1.028,1,0.0254,0,207.97,7.5832,-0.00431,1,0.18,2.072,1.7669,100,HEALTHY,F0,0,0,healthy,0,0,0,,,,,8,0
2026-08-19T14:25:07.929Z,1787149507929,FAN_DT_001_F0_S00_R01_20260819T142255,1,132.738,FAULT_ACTIVE,F0,0,FAN_DT_001,3.0,process-model-3.0.0-build3,4069,1,LIVE,SYNCHRONISED,AUTOMATIC,NORMAL,65,1950,1950,0,145,145,0.3,0.3,25.68781,38.92,1.028,1,0.0254,0,207.97,7.6427,-0.00409,1,0.18,1.965,1.7807,100,HEALTHY,F0,0,0,healthy,0,0,0,,,,,8,0
2026-08-19T14:25:08.952Z,1787149508952,FAN_DT_001_F0_S00_R01_20260819T142255,1,133.761,FAULT_ACTIVE,F0,0,FAN_DT_001,3.0,process-model-3.0.0-build3,4070,1,LIVE,SYNCHRONISED,AUTOMATIC,NORMAL,65,1950,1950,0,145,145,0.3,0.3,25.67835,38.93,1.028,1,0.0254,0,207.97,7.7017,-0.00384,1,0.18,1.848,1.7945,100,HEALTHY,F0,0,0,healthy,0,0,0,,,,,8,0
2026-08-19T14:25:09.978Z,1787149509978,FAN_DT_001_F0_S00_R01_20260819T142255,1,134.787,FAULT_ACTIVE,F0,0,FAN_DT_001,3.0,process-model-3.0.0-build3,4071,1,LIVE,SYNCHRONISED,AUTOMATIC,NORMAL,65,1950,1950,0,145,145,0.3,0.3,25.66847,38.93,1.028,1,0.0254,0,207.97,7.7612,-0.00363,1,0.18,1.747,1.8084,100,HEALTHY,F0,0,0,healthy,0,0,0,,,,,8,0
2026-08-19T14:25:11.005Z,1787149511005,FAN_DT_001_F0_S00_R01_20260819T142255,1,135.814,FAULT_ACTIVE,F0,0,FAN_DT_001,3.0,process-model-3.0.0-build3,4072,1,LIVE,SYNCHRONISED,AUTOMATIC,NORMAL,65,1950,1950,0,145,145,0.3,0.3,25.65832,38.94,1.028,1,0.0254,0,207.97,7.8202,-0.0034,1,0.18,1.637,1.8221,100,HEALTHY,F0,0,0,healthy,0,0,0,,,,,8,0
2026-08-19T14:25:12.022Z,1787149512022,FAN_DT_001_F0_S00_R01_20260819T142255,1,136.831,FAULT_ACTIVE,F0,0,FAN_DT_001,3.0,process-model-3.0.0-build3,4073,1,LIVE,SYNCHRONISED,AUTOMATIC,NORMAL,65,1950,1950,0,145,145,0.3,0.3,25.64786,38.94,1.028,1,0.0254,0,207.97,7.8791,-0.00315,1,0.18,1.517,1.8358,100,HEALTHY,F0,0,0,healthy,0,0,0,,,,,8,0
2026-08-19T14:25:13.049Z,1787149513049,FAN_DT_001_F0_S00_R01_20260819T142255,1,137.858,FAULT_ACTIVE,F0,0,FAN_DT_001,3.0,process-model-3.0.0-build3,4074,1,LIVE,SYNCHRONISED,AUTOMATIC,NORMAL,65,1950,1950,0,145,145,0.3,0.3,25.63704,38.94,1.028,1,0.0254,0,207.97,7.9381,-0.00294,1,0.18,1.416,1.8496,100,HEALTHY,F0,0,0,healthy,0,0,0,,,,,8,0
2026-08-19T14:25:14.076Z,1787149514076,FAN_DT_001_F0_S00_R01_20260819T142255,1,138.886,FAULT_ACTIVE,F0,0,FAN_DT_001,3.0,process-model-3.0.0-build3,4075,1,LIVE,SYNCHRONISED,AUTOMATIC,NORMAL,65,1950,1950,0,145,145,0.3,0.3,25.6258,38.94,1.028,1,0.0254,0,207.97,7.9976,-0.00269,1,0.18,1.293,1.8634,100,HEALTHY,F0,0,0,healthy,0,0,0,,,,,8,0
2026-08-19T14:25:15.131Z,1787149515131,FAN_DT_001_F0_S00_R01_20260819T142255,1,139.941,FAULT_ACTIVE,F0,0,FAN_DT_001,3.0,process-model-3.0.0-build3,4076,1,LIVE,SYNCHRONISED,AUTOMATIC,NORMAL,65,1950,1950,0,145,145,0.3,0.3,25.61432,38.95,1.028,1,0.0254,0,207.97,8.0566,-0.00245,1,0.18,1.179,1.8772,100,HEALTHY,F0,0,0,healthy,0,0,0,,,,,8,0
2026-08-19T14:25:16.131Z,1787149516131,FAN_DT_001_F0_S00_R01_20260819T142255,1,140.941,FAULT_ACTIVE,F0,0,FAN_DT_001,3.0,process-model-3.0.0-build3,4077,1,LIVE,SYNCHRONISED,AUTOMATIC,NORMAL,65,1950,1950,0,145,145,0.3,0.3,25.60247,38.95,1.028,1,0.0254,0,207.97,8.1159,-0.00222,1,0.18,1.07,1.891,100,HEALTHY,F0,0,0,healthy,0,0,0,,,,,8,0
2026-08-19T14:25:17.156Z,1787149517156,FAN_DT_001_F0_S00_R01_20260819T142255,1,141.966,FAULT_ACTIVE,F0,0,FAN_DT_001,3.0,process-model-3.0.0-build3,4078,1,LIVE,SYNCHRONISED,AUTOMATIC,NORMAL,65,1950,1950,0,145,145,0.3,0.3,25.5903,38.95,1.028,1,0.0254,0,207.97,8.1753,-0.002,1,0.18,0.961,1.9048,100,HEALTHY,F0,0,0,healthy,0,0,0,,,,,8,0
2026-08-19T14:25:18.186Z,1787149518186,FAN_DT_001_F0_S00_R01_20260819T142255,1,142.995,FAULT_ACTIVE,F0,0,FAN_DT_001,3.0,process-model-3.0.0-build3,4079,1,LIVE,SYNCHRONISED,AUTOMATIC,NORMAL,65,1950,1950,0,145,145,0.3,0.3,25.57786,38.95,1.028,1,0.0254,0,207.97,8.2344,-0.00176,1,0.18,0.848,1.9186,100,HEALTHY,F0,0,0,healthy,0,0,0,,,,,8,0
2026-08-19T14:25:19.212Z,1787149519212,FAN_DT_001_F0_S00_R01_20260819T142255,1,144.021,FAULT_ACTIVE,F0,0,FAN_DT_001,3.0,process-model-3.0.0-build3,4080,1,LIVE,SYNCHRONISED,AUTOMATIC,NORMAL,65,1950,1950,0,145,145,0.3,0.3,25.56507,38.96,1.028,1,0.0254,0,207.97,8.2938,-0.00151,1,0.18,0.728,1.9325,100,HEALTHY,F0,0,0,healthy,0,0,0,,,,,8,0
2026-08-19T14:25:20.240Z,1787149520240,FAN_DT_001_F0_S00_R01_20260819T142255,1,145.049,FAULT_ACTIVE,F0,0,FAN_DT_001,3.0,process-model-3.0.0-build3,4081,1,LIVE,SYNCHRONISED,AUTOMATIC,NORMAL,65,1950,1950,0,145,145,0.3,0.3,25.55206,38.96,1.028,1,0.0254,0,207.97,8.3529,-0.00129,1,0.18,0.621,1.9462,100,HEALTHY,F0,0,0,healthy,0,0,0,,,,,8,0
2026-08-19T14:25:21.267Z,1787149521267,FAN_DT_001_F0_S00_R01_20260819T142255,1,146.076,FAULT_ACTIVE,F0,0,FAN_DT_001,3.0,process-model-3.0.0-build3,4082,1,LIVE,SYNCHRONISED,AUTOMATIC,NORMAL,65,1950,1950,0,145,145,0.3,0.3,25.53867,38.96,1.028,1,0.0254,0,207.97,8.4124,-0.00103,1,0.18,0.495,1.9601,100,HEALTHY,F0,0,0,healthy,0,0,0,,,,,8,0
2026-08-19T14:25:22.295Z,1787149522295,FAN_DT_001_F0_S00_R01_20260819T142255,1,147.104,FAULT_ACTIVE,F0,0,FAN_DT_001,3.0,process-model-3.0.0-build3,4083,1,LIVE,SYNCHRONISED,AUTOMATIC,NORMAL,65,1950,1950,0,145,145,0.3,0.3,25.5251,38.96,1.028,1,0.0254,0,207.97,8.4714,-0.00079,1,0.18,0.378,1.9738,100,HEALTHY,F0,0,0,healthy,0,0,0,,,,,8,0
2026-08-19T14:25:23.319Z,1787149523319,FAN_DT_001_F0_S00_R01_20260819T142255,1,148.128,FAULT_ACTIVE,F0,0,FAN_DT_001,3.0,process-model-3.0.0-build3,4084,1,LIVE,SYNCHRONISED,AUTOMATIC,NORMAL,65,1950,1950,0,145,145,0.3,0.3,25.51117,38.96,1.028,1,0.0254,0,207.97,8.5308,-0.00055,1,0.18,0.262,1.9877,100,HEALTHY,F0,0,0,healthy,0,0,0,,,,,8,0
2026-08-19T14:25:24.348Z,1787149524348,FAN_DT_001_F0_S00_R01_20260819T142255,1,149.157,FAULT_ACTIVE,F0,0,FAN_DT_001,3.0,process-model-3.0.0-build3,4085,1,LIVE,SYNCHRONISED,AUTOMATIC,NORMAL,65,1950,1950,0,145,145,0.3,0.3,25.49709,38.96,1.028,1,0.0254,0,207.97,8.5897,-0.00032,1,0.18,0.155,2.0014,100,HEALTHY,F0,0,0,healthy,0,0,0,,,,,8,0
2026-08-19T14:25:25.371Z,1787149525371,FAN_DT_001_F0_S00_R01_20260819T142255,1,150.181,FAULT_ACTIVE,F0,0,FAN_DT_001,3.0,process-model-3.0.0-build3,4086,1,LIVE,SYNCHRONISED,AUTOMATIC,NORMAL,65,1950,1950,0,145,145,0.3,0.3,25.48263,38.96,1.028,1,0.0254,0,207.97,8.6492,-0.00006,1,0.18,0.029,2.0153,100,HEALTHY,F0,0,0,healthy,0,0,0,,,,,8,0
2026-08-19T14:25:26.395Z,1787149526395,FAN_DT_001_F0_S00_R01_20260819T142255,1,151.204,FAULT_ACTIVE,F0,0,FAN_DT_001,3.0,process-model-3.0.0-build3,4087,1,LIVE,SYNCHRONISED,AUTOMATIC,NORMAL,65,1950,1950,0,145,145,0.3,0.3,25.46803,38.96,1.028,1,0.0254,0,207.97,8.7081,0.00017,1,0.18,0.084,2.029,100,HEALTHY,F0,0,0,healthy,0,0,0,,,,,8,0
2026-08-19T14:25:27.422Z,1787149527422,FAN_DT_001_F0_S00_R01_20260819T142255,1,152.231,FAULT_ACTIVE,F0,0,FAN_DT_001,3.0,process-model-3.0.0-build3,4088,1,LIVE,SYNCHRONISED,AUTOMATIC,NORMAL,65,1950,1950,0,145,145,0.3,0.3,25.45311,38.96,1.028,1,0.0254,0,207.97,8.7675,0.00042,1,0.18,0.204,2.0428,100,HEALTHY,F0,0,0,healthy,0,0,0,,,,,8,0
2026-08-19T14:25:28.451Z,1787149528451,FAN_DT_001_F0_S00_R01_20260819T142255,1,153.26,FAULT_ACTIVE,F0,0,FAN_DT_001,3.0,process-model-3.0.0-build3,4089,1,LIVE,SYNCHRONISED,AUTOMATIC,NORMAL,65,1950,1950,0,145,145,0.3,0.3,25.43801,38.96,1.028,1,0.0254,0,207.97,8.8265,0.00065,1,0.18,0.311,2.0566,100,HEALTHY,F0,0,0,healthy,0,0,0,,,,,8,0
2026-08-19T14:25:29.483Z,1787149529483,FAN_DT_001_F0_S00_R01_20260819T142255,1,154.295,FAULT_ACTIVE,F0,0,FAN_DT_001,3.0,process-model-3.0.0-build3,4090,1,LIVE,SYNCHRONISED,AUTOMATIC,NORMAL,65,1950,1950,0,145,145,0.3,0.3,25.42257,38.96,1.028,1,0.0254,0,207.97,8.886,0.00088,1,0.18,0.423,2.0704,100,HEALTHY,F0,0,0,healthy,0,0,0,,,,,8,0
2026-08-19T14:25:30.506Z,1787149530506,FAN_DT_001_F0_S00_R01_20260819T142255,1,155.316,FAULT_ACTIVE,F0,0,FAN_DT_001,3.0,process-model-3.0.0-build3,4091,1,LIVE,SYNCHRONISED,AUTOMATIC,NORMAL,65,1950,1950,0,145,145,0.3,0.3,25.40701,38.96,1.028,1,0.0254,0,207.97,8.9452,0.00112,1,0.18,0.539,2.0842,100,HEALTHY,F0,0,0,healthy,0,0,0,,,,,8,0
2026-08-19T14:25:31.532Z,1787149531532,FAN_DT_001_F0_S00_R01_20260819T142255,1,156.341,FAULT_ACTIVE,F0,0,FAN_DT_001,3.0,process-model-3.0.0-build3,4092,1,LIVE,SYNCHRONISED,AUTOMATIC,NORMAL,65,1950,1950,0,145,145,0.3,0.3,25.39119,38.96,1.028,1,0.0254,0,207.97,9.0045,0.00139,1,0.18,0.667,2.098,100,HEALTHY,F0,0,0,healthy,0,0,0,,,,,8,0
2026-08-19T14:25:32.559Z,1787149532559,FAN_DT_001_F0_S00_R01_20260819T142255,1,157.368,FAULT_ACTIVE,F0,0,FAN_DT_001,3.0,process-model-3.0.0-build3,4093,1,LIVE,SYNCHRONISED,AUTOMATIC,NORMAL,65,1950,1950,0,145,145,0.3,0.3,25.37519,38.95,1.028,1,0.0254,0,207.97,9.0637,0.00161,1,0.18,0.772,2.1118,100,HEALTHY,F0,0,0,healthy,0,0,0,,,,,8,0
2026-08-19T14:25:33.583Z,1787149533583,FAN_DT_001_F0_S00_R01_20260819T142255,1,158.392,FAULT_ACTIVE,F0,0,FAN_DT_001,3.0,process-model-3.0.0-build3,4094,1,LIVE,SYNCHRONISED,AUTOMATIC,NORMAL,65,1950,1950,0,145,145,0.3,0.3,25.35905,38.95,1.028,1,0.0254,0,207.97,9.1227,0.00185,1,0.18,0.89,2.1256,100,HEALTHY,F0,0,0,healthy,0,0,0,,,,,8,0
2026-08-19T14:25:34.610Z,1787149534610,FAN_DT_001_F0_S00_R01_20260819T142255,1,159.419,FAULT_ACTIVE,F0,0,FAN_DT_001,3.0,process-model-3.0.0-build3,4095,1,LIVE,SYNCHRONISED,AUTOMATIC,NORMAL,65,1950,1950,0,145,145,0.3,0.3,25.34266,38.95,1.028,1,0.0254,0,207.97,9.182,0.00209,1,0.18,1.004,2.1394,100,HEALTHY,F0,0,0,healthy,0,0,0,,,,,8,0
2026-08-19T14:25:35.634Z,1787149535634,FAN_DT_001_F0_S00_R01_20260819T142255,1,160.443,FAULT_ACTIVE,F0,0,FAN_DT_001,3.0,process-model-3.0.0-build3,4096,1,LIVE,SYNCHRONISED,AUTOMATIC,NORMAL,65,1950,1950,0,145,145,0.3,0.3,25.32617,38.95,1.028,1,0.0254,0,207.97,9.241,0.00234,1,0.18,1.126,2.1532,100,HEALTHY,F0,0,0,healthy,0,0,0,,,,,8,0
2026-08-19T14:25:36.668Z,1787149536668,FAN_DT_001_F0_S00_R01_20260819T142255,1,161.477,FAULT_ACTIVE,F0,0,FAN_DT_001,3.0,process-model-3.0.0-build3,4097,1,LIVE,SYNCHRONISED,AUTOMATIC,NORMAL,65,1950,1950,0,145,145,0.3,0.3,25.30939,38.95,1.028,1,0.0254,0,207.97,9.3004,0.00257,1,0.18,1.237,2.167,100,HEALTHY,F0,0,0,healthy,0,0,0,,,,,8,0
2026-08-19T14:25:37.690Z,1787149537690,FAN_DT_001_F0_S00_R01_20260819T142255,1,162.5,FAULT_ACTIVE,F0,0,FAN_DT_001,3.0,process-model-3.0.0-build3,4098,1,LIVE,SYNCHRONISED,AUTOMATIC,NORMAL,65,1950,1950,0,145,145,0.3,0.3,25.29255,38.94,1.028,1,0.0254,0,207.97,9.3595,0.0028,1,0.18,1.348,2.1808,100,HEALTHY,F0,0,0,healthy,0,0,0,,,,,8,0
2026-08-19T14:25:38.714Z,1787149538714,FAN_DT_001_F0_S00_R01_20260819T142255,1,163.524,FAULT_ACTIVE,F0,0,FAN_DT_001,3.0,process-model-3.0.0-build3,4099,1,LIVE,SYNCHRONISED,AUTOMATIC,NORMAL,65,1950,1950,0,145,145,0.3,0.3,25.27546,38.94,1.028,1,0.0254,0,207.97,9.4189,0.00303,1,0.18,1.456,2.1946,100,HEALTHY,F0,0,0,healthy,0,0,0,,,,,8,0
2026-08-19T14:25:39.742Z,1787149539742,FAN_DT_001_F0_S00_R01_20260819T142255,1,164.551,FAULT_ACTIVE,F0,0,FAN_DT_001,3.0,process-model-3.0.0-build3,4100,1,LIVE,SYNCHRONISED,AUTOMATIC,NORMAL,65,1950,1950,0,145,145,0.3,0.3,25.25835,38.94,1.028,1,0.0254,0,207.97,9.4778,0.00327,1,0.18,1.57,2.2083,100,HEALTHY,F0,0,0,healthy,0,0,0,,,,,8,0
2026-08-19T14:25:40.766Z,1787149540766,FAN_DT_001_F0_S00_R01_20260819T142255,1,165.575,FAULT_ACTIVE,F0,0,FAN_DT_001,3.0,process-model-3.0.0-build3,4101,1,LIVE,SYNCHRONISED,AUTOMATIC,NORMAL,65,1950,1950,0,145,145,0.3,0.3,25.241,38.93,1.028,1,0.0254,0,207.97,9.5372,0.00348,1,0.18,1.674,2.2222,100,HEALTHY,F0,0,0,healthy,0,0,0,,,,,8,0
2026-08-19T14:25:41.790Z,1787149541790,FAN_DT_001_F0_S00_R01_20260819T142255,1,166.599,FAULT_ACTIVE,F0,0,FAN_DT_001,3.0,process-model-3.0.0-build3,4102,1,LIVE,SYNCHRONISED,AUTOMATIC,NORMAL,65,1950,1950,0,145,145,0.3,0.3,25.22369,38.93,1.028,1,0.0254,0,207.97,9.596,0.00373,1,0.18,1.792,2.2359,100,HEALTHY,F0,0,0,healthy,0,0,0,,,,,8,0
2026-08-19T14:25:42.815Z,1787149542815,FAN_DT_001_F0_S00_R01_20260819T142255,1,167.624,FAULT_ACTIVE,F0,0,FAN_DT_001,3.0,process-model-3.0.0-build3,4103,1,LIVE,SYNCHRONISED,AUTOMATIC,NORMAL,65,1950,1950,0,145,145,0.3,0.3,25.20608,38.93,1.028,1,0.0254,0,207.97,9.6554,0.00393,1,0.18,1.892,2.2497,100,HEALTHY,F0,0,0,healthy,0,0,0,,,,,8,0
2026-08-19T14:25:43.843Z,1787149543843,FAN_DT_001_F0_S00_R01_20260819T142255,1,168.653,FAULT_ACTIVE,F0,0,FAN_DT_001,3.0,process-model-3.0.0-build3,4104,1,LIVE,SYNCHRONISED,AUTOMATIC,NORMAL,65,1950,1950,0,145,145,0.3,0.3,25.18849,38.92,1.028,1,0.0254,0,207.97,9.7144,0.00417,1,0.18,2.006,2.2635,100,HEALTHY,F0,0,0,healthy,0,0,0,,,,,8,0
2026-08-19T14:25:44.870Z,1787149544870,FAN_DT_001_F0_S00_R01_20260819T142255,1,169.68,FAULT_ACTIVE,F0,0,FAN_DT_001,3.0,process-model-3.0.0-build3,4105,1,LIVE,SYNCHRONISED,AUTOMATIC,NORMAL,65,1950,1950,0,145,145,0.3,0.3,25.17064,38.92,1.028,1,0.0254,0,207.97,9.7739,0.00438,1,0.18,2.105,2.2773,100,HEALTHY,F0,0,0,healthy,0,0,0,,,,,8,0
2026-08-19T14:25:45.898Z,1787149545898,FAN_DT_001_F0_S00_R01_20260819T142255,1,170.71,FAULT_ACTIVE,F0,0,FAN_DT_001,3.0,process-model-3.0.0-build3,4106,1,LIVE,SYNCHRONISED,AUTOMATIC,NORMAL,65,1950,1950,0,145,145,0.3,0.3,25.15283,38.91,1.028,1,0.0254,0,207.97,9.833,0.00459,1,0.18,2.207,2.2911,100,HEALTHY,F0,0,0,healthy,0,0,0,,,,,8,0
2026-08-19T14:25:46.925Z,1787149546925,FAN_DT_001_F0_S00_R01_20260819T142255,1,171.734,FAULT_ACTIVE,F0,0,FAN_DT_001,3.0,process-model-3.0.0-build3,4107,1,LIVE,SYNCHRONISED,AUTOMATIC,NORMAL,65,1950,1950,0,145,145,0.3,0.3,25.13482,38.91,1.028,1,0.0254,0,207.97,9.8925,0.00481,1,0.18,2.314,2.305,100,HEALTHY,F0,0,0,healthy,0,0,0,,,,,8,0
2026-08-19T14:25:47.955Z,1787149547955,FAN_DT_001_F0_S00_R01_20260819T142255,1,172.764,FAULT_ACTIVE,F0,0,FAN_DT_001,3.0,process-model-3.0.0-build3,4108,1,LIVE,SYNCHRONISED,AUTOMATIC,NORMAL,65,1950,1950,0,145,145,0.3,0.3,25.11689,38.9,1.028,1,0.0254,0,207.97,9.9515,0.00505,1,0.18,2.426,2.3187,100,HEALTHY,F0,0,0,healthy,0,0,0,,,,,8,0
2026-08-19T14:25:48.982Z,1787149548982,FAN_DT_001_F0_S00_R01_20260819T142255,1,173.791,FAULT_ACTIVE,F0,0,FAN_DT_001,3.0,process-model-3.0.0-build3,4109,1,LIVE,SYNCHRONISED,AUTOMATIC,NORMAL,65,1950,1950,0,145,145,0.3,0.3,25.09875,38.9,1.028,1,0.0254,0,207.97,10.011,0.00524,1,0.18,2.521,2.3326,100,HEALTHY,F0,0,0,healthy,0,0,0,,,,,8,0
2026-08-19T14:25:50.008Z,1787149550008,FAN_DT_001_F0_S00_R01_20260819T142255,1,174.817,FAULT_ACTIVE,F0,0,FAN_DT_001,3.0,process-model-3.0.0-build3,4110,1,LIVE,SYNCHRONISED,AUTOMATIC,NORMAL,65,1950,1950,0,145,145,0.3,0.3,25.08069,38.89,1.028,1,0.0254,0,207.97,10.07,0.00545,1,0.18,2.623,2.3463,100,HEALTHY,F0,0,0,healthy,0,0,0,,,,,8,0
2026-08-19T14:25:51.033Z,1787149551033,FAN_DT_001_F0_S00_R01_20260819T142255,1,175.842,FAULT_ACTIVE,F0,0,FAN_DT_001,3.0,process-model-3.0.0-build3,4111,1,LIVE,SYNCHRONISED,AUTOMATIC,NORMAL,65,1950,1950,0,145,145,0.3,0.3,25.06248,38.89,1.028,1,0.0254,0,207.97,10.1295,0.00566,1,0.18,2.723,2.3602,100,HEALTHY,F0,0,0,healthy,0,0,0,,,,,8,0
2026-08-19T14:25:52.061Z,1787149552061,FAN_DT_001_F0_S00_R01_20260819T142255,1,176.871,FAULT_ACTIVE,F0,0,FAN_DT_001,3.0,process-model-3.0.0-build3,4112,1,LIVE,SYNCHRONISED,AUTOMATIC,NORMAL,65,1950,1950,0,145,145,0.3,0.3,25.04437,38.88,1.028,1,0.0254,0,207.97,10.1884,0.00587,1,0.18,2.823,2.3739,100,HEALTHY,F0,0,0,healthy,0,0,0,,,,,8,0
2026-08-19T14:25:53.103Z,1787149553103,FAN_DT_001_F0_S00_R01_20260819T142255,1,177.912,FAULT_ACTIVE,F0,0,FAN_DT_001,3.0,process-model-3.0.0-build3,4113,1,LIVE,SYNCHRONISED,AUTOMATIC,NORMAL,65,1950,1950,0,145,145,0.3,0.3,25.02605,38.87,1.028,1,0.0254,0,207.97,10.248,0.00606,1,0.18,2.915,2.3878,100,HEALTHY,F0,0,0,healthy,0,0,0,,,,,8,0
2026-08-19T14:25:54.117Z,1787149554117,FAN_DT_001_F0_S00_R01_20260819T142255,1,178.926,FAULT_ACTIVE,F0,0,FAN_DT_001,3.0,process-model-3.0.0-build3,4114,1,LIVE,SYNCHRONISED,AUTOMATIC,NORMAL,65,1950,1950,0,145,145,0.3,0.3,25.00788,38.87,1.028,1,0.0254,0,207.97,10.3071,0.00627,1,0.18,3.014,2.4015,100,HEALTHY,F0,0,0,healthy,0,0,0,,,,,8,0
2026-08-19T14:25:55.141Z,1787149555141,FAN_DT_001_F0_S00_R01_20260819T142255,1,179.95,FAULT_ACTIVE,F0,0,FAN_DT_001,3.0,process-model-3.0.0-build3,4115,1,LIVE,SYNCHRONISED,AUTOMATIC,NORMAL,65,1950,1950,0,145,145,0.3,0.3,24.9896,38.86,1.028,1,0.0254,0,207.97,10.3665,0.00646,1,0.18,3.105,2.4154,100,HEALTHY,F0,0,0,healthy,0,0,0,,,,,8,0
2026-08-19T14:25:56.176Z,1787149556176,FAN_DT_001_F0_S00_R01_20260819T142255,1,180.985,FAULT_ACTIVE,F0,0,FAN_DT_001,3.0,process-model-3.0.0-build3,4116,1,LIVE,SYNCHRONISED,AUTOMATIC,NORMAL,65,1950,1950,0,145,145,0.3,0.3,24.97143,38.85,1.028,1,0.0254,0,207.97,10.4255,0.00663,1,0.18,3.189,2.4291,100,HEALTHY,F0,0,0,healthy,0,0,0,,,,,8,0
2026-08-19T14:25:57.192Z,1787149557192,FAN_DT_001_F0_S00_R01_20260819T142255,1,182.001,FAULT_ACTIVE,F0,0,FAN_DT_001,3.0,process-model-3.0.0-build3,4117,1,LIVE,SYNCHRONISED,AUTOMATIC,NORMAL,65,1950,1950,0,145,145,0.3,0.3,24.95325,38.85,1.028,1,0.0254,0,207.97,10.4847,0.00682,1,0.18,3.278,2.4429,100,HEALTHY,F0,0,0,healthy,0,0,0,,,,,8,0
2026-08-19T14:25:58.220Z,1787149558220,FAN_DT_001_F0_S00_R01_20260819T142255,1,183.029,FAULT_ACTIVE,F0,0,FAN_DT_001,3.0,process-model-3.0.0-build3,4118,1,LIVE,SYNCHRONISED,AUTOMATIC,NORMAL,65,1950,1950,0,145,145,0.3,0.3,24.93515,38.84,1.028,1,0.0254,0,207.97,10.5437,0.00701,1,0.18,3.372,2.4567,100,HEALTHY,F0,0,0,healthy,0,0,0,,,,,8,0
2026-08-19T14:25:59.252Z,1787149559252,FAN_DT_001_F0_S00_R01_20260819T142255,1,184.062,FAULT_ACTIVE,F0,0,FAN_DT_001,3.0,process-model-3.0.0-build3,4119,1,LIVE,SYNCHRONISED,AUTOMATIC,NORMAL,65,1950,1950,0,145,145,0.3,0.3,24.91691,38.83,1.028,1,0.0254,0,207.97,10.6032,0.00721,1,0.18,3.466,2.4705,100,HEALTHY,F0,0,0,healthy,0,0,0,,,,,8,0
2026-08-19T14:26:00.287Z,1787149560287,FAN_DT_001_F0_S00_R01_20260819T142255,1,185.097,FAULT_ACTIVE,F0,0,FAN_DT_001,3.0,process-model-3.0.0-build3,4120,1,LIVE,SYNCHRONISED,AUTOMATIC,NORMAL,65,1950,1950,0,145,145,0.3,0.3,24.89884,38.82,1.028,1,0.0254,0,207.97,10.6623,0.00736,1,0.18,3.54,2.4843,100,HEALTHY,F0,0,0,healthy,0,0,0,,,,,8,0
2026-08-19T14:26:01.299Z,1787149561299,FAN_DT_001_F0_S00_R01_20260819T142255,1,186.108,FAULT_ACTIVE,F0,0,FAN_DT_001,3.0,process-model-3.0.0-build3,4121,1,LIVE,SYNCHRONISED,AUTOMATIC,NORMAL,65,1950,1950,0,145,145,0.3,0.3,24.88075,38.82,1.028,1,0.0254,0,207.97,10.7217,0.00754,1,0.18,3.626,2.4981,100,HEALTHY,F0,0,0,healthy,0,0,0,,,,,8,0
2026-08-19T14:26:02.329Z,1787149562329,FAN_DT_001_F0_S00_R01_20260819T142255,1,187.139,FAULT_ACTIVE,F0,0,FAN_DT_001,3.0,process-model-3.0.0-build3,4122,1,LIVE,SYNCHRONISED,AUTOMATIC,NORMAL,65,1950,1950,0,145,145,0.3,0.3,24.8628,38.81,1.028,1,0.0254,0,207.97,10.7807,0.00772,1,0.18,3.711,2.5119,100,HEALTHY,F0,0,0,healthy,0,0,0,,,,,8,0
2026-08-19T14:26:03.356Z,1787149563356,FAN_DT_001_F0_S00_R01_20260819T142255,1,188.164,FAULT_ACTIVE,F0,0,FAN_DT_001,3.0,process-model-3.0.0-build3,4123,1,LIVE,SYNCHRONISED,AUTOMATIC,NORMAL,65,1950,1950,0,145,145,0.3,0.3,24.84482,38.8,1.028,1,0.0254,0,207.97,10.8401,0.00787,1,0.18,3.785,2.5258,100,HEALTHY,F0,0,0,healthy,0,0,0,,,,,8,0
2026-08-19T14:26:04.383Z,1787149564383,FAN_DT_001_F0_S00_R01_20260819T142255,1,189.192,FAULT_ACTIVE,F0,0,FAN_DT_001,3.0,process-model-3.0.0-build3,4124,1,LIVE,SYNCHRONISED,AUTOMATIC,NORMAL,65,1950,1950,0,145,145,0.3,0.3,24.82702,38.79,1.028,1,0.0254,0,207.97,10.8992,0.00803,1,0.18,3.863,2.5395,100,HEALTHY,F0,0,0,healthy,0,0,0,,,,,8,0
2026-08-19T14:26:05.408Z,1787149565408,FAN_DT_001_F0_S00_R01_20260819T142255,1,190.217,FAULT_ACTIVE,F0,0,FAN_DT_001,3.0,process-model-3.0.0-build3,4125,1,LIVE,SYNCHRONISED,AUTOMATIC,NORMAL,65,1950,1950,0,145,145,0.3,0.3,24.8092,38.78,1.028,1,0.0254,0,207.97,10.9587,0.0082,1,0.18,3.943,2.5534,100,HEALTHY,F0,0,0,healthy,0,0,0,,,,,8,0
2026-08-19T14:26:06.438Z,1787149566438,FAN_DT_001_F0_S00_R01_20260819T142255,1,191.247,FAULT_ACTIVE,F0,0,FAN_DT_001,3.0,process-model-3.0.0-build3,4126,1,LIVE,SYNCHRONISED,AUTOMATIC,NORMAL,65,1950,1950,0,145,145,0.3,0.3,24.79162,38.78,1.028,1,0.0254,0,207.97,11.0177,0.00835,1,0.18,4.016,2.5671,100,HEALTHY,F0,0,0,healthy,0,0,0,,,,,8,0
2026-08-19T14:26:07.469Z,1787149567469,FAN_DT_001_F0_S00_R01_20260819T142255,1,192.279,FAULT_ACTIVE,F0,0,FAN_DT_001,3.0,process-model-3.0.0-build3,4127,1,LIVE,SYNCHRONISED,AUTOMATIC,NORMAL,65,1950,1950,0,145,145,0.3,0.3,24.77403,38.77,1.028,1,0.0254,0,207.97,11.0771,0.00848,1,0.18,4.076,2.581,100,HEALTHY,F0,0,0,healthy,0,0,0,,,,,8,0
2026-08-19T14:26:08.492Z,1787149568492,FAN_DT_001_F0_S00_R01_20260819T142255,1,193.301,FAULT_ACTIVE,F0,0,FAN_DT_001,3.0,process-model-3.0.0-build3,4128,1,LIVE,SYNCHRONISED,AUTOMATIC,NORMAL,65,1950,1950,0,145,145,0.3,0.3,24.75656,38.76,1.028,1,0.0254,0,207.97,11.1365,0.00864,1,0.18,4.155,2.5948,100,HEALTHY,F0,0,0,healthy,0,0,0,,,,,8,0
2026-08-19T14:26:09.524Z,1787149569524,FAN_DT_001_F0_S00_R01_20260819T142255,1,194.332,FAULT_ACTIVE,F0,0,FAN_DT_001,3.0,process-model-3.0.0-build3,4129,1,LIVE,SYNCHRONISED,AUTOMATIC,NORMAL,65,1950,1950,0,145,145,0.3,0.3,24.73928,38.75,1.028,1,0.0254,0,207.97,11.1956,0.00877,1,0.18,4.218,2.6086,100,HEALTHY,F0,0,0,healthy,0,0,0,,,,,8,0
2026-08-19T14:26:10.551Z,1787149570551,FAN_DT_001_F0_S00_R01_20260819T142255,1,195.36,FAULT_ACTIVE,F0,0,FAN_DT_001,3.0,process-model-3.0.0-build3,4130,1,LIVE,SYNCHRONISED,AUTOMATIC,NORMAL,65,1950,1950,0,145,145,0.3,0.3,24.72206,38.74,1.028,1,0.0254,0,207.97,11.2551,0.00891,1,0.18,4.285,2.6224,100,HEALTHY,F0,0,0,healthy,0,0,0,,,,,8,0
2026-08-19T14:26:11.581Z,1787149571581,FAN_DT_001_F0_S00_R01_20260819T142255,1,196.39,FAULT_ACTIVE,F0,0,FAN_DT_001,3.0,process-model-3.0.0-build3,4131,1,LIVE,SYNCHRONISED,AUTOMATIC,NORMAL,65,1950,1950,0,145,145,0.3,0.3,24.70507,38.73,1.028,1,0.0254,0,207.97,11.3142,0.00903,1,0.18,4.342,2.6362,100,HEALTHY,F0,0,0,healthy,0,0,0,,,,,8,0
2026-08-19T14:26:12.604Z,1787149572604,FAN_DT_001_F0_S00_R01_20260819T142255,1,197.413,FAULT_ACTIVE,F0,0,FAN_DT_001,3.0,process-model-3.0.0-build3,4132,1,LIVE,SYNCHRONISED,AUTOMATIC,NORMAL,65,1950,1950,0,145,145,0.3,0.3,24.68812,38.72,1.028,1,0.0254,0,207.97,11.3737,0.00915,1,0.18,4.399,2.6501,100,HEALTHY,F0,0,0,healthy,0,0,0,,,,,8,0
2026-08-19T14:26:13.634Z,1787149573634,FAN_DT_001_F0_S00_R01_20260819T142255,1,198.443,FAULT_ACTIVE,F0,0,FAN_DT_001,3.0,process-model-3.0.0-build3,4133,1,LIVE,SYNCHRONISED,AUTOMATIC,NORMAL,65,1950,1950,0,145,145,0.3,0.3,24.67145,38.71,1.028,1,0.0254,0,207.97,11.4328,0.00927,1,0.18,4.457,2.6638,100,HEALTHY,F0,0,0,healthy,0,0,0,,,,,8,0
2026-08-19T14:26:14.663Z,1787149574663,FAN_DT_001_F0_S00_R01_20260819T142255,1,199.473,FAULT_ACTIVE,F0,0,FAN_DT_001,3.0,process-model-3.0.0-build3,4134,1,LIVE,SYNCHRONISED,AUTOMATIC,NORMAL,65,1950,1950,0,145,145,0.3,0.3,24.65482,38.7,1.028,1,0.0254,0,207.97,11.4924,0.0094,1,0.18,4.521,2.6777,100,HEALTHY,F0,0,0,healthy,0,0,0,,,,,8,0
2026-08-19T14:26:15.697Z,1787149575697,FAN_DT_001_F0_S00_R01_20260819T142255,1,200.506,FAULT_ACTIVE,F0,0,FAN_DT_001,3.0,process-model-3.0.0-build3,4135,1,LIVE,SYNCHRONISED,AUTOMATIC,NORMAL,65,1950,1950,0,145,145,0.3,0.3,24.63853,38.69,1.028,1,0.0254,0,207.97,11.5514,0.00951,1,0.18,4.571,2.6915,100,HEALTHY,F0,0,0,healthy,0,0,0,,,,,8,0
2026-08-19T14:26:16.716Z,1787149576716,FAN_DT_001_F0_S00_R01_20260819T142255,1,201.528,FAULT_ACTIVE,F0,0,FAN_DT_001,3.0,process-model-3.0.0-build3,4136,1,LIVE,SYNCHRONISED,AUTOMATIC,NORMAL,65,1950,1950,0,145,145,0.3,0.3,24.6223,38.68,1.028,1,0.0254,0,207.97,11.6109,0.0096,1,0.18,4.615,2.7053,100,HEALTHY,F0,0,0,healthy,0,0,0,,,,,8,0
2026-08-19T14:26:17.749Z,1787149577749,FAN_DT_001_F0_S00_R01_20260819T142255,1,202.557,FAULT_ACTIVE,F0,0,FAN_DT_001,3.0,process-model-3.0.0-build3,4137,1,LIVE,SYNCHRONISED,AUTOMATIC,NORMAL,65,1950,1950,0,145,145,0.3,0.3,24.60636,38.67,1.028,1,0.0254,0,207.97,11.67,0.0097,1,0.18,4.663,2.7191,100,HEALTHY,F0,0,0,healthy,0,0,0,,,,,8,0
2026-08-19T14:26:18.774Z,1787149578774,FAN_DT_001_F0_S00_R01_20260819T142255,1,203.583,FAULT_ACTIVE,F0,0,FAN_DT_001,3.0,process-model-3.0.0-build3,4138,1,LIVE,SYNCHRONISED,AUTOMATIC,NORMAL,65,1950,1950,0,145,145,0.3,0.3,24.59052,38.66,1.028,1,0.0254,0,207.97,11.7295,0.0098,1,0.18,4.71,2.733,100,HEALTHY,F0,0,0,healthy,0,0,0,,,,,8,0
2026-08-19T14:26:19.804Z,1787149579804,FAN_DT_001_F0_S00_R01_20260819T142255,1,204.613,FAULT_ACTIVE,F0,0,FAN_DT_001,3.0,process-model-3.0.0-build3,4139,1,LIVE,SYNCHRONISED,AUTOMATIC,NORMAL,65,1950,1950,0,145,145,0.3,0.3,24.57502,38.65,1.028,1,0.0254,0,207.97,11.7886,0.0099,1,0.18,4.761,2.7467,100,HEALTHY,F0,0,0,healthy,0,0,0,,,,,8,0
2026-08-19T14:26:20.828Z,1787149580828,FAN_DT_001_F0_S00_R01_20260819T142255,1,205.637,FAULT_ACTIVE,F0,0,FAN_DT_001,3.0,process-model-3.0.0-build3,4140,1,LIVE,SYNCHRONISED,AUTOMATIC,NORMAL,65,1950,1950,0,145,145,0.3,0.3,24.55964,38.64,1.028,1,0.0254,0,207.97,11.848,0.00999,1,0.18,4.804,2.7606,100,HEALTHY,F0,0,0,healthy,0,0,0,,,,,8,0
2026-08-19T14:26:21.858Z,1787149581858,FAN_DT_001_F0_S00_R01_20260819T142255,1,206.667,FAULT_ACTIVE,F0,0,FAN_DT_001,3.0,process-model-3.0.0-build3,4141,1,LIVE,SYNCHRONISED,AUTOMATIC,NORMAL,65,1950,1950,0,145,145,0.3,0.3,24.54457,38.63,1.028,1,0.0254,0,207.97,11.9071,0.01006,1,0.18,4.836,2.7744,100,HEALTHY,F0,0,0,healthy,0,0,0,,,,,8,0
2026-08-19T14:26:22.882Z,1787149582882,FAN_DT_001_F0_S00_R01_20260819T142255,1,207.691,FAULT_ACTIVE,F0,0,FAN_DT_001,3.0,process-model-3.0.0-build3,4142,1,LIVE,SYNCHRONISED,AUTOMATIC,NORMAL,65,1950,1950,0,145,145,0.3,0.3,24.52964,38.62,1.028,1,0.0254,0,207.97,11.9665,0.01014,1,0.18,4.877,2.7882,100,HEALTHY,F0,0,0,healthy,0,0,0,,,,,8,0
2026-08-19T14:26:23.912Z,1787149583912,FAN_DT_001_F0_S00_R01_20260819T142255,1,208.721,FAULT_ACTIVE,F0,0,FAN_DT_001,3.0,process-model-3.0.0-build3,4143,1,LIVE,SYNCHRONISED,AUTOMATIC,NORMAL,65,1950,1950,0,145,145,0.3,0.3,24.51501,38.61,1.028,1,0.0254,0,207.97,12.0258,0.0102,1,0.18,4.905,2.802,100,HEALTHY,F0,0,0,healthy,0,0,0,,,,,8,0
2026-08-19T14:26:24.939Z,1787149584939,FAN_DT_001_F0_S00_R01_20260819T142255,1,209.749,FAULT_ACTIVE,F0,0,FAN_DT_001,3.0,process-model-3.0.0-build3,4144,1,LIVE,SYNCHRONISED,AUTOMATIC,NORMAL,65,1950,1950,0,145,145,0.3,0.3,24.50062,38.6,1.028,1,0.0254,0,207.97,12.0852,0.01026,1,0.18,4.935,2.8158,100,HEALTHY,F0,0,0,healthy,0,0,0,,,,,8,0
2026-08-19T14:26:25.969Z,1787149585969,FAN_DT_001_F0_S00_R01_20260819T142255,1,210.778,FAULT_ACTIVE,F0,0,FAN_DT_001,3.0,process-model-3.0.0-build3,4145,1,LIVE,SYNCHRONISED,AUTOMATIC,NORMAL,65,1950,1950,0,145,145,0.3,0.3,24.48652,38.59,1.028,1,0.0254,0,207.97,12.1444,0.01032,1,0.18,4.961,2.8296,100,HEALTHY,F0,0,0,healthy,0,0,0,,,,,8,0
2026-08-19T14:26:26.995Z,1787149586995,FAN_DT_001_F0_S00_R01_20260819T142255,1,211.804,FAULT_ACTIVE,F0,0,FAN_DT_001,3.0,process-model-3.0.0-build3,4146,1,LIVE,SYNCHRONISED,AUTOMATIC,NORMAL,65,1950,1950,0,145,145,0.3,0.3,24.47267,38.58,1.028,1,0.0254,0,207.97,12.2036,0.01038,1,0.18,4.993,2.8434,100,HEALTHY,F0,0,0,healthy,0,0,0,,,,,8,0
2026-08-19T14:26:28.020Z,1787149588020,FAN_DT_001_F0_S00_R01_20260819T142255,1,212.829,FAULT_ACTIVE,F0,0,FAN_DT_001,3.0,process-model-3.0.0-build3,4147,1,LIVE,SYNCHRONISED,AUTOMATIC,NORMAL,65,1950,1950,0,145,145,0.3,0.3,24.45907,38.57,1.028,1,0.0254,0,207.97,12.263,0.01042,1,0.18,5.009,2.8573,100,HEALTHY,F0,0,0,healthy,0,0,0,,,,,8,0
2026-08-19T14:26:29.049Z,1787149589049,FAN_DT_001_F0_S00_R01_20260819T142255,1,213.859,FAULT_ACTIVE,F0,0,FAN_DT_001,3.0,process-model-3.0.0-build3,4148,1,LIVE,SYNCHRONISED,AUTOMATIC,NORMAL,65,1950,1950,0,145,145,0.3,0.3,24.44582,38.56,1.028,1,0.0254,0,207.97,12.322,0.01046,1,0.18,5.03,2.871,100,HEALTHY,F0,0,0,healthy,0,0,0,,,,,8,0
2026-08-19T14:26:30.096Z,1787149590096,FAN_DT_001_F0_S00_R01_20260819T142255,1,214.906,FAULT_ACTIVE,F0,0,FAN_DT_001,3.0,process-model-3.0.0-build3,4149,1,LIVE,SYNCHRONISED,AUTOMATIC,NORMAL,65,1950,1950,0,145,145,0.3,0.3,24.43279,38.55,1.028,1,0.0254,0,207.97,12.3814,0.0105,1,0.18,5.048,2.8849,100,HEALTHY,F0,0,0,healthy,0,0,0,,,,,8,0
2026-08-19T14:26:31.123Z,1787149591123,FAN_DT_001_F0_S00_R01_20260819T142255,1,215.932,FAULT_ACTIVE,F0,0,FAN_DT_001,3.0,process-model-3.0.0-build3,4150,1,LIVE,SYNCHRONISED,AUTOMATIC,NORMAL,65,1950,1950,0,145,145,0.3,0.3,24.42012,38.54,1.028,1,0.0254,0,207.97,12.4405,0.01054,1,0.18,5.069,2.8986,100,HEALTHY,F0,0,0,healthy,0,0,0,,,,,8,0
2026-08-19T14:26:32.129Z,1787149592129,FAN_DT_001_F0_S00_R01_20260819T142255,1,216.938,FAULT_ACTIVE,F0,0,FAN_DT_001,3.0,process-model-3.0.0-build3,4151,1,LIVE,SYNCHRONISED,AUTOMATIC,NORMAL,65,1950,1950,0,145,145,0.3,0.3,24.40765,38.53,1.028,1,0.0254,0,207.97,12.5,0.01057,1,0.18,5.084,2.9125,100,HEALTHY,F0,0,0,healthy,0,0,0,,,,,8,0
2026-08-19T14:26:33.157Z,1787149593157,FAN_DT_001_F0_S00_R01_20260819T142255,1,217.965,FAULT_ACTIVE,F0,0,FAN_DT_001,3.0,process-model-3.0.0-build3,4152,1,LIVE,SYNCHRONISED,AUTOMATIC,NORMAL,65,1950,1950,0,145,145,0.3,0.3,24.39561,38.52,1.028,1,0.0254,0,207.97,12.559,0.0106,1,0.18,5.097,2.9262,100,HEALTHY,F0,0,0,healthy,0,0,0,,,,,8,0
2026-08-19T14:26:34.184Z,1787149594184,FAN_DT_001_F0_S00_R01_20260819T142255,1,218.993,FAULT_ACTIVE,F0,0,FAN_DT_001,3.0,process-model-3.0.0-build3,4153,1,LIVE,SYNCHRONISED,AUTOMATIC,NORMAL,65,1950,1950,0,145,145,0.3,0.3,24.38377,38.5,1.028,1,0.0254,0,207.97,12.6185,0.0106,1,0.18,5.095,2.9401,100,HEALTHY,F0,0,0,healthy,0,0,0,,,,,8,0
2026-08-19T14:26:35.212Z,1787149595212,FAN_DT_001_F0_S00_R01_20260819T142255,1,220.021,FAULT_ACTIVE,F0,0,FAN_DT_001,3.0,process-model-3.0.0-build3,4154,1,LIVE,SYNCHRONISED,AUTOMATIC,NORMAL,65,1950,1950,0,145,145,0.3,0.3,24.37233,38.49,1.028,1,0.0254,0,207.97,12.6776,0.01061,1,0.18,5.1,2.9539,100,HEALTHY,F0,0,0,healthy,0,0,0,,,,,8,0
2026-08-19T14:26:36.324Z,1787149596324,FAN_DT_001_F0_S00_R01_20260819T142255,1,221.133,FAULT_ACTIVE,F0,0,FAN_DT_001,3.0,process-model-3.0.0-build3,4155,1,LIVE,SYNCHRONISED,AUTOMATIC,NORMAL,65,1950,1950,0,145,145,0.3,0.3,24.36116,38.48,1.028,1,0.0254,0,207.97,12.737,0.01063,1,0.18,5.11,2.9677,100,HEALTHY,F0,0,0,healthy,0,0,0,,,,,8,0
2026-08-19T14:26:37.828Z,1787149597828,FAN_DT_001_F0_S00_R01_20260819T142255,1,222.637,FAULT_ACTIVE,F0,0,FAN_DT_001,3.0,process-model-3.0.0-build3,4156,1,LIVE,SYNCHRONISED,AUTOMATIC,NORMAL,65,1950,1950,0,145,145,0.3,0.3,24.35037,38.47,1.028,1,0.0254,0,207.97,12.7961,0.01061,1,0.18,5.1,2.9815,100,HEALTHY,F0,0,0,healthy,0,0,0,,,,,8,0
2026-08-19T14:26:38.294Z,1787149598294,FAN_DT_001_F0_S00_R01_20260819T142255,1,223.103,FAULT_ACTIVE,F0,0,FAN_DT_001,3.0,process-model-3.0.0-build3,4157,1,LIVE,SYNCHRONISED,AUTOMATIC,NORMAL,65,1950,1950,0,145,145,0.3,0.3,24.33992,38.46,1.028,1,0.0254,0,207.97,12.8553,0.0106,1,0.18,5.098,2.9953,100,HEALTHY,F0,0,0,healthy,0,0,0,,,,,8,0
2026-08-19T14:26:39.319Z,1787149599319,FAN_DT_001_F0_S00_R01_20260819T142255,1,224.128,FAULT_ACTIVE,F0,0,FAN_DT_001,3.0,process-model-3.0.0-build3,4158,1,LIVE,SYNCHRONISED,AUTOMATIC,NORMAL,65,1950,1950,0,145,145,0.3,0.3,24.32978,38.45,1.028,1,0.0254,0,207.97,12.9146,0.01061,1,0.18,5.1,3.0091,100,HEALTHY,F0,0,0,healthy,0,0,0,,,,,8,0
2026-08-19T14:26:40.347Z,1787149600347,FAN_DT_001_F0_S00_R01_20260819T142255,1,225.156,FAULT_ACTIVE,F0,0,FAN_DT_001,3.0,process-model-3.0.0-build3,4159,1,LIVE,SYNCHRONISED,AUTOMATIC,NORMAL,65,1950,1950,0,145,145,0.3,0.3,24.32001,38.44,1.028,1,0.0254,0,207.97,12.9737,0.01057,1,0.18,5.084,3.0229,100,HEALTHY,F0,0,0,healthy,0,0,0,,,,,8,0
2026-08-19T14:26:41.373Z,1787149601373,FAN_DT_001_F0_S00_R01_20260819T142255,1,226.182,FAULT_ACTIVE,F0,0,FAN_DT_001,3.0,process-model-3.0.0-build3,4160,1,LIVE,SYNCHRONISED,AUTOMATIC,NORMAL,65,1950,1950,0,145,145,0.3,0.3,24.31056,38.43,1.028,1,0.0254,0,207.97,13.0331,0.01056,1,0.18,5.076,3.0367,100,HEALTHY,F0,0,0,healthy,0,0,0,,,,,8,0
2026-08-19T14:26:42.396Z,1787149602396,FAN_DT_001_F0_S00_R01_20260819T142255,1,227.205,FAULT_ACTIVE,F0,0,FAN_DT_001,3.0,process-model-3.0.0-build3,4161,1,LIVE,SYNCHRONISED,AUTOMATIC,NORMAL,65,1950,1950,0,145,145,0.3,0.3,24.30157,38.42,1.028,1,0.0254,0,207.97,13.0919,0.01053,1,0.18,5.062,3.0504,100,HEALTHY,F0,0,0,healthy,0,0,0,,,,,8,0
2026-08-19T14:26:43.419Z,1787149603419,FAN_DT_001_F0_S00_R01_20260819T142255,1,228.229,FAULT_ACTIVE,F0,0,FAN_DT_001,3.0,process-model-3.0.0-build3,4162,1,LIVE,SYNCHRONISED,AUTOMATIC,NORMAL,65,1950,1950,0,145,145,0.3,0.3,24.29284,38.41,1.028,1,0.0254,0,207.97,13.1512,0.0105,1,0.18,5.048,3.0642,100,HEALTHY,F0,0,0,healthy,0,0,0,,,,,8,0
2026-08-19T14:26:44.960Z,1787149604960,FAN_DT_001_F0_S00_R01_20260819T142255,1,229.773,FAULT_ACTIVE,F0,0,FAN_DT_001,3.0,process-model-3.0.0-build3,4163,1,LIVE,SYNCHRONISED,AUTOMATIC,NORMAL,65,1950,1950,0,145,145,0.3,0.3,24.28453,38.4,1.028,1,0.0254,0,207.97,13.2103,0.01045,1,0.18,5.027,3.078,100,HEALTHY,F0,0,0,healthy,0,0,0,,,,,8,0
2026-08-19T14:26:45.476Z,1787149605476,FAN_DT_001_F0_S00_R01_20260819T142255,1,230.286,FAULT_ACTIVE,F0,0,FAN_DT_001,3.0,process-model-3.0.0-build3,4164,1,LIVE,SYNCHRONISED,AUTOMATIC,NORMAL,65,1950,1950,0,145,145,0.3,0.3,24.27652,38.39,1.028,1,0.0254,0,207.97,13.2698,0.01042,1,0.18,5.008,3.0919,100,HEALTHY,F0,0,0,healthy,0,0,0,,,,,8,0
2026-08-19T14:26:46.505Z,1787149606505,FAN_DT_001_F0_S00_R01_20260819T142255,1,231.314,FAULT_ACTIVE,F0,0,FAN_DT_001,3.0,process-model-3.0.0-build3,4165,1,LIVE,SYNCHRONISED,AUTOMATIC,NORMAL,65,1950,1950,0,145,145,0.3,0.3,24.26895,38.37,1.028,1,0.0254,0,207.97,13.3289,0.01035,1,0.18,4.975,3.1056,100,HEALTHY,F0,0,0,healthy,0,0,0,,,,,8,0
2026-08-19T14:26:47.531Z,1787149607531,FAN_DT_001_F0_S00_R01_20260819T142255,1,232.34,FAULT_ACTIVE,F0,0,FAN_DT_001,3.0,process-model-3.0.0-build3,4166,1,LIVE,SYNCHRONISED,AUTOMATIC,NORMAL,65,1950,1950,0,145,145,0.3,0.3,24.26171,38.36,1.028,1,0.0254,0,207.97,13.3883,0.01029,1,0.18,4.95,3.1195,100,HEALTHY,F0,0,0,healthy,0,0,0,,,,,8,0
2026-08-19T14:26:48.556Z,1787149608556,FAN_DT_001_F0_S00_R01_20260819T142255,1,233.365,FAULT_ACTIVE,F0,0,FAN_DT_001,3.0,process-model-3.0.0-build3,4167,1,LIVE,SYNCHRONISED,AUTOMATIC,NORMAL,65,1950,1950,0,145,145,0.3,0.3,24.25491,38.35,1.028,1,0.0254,0,207.97,13.4473,0.01023,1,0.18,4.919,3.1332,100,HEALTHY,F0,0,0,healthy,0,0,0,,,,,8,0
2026-08-19T14:26:49.591Z,1787149609591,FAN_DT_001_F0_S00_R01_20260819T142255,1,234.4,FAULT_ACTIVE,F0,0,FAN_DT_001,3.0,process-model-3.0.0-build3,4168,1,LIVE,SYNCHRONISED,AUTOMATIC,NORMAL,65,1950,1950,0,145,145,0.3,0.3,24.24845,38.34,1.028,1,0.0254,0,207.97,13.5067,0.01016,1,0.18,4.886,3.1471,100,HEALTHY,F0,0,0,healthy,0,0,0,,,,,8,0
2026-08-19T14:26:50.613Z,1787149610613,FAN_DT_001_F0_S00_R01_20260819T142255,1,235.422,FAULT_ACTIVE,F0,0,FAN_DT_001,3.0,process-model-3.0.0-build3,4169,1,LIVE,SYNCHRONISED,AUTOMATIC,NORMAL,65,1950,1950,0,145,145,0.3,0.3,24.24239,38.33,1.028,1,0.0254,0,207.97,13.566,0.01009,1,0.18,4.85,3.1609,100,HEALTHY,F0,0,0,healthy,0,0,0,,,,,8,0
2026-08-19T14:26:51.642Z,1787149611642,FAN_DT_001_F0_S00_R01_20260819T142255,1,236.451,FAULT_ACTIVE,F0,0,FAN_DT_001,3.0,process-model-3.0.0-build3,4170,1,LIVE,SYNCHRONISED,AUTOMATIC,NORMAL,65,1950,1950,0,145,145,0.3,0.3,24.23673,38.32,1.028,1,0.0254,0,207.97,13.6252,0.01002,1,0.18,4.819,3.1747,100,HEALTHY,F0,0,0,healthy,0,0,0,,,,,8,0
2026-08-19T14:26:52.675Z,1787149612675,FAN_DT_001_F0_S00_R01_20260819T142255,1,237.484,FAULT_ACTIVE,F0,0,FAN_DT_001,3.0,process-model-3.0.0-build3,4171,1,LIVE,SYNCHRONISED,AUTOMATIC,NORMAL,65,1950,1950,0,145,145,0.3,0.3,24.23145,38.31,1.028,1,0.0254,0,207.97,13.6847,0.00993,1,0.18,4.775,3.1885,100,HEALTHY,F0,0,0,healthy,0,0,0,,,,,8,0
2026-08-19T14:26:53.698Z,1787149613698,FAN_DT_001_F0_S00_R01_20260819T142255,1,238.507,FAULT_ACTIVE,F0,0,FAN_DT_001,3.0,process-model-3.0.0-build3,4172,1,LIVE,SYNCHRONISED,AUTOMATIC,NORMAL,65,1950,1950,0,145,145,0.3,0.3,24.22661,38.3,1.028,1,0.0254,0,207.97,13.7437,0.00983,1,0.18,4.729,3.2023,100,HEALTHY,F0,0,0,healthy,0,0,0,,,,,8,0
2026-08-19T14:26:54.724Z,1787149614724,FAN_DT_001_F0_S00_R01_20260819T142255,1,239.532,FAULT_ACTIVE,F0,0,FAN_DT_001,3.0,process-model-3.0.0-build3,4173,1,LIVE,SYNCHRONISED,AUTOMATIC,NORMAL,65,1950,1950,0,145,145,0.3,0.3,24.22212,38.29,1.028,1,0.0254,0,207.97,13.8033,0.00974,1,0.18,4.684,3.2162,100,HEALTHY,F0,0,0,healthy,0,0,0,,,,,8,0
2026-08-19T14:26:55.754Z,1787149615754,FAN_DT_001_F0_S00_R01_20260819T142255,1,240.563,FAULT_ACTIVE,F0,0,FAN_DT_001,3.0,process-model-3.0.0-build3,4174,1,LIVE,SYNCHRONISED,AUTOMATIC,NORMAL,65,1950,1950,0,145,145,0.3,0.3,24.21808,38.28,1.028,1,0.0254,0,207.97,13.8624,0.00966,1,0.18,4.643,3.2299,100,HEALTHY,F0,0,0,healthy,0,0,0,,,,,8,0
2026-08-19T14:26:56.776Z,1787149616776,FAN_DT_001_F0_S00_R01_20260819T142255,1,241.585,FAULT_ACTIVE,F0,0,FAN_DT_001,3.0,process-model-3.0.0-build3,4175,1,LIVE,SYNCHRONISED,AUTOMATIC,NORMAL,65,1950,1950,0,145,145,0.3,0.3,24.21441,38.27,1.028,1,0.0254,0,207.97,13.9219,0.00955,1,0.18,4.593,3.2438,100,HEALTHY,F0,0,0,healthy,0,0,0,,,,,8,0
2026-08-19T14:26:57.806Z,1787149617806,FAN_DT_001_F0_S00_R01_20260819T142255,1,242.616,FAULT_ACTIVE,F0,0,FAN_DT_001,3.0,process-model-3.0.0-build3,4176,1,LIVE,SYNCHRONISED,AUTOMATIC,NORMAL,65,1950,1950,0,145,145,0.3,0.3,24.21119,38.26,1.028,1,0.0254,0,207.97,13.9807,0.00945,1,0.18,4.544,3.2575,100,HEALTHY,F0,0,0,healthy,0,0,0,,,,,8,0
2026-08-19T14:26:58.831Z,1787149618831,FAN_DT_001_F0_S00_R01_20260819T142255,1,243.64,FAULT_ACTIVE,F0,0,FAN_DT_001,3.0,process-model-3.0.0-build3,4177,1,LIVE,SYNCHRONISED,AUTOMATIC,NORMAL,65,1950,1950,0,145,145,0.3,0.3,24.20835,38.25,1.028,1,0.0254,0,207.97,14.0402,0.00932,1,0.18,4.484,3.2714,100,HEALTHY,F0,0,0,healthy,0,0,0,,,,,8,0
2026-08-19T14:26:59.892Z,1787149619892,FAN_DT_001_F0_S00_R01_20260819T142255,1,244.702,FAULT_ACTIVE,F0,0,FAN_DT_001,3.0,process-model-3.0.0-build3,4178,1,LIVE,SYNCHRONISED,AUTOMATIC,NORMAL,65,1950,1950,0,145,145,0.3,0.3,24.20593,38.24,1.028,1,0.0254,0,207.97,14.0993,0.00922,1,0.18,4.433,3.2851,100,HEALTHY,F0,0,0,healthy,0,0,0,,,,,8,0
2026-08-19T14:27:00.891Z,1787149620891,FAN_DT_001_F0_S00_R01_20260819T142255,1,245.7,FAULT_ACTIVE,F0,0,FAN_DT_001,3.0,process-model-3.0.0-build3,4179,1,LIVE,SYNCHRONISED,AUTOMATIC,NORMAL,65,1950,1950,0,145,145,0.3,0.3,24.20391,38.23,1.028,1,0.0254,0,207.97,14.1588,0.00908,1,0.18,4.368,3.299,100,HEALTHY,F0,0,0,healthy,0,0,0,,,,,8,0
2026-08-19T14:27:01.918Z,1787149621918,FAN_DT_001_F0_S00_R01_20260819T142255,1,246.727,FAULT_ACTIVE,F0,0,FAN_DT_001,3.0,process-model-3.0.0-build3,4180,1,LIVE,SYNCHRONISED,AUTOMATIC,NORMAL,65,1950,1950,0,145,145,0.3,0.3,24.20232,38.22,1.028,1,0.0254,0,207.97,14.2181,0.00896,1,0.18,4.308,3.3128,100,HEALTHY,F0,0,0,healthy,0,0,0,,,,,8,0
2026-08-19T14:27:02.947Z,1787149622947,FAN_DT_001_F0_S00_R01_20260819T142255,1,247.756,FAULT_ACTIVE,F0,0,FAN_DT_001,3.0,process-model-3.0.0-build3,4181,1,LIVE,SYNCHRONISED,AUTOMATIC,NORMAL,65,1950,1950,0,145,145,0.3,0.3,24.20114,38.22,1.028,1,0.0254,0,207.97,14.2773,0.00883,1,0.18,4.247,3.3266,100,HEALTHY,F0,0,0,healthy,0,0,0,,,,,8,0
2026-08-19T14:27:03.979Z,1787149623979,FAN_DT_001_F0_S00_R01_20260819T142255,1,248.787,FAULT_ACTIVE,F0,0,FAN_DT_001,3.0,process-model-3.0.0-build3,4182,1,LIVE,SYNCHRONISED,AUTOMATIC,NORMAL,65,1950,1950,0,145,145,0.3,0.3,24.20037,38.21,1.028,1,0.0254,0,207.97,14.3367,0.00869,1,0.18,4.178,3.3404,100,HEALTHY,F0,0,0,healthy,0,0,0,,,,,8,0
2026-08-19T14:27:05.002Z,1787149625002,FAN_DT_001_F0_S00_R01_20260819T142255,1,249.811,FAULT_ACTIVE,F0,0,FAN_DT_001,3.0,process-model-3.0.0-build3,4183,1,LIVE,SYNCHRONISED,AUTOMATIC,NORMAL,65,1950,1950,0,145,145,0.3,0.3,24.20002,38.2,1.028,1,0.0254,0,207.97,14.3958,0.00855,1,0.18,4.113,3.3542,100,HEALTHY,F0,0,0,healthy,0,0,0,,,,,8,0
2026-08-19T14:27:06.029Z,1787149626029,FAN_DT_001_F0_S00_R01_20260819T142255,1,250.838,FAULT_ACTIVE,F0,0,FAN_DT_001,3.0,process-model-3.0.0-build3,4184,1,LIVE,SYNCHRONISED,AUTOMATIC,NORMAL,65,1950,1950,0,145,145,0.3,0.3,24.20009,38.19,1.028,1,0.0254,0,207.97,14.4551,0.00842,1,0.18,4.047,3.368,100,HEALTHY,F0,0,0,healthy,0,0,0,,,,,8,0
2026-08-19T14:27:07.168Z,1787149627168,FAN_DT_001_F0_S00_R01_20260819T142255,1,251.977,FAULT_ACTIVE,F0,0,FAN_DT_001,3.0,process-model-3.0.0-build3,4185,1,LIVE,SYNCHRONISED,AUTOMATIC,NORMAL,65,1950,1950,0,145,145,0.3,0.3,24.20057,38.18,1.028,1,0.0254,0,207.97,14.5143,0.00825,1,0.18,3.967,3.3818,100,HEALTHY,F0,0,0,healthy,0,0,0,,,,,8,0
2026-08-19T14:27:08.083Z,1787149628083,FAN_DT_001_F0_S00_R01_20260819T142255,1,252.892,FAULT_ACTIVE,F0,0,FAN_DT_001,3.0,process-model-3.0.0-build3,4186,1,LIVE,SYNCHRONISED,AUTOMATIC,NORMAL,65,1950,1950,0,145,145,0.3,0.3,24.20147,38.17,1.028,1,0.0254,0,207.97,14.5735,0.00809,1,0.18,3.892,3.3956,100,HEALTHY,F0,0,0,healthy,0,0,0,,,,,8,0
2026-08-19T14:27:09.109Z,1787149629109,FAN_DT_001_F0_S00_R01_20260819T142255,1,253.919,FAULT_ACTIVE,F0,0,FAN_DT_001,3.0,process-model-3.0.0-build3,4187,1,LIVE,SYNCHRONISED,AUTOMATIC,NORMAL,65,1950,1950,0,145,145,0.3,0.3,24.20278,38.16,1.028,1,0.0254,0,207.97,14.6329,0.00796,1,0.18,3.829,3.4095,100,HEALTHY,F0,0,0,healthy,0,0,0,,,,,8,0
2026-08-19T14:27:10.134Z,1787149630134,FAN_DT_001_F0_S00_R01_20260819T142255,1,254.943,FAULT_ACTIVE,F0,0,FAN_DT_001,3.0,process-model-3.0.0-build3,4188,1,LIVE,SYNCHRONISED,AUTOMATIC,NORMAL,65,1950,1950,0,145,145,0.3,0.3,24.2045,38.16,1.028,1,0.0254,0,207.97,14.6921,0.00777,1,0.18,3.738,3.4232,100,HEALTHY,F0,0,0,healthy,0,0,0,,,,,8,0
2026-08-19T14:27:11.178Z,1787149631178,FAN_DT_001_F0_S00_R01_20260819T142255,1,255.987,FAULT_ACTIVE,F0,0,FAN_DT_001,3.0,process-model-3.0.0-build3,4189,1,LIVE,SYNCHRONISED,AUTOMATIC,NORMAL,65,1950,1950,0,145,145,0.3,0.3,24.20664,38.15,1.028,1,0.0254,0,207.97,14.7512,0.00763,1,0.18,3.668,3.437,100,HEALTHY,F0,0,0,healthy,0,0,0,,,,,8,0
2026-08-19T14:27:12.184Z,1787149632184,FAN_DT_001_F0_S00_R01_20260819T142255,1,256.993,FAULT_ACTIVE,F0,0,FAN_DT_001,3.0,process-model-3.0.0-build3,4190,1,LIVE,SYNCHRONISED,AUTOMATIC,NORMAL,65,1950,1950,0,145,145,0.3,0.3,24.20918,38.14,1.028,1,0.0254,0,207.97,14.8104,0.00745,1,0.18,3.58,3.4508,100,HEALTHY,F0,0,0,healthy,0,0,0,,,,,8,0
2026-08-19T14:27:13.215Z,1787149633215,FAN_DT_001_F0_S00_R01_20260819T142255,1,258.024,FAULT_ACTIVE,F0,0,FAN_DT_001,3.0,process-model-3.0.0-build3,4191,1,LIVE,SYNCHRONISED,AUTOMATIC,NORMAL,65,1950,1950,0,145,145,0.3,0.3,24.21214,38.13,1.028,1,0.0254,0,207.97,14.8695,0.00728,1,0.18,3.502,3.4646,100,HEALTHY,F0,0,0,healthy,0,0,0,,,,,8,0
2026-08-19T14:27:14.246Z,1787149634246,FAN_DT_001_F0_S00_R01_20260819T142255,1,259.055,FAULT_ACTIVE,F0,0,FAN_DT_001,3.0,process-model-3.0.0-build3,4192,1,LIVE,SYNCHRONISED,AUTOMATIC,NORMAL,65,1950,1950,0,145,145,0.3,0.3,24.21552,38.12,1.028,1,0.0254,0,207.97,14.9289,0.00708,1,0.18,3.406,3.4784,100,HEALTHY,F0,0,0,healthy,0,0,0,,,,,8,0
2026-08-19T14:27:15.310Z,1787149635310,FAN_DT_001_F0_S00_R01_20260819T142255,1,260.12,FAULT_ACTIVE,F0,0,FAN_DT_001,3.0,process-model-3.0.0-build3,4193,1,LIVE,SYNCHRONISED,AUTOMATIC,NORMAL,65,1950,1950,0,145,145,0.3,0.3,24.2193,38.12,1.028,1,0.0254,0,207.97,14.9882,0.00691,1,0.18,3.321,3.4922,100,HEALTHY,F0,0,0,healthy,0,0,0,,,,,8,0
2026-08-19T14:27:16.297Z,1787149636297,FAN_DT_001_F0_S00_R01_20260819T142255,1,261.107,FAULT_ACTIVE,F0,0,FAN_DT_001,3.0,process-model-3.0.0-build3,4194,1,LIVE,SYNCHRONISED,AUTOMATIC,NORMAL,65,1950,1950,0,145,145,0.3,0.3,24.22346,38.11,1.028,1,0.0254,0,207.97,15.0473,0.00673,1,0.18,3.235,3.506,100,HEALTHY,F0,0,0,healthy,0,0,0,,,,,8,0
2026-08-19T14:27:17.320Z,1787149637320,FAN_DT_001_F0_S00_R01_20260819T142255,1,262.13,FAULT_ACTIVE,F0,0,FAN_DT_001,3.0,process-model-3.0.0-build3,4195,1,LIVE,SYNCHRONISED,AUTOMATIC,NORMAL,65,1950,1950,0,145,145,0.3,0.3,24.22806,38.1,1.028,1,0.0254,0,207.97,15.1066,0.00656,1,0.18,3.153,3.5198,100,HEALTHY,F0,0,0,healthy,0,0,0,,,,,8,0
2026-08-19T14:27:18.351Z,1787149638351,FAN_DT_001_F0_S00_R01_20260819T142255,1,263.16,FAULT_ACTIVE,F0,0,FAN_DT_001,3.0,process-model-3.0.0-build3,4196,1,LIVE,SYNCHRONISED,AUTOMATIC,NORMAL,65,1950,1950,0,145,145,0.3,0.3,24.23303,38.1,1.028,1,0.0254,0,207.97,15.1657,0.00635,1,0.18,3.052,3.5336,100,HEALTHY,F0,0,0,healthy,0,0,0,,,,,8,0
2026-08-19T14:27:19.374Z,1787149639374,FAN_DT_001_F0_S00_R01_20260819T142255,1,264.183,FAULT_ACTIVE,F0,0,FAN_DT_001,3.0,process-model-3.0.0-build3,4197,1,LIVE,SYNCHRONISED,AUTOMATIC,NORMAL,65,1950,1950,0,145,145,0.3,0.3,24.23843,38.09,1.028,1,0.0254,0,207.97,15.2251,0.00615,1,0.18,2.955,3.5474,100,HEALTHY,F0,0,0,healthy,0,0,0,,,,,8,0
2026-08-19T14:27:20.406Z,1787149640406,FAN_DT_001_F0_S00_R01_20260819T142255,1,265.215,FAULT_ACTIVE,F0,0,FAN_DT_001,3.0,process-model-3.0.0-build3,4198,1,LIVE,SYNCHRONISED,AUTOMATIC,NORMAL,65,1950,1950,0,145,145,0.3,0.3,24.2442,38.08,1.028,1,0.0254,0,207.97,15.2842,0.00597,1,0.18,2.871,3.5612,100,HEALTHY,F0,0,0,healthy,0,0,0,,,,,8,0
2026-08-19T14:27:21.433Z,1787149641433,FAN_DT_001_F0_S00_R01_20260819T142255,1,266.242,FAULT_ACTIVE,F0,0,FAN_DT_001,3.0,process-model-3.0.0-build3,4199,1,LIVE,SYNCHRONISED,AUTOMATIC,NORMAL,65,1950,1950,0,145,145,0.3,0.3,24.25039,38.08,1.028,1,0.0254,0,207.97,15.3437,0.00577,1,0.18,2.774,3.5751,100,HEALTHY,F0,0,0,healthy,0,0,0,,,,,8,0
2026-08-19T14:27:22.461Z,1787149642461,FAN_DT_001_F0_S00_R01_20260819T142255,1,267.27,FAULT_ACTIVE,F0,0,FAN_DT_001,3.0,process-model-3.0.0-build3,4200,1,LIVE,SYNCHRONISED,AUTOMATIC,NORMAL,65,1950,1950,0,145,145,0.3,0.3,24.25694,38.07,1.028,1,0.0254,0,207.97,15.4028,0.00555,1,0.18,2.668,3.5888,100,HEALTHY,F0,0,0,healthy,0,0,0,,,,,8,0
2026-08-19T14:27:23.489Z,1787149643489,FAN_DT_001_F0_S00_R01_20260819T142255,1,268.298,FAULT_ACTIVE,F0,0,FAN_DT_001,3.0,process-model-3.0.0-build3,4201,1,LIVE,SYNCHRONISED,AUTOMATIC,NORMAL,65,1950,1950,0,145,145,0.3,0.3,24.26392,38.07,1.028,1,0.0254,0,207.97,15.4623,0.00533,1,0.18,2.562,3.6027,100,HEALTHY,F0,0,0,healthy,0,0,0,,,,,8,0
2026-08-19T14:27:24.518Z,1787149644518,FAN_DT_001_F0_S00_R01_20260819T142255,1,269.327,FAULT_ACTIVE,F0,0,FAN_DT_001,3.0,process-model-3.0.0-build3,4202,1,LIVE,SYNCHRONISED,AUTOMATIC,NORMAL,65,1950,1950,0,145,145,0.3,0.3,24.27123,38.06,1.028,1,0.0254,0,207.97,15.5214,0.00514,1,0.18,2.473,3.6165,100,HEALTHY,F0,0,0,healthy,0,0,0,,,,,8,0
2026-08-19T14:27:25.544Z,1787149645544,FAN_DT_001_F0_S00_R01_20260819T142255,1,270.353,FAULT_ACTIVE,F0,0,FAN_DT_001,3.0,process-model-3.0.0-build3,4203,1,LIVE,SYNCHRONISED,AUTOMATIC,NORMAL,65,1950,1950,0,145,145,0.3,0.3,24.27898,38.06,1.028,1,0.0254,0,207.97,15.5809,0.0049,1,0.18,2.359,3.6304,100,HEALTHY,F0,0,0,healthy,0,0,0,,,,,8,0
2026-08-19T14:27:26.574Z,1787149646574,FAN_DT_001_F0_S00_R01_20260819T142255,1,271.383,FAULT_ACTIVE,F0,0,FAN_DT_001,3.0,process-model-3.0.0-build3,4204,1,LIVE,SYNCHRONISED,AUTOMATIC,NORMAL,65,1950,1950,0,145,145,0.3,0.3,24.28706,38.05,1.028,1,0.0254,0,207.97,15.6401,0.00469,1,0.18,2.254,3.6441,100,HEALTHY,F0,0,0,healthy,0,0,0,,,,,8,0
2026-08-19T14:27:27.598Z,1787149647598,FAN_DT_001_F0_S00_R01_20260819T142255,1,272.407,FAULT_ACTIVE,F0,0,FAN_DT_001,3.0,process-model-3.0.0-build3,4205,1,LIVE,SYNCHRONISED,AUTOMATIC,NORMAL,65,1950,1950,0,145,145,0.3,0.3,24.29551,38.05,1.028,1,0.0254,0,207.97,15.6994,0.00448,1,0.18,2.155,3.658,100,HEALTHY,F0,0,0,healthy,0,0,0,,,,,8,0
2026-08-19T14:27:28.626Z,1787149648626,FAN_DT_001_F0_S00_R01_20260819T142255,1,273.435,FAULT_ACTIVE,F0,0,FAN_DT_001,3.0,process-model-3.0.0-build3,4206,1,LIVE,SYNCHRONISED,AUTOMATIC,NORMAL,65,1950,1950,0,145,145,0.3,0.3,24.30431,38.04,1.028,1,0.0254,0,207.97,15.7584,0.00428,1,0.18,2.057,3.6717,100,HEALTHY,F0,0,0,healthy,0,0,0,,,,,8,0
2026-08-19T14:27:29.699Z,1787149649699,FAN_DT_001_F0_S00_R01_20260819T142255,1,274.512,FAULT_ACTIVE,F0,0,FAN_DT_001,3.0,process-model-3.0.0-build3,4207,1,LIVE,SYNCHRONISED,AUTOMATIC,NORMAL,65,1950,1950,0,145,145,0.3,0.3,24.31352,38.04,1.028,1,0.0254,0,207.97,15.8178,0.00403,1,0.18,1.936,3.6856,100,HEALTHY,F0,0,0,healthy,0,0,0,,,,,8,0
2026-08-19T14:27:30.681Z,1787149650681,FAN_DT_001_F0_S00_R01_20260819T142255,1,275.49,FAULT_ACTIVE,F0,0,FAN_DT_001,3.0,process-model-3.0.0-build3,4208,1,LIVE,SYNCHRONISED,AUTOMATIC,NORMAL,65,1950,1950,0,145,145,0.3,0.3,24.32302,38.03,1.028,1,0.0254,0,207.97,15.8769,0.00381,1,0.18,1.834,3.6993,100,HEALTHY,F0,0,0,healthy,0,0,0,,,,,8,0
2026-08-19T14:27:31.704Z,1787149651704,FAN_DT_001_F0_S00_R01_20260819T142255,1,276.513,FAULT_ACTIVE,F0,0,FAN_DT_001,3.0,process-model-3.0.0-build3,4209,1,LIVE,SYNCHRONISED,AUTOMATIC,NORMAL,65,1950,1950,0,145,145,0.3,0.3,24.33292,38.03,1.028,1,0.0254,0,207.97,15.9362,0.0036,1,0.18,1.732,3.7131,100,HEALTHY,F0,0,0,healthy,0,0,0,,,,,8,0
2026-08-19T14:27:32.730Z,1787149652730,FAN_DT_001_F0_S00_R01_20260819T142255,1,277.539,FAULT_ACTIVE,F0,0,FAN_DT_001,3.0,process-model-3.0.0-build3,4210,1,LIVE,SYNCHRONISED,AUTOMATIC,NORMAL,65,1950,1950,0,145,145,0.3,0.3,24.34316,38.03,1.028,1,0.0254,0,207.97,15.9954,0.00335,1,0.18,1.612,3.7269,100,HEALTHY,F0,0,0,healthy,0,0,0,,,,,8,0
2026-08-19T14:27:33.760Z,1787149653760,FAN_DT_001_F0_S00_R01_20260819T142255,1,278.574,FAULT_ACTIVE,F0,0,FAN_DT_001,3.0,process-model-3.0.0-build3,4211,1,LIVE,SYNCHRONISED,AUTOMATIC,NORMAL,65,1950,1950,0,145,145,0.3,0.3,24.3537,38.02,1.028,1,0.0254,0,207.97,16.0545,0.00312,1,0.18,1.499,3.7407,100,HEALTHY,F0,0,0,healthy,0,0,0,,,,,8,0
2026-08-19T14:27:34.782Z,1787149654782,FAN_DT_001_F0_S00_R01_20260819T142255,1,279.591,FAULT_ACTIVE,F0,0,FAN_DT_001,3.0,process-model-3.0.0-build3,4212,1,LIVE,SYNCHRONISED,AUTOMATIC,NORMAL,65,1950,1950,0,145,145,0.3,0.3,24.36465,38.02,1.028,1,0.0254,0,207.97,16.1139,0.00289,1,0.18,1.39,3.7545,100,HEALTHY,F0,0,0,healthy,0,0,0,,,,,8,0
2026-08-19T14:27:35.812Z,1787149655812,FAN_DT_001_F0_S00_R01_20260819T142255,1,280.621,FAULT_ACTIVE,F0,0,FAN_DT_001,3.0,process-model-3.0.0-build3,4213,1,LIVE,SYNCHRONISED,AUTOMATIC,NORMAL,65,1950,1950,0,145,145,0.3,0.3,24.37586,38.02,1.028,1,0.0254,0,207.97,16.173,0.00267,1,0.18,1.285,3.7683,100,HEALTHY,F0,0,0,healthy,0,0,0,,,,,8,0
2026-08-19T14:27:36.837Z,1787149656837,FAN_DT_001_F0_S00_R01_20260819T142255,1,281.646,FAULT_ACTIVE,F0,0,FAN_DT_001,3.0,process-model-3.0.0-build3,4214,1,LIVE,SYNCHRONISED,AUTOMATIC,NORMAL,65,1950,1950,0,145,145,0.3,0.3,24.38744,38.02,1.028,1,0.0254,0,207.97,16.2323,0.00244,1,0.18,1.175,3.7821,100,HEALTHY,F0,0,0,healthy,0,0,0,,,,,8,0
2026-08-19T14:27:37.877Z,1787149657877,FAN_DT_001_F0_S00_R01_20260819T142255,1,282.686,FAULT_ACTIVE,F0,0,FAN_DT_001,3.0,process-model-3.0.0-build3,4215,1,LIVE,SYNCHRONISED,AUTOMATIC,NORMAL,65,1950,1950,0,145,145,0.3,0.3,24.3993,38.01,1.028,1,0.0254,0,207.97,16.2914,0.0022,1,0.18,1.06,3.7959,100,HEALTHY,F0,0,0,healthy,0,0,0,,,,,8,0
2026-08-19T14:27:38.892Z,1787149658892,FAN_DT_001_F0_S00_R01_20260819T142255,1,283.701,FAULT_ACTIVE,F0,0,FAN_DT_001,3.0,process-model-3.0.0-build3,4216,1,LIVE,SYNCHRONISED,AUTOMATIC,NORMAL,65,1950,1950,0,145,145,0.3,0.3,24.41155,38.01,1.028,1,0.0254,0,207.97,16.3509,0.00197,1,0.18,0.946,3.8098,100,HEALTHY,F0,0,0,healthy,0,0,0,,,,,8,0
2026-08-19T14:27:39.921Z,1787149659921,FAN_DT_001_F0_S00_R01_20260819T142255,1,284.73,FAULT_ACTIVE,F0,0,FAN_DT_001,3.0,process-model-3.0.0-build3,4217,1,LIVE,SYNCHRONISED,AUTOMATIC,NORMAL,65,1950,1950,0,145,145,0.3,0.3,24.42401,38.01,1.028,1,0.0254,0,207.97,16.41,0.00173,1,0.18,0.832,3.8235,100,HEALTHY,F0,0,0,healthy,0,0,0,,,,,8,0
2026-08-19T14:27:40.948Z,1787149660948,FAN_DT_001_F0_S00_R01_20260819T142255,1,285.757,FAULT_ACTIVE,F0,0,FAN_DT_001,3.0,process-model-3.0.0-build3,4218,1,LIVE,SYNCHRONISED,AUTOMATIC,NORMAL,65,1950,1950,0,145,145,0.3,0.3,24.43687,38.01,1.028,1,0.0254,0,207.97,16.4695,0.00148,1,0.18,0.713,3.8374,100,HEALTHY,F0,0,0,healthy,0,0,0,,,,,8,0
2026-08-19T14:27:41.975Z,1787149661975,FAN_DT_001_F0_S00_R01_20260819T142255,1,286.784,FAULT_ACTIVE,F0,0,FAN_DT_001,3.0,process-model-3.0.0-build3,4219,1,LIVE,SYNCHRONISED,AUTOMATIC,NORMAL,65,1950,1950,0,145,145,0.3,0.3,24.44993,38.01,1.028,1,0.0254,0,207.97,16.5286,0.00124,1,0.18,0.598,3.8512,100,HEALTHY,F0,0,0,healthy,0,0,0,,,,,8,0
2026-08-19T14:27:43.001Z,1787149663001,FAN_DT_001_F0_S00_R01_20260819T142255,1,287.809,FAULT_ACTIVE,F0,0,FAN_DT_001,3.0,process-model-3.0.0-build3,4220,1,LIVE,SYNCHRONISED,AUTOMATIC,NORMAL,65,1950,1950,0,145,145,0.3,0.3,24.46333,38.01,1.028,1,0.0254,0,207.97,16.5879,0.001,1,0.18,0.48,3.865,100,HEALTHY,F0,0,0,healthy,0,0,0,,,,,8,0
2026-08-19T14:27:44.044Z,1787149664044,FAN_DT_001_F0_S00_R01_20260819T142255,1,288.854,FAULT_ACTIVE,F0,0,FAN_DT_001,3.0,process-model-3.0.0-build3,4221,1,LIVE,SYNCHRONISED,AUTOMATIC,NORMAL,65,1950,1950,0,145,145,0.3,0.3,24.47695,38,1.028,1,0.0254,0,207.97,16.647,0.00076,1,0.18,0.364,3.8787,100,HEALTHY,F0,0,0,healthy,0,0,0,,,,,8,0
2026-08-19T14:27:45.057Z,1787149665057,FAN_DT_001_F0_S00_R01_20260819T142255,1,289.867,FAULT_ACTIVE,F0,0,FAN_DT_001,3.0,process-model-3.0.0-build3,4222,1,LIVE,SYNCHRONISED,AUTOMATIC,NORMAL,65,1950,1950,0,145,145,0.3,0.3,24.49089,38,1.028,1,0.0254,0,207.97,16.7063,0.00052,1,0.18,0.248,3.8926,100,HEALTHY,F0,0,0,healthy,0,0,0,,,,,8,0
2026-08-19T14:27:46.081Z,1787149666081,FAN_DT_001_F0_S00_R01_20260819T142255,1,290.89,FAULT_ACTIVE,F0,0,FAN_DT_001,3.0,process-model-3.0.0-build3,4223,1,LIVE,SYNCHRONISED,AUTOMATIC,NORMAL,65,1950,1950,0,145,145,0.3,0.3,24.50509,38,1.028,1,0.0254,0,207.97,16.7655,0.00027,1,0.18,0.128,3.9064,100,HEALTHY,F0,0,0,healthy,0,0,0,,,,,8,0
2026-08-19T14:27:47.110Z,1787149667110,FAN_DT_001_F0_S00_R01_20260819T142255,1,291.919,FAULT_ACTIVE,F0,0,FAN_DT_001,3.0,process-model-3.0.0-build3,4224,1,LIVE,SYNCHRONISED,AUTOMATIC,NORMAL,65,1950,1950,0,145,145,0.3,0.3,24.5195,38,1.028,1,0.0254,0,207.97,16.8246,0.00003,1,0.18,0.014,3.9201,100,HEALTHY,F0,0,0,healthy,0,0,0,,,,,8,0
2026-08-19T14:27:48.136Z,1787149668136,FAN_DT_001_F0_S00_R01_20260819T142255,1,292.945,FAULT_ACTIVE,F0,0,FAN_DT_001,3.0,process-model-3.0.0-build3,4225,1,LIVE,SYNCHRONISED,AUTOMATIC,NORMAL,65,1950,1950,0,145,145,0.3,0.3,24.53427,38,1.028,1,0.0254,0,207.97,16.8841,-0.00021,1,0.18,0.103,3.934,100,HEALTHY,F0,0,0,healthy,0,0,0,,,,,8,0
2026-08-19T14:27:49.166Z,1787149669166,FAN_DT_001_F0_S00_R01_20260819T142255,1,293.975,FAULT_ACTIVE,F0,0,FAN_DT_001,3.0,process-model-3.0.0-build3,4226,1,LIVE,SYNCHRONISED,AUTOMATIC,NORMAL,65,1950,1950,0,145,145,0.3,0.3,24.54916,38,1.028,1,0.0254,0,207.97,16.9432,-0.00046,1,0.18,0.222,3.9478,100,HEALTHY,F0,0,0,healthy,0,0,0,,,,,8,0
2026-08-19T14:27:50.190Z,1787149670190,FAN_DT_001_F0_S00_R01_20260819T142255,1,295,FAULT_ACTIVE,F0,0,FAN_DT_001,3.0,process-model-3.0.0-build3,4227,1,LIVE,SYNCHRONISED,AUTOMATIC,NORMAL,65,1950,1950,0,145,145,0.3,0.3,24.56436,38,1.028,1,0.0254,0,207.97,17.0025,-0.0007,1,0.18,0.335,3.9616,100,HEALTHY,F0,0,0,healthy,0,0,0,,,,,8,0
2026-08-19T14:27:51.217Z,1787149671217,FAN_DT_001_F0_S00_R01_20260819T142255,1,296.026,FAULT_ACTIVE,F0,0,FAN_DT_001,3.0,process-model-3.0.0-build3,4228,1,LIVE,SYNCHRONISED,AUTOMATIC,NORMAL,65,1950,1950,0,145,145,0.3,0.3,24.57977,38.01,1.028,1,0.0254,0,207.97,17.0618,-0.00093,1,0.18,0.445,3.9754,100,HEALTHY,F0,0,0,healthy,0,0,0,,,,,8,0
2026-08-19T14:27:52.244Z,1787149672244,FAN_DT_001_F0_S00_R01_20260819T142255,1,297.053,FAULT_ACTIVE,F0,0,FAN_DT_001,3.0,process-model-3.0.0-build3,4229,1,LIVE,SYNCHRONISED,AUTOMATIC,NORMAL,65,1950,1950,0,145,145,0.3,0.3,24.59532,38.01,1.028,1,0.0254,0,207.97,17.1207,-0.00118,1,0.18,0.568,3.9891,100,HEALTHY,F0,0,0,healthy,0,0,0,,,,,8,0
2026-08-19T14:27:53.270Z,1787149673270,FAN_DT_001_F0_S00_R01_20260819T142255,1,298.079,FAULT_ACTIVE,F0,0,FAN_DT_001,3.0,process-model-3.0.0-build3,4230,1,LIVE,SYNCHRONISED,AUTOMATIC,NORMAL,65,1950,1950,0,145,145,0.3,0.3,24.61119,38.01,1.028,1,0.0254,0,207.97,17.1801,-0.00142,1,0.18,0.681,4.003,100,HEALTHY,F0,0,0,healthy,0,0,0,,,,,8,0
2026-08-19T14:27:54.297Z,1787149674297,FAN_DT_001_F0_S00_R01_20260819T142255,1,299.107,FAULT_ACTIVE,F0,0,FAN_DT_001,3.0,process-model-3.0.0-build3,4231,1,LIVE,SYNCHRONISED,AUTOMATIC,NORMAL,65,1950,1950,0,145,145,0.3,0.3,24.6272,38.01,1.028,1,0.0254,0,207.97,17.2393,-0.00167,1,0.18,0.801,4.0168,100,HEALTHY,F0,0,0,healthy,0,0,0,,,,,8,0
2026-08-19T14:27:55.323Z,1787149675323,FAN_DT_001_F0_S00_R01_20260819T142255,1,300.132,FAULT_ACTIVE,F0,0,FAN_DT_001,3.0,process-model-3.0.0-build3,4232,1,LIVE,SYNCHRONISED,AUTOMATIC,NORMAL,65,1950,1950,0,145,145,0.3,0.3,24.64343,38.01,1.028,1,0.0254,0,207.97,17.2985,-0.00188,1,0.18,0.903,4.0306,100,HEALTHY,F0,0,0,healthy,0,0,0,,,,,8,0
2026-08-19T14:27:56.349Z,1787149676349,FAN_DT_001_F0_S00_R01_20260819T142255,1,301.158,FAULT_ACTIVE,F0,0,FAN_DT_001,3.0,process-model-3.0.0-build3,4233,1,LIVE,SYNCHRONISED,AUTOMATIC,NORMAL,65,1950,1950,0,145,145,0.3,0.3,24.65982,38.01,1.028,1,0.0254,0,207.97,17.3577,-0.00212,1,0.18,1.019,4.0443,100,HEALTHY,F0,0,0,healthy,0,0,0,,,,,8,0
2026-08-19T14:27:57.378Z,1787149677378,FAN_DT_001_F0_S00_R01_20260819T142255,1,302.187,FAULT_ACTIVE,F0,0,FAN_DT_001,3.0,process-model-3.0.0-build3,4234,1,LIVE,SYNCHRONISED,AUTOMATIC,NORMAL,65,1950,1950,0,145,145,0.3,0.3,24.67637,38.02,1.028,1,0.0254,0,207.97,17.4168,-0.00237,1,0.18,1.14,4.0581,100,HEALTHY,F0,0,0,healthy,0,0,0,,,,,8,0
2026-08-19T14:27:58.403Z,1787149678403,FAN_DT_001_F0_S00_R01_20260819T142255,1,303.212,FAULT_ACTIVE,F0,0,FAN_DT_001,3.0,process-model-3.0.0-build3,4235,1,LIVE,SYNCHRONISED,AUTOMATIC,NORMAL,65,1950,1950,0,145,145,0.3,0.3,24.69309,38.02,1.028,1,0.0254,0,207.97,17.476,-0.00259,1,0.18,1.247,4.0719,100,HEALTHY,F0,0,0,healthy,0,0,0,,,,,8,0
2026-08-19T14:27:59.461Z,1787149679461,FAN_DT_001_F0_S00_R01_20260819T142255,1,304.273,FAULT_ACTIVE,F0,0,FAN_DT_001,3.0,process-model-3.0.0-build3,4236,1,LIVE,SYNCHRONISED,AUTOMATIC,NORMAL,65,1950,1950,0,145,145,0.3,0.3,24.71009,38.02,1.028,1,0.0254,0,207.97,17.5355,-0.00285,1,0.18,1.368,4.0858,100,HEALTHY,F0,0,0,healthy,0,0,0,,,,,8,0
2026-08-19T14:28:00.463Z,1787149680463,FAN_DT_001_F0_S00_R01_20260819T142255,1,305.272,FAULT_ACTIVE,F0,0,FAN_DT_001,3.0,process-model-3.0.0-build3,4237,1,LIVE,SYNCHRONISED,AUTOMATIC,NORMAL,65,1950,1950,0,145,145,0.3,0.3,24.72713,38.02,1.028,1,0.0254,0,207.97,17.5946,-0.00306,1,0.18,1.473,4.0995,100,HEALTHY,F0,0,0,healthy,0,0,0,,,,,8,0
2026-08-19T14:28:01.490Z,1787149681490,FAN_DT_001_F0_S00_R01_20260819T142255,1,306.299,FAULT_ACTIVE,F0,0,FAN_DT_001,3.0,process-model-3.0.0-build3,4238,1,LIVE,SYNCHRONISED,AUTOMATIC,NORMAL,65,1950,1950,0,145,145,0.3,0.3,24.74439,38.03,1.028,1,0.0254,0,207.97,17.6541,-0.0033,1,0.18,1.587,4.1134,100,HEALTHY,F0,0,0,healthy,0,0,0,,,,,8,0
2026-08-19T14:28:02.514Z,1787149682514,FAN_DT_001_F0_S00_R01_20260819T142255,1,307.322,FAULT_ACTIVE,F0,0,FAN_DT_001,3.0,process-model-3.0.0-build3,4239,1,LIVE,SYNCHRONISED,AUTOMATIC,NORMAL,65,1950,1950,0,145,145,0.3,0.3,24.76175,38.03,1.028,1,0.0254,0,207.97,17.7133,-0.00353,1,0.18,1.695,4.1272,100,HEALTHY,F0,0,0,healthy,0,0,0,,,,,8,0
2026-08-19T14:28:03.542Z,1787149683542,FAN_DT_001_F0_S00_R01_20260819T142255,1,308.351,FAULT_ACTIVE,F0,0,FAN_DT_001,3.0,process-model-3.0.0-build3,4240,1,LIVE,SYNCHRONISED,AUTOMATIC,NORMAL,65,1950,1950,0,145,145,0.3,0.3,24.7792,38.03,1.028,1,0.0254,0,207.97,17.7725,-0.00375,1,0.18,1.805,4.141,100,HEALTHY,F0,0,0,healthy,0,0,0,,,,,8,0
2026-08-19T14:28:04.590Z,1787149684590,FAN_DT_001_F0_S00_R01_20260819T142255,1,309.399,FAULT_ACTIVE,F0,0,FAN_DT_001,3.0,process-model-3.0.0-build3,4241,1,LIVE,SYNCHRONISED,AUTOMATIC,NORMAL,65,1950,1950,0,145,145,0.3,0.3,24.79679,38.04,1.028,1,0.0254,0,207.97,17.8318,-0.00396,1,0.18,1.906,4.1548,100,HEALTHY,F0,0,0,healthy,0,0,0,,,,,8,0
2026-08-19T14:28:05.598Z,1787149685598,FAN_DT_001_F0_S00_R01_20260819T142255,1,310.407,FAULT_ACTIVE,F0,0,FAN_DT_001,3.0,process-model-3.0.0-build3,4242,1,LIVE,SYNCHRONISED,AUTOMATIC,NORMAL,65,1950,1950,0,145,145,0.3,0.3,24.81446,38.04,1.028,1,0.0254,0,207.97,17.891,-0.00419,1,0.18,2.016,4.1686,100,HEALTHY,F0,0,0,healthy,0,0,0,,,,,8,0
2026-08-19T14:28:06.624Z,1787149686624,FAN_DT_001_F0_S00_R01_20260819T142255,1,311.433,FAULT_ACTIVE,F0,0,FAN_DT_001,3.0,process-model-3.0.0-build3,4243,1,LIVE,SYNCHRONISED,AUTOMATIC,NORMAL,65,1950,1950,0,145,145,0.3,0.3,24.8323,38.05,1.028,1,0.0254,0,207.97,17.9505,-0.00442,1,0.18,2.125,4.1825,100,HEALTHY,F0,0,0,healthy,0,0,0,,,,,8,0
2026-08-19T14:28:07.656Z,1787149687656,FAN_DT_001_F0_S00_R01_20260819T142255,1,312.465,FAULT_ACTIVE,F0,0,FAN_DT_001,3.0,process-model-3.0.0-build3,4244,1,LIVE,SYNCHRONISED,AUTOMATIC,NORMAL,65,1950,1950,0,145,145,0.3,0.3,24.85015,38.05,1.028,1,0.0254,0,207.97,18.0096,-0.00465,1,0.18,2.237,4.1962,100,HEALTHY,F0,0,0,healthy,0,0,0,,,,,8,0
2026-08-19T14:28:08.721Z,1787149688721,FAN_DT_001_F0_S00_R01_20260819T142255,1,313.531,FAULT_ACTIVE,F0,0,FAN_DT_001,3.0,process-model-3.0.0-build3,4245,1,LIVE,SYNCHRONISED,AUTOMATIC,NORMAL,65,1950,1950,0,145,145,0.3,0.3,24.8681,38.06,1.028,1,0.0254,0,207.97,18.0689,-0.00484,1,0.18,2.329,4.21,100,HEALTHY,F0,0,0,healthy,0,0,0,,,,,8,0
2026-08-19T14:28:09.704Z,1787149689704,FAN_DT_001_F0_S00_R01_20260819T142255,1,314.513,FAULT_ACTIVE,F0,0,FAN_DT_001,3.0,process-model-3.0.0-build3,4246,1,LIVE,SYNCHRONISED,AUTOMATIC,NORMAL,65,1950,1950,0,145,145,0.3,0.3,24.88614,38.06,1.028,1,0.0254,0,207.97,18.1282,-0.00506,1,0.18,2.432,4.2239,100,HEALTHY,F0,0,0,healthy,0,0,0,,,,,8,0
2026-08-19T14:28:10.734Z,1787149690734,FAN_DT_001_F0_S00_R01_20260819T142255,1,315.545,FAULT_ACTIVE,F0,0,FAN_DT_001,3.0,process-model-3.0.0-build3,4247,1,LIVE,SYNCHRONISED,AUTOMATIC,NORMAL,65,1950,1950,0,145,145,0.3,0.3,24.90415,38.07,1.028,1,0.0254,0,207.97,18.1872,-0.00527,1,0.18,2.535,4.2376,100,HEALTHY,F0,0,0,healthy,0,0,0,,,,,8,0
2026-08-19T14:28:11.758Z,1787149691758,FAN_DT_001_F0_S00_R01_20260819T142255,1,316.567,FAULT_ACTIVE,F0,0,FAN_DT_001,3.0,process-model-3.0.0-build3,4248,1,LIVE,SYNCHRONISED,AUTOMATIC,NORMAL,65,1950,1950,0,145,145,0.3,0.3,24.9223,38.07,1.028,1,0.0254,0,207.97,18.2466,-0.00548,1,0.18,2.635,4.2515,100,HEALTHY,F0,0,0,healthy,0,0,0,,,,,8,0
2026-08-19T14:28:12.783Z,1787149692783,FAN_DT_001_F0_S00_R01_20260819T142255,1,317.592,FAULT_ACTIVE,F0,0,FAN_DT_001,3.0,process-model-3.0.0-build3,4249,1,LIVE,SYNCHRONISED,AUTOMATIC,NORMAL,65,1950,1950,0,145,145,0.3,0.3,24.94041,38.08,1.028,1,0.0254,0,207.97,18.3056,-0.00569,1,0.18,2.737,4.2652,100,HEALTHY,F0,0,0,healthy,0,0,0,,,,,8,0
2026-08-19T14:28:13.812Z,1787149693812,FAN_DT_001_F0_S00_R01_20260819T142255,1,318.621,FAULT_ACTIVE,F0,0,FAN_DT_001,3.0,process-model-3.0.0-build3,4250,1,LIVE,SYNCHRONISED,AUTOMATIC,NORMAL,65,1950,1950,0,145,145,0.3,0.3,24.95857,38.08,1.028,1,0.0254,0,207.97,18.3648,-0.00589,1,0.18,2.831,4.279,100,HEALTHY,F0,0,0,healthy,0,0,0,,,,,8,0
2026-08-19T14:28:14.842Z,1787149694842,FAN_DT_001_F0_S00_R01_20260819T142255,1,319.652,FAULT_ACTIVE,F0,0,FAN_DT_001,3.0,process-model-3.0.0-build3,4251,1,LIVE,SYNCHRONISED,AUTOMATIC,NORMAL,65,1950,1950,0,145,145,0.3,0.3,24.97681,38.09,1.028,1,0.0254,0,207.97,18.4241,-0.00609,1,0.18,2.929,4.2928,100,HEALTHY,F0,0,0,healthy,0,0,0,,,,,8,0
2026-08-19T14:28:15.864Z,1787149695864,FAN_DT_001_F0_S00_R01_20260819T142255,1,320.674,FAULT_ACTIVE,F0,0,FAN_DT_001,3.0,process-model-3.0.0-build3,4252,1,LIVE,SYNCHRONISED,AUTOMATIC,NORMAL,65,1950,1950,0,145,145,0.3,0.3,24.99498,38.1,1.028,1,0.0254,0,207.97,18.4831,-0.00628,1,0.18,3.02,4.3066,100,HEALTHY,F0,0,0,healthy,0,0,0,,,,,8,0
2026-08-19T14:28:16.889Z,1787149696889,FAN_DT_001_F0_S00_R01_20260819T142255,1,321.698,FAULT_ACTIVE,F0,0,FAN_DT_001,3.0,process-model-3.0.0-build3,4253,1,LIVE,SYNCHRONISED,AUTOMATIC,NORMAL,65,1950,1950,0,145,145,0.3,0.3,25.01328,38.1,1.028,1,0.0254,0,207.97,18.5426,-0.00648,1,0.18,3.115,4.3204,100,HEALTHY,F0,0,0,healthy,0,0,0,,,,,8,0
2026-08-19T14:28:17.918Z,1787149697918,FAN_DT_001_F0_S00_R01_20260819T142255,1,322.727,FAULT_ACTIVE,F0,0,FAN_DT_001,3.0,process-model-3.0.0-build3,4254,1,LIVE,SYNCHRONISED,AUTOMATIC,NORMAL,65,1950,1950,0,145,145,0.3,0.3,25.03142,38.11,1.028,1,0.0254,0,207.97,18.6016,-0.00667,1,0.18,3.206,4.3342,100,HEALTHY,F0,0,0,healthy,0,0,0,,,,,8,0
2026-08-19T14:28:18.941Z,1787149698941,FAN_DT_001_F0_S00_R01_20260819T142255,1,323.75,FAULT_ACTIVE,F0,0,FAN_DT_001,3.0,process-model-3.0.0-build3,4255,1,LIVE,SYNCHRONISED,AUTOMATIC,NORMAL,65,1950,1950,0,145,145,0.3,0.3,25.04967,38.12,1.028,1,0.0254,0,207.97,18.6609,-0.00687,1,0.18,3.305,4.348,100,HEALTHY,F0,0,0,healthy,0,0,0,,,,,8,0
2026-08-19T14:28:19.971Z,1787149699971,FAN_DT_001_F0_S00_R01_20260819T142255,1,324.78,FAULT_ACTIVE,F0,0,FAN_DT_001,3.0,process-model-3.0.0-build3,4256,1,LIVE,SYNCHRONISED,AUTOMATIC,NORMAL,65,1950,1950,0,145,145,0.3,0.3,25.06775,38.12,1.028,1,0.0254,0,207.97,18.7199,-0.00705,1,0.18,3.39,4.3617,100,HEALTHY,F0,0,0,healthy,0,0,0,,,,,8,0
2026-08-19T14:28:20.995Z,1787149700995,FAN_DT_001_F0_S00_R01_20260819T142255,1,325.804,FAULT_ACTIVE,F0,0,FAN_DT_001,3.0,process-model-3.0.0-build3,4257,1,LIVE,SYNCHRONISED,AUTOMATIC,NORMAL,65,1950,1950,0,145,145,0.3,0.3,25.08596,38.13,1.028,1,0.0254,0,207.97,18.7793,-0.00724,1,0.18,3.479,4.3756,100,HEALTHY,F0,0,0,healthy,0,0,0,,,,,8,0
2026-08-19T14:28:22.021Z,1787149702021,FAN_DT_001_F0_S00_R01_20260819T142255,1,326.831,FAULT_ACTIVE,F0,0,FAN_DT_001,3.0,process-model-3.0.0-build3,4258,1,LIVE,SYNCHRONISED,AUTOMATIC,NORMAL,65,1950,1950,0,145,145,0.3,0.3,25.10407,38.14,1.028,1,0.0254,0,207.97,18.8386,-0.0074,1,0.18,3.557,4.3894,100,HEALTHY,F0,0,0,healthy,0,0,0,,,,,8,0
2026-08-19T14:28:23.049Z,1787149703049,FAN_DT_001_F0_S00_R01_20260819T142255,1,327.858,FAULT_ACTIVE,F0,0,FAN_DT_001,3.0,process-model-3.0.0-build3,4259,1,LIVE,SYNCHRONISED,AUTOMATIC,NORMAL,65,1950,1950,0,145,145,0.3,0.3,25.12204,38.15,1.028,1,0.0254,0,207.97,18.8976,-0.00757,1,0.18,3.64,4.4031,100,HEALTHY,F0,0,0,healthy,0,0,0,,,,,8,0
2026-08-19T14:28:24.079Z,1787149704079,FAN_DT_001_F0_S00_R01_20260819T142255,1,328.888,FAULT_ACTIVE,F0,0,FAN_DT_001,3.0,process-model-3.0.0-build3,4260,1,LIVE,SYNCHRONISED,AUTOMATIC,NORMAL,65,1950,1950,0,145,145,0.3,0.3,25.14012,38.15,1.028,1,0.0254,0,207.97,18.9571,-0.00775,1,0.18,3.724,4.417,100,HEALTHY,F0,0,0,healthy,0,0,0,,,,,8,0
2026-08-19T14:28:25.111Z,1787149705111,FAN_DT_001_F0_S00_R01_20260819T142255,1,329.92,FAULT_ACTIVE,F0,0,FAN_DT_001,3.0,process-model-3.0.0-build3,4261,1,LIVE,SYNCHRONISED,AUTOMATIC,NORMAL,65,1950,1950,0,145,145,0.3,0.3,25.15806,38.16,1.028,1,0.0254,0,207.97,19.0164,-0.0079,1,0.18,3.799,4.4308,100,HEALTHY,F0,0,0,healthy,0,0,0,,,,,8,0
2026-08-19T14:28:26.136Z,1787149706136,FAN_DT_001_F0_S00_R01_20260819T142255,1,330.945,FAULT_ACTIVE,F0,0,FAN_DT_001,3.0,process-model-3.0.0-build3,4262,1,LIVE,SYNCHRONISED,AUTOMATIC,NORMAL,65,1950,1950,0,145,145,0.3,0.3,25.17591,38.17,1.028,1,0.0254,0,207.97,19.0758,-0.00807,1,0.18,3.882,4.4447,100,HEALTHY,F0,0,0,healthy,0,0,0,,,,,8,0
2026-08-19T14:28:27.163Z,1787149707163,FAN_DT_001_F0_S00_R01_20260819T142255,1,331.972,FAULT_ACTIVE,F0,0,FAN_DT_001,3.0,process-model-3.0.0-build3,4263,1,LIVE,SYNCHRONISED,AUTOMATIC,NORMAL,65,1950,1950,0,145,145,0.3,0.3,25.19362,38.18,1.028,1,0.0254,0,207.97,19.1349,-0.00822,1,0.18,3.953,4.4584,100,HEALTHY,F0,0,0,healthy,0,0,0,,,,,8,0
2026-08-19T14:28:28.179Z,1787149708179,FAN_DT_001_F0_S00_R01_20260819T142255,1,332.988,FAULT_ACTIVE,F0,0,FAN_DT_001,3.0,process-model-3.0.0-build3,4264,1,LIVE,SYNCHRONISED,AUTOMATIC,NORMAL,65,1950,1950,0,145,145,0.3,0.3,25.21115,38.19,1.028,1,0.0254,0,207.97,19.1938,-0.00836,1,0.18,4.021,4.4722,100,HEALTHY,F0,0,0,healthy,0,0,0,,,,,8,0
2026-08-19T14:28:29.378Z,1787149709378,FAN_DT_001_F0_S00_R01_20260819T142255,1,334.188,FAULT_ACTIVE,F0,0,FAN_DT_001,3.0,process-model-3.0.0-build3,4265,1,LIVE,SYNCHRONISED,AUTOMATIC,NORMAL,65,1950,1950,0,145,145,0.3,0.3,25.22862,38.2,1.028,1,0.0254,0,207.97,19.2528,-0.00852,1,0.18,4.099,4.4859,100,HEALTHY,F0,0,0,healthy,0,0,0,,,,,8,0
2026-08-19T14:28:30.254Z,1787149710254,FAN_DT_001_F0_S00_R01_20260819T142255,1,335.063,FAULT_ACTIVE,F0,0,FAN_DT_001,3.0,process-model-3.0.0-build3,4266,1,LIVE,SYNCHRONISED,AUTOMATIC,NORMAL,65,1950,1950,0,145,145,0.3,0.3,25.24605,38.21,1.028,1,0.0254,0,207.97,19.3122,-0.00866,1,0.18,4.164,4.4997,100,HEALTHY,F0,0,0,healthy,0,0,0,,,,,8,0
2026-08-19T14:28:31.270Z,1787149711270,FAN_DT_001_F0_S00_R01_20260819T142255,1,336.08,FAULT_ACTIVE,F0,0,FAN_DT_001,3.0,process-model-3.0.0-build3,4267,1,LIVE,SYNCHRONISED,AUTOMATIC,NORMAL,65,1950,1950,0,145,145,0.3,0.3,25.26332,38.21,1.028,1,0.0254,0,207.97,19.3714,-0.00878,1,0.18,4.224,4.5135,100,HEALTHY,F0,0,0,healthy,0,0,0,,,,,8,0
2026-08-19T14:28:32.298Z,1787149712298,FAN_DT_001_F0_S00_R01_20260819T142255,1,337.107,FAULT_ACTIVE,F0,0,FAN_DT_001,3.0,process-model-3.0.0-build3,4268,1,LIVE,SYNCHRONISED,AUTOMATIC,NORMAL,65,1950,1950,0,145,145,0.3,0.3,25.28047,38.22,1.028,1,0.0254,0,207.97,19.4306,-0.00892,1,0.18,4.29,4.5273,100,HEALTHY,F0,0,0,healthy,0,0,0,,,,,8,0
2026-08-19T14:28:33.312Z,1787149713312,FAN_DT_001_F0_S00_R01_20260819T142255,1,338.121,FAULT_ACTIVE,F0,0,FAN_DT_001,3.0,process-model-3.0.0-build3,4269,1,LIVE,SYNCHRONISED,AUTOMATIC,NORMAL,65,1950,1950,0,145,145,0.3,0.3,25.29749,38.23,1.028,1,0.0254,0,207.97,19.4899,-0.00904,1,0.18,4.347,4.5411,100,HEALTHY,F0,0,0,healthy,0,0,0,,,,,8,0
2026-08-19T14:28:34.344Z,1787149714344,FAN_DT_001_F0_S00_R01_20260819T142255,1,339.153,FAULT_ACTIVE,F0,0,FAN_DT_001,3.0,process-model-3.0.0-build3,4270,1,LIVE,SYNCHRONISED,AUTOMATIC,NORMAL,65,1950,1950,0,145,145,0.3,0.3,25.31429,38.24,1.028,1,0.0254,0,207.97,19.549,-0.00919,1,0.18,4.419,4.5549,100,HEALTHY,F0,0,0,healthy,0,0,0,,,,,8,0
2026-08-19T14:28:35.370Z,1787149715370,FAN_DT_001_F0_S00_R01_20260819T142255,1,340.179,FAULT_ACTIVE,F0,0,FAN_DT_001,3.0,process-model-3.0.0-build3,4271,1,LIVE,SYNCHRONISED,AUTOMATIC,NORMAL,65,1950,1950,0,145,145,0.3,0.3,25.331,38.25,1.028,1,0.0254,0,207.97,19.6083,-0.00929,1,0.18,4.469,4.5687,100,HEALTHY,F0,0,0,healthy,0,0,0,,,,,8,0
2026-08-19T14:28:36.394Z,1787149716394,FAN_DT_001_F0_S00_R01_20260819T142255,1,341.203,FAULT_ACTIVE,F0,0,FAN_DT_001,3.0,process-model-3.0.0-build3,4272,1,LIVE,SYNCHRONISED,AUTOMATIC,NORMAL,65,1950,1950,0,145,145,0.3,0.3,25.34754,38.26,1.028,1,0.0254,0,207.97,19.6677,-0.00942,1,0.18,4.53,4.5826,100,HEALTHY,F0,0,0,healthy,0,0,0,,,,,8,0
2026-08-19T14:28:37.427Z,1787149717427,FAN_DT_001_F0_S00_R01_20260819T142255,1,342.236,FAULT_ACTIVE,F0,0,FAN_DT_001,3.0,process-model-3.0.0-build3,4273,1,LIVE,SYNCHRONISED,AUTOMATIC,NORMAL,65,1950,1950,0,145,145,0.3,0.3,25.36381,38.27,1.028,1,0.0254,0,207.97,19.7267,-0.00951,1,0.18,4.571,4.5963,100,HEALTHY,F0,0,0,healthy,0,0,0,,,,,8,0
2026-08-19T14:28:38.451Z,1787149718451,FAN_DT_001_F0_S00_R01_20260819T142255,1,343.261,FAULT_ACTIVE,F0,0,FAN_DT_001,3.0,process-model-3.0.0-build3,4274,1,LIVE,SYNCHRONISED,AUTOMATIC,NORMAL,65,1950,1950,0,145,145,0.3,0.3,25.38,38.28,1.028,1,0.0254,0,207.97,19.7861,-0.00961,1,0.18,4.622,4.6102,100,HEALTHY,F0,0,0,healthy,0,0,0,,,,,8,0
2026-08-19T14:28:39.478Z,1787149719478,FAN_DT_001_F0_S00_R01_20260819T142255,1,344.287,FAULT_ACTIVE,F0,0,FAN_DT_001,3.0,process-model-3.0.0-build3,4275,1,LIVE,SYNCHRONISED,AUTOMATIC,NORMAL,65,1950,1950,0,145,145,0.3,0.3,25.39586,38.29,1.028,1,0.0254,0,207.97,19.8451,-0.00973,1,0.18,4.677,4.6239,100,HEALTHY,F0,0,0,healthy,0,0,0,,,,,8,0
2026-08-19T14:28:40.502Z,1787149720502,FAN_DT_001_F0_S00_R01_20260819T142255,1,345.315,FAULT_ACTIVE,F0,0,FAN_DT_001,3.0,process-model-3.0.0-build3,4276,1,LIVE,SYNCHRONISED,AUTOMATIC,NORMAL,65,1950,1950,0,145,145,0.3,0.3,25.41167,38.3,1.028,1,0.0254,0,207.97,19.9046,-0.00981,1,0.18,4.717,4.6378,100,HEALTHY,F0,0,0,healthy,0,0,0,,,,,8,0
2026-08-19T14:28:41.529Z,1787149721529,FAN_DT_001_F0_S00_R01_20260819T142255,1,346.338,FAULT_ACTIVE,F0,0,FAN_DT_001,3.0,process-model-3.0.0-build3,4277,1,LIVE,SYNCHRONISED,AUTOMATIC,NORMAL,65,1950,1950,0,145,145,0.3,0.3,25.42711,38.31,1.028,1,0.0254,0,207.97,19.9635,-0.0099,1,0.18,4.761,4.6515,100,HEALTHY,F0,0,0,healthy,0,0,0,,,,,8,0
2026-08-19T14:28:42.549Z,1787149722549,FAN_DT_001_F0_S00_R01_20260819T142255,1,347.358,FAULT_ACTIVE,F0,0,FAN_DT_001,3.0,process-model-3.0.0-build3,4278,1,LIVE,SYNCHRONISED,AUTOMATIC,NORMAL,65,1950,1950,0,145,145,0.3,0.3,25.44242,38.32,1.028,1,0.0254,0,207.97,20.0228,-0.00999,1,0.18,4.804,4.6653,100,HEALTHY,F0,0,0,healthy,0,0,0,,,,,8,0
2026-08-19T14:28:43.582Z,1787149723582,FAN_DT_001_F0_S00_R01_20260819T142255,1,348.391,FAULT_ACTIVE,F0,0,FAN_DT_001,3.0,process-model-3.0.0-build3,4279,1,LIVE,SYNCHRONISED,AUTOMATIC,NORMAL,65,1950,1950,0,145,145,0.3,0.3,25.45741,38.33,1.028,1,0.0254,0,207.97,20.0817,-0.01009,1,0.18,4.85,4.679,100,HEALTHY,F0,0,0,healthy,0,0,0,,,,,8,0
2026-08-19T14:28:44.623Z,1787149724623,FAN_DT_001_F0_S00_R01_20260819T142255,1,349.433,FAULT_ACTIVE,F0,0,FAN_DT_001,3.0,process-model-3.0.0-build3,4280,1,LIVE,SYNCHRONISED,AUTOMATIC,NORMAL,65,1950,1950,0,145,145,0.3,0.3,25.4723,38.34,1.028,1,0.0254,0,207.97,20.1411,-0.01014,1,0.18,4.877,4.6929,100,HEALTHY,F0,0,0,healthy,0,0,0,,,,,8,0
2026-08-19T14:28:45.632Z,1787149725632,FAN_DT_001_F0_S00_R01_20260819T142255,1,350.442,FAULT_ACTIVE,F0,0,FAN_DT_001,3.0,process-model-3.0.0-build3,4281,1,LIVE,SYNCHRONISED,AUTOMATIC,NORMAL,65,1950,1950,0,145,145,0.3,0.3,25.48688,38.35,1.028,1,0.0254,0,207.97,20.2003,-0.0102,1,0.18,4.905,4.7067,100,HEALTHY,F0,0,0,healthy,0,0,0,,,,,8,0
2026-08-19T14:28:46.661Z,1787149726661,FAN_DT_001_F0_S00_R01_20260819T142255,1,351.47,FAULT_ACTIVE,F0,0,FAN_DT_001,3.0,process-model-3.0.0-build3,4282,1,LIVE,SYNCHRONISED,AUTOMATIC,NORMAL,65,1950,1950,0,145,145,0.3,0.3,25.50123,38.36,1.028,1,0.0254,0,207.97,20.2596,-0.01026,1,0.18,4.935,4.7205,100,HEALTHY,F0,0,0,healthy,0,0,0,,,,,8,0
2026-08-19T14:28:47.685Z,1787149727685,FAN_DT_001_F0_S00_R01_20260819T142255,1,352.495,FAULT_ACTIVE,F0,0,FAN_DT_001,3.0,process-model-3.0.0-build3,4283,1,LIVE,SYNCHRONISED,AUTOMATIC,NORMAL,65,1950,1950,0,145,145,0.3,0.3,25.51533,38.37,1.028,1,0.0254,0,207.97,20.3189,-0.01035,1,0.18,4.975,4.7343,100,HEALTHY,F0,0,0,healthy,0,0,0,,,,,8,0
2026-08-19T14:28:48.716Z,1787149728716,FAN_DT_001_F0_S00_R01_20260819T142255,1,353.525,FAULT_ACTIVE,F0,0,FAN_DT_001,3.0,process-model-3.0.0-build3,4284,1,LIVE,SYNCHRONISED,AUTOMATIC,NORMAL,65,1950,1950,0,145,145,0.3,0.3,25.5291,38.38,1.028,1,0.0254,0,207.97,20.378,-0.01039,1,0.18,4.997,4.7481,100,HEALTHY,F0,0,0,healthy,0,0,0,,,,,8,0
2026-08-19T14:28:49.740Z,1787149729740,FAN_DT_001_F0_S00_R01_20260819T142255,1,354.55,FAULT_ACTIVE,F0,0,FAN_DT_001,3.0,process-model-3.0.0-build3,4285,1,LIVE,SYNCHRONISED,AUTOMATIC,NORMAL,65,1950,1950,0,145,145,0.3,0.3,25.54267,38.39,1.028,1,0.0254,0,207.97,20.4374,-0.01044,1,0.18,5.02,4.7619,100,HEALTHY,F0,0,0,healthy,0,0,0,,,,,8,0
2026-08-19T14:28:50.779Z,1787149730779,FAN_DT_001_F0_S00_R01_20260819T142255,1,355.588,FAULT_ACTIVE,F0,0,FAN_DT_001,3.0,process-model-3.0.0-build3,4286,1,LIVE,SYNCHRONISED,AUTOMATIC,NORMAL,65,1950,1950,0,145,145,0.3,0.3,25.55587,38.41,1.028,1,0.0254,0,207.97,20.4964,-0.01046,1,0.18,5.03,4.7757,100,HEALTHY,F0,0,0,healthy,0,0,0,,,,,8,0
2026-08-19T14:28:51.794Z,1787149731794,FAN_DT_001_F0_S00_R01_20260819T142255,1,356.603,FAULT_ACTIVE,F0,0,FAN_DT_001,3.0,process-model-3.0.0-build3,4287,1,LIVE,SYNCHRONISED,AUTOMATIC,NORMAL,65,1950,1950,0,145,145,0.3,0.3,25.56885,38.42,1.028,1,0.0254,0,207.97,20.5557,-0.01052,1,0.18,5.059,4.7895,100,HEALTHY,F0,0,0,healthy,0,0,0,,,,,8,0
2026-08-19T14:28:52.819Z,1787149732819,FAN_DT_001_F0_S00_R01_20260819T142255,1,357.628,FAULT_ACTIVE,F0,0,FAN_DT_001,3.0,process-model-3.0.0-build3,4288,1,LIVE,SYNCHRONISED,AUTOMATIC,NORMAL,65,1950,1950,0,145,145,0.3,0.3,25.58146,38.43,1.028,1,0.0254,0,207.97,20.6147,-0.01055,1,0.18,5.073,4.8032,100,HEALTHY,F0,0,0,healthy,0,0,0,,,,,8,0
2026-08-19T14:28:53.843Z,1787149733843,FAN_DT_001_F0_S00_R01_20260819T142255,1,358.652,FAULT_ACTIVE,F0,0,FAN_DT_001,3.0,process-model-3.0.0-build3,4289,1,LIVE,SYNCHRONISED,AUTOMATIC,NORMAL,65,1950,1950,0,145,145,0.3,0.3,25.59387,38.44,1.028,1,0.0254,0,207.97,20.6741,-0.01056,1,0.18,5.077,4.8171,100,HEALTHY,F0,0,0,healthy,0,0,0,,,,,8,0
2026-08-19T14:28:54.872Z,1787149734872,FAN_DT_001_F0_S00_R01_20260819T142255,1,359.681,FAULT_ACTIVE,F0,0,FAN_DT_001,3.0,process-model-3.0.0-build3,4290,1,LIVE,SYNCHRONISED,AUTOMATIC,NORMAL,65,1950,1950,0,145,145,0.3,0.3,25.60588,38.45,1.028,1,0.0254,0,207.97,20.7331,-0.01058,1,0.18,5.086,4.8308,100,HEALTHY,F0,0,0,healthy,0,0,0,,,,,8,0
2026-08-19T14:28:55.898Z,1787149735898,FAN_DT_001_F0_S00_R01_20260819T142255,1,360.707,FAULT_ACTIVE,F0,0,FAN_DT_001,3.0,process-model-3.0.0-build3,4291,1,LIVE,SYNCHRONISED,AUTOMATIC,NORMAL,65,1950,1950,0,145,145,0.3,0.3,25.61766,38.46,1.028,1,0.0254,0,207.97,20.7925,-0.01059,1,0.18,5.092,4.8447,100,HEALTHY,F0,0,0,healthy,0,0,0,,,,,8,0
2026-08-19T14:28:56.923Z,1787149736923,FAN_DT_001_F0_S00_R01_20260819T142255,1,361.733,FAULT_ACTIVE,F0,0,FAN_DT_001,3.0,process-model-3.0.0-build3,4292,1,LIVE,SYNCHRONISED,AUTOMATIC,NORMAL,65,1950,1950,0,145,145,0.3,0.3,25.62905,38.47,1.028,1,0.0254,0,207.97,20.8516,-0.01061,1,0.18,5.1,4.8584,100,HEALTHY,F0,0,0,healthy,0,0,0,,,,,8,0
2026-08-19T14:28:57.949Z,1787149737949,FAN_DT_001_F0_S00_R01_20260819T142255,1,362.758,FAULT_ACTIVE,F0,0,FAN_DT_001,3.0,process-model-3.0.0-build3,4293,1,LIVE,SYNCHRONISED,AUTOMATIC,NORMAL,65,1950,1950,0,145,145,0.3,0.3,25.64012,38.48,1.028,1,0.0254,0,207.97,20.9107,-0.01063,1,0.18,5.11,4.8722,100,HEALTHY,F0,0,0,healthy,0,0,0,,,,,8,0
2026-08-19T14:28:58.976Z,1787149738976,FAN_DT_001_F0_S00_R01_20260819T142255,1,363.786,FAULT_ACTIVE,F0,0,FAN_DT_001,3.0,process-model-3.0.0-build3,4294,1,LIVE,SYNCHRONISED,AUTOMATIC,NORMAL,65,1950,1950,0,145,145,0.3,0.3,25.65092,38.49,1.028,1,0.0254,0,207.97,20.97,-0.01062,1,0.18,5.108,4.886,100,HEALTHY,F0,0,0,healthy,0,0,0,,,,,8,0
2026-08-19T14:29:00.005Z,1787149740005,FAN_DT_001_F0_S00_R01_20260819T142255,1,364.814,FAULT_ACTIVE,F0,0,FAN_DT_001,3.0,process-model-3.0.0-build3,4295,1,LIVE,SYNCHRONISED,AUTOMATIC,NORMAL,65,1950,1950,0,145,145,0.3,0.3,25.66132,38.5,1.028,1,0.0254,0,207.97,21.0291,-0.01062,1,0.18,5.105,4.8998,100,HEALTHY,F0,0,0,healthy,0,0,0,,,,,8,0
2026-08-19T14:29:01.028Z,1787149741028,FAN_DT_001_F0_S00_R01_20260819T142255,1,365.839,FAULT_ACTIVE,F0,0,FAN_DT_001,3.0,process-model-3.0.0-build3,4296,1,LIVE,SYNCHRONISED,AUTOMATIC,NORMAL,65,1950,1950,0,145,145,0.3,0.3,25.67143,38.51,1.028,1,0.0254,0,207.97,21.0885,-0.0106,1,0.18,5.095,4.9136,100,HEALTHY,F0,0,0,healthy,0,0,0,,,,,8,0
2026-08-19T14:29:02.058Z,1787149742058,FAN_DT_001_F0_S00_R01_20260819T142255,1,366.867,FAULT_ACTIVE,F0,0,FAN_DT_001,3.0,process-model-3.0.0-build3,4297,1,LIVE,SYNCHRONISED,AUTOMATIC,NORMAL,65,1950,1950,0,145,145,0.3,0.3,25.68114,38.53,1.028,1,0.0254,0,207.97,21.1476,-0.01058,1,0.18,5.086,4.9274,100,HEALTHY,F0,0,0,healthy,0,0,0,,,,,8,0
2026-08-19T14:29:03.083Z,1787149743083,FAN_DT_001_F0_S00_R01_20260819T142255,1,367.892,FAULT_ACTIVE,F0,0,FAN_DT_001,3.0,process-model-3.0.0-build3,4298,1,LIVE,SYNCHRONISED,AUTOMATIC,NORMAL,65,1950,1950,0,145,145,0.3,0.3,25.69054,38.54,1.028,1,0.0254,0,207.97,21.2069,-0.01054,1,0.18,5.066,4.9412,100,HEALTHY,F0,0,0,healthy,0,0,0,,,,,8,0
2026-08-19T14:29:04.107Z,1787149744107,FAN_DT_001_F0_S00_R01_20260819T142255,1,368.916,FAULT_ACTIVE,F0,0,FAN_DT_001,3.0,process-model-3.0.0-build3,4299,1,LIVE,SYNCHRONISED,AUTOMATIC,NORMAL,65,1950,1950,0,145,145,0.3,0.3,25.69954,38.55,1.028,1,0.0254,0,207.97,21.266,-0.01053,1,0.18,5.062,4.955,100,HEALTHY,F0,0,0,healthy,0,0,0,,,,,8,0
2026-08-19T14:29:05.135Z,1787149745135,FAN_DT_001_F0_S00_R01_20260819T142255,1,369.944,FAULT_ACTIVE,F0,0,FAN_DT_001,3.0,process-model-3.0.0-build3,4300,1,LIVE,SYNCHRONISED,AUTOMATIC,NORMAL,65,1950,1950,0,145,145,0.3,0.3,25.70819,38.56,1.028,1,0.0254,0,207.97,21.3252,-0.01048,1,0.18,5.037,4.9688,100,HEALTHY,F0,0,0,healthy,0,0,0,,,,,8,0
2026-08-19T14:29:06.162Z,1787149746162,FAN_DT_001_F0_S00_R01_20260819T142255,1,370.97,FAULT_ACTIVE,F0,0,FAN_DT_001,3.0,process-model-3.0.0-build3,4301,1,LIVE,SYNCHRONISED,AUTOMATIC,NORMAL,65,1950,1950,0,145,145,0.3,0.3,25.71651,38.57,1.028,1,0.0254,0,207.97,21.3846,-0.01044,1,0.18,5.022,4.9826,100,HEALTHY,F0,0,0,healthy,0,0,0,,,,,8,0
2026-08-19T14:29:07.193Z,1787149747193,FAN_DT_001_F0_S00_R01_20260819T142255,1,372.002,FAULT_ACTIVE,F0,0,FAN_DT_001,3.0,process-model-3.0.0-build3,4302,1,LIVE,SYNCHRONISED,AUTOMATIC,NORMAL,65,1950,1950,0,145,145,0.3,0.3,25.72442,38.58,1.028,1,0.0254,0,207.97,21.4437,-0.0104,1,0.18,5.003,4.9964,100,HEALTHY,F0,0,0,healthy,0,0,0,,,,,8,0
2026-08-19T14:29:08.222Z,1787149748222,FAN_DT_001_F0_S00_R01_20260819T142255,1,373.031,FAULT_ACTIVE,F0,0,FAN_DT_001,3.0,process-model-3.0.0-build3,4303,1,LIVE,SYNCHRONISED,AUTOMATIC,NORMAL,65,1950,1950,0,145,145,0.3,0.3,25.73199,38.59,1.028,1,0.0254,0,207.97,21.5032,-0.01035,1,0.18,4.979,5.0102,100,HEALTHY,F0,0,0,healthy,0,0,0,,,,,8,0
2026-08-19T14:29:09.247Z,1787149749247,FAN_DT_001_F0_S00_R01_20260819T142255,1,374.056,FAULT_ACTIVE,F0,0,FAN_DT_001,3.0,process-model-3.0.0-build3,4304,1,LIVE,SYNCHRONISED,AUTOMATIC,NORMAL,65,1950,1950,0,145,145,0.3,0.3,25.73917,38.6,1.028,1,0.0254,0,207.97,21.5626,-0.0103,1,0.18,4.953,5.0241,100,HEALTHY,F0,0,0,healthy,0,0,0,,,,,8,0
2026-08-19T14:29:10.282Z,1787149750282,FAN_DT_001_F0_S00_R01_20260819T142255,1,375.091,FAULT_ACTIVE,F0,0,FAN_DT_001,3.0,process-model-3.0.0-build3,4305,1,LIVE,SYNCHRONISED,AUTOMATIC,NORMAL,65,1950,1950,0,145,145,0.3,0.3,25.74594,38.61,1.028,1,0.0254,0,207.97,21.6217,-0.01021,1,0.18,4.91,5.0378,100,HEALTHY,F0,0,0,healthy,0,0,0,,,,,8,0
2026-08-19T14:29:11.304Z,1787149751304,FAN_DT_001_F0_S00_R01_20260819T142255,1,376.113,FAULT_ACTIVE,F0,0,FAN_DT_001,3.0,process-model-3.0.0-build3,4306,1,LIVE,SYNCHRONISED,AUTOMATIC,NORMAL,65,1950,1950,0,145,145,0.3,0.3,25.75236,38.62,1.028,1,0.0254,0,207.97,21.6812,-0.01015,1,0.18,4.882,5.0517,100,HEALTHY,F0,0,0,healthy,0,0,0,,,,,8,0
2026-08-19T14:29:12.334Z,1787149752334,FAN_DT_001_F0_S00_R01_20260819T142255,1,377.143,FAULT_ACTIVE,F0,0,FAN_DT_001,3.0,process-model-3.0.0-build3,4307,1,LIVE,SYNCHRONISED,AUTOMATIC,NORMAL,65,1950,1950,0,145,145,0.3,0.3,25.75834,38.63,1.028,1,0.0254,0,207.97,21.7402,-0.01009,1,0.18,4.85,5.0655,100,HEALTHY,F0,0,0,healthy,0,0,0,,,,,8,0
2026-08-19T14:29:13.356Z,1787149753356,FAN_DT_001_F0_S00_R01_20260819T142255,1,378.165,FAULT_ACTIVE,F0,0,FAN_DT_001,3.0,process-model-3.0.0-build3,4308,1,LIVE,SYNCHRONISED,AUTOMATIC,NORMAL,65,1950,1950,0,145,145,0.3,0.3,25.76395,38.64,1.028,1,0.0254,0,207.97,21.7994,-0.01002,1,0.18,4.819,5.0793,100,HEALTHY,F0,0,0,healthy,0,0,0,,,,,8,0
2026-08-19T14:29:14.382Z,1787149754382,FAN_DT_001_F0_S00_R01_20260819T142255,1,379.192,FAULT_ACTIVE,F0,0,FAN_DT_001,3.0,process-model-3.0.0-build3,4309,1,LIVE,SYNCHRONISED,AUTOMATIC,NORMAL,65,1950,1950,0,145,145,0.3,0.3,25.76915,38.65,1.028,1,0.0254,0,207.97,21.8586,-0.00991,1,0.18,4.766,5.093,100,HEALTHY,F0,0,0,healthy,0,0,0,,,,,8,0
2026-08-19T14:29:15.411Z,1787149755411,FAN_DT_001_F0_S00_R01_20260819T142255,1,380.221,FAULT_ACTIVE,F0,0,FAN_DT_001,3.0,process-model-3.0.0-build3,4310,1,LIVE,SYNCHRONISED,AUTOMATIC,NORMAL,65,1950,1950,0,145,145,0.3,0.3,25.77397,38.66,1.028,1,0.0254,0,207.97,21.9178,-0.00984,1,0.18,4.731,5.1069,100,HEALTHY,F0,0,0,healthy,0,0,0,,,,,8,0
2026-08-19T14:29:16.435Z,1787149756435,FAN_DT_001_F0_S00_R01_20260819T142255,1,381.244,FAULT_ACTIVE,F0,0,FAN_DT_001,3.0,process-model-3.0.0-build3,4311,1,LIVE,SYNCHRONISED,AUTOMATIC,NORMAL,65,1950,1950,0,145,145,0.3,0.3,25.77839,38.67,1.028,1,0.0254,0,207.97,21.9772,-0.00974,1,0.18,4.683,5.1207,100,HEALTHY,F0,0,0,healthy,0,0,0,,,,,8,0
2026-08-19T14:29:17.480Z,1787149757480,FAN_DT_001_F0_S00_R01_20260819T142255,1,382.289,FAULT_ACTIVE,F0,0,FAN_DT_001,3.0,process-model-3.0.0-build3,4312,1,LIVE,SYNCHRONISED,AUTOMATIC,NORMAL,65,1950,1950,0,145,145,0.3,0.3,25.78238,38.68,1.028,1,0.0254,0,207.97,22.0362,-0.00964,1,0.18,4.636,5.1344,100,HEALTHY,F0,0,0,healthy,0,0,0,,,,,8,0
2026-08-19T14:29:18.492Z,1787149758492,FAN_DT_001_F0_S00_R01_20260819T142255,1,383.302,FAULT_ACTIVE,F0,0,FAN_DT_001,3.0,process-model-3.0.0-build3,4313,1,LIVE,SYNCHRONISED,AUTOMATIC,NORMAL,65,1950,1950,0,145,145,0.3,0.3,25.786,38.69,1.028,1,0.0254,0,207.97,22.0957,-0.00955,1,0.18,4.593,5.1483,100,HEALTHY,F0,0,0,healthy,0,0,0,,,,,8,0
2026-08-19T14:29:19.520Z,1787149759520,FAN_DT_001_F0_S00_R01_20260819T142255,1,384.329,FAULT_ACTIVE,F0,0,FAN_DT_001,3.0,process-model-3.0.0-build3,4314,1,LIVE,SYNCHRONISED,AUTOMATIC,NORMAL,65,1950,1950,0,145,145,0.3,0.3,25.78918,38.7,1.028,1,0.0254,0,207.97,22.1548,-0.00942,1,0.18,4.529,5.1621,100,HEALTHY,F0,0,0,healthy,0,0,0,,,,,8,0
2026-08-19T14:29:20.545Z,1787149760545,FAN_DT_001_F0_S00_R01_20260819T142255,1,385.354,FAULT_ACTIVE,F0,0,FAN_DT_001,3.0,process-model-3.0.0-build3,4315,1,LIVE,SYNCHRONISED,AUTOMATIC,NORMAL,65,1950,1950,0,145,145,0.3,0.3,25.79197,38.71,1.028,1,0.0254,0,207.97,22.2142,-0.00933,1,0.18,4.485,5.1759,100,HEALTHY,F0,0,0,healthy,0,0,0,,,,,8,0
2026-08-19T14:29:21.573Z,1787149761573,FAN_DT_001_F0_S00_R01_20260819T142255,1,386.383,FAULT_ACTIVE,F0,0,FAN_DT_001,3.0,process-model-3.0.0-build3,4316,1,LIVE,SYNCHRONISED,AUTOMATIC,NORMAL,65,1950,1950,0,145,145,0.3,0.3,25.79433,38.72,1.028,1,0.0254,0,207.97,22.2732,-0.00919,1,0.18,4.419,5.1897,100,HEALTHY,F0,0,0,healthy,0,0,0,,,,,8,0
2026-08-19T14:29:22.598Z,1787149762598,FAN_DT_001_F0_S00_R01_20260819T142255,1,387.407,FAULT_ACTIVE,F0,0,FAN_DT_001,3.0,process-model-3.0.0-build3,4317,1,LIVE,SYNCHRONISED,AUTOMATIC,NORMAL,65,1950,1950,0,145,145,0.3,0.3,25.7963,38.73,1.028,1,0.0254,0,207.97,22.3327,-0.00908,1,0.18,4.365,5.2035,100,HEALTHY,F0,0,0,healthy,0,0,0,,,,,8,0
2026-08-19T14:29:23.626Z,1787149763626,FAN_DT_001_F0_S00_R01_20260819T142255,1,388.436,FAULT_ACTIVE,F0,0,FAN_DT_001,3.0,process-model-3.0.0-build3,4318,1,LIVE,SYNCHRONISED,AUTOMATIC,NORMAL,65,1950,1950,0,145,145,0.3,0.3,25.79784,38.74,1.028,1,0.0254,0,207.97,22.3917,-0.00895,1,0.18,4.304,5.2173,100,HEALTHY,F0,0,0,healthy,0,0,0,,,,,8,0
2026-08-19T14:29:24.653Z,1787149764653,FAN_DT_001_F0_S00_R01_20260819T142255,1,389.462,FAULT_ACTIVE,F0,0,FAN_DT_001,3.0,process-model-3.0.0-build3,4319,1,LIVE,SYNCHRONISED,AUTOMATIC,NORMAL,65,1950,1950,0,145,145,0.3,0.3,25.79897,38.75,1.028,1,0.0254,0,207.97,22.4511,-0.0088,1,0.18,4.233,5.2311,100,HEALTHY,F0,0,0,healthy,0,0,0,,,,,8,0
2026-08-19T14:29:25.682Z,1787149765682,FAN_DT_001_F0_S00_R01_20260819T142255,1,390.491,FAULT_ACTIVE,F0,0,FAN_DT_001,3.0,process-model-3.0.0-build3,4320,1,LIVE,SYNCHRONISED,AUTOMATIC,NORMAL,65,1950,1950,0,145,145,0.3,0.3,25.79969,38.76,1.028,1,0.0254,0,207.97,22.5102,-0.00867,1,0.18,4.17,5.2449,100,HEALTHY,F0,0,0,healthy,0,0,0,,,,,8,0
2026-08-19T14:29:26.704Z,1787149766704,FAN_DT_001_F0_S00_R01_20260819T142255,1,391.514,FAULT_ACTIVE,F0,0,FAN_DT_001,3.0,process-model-3.0.0-build3,4321,1,LIVE,SYNCHRONISED,AUTOMATIC,NORMAL,65,1950,1950,0,145,145,0.3,0.3,25.79999,38.77,1.028,1,0.0254,0,207.97,22.5696,-0.00855,1,0.18,4.109,5.2587,100,HEALTHY,F0,0,0,healthy,0,0,0,,,,,8,0
2026-08-19T14:29:27.730Z,1787149767730,FAN_DT_001_F0_S00_R01_20260819T142255,1,392.539,FAULT_ACTIVE,F0,0,FAN_DT_001,3.0,process-model-3.0.0-build3,4322,1,LIVE,SYNCHRONISED,AUTOMATIC,NORMAL,65,1950,1950,0,145,145,0.3,0.3,25.79988,38.78,1.028,1,0.0254,0,207.97,22.6286,-0.00839,1,0.18,4.033,5.2725,100,HEALTHY,F0,0,0,healthy,0,0,0,,,,,8,0
2026-08-19T14:29:28.754Z,1787149768754,FAN_DT_001_F0_S00_R01_20260819T142255,1,393.563,FAULT_ACTIVE,F0,0,FAN_DT_001,3.0,process-model-3.0.0-build3,4323,1,LIVE,SYNCHRONISED,AUTOMATIC,NORMAL,65,1950,1950,0,145,145,0.3,0.3,25.79935,38.78,1.028,1,0.0254,0,207.97,22.6877,-0.00823,1,0.18,3.96,5.2862,100,HEALTHY,F0,0,0,healthy,0,0,0,,,,,8,0
2026-08-19T14:29:29.781Z,1787149769781,FAN_DT_001_F0_S00_R01_20260819T142255,1,394.591,FAULT_ACTIVE,F0,0,FAN_DT_001,3.0,process-model-3.0.0-build3,4324,1,LIVE,SYNCHRONISED,AUTOMATIC,NORMAL,65,1950,1950,0,145,145,0.3,0.3,25.79841,38.79,1.028,1,0.0254,0,207.97,22.7467,-0.00809,1,0.18,3.891,5.3,100,HEALTHY,F0,0,0,healthy,0,0,0,,,,,8,0
2026-08-19T14:29:30.807Z,1787149770807,FAN_DT_001_F0_S00_R01_20260819T142255,1,395.618,FAULT_ACTIVE,F0,0,FAN_DT_001,3.0,process-model-3.0.0-build3,4325,1,LIVE,SYNCHRONISED,AUTOMATIC,NORMAL,65,1950,1950,0,145,145,0.3,0.3,25.79705,38.8,1.028,1,0.0254,0,207.97,22.8061,-0.00793,1,0.18,3.814,5.3138,100,HEALTHY,F0,0,0,healthy,0,0,0,,,,,8,0
2026-08-19T14:29:31.836Z,1787149771836,FAN_DT_001_F0_S00_R01_20260819T142255,1,396.645,FAULT_ACTIVE,F0,0,FAN_DT_001,3.0,process-model-3.0.0-build3,4326,1,LIVE,SYNCHRONISED,AUTOMATIC,NORMAL,65,1950,1950,0,145,145,0.3,0.3,25.79528,38.81,1.028,1,0.0254,0,207.97,22.8653,-0.00777,1,0.18,3.738,5.3276,100,HEALTHY,F0,0,0,healthy,0,0,0,,,,,8,0
2026-08-19T14:29:32.862Z,1787149772862,FAN_DT_001_F0_S00_R01_20260819T142255,1,397.671,FAULT_ACTIVE,F0,0,FAN_DT_001,3.0,process-model-3.0.0-build3,4327,1,LIVE,SYNCHRONISED,AUTOMATIC,NORMAL,65,1950,1950,0,145,145,0.3,0.3,25.7931,38.82,1.028,1,0.0254,0,207.97,22.9246,-0.0076,1,0.18,3.654,5.3414,100,HEALTHY,F0,0,0,healthy,0,0,0,,,,,8,0
2026-08-19T14:29:33.906Z,1787149773906,FAN_DT_001_F0_S00_R01_20260819T142255,1,398.715,FAULT_ACTIVE,F0,0,FAN_DT_001,3.0,process-model-3.0.0-build3,4328,1,LIVE,SYNCHRONISED,AUTOMATIC,NORMAL,65,1950,1950,0,145,145,0.3,0.3,25.7905,38.82,1.028,1,0.0254,0,207.97,22.9838,-0.00743,1,0.18,3.572,5.3552,100,HEALTHY,F0,0,0,healthy,0,0,0,,,,,8,0
2026-08-19T14:29:34.918Z,1787149774918,FAN_DT_001_F0_S00_R01_20260819T142255,1,399.732,FAULT_ACTIVE,F0,0,FAN_DT_001,3.0,process-model-3.0.0-build3,4329,1,LIVE,SYNCHRONISED,AUTOMATIC,NORMAL,65,1950,1950,0,145,145,0.3,0.3,25.78749,38.83,1.028,1,0.0254,0,207.97,23.0432,-0.00727,1,0.18,3.494,5.3691,100,HEALTHY,F0,0,0,healthy,0,0,0,,,,,8,0
2026-08-19T14:29:35.945Z,1787149775945,FAN_DT_001_F0_S00_R01_20260819T142255,1,400.755,FAULT_ACTIVE,F0,0,FAN_DT_001,3.0,process-model-3.0.0-build3,4330,1,LIVE,SYNCHRONISED,AUTOMATIC,NORMAL,65,1950,1950,0,145,145,0.3,0.3,25.78408,38.84,1.028,1,0.0254,0,207.97,23.1023,-0.00708,1,0.18,3.404,5.3828,100,HEALTHY,F0,0,0,healthy,0,0,0,,,,,8,0
2026-08-19T14:29:36.972Z,1787149776972,FAN_DT_001_F0_S00_R01_20260819T142255,1,401.781,FAULT_ACTIVE,F0,0,FAN_DT_001,3.0,process-model-3.0.0-build3,4331,1,LIVE,SYNCHRONISED,AUTOMATIC,NORMAL,65,1950,1950,0,145,145,0.3,0.3,25.78024,38.85,1.028,1,0.0254,0,207.97,23.1618,-0.0069,1,0.18,3.319,5.3967,100,HEALTHY,F0,0,0,healthy,0,0,0,,,,,8,0
2026-08-19T14:29:38.009Z,1787149778009,FAN_DT_001_F0_S00_R01_20260819T142255,1,402.818,FAULT_ACTIVE,F0,0,FAN_DT_001,3.0,process-model-3.0.0-build3,4332,1,LIVE,SYNCHRONISED,AUTOMATIC,NORMAL,65,1950,1950,0,145,145,0.3,0.3,25.77603,38.85,1.028,1,0.0254,0,207.97,23.2208,-0.0067,1,0.18,3.221,5.4104,100,HEALTHY,F0,0,0,healthy,0,0,0,,,,,8,0
2026-08-19T14:29:39.024Z,1787149779024,FAN_DT_001_F0_S00_R01_20260819T142255,1,403.833,FAULT_ACTIVE,F0,0,FAN_DT_001,3.0,process-model-3.0.0-build3,4333,1,LIVE,SYNCHRONISED,AUTOMATIC,NORMAL,65,1950,1950,0,145,145,0.3,0.3,25.77139,38.86,1.028,1,0.0254,0,207.97,23.2802,-0.00651,1,0.18,3.13,5.4243,100,HEALTHY,F0,0,0,healthy,0,0,0,,,,,8,0
2026-08-19T14:29:40.053Z,1787149780053,FAN_DT_001_F0_S00_R01_20260819T142255,1,404.862,FAULT_ACTIVE,F0,0,FAN_DT_001,3.0,process-model-3.0.0-build3,4334,1,LIVE,SYNCHRONISED,AUTOMATIC,NORMAL,65,1950,1950,0,145,145,0.3,0.3,25.76638,38.87,1.028,1,0.0254,0,207.97,23.3392,-0.00632,1,0.18,3.038,5.438,100,HEALTHY,F0,0,0,healthy,0,0,0,,,,,8,0
2026-08-19T14:29:41.077Z,1787149781077,FAN_DT_001_F0_S00_R01_20260819T142255,1,405.886,FAULT_ACTIVE,F0,0,FAN_DT_001,3.0,process-model-3.0.0-build3,4335,1,LIVE,SYNCHRONISED,AUTOMATIC,NORMAL,65,1950,1950,0,145,145,0.3,0.3,25.76093,38.87,1.028,1,0.0254,0,207.97,23.3986,-0.00613,1,0.18,2.95,5.4519,100,HEALTHY,F0,0,0,healthy,0,0,0,,,,,8,0
2026-08-19T14:29:42.108Z,1787149782108,FAN_DT_001_F0_S00_R01_20260819T142255,1,406.918,FAULT_ACTIVE,F0,0,FAN_DT_001,3.0,process-model-3.0.0-build3,4336,1,LIVE,SYNCHRONISED,AUTOMATIC,NORMAL,65,1950,1950,0,145,145,0.3,0.3,25.75513,38.88,1.028,1,0.0254,0,207.97,23.4576,-0.00592,1,0.18,2.849,5.4656,100,HEALTHY,F0,0,0,healthy,0,0,0,,,,,8,0
2026-08-19T14:29:43.132Z,1787149783132,FAN_DT_001_F0_S00_R01_20260819T142255,1,407.941,FAULT_ACTIVE,F0,0,FAN_DT_001,3.0,process-model-3.0.0-build3,4337,1,LIVE,SYNCHRONISED,AUTOMATIC,NORMAL,65,1950,1950,0,145,145,0.3,0.3,25.74891,38.88,1.028,1,0.0254,0,207.97,23.5169,-0.00572,1,0.18,2.751,5.4794,100,HEALTHY,F0,0,0,healthy,0,0,0,,,,,8,0
2026-08-19T14:29:44.159Z,1787149784159,FAN_DT_001_F0_S00_R01_20260819T142255,1,408.968,FAULT_ACTIVE,F0,0,FAN_DT_001,3.0,process-model-3.0.0-build3,4338,1,LIVE,SYNCHRONISED,AUTOMATIC,NORMAL,65,1950,1950,0,145,145,0.3,0.3,25.74231,38.89,1.028,1,0.0254,0,207.97,23.5761,-0.00552,1,0.18,2.654,5.4932,100,HEALTHY,F0,0,0,healthy,0,0,0,,,,,8,0
2026-08-19T14:29:45.546Z,1787149785546,FAN_DT_001_F0_S00_R01_20260819T142255,1,410.356,FAULT_ACTIVE,F0,0,FAN_DT_001,3.0,process-model-3.0.0-build3,4339,1,LIVE,SYNCHRONISED,AUTOMATIC,NORMAL,65,1950,1950,0,145,145,0.3,0.3,25.7353,38.9,1.028,1,0.0254,0,207.97,23.6355,-0.00531,1,0.18,2.553,5.5071,100,HEALTHY,F0,0,0,healthy,0,0,0,,,,,8,0
2026-08-19T14:29:46.215Z,1787149786215,FAN_DT_001_F0_S00_R01_20260819T142255,1,411.024,FAULT_ACTIVE,F0,0,FAN_DT_001,3.0,process-model-3.0.0-build3,4340,1,LIVE,SYNCHRONISED,AUTOMATIC,NORMAL,65,1950,1950,0,145,145,0.3,0.3,25.72794,38.9,1.028,1,0.0254,0,207.97,23.6946,-0.00511,1,0.18,2.46,5.5208,100,HEALTHY,F0,0,0,healthy,0,0,0,,,,,8,0
2026-08-19T14:29:47.238Z,1787149787238,FAN_DT_001_F0_S00_R01_20260819T142255,1,412.047,FAULT_ACTIVE,F0,0,FAN_DT_001,3.0,process-model-3.0.0-build3,4341,1,LIVE,SYNCHRONISED,AUTOMATIC,NORMAL,65,1950,1950,0,145,145,0.3,0.3,25.72019,38.91,1.028,1,0.0254,0,207.97,23.7539,-0.0049,1,0.18,2.359,5.5347,100,HEALTHY,F0,0,0,healthy,0,0,0,,,,,8,0
2026-08-19T14:29:48.265Z,1787149788265,FAN_DT_001_F0_S00_R01_20260819T142255,1,413.074,FAULT_ACTIVE,F0,0,FAN_DT_001,3.0,process-model-3.0.0-build3,4342,1,LIVE,SYNCHRONISED,AUTOMATIC,NORMAL,65,1950,1950,0,145,145,0.3,0.3,25.7121,38.91,1.028,1,0.0254,0,207.97,23.8129,-0.00468,1,0.18,2.251,5.5484,100,HEALTHY,F0,0,0,healthy,0,0,0,,,,,8,0
2026-08-19T14:29:49.293Z,1787149789293,FAN_DT_001_F0_S00_R01_20260819T142255,1,414.102,FAULT_ACTIVE,F0,0,FAN_DT_001,3.0,process-model-3.0.0-build3,4343,1,LIVE,SYNCHRONISED,AUTOMATIC,NORMAL,65,1950,1950,0,145,145,0.3,0.3,25.70356,38.92,1.028,1,0.0254,0,207.97,23.8725,-0.00445,1,0.18,2.14,5.5623,100,HEALTHY,F0,0,0,healthy,0,0,0,,,,,8,0
2026-08-19T14:29:50.320Z,1787149790320,FAN_DT_001_F0_S00_R01_20260819T142255,1,415.129,FAULT_ACTIVE,F0,0,FAN_DT_001,3.0,process-model-3.0.0-build3,4344,1,LIVE,SYNCHRONISED,AUTOMATIC,NORMAL,65,1950,1950,0,145,145,0.3,0.3,25.69474,38.92,1.028,1,0.0254,0,207.97,23.9314,-0.00426,1,0.18,2.046,5.576,100,HEALTHY,F0,0,0,healthy,0,0,0,,,,,8,0
2026-08-19T14:29:51.344Z,1787149791344,FAN_DT_001_F0_S00_R01_20260819T142255,1,416.153,FAULT_ACTIVE,F0,0,FAN_DT_001,3.0,process-model-3.0.0-build3,4345,1,LIVE,SYNCHRONISED,AUTOMATIC,NORMAL,65,1950,1950,0,145,145,0.3,0.3,25.6855,38.92,1.028,1,0.0254,0,207.97,23.9908,-0.00403,1,0.18,1.937,5.5899,100,HEALTHY,F0,0,0,healthy,0,0,0,,,,,8,0
2026-08-19T14:29:52.377Z,1787149792377,FAN_DT_001_F0_S00_R01_20260819T142255,1,417.186,FAULT_ACTIVE,F0,0,FAN_DT_001,3.0,process-model-3.0.0-build3,4346,1,LIVE,SYNCHRONISED,AUTOMATIC,NORMAL,65,1950,1950,0,145,145,0.3,0.3,25.67595,38.93,1.028,1,0.0254,0,207.97,24.0499,-0.00379,1,0.18,1.82,5.6036,100,HEALTHY,F0,0,0,healthy,0,0,0,,,,,8,0
2026-08-19T14:29:53.400Z,1787149793400,FAN_DT_001_F0_S00_R01_20260819T142255,1,418.209,FAULT_ACTIVE,F0,0,FAN_DT_001,3.0,process-model-3.0.0-build3,4347,1,LIVE,SYNCHRONISED,AUTOMATIC,NORMAL,65,1950,1950,0,145,145,0.3,0.3,25.66597,38.93,1.028,1,0.0254,0,207.97,24.1094,-0.00357,1,0.18,1.717,5.6175,100,HEALTHY,F0,0,0,healthy,0,0,0,,,,,8,0
2026-08-19T14:29:54.431Z,1787149794431,FAN_DT_001_F0_S00_R01_20260819T142255,1,419.24,FAULT_ACTIVE,F0,0,FAN_DT_001,3.0,process-model-3.0.0-build3,4348,1,LIVE,SYNCHRONISED,AUTOMATIC,NORMAL,65,1950,1950,0,145,145,0.3,0.3,25.65575,38.94,1.028,1,0.0254,0,207.97,24.1684,-0.00334,1,0.18,1.608,5.6312,100,HEALTHY,F0,0,0,healthy,0,0,0,,,,,8,0
2026-08-19T14:29:55.457Z,1787149795457,FAN_DT_001_F0_S00_R01_20260819T142255,1,420.265,FAULT_ACTIVE,F0,0,FAN_DT_001,3.0,process-model-3.0.0-build3,4349,1,LIVE,SYNCHRONISED,AUTOMATIC,NORMAL,65,1950,1950,0,145,145,0.3,0.3,25.64509,38.94,1.028,1,0.0254,0,207.97,24.2279,-0.00309,1,0.18,1.488,5.6451,100,HEALTHY,F0,0,0,healthy,0,0,0,,,,,8,0
2026-08-19T14:29:56.483Z,1787149796483,FAN_DT_001_F0_S00_R01_20260819T142255,1,421.292,FAULT_ACTIVE,F0,0,FAN_DT_001,3.0,process-model-3.0.0-build3,4350,1,LIVE,SYNCHRONISED,AUTOMATIC,NORMAL,65,1950,1950,0,145,145,0.3,0.3,25.63419,38.94,1.028,1,0.0254,0,207.97,24.2868,-0.00286,1,0.18,1.376,5.6588,100,HEALTHY,F0,0,0,healthy,0,0,0,,,,,8,0
2026-08-19T14:29:57.509Z,1787149797509,FAN_DT_001_F0_S00_R01_20260819T142255,1,422.318,FAULT_ACTIVE,F0,0,FAN_DT_001,3.0,process-model-3.0.0-build3,4351,1,LIVE,SYNCHRONISED,AUTOMATIC,NORMAL,65,1950,1950,0,145,145,0.3,0.3,25.62286,38.95,1.028,1,0.0254,0,207.97,24.3464,-0.00264,1,0.18,1.27,5.6727,100,HEALTHY,F0,0,0,healthy,0,0,0,,,,,8,0
2026-08-19T14:29:58.546Z,1787149798546,FAN_DT_001_F0_S00_R01_20260819T142255,1,423.355,FAULT_ACTIVE,F0,0,FAN_DT_001,3.0,process-model-3.0.0-build3,4352,1,LIVE,SYNCHRONISED,AUTOMATIC,NORMAL,65,1950,1950,0,145,145,0.3,0.3,25.61135,38.95,1.028,1,0.0254,0,207.97,24.4051,-0.00242,1,0.18,1.165,5.6864,100,HEALTHY,F0,0,0,healthy,0,0,0,,,,,8,0
2026-08-19T14:29:59.820Z,1787149799820,FAN_DT_001_F0_S00_R01_20260819T142255,1,424.63,FAULT_ACTIVE,F0,0,FAN_DT_001,3.0,process-model-3.0.0-build3,4353,1,LIVE,SYNCHRONISED,AUTOMATIC,NORMAL,65,1950,1950,0,145,145,0.3,0.3,25.59941,38.95,1.028,1,0.0254,0,207.97,24.4645,-0.00217,1,0.18,1.042,5.7002,100,HEALTHY,F0,0,0,healthy,0,0,0,,,,,8,0
2026-08-19T14:30:00.584Z,1787149800584,FAN_DT_001_F0_S00_R01_20260819T142255,1,425.393,FAULT_ACTIVE,F0,0,FAN_DT_001,3.0,process-model-3.0.0-build3,4354,1,LIVE,SYNCHRONISED,AUTOMATIC,NORMAL,65,1950,1950,0,145,145,0.3,0.3,25.58722,38.95,1.028,1,0.0254,0,207.97,24.5236,-0.00194,1,0.18,0.932,5.714,100,HEALTHY,F0,0,0,healthy,0,0,0,,,,,8,0
2026-08-19T14:30:01.608Z,1787149801608,FAN_DT_001_F0_S00_R01_20260819T142255,1,426.417,FAULT_ACTIVE,F0,0,FAN_DT_001,3.0,process-model-3.0.0-build3,4355,1,LIVE,SYNCHRONISED,AUTOMATIC,NORMAL,65,1950,1950,0,145,145,0.3,0.3,25.57466,38.95,1.028,1,0.0254,0,207.97,24.5829,-0.0017,1,0.18,0.82,5.7278,100,HEALTHY,F0,0,0,healthy,0,0,0,,,,,8,0
2026-08-19T14:30:02.639Z,1787149802639,FAN_DT_001_F0_S00_R01_20260819T142255,1,427.448,FAULT_ACTIVE,F0,0,FAN_DT_001,3.0,process-model-3.0.0-build3,4356,1,LIVE,SYNCHRONISED,AUTOMATIC,NORMAL,65,1950,1950,0,145,145,0.3,0.3,25.56185,38.96,1.028,1,0.0254,0,207.97,24.6421,-0.00147,1,0.18,0.708,5.7416,100,HEALTHY,F0,0,0,healthy,0,0,0,,,,,8,0
2026-08-19T14:30:03.665Z,1787149803665,FAN_DT_001_F0_S00_R01_20260819T142255,1,428.474,FAULT_ACTIVE,F0,0,FAN_DT_001,3.0,process-model-3.0.0-build3,4357,1,LIVE,SYNCHRONISED,AUTOMATIC,NORMAL,65,1950,1950,0,145,145,0.3,0.3,25.54869,38.96,1.028,1,0.0254,0,207.97,24.7015,-0.00121,1,0.18,0.584,5.7554,100,HEALTHY,F0,0,0,healthy,0,0,0,,,,,8,0
2026-08-19T14:30:04.694Z,1787149804694,FAN_DT_001_F0_S00_R01_20260819T142255,1,429.504,FAULT_ACTIVE,F0,0,FAN_DT_001,3.0,process-model-3.0.0-build3,4358,1,LIVE,SYNCHRONISED,AUTOMATIC,NORMAL,65,1950,1950,0,145,145,0.3,0.3,25.53531,38.96,1.028,1,0.0254,0,207.97,24.7606,-0.00099,1,0.18,0.477,5.7692,100,HEALTHY,F0,0,0,healthy,0,0,0,,,,,8,0
2026-08-19T14:30:05.719Z,1787149805719,FAN_DT_001_F0_S00_R01_20260819T142255,1,430.528,FAULT_ACTIVE,F0,0,FAN_DT_001,3.0,process-model-3.0.0-build3,4359,1,LIVE,SYNCHRONISED,AUTOMATIC,NORMAL,65,1950,1950,0,145,145,0.3,0.3,25.52158,38.96,1.028,1,0.0254,0,207.97,24.82,-0.00073,1,0.18,0.353,5.7831,100,HEALTHY,F0,0,0,healthy,0,0,0,,,,,8,0
2026-08-19T14:30:06.756Z,1787149806756,FAN_DT_001_F0_S00_R01_20260819T142255,1,431.565,FAULT_ACTIVE,F0,0,FAN_DT_001,3.0,process-model-3.0.0-build3,4360,1,LIVE,SYNCHRONISED,AUTOMATIC,NORMAL,65,1950,1950,0,145,145,0.3,0.3,25.50765,38.96,1.028,1,0.0254,0,207.97,24.8791,-0.00051,1,0.18,0.244,5.7968,100,HEALTHY,F0,0,0,healthy,0,0,0,,,,,8,0
2026-08-19T14:30:07.773Z,1787149807773,FAN_DT_001_F0_S00_R01_20260819T142255,1,432.582,FAULT_ACTIVE,F0,0,FAN_DT_001,3.0,process-model-3.0.0-build3,4361,1,LIVE,SYNCHRONISED,AUTOMATIC,NORMAL,65,1950,1950,0,145,145,0.3,0.3,25.49341,38.96,1.028,1,0.0254,0,207.97,24.9384,-0.00024,1,0.18,0.116,5.8107,100,HEALTHY,F0,0,0,healthy,0,0,0,,,,,8,0
2026-08-19T14:30:08.802Z,1787149808802,FAN_DT_001_F0_S00_R01_20260819T142255,1,433.611,FAULT_ACTIVE,F0,0,FAN_DT_001,3.0,process-model-3.0.0-build3,4362,1,LIVE,SYNCHRONISED,AUTOMATIC,NORMAL,65,1950,1950,0,145,145,0.3,0.3,25.47899,38.96,1.028,1,0.0254,0,207.97,24.9975,0,1,0.18,0,5.8244,100,HEALTHY,F0,0,0,healthy,0,0,0,,,,,8,0
2026-08-19T14:30:09.825Z,1787149809825,FAN_DT_001_F0_S00_R01_20260819T142255,1,434.633,FAULT_ACTIVE,F0,0,FAN_DT_001,3.0,process-model-3.0.0-build3,4363,1,LIVE,SYNCHRONISED,AUTOMATIC,NORMAL,65,1950,1950,0,145,145,0.3,0.3,25.46424,38.96,1.028,1,0.0254,0,207.97,25.0568,0.00024,1,0.18,0.116,5.8382,100,HEALTHY,F0,0,0,healthy,0,0,0,,,,,8,0
2026-08-19T14:30:10.855Z,1787149810855,FAN_DT_001_F0_S00_R01_20260819T142255,1,435.664,FAULT_ACTIVE,F0,0,FAN_DT_001,3.0,process-model-3.0.0-build3,4364,1,LIVE,SYNCHRONISED,AUTOMATIC,NORMAL,65,1950,1950,0,145,145,0.3,0.3,25.4493,38.96,1.028,1,0.0254,0,207.97,25.1159,0.00046,1,0.18,0.222,5.852,100,HEALTHY,F0,0,0,healthy,0,0,0,,,,,8,0
2026-08-19T14:30:11.882Z,1787149811882,FAN_DT_001_F0_S00_R01_20260819T142255,1,436.691,FAULT_ACTIVE,F0,0,FAN_DT_001,3.0,process-model-3.0.0-build3,4365,1,LIVE,SYNCHRONISED,AUTOMATIC,NORMAL,65,1950,1950,0,145,145,0.3,0.3,25.43402,38.96,1.028,1,0.0254,0,207.97,25.1755,0.00073,1,0.18,0.35,5.8659,100,HEALTHY,F0,0,0,healthy,0,0,0,,,,,8,0
2026-08-19T14:30:12.908Z,1787149812908,FAN_DT_001_F0_S00_R01_20260819T142255,1,437.717,FAULT_ACTIVE,F0,0,FAN_DT_001,3.0,process-model-3.0.0-build3,4366,1,LIVE,SYNCHRONISED,AUTOMATIC,NORMAL,65,1950,1950,0,145,145,0.3,0.3,25.41865,38.96,1.028,1,0.0254,0,207.97,25.2345,0.00097,1,0.18,0.465,5.8796,100,HEALTHY,F0,0,0,healthy,0,0,0,,,,,8,0
2026-08-19T14:30:13.934Z,1787149813934,FAN_DT_001_F0_S00_R01_20260819T142255,1,438.744,FAULT_ACTIVE,F0,0,FAN_DT_001,3.0,process-model-3.0.0-build3,4367,1,LIVE,SYNCHRONISED,AUTOMATIC,NORMAL,65,1950,1950,0,145,145,0.3,0.3,25.40299,38.96,1.028,1,0.0254,0,207.97,25.2938,0.00119,1,0.18,0.573,5.8935,100,HEALTHY,F0,0,0,healthy,0,0,0,,,,,8,0
2026-08-19T14:30:14.964Z,1787149814964,FAN_DT_001_F0_S00_R01_20260819T142255,1,439.774,FAULT_ACTIVE,F0,0,FAN_DT_001,3.0,process-model-3.0.0-build3,4368,1,LIVE,SYNCHRONISED,AUTOMATIC,NORMAL,65,1950,1950,0,145,145,0.3,0.3,25.38717,38.96,1.028,1,0.0254,0,207.97,25.3529,0.00144,1,0.18,0.691,5.9072,100,HEALTHY,F0,0,0,healthy,0,0,0,,,,,8,0
2026-08-19T14:30:15.992Z,1787149815992,FAN_DT_001_F0_S00_R01_20260819T142255,1,440.801,FAULT_ACTIVE,F0,0,FAN_DT_001,3.0,process-model-3.0.0-build3,4369,1,LIVE,SYNCHRONISED,AUTOMATIC,NORMAL,65,1950,1950,0,145,145,0.3,0.3,25.37106,38.95,1.028,1,0.0254,0,207.97,25.4124,0.00168,1,0.18,0.807,5.9211,100,HEALTHY,F0,0,0,healthy,0,0,0,,,,,8,0
2026-08-19T14:30:17.020Z,1787149817020,FAN_DT_001_F0_S00_R01_20260819T142255,1,441.83,FAULT_ACTIVE,F0,0,FAN_DT_001,3.0,process-model-3.0.0-build3,4370,1,LIVE,SYNCHRONISED,AUTOMATIC,NORMAL,65,1950,1950,0,145,145,0.3,0.3,25.35487,38.95,1.028,1,0.0254,0,207.97,25.4714,0.00192,1,0.18,0.924,5.9348,100,HEALTHY,F0,0,0,healthy,0,0,0,,,,,8,0
2026-08-19T14:30:18.046Z,1787149818046,FAN_DT_001_F0_S00_R01_20260819T142255,1,442.856,FAULT_ACTIVE,F0,0,FAN_DT_001,3.0,process-model-3.0.0-build3,4371,1,LIVE,SYNCHRONISED,AUTOMATIC,NORMAL,65,1950,1950,0,145,145,0.3,0.3,25.33837,38.95,1.028,1,0.0254,0,207.97,25.5309,0.00215,1,0.18,1.034,5.9487,100,HEALTHY,F0,0,0,healthy,0,0,0,,,,,8,0
2026-08-19T14:30:19.073Z,1787149819073,FAN_DT_001_F0_S00_R01_20260819T142255,1,443.883,FAULT_ACTIVE,F0,0,FAN_DT_001,3.0,process-model-3.0.0-build3,4372,1,LIVE,SYNCHRONISED,AUTOMATIC,NORMAL,65,1950,1950,0,145,145,0.3,0.3,25.32182,38.95,1.028,1,0.0254,0,207.97,25.59,0.00238,1,0.18,1.146,5.9625,100,HEALTHY,F0,0,0,healthy,0,0,0,,,,,8,0
2026-08-19T14:30:20.099Z,1787149820099,FAN_DT_001_F0_S00_R01_20260819T142255,1,444.908,FAULT_ACTIVE,F0,0,FAN_DT_001,3.0,process-model-3.0.0-build3,4373,1,LIVE,SYNCHRONISED,AUTOMATIC,NORMAL,65,1950,1950,0,145,145,0.3,0.3,25.30496,38.94,1.028,1,0.0254,0,207.97,25.6495,0.00263,1,0.18,1.265,5.9763,100,HEALTHY,F0,0,0,healthy,0,0,0,,,,,8,0
2026-08-19T14:30:21.133Z,1787149821133,FAN_DT_001_F0_S00_R01_20260819T142255,1,445.943,FAULT_ACTIVE,F0,0,FAN_DT_001,3.0,process-model-3.0.0-build3,4374,1,LIVE,SYNCHRONISED,AUTOMATIC,NORMAL,65,1950,1950,0,145,145,0.3,0.3,25.2881,38.94,1.028,1,0.0254,0,207.97,25.7085,0.00285,1,0.18,1.372,5.9901,100,HEALTHY,F0,0,0,healthy,0,0,0,,,,,8,0
2026-08-19T14:30:22.160Z,1787149822160,FAN_DT_001_F0_S00_R01_20260819T142255,1,446.969,FAULT_ACTIVE,F0,0,FAN_DT_001,3.0,process-model-3.0.0-build3,4375,1,LIVE,SYNCHRONISED,AUTOMATIC,NORMAL,65,1950,1950,0,145,145,0.3,0.3,25.27095,38.94,1.028,1,0.0254,0,207.97,25.768,0.00308,1,0.18,1.481,6.0039,100,HEALTHY,F0,0,0,healthy,0,0,0,,,,,8,0
2026-08-19T14:30:23.184Z,1787149823184,FAN_DT_001_F0_S00_R01_20260819T142255,1,447.993,FAULT_ACTIVE,F0,0,FAN_DT_001,3.0,process-model-3.0.0-build3,4376,1,LIVE,SYNCHRONISED,AUTOMATIC,NORMAL,65,1950,1950,0,145,145,0.3,0.3,25.25376,38.94,1.028,1,0.0254,0,207.97,25.8271,0.00331,1,0.18,1.591,6.0177,100,HEALTHY,F0,0,0,healthy,0,0,0,,,,,8,0
2026-08-19T14:30:24.238Z,1787149824238,FAN_DT_001_F0_S00_R01_20260819T142255,1,449.047,FAULT_ACTIVE,F0,0,FAN_DT_001,3.0,process-model-3.0.0-build3,4377,1,LIVE,SYNCHRONISED,AUTOMATIC,NORMAL,65,1950,1950,0,145,145,0.3,0.3,25.23635,38.93,1.028,1,0.0254,0,207.97,25.8865,0.00355,1,0.18,1.705,6.0316,100,HEALTHY,F0,0,0,healthy,0,0,0,,,,,8,0
2026-08-19T14:30:25.276Z,1787149825276,FAN_DT_001_F0_S00_R01_20260819T142255,1,450.085,FAULT_ACTIVE,F0,0,FAN_DT_001,3.0,process-model-3.0.0-build3,4378,1,LIVE,SYNCHRONISED,AUTOMATIC,NORMAL,65,1950,1950,0,145,145,0.3,0.3,25.21893,38.93,1.028,1,0.0254,0,207.97,25.9456,0.00379,1,0.18,1.82,6.0453,100,HEALTHY,F0,0,0,healthy,0,0,0,,,,,8,0
2026-08-19T14:30:26.265Z,1787149826265,FAN_DT_001_F0_S00_R01_20260819T142255,1,451.074,FAULT_ACTIVE,F0,0,FAN_DT_001,3.0,process-model-3.0.0-build3,4379,1,LIVE,SYNCHRONISED,AUTOMATIC,NORMAL,65,1950,1950,0,145,145,0.3,0.3,25.2013,38.92,1.028,1,0.0254,0,207.97,26.005,0.00399,1,0.18,1.92,6.0592,100,HEALTHY,F0,0,0,healthy,0,0,0,,,,,8,0
2026-08-19T14:30:27.291Z,1787149827291,FAN_DT_001_F0_S00_R01_20260819T142255,1,452.1,FAULT_ACTIVE,F0,0,FAN_DT_001,3.0,process-model-3.0.0-build3,4380,1,LIVE,SYNCHRONISED,AUTOMATIC,NORMAL,65,1950,1950,0,145,145,0.3,0.3,25.18366,38.92,1.028,1,0.0254,0,207.97,26.064,0.00421,1,0.18,2.023,6.0729,100,HEALTHY,F0,0,0,healthy,0,0,0,,,,,8,0
2026-08-19T14:30:28.325Z,1787149828325,FAN_DT_001_F0_S00_R01_20260819T142255,1,453.134,FAULT_ACTIVE,F0,0,FAN_DT_001,3.0,process-model-3.0.0-build3,4381,1,LIVE,SYNCHRONISED,AUTOMATIC,NORMAL,65,1950,1950,0,145,145,0.3,0.3,25.16588,38.92,1.028,1,0.0254,0,207.97,26.1232,0.00445,1,0.18,2.14,6.0867,100,HEALTHY,F0,0,0,healthy,0,0,0,,,,,8,0
2026-08-19T14:30:29.343Z,1787149829343,FAN_DT_001_F0_S00_R01_20260819T142255,1,454.152,FAULT_ACTIVE,F0,0,FAN_DT_001,3.0,process-model-3.0.0-build3,4382,1,LIVE,SYNCHRONISED,AUTOMATIC,NORMAL,65,1950,1950,0,145,145,0.3,0.3,25.148,38.91,1.028,1,0.0254,0,207.97,26.1825,0.00467,1,0.18,2.245,6.1005,100,HEALTHY,F0,0,0,healthy,0,0,0,,,,,8,0
2026-08-19T14:30:30.375Z,1787149830375,FAN_DT_001_F0_S00_R01_20260819T142255,1,455.185,FAULT_ACTIVE,F0,0,FAN_DT_001,3.0,process-model-3.0.0-build3,4383,1,LIVE,SYNCHRONISED,AUTOMATIC,NORMAL,65,1950,1950,0,145,145,0.3,0.3,25.13,38.91,1.028,1,0.0254,0,207.97,26.2419,0.00488,1,0.18,2.348,6.1144,100,HEALTHY,F0,0,0,healthy,0,0,0,,,,,8,0
2026-08-19T14:30:31.401Z,1787149831401,FAN_DT_001_F0_S00_R01_20260819T142255,1,456.212,FAULT_ACTIVE,F0,0,FAN_DT_001,3.0,process-model-3.0.0-build3,4384,1,LIVE,SYNCHRONISED,AUTOMATIC,NORMAL,65,1950,1950,0,145,145,0.3,0.3,25.11204,38.9,1.028,1,0.0254,0,207.97,26.3009,0.00509,1,0.18,2.446,6.1281,100,HEALTHY,F0,0,0,healthy,0,0,0,,,,,8,0
2026-08-19T14:30:32.424Z,1787149832424,FAN_DT_001_F0_S00_R01_20260819T142255,1,457.233,FAULT_ACTIVE,F0,0,FAN_DT_001,3.0,process-model-3.0.0-build3,4385,1,LIVE,SYNCHRONISED,AUTOMATIC,NORMAL,65,1950,1950,0,145,145,0.3,0.3,25.09396,38.9,1.028,1,0.0254,0,207.97,26.3602,0.00532,1,0.18,2.557,6.1419,100,HEALTHY,F0,0,0,healthy,0,0,0,,,,,8,0
2026-08-19T14:30:33.450Z,1787149833450,FAN_DT_001_F0_S00_R01_20260819T142255,1,458.259,FAULT_ACTIVE,F0,0,FAN_DT_001,3.0,process-model-3.0.0-build3,4386,1,LIVE,SYNCHRONISED,AUTOMATIC,NORMAL,65,1950,1950,0,145,145,0.3,0.3,25.07585,38.89,1.028,1,0.0254,0,207.97,26.4193,0.00551,1,0.18,2.649,6.1557,100,HEALTHY,F0,0,0,healthy,0,0,0,,,,,8,0
2026-08-19T14:30:34.476Z,1787149834476,FAN_DT_001_F0_S00_R01_20260819T142255,1,459.286,FAULT_ACTIVE,F0,0,FAN_DT_001,3.0,process-model-3.0.0-build3,4387,1,LIVE,SYNCHRONISED,AUTOMATIC,NORMAL,65,1950,1950,0,145,145,0.3,0.3,25.05762,38.88,1.028,1,0.0254,0,207.97,26.4788,0.00572,1,0.18,2.751,6.1696,100,HEALTHY,F0,0,0,healthy,0,0,0,,,,,8,0
2026-08-19T14:30:35.507Z,1787149835507,FAN_DT_001_F0_S00_R01_20260819T142255,1,460.316,FAULT_ACTIVE,F0,0,FAN_DT_001,3.0,process-model-3.0.0-build3,4388,1,LIVE,SYNCHRONISED,AUTOMATIC,NORMAL,65,1950,1950,0,145,145,0.3,0.3,25.03949,38.88,1.028,1,0.0254,0,207.97,26.5378,0.00593,1,0.18,2.852,6.1833,100,HEALTHY,F0,0,0,healthy,0,0,0,,,,,8,0
2026-08-19T14:30:36.533Z,1787149836533,FAN_DT_001_F0_S00_R01_20260819T142255,1,461.342,FAULT_ACTIVE,F0,0,FAN_DT_001,3.0,process-model-3.0.0-build3,4389,1,LIVE,SYNCHRONISED,AUTOMATIC,NORMAL,65,1950,1950,0,145,145,0.3,0.3,25.02121,38.87,1.028,1,0.0254,0,207.97,26.5973,0.00612,1,0.18,2.943,6.1972,100,HEALTHY,F0,0,0,healthy,0,0,0,,,,,8,0
2026-08-19T14:30:37.559Z,1787149837559,FAN_DT_001_F0_S00_R01_20260819T142255,1,462.368,FAULT_ACTIVE,F0,0,FAN_DT_001,3.0,process-model-3.0.0-build3,4390,1,LIVE,SYNCHRONISED,AUTOMATIC,NORMAL,65,1950,1950,0,145,145,0.3,0.3,25.00304,38.87,1.028,1,0.0254,0,207.97,26.6563,0.00632,1,0.18,3.038,6.2109,100,HEALTHY,F0,0,0,healthy,0,0,0,,,,,8,0
2026-08-19T14:30:38.586Z,1787149838586,FAN_DT_001_F0_S00_R01_20260819T142255,1,463.395,FAULT_ACTIVE,F0,0,FAN_DT_001,3.0,process-model-3.0.0-build3,4391,1,LIVE,SYNCHRONISED,AUTOMATIC,NORMAL,65,1950,1950,0,145,145,0.3,0.3,24.98475,38.86,1.028,1,0.0254,0,207.97,26.7157,0.00652,1,0.18,3.134,6.2248,100,HEALTHY,F0,0,0,healthy,0,0,0,,,,,8,0
2026-08-19T14:30:39.615Z,1787149839615,FAN_DT_001_F0_S00_R01_20260819T142255,1,464.425,FAULT_ACTIVE,F0,0,FAN_DT_001,3.0,process-model-3.0.0-build3,4392,1,LIVE,SYNCHRONISED,AUTOMATIC,NORMAL,65,1950,1950,0,145,145,0.3,0.3,24.96655,38.85,1.028,1,0.0254,0,207.97,26.7749,0.0067,1,0.18,3.221,6.2385,100,HEALTHY,F0,0,0,healthy,0,0,0,,,,,8,0
2026-08-19T14:30:40.640Z,1787149840640,FAN_DT_001_F0_S00_R01_20260819T142255,1,465.449,FAULT_ACTIVE,F0,0,FAN_DT_001,3.0,process-model-3.0.0-build3,4393,1,LIVE,SYNCHRONISED,AUTOMATIC,NORMAL,65,1950,1950,0,145,145,0.3,0.3,24.94829,38.84,1.028,1,0.0254,0,207.97,26.8343,0.0069,1,0.18,3.316,6.2524,100,HEALTHY,F0,0,0,healthy,0,0,0,,,,,8,0
2026-08-19T14:30:41.668Z,1787149841668,FAN_DT_001_F0_S00_R01_20260819T142255,1,466.477,FAULT_ACTIVE,F0,0,FAN_DT_001,3.0,process-model-3.0.0-build3,4394,1,LIVE,SYNCHRONISED,AUTOMATIC,NORMAL,65,1950,1950,0,145,145,0.3,0.3,24.93019,38.84,1.028,1,0.0254,0,207.97,26.8933,0.00708,1,0.18,3.402,6.2661,100,HEALTHY,F0,0,0,healthy,0,0,0,,,,,8,0
2026-08-19T14:30:42.694Z,1787149842694,FAN_DT_001_F0_S00_R01_20260819T142255,1,467.503,FAULT_ACTIVE,F0,0,FAN_DT_001,3.0,process-model-3.0.0-build3,4395,1,LIVE,SYNCHRONISED,AUTOMATIC,NORMAL,65,1950,1950,0,145,145,0.3,0.3,24.91195,38.83,1.028,1,0.0254,0,207.97,26.9529,0.00724,1,0.18,3.479,6.28,100,HEALTHY,F0,0,0,healthy,0,0,0,,,,,8,0
2026-08-19T14:30:43.720Z,1787149843720,FAN_DT_001_F0_S00_R01_20260819T142255,1,468.529,FAULT_ACTIVE,F0,0,FAN_DT_001,3.0,process-model-3.0.0-build3,4396,1,LIVE,SYNCHRONISED,AUTOMATIC,NORMAL,65,1950,1950,0,145,145,0.3,0.3,24.89402,38.82,1.028,1,0.0254,0,207.97,27.0116,0.00743,1,0.18,3.571,6.2937,100,HEALTHY,F0,0,0,healthy,0,0,0,,,,,8,0
2026-08-19T14:30:44.745Z,1787149844745,FAN_DT_001_F0_S00_R01_20260819T142255,1,469.556,FAULT_ACTIVE,F0,0,FAN_DT_001,3.0,process-model-3.0.0-build3,4397,1,LIVE,SYNCHRONISED,AUTOMATIC,NORMAL,65,1950,1950,0,145,145,0.3,0.3,24.87592,38.81,1.028,1,0.0254,0,207.97,27.071,0.0076,1,0.18,3.654,6.3075,100,HEALTHY,F0,0,0,healthy,0,0,0,,,,,8,0
2026-08-19T14:30:45.793Z,1787149845793,FAN_DT_001_F0_S00_R01_20260819T142255,1,470.602,FAULT_ACTIVE,F0,0,FAN_DT_001,3.0,process-model-3.0.0-build3,4398,1,LIVE,SYNCHRONISED,AUTOMATIC,NORMAL,65,1950,1950,0,145,145,0.3,0.3,24.85799,38.81,1.028,1,0.0254,0,207.97,27.1301,0.00775,1,0.18,3.724,6.3213,100,HEALTHY,F0,0,0,healthy,0,0,0,,,,,8,0
2026-08-19T14:30:46.800Z,1787149846800,FAN_DT_001_F0_S00_R01_20260819T142255,1,471.609,FAULT_ACTIVE,F0,0,FAN_DT_001,3.0,process-model-3.0.0-build3,4399,1,LIVE,SYNCHRONISED,AUTOMATIC,NORMAL,65,1950,1950,0,145,145,0.3,0.3,24.84002,38.8,1.028,1,0.0254,0,207.97,27.1896,0.00793,1,0.18,3.814,6.3352,100,HEALTHY,F0,0,0,healthy,0,0,0,,,,,8,0
2026-08-19T14:30:47.833Z,1787149847833,FAN_DT_001_F0_S00_R01_20260819T142255,1,472.642,FAULT_ACTIVE,F0,0,FAN_DT_001,3.0,process-model-3.0.0-build3,4400,1,LIVE,SYNCHRONISED,AUTOMATIC,NORMAL,65,1950,1950,0,145,145,0.3,0.3,24.82224,38.79,1.028,1,0.0254,0,207.97,27.2487,0.00809,1,0.18,3.891,6.3489,100,HEALTHY,F0,0,0,healthy,0,0,0,,,,,8,0
2026-08-19T14:30:48.855Z,1787149848855,FAN_DT_001_F0_S00_R01_20260819T142255,1,473.664,FAULT_ACTIVE,F0,0,FAN_DT_001,3.0,process-model-3.0.0-build3,4401,1,LIVE,SYNCHRONISED,AUTOMATIC,NORMAL,65,1950,1950,0,145,145,0.3,0.3,24.80454,38.78,1.028,1,0.0254,0,207.97,27.3078,0.00823,1,0.18,3.957,6.3627,100,HEALTHY,F0,0,0,healthy,0,0,0,,,,,8,0
2026-08-19T14:30:49.879Z,1787149849879,FAN_DT_001_F0_S00_R01_20260819T142255,1,474.688,FAULT_ACTIVE,F0,0,FAN_DT_001,3.0,process-model-3.0.0-build3,4402,1,LIVE,SYNCHRONISED,AUTOMATIC,NORMAL,65,1950,1950,0,145,145,0.3,0.3,24.78689,38.77,1.028,1,0.0254,0,207.97,27.3671,0.00837,1,0.18,4.024,6.3765,100,HEALTHY,F0,0,0,healthy,0,0,0,,,,,8,0
2026-08-19T14:30:50.908Z,1787149850908,FAN_DT_001_F0_S00_R01_20260819T142255,1,475.717,FAULT_ACTIVE,F0,0,FAN_DT_001,3.0,process-model-3.0.0-build3,4403,1,LIVE,SYNCHRONISED,AUTOMATIC,NORMAL,65,1950,1950,0,145,145,0.3,0.3,24.76942,38.77,1.028,1,0.0254,0,207.97,27.4262,0.00852,1,0.18,4.098,6.3903,100,HEALTHY,F0,0,0,healthy,0,0,0,,,,,8,0
2026-08-19T14:30:51.946Z,1787149851946,FAN_DT_001_F0_S00_R01_20260819T142255,1,476.755,FAULT_ACTIVE,F0,0,FAN_DT_001,3.0,process-model-3.0.0-build3,4404,1,LIVE,SYNCHRONISED,AUTOMATIC,NORMAL,65,1950,1950,0,145,145,0.3,0.3,24.75195,38.76,1.028,1,0.0254,0,207.97,27.4857,0.00866,1,0.18,4.166,6.4042,100,HEALTHY,F0,0,0,healthy,0,0,0,,,,,8,0
2026-08-19T14:30:52.962Z,1787149852962,FAN_DT_001_F0_S00_R01_20260819T142255,1,477.771,FAULT_ACTIVE,F0,0,FAN_DT_001,3.0,process-model-3.0.0-build3,4405,1,LIVE,SYNCHRONISED,AUTOMATIC,NORMAL,65,1950,1950,0,145,145,0.3,0.3,24.73472,38.75,1.028,1,0.0254,0,207.97,27.5448,0.0088,1,0.18,4.232,6.4179,100,HEALTHY,F0,0,0,healthy,0,0,0,,,,,8,0
2026-08-19T14:30:53.996Z,1787149853996,FAN_DT_001_F0_S00_R01_20260819T142255,1,478.805,FAULT_ACTIVE,F0,0,FAN_DT_001,3.0,process-model-3.0.0-build3,4406,1,LIVE,SYNCHRONISED,AUTOMATIC,NORMAL,65,1950,1950,0,145,145,0.3,0.3,24.71749,38.74,1.028,1,0.0254,0,207.97,27.6044,0.00893,1,0.18,4.294,6.4318,100,HEALTHY,F0,0,0,healthy,0,0,0,,,,,8,0
2026-08-19T14:30:55.018Z,1787149855018,FAN_DT_001_F0_S00_R01_20260819T142255,1,479.827,FAULT_ACTIVE,F0,0,FAN_DT_001,3.0,process-model-3.0.0-build3,4407,1,LIVE,SYNCHRONISED,AUTOMATIC,NORMAL,65,1950,1950,0,145,145,0.3,0.3,24.70058,38.73,1.028,1,0.0254,0,207.97,27.6634,0.00907,1,0.18,4.362,6.4456,100,HEALTHY,F0,0,0,healthy,0,0,0,,,,,8,0
2026-08-19T14:30:56.049Z,1787149856049,FAN_DT_001_F0_S00_R01_20260819T142255,1,480.858,FAULT_ACTIVE,F0,0,FAN_DT_001,3.0,process-model-3.0.0-build3,4408,1,LIVE,SYNCHRONISED,AUTOMATIC,NORMAL,65,1950,1950,0,145,145,0.3,0.3,24.68369,38.72,1.028,1,0.0254,0,207.97,27.7229,0.00919,1,0.18,4.417,6.4594,100,HEALTHY,F0,0,0,healthy,0,0,0,,,,,8,0
2026-08-19T14:30:57.074Z,1787149857074,FAN_DT_001_F0_S00_R01_20260819T142255,1,481.883,FAULT_ACTIVE,F0,0,FAN_DT_001,3.0,process-model-3.0.0-build3,4409,1,LIVE,SYNCHRONISED,AUTOMATIC,NORMAL,65,1950,1950,0,145,145,0.3,0.3,24.66713,38.71,1.028,1,0.0254,0,207.97,27.7817,0.00931,1,0.18,4.477,6.4731,100,HEALTHY,F0,0,0,healthy,0,0,0,,,,,8,0
2026-08-19T14:30:58.095Z,1787149858095,FAN_DT_001_F0_S00_R01_20260819T142255,1,482.904,FAULT_ACTIVE,F0,0,FAN_DT_001,3.0,process-model-3.0.0-build3,4410,1,LIVE,SYNCHRONISED,AUTOMATIC,NORMAL,65,1950,1950,0,145,145,0.3,0.3,24.65054,38.7,1.028,1,0.0254,0,207.97,27.8413,0.00942,1,0.18,4.529,6.487,100,HEALTHY,F0,0,0,healthy,0,0,0,,,,,8,0
2026-08-19T14:30:59.122Z,1787149859122,FAN_DT_001_F0_S00_R01_20260819T142255,1,483.931,FAULT_ACTIVE,F0,0,FAN_DT_001,3.0,process-model-3.0.0-build3,4411,1,LIVE,SYNCHRONISED,AUTOMATIC,NORMAL,65,1950,1950,0,145,145,0.3,0.3,24.63435,38.69,1.028,1,0.0254,0,207.97,27.9002,0.00954,1,0.18,4.586,6.5007,100,HEALTHY,F0,0,0,healthy,0,0,0,,,,,8,0
2026-08-19T14:31:00.166Z,1787149860166,FAN_DT_001_F0_S00_R01_20260819T142255,1,484.976,FAULT_ACTIVE,F0,0,FAN_DT_001,3.0,process-model-3.0.0-build3,4412,1,LIVE,SYNCHRONISED,AUTOMATIC,NORMAL,65,1950,1950,0,145,145,0.3,0.3,24.61822,38.68,1.028,1,0.0254,0,207.97,27.9595,0.00964,1,0.18,4.636,6.5146,100,HEALTHY,F0,0,0,healthy,0,0,0,,,,,8,0
2026-08-19T14:31:01.176Z,1787149861176,FAN_DT_001_F0_S00_R01_20260819T142255,1,485.985,FAULT_ACTIVE,F0,0,FAN_DT_001,3.0,process-model-3.0.0-build3,4413,1,LIVE,SYNCHRONISED,AUTOMATIC,NORMAL,65,1950,1950,0,145,145,0.3,0.3,24.60233,38.67,1.028,1,0.0254,0,207.97,28.0186,0.00974,1,0.18,4.683,6.5283,100,HEALTHY,F0,0,0,healthy,0,0,0,,,,,8,0
2026-08-19T14:31:02.202Z,1787149862202,FAN_DT_001_F0_S00_R01_20260819T142255,1,487.011,FAULT_ACTIVE,F0,0,FAN_DT_001,3.0,process-model-3.0.0-build3,4414,1,LIVE,SYNCHRONISED,AUTOMATIC,NORMAL,65,1950,1950,0,145,145,0.3,0.3,24.58657,38.66,1.028,1,0.0254,0,207.97,28.078,0.00984,1,0.18,4.731,6.5422,100,HEALTHY,F0,0,0,healthy,0,0,0,,,,,8,0
2026-08-19T14:31:03.236Z,1787149863236,FAN_DT_001_F0_S00_R01_20260819T142255,1,488.045,FAULT_ACTIVE,F0,0,FAN_DT_001,3.0,process-model-3.0.0-build3,4415,1,LIVE,SYNCHRONISED,AUTOMATIC,NORMAL,65,1950,1950,0,145,145,0.3,0.3,24.57108,38.65,1.028,1,0.0254,0,207.97,28.1372,0.00991,1,0.18,4.766,6.556,100,HEALTHY,F0,0,0,healthy,0,0,0,,,,,8,0
2026-08-19T14:31:04.257Z,1787149864257,FAN_DT_001_F0_S00_R01_20260819T142255,1,489.066,FAULT_ACTIVE,F0,0,FAN_DT_001,3.0,process-model-3.0.0-build3,4416,1,LIVE,SYNCHRONISED,AUTOMATIC,NORMAL,65,1950,1950,0,145,145,0.3,0.3,24.55579,38.64,1.028,1,0.0254,0,207.97,28.1965,0.00999,1,0.18,4.804,6.5698,100,HEALTHY,F0,0,0,healthy,0,0,0,,,,,8,0
2026-08-19T14:31:05.282Z,1787149865282,FAN_DT_001_F0_S00_R01_20260819T142255,1,490.091,FAULT_ACTIVE,F0,0,FAN_DT_001,3.0,process-model-3.0.0-build3,4417,1,LIVE,SYNCHRONISED,AUTOMATIC,NORMAL,65,1950,1950,0,145,145,0.3,0.3,24.54075,38.63,1.028,1,0.0254,0,207.97,28.2557,0.01009,1,0.18,4.85,6.5836,100,HEALTHY,F0,0,0,healthy,0,0,0,,,,,8,0
2026-08-19T14:31:06.345Z,1787149866345,FAN_DT_001_F0_S00_R01_20260819T142255,1,491.154,FAULT_ACTIVE,F0,0,FAN_DT_001,3.0,process-model-3.0.0-build3,4418,1,LIVE,SYNCHRONISED,AUTOMATIC,NORMAL,65,1950,1950,0,145,145,0.3,0.3,24.52595,38.62,1.028,1,0.0254,0,207.97,28.3149,0.01014,1,0.18,4.877,6.5974,100,HEALTHY,F0,0,0,healthy,0,0,0,,,,,8,0
2026-08-19T14:31:07.341Z,1787149867341,FAN_DT_001_F0_S00_R01_20260819T142255,1,492.152,FAULT_ACTIVE,F0,0,FAN_DT_001,3.0,process-model-3.0.0-build3,4419,1,LIVE,SYNCHRONISED,AUTOMATIC,NORMAL,65,1950,1950,0,145,145,0.3,0.3,24.51132,38.61,1.028,1,0.0254,0,207.97,28.3744,0.01022,1,0.18,4.915,6.6112,100,HEALTHY,F0,0,0,healthy,0,0,0,,,,,8,0
2026-08-19T14:31:08.369Z,1787149868369,FAN_DT_001_F0_S00_R01_20260819T142255,1,493.178,FAULT_ACTIVE,F0,0,FAN_DT_001,3.0,process-model-3.0.0-build3,4420,1,LIVE,SYNCHRONISED,AUTOMATIC,NORMAL,65,1950,1950,0,145,145,0.3,0.3,24.49706,38.6,1.028,1,0.0254,0,207.97,28.4335,0.01028,1,0.18,4.944,6.625,100,HEALTHY,F0,0,0,healthy,0,0,0,,,,,8,0
2026-08-19T14:31:09.397Z,1787149869397,FAN_DT_001_F0_S00_R01_20260819T142255,1,494.206,FAULT_ACTIVE,F0,0,FAN_DT_001,3.0,process-model-3.0.0-build3,4421,1,LIVE,SYNCHRONISED,AUTOMATIC,NORMAL,65,1950,1950,0,145,145,0.3,0.3,24.48297,38.59,1.028,1,0.0254,0,207.97,28.4929,0.01035,1,0.18,4.979,6.6388,100,HEALTHY,F0,0,0,healthy,0,0,0,,,,,8,0
2026-08-19T14:31:10.424Z,1787149870424,FAN_DT_001_F0_S00_R01_20260819T142255,1,495.233,FAULT_ACTIVE,F0,0,FAN_DT_001,3.0,process-model-3.0.0-build3,4422,1,LIVE,SYNCHRONISED,AUTOMATIC,NORMAL,65,1950,1950,0,145,145,0.3,0.3,24.46922,38.58,1.028,1,0.0254,0,207.97,28.552,0.0104,1,0.18,5.003,6.6526,100,HEALTHY,F0,0,0,healthy,0,0,0,,,,,8,0
2026-08-19T14:31:11.448Z,1787149871448,FAN_DT_001_F0_S00_R01_20260819T142255,1,496.258,FAULT_ACTIVE,F0,0,FAN_DT_001,3.0,process-model-3.0.0-build3,4423,1,LIVE,SYNCHRONISED,AUTOMATIC,NORMAL,65,1950,1950,0,145,145,0.3,0.3,24.45569,38.57,1.028,1,0.0254,0,207.97,28.6114,0.01044,1,0.18,5.022,6.6665,100,HEALTHY,F0,0,0,healthy,0,0,0,,,,,8,0
2026-08-19T14:31:12.476Z,1787149872476,FAN_DT_001_F0_S00_R01_20260819T142255,1,497.285,FAULT_ACTIVE,F0,0,FAN_DT_001,3.0,process-model-3.0.0-build3,4424,1,LIVE,SYNCHRONISED,AUTOMATIC,NORMAL,65,1950,1950,0,145,145,0.3,0.3,24.44253,38.56,1.028,1,0.0254,0,207.97,28.6704,0.01049,1,0.18,5.044,6.6802,100,HEALTHY,F0,0,0,healthy,0,0,0,,,,,8,0
2026-08-19T14:31:13.498Z,1787149873498,FAN_DT_001_F0_S00_R01_20260819T142255,1,498.307,FAULT_ACTIVE,F0,0,FAN_DT_001,3.0,process-model-3.0.0-build3,4425,1,LIVE,SYNCHRONISED,AUTOMATIC,NORMAL,65,1950,1950,0,145,145,0.3,0.3,24.42961,38.55,1.028,1,0.0254,0,207.97,28.7296,0.01051,1,0.18,5.052,6.694,100,HEALTHY,F0,0,0,healthy,0,0,0,,,,,8,0
2026-08-19T14:31:14.555Z,1787149874555,FAN_DT_001_F0_S00_R01_20260819T142255,1,499.365,FAULT_ACTIVE,F0,0,FAN_DT_001,3.0,process-model-3.0.0-build3,4426,1,LIVE,SYNCHRONISED,AUTOMATIC,NORMAL,65,1950,1950,0,145,145,0.3,0.3,24.41703,38.53,1.028,1,0.0254,0,207.97,28.7886,0.01055,1,0.18,5.072,6.7077,100,HEALTHY,F0,0,0,healthy,0,0,0,,,,,8,0
2026-08-19T14:31:15.844Z,1787149875844,FAN_DT_001_F0_S00_R01_20260819T142255,1,500.654,FAULT_ACTIVE,F0,0,FAN_DT_001,3.0,process-model-3.0.0-build3,4427,1,LIVE,SYNCHRONISED,AUTOMATIC,NORMAL,65,1950,1950,0,145,145,0.3,0.3,24.40468,38.52,1.028,1,0.0254,0,207.97,28.8479,0.01056,1,0.18,5.077,6.7216,100,HEALTHY,F0,0,0,healthy,0,0,0,,,,,8,0
2026-08-19T14:31:16.582Z,1787149876582,FAN_DT_001_F0_S00_R01_20260819T142255,1,501.392,FAULT_ACTIVE,F0,0,FAN_DT_001,3.0,process-model-3.0.0-build3,4428,1,LIVE,SYNCHRONISED,AUTOMATIC,NORMAL,65,1950,1950,0,145,145,0.3,0.3,24.39265,38.51,1.028,1,0.0254,0,207.97,28.9072,0.01058,1,0.18,5.086,6.7354,100,HEALTHY,F0,0,0,healthy,0,0,0,,,,,8,0
2026-08-19T14:31:17.607Z,1787149877607,FAN_DT_001_F0_S00_R01_20260819T142255,1,502.416,FAULT_ACTIVE,F0,0,FAN_DT_001,3.0,process-model-3.0.0-build3,4429,1,LIVE,SYNCHRONISED,AUTOMATIC,NORMAL,65,1950,1950,0,145,145,0.3,0.3,24.38091,38.5,1.028,1,0.0254,0,207.97,28.9665,0.0106,1,0.18,5.095,6.7492,100,HEALTHY,F0,0,0,healthy,0,0,0,,,,,8,0
2026-08-19T14:31:18.646Z,1787149878646,FAN_DT_001_F0_S00_R01_20260819T142255,1,503.455,FAULT_ACTIVE,F0,0,FAN_DT_001,3.0,process-model-3.0.0-build3,4430,1,LIVE,SYNCHRONISED,AUTOMATIC,NORMAL,65,1950,1950,0,145,145,0.3,0.3,24.36954,38.49,1.028,1,0.0254,0,207.97,29.0257,0.01061,1,0.18,5.1,6.763,100,HEALTHY,F0,0,0,healthy,0,0,0,,,,,8,0
2026-08-19T14:31:19.661Z,1787149879661,FAN_DT_001_F0_S00_R01_20260819T142255,1,504.47,FAULT_ACTIVE,F0,0,FAN_DT_001,3.0,process-model-3.0.0-build3,4431,1,LIVE,SYNCHRONISED,AUTOMATIC,NORMAL,65,1950,1950,0,145,145,0.3,0.3,24.35849,38.48,1.028,1,0.0254,0,207.97,29.0849,0.01063,1,0.18,5.11,6.7768,100,HEALTHY,F0,0,0,healthy,0,0,0,,,,,8,0
2026-08-19T14:31:20.688Z,1787149880688,FAN_DT_001_F0_S00_R01_20260819T142255,1,505.497,FAULT_ACTIVE,F0,0,FAN_DT_001,3.0,process-model-3.0.0-build3,4432,1,LIVE,SYNCHRONISED,AUTOMATIC,NORMAL,65,1950,1950,0,145,145,0.3,0.3,24.34773,38.47,1.028,1,0.0254,0,207.97,29.1443,0.0106,1,0.18,5.097,6.7906,100,HEALTHY,F0,0,0,healthy,0,0,0,,,,,8,0
2026-08-19T14:31:21.716Z,1787149881716,FAN_DT_001_F0_S00_R01_20260819T142255,1,506.525,FAULT_ACTIVE,F0,0,FAN_DT_001,3.0,process-model-3.0.0-build3,4433,1,LIVE,SYNCHRONISED,AUTOMATIC,NORMAL,65,1950,1950,0,145,145,0.3,0.3,24.33737,38.46,1.028,1,0.0254,0,207.97,29.2034,0.0106,1,0.18,5.098,6.8044,100,HEALTHY,F0,0,0,healthy,0,0,0,,,,,8,0
2026-08-19T14:31:22.743Z,1787149882743,FAN_DT_001_F0_S00_R01_20260819T142255,1,507.552,FAULT_ACTIVE,F0,0,FAN_DT_001,3.0,process-model-3.0.0-build3,4434,1,LIVE,SYNCHRONISED,AUTOMATIC,NORMAL,65,1950,1950,0,145,145,0.3,0.3,24.32729,38.45,1.028,1,0.0254,0,207.97,29.2629,0.01058,1,0.18,5.086,6.8183,100,HEALTHY,F0,0,0,healthy,0,0,0,,,,,8,0
2026-08-19T14:31:23.772Z,1787149883772,FAN_DT_001_F0_S00_R01_20260819T142255,1,508.581,FAULT_ACTIVE,F0,0,FAN_DT_001,3.0,process-model-3.0.0-build3,4435,1,LIVE,SYNCHRONISED,AUTOMATIC,NORMAL,65,1950,1950,0,145,145,0.3,0.3,24.31763,38.44,1.028,1,0.0254,0,207.97,29.322,0.01057,1,0.18,5.084,6.832,100,HEALTHY,F0,0,0,healthy,0,0,0,,,,,8,0
2026-08-19T14:31:24.801Z,1787149884801,FAN_DT_001_F0_S00_R01_20260819T142255,1,509.61,FAULT_ACTIVE,F0,0,FAN_DT_001,3.0,process-model-3.0.0-build3,4436,1,LIVE,SYNCHRONISED,AUTOMATIC,NORMAL,65,1950,1950,0,145,145,0.3,0.3,24.30823,38.43,1.028,1,0.0254,0,207.97,29.3816,0.01055,1,0.18,5.072,6.8459,100,HEALTHY,F0,0,0,healthy,0,0,0,,,,,8,0
2026-08-19T14:31:25.845Z,1787149885845,FAN_DT_001_F0_S00_R01_20260819T142255,1,510.653,FAULT_ACTIVE,F0,0,FAN_DT_001,3.0,process-model-3.0.0-build3,4437,1,LIVE,SYNCHRONISED,AUTOMATIC,NORMAL,65,1950,1950,0,145,145,0.3,0.3,24.29927,38.41,1.028,1,0.0254,0,207.97,29.4407,0.01051,1,0.18,5.055,6.8597,100,HEALTHY,F0,0,0,healthy,0,0,0,,,,,8,0
2026-08-19T14:31:26.856Z,1787149886856,FAN_DT_001_F0_S00_R01_20260819T142255,1,511.665,FAULT_ACTIVE,F0,0,FAN_DT_001,3.0,process-model-3.0.0-build3,4438,1,LIVE,SYNCHRONISED,AUTOMATIC,NORMAL,65,1950,1950,0,145,145,0.3,0.3,24.29062,38.4,1.028,1,0.0254,0,207.97,29.5002,0.01049,1,0.18,5.044,6.8735,100,HEALTHY,F0,0,0,healthy,0,0,0,,,,,8,0
2026-08-19T14:31:27.886Z,1787149887886,FAN_DT_001_F0_S00_R01_20260819T142255,1,512.695,FAULT_ACTIVE,F0,0,FAN_DT_001,3.0,process-model-3.0.0-build3,4439,1,LIVE,SYNCHRONISED,AUTOMATIC,NORMAL,65,1950,1950,0,145,145,0.3,0.3,24.28241,38.39,1.028,1,0.0254,0,207.97,29.5592,0.01044,1,0.18,5.022,6.8873,100,HEALTHY,F0,0,0,healthy,0,0,0,,,,,8,0
2026-08-19T14:31:28.908Z,1787149888908,FAN_DT_001_F0_S00_R01_20260819T142255,1,513.717,FAULT_ACTIVE,F0,0,FAN_DT_001,3.0,process-model-3.0.0-build3,4440,1,LIVE,SYNCHRONISED,AUTOMATIC,NORMAL,65,1950,1950,0,145,145,0.3,0.3,24.27453,38.38,1.028,1,0.0254,0,207.97,29.6186,0.0104,1,0.18,5.003,6.9011,100,HEALTHY,F0,0,0,healthy,0,0,0,,,,,8,0
2026-08-19T14:31:29.937Z,1787149889937,FAN_DT_001_F0_S00_R01_20260819T142255,1,514.747,FAULT_ACTIVE,F0,0,FAN_DT_001,3.0,process-model-3.0.0-build3,4441,1,LIVE,SYNCHRONISED,AUTOMATIC,NORMAL,65,1950,1950,0,145,145,0.3,0.3,24.26705,38.37,1.028,1,0.0254,0,207.97,29.6776,0.01033,1,0.18,4.969,6.9149,100,HEALTHY,F0,0,0,healthy,0,0,0,,,,,8,0
2026-08-19T14:31:30.962Z,1787149890962,FAN_DT_001_F0_S00_R01_20260819T142255,1,515.771,FAULT_ACTIVE,F0,0,FAN_DT_001,3.0,process-model-3.0.0-build3,4442,1,LIVE,SYNCHRONISED,AUTOMATIC,NORMAL,65,1950,1950,0,145,145,0.3,0.3,24.25992,38.36,1.028,1,0.0254,0,207.97,29.737,0.01028,1,0.18,4.943,6.9287,100,HEALTHY,F0,0,0,healthy,0,0,0,,,,,8,0
2026-08-19T14:31:31.990Z,1787149891990,FAN_DT_001_F0_S00_R01_20260819T142255,1,516.799,FAULT_ACTIVE,F0,0,FAN_DT_001,3.0,process-model-3.0.0-build3,4443,1,LIVE,SYNCHRONISED,AUTOMATIC,NORMAL,65,1950,1950,0,145,145,0.3,0.3,24.25322,38.35,1.028,1,0.0254,0,207.97,29.796,0.01021,1,0.18,4.911,6.9425,100,HEALTHY,F0,0,0,healthy,0,0,0,,,,,8,0
2026-08-19T14:31:33.047Z,1787149893047,FAN_DT_001_F0_S00_R01_20260819T142255,1,517.857,FAULT_ACTIVE,F0,0,FAN_DT_001,3.0,process-model-3.0.0-build3,4444,1,LIVE,SYNCHRONISED,AUTOMATIC,NORMAL,65,1950,1950,0,145,145,0.3,0.3,24.24685,38.34,1.028,1,0.0254,0,207.97,29.8554,0.01015,1,0.18,4.882,6.9563,100,HEALTHY,F0,0,0,healthy,0,0,0,,,,,8,0
2026-08-19T14:31:34.043Z,1787149894043,FAN_DT_001_F0_S00_R01_20260819T142255,1,518.852,FAULT_ACTIVE,F0,0,FAN_DT_001,3.0,process-model-3.0.0-build3,4445,1,LIVE,SYNCHRONISED,AUTOMATIC,NORMAL,65,1950,1950,0,145,145,0.3,0.3,24.24092,38.33,1.028,1,0.0254,0,207.97,29.9144,0.01006,1,0.18,4.838,6.9701,100,HEALTHY,F0,0,0,healthy,0,0,0,,,,,8,0
2026-08-19T14:31:35.068Z,1787149895068,FAN_DT_001_F0_S00_R01_20260819T142255,1,519.877,FAULT_ACTIVE,F0,0,FAN_DT_001,3.0,process-model-3.0.0-build3,4446,1,LIVE,SYNCHRONISED,AUTOMATIC,NORMAL,65,1950,1950,0,145,145,0.3,0.3,24.23535,38.32,1.028,1,0.0254,0,207.97,29.9739,0.01,1,0.18,4.808,6.9839,100,HEALTHY,F0,0,0,healthy,0,0,0,,,,,8,0
2026-08-19T14:31:36.094Z,1787149896094,FAN_DT_001_F0_S00_R01_20260819T142255,1,520.903,FAULT_ACTIVE,F0,0,FAN_DT_001,3.0,process-model-3.0.0-build3,4447,1,LIVE,SYNCHRONISED,AUTOMATIC,NORMAL,65,1950,1950,0,145,145,0.3,0.3,24.23022,38.31,1.028,1,0.0254,0,207.97,30.0328,0.00992,1,0.18,4.769,6.9976,100,HEALTHY,F0,0,0,healthy,0,0,0,,,,,8,0
2026-08-19T14:31:37.120Z,1787149897120,FAN_DT_001_F0_S00_R01_20260819T142255,1,521.929,FAULT_ACTIVE,F0,0,FAN_DT_001,3.0,process-model-3.0.0-build3,4448,1,LIVE,SYNCHRONISED,AUTOMATIC,NORMAL,65,1950,1950,0,145,145,0.3,0.3,24.22544,38.3,1.028,1,0.0254,0,207.97,30.0922,0.00983,1,0.18,4.725,7.0115,100,HEALTHY,F0,0,0,healthy,0,0,0,,,,,8,0
2026-08-19T14:31:38.154Z,1787149898154,FAN_DT_001_F0_S00_R01_20260819T142255,1,522.963,FAULT_ACTIVE,F0,0,FAN_DT_001,3.0,process-model-3.0.0-build3,4449,1,LIVE,SYNCHRONISED,AUTOMATIC,NORMAL,65,1950,1950,0,145,145,0.3,0.3,24.22108,38.29,1.028,1,0.0254,0,207.97,30.1514,0.00972,1,0.18,4.673,7.0253,100,HEALTHY,F0,0,0,healthy,0,0,0,,,,,8,0
2026-08-19T14:31:39.178Z,1787149899178,FAN_DT_001_F0_S00_R01_20260819T142255,1,523.987,FAULT_ACTIVE,F0,0,FAN_DT_001,3.0,process-model-3.0.0-build3,4450,1,LIVE,SYNCHRONISED,AUTOMATIC,NORMAL,65,1950,1950,0,145,145,0.3,0.3,24.21711,38.28,1.028,1,0.0254,0,207.97,30.2109,0.00962,1,0.18,4.627,7.0391,100,HEALTHY,F0,0,0,healthy,0,0,0,,,,,8,0
2026-08-19T14:31:40.206Z,1787149900206,FAN_DT_001_F0_S00_R01_20260819T142255,1,525.015,FAULT_ACTIVE,F0,0,FAN_DT_001,3.0,process-model-3.0.0-build3,4451,1,LIVE,SYNCHRONISED,AUTOMATIC,NORMAL,65,1950,1950,0,145,145,0.3,0.3,24.21357,38.27,1.028,1,0.0254,0,207.97,30.27,0.00952,1,0.18,4.579,7.0529,100,HEALTHY,F0,0,0,healthy,0,0,0,,,,,8,0
2026-08-19T14:31:41.233Z,1787149901233,FAN_DT_001_F0_S00_R01_20260819T142255,1,526.043,FAULT_ACTIVE,F0,0,FAN_DT_001,3.0,process-model-3.0.0-build3,4452,1,LIVE,SYNCHRONISED,AUTOMATIC,NORMAL,65,1950,1950,0,145,145,0.3,0.3,24.21043,38.26,1.028,1,0.0254,0,207.97,30.3293,0.00942,1,0.18,4.53,7.0667,100,HEALTHY,F0,0,0,healthy,0,0,0,,,,,8,0
2026-08-19T14:31:42.265Z,1787149902265,FAN_DT_001_F0_S00_R01_20260819T142255,1,527.074,FAULT_ACTIVE,F0,0,FAN_DT_001,3.0,process-model-3.0.0-build3,4453,1,LIVE,SYNCHRONISED,AUTOMATIC,NORMAL,65,1950,1950,0,145,145,0.3,0.3,24.2077,38.25,1.028,1,0.0254,0,207.97,30.3885,0.00929,1,0.18,4.469,7.0805,100,HEALTHY,F0,0,0,healthy,0,0,0,,,,,8,0
2026-08-19T14:31:43.284Z,1787149903284,FAN_DT_001_F0_S00_R01_20260819T142255,1,528.093,FAULT_ACTIVE,F0,0,FAN_DT_001,3.0,process-model-3.0.0-build3,4454,1,LIVE,SYNCHRONISED,AUTOMATIC,NORMAL,65,1950,1950,0,145,145,0.3,0.3,24.20537,38.24,1.028,1,0.0254,0,207.97,30.448,0.00917,1,0.18,4.411,7.0944,100,HEALTHY,F0,0,0,healthy,0,0,0,,,,,8,0
2026-08-19T14:31:44.314Z,1787149904314,FAN_DT_001_F0_S00_R01_20260819T142255,1,529.122,FAULT_ACTIVE,F0,0,FAN_DT_001,3.0,process-model-3.0.0-build3,4455,1,LIVE,SYNCHRONISED,AUTOMATIC,NORMAL,65,1950,1950,0,145,145,0.3,0.3,24.20348,38.23,1.028,1,0.0254,0,207.97,30.507,0.00905,1,0.18,4.353,7.1081,100,HEALTHY,F0,0,0,healthy,0,0,0,,,,,8,0
2026-08-19T14:31:45.352Z,1787149905352,FAN_DT_001_F0_S00_R01_20260819T142255,1,530.162,FAULT_ACTIVE,F0,0,FAN_DT_001,3.0,process-model-3.0.0-build3,4456,1,LIVE,SYNCHRONISED,AUTOMATIC,NORMAL,65,1950,1950,0,145,145,0.3,0.3,24.20199,38.22,1.028,1,0.0254,0,207.97,30.5663,0.00893,1,0.18,4.294,7.1219,100,HEALTHY,F0,0,0,healthy,0,0,0,,,,,8,0
2026-08-19T14:31:46.367Z,1787149906367,FAN_DT_001_F0_S00_R01_20260819T142255,1,531.177,FAULT_ACTIVE,F0,0,FAN_DT_001,3.0,process-model-3.0.0-build3,4457,1,LIVE,SYNCHRONISED,AUTOMATIC,NORMAL,65,1950,1950,0,145,145,0.3,0.3,24.20091,38.21,1.028,1,0.0254,0,207.97,30.6253,0.00879,1,0.18,4.226,7.1357,100,HEALTHY,F0,0,0,healthy,0,0,0,,,,,8,0
2026-08-19T14:31:47.394Z,1787149907394,FAN_DT_001_F0_S00_R01_20260819T142255,1,532.203,FAULT_ACTIVE,F0,0,FAN_DT_001,3.0,process-model-3.0.0-build3,4458,1,LIVE,SYNCHRONISED,AUTOMATIC,NORMAL,65,1950,1950,0,145,145,0.3,0.3,24.20025,38.2,1.028,1,0.0254,0,207.97,30.6846,0.00867,1,0.18,4.169,7.1495,100,HEALTHY,F0,0,0,healthy,0,0,0,,,,,8,0
2026-08-19T14:31:48.426Z,1787149908426,FAN_DT_001_F0_S00_R01_20260819T142255,1,533.235,FAULT_ACTIVE,F0,0,FAN_DT_001,3.0,process-model-3.0.0-build3,4459,1,LIVE,SYNCHRONISED,AUTOMATIC,NORMAL,65,1950,1950,0,145,145,0.3,0.3,24.2,38.2,1.028,1,0.0254,0,207.97,30.7439,0.00851,1,0.18,4.091,7.1633,100,HEALTHY,F0,0,0,healthy,0,0,0,,,,,8,0
2026-08-19T14:31:49.448Z,1787149909448,FAN_DT_001_F0_S00_R01_20260819T142255,1,534.257,FAULT_ACTIVE,F0,0,FAN_DT_001,3.0,process-model-3.0.0-build3,4460,1,LIVE,SYNCHRONISED,AUTOMATIC,NORMAL,65,1950,1950,0,145,145,0.3,0.3,24.20017,38.19,1.028,1,0.0254,0,207.97,30.803,0.00839,1,0.18,4.033,7.1771,100,HEALTHY,F0,0,0,healthy,0,0,0,,,,,8,0
2026-08-19T14:31:50.476Z,1787149910476,FAN_DT_001_F0_S00_R01_20260819T142255,1,535.285,FAULT_ACTIVE,F0,0,FAN_DT_001,3.0,process-model-3.0.0-build3,4461,1,LIVE,SYNCHRONISED,AUTOMATIC,NORMAL,65,1950,1950,0,145,145,0.3,0.3,24.20076,38.18,1.028,1,0.0254,0,207.97,30.8626,0.00822,1,0.18,3.953,7.191,100,HEALTHY,F0,0,0,healthy,0,0,0,,,,,8,0
2026-08-19T14:31:51.504Z,1787149911504,FAN_DT_001_F0_S00_R01_20260819T142255,1,536.312,FAULT_ACTIVE,F0,0,FAN_DT_001,3.0,process-model-3.0.0-build3,4462,1,LIVE,SYNCHRONISED,AUTOMATIC,NORMAL,65,1950,1950,0,145,145,0.3,0.3,24.20175,38.17,1.028,1,0.0254,0,207.97,30.9217,0.00808,1,0.18,3.885,7.2048,100,HEALTHY,F0,0,0,healthy,0,0,0,,,,,8,0
2026-08-19T14:31:52.530Z,1787149912530,FAN_DT_001_F0_S00_R01_20260819T142255,1,537.339,FAULT_ACTIVE,F0,0,FAN_DT_001,3.0,process-model-3.0.0-build3,4463,1,LIVE,SYNCHRONISED,AUTOMATIC,NORMAL,65,1950,1950,0,145,145,0.3,0.3,24.20317,38.16,1.028,1,0.0254,0,207.97,30.9811,0.00792,1,0.18,3.807,7.2186,100,HEALTHY,F0,0,0,healthy,0,0,0,,,,,8,0
2026-08-19T14:31:53.554Z,1787149913554,FAN_DT_001_F0_S00_R01_20260819T142255,1,538.363,FAULT_ACTIVE,F0,0,FAN_DT_001,3.0,process-model-3.0.0-build3,4464,1,LIVE,SYNCHRONISED,AUTOMATIC,NORMAL,65,1950,1950,0,145,145,0.3,0.3,24.20499,38.15,1.028,1,0.0254,0,207.97,31.0402,0.00775,1,0.18,3.727,7.2324,100,HEALTHY,F0,0,0,healthy,0,0,0,,,,,8,0
2026-08-19T14:31:54.585Z,1787149914585,FAN_DT_001_F0_S00_R01_20260819T142255,1,539.394,FAULT_ACTIVE,F0,0,FAN_DT_001,3.0,process-model-3.0.0-build3,4465,1,LIVE,SYNCHRONISED,AUTOMATIC,NORMAL,65,1950,1950,0,145,145,0.3,0.3,24.20723,38.15,1.028,1,0.0254,0,207.97,31.0994,0.00757,1,0.18,3.641,7.2462,100,HEALTHY,F0,0,0,healthy,0,0,0,,,,,8,0
2026-08-19T14:31:55.630Z,1787149915630,FAN_DT_001_F0_S00_R01_20260819T142255,1,540.44,RECOVERY,F0,0,FAN_DT_001,3.0,process-model-3.0.0-build3,4466,1,LIVE,SYNCHRONISED,AUTOMATIC,NORMAL,65,1950,1950,0,145,145,0.3,0.3,24.2099,38.14,1.028,1,0.0254,0,207.97,31.1589,0.00742,1,0.18,3.566,7.26,100,HEALTHY,F0,0,0,healthy,0,0,0,,,,,9,0
2026-08-19T14:31:56.662Z,1787149916662,FAN_DT_001_F0_S00_R01_20260819T142255,1,541.471,RECOVERY,F0,0,FAN_DT_001,3.0,process-model-3.0.0-build3,4467,1,LIVE,SYNCHRONISED,AUTOMATIC,NORMAL,65,1950,1950,0,145,145,0.3,0.3,24.21301,38.13,1.028,1,0.0254,0,207.97,31.2189,0.00722,1,0.18,3.474,7.274,100,HEALTHY,F0,0,0,healthy,0,0,0,,,,,9,0
2026-08-19T14:31:57.685Z,1787149917685,FAN_DT_001_F0_S00_R01_20260819T142255,1,542.494,RECOVERY,F0,0,FAN_DT_001,3.0,process-model-3.0.0-build3,4468,1,LIVE,SYNCHRONISED,AUTOMATIC,NORMAL,65,1950,1950,0,145,145,0.3,0.3,24.21649,38.12,1.028,1,0.0254,0,207.97,31.2783,0.00705,1,0.18,3.392,7.2878,100,HEALTHY,F0,0,0,healthy,0,0,0,,,,,9,0
2026-08-19T14:31:58.709Z,1787149918709,FAN_DT_001_F0_S00_R01_20260819T142255,1,543.519,RECOVERY,F0,0,FAN_DT_001,3.0,process-model-3.0.0-build3,4469,1,LIVE,SYNCHRONISED,AUTOMATIC,NORMAL,65,1950,1950,0,145,145,0.3,0.3,24.22036,38.12,1.028,1,0.0254,0,207.97,31.3373,0.00688,1,0.18,3.307,7.3016,100,HEALTHY,F0,0,0,healthy,0,0,0,,,,,9,0
2026-08-19T14:31:59.746Z,1787149919746,FAN_DT_001_F0_S00_R01_20260819T142255,1,544.556,RECOVERY,F0,0,FAN_DT_001,3.0,process-model-3.0.0-build3,4470,1,LIVE,SYNCHRONISED,AUTOMATIC,NORMAL,65,1950,1950,0,145,145,0.3,0.3,24.22467,38.11,1.028,1,0.0254,0,207.97,31.3968,0.00669,1,0.18,3.217,7.3155,100,HEALTHY,F0,0,0,healthy,0,0,0,,,,,9,0
2026-08-19T14:32:00.765Z,1787149920765,FAN_DT_001_F0_S00_R01_20260819T142255,1,545.575,RECOVERY,F0,0,FAN_DT_001,3.0,process-model-3.0.0-build3,4471,1,LIVE,SYNCHRONISED,AUTOMATIC,NORMAL,65,1950,1950,0,145,145,0.3,0.3,24.22935,38.1,1.028,1,0.0254,0,207.97,31.4559,0.00649,1,0.18,3.123,7.3292,100,HEALTHY,F0,0,0,healthy,0,0,0,,,,,9,0
2026-08-19T14:32:01.795Z,1787149921795,FAN_DT_001_F0_S00_R01_20260819T142255,1,546.604,RECOVERY,F0,0,FAN_DT_001,3.0,process-model-3.0.0-build3,4472,1,LIVE,SYNCHRONISED,AUTOMATIC,NORMAL,65,1950,1950,0,145,145,0.3,0.3,24.23449,38.1,1.028,1,0.0254,0,207.97,31.5156,0.00629,1,0.18,3.024,7.3431,100,HEALTHY,F0,0,0,healthy,0,0,0,,,,,9,0
2026-08-19T14:32:02.823Z,1787149922823,FAN_DT_001_F0_S00_R01_20260819T142255,1,547.632,RECOVERY,F0,0,FAN_DT_001,3.0,process-model-3.0.0-build3,4473,1,LIVE,SYNCHRONISED,AUTOMATIC,NORMAL,65,1950,1950,0,145,145,0.3,0.3,24.23996,38.09,1.028,1,0.0254,0,207.97,31.5746,0.0061,1,0.18,2.935,7.3569,100,HEALTHY,F0,0,0,healthy,0,0,0,,,,,9,0
2026-08-19T14:32:03.873Z,1787149923873,FAN_DT_001_F0_S00_R01_20260819T142255,1,548.682,RECOVERY,F0,0,FAN_DT_001,3.0,process-model-3.0.0-build3,4474,1,LIVE,SYNCHRONISED,AUTOMATIC,NORMAL,65,1950,1950,0,145,145,0.3,0.3,24.24587,38.08,1.028,1,0.0254,0,207.97,31.6341,0.00591,1,0.18,2.844,7.3708,100,HEALTHY,F0,0,0,healthy,0,0,0,,,,,9,0
2026-08-19T14:32:04.879Z,1787149924879,FAN_DT_001_F0_S00_R01_20260819T142255,1,549.688,RECOVERY,F0,0,FAN_DT_001,3.0,process-model-3.0.0-build3,4475,1,LIVE,SYNCHRONISED,AUTOMATIC,NORMAL,65,1950,1950,0,145,145,0.3,0.3,24.25214,38.08,1.028,1,0.0254,0,207.97,31.6932,0.00569,1,0.18,2.737,7.3845,100,HEALTHY,F0,0,0,healthy,0,0,0,,,,,9,0
2026-08-19T14:32:05.906Z,1787149925906,FAN_DT_001_F0_S00_R01_20260819T142255,1,550.715,RECOVERY,F0,0,FAN_DT_001,3.0,process-model-3.0.0-build3,4476,1,LIVE,SYNCHRONISED,AUTOMATIC,NORMAL,65,1950,1950,0,145,145,0.3,0.3,24.25884,38.07,1.028,1,0.0254,0,207.97,31.7528,0.0055,1,0.18,2.647,7.3984,100,HEALTHY,F0,0,0,healthy,0,0,0,,,,,9,0
2026-08-19T14:32:06.948Z,1787149926948,FAN_DT_001_F0_S00_R01_20260819T142255,1,551.757,RECOVERY,F0,0,FAN_DT_001,3.0,process-model-3.0.0-build3,4477,1,LIVE,SYNCHRONISED,AUTOMATIC,NORMAL,65,1950,1950,0,145,145,0.3,0.3,24.26588,38.07,1.028,1,0.0254,0,207.97,31.8119,0.0053,1,0.18,2.548,7.4122,100,HEALTHY,F0,0,0,healthy,0,0,0,,,,,9,0
2026-08-19T14:32:07.963Z,1787149927963,FAN_DT_001_F0_S00_R01_20260819T142255,1,552.774,RECOVERY,F0,0,FAN_DT_001,3.0,process-model-3.0.0-build3,4478,1,LIVE,SYNCHRONISED,AUTOMATIC,NORMAL,65,1950,1950,0,145,145,0.3,0.3,24.27332,38.06,1.028,1,0.0254,0,207.97,31.8712,0.00509,1,0.18,2.446,7.426,100,HEALTHY,F0,0,0,healthy,0,0,0,,,,,9,0
2026-08-19T14:32:08.989Z,1787149928989,FAN_DT_001_F0_S00_R01_20260819T142255,1,553.797,RECOVERY,F0,0,FAN_DT_001,3.0,process-model-3.0.0-build3,4479,1,LIVE,SYNCHRONISED,AUTOMATIC,NORMAL,65,1950,1950,0,145,145,0.3,0.3,24.28115,38.06,1.028,1,0.0254,0,207.97,31.9306,0.00484,1,0.18,2.329,7.4398,100,HEALTHY,F0,0,0,healthy,0,0,0,,,,,9,0
2026-08-19T14:32:10.045Z,1787149930045,FAN_DT_001_F0_S00_R01_20260819T142255,1,554.854,RECOVERY,F0,0,FAN_DT_001,3.0,process-model-3.0.0-build3,4480,1,LIVE,SYNCHRONISED,AUTOMATIC,NORMAL,65,1950,1950,0,145,145,0.3,0.3,24.28931,38.05,1.028,1,0.0254,0,207.97,31.9896,0.00465,1,0.18,2.237,7.4536,100,HEALTHY,F0,0,0,healthy,0,0,0,,,,,9,0
2026-08-19T14:32:11.040Z,1787149931040,FAN_DT_001_F0_S00_R01_20260819T142255,1,555.849,RECOVERY,F0,0,FAN_DT_001,3.0,process-model-3.0.0-build3,4481,1,LIVE,SYNCHRONISED,AUTOMATIC,NORMAL,65,1950,1950,0,145,145,0.3,0.3,24.29788,38.05,1.028,1,0.0254,0,207.97,32.049,0.00442,1,0.18,2.125,7.4674,100,HEALTHY,F0,0,0,healthy,0,0,0,,,,,9,0
2026-08-19T14:32:12.069Z,1787149932069,FAN_DT_001_F0_S00_R01_20260819T142255,1,556.878,RECOVERY,F0,0,FAN_DT_001,3.0,process-model-3.0.0-build3,4482,1,LIVE,SYNCHRONISED,AUTOMATIC,NORMAL,65,1950,1950,0,145,145,0.3,0.3,24.30676,38.04,1.028,1,0.0254,0,207.97,32.108,0.0042,1,0.18,2.018,7.4812,100,HEALTHY,F0,0,0,healthy,0,0,0,,,,,9,0
2026-08-19T14:32:13.094Z,1787149933094,FAN_DT_001_F0_S00_R01_20260819T142255,1,557.902,RECOVERY,F0,0,FAN_DT_001,3.0,process-model-3.0.0-build3,4483,1,LIVE,SYNCHRONISED,AUTOMATIC,NORMAL,65,1950,1950,0,145,145,0.3,0.3,24.31607,38.04,1.028,1,0.0254,0,207.97,32.1674,0.00397,1,0.18,1.907,7.495,100,HEALTHY,F0,0,0,healthy,0,0,0,,,,,9,0
2026-08-19T14:32:14.122Z,1787149934122,FAN_DT_001_F0_S00_R01_20260819T142255,1,558.931,RECOVERY,F0,0,FAN_DT_001,3.0,process-model-3.0.0-build3,4484,1,LIVE,SYNCHRONISED,AUTOMATIC,NORMAL,65,1950,1950,0,145,145,0.3,0.3,24.32567,38.03,1.028,1,0.0254,0,207.97,32.2264,0.00376,1,0.18,1.806,7.5087,100,HEALTHY,F0,0,0,healthy,0,0,0,,,,,9,0
2026-08-19T14:32:15.148Z,1787149935148,FAN_DT_001_F0_S00_R01_20260819T142255,1,559.958,RECOVERY,F0,0,FAN_DT_001,3.0,process-model-3.0.0-build3,4485,1,LIVE,SYNCHRONISED,AUTOMATIC,NORMAL,65,1950,1950,0,145,145,0.3,0.3,24.33569,38.03,1.028,1,0.0254,0,207.97,32.2859,0.00354,1,0.18,1.703,7.5226,100,HEALTHY,F0,0,0,healthy,0,0,0,,,,,9,0
2026-08-19T14:32:16.177Z,1787149936177,FAN_DT_001_F0_S00_R01_20260819T142255,1,560.986,RECOVERY,F0,0,FAN_DT_001,3.0,process-model-3.0.0-build3,4486,1,LIVE,SYNCHRONISED,AUTOMATIC,NORMAL,65,1950,1950,0,145,145,0.3,0.3,24.346,38.03,1.028,1,0.0254,0,207.97,32.345,0.00329,1,0.18,1.582,7.5364,100,HEALTHY,F0,0,0,healthy,0,0,0,,,,,9,0
2026-08-19T14:32:17.203Z,1787149937203,FAN_DT_001_F0_S00_R01_20260819T142255,1,562.012,RECOVERY,F0,0,FAN_DT_001,3.0,process-model-3.0.0-build3,4487,1,LIVE,SYNCHRONISED,AUTOMATIC,NORMAL,65,1950,1950,0,145,145,0.3,0.3,24.3567,38.02,1.028,1,0.0254,0,207.97,32.4044,0.00306,1,0.18,1.47,7.5502,100,HEALTHY,F0,0,0,healthy,0,0,0,,,,,9,0
2026-08-19T14:32:18.234Z,1787149938234,FAN_DT_001_F0_S00_R01_20260819T142255,1,563.043,RECOVERY,F0,0,FAN_DT_001,3.0,process-model-3.0.0-build3,4488,1,LIVE,SYNCHRONISED,AUTOMATIC,NORMAL,65,1950,1950,0,145,145,0.3,0.3,24.36766,38.02,1.028,1,0.0254,0,207.97,32.4634,0.00283,1,0.18,1.361,7.564,100,HEALTHY,F0,0,0,healthy,0,0,0,,,,,9,0
2026-08-19T14:32:19.256Z,1787149939256,FAN_DT_001_F0_S00_R01_20260819T142255,1,564.065,RECOVERY,F0,0,FAN_DT_001,3.0,process-model-3.0.0-build3,4489,1,LIVE,SYNCHRONISED,AUTOMATIC,NORMAL,65,1950,1950,0,145,145,0.3,0.3,24.37903,38.02,1.028,1,0.0254,0,207.97,32.5228,0.00259,1,0.18,1.247,7.5778,100,HEALTHY,F0,0,0,healthy,0,0,0,,,,,9,0
2026-08-19T14:32:20.285Z,1787149940285,FAN_DT_001_F0_S00_R01_20260819T142255,1,565.094,RECOVERY,F0,0,FAN_DT_001,3.0,process-model-3.0.0-build3,4490,1,LIVE,SYNCHRONISED,AUTOMATIC,NORMAL,65,1950,1950,0,145,145,0.3,0.3,24.39064,38.01,1.028,1,0.0254,0,207.97,32.5819,0.00237,1,0.18,1.138,7.5916,100,HEALTHY,F0,0,0,healthy,0,0,0,,,,,9,0
2026-08-19T14:32:21.310Z,1787149941310,FAN_DT_001_F0_S00_R01_20260819T142255,1,566.119,RECOVERY,F0,0,FAN_DT_001,3.0,process-model-3.0.0-build3,4491,1,LIVE,SYNCHRONISED,AUTOMATIC,NORMAL,65,1950,1950,0,145,145,0.3,0.3,24.40267,38.01,1.028,1,0.0254,0,207.97,32.6414,0.00213,1,0.18,1.026,7.6054,100,HEALTHY,F0,0,0,healthy,0,0,0,,,,,9,0
2026-08-19T14:32:22.341Z,1787149942341,FAN_DT_001_F0_S00_R01_20260819T142255,1,567.15,RECOVERY,F0,0,FAN_DT_001,3.0,process-model-3.0.0-build3,4492,1,LIVE,SYNCHRONISED,AUTOMATIC,NORMAL,65,1950,1950,0,145,145,0.3,0.3,24.41489,38.01,1.028,1,0.0254,0,207.97,32.7004,0.00191,1,0.18,0.917,7.6192,100,HEALTHY,F0,0,0,healthy,0,0,0,,,,,9,0
2026-08-19T14:32:23.362Z,1787149943362,FAN_DT_001_F0_S00_R01_20260819T142255,1,568.172,RECOVERY,F0,0,FAN_DT_001,3.0,process-model-3.0.0-build3,4493,1,LIVE,SYNCHRONISED,AUTOMATIC,NORMAL,65,1950,1950,0,145,145,0.3,0.3,24.42751,38.01,1.028,1,0.0254,0,207.97,32.7597,0.00165,1,0.18,0.792,7.633,100,HEALTHY,F0,0,0,healthy,0,0,0,,,,,9,0
2026-08-19T14:32:24.414Z,1787149944414,FAN_DT_001_F0_S00_R01_20260819T142255,1,569.223,RECOVERY,F0,0,FAN_DT_001,3.0,process-model-3.0.0-build3,4494,1,LIVE,SYNCHRONISED,AUTOMATIC,NORMAL,65,1950,1950,0,145,145,0.3,0.3,24.44036,38.01,1.028,1,0.0254,0,207.97,32.8188,0.00143,1,0.18,0.686,7.6468,100,HEALTHY,F0,0,0,healthy,0,0,0,,,,,9,0
2026-08-19T14:32:25.416Z,1787149945416,FAN_DT_001_F0_S00_R01_20260819T142255,1,570.226,RECOVERY,F0,0,FAN_DT_001,3.0,process-model-3.0.0-build3,4495,1,LIVE,SYNCHRONISED,AUTOMATIC,NORMAL,65,1950,1950,0,145,145,0.3,0.3,24.45353,38.01,1.028,1,0.0254,0,207.97,32.8781,0.00118,1,0.18,0.568,7.6606,100,HEALTHY,F0,0,0,healthy,0,0,0,,,,,9,0
2026-08-19T14:32:26.445Z,1787149946445,FAN_DT_001_F0_S00_R01_20260819T142255,1,571.254,RECOVERY,F0,0,FAN_DT_001,3.0,process-model-3.0.0-build3,4496,1,LIVE,SYNCHRONISED,AUTOMATIC,NORMAL,65,1950,1950,0,145,145,0.3,0.3,24.46697,38,1.028,1,0.0254,0,207.97,32.9373,0.00093,1,0.18,0.445,7.6744,100,HEALTHY,F0,0,0,healthy,0,0,0,,,,,9,0
2026-08-19T14:32:27.474Z,1787149947474,FAN_DT_001_F0_S00_R01_20260819T142255,1,572.283,RECOVERY,F0,0,FAN_DT_001,3.0,process-model-3.0.0-build3,4497,1,LIVE,SYNCHRONISED,AUTOMATIC,NORMAL,65,1950,1950,0,145,145,0.3,0.3,24.4807,38,1.028,1,0.0254,0,207.97,32.9965,0.0007,1,0.18,0.335,7.6882,100,HEALTHY,F0,0,0,healthy,0,0,0,,,,,9,0
2026-08-19T14:32:28.497Z,1787149948497,FAN_DT_001_F0_S00_R01_20260819T142255,1,573.306,RECOVERY,F0,0,FAN_DT_001,3.0,process-model-3.0.0-build3,4498,1,LIVE,SYNCHRONISED,AUTOMATIC,NORMAL,65,1950,1950,0,145,145,0.3,0.3,24.49473,38,1.028,1,0.0254,0,207.97,33.0559,0.00044,1,0.18,0.213,7.702,100,HEALTHY,F0,0,0,healthy,0,0,0,,,,,9,0
2026-08-19T14:32:29.549Z,1787149949549,FAN_DT_001_F0_S00_R01_20260819T142255,1,574.358,RECOVERY,F0,0,FAN_DT_001,3.0,process-model-3.0.0-build3,4499,1,LIVE,SYNCHRONISED,AUTOMATIC,NORMAL,65,1950,1950,0,145,145,0.3,0.3,24.50898,38,1.028,1,0.0254,0,207.97,33.115,0.0002,1,0.18,0.099,7.7158,100,HEALTHY,F0,0,0,healthy,0,0,0,,,,,9,0
2026-08-19T14:32:30.557Z,1787149950557,FAN_DT_001_F0_S00_R01_20260819T142255,1,575.367,RECOVERY,F0,0,FAN_DT_001,3.0,process-model-3.0.0-build3,4500,1,LIVE,SYNCHRONISED,AUTOMATIC,NORMAL,65,1950,1950,0,145,145,0.3,0.3,24.52356,38,1.028,1,0.0254,0,207.97,33.1745,-0.00003,1,0.18,0.014,7.7297,100,HEALTHY,F0,0,0,healthy,0,0,0,,,,,9,0
2026-08-19T14:32:31.581Z,1787149951581,FAN_DT_001_F0_S00_R01_20260819T142255,1,576.39,RECOVERY,F0,0,FAN_DT_001,3.0,process-model-3.0.0-build3,4501,1,LIVE,SYNCHRONISED,AUTOMATIC,NORMAL,65,1950,1950,0,145,145,0.3,0.3,24.53829,38,1.028,1,0.0254,0,207.97,33.2336,-0.00026,1,0.18,0.125,7.7434,100,HEALTHY,F0,0,0,healthy,0,0,0,,,,,9,0
2026-08-19T14:32:32.612Z,1787149952612,FAN_DT_001_F0_S00_R01_20260819T142255,1,577.421,RECOVERY,F0,0,FAN_DT_001,3.0,process-model-3.0.0-build3,4502,1,LIVE,SYNCHRONISED,AUTOMATIC,NORMAL,65,1950,1950,0,145,145,0.3,0.3,24.55332,38,1.028,1,0.0254,0,207.97,33.293,-0.00051,1,0.18,0.246,7.7573,100,HEALTHY,F0,0,0,healthy,0,0,0,,,,,9,0
2026-08-19T14:32:33.657Z,1787149953657,FAN_DT_001_F0_S00_R01_20260819T142255,1,578.466,RECOVERY,F0,0,FAN_DT_001,3.0,process-model-3.0.0-build3,4503,1,LIVE,SYNCHRONISED,AUTOMATIC,NORMAL,65,1950,1950,0,145,145,0.3,0.3,24.56858,38,1.028,1,0.0254,0,207.97,33.3523,-0.00075,1,0.18,0.361,7.7711,100,HEALTHY,F0,0,0,healthy,0,0,0,,,,,9,0
2026-08-19T14:32:34.665Z,1787149954665,FAN_DT_001_F0_S00_R01_20260819T142255,1,579.474,RECOVERY,F0,0,FAN_DT_001,3.0,process-model-3.0.0-build3,4504,1,LIVE,SYNCHRONISED,AUTOMATIC,NORMAL,65,1950,1950,0,145,145,0.3,0.3,24.58399,38.01,1.028,1,0.0254,0,207.97,33.4113,-0.00099,1,0.18,0.476,7.7848,100,HEALTHY,F0,0,0,healthy,0,0,0,,,,,9,0
2026-08-19T14:32:35.690Z,1787149955690,FAN_DT_001_F0_S00_R01_20260819T142255,1,580.5,RECOVERY,F0,0,FAN_DT_001,3.0,process-model-3.0.0-build3,4505,1,LIVE,SYNCHRONISED,AUTOMATIC,NORMAL,65,1950,1950,0,145,145,0.3,0.3,24.59971,38.01,1.028,1,0.0254,0,207.97,33.4707,-0.00124,1,0.18,0.597,7.7987,100,HEALTHY,F0,0,0,healthy,0,0,0,,,,,9,0
2026-08-19T14:32:36.716Z,1787149956716,FAN_DT_001_F0_S00_R01_20260819T142255,1,581.528,RECOVERY,F0,0,FAN_DT_001,3.0,process-model-3.0.0-build3,4506,1,LIVE,SYNCHRONISED,AUTOMATIC,NORMAL,65,1950,1950,0,145,145,0.3,0.3,24.61557,38.01,1.028,1,0.0254,0,207.97,33.5299,-0.00147,1,0.18,0.709,7.8125,100,HEALTHY,F0,0,0,healthy,0,0,0,,,,,9,0
2026-08-19T14:32:37.747Z,1787149957747,FAN_DT_001_F0_S00_R01_20260819T142255,1,582.555,RECOVERY,F0,0,FAN_DT_001,3.0,process-model-3.0.0-build3,4507,1,LIVE,SYNCHRONISED,AUTOMATIC,NORMAL,65,1950,1950,0,145,145,0.3,0.3,24.63164,38.01,1.028,1,0.0254,0,207.97,33.589,-0.00171,1,0.18,0.823,7.8262,100,HEALTHY,F0,0,0,healthy,0,0,0,,,,,9,0
2026-08-19T14:32:38.770Z,1787149958770,FAN_DT_001_F0_S00_R01_20260819T142255,1,583.579,RECOVERY,F0,0,FAN_DT_001,3.0,process-model-3.0.0-build3,4508,1,LIVE,SYNCHRONISED,AUTOMATIC,NORMAL,65,1950,1950,0,145,145,0.3,0.3,24.64795,38.01,1.028,1,0.0254,0,207.97,33.6484,-0.00197,1,0.18,0.946,7.8401,100,HEALTHY,F0,0,0,healthy,0,0,0,,,,,9,0
2026-08-19T14:32:39.805Z,1787149959805,FAN_DT_001_F0_S00_R01_20260819T142255,1,584.614,RECOVERY,F0,0,FAN_DT_001,3.0,process-model-3.0.0-build3,4509,1,LIVE,SYNCHRONISED,AUTOMATIC,NORMAL,65,1950,1950,0,145,145,0.3,0.3,24.66439,38.01,1.028,1,0.0254,0,207.97,33.7076,-0.0022,1,0.18,1.056,7.8539,100,HEALTHY,F0,0,0,healthy,0,0,0,,,,,9,0
2026-08-19T14:32:40.823Z,1787149960823,FAN_DT_001_F0_S00_R01_20260819T142255,1,585.632,RECOVERY,F0,0,FAN_DT_001,3.0,process-model-3.0.0-build3,4510,1,LIVE,SYNCHRONISED,AUTOMATIC,NORMAL,65,1950,1950,0,145,145,0.3,0.3,24.68107,38.02,1.028,1,0.0254,0,207.97,33.7669,-0.00242,1,0.18,1.165,7.8677,100,HEALTHY,F0,0,0,healthy,0,0,0,,,,,9,0
2026-08-19T14:32:41.847Z,1787149961847,FAN_DT_001_F0_S00_R01_20260819T142255,1,586.656,RECOVERY,F0,0,FAN_DT_001,3.0,process-model-3.0.0-build3,4511,1,LIVE,SYNCHRONISED,AUTOMATIC,NORMAL,65,1950,1950,0,145,145,0.3,0.3,24.69781,38.02,1.028,1,0.0254,0,207.97,33.826,-0.00266,1,0.18,1.279,7.8815,100,HEALTHY,F0,0,0,healthy,0,0,0,,,,,9,0
2026-08-19T14:32:42.879Z,1787149962879,FAN_DT_001_F0_S00_R01_20260819T142255,1,587.688,RECOVERY,F0,0,FAN_DT_001,3.0,process-model-3.0.0-build3,4512,1,LIVE,SYNCHRONISED,AUTOMATIC,NORMAL,65,1950,1950,0,145,145,0.3,0.3,24.71471,38.02,1.028,1,0.0254,0,207.97,33.885,-0.00289,1,0.18,1.39,7.8952,100,HEALTHY,F0,0,0,healthy,0,0,0,,,,,9,0
2026-08-19T14:32:43.905Z,1787149963905,FAN_DT_001_F0_S00_R01_20260819T142255,1,588.714,RECOVERY,F0,0,FAN_DT_001,3.0,process-model-3.0.0-build3,4513,1,LIVE,SYNCHRONISED,AUTOMATIC,NORMAL,65,1950,1950,0,145,145,0.3,0.3,24.73187,38.02,1.028,1,0.0254,0,207.97,33.9445,-0.00314,1,0.18,1.511,7.9091,100,HEALTHY,F0,0,0,healthy,0,0,0,,,,,9,0
2026-08-19T14:32:44.935Z,1787149964935,FAN_DT_001_F0_S00_R01_20260819T142255,1,589.745,RECOVERY,F0,0,FAN_DT_001,3.0,process-model-3.0.0-build3,4514,1,LIVE,SYNCHRONISED,AUTOMATIC,NORMAL,65,1950,1950,0,145,145,0.3,0.3,24.74909,38.03,1.028,1,0.0254,0,207.97,34.0036,-0.00335,1,0.18,1.612,7.9228,100,HEALTHY,F0,0,0,healthy,0,0,0,,,,,9,0
2026-08-19T14:32:46.131Z,1787149966131,FAN_DT_001_F0_S00_R01_20260819T142255,1,590.953,RECOVERY,F0,0,FAN_DT_001,3.0,process-model-3.0.0-build3,4515,1,LIVE,SYNCHRONISED,AUTOMATIC,NORMAL,65,1950,1950,0,145,145,0.3,0.3,24.7665,38.03,1.028,1,0.0254,0,207.97,34.063,-0.00357,1,0.18,1.718,7.9367,100,HEALTHY,F0,0,0,healthy,0,0,0,,,,,9,0
2026-08-19T14:32:47.364Z,1787149967364,FAN_DT_001_F0_S00_R01_20260819T142255,1,592.175,RECOVERY,F0,0,FAN_DT_001,3.0,process-model-3.0.0-build3,4516,1,LIVE,SYNCHRONISED,AUTOMATIC,NORMAL,65,1950,1950,0,145,145,0.3,0.3,24.78398,38.04,1.028,1,0.0254,0,207.97,34.1222,-0.00381,1,0.18,1.834,7.9505,100,HEALTHY,F0,0,0,healthy,0,0,0,,,,,9,0
2026-08-19T14:32:48.012Z,1787149968012,FAN_DT_001_F0_S00_R01_20260819T142255,1,592.824,RECOVERY,F0,0,FAN_DT_001,3.0,process-model-3.0.0-build3,4517,1,LIVE,SYNCHRONISED,AUTOMATIC,NORMAL,65,1950,1950,0,145,145,0.3,0.3,24.80153,38.04,1.028,1,0.0254,0,207.97,34.1812,-0.00402,1,0.18,1.935,7.9642,100,HEALTHY,F0,0,0,healthy,0,0,0,,,,,9,0
2026-08-19T14:32:49.036Z,1787149969036,FAN_DT_001_F0_S00_R01_20260819T142255,1,593.845,RECOVERY,F0,0,FAN_DT_001,3.0,process-model-3.0.0-build3,4518,1,LIVE,SYNCHRONISED,AUTOMATIC,NORMAL,65,1950,1950,0,145,145,0.3,0.3,24.81927,38.04,1.028,1,0.0254,0,207.97,34.2405,-0.00426,1,0.18,2.051,7.978,100,HEALTHY,F0,0,0,healthy,0,0,0,,,,,9,0
2026-08-19T14:32:50.068Z,1787149970068,FAN_DT_001_F0_S00_R01_20260819T142255,1,594.877,RECOVERY,F0,0,FAN_DT_001,3.0,process-model-3.0.0-build3,4519,1,LIVE,SYNCHRONISED,AUTOMATIC,NORMAL,65,1950,1950,0,145,145,0.3,0.3,24.83706,38.05,1.028,1,0.0254,0,207.97,34.2997,-0.00448,1,0.18,2.156,7.9918,100,HEALTHY,F0,0,0,healthy,0,0,0,,,,,9,0
2026-08-19T14:32:51.097Z,1787149971097,FAN_DT_001_F0_S00_R01_20260819T142255,1,595.906,RECOVERY,F0,0,FAN_DT_001,3.0,process-model-3.0.0-build3,4520,1,LIVE,SYNCHRONISED,AUTOMATIC,NORMAL,65,1950,1950,0,145,145,0.3,0.3,24.85503,38.05,1.028,1,0.0254,0,207.97,34.3592,-0.00469,1,0.18,2.257,8.0057,100,HEALTHY,F0,0,0,healthy,0,0,0,,,,,9,0
2026-08-19T14:32:52.125Z,1787149972125,FAN_DT_001_F0_S00_R01_20260819T142255,1,596.936,RECOVERY,F0,0,FAN_DT_001,3.0,process-model-3.0.0-build3,4521,1,LIVE,SYNCHRONISED,AUTOMATIC,NORMAL,65,1950,1950,0,145,145,0.3,0.3,24.87295,38.06,1.028,1,0.0254,0,207.97,34.4183,-0.00491,1,0.18,2.362,8.0195,100,HEALTHY,F0,0,0,healthy,0,0,0,,,,,9,0
2026-08-19T14:32:53.149Z,1787149973149,FAN_DT_001_F0_S00_R01_20260819T142255,1,597.958,RECOVERY,F0,0,FAN_DT_001,3.0,process-model-3.0.0-build3,4522,1,LIVE,SYNCHRONISED,AUTOMATIC,NORMAL,65,1950,1950,0,145,145,0.3,0.3,24.89101,38.06,1.028,1,0.0254,0,207.97,34.4777,-0.00512,1,0.18,2.46,8.0333,100,HEALTHY,F0,0,0,healthy,0,0,0,,,,,9,0
2026-08-19T14:32:54.203Z,1787149974203,FAN_DT_001_F0_S00_R01_20260819T142255,1,599.014,RECOVERY,F0,0,FAN_DT_001,3.0,process-model-3.0.0-build3,4523,1,LIVE,SYNCHRONISED,AUTOMATIC,NORMAL,65,1950,1950,0,145,145,0.3,0.3,24.90911,38.07,1.028,1,0.0254,0,207.97,34.5369,-0.00535,1,0.18,2.571,8.0471,100,HEALTHY,F0,0,0,healthy,0,0,0,,,,,9,0
