ts_iso,ts_ms,run_id,replicate,experiment_elapsed_s,experiment_phase,selected_fault_code,selected_fault_severity,asset_id,schema_version,model_version,sequence_id,sequence_gap,stream_status,synchronisation_status,control_mode,operating_mode,speed_command_pct,target_rpm,actual_rpm,speed_error_rpm,process_heat_load_w,effective_process_heat_load_w,mechanical_load,effective_mechanical_load,ambient_temperature_c,temperature_c,current_a,current_multiplier,vibration_g,vibration_offset_g,power_w,energy_wh,cooling_rate_c_per_s,cooling_efficiency,thermal_resistance_c_per_w,legacy_thermal_eff_index,co2_g,health_overall,health_status,embedded_fault_code,embedded_fault_class_id,embedded_fault_binary_label,embedded_fault_label,embedded_fault_severity,embedded_fault_active,anomaly,ai_fault_code,ai_fault_label,ai_confidence,ai_severity,accepted_commands,rejected_commands
2026-08-19T15:19:36.878Z,1787152776878,FAN_DT_001_F1_S03_R01_20260819T151936,1,0.34,BASELINE,F1,0.3,FAN_DT_001,3.0,process-model-3.0.0-build3,5493,1,LIVE,SYNCHRONISED,AUTOMATIC,NORMAL,65,1950,1950,0,145,145,0.3,0.3,24.44908,38.01,1.028,1,0.0254,0,207.97,0.0089,0.00126,1,0.18,0.607,0.0021,100,HEALTHY,F0,0,0,healthy,0,0,0,,,,,20,0
2026-08-19T15:19:37.905Z,1787152777905,FAN_DT_001_F1_S03_R01_20260819T151936,1,1.367,BASELINE,F1,0.3,FAN_DT_001,3.0,process-model-3.0.0-build3,5494,1,LIVE,SYNCHRONISED,AUTOMATIC,NORMAL,65,1950,1950,0,145,145,0.3,0.3,24.46191,38.01,1.028,1,0.0254,0,207.97,0.0658,0.00103,1,0.18,0.495,0.0153,100,HEALTHY,F0,0,0,healthy,0,0,0,,,,,20,0
2026-08-19T15:19:38.932Z,1787152778932,FAN_DT_001_F1_S03_R01_20260819T151936,1,2.395,BASELINE,F1,0.3,FAN_DT_001,3.0,process-model-3.0.0-build3,5495,1,LIVE,SYNCHRONISED,AUTOMATIC,NORMAL,65,1950,1950,0,145,145,0.3,0.3,24.47554,38,1.028,1,0.0254,0,207.97,0.1251,0.00078,1,0.18,0.375,0.0291,100,HEALTHY,F0,0,0,healthy,0,0,0,,,,,20,0
2026-08-19T15:19:39.963Z,1787152779963,FAN_DT_001_F1_S03_R01_20260819T151936,1,3.425,BASELINE,F1,0.3,FAN_DT_001,3.0,process-model-3.0.0-build3,5496,1,LIVE,SYNCHRONISED,AUTOMATIC,NORMAL,65,1950,1950,0,145,145,0.3,0.3,24.48944,38,1.028,1,0.0254,0,207.97,0.1843,0.00054,1,0.18,0.258,0.0429,100,HEALTHY,F0,0,0,healthy,0,0,0,,,,,20,0
2026-08-19T15:19:40.991Z,1787152780991,FAN_DT_001_F1_S03_R01_20260819T151936,1,4.453,BASELINE,F1,0.3,FAN_DT_001,3.0,process-model-3.0.0-build3,5497,1,LIVE,SYNCHRONISED,AUTOMATIC,NORMAL,65,1950,1950,0,145,145,0.3,0.3,24.50367,38,1.028,1,0.0254,0,207.97,0.2438,0.0003,1,0.18,0.144,0.0568,100,HEALTHY,F0,0,0,healthy,0,0,0,,,,,20,0
2026-08-19T15:19:42.018Z,1787152782018,FAN_DT_001_F1_S03_R01_20260819T151936,1,5.48,BASELINE,F1,0.3,FAN_DT_001,3.0,process-model-3.0.0-build3,5498,1,LIVE,SYNCHRONISED,AUTOMATIC,NORMAL,65,1950,1950,0,145,145,0.3,0.3,24.51805,38,1.028,1,0.0254,0,207.97,0.3028,0.00006,1,0.18,0.028,0.0706,100,HEALTHY,F0,0,0,healthy,0,0,0,,,,,20,0
2026-08-19T15:19:43.053Z,1787152783053,FAN_DT_001_F1_S03_R01_20260819T151936,1,6.515,BASELINE,F1,0.3,FAN_DT_001,3.0,process-model-3.0.0-build3,5499,1,LIVE,SYNCHRONISED,AUTOMATIC,NORMAL,65,1950,1950,0,145,145,0.3,0.3,24.53276,38,1.028,1,0.0254,0,207.97,0.3622,-0.00018,1,0.18,0.088,0.0844,100,HEALTHY,F0,0,0,healthy,0,0,0,,,,,20,0
2026-08-19T15:19:44.069Z,1787152784069,FAN_DT_001_F1_S03_R01_20260819T151936,1,7.532,BASELINE,F1,0.3,FAN_DT_001,3.0,process-model-3.0.0-build3,5500,1,LIVE,SYNCHRONISED,AUTOMATIC,NORMAL,65,1950,1950,0,145,145,0.3,0.3,24.54765,38,1.028,1,0.0254,0,207.97,0.4214,-0.00041,1,0.18,0.199,0.0982,100,HEALTHY,F0,0,0,healthy,0,0,0,,,,,20,0
2026-08-19T15:19:45.100Z,1787152785100,FAN_DT_001_F1_S03_R01_20260819T151936,1,8.563,BASELINE,F1,0.3,FAN_DT_001,3.0,process-model-3.0.0-build3,5501,1,LIVE,SYNCHRONISED,AUTOMATIC,NORMAL,65,1950,1950,0,145,145,0.3,0.3,24.56278,38,1.028,1,0.0254,0,207.97,0.4805,-0.00067,1,0.18,0.322,0.112,100,HEALTHY,F0,0,0,healthy,0,0,0,,,,,20,0
2026-08-19T15:19:46.126Z,1787152786126,FAN_DT_001_F1_S03_R01_20260819T151936,1,9.589,BASELINE,F1,0.3,FAN_DT_001,3.0,process-model-3.0.0-build3,5502,1,LIVE,SYNCHRONISED,AUTOMATIC,NORMAL,65,1950,1950,0,145,145,0.3,0.3,24.57822,38,1.028,1,0.0254,0,207.97,0.54,-0.00091,1,0.18,0.437,0.1258,100,HEALTHY,F0,0,0,healthy,0,0,0,,,,,20,0
2026-08-19T15:19:47.151Z,1787152787151,FAN_DT_001_F1_S03_R01_20260819T151936,1,10.614,BASELINE,F1,0.3,FAN_DT_001,3.0,process-model-3.0.0-build3,5503,1,LIVE,SYNCHRONISED,AUTOMATIC,NORMAL,65,1950,1950,0,145,145,0.3,0.3,24.59382,38.01,1.028,1,0.0254,0,207.97,0.5992,-0.00115,1,0.18,0.554,0.1396,100,HEALTHY,F0,0,0,healthy,0,0,0,,,,,20,0
2026-08-19T15:19:48.185Z,1787152788185,FAN_DT_001_F1_S03_R01_20260819T151936,1,11.648,BASELINE,F1,0.3,FAN_DT_001,3.0,process-model-3.0.0-build3,5504,1,LIVE,SYNCHRONISED,AUTOMATIC,NORMAL,65,1950,1950,0,145,145,0.3,0.3,24.60961,38.01,1.028,1,0.0254,0,207.97,0.6584,-0.00139,1,0.18,0.667,0.1534,100,HEALTHY,F0,0,0,healthy,0,0,0,,,,,20,0
2026-08-19T15:19:49.211Z,1787152789211,FAN_DT_001_F1_S03_R01_20260819T151936,1,12.674,BASELINE,F1,0.3,FAN_DT_001,3.0,process-model-3.0.0-build3,5505,1,LIVE,SYNCHRONISED,AUTOMATIC,NORMAL,65,1950,1950,0,145,145,0.3,0.3,24.62565,38.01,1.028,1,0.0254,0,207.97,0.7177,-0.00163,1,0.18,0.786,0.1672,100,HEALTHY,F0,0,0,healthy,0,0,0,,,,,20,0
2026-08-19T15:19:50.238Z,1787152790238,FAN_DT_001_F1_S03_R01_20260819T151936,1,13.701,BASELINE,F1,0.3,FAN_DT_001,3.0,process-model-3.0.0-build3,5506,1,LIVE,SYNCHRONISED,AUTOMATIC,NORMAL,65,1950,1950,0,145,145,0.3,0.3,24.64193,38.01,1.028,1,0.0254,0,207.97,0.7772,-0.00188,1,0.18,0.903,0.1811,100,HEALTHY,F0,0,0,healthy,0,0,0,,,,,20,0
2026-08-19T15:19:51.269Z,1787152791269,FAN_DT_001_F1_S03_R01_20260819T151936,1,14.742,BASELINE,F1,0.3,FAN_DT_001,3.0,process-model-3.0.0-build3,5507,1,LIVE,SYNCHRONISED,AUTOMATIC,NORMAL,65,1950,1950,0,145,145,0.3,0.3,24.65829,38.01,1.028,1,0.0254,0,207.97,0.8364,-0.00211,1,0.18,1.015,0.1949,100,HEALTHY,F0,0,0,healthy,0,0,0,,,,,20,0
2026-08-19T15:19:52.293Z,1787152792293,FAN_DT_001_F1_S03_R01_20260819T151936,1,15.755,BASELINE,F1,0.3,FAN_DT_001,3.0,process-model-3.0.0-build3,5508,1,LIVE,SYNCHRONISED,AUTOMATIC,NORMAL,65,1950,1950,0,145,145,0.3,0.3,24.67485,38.02,1.028,1,0.0254,0,207.97,0.8955,-0.00233,1,0.18,1.121,0.2087,100,HEALTHY,F0,0,0,healthy,0,0,0,,,,,20,0
2026-08-19T15:19:53.318Z,1787152793318,FAN_DT_001_F1_S03_R01_20260819T151936,1,16.78,BASELINE,F1,0.3,FAN_DT_001,3.0,process-model-3.0.0-build3,5509,1,LIVE,SYNCHRONISED,AUTOMATIC,NORMAL,65,1950,1950,0,145,145,0.3,0.3,24.69162,38.02,1.028,1,0.0254,0,207.97,0.9549,-0.00258,1,0.18,1.242,0.2225,100,HEALTHY,F0,0,0,healthy,0,0,0,,,,,20,0
2026-08-19T15:19:54.348Z,1787152794348,FAN_DT_001_F1_S03_R01_20260819T151936,1,17.81,BASELINE,F1,0.3,FAN_DT_001,3.0,process-model-3.0.0-build3,5510,1,LIVE,SYNCHRONISED,AUTOMATIC,NORMAL,65,1950,1950,0,145,145,0.3,0.3,24.70849,38.02,1.028,1,0.0254,0,207.97,1.014,-0.0028,1,0.18,1.348,0.2363,100,HEALTHY,F0,0,0,healthy,0,0,0,,,,,20,0
2026-08-19T15:19:55.379Z,1787152795379,FAN_DT_001_F1_S03_R01_20260819T151936,1,18.841,BASELINE,F1,0.3,FAN_DT_001,3.0,process-model-3.0.0-build3,5511,1,LIVE,SYNCHRONISED,AUTOMATIC,NORMAL,65,1950,1950,0,145,145,0.3,0.3,24.72558,38.02,1.028,1,0.0254,0,207.97,1.0734,-0.00305,1,0.18,1.468,0.2501,100,HEALTHY,F0,0,0,healthy,0,0,0,,,,,20,0
2026-08-19T15:19:56.403Z,1787152796403,FAN_DT_001_F1_S03_R01_20260819T151936,1,19.866,BASELINE,F1,0.3,FAN_DT_001,3.0,process-model-3.0.0-build3,5512,1,LIVE,SYNCHRONISED,AUTOMATIC,NORMAL,65,1950,1950,0,145,145,0.3,0.3,24.74282,38.03,1.028,1,0.0254,0,207.97,1.1328,-0.00327,1,0.18,1.572,0.2639,100,HEALTHY,F0,0,0,healthy,0,0,0,,,,,20,0
2026-08-19T15:19:57.434Z,1787152797434,FAN_DT_001_F1_S03_R01_20260819T151936,1,20.898,BASELINE,F1,0.3,FAN_DT_001,3.0,process-model-3.0.0-build3,5513,1,LIVE,SYNCHRONISED,AUTOMATIC,NORMAL,65,1950,1950,0,145,145,0.3,0.3,24.76014,38.03,1.028,1,0.0254,0,207.97,1.192,-0.0035,1,0.18,1.682,0.2777,100,HEALTHY,F0,0,0,healthy,0,0,0,,,,,20,0
2026-08-19T15:19:58.459Z,1787152798459,FAN_DT_001_F1_S03_R01_20260819T151936,1,21.921,BASELINE,F1,0.3,FAN_DT_001,3.0,process-model-3.0.0-build3,5514,1,LIVE,SYNCHRONISED,AUTOMATIC,NORMAL,65,1950,1950,0,145,145,0.3,0.3,24.77755,38.03,1.028,1,0.0254,0,207.97,1.2511,-0.00373,1,0.18,1.792,0.2915,100,HEALTHY,F0,0,0,healthy,0,0,0,,,,,20,0
2026-08-19T15:19:59.486Z,1787152799486,FAN_DT_001_F1_S03_R01_20260819T151936,1,22.948,BASELINE,F1,0.3,FAN_DT_001,3.0,process-model-3.0.0-build3,5515,1,LIVE,SYNCHRONISED,AUTOMATIC,NORMAL,65,1950,1950,0,145,145,0.3,0.3,24.79517,38.04,1.028,1,0.0254,0,207.97,1.3105,-0.00396,1,0.18,1.907,0.3054,100,HEALTHY,F0,0,0,healthy,0,0,0,,,,,20,0
2026-08-19T15:20:00.511Z,1787152800511,FAN_DT_001_F1_S03_R01_20260819T151936,1,23.973,BASELINE,F1,0.3,FAN_DT_001,3.0,process-model-3.0.0-build3,5516,1,LIVE,SYNCHRONISED,AUTOMATIC,NORMAL,65,1950,1950,0,145,145,0.3,0.3,24.81284,38.04,1.028,1,0.0254,0,207.97,1.3697,-0.00419,1,0.18,2.015,0.3192,100,HEALTHY,F0,0,0,healthy,0,0,0,,,,,20,0
2026-08-19T15:20:01.543Z,1787152801543,FAN_DT_001_F1_S03_R01_20260819T151936,1,25.005,BASELINE,F1,0.3,FAN_DT_001,3.0,process-model-3.0.0-build3,5517,1,LIVE,SYNCHRONISED,AUTOMATIC,NORMAL,65,1950,1950,0,145,145,0.3,0.3,24.83058,38.05,1.028,1,0.0254,0,207.97,1.4289,-0.0044,1,0.18,2.114,0.3329,100,HEALTHY,F0,0,0,healthy,0,0,0,,,,,20,0
2026-08-19T15:20:02.568Z,1787152802568,FAN_DT_001_F1_S03_R01_20260819T151936,1,26.029,BASELINE,F1,0.3,FAN_DT_001,3.0,process-model-3.0.0-build3,5518,1,LIVE,SYNCHRONISED,AUTOMATIC,NORMAL,65,1950,1950,0,145,145,0.3,0.3,24.84846,38.05,1.028,1,0.0254,0,207.97,1.4882,-0.00461,1,0.18,2.216,0.3467,100,HEALTHY,F0,0,0,healthy,0,0,0,,,,,20,0
2026-08-19T15:20:03.591Z,1787152803591,FAN_DT_001_F1_S03_R01_20260819T151936,1,27.053,BASELINE,F1,0.3,FAN_DT_001,3.0,process-model-3.0.0-build3,5519,1,LIVE,SYNCHRONISED,AUTOMATIC,NORMAL,65,1950,1950,0,145,145,0.3,0.3,24.86637,38.06,1.028,1,0.0254,0,207.97,1.5473,-0.00483,1,0.18,2.322,0.3605,100,HEALTHY,F0,0,0,healthy,0,0,0,,,,,20,0
2026-08-19T15:20:04.621Z,1787152804621,FAN_DT_001_F1_S03_R01_20260819T151936,1,28.083,BASELINE,F1,0.3,FAN_DT_001,3.0,process-model-3.0.0-build3,5520,1,LIVE,SYNCHRONISED,AUTOMATIC,NORMAL,65,1950,1950,0,145,145,0.3,0.3,24.88435,38.06,1.028,1,0.0254,0,207.97,1.6065,-0.00504,1,0.18,2.423,0.3743,100,HEALTHY,F0,0,0,healthy,0,0,0,,,,,20,0
2026-08-19T15:20:05.659Z,1787152805659,FAN_DT_001_F1_S03_R01_20260819T151936,1,29.121,BASELINE,F1,0.3,FAN_DT_001,3.0,process-model-3.0.0-build3,5521,1,LIVE,SYNCHRONISED,AUTOMATIC,NORMAL,65,1950,1950,0,145,145,0.3,0.3,24.90245,38.07,1.028,1,0.0254,0,207.97,1.6658,-0.00527,1,0.18,2.533,0.3881,100,HEALTHY,F0,0,0,healthy,0,0,0,,,,,20,0
2026-08-19T15:20:06.674Z,1787152806674,FAN_DT_001_F1_S03_R01_20260819T151936,1,30.136,BASELINE,F1,0.3,FAN_DT_001,3.0,process-model-3.0.0-build3,5522,1,LIVE,SYNCHRONISED,AUTOMATIC,NORMAL,65,1950,1950,0,145,145,0.3,0.3,24.92057,38.07,1.028,1,0.0254,0,207.97,1.7251,-0.00546,1,0.18,2.626,0.4019,100,HEALTHY,F0,0,0,healthy,0,0,0,,,,,20,0
2026-08-19T15:20:07.702Z,1787152807702,FAN_DT_001_F1_S03_R01_20260819T151936,1,31.164,BASELINE,F1,0.3,FAN_DT_001,3.0,process-model-3.0.0-build3,5523,1,LIVE,SYNCHRONISED,AUTOMATIC,NORMAL,65,1950,1950,0,145,145,0.3,0.3,24.93868,38.08,1.028,1,0.0254,0,207.97,1.7841,-0.00566,1,0.18,2.723,0.4157,100,HEALTHY,F0,0,0,healthy,0,0,0,,,,,20,0
2026-08-19T15:20:08.730Z,1787152808730,FAN_DT_001_F1_S03_R01_20260819T151936,1,32.192,BASELINE,F1,0.3,FAN_DT_001,3.0,process-model-3.0.0-build3,5524,1,LIVE,SYNCHRONISED,AUTOMATIC,NORMAL,65,1950,1950,0,145,145,0.3,0.3,24.95689,38.08,1.028,1,0.0254,0,207.97,1.8434,-0.00587,1,0.18,2.824,0.4295,100,HEALTHY,F0,0,0,healthy,0,0,0,,,,,20,0
2026-08-19T15:20:09.755Z,1787152809755,FAN_DT_001_F1_S03_R01_20260819T151936,1,33.216,BASELINE,F1,0.3,FAN_DT_001,3.0,process-model-3.0.0-build3,5525,1,LIVE,SYNCHRONISED,AUTOMATIC,NORMAL,65,1950,1950,0,145,145,0.3,0.3,24.9751,38.09,1.028,1,0.0254,0,207.97,1.9027,-0.00607,1,0.18,2.918,0.4433,100,HEALTHY,F0,0,0,healthy,0,0,0,,,,,20,0
2026-08-19T15:20:10.783Z,1787152810783,FAN_DT_001_F1_S03_R01_20260819T151936,1,34.245,BASELINE,F1,0.3,FAN_DT_001,3.0,process-model-3.0.0-build3,5526,1,LIVE,SYNCHRONISED,AUTOMATIC,NORMAL,65,1950,1950,0,145,145,0.3,0.3,24.99331,38.1,1.028,1,0.0254,0,207.97,1.9619,-0.00627,1,0.18,3.013,0.4571,100,HEALTHY,F0,0,0,healthy,0,0,0,,,,,20,0
2026-08-19T15:20:11.807Z,1787152811807,FAN_DT_001_F1_S03_R01_20260819T151936,1,35.268,BASELINE,F1,0.3,FAN_DT_001,3.0,process-model-3.0.0-build3,5527,1,LIVE,SYNCHRONISED,AUTOMATIC,NORMAL,65,1950,1950,0,145,145,0.3,0.3,25.01158,38.1,1.028,1,0.0254,0,207.97,2.0212,-0.00646,1,0.18,3.105,0.4709,100,HEALTHY,F0,0,0,healthy,0,0,0,,,,,20,0
2026-08-19T15:20:12.837Z,1787152812837,FAN_DT_001_F1_S03_R01_20260819T151936,1,36.299,BASELINE,F1,0.3,FAN_DT_001,3.0,process-model-3.0.0-build3,5528,1,LIVE,SYNCHRONISED,AUTOMATIC,NORMAL,65,1950,1950,0,145,145,0.3,0.3,25.02977,38.11,1.028,1,0.0254,0,207.97,2.0804,-0.00665,1,0.18,3.196,0.4847,100,HEALTHY,F0,0,0,healthy,0,0,0,,,,,20,0
2026-08-19T15:20:13.866Z,1787152813866,FAN_DT_001_F1_S03_R01_20260819T151936,1,37.328,BASELINE,F1,0.3,FAN_DT_001,3.0,process-model-3.0.0-build3,5529,1,LIVE,SYNCHRONISED,AUTOMATIC,NORMAL,65,1950,1950,0,145,145,0.3,0.3,25.04803,38.12,1.028,1,0.0254,0,207.97,2.1397,-0.00684,1,0.18,3.29,0.4986,100,HEALTHY,F0,0,0,healthy,0,0,0,,,,,20,0
2026-08-19T15:20:14.891Z,1787152814891,FAN_DT_001_F1_S03_R01_20260819T151936,1,38.353,BASELINE,F1,0.3,FAN_DT_001,3.0,process-model-3.0.0-build3,5530,1,LIVE,SYNCHRONISED,AUTOMATIC,NORMAL,65,1950,1950,0,145,145,0.3,0.3,25.06623,38.12,1.028,1,0.0254,0,207.97,2.1991,-0.00704,1,0.18,3.384,0.5124,100,HEALTHY,F0,0,0,healthy,0,0,0,,,,,20,0
2026-08-19T15:20:15.935Z,1787152815935,FAN_DT_001_F1_S03_R01_20260819T151936,1,39.397,BASELINE,F1,0.3,FAN_DT_001,3.0,process-model-3.0.0-build3,5531,1,LIVE,SYNCHRONISED,AUTOMATIC,NORMAL,65,1950,1950,0,145,145,0.3,0.3,25.08438,38.13,1.028,1,0.0254,0,207.97,2.2583,-0.0072,1,0.18,3.46,0.5262,100,HEALTHY,F0,0,0,healthy,0,0,0,,,,,20,0
2026-08-19T15:20:16.955Z,1787152816955,FAN_DT_001_F1_S03_R01_20260819T151936,1,40.417,BASELINE,F1,0.3,FAN_DT_001,3.0,process-model-3.0.0-build3,5532,1,LIVE,SYNCHRONISED,AUTOMATIC,NORMAL,65,1950,1950,0,145,145,0.3,0.3,25.10254,38.14,1.028,1,0.0254,0,207.97,2.3177,-0.00739,1,0.18,3.553,0.54,100,HEALTHY,F0,0,0,healthy,0,0,0,,,,,20,0
2026-08-19T15:20:17.979Z,1787152817979,FAN_DT_001_F1_S03_R01_20260819T151936,1,41.441,BASELINE,F1,0.3,FAN_DT_001,3.0,process-model-3.0.0-build3,5533,1,LIVE,SYNCHRONISED,AUTOMATIC,NORMAL,65,1950,1950,0,145,145,0.3,0.3,25.12062,38.15,1.028,1,0.0254,0,207.97,2.3771,-0.00757,1,0.18,3.64,0.5539,100,HEALTHY,F0,0,0,healthy,0,0,0,,,,,20,0
2026-08-19T15:20:19.005Z,1787152819005,FAN_DT_001_F1_S03_R01_20260819T151936,1,42.467,BASELINE,F1,0.3,FAN_DT_001,3.0,process-model-3.0.0-build3,5534,1,LIVE,SYNCHRONISED,AUTOMATIC,NORMAL,65,1950,1950,0,145,145,0.3,0.3,25.1386,38.15,1.028,1,0.0254,0,207.97,2.4363,-0.00772,1,0.18,3.71,0.5676,100,HEALTHY,F0,0,0,healthy,0,0,0,,,,,20,0
2026-08-19T15:20:20.033Z,1787152820033,FAN_DT_001_F1_S03_R01_20260819T151936,1,43.496,BASELINE,F1,0.3,FAN_DT_001,3.0,process-model-3.0.0-build3,5535,1,LIVE,SYNCHRONISED,AUTOMATIC,NORMAL,65,1950,1950,0,145,145,0.3,0.3,25.15647,38.16,1.028,1,0.0254,0,207.97,2.4954,-0.00789,1,0.18,3.794,0.5814,100,HEALTHY,F0,0,0,healthy,0,0,0,,,,,20,0
2026-08-19T15:20:21.061Z,1787152821061,FAN_DT_001_F1_S03_R01_20260819T151936,1,44.524,BASELINE,F1,0.3,FAN_DT_001,3.0,process-model-3.0.0-build3,5536,1,LIVE,SYNCHRONISED,AUTOMATIC,NORMAL,65,1950,1950,0,145,145,0.3,0.3,25.17432,38.17,1.028,1,0.0254,0,207.97,2.5546,-0.00805,1,0.18,3.872,0.5952,100,HEALTHY,F0,0,0,healthy,0,0,0,,,,,20,0
2026-08-19T15:20:22.081Z,1787152822081,FAN_DT_001_F1_S03_R01_20260819T151936,1,45.544,BASELINE,F1,0.3,FAN_DT_001,3.0,process-model-3.0.0-build3,5537,1,LIVE,SYNCHRONISED,AUTOMATIC,NORMAL,65,1950,1950,0,145,145,0.3,0.3,25.19209,38.18,1.028,1,0.0254,0,207.97,2.614,-0.00821,1,0.18,3.945,0.6091,100,HEALTHY,F0,0,0,healthy,0,0,0,,,,,20,0
2026-08-19T15:20:23.109Z,1787152823109,FAN_DT_001_F1_S03_R01_20260819T151936,1,46.571,BASELINE,F1,0.3,FAN_DT_001,3.0,process-model-3.0.0-build3,5538,1,LIVE,SYNCHRONISED,AUTOMATIC,NORMAL,65,1950,1950,0,145,145,0.3,0.3,25.20966,38.19,1.028,1,0.0254,0,207.97,2.6729,-0.00836,1,0.18,4.018,0.6228,100,HEALTHY,F0,0,0,healthy,0,0,0,,,,,20,0
2026-08-19T15:20:24.138Z,1787152824138,FAN_DT_001_F1_S03_R01_20260819T151936,1,47.601,BASELINE,F1,0.3,FAN_DT_001,3.0,process-model-3.0.0-build3,5539,1,LIVE,SYNCHRONISED,AUTOMATIC,NORMAL,65,1950,1950,0,145,145,0.3,0.3,25.22718,38.2,1.028,1,0.0254,0,207.97,2.7322,-0.0085,1,0.18,4.085,0.6366,100,HEALTHY,F0,0,0,healthy,0,0,0,,,,,20,0
2026-08-19T15:20:25.170Z,1787152825170,FAN_DT_001_F1_S03_R01_20260819T151936,1,48.632,BASELINE,F1,0.3,FAN_DT_001,3.0,process-model-3.0.0-build3,5540,1,LIVE,SYNCHRONISED,AUTOMATIC,NORMAL,65,1950,1950,0,145,145,0.3,0.3,25.24466,38.2,1.028,1,0.0254,0,207.97,2.7915,-0.00866,1,0.18,4.162,0.6504,100,HEALTHY,F0,0,0,healthy,0,0,0,,,,,20,0
2026-08-19T15:20:26.196Z,1787152826196,FAN_DT_001_F1_S03_R01_20260819T151936,1,49.658,BASELINE,F1,0.3,FAN_DT_001,3.0,process-model-3.0.0-build3,5541,1,LIVE,SYNCHRONISED,AUTOMATIC,NORMAL,65,1950,1950,0,145,145,0.3,0.3,25.26195,38.21,1.028,1,0.0254,0,207.97,2.8508,-0.00878,1,0.18,4.222,0.6642,100,HEALTHY,F0,0,0,healthy,0,0,0,,,,,20,0
2026-08-19T15:20:27.240Z,1787152827240,FAN_DT_001_F1_S03_R01_20260819T151936,1,50.702,BASELINE,F1,0.3,FAN_DT_001,3.0,process-model-3.0.0-build3,5542,1,LIVE,SYNCHRONISED,AUTOMATIC,NORMAL,65,1950,1950,0,145,145,0.3,0.3,25.27912,38.22,1.028,1,0.0254,0,207.97,2.9101,-0.00891,1,0.18,4.285,0.678,100,HEALTHY,F0,0,0,healthy,0,0,0,,,,,20,0
2026-08-19T15:20:28.245Z,1787152828245,FAN_DT_001_F1_S03_R01_20260819T151936,1,51.707,BASELINE,F1,0.3,FAN_DT_001,3.0,process-model-3.0.0-build3,5543,1,LIVE,SYNCHRONISED,AUTOMATIC,NORMAL,65,1950,1950,0,145,145,0.3,0.3,25.29609,38.23,1.028,1,0.0254,0,207.97,2.9692,-0.00904,1,0.18,4.349,0.6918,100,HEALTHY,F0,0,0,healthy,0,0,0,,,,,20,0
2026-08-19T15:20:29.279Z,1787152829279,FAN_DT_001_F1_S03_R01_20260819T151936,1,52.741,BASELINE,F1,0.3,FAN_DT_001,3.0,process-model-3.0.0-build3,5544,1,LIVE,SYNCHRONISED,AUTOMATIC,NORMAL,65,1950,1950,0,145,145,0.3,0.3,25.31296,38.24,1.028,1,0.0254,0,207.97,3.0284,-0.00917,1,0.18,4.411,0.7056,100,HEALTHY,F0,0,0,healthy,0,0,0,,,,,20,0
2026-08-19T15:20:30.307Z,1787152830307,FAN_DT_001_F1_S03_R01_20260819T151936,1,53.77,BASELINE,F1,0.3,FAN_DT_001,3.0,process-model-3.0.0-build3,5545,1,LIVE,SYNCHRONISED,AUTOMATIC,NORMAL,65,1950,1950,0,145,145,0.3,0.3,25.3297,38.25,1.028,1,0.0254,0,207.97,3.0878,-0.00929,1,0.18,4.469,0.7195,100,HEALTHY,F0,0,0,healthy,0,0,0,,,,,20,0
2026-08-19T15:20:31.331Z,1787152831331,FAN_DT_001_F1_S03_R01_20260819T151936,1,54.793,BASELINE,F1,0.3,FAN_DT_001,3.0,process-model-3.0.0-build3,5546,1,LIVE,SYNCHRONISED,AUTOMATIC,NORMAL,65,1950,1950,0,145,145,0.3,0.3,25.34623,38.26,1.028,1,0.0254,0,207.97,3.1471,-0.00942,1,0.18,4.528,0.7333,100,HEALTHY,F0,0,0,healthy,0,0,0,,,,,20,0
2026-08-19T15:20:32.357Z,1787152832357,FAN_DT_001_F1_S03_R01_20260819T151936,1,55.819,BASELINE,F1,0.3,FAN_DT_001,3.0,process-model-3.0.0-build3,5547,1,LIVE,SYNCHRONISED,AUTOMATIC,NORMAL,65,1950,1950,0,145,145,0.3,0.3,25.36255,38.27,1.028,1,0.0254,0,207.97,3.2063,-0.00951,1,0.18,4.572,0.7471,100,HEALTHY,F0,0,0,healthy,0,0,0,,,,,20,0
2026-08-19T15:20:33.407Z,1787152833407,FAN_DT_001_F1_S03_R01_20260819T151936,1,56.869,BASELINE,F1,0.3,FAN_DT_001,3.0,process-model-3.0.0-build3,5548,1,LIVE,SYNCHRONISED,AUTOMATIC,NORMAL,65,1950,1950,0,145,145,0.3,0.3,25.37867,38.28,1.028,1,0.0254,0,207.97,3.2654,-0.00962,1,0.18,4.628,0.7608,100,HEALTHY,F0,0,0,healthy,0,0,0,,,,,20,0
2026-08-19T15:20:34.411Z,1787152834411,FAN_DT_001_F1_S03_R01_20260819T151936,1,57.873,BASELINE,F1,0.3,FAN_DT_001,3.0,process-model-3.0.0-build3,5549,1,LIVE,SYNCHRONISED,AUTOMATIC,NORMAL,65,1950,1950,0,145,145,0.3,0.3,25.39466,38.29,1.028,1,0.0254,0,207.97,3.3247,-0.00972,1,0.18,4.673,0.7747,100,HEALTHY,F0,0,0,healthy,0,0,0,,,,,20,0
2026-08-19T15:20:35.439Z,1787152835439,FAN_DT_001_F1_S03_R01_20260819T151936,1,58.902,BASELINE,F1,0.3,FAN_DT_001,3.0,process-model-3.0.0-build3,5550,1,LIVE,SYNCHRONISED,AUTOMATIC,NORMAL,65,1950,1950,0,145,145,0.3,0.3,25.41044,38.3,1.028,1,0.0254,0,207.97,3.3841,-0.0098,1,0.18,4.713,0.7885,100,HEALTHY,F0,0,0,healthy,0,0,0,,,,,20,0
2026-08-19T15:20:36.470Z,1787152836470,FAN_DT_001_F1_S03_R01_20260819T151936,1,59.932,BASELINE,F1,0.3,FAN_DT_001,3.0,process-model-3.0.0-build3,5551,1,LIVE,SYNCHRONISED,AUTOMATIC,NORMAL,65,1950,1950,0,145,145,0.3,0.3,25.42597,38.31,1.028,1,0.0254,0,207.97,3.4433,-0.00991,1,0.18,4.766,0.8023,100,HEALTHY,F0,0,0,healthy,0,0,0,,,,,20,0
2026-08-19T15:20:37.525Z,1787152837525,FAN_DT_001_F1_S03_R01_20260819T151936,1,60.988,FAULT_ACTIVE,F1,0.3,FAN_DT_001,3.0,process-model-3.0.0-build3,5552,1,LIVE,SYNCHRONISED,AUTOMATIC,NORMAL,65,1950,1950,0,145,145,0.3,0.36,25.4414,38.32,1.086,1.024,0.0439,0.018,219.8,3.5051,-0.00997,1,0.18,4.537,0.8167,80.5,DEGRADED,F1,1,1,mechanical_imbalance,0.3,1,1,,,,,21,0
2026-08-19T15:20:38.542Z,1787152838542,FAN_DT_001_F1_S03_R01_20260819T151936,1,62.004,FAULT_ACTIVE,F1,0.3,FAN_DT_001,3.0,process-model-3.0.0-build3,5553,1,LIVE,SYNCHRONISED,AUTOMATIC,NORMAL,65,1950,1950,0,145,145,0.3,0.36,25.45663,38.33,1.086,1.024,0.0439,0.018,219.8,3.5683,-0.01006,1,0.18,4.578,0.8314,80.5,DEGRADED,F1,1,1,mechanical_imbalance,0.3,1,1,,,,,21,0
2026-08-19T15:20:39.575Z,1787152839575,FAN_DT_001_F1_S03_R01_20260819T151936,1,63.037,FAULT_ACTIVE,F1,0.3,FAN_DT_001,3.0,process-model-3.0.0-build3,5554,1,LIVE,SYNCHRONISED,AUTOMATIC,NORMAL,65,1950,1950,0,145,145,0.3,0.36,25.47157,38.34,1.086,1.024,0.0439,0.018,219.8,3.6313,-0.01013,1,0.18,4.611,0.8461,80.5,DEGRADED,F1,1,1,mechanical_imbalance,0.3,1,1,,,,,21,0
2026-08-19T15:20:40.614Z,1787152840614,FAN_DT_001_F1_S03_R01_20260819T151936,1,64.076,FAULT_ACTIVE,F1,0.3,FAN_DT_001,3.0,process-model-3.0.0-build3,5555,1,LIVE,SYNCHRONISED,AUTOMATIC,NORMAL,65,1950,1950,0,145,145,0.3,0.36,25.48627,38.35,1.086,1.024,0.0439,0.018,219.8,3.6943,-0.01022,1,0.18,4.65,0.8608,80.5,DEGRADED,F1,1,1,mechanical_imbalance,0.3,1,1,,,,,21,0
2026-08-19T15:20:41.648Z,1787152841648,FAN_DT_001_F1_S03_R01_20260819T151936,1,65.11,FAULT_ACTIVE,F1,0.3,FAN_DT_001,3.0,process-model-3.0.0-build3,5556,1,LIVE,SYNCHRONISED,AUTOMATIC,NORMAL,65,1950,1950,0,145,145,0.3,0.36,25.50072,38.36,1.086,1.024,0.0439,0.018,219.8,3.7574,-0.01026,1,0.18,4.669,0.8755,80.5,DEGRADED,F1,1,1,mechanical_imbalance,0.3,1,1,,,,,21,0
2026-08-19T15:20:42.680Z,1787152842680,FAN_DT_001_F1_S03_R01_20260819T151936,1,66.142,FAULT_ACTIVE,F1,0.3,FAN_DT_001,3.0,process-model-3.0.0-build3,5557,1,LIVE,SYNCHRONISED,AUTOMATIC,NORMAL,65,1950,1950,0,145,145,0.3,0.36,25.51494,38.37,1.086,1.024,0.0439,0.018,219.8,3.8206,-0.01032,1,0.18,4.697,0.8902,80.5,DEGRADED,F1,1,1,mechanical_imbalance,0.3,1,1,,,,,21,0
2026-08-19T15:20:43.713Z,1787152843713,FAN_DT_001_F1_S03_R01_20260819T151936,1,67.175,FAULT_ACTIVE,F1,0.3,FAN_DT_001,3.0,process-model-3.0.0-build3,5558,1,LIVE,SYNCHRONISED,AUTOMATIC,NORMAL,65,1950,1950,0,145,145,0.3,0.36,25.52885,38.38,1.086,1.024,0.0439,0.018,219.8,3.8836,-0.01038,1,0.18,4.72,0.9049,80.5,DEGRADED,F1,1,1,mechanical_imbalance,0.3,1,1,,,,,21,0
2026-08-19T15:20:44.754Z,1787152844754,FAN_DT_001_F1_S03_R01_20260819T151936,1,68.218,FAULT_ACTIVE,F1,0.3,FAN_DT_001,3.0,process-model-3.0.0-build3,5559,1,LIVE,SYNCHRONISED,AUTOMATIC,NORMAL,65,1950,1950,0,145,145,0.3,0.36,25.54248,38.39,1.086,1.024,0.0439,0.018,219.8,3.9466,-0.01043,1,0.18,4.743,0.9196,80.5,DEGRADED,F1,1,1,mechanical_imbalance,0.3,1,1,,,,,21,0
2026-08-19T15:20:45.791Z,1787152845791,FAN_DT_001_F1_S03_R01_20260819T151936,1,69.253,FAULT_ACTIVE,F1,0.3,FAN_DT_001,3.0,process-model-3.0.0-build3,5560,1,LIVE,SYNCHRONISED,AUTOMATIC,NORMAL,65,1950,1950,0,145,145,0.3,0.36,25.55587,38.41,1.086,1.024,0.0439,0.018,219.8,4.0099,-0.01048,1,0.18,4.769,0.9343,80.5,DEGRADED,F1,1,1,mechanical_imbalance,0.3,1,1,,,,,21,0
2026-08-19T15:20:46.826Z,1787152846826,FAN_DT_001_F1_S03_R01_20260819T151936,1,70.288,FAULT_ACTIVE,F1,0.3,FAN_DT_001,3.0,process-model-3.0.0-build3,5561,1,LIVE,SYNCHRONISED,AUTOMATIC,NORMAL,65,1950,1950,0,145,145,0.3,0.36,25.56893,38.42,1.086,1.024,0.0439,0.018,219.8,4.073,-0.01051,1,0.18,4.78,0.949,80.5,DEGRADED,F1,1,1,mechanical_imbalance,0.3,1,1,,,,,21,0
2026-08-19T15:20:47.880Z,1787152847880,FAN_DT_001_F1_S03_R01_20260819T151936,1,71.342,FAULT_ACTIVE,F1,0.3,FAN_DT_001,3.0,process-model-3.0.0-build3,5562,1,LIVE,SYNCHRONISED,AUTOMATIC,NORMAL,65,1950,1950,0,145,145,0.3,0.36,25.58168,38.43,1.086,1.024,0.0439,0.018,219.8,4.136,-0.01056,1,0.18,4.803,0.9637,80.5,DEGRADED,F1,1,1,mechanical_imbalance,0.3,1,1,,,,,21,0
2026-08-19T15:20:48.893Z,1787152848893,FAN_DT_001_F1_S03_R01_20260819T151936,1,72.356,FAULT_ACTIVE,F1,0.3,FAN_DT_001,3.0,process-model-3.0.0-build3,5563,1,LIVE,SYNCHRONISED,AUTOMATIC,NORMAL,65,1950,1950,0,145,145,0.3,0.36,25.59412,38.44,1.086,1.024,0.0439,0.018,219.8,4.199,-0.01058,1,0.18,4.812,0.9784,80.5,DEGRADED,F1,1,1,mechanical_imbalance,0.3,1,1,,,,,21,0
2026-08-19T15:20:49.932Z,1787152849932,FAN_DT_001_F1_S03_R01_20260819T151936,1,73.395,FAULT_ACTIVE,F1,0.3,FAN_DT_001,3.0,process-model-3.0.0-build3,5564,1,LIVE,SYNCHRONISED,AUTOMATIC,NORMAL,65,1950,1950,0,145,145,0.3,0.36,25.60629,38.45,1.086,1.024,0.0439,0.018,219.8,4.2622,-0.01059,1,0.18,4.819,0.9931,80.5,DEGRADED,F1,1,1,mechanical_imbalance,0.3,1,1,,,,,21,0
2026-08-19T15:20:50.968Z,1787152850968,FAN_DT_001_F1_S03_R01_20260819T151936,1,74.43,FAULT_ACTIVE,F1,0.3,FAN_DT_001,3.0,process-model-3.0.0-build3,5565,1,LIVE,SYNCHRONISED,AUTOMATIC,NORMAL,65,1950,1950,0,145,145,0.3,0.36,25.61813,38.46,1.086,1.024,0.0439,0.018,219.8,4.3254,-0.0106,1,0.18,4.821,1.0078,80.5,DEGRADED,F1,1,1,mechanical_imbalance,0.3,1,1,,,,,21,0
2026-08-19T15:20:52.015Z,1787152852015,FAN_DT_001_F1_S03_R01_20260819T151936,1,75.477,FAULT_ACTIVE,F1,0.3,FAN_DT_001,3.0,process-model-3.0.0-build3,5566,1,LIVE,SYNCHRONISED,AUTOMATIC,NORMAL,65,1950,1950,0,145,145,0.3,0.36,25.62965,38.47,1.086,1.024,0.0439,0.018,219.8,4.3886,-0.0106,1,0.18,4.821,1.0225,80.5,DEGRADED,F1,1,1,mechanical_imbalance,0.3,1,1,,,,,21,0
2026-08-19T15:20:53.047Z,1787152853047,FAN_DT_001_F1_S03_R01_20260819T151936,1,76.509,FAULT_ACTIVE,F1,0.3,FAN_DT_001,3.0,process-model-3.0.0-build3,5567,1,LIVE,SYNCHRONISED,AUTOMATIC,NORMAL,65,1950,1950,0,145,145,0.3,0.36,25.64095,38.48,1.086,1.024,0.0439,0.018,219.8,4.4525,-0.01062,1,0.18,4.833,1.0374,80.5,DEGRADED,F1,1,1,mechanical_imbalance,0.3,1,1,,,,,21,0
2026-08-19T15:20:54.087Z,1787152854087,FAN_DT_001_F1_S03_R01_20260819T151936,1,77.549,FAULT_ACTIVE,F1,0.3,FAN_DT_001,3.0,process-model-3.0.0-build3,5568,1,LIVE,SYNCHRONISED,AUTOMATIC,NORMAL,65,1950,1950,0,145,145,0.3,0.36,25.65174,38.49,1.086,1.024,0.0439,0.018,219.8,4.5154,-0.0106,1,0.18,4.823,1.0521,80.5,DEGRADED,F1,1,1,mechanical_imbalance,0.3,1,1,,,,,21,0
2026-08-19T15:20:55.121Z,1787152855121,FAN_DT_001_F1_S03_R01_20260819T151936,1,78.583,FAULT_ACTIVE,F1,0.3,FAN_DT_001,3.0,process-model-3.0.0-build3,5569,1,LIVE,SYNCHRONISED,AUTOMATIC,NORMAL,65,1950,1950,0,145,145,0.3,0.36,25.66224,38.5,1.086,1.024,0.0439,0.018,219.8,4.5785,-0.0106,1,0.18,4.824,1.0668,80.5,DEGRADED,F1,1,1,mechanical_imbalance,0.3,1,1,,,,,21,0
2026-08-19T15:20:56.152Z,1787152856152,FAN_DT_001_F1_S03_R01_20260819T151936,1,79.614,FAULT_ACTIVE,F1,0.3,FAN_DT_001,3.0,process-model-3.0.0-build3,5570,1,LIVE,SYNCHRONISED,AUTOMATIC,NORMAL,65,1950,1950,0,145,145,0.3,0.36,25.67237,38.52,1.086,1.024,0.0439,0.018,219.8,4.6417,-0.0106,1,0.18,4.821,1.0815,80.5,DEGRADED,F1,1,1,mechanical_imbalance,0.3,1,1,,,,,21,0
2026-08-19T15:20:57.185Z,1787152857185,FAN_DT_001_F1_S03_R01_20260819T151936,1,80.647,FAULT_ACTIVE,F1,0.3,FAN_DT_001,3.0,process-model-3.0.0-build3,5571,1,LIVE,SYNCHRONISED,AUTOMATIC,NORMAL,65,1950,1950,0,145,145,0.3,0.36,25.68213,38.53,1.086,1.024,0.0439,0.018,219.8,4.7046,-0.01056,1,0.18,4.806,1.0962,80.5,DEGRADED,F1,1,1,mechanical_imbalance,0.3,1,1,,,,,21,0
2026-08-19T15:20:58.228Z,1787152858228,FAN_DT_001_F1_S03_R01_20260819T151936,1,81.69,FAULT_ACTIVE,F1,0.3,FAN_DT_001,3.0,process-model-3.0.0-build3,5572,1,LIVE,SYNCHRONISED,AUTOMATIC,NORMAL,65,1950,1950,0,145,145,0.3,0.36,25.69154,38.54,1.086,1.024,0.0439,0.018,219.8,4.7677,-0.01055,1,0.18,4.799,1.1109,80.5,DEGRADED,F1,1,1,mechanical_imbalance,0.3,1,1,,,,,21,0
2026-08-19T15:20:59.262Z,1787152859262,FAN_DT_001_F1_S03_R01_20260819T151936,1,82.724,FAULT_ACTIVE,F1,0.3,FAN_DT_001,3.0,process-model-3.0.0-build3,5573,1,LIVE,SYNCHRONISED,AUTOMATIC,NORMAL,65,1950,1950,0,145,145,0.3,0.36,25.70061,38.55,1.086,1.024,0.0439,0.018,219.8,4.8309,-0.01052,1,0.18,4.786,1.1256,80.5,DEGRADED,F1,1,1,mechanical_imbalance,0.3,1,1,,,,,21,0
2026-08-19T15:21:00.311Z,1787152860311,FAN_DT_001_F1_S03_R01_20260819T151936,1,83.773,FAULT_ACTIVE,F1,0.3,FAN_DT_001,3.0,process-model-3.0.0-build3,5574,1,LIVE,SYNCHRONISED,AUTOMATIC,NORMAL,65,1950,1950,0,145,145,0.3,0.36,25.70932,38.56,1.086,1.024,0.0439,0.018,219.8,4.8941,-0.01047,1,0.18,4.766,1.1403,80.5,DEGRADED,F1,1,1,mechanical_imbalance,0.3,1,1,,,,,21,0
2026-08-19T15:21:01.328Z,1787152861328,FAN_DT_001_F1_S03_R01_20260819T151936,1,84.79,FAULT_ACTIVE,F1,0.3,FAN_DT_001,3.0,process-model-3.0.0-build3,5575,1,LIVE,SYNCHRONISED,AUTOMATIC,NORMAL,65,1950,1950,0,145,145,0.3,0.36,25.71761,38.57,1.086,1.024,0.0439,0.018,219.8,4.9571,-0.01042,1,0.18,4.742,1.155,80.5,DEGRADED,F1,1,1,mechanical_imbalance,0.3,1,1,,,,,21,0
2026-08-19T15:21:02.362Z,1787152862362,FAN_DT_001_F1_S03_R01_20260819T151936,1,85.824,FAULT_ACTIVE,F1,0.3,FAN_DT_001,3.0,process-model-3.0.0-build3,5576,1,LIVE,SYNCHRONISED,AUTOMATIC,NORMAL,65,1950,1950,0,145,145,0.3,0.36,25.72553,38.58,1.086,1.024,0.0439,0.018,219.8,5.0201,-0.0104,1,0.18,4.733,1.1697,80.5,DEGRADED,F1,1,1,mechanical_imbalance,0.3,1,1,,,,,21,0
2026-08-19T15:21:03.404Z,1787152863404,FAN_DT_001_F1_S03_R01_20260819T151936,1,86.865,FAULT_ACTIVE,F1,0.3,FAN_DT_001,3.0,process-model-3.0.0-build3,5577,1,LIVE,SYNCHRONISED,AUTOMATIC,NORMAL,65,1950,1950,0,145,145,0.3,0.36,25.73307,38.59,1.086,1.024,0.0439,0.018,219.8,5.0832,-0.01034,1,0.18,4.703,1.1844,80.5,DEGRADED,F1,1,1,mechanical_imbalance,0.3,1,1,,,,,21,0
2026-08-19T15:21:04.440Z,1787152864440,FAN_DT_001_F1_S03_R01_20260819T151936,1,87.902,FAULT_ACTIVE,F1,0.3,FAN_DT_001,3.0,process-model-3.0.0-build3,5578,1,LIVE,SYNCHRONISED,AUTOMATIC,NORMAL,65,1950,1950,0,145,145,0.3,0.36,25.74026,38.6,1.086,1.024,0.0439,0.018,219.8,5.1465,-0.01027,1,0.18,4.674,1.1991,80.5,DEGRADED,F1,1,1,mechanical_imbalance,0.3,1,1,,,,,21,0
2026-08-19T15:21:05.473Z,1787152865473,FAN_DT_001_F1_S03_R01_20260819T151936,1,88.935,FAULT_ACTIVE,F1,0.3,FAN_DT_001,3.0,process-model-3.0.0-build3,5579,1,LIVE,SYNCHRONISED,AUTOMATIC,NORMAL,65,1950,1950,0,145,145,0.3,0.36,25.74704,38.61,1.086,1.024,0.0439,0.018,219.8,5.2097,-0.01021,1,0.18,4.647,1.2139,80.5,DEGRADED,F1,1,1,mechanical_imbalance,0.3,1,1,,,,,21,0
2026-08-19T15:21:06.509Z,1787152866509,FAN_DT_001_F1_S03_R01_20260819T151936,1,89.971,FAULT_ACTIVE,F1,0.3,FAN_DT_001,3.0,process-model-3.0.0-build3,5580,1,LIVE,SYNCHRONISED,AUTOMATIC,NORMAL,65,1950,1950,0,145,145,0.3,0.36,25.75341,38.62,1.086,1.024,0.0439,0.018,219.8,5.2727,-0.01014,1,0.18,4.615,1.2285,80.5,DEGRADED,F1,1,1,mechanical_imbalance,0.3,1,1,,,,,21,0
2026-08-19T15:21:07.546Z,1787152867546,FAN_DT_001_F1_S03_R01_20260819T151936,1,91.008,FAULT_ACTIVE,F1,0.3,FAN_DT_001,3.0,process-model-3.0.0-build3,5581,1,LIVE,SYNCHRONISED,AUTOMATIC,NORMAL,65,1950,1950,0,145,145,0.3,0.36,25.75941,38.63,1.086,1.024,0.0439,0.018,219.8,5.336,-0.01009,1,0.18,4.589,1.2433,80.5,DEGRADED,F1,1,1,mechanical_imbalance,0.3,1,1,,,,,21,0
2026-08-19T15:21:08.586Z,1787152868586,FAN_DT_001_F1_S03_R01_20260819T151936,1,92.047,FAULT_ACTIVE,F1,0.3,FAN_DT_001,3.0,process-model-3.0.0-build3,5582,1,LIVE,SYNCHRONISED,AUTOMATIC,NORMAL,65,1950,1950,0,145,145,0.3,0.36,25.76499,38.64,1.086,1.024,0.0439,0.018,219.8,5.3991,-0.00999,1,0.18,4.544,1.258,80.5,DEGRADED,F1,1,1,mechanical_imbalance,0.3,1,1,,,,,21,0
2026-08-19T15:21:09.628Z,1787152869628,FAN_DT_001_F1_S03_R01_20260819T151936,1,93.09,FAULT_ACTIVE,F1,0.3,FAN_DT_001,3.0,process-model-3.0.0-build3,5583,1,LIVE,SYNCHRONISED,AUTOMATIC,NORMAL,65,1950,1950,0,145,145,0.3,0.36,25.77018,38.65,1.086,1.024,0.0439,0.018,219.8,5.4625,-0.00991,1,0.18,4.507,1.2728,80.5,DEGRADED,F1,1,1,mechanical_imbalance,0.3,1,1,,,,,21,0
2026-08-19T15:21:10.663Z,1787152870663,FAN_DT_001_F1_S03_R01_20260819T151936,1,94.125,FAULT_ACTIVE,F1,0.3,FAN_DT_001,3.0,process-model-3.0.0-build3,5584,1,LIVE,SYNCHRONISED,AUTOMATIC,NORMAL,65,1950,1950,0,145,145,0.3,0.36,25.77496,38.66,1.086,1.024,0.0439,0.018,219.8,5.5257,-0.00982,1,0.18,4.469,1.2875,80.5,DEGRADED,F1,1,1,mechanical_imbalance,0.3,1,1,,,,,21,0
2026-08-19T15:21:11.695Z,1787152871695,FAN_DT_001_F1_S03_R01_20260819T151936,1,95.157,FAULT_ACTIVE,F1,0.3,FAN_DT_001,3.0,process-model-3.0.0-build3,5585,1,LIVE,SYNCHRONISED,AUTOMATIC,NORMAL,65,1950,1950,0,145,145,0.3,0.36,25.77932,38.67,1.086,1.024,0.0439,0.018,219.8,5.5889,-0.00972,1,0.18,4.421,1.3022,80.5,DEGRADED,F1,1,1,mechanical_imbalance,0.3,1,1,,,,,21,0
2026-08-19T15:21:12.727Z,1787152872727,FAN_DT_001_F1_S03_R01_20260819T151936,1,96.189,FAULT_ACTIVE,F1,0.3,FAN_DT_001,3.0,process-model-3.0.0-build3,5586,1,LIVE,SYNCHRONISED,AUTOMATIC,NORMAL,65,1950,1950,0,145,145,0.3,0.36,25.78326,38.68,1.086,1.024,0.0439,0.018,219.8,5.6519,-0.00963,1,0.18,4.38,1.3169,80.5,DEGRADED,F1,1,1,mechanical_imbalance,0.3,1,1,,,,,21,0
2026-08-19T15:21:13.772Z,1787152873772,FAN_DT_001_F1_S03_R01_20260819T151936,1,97.233,FAULT_ACTIVE,F1,0.3,FAN_DT_001,3.0,process-model-3.0.0-build3,5587,1,LIVE,SYNCHRONISED,AUTOMATIC,NORMAL,65,1950,1950,0,145,145,0.3,0.36,25.78679,38.69,1.086,1.024,0.0439,0.018,219.8,5.715,-0.00952,1,0.18,4.332,1.3316,80.5,DEGRADED,F1,1,1,mechanical_imbalance,0.3,1,1,,,,,21,0
2026-08-19T15:21:14.813Z,1787152874813,FAN_DT_001_F1_S03_R01_20260819T151936,1,98.275,FAULT_ACTIVE,F1,0.3,FAN_DT_001,3.0,process-model-3.0.0-build3,5588,1,LIVE,SYNCHRONISED,AUTOMATIC,NORMAL,65,1950,1950,0,145,145,0.3,0.36,25.7899,38.7,1.086,1.024,0.0439,0.018,219.8,5.778,-0.00941,1,0.18,4.279,1.3463,80.5,DEGRADED,F1,1,1,mechanical_imbalance,0.3,1,1,,,,,21,0
2026-08-19T15:21:15.837Z,1787152875837,FAN_DT_001_F1_S03_R01_20260819T151936,1,99.299,FAULT_ACTIVE,F1,0.3,FAN_DT_001,3.0,process-model-3.0.0-build3,5589,1,LIVE,SYNCHRONISED,AUTOMATIC,NORMAL,65,1950,1950,0,145,145,0.3,0.36,25.79261,38.71,1.086,1.024,0.0439,0.018,219.8,5.8412,-0.00929,1,0.18,4.229,1.361,80.5,DEGRADED,F1,1,1,mechanical_imbalance,0.3,1,1,,,,,21,0
2026-08-19T15:21:16.869Z,1787152876869,FAN_DT_001_F1_S03_R01_20260819T151936,1,100.331,FAULT_ACTIVE,F1,0.3,FAN_DT_001,3.0,process-model-3.0.0-build3,5590,1,LIVE,SYNCHRONISED,AUTOMATIC,NORMAL,65,1950,1950,0,145,145,0.3,0.36,25.79489,38.72,1.086,1.024,0.0439,0.018,219.8,5.9043,-0.00917,1,0.18,4.173,1.3757,80.5,DEGRADED,F1,1,1,mechanical_imbalance,0.3,1,1,,,,,21,0
2026-08-19T15:21:17.901Z,1787152877901,FAN_DT_001_F1_S03_R01_20260819T151936,1,101.363,FAULT_ACTIVE,F1,0.3,FAN_DT_001,3.0,process-model-3.0.0-build3,5591,1,LIVE,SYNCHRONISED,AUTOMATIC,NORMAL,65,1950,1950,0,145,145,0.3,0.36,25.79675,38.73,1.086,1.024,0.0439,0.018,219.8,5.9673,-0.00904,1,0.18,4.115,1.3904,80.5,DEGRADED,F1,1,1,mechanical_imbalance,0.3,1,1,,,,,21,0
2026-08-19T15:21:18.942Z,1787152878942,FAN_DT_001_F1_S03_R01_20260819T151936,1,102.405,FAULT_ACTIVE,F1,0.3,FAN_DT_001,3.0,process-model-3.0.0-build3,5592,1,LIVE,SYNCHRONISED,AUTOMATIC,NORMAL,65,1950,1950,0,145,145,0.3,0.36,25.79819,38.74,1.086,1.024,0.0439,0.018,219.8,6.0303,-0.00891,1,0.18,4.054,1.4051,80.5,DEGRADED,F1,1,1,mechanical_imbalance,0.3,1,1,,,,,21,0
2026-08-19T15:21:19.978Z,1787152879978,FAN_DT_001_F1_S03_R01_20260819T151936,1,103.44,FAULT_ACTIVE,F1,0.3,FAN_DT_001,3.0,process-model-3.0.0-build3,5593,1,LIVE,SYNCHRONISED,AUTOMATIC,NORMAL,65,1950,1950,0,145,145,0.3,0.36,25.79922,38.75,1.086,1.024,0.0439,0.018,219.8,6.0935,-0.00877,1,0.18,3.991,1.4198,80.5,DEGRADED,F1,1,1,mechanical_imbalance,0.3,1,1,,,,,21,0
2026-08-19T15:21:21.011Z,1787152881011,FAN_DT_001_F1_S03_R01_20260819T151936,1,104.473,FAULT_ACTIVE,F1,0.3,FAN_DT_001,3.0,process-model-3.0.0-build3,5594,1,LIVE,SYNCHRONISED,AUTOMATIC,NORMAL,65,1950,1950,0,145,145,0.3,0.36,25.79982,38.76,1.086,1.024,0.0439,0.018,219.8,6.1567,-0.00863,1,0.18,3.925,1.4345,80.5,DEGRADED,F1,1,1,mechanical_imbalance,0.3,1,1,,,,,21,0
2026-08-19T15:21:22.068Z,1787152882068,FAN_DT_001_F1_S03_R01_20260819T151936,1,105.531,FAULT_ACTIVE,F1,0.3,FAN_DT_001,3.0,process-model-3.0.0-build3,5595,1,LIVE,SYNCHRONISED,AUTOMATIC,NORMAL,65,1950,1950,0,145,145,0.3,0.36,25.8,38.77,1.086,1.024,0.0439,0.018,219.8,6.2197,-0.00851,1,0.18,3.872,1.4492,80.5,DEGRADED,F1,1,1,mechanical_imbalance,0.3,1,1,,,,,21,0
2026-08-19T15:21:23.078Z,1787152883078,FAN_DT_001_F1_S03_R01_20260819T151936,1,106.54,FAULT_ACTIVE,F1,0.3,FAN_DT_001,3.0,process-model-3.0.0-build3,5596,1,LIVE,SYNCHRONISED,AUTOMATIC,NORMAL,65,1950,1950,0,145,145,0.3,0.36,25.79976,38.78,1.086,1.024,0.0439,0.018,219.8,6.2824,-0.00835,1,0.18,3.8,1.4638,80.5,DEGRADED,F1,1,1,mechanical_imbalance,0.3,1,1,,,,,21,0
2026-08-19T15:21:24.115Z,1787152884115,FAN_DT_001_F1_S03_R01_20260819T151936,1,107.578,FAULT_ACTIVE,F1,0.3,FAN_DT_001,3.0,process-model-3.0.0-build3,5597,1,LIVE,SYNCHRONISED,AUTOMATIC,NORMAL,65,1950,1950,0,145,145,0.3,0.36,25.7991,38.79,1.086,1.024,0.0439,0.018,219.8,6.3457,-0.0082,1,0.18,3.731,1.4785,80.5,DEGRADED,F1,1,1,mechanical_imbalance,0.3,1,1,,,,,21,0
2026-08-19T15:21:25.147Z,1787152885147,FAN_DT_001_F1_S03_R01_20260819T151936,1,108.609,FAULT_ACTIVE,F1,0.3,FAN_DT_001,3.0,process-model-3.0.0-build3,5598,1,LIVE,SYNCHRONISED,AUTOMATIC,NORMAL,65,1950,1950,0,145,145,0.3,0.36,25.79801,38.79,1.086,1.024,0.0439,0.018,219.8,6.4088,-0.00805,1,0.18,3.664,1.4932,80.5,DEGRADED,F1,1,1,mechanical_imbalance,0.3,1,1,,,,,21,0
2026-08-19T15:21:26.182Z,1787152886182,FAN_DT_001_F1_S03_R01_20260819T151936,1,109.643,FAULT_ACTIVE,F1,0.3,FAN_DT_001,3.0,process-model-3.0.0-build3,5599,1,LIVE,SYNCHRONISED,AUTOMATIC,NORMAL,65,1950,1950,0,145,145,0.3,0.36,25.7965,38.8,1.086,1.024,0.0439,0.018,219.8,6.4719,-0.00786,1,0.18,3.578,1.508,80.5,DEGRADED,F1,1,1,mechanical_imbalance,0.3,1,1,,,,,21,0
2026-08-19T15:21:27.222Z,1787152887222,FAN_DT_001_F1_S03_R01_20260819T151936,1,110.684,FAULT_ACTIVE,F1,0.3,FAN_DT_001,3.0,process-model-3.0.0-build3,5600,1,LIVE,SYNCHRONISED,AUTOMATIC,NORMAL,65,1950,1950,0,145,145,0.3,0.36,25.79458,38.81,1.086,1.024,0.0439,0.018,219.8,6.535,-0.00772,1,0.18,3.511,1.5226,80.5,DEGRADED,F1,1,1,mechanical_imbalance,0.3,1,1,,,,,21,0
2026-08-19T15:21:28.258Z,1787152888258,FAN_DT_001_F1_S03_R01_20260819T151936,1,111.72,FAULT_ACTIVE,F1,0.3,FAN_DT_001,3.0,process-model-3.0.0-build3,5601,1,LIVE,SYNCHRONISED,AUTOMATIC,NORMAL,65,1950,1950,0,145,145,0.3,0.36,25.79223,38.82,1.086,1.024,0.0439,0.018,219.8,6.5982,-0.00754,1,0.18,3.431,1.5374,80.5,DEGRADED,F1,1,1,mechanical_imbalance,0.3,1,1,,,,,21,0
2026-08-19T15:21:29.296Z,1787152889296,FAN_DT_001_F1_S03_R01_20260819T151936,1,112.758,FAULT_ACTIVE,F1,0.3,FAN_DT_001,3.0,process-model-3.0.0-build3,5602,1,LIVE,SYNCHRONISED,AUTOMATIC,NORMAL,65,1950,1950,0,145,145,0.3,0.36,25.78946,38.83,1.086,1.024,0.0439,0.018,219.8,6.6614,-0.00736,1,0.18,3.348,1.5521,80.5,DEGRADED,F1,1,1,mechanical_imbalance,0.3,1,1,,,,,21,0
2026-08-19T15:21:30.328Z,1787152890328,FAN_DT_001_F1_S03_R01_20260819T151936,1,113.79,FAULT_ACTIVE,F1,0.3,FAN_DT_001,3.0,process-model-3.0.0-build3,5603,1,LIVE,SYNCHRONISED,AUTOMATIC,NORMAL,65,1950,1950,0,145,145,0.3,0.36,25.78628,38.83,1.086,1.024,0.0439,0.018,219.8,6.7245,-0.00721,1,0.18,3.278,1.5668,80.5,DEGRADED,F1,1,1,mechanical_imbalance,0.3,1,1,,,,,21,0
2026-08-19T15:21:31.357Z,1787152891357,FAN_DT_001_F1_S03_R01_20260819T151936,1,114.819,FAULT_ACTIVE,F1,0.3,FAN_DT_001,3.0,process-model-3.0.0-build3,5604,1,LIVE,SYNCHRONISED,AUTOMATIC,NORMAL,65,1950,1950,0,145,145,0.3,0.36,25.7827,38.84,1.086,1.024,0.0439,0.018,219.8,6.7874,-0.007,1,0.18,3.184,1.5815,80.5,DEGRADED,F1,1,1,mechanical_imbalance,0.3,1,1,,,,,21,0
2026-08-19T15:21:32.409Z,1787152892409,FAN_DT_001_F1_S03_R01_20260819T151936,1,115.871,FAULT_ACTIVE,F1,0.3,FAN_DT_001,3.0,process-model-3.0.0-build3,5605,1,LIVE,SYNCHRONISED,AUTOMATIC,NORMAL,65,1950,1950,0,145,145,0.3,0.36,25.77869,38.85,1.086,1.024,0.0439,0.018,219.8,6.8506,-0.00682,1,0.18,3.103,1.5962,80.5,DEGRADED,F1,1,1,mechanical_imbalance,0.3,1,1,,,,,21,0
2026-08-19T15:21:33.434Z,1787152893434,FAN_DT_001_F1_S03_R01_20260819T151936,1,116.896,FAULT_ACTIVE,F1,0.3,FAN_DT_001,3.0,process-model-3.0.0-build3,5606,1,LIVE,SYNCHRONISED,AUTOMATIC,NORMAL,65,1950,1950,0,145,145,0.3,0.36,25.77427,38.86,1.086,1.024,0.0439,0.018,219.8,6.9136,-0.00665,1,0.18,3.024,1.6109,80.5,DEGRADED,F1,1,1,mechanical_imbalance,0.3,1,1,,,,,21,0
2026-08-19T15:21:34.475Z,1787152894475,FAN_DT_001_F1_S03_R01_20260819T151936,1,117.937,FAULT_ACTIVE,F1,0.3,FAN_DT_001,3.0,process-model-3.0.0-build3,5607,1,LIVE,SYNCHRONISED,AUTOMATIC,NORMAL,65,1950,1950,0,145,145,0.3,0.36,25.76943,38.86,1.086,1.024,0.0439,0.018,219.8,6.9769,-0.00644,1,0.18,2.929,1.6256,80.5,DEGRADED,F1,1,1,mechanical_imbalance,0.3,1,1,,,,,21,0
2026-08-19T15:21:35.507Z,1787152895507,FAN_DT_001_F1_S03_R01_20260819T151936,1,118.969,FAULT_ACTIVE,F1,0.3,FAN_DT_001,3.0,process-model-3.0.0-build3,5608,1,LIVE,SYNCHRONISED,AUTOMATIC,NORMAL,65,1950,1950,0,145,145,0.3,0.36,25.76419,38.87,1.086,1.024,0.0439,0.018,219.8,7.0401,-0.00624,1,0.18,2.838,1.6403,80.5,DEGRADED,F1,1,1,mechanical_imbalance,0.3,1,1,,,,,21,0
2026-08-19T15:21:36.538Z,1787152896538,FAN_DT_001_F1_S03_R01_20260819T151936,1,120,FAULT_ACTIVE,F1,0.3,FAN_DT_001,3.0,process-model-3.0.0-build3,5609,1,LIVE,SYNCHRONISED,AUTOMATIC,NORMAL,65,1950,1950,0,145,145,0.3,0.36,25.75857,38.88,1.086,1.024,0.0439,0.018,219.8,7.1031,-0.00604,1,0.18,2.747,1.655,80.5,DEGRADED,F1,1,1,mechanical_imbalance,0.3,1,1,,,,,21,0
2026-08-19T15:21:37.572Z,1787152897572,FAN_DT_001_F1_S03_R01_20260819T151936,1,121.034,FAULT_ACTIVE,F1,0.3,FAN_DT_001,3.0,process-model-3.0.0-build3,5610,1,LIVE,SYNCHRONISED,AUTOMATIC,NORMAL,65,1950,1950,0,145,145,0.3,0.36,25.75251,38.88,1.086,1.024,0.0439,0.018,219.8,7.1664,-0.00586,1,0.18,2.667,1.6698,80.5,DEGRADED,F1,1,1,mechanical_imbalance,0.3,1,1,,,,,21,0
2026-08-19T15:21:38.614Z,1787152898614,FAN_DT_001_F1_S03_R01_20260819T151936,1,122.075,FAULT_ACTIVE,F1,0.3,FAN_DT_001,3.0,process-model-3.0.0-build3,5611,1,LIVE,SYNCHRONISED,AUTOMATIC,NORMAL,65,1950,1950,0,145,145,0.3,0.36,25.7461,38.89,1.086,1.024,0.0439,0.018,219.8,7.2293,-0.00563,1,0.18,2.563,1.6844,80.5,DEGRADED,F1,1,1,mechanical_imbalance,0.3,1,1,,,,,21,0
2026-08-19T15:21:39.646Z,1787152899646,FAN_DT_001_F1_S03_R01_20260819T151936,1,123.108,FAULT_ACTIVE,F1,0.3,FAN_DT_001,3.0,process-model-3.0.0-build3,5612,1,LIVE,SYNCHRONISED,AUTOMATIC,NORMAL,65,1950,1950,0,145,145,0.3,0.36,25.73927,38.89,1.086,1.024,0.0439,0.018,219.8,7.2924,-0.00545,1,0.18,2.48,1.6991,80.5,DEGRADED,F1,1,1,mechanical_imbalance,0.3,1,1,,,,,21,0
2026-08-19T15:21:40.679Z,1787152900679,FAN_DT_001_F1_S03_R01_20260819T151936,1,124.141,FAULT_ACTIVE,F1,0.3,FAN_DT_001,3.0,process-model-3.0.0-build3,5613,1,LIVE,SYNCHRONISED,AUTOMATIC,NORMAL,65,1950,1950,0,145,145,0.3,0.36,25.73206,38.9,1.086,1.024,0.0439,0.018,219.8,7.3555,-0.00523,1,0.18,2.378,1.7138,80.5,DEGRADED,F1,1,1,mechanical_imbalance,0.3,1,1,,,,,21,0
2026-08-19T15:21:41.715Z,1787152901715,FAN_DT_001_F1_S03_R01_20260819T151936,1,125.177,FAULT_ACTIVE,F1,0.3,FAN_DT_001,3.0,process-model-3.0.0-build3,5614,1,LIVE,SYNCHRONISED,AUTOMATIC,NORMAL,65,1950,1950,0,145,145,0.3,0.36,25.72445,38.9,1.086,1.024,0.0439,0.018,219.8,7.4185,-0.005,1,0.18,2.275,1.7285,80.5,DEGRADED,F1,1,1,mechanical_imbalance,0.3,1,1,,,,,21,0
2026-08-19T15:21:42.754Z,1787152902754,FAN_DT_001_F1_S03_R01_20260819T151936,1,126.216,FAULT_ACTIVE,F1,0.3,FAN_DT_001,3.0,process-model-3.0.0-build3,5615,1,LIVE,SYNCHRONISED,AUTOMATIC,NORMAL,65,1950,1950,0,145,145,0.3,0.36,25.71648,38.91,1.086,1.024,0.0439,0.018,219.8,7.4816,-0.00481,1,0.18,2.186,1.7432,80.5,DEGRADED,F1,1,1,mechanical_imbalance,0.3,1,1,,,,,21,0
2026-08-19T15:21:43.818Z,1787152903818,FAN_DT_001_F1_S03_R01_20260819T151936,1,127.28,FAULT_ACTIVE,F1,0.3,FAN_DT_001,3.0,process-model-3.0.0-build3,5616,1,LIVE,SYNCHRONISED,AUTOMATIC,NORMAL,65,1950,1950,0,145,145,0.3,0.36,25.70811,38.91,1.086,1.024,0.0439,0.018,219.8,7.5448,-0.00457,1,0.18,2.08,1.7579,80.5,DEGRADED,F1,1,1,mechanical_imbalance,0.3,1,1,,,,,21,0
2026-08-19T15:21:44.823Z,1787152904823,FAN_DT_001_F1_S03_R01_20260819T151936,1,128.285,FAULT_ACTIVE,F1,0.3,FAN_DT_001,3.0,process-model-3.0.0-build3,5617,1,LIVE,SYNCHRONISED,AUTOMATIC,NORMAL,65,1950,1950,0,145,145,0.3,0.36,25.69936,38.92,1.086,1.024,0.0439,0.018,219.8,7.608,-0.00436,1,0.18,1.984,1.7727,80.5,DEGRADED,F1,1,1,mechanical_imbalance,0.3,1,1,,,,,21,0
2026-08-19T15:21:45.856Z,1787152905856,FAN_DT_001_F1_S03_R01_20260819T151936,1,129.318,FAULT_ACTIVE,F1,0.3,FAN_DT_001,3.0,process-model-3.0.0-build3,5618,1,LIVE,SYNCHRONISED,AUTOMATIC,NORMAL,65,1950,1950,0,145,145,0.3,0.36,25.69027,38.92,1.086,1.024,0.0439,0.018,219.8,7.671,-0.00414,1,0.18,1.884,1.7873,80.5,DEGRADED,F1,1,1,mechanical_imbalance,0.3,1,1,,,,,21,0
2026-08-19T15:21:46.893Z,1787152906893,FAN_DT_001_F1_S03_R01_20260819T151936,1,130.355,FAULT_ACTIVE,F1,0.3,FAN_DT_001,3.0,process-model-3.0.0-build3,5619,1,LIVE,SYNCHRONISED,AUTOMATIC,NORMAL,65,1950,1950,0,145,145,0.3,0.36,25.6808,38.93,1.086,1.024,0.0439,0.018,219.8,7.7341,-0.0039,1,0.18,1.775,1.802,80.5,DEGRADED,F1,1,1,mechanical_imbalance,0.3,1,1,,,,,21,0
2026-08-19T15:21:47.933Z,1787152907933,FAN_DT_001_F1_S03_R01_20260819T151936,1,131.395,FAULT_ACTIVE,F1,0.3,FAN_DT_001,3.0,process-model-3.0.0-build3,5620,1,LIVE,SYNCHRONISED,AUTOMATIC,NORMAL,65,1950,1950,0,145,145,0.3,0.36,25.67095,38.93,1.086,1.024,0.0439,0.018,219.8,7.7973,-0.00367,1,0.18,1.669,1.8168,80.5,DEGRADED,F1,1,1,mechanical_imbalance,0.3,1,1,,,,,21,0
2026-08-19T15:21:48.971Z,1787152908971,FAN_DT_001_F1_S03_R01_20260819T151936,1,132.433,FAULT_ACTIVE,F1,0.3,FAN_DT_001,3.0,process-model-3.0.0-build3,5621,1,LIVE,SYNCHRONISED,AUTOMATIC,NORMAL,65,1950,1950,0,145,145,0.3,0.36,25.66074,38.93,1.086,1.024,0.0439,0.018,219.8,7.8606,-0.00345,1,0.18,1.571,1.8315,80.5,DEGRADED,F1,1,1,mechanical_imbalance,0.3,1,1,,,,,21,0
2026-08-19T15:21:50.007Z,1787152910007,FAN_DT_001_F1_S03_R01_20260819T151936,1,133.469,FAULT_ACTIVE,F1,0.3,FAN_DT_001,3.0,process-model-3.0.0-build3,5622,1,LIVE,SYNCHRONISED,AUTOMATIC,NORMAL,65,1950,1950,0,145,145,0.3,0.36,25.65019,38.94,1.086,1.024,0.0439,0.018,219.8,7.9238,-0.00321,1,0.18,1.46,1.8462,80.5,DEGRADED,F1,1,1,mechanical_imbalance,0.3,1,1,,,,,21,0
2026-08-19T15:21:51.036Z,1787152911036,FAN_DT_001_F1_S03_R01_20260819T151936,1,134.498,FAULT_ACTIVE,F1,0.3,FAN_DT_001,3.0,process-model-3.0.0-build3,5623,1,LIVE,SYNCHRONISED,AUTOMATIC,NORMAL,65,1950,1950,0,145,145,0.3,0.36,25.63934,38.94,1.086,1.024,0.0439,0.018,219.8,7.9868,-0.00298,1,0.18,1.356,1.8609,80.5,DEGRADED,F1,1,1,mechanical_imbalance,0.3,1,1,,,,,21,0
2026-08-19T15:21:52.074Z,1787152912074,FAN_DT_001_F1_S03_R01_20260819T151936,1,135.536,FAULT_ACTIVE,F1,0.3,FAN_DT_001,3.0,process-model-3.0.0-build3,5624,1,LIVE,SYNCHRONISED,AUTOMATIC,NORMAL,65,1950,1950,0,145,145,0.3,0.36,25.62813,38.94,1.086,1.024,0.0439,0.018,219.8,8.0498,-0.00275,1,0.18,1.249,1.8756,80.5,DEGRADED,F1,1,1,mechanical_imbalance,0.3,1,1,,,,,21,0
2026-08-19T15:21:53.111Z,1787152913111,FAN_DT_001_F1_S03_R01_20260819T151936,1,136.573,FAULT_ACTIVE,F1,0.3,FAN_DT_001,3.0,process-model-3.0.0-build3,5625,1,LIVE,SYNCHRONISED,AUTOMATIC,NORMAL,65,1950,1950,0,145,145,0.3,0.36,25.61662,38.95,1.086,1.024,0.0439,0.018,219.8,8.1128,-0.0025,1,0.18,1.139,1.8903,80.5,DEGRADED,F1,1,1,mechanical_imbalance,0.3,1,1,,,,,21,0
2026-08-19T15:21:54.142Z,1787152914142,FAN_DT_001_F1_S03_R01_20260819T151936,1,137.604,FAULT_ACTIVE,F1,0.3,FAN_DT_001,3.0,process-model-3.0.0-build3,5626,1,LIVE,SYNCHRONISED,AUTOMATIC,NORMAL,65,1950,1950,0,145,145,0.3,0.36,25.60474,38.95,1.086,1.024,0.0439,0.018,219.8,8.1759,-0.00227,1,0.18,1.033,1.905,80.5,DEGRADED,F1,1,1,mechanical_imbalance,0.3,1,1,,,,,21,0
2026-08-19T15:21:55.172Z,1787152915172,FAN_DT_001_F1_S03_R01_20260819T151936,1,138.634,FAULT_ACTIVE,F1,0.3,FAN_DT_001,3.0,process-model-3.0.0-build3,5627,1,LIVE,SYNCHRONISED,AUTOMATIC,NORMAL,65,1950,1950,0,145,145,0.3,0.36,25.59258,38.95,1.086,1.024,0.0439,0.018,219.8,8.2389,-0.00204,1,0.18,0.929,1.9197,80.5,DEGRADED,F1,1,1,mechanical_imbalance,0.3,1,1,,,,,21,0
2026-08-19T15:21:56.209Z,1787152916209,FAN_DT_001_F1_S03_R01_20260819T151936,1,139.671,FAULT_ACTIVE,F1,0.3,FAN_DT_001,3.0,process-model-3.0.0-build3,5628,1,LIVE,SYNCHRONISED,AUTOMATIC,NORMAL,65,1950,1950,0,145,145,0.3,0.36,25.5801,38.95,1.086,1.024,0.0439,0.018,219.8,8.3019,-0.00179,1,0.18,0.815,1.9343,80.5,DEGRADED,F1,1,1,mechanical_imbalance,0.3,1,1,,,,,21,0
2026-08-19T15:21:57.248Z,1787152917248,FAN_DT_001_F1_S03_R01_20260819T151936,1,140.71,FAULT_ACTIVE,F1,0.3,FAN_DT_001,3.0,process-model-3.0.0-build3,5629,1,LIVE,SYNCHRONISED,AUTOMATIC,NORMAL,65,1950,1950,0,145,145,0.3,0.36,25.56728,38.95,1.086,1.024,0.0439,0.018,219.8,8.3651,-0.00155,1,0.18,0.705,1.9491,80.5,DEGRADED,F1,1,1,mechanical_imbalance,0.3,1,1,,,,,21,0
2026-08-19T15:21:58.281Z,1787152918281,FAN_DT_001_F1_S03_R01_20260819T151936,1,141.743,FAULT_ACTIVE,F1,0.3,FAN_DT_001,3.0,process-model-3.0.0-build3,5630,1,LIVE,SYNCHRONISED,AUTOMATIC,NORMAL,65,1950,1950,0,145,145,0.3,0.36,25.55414,38.96,1.086,1.024,0.0439,0.018,219.8,8.4283,-0.0013,1,0.18,0.592,1.9638,80.5,DEGRADED,F1,1,1,mechanical_imbalance,0.3,1,1,,,,,21,0
2026-08-19T15:21:59.314Z,1787152919314,FAN_DT_001_F1_S03_R01_20260819T151936,1,142.776,FAULT_ACTIVE,F1,0.3,FAN_DT_001,3.0,process-model-3.0.0-build3,5631,1,LIVE,SYNCHRONISED,AUTOMATIC,NORMAL,65,1950,1950,0,145,145,0.3,0.36,25.54077,38.96,1.086,1.024,0.0439,0.018,219.8,8.4913,-0.00107,1,0.18,0.488,1.9785,80.5,DEGRADED,F1,1,1,mechanical_imbalance,0.3,1,1,,,,,21,0
2026-08-19T15:22:00.358Z,1787152920358,FAN_DT_001_F1_S03_R01_20260819T151936,1,143.82,FAULT_ACTIVE,F1,0.3,FAN_DT_001,3.0,process-model-3.0.0-build3,5632,1,LIVE,SYNCHRONISED,AUTOMATIC,NORMAL,65,1950,1950,0,145,145,0.3,0.36,25.52708,38.96,1.086,1.024,0.0439,0.018,219.8,8.5545,-0.00084,1,0.18,0.381,1.9932,80.5,DEGRADED,F1,1,1,mechanical_imbalance,0.3,1,1,,,,,21,0
2026-08-19T15:22:01.392Z,1787152921392,FAN_DT_001_F1_S03_R01_20260819T151936,1,144.854,FAULT_ACTIVE,F1,0.3,FAN_DT_001,3.0,process-model-3.0.0-build3,5633,1,LIVE,SYNCHRONISED,AUTOMATIC,NORMAL,65,1950,1950,0,145,145,0.3,0.36,25.51311,38.96,1.086,1.024,0.0439,0.018,219.8,8.6176,-0.00058,1,0.18,0.265,2.0079,80.5,DEGRADED,F1,1,1,mechanical_imbalance,0.3,1,1,,,,,21,0
2026-08-19T15:22:02.430Z,1787152922430,FAN_DT_001_F1_S03_R01_20260819T151936,1,145.892,FAULT_ACTIVE,F1,0.3,FAN_DT_001,3.0,process-model-3.0.0-build3,5634,1,LIVE,SYNCHRONISED,AUTOMATIC,NORMAL,65,1950,1950,0,145,145,0.3,0.36,25.49883,38.96,1.086,1.024,0.0439,0.018,219.8,8.6809,-0.00036,1,0.18,0.163,2.0227,80.5,DEGRADED,F1,1,1,mechanical_imbalance,0.3,1,1,,,,,21,0
2026-08-19T15:22:03.475Z,1787152923475,FAN_DT_001_F1_S03_R01_20260819T151936,1,146.938,FAULT_ACTIVE,F1,0.3,FAN_DT_001,3.0,process-model-3.0.0-build3,5635,1,LIVE,SYNCHRONISED,AUTOMATIC,NORMAL,65,1950,1950,0,145,145,0.3,0.36,25.4843,38.96,1.086,1.024,0.0439,0.018,219.8,8.7442,-0.00009,1,0.18,0.041,2.0374,80.5,DEGRADED,F1,1,1,mechanical_imbalance,0.3,1,1,,,,,21,0
2026-08-19T15:22:04.508Z,1787152924508,FAN_DT_001_F1_S03_R01_20260819T151936,1,147.97,FAULT_ACTIVE,F1,0.3,FAN_DT_001,3.0,process-model-3.0.0-build3,5636,1,LIVE,SYNCHRONISED,AUTOMATIC,NORMAL,65,1950,1950,0,145,145,0.3,0.36,25.46957,38.96,1.086,1.024,0.0439,0.018,219.8,8.8072,0.00015,1,0.18,0.07,2.0521,80.5,DEGRADED,F1,1,1,mechanical_imbalance,0.3,1,1,,,,,21,0
2026-08-19T15:22:05.529Z,1787152925529,FAN_DT_001_F1_S03_R01_20260819T151936,1,148.99,FAULT_ACTIVE,F1,0.3,FAN_DT_001,3.0,process-model-3.0.0-build3,5637,1,LIVE,SYNCHRONISED,AUTOMATIC,NORMAL,65,1950,1950,0,145,145,0.3,0.36,25.45461,38.96,1.086,1.024,0.0439,0.018,219.8,8.8701,0.00038,1,0.18,0.173,2.0667,80.5,DEGRADED,F1,1,1,mechanical_imbalance,0.3,1,1,,,,,21,0
2026-08-19T15:22:06.569Z,1787152926569,FAN_DT_001_F1_S03_R01_20260819T151936,1,150.031,FAULT_ACTIVE,F1,0.3,FAN_DT_001,3.0,process-model-3.0.0-build3,5638,1,LIVE,SYNCHRONISED,AUTOMATIC,NORMAL,65,1950,1950,0,145,145,0.3,0.36,25.4394,38.96,1.086,1.024,0.0439,0.018,219.8,8.9331,0.00064,1,0.18,0.289,2.0814,80.5,DEGRADED,F1,1,1,mechanical_imbalance,0.3,1,1,,,,,21,0
2026-08-19T15:22:07.605Z,1787152927605,FAN_DT_001_F1_S03_R01_20260819T151936,1,151.067,FAULT_ACTIVE,F1,0.3,FAN_DT_001,3.0,process-model-3.0.0-build3,5639,1,LIVE,SYNCHRONISED,AUTOMATIC,NORMAL,65,1950,1950,0,145,145,0.3,0.36,25.4239,38.96,1.086,1.024,0.0439,0.018,219.8,8.9963,0.00087,1,0.18,0.398,2.0961,80.5,DEGRADED,F1,1,1,mechanical_imbalance,0.3,1,1,,,,,21,0
2026-08-19T15:22:08.633Z,1787152928633,FAN_DT_001_F1_S03_R01_20260819T151936,1,152.095,FAULT_ACTIVE,F1,0.3,FAN_DT_001,3.0,process-model-3.0.0-build3,5640,1,LIVE,SYNCHRONISED,AUTOMATIC,NORMAL,65,1950,1950,0,145,145,0.3,0.36,25.40832,38.96,1.086,1.024,0.0439,0.018,219.8,9.059,0.00111,1,0.18,0.505,2.1108,80.5,DEGRADED,F1,1,1,mechanical_imbalance,0.3,1,1,,,,,21,0
2026-08-19T15:22:09.666Z,1787152929666,FAN_DT_001_F1_S03_R01_20260819T151936,1,153.129,FAULT_ACTIVE,F1,0.3,FAN_DT_001,3.0,process-model-3.0.0-build3,5641,1,LIVE,SYNCHRONISED,AUTOMATIC,NORMAL,65,1950,1950,0,145,145,0.3,0.36,25.39238,38.96,1.086,1.024,0.0439,0.018,219.8,9.1222,0.00136,1,0.18,0.62,2.1255,80.5,DEGRADED,F1,1,1,mechanical_imbalance,0.3,1,1,,,,,21,0
2026-08-19T15:22:10.700Z,1787152930700,FAN_DT_001_F1_S03_R01_20260819T151936,1,154.162,FAULT_ACTIVE,F1,0.3,FAN_DT_001,3.0,process-model-3.0.0-build3,5642,1,LIVE,SYNCHRONISED,AUTOMATIC,NORMAL,65,1950,1950,0,145,145,0.3,0.36,25.3763,38.95,1.086,1.024,0.0439,0.018,219.8,9.1852,0.00161,1,0.18,0.732,2.1402,80.5,DEGRADED,F1,1,1,mechanical_imbalance,0.3,1,1,,,,,21,0
2026-08-19T15:22:11.752Z,1787152931752,FAN_DT_001_F1_S03_R01_20260819T151936,1,155.214,FAULT_ACTIVE,F1,0.3,FAN_DT_001,3.0,process-model-3.0.0-build3,5643,1,LIVE,SYNCHRONISED,AUTOMATIC,NORMAL,65,1950,1950,0,145,145,0.3,0.36,25.36001,38.95,1.086,1.024,0.0439,0.018,219.8,9.2483,0.00185,1,0.18,0.842,2.1548,80.5,DEGRADED,F1,1,1,mechanical_imbalance,0.3,1,1,,,,,21,0
2026-08-19T15:22:12.774Z,1787152932774,FAN_DT_001_F1_S03_R01_20260819T151936,1,156.236,FAULT_ACTIVE,F1,0.3,FAN_DT_001,3.0,process-model-3.0.0-build3,5644,1,LIVE,SYNCHRONISED,AUTOMATIC,NORMAL,65,1950,1950,0,145,145,0.3,0.36,25.34351,38.95,1.086,1.024,0.0439,0.018,219.8,9.3113,0.00207,1,0.18,0.941,2.1695,80.5,DEGRADED,F1,1,1,mechanical_imbalance,0.3,1,1,,,,,21,0
2026-08-19T15:22:13.811Z,1787152933811,FAN_DT_001_F1_S03_R01_20260819T151936,1,157.274,FAULT_ACTIVE,F1,0.3,FAN_DT_001,3.0,process-model-3.0.0-build3,5645,1,LIVE,SYNCHRONISED,AUTOMATIC,NORMAL,65,1950,1950,0,145,145,0.3,0.36,25.3268,38.95,1.086,1.024,0.0439,0.018,219.8,9.3746,0.00231,1,0.18,1.052,2.1843,80.5,DEGRADED,F1,1,1,mechanical_imbalance,0.3,1,1,,,,,21,0
2026-08-19T15:22:14.847Z,1787152934847,FAN_DT_001_F1_S03_R01_20260819T151936,1,158.309,FAULT_ACTIVE,F1,0.3,FAN_DT_001,3.0,process-model-3.0.0-build3,5646,1,LIVE,SYNCHRONISED,AUTOMATIC,NORMAL,65,1950,1950,0,145,145,0.3,0.36,25.30992,38.95,1.086,1.024,0.0439,0.018,219.8,9.4377,0.00254,1,0.18,1.157,2.199,80.5,DEGRADED,F1,1,1,mechanical_imbalance,0.3,1,1,,,,,21,0
2026-08-19T15:22:15.876Z,1787152935876,FAN_DT_001_F1_S03_R01_20260819T151936,1,159.338,FAULT_ACTIVE,F1,0.3,FAN_DT_001,3.0,process-model-3.0.0-build3,5647,1,LIVE,SYNCHRONISED,AUTOMATIC,NORMAL,65,1950,1950,0,145,145,0.3,0.36,25.29294,38.94,1.086,1.024,0.0439,0.018,219.8,9.5007,0.00279,1,0.18,1.267,2.2137,80.5,DEGRADED,F1,1,1,mechanical_imbalance,0.3,1,1,,,,,21,0
2026-08-19T15:22:16.907Z,1787152936907,FAN_DT_001_F1_S03_R01_20260819T151936,1,160.369,FAULT_ACTIVE,F1,0.3,FAN_DT_001,3.0,process-model-3.0.0-build3,5648,1,LIVE,SYNCHRONISED,AUTOMATIC,NORMAL,65,1950,1950,0,145,145,0.3,0.36,25.27581,38.94,1.086,1.024,0.0439,0.018,219.8,9.5636,0.00303,1,0.18,1.38,2.2283,80.5,DEGRADED,F1,1,1,mechanical_imbalance,0.3,1,1,,,,,21,0
2026-08-19T15:22:17.946Z,1787152937946,FAN_DT_001_F1_S03_R01_20260819T151936,1,161.408,FAULT_ACTIVE,F1,0.3,FAN_DT_001,3.0,process-model-3.0.0-build3,5649,1,LIVE,SYNCHRONISED,AUTOMATIC,NORMAL,65,1950,1950,0,145,145,0.3,0.36,25.25845,38.94,1.086,1.024,0.0439,0.018,219.8,9.6269,0.00327,1,0.18,1.486,2.2431,80.5,DEGRADED,F1,1,1,mechanical_imbalance,0.3,1,1,,,,,21,0
2026-08-19T15:22:18.997Z,1787152938997,FAN_DT_001_F1_S03_R01_20260819T151936,1,162.459,FAULT_ACTIVE,F1,0.3,FAN_DT_001,3.0,process-model-3.0.0-build3,5650,1,LIVE,SYNCHRONISED,AUTOMATIC,NORMAL,65,1950,1950,0,145,145,0.3,0.36,25.241,38.93,1.086,1.024,0.0439,0.018,219.8,9.69,0.00349,1,0.18,1.59,2.2578,80.5,DEGRADED,F1,1,1,mechanical_imbalance,0.3,1,1,,,,,21,0
2026-08-19T15:22:20.024Z,1787152940024,FAN_DT_001_F1_S03_R01_20260819T151936,1,163.486,FAULT_ACTIVE,F1,0.3,FAN_DT_001,3.0,process-model-3.0.0-build3,5651,1,LIVE,SYNCHRONISED,AUTOMATIC,NORMAL,65,1950,1950,0,145,145,0.3,0.36,25.22337,38.93,1.086,1.024,0.0439,0.018,219.8,9.7532,0.00373,1,0.18,1.695,2.2725,80.5,DEGRADED,F1,1,1,mechanical_imbalance,0.3,1,1,,,,,21,0
2026-08-19T15:22:21.057Z,1787152941057,FAN_DT_001_F1_S03_R01_20260819T151936,1,164.519,FAULT_ACTIVE,F1,0.3,FAN_DT_001,3.0,process-model-3.0.0-build3,5652,1,LIVE,SYNCHRONISED,AUTOMATIC,NORMAL,65,1950,1950,0,145,145,0.3,0.36,25.20565,38.92,1.086,1.024,0.0439,0.018,219.8,9.8164,0.00394,1,0.18,1.791,2.2872,80.5,DEGRADED,F1,1,1,mechanical_imbalance,0.3,1,1,,,,,21,0
2026-08-19T15:22:22.090Z,1787152942090,FAN_DT_001_F1_S03_R01_20260819T151936,1,165.552,FAULT_ACTIVE,F1,0.3,FAN_DT_001,3.0,process-model-3.0.0-build3,5653,1,LIVE,SYNCHRONISED,AUTOMATIC,NORMAL,65,1950,1950,0,145,145,0.3,0.36,25.18786,38.92,1.086,1.024,0.0439,0.018,219.8,9.8795,0.00418,1,0.18,1.901,2.3019,80.5,DEGRADED,F1,1,1,mechanical_imbalance,0.3,1,1,,,,,21,0
2026-08-19T15:22:23.126Z,1787152943126,FAN_DT_001_F1_S03_R01_20260819T151936,1,166.588,FAULT_ACTIVE,F1,0.3,FAN_DT_001,3.0,process-model-3.0.0-build3,5654,1,LIVE,SYNCHRONISED,AUTOMATIC,NORMAL,65,1950,1950,0,145,145,0.3,0.36,25.17009,38.92,1.086,1.024,0.0439,0.018,219.8,9.9421,0.00439,1,0.18,1.995,2.3165,80.5,DEGRADED,F1,1,1,mechanical_imbalance,0.3,1,1,,,,,21,0
2026-08-19T15:22:24.159Z,1787152944159,FAN_DT_001_F1_S03_R01_20260819T151936,1,167.621,FAULT_ACTIVE,F1,0.3,FAN_DT_001,3.0,process-model-3.0.0-build3,5655,1,LIVE,SYNCHRONISED,AUTOMATIC,NORMAL,65,1950,1950,0,145,145,0.3,0.36,25.15206,38.91,1.086,1.024,0.0439,0.018,219.8,10.0053,0.0046,1,0.18,2.093,2.3312,80.5,DEGRADED,F1,1,1,mechanical_imbalance,0.3,1,1,,,,,21,0
2026-08-19T15:22:25.210Z,1787152945210,FAN_DT_001_F1_S03_R01_20260819T151936,1,168.672,FAULT_ACTIVE,F1,0.3,FAN_DT_001,3.0,process-model-3.0.0-build3,5656,1,LIVE,SYNCHRONISED,AUTOMATIC,NORMAL,65,1950,1950,0,145,145,0.3,0.36,25.13392,38.91,1.086,1.024,0.0439,0.018,219.8,10.0686,0.00484,1,0.18,2.2,2.346,80.5,DEGRADED,F1,1,1,mechanical_imbalance,0.3,1,1,,,,,21,0
2026-08-19T15:22:26.230Z,1787152946230,FAN_DT_001_F1_S03_R01_20260819T151936,1,169.692,FAULT_ACTIVE,F1,0.3,FAN_DT_001,3.0,process-model-3.0.0-build3,5657,1,LIVE,SYNCHRONISED,AUTOMATIC,NORMAL,65,1950,1950,0,145,145,0.3,0.36,25.11576,38.9,1.086,1.024,0.0439,0.018,219.8,10.1317,0.00506,1,0.18,2.3,2.3607,80.5,DEGRADED,F1,1,1,mechanical_imbalance,0.3,1,1,,,,,21,0
2026-08-19T15:22:27.261Z,1787152947261,FAN_DT_001_F1_S03_R01_20260819T151936,1,170.723,FAULT_ACTIVE,F1,0.3,FAN_DT_001,3.0,process-model-3.0.0-build3,5658,1,LIVE,SYNCHRONISED,AUTOMATIC,NORMAL,65,1950,1950,0,145,145,0.3,0.36,25.09761,38.9,1.086,1.024,0.0439,0.018,219.8,10.1947,0.00525,1,0.18,2.388,2.3754,80.5,DEGRADED,F1,1,1,mechanical_imbalance,0.3,1,1,,,,,21,0
2026-08-19T15:22:28.295Z,1787152948295,FAN_DT_001_F1_S03_R01_20260819T151936,1,171.757,FAULT_ACTIVE,F1,0.3,FAN_DT_001,3.0,process-model-3.0.0-build3,5659,1,LIVE,SYNCHRONISED,AUTOMATIC,NORMAL,65,1950,1950,0,145,145,0.3,0.36,25.07936,38.89,1.086,1.024,0.0439,0.018,219.8,10.2577,0.00547,1,0.18,2.489,2.39,80.5,DEGRADED,F1,1,1,mechanical_imbalance,0.3,1,1,,,,,21,0
2026-08-19T15:22:29.332Z,1787152949332,FAN_DT_001_F1_S03_R01_20260819T151936,1,172.794,FAULT_ACTIVE,F1,0.3,FAN_DT_001,3.0,process-model-3.0.0-build3,5660,1,LIVE,SYNCHRONISED,AUTOMATIC,NORMAL,65,1950,1950,0,145,145,0.3,0.36,25.06106,38.88,1.086,1.024,0.0439,0.018,219.8,10.3208,0.00566,1,0.18,2.577,2.4048,80.5,DEGRADED,F1,1,1,mechanical_imbalance,0.3,1,1,,,,,21,0
2026-08-19T15:22:30.373Z,1787152950373,FAN_DT_001_F1_S03_R01_20260819T151936,1,173.835,FAULT_ACTIVE,F1,0.3,FAN_DT_001,3.0,process-model-3.0.0-build3,5661,1,LIVE,SYNCHRONISED,AUTOMATIC,NORMAL,65,1950,1950,0,145,145,0.3,0.36,25.04269,38.88,1.086,1.024,0.0439,0.018,219.8,10.384,0.00587,1,0.18,2.67,2.4195,80.5,DEGRADED,F1,1,1,mechanical_imbalance,0.3,1,1,,,,,21,0
2026-08-19T15:22:31.411Z,1787152951411,FAN_DT_001_F1_S03_R01_20260819T151936,1,174.873,FAULT_ACTIVE,F1,0.3,FAN_DT_001,3.0,process-model-3.0.0-build3,5662,1,LIVE,SYNCHRONISED,AUTOMATIC,NORMAL,65,1950,1950,0,145,145,0.3,0.36,25.02429,38.87,1.086,1.024,0.0439,0.018,219.8,10.4473,0.00609,1,0.18,2.768,2.4342,80.5,DEGRADED,F1,1,1,mechanical_imbalance,0.3,1,1,,,,,21,0
2026-08-19T15:22:32.449Z,1787152952449,FAN_DT_001_F1_S03_R01_20260819T151936,1,175.911,FAULT_ACTIVE,F1,0.3,FAN_DT_001,3.0,process-model-3.0.0-build3,5663,1,LIVE,SYNCHRONISED,AUTOMATIC,NORMAL,65,1950,1950,0,145,145,0.3,0.36,25.00592,38.87,1.086,1.024,0.0439,0.018,219.8,10.5104,0.0063,1,0.18,2.865,2.4489,80.5,DEGRADED,F1,1,1,mechanical_imbalance,0.3,1,1,,,,,21,0
2026-08-19T15:22:33.474Z,1787152953474,FAN_DT_001_F1_S03_R01_20260819T151936,1,176.936,FAULT_ACTIVE,F1,0.3,FAN_DT_001,3.0,process-model-3.0.0-build3,5664,1,LIVE,SYNCHRONISED,AUTOMATIC,NORMAL,65,1950,1950,0,145,145,0.3,0.36,24.98759,38.86,1.086,1.024,0.0439,0.018,219.8,10.5734,0.00647,1,0.18,2.941,2.4636,80.5,DEGRADED,F1,1,1,mechanical_imbalance,0.3,1,1,,,,,21,0
2026-08-19T15:22:34.550Z,1787152954550,FAN_DT_001_F1_S03_R01_20260819T151936,1,178.012,FAULT_ACTIVE,F1,0.3,FAN_DT_001,3.0,process-model-3.0.0-build3,5665,1,LIVE,SYNCHRONISED,AUTOMATIC,NORMAL,65,1950,1950,0,145,145,0.3,0.36,24.96926,38.85,1.086,1.024,0.0439,0.018,219.8,10.6364,0.00668,1,0.18,3.037,2.4783,80.5,DEGRADED,F1,1,1,mechanical_imbalance,0.3,1,1,,,,,21,0
2026-08-19T15:22:35.552Z,1787152955552,FAN_DT_001_F1_S03_R01_20260819T151936,1,179.015,FAULT_ACTIVE,F1,0.3,FAN_DT_001,3.0,process-model-3.0.0-build3,5666,1,LIVE,SYNCHRONISED,AUTOMATIC,NORMAL,65,1950,1950,0,145,145,0.3,0.36,24.95084,38.85,1.086,1.024,0.0439,0.018,219.8,10.6997,0.00685,1,0.18,3.119,2.493,80.5,DEGRADED,F1,1,1,mechanical_imbalance,0.3,1,1,,,,,21,0
2026-08-19T15:22:36.583Z,1787152956583,FAN_DT_001_F1_S03_R01_20260819T151936,1,180.045,FAULT_ACTIVE,F1,0.3,FAN_DT_001,3.0,process-model-3.0.0-build3,5667,1,LIVE,SYNCHRONISED,AUTOMATIC,NORMAL,65,1950,1950,0,145,145,0.3,0.36,24.93249,38.84,1.086,1.024,0.0439,0.018,219.8,10.7629,0.00705,1,0.18,3.209,2.5078,80.5,DEGRADED,F1,1,1,mechanical_imbalance,0.3,1,1,,,,,21,0
2026-08-19T15:22:37.616Z,1787152957616,FAN_DT_001_F1_S03_R01_20260819T151936,1,181.078,FAULT_ACTIVE,F1,0.3,FAN_DT_001,3.0,process-model-3.0.0-build3,5668,1,LIVE,SYNCHRONISED,AUTOMATIC,NORMAL,65,1950,1950,0,145,145,0.3,0.36,24.91423,38.83,1.086,1.024,0.0439,0.018,219.8,10.8259,0.00722,1,0.18,3.287,2.5224,80.5,DEGRADED,F1,1,1,mechanical_imbalance,0.3,1,1,,,,,21,0
2026-08-19T15:22:38.651Z,1787152958651,FAN_DT_001_F1_S03_R01_20260819T151936,1,182.113,FAULT_ACTIVE,F1,0.3,FAN_DT_001,3.0,process-model-3.0.0-build3,5669,1,LIVE,SYNCHRONISED,AUTOMATIC,NORMAL,65,1950,1950,0,145,145,0.3,0.36,24.89609,38.82,1.086,1.024,0.0439,0.018,219.8,10.8886,0.0074,1,0.18,3.366,2.537,80.5,DEGRADED,F1,1,1,mechanical_imbalance,0.3,1,1,,,,,21,0
2026-08-19T15:22:39.691Z,1787152959691,FAN_DT_001_F1_S03_R01_20260819T151936,1,183.153,FAULT_ACTIVE,F1,0.3,FAN_DT_001,3.0,process-model-3.0.0-build3,5670,1,LIVE,SYNCHRONISED,AUTOMATIC,NORMAL,65,1950,1950,0,145,145,0.3,0.36,24.87787,38.82,1.086,1.024,0.0439,0.018,219.8,10.9519,0.00757,1,0.18,3.444,2.5518,80.5,DEGRADED,F1,1,1,mechanical_imbalance,0.3,1,1,,,,,21,0
2026-08-19T15:22:40.720Z,1787152960720,FAN_DT_001_F1_S03_R01_20260819T151936,1,184.182,FAULT_ACTIVE,F1,0.3,FAN_DT_001,3.0,process-model-3.0.0-build3,5671,1,LIVE,SYNCHRONISED,AUTOMATIC,NORMAL,65,1950,1950,0,145,145,0.3,0.36,24.85976,38.81,1.086,1.024,0.0439,0.018,219.8,11.0149,0.00775,1,0.18,3.526,2.5665,80.5,DEGRADED,F1,1,1,mechanical_imbalance,0.3,1,1,,,,,21,0
2026-08-19T15:22:41.750Z,1787152961750,FAN_DT_001_F1_S03_R01_20260819T151936,1,185.212,FAULT_ACTIVE,F1,0.3,FAN_DT_001,3.0,process-model-3.0.0-build3,5672,1,LIVE,SYNCHRONISED,AUTOMATIC,NORMAL,65,1950,1950,0,145,145,0.3,0.36,24.84176,38.8,1.086,1.024,0.0439,0.018,219.8,11.0778,0.0079,1,0.18,3.596,2.5811,80.5,DEGRADED,F1,1,1,mechanical_imbalance,0.3,1,1,,,,,21,0
2026-08-19T15:22:42.784Z,1787152962784,FAN_DT_001_F1_S03_R01_20260819T151936,1,186.246,FAULT_ACTIVE,F1,0.3,FAN_DT_001,3.0,process-model-3.0.0-build3,5673,1,LIVE,SYNCHRONISED,AUTOMATIC,NORMAL,65,1950,1950,0,145,145,0.3,0.36,24.82383,38.79,1.086,1.024,0.0439,0.018,219.8,11.1408,0.00807,1,0.18,3.67,2.5958,80.5,DEGRADED,F1,1,1,mechanical_imbalance,0.3,1,1,,,,,21,0
2026-08-19T15:22:43.824Z,1787152963824,FAN_DT_001_F1_S03_R01_20260819T151936,1,187.285,FAULT_ACTIVE,F1,0.3,FAN_DT_001,3.0,process-model-3.0.0-build3,5674,1,LIVE,SYNCHRONISED,AUTOMATIC,NORMAL,65,1950,1950,0,145,145,0.3,0.36,24.80597,38.78,1.086,1.024,0.0439,0.018,219.8,11.2038,0.00821,1,0.18,3.734,2.6105,80.5,DEGRADED,F1,1,1,mechanical_imbalance,0.3,1,1,,,,,21,0
2026-08-19T15:22:44.862Z,1787152964862,FAN_DT_001_F1_S03_R01_20260819T151936,1,188.324,FAULT_ACTIVE,F1,0.3,FAN_DT_001,3.0,process-model-3.0.0-build3,5675,1,LIVE,SYNCHRONISED,AUTOMATIC,NORMAL,65,1950,1950,0,145,145,0.3,0.36,24.78814,38.77,1.086,1.024,0.0439,0.018,219.8,11.2671,0.00838,1,0.18,3.813,2.6252,80.5,DEGRADED,F1,1,1,mechanical_imbalance,0.3,1,1,,,,,21,0
2026-08-19T15:22:45.895Z,1787152965895,FAN_DT_001_F1_S03_R01_20260819T151936,1,189.357,FAULT_ACTIVE,F1,0.3,FAN_DT_001,3.0,process-model-3.0.0-build3,5676,1,LIVE,SYNCHRONISED,AUTOMATIC,NORMAL,65,1950,1950,0,145,145,0.3,0.36,24.77044,38.77,1.086,1.024,0.0439,0.018,219.8,11.3304,0.00851,1,0.18,3.87,2.64,80.5,DEGRADED,F1,1,1,mechanical_imbalance,0.3,1,1,,,,,21,0
2026-08-19T15:22:46.928Z,1787152966928,FAN_DT_001_F1_S03_R01_20260819T151936,1,190.39,FAULT_ACTIVE,F1,0.3,FAN_DT_001,3.0,process-model-3.0.0-build3,5677,1,LIVE,SYNCHRONISED,AUTOMATIC,NORMAL,65,1950,1950,0,145,145,0.3,0.36,24.75292,38.76,1.086,1.024,0.0439,0.018,219.8,11.3934,0.00867,1,0.18,3.945,2.6547,80.5,DEGRADED,F1,1,1,mechanical_imbalance,0.3,1,1,,,,,21,0
2026-08-19T15:22:47.969Z,1787152967969,FAN_DT_001_F1_S03_R01_20260819T151936,1,191.431,FAULT_ACTIVE,F1,0.3,FAN_DT_001,3.0,process-model-3.0.0-build3,5678,1,LIVE,SYNCHRONISED,AUTOMATIC,NORMAL,65,1950,1950,0,145,145,0.3,0.36,24.73553,38.75,1.086,1.024,0.0439,0.018,219.8,11.4565,0.00881,1,0.18,4.01,2.6694,80.5,DEGRADED,F1,1,1,mechanical_imbalance,0.3,1,1,,,,,21,0
2026-08-19T15:22:49.006Z,1787152969006,FAN_DT_001_F1_S03_R01_20260819T151936,1,192.468,FAULT_ACTIVE,F1,0.3,FAN_DT_001,3.0,process-model-3.0.0-build3,5679,1,LIVE,SYNCHRONISED,AUTOMATIC,NORMAL,65,1950,1950,0,145,145,0.3,0.36,24.71821,38.74,1.086,1.024,0.0439,0.018,219.8,11.5197,0.00895,1,0.18,4.072,2.6841,80.5,DEGRADED,F1,1,1,mechanical_imbalance,0.3,1,1,,,,,21,0
2026-08-19T15:22:50.039Z,1787152970039,FAN_DT_001_F1_S03_R01_20260819T151936,1,193.501,FAULT_ACTIVE,F1,0.3,FAN_DT_001,3.0,process-model-3.0.0-build3,5680,1,LIVE,SYNCHRONISED,AUTOMATIC,NORMAL,65,1950,1950,0,145,145,0.3,0.36,24.70105,38.73,1.086,1.024,0.0439,0.018,219.8,11.583,0.00905,1,0.18,4.118,2.6988,80.5,DEGRADED,F1,1,1,mechanical_imbalance,0.3,1,1,,,,,21,0
2026-08-19T15:22:51.072Z,1787152971072,FAN_DT_001_F1_S03_R01_20260819T151936,1,194.534,FAULT_ACTIVE,F1,0.3,FAN_DT_001,3.0,process-model-3.0.0-build3,5681,1,LIVE,SYNCHRONISED,AUTOMATIC,NORMAL,65,1950,1950,0,145,145,0.3,0.36,24.68412,38.72,1.086,1.024,0.0439,0.018,219.8,11.6459,0.00919,1,0.18,4.182,2.7135,80.5,DEGRADED,F1,1,1,mechanical_imbalance,0.3,1,1,,,,,21,0
2026-08-19T15:22:52.109Z,1787152972109,FAN_DT_001_F1_S03_R01_20260819T151936,1,195.571,FAULT_ACTIVE,F1,0.3,FAN_DT_001,3.0,process-model-3.0.0-build3,5682,1,LIVE,SYNCHRONISED,AUTOMATIC,NORMAL,65,1950,1950,0,145,145,0.3,0.36,24.66734,38.71,1.086,1.024,0.0439,0.018,219.8,11.709,0.00931,1,0.18,4.234,2.7282,80.5,DEGRADED,F1,1,1,mechanical_imbalance,0.3,1,1,,,,,21,0
2026-08-19T15:22:53.143Z,1787152973143,FAN_DT_001_F1_S03_R01_20260819T151936,1,196.605,FAULT_ACTIVE,F1,0.3,FAN_DT_001,3.0,process-model-3.0.0-build3,5683,1,LIVE,SYNCHRONISED,AUTOMATIC,NORMAL,65,1950,1950,0,145,145,0.3,0.36,24.6507,38.7,1.086,1.024,0.0439,0.018,219.8,11.7722,0.00942,1,0.18,4.285,2.7429,80.5,DEGRADED,F1,1,1,mechanical_imbalance,0.3,1,1,,,,,21,0
2026-08-19T15:22:54.176Z,1787152974176,FAN_DT_001_F1_S03_R01_20260819T151936,1,197.638,FAULT_ACTIVE,F1,0.3,FAN_DT_001,3.0,process-model-3.0.0-build3,5684,1,LIVE,SYNCHRONISED,AUTOMATIC,NORMAL,65,1950,1950,0,145,145,0.3,0.36,24.63429,38.69,1.086,1.024,0.0439,0.018,219.8,11.8352,0.00954,1,0.18,4.339,2.7576,80.5,DEGRADED,F1,1,1,mechanical_imbalance,0.3,1,1,,,,,21,0
2026-08-19T15:22:55.233Z,1787152975233,FAN_DT_001_F1_S03_R01_20260819T151936,1,198.696,FAULT_ACTIVE,F1,0.3,FAN_DT_001,3.0,process-model-3.0.0-build3,5685,1,LIVE,SYNCHRONISED,AUTOMATIC,NORMAL,65,1950,1950,0,145,145,0.3,0.36,24.61808,38.68,1.086,1.024,0.0439,0.018,219.8,11.8982,0.00962,1,0.18,4.378,2.7723,80.5,DEGRADED,F1,1,1,mechanical_imbalance,0.3,1,1,,,,,21,0
2026-08-19T15:22:56.252Z,1787152976252,FAN_DT_001_F1_S03_R01_20260819T151936,1,199.714,FAULT_ACTIVE,F1,0.3,FAN_DT_001,3.0,process-model-3.0.0-build3,5686,1,LIVE,SYNCHRONISED,AUTOMATIC,NORMAL,65,1950,1950,0,145,145,0.3,0.36,24.60199,38.67,1.086,1.024,0.0439,0.018,219.8,11.9614,0.00973,1,0.18,4.428,2.787,80.5,DEGRADED,F1,1,1,mechanical_imbalance,0.3,1,1,,,,,21,0
2026-08-19T15:22:57.284Z,1787152977284,FAN_DT_001_F1_S03_R01_20260819T151936,1,200.746,FAULT_ACTIVE,F1,0.3,FAN_DT_001,3.0,process-model-3.0.0-build3,5687,1,LIVE,SYNCHRONISED,AUTOMATIC,NORMAL,65,1950,1950,0,145,145,0.3,0.36,24.58614,38.66,1.086,1.024,0.0439,0.018,219.8,12.0246,0.00982,1,0.18,4.469,2.8017,80.5,DEGRADED,F1,1,1,mechanical_imbalance,0.3,1,1,,,,,21,0
2026-08-19T15:22:58.321Z,1787152978321,FAN_DT_001_F1_S03_R01_20260819T151936,1,201.783,FAULT_ACTIVE,F1,0.3,FAN_DT_001,3.0,process-model-3.0.0-build3,5688,1,LIVE,SYNCHRONISED,AUTOMATIC,NORMAL,65,1950,1950,0,145,145,0.3,0.36,24.57057,38.65,1.086,1.024,0.0439,0.018,219.8,12.0876,0.00993,1,0.18,4.518,2.8164,80.5,DEGRADED,F1,1,1,mechanical_imbalance,0.3,1,1,,,,,21,0
2026-08-19T15:22:59.353Z,1787152979353,FAN_DT_001_F1_S03_R01_20260819T151936,1,202.815,FAULT_ACTIVE,F1,0.3,FAN_DT_001,3.0,process-model-3.0.0-build3,5689,1,LIVE,SYNCHRONISED,AUTOMATIC,NORMAL,65,1950,1950,0,145,145,0.3,0.36,24.55516,38.64,1.086,1.024,0.0439,0.018,219.8,12.1508,0.00999,1,0.18,4.546,2.8311,80.5,DEGRADED,F1,1,1,mechanical_imbalance,0.3,1,1,,,,,21,0
2026-08-19T15:23:00.387Z,1787152980387,FAN_DT_001_F1_S03_R01_20260819T151936,1,203.849,FAULT_ACTIVE,F1,0.3,FAN_DT_001,3.0,process-model-3.0.0-build3,5690,1,LIVE,SYNCHRONISED,AUTOMATIC,NORMAL,65,1950,1950,0,145,145,0.3,0.36,24.54004,38.63,1.086,1.024,0.0439,0.018,219.8,12.2138,0.01008,1,0.18,4.584,2.8458,80.5,DEGRADED,F1,1,1,mechanical_imbalance,0.3,1,1,,,,,21,0
2026-08-19T15:23:01.425Z,1787152981425,FAN_DT_001_F1_S03_R01_20260819T151936,1,204.887,FAULT_ACTIVE,F1,0.3,FAN_DT_001,3.0,process-model-3.0.0-build3,5691,1,LIVE,SYNCHRONISED,AUTOMATIC,NORMAL,65,1950,1950,0,145,145,0.3,0.36,24.52514,38.62,1.086,1.024,0.0439,0.018,219.8,12.2768,0.01016,1,0.18,4.624,2.8605,80.5,DEGRADED,F1,1,1,mechanical_imbalance,0.3,1,1,,,,,21,0
2026-08-19T15:23:02.460Z,1787152982460,FAN_DT_001_F1_S03_R01_20260819T151936,1,205.922,FAULT_ACTIVE,F1,0.3,FAN_DT_001,3.0,process-model-3.0.0-build3,5692,1,LIVE,SYNCHRONISED,AUTOMATIC,NORMAL,65,1950,1950,0,145,145,0.3,0.36,24.51046,38.61,1.086,1.024,0.0439,0.018,219.8,12.34,0.01023,1,0.18,4.656,2.8752,80.5,DEGRADED,F1,1,1,mechanical_imbalance,0.3,1,1,,,,,21,0
2026-08-19T15:23:03.493Z,1787152983493,FAN_DT_001_F1_S03_R01_20260819T151936,1,206.955,FAULT_ACTIVE,F1,0.3,FAN_DT_001,3.0,process-model-3.0.0-build3,5693,1,LIVE,SYNCHRONISED,AUTOMATIC,NORMAL,65,1950,1950,0,145,145,0.3,0.36,24.49604,38.6,1.086,1.024,0.0439,0.018,219.8,12.4032,0.01027,1,0.18,4.674,2.8899,80.5,DEGRADED,F1,1,1,mechanical_imbalance,0.3,1,1,,,,,21,0
2026-08-19T15:23:04.533Z,1787152984533,FAN_DT_001_F1_S03_R01_20260819T151936,1,207.994,FAULT_ACTIVE,F1,0.3,FAN_DT_001,3.0,process-model-3.0.0-build3,5694,1,LIVE,SYNCHRONISED,AUTOMATIC,NORMAL,65,1950,1950,0,145,145,0.3,0.36,24.48192,38.59,1.086,1.024,0.0439,0.018,219.8,12.4662,0.01035,1,0.18,4.707,2.9046,80.5,DEGRADED,F1,1,1,mechanical_imbalance,0.3,1,1,,,,,21,0
2026-08-19T15:23:05.569Z,1787152985569,FAN_DT_001_F1_S03_R01_20260819T151936,1,209.031,FAULT_ACTIVE,F1,0.3,FAN_DT_001,3.0,process-model-3.0.0-build3,5695,1,LIVE,SYNCHRONISED,AUTOMATIC,NORMAL,65,1950,1950,0,145,145,0.3,0.36,24.46804,38.58,1.086,1.024,0.0439,0.018,219.8,12.5294,0.0104,1,0.18,4.732,2.9193,80.5,DEGRADED,F1,1,1,mechanical_imbalance,0.3,1,1,,,,,21,0
2026-08-19T15:23:06.600Z,1787152986600,FAN_DT_001_F1_S03_R01_20260819T151936,1,210.062,FAULT_ACTIVE,F1,0.3,FAN_DT_001,3.0,process-model-3.0.0-build3,5696,1,LIVE,SYNCHRONISED,AUTOMATIC,NORMAL,65,1950,1950,0,145,145,0.3,0.36,24.45444,38.57,1.086,1.024,0.0439,0.018,219.8,12.5925,0.01044,1,0.18,4.752,2.9341,80.5,DEGRADED,F1,1,1,mechanical_imbalance,0.3,1,1,,,,,21,0
2026-08-19T15:23:07.635Z,1787152987635,FAN_DT_001_F1_S03_R01_20260819T151936,1,211.097,FAULT_ACTIVE,F1,0.3,FAN_DT_001,3.0,process-model-3.0.0-build3,5697,1,LIVE,SYNCHRONISED,AUTOMATIC,NORMAL,65,1950,1950,0,145,145,0.3,0.36,24.44117,38.55,1.086,1.024,0.0439,0.018,219.8,12.6555,0.01049,1,0.18,4.773,2.9487,80.5,DEGRADED,F1,1,1,mechanical_imbalance,0.3,1,1,,,,,21,0
2026-08-19T15:23:08.671Z,1787152988671,FAN_DT_001_F1_S03_R01_20260819T151936,1,212.133,FAULT_ACTIVE,F1,0.3,FAN_DT_001,3.0,process-model-3.0.0-build3,5698,1,LIVE,SYNCHRONISED,AUTOMATIC,NORMAL,65,1950,1950,0,145,145,0.3,0.36,24.42821,38.54,1.086,1.024,0.0439,0.018,219.8,12.7185,0.01051,1,0.18,4.779,2.9634,80.5,DEGRADED,F1,1,1,mechanical_imbalance,0.3,1,1,,,,,21,0
2026-08-19T15:23:09.706Z,1787152989706,FAN_DT_001_F1_S03_R01_20260819T151936,1,213.168,FAULT_ACTIVE,F1,0.3,FAN_DT_001,3.0,process-model-3.0.0-build3,5699,1,LIVE,SYNCHRONISED,AUTOMATIC,NORMAL,65,1950,1950,0,145,145,0.3,0.36,24.41548,38.53,1.086,1.024,0.0439,0.018,219.8,12.7817,0.01054,1,0.18,4.794,2.9781,80.5,DEGRADED,F1,1,1,mechanical_imbalance,0.3,1,1,,,,,21,0
2026-08-19T15:23:10.734Z,1787152990734,FAN_DT_001_F1_S03_R01_20260819T151936,1,214.196,FAULT_ACTIVE,F1,0.3,FAN_DT_001,3.0,process-model-3.0.0-build3,5700,1,LIVE,SYNCHRONISED,AUTOMATIC,NORMAL,65,1950,1950,0,145,145,0.3,0.36,24.40315,38.52,1.086,1.024,0.0439,0.018,219.8,12.8445,0.01057,1,0.18,4.809,2.9928,80.5,DEGRADED,F1,1,1,mechanical_imbalance,0.3,1,1,,,,,21,0
2026-08-19T15:23:11.772Z,1787152991772,FAN_DT_001_F1_S03_R01_20260819T151936,1,215.234,FAULT_ACTIVE,F1,0.3,FAN_DT_001,3.0,process-model-3.0.0-build3,5701,1,LIVE,SYNCHRONISED,AUTOMATIC,NORMAL,65,1950,1950,0,145,145,0.3,0.36,24.39111,38.51,1.086,1.024,0.0439,0.018,219.8,12.9074,0.01059,1,0.18,4.819,3.0074,80.5,DEGRADED,F1,1,1,mechanical_imbalance,0.3,1,1,,,,,21,0
2026-08-19T15:23:12.808Z,1787152992808,FAN_DT_001_F1_S03_R01_20260819T151936,1,216.27,FAULT_ACTIVE,F1,0.3,FAN_DT_001,3.0,process-model-3.0.0-build3,5702,1,LIVE,SYNCHRONISED,AUTOMATIC,NORMAL,65,1950,1950,0,145,145,0.3,0.36,24.37933,38.5,1.086,1.024,0.0439,0.018,219.8,12.9707,0.0106,1,0.18,4.821,3.0222,80.5,DEGRADED,F1,1,1,mechanical_imbalance,0.3,1,1,,,,,21,0
2026-08-19T15:23:13.840Z,1787152993840,FAN_DT_001_F1_S03_R01_20260819T151936,1,217.302,FAULT_ACTIVE,F1,0.3,FAN_DT_001,3.0,process-model-3.0.0-build3,5703,1,LIVE,SYNCHRONISED,AUTOMATIC,NORMAL,65,1950,1950,0,145,145,0.3,0.36,24.36789,38.49,1.086,1.024,0.0439,0.018,219.8,13.0338,0.01062,1,0.18,4.832,3.0369,80.5,DEGRADED,F1,1,1,mechanical_imbalance,0.3,1,1,,,,,21,0
2026-08-19T15:23:14.876Z,1787152994876,FAN_DT_001_F1_S03_R01_20260819T151936,1,218.338,FAULT_ACTIVE,F1,0.3,FAN_DT_001,3.0,process-model-3.0.0-build3,5704,1,LIVE,SYNCHRONISED,AUTOMATIC,NORMAL,65,1950,1950,0,145,145,0.3,0.36,24.35678,38.48,1.086,1.024,0.0439,0.018,219.8,13.097,0.01061,1,0.18,4.825,3.0516,80.5,DEGRADED,F1,1,1,mechanical_imbalance,0.3,1,1,,,,,21,0
2026-08-19T15:23:15.916Z,1787152995916,FAN_DT_001_F1_S03_R01_20260819T151936,1,219.378,FAULT_ACTIVE,F1,0.3,FAN_DT_001,3.0,process-model-3.0.0-build3,5705,1,LIVE,SYNCHRONISED,AUTOMATIC,NORMAL,65,1950,1950,0,145,145,0.3,0.36,24.34605,38.47,1.086,1.024,0.0439,0.018,219.8,13.16,0.01062,1,0.18,4.833,3.0663,80.5,DEGRADED,F1,1,1,mechanical_imbalance,0.3,1,1,,,,,21,0
2026-08-19T15:23:16.949Z,1787152996949,FAN_DT_001_F1_S03_R01_20260819T151936,1,220.411,FAULT_ACTIVE,F1,0.3,FAN_DT_001,3.0,process-model-3.0.0-build3,5706,1,LIVE,SYNCHRONISED,AUTOMATIC,NORMAL,65,1950,1950,0,145,145,0.3,0.36,24.3356,38.46,1.086,1.024,0.0439,0.018,219.8,13.2233,0.0106,1,0.18,4.821,3.081,80.5,DEGRADED,F1,1,1,mechanical_imbalance,0.3,1,1,,,,,21,0
2026-08-19T15:23:17.981Z,1787152997981,FAN_DT_001_F1_S03_R01_20260819T151936,1,221.443,FAULT_ACTIVE,F1,0.3,FAN_DT_001,3.0,process-model-3.0.0-build3,5707,1,LIVE,SYNCHRONISED,AUTOMATIC,NORMAL,65,1950,1950,0,145,145,0.3,0.36,24.32557,38.45,1.086,1.024,0.0439,0.018,219.8,13.2863,0.01059,1,0.18,4.817,3.0957,80.5,DEGRADED,F1,1,1,mechanical_imbalance,0.3,1,1,,,,,21,0
2026-08-19T15:23:19.039Z,1787152999039,FAN_DT_001_F1_S03_R01_20260819T151936,1,222.501,FAULT_ACTIVE,F1,0.3,FAN_DT_001,3.0,process-model-3.0.0-build3,5708,1,LIVE,SYNCHRONISED,AUTOMATIC,NORMAL,65,1950,1950,0,145,145,0.3,0.36,24.31587,38.43,1.086,1.024,0.0439,0.018,219.8,13.3493,0.01058,1,0.18,4.812,3.1104,80.5,DEGRADED,F1,1,1,mechanical_imbalance,0.3,1,1,,,,,21,0
2026-08-19T15:23:20.057Z,1787153000057,FAN_DT_001_F1_S03_R01_20260819T151936,1,223.519,FAULT_ACTIVE,F1,0.3,FAN_DT_001,3.0,process-model-3.0.0-build3,5709,1,LIVE,SYNCHRONISED,AUTOMATIC,NORMAL,65,1950,1950,0,145,145,0.3,0.36,24.30652,38.42,1.086,1.024,0.0439,0.018,219.8,13.4125,0.01054,1,0.18,4.797,3.1251,80.5,DEGRADED,F1,1,1,mechanical_imbalance,0.3,1,1,,,,,21,0
2026-08-19T15:23:21.088Z,1787153001088,FAN_DT_001_F1_S03_R01_20260819T151936,1,224.55,FAULT_ACTIVE,F1,0.3,FAN_DT_001,3.0,process-model-3.0.0-build3,5710,1,LIVE,SYNCHRONISED,AUTOMATIC,NORMAL,65,1950,1950,0,145,145,0.3,0.36,24.29755,38.41,1.086,1.024,0.0439,0.018,219.8,13.4756,0.01051,1,0.18,4.78,3.1398,80.5,DEGRADED,F1,1,1,mechanical_imbalance,0.3,1,1,,,,,21,0
2026-08-19T15:23:22.120Z,1787153002120,FAN_DT_001_F1_S03_R01_20260819T151936,1,225.582,FAULT_ACTIVE,F1,0.3,FAN_DT_001,3.0,process-model-3.0.0-build3,5711,1,LIVE,SYNCHRONISED,AUTOMATIC,NORMAL,65,1950,1950,0,145,145,0.3,0.36,24.28896,38.4,1.086,1.024,0.0439,0.018,219.8,13.5385,0.01046,1,0.18,4.76,3.1545,80.5,DEGRADED,F1,1,1,mechanical_imbalance,0.3,1,1,,,,,21,0
2026-08-19T15:23:23.159Z,1787153003159,FAN_DT_001_F1_S03_R01_20260819T151936,1,226.621,FAULT_ACTIVE,F1,0.3,FAN_DT_001,3.0,process-model-3.0.0-build3,5712,1,LIVE,SYNCHRONISED,AUTOMATIC,NORMAL,65,1950,1950,0,145,145,0.3,0.36,24.28074,38.39,1.086,1.024,0.0439,0.018,219.8,13.6016,0.01044,1,0.18,4.749,3.1692,80.5,DEGRADED,F1,1,1,mechanical_imbalance,0.3,1,1,,,,,21,0
2026-08-19T15:23:24.188Z,1787153004188,FAN_DT_001_F1_S03_R01_20260819T151936,1,227.65,FAULT_ACTIVE,F1,0.3,FAN_DT_001,3.0,process-model-3.0.0-build3,5713,1,LIVE,SYNCHRONISED,AUTOMATIC,NORMAL,65,1950,1950,0,145,145,0.3,0.36,24.2729,38.38,1.086,1.024,0.0439,0.018,219.8,13.6645,0.01038,1,0.18,4.724,3.1838,80.5,DEGRADED,F1,1,1,mechanical_imbalance,0.3,1,1,,,,,21,0
2026-08-19T15:23:25.221Z,1787153005221,FAN_DT_001_F1_S03_R01_20260819T151936,1,228.683,FAULT_ACTIVE,F1,0.3,FAN_DT_001,3.0,process-model-3.0.0-build3,5714,1,LIVE,SYNCHRONISED,AUTOMATIC,NORMAL,65,1950,1950,0,145,145,0.3,0.36,24.26545,38.37,1.086,1.024,0.0439,0.018,219.8,13.7275,0.01032,1,0.18,4.695,3.1985,80.5,DEGRADED,F1,1,1,mechanical_imbalance,0.3,1,1,,,,,21,0
2026-08-19T15:23:26.259Z,1787153006259,FAN_DT_001_F1_S03_R01_20260819T151936,1,229.721,FAULT_ACTIVE,F1,0.3,FAN_DT_001,3.0,process-model-3.0.0-build3,5715,1,LIVE,SYNCHRONISED,AUTOMATIC,NORMAL,65,1950,1950,0,145,145,0.3,0.36,24.25836,38.36,1.086,1.024,0.0439,0.018,219.8,13.7906,0.01026,1,0.18,4.667,3.2132,80.5,DEGRADED,F1,1,1,mechanical_imbalance,0.3,1,1,,,,,21,0
2026-08-19T15:23:27.298Z,1787153007298,FAN_DT_001_F1_S03_R01_20260819T151936,1,230.76,FAULT_ACTIVE,F1,0.3,FAN_DT_001,3.0,process-model-3.0.0-build3,5716,1,LIVE,SYNCHRONISED,AUTOMATIC,NORMAL,65,1950,1950,0,145,145,0.3,0.36,24.25166,38.35,1.086,1.024,0.0439,0.018,219.8,13.8537,0.01019,1,0.18,4.637,3.2279,80.5,DEGRADED,F1,1,1,mechanical_imbalance,0.3,1,1,,,,,21,0
2026-08-19T15:23:28.330Z,1787153008330,FAN_DT_001_F1_S03_R01_20260819T151936,1,231.792,FAULT_ACTIVE,F1,0.3,FAN_DT_001,3.0,process-model-3.0.0-build3,5717,1,LIVE,SYNCHRONISED,AUTOMATIC,NORMAL,65,1950,1950,0,145,145,0.3,0.36,24.24536,38.34,1.086,1.024,0.0439,0.018,219.8,13.9169,0.01014,1,0.18,4.614,3.2426,80.5,DEGRADED,F1,1,1,mechanical_imbalance,0.3,1,1,,,,,21,0
2026-08-19T15:23:29.360Z,1787153009360,FAN_DT_001_F1_S03_R01_20260819T151936,1,232.822,FAULT_ACTIVE,F1,0.3,FAN_DT_001,3.0,process-model-3.0.0-build3,5718,1,LIVE,SYNCHRONISED,AUTOMATIC,NORMAL,65,1950,1950,0,145,145,0.3,0.36,24.23947,38.33,1.086,1.024,0.0439,0.018,219.8,13.9799,0.01005,1,0.18,4.574,3.2573,80.5,DEGRADED,F1,1,1,mechanical_imbalance,0.3,1,1,,,,,21,0
2026-08-19T15:23:30.401Z,1787153010401,FAN_DT_001_F1_S03_R01_20260819T151936,1,233.863,FAULT_ACTIVE,F1,0.3,FAN_DT_001,3.0,process-model-3.0.0-build3,5719,1,LIVE,SYNCHRONISED,AUTOMATIC,NORMAL,65,1950,1950,0,145,145,0.3,0.36,24.23398,38.32,1.086,1.024,0.0439,0.018,219.8,14.0429,0.00997,1,0.18,4.536,3.272,80.5,DEGRADED,F1,1,1,mechanical_imbalance,0.3,1,1,,,,,21,0
2026-08-19T15:23:31.436Z,1787153011436,FAN_DT_001_F1_S03_R01_20260819T151936,1,234.898,FAULT_ACTIVE,F1,0.3,FAN_DT_001,3.0,process-model-3.0.0-build3,5720,1,LIVE,SYNCHRONISED,AUTOMATIC,NORMAL,65,1950,1950,0,145,145,0.3,0.36,24.22887,38.31,1.086,1.024,0.0439,0.018,219.8,14.1062,0.0099,1,0.18,4.504,3.2867,80.5,DEGRADED,F1,1,1,mechanical_imbalance,0.3,1,1,,,,,21,0
2026-08-19T15:23:32.469Z,1787153012469,FAN_DT_001_F1_S03_R01_20260819T151936,1,235.931,FAULT_ACTIVE,F1,0.3,FAN_DT_001,3.0,process-model-3.0.0-build3,5721,1,LIVE,SYNCHRONISED,AUTOMATIC,NORMAL,65,1950,1950,0,145,145,0.3,0.36,24.22418,38.3,1.086,1.024,0.0439,0.018,219.8,14.1693,0.00979,1,0.18,4.455,3.3015,80.5,DEGRADED,F1,1,1,mechanical_imbalance,0.3,1,1,,,,,21,0
2026-08-19T15:23:33.508Z,1787153013508,FAN_DT_001_F1_S03_R01_20260819T151936,1,236.97,FAULT_ACTIVE,F1,0.3,FAN_DT_001,3.0,process-model-3.0.0-build3,5722,1,LIVE,SYNCHRONISED,AUTOMATIC,NORMAL,65,1950,1950,0,145,145,0.3,0.36,24.2199,38.29,1.086,1.024,0.0439,0.018,219.8,14.2324,0.00971,1,0.18,4.418,3.3161,80.5,DEGRADED,F1,1,1,mechanical_imbalance,0.3,1,1,,,,,21,0
2026-08-19T15:23:34.542Z,1787153014542,FAN_DT_001_F1_S03_R01_20260819T151936,1,238.004,FAULT_ACTIVE,F1,0.3,FAN_DT_001,3.0,process-model-3.0.0-build3,5723,1,LIVE,SYNCHRONISED,AUTOMATIC,NORMAL,65,1950,1950,0,145,145,0.3,0.36,24.21604,38.28,1.086,1.024,0.0439,0.018,219.8,14.2955,0.00961,1,0.18,4.373,3.3308,80.5,DEGRADED,F1,1,1,mechanical_imbalance,0.3,1,1,,,,,21,0
2026-08-19T15:23:35.574Z,1787153015574,FAN_DT_001_F1_S03_R01_20260819T151936,1,239.036,FAULT_ACTIVE,F1,0.3,FAN_DT_001,3.0,process-model-3.0.0-build3,5724,1,LIVE,SYNCHRONISED,AUTOMATIC,NORMAL,65,1950,1950,0,145,145,0.3,0.36,24.21258,38.27,1.086,1.024,0.0439,0.018,219.8,14.3587,0.00949,1,0.18,4.318,3.3456,80.5,DEGRADED,F1,1,1,mechanical_imbalance,0.3,1,1,,,,,21,0
2026-08-19T15:23:36.611Z,1787153016611,FAN_DT_001_F1_S03_R01_20260819T151936,1,240.074,FAULT_ACTIVE,F1,0.3,FAN_DT_001,3.0,process-model-3.0.0-build3,5725,1,LIVE,SYNCHRONISED,AUTOMATIC,NORMAL,65,1950,1950,0,145,145,0.3,0.36,24.20955,38.26,1.086,1.024,0.0439,0.018,219.8,14.4216,0.00939,1,0.18,4.273,3.3602,80.5,DEGRADED,F1,1,1,mechanical_imbalance,0.3,1,1,,,,,21,0
2026-08-19T15:23:37.648Z,1787153017648,FAN_DT_001_F1_S03_R01_20260819T151936,1,241.11,FAULT_ACTIVE,F1,0.3,FAN_DT_001,3.0,process-model-3.0.0-build3,5726,1,LIVE,SYNCHRONISED,AUTOMATIC,NORMAL,65,1950,1950,0,145,145,0.3,0.36,24.20693,38.25,1.086,1.024,0.0439,0.018,219.8,14.4848,0.00925,1,0.18,4.209,3.3749,80.5,DEGRADED,F1,1,1,mechanical_imbalance,0.3,1,1,,,,,21,0
2026-08-19T15:23:38.676Z,1787153018676,FAN_DT_001_F1_S03_R01_20260819T151936,1,242.138,FAULT_ACTIVE,F1,0.3,FAN_DT_001,3.0,process-model-3.0.0-build3,5727,1,LIVE,SYNCHRONISED,AUTOMATIC,NORMAL,65,1950,1950,0,145,145,0.3,0.36,24.20471,38.24,1.086,1.024,0.0439,0.018,219.8,14.5482,0.00914,1,0.18,4.157,3.3897,80.5,DEGRADED,F1,1,1,mechanical_imbalance,0.3,1,1,,,,,21,0
2026-08-19T15:23:39.714Z,1787153019714,FAN_DT_001_F1_S03_R01_20260819T151936,1,243.176,FAULT_ACTIVE,F1,0.3,FAN_DT_001,3.0,process-model-3.0.0-build3,5728,1,LIVE,SYNCHRONISED,AUTOMATIC,NORMAL,65,1950,1950,0,145,145,0.3,0.36,24.20294,38.23,1.086,1.024,0.0439,0.018,219.8,14.6108,0.00902,1,0.18,4.102,3.4043,80.5,DEGRADED,F1,1,1,mechanical_imbalance,0.3,1,1,,,,,21,0
2026-08-19T15:23:40.753Z,1787153020753,FAN_DT_001_F1_S03_R01_20260819T151936,1,244.215,FAULT_ACTIVE,F1,0.3,FAN_DT_001,3.0,process-model-3.0.0-build3,5729,1,LIVE,SYNCHRONISED,AUTOMATIC,NORMAL,65,1950,1950,0,145,145,0.3,0.36,24.20158,38.22,1.086,1.024,0.0439,0.018,219.8,14.674,0.00888,1,0.18,4.041,3.419,80.5,DEGRADED,F1,1,1,mechanical_imbalance,0.3,1,1,,,,,21,0
2026-08-19T15:23:41.791Z,1787153021791,FAN_DT_001_F1_S03_R01_20260819T151936,1,245.253,FAULT_ACTIVE,F1,0.3,FAN_DT_001,3.0,process-model-3.0.0-build3,5730,1,LIVE,SYNCHRONISED,AUTOMATIC,NORMAL,65,1950,1950,0,145,145,0.3,0.36,24.20063,38.21,1.086,1.024,0.0439,0.018,219.8,14.7373,0.00875,1,0.18,3.981,3.4338,80.5,DEGRADED,F1,1,1,mechanical_imbalance,0.3,1,1,,,,,21,0
2026-08-19T15:23:42.817Z,1787153022817,FAN_DT_001_F1_S03_R01_20260819T151936,1,246.279,FAULT_ACTIVE,F1,0.3,FAN_DT_001,3.0,process-model-3.0.0-build3,5731,1,LIVE,SYNCHRONISED,AUTOMATIC,NORMAL,65,1950,1950,0,145,145,0.3,0.36,24.20011,38.2,1.086,1.024,0.0439,0.018,219.8,14.8002,0.00862,1,0.18,3.921,3.4484,80.5,DEGRADED,F1,1,1,mechanical_imbalance,0.3,1,1,,,,,21,0
2026-08-19T15:23:43.856Z,1787153023856,FAN_DT_001_F1_S03_R01_20260819T151936,1,247.319,FAULT_ACTIVE,F1,0.3,FAN_DT_001,3.0,process-model-3.0.0-build3,5732,1,LIVE,SYNCHRONISED,AUTOMATIC,NORMAL,65,1950,1950,0,145,145,0.3,0.36,24.20001,38.19,1.086,1.024,0.0439,0.018,219.8,14.8631,0.00847,1,0.18,3.855,3.4631,80.5,DEGRADED,F1,1,1,mechanical_imbalance,0.3,1,1,,,,,21,0
2026-08-19T15:23:44.887Z,1787153024887,FAN_DT_001_F1_S03_R01_20260819T151936,1,248.349,FAULT_ACTIVE,F1,0.3,FAN_DT_001,3.0,process-model-3.0.0-build3,5733,1,LIVE,SYNCHRONISED,AUTOMATIC,NORMAL,65,1950,1950,0,145,145,0.3,0.36,24.20034,38.18,1.086,1.024,0.0439,0.018,219.8,14.9262,0.00833,1,0.18,3.788,3.4778,80.5,DEGRADED,F1,1,1,mechanical_imbalance,0.3,1,1,,,,,21,0
2026-08-19T15:23:45.919Z,1787153025919,FAN_DT_001_F1_S03_R01_20260819T151936,1,249.382,FAULT_ACTIVE,F1,0.3,FAN_DT_001,3.0,process-model-3.0.0-build3,5734,1,LIVE,SYNCHRONISED,AUTOMATIC,NORMAL,65,1950,1950,0,145,145,0.3,0.36,24.20108,38.17,1.086,1.024,0.0439,0.018,219.8,14.9893,0.00817,1,0.18,3.715,3.4925,80.5,DEGRADED,F1,1,1,mechanical_imbalance,0.3,1,1,,,,,21,0
2026-08-19T15:23:46.959Z,1787153026959,FAN_DT_001_F1_S03_R01_20260819T151936,1,250.421,FAULT_ACTIVE,F1,0.3,FAN_DT_001,3.0,process-model-3.0.0-build3,5735,1,LIVE,SYNCHRONISED,AUTOMATIC,NORMAL,65,1950,1950,0,145,145,0.3,0.36,24.20224,38.17,1.086,1.024,0.0439,0.018,219.8,15.0523,0.008,1,0.18,3.642,3.5072,80.5,DEGRADED,F1,1,1,mechanical_imbalance,0.3,1,1,,,,,21,0
2026-08-19T15:23:48.000Z,1787153028000,FAN_DT_001_F1_S03_R01_20260819T151936,1,251.462,FAULT_ACTIVE,F1,0.3,FAN_DT_001,3.0,process-model-3.0.0-build3,5736,1,LIVE,SYNCHRONISED,AUTOMATIC,NORMAL,65,1950,1950,0,145,145,0.3,0.36,24.20383,38.16,1.086,1.024,0.0439,0.018,219.8,15.1156,0.00784,1,0.18,3.566,3.5219,80.5,DEGRADED,F1,1,1,mechanical_imbalance,0.3,1,1,,,,,21,0
2026-08-19T15:23:49.031Z,1787153029031,FAN_DT_001_F1_S03_R01_20260819T151936,1,252.493,FAULT_ACTIVE,F1,0.3,FAN_DT_001,3.0,process-model-3.0.0-build3,5737,1,LIVE,SYNCHRONISED,AUTOMATIC,NORMAL,65,1950,1950,0,145,145,0.3,0.36,24.20584,38.15,1.086,1.024,0.0439,0.018,219.8,15.1788,0.00769,1,0.18,3.499,3.5367,80.5,DEGRADED,F1,1,1,mechanical_imbalance,0.3,1,1,,,,,21,0
2026-08-19T15:23:50.064Z,1787153030064,FAN_DT_001_F1_S03_R01_20260819T151936,1,253.526,FAULT_ACTIVE,F1,0.3,FAN_DT_001,3.0,process-model-3.0.0-build3,5738,1,LIVE,SYNCHRONISED,AUTOMATIC,NORMAL,65,1950,1950,0,145,145,0.3,0.36,24.20827,38.14,1.086,1.024,0.0439,0.018,219.8,15.2418,0.00751,1,0.18,3.419,3.5514,80.5,DEGRADED,F1,1,1,mechanical_imbalance,0.3,1,1,,,,,21,0
2026-08-19T15:23:51.158Z,1787153031158,FAN_DT_001_F1_S03_R01_20260819T151936,1,254.62,FAULT_ACTIVE,F1,0.3,FAN_DT_001,3.0,process-model-3.0.0-build3,5739,1,LIVE,SYNCHRONISED,AUTOMATIC,NORMAL,65,1950,1950,0,145,145,0.3,0.36,24.2111,38.13,1.086,1.024,0.0439,0.018,219.8,15.3048,0.00733,1,0.18,3.335,3.566,80.5,DEGRADED,F1,1,1,mechanical_imbalance,0.3,1,1,,,,,21,0
2026-08-19T15:23:52.131Z,1787153032131,FAN_DT_001_F1_S03_R01_20260819T151936,1,255.593,FAULT_ACTIVE,F1,0.3,FAN_DT_001,3.0,process-model-3.0.0-build3,5740,1,LIVE,SYNCHRONISED,AUTOMATIC,NORMAL,65,1950,1950,0,145,145,0.3,0.36,24.21436,38.13,1.086,1.024,0.0439,0.018,219.8,15.3679,0.00715,1,0.18,3.251,3.5807,80.5,DEGRADED,F1,1,1,mechanical_imbalance,0.3,1,1,,,,,21,0
2026-08-19T15:23:53.168Z,1787153033168,FAN_DT_001_F1_S03_R01_20260819T151936,1,256.63,FAULT_ACTIVE,F1,0.3,FAN_DT_001,3.0,process-model-3.0.0-build3,5741,1,LIVE,SYNCHRONISED,AUTOMATIC,NORMAL,65,1950,1950,0,145,145,0.3,0.36,24.21803,38.12,1.086,1.024,0.0439,0.018,219.8,15.431,0.00696,1,0.18,3.169,3.5954,80.5,DEGRADED,F1,1,1,mechanical_imbalance,0.3,1,1,,,,,21,0
2026-08-19T15:23:54.202Z,1787153034202,FAN_DT_001_F1_S03_R01_20260819T151936,1,257.665,FAULT_ACTIVE,F1,0.3,FAN_DT_001,3.0,process-model-3.0.0-build3,5742,1,LIVE,SYNCHRONISED,AUTOMATIC,NORMAL,65,1950,1950,0,145,145,0.3,0.36,24.2221,38.11,1.086,1.024,0.0439,0.018,219.8,15.4938,0.00678,1,0.18,3.084,3.6101,80.5,DEGRADED,F1,1,1,mechanical_imbalance,0.3,1,1,,,,,21,0
2026-08-19T15:23:55.236Z,1787153035236,FAN_DT_001_F1_S03_R01_20260819T151936,1,258.698,FAULT_ACTIVE,F1,0.3,FAN_DT_001,3.0,process-model-3.0.0-build3,5743,1,LIVE,SYNCHRONISED,AUTOMATIC,NORMAL,65,1950,1950,0,145,145,0.3,0.36,24.22661,38.11,1.086,1.024,0.0439,0.018,219.8,15.5572,0.0066,1,0.18,3.003,3.6248,80.5,DEGRADED,F1,1,1,mechanical_imbalance,0.3,1,1,,,,,21,0
2026-08-19T15:23:56.272Z,1787153036272,FAN_DT_001_F1_S03_R01_20260819T151936,1,259.734,FAULT_ACTIVE,F1,0.3,FAN_DT_001,3.0,process-model-3.0.0-build3,5744,1,LIVE,SYNCHRONISED,AUTOMATIC,NORMAL,65,1950,1950,0,145,145,0.3,0.36,24.2315,38.1,1.086,1.024,0.0439,0.018,219.8,15.6202,0.00642,1,0.18,2.919,3.6395,80.5,DEGRADED,F1,1,1,mechanical_imbalance,0.3,1,1,,,,,21,0
2026-08-19T15:23:57.310Z,1787153037310,FAN_DT_001_F1_S03_R01_20260819T151936,1,260.772,FAULT_ACTIVE,F1,0.3,FAN_DT_001,3.0,process-model-3.0.0-build3,5745,1,LIVE,SYNCHRONISED,AUTOMATIC,NORMAL,65,1950,1950,0,145,145,0.3,0.36,24.23681,38.09,1.086,1.024,0.0439,0.018,219.8,15.6833,0.00622,1,0.18,2.829,3.6542,80.5,DEGRADED,F1,1,1,mechanical_imbalance,0.3,1,1,,,,,21,0
2026-08-19T15:23:58.348Z,1787153038348,FAN_DT_001_F1_S03_R01_20260819T151936,1,261.81,FAULT_ACTIVE,F1,0.3,FAN_DT_001,3.0,process-model-3.0.0-build3,5746,1,LIVE,SYNCHRONISED,AUTOMATIC,NORMAL,65,1950,1950,0,145,145,0.3,0.36,24.24254,38.09,1.086,1.024,0.0439,0.018,219.8,15.7465,0.00602,1,0.18,2.741,3.6689,80.5,DEGRADED,F1,1,1,mechanical_imbalance,0.3,1,1,,,,,21,0
2026-08-19T15:23:59.380Z,1787153039380,FAN_DT_001_F1_S03_R01_20260819T151936,1,262.842,FAULT_ACTIVE,F1,0.3,FAN_DT_001,3.0,process-model-3.0.0-build3,5747,1,LIVE,SYNCHRONISED,AUTOMATIC,NORMAL,65,1950,1950,0,145,145,0.3,0.36,24.24864,38.08,1.086,1.024,0.0439,0.018,219.8,15.8095,0.00581,1,0.18,2.643,3.6836,80.5,DEGRADED,F1,1,1,mechanical_imbalance,0.3,1,1,,,,,21,0
2026-08-19T15:24:00.431Z,1787153040431,FAN_DT_001_F1_S03_R01_20260819T151936,1,263.893,FAULT_ACTIVE,F1,0.3,FAN_DT_001,3.0,process-model-3.0.0-build3,5748,1,LIVE,SYNCHRONISED,AUTOMATIC,NORMAL,65,1950,1950,0,145,145,0.3,0.36,24.25515,38.07,1.086,1.024,0.0439,0.018,219.8,15.8727,0.0056,1,0.18,2.549,3.6984,80.5,DEGRADED,F1,1,1,mechanical_imbalance,0.3,1,1,,,,,21,0
2026-08-19T15:24:01.450Z,1787153041450,FAN_DT_001_F1_S03_R01_20260819T151936,1,264.912,FAULT_ACTIVE,F1,0.3,FAN_DT_001,3.0,process-model-3.0.0-build3,5749,1,LIVE,SYNCHRONISED,AUTOMATIC,NORMAL,65,1950,1950,0,145,145,0.3,0.36,24.26207,38.07,1.086,1.024,0.0439,0.018,219.8,15.936,0.00539,1,0.18,2.452,3.7131,80.5,DEGRADED,F1,1,1,mechanical_imbalance,0.3,1,1,,,,,21,0
2026-08-19T15:24:02.488Z,1787153042488,FAN_DT_001_F1_S03_R01_20260819T151936,1,265.95,FAULT_ACTIVE,F1,0.3,FAN_DT_001,3.0,process-model-3.0.0-build3,5750,1,LIVE,SYNCHRONISED,AUTOMATIC,NORMAL,65,1950,1950,0,145,145,0.3,0.36,24.26934,38.06,1.086,1.024,0.0439,0.018,219.8,15.9989,0.00517,1,0.18,2.354,3.7277,80.5,DEGRADED,F1,1,1,mechanical_imbalance,0.3,1,1,,,,,21,0
2026-08-19T15:24:03.527Z,1787153043527,FAN_DT_001_F1_S03_R01_20260819T151936,1,266.989,FAULT_ACTIVE,F1,0.3,FAN_DT_001,3.0,process-model-3.0.0-build3,5751,1,LIVE,SYNCHRONISED,AUTOMATIC,NORMAL,65,1950,1950,0,145,145,0.3,0.36,24.27703,38.06,1.086,1.024,0.0439,0.018,219.8,16.0622,0.00496,1,0.18,2.255,3.7425,80.5,DEGRADED,F1,1,1,mechanical_imbalance,0.3,1,1,,,,,21,0
2026-08-19T15:24:04.559Z,1787153044559,FAN_DT_001_F1_S03_R01_20260819T151936,1,268.021,FAULT_ACTIVE,F1,0.3,FAN_DT_001,3.0,process-model-3.0.0-build3,5752,1,LIVE,SYNCHRONISED,AUTOMATIC,NORMAL,65,1950,1950,0,145,145,0.3,0.36,24.28511,38.05,1.086,1.024,0.0439,0.018,219.8,16.1254,0.00475,1,0.18,2.162,3.7572,80.5,DEGRADED,F1,1,1,mechanical_imbalance,0.3,1,1,,,,,21,0
2026-08-19T15:24:05.594Z,1787153045594,FAN_DT_001_F1_S03_R01_20260819T151936,1,269.056,FAULT_ACTIVE,F1,0.3,FAN_DT_001,3.0,process-model-3.0.0-build3,5753,1,LIVE,SYNCHRONISED,AUTOMATIC,NORMAL,65,1950,1950,0,145,145,0.3,0.36,24.29354,38.05,1.086,1.024,0.0439,0.018,219.8,16.1885,0.00454,1,0.18,2.064,3.7719,80.5,DEGRADED,F1,1,1,mechanical_imbalance,0.3,1,1,,,,,21,0
2026-08-19T15:24:06.634Z,1787153046634,FAN_DT_001_F1_S03_R01_20260819T151936,1,270.095,FAULT_ACTIVE,F1,0.3,FAN_DT_001,3.0,process-model-3.0.0-build3,5754,1,LIVE,SYNCHRONISED,AUTOMATIC,NORMAL,65,1950,1950,0,145,145,0.3,0.36,24.30235,38.04,1.086,1.024,0.0439,0.018,219.8,16.2516,0.00432,1,0.18,1.966,3.7866,80.5,DEGRADED,F1,1,1,mechanical_imbalance,0.3,1,1,,,,,21,0
2026-08-19T15:24:07.667Z,1787153047667,FAN_DT_001_F1_S03_R01_20260819T151936,1,271.129,FAULT_ACTIVE,F1,0.3,FAN_DT_001,3.0,process-model-3.0.0-build3,5755,1,LIVE,SYNCHRONISED,AUTOMATIC,NORMAL,65,1950,1950,0,145,145,0.3,0.36,24.31155,38.04,1.086,1.024,0.0439,0.018,219.8,16.3149,0.00409,1,0.18,1.859,3.8014,80.5,DEGRADED,F1,1,1,mechanical_imbalance,0.3,1,1,,,,,21,0
2026-08-19T15:24:08.700Z,1787153048700,FAN_DT_001_F1_S03_R01_20260819T151936,1,272.162,FAULT_ACTIVE,F1,0.3,FAN_DT_001,3.0,process-model-3.0.0-build3,5756,1,LIVE,SYNCHRONISED,AUTOMATIC,NORMAL,65,1950,1950,0,145,145,0.3,0.36,24.32108,38.04,1.086,1.024,0.0439,0.018,219.8,16.378,0.00387,1,0.18,1.762,3.8161,80.5,DEGRADED,F1,1,1,mechanical_imbalance,0.3,1,1,,,,,21,0
2026-08-19T15:24:09.715Z,1787153049715,FAN_DT_001_F1_S03_R01_20260819T151936,1,273.177,FAULT_ACTIVE,F1,0.3,FAN_DT_001,3.0,process-model-3.0.0-build3,5757,1,LIVE,SYNCHRONISED,AUTOMATIC,NORMAL,65,1950,1950,0,145,145,0.3,0.36,24.33067,38.03,1.086,1.024,0.0439,0.018,219.8,16.4391,0.00364,1,0.18,1.656,3.8303,80.5,DEGRADED,F1,1,1,mechanical_imbalance,0.3,1,1,,,,,21,0
2026-08-19T15:24:10.741Z,1787153050741,FAN_DT_001_F1_S03_R01_20260819T151936,1,274.203,FAULT_ACTIVE,F1,0.3,FAN_DT_001,3.0,process-model-3.0.0-build3,5758,1,LIVE,SYNCHRONISED,AUTOMATIC,NORMAL,65,1950,1950,0,145,145,0.3,0.36,24.34091,38.03,1.086,1.024,0.0439,0.018,219.8,16.5022,0.00342,1,0.18,1.556,3.845,80.5,DEGRADED,F1,1,1,mechanical_imbalance,0.3,1,1,,,,,21,0
2026-08-19T15:24:11.775Z,1787153051775,FAN_DT_001_F1_S03_R01_20260819T151936,1,275.237,FAULT_ACTIVE,F1,0.3,FAN_DT_001,3.0,process-model-3.0.0-build3,5759,1,LIVE,SYNCHRONISED,AUTOMATIC,NORMAL,65,1950,1950,0,145,145,0.3,0.36,24.35149,38.02,1.086,1.024,0.0439,0.018,219.8,16.5653,0.00318,1,0.18,1.446,3.8597,80.5,DEGRADED,F1,1,1,mechanical_imbalance,0.3,1,1,,,,,21,0
2026-08-19T15:24:12.814Z,1787153052814,FAN_DT_001_F1_S03_R01_20260819T151936,1,276.276,FAULT_ACTIVE,F1,0.3,FAN_DT_001,3.0,process-model-3.0.0-build3,5760,1,LIVE,SYNCHRONISED,AUTOMATIC,NORMAL,65,1950,1950,0,145,145,0.3,0.36,24.36241,38.02,1.086,1.024,0.0439,0.018,219.8,16.6283,0.00293,1,0.18,1.335,3.8744,80.5,DEGRADED,F1,1,1,mechanical_imbalance,0.3,1,1,,,,,21,0
2026-08-19T15:24:13.845Z,1787153053845,FAN_DT_001_F1_S03_R01_20260819T151936,1,277.307,FAULT_ACTIVE,F1,0.3,FAN_DT_001,3.0,process-model-3.0.0-build3,5761,1,LIVE,SYNCHRONISED,AUTOMATIC,NORMAL,65,1950,1950,0,145,145,0.3,0.36,24.37369,38.02,1.086,1.024,0.0439,0.018,219.8,16.6915,0.00272,1,0.18,1.24,3.8891,80.5,DEGRADED,F1,1,1,mechanical_imbalance,0.3,1,1,,,,,21,0
2026-08-19T15:24:14.880Z,1787153054880,FAN_DT_001_F1_S03_R01_20260819T151936,1,278.342,FAULT_ACTIVE,F1,0.3,FAN_DT_001,3.0,process-model-3.0.0-build3,5762,1,LIVE,SYNCHRONISED,AUTOMATIC,NORMAL,65,1950,1950,0,145,145,0.3,0.36,24.38529,38.02,1.086,1.024,0.0439,0.018,219.8,16.7546,0.00248,1,0.18,1.131,3.9038,80.5,DEGRADED,F1,1,1,mechanical_imbalance,0.3,1,1,,,,,21,0
2026-08-19T15:24:15.920Z,1787153055920,FAN_DT_001_F1_S03_R01_20260819T151936,1,279.382,FAULT_ACTIVE,F1,0.3,FAN_DT_001,3.0,process-model-3.0.0-build3,5763,1,LIVE,SYNCHRONISED,AUTOMATIC,NORMAL,65,1950,1950,0,145,145,0.3,0.36,24.39718,38.01,1.086,1.024,0.0439,0.018,219.8,16.8175,0.00223,1,0.18,1.015,3.9185,80.5,DEGRADED,F1,1,1,mechanical_imbalance,0.3,1,1,,,,,21,0
2026-08-19T15:24:16.950Z,1787153056950,FAN_DT_001_F1_S03_R01_20260819T151936,1,280.414,FAULT_ACTIVE,F1,0.3,FAN_DT_001,3.0,process-model-3.0.0-build3,5764,1,LIVE,SYNCHRONISED,AUTOMATIC,NORMAL,65,1950,1950,0,145,145,0.3,0.36,24.40942,38.01,1.086,1.024,0.0439,0.018,219.8,16.8807,0.002,1,0.18,0.909,3.9332,80.5,DEGRADED,F1,1,1,mechanical_imbalance,0.3,1,1,,,,,21,0
2026-08-19T15:24:17.984Z,1787153057984,FAN_DT_001_F1_S03_R01_20260819T151936,1,281.446,FAULT_ACTIVE,F1,0.3,FAN_DT_001,3.0,process-model-3.0.0-build3,5765,1,LIVE,SYNCHRONISED,AUTOMATIC,NORMAL,65,1950,1950,0,145,145,0.3,0.36,24.42195,38.01,1.086,1.024,0.0439,0.018,219.8,16.9437,0.00176,1,0.18,0.801,3.9479,80.5,DEGRADED,F1,1,1,mechanical_imbalance,0.3,1,1,,,,,21,0
2026-08-19T15:24:19.030Z,1787153059030,FAN_DT_001_F1_S03_R01_20260819T151936,1,282.492,FAULT_ACTIVE,F1,0.3,FAN_DT_001,3.0,process-model-3.0.0-build3,5766,1,LIVE,SYNCHRONISED,AUTOMATIC,NORMAL,65,1950,1950,0,145,145,0.3,0.36,24.43479,38.01,1.086,1.024,0.0439,0.018,219.8,17.0067,0.00151,1,0.18,0.689,3.9626,80.5,DEGRADED,F1,1,1,mechanical_imbalance,0.3,1,1,,,,,21,0
2026-08-19T15:24:20.060Z,1787153060060,FAN_DT_001_F1_S03_R01_20260819T151936,1,283.522,FAULT_ACTIVE,F1,0.3,FAN_DT_001,3.0,process-model-3.0.0-build3,5767,1,LIVE,SYNCHRONISED,AUTOMATIC,NORMAL,65,1950,1950,0,145,145,0.3,0.36,24.44798,38.01,1.086,1.024,0.0439,0.018,219.8,17.07,0.00126,1,0.18,0.574,3.9773,80.5,DEGRADED,F1,1,1,mechanical_imbalance,0.3,1,1,,,,,21,0
2026-08-19T15:24:21.092Z,1787153061092,FAN_DT_001_F1_S03_R01_20260819T151936,1,284.554,FAULT_ACTIVE,F1,0.3,FAN_DT_001,3.0,process-model-3.0.0-build3,5768,1,LIVE,SYNCHRONISED,AUTOMATIC,NORMAL,65,1950,1950,0,145,145,0.3,0.36,24.46145,38.01,1.086,1.024,0.0439,0.018,219.8,17.1332,0.00103,1,0.18,0.468,3.992,80.5,DEGRADED,F1,1,1,mechanical_imbalance,0.3,1,1,,,,,21,0
2026-08-19T15:24:22.125Z,1787153062125,FAN_DT_001_F1_S03_R01_20260819T151936,1,285.587,FAULT_ACTIVE,F1,0.3,FAN_DT_001,3.0,process-model-3.0.0-build3,5769,1,LIVE,SYNCHRONISED,AUTOMATIC,NORMAL,65,1950,1950,0,145,145,0.3,0.36,24.47516,38,1.086,1.024,0.0439,0.018,219.8,17.1962,0.00078,1,0.18,0.355,4.0067,80.5,DEGRADED,F1,1,1,mechanical_imbalance,0.3,1,1,,,,,21,0
2026-08-19T15:24:23.165Z,1787153063165,FAN_DT_001_F1_S03_R01_20260819T151936,1,286.627,FAULT_ACTIVE,F1,0.3,FAN_DT_001,3.0,process-model-3.0.0-build3,5770,1,LIVE,SYNCHRONISED,AUTOMATIC,NORMAL,65,1950,1950,0,145,145,0.3,0.36,24.48916,38,1.086,1.024,0.0439,0.018,219.8,17.2593,0.00055,1,0.18,0.25,4.0214,80.5,DEGRADED,F1,1,1,mechanical_imbalance,0.3,1,1,,,,,21,0
2026-08-19T15:24:24.200Z,1787153064200,FAN_DT_001_F1_S03_R01_20260819T151936,1,287.662,FAULT_ACTIVE,F1,0.3,FAN_DT_001,3.0,process-model-3.0.0-build3,5771,1,LIVE,SYNCHRONISED,AUTOMATIC,NORMAL,65,1950,1950,0,145,145,0.3,0.36,24.50347,38,1.086,1.024,0.0439,0.018,219.8,17.3225,0.00029,1,0.18,0.133,4.0362,80.5,DEGRADED,F1,1,1,mechanical_imbalance,0.3,1,1,,,,,21,0
2026-08-19T15:24:25.234Z,1787153065234,FAN_DT_001_F1_S03_R01_20260819T151936,1,288.696,FAULT_ACTIVE,F1,0.3,FAN_DT_001,3.0,process-model-3.0.0-build3,5772,1,LIVE,SYNCHRONISED,AUTOMATIC,NORMAL,65,1950,1950,0,145,145,0.3,0.36,24.51794,38,1.086,1.024,0.0439,0.018,219.8,17.3854,0.00006,1,0.18,0.028,4.0508,80.5,DEGRADED,F1,1,1,mechanical_imbalance,0.3,1,1,,,,,21,0
2026-08-19T15:24:26.265Z,1787153066265,FAN_DT_001_F1_S03_R01_20260819T151936,1,289.727,FAULT_ACTIVE,F1,0.3,FAN_DT_001,3.0,process-model-3.0.0-build3,5773,1,LIVE,SYNCHRONISED,AUTOMATIC,NORMAL,65,1950,1950,0,145,145,0.3,0.36,24.53274,38,1.086,1.024,0.0439,0.018,219.8,17.4485,-0.00018,1,0.18,0.083,4.0655,80.5,DEGRADED,F1,1,1,mechanical_imbalance,0.3,1,1,,,,,21,0
2026-08-19T15:24:27.299Z,1787153067299,FAN_DT_001_F1_S03_R01_20260819T151936,1,290.761,FAULT_ACTIVE,F1,0.3,FAN_DT_001,3.0,process-model-3.0.0-build3,5774,1,LIVE,SYNCHRONISED,AUTOMATIC,NORMAL,65,1950,1950,0,145,145,0.3,0.36,24.54774,38,1.086,1.024,0.0439,0.018,219.8,17.5115,-0.00043,1,0.18,0.197,4.0802,80.5,DEGRADED,F1,1,1,mechanical_imbalance,0.3,1,1,,,,,21,0
2026-08-19T15:24:28.338Z,1787153068338,FAN_DT_001_F1_S03_R01_20260819T151936,1,291.8,FAULT_ACTIVE,F1,0.3,FAN_DT_001,3.0,process-model-3.0.0-build3,5775,1,LIVE,SYNCHRONISED,AUTOMATIC,NORMAL,65,1950,1950,0,145,145,0.3,0.36,24.56301,38,1.086,1.024,0.0439,0.018,219.8,17.5745,-0.00067,1,0.18,0.303,4.0949,80.5,DEGRADED,F1,1,1,mechanical_imbalance,0.3,1,1,,,,,21,0
2026-08-19T15:24:29.377Z,1787153069377,FAN_DT_001_F1_S03_R01_20260819T151936,1,292.838,FAULT_ACTIVE,F1,0.3,FAN_DT_001,3.0,process-model-3.0.0-build3,5776,1,LIVE,SYNCHRONISED,AUTOMATIC,NORMAL,65,1950,1950,0,145,145,0.3,0.36,24.57853,38,1.086,1.024,0.0439,0.018,219.8,17.6377,-0.00092,1,0.18,0.42,4.1096,80.5,DEGRADED,F1,1,1,mechanical_imbalance,0.3,1,1,,,,,21,0
2026-08-19T15:24:30.408Z,1787153070408,FAN_DT_001_F1_S03_R01_20260819T151936,1,293.87,FAULT_ACTIVE,F1,0.3,FAN_DT_001,3.0,process-model-3.0.0-build3,5777,1,LIVE,SYNCHRONISED,AUTOMATIC,NORMAL,65,1950,1950,0,145,145,0.3,0.36,24.59428,38.01,1.086,1.024,0.0439,0.018,219.8,17.7009,-0.00115,1,0.18,0.523,4.1243,80.5,DEGRADED,F1,1,1,mechanical_imbalance,0.3,1,1,,,,,21,0
2026-08-19T15:24:31.442Z,1787153071442,FAN_DT_001_F1_S03_R01_20260819T151936,1,294.904,FAULT_ACTIVE,F1,0.3,FAN_DT_001,3.0,process-model-3.0.0-build3,5778,1,LIVE,SYNCHRONISED,AUTOMATIC,NORMAL,65,1950,1950,0,145,145,0.3,0.36,24.61018,38.01,1.086,1.024,0.0439,0.018,219.8,17.7638,-0.00141,1,0.18,0.642,4.139,80.5,DEGRADED,F1,1,1,mechanical_imbalance,0.3,1,1,,,,,21,0
2026-08-19T15:24:32.475Z,1787153072475,FAN_DT_001_F1_S03_R01_20260819T151936,1,295.937,FAULT_ACTIVE,F1,0.3,FAN_DT_001,3.0,process-model-3.0.0-build3,5779,1,LIVE,SYNCHRONISED,AUTOMATIC,NORMAL,65,1950,1950,0,145,145,0.3,0.36,24.62632,38.01,1.086,1.024,0.0439,0.018,219.8,17.8269,-0.00163,1,0.18,0.742,4.1537,80.5,DEGRADED,F1,1,1,mechanical_imbalance,0.3,1,1,,,,,21,0
2026-08-19T15:24:33.515Z,1787153073515,FAN_DT_001_F1_S03_R01_20260819T151936,1,296.977,FAULT_ACTIVE,F1,0.3,FAN_DT_001,3.0,process-model-3.0.0-build3,5780,1,LIVE,SYNCHRONISED,AUTOMATIC,NORMAL,65,1950,1950,0,145,145,0.3,0.36,24.64267,38.01,1.086,1.024,0.0439,0.018,219.8,17.89,-0.00189,1,0.18,0.861,4.1684,80.5,DEGRADED,F1,1,1,mechanical_imbalance,0.3,1,1,,,,,21,0
2026-08-19T15:24:34.548Z,1787153074548,FAN_DT_001_F1_S03_R01_20260819T151936,1,298.01,FAULT_ACTIVE,F1,0.3,FAN_DT_001,3.0,process-model-3.0.0-build3,5781,1,LIVE,SYNCHRONISED,AUTOMATIC,NORMAL,65,1950,1950,0,145,145,0.3,0.36,24.65921,38.01,1.086,1.024,0.0439,0.018,219.8,17.9532,-0.00212,1,0.18,0.964,4.1831,80.5,DEGRADED,F1,1,1,mechanical_imbalance,0.3,1,1,,,,,21,0
2026-08-19T15:24:35.580Z,1787153075580,FAN_DT_001_F1_S03_R01_20260819T151936,1,299.041,FAULT_ACTIVE,F1,0.3,FAN_DT_001,3.0,process-model-3.0.0-build3,5782,1,LIVE,SYNCHRONISED,AUTOMATIC,NORMAL,65,1950,1950,0,145,145,0.3,0.36,24.6759,38.02,1.086,1.024,0.0439,0.018,219.8,18.0162,-0.00235,1,0.18,1.071,4.1978,80.5,DEGRADED,F1,1,1,mechanical_imbalance,0.3,1,1,,,,,21,0
2026-08-19T15:24:36.619Z,1787153076619,FAN_DT_001_F1_S03_R01_20260819T151936,1,300.081,FAULT_ACTIVE,F1,0.3,FAN_DT_001,3.0,process-model-3.0.0-build3,5783,1,LIVE,SYNCHRONISED,AUTOMATIC,NORMAL,65,1950,1950,0,145,145,0.3,0.36,24.69275,38.02,1.086,1.024,0.0439,0.018,219.8,18.0792,-0.0026,1,0.18,1.183,4.2124,80.5,DEGRADED,F1,1,1,mechanical_imbalance,0.3,1,1,,,,,21,0
2026-08-19T15:24:37.656Z,1787153077656,FAN_DT_001_F1_S03_R01_20260819T151936,1,301.118,FAULT_ACTIVE,F1,0.3,FAN_DT_001,3.0,process-model-3.0.0-build3,5784,1,LIVE,SYNCHRONISED,AUTOMATIC,NORMAL,65,1950,1950,0,145,145,0.3,0.36,24.70985,38.02,1.086,1.024,0.0439,0.018,219.8,18.1425,-0.00282,1,0.18,1.281,4.2272,80.5,DEGRADED,F1,1,1,mechanical_imbalance,0.3,1,1,,,,,21,0
2026-08-19T15:24:38.692Z,1787153078692,FAN_DT_001_F1_S03_R01_20260819T151936,1,302.154,FAULT_ACTIVE,F1,0.3,FAN_DT_001,3.0,process-model-3.0.0-build3,5785,1,LIVE,SYNCHRONISED,AUTOMATIC,NORMAL,65,1950,1950,0,145,145,0.3,0.36,24.72707,38.02,1.086,1.024,0.0439,0.018,219.8,18.2057,-0.00307,1,0.18,1.397,4.2419,80.5,DEGRADED,F1,1,1,mechanical_imbalance,0.3,1,1,,,,,21,0
2026-08-19T15:24:39.731Z,1787153079731,FAN_DT_001_F1_S03_R01_20260819T151936,1,303.193,FAULT_ACTIVE,F1,0.3,FAN_DT_001,3.0,process-model-3.0.0-build3,5786,1,LIVE,SYNCHRONISED,AUTOMATIC,NORMAL,65,1950,1950,0,145,145,0.3,0.36,24.74429,38.03,1.086,1.024,0.0439,0.018,219.8,18.2683,-0.00329,1,0.18,1.497,4.2565,80.5,DEGRADED,F1,1,1,mechanical_imbalance,0.3,1,1,,,,,21,0
2026-08-19T15:24:40.757Z,1787153080757,FAN_DT_001_F1_S03_R01_20260819T151936,1,304.219,FAULT_ACTIVE,F1,0.3,FAN_DT_001,3.0,process-model-3.0.0-build3,5787,1,LIVE,SYNCHRONISED,AUTOMATIC,NORMAL,65,1950,1950,0,145,145,0.3,0.36,24.76181,38.03,1.086,1.024,0.0439,0.018,219.8,18.3316,-0.00351,1,0.18,1.598,4.2713,80.5,DEGRADED,F1,1,1,mechanical_imbalance,0.3,1,1,,,,,21,0
2026-08-19T15:24:41.789Z,1787153081789,FAN_DT_001_F1_S03_R01_20260819T151936,1,305.251,FAULT_ACTIVE,F1,0.3,FAN_DT_001,3.0,process-model-3.0.0-build3,5788,1,LIVE,SYNCHRONISED,AUTOMATIC,NORMAL,65,1950,1950,0,145,145,0.3,0.36,24.77941,38.03,1.086,1.024,0.0439,0.018,219.8,18.3946,-0.00376,1,0.18,1.709,4.2859,80.5,DEGRADED,F1,1,1,mechanical_imbalance,0.3,1,1,,,,,21,0
2026-08-19T15:24:42.826Z,1787153082826,FAN_DT_001_F1_S03_R01_20260819T151936,1,306.288,FAULT_ACTIVE,F1,0.3,FAN_DT_001,3.0,process-model-3.0.0-build3,5789,1,LIVE,SYNCHRONISED,AUTOMATIC,NORMAL,65,1950,1950,0,145,145,0.3,0.36,24.79708,38.04,1.086,1.024,0.0439,0.018,219.8,18.4576,-0.00399,1,0.18,1.815,4.3006,80.5,DEGRADED,F1,1,1,mechanical_imbalance,0.3,1,1,,,,,21,0
2026-08-19T15:24:43.861Z,1787153083861,FAN_DT_001_F1_S03_R01_20260819T151936,1,307.323,FAULT_ACTIVE,F1,0.3,FAN_DT_001,3.0,process-model-3.0.0-build3,5790,1,LIVE,SYNCHRONISED,AUTOMATIC,NORMAL,65,1950,1950,0,145,145,0.3,0.36,24.81495,38.04,1.086,1.024,0.0439,0.018,219.8,18.5208,-0.00421,1,0.18,1.914,4.3153,80.5,DEGRADED,F1,1,1,mechanical_imbalance,0.3,1,1,,,,,21,0
2026-08-19T15:24:44.894Z,1787153084894,FAN_DT_001_F1_S03_R01_20260819T151936,1,308.356,FAULT_ACTIVE,F1,0.3,FAN_DT_001,3.0,process-model-3.0.0-build3,5791,1,LIVE,SYNCHRONISED,AUTOMATIC,NORMAL,65,1950,1950,0,145,145,0.3,0.36,24.83288,38.05,1.086,1.024,0.0439,0.018,219.8,18.5839,-0.00444,1,0.18,2.018,4.3301,80.5,DEGRADED,F1,1,1,mechanical_imbalance,0.3,1,1,,,,,21,0
2026-08-19T15:24:45.935Z,1787153085935,FAN_DT_001_F1_S03_R01_20260819T151936,1,309.397,FAULT_ACTIVE,F1,0.3,FAN_DT_001,3.0,process-model-3.0.0-build3,5792,1,LIVE,SYNCHRONISED,AUTOMATIC,NORMAL,65,1950,1950,0,145,145,0.3,0.36,24.85087,38.05,1.086,1.024,0.0439,0.018,219.8,18.647,-0.00465,1,0.18,2.117,4.3448,80.5,DEGRADED,F1,1,1,mechanical_imbalance,0.3,1,1,,,,,21,0
2026-08-19T15:24:46.971Z,1787153086971,FAN_DT_001_F1_S03_R01_20260819T151936,1,310.433,FAULT_ACTIVE,F1,0.3,FAN_DT_001,3.0,process-model-3.0.0-build3,5793,1,LIVE,SYNCHRONISED,AUTOMATIC,NORMAL,65,1950,1950,0,145,145,0.3,0.36,24.86901,38.06,1.086,1.024,0.0439,0.018,219.8,18.7103,-0.00487,1,0.18,2.218,4.3595,80.5,DEGRADED,F1,1,1,mechanical_imbalance,0.3,1,1,,,,,21,0
2026-08-19T15:24:48.009Z,1787153088009,FAN_DT_001_F1_S03_R01_20260819T151936,1,311.471,FAULT_ACTIVE,F1,0.3,FAN_DT_001,3.0,process-model-3.0.0-build3,5794,1,LIVE,SYNCHRONISED,AUTOMATIC,NORMAL,65,1950,1950,0,145,145,0.3,0.36,24.88724,38.06,1.086,1.024,0.0439,0.018,219.8,18.7736,-0.0051,1,0.18,2.319,4.3742,80.5,DEGRADED,F1,1,1,mechanical_imbalance,0.3,1,1,,,,,21,0
2026-08-19T15:24:49.048Z,1787153089048,FAN_DT_001_F1_S03_R01_20260819T151936,1,312.51,FAULT_ACTIVE,F1,0.3,FAN_DT_001,3.0,process-model-3.0.0-build3,5795,1,LIVE,SYNCHRONISED,AUTOMATIC,NORMAL,65,1950,1950,0,145,145,0.3,0.36,24.90542,38.07,1.086,1.024,0.0439,0.018,219.8,18.8366,-0.0053,1,0.18,2.411,4.3889,80.5,DEGRADED,F1,1,1,mechanical_imbalance,0.3,1,1,,,,,21,0
2026-08-19T15:24:50.079Z,1787153090079,FAN_DT_001_F1_S03_R01_20260819T151936,1,313.542,FAULT_ACTIVE,F1,0.3,FAN_DT_001,3.0,process-model-3.0.0-build3,5796,1,LIVE,SYNCHRONISED,AUTOMATIC,NORMAL,65,1950,1950,0,145,145,0.3,0.36,24.92372,38.07,1.086,1.024,0.0439,0.018,219.8,18.8998,-0.00551,1,0.18,2.507,4.4036,80.5,DEGRADED,F1,1,1,mechanical_imbalance,0.3,1,1,,,,,21,0
2026-08-19T15:24:51.113Z,1787153091113,FAN_DT_001_F1_S03_R01_20260819T151936,1,314.575,FAULT_ACTIVE,F1,0.3,FAN_DT_001,3.0,process-model-3.0.0-build3,5797,1,LIVE,SYNCHRONISED,AUTOMATIC,NORMAL,65,1950,1950,0,145,145,0.3,0.36,24.94206,38.08,1.086,1.024,0.0439,0.018,219.8,18.963,-0.00571,1,0.18,2.596,4.4184,80.5,DEGRADED,F1,1,1,mechanical_imbalance,0.3,1,1,,,,,21,0
2026-08-19T15:24:52.151Z,1787153092151,FAN_DT_001_F1_S03_R01_20260819T151936,1,315.613,FAULT_ACTIVE,F1,0.3,FAN_DT_001,3.0,process-model-3.0.0-build3,5798,1,LIVE,SYNCHRONISED,AUTOMATIC,NORMAL,65,1950,1950,0,145,145,0.3,0.36,24.96038,38.08,1.086,1.024,0.0439,0.018,219.8,19.026,-0.00592,1,0.18,2.695,4.4331,80.5,DEGRADED,F1,1,1,mechanical_imbalance,0.3,1,1,,,,,21,0
2026-08-19T15:24:53.189Z,1787153093189,FAN_DT_001_F1_S03_R01_20260819T151936,1,316.651,FAULT_ACTIVE,F1,0.3,FAN_DT_001,3.0,process-model-3.0.0-build3,5799,1,LIVE,SYNCHRONISED,AUTOMATIC,NORMAL,65,1950,1950,0,145,145,0.3,0.36,24.97875,38.09,1.086,1.024,0.0439,0.018,219.8,19.0892,-0.00612,1,0.18,2.783,4.4478,80.5,DEGRADED,F1,1,1,mechanical_imbalance,0.3,1,1,,,,,21,0
2026-08-19T15:24:54.220Z,1787153094220,FAN_DT_001_F1_S03_R01_20260819T151936,1,317.682,FAULT_ACTIVE,F1,0.3,FAN_DT_001,3.0,process-model-3.0.0-build3,5800,1,LIVE,SYNCHRONISED,AUTOMATIC,NORMAL,65,1950,1950,0,145,145,0.3,0.36,24.99714,38.1,1.086,1.024,0.0439,0.018,219.8,19.1523,-0.00633,1,0.18,2.879,4.4625,80.5,DEGRADED,F1,1,1,mechanical_imbalance,0.3,1,1,,,,,21,0
2026-08-19T15:24:55.256Z,1787153095256,FAN_DT_001_F1_S03_R01_20260819T151936,1,318.718,FAULT_ACTIVE,F1,0.3,FAN_DT_001,3.0,process-model-3.0.0-build3,5801,1,LIVE,SYNCHRONISED,AUTOMATIC,NORMAL,65,1950,1950,0,145,145,0.3,0.36,25.01541,38.1,1.086,1.024,0.0439,0.018,219.8,19.215,-0.00652,1,0.18,2.968,4.4771,80.5,DEGRADED,F1,1,1,mechanical_imbalance,0.3,1,1,,,,,21,0
2026-08-19T15:24:56.287Z,1787153096287,FAN_DT_001_F1_S03_R01_20260819T151936,1,319.749,FAULT_ACTIVE,F1,0.3,FAN_DT_001,3.0,process-model-3.0.0-build3,5802,1,LIVE,SYNCHRONISED,AUTOMATIC,NORMAL,65,1950,1950,0,145,145,0.3,0.36,25.03382,38.11,1.086,1.024,0.0439,0.018,219.8,19.2783,-0.00669,1,0.18,3.044,4.4919,80.5,DEGRADED,F1,1,1,mechanical_imbalance,0.3,1,1,,,,,21,0
2026-08-19T15:24:57.332Z,1787153097332,FAN_DT_001_F1_S03_R01_20260819T151936,1,320.794,FAULT_ACTIVE,F1,0.3,FAN_DT_001,3.0,process-model-3.0.0-build3,5803,1,LIVE,SYNCHRONISED,AUTOMATIC,NORMAL,65,1950,1950,0,145,145,0.3,0.36,25.05218,38.12,1.086,1.024,0.0439,0.018,219.8,19.3415,-0.00689,1,0.18,3.134,4.5066,80.5,DEGRADED,F1,1,1,mechanical_imbalance,0.3,1,1,,,,,21,0
2026-08-19T15:24:58.370Z,1787153098370,FAN_DT_001_F1_S03_R01_20260819T151936,1,321.832,FAULT_ACTIVE,F1,0.3,FAN_DT_001,3.0,process-model-3.0.0-build3,5804,1,LIVE,SYNCHRONISED,AUTOMATIC,NORMAL,65,1950,1950,0,145,145,0.3,0.36,25.0705,38.13,1.086,1.024,0.0439,0.018,219.8,19.4045,-0.00706,1,0.18,3.212,4.5213,80.5,DEGRADED,F1,1,1,mechanical_imbalance,0.3,1,1,,,,,21,0
2026-08-19T15:24:59.394Z,1787153099394,FAN_DT_001_F1_S03_R01_20260819T151936,1,322.856,FAULT_ACTIVE,F1,0.3,FAN_DT_001,3.0,process-model-3.0.0-build3,5805,1,LIVE,SYNCHRONISED,AUTOMATIC,NORMAL,65,1950,1950,0,145,145,0.3,0.36,25.08881,38.13,1.086,1.024,0.0439,0.018,219.8,19.4678,-0.00724,1,0.18,3.292,4.536,80.5,DEGRADED,F1,1,1,mechanical_imbalance,0.3,1,1,,,,,21,0
2026-08-19T15:25:00.435Z,1787153100435,FAN_DT_001_F1_S03_R01_20260819T151936,1,323.897,FAULT_ACTIVE,F1,0.3,FAN_DT_001,3.0,process-model-3.0.0-build3,5806,1,LIVE,SYNCHRONISED,AUTOMATIC,NORMAL,65,1950,1950,0,145,145,0.3,0.36,25.107,38.14,1.086,1.024,0.0439,0.018,219.8,19.5307,-0.00743,1,0.18,3.379,4.5506,80.5,DEGRADED,F1,1,1,mechanical_imbalance,0.3,1,1,,,,,21,0
2026-08-19T15:25:01.469Z,1787153101469,FAN_DT_001_F1_S03_R01_20260819T151936,1,324.931,FAULT_ACTIVE,F1,0.3,FAN_DT_001,3.0,process-model-3.0.0-build3,5807,1,LIVE,SYNCHRONISED,AUTOMATIC,NORMAL,65,1950,1950,0,145,145,0.3,0.36,25.1252,38.15,1.086,1.024,0.0439,0.018,219.8,19.5939,-0.0076,1,0.18,3.457,4.5654,80.5,DEGRADED,F1,1,1,mechanical_imbalance,0.3,1,1,,,,,21,0
2026-08-19T15:25:02.501Z,1787153102501,FAN_DT_001_F1_S03_R01_20260819T151936,1,325.963,FAULT_ACTIVE,F1,0.3,FAN_DT_001,3.0,process-model-3.0.0-build3,5808,1,LIVE,SYNCHRONISED,AUTOMATIC,NORMAL,65,1950,1950,0,145,145,0.3,0.36,25.14333,38.16,1.086,1.024,0.0439,0.018,219.8,19.6571,-0.00778,1,0.18,3.54,4.5801,80.5,DEGRADED,F1,1,1,mechanical_imbalance,0.3,1,1,,,,,21,0
2026-08-19T15:25:03.538Z,1787153103538,FAN_DT_001_F1_S03_R01_20260819T151936,1,327,FAULT_ACTIVE,F1,0.3,FAN_DT_001,3.0,process-model-3.0.0-build3,5809,1,LIVE,SYNCHRONISED,AUTOMATIC,NORMAL,65,1950,1950,0,145,145,0.3,0.36,25.16138,38.16,1.086,1.024,0.0439,0.018,219.8,19.7202,-0.00792,1,0.18,3.602,4.5948,80.5,DEGRADED,F1,1,1,mechanical_imbalance,0.3,1,1,,,,,21,0
2026-08-19T15:25:04.577Z,1787153104577,FAN_DT_001_F1_S03_R01_20260819T151936,1,328.04,FAULT_ACTIVE,F1,0.3,FAN_DT_001,3.0,process-model-3.0.0-build3,5810,1,LIVE,SYNCHRONISED,AUTOMATIC,NORMAL,65,1950,1950,0,145,145,0.3,0.36,25.17932,38.17,1.086,1.024,0.0439,0.018,219.8,19.7832,-0.0081,1,0.18,3.685,4.6095,80.5,DEGRADED,F1,1,1,mechanical_imbalance,0.3,1,1,,,,,21,0
2026-08-19T15:25:05.612Z,1787153105612,FAN_DT_001_F1_S03_R01_20260819T151936,1,329.074,FAULT_ACTIVE,F1,0.3,FAN_DT_001,3.0,process-model-3.0.0-build3,5811,1,LIVE,SYNCHRONISED,AUTOMATIC,NORMAL,65,1950,1950,0,145,145,0.3,0.36,25.19721,38.18,1.086,1.024,0.0439,0.018,219.8,19.8464,-0.00823,1,0.18,3.747,4.6242,80.5,DEGRADED,F1,1,1,mechanical_imbalance,0.3,1,1,,,,,21,0
2026-08-19T15:25:06.644Z,1787153106644,FAN_DT_001_F1_S03_R01_20260819T151936,1,330.106,FAULT_ACTIVE,F1,0.3,FAN_DT_001,3.0,process-model-3.0.0-build3,5812,1,LIVE,SYNCHRONISED,AUTOMATIC,NORMAL,65,1950,1950,0,145,145,0.3,0.36,25.21496,38.19,1.086,1.024,0.0439,0.018,219.8,19.9095,-0.00841,1,0.18,3.826,4.6389,80.5,DEGRADED,F1,1,1,mechanical_imbalance,0.3,1,1,,,,,21,0
2026-08-19T15:25:07.676Z,1787153107676,FAN_DT_001_F1_S03_R01_20260819T151936,1,331.139,FAULT_ACTIVE,F1,0.3,FAN_DT_001,3.0,process-model-3.0.0-build3,5813,1,LIVE,SYNCHRONISED,AUTOMATIC,NORMAL,65,1950,1950,0,145,145,0.3,0.36,25.23255,38.2,1.086,1.024,0.0439,0.018,219.8,19.9724,-0.00855,1,0.18,3.892,4.6536,80.5,DEGRADED,F1,1,1,mechanical_imbalance,0.3,1,1,,,,,21,0
2026-08-19T15:25:08.716Z,1787153108716,FAN_DT_001_F1_S03_R01_20260819T151936,1,332.178,FAULT_ACTIVE,F1,0.3,FAN_DT_001,3.0,process-model-3.0.0-build3,5814,1,LIVE,SYNCHRONISED,AUTOMATIC,NORMAL,65,1950,1950,0,145,145,0.3,0.36,25.25008,38.21,1.086,1.024,0.0439,0.018,219.8,20.0356,-0.00869,1,0.18,3.952,4.6683,80.5,DEGRADED,F1,1,1,mechanical_imbalance,0.3,1,1,,,,,21,0
2026-08-19T15:25:09.749Z,1787153109749,FAN_DT_001_F1_S03_R01_20260819T151936,1,333.212,FAULT_ACTIVE,F1,0.3,FAN_DT_001,3.0,process-model-3.0.0-build3,5815,1,LIVE,SYNCHRONISED,AUTOMATIC,NORMAL,65,1950,1950,0,145,145,0.3,0.36,25.26758,38.22,1.086,1.024,0.0439,0.018,219.8,20.0991,-0.00883,1,0.18,4.018,4.6831,80.5,DEGRADED,F1,1,1,mechanical_imbalance,0.3,1,1,,,,,21,0
2026-08-19T15:25:10.779Z,1787153110779,FAN_DT_001_F1_S03_R01_20260819T151936,1,334.241,FAULT_ACTIVE,F1,0.3,FAN_DT_001,3.0,process-model-3.0.0-build3,5816,1,LIVE,SYNCHRONISED,AUTOMATIC,NORMAL,65,1950,1950,0,145,145,0.3,0.36,25.28466,38.23,1.086,1.024,0.0439,0.018,219.8,20.1616,-0.00895,1,0.18,4.072,4.6976,80.5,DEGRADED,F1,1,1,mechanical_imbalance,0.3,1,1,,,,,21,0
2026-08-19T15:25:11.833Z,1787153111833,FAN_DT_001_F1_S03_R01_20260819T151936,1,335.295,FAULT_ACTIVE,F1,0.3,FAN_DT_001,3.0,process-model-3.0.0-build3,5817,1,LIVE,SYNCHRONISED,AUTOMATIC,NORMAL,65,1950,1950,0,145,145,0.3,0.36,25.30174,38.24,1.086,1.024,0.0439,0.018,219.8,20.2247,-0.00908,1,0.18,4.133,4.7123,80.5,DEGRADED,F1,1,1,mechanical_imbalance,0.3,1,1,,,,,21,0
2026-08-19T15:25:12.853Z,1787153112853,FAN_DT_001_F1_S03_R01_20260819T151936,1,336.316,FAULT_ACTIVE,F1,0.3,FAN_DT_001,3.0,process-model-3.0.0-build3,5818,1,LIVE,SYNCHRONISED,AUTOMATIC,NORMAL,65,1950,1950,0,145,145,0.3,0.36,25.3187,38.24,1.086,1.024,0.0439,0.018,219.8,20.2878,-0.0092,1,0.18,4.188,4.7271,80.5,DEGRADED,F1,1,1,mechanical_imbalance,0.3,1,1,,,,,21,0
2026-08-19T15:25:13.888Z,1787153113888,FAN_DT_001_F1_S03_R01_20260819T151936,1,337.35,FAULT_ACTIVE,F1,0.3,FAN_DT_001,3.0,process-model-3.0.0-build3,5819,1,LIVE,SYNCHRONISED,AUTOMATIC,NORMAL,65,1950,1950,0,145,145,0.3,0.36,25.33549,38.25,1.086,1.024,0.0439,0.018,219.8,20.351,-0.00934,1,0.18,4.25,4.7418,80.5,DEGRADED,F1,1,1,mechanical_imbalance,0.3,1,1,,,,,21,0
2026-08-19T15:25:14.924Z,1787153114924,FAN_DT_001_F1_S03_R01_20260819T151936,1,338.386,FAULT_ACTIVE,F1,0.3,FAN_DT_001,3.0,process-model-3.0.0-build3,5820,1,LIVE,SYNCHRONISED,AUTOMATIC,NORMAL,65,1950,1950,0,145,145,0.3,0.36,25.35205,38.26,1.086,1.024,0.0439,0.018,219.8,20.414,-0.00944,1,0.18,4.293,4.7565,80.5,DEGRADED,F1,1,1,mechanical_imbalance,0.3,1,1,,,,,21,0
2026-08-19T15:25:15.961Z,1787153115961,FAN_DT_001_F1_S03_R01_20260819T151936,1,339.423,FAULT_ACTIVE,F1,0.3,FAN_DT_001,3.0,process-model-3.0.0-build3,5821,1,LIVE,SYNCHRONISED,AUTOMATIC,NORMAL,65,1950,1950,0,145,145,0.3,0.36,25.36849,38.27,1.086,1.024,0.0439,0.018,219.8,20.4772,-0.00955,1,0.18,4.346,4.7712,80.5,DEGRADED,F1,1,1,mechanical_imbalance,0.3,1,1,,,,,21,0
2026-08-19T15:25:16.992Z,1787153116992,FAN_DT_001_F1_S03_R01_20260819T151936,1,340.455,FAULT_ACTIVE,F1,0.3,FAN_DT_001,3.0,process-model-3.0.0-build3,5822,1,LIVE,SYNCHRONISED,AUTOMATIC,NORMAL,65,1950,1950,0,145,145,0.3,0.36,25.38469,38.28,1.086,1.024,0.0439,0.018,219.8,20.5403,-0.00966,1,0.18,4.394,4.7859,80.5,DEGRADED,F1,1,1,mechanical_imbalance,0.3,1,1,,,,,21,0
2026-08-19T15:25:18.029Z,1787153118029,FAN_DT_001_F1_S03_R01_20260819T151936,1,341.491,FAULT_ACTIVE,F1,0.3,FAN_DT_001,3.0,process-model-3.0.0-build3,5823,1,LIVE,SYNCHRONISED,AUTOMATIC,NORMAL,65,1950,1950,0,145,145,0.3,0.36,25.40069,38.29,1.086,1.024,0.0439,0.018,219.8,20.6033,-0.00977,1,0.18,4.444,4.8006,80.5,DEGRADED,F1,1,1,mechanical_imbalance,0.3,1,1,,,,,21,0
2026-08-19T15:25:19.065Z,1787153119065,FAN_DT_001_F1_S03_R01_20260819T151936,1,342.527,FAULT_ACTIVE,F1,0.3,FAN_DT_001,3.0,process-model-3.0.0-build3,5824,1,LIVE,SYNCHRONISED,AUTOMATIC,NORMAL,65,1950,1950,0,145,145,0.3,0.36,25.41647,38.3,1.086,1.024,0.0439,0.018,219.8,20.6664,-0.00983,1,0.18,4.475,4.8153,80.5,DEGRADED,F1,1,1,mechanical_imbalance,0.3,1,1,,,,,21,0
2026-08-19T15:25:20.095Z,1787153120095,FAN_DT_001_F1_S03_R01_20260819T151936,1,343.557,FAULT_ACTIVE,F1,0.3,FAN_DT_001,3.0,process-model-3.0.0-build3,5825,1,LIVE,SYNCHRONISED,AUTOMATIC,NORMAL,65,1950,1950,0,145,145,0.3,0.36,25.43204,38.31,1.086,1.024,0.0439,0.018,219.8,20.7295,-0.00993,1,0.18,4.518,4.83,80.5,DEGRADED,F1,1,1,mechanical_imbalance,0.3,1,1,,,,,21,0
2026-08-19T15:25:21.134Z,1787153121134,FAN_DT_001_F1_S03_R01_20260819T151936,1,344.596,FAULT_ACTIVE,F1,0.3,FAN_DT_001,3.0,process-model-3.0.0-build3,5826,1,LIVE,SYNCHRONISED,AUTOMATIC,NORMAL,65,1950,1950,0,145,145,0.3,0.36,25.44737,38.32,1.086,1.024,0.0439,0.018,219.8,20.7925,-0.01002,1,0.18,4.561,4.8447,80.5,DEGRADED,F1,1,1,mechanical_imbalance,0.3,1,1,,,,,21,0
2026-08-19T15:25:22.170Z,1787153122170,FAN_DT_001_F1_S03_R01_20260819T151936,1,345.631,FAULT_ACTIVE,F1,0.3,FAN_DT_001,3.0,process-model-3.0.0-build3,5827,1,LIVE,SYNCHRONISED,AUTOMATIC,NORMAL,65,1950,1950,0,145,145,0.3,0.36,25.46244,38.34,1.086,1.024,0.0439,0.018,219.8,20.8554,-0.01009,1,0.18,4.589,4.8593,80.5,DEGRADED,F1,1,1,mechanical_imbalance,0.3,1,1,,,,,21,0
2026-08-19T15:25:23.309Z,1787153123309,FAN_DT_001_F1_S03_R01_20260819T151936,1,346.771,FAULT_ACTIVE,F1,0.3,FAN_DT_001,3.0,process-model-3.0.0-build3,5828,1,LIVE,SYNCHRONISED,AUTOMATIC,NORMAL,65,1950,1950,0,145,145,0.3,0.36,25.47735,38.35,1.086,1.024,0.0439,0.018,219.8,20.9187,-0.01016,1,0.18,4.624,4.8741,80.5,DEGRADED,F1,1,1,mechanical_imbalance,0.3,1,1,,,,,21,0
2026-08-19T15:25:24.237Z,1787153124237,FAN_DT_001_F1_S03_R01_20260819T151936,1,347.699,FAULT_ACTIVE,F1,0.3,FAN_DT_001,3.0,process-model-3.0.0-build3,5829,1,LIVE,SYNCHRONISED,AUTOMATIC,NORMAL,65,1950,1950,0,145,145,0.3,0.36,25.49201,38.36,1.086,1.024,0.0439,0.018,219.8,20.9819,-0.01023,1,0.18,4.656,4.8888,80.5,DEGRADED,F1,1,1,mechanical_imbalance,0.3,1,1,,,,,21,0
2026-08-19T15:25:25.249Z,1787153125249,FAN_DT_001_F1_S03_R01_20260819T151936,1,348.711,FAULT_ACTIVE,F1,0.3,FAN_DT_001,3.0,process-model-3.0.0-build3,5830,1,LIVE,SYNCHRONISED,AUTOMATIC,NORMAL,65,1950,1950,0,145,145,0.3,0.36,25.50657,38.37,1.086,1.024,0.0439,0.018,219.8,21.046,-0.01031,1,0.18,4.69,4.9037,80.5,DEGRADED,F1,1,1,mechanical_imbalance,0.3,1,1,,,,,21,0
2026-08-19T15:25:26.284Z,1787153126284,FAN_DT_001_F1_S03_R01_20260819T151936,1,349.746,FAULT_ACTIVE,F1,0.3,FAN_DT_001,3.0,process-model-3.0.0-build3,5831,1,LIVE,SYNCHRONISED,AUTOMATIC,NORMAL,65,1950,1950,0,145,145,0.3,0.36,25.52006,38.38,1.086,1.024,0.0439,0.018,219.8,21.1064,-0.01035,1,0.18,4.709,4.9178,80.5,DEGRADED,F1,1,1,mechanical_imbalance,0.3,1,1,,,,,21,0
2026-08-19T15:25:27.317Z,1787153127317,FAN_DT_001_F1_S03_R01_20260819T151936,1,350.779,FAULT_ACTIVE,F1,0.3,FAN_DT_001,3.0,process-model-3.0.0-build3,5832,1,LIVE,SYNCHRONISED,AUTOMATIC,NORMAL,65,1950,1950,0,145,145,0.3,0.36,25.53391,38.39,1.086,1.024,0.0439,0.018,219.8,21.1696,-0.01042,1,0.18,4.738,4.9325,80.5,DEGRADED,F1,1,1,mechanical_imbalance,0.3,1,1,,,,,21,0
2026-08-19T15:25:28.354Z,1787153128354,FAN_DT_001_F1_S03_R01_20260819T151936,1,351.816,FAULT_ACTIVE,F1,0.3,FAN_DT_001,3.0,process-model-3.0.0-build3,5833,1,LIVE,SYNCHRONISED,AUTOMATIC,NORMAL,65,1950,1950,0,145,145,0.3,0.36,25.54745,38.4,1.086,1.024,0.0439,0.018,219.8,21.2327,-0.01045,1,0.18,4.756,4.9472,80.5,DEGRADED,F1,1,1,mechanical_imbalance,0.3,1,1,,,,,21,0
2026-08-19T15:25:29.390Z,1787153129390,FAN_DT_001_F1_S03_R01_20260819T151936,1,352.852,FAULT_ACTIVE,F1,0.3,FAN_DT_001,3.0,process-model-3.0.0-build3,5834,1,LIVE,SYNCHRONISED,AUTOMATIC,NORMAL,65,1950,1950,0,145,145,0.3,0.36,25.56068,38.41,1.086,1.024,0.0439,0.018,219.8,21.2957,-0.01048,1,0.18,4.769,4.9619,80.5,DEGRADED,F1,1,1,mechanical_imbalance,0.3,1,1,,,,,21,0
2026-08-19T15:25:30.425Z,1787153130425,FAN_DT_001_F1_S03_R01_20260819T151936,1,353.887,FAULT_ACTIVE,F1,0.3,FAN_DT_001,3.0,process-model-3.0.0-build3,5835,1,LIVE,SYNCHRONISED,AUTOMATIC,NORMAL,65,1950,1950,0,145,145,0.3,0.36,25.57368,38.42,1.086,1.024,0.0439,0.018,219.8,21.359,-0.01054,1,0.18,4.794,4.9766,80.5,DEGRADED,F1,1,1,mechanical_imbalance,0.3,1,1,,,,,21,0
2026-08-19T15:25:31.458Z,1787153131458,FAN_DT_001_F1_S03_R01_20260819T151936,1,354.919,FAULT_ACTIVE,F1,0.3,FAN_DT_001,3.0,process-model-3.0.0-build3,5836,1,LIVE,SYNCHRONISED,AUTOMATIC,NORMAL,65,1950,1950,0,145,145,0.3,0.36,25.58633,38.43,1.086,1.024,0.0439,0.018,219.8,21.4221,-0.01056,1,0.18,4.803,4.9913,80.5,DEGRADED,F1,1,1,mechanical_imbalance,0.3,1,1,,,,,21,0
2026-08-19T15:25:32.498Z,1787153132498,FAN_DT_001_F1_S03_R01_20260819T151936,1,355.96,FAULT_ACTIVE,F1,0.3,FAN_DT_001,3.0,process-model-3.0.0-build3,5837,1,LIVE,SYNCHRONISED,AUTOMATIC,NORMAL,65,1950,1950,0,145,145,0.3,0.36,25.59865,38.44,1.086,1.024,0.0439,0.018,219.8,21.4851,-0.01057,1,0.18,4.809,5.006,80.5,DEGRADED,F1,1,1,mechanical_imbalance,0.3,1,1,,,,,21,0
2026-08-19T15:25:33.532Z,1787153133532,FAN_DT_001_F1_S03_R01_20260819T151936,1,356.994,FAULT_ACTIVE,F1,0.3,FAN_DT_001,3.0,process-model-3.0.0-build3,5838,1,LIVE,SYNCHRONISED,AUTOMATIC,NORMAL,65,1950,1950,0,145,145,0.3,0.36,25.6107,38.45,1.086,1.024,0.0439,0.018,219.8,21.5482,-0.0106,1,0.18,4.821,5.0207,80.5,DEGRADED,F1,1,1,mechanical_imbalance,0.3,1,1,,,,,21,0
2026-08-19T15:25:34.563Z,1787153134563,FAN_DT_001_F1_S03_R01_20260819T151936,1,358.025,FAULT_ACTIVE,F1,0.3,FAN_DT_001,3.0,process-model-3.0.0-build3,5839,1,LIVE,SYNCHRONISED,AUTOMATIC,NORMAL,65,1950,1950,0,145,145,0.3,0.36,25.6224,38.46,1.086,1.024,0.0439,0.018,219.8,21.6113,-0.0106,1,0.18,4.824,5.0354,80.5,DEGRADED,F1,1,1,mechanical_imbalance,0.3,1,1,,,,,21,0
2026-08-19T15:25:35.603Z,1787153135603,FAN_DT_001_F1_S03_R01_20260819T151936,1,359.065,FAULT_ACTIVE,F1,0.3,FAN_DT_001,3.0,process-model-3.0.0-build3,5840,1,LIVE,SYNCHRONISED,AUTOMATIC,NORMAL,65,1950,1950,0,145,145,0.3,0.36,25.63377,38.48,1.086,1.024,0.0439,0.018,219.8,21.6744,-0.01061,1,0.18,4.825,5.0501,80.5,DEGRADED,F1,1,1,mechanical_imbalance,0.3,1,1,,,,,21,0
2026-08-19T15:25:36.651Z,1787153136651,FAN_DT_001_F1_S03_R01_20260819T151936,1,360.113,FAULT_ACTIVE,F1,0.3,FAN_DT_001,3.0,process-model-3.0.0-build3,5841,1,LIVE,SYNCHRONISED,AUTOMATIC,NORMAL,65,1950,1950,0,145,145,0.3,0.36,25.64484,38.49,1.086,1.024,0.0439,0.018,219.8,21.7376,-0.01063,1,0.18,4.835,5.0649,80.5,DEGRADED,F1,1,1,mechanical_imbalance,0.3,1,1,,,,,21,0
2026-08-19T15:25:37.673Z,1787153137673,FAN_DT_001_F1_S03_R01_20260819T151936,1,361.134,FAULT_ACTIVE,F1,0.3,FAN_DT_001,3.0,process-model-3.0.0-build3,5842,1,LIVE,SYNCHRONISED,AUTOMATIC,NORMAL,65,1950,1950,0,145,145,0.3,0.36,25.65554,38.5,1.086,1.024,0.0439,0.018,219.8,21.8007,-0.01062,1,0.18,4.832,5.0796,80.5,DEGRADED,F1,1,1,mechanical_imbalance,0.3,1,1,,,,,21,0
2026-08-19T15:25:38.705Z,1787153138705,FAN_DT_001_F1_S03_R01_20260819T151936,1,362.167,FAULT_ACTIVE,F1,0.3,FAN_DT_001,3.0,process-model-3.0.0-build3,5843,1,LIVE,SYNCHRONISED,AUTOMATIC,NORMAL,65,1950,1950,0,145,145,0.3,0.36,25.66589,38.51,1.086,1.024,0.0439,0.018,219.8,21.8637,-0.01061,1,0.18,4.825,5.0942,80.5,DEGRADED,F1,1,1,mechanical_imbalance,0.3,1,1,,,,,21,0
2026-08-19T15:25:39.744Z,1787153139744,FAN_DT_001_F1_S03_R01_20260819T151936,1,363.206,FAULT_ACTIVE,F1,0.3,FAN_DT_001,3.0,process-model-3.0.0-build3,5844,1,LIVE,SYNCHRONISED,AUTOMATIC,NORMAL,65,1950,1950,0,145,145,0.3,0.36,25.67588,38.52,1.086,1.024,0.0439,0.018,219.8,21.9267,-0.01059,1,0.18,4.817,5.1089,80.5,DEGRADED,F1,1,1,mechanical_imbalance,0.3,1,1,,,,,21,0
2026-08-19T15:25:40.773Z,1787153140773,FAN_DT_001_F1_S03_R01_20260819T151936,1,364.235,FAULT_ACTIVE,F1,0.3,FAN_DT_001,3.0,process-model-3.0.0-build3,5845,1,LIVE,SYNCHRONISED,AUTOMATIC,NORMAL,65,1950,1950,0,145,145,0.3,0.36,25.68552,38.53,1.086,1.024,0.0439,0.018,219.8,21.9897,-0.01057,1,0.18,4.807,5.1236,80.5,DEGRADED,F1,1,1,mechanical_imbalance,0.3,1,1,,,,,21,0
2026-08-19T15:25:41.806Z,1787153141806,FAN_DT_001_F1_S03_R01_20260819T151936,1,365.268,FAULT_ACTIVE,F1,0.3,FAN_DT_001,3.0,process-model-3.0.0-build3,5846,1,LIVE,SYNCHRONISED,AUTOMATIC,NORMAL,65,1950,1950,0,145,145,0.3,0.36,25.69481,38.54,1.086,1.024,0.0439,0.018,219.8,22.0528,-0.01053,1,0.18,4.789,5.1383,80.5,DEGRADED,F1,1,1,mechanical_imbalance,0.3,1,1,,,,,21,0
2026-08-19T15:25:42.845Z,1787153142845,FAN_DT_001_F1_S03_R01_20260819T151936,1,366.307,FAULT_ACTIVE,F1,0.3,FAN_DT_001,3.0,process-model-3.0.0-build3,5847,1,LIVE,SYNCHRONISED,AUTOMATIC,NORMAL,65,1950,1950,0,145,145,0.3,0.36,25.70373,38.55,1.086,1.024,0.0439,0.018,219.8,22.1159,-0.01049,1,0.18,4.773,5.153,80.5,DEGRADED,F1,1,1,mechanical_imbalance,0.3,1,1,,,,,21,0
2026-08-19T15:25:43.883Z,1787153143883,FAN_DT_001_F1_S03_R01_20260819T151936,1,367.345,FAULT_ACTIVE,F1,0.3,FAN_DT_001,3.0,process-model-3.0.0-build3,5848,1,LIVE,SYNCHRONISED,AUTOMATIC,NORMAL,65,1950,1950,0,145,145,0.3,0.36,25.71228,38.56,1.086,1.024,0.0439,0.018,219.8,22.179,-0.01046,1,0.18,4.759,5.1677,80.5,DEGRADED,F1,1,1,mechanical_imbalance,0.3,1,1,,,,,21,0
2026-08-19T15:25:44.915Z,1787153144915,FAN_DT_001_F1_S03_R01_20260819T151936,1,368.377,FAULT_ACTIVE,F1,0.3,FAN_DT_001,3.0,process-model-3.0.0-build3,5849,1,LIVE,SYNCHRONISED,AUTOMATIC,NORMAL,65,1950,1950,0,145,145,0.3,0.36,25.72047,38.57,1.086,1.024,0.0439,0.018,219.8,22.2422,-0.01042,1,0.18,4.738,5.1824,80.5,DEGRADED,F1,1,1,mechanical_imbalance,0.3,1,1,,,,,21,0
2026-08-19T15:25:45.953Z,1787153145953,FAN_DT_001_F1_S03_R01_20260819T151936,1,369.415,FAULT_ACTIVE,F1,0.3,FAN_DT_001,3.0,process-model-3.0.0-build3,5850,1,LIVE,SYNCHRONISED,AUTOMATIC,NORMAL,65,1950,1950,0,145,145,0.3,0.36,25.72825,38.58,1.086,1.024,0.0439,0.018,219.8,22.3052,-0.01038,1,0.18,4.723,5.1971,80.5,DEGRADED,F1,1,1,mechanical_imbalance,0.3,1,1,,,,,21,0
2026-08-19T15:25:47.009Z,1787153147009,FAN_DT_001_F1_S03_R01_20260819T151936,1,370.472,FAULT_ACTIVE,F1,0.3,FAN_DT_001,3.0,process-model-3.0.0-build3,5851,1,LIVE,SYNCHRONISED,AUTOMATIC,NORMAL,65,1950,1950,0,145,145,0.3,0.36,25.73566,38.59,1.086,1.024,0.0439,0.018,219.8,22.3682,-0.01032,1,0.18,4.694,5.2118,80.5,DEGRADED,F1,1,1,mechanical_imbalance,0.3,1,1,,,,,21,0
2026-08-19T15:25:48.052Z,1787153148052,FAN_DT_001_F1_S03_R01_20260819T151936,1,371.514,FAULT_ACTIVE,F1,0.3,FAN_DT_001,3.0,process-model-3.0.0-build3,5852,1,LIVE,SYNCHRONISED,AUTOMATIC,NORMAL,65,1950,1950,0,145,145,0.3,0.36,25.74271,38.61,1.086,1.024,0.0439,0.018,219.8,22.4316,-0.01024,1,0.18,4.66,5.2266,80.5,DEGRADED,F1,1,1,mechanical_imbalance,0.3,1,1,,,,,21,0
2026-08-19T15:25:49.077Z,1787153149077,FAN_DT_001_F1_S03_R01_20260819T151936,1,372.538,FAULT_ACTIVE,F1,0.3,FAN_DT_001,3.0,process-model-3.0.0-build3,5853,1,LIVE,SYNCHRONISED,AUTOMATIC,NORMAL,65,1950,1950,0,145,145,0.3,0.36,25.74936,38.62,1.086,1.024,0.0439,0.018,219.8,22.4949,-0.0102,1,0.18,4.642,5.2413,80.5,DEGRADED,F1,1,1,mechanical_imbalance,0.3,1,1,,,,,21,0
2026-08-19T15:25:50.093Z,1787153150093,FAN_DT_001_F1_S03_R01_20260819T151936,1,373.555,FAULT_ACTIVE,F1,0.3,FAN_DT_001,3.0,process-model-3.0.0-build3,5854,1,LIVE,SYNCHRONISED,AUTOMATIC,NORMAL,65,1950,1950,0,145,145,0.3,0.36,25.75558,38.63,1.086,1.024,0.0439,0.018,219.8,22.5577,-0.01012,1,0.18,4.602,5.256,80.5,DEGRADED,F1,1,1,mechanical_imbalance,0.3,1,1,,,,,21,0
2026-08-19T15:25:51.132Z,1787153151132,FAN_DT_001_F1_S03_R01_20260819T151936,1,374.594,FAULT_ACTIVE,F1,0.3,FAN_DT_001,3.0,process-model-3.0.0-build3,5855,1,LIVE,SYNCHRONISED,AUTOMATIC,NORMAL,65,1950,1950,0,145,145,0.3,0.36,25.76141,38.64,1.086,1.024,0.0439,0.018,219.8,22.6209,-0.01004,1,0.18,4.569,5.2707,80.5,DEGRADED,F1,1,1,mechanical_imbalance,0.3,1,1,,,,,21,0
2026-08-19T15:25:52.165Z,1787153152165,FAN_DT_001_F1_S03_R01_20260819T151936,1,375.627,FAULT_ACTIVE,F1,0.3,FAN_DT_001,3.0,process-model-3.0.0-build3,5856,1,LIVE,SYNCHRONISED,AUTOMATIC,NORMAL,65,1950,1950,0,145,145,0.3,0.36,25.76686,38.65,1.086,1.024,0.0439,0.018,219.8,22.6841,-0.00996,1,0.18,4.532,5.2854,80.5,DEGRADED,F1,1,1,mechanical_imbalance,0.3,1,1,,,,,21,0
2026-08-19T15:25:53.201Z,1787153153201,FAN_DT_001_F1_S03_R01_20260819T151936,1,376.663,FAULT_ACTIVE,F1,0.3,FAN_DT_001,3.0,process-model-3.0.0-build3,5857,1,LIVE,SYNCHRONISED,AUTOMATIC,NORMAL,65,1950,1950,0,145,145,0.3,0.36,25.7719,38.66,1.086,1.024,0.0439,0.018,219.8,22.7473,-0.00988,1,0.18,4.497,5.3001,80.5,DEGRADED,F1,1,1,mechanical_imbalance,0.3,1,1,,,,,21,0
2026-08-19T15:25:54.237Z,1787153154237,FAN_DT_001_F1_S03_R01_20260819T151936,1,377.699,FAULT_ACTIVE,F1,0.3,FAN_DT_001,3.0,process-model-3.0.0-build3,5858,1,LIVE,SYNCHRONISED,AUTOMATIC,NORMAL,65,1950,1950,0,145,145,0.3,0.36,25.7765,38.67,1.086,1.024,0.0439,0.018,219.8,22.8101,-0.00978,1,0.18,4.451,5.3148,80.5,DEGRADED,F1,1,1,mechanical_imbalance,0.3,1,1,,,,,21,0
2026-08-19T15:25:55.267Z,1787153155267,FAN_DT_001_F1_S03_R01_20260819T151936,1,378.729,FAULT_ACTIVE,F1,0.3,FAN_DT_001,3.0,process-model-3.0.0-build3,5859,1,LIVE,SYNCHRONISED,AUTOMATIC,NORMAL,65,1950,1950,0,145,145,0.3,0.36,25.78071,38.68,1.086,1.024,0.0439,0.018,219.8,22.8731,-0.00968,1,0.18,4.402,5.3294,80.5,DEGRADED,F1,1,1,mechanical_imbalance,0.3,1,1,,,,,21,0
2026-08-19T15:25:56.301Z,1787153156301,FAN_DT_001_F1_S03_R01_20260819T151936,1,379.763,FAULT_ACTIVE,F1,0.3,FAN_DT_001,3.0,process-model-3.0.0-build3,5860,1,LIVE,SYNCHRONISED,AUTOMATIC,NORMAL,65,1950,1950,0,145,145,0.3,0.36,25.78451,38.69,1.086,1.024,0.0439,0.018,219.8,22.9362,-0.00958,1,0.18,4.359,5.3441,80.5,DEGRADED,F1,1,1,mechanical_imbalance,0.3,1,1,,,,,21,0
2026-08-19T15:25:57.338Z,1787153157338,FAN_DT_001_F1_S03_R01_20260819T151936,1,380.8,FAULT_ACTIVE,F1,0.3,FAN_DT_001,3.0,process-model-3.0.0-build3,5861,1,LIVE,SYNCHRONISED,AUTOMATIC,NORMAL,65,1950,1950,0,145,145,0.3,0.36,25.7879,38.7,1.086,1.024,0.0439,0.018,219.8,22.9992,-0.00948,1,0.18,4.312,5.3588,80.5,DEGRADED,F1,1,1,mechanical_imbalance,0.3,1,1,,,,,21,0
2026-08-19T15:25:58.381Z,1787153158381,FAN_DT_001_F1_S03_R01_20260819T151936,1,381.843,FAULT_ACTIVE,F1,0.3,FAN_DT_001,3.0,process-model-3.0.0-build3,5862,1,LIVE,SYNCHRONISED,AUTOMATIC,NORMAL,65,1950,1950,0,145,145,0.3,0.36,25.79088,38.71,1.086,1.024,0.0439,0.018,219.8,23.0625,-0.00936,1,0.18,4.256,5.3736,80.5,DEGRADED,F1,1,1,mechanical_imbalance,0.3,1,1,,,,,21,0
2026-08-19T15:25:59.408Z,1787153159408,FAN_DT_001_F1_S03_R01_20260819T151936,1,382.87,FAULT_ACTIVE,F1,0.3,FAN_DT_001,3.0,process-model-3.0.0-build3,5863,1,LIVE,SYNCHRONISED,AUTOMATIC,NORMAL,65,1950,1950,0,145,145,0.3,0.36,25.79344,38.72,1.086,1.024,0.0439,0.018,219.8,23.1256,-0.00925,1,0.18,4.209,5.3883,80.5,DEGRADED,F1,1,1,mechanical_imbalance,0.3,1,1,,,,,21,0
2026-08-19T15:26:00.540Z,1787153160540,FAN_DT_001_F1_S03_R01_20260819T151936,1,384.002,FAULT_ACTIVE,F1,0.3,FAN_DT_001,3.0,process-model-3.0.0-build3,5864,1,LIVE,SYNCHRONISED,AUTOMATIC,NORMAL,65,1950,1950,0,145,145,0.3,0.36,25.79558,38.73,1.086,1.024,0.0439,0.018,219.8,23.1886,-0.00913,1,0.18,4.155,5.403,80.5,DEGRADED,F1,1,1,mechanical_imbalance,0.3,1,1,,,,,21,0
2026-08-19T15:26:01.481Z,1787153161481,FAN_DT_001_F1_S03_R01_20260819T151936,1,384.942,FAULT_ACTIVE,F1,0.3,FAN_DT_001,3.0,process-model-3.0.0-build3,5865,1,LIVE,SYNCHRONISED,AUTOMATIC,NORMAL,65,1950,1950,0,145,145,0.3,0.36,25.79729,38.74,1.086,1.024,0.0439,0.018,219.8,23.2517,-0.009,1,0.18,4.095,5.4176,80.5,DEGRADED,F1,1,1,mechanical_imbalance,0.3,1,1,,,,,21,0
2026-08-19T15:26:02.512Z,1787153162512,FAN_DT_001_F1_S03_R01_20260819T151936,1,385.974,FAULT_ACTIVE,F1,0.3,FAN_DT_001,3.0,process-model-3.0.0-build3,5866,1,LIVE,SYNCHRONISED,AUTOMATIC,NORMAL,65,1950,1950,0,145,145,0.3,0.36,25.79859,38.75,1.086,1.024,0.0439,0.018,219.8,23.3147,-0.00887,1,0.18,4.036,5.4323,80.5,DEGRADED,F1,1,1,mechanical_imbalance,0.3,1,1,,,,,21,0
2026-08-19T15:26:03.544Z,1787153163544,FAN_DT_001_F1_S03_R01_20260819T151936,1,387.006,FAULT_ACTIVE,F1,0.3,FAN_DT_001,3.0,process-model-3.0.0-build3,5867,1,LIVE,SYNCHRONISED,AUTOMATIC,NORMAL,65,1950,1950,0,145,145,0.3,0.36,25.79947,38.75,1.086,1.024,0.0439,0.018,219.8,23.3777,-0.00872,1,0.18,3.969,5.447,80.5,DEGRADED,F1,1,1,mechanical_imbalance,0.3,1,1,,,,,21,0
2026-08-19T15:26:04.582Z,1787153164582,FAN_DT_001_F1_S03_R01_20260819T151936,1,388.044,FAULT_ACTIVE,F1,0.3,FAN_DT_001,3.0,process-model-3.0.0-build3,5868,1,LIVE,SYNCHRONISED,AUTOMATIC,NORMAL,65,1950,1950,0,145,145,0.3,0.36,25.79993,38.76,1.086,1.024,0.0439,0.018,219.8,23.4407,-0.00858,1,0.18,3.905,5.4617,80.5,DEGRADED,F1,1,1,mechanical_imbalance,0.3,1,1,,,,,21,0
2026-08-19T15:26:05.619Z,1787153165619,FAN_DT_001_F1_S03_R01_20260819T151936,1,389.081,FAULT_ACTIVE,F1,0.3,FAN_DT_001,3.0,process-model-3.0.0-build3,5869,1,LIVE,SYNCHRONISED,AUTOMATIC,NORMAL,65,1950,1950,0,145,145,0.3,0.36,25.79996,38.77,1.086,1.024,0.0439,0.018,219.8,23.5039,-0.00844,1,0.18,3.84,5.4764,80.5,DEGRADED,F1,1,1,mechanical_imbalance,0.3,1,1,,,,,21,0
2026-08-19T15:26:06.652Z,1787153166652,FAN_DT_001_F1_S03_R01_20260819T151936,1,390.114,FAULT_ACTIVE,F1,0.3,FAN_DT_001,3.0,process-model-3.0.0-build3,5870,1,LIVE,SYNCHRONISED,AUTOMATIC,NORMAL,65,1950,1950,0,145,145,0.3,0.36,25.79958,38.78,1.086,1.024,0.0439,0.018,219.8,23.567,-0.0083,1,0.18,3.774,5.4911,80.5,DEGRADED,F1,1,1,mechanical_imbalance,0.3,1,1,,,,,21,0
2026-08-19T15:26:07.685Z,1787153167685,FAN_DT_001_F1_S03_R01_20260819T151936,1,391.147,FAULT_ACTIVE,F1,0.3,FAN_DT_001,3.0,process-model-3.0.0-build3,5871,1,LIVE,SYNCHRONISED,AUTOMATIC,NORMAL,65,1950,1950,0,145,145,0.3,0.36,25.79877,38.79,1.086,1.024,0.0439,0.018,219.8,23.6301,-0.00815,1,0.18,3.71,5.5058,80.5,DEGRADED,F1,1,1,mechanical_imbalance,0.3,1,1,,,,,21,0
2026-08-19T15:26:08.725Z,1787153168725,FAN_DT_001_F1_S03_R01_20260819T151936,1,392.187,FAULT_ACTIVE,F1,0.3,FAN_DT_001,3.0,process-model-3.0.0-build3,5872,1,LIVE,SYNCHRONISED,AUTOMATIC,NORMAL,65,1950,1950,0,145,145,0.3,0.36,25.79754,38.8,1.086,1.024,0.0439,0.018,219.8,23.6932,-0.00798,1,0.18,3.629,5.5205,80.5,DEGRADED,F1,1,1,mechanical_imbalance,0.3,1,1,,,,,21,0
2026-08-19T15:26:09.762Z,1787153169762,FAN_DT_001_F1_S03_R01_20260819T151936,1,393.224,FAULT_ACTIVE,F1,0.3,FAN_DT_001,3.0,process-model-3.0.0-build3,5873,1,LIVE,SYNCHRONISED,AUTOMATIC,NORMAL,65,1950,1950,0,145,145,0.3,0.36,25.79589,38.81,1.086,1.024,0.0439,0.018,219.8,23.7564,-0.00781,1,0.18,3.555,5.5352,80.5,DEGRADED,F1,1,1,mechanical_imbalance,0.3,1,1,,,,,21,0
2026-08-19T15:26:10.795Z,1787153170795,FAN_DT_001_F1_S03_R01_20260819T151936,1,394.257,FAULT_ACTIVE,F1,0.3,FAN_DT_001,3.0,process-model-3.0.0-build3,5874,1,LIVE,SYNCHRONISED,AUTOMATIC,NORMAL,65,1950,1950,0,145,145,0.3,0.36,25.79381,38.81,1.086,1.024,0.0439,0.018,219.8,23.8197,-0.00766,1,0.18,3.485,5.55,80.5,DEGRADED,F1,1,1,mechanical_imbalance,0.3,1,1,,,,,21,0
2026-08-19T15:26:11.833Z,1787153171833,FAN_DT_001_F1_S03_R01_20260819T151936,1,395.295,FAULT_ACTIVE,F1,0.3,FAN_DT_001,3.0,process-model-3.0.0-build3,5875,1,LIVE,SYNCHRONISED,AUTOMATIC,NORMAL,65,1950,1950,0,145,145,0.3,0.36,25.79132,38.82,1.086,1.024,0.0439,0.018,219.8,23.8828,-0.00749,1,0.18,3.405,5.5647,80.5,DEGRADED,F1,1,1,mechanical_imbalance,0.3,1,1,,,,,21,0
2026-08-19T15:26:12.871Z,1787153172871,FAN_DT_001_F1_S03_R01_20260819T151936,1,396.333,FAULT_ACTIVE,F1,0.3,FAN_DT_001,3.0,process-model-3.0.0-build3,5876,1,LIVE,SYNCHRONISED,AUTOMATIC,NORMAL,65,1950,1950,0,145,145,0.3,0.36,25.78841,38.83,1.086,1.024,0.0439,0.018,219.8,23.9458,-0.00731,1,0.18,3.324,5.5794,80.5,DEGRADED,F1,1,1,mechanical_imbalance,0.3,1,1,,,,,21,0
2026-08-19T15:26:13.933Z,1787153173933,FAN_DT_001_F1_S03_R01_20260819T151936,1,397.395,FAULT_ACTIVE,F1,0.3,FAN_DT_001,3.0,process-model-3.0.0-build3,5877,1,LIVE,SYNCHRONISED,AUTOMATIC,NORMAL,65,1950,1950,0,145,145,0.3,0.36,25.78508,38.84,1.086,1.024,0.0439,0.018,219.8,24.0091,-0.00711,1,0.18,3.237,5.5941,80.5,DEGRADED,F1,1,1,mechanical_imbalance,0.3,1,1,,,,,21,0
2026-08-19T15:26:14.938Z,1787153174938,FAN_DT_001_F1_S03_R01_20260819T151936,1,398.4,FAULT_ACTIVE,F1,0.3,FAN_DT_001,3.0,process-model-3.0.0-build3,5878,1,LIVE,SYNCHRONISED,AUTOMATIC,NORMAL,65,1950,1950,0,145,145,0.3,0.36,25.78134,38.84,1.086,1.024,0.0439,0.018,219.8,24.0722,-0.00694,1,0.18,3.157,5.6088,80.5,DEGRADED,F1,1,1,mechanical_imbalance,0.3,1,1,,,,,21,0
2026-08-19T15:26:15.977Z,1787153175977,FAN_DT_001_F1_S03_R01_20260819T151936,1,399.439,FAULT_ACTIVE,F1,0.3,FAN_DT_001,3.0,process-model-3.0.0-build3,5879,1,LIVE,SYNCHRONISED,AUTOMATIC,NORMAL,65,1950,1950,0,145,145,0.3,0.36,25.77719,38.85,1.086,1.024,0.0439,0.018,219.8,24.1353,-0.00676,1,0.18,3.076,5.6235,80.5,DEGRADED,F1,1,1,mechanical_imbalance,0.3,1,1,,,,,21,0
2026-08-19T15:26:17.016Z,1787153177016,FAN_DT_001_F1_S03_R01_20260819T151936,1,400.478,FAULT_ACTIVE,F1,0.3,FAN_DT_001,3.0,process-model-3.0.0-build3,5880,1,LIVE,SYNCHRONISED,AUTOMATIC,NORMAL,65,1950,1950,0,145,145,0.3,0.36,25.77262,38.86,1.086,1.024,0.0439,0.018,219.8,24.1985,-0.00657,1,0.18,2.99,5.6383,80.5,DEGRADED,F1,1,1,mechanical_imbalance,0.3,1,1,,,,,21,0
2026-08-19T15:26:18.050Z,1787153178050,FAN_DT_001_F1_S03_R01_20260819T151936,1,401.512,FAULT_ACTIVE,F1,0.3,FAN_DT_001,3.0,process-model-3.0.0-build3,5881,1,LIVE,SYNCHRONISED,AUTOMATIC,NORMAL,65,1950,1950,0,145,145,0.3,0.36,25.76764,38.86,1.086,1.024,0.0439,0.018,219.8,24.2617,-0.00639,1,0.18,2.906,5.653,80.5,DEGRADED,F1,1,1,mechanical_imbalance,0.3,1,1,,,,,21,0
2026-08-19T15:26:19.080Z,1787153179080,FAN_DT_001_F1_S03_R01_20260819T151936,1,402.542,FAULT_ACTIVE,F1,0.3,FAN_DT_001,3.0,process-model-3.0.0-build3,5882,1,LIVE,SYNCHRONISED,AUTOMATIC,NORMAL,65,1950,1950,0,145,145,0.3,0.36,25.76228,38.87,1.086,1.024,0.0439,0.018,219.8,24.3246,-0.00617,1,0.18,2.805,5.6676,80.5,DEGRADED,F1,1,1,mechanical_imbalance,0.3,1,1,,,,,21,0
2026-08-19T15:26:20.114Z,1787153180114,FAN_DT_001_F1_S03_R01_20260819T151936,1,403.576,FAULT_ACTIVE,F1,0.3,FAN_DT_001,3.0,process-model-3.0.0-build3,5883,1,LIVE,SYNCHRONISED,AUTOMATIC,NORMAL,65,1950,1950,0,145,145,0.3,0.36,25.75651,38.88,1.086,1.024,0.0439,0.018,219.8,24.3877,-0.00598,1,0.18,2.722,5.6823,80.5,DEGRADED,F1,1,1,mechanical_imbalance,0.3,1,1,,,,,21,0
2026-08-19T15:26:21.153Z,1787153181153,FAN_DT_001_F1_S03_R01_20260819T151936,1,404.615,FAULT_ACTIVE,F1,0.3,FAN_DT_001,3.0,process-model-3.0.0-build3,5884,1,LIVE,SYNCHRONISED,AUTOMATIC,NORMAL,65,1950,1950,0,145,145,0.3,0.36,25.75035,38.88,1.086,1.024,0.0439,0.018,219.8,24.4506,-0.00577,1,0.18,2.623,5.697,80.5,DEGRADED,F1,1,1,mechanical_imbalance,0.3,1,1,,,,,21,0
2026-08-19T15:26:22.188Z,1787153182188,FAN_DT_001_F1_S03_R01_20260819T151936,1,405.65,FAULT_ACTIVE,F1,0.3,FAN_DT_001,3.0,process-model-3.0.0-build3,5885,1,LIVE,SYNCHRONISED,AUTOMATIC,NORMAL,65,1950,1950,0,145,145,0.3,0.36,25.74377,38.89,1.086,1.024,0.0439,0.018,219.8,24.5138,-0.00558,1,0.18,2.541,5.7117,80.5,DEGRADED,F1,1,1,mechanical_imbalance,0.3,1,1,,,,,21,0
2026-08-19T15:26:23.234Z,1787153183234,FAN_DT_001_F1_S03_R01_20260819T151936,1,406.696,FAULT_ACTIVE,F1,0.3,FAN_DT_001,3.0,process-model-3.0.0-build3,5886,1,LIVE,SYNCHRONISED,AUTOMATIC,NORMAL,65,1950,1950,0,145,145,0.3,0.36,25.7368,38.89,1.086,1.024,0.0439,0.018,219.8,24.577,-0.00536,1,0.18,2.438,5.7264,80.5,DEGRADED,F1,1,1,mechanical_imbalance,0.3,1,1,,,,,21,0
2026-08-19T15:26:24.252Z,1787153184252,FAN_DT_001_F1_S03_R01_20260819T151936,1,407.714,FAULT_ACTIVE,F1,0.3,FAN_DT_001,3.0,process-model-3.0.0-build3,5887,1,LIVE,SYNCHRONISED,AUTOMATIC,NORMAL,65,1950,1950,0,145,145,0.3,0.36,25.72948,38.9,1.086,1.024,0.0439,0.018,219.8,24.6398,-0.00517,1,0.18,2.35,5.7411,80.5,DEGRADED,F1,1,1,mechanical_imbalance,0.3,1,1,,,,,21,0
2026-08-19T15:26:25.293Z,1787153185293,FAN_DT_001_F1_S03_R01_20260819T151936,1,408.755,FAULT_ACTIVE,F1,0.3,FAN_DT_001,3.0,process-model-3.0.0-build3,5888,1,LIVE,SYNCHRONISED,AUTOMATIC,NORMAL,65,1950,1950,0,145,145,0.3,0.36,25.72175,38.91,1.086,1.024,0.0439,0.018,219.8,24.7029,-0.00494,1,0.18,2.248,5.7558,80.5,DEGRADED,F1,1,1,mechanical_imbalance,0.3,1,1,,,,,21,0
2026-08-19T15:26:26.318Z,1787153186318,FAN_DT_001_F1_S03_R01_20260819T151936,1,409.78,FAULT_ACTIVE,F1,0.3,FAN_DT_001,3.0,process-model-3.0.0-build3,5889,1,LIVE,SYNCHRONISED,AUTOMATIC,NORMAL,65,1950,1950,0,145,145,0.3,0.36,25.71372,38.91,1.086,1.024,0.0439,0.018,219.8,24.7654,-0.00471,1,0.18,2.142,5.7703,80.5,DEGRADED,F1,1,1,mechanical_imbalance,0.3,1,1,,,,,21,0
2026-08-19T15:26:27.349Z,1787153187349,FAN_DT_001_F1_S03_R01_20260819T151936,1,410.812,FAULT_ACTIVE,F1,0.3,FAN_DT_001,3.0,process-model-3.0.0-build3,5890,1,LIVE,SYNCHRONISED,AUTOMATIC,NORMAL,65,1950,1950,0,145,145,0.3,0.36,25.70522,38.92,1.086,1.024,0.0439,0.018,219.8,24.8285,-0.00451,1,0.18,2.052,5.785,80.5,DEGRADED,F1,1,1,mechanical_imbalance,0.3,1,1,,,,,21,0
2026-08-19T15:26:28.379Z,1787153188379,FAN_DT_001_F1_S03_R01_20260819T151936,1,411.841,FAULT_ACTIVE,F1,0.3,FAN_DT_001,3.0,process-model-3.0.0-build3,5891,1,LIVE,SYNCHRONISED,AUTOMATIC,NORMAL,65,1950,1950,0,145,145,0.3,0.36,25.6964,38.92,1.086,1.024,0.0439,0.018,219.8,24.8914,-0.0043,1,0.18,1.954,5.7997,80.5,DEGRADED,F1,1,1,mechanical_imbalance,0.3,1,1,,,,,21,0
2026-08-19T15:26:29.434Z,1787153189434,FAN_DT_001_F1_S03_R01_20260819T151936,1,412.896,FAULT_ACTIVE,F1,0.3,FAN_DT_001,3.0,process-model-3.0.0-build3,5892,1,LIVE,SYNCHRONISED,AUTOMATIC,NORMAL,65,1950,1950,0,145,145,0.3,0.36,25.68717,38.92,1.086,1.024,0.0439,0.018,219.8,24.9545,-0.00405,1,0.18,1.841,5.8144,80.5,DEGRADED,F1,1,1,mechanical_imbalance,0.3,1,1,,,,,21,0
2026-08-19T15:26:30.457Z,1787153190457,FAN_DT_001_F1_S03_R01_20260819T151936,1,413.919,FAULT_ACTIVE,F1,0.3,FAN_DT_001,3.0,process-model-3.0.0-build3,5893,1,LIVE,SYNCHRONISED,AUTOMATIC,NORMAL,65,1950,1950,0,145,145,0.3,0.36,25.67757,38.93,1.086,1.024,0.0439,0.018,219.8,25.0176,-0.00384,1,0.18,1.749,5.8291,80.5,DEGRADED,F1,1,1,mechanical_imbalance,0.3,1,1,,,,,21,0
2026-08-19T15:26:31.488Z,1787153191488,FAN_DT_001_F1_S03_R01_20260819T151936,1,414.95,FAULT_ACTIVE,F1,0.3,FAN_DT_001,3.0,process-model-3.0.0-build3,5894,1,LIVE,SYNCHRONISED,AUTOMATIC,NORMAL,65,1950,1950,0,145,145,0.3,0.36,25.66762,38.93,1.086,1.024,0.0439,0.018,219.8,25.0808,-0.0036,1,0.18,1.639,5.8438,80.5,DEGRADED,F1,1,1,mechanical_imbalance,0.3,1,1,,,,,21,0
2026-08-19T15:26:32.520Z,1787153192520,FAN_DT_001_F1_S03_R01_20260819T151936,1,415.982,FAULT_ACTIVE,F1,0.3,FAN_DT_001,3.0,process-model-3.0.0-build3,5895,1,LIVE,SYNCHRONISED,AUTOMATIC,NORMAL,65,1950,1950,0,145,145,0.3,0.36,25.65734,38.94,1.086,1.024,0.0439,0.018,219.8,25.1438,-0.00337,1,0.18,1.532,5.8585,80.5,DEGRADED,F1,1,1,mechanical_imbalance,0.3,1,1,,,,,21,0
2026-08-19T15:26:33.560Z,1787153193560,FAN_DT_001_F1_S03_R01_20260819T151936,1,417.022,FAULT_ACTIVE,F1,0.3,FAN_DT_001,3.0,process-model-3.0.0-build3,5896,1,LIVE,SYNCHRONISED,AUTOMATIC,NORMAL,65,1950,1950,0,145,145,0.3,0.36,25.64669,38.94,1.086,1.024,0.0439,0.018,219.8,25.2069,-0.00315,1,0.18,1.433,5.8732,80.5,DEGRADED,F1,1,1,mechanical_imbalance,0.3,1,1,,,,,21,0
2026-08-19T15:26:34.598Z,1787153194598,FAN_DT_001_F1_S03_R01_20260819T151936,1,418.06,FAULT_ACTIVE,F1,0.3,FAN_DT_001,3.0,process-model-3.0.0-build3,5897,1,LIVE,SYNCHRONISED,AUTOMATIC,NORMAL,65,1950,1950,0,145,145,0.3,0.36,25.63569,38.94,1.086,1.024,0.0439,0.018,219.8,25.2701,-0.0029,1,0.18,1.318,5.8879,80.5,DEGRADED,F1,1,1,mechanical_imbalance,0.3,1,1,,,,,21,0
2026-08-19T15:26:35.647Z,1787153195647,FAN_DT_001_F1_S03_R01_20260819T151936,1,419.109,FAULT_ACTIVE,F1,0.3,FAN_DT_001,3.0,process-model-3.0.0-build3,5898,1,LIVE,SYNCHRONISED,AUTOMATIC,NORMAL,65,1950,1950,0,145,145,0.3,0.36,25.62433,38.94,1.086,1.024,0.0439,0.018,219.8,25.3333,-0.00266,1,0.18,1.212,5.9027,80.5,DEGRADED,F1,1,1,mechanical_imbalance,0.3,1,1,,,,,21,0
2026-08-19T15:26:36.664Z,1787153196664,FAN_DT_001_F1_S03_R01_20260819T151936,1,420.126,FAULT_ACTIVE,F1,0.3,FAN_DT_001,3.0,process-model-3.0.0-build3,5899,1,LIVE,SYNCHRONISED,AUTOMATIC,NORMAL,65,1950,1950,0,145,145,0.3,0.36,25.6127,38.95,1.086,1.024,0.0439,0.018,219.8,25.3963,-0.00243,1,0.18,1.107,5.9173,80.5,DEGRADED,F1,1,1,mechanical_imbalance,0.3,1,1,,,,,21,0
2026-08-19T15:26:37.701Z,1787153197701,FAN_DT_001_F1_S03_R01_20260819T151936,1,421.163,FAULT_ACTIVE,F1,0.3,FAN_DT_001,3.0,process-model-3.0.0-build3,5900,1,LIVE,SYNCHRONISED,AUTOMATIC,NORMAL,65,1950,1950,0,145,145,0.3,0.36,25.60074,38.95,1.086,1.024,0.0439,0.018,219.8,25.4594,-0.0022,1,0.18,0.999,5.932,80.5,DEGRADED,F1,1,1,mechanical_imbalance,0.3,1,1,,,,,21,0
2026-08-19T15:26:38.740Z,1787153198740,FAN_DT_001_F1_S03_R01_20260819T151936,1,422.202,FAULT_ACTIVE,F1,0.3,FAN_DT_001,3.0,process-model-3.0.0-build3,5901,1,LIVE,SYNCHRONISED,AUTOMATIC,NORMAL,65,1950,1950,0,145,145,0.3,0.36,25.58844,38.95,1.086,1.024,0.0439,0.018,219.8,25.5225,-0.00195,1,0.18,0.888,5.9468,80.5,DEGRADED,F1,1,1,mechanical_imbalance,0.3,1,1,,,,,21,0
2026-08-19T15:26:39.773Z,1787153199773,FAN_DT_001_F1_S03_R01_20260819T151936,1,423.236,FAULT_ACTIVE,F1,0.3,FAN_DT_001,3.0,process-model-3.0.0-build3,5902,1,LIVE,SYNCHRONISED,AUTOMATIC,NORMAL,65,1950,1950,0,145,145,0.3,0.36,25.5758,38.95,1.086,1.024,0.0439,0.018,219.8,25.5858,-0.00173,1,0.18,0.785,5.9615,80.5,DEGRADED,F1,1,1,mechanical_imbalance,0.3,1,1,,,,,21,0
2026-08-19T15:26:40.834Z,1787153200834,FAN_DT_001_F1_S03_R01_20260819T151936,1,424.296,FAULT_ACTIVE,F1,0.3,FAN_DT_001,3.0,process-model-3.0.0-build3,5903,1,LIVE,SYNCHRONISED,AUTOMATIC,NORMAL,65,1950,1950,0,145,145,0.3,0.36,25.56299,38.96,1.086,1.024,0.0439,0.018,219.8,25.6484,-0.00148,1,0.18,0.675,5.9761,80.5,DEGRADED,F1,1,1,mechanical_imbalance,0.3,1,1,,,,,21,0
2026-08-19T15:26:41.839Z,1787153201839,FAN_DT_001_F1_S03_R01_20260819T151936,1,425.301,FAULT_ACTIVE,F1,0.3,FAN_DT_001,3.0,process-model-3.0.0-build3,5904,1,LIVE,SYNCHRONISED,AUTOMATIC,NORMAL,65,1950,1950,0,145,145,0.3,0.36,25.54982,38.96,1.086,1.024,0.0439,0.018,219.8,25.7114,-0.00123,1,0.18,0.561,5.9907,80.5,DEGRADED,F1,1,1,mechanical_imbalance,0.3,1,1,,,,,21,0
2026-08-19T15:26:42.873Z,1787153202873,FAN_DT_001_F1_S03_R01_20260819T151936,1,426.336,FAULT_ACTIVE,F1,0.3,FAN_DT_001,3.0,process-model-3.0.0-build3,5905,1,LIVE,SYNCHRONISED,AUTOMATIC,NORMAL,65,1950,1950,0,145,145,0.3,0.36,25.53628,38.96,1.086,1.024,0.0439,0.018,219.8,25.7747,-0.001,1,0.18,0.455,6.0055,80.5,DEGRADED,F1,1,1,mechanical_imbalance,0.3,1,1,,,,,21,0
2026-08-19T15:26:43.908Z,1787153203908,FAN_DT_001_F1_S03_R01_20260819T151936,1,427.37,FAULT_ACTIVE,F1,0.3,FAN_DT_001,3.0,process-model-3.0.0-build3,5906,1,LIVE,SYNCHRONISED,AUTOMATIC,NORMAL,65,1950,1950,0,145,145,0.3,0.36,25.52249,38.96,1.086,1.024,0.0439,0.018,219.8,25.8379,-0.00076,1,0.18,0.344,6.0202,80.5,DEGRADED,F1,1,1,mechanical_imbalance,0.3,1,1,,,,,21,0
2026-08-19T15:26:44.960Z,1787153204960,FAN_DT_001_F1_S03_R01_20260819T151936,1,428.422,FAULT_ACTIVE,F1,0.3,FAN_DT_001,3.0,process-model-3.0.0-build3,5907,1,LIVE,SYNCHRONISED,AUTOMATIC,NORMAL,65,1950,1950,0,145,145,0.3,0.36,25.50846,38.96,1.086,1.024,0.0439,0.018,219.8,25.9009,-0.00049,1,0.18,0.225,6.0349,80.5,DEGRADED,F1,1,1,mechanical_imbalance,0.3,1,1,,,,,21,0
2026-08-19T15:26:45.979Z,1787153205979,FAN_DT_001_F1_S03_R01_20260819T151936,1,429.441,FAULT_ACTIVE,F1,0.3,FAN_DT_001,3.0,process-model-3.0.0-build3,5908,1,LIVE,SYNCHRONISED,AUTOMATIC,NORMAL,65,1950,1950,0,145,145,0.3,0.36,25.49412,38.96,1.086,1.024,0.0439,0.018,219.8,25.9641,-0.00027,1,0.18,0.124,6.0496,80.5,DEGRADED,F1,1,1,mechanical_imbalance,0.3,1,1,,,,,21,0
2026-08-19T15:26:47.011Z,1787153207011,FAN_DT_001_F1_S03_R01_20260819T151936,1,430.473,FAULT_ACTIVE,F1,0.3,FAN_DT_001,3.0,process-model-3.0.0-build3,5909,1,LIVE,SYNCHRONISED,AUTOMATIC,NORMAL,65,1950,1950,0,145,145,0.3,0.36,25.47958,38.96,1.086,1.024,0.0439,0.018,219.8,26.027,-0.00003,1,0.18,0.014,6.0643,80.5,DEGRADED,F1,1,1,mechanical_imbalance,0.3,1,1,,,,,21,0
2026-08-19T15:26:48.049Z,1787153208049,FAN_DT_001_F1_S03_R01_20260819T151936,1,431.511,FAULT_ACTIVE,F1,0.3,FAN_DT_001,3.0,process-model-3.0.0-build3,5910,1,LIVE,SYNCHRONISED,AUTOMATIC,NORMAL,65,1950,1950,0,145,145,0.3,0.36,25.46477,38.96,1.086,1.024,0.0439,0.018,219.8,26.09,0.00023,1,0.18,0.105,6.079,80.5,DEGRADED,F1,1,1,mechanical_imbalance,0.3,1,1,,,,,21,0
2026-08-19T15:26:49.083Z,1787153209083,FAN_DT_001_F1_S03_R01_20260819T151936,1,432.545,FAULT_ACTIVE,F1,0.3,FAN_DT_001,3.0,process-model-3.0.0-build3,5911,1,LIVE,SYNCHRONISED,AUTOMATIC,NORMAL,65,1950,1950,0,145,145,0.3,0.36,25.44969,38.96,1.086,1.024,0.0439,0.018,219.8,26.1531,0.00046,1,0.18,0.208,6.0937,80.5,DEGRADED,F1,1,1,mechanical_imbalance,0.3,1,1,,,,,21,0
2026-08-19T15:26:50.117Z,1787153210117,FAN_DT_001_F1_S03_R01_20260819T151936,1,433.579,FAULT_ACTIVE,F1,0.3,FAN_DT_001,3.0,process-model-3.0.0-build3,5912,1,LIVE,SYNCHRONISED,AUTOMATIC,NORMAL,65,1950,1950,0,145,145,0.3,0.36,25.43436,38.96,1.086,1.024,0.0439,0.018,219.8,26.2163,0.0007,1,0.18,0.32,6.1084,80.5,DEGRADED,F1,1,1,mechanical_imbalance,0.3,1,1,,,,,21,0
2026-08-19T15:26:51.154Z,1787153211154,FAN_DT_001_F1_S03_R01_20260819T151936,1,434.616,FAULT_ACTIVE,F1,0.3,FAN_DT_001,3.0,process-model-3.0.0-build3,5913,1,LIVE,SYNCHRONISED,AUTOMATIC,NORMAL,65,1950,1950,0,145,145,0.3,0.36,25.41886,38.96,1.086,1.024,0.0439,0.018,219.8,26.2792,0.00094,1,0.18,0.427,6.1231,80.5,DEGRADED,F1,1,1,mechanical_imbalance,0.3,1,1,,,,,21,0
2026-08-19T15:26:52.187Z,1787153212187,FAN_DT_001_F1_S03_R01_20260819T151936,1,435.649,FAULT_ACTIVE,F1,0.3,FAN_DT_001,3.0,process-model-3.0.0-build3,5914,1,LIVE,SYNCHRONISED,AUTOMATIC,NORMAL,65,1950,1950,0,145,145,0.3,0.36,25.40306,38.96,1.086,1.024,0.0439,0.018,219.8,26.3425,0.00121,1,0.18,0.551,6.1378,80.5,DEGRADED,F1,1,1,mechanical_imbalance,0.3,1,1,,,,,21,0
2026-08-19T15:26:53.222Z,1787153213222,FAN_DT_001_F1_S03_R01_20260819T151936,1,436.684,FAULT_ACTIVE,F1,0.3,FAN_DT_001,3.0,process-model-3.0.0-build3,5915,1,LIVE,SYNCHRONISED,AUTOMATIC,NORMAL,65,1950,1950,0,145,145,0.3,0.36,25.38711,38.96,1.086,1.024,0.0439,0.018,219.8,26.4055,0.00145,1,0.18,0.657,6.1525,80.5,DEGRADED,F1,1,1,mechanical_imbalance,0.3,1,1,,,,,21,0
2026-08-19T15:26:54.261Z,1787153214261,FAN_DT_001_F1_S03_R01_20260819T151936,1,437.723,FAULT_ACTIVE,F1,0.3,FAN_DT_001,3.0,process-model-3.0.0-build3,5916,1,LIVE,SYNCHRONISED,AUTOMATIC,NORMAL,65,1950,1950,0,145,145,0.3,0.36,25.37092,38.95,1.086,1.024,0.0439,0.018,219.8,26.4686,0.00168,1,0.18,0.765,6.1672,80.5,DEGRADED,F1,1,1,mechanical_imbalance,0.3,1,1,,,,,21,0
2026-08-19T15:26:55.292Z,1787153215292,FAN_DT_001_F1_S03_R01_20260819T151936,1,438.754,FAULT_ACTIVE,F1,0.3,FAN_DT_001,3.0,process-model-3.0.0-build3,5917,1,LIVE,SYNCHRONISED,AUTOMATIC,NORMAL,65,1950,1950,0,145,145,0.3,0.36,25.35454,38.95,1.086,1.024,0.0439,0.018,219.8,26.5317,0.00192,1,0.18,0.874,6.1819,80.5,DEGRADED,F1,1,1,mechanical_imbalance,0.3,1,1,,,,,21,0
2026-08-19T15:26:56.348Z,1787153216348,FAN_DT_001_F1_S03_R01_20260819T151936,1,439.81,FAULT_ACTIVE,F1,0.3,FAN_DT_001,3.0,process-model-3.0.0-build3,5918,1,LIVE,SYNCHRONISED,AUTOMATIC,NORMAL,65,1950,1950,0,145,145,0.3,0.36,25.33809,38.95,1.086,1.024,0.0439,0.018,219.8,26.5944,0.00215,1,0.18,0.98,6.1965,80.5,DEGRADED,F1,1,1,mechanical_imbalance,0.3,1,1,,,,,21,0
2026-08-19T15:26:57.358Z,1787153217358,FAN_DT_001_F1_S03_R01_20260819T151936,1,440.821,FAULT_ACTIVE,F1,0.3,FAN_DT_001,3.0,process-model-3.0.0-build3,5919,1,LIVE,SYNCHRONISED,AUTOMATIC,NORMAL,65,1950,1950,0,145,145,0.3,0.36,25.3213,38.95,1.086,1.024,0.0439,0.018,219.8,26.6577,0.00239,1,0.18,1.088,6.2112,80.5,DEGRADED,F1,1,1,mechanical_imbalance,0.3,1,1,,,,,21,0
2026-08-19T15:26:58.395Z,1787153218395,FAN_DT_001_F1_S03_R01_20260819T151936,1,441.857,FAULT_ACTIVE,F1,0.3,FAN_DT_001,3.0,process-model-3.0.0-build3,5920,1,LIVE,SYNCHRONISED,AUTOMATIC,NORMAL,65,1950,1950,0,145,145,0.3,0.36,25.3044,38.94,1.086,1.024,0.0439,0.018,219.8,26.7207,0.00263,1,0.18,1.197,6.2259,80.5,DEGRADED,F1,1,1,mechanical_imbalance,0.3,1,1,,,,,21,0
2026-08-19T15:26:59.430Z,1787153219430,FAN_DT_001_F1_S03_R01_20260819T151936,1,442.892,FAULT_ACTIVE,F1,0.3,FAN_DT_001,3.0,process-model-3.0.0-build3,5921,1,LIVE,SYNCHRONISED,AUTOMATIC,NORMAL,65,1950,1950,0,145,145,0.3,0.36,25.28741,38.94,1.086,1.024,0.0439,0.018,219.8,26.7836,0.00285,1,0.18,1.298,6.2406,80.5,DEGRADED,F1,1,1,mechanical_imbalance,0.3,1,1,,,,,21,0
2026-08-19T15:27:00.461Z,1787153220461,FAN_DT_001_F1_S03_R01_20260819T151936,1,443.923,FAULT_ACTIVE,F1,0.3,FAN_DT_001,3.0,process-model-3.0.0-build3,5922,1,LIVE,SYNCHRONISED,AUTOMATIC,NORMAL,65,1950,1950,0,145,145,0.3,0.36,25.27015,38.94,1.086,1.024,0.0439,0.018,219.8,26.8468,0.00309,1,0.18,1.405,6.2553,80.5,DEGRADED,F1,1,1,mechanical_imbalance,0.3,1,1,,,,,21,0
2026-08-19T15:27:01.499Z,1787153221499,FAN_DT_001_F1_S03_R01_20260819T151936,1,444.961,FAULT_ACTIVE,F1,0.3,FAN_DT_001,3.0,process-model-3.0.0-build3,5923,1,LIVE,SYNCHRONISED,AUTOMATIC,NORMAL,65,1950,1950,0,145,145,0.3,0.36,25.25282,38.94,1.086,1.024,0.0439,0.018,219.8,26.9098,0.00332,1,0.18,1.512,6.27,80.5,DEGRADED,F1,1,1,mechanical_imbalance,0.3,1,1,,,,,21,0
2026-08-19T15:27:02.534Z,1787153222534,FAN_DT_001_F1_S03_R01_20260819T151936,1,445.996,FAULT_ACTIVE,F1,0.3,FAN_DT_001,3.0,process-model-3.0.0-build3,5924,1,LIVE,SYNCHRONISED,AUTOMATIC,NORMAL,65,1950,1950,0,145,145,0.3,0.36,25.2353,38.93,1.086,1.024,0.0439,0.018,219.8,26.9729,0.00357,1,0.18,1.625,6.2847,80.5,DEGRADED,F1,1,1,mechanical_imbalance,0.3,1,1,,,,,21,0
2026-08-19T15:27:03.564Z,1787153223564,FAN_DT_001_F1_S03_R01_20260819T151936,1,447.026,FAULT_ACTIVE,F1,0.3,FAN_DT_001,3.0,process-model-3.0.0-build3,5925,1,LIVE,SYNCHRONISED,AUTOMATIC,NORMAL,65,1950,1950,0,145,145,0.3,0.36,25.21769,38.93,1.086,1.024,0.0439,0.018,219.8,27.036,0.00379,1,0.18,1.722,6.2994,80.5,DEGRADED,F1,1,1,mechanical_imbalance,0.3,1,1,,,,,21,0
2026-08-19T15:27:04.602Z,1787153224602,FAN_DT_001_F1_S03_R01_20260819T151936,1,448.064,FAULT_ACTIVE,F1,0.3,FAN_DT_001,3.0,process-model-3.0.0-build3,5926,1,LIVE,SYNCHRONISED,AUTOMATIC,NORMAL,65,1950,1950,0,145,145,0.3,0.36,25.20001,38.92,1.086,1.024,0.0439,0.018,219.8,27.0989,0.00402,1,0.18,1.829,6.314,80.5,DEGRADED,F1,1,1,mechanical_imbalance,0.3,1,1,,,,,21,0
2026-08-19T15:27:05.643Z,1787153225643,FAN_DT_001_F1_S03_R01_20260819T151936,1,449.105,FAULT_ACTIVE,F1,0.3,FAN_DT_001,3.0,process-model-3.0.0-build3,5927,1,LIVE,SYNCHRONISED,AUTOMATIC,NORMAL,65,1950,1950,0,145,145,0.3,0.36,25.18216,38.92,1.086,1.024,0.0439,0.018,219.8,27.162,0.00424,1,0.18,1.929,6.3288,80.5,DEGRADED,F1,1,1,mechanical_imbalance,0.3,1,1,,,,,21,0
2026-08-19T15:27:06.667Z,1787153226667,FAN_DT_001_F1_S03_R01_20260819T151936,1,450.129,FAULT_ACTIVE,F1,0.3,FAN_DT_001,3.0,process-model-3.0.0-build3,5928,1,LIVE,SYNCHRONISED,AUTOMATIC,NORMAL,65,1950,1950,0,145,145,0.3,0.36,25.16421,38.91,1.086,1.024,0.0439,0.018,219.8,27.2251,0.00445,1,0.18,2.027,6.3435,80.5,DEGRADED,F1,1,1,mechanical_imbalance,0.3,1,1,,,,,21,0
2026-08-19T15:27:07.704Z,1787153227704,FAN_DT_001_F1_S03_R01_20260819T151936,1,451.166,FAULT_ACTIVE,F1,0.3,FAN_DT_001,3.0,process-model-3.0.0-build3,5929,1,LIVE,SYNCHRONISED,AUTOMATIC,NORMAL,65,1950,1950,0,145,145,0.3,0.36,25.14625,38.91,1.086,1.024,0.0439,0.018,219.8,27.288,0.00467,1,0.18,2.126,6.3581,80.5,DEGRADED,F1,1,1,mechanical_imbalance,0.3,1,1,,,,,21,0
2026-08-19T15:27:08.736Z,1787153228736,FAN_DT_001_F1_S03_R01_20260819T151936,1,452.198,FAULT_ACTIVE,F1,0.3,FAN_DT_001,3.0,process-model-3.0.0-build3,5930,1,LIVE,SYNCHRONISED,AUTOMATIC,NORMAL,65,1950,1950,0,145,145,0.3,0.36,25.12813,38.91,1.086,1.024,0.0439,0.018,219.8,27.3512,0.00491,1,0.18,2.235,6.3728,80.5,DEGRADED,F1,1,1,mechanical_imbalance,0.3,1,1,,,,,21,0
2026-08-19T15:27:09.769Z,1787153229769,FAN_DT_001_F1_S03_R01_20260819T151936,1,453.231,FAULT_ACTIVE,F1,0.3,FAN_DT_001,3.0,process-model-3.0.0-build3,5931,1,LIVE,SYNCHRONISED,AUTOMATIC,NORMAL,65,1950,1950,0,145,145,0.3,0.36,25.10999,38.9,1.086,1.024,0.0439,0.018,219.8,27.4142,0.00511,1,0.18,2.323,6.3875,80.5,DEGRADED,F1,1,1,mechanical_imbalance,0.3,1,1,,,,,21,0
2026-08-19T15:27:10.807Z,1787153230807,FAN_DT_001_F1_S03_R01_20260819T151936,1,454.27,FAULT_ACTIVE,F1,0.3,FAN_DT_001,3.0,process-model-3.0.0-build3,5932,1,LIVE,SYNCHRONISED,AUTOMATIC,NORMAL,65,1950,1950,0,145,145,0.3,0.36,25.09177,38.89,1.086,1.024,0.0439,0.018,219.8,27.4772,0.00533,1,0.18,2.425,6.4022,80.5,DEGRADED,F1,1,1,mechanical_imbalance,0.3,1,1,,,,,21,0
2026-08-19T15:27:11.833Z,1787153231833,FAN_DT_001_F1_S03_R01_20260819T151936,1,455.295,FAULT_ACTIVE,F1,0.3,FAN_DT_001,3.0,process-model-3.0.0-build3,5933,1,LIVE,SYNCHRONISED,AUTOMATIC,NORMAL,65,1950,1950,0,145,145,0.3,0.36,25.07362,38.89,1.086,1.024,0.0439,0.018,219.8,27.5399,0.00554,1,0.18,2.521,6.4168,80.5,DEGRADED,F1,1,1,mechanical_imbalance,0.3,1,1,,,,,21,0
2026-08-19T15:27:12.870Z,1787153232870,FAN_DT_001_F1_S03_R01_20260819T151936,1,456.332,FAULT_ACTIVE,F1,0.3,FAN_DT_001,3.0,process-model-3.0.0-build3,5934,1,LIVE,SYNCHRONISED,AUTOMATIC,NORMAL,65,1950,1950,0,145,145,0.3,0.36,25.05536,38.88,1.086,1.024,0.0439,0.018,219.8,27.6029,0.00574,1,0.18,2.61,6.4315,80.5,DEGRADED,F1,1,1,mechanical_imbalance,0.3,1,1,,,,,21,0
2026-08-19T15:27:13.904Z,1787153233904,FAN_DT_001_F1_S03_R01_20260819T151936,1,457.366,FAULT_ACTIVE,F1,0.3,FAN_DT_001,3.0,process-model-3.0.0-build3,5935,1,LIVE,SYNCHRONISED,AUTOMATIC,NORMAL,65,1950,1950,0,145,145,0.3,0.36,25.03702,38.88,1.086,1.024,0.0439,0.018,219.8,27.6659,0.00596,1,0.18,2.71,6.4462,80.5,DEGRADED,F1,1,1,mechanical_imbalance,0.3,1,1,,,,,21,0
2026-08-19T15:27:14.943Z,1787153234943,FAN_DT_001_F1_S03_R01_20260819T151936,1,458.405,FAULT_ACTIVE,F1,0.3,FAN_DT_001,3.0,process-model-3.0.0-build3,5936,1,LIVE,SYNCHRONISED,AUTOMATIC,NORMAL,65,1950,1950,0,145,145,0.3,0.36,25.01856,38.87,1.086,1.024,0.0439,0.018,219.8,27.7294,0.00616,1,0.18,2.802,6.4609,80.5,DEGRADED,F1,1,1,mechanical_imbalance,0.3,1,1,,,,,21,0
2026-08-19T15:27:15.976Z,1787153235976,FAN_DT_001_F1_S03_R01_20260819T151936,1,459.438,FAULT_ACTIVE,F1,0.3,FAN_DT_001,3.0,process-model-3.0.0-build3,5937,1,LIVE,SYNCHRONISED,AUTOMATIC,NORMAL,65,1950,1950,0,145,145,0.3,0.36,25.0002,38.86,1.086,1.024,0.0439,0.018,219.8,27.7924,0.00636,1,0.18,2.893,6.4756,80.5,DEGRADED,F1,1,1,mechanical_imbalance,0.3,1,1,,,,,21,0
2026-08-19T15:27:17.042Z,1787153237042,FAN_DT_001_F1_S03_R01_20260819T151936,1,460.504,FAULT_ACTIVE,F1,0.3,FAN_DT_001,3.0,process-model-3.0.0-build3,5938,1,LIVE,SYNCHRONISED,AUTOMATIC,NORMAL,65,1950,1950,0,145,145,0.3,0.36,24.98187,38.86,1.086,1.024,0.0439,0.018,219.8,27.8554,0.00653,1,0.18,2.97,6.4903,80.5,DEGRADED,F1,1,1,mechanical_imbalance,0.3,1,1,,,,,21,0
2026-08-19T15:27:18.046Z,1787153238046,FAN_DT_001_F1_S03_R01_20260819T151936,1,461.508,FAULT_ACTIVE,F1,0.3,FAN_DT_001,3.0,process-model-3.0.0-build3,5939,1,LIVE,SYNCHRONISED,AUTOMATIC,NORMAL,65,1950,1950,0,145,145,0.3,0.36,24.96342,38.85,1.086,1.024,0.0439,0.018,219.8,27.9188,0.00671,1,0.18,3.055,6.5051,80.5,DEGRADED,F1,1,1,mechanical_imbalance,0.3,1,1,,,,,21,0
2026-08-19T15:27:19.082Z,1787153239082,FAN_DT_001_F1_S03_R01_20260819T151936,1,462.544,FAULT_ACTIVE,F1,0.3,FAN_DT_001,3.0,process-model-3.0.0-build3,5940,1,LIVE,SYNCHRONISED,AUTOMATIC,NORMAL,65,1950,1950,0,145,145,0.3,0.36,24.9451,38.84,1.086,1.024,0.0439,0.018,219.8,27.9818,0.00691,1,0.18,3.142,6.5198,80.5,DEGRADED,F1,1,1,mechanical_imbalance,0.3,1,1,,,,,21,0
2026-08-19T15:27:20.121Z,1787153240121,FAN_DT_001_F1_S03_R01_20260819T151936,1,463.583,FAULT_ACTIVE,F1,0.3,FAN_DT_001,3.0,process-model-3.0.0-build3,5941,1,LIVE,SYNCHRONISED,AUTOMATIC,NORMAL,65,1950,1950,0,145,145,0.3,0.36,24.92678,38.84,1.086,1.024,0.0439,0.018,219.8,28.0449,0.0071,1,0.18,3.231,6.5345,80.5,DEGRADED,F1,1,1,mechanical_imbalance,0.3,1,1,,,,,21,0
2026-08-19T15:27:21.154Z,1787153241154,FAN_DT_001_F1_S03_R01_20260819T151936,1,464.616,FAULT_ACTIVE,F1,0.3,FAN_DT_001,3.0,process-model-3.0.0-build3,5942,1,LIVE,SYNCHRONISED,AUTOMATIC,NORMAL,65,1950,1950,0,145,145,0.3,0.36,24.90846,38.83,1.086,1.024,0.0439,0.018,219.8,28.1081,0.00727,1,0.18,3.306,6.5492,80.5,DEGRADED,F1,1,1,mechanical_imbalance,0.3,1,1,,,,,21,0
2026-08-19T15:27:22.188Z,1787153242188,FAN_DT_001_F1_S03_R01_20260819T151936,1,465.65,FAULT_ACTIVE,F1,0.3,FAN_DT_001,3.0,process-model-3.0.0-build3,5943,1,LIVE,SYNCHRONISED,AUTOMATIC,NORMAL,65,1950,1950,0,145,145,0.3,0.36,24.89025,38.82,1.086,1.024,0.0439,0.018,219.8,28.1712,0.00746,1,0.18,3.392,6.5639,80.5,DEGRADED,F1,1,1,mechanical_imbalance,0.3,1,1,,,,,21,0
2026-08-19T15:27:23.228Z,1787153243228,FAN_DT_001_F1_S03_R01_20260819T151936,1,466.69,FAULT_ACTIVE,F1,0.3,FAN_DT_001,3.0,process-model-3.0.0-build3,5944,1,LIVE,SYNCHRONISED,AUTOMATIC,NORMAL,65,1950,1950,0,145,145,0.3,0.36,24.8721,38.81,1.086,1.024,0.0439,0.018,219.8,28.2342,0.00763,1,0.18,3.471,6.5786,80.5,DEGRADED,F1,1,1,mechanical_imbalance,0.3,1,1,,,,,21,0
2026-08-19T15:27:24.290Z,1787153244290,FAN_DT_001_F1_S03_R01_20260819T151936,1,467.752,FAULT_ACTIVE,F1,0.3,FAN_DT_001,3.0,process-model-3.0.0-build3,5945,1,LIVE,SYNCHRONISED,AUTOMATIC,NORMAL,65,1950,1950,0,145,145,0.3,0.36,24.85401,38.81,1.086,1.024,0.0439,0.018,219.8,28.2973,0.00778,1,0.18,3.541,6.5933,80.5,DEGRADED,F1,1,1,mechanical_imbalance,0.3,1,1,,,,,21,0
2026-08-19T15:27:25.292Z,1787153245292,FAN_DT_001_F1_S03_R01_20260819T151936,1,468.754,FAULT_ACTIVE,F1,0.3,FAN_DT_001,3.0,process-model-3.0.0-build3,5946,1,LIVE,SYNCHRONISED,AUTOMATIC,NORMAL,65,1950,1950,0,145,145,0.3,0.36,24.83599,38.8,1.086,1.024,0.0439,0.018,219.8,28.3604,0.00796,1,0.18,3.622,6.608,80.5,DEGRADED,F1,1,1,mechanical_imbalance,0.3,1,1,,,,,21,0
2026-08-19T15:27:26.298Z,1787153246298,FAN_DT_001_F1_S03_R01_20260819T151936,1,469.76,FAULT_ACTIVE,F1,0.3,FAN_DT_001,3.0,process-model-3.0.0-build3,5947,1,LIVE,SYNCHRONISED,AUTOMATIC,NORMAL,65,1950,1950,0,145,145,0.3,0.36,24.81784,38.79,1.086,1.024,0.0439,0.018,219.8,28.4242,0.00813,1,0.18,3.698,6.6228,80.5,DEGRADED,F1,1,1,mechanical_imbalance,0.3,1,1,,,,,21,0
2026-08-19T15:27:27.342Z,1787153247342,FAN_DT_001_F1_S03_R01_20260819T151936,1,470.804,FAULT_ACTIVE,F1,0.3,FAN_DT_001,3.0,process-model-3.0.0-build3,5948,1,LIVE,SYNCHRONISED,AUTOMATIC,NORMAL,65,1950,1950,0,145,145,0.3,0.36,24.80071,38.78,1.086,1.024,0.0439,0.018,219.8,28.4848,0.00827,1,0.18,3.763,6.637,80.5,DEGRADED,F1,1,1,mechanical_imbalance,0.3,1,1,,,,,21,0
2026-08-19T15:27:28.372Z,1787153248372,FAN_DT_001_F1_S03_R01_20260819T151936,1,471.834,FAULT_ACTIVE,F1,0.3,FAN_DT_001,3.0,process-model-3.0.0-build3,5949,1,LIVE,SYNCHRONISED,AUTOMATIC,NORMAL,65,1950,1950,0,145,145,0.3,0.36,24.78295,38.77,1.086,1.024,0.0439,0.018,219.8,28.548,0.00842,1,0.18,3.829,6.6517,80.5,DEGRADED,F1,1,1,mechanical_imbalance,0.3,1,1,,,,,21,0
2026-08-19T15:27:29.409Z,1787153249409,FAN_DT_001_F1_S03_R01_20260819T151936,1,472.871,FAULT_ACTIVE,F1,0.3,FAN_DT_001,3.0,process-model-3.0.0-build3,5950,1,LIVE,SYNCHRONISED,AUTOMATIC,NORMAL,65,1950,1950,0,145,145,0.3,0.36,24.76534,38.76,1.086,1.024,0.0439,0.018,219.8,28.611,0.00856,1,0.18,3.895,6.6664,80.5,DEGRADED,F1,1,1,mechanical_imbalance,0.3,1,1,,,,,21,0
2026-08-19T15:27:30.441Z,1787153250441,FAN_DT_001_F1_S03_R01_20260819T151936,1,473.903,FAULT_ACTIVE,F1,0.3,FAN_DT_001,3.0,process-model-3.0.0-build3,5951,1,LIVE,SYNCHRONISED,AUTOMATIC,NORMAL,65,1950,1950,0,145,145,0.3,0.36,24.7479,38.75,1.086,1.024,0.0439,0.018,219.8,28.6739,0.0087,1,0.18,3.958,6.681,80.5,DEGRADED,F1,1,1,mechanical_imbalance,0.3,1,1,,,,,21,0
2026-08-19T15:27:31.476Z,1787153251476,FAN_DT_001_F1_S03_R01_20260819T151936,1,474.938,FAULT_ACTIVE,F1,0.3,FAN_DT_001,3.0,process-model-3.0.0-build3,5952,1,LIVE,SYNCHRONISED,AUTOMATIC,NORMAL,65,1950,1950,0,145,145,0.3,0.36,24.73052,38.75,1.086,1.024,0.0439,0.018,219.8,28.737,0.00883,1,0.18,4.018,6.6957,80.5,DEGRADED,F1,1,1,mechanical_imbalance,0.3,1,1,,,,,21,0
2026-08-19T15:27:32.508Z,1787153252508,FAN_DT_001_F1_S03_R01_20260819T151936,1,475.97,FAULT_ACTIVE,F1,0.3,FAN_DT_001,3.0,process-model-3.0.0-build3,5953,1,LIVE,SYNCHRONISED,AUTOMATIC,NORMAL,65,1950,1950,0,145,145,0.3,0.36,24.71326,38.74,1.086,1.024,0.0439,0.018,219.8,28.8002,0.00896,1,0.18,4.077,6.7105,80.5,DEGRADED,F1,1,1,mechanical_imbalance,0.3,1,1,,,,,21,0
2026-08-19T15:27:33.545Z,1787153253545,FAN_DT_001_F1_S03_R01_20260819T151936,1,477.007,FAULT_ACTIVE,F1,0.3,FAN_DT_001,3.0,process-model-3.0.0-build3,5954,1,LIVE,SYNCHRONISED,AUTOMATIC,NORMAL,65,1950,1950,0,145,145,0.3,0.36,24.69623,38.73,1.086,1.024,0.0439,0.018,219.8,28.8632,0.0091,1,0.18,4.142,6.7251,80.5,DEGRADED,F1,1,1,mechanical_imbalance,0.3,1,1,,,,,21,0
2026-08-19T15:27:34.583Z,1787153254583,FAN_DT_001_F1_S03_R01_20260819T151936,1,478.045,FAULT_ACTIVE,F1,0.3,FAN_DT_001,3.0,process-model-3.0.0-build3,5955,1,LIVE,SYNCHRONISED,AUTOMATIC,NORMAL,65,1950,1950,0,145,145,0.3,0.36,24.67927,38.72,1.086,1.024,0.0439,0.018,219.8,28.9264,0.00923,1,0.18,4.201,6.7399,80.5,DEGRADED,F1,1,1,mechanical_imbalance,0.3,1,1,,,,,21,0
2026-08-19T15:27:35.642Z,1787153255642,FAN_DT_001_F1_S03_R01_20260819T151936,1,479.104,FAULT_ACTIVE,F1,0.3,FAN_DT_001,3.0,process-model-3.0.0-build3,5956,1,LIVE,SYNCHRONISED,AUTOMATIC,NORMAL,65,1950,1950,0,145,145,0.3,0.36,24.66248,38.71,1.086,1.024,0.0439,0.018,219.8,28.9897,0.00936,1,0.18,4.256,6.7546,80.5,DEGRADED,F1,1,1,mechanical_imbalance,0.3,1,1,,,,,21,0
2026-08-19T15:27:36.651Z,1787153256651,FAN_DT_001_F1_S03_R01_20260819T151936,1,480.113,FAULT_ACTIVE,F1,0.3,FAN_DT_001,3.0,process-model-3.0.0-build3,5957,1,LIVE,SYNCHRONISED,AUTOMATIC,NORMAL,65,1950,1950,0,145,145,0.3,0.36,24.64593,38.7,1.086,1.024,0.0439,0.018,219.8,29.0527,0.00945,1,0.18,4.299,6.7693,80.5,DEGRADED,F1,1,1,mechanical_imbalance,0.3,1,1,,,,,21,0
2026-08-19T15:27:37.690Z,1787153257690,FAN_DT_001_F1_S03_R01_20260819T151936,1,481.152,FAULT_ACTIVE,F1,0.3,FAN_DT_001,3.0,process-model-3.0.0-build3,5958,1,LIVE,SYNCHRONISED,AUTOMATIC,NORMAL,65,1950,1950,0,145,145,0.3,0.36,24.62958,38.69,1.086,1.024,0.0439,0.018,219.8,29.1157,0.00955,1,0.18,4.346,6.784,80.5,DEGRADED,F1,1,1,mechanical_imbalance,0.3,1,1,,,,,21,0
2026-08-19T15:27:38.723Z,1787153258723,FAN_DT_001_F1_S03_R01_20260819T151936,1,482.185,FAULT_ACTIVE,F1,0.3,FAN_DT_001,3.0,process-model-3.0.0-build3,5959,1,LIVE,SYNCHRONISED,AUTOMATIC,NORMAL,65,1950,1950,0,145,145,0.3,0.36,24.61337,38.68,1.086,1.024,0.0439,0.018,219.8,29.1789,0.00966,1,0.18,4.394,6.7987,80.5,DEGRADED,F1,1,1,mechanical_imbalance,0.3,1,1,,,,,21,0
2026-08-19T15:27:39.758Z,1787153259758,FAN_DT_001_F1_S03_R01_20260819T151936,1,483.219,FAULT_ACTIVE,F1,0.3,FAN_DT_001,3.0,process-model-3.0.0-build3,5960,1,LIVE,SYNCHRONISED,AUTOMATIC,NORMAL,65,1950,1950,0,145,145,0.3,0.36,24.5974,38.67,1.086,1.024,0.0439,0.018,219.8,29.2419,0.00977,1,0.18,4.444,6.8134,80.5,DEGRADED,F1,1,1,mechanical_imbalance,0.3,1,1,,,,,21,0
2026-08-19T15:27:40.792Z,1787153260792,FAN_DT_001_F1_S03_R01_20260819T151936,1,484.254,FAULT_ACTIVE,F1,0.3,FAN_DT_001,3.0,process-model-3.0.0-build3,5961,1,LIVE,SYNCHRONISED,AUTOMATIC,NORMAL,65,1950,1950,0,145,145,0.3,0.36,24.58168,38.66,1.086,1.024,0.0439,0.018,219.8,29.3049,0.00985,1,0.18,4.482,6.828,80.5,DEGRADED,F1,1,1,mechanical_imbalance,0.3,1,1,,,,,21,0
2026-08-19T15:27:41.824Z,1787153261824,FAN_DT_001_F1_S03_R01_20260819T151936,1,485.286,FAULT_ACTIVE,F1,0.3,FAN_DT_001,3.0,process-model-3.0.0-build3,5962,1,LIVE,SYNCHRONISED,AUTOMATIC,NORMAL,65,1950,1950,0,145,145,0.3,0.36,24.5661,38.65,1.086,1.024,0.0439,0.018,219.8,29.3681,0.00993,1,0.18,4.518,6.8428,80.5,DEGRADED,F1,1,1,mechanical_imbalance,0.3,1,1,,,,,21,0
2026-08-19T15:27:42.858Z,1787153262858,FAN_DT_001_F1_S03_R01_20260819T151936,1,486.32,FAULT_ACTIVE,F1,0.3,FAN_DT_001,3.0,process-model-3.0.0-build3,5963,1,LIVE,SYNCHRONISED,AUTOMATIC,NORMAL,65,1950,1950,0,145,145,0.3,0.36,24.55081,38.64,1.086,1.024,0.0439,0.018,219.8,29.431,0.01003,1,0.18,4.562,6.8574,80.5,DEGRADED,F1,1,1,mechanical_imbalance,0.3,1,1,,,,,21,0
2026-08-19T15:27:43.897Z,1787153263897,FAN_DT_001_F1_S03_R01_20260819T151936,1,487.359,FAULT_ACTIVE,F1,0.3,FAN_DT_001,3.0,process-model-3.0.0-build3,5964,1,LIVE,SYNCHRONISED,AUTOMATIC,NORMAL,65,1950,1950,0,145,145,0.3,0.36,24.53574,38.63,1.086,1.024,0.0439,0.018,219.8,29.4941,0.01011,1,0.18,4.601,6.8721,80.5,DEGRADED,F1,1,1,mechanical_imbalance,0.3,1,1,,,,,21,0
2026-08-19T15:27:44.944Z,1787153264944,FAN_DT_001_F1_S03_R01_20260819T151936,1,488.407,FAULT_ACTIVE,F1,0.3,FAN_DT_001,3.0,process-model-3.0.0-build3,5965,1,LIVE,SYNCHRONISED,AUTOMATIC,NORMAL,65,1950,1950,0,145,145,0.3,0.36,24.52086,38.62,1.086,1.024,0.0439,0.018,219.8,29.5573,0.01017,1,0.18,4.628,6.8869,80.5,DEGRADED,F1,1,1,mechanical_imbalance,0.3,1,1,,,,,21,0
2026-08-19T15:27:45.959Z,1787153265959,FAN_DT_001_F1_S03_R01_20260819T151936,1,489.421,FAULT_ACTIVE,F1,0.3,FAN_DT_001,3.0,process-model-3.0.0-build3,5966,1,LIVE,SYNCHRONISED,AUTOMATIC,NORMAL,65,1950,1950,0,145,145,0.3,0.36,24.50634,38.61,1.086,1.024,0.0439,0.018,219.8,29.6201,0.01023,1,0.18,4.654,6.9015,80.5,DEGRADED,F1,1,1,mechanical_imbalance,0.3,1,1,,,,,21,0
2026-08-19T15:27:46.997Z,1787153266997,FAN_DT_001_F1_S03_R01_20260819T151936,1,490.459,FAULT_ACTIVE,F1,0.3,FAN_DT_001,3.0,process-model-3.0.0-build3,5967,1,LIVE,SYNCHRONISED,AUTOMATIC,NORMAL,65,1950,1950,0,145,145,0.3,0.36,24.49206,38.59,1.086,1.024,0.0439,0.018,219.8,29.683,0.0103,1,0.18,4.686,6.9161,80.5,DEGRADED,F1,1,1,mechanical_imbalance,0.3,1,1,,,,,21,0
2026-08-19T15:27:48.033Z,1787153268033,FAN_DT_001_F1_S03_R01_20260819T151936,1,491.495,FAULT_ACTIVE,F1,0.3,FAN_DT_001,3.0,process-model-3.0.0-build3,5968,1,LIVE,SYNCHRONISED,AUTOMATIC,NORMAL,65,1950,1950,0,145,145,0.3,0.36,24.47799,38.58,1.086,1.024,0.0439,0.018,219.8,29.7462,0.01035,1,0.18,4.711,6.9309,80.5,DEGRADED,F1,1,1,mechanical_imbalance,0.3,1,1,,,,,21,0
2026-08-19T15:27:49.062Z,1787153269062,FAN_DT_001_F1_S03_R01_20260819T151936,1,492.524,FAULT_ACTIVE,F1,0.3,FAN_DT_001,3.0,process-model-3.0.0-build3,5969,1,LIVE,SYNCHRONISED,AUTOMATIC,NORMAL,65,1950,1950,0,145,145,0.3,0.36,24.46422,38.57,1.086,1.024,0.0439,0.018,219.8,29.8092,0.01043,1,0.18,4.743,6.9456,80.5,DEGRADED,F1,1,1,mechanical_imbalance,0.3,1,1,,,,,21,0
2026-08-19T15:27:50.101Z,1787153270101,FAN_DT_001_F1_S03_R01_20260819T151936,1,493.563,FAULT_ACTIVE,F1,0.3,FAN_DT_001,3.0,process-model-3.0.0-build3,5970,1,LIVE,SYNCHRONISED,AUTOMATIC,NORMAL,65,1950,1950,0,145,145,0.3,0.36,24.45073,38.56,1.086,1.024,0.0439,0.018,219.8,29.8722,0.01045,1,0.18,4.756,6.9602,80.5,DEGRADED,F1,1,1,mechanical_imbalance,0.3,1,1,,,,,21,0
2026-08-19T15:27:51.138Z,1787153271138,FAN_DT_001_F1_S03_R01_20260819T151936,1,494.6,FAULT_ACTIVE,F1,0.3,FAN_DT_001,3.0,process-model-3.0.0-build3,5971,1,LIVE,SYNCHRONISED,AUTOMATIC,NORMAL,65,1950,1950,0,145,145,0.3,0.36,24.43751,38.55,1.086,1.024,0.0439,0.018,219.8,29.9354,0.0105,1,0.18,4.776,6.975,80.5,DEGRADED,F1,1,1,mechanical_imbalance,0.3,1,1,,,,,21,0
2026-08-19T15:27:52.174Z,1787153272174,FAN_DT_001_F1_S03_R01_20260819T151936,1,495.637,FAULT_ACTIVE,F1,0.3,FAN_DT_001,3.0,process-model-3.0.0-build3,5972,1,LIVE,SYNCHRONISED,AUTOMATIC,NORMAL,65,1950,1950,0,145,145,0.3,0.36,24.42457,38.54,1.086,1.024,0.0439,0.018,219.8,29.9986,0.01051,1,0.18,4.783,6.9897,80.5,DEGRADED,F1,1,1,mechanical_imbalance,0.3,1,1,,,,,21,0
2026-08-19T15:27:53.207Z,1787153273207,FAN_DT_001_F1_S03_R01_20260819T151936,1,496.669,FAULT_ACTIVE,F1,0.3,FAN_DT_001,3.0,process-model-3.0.0-build3,5973,1,LIVE,SYNCHRONISED,AUTOMATIC,NORMAL,65,1950,1950,0,145,145,0.3,0.36,24.41197,38.53,1.086,1.024,0.0439,0.018,219.8,30.0617,0.01055,1,0.18,4.799,7.0044,80.5,DEGRADED,F1,1,1,mechanical_imbalance,0.3,1,1,,,,,21,0
2026-08-19T15:27:54.243Z,1787153274243,FAN_DT_001_F1_S03_R01_20260819T151936,1,497.705,FAULT_ACTIVE,F1,0.3,FAN_DT_001,3.0,process-model-3.0.0-build3,5974,1,LIVE,SYNCHRONISED,AUTOMATIC,NORMAL,65,1950,1950,0,145,145,0.3,0.36,24.3997,38.52,1.086,1.024,0.0439,0.018,219.8,30.1246,0.01057,1,0.18,4.81,7.019,80.5,DEGRADED,F1,1,1,mechanical_imbalance,0.3,1,1,,,,,21,0
2026-08-19T15:27:55.275Z,1787153275275,FAN_DT_001_F1_S03_R01_20260819T151936,1,498.737,FAULT_ACTIVE,F1,0.3,FAN_DT_001,3.0,process-model-3.0.0-build3,5975,1,LIVE,SYNCHRONISED,AUTOMATIC,NORMAL,65,1950,1950,0,145,145,0.3,0.36,24.38769,38.51,1.086,1.024,0.0439,0.018,219.8,30.1878,0.0106,1,0.18,4.821,7.0338,80.5,DEGRADED,F1,1,1,mechanical_imbalance,0.3,1,1,,,,,21,0
2026-08-19T15:27:56.342Z,1787153276342,FAN_DT_001_F1_S03_R01_20260819T151936,1,499.804,FAULT_ACTIVE,F1,0.3,FAN_DT_001,3.0,process-model-3.0.0-build3,5976,1,LIVE,SYNCHRONISED,AUTOMATIC,NORMAL,65,1950,1950,0,145,145,0.3,0.36,24.37605,38.5,1.086,1.024,0.0439,0.018,219.8,30.2508,0.01061,1,0.18,4.827,7.0484,80.5,DEGRADED,F1,1,1,mechanical_imbalance,0.3,1,1,,,,,21,0
2026-08-19T15:27:57.342Z,1787153277342,FAN_DT_001_F1_S03_R01_20260819T151936,1,500.804,FAULT_ACTIVE,F1,0.3,FAN_DT_001,3.0,process-model-3.0.0-build3,5977,1,LIVE,SYNCHRONISED,AUTOMATIC,NORMAL,65,1950,1950,0,145,145,0.3,0.36,24.36478,38.49,1.086,1.024,0.0439,0.018,219.8,30.3135,0.01061,1,0.18,4.825,7.063,80.5,DEGRADED,F1,1,1,mechanical_imbalance,0.3,1,1,,,,,21,0
2026-08-19T15:27:58.379Z,1787153278379,FAN_DT_001_F1_S03_R01_20260819T151936,1,501.841,FAULT_ACTIVE,F1,0.3,FAN_DT_001,3.0,process-model-3.0.0-build3,5978,1,LIVE,SYNCHRONISED,AUTOMATIC,NORMAL,65,1950,1950,0,145,145,0.3,0.36,24.35375,38.48,1.086,1.024,0.0439,0.018,219.8,30.3768,0.0106,1,0.18,4.824,7.0778,80.5,DEGRADED,F1,1,1,mechanical_imbalance,0.3,1,1,,,,,21,0
2026-08-19T15:27:59.410Z,1787153279410,FAN_DT_001_F1_S03_R01_20260819T151936,1,502.872,FAULT_ACTIVE,F1,0.3,FAN_DT_001,3.0,process-model-3.0.0-build3,5979,1,LIVE,SYNCHRONISED,AUTOMATIC,NORMAL,65,1950,1950,0,145,145,0.3,0.36,24.34308,38.46,1.086,1.024,0.0439,0.018,219.8,30.4399,0.01062,1,0.18,4.832,7.0925,80.5,DEGRADED,F1,1,1,mechanical_imbalance,0.3,1,1,,,,,21,0
2026-08-19T15:28:00.443Z,1787153280443,FAN_DT_001_F1_S03_R01_20260819T151936,1,503.905,FAULT_ACTIVE,F1,0.3,FAN_DT_001,3.0,process-model-3.0.0-build3,5980,1,LIVE,SYNCHRONISED,AUTOMATIC,NORMAL,65,1950,1950,0,145,145,0.3,0.36,24.33279,38.45,1.086,1.024,0.0439,0.018,219.8,30.503,0.01061,1,0.18,4.825,7.1072,80.5,DEGRADED,F1,1,1,mechanical_imbalance,0.3,1,1,,,,,21,0
2026-08-19T15:28:01.482Z,1787153281482,FAN_DT_001_F1_S03_R01_20260819T151936,1,504.944,FAULT_ACTIVE,F1,0.3,FAN_DT_001,3.0,process-model-3.0.0-build3,5981,1,LIVE,SYNCHRONISED,AUTOMATIC,NORMAL,65,1950,1950,0,145,145,0.3,0.36,24.32285,38.44,1.086,1.024,0.0439,0.018,219.8,30.5659,0.01059,1,0.18,4.817,7.1219,80.5,DEGRADED,F1,1,1,mechanical_imbalance,0.3,1,1,,,,,21,0
2026-08-19T15:28:02.512Z,1787153282512,FAN_DT_001_F1_S03_R01_20260819T151936,1,505.974,FAULT_ACTIVE,F1,0.3,FAN_DT_001,3.0,process-model-3.0.0-build3,5982,1,LIVE,SYNCHRONISED,AUTOMATIC,NORMAL,65,1950,1950,0,145,145,0.3,0.36,24.31324,38.43,1.086,1.024,0.0439,0.018,219.8,30.629,0.01057,1,0.18,4.807,7.1366,80.5,DEGRADED,F1,1,1,mechanical_imbalance,0.3,1,1,,,,,21,0
2026-08-19T15:28:03.546Z,1787153283546,FAN_DT_001_F1_S03_R01_20260819T151936,1,507.008,FAULT_ACTIVE,F1,0.3,FAN_DT_001,3.0,process-model-3.0.0-build3,5983,1,LIVE,SYNCHRONISED,AUTOMATIC,NORMAL,65,1950,1950,0,145,145,0.3,0.36,24.30402,38.42,1.086,1.024,0.0439,0.018,219.8,30.692,0.01052,1,0.18,4.786,7.1512,80.5,DEGRADED,F1,1,1,mechanical_imbalance,0.3,1,1,,,,,21,0
2026-08-19T15:28:04.591Z,1787153284591,FAN_DT_001_F1_S03_R01_20260819T151936,1,508.053,FAULT_ACTIVE,F1,0.3,FAN_DT_001,3.0,process-model-3.0.0-build3,5984,1,LIVE,SYNCHRONISED,AUTOMATIC,NORMAL,65,1950,1950,0,145,145,0.3,0.36,24.29513,38.41,1.086,1.024,0.0439,0.018,219.8,30.7552,0.01049,1,0.18,4.773,7.166,80.5,DEGRADED,F1,1,1,mechanical_imbalance,0.3,1,1,,,,,21,0
2026-08-19T15:28:05.644Z,1787153285644,FAN_DT_001_F1_S03_R01_20260819T151936,1,509.106,FAULT_ACTIVE,F1,0.3,FAN_DT_001,3.0,process-model-3.0.0-build3,5985,1,LIVE,SYNCHRONISED,AUTOMATIC,NORMAL,65,1950,1950,0,145,145,0.3,0.36,24.28663,38.4,1.086,1.024,0.0439,0.018,219.8,30.8183,0.01044,1,0.18,4.752,7.1807,80.5,DEGRADED,F1,1,1,mechanical_imbalance,0.3,1,1,,,,,21,0
2026-08-19T15:28:06.649Z,1787153286649,FAN_DT_001_F1_S03_R01_20260819T151936,1,510.111,FAULT_ACTIVE,F1,0.3,FAN_DT_001,3.0,process-model-3.0.0-build3,5986,1,LIVE,SYNCHRONISED,AUTOMATIC,NORMAL,65,1950,1950,0,145,145,0.3,0.36,24.27852,38.39,1.086,1.024,0.0439,0.018,219.8,30.8812,0.0104,1,0.18,4.733,7.1953,80.5,DEGRADED,F1,1,1,mechanical_imbalance,0.3,1,1,,,,,21,0
2026-08-19T15:28:07.688Z,1787153287688,FAN_DT_001_F1_S03_R01_20260819T151936,1,511.15,FAULT_ACTIVE,F1,0.3,FAN_DT_001,3.0,process-model-3.0.0-build3,5987,1,LIVE,SYNCHRONISED,AUTOMATIC,NORMAL,65,1950,1950,0,145,145,0.3,0.36,24.2708,38.38,1.086,1.024,0.0439,0.018,219.8,30.9441,0.01036,1,0.18,4.713,7.21,80.5,DEGRADED,F1,1,1,mechanical_imbalance,0.3,1,1,,,,,21,0
2026-08-19T15:28:08.717Z,1787153288717,FAN_DT_001_F1_S03_R01_20260819T151936,1,512.179,FAULT_ACTIVE,F1,0.3,FAN_DT_001,3.0,process-model-3.0.0-build3,5988,1,LIVE,SYNCHRONISED,AUTOMATIC,NORMAL,65,1950,1950,0,145,145,0.3,0.36,24.26344,38.37,1.086,1.024,0.0439,0.018,219.8,31.0072,0.01031,1,0.18,4.693,7.2247,80.5,DEGRADED,F1,1,1,mechanical_imbalance,0.3,1,1,,,,,21,0
2026-08-19T15:28:09.752Z,1787153289752,FAN_DT_001_F1_S03_R01_20260819T151936,1,513.214,FAULT_ACTIVE,F1,0.3,FAN_DT_001,3.0,process-model-3.0.0-build3,5989,1,LIVE,SYNCHRONISED,AUTOMATIC,NORMAL,65,1950,1950,0,145,145,0.3,0.36,24.25648,38.36,1.086,1.024,0.0439,0.018,219.8,31.0701,0.01024,1,0.18,4.659,7.2393,80.5,DEGRADED,F1,1,1,mechanical_imbalance,0.3,1,1,,,,,21,0
2026-08-19T15:28:10.790Z,1787153290790,FAN_DT_001_F1_S03_R01_20260819T151936,1,514.252,FAULT_ACTIVE,F1,0.3,FAN_DT_001,3.0,process-model-3.0.0-build3,5990,1,LIVE,SYNCHRONISED,AUTOMATIC,NORMAL,65,1950,1950,0,145,145,0.3,0.36,24.24989,38.35,1.086,1.024,0.0439,0.018,219.8,31.1333,0.01017,1,0.18,4.628,7.254,80.5,DEGRADED,F1,1,1,mechanical_imbalance,0.3,1,1,,,,,21,0
2026-08-19T15:28:11.824Z,1787153291824,FAN_DT_001_F1_S03_R01_20260819T151936,1,515.286,FAULT_ACTIVE,F1,0.3,FAN_DT_001,3.0,process-model-3.0.0-build3,5991,1,LIVE,SYNCHRONISED,AUTOMATIC,NORMAL,65,1950,1950,0,145,145,0.3,0.36,24.24367,38.33,1.086,1.024,0.0439,0.018,219.8,31.1967,0.0101,1,0.18,4.597,7.2688,80.5,DEGRADED,F1,1,1,mechanical_imbalance,0.3,1,1,,,,,21,0
2026-08-19T15:28:12.858Z,1787153292858,FAN_DT_001_F1_S03_R01_20260819T151936,1,516.321,FAULT_ACTIVE,F1,0.3,FAN_DT_001,3.0,process-model-3.0.0-build3,5992,1,LIVE,SYNCHRONISED,AUTOMATIC,NORMAL,65,1950,1950,0,145,145,0.3,0.36,24.23791,38.32,1.086,1.024,0.0439,0.018,219.8,31.2595,0.01004,1,0.18,4.568,7.2835,80.5,DEGRADED,F1,1,1,mechanical_imbalance,0.3,1,1,,,,,21,0
2026-08-19T15:28:13.894Z,1787153293894,FAN_DT_001_F1_S03_R01_20260819T151936,1,517.356,FAULT_ACTIVE,F1,0.3,FAN_DT_001,3.0,process-model-3.0.0-build3,5993,1,LIVE,SYNCHRONISED,AUTOMATIC,NORMAL,65,1950,1950,0,145,145,0.3,0.36,24.23252,38.31,1.086,1.024,0.0439,0.018,219.8,31.3225,0.00994,1,0.18,4.523,7.2981,80.5,DEGRADED,F1,1,1,mechanical_imbalance,0.3,1,1,,,,,21,0
2026-08-19T15:28:14.945Z,1787153294945,FAN_DT_001_F1_S03_R01_20260819T151936,1,518.408,FAULT_ACTIVE,F1,0.3,FAN_DT_001,3.0,process-model-3.0.0-build3,5994,1,LIVE,SYNCHRONISED,AUTOMATIC,NORMAL,65,1950,1950,0,145,145,0.3,0.36,24.22754,38.3,1.086,1.024,0.0439,0.018,219.8,31.3856,0.00987,1,0.18,4.488,7.3128,80.5,DEGRADED,F1,1,1,mechanical_imbalance,0.3,1,1,,,,,21,0
2026-08-19T15:28:15.964Z,1787153295964,FAN_DT_001_F1_S03_R01_20260819T151936,1,519.426,FAULT_ACTIVE,F1,0.3,FAN_DT_001,3.0,process-model-3.0.0-build3,5995,1,LIVE,SYNCHRONISED,AUTOMATIC,NORMAL,65,1950,1950,0,145,145,0.3,0.36,24.22296,38.29,1.086,1.024,0.0439,0.018,219.8,31.4488,0.00978,1,0.18,4.449,7.3276,80.5,DEGRADED,F1,1,1,mechanical_imbalance,0.3,1,1,,,,,21,0
2026-08-19T15:28:16.996Z,1787153296996,FAN_DT_001_F1_S03_R01_20260819T151936,1,520.458,FAULT_ACTIVE,F1,0.3,FAN_DT_001,3.0,process-model-3.0.0-build3,5996,1,LIVE,SYNCHRONISED,AUTOMATIC,NORMAL,65,1950,1950,0,145,145,0.3,0.36,24.2188,38.28,1.086,1.024,0.0439,0.018,219.8,31.5119,0.00968,1,0.18,4.405,7.3423,80.5,DEGRADED,F1,1,1,mechanical_imbalance,0.3,1,1,,,,,21,0
2026-08-19T15:28:18.052Z,1787153298052,FAN_DT_001_F1_S03_R01_20260819T151936,1,521.514,FAULT_ACTIVE,F1,0.3,FAN_DT_001,3.0,process-model-3.0.0-build3,5997,1,LIVE,SYNCHRONISED,AUTOMATIC,NORMAL,65,1950,1950,0,145,145,0.3,0.36,24.21506,38.27,1.086,1.024,0.0439,0.018,219.8,31.5747,0.00957,1,0.18,4.352,7.3569,80.5,DEGRADED,F1,1,1,mechanical_imbalance,0.3,1,1,,,,,21,0
2026-08-19T15:28:19.066Z,1787153299066,FAN_DT_001_F1_S03_R01_20260819T151936,1,522.529,FAULT_ACTIVE,F1,0.3,FAN_DT_001,3.0,process-model-3.0.0-build3,5998,1,LIVE,SYNCHRONISED,AUTOMATIC,NORMAL,65,1950,1950,0,145,145,0.3,0.36,24.21171,38.26,1.086,1.024,0.0439,0.018,219.8,31.6379,0.00948,1,0.18,4.311,7.3716,80.5,DEGRADED,F1,1,1,mechanical_imbalance,0.3,1,1,,,,,21,0
2026-08-19T15:28:20.105Z,1787153300105,FAN_DT_001_F1_S03_R01_20260819T151936,1,523.567,FAULT_ACTIVE,F1,0.3,FAN_DT_001,3.0,process-model-3.0.0-build3,5999,1,LIVE,SYNCHRONISED,AUTOMATIC,NORMAL,65,1950,1950,0,145,145,0.3,0.36,24.20879,38.25,1.086,1.024,0.0439,0.018,219.8,31.7009,0.00934,1,0.18,4.252,7.3863,80.5,DEGRADED,F1,1,1,mechanical_imbalance,0.3,1,1,,,,,21,0
2026-08-19T15:28:21.140Z,1787153301140,FAN_DT_001_F1_S03_R01_20260819T151936,1,524.602,FAULT_ACTIVE,F1,0.3,FAN_DT_001,3.0,process-model-3.0.0-build3,6000,1,LIVE,SYNCHRONISED,AUTOMATIC,NORMAL,65,1950,1950,0,145,145,0.3,0.36,24.20629,38.24,1.086,1.024,0.0439,0.018,219.8,31.764,0.00925,1,0.18,4.208,7.401,80.5,DEGRADED,F1,1,1,mechanical_imbalance,0.3,1,1,,,,,21,0
2026-08-19T15:28:22.177Z,1787153302177,FAN_DT_001_F1_S03_R01_20260819T151936,1,525.639,FAULT_ACTIVE,F1,0.3,FAN_DT_001,3.0,process-model-3.0.0-build3,6001,1,LIVE,SYNCHRONISED,AUTOMATIC,NORMAL,65,1950,1950,0,145,145,0.3,0.36,24.20419,38.24,1.086,1.024,0.0439,0.018,219.8,31.8273,0.00911,1,0.18,4.146,7.4158,80.5,DEGRADED,F1,1,1,mechanical_imbalance,0.3,1,1,,,,,21,0
2026-08-19T15:28:23.208Z,1787153303208,FAN_DT_001_F1_S03_R01_20260819T151936,1,526.67,FAULT_ACTIVE,F1,0.3,FAN_DT_001,3.0,process-model-3.0.0-build3,6002,1,LIVE,SYNCHRONISED,AUTOMATIC,NORMAL,65,1950,1950,0,145,145,0.3,0.36,24.20252,38.23,1.086,1.024,0.0439,0.018,219.8,31.8905,0.00897,1,0.18,4.081,7.4305,80.5,DEGRADED,F1,1,1,mechanical_imbalance,0.3,1,1,,,,,21,0
2026-08-19T15:28:24.247Z,1787153304247,FAN_DT_001_F1_S03_R01_20260819T151936,1,527.709,FAULT_ACTIVE,F1,0.3,FAN_DT_001,3.0,process-model-3.0.0-build3,6003,1,LIVE,SYNCHRONISED,AUTOMATIC,NORMAL,65,1950,1950,0,145,145,0.3,0.36,24.20127,38.22,1.086,1.024,0.0439,0.018,219.8,31.9535,0.00884,1,0.18,4.023,7.4452,80.5,DEGRADED,F1,1,1,mechanical_imbalance,0.3,1,1,,,,,21,0
2026-08-19T15:28:25.285Z,1787153305285,FAN_DT_001_F1_S03_R01_20260819T151936,1,528.748,FAULT_ACTIVE,F1,0.3,FAN_DT_001,3.0,process-model-3.0.0-build3,6004,1,LIVE,SYNCHRONISED,AUTOMATIC,NORMAL,65,1950,1950,0,145,145,0.3,0.36,24.20045,38.21,1.086,1.024,0.0439,0.018,219.8,32.0167,0.00871,1,0.18,3.963,7.4599,80.5,DEGRADED,F1,1,1,mechanical_imbalance,0.3,1,1,,,,,21,0
2026-08-19T15:28:26.345Z,1787153306345,FAN_DT_001_F1_S03_R01_20260819T151936,1,529.807,FAULT_ACTIVE,F1,0.3,FAN_DT_001,3.0,process-model-3.0.0-build3,6005,1,LIVE,SYNCHRONISED,AUTOMATIC,NORMAL,65,1950,1950,0,145,145,0.3,0.36,24.20004,38.2,1.086,1.024,0.0439,0.018,219.8,32.0799,0.00857,1,0.18,3.901,7.4746,80.5,DEGRADED,F1,1,1,mechanical_imbalance,0.3,1,1,,,,,21,0
2026-08-19T15:28:27.348Z,1787153307348,FAN_DT_001_F1_S03_R01_20260819T151936,1,530.81,FAULT_ACTIVE,F1,0.3,FAN_DT_001,3.0,process-model-3.0.0-build3,6006,1,LIVE,SYNCHRONISED,AUTOMATIC,NORMAL,65,1950,1950,0,145,145,0.3,0.36,24.20006,38.19,1.086,1.024,0.0439,0.018,219.8,32.1428,0.00844,1,0.18,3.839,7.4893,80.5,DEGRADED,F1,1,1,mechanical_imbalance,0.3,1,1,,,,,21,0
2026-08-19T15:28:28.389Z,1787153308389,FAN_DT_001_F1_S03_R01_20260819T151936,1,531.851,FAULT_ACTIVE,F1,0.3,FAN_DT_001,3.0,process-model-3.0.0-build3,6007,1,LIVE,SYNCHRONISED,AUTOMATIC,NORMAL,65,1950,1950,0,145,145,0.3,0.36,24.2005,38.18,1.086,1.024,0.0439,0.018,219.8,32.2059,0.00827,1,0.18,3.765,7.504,80.5,DEGRADED,F1,1,1,mechanical_imbalance,0.3,1,1,,,,,21,0
2026-08-19T15:28:29.422Z,1787153309422,FAN_DT_001_F1_S03_R01_20260819T151936,1,532.884,FAULT_ACTIVE,F1,0.3,FAN_DT_001,3.0,process-model-3.0.0-build3,6008,1,LIVE,SYNCHRONISED,AUTOMATIC,NORMAL,65,1950,1950,0,145,145,0.3,0.36,24.20137,38.17,1.086,1.024,0.0439,0.018,219.8,32.2692,0.00811,1,0.18,3.692,7.5187,80.5,DEGRADED,F1,1,1,mechanical_imbalance,0.3,1,1,,,,,21,0
2026-08-19T15:28:30.454Z,1787153310454,FAN_DT_001_F1_S03_R01_20260819T151936,1,533.916,FAULT_ACTIVE,F1,0.3,FAN_DT_001,3.0,process-model-3.0.0-build3,6009,1,LIVE,SYNCHRONISED,AUTOMATIC,NORMAL,65,1950,1950,0,145,145,0.3,0.36,24.20265,38.16,1.086,1.024,0.0439,0.018,219.8,32.3322,0.00795,1,0.18,3.617,7.5334,80.5,DEGRADED,F1,1,1,mechanical_imbalance,0.3,1,1,,,,,21,0
2026-08-19T15:28:31.495Z,1787153311495,FAN_DT_001_F1_S03_R01_20260819T151936,1,534.957,FAULT_ACTIVE,F1,0.3,FAN_DT_001,3.0,process-model-3.0.0-build3,6010,1,LIVE,SYNCHRONISED,AUTOMATIC,NORMAL,65,1950,1950,0,145,145,0.3,0.36,24.20435,38.16,1.086,1.024,0.0439,0.018,219.8,32.3953,0.0078,1,0.18,3.551,7.5481,80.5,DEGRADED,F1,1,1,mechanical_imbalance,0.3,1,1,,,,,21,0
2026-08-19T15:28:32.533Z,1787153312533,FAN_DT_001_F1_S03_R01_20260819T151936,1,535.995,FAULT_ACTIVE,F1,0.3,FAN_DT_001,3.0,process-model-3.0.0-build3,6011,1,LIVE,SYNCHRONISED,AUTOMATIC,NORMAL,65,1950,1950,0,145,145,0.3,0.36,24.20648,38.15,1.086,1.024,0.0439,0.018,219.8,32.4585,0.00763,1,0.18,3.471,7.5628,80.5,DEGRADED,F1,1,1,mechanical_imbalance,0.3,1,1,,,,,21,0
2026-08-19T15:28:33.562Z,1787153313562,FAN_DT_001_F1_S03_R01_20260819T151936,1,537.024,FAULT_ACTIVE,F1,0.3,FAN_DT_001,3.0,process-model-3.0.0-build3,6012,1,LIVE,SYNCHRONISED,AUTOMATIC,NORMAL,65,1950,1950,0,145,145,0.3,0.36,24.20901,38.14,1.086,1.024,0.0439,0.018,219.8,32.5215,0.00745,1,0.18,3.39,7.5775,80.5,DEGRADED,F1,1,1,mechanical_imbalance,0.3,1,1,,,,,21,0
2026-08-19T15:28:34.599Z,1787153314599,FAN_DT_001_F1_S03_R01_20260819T151936,1,538.061,FAULT_ACTIVE,F1,0.3,FAN_DT_001,3.0,process-model-3.0.0-build3,6013,1,LIVE,SYNCHRONISED,AUTOMATIC,NORMAL,65,1950,1950,0,145,145,0.3,0.36,24.21197,38.13,1.086,1.024,0.0439,0.018,219.8,32.5846,0.00728,1,0.18,3.311,7.5922,80.5,DEGRADED,F1,1,1,mechanical_imbalance,0.3,1,1,,,,,21,0
2026-08-19T15:28:35.644Z,1787153315644,FAN_DT_001_F1_S03_R01_20260819T151936,1,539.106,FAULT_ACTIVE,F1,0.3,FAN_DT_001,3.0,process-model-3.0.0-build3,6014,1,LIVE,SYNCHRONISED,AUTOMATIC,NORMAL,65,1950,1950,0,145,145,0.3,0.36,24.21536,38.13,1.086,1.024,0.0439,0.018,219.8,32.6479,0.00711,1,0.18,3.237,7.607,80.5,DEGRADED,F1,1,1,mechanical_imbalance,0.3,1,1,,,,,21,0
2026-08-19T15:28:36.669Z,1787153316669,FAN_DT_001_F1_S03_R01_20260819T151936,1,540.131,RECOVERY,F1,0.3,FAN_DT_001,3.0,process-model-3.0.0-build3,6015,1,LIVE,SYNCHRONISED,AUTOMATIC,NORMAL,65,1950,1950,0,145,145,0.3,0.36,24.21914,38.12,1.086,1.024,0.0439,0.018,219.8,32.711,0.00694,1,0.18,3.156,7.6217,80.5,DEGRADED,F1,1,1,mechanical_imbalance,0.3,1,1,,,,,21,0
2026-08-19T15:28:37.705Z,1787153317705,FAN_DT_001_F1_S03_R01_20260819T151936,1,541.167,RECOVERY,F1,0.3,FAN_DT_001,3.0,process-model-3.0.0-build3,6016,1,LIVE,SYNCHRONISED,AUTOMATIC,NORMAL,65,1950,1950,0,145,145,0.3,0.3,24.22335,38.11,1.028,1,0.0254,0,207.97,32.7707,0.00673,1,0.18,3.235,7.6356,100,HEALTHY,F0,0,0,healthy,0,0,0,,,,,22,0
2026-08-19T15:28:38.731Z,1787153318731,FAN_DT_001_F1_S03_R01_20260819T151936,1,542.193,RECOVERY,F1,0.3,FAN_DT_001,3.0,process-model-3.0.0-build3,6017,1,LIVE,SYNCHRONISED,AUTOMATIC,NORMAL,65,1950,1950,0,145,145,0.3,0.3,24.22793,38.1,1.028,1,0.0254,0,207.97,32.8301,0.00656,1,0.18,3.155,7.6494,100,HEALTHY,F0,0,0,healthy,0,0,0,,,,,22,0
2026-08-19T15:28:39.760Z,1787153319760,FAN_DT_001_F1_S03_R01_20260819T151936,1,543.222,RECOVERY,F1,0.3,FAN_DT_001,3.0,process-model-3.0.0-build3,6018,1,LIVE,SYNCHRONISED,AUTOMATIC,NORMAL,65,1950,1950,0,145,145,0.3,0.3,24.2329,38.1,1.028,1,0.0254,0,207.97,32.8892,0.00636,1,0.18,3.057,7.6632,100,HEALTHY,F0,0,0,healthy,0,0,0,,,,,22,0
2026-08-19T15:28:40.786Z,1787153320786,FAN_DT_001_F1_S03_R01_20260819T151936,1,544.248,RECOVERY,F1,0.3,FAN_DT_001,3.0,process-model-3.0.0-build3,6019,1,LIVE,SYNCHRONISED,AUTOMATIC,NORMAL,65,1950,1950,0,145,145,0.3,0.3,24.23828,38.09,1.028,1,0.0254,0,207.97,32.9485,0.00615,1,0.18,2.955,7.677,100,HEALTHY,F0,0,0,healthy,0,0,0,,,,,22,0
2026-08-19T15:28:41.811Z,1787153321811,FAN_DT_001_F1_S03_R01_20260819T151936,1,545.273,RECOVERY,F1,0.3,FAN_DT_001,3.0,process-model-3.0.0-build3,6020,1,LIVE,SYNCHRONISED,AUTOMATIC,NORMAL,65,1950,1950,0,145,145,0.3,0.3,24.24405,38.08,1.028,1,0.0254,0,207.97,33.0078,0.00597,1,0.18,2.872,7.6908,100,HEALTHY,F0,0,0,healthy,0,0,0,,,,,22,0
2026-08-19T15:28:42.843Z,1787153322843,FAN_DT_001_F1_S03_R01_20260819T151936,1,546.305,RECOVERY,F1,0.3,FAN_DT_001,3.0,process-model-3.0.0-build3,6021,1,LIVE,SYNCHRONISED,AUTOMATIC,NORMAL,65,1950,1950,0,145,145,0.3,0.3,24.2502,38.08,1.028,1,0.0254,0,207.97,33.067,0.00577,1,0.18,2.773,7.7046,100,HEALTHY,F0,0,0,healthy,0,0,0,,,,,22,0
2026-08-19T15:28:43.871Z,1787153323871,FAN_DT_001_F1_S03_R01_20260819T151936,1,547.334,RECOVERY,F1,0.3,FAN_DT_001,3.0,process-model-3.0.0-build3,6022,1,LIVE,SYNCHRONISED,AUTOMATIC,NORMAL,65,1950,1950,0,145,145,0.3,0.3,24.25679,38.07,1.028,1,0.0254,0,207.97,33.1265,0.00554,1,0.18,2.664,7.7185,100,HEALTHY,F0,0,0,healthy,0,0,0,,,,,22,0
2026-08-19T15:28:44.898Z,1787153324898,FAN_DT_001_F1_S03_R01_20260819T151936,1,548.36,RECOVERY,F1,0.3,FAN_DT_001,3.0,process-model-3.0.0-build3,6023,1,LIVE,SYNCHRONISED,AUTOMATIC,NORMAL,65,1950,1950,0,145,145,0.3,0.3,24.26372,38.07,1.028,1,0.0254,0,207.97,33.1857,0.00535,1,0.18,2.571,7.7323,100,HEALTHY,F0,0,0,healthy,0,0,0,,,,,22,0
2026-08-19T15:28:45.926Z,1787153325926,FAN_DT_001_F1_S03_R01_20260819T151936,1,549.388,RECOVERY,F1,0.3,FAN_DT_001,3.0,process-model-3.0.0-build3,6024,1,LIVE,SYNCHRONISED,AUTOMATIC,NORMAL,65,1950,1950,0,145,145,0.3,0.3,24.27104,38.06,1.028,1,0.0254,0,207.97,33.2449,0.00514,1,0.18,2.47,7.7461,100,HEALTHY,F0,0,0,healthy,0,0,0,,,,,22,0
2026-08-19T15:28:46.951Z,1787153326951,FAN_DT_001_F1_S03_R01_20260819T151936,1,550.413,RECOVERY,F1,0.3,FAN_DT_001,3.0,process-model-3.0.0-build3,6025,1,LIVE,SYNCHRONISED,AUTOMATIC,NORMAL,65,1950,1950,0,145,145,0.3,0.3,24.27876,38.06,1.028,1,0.0254,0,207.97,33.3043,0.00494,1,0.18,2.373,7.7599,100,HEALTHY,F0,0,0,healthy,0,0,0,,,,,22,0
2026-08-19T15:28:47.982Z,1787153327982,FAN_DT_001_F1_S03_R01_20260819T151936,1,551.444,RECOVERY,F1,0.3,FAN_DT_001,3.0,process-model-3.0.0-build3,6026,1,LIVE,SYNCHRONISED,AUTOMATIC,NORMAL,65,1950,1950,0,145,145,0.3,0.3,24.28683,38.05,1.028,1,0.0254,0,207.97,33.3635,0.00471,1,0.18,2.265,7.7737,100,HEALTHY,F0,0,0,healthy,0,0,0,,,,,22,0
2026-08-19T15:28:49.013Z,1787153329013,FAN_DT_001_F1_S03_R01_20260819T151936,1,552.475,RECOVERY,F1,0.3,FAN_DT_001,3.0,process-model-3.0.0-build3,6027,1,LIVE,SYNCHRONISED,AUTOMATIC,NORMAL,65,1950,1950,0,145,145,0.3,0.3,24.29531,38.05,1.028,1,0.0254,0,207.97,33.423,0.00448,1,0.18,2.155,7.7876,100,HEALTHY,F0,0,0,healthy,0,0,0,,,,,22,0
2026-08-19T15:28:50.049Z,1787153330049,FAN_DT_001_F1_S03_R01_20260819T151936,1,553.511,RECOVERY,F1,0.3,FAN_DT_001,3.0,process-model-3.0.0-build3,6028,1,LIVE,SYNCHRONISED,AUTOMATIC,NORMAL,65,1950,1950,0,145,145,0.3,0.3,24.30415,38.04,1.028,1,0.0254,0,207.97,33.4824,0.00426,1,0.18,2.046,7.8014,100,HEALTHY,F0,0,0,healthy,0,0,0,,,,,22,0
2026-08-19T15:28:51.069Z,1787153331069,FAN_DT_001_F1_S03_R01_20260819T151936,1,554.531,RECOVERY,F1,0.3,FAN_DT_001,3.0,process-model-3.0.0-build3,6029,1,LIVE,SYNCHRONISED,AUTOMATIC,NORMAL,65,1950,1950,0,145,145,0.3,0.3,24.3133,38.04,1.028,1,0.0254,0,207.97,33.5415,0.00405,1,0.18,1.949,7.8152,100,HEALTHY,F0,0,0,healthy,0,0,0,,,,,22,0
2026-08-19T15:28:52.092Z,1787153332092,FAN_DT_001_F1_S03_R01_20260819T151936,1,555.553,RECOVERY,F1,0.3,FAN_DT_001,3.0,process-model-3.0.0-build3,6030,1,LIVE,SYNCHRONISED,AUTOMATIC,NORMAL,65,1950,1950,0,145,145,0.3,0.3,24.32286,38.03,1.028,1,0.0254,0,207.97,33.6009,0.00381,1,0.18,1.834,7.829,100,HEALTHY,F0,0,0,healthy,0,0,0,,,,,22,0
2026-08-19T15:28:53.124Z,1787153333124,FAN_DT_001_F1_S03_R01_20260819T151936,1,556.586,RECOVERY,F1,0.3,FAN_DT_001,3.0,process-model-3.0.0-build3,6031,1,LIVE,SYNCHRONISED,AUTOMATIC,NORMAL,65,1950,1950,0,145,145,0.3,0.3,24.33271,38.03,1.028,1,0.0254,0,207.97,33.66,0.00358,1,0.18,1.723,7.8428,100,HEALTHY,F0,0,0,healthy,0,0,0,,,,,22,0
2026-08-19T15:28:54.157Z,1787153334157,FAN_DT_001_F1_S03_R01_20260819T151936,1,557.619,RECOVERY,F1,0.3,FAN_DT_001,3.0,process-model-3.0.0-build3,6032,1,LIVE,SYNCHRONISED,AUTOMATIC,NORMAL,65,1950,1950,0,145,145,0.3,0.3,24.343,38.03,1.028,1,0.0254,0,207.97,33.7196,0.00336,1,0.18,1.616,7.8567,100,HEALTHY,F0,0,0,healthy,0,0,0,,,,,22,0
2026-08-19T15:28:55.193Z,1787153335193,FAN_DT_001_F1_S03_R01_20260819T151936,1,558.655,RECOVERY,F1,0.3,FAN_DT_001,3.0,process-model-3.0.0-build3,6033,1,LIVE,SYNCHRONISED,AUTOMATIC,NORMAL,65,1950,1950,0,145,145,0.3,0.3,24.35362,38.02,1.028,1,0.0254,0,207.97,33.7791,0.00314,1,0.18,1.512,7.8705,100,HEALTHY,F0,0,0,healthy,0,0,0,,,,,22,0
2026-08-19T15:28:56.213Z,1787153336213,FAN_DT_001_F1_S03_R01_20260819T151936,1,559.676,RECOVERY,F1,0.3,FAN_DT_001,3.0,process-model-3.0.0-build3,6034,1,LIVE,SYNCHRONISED,AUTOMATIC,NORMAL,65,1950,1950,0,145,145,0.3,0.3,24.3645,38.02,1.028,1,0.0254,0,207.97,33.8382,0.00289,1,0.18,1.39,7.8843,100,HEALTHY,F0,0,0,healthy,0,0,0,,,,,22,0
2026-08-19T15:28:57.241Z,1787153337241,FAN_DT_001_F1_S03_R01_20260819T151936,1,560.703,RECOVERY,F1,0.3,FAN_DT_001,3.0,process-model-3.0.0-build3,6035,1,LIVE,SYNCHRONISED,AUTOMATIC,NORMAL,65,1950,1950,0,145,145,0.3,0.3,24.37581,38.02,1.028,1,0.0254,0,207.97,33.8978,0.00266,1,0.18,1.281,7.8982,100,HEALTHY,F0,0,0,healthy,0,0,0,,,,,22,0
2026-08-19T15:28:58.273Z,1787153338273,FAN_DT_001_F1_S03_R01_20260819T151936,1,561.735,RECOVERY,F1,0.3,FAN_DT_001,3.0,process-model-3.0.0-build3,6036,1,LIVE,SYNCHRONISED,AUTOMATIC,NORMAL,65,1950,1950,0,145,145,0.3,0.3,24.38737,38.02,1.028,1,0.0254,0,207.97,33.957,0.00243,1,0.18,1.167,7.912,100,HEALTHY,F0,0,0,healthy,0,0,0,,,,,22,0
2026-08-19T15:28:59.301Z,1787153339301,FAN_DT_001_F1_S03_R01_20260819T151936,1,562.764,RECOVERY,F1,0.3,FAN_DT_001,3.0,process-model-3.0.0-build3,6037,1,LIVE,SYNCHRONISED,AUTOMATIC,NORMAL,65,1950,1950,0,145,145,0.3,0.3,24.39931,38.01,1.028,1,0.0254,0,207.97,34.0165,0.00221,1,0.18,1.063,7.9258,100,HEALTHY,F0,0,0,healthy,0,0,0,,,,,22,0
2026-08-19T15:29:00.327Z,1787153340327,FAN_DT_001_F1_S03_R01_20260819T151936,1,563.789,RECOVERY,F1,0.3,FAN_DT_001,3.0,process-model-3.0.0-build3,6038,1,LIVE,SYNCHRONISED,AUTOMATIC,NORMAL,65,1950,1950,0,145,145,0.3,0.3,24.41151,38.01,1.028,1,0.0254,0,207.97,34.0758,0.00197,1,0.18,0.945,7.9397,100,HEALTHY,F0,0,0,healthy,0,0,0,,,,,22,0
2026-08-19T15:29:01.356Z,1787153341356,FAN_DT_001_F1_S03_R01_20260819T151936,1,564.818,RECOVERY,F1,0.3,FAN_DT_001,3.0,process-model-3.0.0-build3,6039,1,LIVE,SYNCHRONISED,AUTOMATIC,NORMAL,65,1950,1950,0,145,145,0.3,0.3,24.42397,38.01,1.028,1,0.0254,0,207.97,34.1348,0.00173,1,0.18,0.831,7.9534,100,HEALTHY,F0,0,0,healthy,0,0,0,,,,,22,0
2026-08-19T15:29:02.450Z,1787153342450,FAN_DT_001_F1_S03_R01_20260819T151936,1,565.912,RECOVERY,F1,0.3,FAN_DT_001,3.0,process-model-3.0.0-build3,6040,1,LIVE,SYNCHRONISED,AUTOMATIC,NORMAL,65,1950,1950,0,145,145,0.3,0.3,24.43684,38.01,1.028,1,0.0254,0,207.97,34.1944,0.00148,1,0.18,0.713,7.9673,100,HEALTHY,F0,0,0,healthy,0,0,0,,,,,22,0
2026-08-19T15:29:04.406Z,1787153344406,FAN_DT_001_F1_S03_R01_20260819T151936,1,567.868,RECOVERY,F1,0.3,FAN_DT_001,3.0,process-model-3.0.0-build3,6041,1,LIVE,SYNCHRONISED,AUTOMATIC,NORMAL,65,1950,1950,0,145,145,0.3,0.3,24.4499,38.01,1.028,1,0.0254,0,207.97,34.2535,0.00123,1,0.18,0.592,7.9811,100,HEALTHY,F0,0,0,healthy,0,0,0,,,,,22,0
2026-08-19T15:29:04.458Z,1787153344458,FAN_DT_001_F1_S03_R01_20260819T151936,1,567.92,RECOVERY,F1,0.3,FAN_DT_001,3.0,process-model-3.0.0-build3,6042,1,LIVE,SYNCHRONISED,AUTOMATIC,NORMAL,65,1950,1950,0,145,145,0.3,0.3,24.46333,38.01,1.028,1,0.0254,0,207.97,34.313,0.001,1,0.18,0.48,7.9949,100,HEALTHY,F0,0,0,healthy,0,0,0,,,,,22,0
2026-08-19T15:29:05.469Z,1787153345469,FAN_DT_001_F1_S03_R01_20260819T151936,1,568.931,RECOVERY,F1,0.3,FAN_DT_001,3.0,process-model-3.0.0-build3,6043,1,LIVE,SYNCHRONISED,AUTOMATIC,NORMAL,65,1950,1950,0,145,145,0.3,0.3,24.47696,38,1.028,1,0.0254,0,207.97,34.3721,0.00075,1,0.18,0.361,8.0087,100,HEALTHY,F0,0,0,healthy,0,0,0,,,,,22,0
2026-08-19T15:29:06.495Z,1787153346495,FAN_DT_001_F1_S03_R01_20260819T151936,1,569.957,RECOVERY,F1,0.3,FAN_DT_001,3.0,process-model-3.0.0-build3,6044,1,LIVE,SYNCHRONISED,AUTOMATIC,NORMAL,65,1950,1950,0,145,145,0.3,0.3,24.49094,38,1.028,1,0.0254,0,207.97,34.4315,0.00052,1,0.18,0.248,8.0225,100,HEALTHY,F0,0,0,healthy,0,0,0,,,,,22,0
2026-08-19T15:29:07.519Z,1787153347519,FAN_DT_001_F1_S03_R01_20260819T151936,1,570.98,RECOVERY,F1,0.3,FAN_DT_001,3.0,process-model-3.0.0-build3,6045,1,LIVE,SYNCHRONISED,AUTOMATIC,NORMAL,65,1950,1950,0,145,145,0.3,0.3,24.50506,38,1.028,1,0.0254,0,207.97,34.4904,0.00029,1,0.18,0.139,8.0363,100,HEALTHY,F0,0,0,healthy,0,0,0,,,,,22,0
2026-08-19T15:29:08.549Z,1787153348549,FAN_DT_001_F1_S03_R01_20260819T151936,1,572.011,RECOVERY,F1,0.3,FAN_DT_001,3.0,process-model-3.0.0-build3,6046,1,LIVE,SYNCHRONISED,AUTOMATIC,NORMAL,65,1950,1950,0,145,145,0.3,0.3,24.51953,38,1.028,1,0.0254,0,207.97,34.5498,0.00003,1,0.18,0.014,8.0501,100,HEALTHY,F0,0,0,healthy,0,0,0,,,,,22,0
2026-08-19T15:29:09.588Z,1787153349588,FAN_DT_001_F1_S03_R01_20260819T151936,1,573.05,RECOVERY,F1,0.3,FAN_DT_001,3.0,process-model-3.0.0-build3,6047,1,LIVE,SYNCHRONISED,AUTOMATIC,NORMAL,65,1950,1950,0,145,145,0.3,0.3,24.53425,38,1.028,1,0.0254,0,207.97,34.6091,-0.00021,1,0.18,0.1,8.0639,100,HEALTHY,F0,0,0,healthy,0,0,0,,,,,22,0
2026-08-19T15:29:10.606Z,1787153350606,FAN_DT_001_F1_S03_R01_20260819T151936,1,574.068,RECOVERY,F1,0.3,FAN_DT_001,3.0,process-model-3.0.0-build3,6048,1,LIVE,SYNCHRONISED,AUTOMATIC,NORMAL,65,1950,1950,0,145,145,0.3,0.3,24.5492,38,1.028,1,0.0254,0,207.97,34.6684,-0.00044,1,0.18,0.21,8.0777,100,HEALTHY,F0,0,0,healthy,0,0,0,,,,,22,0
2026-08-19T15:29:11.632Z,1787153351632,FAN_DT_001_F1_S03_R01_20260819T151936,1,575.094,RECOVERY,F1,0.3,FAN_DT_001,3.0,process-model-3.0.0-build3,6049,1,LIVE,SYNCHRONISED,AUTOMATIC,NORMAL,65,1950,1950,0,145,145,0.3,0.3,24.56443,38,1.028,1,0.0254,0,207.97,34.7278,-0.0007,1,0.18,0.335,8.0916,100,HEALTHY,F0,0,0,healthy,0,0,0,,,,,22,0
2026-08-19T15:29:12.662Z,1787153352662,FAN_DT_001_F1_S03_R01_20260819T151936,1,576.124,RECOVERY,F1,0.3,FAN_DT_001,3.0,process-model-3.0.0-build3,6050,1,LIVE,SYNCHRONISED,AUTOMATIC,NORMAL,65,1950,1950,0,145,145,0.3,0.3,24.57984,38,1.028,1,0.0254,0,207.97,34.7871,-0.00093,1,0.18,0.445,8.1054,100,HEALTHY,F0,0,0,healthy,0,0,0,,,,,22,0
2026-08-19T15:29:13.694Z,1787153353694,FAN_DT_001_F1_S03_R01_20260819T151936,1,577.156,RECOVERY,F1,0.3,FAN_DT_001,3.0,process-model-3.0.0-build3,6051,1,LIVE,SYNCHRONISED,AUTOMATIC,NORMAL,65,1950,1950,0,145,145,0.3,0.3,24.5955,38.01,1.028,1,0.0254,0,207.97,34.8465,-0.00117,1,0.18,0.563,8.1192,100,HEALTHY,F0,0,0,healthy,0,0,0,,,,,22,0
2026-08-19T15:29:14.719Z,1787153354719,FAN_DT_001_F1_S03_R01_20260819T151936,1,578.181,RECOVERY,F1,0.3,FAN_DT_001,3.0,process-model-3.0.0-build3,6052,1,LIVE,SYNCHRONISED,AUTOMATIC,NORMAL,65,1950,1950,0,145,145,0.3,0.3,24.61139,38.01,1.028,1,0.0254,0,207.97,34.9059,-0.0014,1,0.18,0.675,8.1331,100,HEALTHY,F0,0,0,healthy,0,0,0,,,,,22,0
2026-08-19T15:29:15.752Z,1787153355752,FAN_DT_001_F1_S03_R01_20260819T151936,1,579.214,RECOVERY,F1,0.3,FAN_DT_001,3.0,process-model-3.0.0-build3,6053,1,LIVE,SYNCHRONISED,AUTOMATIC,NORMAL,65,1950,1950,0,145,145,0.3,0.3,24.62741,38.01,1.028,1,0.0254,0,207.97,34.9651,-0.00165,1,0.18,0.792,8.1469,100,HEALTHY,F0,0,0,healthy,0,0,0,,,,,22,0
2026-08-19T15:29:16.779Z,1787153356779,FAN_DT_001_F1_S03_R01_20260819T151936,1,580.241,RECOVERY,F1,0.3,FAN_DT_001,3.0,process-model-3.0.0-build3,6054,1,LIVE,SYNCHRONISED,AUTOMATIC,NORMAL,65,1950,1950,0,145,145,0.3,0.3,24.64367,38.01,1.028,1,0.0254,0,207.97,35.0244,-0.00189,1,0.18,0.91,8.1607,100,HEALTHY,F0,0,0,healthy,0,0,0,,,,,22,0
2026-08-19T15:29:17.805Z,1787153357805,FAN_DT_001_F1_S03_R01_20260819T151936,1,581.267,RECOVERY,F1,0.3,FAN_DT_001,3.0,process-model-3.0.0-build3,6055,1,LIVE,SYNCHRONISED,AUTOMATIC,NORMAL,65,1950,1950,0,145,145,0.3,0.3,24.66014,38.01,1.028,1,0.0254,0,207.97,35.0839,-0.00213,1,0.18,1.026,8.1745,100,HEALTHY,F0,0,0,healthy,0,0,0,,,,,22,0
2026-08-19T15:29:18.836Z,1787153358836,FAN_DT_001_F1_S03_R01_20260819T151936,1,582.298,RECOVERY,F1,0.3,FAN_DT_001,3.0,process-model-3.0.0-build3,6056,1,LIVE,SYNCHRONISED,AUTOMATIC,NORMAL,65,1950,1950,0,145,145,0.3,0.3,24.6767,38.02,1.028,1,0.0254,0,207.97,35.143,-0.00236,1,0.18,1.134,8.1883,100,HEALTHY,F0,0,0,healthy,0,0,0,,,,,22,0
2026-08-19T15:29:19.863Z,1787153359863,FAN_DT_001_F1_S03_R01_20260819T151936,1,583.325,RECOVERY,F1,0.3,FAN_DT_001,3.0,process-model-3.0.0-build3,6057,1,LIVE,SYNCHRONISED,AUTOMATIC,NORMAL,65,1950,1950,0,145,145,0.3,0.3,24.69353,38.02,1.028,1,0.0254,0,207.97,35.2025,-0.0026,1,0.18,1.252,8.2022,100,HEALTHY,F0,0,0,healthy,0,0,0,,,,,22,0
2026-08-19T15:29:20.891Z,1787153360891,FAN_DT_001_F1_S03_R01_20260819T151936,1,584.353,RECOVERY,F1,0.3,FAN_DT_001,3.0,process-model-3.0.0-build3,6058,1,LIVE,SYNCHRONISED,AUTOMATIC,NORMAL,65,1950,1950,0,145,145,0.3,0.3,24.71045,38.02,1.028,1,0.0254,0,207.97,35.2617,-0.00282,1,0.18,1.358,8.216,100,HEALTHY,F0,0,0,healthy,0,0,0,,,,,22,0
2026-08-19T15:29:21.920Z,1787153361920,FAN_DT_001_F1_S03_R01_20260819T151936,1,585.383,RECOVERY,F1,0.3,FAN_DT_001,3.0,process-model-3.0.0-build3,6059,1,LIVE,SYNCHRONISED,AUTOMATIC,NORMAL,65,1950,1950,0,145,145,0.3,0.3,24.72749,38.02,1.028,1,0.0254,0,207.97,35.3209,-0.00308,1,0.18,1.481,8.2298,100,HEALTHY,F0,0,0,healthy,0,0,0,,,,,22,0
2026-08-19T15:29:22.941Z,1787153362941,FAN_DT_001_F1_S03_R01_20260819T151936,1,586.403,RECOVERY,F1,0.3,FAN_DT_001,3.0,process-model-3.0.0-build3,6060,1,LIVE,SYNCHRONISED,AUTOMATIC,NORMAL,65,1950,1950,0,145,145,0.3,0.3,24.74467,38.03,1.028,1,0.0254,0,207.97,35.3801,-0.0033,1,0.18,1.587,8.2436,100,HEALTHY,F0,0,0,healthy,0,0,0,,,,,22,0
2026-08-19T15:29:23.972Z,1787153363972,FAN_DT_001_F1_S03_R01_20260819T151936,1,587.434,RECOVERY,F1,0.3,FAN_DT_001,3.0,process-model-3.0.0-build3,6061,1,LIVE,SYNCHRONISED,AUTOMATIC,NORMAL,65,1950,1950,0,145,145,0.3,0.3,24.76205,38.03,1.028,1,0.0254,0,207.97,35.4395,-0.00353,1,0.18,1.695,8.2574,100,HEALTHY,F0,0,0,healthy,0,0,0,,,,,22,0
2026-08-19T15:29:24.999Z,1787153364999,FAN_DT_001_F1_S03_R01_20260819T151936,1,588.46,RECOVERY,F1,0.3,FAN_DT_001,3.0,process-model-3.0.0-build3,6062,1,LIVE,SYNCHRONISED,AUTOMATIC,NORMAL,65,1950,1950,0,145,145,0.3,0.3,24.77944,38.03,1.028,1,0.0254,0,207.97,35.4984,-0.00376,1,0.18,1.806,8.2711,100,HEALTHY,F0,0,0,healthy,0,0,0,,,,,22,0
2026-08-19T15:29:26.024Z,1787153366024,FAN_DT_001_F1_S03_R01_20260819T151936,1,589.486,RECOVERY,F1,0.3,FAN_DT_001,3.0,process-model-3.0.0-build3,6063,1,LIVE,SYNCHRONISED,AUTOMATIC,NORMAL,65,1950,1950,0,145,145,0.3,0.3,24.79709,38.04,1.028,1,0.0254,0,207.97,35.5579,-0.00397,1,0.18,1.907,8.285,100,HEALTHY,F0,0,0,healthy,0,0,0,,,,,22,0
2026-08-19T15:29:27.054Z,1787153367054,FAN_DT_001_F1_S03_R01_20260819T151936,1,590.516,RECOVERY,F1,0.3,FAN_DT_001,3.0,process-model-3.0.0-build3,6064,1,LIVE,SYNCHRONISED,AUTOMATIC,NORMAL,65,1950,1950,0,145,145,0.3,0.3,24.81478,38.04,1.028,1,0.0254,0,207.97,35.6172,-0.00419,1,0.18,2.015,8.2988,100,HEALTHY,F0,0,0,healthy,0,0,0,,,,,22,0
2026-08-19T15:29:28.083Z,1787153368083,FAN_DT_001_F1_S03_R01_20260819T151936,1,591.545,RECOVERY,F1,0.3,FAN_DT_001,3.0,process-model-3.0.0-build3,6065,1,LIVE,SYNCHRONISED,AUTOMATIC,NORMAL,65,1950,1950,0,145,145,0.3,0.3,24.83256,38.05,1.028,1,0.0254,0,207.97,35.6764,-0.00442,1,0.18,2.125,8.3126,100,HEALTHY,F0,0,0,healthy,0,0,0,,,,,22,0
2026-08-19T15:29:29.108Z,1787153369108,FAN_DT_001_F1_S03_R01_20260819T151936,1,592.57,RECOVERY,F1,0.3,FAN_DT_001,3.0,process-model-3.0.0-build3,6066,1,LIVE,SYNCHRONISED,AUTOMATIC,NORMAL,65,1950,1950,0,145,145,0.3,0.3,24.85047,38.05,1.028,1,0.0254,0,207.97,35.7357,-0.00463,1,0.18,2.227,8.3264,100,HEALTHY,F0,0,0,healthy,0,0,0,,,,,22,0
2026-08-19T15:29:30.140Z,1787153370140,FAN_DT_001_F1_S03_R01_20260819T151936,1,593.602,RECOVERY,F1,0.3,FAN_DT_001,3.0,process-model-3.0.0-build3,6067,1,LIVE,SYNCHRONISED,AUTOMATIC,NORMAL,65,1950,1950,0,145,145,0.3,0.3,24.86842,38.06,1.028,1,0.0254,0,207.97,35.795,-0.00485,1,0.18,2.335,8.3402,100,HEALTHY,F0,0,0,healthy,0,0,0,,,,,22,0
2026-08-19T15:29:31.171Z,1787153371171,FAN_DT_001_F1_S03_R01_20260819T151936,1,594.633,RECOVERY,F1,0.3,FAN_DT_001,3.0,process-model-3.0.0-build3,6068,1,LIVE,SYNCHRONISED,AUTOMATIC,NORMAL,65,1950,1950,0,145,145,0.3,0.3,24.88653,38.06,1.028,1,0.0254,0,207.97,35.8545,-0.00509,1,0.18,2.446,8.3541,100,HEALTHY,F0,0,0,healthy,0,0,0,,,,,22,0
2026-08-19T15:29:32.194Z,1787153372194,FAN_DT_001_F1_S03_R01_20260819T151936,1,595.656,RECOVERY,F1,0.3,FAN_DT_001,3.0,process-model-3.0.0-build3,6069,1,LIVE,SYNCHRONISED,AUTOMATIC,NORMAL,65,1950,1950,0,145,145,0.3,0.3,24.90462,38.07,1.028,1,0.0254,0,207.97,35.9138,-0.00529,1,0.18,2.543,8.3679,100,HEALTHY,F0,0,0,healthy,0,0,0,,,,,22,0
2026-08-19T15:29:33.349Z,1787153373349,FAN_DT_001_F1_S03_R01_20260819T151936,1,596.81,RECOVERY,F1,0.3,FAN_DT_001,3.0,process-model-3.0.0-build3,6070,1,LIVE,SYNCHRONISED,AUTOMATIC,NORMAL,65,1950,1950,0,145,145,0.3,0.3,24.9227,38.07,1.028,1,0.0254,0,207.97,35.9729,-0.0055,1,0.18,2.645,8.3817,100,HEALTHY,F0,0,0,healthy,0,0,0,,,,,22,0
2026-08-19T15:29:34.251Z,1787153374251,FAN_DT_001_F1_S03_R01_20260819T151936,1,597.713,RECOVERY,F1,0.3,FAN_DT_001,3.0,process-model-3.0.0-build3,6071,1,LIVE,SYNCHRONISED,AUTOMATIC,NORMAL,65,1950,1950,0,145,145,0.3,0.3,24.94096,38.08,1.028,1,0.0254,0,207.97,36.0324,-0.00569,1,0.18,2.737,8.3956,100,HEALTHY,F0,0,0,healthy,0,0,0,,,,,22,0
2026-08-19T15:29:35.281Z,1787153375281,FAN_DT_001_F1_S03_R01_20260819T151936,1,598.743,RECOVERY,F1,0.3,FAN_DT_001,3.0,process-model-3.0.0-build3,6072,1,LIVE,SYNCHRONISED,AUTOMATIC,NORMAL,65,1950,1950,0,145,145,0.3,0.3,24.9591,38.08,1.028,1,0.0254,0,207.97,36.0915,-0.0059,1,0.18,2.835,8.4093,100,HEALTHY,F0,0,0,healthy,0,0,0,,,,,22,0
2026-08-19T15:29:36.307Z,1787153376307,FAN_DT_001_F1_S03_R01_20260819T151936,1,599.769,RECOVERY,F1,0.3,FAN_DT_001,3.0,process-model-3.0.0-build3,6073,1,LIVE,SYNCHRONISED,AUTOMATIC,NORMAL,65,1950,1950,0,145,145,0.3,0.3,24.97736,38.09,1.028,1,0.0254,0,207.97,36.1509,-0.00612,1,0.18,2.941,8.4232,100,HEALTHY,F0,0,0,healthy,0,0,0,,,,,22,0
