ts_iso,ts_ms,run_id,replicate,experiment_elapsed_s,experiment_phase,selected_fault_code,selected_fault_severity,asset_id,schema_version,model_version,sequence_id,sequence_gap,stream_status,synchronisation_status,control_mode,operating_mode,speed_command_pct,target_rpm,actual_rpm,speed_error_rpm,process_heat_load_w,effective_process_heat_load_w,mechanical_load,effective_mechanical_load,ambient_temperature_c,temperature_c,current_a,current_multiplier,vibration_g,vibration_offset_g,power_w,energy_wh,cooling_rate_c_per_s,cooling_efficiency,thermal_resistance_c_per_w,legacy_thermal_eff_index,co2_g,health_overall,health_status,embedded_fault_code,embedded_fault_class_id,embedded_fault_binary_label,embedded_fault_label,embedded_fault_severity,embedded_fault_active,anomaly,ai_fault_code,ai_fault_label,ai_confidence,ai_severity,accepted_commands,rejected_commands
2026-08-25T21:11:09.286Z,1787692269286,FAN_DT_001_F2_S06_R02_20260825T211108,2,0.291,BASELINE,F2,0.6,FAN_DT_001,3.0,process-model-3.0.0-build3,145,1,LIVE,SYNCHRONISED,AUTOMATIC,NORMAL,65,1950,1950,0,145,145,0.3,0.3,24.77115,40.99,1.028,1,0.0254,0,207.97,0.006,0.04537,1,0.18,21.818,0.0014,100,HEALTHY,F0,0,0,healthy,0,0,0,,,,,4,0
2026-08-25T21:11:10.294Z,1787692270294,FAN_DT_001_F2_S06_R02_20260825T211108,2,1.299,BASELINE,F2,0.6,FAN_DT_001,3.0,process-model-3.0.0-build3,146,1,LIVE,SYNCHRONISED,AUTOMATIC,NORMAL,65,1950,1950,0,145,145,0.3,0.3,24.75519,40.95,1.028,1,0.0254,0,207.97,0.0603,0.04497,1,0.18,21.625,0.0141,100,HEALTHY,F0,0,0,healthy,0,0,0,,,,,4,0
2026-08-25T21:11:11.320Z,1787692271320,FAN_DT_001_F2_S06_R02_20260825T211108,2,2.324,BASELINE,F2,0.6,FAN_DT_001,3.0,process-model-3.0.0-build3,147,1,LIVE,SYNCHRONISED,AUTOMATIC,NORMAL,65,1950,1950,0,145,145,0.3,0.3,24.73787,40.9,1.028,1,0.0254,0,207.97,0.1196,0.04448,1,0.18,21.386,0.0279,100,HEALTHY,F0,0,0,healthy,0,0,0,,,,,4,0
2026-08-25T21:11:12.347Z,1787692272347,FAN_DT_001_F2_S06_R02_20260825T211108,2,3.356,BASELINE,F2,0.6,FAN_DT_001,3.0,process-model-3.0.0-build3,148,1,LIVE,SYNCHRONISED,AUTOMATIC,NORMAL,65,1950,1950,0,145,145,0.3,0.3,24.72075,40.86,1.028,1,0.0254,0,207.97,0.1787,0.044,1,0.18,21.159,0.0416,100,HEALTHY,F0,0,0,healthy,0,0,0,,,,,4,0
2026-08-25T21:11:13.370Z,1787692273370,FAN_DT_001_F2_S06_R02_20260825T211108,2,4.375,BASELINE,F2,0.6,FAN_DT_001,3.0,process-model-3.0.0-build3,149,1,LIVE,SYNCHRONISED,AUTOMATIC,NORMAL,65,1950,1950,0,145,145,0.3,0.3,24.70377,40.81,1.028,1,0.0254,0,207.97,0.2379,0.04355,1,0.18,20.941,0.0554,100,HEALTHY,F0,0,0,healthy,0,0,0,,,,,4,0
2026-08-25T21:11:14.415Z,1787692274415,FAN_DT_001_F2_S06_R02_20260825T211108,2,5.42,BASELINE,F2,0.6,FAN_DT_001,3.0,process-model-3.0.0-build3,150,1,LIVE,SYNCHRONISED,AUTOMATIC,NORMAL,65,1950,1950,0,145,145,0.3,0.3,24.68689,40.77,1.028,1,0.0254,0,207.97,0.2972,0.04311,1,0.18,20.727,0.0693,100,HEALTHY,F0,0,0,healthy,0,0,0,,,,,4,0
2026-08-25T21:11:15.440Z,1787692275440,FAN_DT_001_F2_S06_R02_20260825T211108,2,6.445,BASELINE,F2,0.6,FAN_DT_001,3.0,process-model-3.0.0-build3,151,1,LIVE,SYNCHRONISED,AUTOMATIC,NORMAL,65,1950,1950,0,145,145,0.3,0.3,24.67019,40.72,1.028,1,0.0254,0,207.97,0.3565,0.04263,1,0.18,20.498,0.0831,100,HEALTHY,F0,0,0,healthy,0,0,0,,,,,4,0
2026-08-25T21:11:16.451Z,1787692276451,FAN_DT_001_F2_S06_R02_20260825T211108,2,7.456,BASELINE,F2,0.6,FAN_DT_001,3.0,process-model-3.0.0-build3,152,1,LIVE,SYNCHRONISED,AUTOMATIC,NORMAL,65,1950,1950,0,145,145,0.3,0.3,24.65369,40.68,1.028,1,0.0254,0,207.97,0.4156,0.0422,1,0.18,20.293,0.0968,100,HEALTHY,F0,0,0,healthy,0,0,0,,,,,4,0
2026-08-25T21:11:17.477Z,1787692277477,FAN_DT_001_F2_S06_R02_20260825T211108,2,8.482,BASELINE,F2,0.6,FAN_DT_001,3.0,process-model-3.0.0-build3,153,1,LIVE,SYNCHRONISED,AUTOMATIC,NORMAL,65,1950,1950,0,145,145,0.3,0.3,24.63737,40.64,1.028,1,0.0254,0,207.97,0.4748,0.04176,1,0.18,20.08,0.1106,100,HEALTHY,F0,0,0,healthy,0,0,0,,,,,4,0
2026-08-25T21:11:18.509Z,1787692278509,FAN_DT_001_F2_S06_R02_20260825T211108,2,9.515,BASELINE,F2,0.6,FAN_DT_001,3.0,process-model-3.0.0-build3,154,1,LIVE,SYNCHRONISED,AUTOMATIC,NORMAL,65,1950,1950,0,145,145,0.3,0.3,24.62122,40.59,1.028,1,0.0254,0,207.97,0.534,0.04131,1,0.18,19.864,0.1244,100,HEALTHY,F0,0,0,healthy,0,0,0,,,,,4,0
2026-08-25T21:11:19.539Z,1787692279539,FAN_DT_001_F2_S06_R02_20260825T211108,2,10.543,BASELINE,F2,0.6,FAN_DT_001,3.0,process-model-3.0.0-build3,155,1,LIVE,SYNCHRONISED,AUTOMATIC,NORMAL,65,1950,1950,0,145,145,0.3,0.3,24.60524,40.55,1.028,1,0.0254,0,207.97,0.5933,0.04087,1,0.18,19.653,0.1382,100,HEALTHY,F0,0,0,healthy,0,0,0,,,,,4,0
2026-08-25T21:11:20.558Z,1787692280558,FAN_DT_001_F2_S06_R02_20260825T211108,2,11.562,BASELINE,F2,0.6,FAN_DT_001,3.0,process-model-3.0.0-build3,156,1,LIVE,SYNCHRONISED,AUTOMATIC,NORMAL,65,1950,1950,0,145,145,0.3,0.3,24.58951,40.51,1.028,1,0.0254,0,207.97,0.6525,0.04045,1,0.18,19.452,0.152,100,HEALTHY,F0,0,0,healthy,0,0,0,,,,,4,0
2026-08-25T21:11:21.616Z,1787692281616,FAN_DT_001_F2_S06_R02_20260825T211108,2,12.621,BASELINE,F2,0.6,FAN_DT_001,3.0,process-model-3.0.0-build3,157,1,LIVE,SYNCHRONISED,AUTOMATIC,NORMAL,65,1950,1950,0,145,145,0.3,0.3,24.57399,40.47,1.028,1,0.0254,0,207.97,0.7116,0.04002,1,0.18,19.246,0.1658,100,HEALTHY,F0,0,0,healthy,0,0,0,,,,,4,0
2026-08-25T21:11:22.617Z,1787692282617,FAN_DT_001_F2_S06_R02_20260825T211108,2,13.621,BASELINE,F2,0.6,FAN_DT_001,3.0,process-model-3.0.0-build3,158,1,LIVE,SYNCHRONISED,AUTOMATIC,NORMAL,65,1950,1950,0,145,145,0.3,0.3,24.55864,40.43,1.028,1,0.0254,0,207.97,0.771,0.03959,1,0.18,19.036,0.1797,100,HEALTHY,F0,0,0,healthy,0,0,0,,,,,4,0
2026-08-25T21:11:23.641Z,1787692283641,FAN_DT_001_F2_S06_R02_20260825T211108,2,14.646,BASELINE,F2,0.6,FAN_DT_001,3.0,process-model-3.0.0-build3,159,1,LIVE,SYNCHRONISED,AUTOMATIC,NORMAL,65,1950,1950,0,145,145,0.3,0.3,24.54352,40.39,1.028,1,0.0254,0,207.97,0.8304,0.03918,1,0.18,18.838,0.1935,100,HEALTHY,F0,0,0,healthy,0,0,0,,,,,4,0
2026-08-25T21:11:24.664Z,1787692284664,FAN_DT_001_F2_S06_R02_20260825T211108,2,15.668,BASELINE,F2,0.6,FAN_DT_001,3.0,process-model-3.0.0-build3,160,1,LIVE,SYNCHRONISED,AUTOMATIC,NORMAL,65,1950,1950,0,145,145,0.3,0.3,24.52874,40.35,1.028,1,0.0254,0,207.97,0.8893,0.03875,1,0.18,18.635,0.2072,100,HEALTHY,F0,0,0,healthy,0,0,0,,,,,4,0
2026-08-25T21:11:25.697Z,1787692285697,FAN_DT_001_F2_S06_R02_20260825T211108,2,16.704,BASELINE,F2,0.6,FAN_DT_001,3.0,process-model-3.0.0-build3,161,1,LIVE,SYNCHRONISED,AUTOMATIC,NORMAL,65,1950,1950,0,145,145,0.3,0.3,24.51414,40.31,1.028,1,0.0254,0,207.97,0.9486,0.03835,1,0.18,18.441,0.221,100,HEALTHY,F0,0,0,healthy,0,0,0,,,,,4,0
2026-08-25T21:11:26.729Z,1787692286729,FAN_DT_001_F2_S06_R02_20260825T211108,2,17.734,BASELINE,F2,0.6,FAN_DT_001,3.0,process-model-3.0.0-build3,162,1,LIVE,SYNCHRONISED,AUTOMATIC,NORMAL,65,1950,1950,0,145,145,0.3,0.3,24.49976,40.27,1.028,1,0.0254,0,207.97,1.0079,0.03794,1,0.18,18.241,0.2348,100,HEALTHY,F0,0,0,healthy,0,0,0,,,,,4,0
2026-08-25T21:11:27.750Z,1787692287750,FAN_DT_001_F2_S06_R02_20260825T211108,2,18.755,BASELINE,F2,0.6,FAN_DT_001,3.0,process-model-3.0.0-build3,163,1,LIVE,SYNCHRONISED,AUTOMATIC,NORMAL,65,1950,1950,0,145,145,0.3,0.3,24.48565,40.23,1.028,1,0.0254,0,207.97,1.0672,0.03754,1,0.18,18.052,0.2486,100,HEALTHY,F0,0,0,healthy,0,0,0,,,,,4,0
2026-08-25T21:11:28.777Z,1787692288777,FAN_DT_001_F2_S06_R02_20260825T211108,2,19.782,BASELINE,F2,0.6,FAN_DT_001,3.0,process-model-3.0.0-build3,164,1,LIVE,SYNCHRONISED,AUTOMATIC,NORMAL,65,1950,1950,0,145,145,0.3,0.3,24.47183,40.19,1.028,1,0.0254,0,207.97,1.1264,0.03714,1,0.18,17.857,0.2624,100,HEALTHY,F0,0,0,healthy,0,0,0,,,,,4,0
2026-08-25T21:11:29.808Z,1787692289808,FAN_DT_001_F2_S06_R02_20260825T211108,2,20.813,BASELINE,F2,0.6,FAN_DT_001,3.0,process-model-3.0.0-build3,165,1,LIVE,SYNCHRONISED,AUTOMATIC,NORMAL,65,1950,1950,0,145,145,0.3,0.3,24.45826,40.15,1.028,1,0.0254,0,207.97,1.1857,0.03671,1,0.18,17.651,0.2763,100,HEALTHY,F0,0,0,healthy,0,0,0,,,,,4,0
2026-08-25T21:11:30.834Z,1787692290834,FAN_DT_001_F2_S06_R02_20260825T211108,2,21.838,BASELINE,F2,0.6,FAN_DT_001,3.0,process-model-3.0.0-build3,166,1,LIVE,SYNCHRONISED,AUTOMATIC,NORMAL,65,1950,1950,0,145,145,0.3,0.3,24.44498,40.12,1.028,1,0.0254,0,207.97,1.245,0.03633,1,0.18,17.469,0.2901,100,HEALTHY,F0,0,0,healthy,0,0,0,,,,,4,0
2026-08-25T21:11:31.858Z,1787692291858,FAN_DT_001_F2_S06_R02_20260825T211108,2,22.863,BASELINE,F2,0.6,FAN_DT_001,3.0,process-model-3.0.0-build3,167,1,LIVE,SYNCHRONISED,AUTOMATIC,NORMAL,65,1950,1950,0,145,145,0.3,0.3,24.43199,40.08,1.028,1,0.0254,0,207.97,1.3042,0.03592,1,0.18,17.272,0.3039,100,HEALTHY,F0,0,0,healthy,0,0,0,,,,,4,0
2026-08-25T21:11:32.887Z,1787692292887,FAN_DT_001_F2_S06_R02_20260825T211108,2,23.892,BASELINE,F2,0.6,FAN_DT_001,3.0,process-model-3.0.0-build3,168,1,LIVE,SYNCHRONISED,AUTOMATIC,NORMAL,65,1950,1950,0,145,145,0.3,0.3,24.41931,40.04,1.028,1,0.0254,0,207.97,1.3634,0.03552,1,0.18,17.078,0.3177,100,HEALTHY,F0,0,0,healthy,0,0,0,,,,,4,0
2026-08-25T21:11:33.923Z,1787692293923,FAN_DT_001_F2_S06_R02_20260825T211108,2,24.927,BASELINE,F2,0.6,FAN_DT_001,3.0,process-model-3.0.0-build3,169,1,LIVE,SYNCHRONISED,AUTOMATIC,NORMAL,65,1950,1950,0,145,145,0.3,0.3,24.40692,40.01,1.028,1,0.0254,0,207.97,1.4227,0.03512,1,0.18,16.887,0.3315,100,HEALTHY,F0,0,0,healthy,0,0,0,,,,,4,0
2026-08-25T21:11:34.950Z,1787692294950,FAN_DT_001_F2_S06_R02_20260825T211108,2,25.955,BASELINE,F2,0.6,FAN_DT_001,3.0,process-model-3.0.0-build3,170,1,LIVE,SYNCHRONISED,AUTOMATIC,NORMAL,65,1950,1950,0,145,145,0.3,0.3,24.3948,39.97,1.028,1,0.0254,0,207.97,1.4821,0.03472,1,0.18,16.696,0.3453,100,HEALTHY,F0,0,0,healthy,0,0,0,,,,,4,0
2026-08-25T21:11:35.978Z,1787692295978,FAN_DT_001_F2_S06_R02_20260825T211108,2,26.988,BASELINE,F2,0.6,FAN_DT_001,3.0,process-model-3.0.0-build3,171,1,LIVE,SYNCHRONISED,AUTOMATIC,NORMAL,65,1950,1950,0,145,145,0.3,0.3,24.38302,39.94,1.028,1,0.0254,0,207.97,1.5414,0.03433,1,0.18,16.508,0.3592,100,HEALTHY,F0,0,0,healthy,0,0,0,,,,,4,0
2026-08-25T21:11:37.000Z,1787692297000,FAN_DT_001_F2_S06_R02_20260825T211108,2,28.004,BASELINE,F2,0.6,FAN_DT_001,3.0,process-model-3.0.0-build3,172,1,LIVE,SYNCHRONISED,AUTOMATIC,NORMAL,65,1950,1950,0,145,145,0.3,0.3,24.3716,39.9,1.028,1,0.0254,0,207.97,1.6005,0.03395,1,0.18,16.324,0.3729,100,HEALTHY,F0,0,0,healthy,0,0,0,,,,,4,0
2026-08-25T21:11:38.029Z,1787692298029,FAN_DT_001_F2_S06_R02_20260825T211108,2,29.034,BASELINE,F2,0.6,FAN_DT_001,3.0,process-model-3.0.0-build3,173,1,LIVE,SYNCHRONISED,AUTOMATIC,NORMAL,65,1950,1950,0,145,145,0.3,0.3,24.36049,39.87,1.028,1,0.0254,0,207.97,1.6597,0.03355,1,0.18,16.133,0.3867,100,HEALTHY,F0,0,0,healthy,0,0,0,,,,,4,0
2026-08-25T21:11:39.093Z,1787692299093,FAN_DT_001_F2_S06_R02_20260825T211108,2,30.097,BASELINE,F2,0.6,FAN_DT_001,3.0,process-model-3.0.0-build3,174,1,LIVE,SYNCHRONISED,AUTOMATIC,NORMAL,65,1950,1950,0,145,145,0.3,0.3,24.34967,39.83,1.028,1,0.0254,0,207.97,1.7192,0.03316,1,0.18,15.945,0.4006,100,HEALTHY,F0,0,0,healthy,0,0,0,,,,,4,0
2026-08-25T21:11:40.084Z,1787692300084,FAN_DT_001_F2_S06_R02_20260825T211108,2,31.089,BASELINE,F2,0.6,FAN_DT_001,3.0,process-model-3.0.0-build3,175,1,LIVE,SYNCHRONISED,AUTOMATIC,NORMAL,65,1950,1950,0,145,145,0.3,0.3,24.33919,39.8,1.028,1,0.0254,0,207.97,1.7786,0.03278,1,0.18,15.76,0.4144,100,HEALTHY,F0,0,0,healthy,0,0,0,,,,,4,0
2026-08-25T21:11:41.114Z,1787692301114,FAN_DT_001_F2_S06_R02_20260825T211108,2,32.118,BASELINE,F2,0.6,FAN_DT_001,3.0,process-model-3.0.0-build3,176,1,LIVE,SYNCHRONISED,AUTOMATIC,NORMAL,65,1950,1950,0,145,145,0.3,0.3,24.32909,39.76,1.028,1,0.0254,0,207.97,1.8378,0.0324,1,0.18,15.578,0.4282,100,HEALTHY,F0,0,0,healthy,0,0,0,,,,,4,0
2026-08-25T21:11:42.145Z,1787692302145,FAN_DT_001_F2_S06_R02_20260825T211108,2,33.15,BASELINE,F2,0.6,FAN_DT_001,3.0,process-model-3.0.0-build3,177,1,LIVE,SYNCHRONISED,AUTOMATIC,NORMAL,65,1950,1950,0,145,145,0.3,0.3,24.31933,39.73,1.028,1,0.0254,0,207.97,1.8971,0.03201,1,0.18,15.394,0.442,100,HEALTHY,F0,0,0,healthy,0,0,0,,,,,4,0
2026-08-25T21:11:43.169Z,1787692303169,FAN_DT_001_F2_S06_R02_20260825T211108,2,34.173,BASELINE,F2,0.6,FAN_DT_001,3.0,process-model-3.0.0-build3,178,1,LIVE,SYNCHRONISED,AUTOMATIC,NORMAL,65,1950,1950,0,145,145,0.3,0.3,24.30991,39.7,1.028,1,0.0254,0,207.97,1.9564,0.03161,1,0.18,15.198,0.4559,100,HEALTHY,F0,0,0,healthy,0,0,0,,,,,4,0
2026-08-25T21:11:44.197Z,1787692304197,FAN_DT_001_F2_S06_R02_20260825T211108,2,35.202,BASELINE,F2,0.6,FAN_DT_001,3.0,process-model-3.0.0-build3,179,1,LIVE,SYNCHRONISED,AUTOMATIC,NORMAL,65,1950,1950,0,145,145,0.3,0.3,24.30089,39.67,1.028,1,0.0254,0,207.97,2.0155,0.03124,1,0.18,15.022,0.4696,100,HEALTHY,F0,0,0,healthy,0,0,0,,,,,4,0
2026-08-25T21:11:45.228Z,1787692305228,FAN_DT_001_F2_S06_R02_20260825T211108,2,36.233,BASELINE,F2,0.6,FAN_DT_001,3.0,process-model-3.0.0-build3,180,1,LIVE,SYNCHRONISED,AUTOMATIC,NORMAL,65,1950,1950,0,145,145,0.3,0.3,24.2922,39.63,1.028,1,0.0254,0,207.97,2.0749,0.03087,1,0.18,14.844,0.4834,100,HEALTHY,F0,0,0,healthy,0,0,0,,,,,4,0
2026-08-25T21:11:46.250Z,1787692306250,FAN_DT_001_F2_S06_R02_20260825T211108,2,37.255,BASELINE,F2,0.6,FAN_DT_001,3.0,process-model-3.0.0-build3,181,1,LIVE,SYNCHRONISED,AUTOMATIC,NORMAL,65,1950,1950,0,145,145,0.3,0.3,24.28386,39.6,1.028,1,0.0254,0,207.97,2.1343,0.03046,1,0.18,14.645,0.4973,100,HEALTHY,F0,0,0,healthy,0,0,0,,,,,4,0
2026-08-25T21:11:47.274Z,1787692307274,FAN_DT_001_F2_S06_R02_20260825T211108,2,38.279,BASELINE,F2,0.6,FAN_DT_001,3.0,process-model-3.0.0-build3,182,1,LIVE,SYNCHRONISED,AUTOMATIC,NORMAL,65,1950,1950,0,145,145,0.3,0.3,24.27595,39.57,1.028,1,0.0254,0,207.97,2.1933,0.03008,1,0.18,14.466,0.511,100,HEALTHY,F0,0,0,healthy,0,0,0,,,,,4,0
2026-08-25T21:11:48.304Z,1787692308304,FAN_DT_001_F2_S06_R02_20260825T211108,2,39.309,BASELINE,F2,0.6,FAN_DT_001,3.0,process-model-3.0.0-build3,183,1,LIVE,SYNCHRONISED,AUTOMATIC,NORMAL,65,1950,1950,0,145,145,0.3,0.3,24.26841,39.54,1.028,1,0.0254,0,207.97,2.2524,0.02972,1,0.18,14.29,0.5248,100,HEALTHY,F0,0,0,healthy,0,0,0,,,,,4,0
2026-08-25T21:11:50.279Z,1787692310279,FAN_DT_001_F2_S06_R02_20260825T211108,2,41.284,BASELINE,F2,0.6,FAN_DT_001,3.0,process-model-3.0.0-build3,184,1,LIVE,SYNCHRONISED,AUTOMATIC,NORMAL,65,1950,1950,0,145,145,0.3,0.3,24.26121,39.51,1.028,1,0.0254,0,207.97,2.3117,0.02931,1,0.18,14.092,0.5386,100,HEALTHY,F0,0,0,healthy,0,0,0,,,,,4,0
2026-08-25T21:11:50.418Z,1787692310418,FAN_DT_001_F2_S06_R02_20260825T211108,2,41.423,BASELINE,F2,0.6,FAN_DT_001,3.0,process-model-3.0.0-build3,185,1,LIVE,SYNCHRONISED,AUTOMATIC,NORMAL,65,1950,1950,0,145,145,0.3,0.3,24.25442,39.48,1.028,1,0.0254,0,207.97,2.3709,0.02893,1,0.18,13.91,0.5524,100,HEALTHY,F0,0,0,healthy,0,0,0,,,,,4,0
2026-08-25T21:11:51.396Z,1787692311396,FAN_DT_001_F2_S06_R02_20260825T211108,2,42.401,BASELINE,F2,0.6,FAN_DT_001,3.0,process-model-3.0.0-build3,186,1,LIVE,SYNCHRONISED,AUTOMATIC,NORMAL,65,1950,1950,0,145,145,0.3,0.3,24.24801,39.45,1.028,1,0.0254,0,207.97,2.4301,0.02855,1,0.18,13.729,0.5662,100,HEALTHY,F0,0,0,healthy,0,0,0,,,,,4,0
2026-08-25T21:11:52.409Z,1787692312409,FAN_DT_001_F2_S06_R02_20260825T211108,2,43.415,BASELINE,F2,0.6,FAN_DT_001,3.0,process-model-3.0.0-build3,187,1,LIVE,SYNCHRONISED,AUTOMATIC,NORMAL,65,1950,1950,0,145,145,0.3,0.3,24.24197,39.42,1.028,1,0.0254,0,207.97,2.4894,0.02819,1,0.18,13.553,0.58,100,HEALTHY,F0,0,0,healthy,0,0,0,,,,,4,0
2026-08-25T21:11:53.436Z,1787692313436,FAN_DT_001_F2_S06_R02_20260825T211108,2,44.441,BASELINE,F2,0.6,FAN_DT_001,3.0,process-model-3.0.0-build3,188,1,LIVE,SYNCHRONISED,AUTOMATIC,NORMAL,65,1950,1950,0,145,145,0.3,0.3,24.23635,39.39,1.028,1,0.0254,0,207.97,2.5486,0.0278,1,0.18,13.368,0.5938,100,HEALTHY,F0,0,0,healthy,0,0,0,,,,,4,0
2026-08-25T21:11:54.465Z,1787692314465,FAN_DT_001_F2_S06_R02_20260825T211108,2,45.471,BASELINE,F2,0.6,FAN_DT_001,3.0,process-model-3.0.0-build3,189,1,LIVE,SYNCHRONISED,AUTOMATIC,NORMAL,65,1950,1950,0,145,145,0.3,0.3,24.23111,39.37,1.028,1,0.0254,0,207.97,2.6078,0.02741,1,0.18,13.179,0.6076,100,HEALTHY,F0,0,0,healthy,0,0,0,,,,,4,0
2026-08-25T21:11:55.477Z,1787692315477,FAN_DT_001_F2_S06_R02_20260825T211108,2,46.481,BASELINE,F2,0.6,FAN_DT_001,3.0,process-model-3.0.0-build3,190,1,LIVE,SYNCHRONISED,AUTOMATIC,NORMAL,65,1950,1950,0,145,145,0.3,0.3,24.22634,39.34,1.028,1,0.0254,0,207.97,2.6664,0.02704,1,0.18,13,0.6213,100,HEALTHY,F0,0,0,healthy,0,0,0,,,,,4,0
2026-08-25T21:11:56.554Z,1787692316554,FAN_DT_001_F2_S06_R02_20260825T211108,2,47.559,BASELINE,F2,0.6,FAN_DT_001,3.0,process-model-3.0.0-build3,191,1,LIVE,SYNCHRONISED,AUTOMATIC,NORMAL,65,1950,1950,0,145,145,0.3,0.3,24.2219,39.31,1.028,1,0.0254,0,207.97,2.7256,0.02664,1,0.18,12.812,0.6351,100,HEALTHY,F0,0,0,healthy,0,0,0,,,,,4,0
2026-08-25T21:11:57.537Z,1787692317537,FAN_DT_001_F2_S06_R02_20260825T211108,2,48.541,BASELINE,F2,0.6,FAN_DT_001,3.0,process-model-3.0.0-build3,192,1,LIVE,SYNCHRONISED,AUTOMATIC,NORMAL,65,1950,1950,0,145,145,0.3,0.3,24.21786,39.28,1.028,1,0.0254,0,207.97,2.785,0.02625,1,0.18,12.623,0.6489,100,HEALTHY,F0,0,0,healthy,0,0,0,,,,,4,0
2026-08-25T21:11:58.595Z,1787692318595,FAN_DT_001_F2_S06_R02_20260825T211108,2,49.6,BASELINE,F2,0.6,FAN_DT_001,3.0,process-model-3.0.0-build3,193,1,LIVE,SYNCHRONISED,AUTOMATIC,NORMAL,65,1950,1950,0,145,145,0.3,0.3,24.21422,39.26,1.028,1,0.0254,0,207.97,2.8443,0.02587,1,0.18,12.439,0.6627,100,HEALTHY,F0,0,0,healthy,0,0,0,,,,,4,0
2026-08-25T21:11:59.595Z,1787692319595,FAN_DT_001_F2_S06_R02_20260825T211108,2,50.6,BASELINE,F2,0.6,FAN_DT_001,3.0,process-model-3.0.0-build3,194,1,LIVE,SYNCHRONISED,AUTOMATIC,NORMAL,65,1950,1950,0,145,145,0.3,0.3,24.21101,39.23,1.028,1,0.0254,0,207.97,2.9034,0.02549,1,0.18,12.256,0.6765,100,HEALTHY,F0,0,0,healthy,0,0,0,,,,,4,0
2026-08-25T21:12:00.621Z,1787692320621,FAN_DT_001_F2_S06_R02_20260825T211108,2,51.626,BASELINE,F2,0.6,FAN_DT_001,3.0,process-model-3.0.0-build3,195,1,LIVE,SYNCHRONISED,AUTOMATIC,NORMAL,65,1950,1950,0,145,145,0.3,0.3,24.2082,39.2,1.028,1,0.0254,0,207.97,2.9627,0.02513,1,0.18,12.083,0.6903,100,HEALTHY,F0,0,0,healthy,0,0,0,,,,,4,0
2026-08-25T21:12:01.646Z,1787692321646,FAN_DT_001_F2_S06_R02_20260825T211108,2,52.651,BASELINE,F2,0.6,FAN_DT_001,3.0,process-model-3.0.0-build3,196,1,LIVE,SYNCHRONISED,AUTOMATIC,NORMAL,65,1950,1950,0,145,145,0.3,0.3,24.2058,39.18,1.028,1,0.0254,0,207.97,3.022,0.02472,1,0.18,11.887,0.7041,100,HEALTHY,F0,0,0,healthy,0,0,0,,,,,4,0
2026-08-25T21:12:02.675Z,1787692322675,FAN_DT_001_F2_S06_R02_20260825T211108,2,53.68,BASELINE,F2,0.6,FAN_DT_001,3.0,process-model-3.0.0-build3,197,1,LIVE,SYNCHRONISED,AUTOMATIC,NORMAL,65,1950,1950,0,145,145,0.3,0.3,24.20382,39.15,1.028,1,0.0254,0,207.97,3.0812,0.02436,1,0.18,11.714,0.7179,100,HEALTHY,F0,0,0,healthy,0,0,0,,,,,4,0
2026-08-25T21:12:03.708Z,1787692323708,FAN_DT_001_F2_S06_R02_20260825T211108,2,54.713,BASELINE,F2,0.6,FAN_DT_001,3.0,process-model-3.0.0-build3,198,1,LIVE,SYNCHRONISED,AUTOMATIC,NORMAL,65,1950,1950,0,145,145,0.3,0.3,24.20224,39.13,1.028,1,0.0254,0,207.97,3.1406,0.02395,1,0.18,11.515,0.7318,100,HEALTHY,F0,0,0,healthy,0,0,0,,,,,4,0
2026-08-25T21:12:04.727Z,1787692324727,FAN_DT_001_F2_S06_R02_20260825T211108,2,55.732,BASELINE,F2,0.6,FAN_DT_001,3.0,process-model-3.0.0-build3,199,1,LIVE,SYNCHRONISED,AUTOMATIC,NORMAL,65,1950,1950,0,145,145,0.3,0.3,24.20109,39.1,1.028,1,0.0254,0,207.97,3.1998,0.02357,1,0.18,11.333,0.7456,100,HEALTHY,F0,0,0,healthy,0,0,0,,,,,4,0
2026-08-25T21:12:05.756Z,1787692325756,FAN_DT_001_F2_S06_R02_20260825T211108,2,56.761,BASELINE,F2,0.6,FAN_DT_001,3.0,process-model-3.0.0-build3,200,1,LIVE,SYNCHRONISED,AUTOMATIC,NORMAL,65,1950,1950,0,145,145,0.3,0.3,24.20034,39.08,1.028,1,0.0254,0,207.97,3.2589,0.02318,1,0.18,11.146,0.7593,100,HEALTHY,F0,0,0,healthy,0,0,0,,,,,4,0
2026-08-25T21:12:06.783Z,1787692326783,FAN_DT_001_F2_S06_R02_20260825T211108,2,57.788,BASELINE,F2,0.6,FAN_DT_001,3.0,process-model-3.0.0-build3,201,1,LIVE,SYNCHRONISED,AUTOMATIC,NORMAL,65,1950,1950,0,145,145,0.3,0.3,24.20002,39.06,1.028,1,0.0254,0,207.97,3.3183,0.0228,1,0.18,10.962,0.7732,100,HEALTHY,F0,0,0,healthy,0,0,0,,,,,4,0
2026-08-25T21:12:07.809Z,1787692327809,FAN_DT_001_F2_S06_R02_20260825T211108,2,58.815,BASELINE,F2,0.6,FAN_DT_001,3.0,process-model-3.0.0-build3,202,1,LIVE,SYNCHRONISED,AUTOMATIC,NORMAL,65,1950,1950,0,145,145,0.3,0.3,24.20011,39.03,1.028,1,0.0254,0,207.97,3.3777,0.02241,1,0.18,10.775,0.787,100,HEALTHY,F0,0,0,healthy,0,0,0,,,,,4,0
2026-08-25T21:12:08.847Z,1787692328847,FAN_DT_001_F2_S06_R02_20260825T211108,2,59.851,BASELINE,F2,0.6,FAN_DT_001,3.0,process-model-3.0.0-build3,203,1,LIVE,SYNCHRONISED,AUTOMATIC,NORMAL,65,1950,1950,0,145,145,0.3,0.3,24.20061,39.01,1.028,1,0.0254,0,207.97,3.4368,0.02202,1,0.18,10.589,0.8008,100,HEALTHY,F0,0,0,healthy,0,0,0,,,,,4,0
2026-08-25T21:12:09.882Z,1787692329882,FAN_DT_001_F2_S06_R02_20260825T211108,2,60.887,FAULT_ACTIVE,F2,0.6,FAN_DT_001,3.0,process-model-3.0.0-build3,204,1,LIVE,SYNCHRONISED,AUTOMATIC,NORMAL,65,1950,1950,0,145,157,0.3,0.3,24.20155,39,1.367,1.33,0.0254,0,276.59,3.5094,0.00335,1,0.18,1.212,0.8177,61,CRITICAL,F2,2,1,electrical_overcurrent,0.6,1,1,,,,,5,0
2026-08-25T21:12:10.921Z,1787692330921,FAN_DT_001_F2_S06_R02_20260825T211108,2,61.926,FAULT_ACTIVE,F2,0.6,FAN_DT_001,3.0,process-model-3.0.0-build3,205,1,LIVE,SYNCHRONISED,AUTOMATIC,NORMAL,65,1950,1950,0,145,157,0.3,0.3,24.2029,39,1.367,1.33,0.0254,0,276.59,3.5887,0.00325,1,0.18,1.176,0.8362,61,CRITICAL,F2,2,1,electrical_overcurrent,0.6,1,1,,,,,5,0
2026-08-25T21:12:11.950Z,1787692331950,FAN_DT_001_F2_S06_R02_20260825T211108,2,62.955,FAULT_ACTIVE,F2,0.6,FAN_DT_001,3.0,process-model-3.0.0-build3,206,1,LIVE,SYNCHRONISED,AUTOMATIC,NORMAL,65,1950,1950,0,145,157,0.3,0.3,24.20466,38.99,1.367,1.33,0.0254,0,276.59,3.6678,0.00317,1,0.18,1.148,0.8546,61,CRITICAL,F2,2,1,electrical_overcurrent,0.6,1,1,,,,,5,0
2026-08-25T21:12:12.998Z,1787692332998,FAN_DT_001_F2_S06_R02_20260825T211108,2,64.003,FAULT_ACTIVE,F2,0.6,FAN_DT_001,3.0,process-model-3.0.0-build3,207,1,LIVE,SYNCHRONISED,AUTOMATIC,NORMAL,65,1950,1950,0,145,157,0.3,0.3,24.20685,38.99,1.367,1.33,0.0254,0,276.59,3.7472,0.00309,1,0.18,1.116,0.8731,61,CRITICAL,F2,2,1,electrical_overcurrent,0.6,1,1,,,,,5,0
2026-08-25T21:12:14.013Z,1787692334013,FAN_DT_001_F2_S06_R02_20260825T211108,2,65.018,FAULT_ACTIVE,F2,0.6,FAN_DT_001,3.0,process-model-3.0.0-build3,208,1,LIVE,SYNCHRONISED,AUTOMATIC,NORMAL,65,1950,1950,0,145,157,0.3,0.3,24.20946,38.99,1.367,1.33,0.0254,0,276.59,3.8265,0.00299,1,0.18,1.08,0.8916,61,CRITICAL,F2,2,1,electrical_overcurrent,0.6,1,1,,,,,5,0
2026-08-25T21:12:15.052Z,1787692335052,FAN_DT_001_F2_S06_R02_20260825T211108,2,66.056,FAULT_ACTIVE,F2,0.6,FAN_DT_001,3.0,process-model-3.0.0-build3,209,1,LIVE,SYNCHRONISED,AUTOMATIC,NORMAL,65,1950,1950,0,145,157,0.3,0.3,24.21247,38.98,1.367,1.33,0.0254,0,276.59,3.9056,0.00289,1,0.18,1.045,0.91,61,CRITICAL,F2,2,1,electrical_overcurrent,0.6,1,1,,,,,5,0
2026-08-25T21:12:16.085Z,1787692336085,FAN_DT_001_F2_S06_R02_20260825T211108,2,67.089,FAULT_ACTIVE,F2,0.6,FAN_DT_001,3.0,process-model-3.0.0-build3,210,1,LIVE,SYNCHRONISED,AUTOMATIC,NORMAL,65,1950,1950,0,145,157,0.3,0.3,24.21591,38.98,1.367,1.33,0.0254,0,276.59,3.985,0.00279,1,0.18,1.01,0.9285,61,CRITICAL,F2,2,1,electrical_overcurrent,0.6,1,1,,,,,5,0
2026-08-25T21:12:17.112Z,1787692337112,FAN_DT_001_F2_S06_R02_20260825T211108,2,68.118,FAULT_ACTIVE,F2,0.6,FAN_DT_001,3.0,process-model-3.0.0-build3,211,1,LIVE,SYNCHRONISED,AUTOMATIC,NORMAL,65,1950,1950,0,145,157,0.3,0.3,24.21975,38.98,1.367,1.33,0.0254,0,276.59,4.0642,0.00266,1,0.18,0.963,0.947,61,CRITICAL,F2,2,1,electrical_overcurrent,0.6,1,1,,,,,5,0
2026-08-25T21:12:18.146Z,1787692338146,FAN_DT_001_F2_S06_R02_20260825T211108,2,69.15,FAULT_ACTIVE,F2,0.6,FAN_DT_001,3.0,process-model-3.0.0-build3,212,1,LIVE,SYNCHRONISED,AUTOMATIC,NORMAL,65,1950,1950,0,145,157,0.3,0.3,24.224,38.98,1.367,1.33,0.0254,0,276.59,4.1435,0.00256,1,0.18,0.927,0.9654,61,CRITICAL,F2,2,1,electrical_overcurrent,0.6,1,1,,,,,5,0
2026-08-25T21:12:19.191Z,1787692339191,FAN_DT_001_F2_S06_R02_20260825T211108,2,70.196,FAULT_ACTIVE,F2,0.6,FAN_DT_001,3.0,process-model-3.0.0-build3,213,1,LIVE,SYNCHRONISED,AUTOMATIC,NORMAL,65,1950,1950,0,145,157,0.3,0.3,24.22865,38.97,1.367,1.33,0.0254,0,276.59,4.2225,0.00245,1,0.18,0.884,0.9839,61,CRITICAL,F2,2,1,electrical_overcurrent,0.6,1,1,,,,,5,0
2026-08-25T21:12:20.212Z,1787692340212,FAN_DT_001_F2_S06_R02_20260825T211108,2,71.216,FAULT_ACTIVE,F2,0.6,FAN_DT_001,3.0,process-model-3.0.0-build3,214,1,LIVE,SYNCHRONISED,AUTOMATIC,NORMAL,65,1950,1950,0,145,157,0.3,0.3,24.23373,38.97,1.367,1.33,0.0254,0,276.59,4.3019,0.00233,1,0.18,0.843,1.0023,61,CRITICAL,F2,2,1,electrical_overcurrent,0.6,1,1,,,,,5,0
2026-08-25T21:12:21.243Z,1787692341243,FAN_DT_001_F2_S06_R02_20260825T211108,2,72.249,FAULT_ACTIVE,F2,0.6,FAN_DT_001,3.0,process-model-3.0.0-build3,215,1,LIVE,SYNCHRONISED,AUTOMATIC,NORMAL,65,1950,1950,0,145,157,0.3,0.3,24.23919,38.97,1.367,1.33,0.0254,0,276.59,4.3811,0.0022,1,0.18,0.794,1.0208,61,CRITICAL,F2,2,1,electrical_overcurrent,0.6,1,1,,,,,5,0
2026-08-25T21:12:22.316Z,1787692342316,FAN_DT_001_F2_S06_R02_20260825T211108,2,73.321,FAULT_ACTIVE,F2,0.6,FAN_DT_001,3.0,process-model-3.0.0-build3,216,1,LIVE,SYNCHRONISED,AUTOMATIC,NORMAL,65,1950,1950,0,145,157,0.3,0.3,24.24505,38.97,1.367,1.33,0.0254,0,276.59,4.4603,0.00205,1,0.18,0.742,1.0392,61,CRITICAL,F2,2,1,electrical_overcurrent,0.6,1,1,,,,,5,0
2026-08-25T21:12:23.314Z,1787692343314,FAN_DT_001_F2_S06_R02_20260825T211108,2,74.324,FAULT_ACTIVE,F2,0.6,FAN_DT_001,3.0,process-model-3.0.0-build3,217,1,LIVE,SYNCHRONISED,AUTOMATIC,NORMAL,65,1950,1950,0,145,157,0.3,0.3,24.25132,38.96,1.367,1.33,0.0254,0,276.59,4.5395,0.00191,1,0.18,0.689,1.0577,61,CRITICAL,F2,2,1,electrical_overcurrent,0.6,1,1,,,,,5,0
2026-08-25T21:12:24.343Z,1787692344343,FAN_DT_001_F2_S06_R02_20260825T211108,2,75.348,FAULT_ACTIVE,F2,0.6,FAN_DT_001,3.0,process-model-3.0.0-build3,218,1,LIVE,SYNCHRONISED,AUTOMATIC,NORMAL,65,1950,1950,0,145,157,0.3,0.3,24.25797,38.96,1.367,1.33,0.0254,0,276.59,4.6187,0.00179,1,0.18,0.646,1.0762,61,CRITICAL,F2,2,1,electrical_overcurrent,0.6,1,1,,,,,5,0
2026-08-25T21:12:25.380Z,1787692345380,FAN_DT_001_F2_S06_R02_20260825T211108,2,76.384,FAULT_ACTIVE,F2,0.6,FAN_DT_001,3.0,process-model-3.0.0-build3,219,1,LIVE,SYNCHRONISED,AUTOMATIC,NORMAL,65,1950,1950,0,145,157,0.3,0.3,24.26502,38.96,1.367,1.33,0.0254,0,276.59,4.698,0.00163,1,0.18,0.59,1.0946,61,CRITICAL,F2,2,1,electrical_overcurrent,0.6,1,1,,,,,5,0
2026-08-25T21:12:26.409Z,1787692346409,FAN_DT_001_F2_S06_R02_20260825T211108,2,77.413,FAULT_ACTIVE,F2,0.6,FAN_DT_001,3.0,process-model-3.0.0-build3,220,1,LIVE,SYNCHRONISED,AUTOMATIC,NORMAL,65,1950,1950,0,145,157,0.3,0.3,24.27245,38.96,1.367,1.33,0.0254,0,276.59,4.7772,0.00148,1,0.18,0.536,1.1131,61,CRITICAL,F2,2,1,electrical_overcurrent,0.6,1,1,,,,,5,0
2026-08-25T21:12:27.442Z,1787692347442,FAN_DT_001_F2_S06_R02_20260825T211108,2,78.447,FAULT_ACTIVE,F2,0.6,FAN_DT_001,3.0,process-model-3.0.0-build3,221,1,LIVE,SYNCHRONISED,AUTOMATIC,NORMAL,65,1950,1950,0,145,157,0.3,0.3,24.28027,38.96,1.367,1.33,0.0254,0,276.59,4.8564,0.00133,1,0.18,0.48,1.1315,61,CRITICAL,F2,2,1,electrical_overcurrent,0.6,1,1,,,,,5,0
2026-08-25T21:12:28.475Z,1787692348475,FAN_DT_001_F2_S06_R02_20260825T211108,2,79.48,FAULT_ACTIVE,F2,0.6,FAN_DT_001,3.0,process-model-3.0.0-build3,222,1,LIVE,SYNCHRONISED,AUTOMATIC,NORMAL,65,1950,1950,0,145,157,0.3,0.3,24.28843,38.96,1.367,1.33,0.0254,0,276.59,4.9354,0.00118,1,0.18,0.428,1.1499,61,CRITICAL,F2,2,1,electrical_overcurrent,0.6,1,1,,,,,5,0
2026-08-25T21:12:29.517Z,1787692349517,FAN_DT_001_F2_S06_R02_20260825T211108,2,80.522,FAULT_ACTIVE,F2,0.6,FAN_DT_001,3.0,process-model-3.0.0-build3,223,1,LIVE,SYNCHRONISED,AUTOMATIC,NORMAL,65,1950,1950,0,145,157,0.3,0.3,24.29699,38.95,1.367,1.33,0.0254,0,276.59,5.0146,0.00102,1,0.18,0.369,1.1684,61,CRITICAL,F2,2,1,electrical_overcurrent,0.6,1,1,,,,,5,0
2026-08-25T21:12:30.556Z,1787692350556,FAN_DT_001_F2_S06_R02_20260825T211108,2,81.561,FAULT_ACTIVE,F2,0.6,FAN_DT_001,3.0,process-model-3.0.0-build3,224,1,LIVE,SYNCHRONISED,AUTOMATIC,NORMAL,65,1950,1950,0,145,157,0.3,0.3,24.30592,38.95,1.367,1.33,0.0254,0,276.59,5.0937,0.00084,1,0.18,0.303,1.1868,61,CRITICAL,F2,2,1,electrical_overcurrent,0.6,1,1,,,,,5,0
2026-08-25T21:12:31.579Z,1787692351579,FAN_DT_001_F2_S06_R02_20260825T211108,2,82.584,FAULT_ACTIVE,F2,0.6,FAN_DT_001,3.0,process-model-3.0.0-build3,225,1,LIVE,SYNCHRONISED,AUTOMATIC,NORMAL,65,1950,1950,0,145,157,0.3,0.3,24.3152,38.95,1.367,1.33,0.0254,0,276.59,5.1729,0.00068,1,0.18,0.244,1.2053,61,CRITICAL,F2,2,1,electrical_overcurrent,0.6,1,1,,,,,5,0
2026-08-25T21:12:32.601Z,1787692352601,FAN_DT_001_F2_S06_R02_20260825T211108,2,83.606,FAULT_ACTIVE,F2,0.6,FAN_DT_001,3.0,process-model-3.0.0-build3,226,1,LIVE,SYNCHRONISED,AUTOMATIC,NORMAL,65,1950,1950,0,145,157,0.3,0.3,24.32488,38.95,1.367,1.33,0.0254,0,276.59,5.2522,0.00052,1,0.18,0.186,1.2238,61,CRITICAL,F2,2,1,electrical_overcurrent,0.6,1,1,,,,,5,0
2026-08-25T21:12:33.647Z,1787692353647,FAN_DT_001_F2_S06_R02_20260825T211108,2,84.651,FAULT_ACTIVE,F2,0.6,FAN_DT_001,3.0,process-model-3.0.0-build3,227,1,LIVE,SYNCHRONISED,AUTOMATIC,NORMAL,65,1950,1950,0,145,157,0.3,0.3,24.33488,38.95,1.367,1.33,0.0254,0,276.59,5.3314,0.00035,1,0.18,0.125,1.2422,61,CRITICAL,F2,2,1,electrical_overcurrent,0.6,1,1,,,,,5,0
2026-08-25T21:12:34.672Z,1787692354672,FAN_DT_001_F2_S06_R02_20260825T211108,2,85.677,FAULT_ACTIVE,F2,0.6,FAN_DT_001,3.0,process-model-3.0.0-build3,228,1,LIVE,SYNCHRONISED,AUTOMATIC,NORMAL,65,1950,1950,0,145,157,0.3,0.3,24.34522,38.95,1.367,1.33,0.0254,0,276.59,5.4105,0.00015,1,0.18,0.053,1.2606,61,CRITICAL,F2,2,1,electrical_overcurrent,0.6,1,1,,,,,5,0
2026-08-25T21:12:35.702Z,1787692355702,FAN_DT_001_F2_S06_R02_20260825T211108,2,86.707,FAULT_ACTIVE,F2,0.6,FAN_DT_001,3.0,process-model-3.0.0-build3,229,1,LIVE,SYNCHRONISED,AUTOMATIC,NORMAL,65,1950,1950,0,145,157,0.3,0.3,24.35594,38.95,1.367,1.33,0.0254,0,276.59,5.4898,-0.00003,1,0.18,0.011,1.2791,61,CRITICAL,F2,2,1,electrical_overcurrent,0.6,1,1,,,,,5,0
2026-08-25T21:12:36.728Z,1787692356728,FAN_DT_001_F2_S06_R02_20260825T211108,2,87.733,FAULT_ACTIVE,F2,0.6,FAN_DT_001,3.0,process-model-3.0.0-build3,230,1,LIVE,SYNCHRONISED,AUTOMATIC,NORMAL,65,1950,1950,0,145,157,0.3,0.3,24.36696,38.95,1.367,1.33,0.0254,0,276.59,5.5689,-0.00021,1,0.18,0.076,1.2975,61,CRITICAL,F2,2,1,electrical_overcurrent,0.6,1,1,,,,,5,0
2026-08-25T21:12:37.766Z,1787692357766,FAN_DT_001_F2_S06_R02_20260825T211108,2,88.771,FAULT_ACTIVE,F2,0.6,FAN_DT_001,3.0,process-model-3.0.0-build3,231,1,LIVE,SYNCHRONISED,AUTOMATIC,NORMAL,65,1950,1950,0,145,157,0.3,0.3,24.37831,38.95,1.367,1.33,0.0254,0,276.59,5.6479,-0.00038,1,0.18,0.136,1.316,61,CRITICAL,F2,2,1,electrical_overcurrent,0.6,1,1,,,,,5,0
2026-08-25T21:12:38.823Z,1787692358823,FAN_DT_001_F2_S06_R02_20260825T211108,2,89.828,FAULT_ACTIVE,F2,0.6,FAN_DT_001,3.0,process-model-3.0.0-build3,232,1,LIVE,SYNCHRONISED,AUTOMATIC,NORMAL,65,1950,1950,0,145,157,0.3,0.3,24.39003,38.95,1.367,1.33,0.0254,0,276.59,5.7273,-0.00057,1,0.18,0.206,1.3345,61,CRITICAL,F2,2,1,electrical_overcurrent,0.6,1,1,,,,,5,0
2026-08-25T21:12:39.848Z,1787692359848,FAN_DT_001_F2_S06_R02_20260825T211108,2,90.865,FAULT_ACTIVE,F2,0.6,FAN_DT_001,3.0,process-model-3.0.0-build3,233,1,LIVE,SYNCHRONISED,AUTOMATIC,NORMAL,65,1950,1950,0,145,157,0.3,0.3,24.40203,38.95,1.367,1.33,0.0254,0,276.59,5.8064,-0.00076,1,0.18,0.276,1.3529,61,CRITICAL,F2,2,1,electrical_overcurrent,0.6,1,1,,,,,5,0
2026-08-25T21:12:41.243Z,1787692361243,FAN_DT_001_F2_S06_R02_20260825T211108,2,92.276,FAULT_ACTIVE,F2,0.6,FAN_DT_001,3.0,process-model-3.0.0-build3,234,1,LIVE,SYNCHRONISED,AUTOMATIC,NORMAL,65,1950,1950,0,145,157,0.3,0.3,24.41435,38.95,1.367,1.33,0.0254,0,276.59,5.8856,-0.00095,1,0.18,0.345,1.3713,61,CRITICAL,F2,2,1,electrical_overcurrent,0.6,1,1,,,,,5,0
2026-08-25T21:12:41.904Z,1787692361904,FAN_DT_001_F2_S06_R02_20260825T211108,2,92.909,FAULT_ACTIVE,F2,0.6,FAN_DT_001,3.0,process-model-3.0.0-build3,235,1,LIVE,SYNCHRONISED,AUTOMATIC,NORMAL,65,1950,1950,0,145,157,0.3,0.3,24.42702,38.96,1.367,1.33,0.0254,0,276.59,5.9649,-0.00113,1,0.18,0.409,1.3898,61,CRITICAL,F2,2,1,electrical_overcurrent,0.6,1,1,,,,,5,0
2026-08-25T21:12:42.933Z,1787692362933,FAN_DT_001_F2_S06_R02_20260825T211108,2,93.938,FAULT_ACTIVE,F2,0.6,FAN_DT_001,3.0,process-model-3.0.0-build3,236,1,LIVE,SYNCHRONISED,AUTOMATIC,NORMAL,65,1950,1950,0,145,157,0.3,0.3,24.43998,38.96,1.367,1.33,0.0254,0,276.59,6.0443,-0.00133,1,0.18,0.482,1.4083,61,CRITICAL,F2,2,1,electrical_overcurrent,0.6,1,1,,,,,5,0
2026-08-25T21:12:43.958Z,1787692363958,FAN_DT_001_F2_S06_R02_20260825T211108,2,94.964,FAULT_ACTIVE,F2,0.6,FAN_DT_001,3.0,process-model-3.0.0-build3,237,1,LIVE,SYNCHRONISED,AUTOMATIC,NORMAL,65,1950,1950,0,145,157,0.3,0.3,24.45318,38.96,1.367,1.33,0.0254,0,276.59,6.1233,-0.00153,1,0.18,0.554,1.4267,61,CRITICAL,F2,2,1,electrical_overcurrent,0.6,1,1,,,,,5,0
2026-08-25T21:12:45.019Z,1787692365019,FAN_DT_001_F2_S06_R02_20260825T211108,2,96.025,FAULT_ACTIVE,F2,0.6,FAN_DT_001,3.0,process-model-3.0.0-build3,238,1,LIVE,SYNCHRONISED,AUTOMATIC,NORMAL,65,1950,1950,0,145,157,0.3,0.3,24.46666,38.96,1.367,1.33,0.0254,0,276.59,6.2023,-0.00171,1,0.18,0.62,1.4451,61,CRITICAL,F2,2,1,electrical_overcurrent,0.6,1,1,,,,,5,0
2026-08-25T21:12:46.039Z,1787692366039,FAN_DT_001_F2_S06_R02_20260825T211108,2,97.044,FAULT_ACTIVE,F2,0.6,FAN_DT_001,3.0,process-model-3.0.0-build3,239,1,LIVE,SYNCHRONISED,AUTOMATIC,NORMAL,65,1950,1950,0,145,157,0.3,0.3,24.48047,38.96,1.367,1.33,0.0254,0,276.59,6.2815,-0.00191,1,0.18,0.689,1.4636,61,CRITICAL,F2,2,1,electrical_overcurrent,0.6,1,1,,,,,5,0
2026-08-25T21:12:47.049Z,1787692367049,FAN_DT_001_F2_S06_R02_20260825T211108,2,98.056,FAULT_ACTIVE,F2,0.6,FAN_DT_001,3.0,process-model-3.0.0-build3,240,1,LIVE,SYNCHRONISED,AUTOMATIC,NORMAL,65,1950,1950,0,145,157,0.3,0.3,24.49452,38.96,1.367,1.33,0.0254,0,276.59,6.3606,-0.00211,1,0.18,0.764,1.482,61,CRITICAL,F2,2,1,electrical_overcurrent,0.6,1,1,,,,,5,0
2026-08-25T21:12:48.117Z,1787692368117,FAN_DT_001_F2_S06_R02_20260825T211108,2,99.123,FAULT_ACTIVE,F2,0.6,FAN_DT_001,3.0,process-model-3.0.0-build3,241,1,LIVE,SYNCHRONISED,AUTOMATIC,NORMAL,65,1950,1950,0,145,157,0.3,0.3,24.5088,38.97,1.367,1.33,0.0254,0,276.59,6.4395,-0.00231,1,0.18,0.836,1.5004,61,CRITICAL,F2,2,1,electrical_overcurrent,0.6,1,1,,,,,5,0
2026-08-25T21:12:49.118Z,1787692369118,FAN_DT_001_F2_S06_R02_20260825T211108,2,100.123,FAULT_ACTIVE,F2,0.6,FAN_DT_001,3.0,process-model-3.0.0-build3,242,1,LIVE,SYNCHRONISED,AUTOMATIC,NORMAL,65,1950,1950,0,145,157,0.3,0.3,24.52342,38.97,1.367,1.33,0.0254,0,276.59,6.5189,-0.00252,1,0.18,0.912,1.5189,61,CRITICAL,F2,2,1,electrical_overcurrent,0.6,1,1,,,,,5,0
2026-08-25T21:12:50.150Z,1787692370150,FAN_DT_001_F2_S06_R02_20260825T211108,2,101.156,FAULT_ACTIVE,F2,0.6,FAN_DT_001,3.0,process-model-3.0.0-build3,243,1,LIVE,SYNCHRONISED,AUTOMATIC,NORMAL,65,1950,1950,0,145,157,0.3,0.3,24.53827,38.97,1.367,1.33,0.0254,0,276.59,6.5981,-0.00272,1,0.18,0.985,1.5374,61,CRITICAL,F2,2,1,electrical_overcurrent,0.6,1,1,,,,,5,0
2026-08-25T21:12:51.180Z,1787692371180,FAN_DT_001_F2_S06_R02_20260825T211108,2,102.185,FAULT_ACTIVE,F2,0.6,FAN_DT_001,3.0,process-model-3.0.0-build3,244,1,LIVE,SYNCHRONISED,AUTOMATIC,NORMAL,65,1950,1950,0,145,157,0.3,0.3,24.55333,38.97,1.367,1.33,0.0254,0,276.59,6.6772,-0.00292,1,0.18,1.055,1.5558,61,CRITICAL,F2,2,1,electrical_overcurrent,0.6,1,1,,,,,5,0
2026-08-25T21:12:52.212Z,1787692372212,FAN_DT_001_F2_S06_R02_20260825T211108,2,103.217,FAULT_ACTIVE,F2,0.6,FAN_DT_001,3.0,process-model-3.0.0-build3,245,1,LIVE,SYNCHRONISED,AUTOMATIC,NORMAL,65,1950,1950,0,145,157,0.3,0.3,24.56862,38.98,1.367,1.33,0.0254,0,276.59,6.7562,-0.00312,1,0.18,1.127,1.5742,61,CRITICAL,F2,2,1,electrical_overcurrent,0.6,1,1,,,,,5,0
2026-08-25T21:12:53.244Z,1787692373244,FAN_DT_001_F2_S06_R02_20260825T211108,2,104.249,FAULT_ACTIVE,F2,0.6,FAN_DT_001,3.0,process-model-3.0.0-build3,246,1,LIVE,SYNCHRONISED,AUTOMATIC,NORMAL,65,1950,1950,0,145,157,0.3,0.3,24.58418,38.98,1.367,1.33,0.0254,0,276.59,6.8355,-0.00333,1,0.18,1.204,1.5927,61,CRITICAL,F2,2,1,electrical_overcurrent,0.6,1,1,,,,,5,0
2026-08-25T21:12:54.287Z,1787692374287,FAN_DT_001_F2_S06_R02_20260825T211108,2,105.292,FAULT_ACTIVE,F2,0.6,FAN_DT_001,3.0,process-model-3.0.0-build3,247,1,LIVE,SYNCHRONISED,AUTOMATIC,NORMAL,65,1950,1950,0,145,157,0.3,0.3,24.59995,38.98,1.367,1.33,0.0254,0,276.59,6.9147,-0.00352,1,0.18,1.272,1.6111,61,CRITICAL,F2,2,1,electrical_overcurrent,0.6,1,1,,,,,5,0
2026-08-25T21:12:55.317Z,1787692375317,FAN_DT_001_F2_S06_R02_20260825T211108,2,106.322,FAULT_ACTIVE,F2,0.6,FAN_DT_001,3.0,process-model-3.0.0-build3,248,1,LIVE,SYNCHRONISED,AUTOMATIC,NORMAL,65,1950,1950,0,145,157,0.3,0.3,24.61596,38.99,1.367,1.33,0.0254,0,276.59,6.9941,-0.00373,1,0.18,1.347,1.6296,61,CRITICAL,F2,2,1,electrical_overcurrent,0.6,1,1,,,,,5,0
2026-08-25T21:12:56.355Z,1787692376355,FAN_DT_001_F2_S06_R02_20260825T211108,2,107.36,FAULT_ACTIVE,F2,0.6,FAN_DT_001,3.0,process-model-3.0.0-build3,249,1,LIVE,SYNCHRONISED,AUTOMATIC,NORMAL,65,1950,1950,0,145,157,0.3,0.3,24.63216,38.99,1.367,1.33,0.0254,0,276.59,7.0735,-0.00393,1,0.18,1.422,1.6481,61,CRITICAL,F2,2,1,electrical_overcurrent,0.6,1,1,,,,,5,0
2026-08-25T21:12:57.416Z,1787692377416,FAN_DT_001_F2_S06_R02_20260825T211108,2,108.422,FAULT_ACTIVE,F2,0.6,FAN_DT_001,3.0,process-model-3.0.0-build3,250,1,LIVE,SYNCHRONISED,AUTOMATIC,NORMAL,65,1950,1950,0,145,157,0.3,0.3,24.64854,39,1.367,1.33,0.0254,0,276.59,7.1527,-0.00412,1,0.18,1.488,1.6666,61,CRITICAL,F2,2,1,electrical_overcurrent,0.6,1,1,,,,,5,0
2026-08-25T21:12:58.409Z,1787692378409,FAN_DT_001_F2_S06_R02_20260825T211108,2,109.415,FAULT_ACTIVE,F2,0.6,FAN_DT_001,3.0,process-model-3.0.0-build3,251,1,LIVE,SYNCHRONISED,AUTOMATIC,NORMAL,65,1950,1950,0,145,157,0.3,0.3,24.66509,39,1.367,1.33,0.0254,0,276.59,7.2319,-0.00434,1,0.18,1.57,1.685,61,CRITICAL,F2,2,1,electrical_overcurrent,0.6,1,1,,,,,5,0
2026-08-25T21:12:59.447Z,1787692379447,FAN_DT_001_F2_S06_R02_20260825T211108,2,110.452,FAULT_ACTIVE,F2,0.6,FAN_DT_001,3.0,process-model-3.0.0-build3,252,1,LIVE,SYNCHRONISED,AUTOMATIC,NORMAL,65,1950,1950,0,145,157,0.3,0.3,24.68184,39.01,1.367,1.33,0.0254,0,276.59,7.3112,-0.00454,1,0.18,1.64,1.7035,61,CRITICAL,F2,2,1,electrical_overcurrent,0.6,1,1,,,,,5,0
2026-08-25T21:13:00.484Z,1787692380484,FAN_DT_001_F2_S06_R02_20260825T211108,2,111.488,FAULT_ACTIVE,F2,0.6,FAN_DT_001,3.0,process-model-3.0.0-build3,253,1,LIVE,SYNCHRONISED,AUTOMATIC,NORMAL,65,1950,1950,0,145,157,0.3,0.3,24.69879,39.01,1.367,1.33,0.0254,0,276.59,7.3906,-0.00474,1,0.18,1.713,1.722,61,CRITICAL,F2,2,1,electrical_overcurrent,0.6,1,1,,,,,5,0
2026-08-25T21:13:01.514Z,1787692381514,FAN_DT_001_F2_S06_R02_20260825T211108,2,112.519,FAULT_ACTIVE,F2,0.6,FAN_DT_001,3.0,process-model-3.0.0-build3,254,1,LIVE,SYNCHRONISED,AUTOMATIC,NORMAL,65,1950,1950,0,145,157,0.3,0.3,24.71586,39.02,1.367,1.33,0.0254,0,276.59,7.4699,-0.00494,1,0.18,1.784,1.7405,61,CRITICAL,F2,2,1,electrical_overcurrent,0.6,1,1,,,,,5,0
2026-08-25T21:13:02.545Z,1787692382545,FAN_DT_001_F2_S06_R02_20260825T211108,2,113.55,FAULT_ACTIVE,F2,0.6,FAN_DT_001,3.0,process-model-3.0.0-build3,255,1,LIVE,SYNCHRONISED,AUTOMATIC,NORMAL,65,1950,1950,0,145,157,0.3,0.3,24.73305,39.02,1.367,1.33,0.0254,0,276.59,7.549,-0.00513,1,0.18,1.853,1.7589,61,CRITICAL,F2,2,1,electrical_overcurrent,0.6,1,1,,,,,5,0
2026-08-25T21:13:03.586Z,1787692383586,FAN_DT_001_F2_S06_R02_20260825T211108,2,114.592,FAULT_ACTIVE,F2,0.6,FAN_DT_001,3.0,process-model-3.0.0-build3,256,1,LIVE,SYNCHRONISED,AUTOMATIC,NORMAL,65,1950,1950,0,145,157,0.3,0.3,24.75037,39.03,1.367,1.33,0.0254,0,276.59,7.6281,-0.00532,1,0.18,1.922,1.7773,61,CRITICAL,F2,2,1,electrical_overcurrent,0.6,1,1,,,,,5,0
2026-08-25T21:13:04.625Z,1787692384625,FAN_DT_001_F2_S06_R02_20260825T211108,2,115.629,FAULT_ACTIVE,F2,0.6,FAN_DT_001,3.0,process-model-3.0.0-build3,257,1,LIVE,SYNCHRONISED,AUTOMATIC,NORMAL,65,1950,1950,0,145,157,0.3,0.3,24.76785,39.03,1.367,1.33,0.0254,0,276.59,7.7073,-0.00553,1,0.18,1.999,1.7958,61,CRITICAL,F2,2,1,electrical_overcurrent,0.6,1,1,,,,,5,0
2026-08-25T21:13:05.647Z,1787692385647,FAN_DT_001_F2_S06_R02_20260825T211108,2,116.652,FAULT_ACTIVE,F2,0.6,FAN_DT_001,3.0,process-model-3.0.0-build3,258,1,LIVE,SYNCHRONISED,AUTOMATIC,NORMAL,65,1950,1950,0,145,157,0.3,0.3,24.78544,39.04,1.367,1.33,0.0254,0,276.59,7.7865,-0.00572,1,0.18,2.069,1.8143,61,CRITICAL,F2,2,1,electrical_overcurrent,0.6,1,1,,,,,5,0
2026-08-25T21:13:06.723Z,1787692386723,FAN_DT_001_F2_S06_R02_20260825T211108,2,117.727,FAULT_ACTIVE,F2,0.6,FAN_DT_001,3.0,process-model-3.0.0-build3,259,1,LIVE,SYNCHRONISED,AUTOMATIC,NORMAL,65,1950,1950,0,145,157,0.3,0.3,24.80316,39.04,1.367,1.33,0.0254,0,276.59,7.8657,-0.00592,1,0.18,2.139,1.8327,61,CRITICAL,F2,2,1,electrical_overcurrent,0.6,1,1,,,,,5,0
2026-08-25T21:13:07.706Z,1787692387706,FAN_DT_001_F2_S06_R02_20260825T211108,2,118.711,FAULT_ACTIVE,F2,0.6,FAN_DT_001,3.0,process-model-3.0.0-build3,260,1,LIVE,SYNCHRONISED,AUTOMATIC,NORMAL,65,1950,1950,0,145,157,0.3,0.3,24.82097,39.05,1.367,1.33,0.0254,0,276.59,7.945,-0.00611,1,0.18,2.211,1.8512,61,CRITICAL,F2,2,1,electrical_overcurrent,0.6,1,1,,,,,5,0
2026-08-25T21:13:08.749Z,1787692388749,FAN_DT_001_F2_S06_R02_20260825T211108,2,119.754,FAULT_ACTIVE,F2,0.6,FAN_DT_001,3.0,process-model-3.0.0-build3,261,1,LIVE,SYNCHRONISED,AUTOMATIC,NORMAL,65,1950,1950,0,145,157,0.3,0.3,24.83886,39.06,1.367,1.33,0.0254,0,276.59,8.0241,-0.00631,1,0.18,2.281,1.8696,61,CRITICAL,F2,2,1,electrical_overcurrent,0.6,1,1,,,,,5,0
2026-08-25T21:13:09.782Z,1787692389782,FAN_DT_001_F2_S06_R02_20260825T211108,2,120.789,FAULT_ACTIVE,F2,0.6,FAN_DT_001,3.0,process-model-3.0.0-build3,262,1,LIVE,SYNCHRONISED,AUTOMATIC,NORMAL,65,1950,1950,0,145,157,0.3,0.3,24.85687,39.06,1.367,1.33,0.0254,0,276.59,8.1034,-0.00648,1,0.18,2.342,1.8881,61,CRITICAL,F2,2,1,electrical_overcurrent,0.6,1,1,,,,,5,0
2026-08-25T21:13:10.850Z,1787692390850,FAN_DT_001_F2_S06_R02_20260825T211108,2,121.858,FAULT_ACTIVE,F2,0.6,FAN_DT_001,3.0,process-model-3.0.0-build3,263,1,LIVE,SYNCHRONISED,AUTOMATIC,NORMAL,65,1950,1950,0,145,157,0.3,0.3,24.87487,39.07,1.367,1.33,0.0254,0,276.59,8.1823,-0.00668,1,0.18,2.416,1.9065,61,CRITICAL,F2,2,1,electrical_overcurrent,0.6,1,1,,,,,5,0
2026-08-25T21:13:11.837Z,1787692391837,FAN_DT_001_F2_S06_R02_20260825T211108,2,122.842,FAULT_ACTIVE,F2,0.6,FAN_DT_001,3.0,process-model-3.0.0-build3,264,1,LIVE,SYNCHRONISED,AUTOMATIC,NORMAL,65,1950,1950,0,145,157,0.3,0.3,24.89303,39.08,1.367,1.33,0.0254,0,276.59,8.2616,-0.00685,1,0.18,2.476,1.9249,61,CRITICAL,F2,2,1,electrical_overcurrent,0.6,1,1,,,,,5,0
2026-08-25T21:13:12.874Z,1787692392874,FAN_DT_001_F2_S06_R02_20260825T211108,2,123.879,FAULT_ACTIVE,F2,0.6,FAN_DT_001,3.0,process-model-3.0.0-build3,265,1,LIVE,SYNCHRONISED,AUTOMATIC,NORMAL,65,1950,1950,0,145,157,0.3,0.3,24.91123,39.08,1.367,1.33,0.0254,0,276.59,8.3409,-0.00704,1,0.18,2.546,1.9434,61,CRITICAL,F2,2,1,electrical_overcurrent,0.6,1,1,,,,,5,0
2026-08-25T21:13:13.907Z,1787692393907,FAN_DT_001_F2_S06_R02_20260825T211108,2,124.912,FAULT_ACTIVE,F2,0.6,FAN_DT_001,3.0,process-model-3.0.0-build3,266,1,LIVE,SYNCHRONISED,AUTOMATIC,NORMAL,65,1950,1950,0,145,157,0.3,0.3,24.92951,39.09,1.367,1.33,0.0254,0,276.59,8.4202,-0.00721,1,0.18,2.607,1.9619,61,CRITICAL,F2,2,1,electrical_overcurrent,0.6,1,1,,,,,5,0
2026-08-25T21:13:14.938Z,1787692394938,FAN_DT_001_F2_S06_R02_20260825T211108,2,125.942,FAULT_ACTIVE,F2,0.6,FAN_DT_001,3.0,process-model-3.0.0-build3,267,1,LIVE,SYNCHRONISED,AUTOMATIC,NORMAL,65,1950,1950,0,145,157,0.3,0.3,24.94782,39.1,1.367,1.33,0.0254,0,276.59,8.4996,-0.00739,1,0.18,2.672,1.9804,61,CRITICAL,F2,2,1,electrical_overcurrent,0.6,1,1,,,,,5,0
2026-08-25T21:13:15.971Z,1787692395971,FAN_DT_001_F2_S06_R02_20260825T211108,2,126.975,FAULT_ACTIVE,F2,0.6,FAN_DT_001,3.0,process-model-3.0.0-build3,268,1,LIVE,SYNCHRONISED,AUTOMATIC,NORMAL,65,1950,1950,0,145,157,0.3,0.3,24.96605,39.11,1.367,1.33,0.0254,0,276.59,8.5785,-0.00757,1,0.18,2.737,1.9988,61,CRITICAL,F2,2,1,electrical_overcurrent,0.6,1,1,,,,,5,0
2026-08-25T21:13:17.002Z,1787692397002,FAN_DT_001_F2_S06_R02_20260825T211108,2,128.006,FAULT_ACTIVE,F2,0.6,FAN_DT_001,3.0,process-model-3.0.0-build3,269,1,LIVE,SYNCHRONISED,AUTOMATIC,NORMAL,65,1950,1950,0,145,157,0.3,0.3,24.9844,39.11,1.367,1.33,0.0254,0,276.59,8.6579,-0.00775,1,0.18,2.802,2.0173,61,CRITICAL,F2,2,1,electrical_overcurrent,0.6,1,1,,,,,5,0
2026-08-25T21:13:18.043Z,1787692398043,FAN_DT_001_F2_S06_R02_20260825T211108,2,129.047,FAULT_ACTIVE,F2,0.6,FAN_DT_001,3.0,process-model-3.0.0-build3,270,1,LIVE,SYNCHRONISED,AUTOMATIC,NORMAL,65,1950,1950,0,145,157,0.3,0.3,25.00271,39.12,1.367,1.33,0.0254,0,276.59,8.737,-0.00792,1,0.18,2.863,2.0357,61,CRITICAL,F2,2,1,electrical_overcurrent,0.6,1,1,,,,,5,0
2026-08-25T21:13:19.079Z,1787692399079,FAN_DT_001_F2_S06_R02_20260825T211108,2,130.085,FAULT_ACTIVE,F2,0.6,FAN_DT_001,3.0,process-model-3.0.0-build3,271,1,LIVE,SYNCHRONISED,AUTOMATIC,NORMAL,65,1950,1950,0,145,157,0.3,0.3,25.02097,39.13,1.367,1.33,0.0254,0,276.59,8.8159,-0.00808,1,0.18,2.921,2.0541,61,CRITICAL,F2,2,1,electrical_overcurrent,0.6,1,1,,,,,5,0
2026-08-25T21:13:20.126Z,1787692400126,FAN_DT_001_F2_S06_R02_20260825T211108,2,131.13,FAULT_ACTIVE,F2,0.6,FAN_DT_001,3.0,process-model-3.0.0-build3,272,1,LIVE,SYNCHRONISED,AUTOMATIC,NORMAL,65,1950,1950,0,145,157,0.3,0.3,25.03932,39.14,1.367,1.33,0.0254,0,276.59,8.8953,-0.00823,1,0.18,2.977,2.0726,61,CRITICAL,F2,2,1,electrical_overcurrent,0.6,1,1,,,,,5,0
2026-08-25T21:13:21.143Z,1787692401143,FAN_DT_001_F2_S06_R02_20260825T211108,2,132.148,FAULT_ACTIVE,F2,0.6,FAN_DT_001,3.0,process-model-3.0.0-build3,273,1,LIVE,SYNCHRONISED,AUTOMATIC,NORMAL,65,1950,1950,0,145,157,0.3,0.3,25.05758,39.15,1.367,1.33,0.0254,0,276.59,8.9743,-0.00841,1,0.18,3.041,2.091,61,CRITICAL,F2,2,1,electrical_overcurrent,0.6,1,1,,,,,5,0
2026-08-25T21:13:22.167Z,1787692402167,FAN_DT_001_F2_S06_R02_20260825T211108,2,133.173,FAULT_ACTIVE,F2,0.6,FAN_DT_001,3.0,process-model-3.0.0-build3,274,1,LIVE,SYNCHRONISED,AUTOMATIC,NORMAL,65,1950,1950,0,145,157,0.3,0.3,25.0759,39.16,1.367,1.33,0.0254,0,276.59,9.0538,-0.00857,1,0.18,3.098,2.1095,61,CRITICAL,F2,2,1,electrical_overcurrent,0.6,1,1,,,,,5,0
2026-08-25T21:13:23.224Z,1787692403224,FAN_DT_001_F2_S06_R02_20260825T211108,2,134.229,FAULT_ACTIVE,F2,0.6,FAN_DT_001,3.0,process-model-3.0.0-build3,275,1,LIVE,SYNCHRONISED,AUTOMATIC,NORMAL,65,1950,1950,0,145,157,0.3,0.3,25.09416,39.17,1.367,1.33,0.0254,0,276.59,9.1332,-0.00871,1,0.18,3.148,2.128,61,CRITICAL,F2,2,1,electrical_overcurrent,0.6,1,1,,,,,5,0
2026-08-25T21:13:24.231Z,1787692404231,FAN_DT_001_F2_S06_R02_20260825T211108,2,135.235,FAULT_ACTIVE,F2,0.6,FAN_DT_001,3.0,process-model-3.0.0-build3,276,1,LIVE,SYNCHRONISED,AUTOMATIC,NORMAL,65,1950,1950,0,145,157,0.3,0.3,25.11228,39.17,1.367,1.33,0.0254,0,276.59,9.2121,-0.00887,1,0.18,3.208,2.1464,61,CRITICAL,F2,2,1,electrical_overcurrent,0.6,1,1,,,,,5,0
2026-08-25T21:13:25.261Z,1787692405261,FAN_DT_001_F2_S06_R02_20260825T211108,2,136.265,FAULT_ACTIVE,F2,0.6,FAN_DT_001,3.0,process-model-3.0.0-build3,277,1,LIVE,SYNCHRONISED,AUTOMATIC,NORMAL,65,1950,1950,0,145,157,0.3,0.3,25.13036,39.18,1.367,1.33,0.0254,0,276.59,9.2912,-0.00903,1,0.18,3.263,2.1648,61,CRITICAL,F2,2,1,electrical_overcurrent,0.6,1,1,,,,,5,0
2026-08-25T21:13:26.292Z,1787692406292,FAN_DT_001_F2_S06_R02_20260825T211108,2,137.297,FAULT_ACTIVE,F2,0.6,FAN_DT_001,3.0,process-model-3.0.0-build3,278,1,LIVE,SYNCHRONISED,AUTOMATIC,NORMAL,65,1950,1950,0,145,157,0.3,0.3,25.14843,39.19,1.367,1.33,0.0254,0,276.59,9.3705,-0.00914,1,0.18,3.306,2.1833,61,CRITICAL,F2,2,1,electrical_overcurrent,0.6,1,1,,,,,5,0
2026-08-25T21:13:27.333Z,1787692407333,FAN_DT_001_F2_S06_R02_20260825T211108,2,138.338,FAULT_ACTIVE,F2,0.6,FAN_DT_001,3.0,process-model-3.0.0-build3,279,1,LIVE,SYNCHRONISED,AUTOMATIC,NORMAL,65,1950,1950,0,145,157,0.3,0.3,25.16635,39.2,1.367,1.33,0.0254,0,276.59,9.4495,-0.00931,1,0.18,3.364,2.2017,61,CRITICAL,F2,2,1,electrical_overcurrent,0.6,1,1,,,,,5,0
2026-08-25T21:13:28.363Z,1787692408363,FAN_DT_001_F2_S06_R02_20260825T211108,2,139.368,FAULT_ACTIVE,F2,0.6,FAN_DT_001,3.0,process-model-3.0.0-build3,280,1,LIVE,SYNCHRONISED,AUTOMATIC,NORMAL,65,1950,1950,0,145,157,0.3,0.3,25.18424,39.21,1.367,1.33,0.0254,0,276.59,9.5288,-0.00945,1,0.18,3.415,2.2202,61,CRITICAL,F2,2,1,electrical_overcurrent,0.6,1,1,,,,,5,0
2026-08-25T21:13:29.387Z,1787692409387,FAN_DT_001_F2_S06_R02_20260825T211108,2,140.392,FAULT_ACTIVE,F2,0.6,FAN_DT_001,3.0,process-model-3.0.0-build3,281,1,LIVE,SYNCHRONISED,AUTOMATIC,NORMAL,65,1950,1950,0,145,157,0.3,0.3,25.20205,39.22,1.367,1.33,0.0254,0,276.59,9.6081,-0.00957,1,0.18,3.459,2.2387,61,CRITICAL,F2,2,1,electrical_overcurrent,0.6,1,1,,,,,5,0
2026-08-25T21:13:30.420Z,1787692410420,FAN_DT_001_F2_S06_R02_20260825T211108,2,141.424,FAULT_ACTIVE,F2,0.6,FAN_DT_001,3.0,process-model-3.0.0-build3,282,1,LIVE,SYNCHRONISED,AUTOMATIC,NORMAL,65,1950,1950,0,145,157,0.3,0.3,25.21973,39.23,1.367,1.33,0.0254,0,276.59,9.6873,-0.00968,1,0.18,3.5,2.2571,61,CRITICAL,F2,2,1,electrical_overcurrent,0.6,1,1,,,,,5,0
2026-08-25T21:13:31.495Z,1787692411495,FAN_DT_001_F2_S06_R02_20260825T211108,2,142.501,FAULT_ACTIVE,F2,0.6,FAN_DT_001,3.0,process-model-3.0.0-build3,283,1,LIVE,SYNCHRONISED,AUTOMATIC,NORMAL,65,1950,1950,0,145,157,0.3,0.3,25.23724,39.24,1.367,1.33,0.0254,0,276.59,9.7662,-0.0098,1,0.18,3.545,2.2755,61,CRITICAL,F2,2,1,electrical_overcurrent,0.6,1,1,,,,,5,0
2026-08-25T21:13:32.485Z,1787692412485,FAN_DT_001_F2_S06_R02_20260825T211108,2,143.493,FAULT_ACTIVE,F2,0.6,FAN_DT_001,3.0,process-model-3.0.0-build3,284,1,LIVE,SYNCHRONISED,AUTOMATIC,NORMAL,65,1950,1950,0,145,157,0.3,0.3,25.2547,39.25,1.367,1.33,0.0254,0,276.59,9.8455,-0.00993,1,0.18,3.59,2.294,61,CRITICAL,F2,2,1,electrical_overcurrent,0.6,1,1,,,,,5,0
2026-08-25T21:13:33.515Z,1787692413515,FAN_DT_001_F2_S06_R02_20260825T211108,2,144.522,FAULT_ACTIVE,F2,0.6,FAN_DT_001,3.0,process-model-3.0.0-build3,285,1,LIVE,SYNCHRONISED,AUTOMATIC,NORMAL,65,1950,1950,0,145,157,0.3,0.3,25.27194,39.26,1.367,1.33,0.0254,0,276.59,9.9244,-0.01006,1,0.18,3.636,2.3124,61,CRITICAL,F2,2,1,electrical_overcurrent,0.6,1,1,,,,,5,0
2026-08-25T21:13:34.560Z,1787692414560,FAN_DT_001_F2_S06_R02_20260825T211108,2,145.566,FAULT_ACTIVE,F2,0.6,FAN_DT_001,3.0,process-model-3.0.0-build3,286,1,LIVE,SYNCHRONISED,AUTOMATIC,NORMAL,65,1950,1950,0,145,157,0.3,0.3,25.28914,39.27,1.367,1.33,0.0254,0,276.59,10.0038,-0.01015,1,0.18,3.671,2.3309,61,CRITICAL,F2,2,1,electrical_overcurrent,0.6,1,1,,,,,5,0
2026-08-25T21:13:35.589Z,1787692415589,FAN_DT_001_F2_S06_R02_20260825T211108,2,146.594,FAULT_ACTIVE,F2,0.6,FAN_DT_001,3.0,process-model-3.0.0-build3,287,1,LIVE,SYNCHRONISED,AUTOMATIC,NORMAL,65,1950,1950,0,145,157,0.3,0.3,25.30618,39.28,1.367,1.33,0.0254,0,276.59,10.0832,-0.01027,1,0.18,3.714,2.3494,61,CRITICAL,F2,2,1,electrical_overcurrent,0.6,1,1,,,,,5,0
2026-08-25T21:13:36.632Z,1787692416632,FAN_DT_001_F2_S06_R02_20260825T211108,2,147.653,FAULT_ACTIVE,F2,0.6,FAN_DT_001,3.0,process-model-3.0.0-build3,288,1,LIVE,SYNCHRONISED,AUTOMATIC,NORMAL,65,1950,1950,0,145,157,0.3,0.3,25.32299,39.29,1.367,1.33,0.0254,0,276.59,10.1622,-0.01037,1,0.18,3.748,2.3678,61,CRITICAL,F2,2,1,electrical_overcurrent,0.6,1,1,,,,,5,0
2026-08-25T21:13:37.663Z,1787692417663,FAN_DT_001_F2_S06_R02_20260825T211108,2,148.675,FAULT_ACTIVE,F2,0.6,FAN_DT_001,3.0,process-model-3.0.0-build3,289,1,LIVE,SYNCHRONISED,AUTOMATIC,NORMAL,65,1950,1950,0,145,157,0.3,0.3,25.33967,39.31,1.367,1.33,0.0254,0,276.59,10.2414,-0.01047,1,0.18,3.787,2.3862,61,CRITICAL,F2,2,1,electrical_overcurrent,0.6,1,1,,,,,5,0
2026-08-25T21:13:38.678Z,1787692418678,FAN_DT_001_F2_S06_R02_20260825T211108,2,149.683,FAULT_ACTIVE,F2,0.6,FAN_DT_001,3.0,process-model-3.0.0-build3,290,1,LIVE,SYNCHRONISED,AUTOMATIC,NORMAL,65,1950,1950,0,145,157,0.3,0.3,25.35619,39.32,1.367,1.33,0.0254,0,276.59,10.3207,-0.01057,1,0.18,3.823,2.4047,61,CRITICAL,F2,2,1,electrical_overcurrent,0.6,1,1,,,,,5,0
2026-08-25T21:13:39.713Z,1787692419713,FAN_DT_001_F2_S06_R02_20260825T211108,2,150.718,FAULT_ACTIVE,F2,0.6,FAN_DT_001,3.0,process-model-3.0.0-build3,291,1,LIVE,SYNCHRONISED,AUTOMATIC,NORMAL,65,1950,1950,0,145,157,0.3,0.3,25.37249,39.33,1.367,1.33,0.0254,0,276.59,10.3998,-0.01066,1,0.18,3.855,2.4232,61,CRITICAL,F2,2,1,electrical_overcurrent,0.6,1,1,,,,,5,0
2026-08-25T21:13:40.828Z,1787692420828,FAN_DT_001_F2_S06_R02_20260825T211108,2,151.834,FAULT_ACTIVE,F2,0.6,FAN_DT_001,3.0,process-model-3.0.0-build3,292,1,LIVE,SYNCHRONISED,AUTOMATIC,NORMAL,65,1950,1950,0,145,157,0.3,0.3,25.38858,39.34,1.367,1.33,0.0254,0,276.59,10.4789,-0.01075,1,0.18,3.886,2.4416,61,CRITICAL,F2,2,1,electrical_overcurrent,0.6,1,1,,,,,5,0
2026-08-25T21:13:41.787Z,1787692421787,FAN_DT_001_F2_S06_R02_20260825T211108,2,152.808,FAULT_ACTIVE,F2,0.6,FAN_DT_001,3.0,process-model-3.0.0-build3,293,1,LIVE,SYNCHRONISED,AUTOMATIC,NORMAL,65,1950,1950,0,145,157,0.3,0.3,25.40453,39.35,1.367,1.33,0.0254,0,276.59,10.5582,-0.01082,1,0.18,3.913,2.4601,61,CRITICAL,F2,2,1,electrical_overcurrent,0.6,1,1,,,,,5,0
2026-08-25T21:13:43.038Z,1787692423038,FAN_DT_001_F2_S06_R02_20260825T211108,2,154.044,FAULT_ACTIVE,F2,0.6,FAN_DT_001,3.0,process-model-3.0.0-build3,294,1,LIVE,SYNCHRONISED,AUTOMATIC,NORMAL,65,1950,1950,0,145,157,0.3,0.3,25.4202,39.36,1.367,1.33,0.0254,0,276.59,10.6373,-0.01089,1,0.18,3.938,2.4785,61,CRITICAL,F2,2,1,electrical_overcurrent,0.6,1,1,,,,,5,0
2026-08-25T21:13:43.841Z,1787692423841,FAN_DT_001_F2_S06_R02_20260825T211108,2,154.847,FAULT_ACTIVE,F2,0.6,FAN_DT_001,3.0,process-model-3.0.0-build3,295,1,LIVE,SYNCHRONISED,AUTOMATIC,NORMAL,65,1950,1950,0,145,157,0.3,0.3,25.43571,39.37,1.367,1.33,0.0254,0,276.59,10.7166,-0.01096,1,0.18,3.962,2.497,61,CRITICAL,F2,2,1,electrical_overcurrent,0.6,1,1,,,,,5,0
2026-08-25T21:13:44.878Z,1787692424878,FAN_DT_001_F2_S06_R02_20260825T211108,2,155.884,FAULT_ACTIVE,F2,0.6,FAN_DT_001,3.0,process-model-3.0.0-build3,296,1,LIVE,SYNCHRONISED,AUTOMATIC,NORMAL,65,1950,1950,0,145,157,0.3,0.3,25.45099,39.38,1.367,1.33,0.0254,0,276.59,10.7959,-0.01104,1,0.18,3.991,2.5155,61,CRITICAL,F2,2,1,electrical_overcurrent,0.6,1,1,,,,,5,0
2026-08-25T21:13:45.942Z,1787692425942,FAN_DT_001_F2_S06_R02_20260825T211108,2,156.947,FAULT_ACTIVE,F2,0.6,FAN_DT_001,3.0,process-model-3.0.0-build3,297,1,LIVE,SYNCHRONISED,AUTOMATIC,NORMAL,65,1950,1950,0,145,157,0.3,0.3,25.46597,39.39,1.367,1.33,0.0254,0,276.59,10.8749,-0.01109,1,0.18,4.009,2.5339,61,CRITICAL,F2,2,1,electrical_overcurrent,0.6,1,1,,,,,5,0
2026-08-25T21:13:46.966Z,1787692426966,FAN_DT_001_F2_S06_R02_20260825T211108,2,157.971,FAULT_ACTIVE,F2,0.6,FAN_DT_001,3.0,process-model-3.0.0-build3,298,1,LIVE,SYNCHRONISED,AUTOMATIC,NORMAL,65,1950,1950,0,145,157,0.3,0.3,25.48078,39.41,1.367,1.33,0.0254,0,276.59,10.9544,-0.01114,1,0.18,4.027,2.5524,61,CRITICAL,F2,2,1,electrical_overcurrent,0.6,1,1,,,,,5,0
2026-08-25T21:13:47.976Z,1787692427976,FAN_DT_001_F2_S06_R02_20260825T211108,2,158.981,FAULT_ACTIVE,F2,0.6,FAN_DT_001,3.0,process-model-3.0.0-build3,299,1,LIVE,SYNCHRONISED,AUTOMATIC,NORMAL,65,1950,1950,0,145,157,0.3,0.3,25.49533,39.42,1.367,1.33,0.0254,0,276.59,11.0337,-0.01119,1,0.18,4.045,2.5709,61,CRITICAL,F2,2,1,electrical_overcurrent,0.6,1,1,,,,,5,0
2026-08-25T21:13:49.013Z,1787692429013,FAN_DT_001_F2_S06_R02_20260825T211108,2,160.018,FAULT_ACTIVE,F2,0.6,FAN_DT_001,3.0,process-model-3.0.0-build3,300,1,LIVE,SYNCHRONISED,AUTOMATIC,NORMAL,65,1950,1950,0,145,157,0.3,0.3,25.50958,39.43,1.367,1.33,0.0254,0,276.59,11.1129,-0.01124,1,0.18,4.062,2.5893,61,CRITICAL,F2,2,1,electrical_overcurrent,0.6,1,1,,,,,5,0
2026-08-25T21:13:50.042Z,1787692430042,FAN_DT_001_F2_S06_R02_20260825T211108,2,161.047,FAULT_ACTIVE,F2,0.6,FAN_DT_001,3.0,process-model-3.0.0-build3,301,1,LIVE,SYNCHRONISED,AUTOMATIC,NORMAL,65,1950,1950,0,145,157,0.3,0.3,25.52363,39.44,1.367,1.33,0.0254,0,276.59,11.1924,-0.01126,1,0.18,4.072,2.6078,61,CRITICAL,F2,2,1,electrical_overcurrent,0.6,1,1,,,,,5,0
2026-08-25T21:13:51.074Z,1787692431074,FAN_DT_001_F2_S06_R02_20260825T211108,2,162.079,FAULT_ACTIVE,F2,0.6,FAN_DT_001,3.0,process-model-3.0.0-build3,302,1,LIVE,SYNCHRONISED,AUTOMATIC,NORMAL,65,1950,1950,0,145,157,0.3,0.3,25.53733,39.45,1.367,1.33,0.0254,0,276.59,11.2715,-0.0113,1,0.18,4.085,2.6263,61,CRITICAL,F2,2,1,electrical_overcurrent,0.6,1,1,,,,,5,0
2026-08-25T21:13:52.115Z,1787692432115,FAN_DT_001_F2_S06_R02_20260825T211108,2,163.12,FAULT_ACTIVE,F2,0.6,FAN_DT_001,3.0,process-model-3.0.0-build3,303,1,LIVE,SYNCHRONISED,AUTOMATIC,NORMAL,65,1950,1950,0,145,157,0.3,0.3,25.55073,39.46,1.367,1.33,0.0254,0,276.59,11.3505,-0.01132,1,0.18,4.094,2.6447,61,CRITICAL,F2,2,1,electrical_overcurrent,0.6,1,1,,,,,5,0
2026-08-25T21:13:53.146Z,1787692433146,FAN_DT_001_F2_S06_R02_20260825T211108,2,164.154,FAULT_ACTIVE,F2,0.6,FAN_DT_001,3.0,process-model-3.0.0-build3,304,1,LIVE,SYNCHRONISED,AUTOMATIC,NORMAL,65,1950,1950,0,145,157,0.3,0.3,25.56391,39.48,1.367,1.33,0.0254,0,276.59,11.4299,-0.01135,1,0.18,4.105,2.6632,61,CRITICAL,F2,2,1,electrical_overcurrent,0.6,1,1,,,,,5,0
2026-08-25T21:13:54.189Z,1787692434189,FAN_DT_001_F2_S06_R02_20260825T211108,2,165.193,FAULT_ACTIVE,F2,0.6,FAN_DT_001,3.0,process-model-3.0.0-build3,305,1,LIVE,SYNCHRONISED,AUTOMATIC,NORMAL,65,1950,1950,0,145,157,0.3,0.3,25.57673,39.49,1.367,1.33,0.0254,0,276.59,11.509,-0.01139,1,0.18,4.116,2.6816,61,CRITICAL,F2,2,1,electrical_overcurrent,0.6,1,1,,,,,5,0
2026-08-25T21:13:55.240Z,1787692435240,FAN_DT_001_F2_S06_R02_20260825T211108,2,166.245,FAULT_ACTIVE,F2,0.6,FAN_DT_001,3.0,process-model-3.0.0-build3,306,1,LIVE,SYNCHRONISED,AUTOMATIC,NORMAL,65,1950,1950,0,145,157,0.3,0.3,25.58931,39.5,1.367,1.33,0.0254,0,276.59,11.5883,-0.01138,1,0.18,4.116,2.7001,61,CRITICAL,F2,2,1,electrical_overcurrent,0.6,1,1,,,,,5,0
2026-08-25T21:13:56.232Z,1787692436232,FAN_DT_001_F2_S06_R02_20260825T211108,2,167.237,FAULT_ACTIVE,F2,0.6,FAN_DT_001,3.0,process-model-3.0.0-build3,307,1,LIVE,SYNCHRONISED,AUTOMATIC,NORMAL,65,1950,1950,0,145,157,0.3,0.3,25.60147,39.51,1.367,1.33,0.0254,0,276.59,11.667,-0.01138,1,0.18,4.116,2.7184,61,CRITICAL,F2,2,1,electrical_overcurrent,0.6,1,1,,,,,5,0
2026-08-25T21:13:57.268Z,1787692437268,FAN_DT_001_F2_S06_R02_20260825T211108,2,168.28,FAULT_ACTIVE,F2,0.6,FAN_DT_001,3.0,process-model-3.0.0-build3,308,1,LIVE,SYNCHRONISED,AUTOMATIC,NORMAL,65,1950,1950,0,145,157,0.3,0.3,25.61339,39.52,1.367,1.33,0.0254,0,276.59,11.7462,-0.01141,1,0.18,4.127,2.7369,61,CRITICAL,F2,2,1,electrical_overcurrent,0.6,1,1,,,,,5,0
2026-08-25T21:13:58.320Z,1787692438320,FAN_DT_001_F2_S06_R02_20260825T211108,2,169.324,FAULT_ACTIVE,F2,0.6,FAN_DT_001,3.0,process-model-3.0.0-build3,309,1,LIVE,SYNCHRONISED,AUTOMATIC,NORMAL,65,1950,1950,0,145,157,0.3,0.3,25.62506,39.53,1.367,1.33,0.0254,0,276.59,11.8259,-0.01138,1,0.18,4.116,2.7554,61,CRITICAL,F2,2,1,electrical_overcurrent,0.6,1,1,,,,,5,0
2026-08-25T21:13:59.344Z,1787692439344,FAN_DT_001_F2_S06_R02_20260825T211108,2,170.349,FAULT_ACTIVE,F2,0.6,FAN_DT_001,3.0,process-model-3.0.0-build3,310,1,LIVE,SYNCHRONISED,AUTOMATIC,NORMAL,65,1950,1950,0,145,157,0.3,0.3,25.6363,39.55,1.367,1.33,0.0254,0,276.59,11.9048,-0.01139,1,0.18,4.116,2.7738,61,CRITICAL,F2,2,1,electrical_overcurrent,0.6,1,1,,,,,5,0
2026-08-25T21:14:00.364Z,1787692440364,FAN_DT_001_F2_S06_R02_20260825T211108,2,171.369,FAULT_ACTIVE,F2,0.6,FAN_DT_001,3.0,process-model-3.0.0-build3,311,1,LIVE,SYNCHRONISED,AUTOMATIC,NORMAL,65,1950,1950,0,145,157,0.3,0.3,25.64724,39.56,1.367,1.33,0.0254,0,276.59,11.984,-0.01138,1,0.18,4.116,2.7923,61,CRITICAL,F2,2,1,electrical_overcurrent,0.6,1,1,,,,,5,0
2026-08-25T21:14:01.403Z,1787692441403,FAN_DT_001_F2_S06_R02_20260825T211108,2,172.414,FAULT_ACTIVE,F2,0.6,FAN_DT_001,3.0,process-model-3.0.0-build3,312,1,LIVE,SYNCHRONISED,AUTOMATIC,NORMAL,65,1950,1950,0,145,157,0.3,0.3,25.65786,39.57,1.367,1.33,0.0254,0,276.59,12.0634,-0.01136,1,0.18,4.105,2.8108,61,CRITICAL,F2,2,1,electrical_overcurrent,0.6,1,1,,,,,5,0
2026-08-25T21:14:02.432Z,1787692442432,FAN_DT_001_F2_S06_R02_20260825T211108,2,173.436,FAULT_ACTIVE,F2,0.6,FAN_DT_001,3.0,process-model-3.0.0-build3,313,1,LIVE,SYNCHRONISED,AUTOMATIC,NORMAL,65,1950,1950,0,145,157,0.3,0.3,25.6681,39.58,1.367,1.33,0.0254,0,276.59,12.1425,-0.01133,1,0.18,4.095,2.8292,61,CRITICAL,F2,2,1,electrical_overcurrent,0.6,1,1,,,,,5,0
2026-08-25T21:14:03.462Z,1787692443462,FAN_DT_001_F2_S06_R02_20260825T211108,2,174.467,FAULT_ACTIVE,F2,0.6,FAN_DT_001,3.0,process-model-3.0.0-build3,314,1,LIVE,SYNCHRONISED,AUTOMATIC,NORMAL,65,1950,1950,0,145,157,0.3,0.3,25.67805,39.59,1.367,1.33,0.0254,0,276.59,12.222,-0.01129,1,0.18,4.084,2.8477,61,CRITICAL,F2,2,1,electrical_overcurrent,0.6,1,1,,,,,5,0
2026-08-25T21:14:04.496Z,1787692444496,FAN_DT_001_F2_S06_R02_20260825T211108,2,175.501,FAULT_ACTIVE,F2,0.6,FAN_DT_001,3.0,process-model-3.0.0-build3,315,1,LIVE,SYNCHRONISED,AUTOMATIC,NORMAL,65,1950,1950,0,145,157,0.3,0.3,25.68757,39.61,1.367,1.33,0.0254,0,276.59,12.301,-0.01127,1,0.18,4.075,2.8661,61,CRITICAL,F2,2,1,electrical_overcurrent,0.6,1,1,,,,,5,0
2026-08-25T21:14:05.608Z,1787692445608,FAN_DT_001_F2_S06_R02_20260825T211108,2,176.615,FAULT_ACTIVE,F2,0.6,FAN_DT_001,3.0,process-model-3.0.0-build3,316,1,LIVE,SYNCHRONISED,AUTOMATIC,NORMAL,65,1950,1950,0,145,157,0.3,0.3,25.69672,39.62,1.367,1.33,0.0254,0,276.59,12.3799,-0.01124,1,0.18,4.062,2.8845,61,CRITICAL,F2,2,1,electrical_overcurrent,0.6,1,1,,,,,5,0
2026-08-25T21:14:06.555Z,1787692446555,FAN_DT_001_F2_S06_R02_20260825T211108,2,177.563,FAULT_ACTIVE,F2,0.6,FAN_DT_001,3.0,process-model-3.0.0-build3,317,1,LIVE,SYNCHRONISED,AUTOMATIC,NORMAL,65,1950,1950,0,145,157,0.3,0.3,25.70556,39.63,1.367,1.33,0.0254,0,276.59,12.4593,-0.01117,1,0.18,4.039,2.903,61,CRITICAL,F2,2,1,electrical_overcurrent,0.6,1,1,,,,,5,0
2026-08-25T21:14:07.778Z,1787692447778,FAN_DT_001_F2_S06_R02_20260825T211108,2,178.783,FAULT_ACTIVE,F2,0.6,FAN_DT_001,3.0,process-model-3.0.0-build3,318,1,LIVE,SYNCHRONISED,AUTOMATIC,NORMAL,65,1950,1950,0,145,157,0.3,0.3,25.71401,39.64,1.367,1.33,0.0254,0,276.59,12.5384,-0.01113,1,0.18,4.022,2.9214,61,CRITICAL,F2,2,1,electrical_overcurrent,0.6,1,1,,,,,5,0
2026-08-25T21:14:08.753Z,1787692448753,FAN_DT_001_F2_S06_R02_20260825T211108,2,179.799,FAULT_ACTIVE,F2,0.6,FAN_DT_001,3.0,process-model-3.0.0-build3,319,1,LIVE,SYNCHRONISED,AUTOMATIC,NORMAL,65,1950,1950,0,145,157,0.3,0.3,25.72209,39.65,1.367,1.33,0.0254,0,276.59,12.6176,-0.01109,1,0.18,4.01,2.9399,61,CRITICAL,F2,2,1,electrical_overcurrent,0.6,1,1,,,,,5,0
2026-08-25T21:14:09.658Z,1787692449658,FAN_DT_001_F2_S06_R02_20260825T211108,2,180.673,FAULT_ACTIVE,F2,0.6,FAN_DT_001,3.0,process-model-3.0.0-build3,320,1,LIVE,SYNCHRONISED,AUTOMATIC,NORMAL,65,1950,1950,0,145,157,0.3,0.3,25.7298,39.66,1.367,1.33,0.0254,0,276.59,12.697,-0.01102,1,0.18,3.984,2.9584,61,CRITICAL,F2,2,1,electrical_overcurrent,0.6,1,1,,,,,5,0
2026-08-25T21:14:10.658Z,1787692450658,FAN_DT_001_F2_S06_R02_20260825T211108,2,181.663,FAULT_ACTIVE,F2,0.6,FAN_DT_001,3.0,process-model-3.0.0-build3,321,1,LIVE,SYNCHRONISED,AUTOMATIC,NORMAL,65,1950,1950,0,145,157,0.3,0.3,25.7372,39.67,1.367,1.33,0.0254,0,276.59,12.7771,-0.01094,1,0.18,3.957,2.9771,61,CRITICAL,F2,2,1,electrical_overcurrent,0.6,1,1,,,,,5,0
2026-08-25T21:14:11.880Z,1787692451880,FAN_DT_001_F2_S06_R02_20260825T211108,2,183.082,FAULT_ACTIVE,F2,0.6,FAN_DT_001,3.0,process-model-3.0.0-build3,322,1,LIVE,SYNCHRONISED,AUTOMATIC,NORMAL,65,1950,1950,0,145,157,0.3,0.3,25.74385,39.68,1.367,1.33,0.0254,0,276.59,12.8531,-0.01088,1,0.18,3.933,2.9948,61,CRITICAL,F2,2,1,electrical_overcurrent,0.6,1,1,,,,,5,0
2026-08-25T21:14:12.963Z,1787692452963,FAN_DT_001_F2_S06_R02_20260825T211108,2,184.056,FAULT_ACTIVE,F2,0.6,FAN_DT_001,3.0,process-model-3.0.0-build3,323,1,LIVE,SYNCHRONISED,AUTOMATIC,NORMAL,65,1950,1950,0,145,157,0.3,0.3,25.75043,39.7,1.367,1.33,0.0254,0,276.59,12.9326,-0.01081,1,0.18,3.908,3.0133,61,CRITICAL,F2,2,1,electrical_overcurrent,0.6,1,1,,,,,5,0
2026-08-25T21:14:13.761Z,1787692453761,FAN_DT_001_F2_S06_R02_20260825T211108,2,184.766,FAULT_ACTIVE,F2,0.6,FAN_DT_001,3.0,process-model-3.0.0-build3,324,1,LIVE,SYNCHRONISED,AUTOMATIC,NORMAL,65,1950,1950,0,145,157,0.3,0.3,25.75659,39.71,1.367,1.33,0.0254,0,276.59,13.012,-0.01072,1,0.18,3.876,3.0318,61,CRITICAL,F2,2,1,electrical_overcurrent,0.6,1,1,,,,,5,0
2026-08-25T21:14:14.804Z,1787692454804,FAN_DT_001_F2_S06_R02_20260825T211108,2,185.81,FAULT_ACTIVE,F2,0.6,FAN_DT_001,3.0,process-model-3.0.0-build3,325,1,LIVE,SYNCHRONISED,AUTOMATIC,NORMAL,65,1950,1950,0,145,157,0.3,0.3,25.76234,39.72,1.367,1.33,0.0254,0,276.59,13.0911,-0.01065,1,0.18,3.849,3.0502,61,CRITICAL,F2,2,1,electrical_overcurrent,0.6,1,1,,,,,5,0
2026-08-25T21:14:15.830Z,1787692455830,FAN_DT_001_F2_S06_R02_20260825T211108,2,186.842,FAULT_ACTIVE,F2,0.6,FAN_DT_001,3.0,process-model-3.0.0-build3,326,1,LIVE,SYNCHRONISED,AUTOMATIC,NORMAL,65,1950,1950,0,145,157,0.3,0.3,25.7677,39.73,1.367,1.33,0.0254,0,276.59,13.1704,-0.01054,1,0.18,3.809,3.0687,61,CRITICAL,F2,2,1,electrical_overcurrent,0.6,1,1,,,,,5,0
2026-08-25T21:14:16.877Z,1787692456877,FAN_DT_001_F2_S06_R02_20260825T211108,2,187.881,FAULT_ACTIVE,F2,0.6,FAN_DT_001,3.0,process-model-3.0.0-build3,327,1,LIVE,SYNCHRONISED,AUTOMATIC,NORMAL,65,1950,1950,0,145,157,0.3,0.3,25.77266,39.74,1.367,1.33,0.0254,0,276.59,13.2497,-0.01043,1,0.18,3.772,3.0872,61,CRITICAL,F2,2,1,electrical_overcurrent,0.6,1,1,,,,,5,0
2026-08-25T21:14:17.897Z,1787692457897,FAN_DT_001_F2_S06_R02_20260825T211108,2,188.902,FAULT_ACTIVE,F2,0.6,FAN_DT_001,3.0,process-model-3.0.0-build3,328,1,LIVE,SYNCHRONISED,AUTOMATIC,NORMAL,65,1950,1950,0,145,157,0.3,0.3,25.77719,39.75,1.367,1.33,0.0254,0,276.59,13.3286,-0.01035,1,0.18,3.742,3.1056,61,CRITICAL,F2,2,1,electrical_overcurrent,0.6,1,1,,,,,5,0
2026-08-25T21:14:18.927Z,1787692458927,FAN_DT_001_F2_S06_R02_20260825T211108,2,189.936,FAULT_ACTIVE,F2,0.6,FAN_DT_001,3.0,process-model-3.0.0-build3,329,1,LIVE,SYNCHRONISED,AUTOMATIC,NORMAL,65,1950,1950,0,145,157,0.3,0.3,25.78135,39.76,1.367,1.33,0.0254,0,276.59,13.4082,-0.01023,1,0.18,3.7,3.1241,61,CRITICAL,F2,2,1,electrical_overcurrent,0.6,1,1,,,,,5,0
2026-08-25T21:14:19.962Z,1787692459962,FAN_DT_001_F2_S06_R02_20260825T211108,2,190.967,FAULT_ACTIVE,F2,0.6,FAN_DT_001,3.0,process-model-3.0.0-build3,330,1,LIVE,SYNCHRONISED,AUTOMATIC,NORMAL,65,1950,1950,0,145,157,0.3,0.3,25.78508,39.77,1.367,1.33,0.0254,0,276.59,13.4874,-0.01013,1,0.18,3.661,3.1426,61,CRITICAL,F2,2,1,electrical_overcurrent,0.6,1,1,,,,,5,0
2026-08-25T21:14:20.998Z,1787692460998,FAN_DT_001_F2_S06_R02_20260825T211108,2,192.003,FAULT_ACTIVE,F2,0.6,FAN_DT_001,3.0,process-model-3.0.0-build3,331,1,LIVE,SYNCHRONISED,AUTOMATIC,NORMAL,65,1950,1950,0,145,157,0.3,0.3,25.7884,39.78,1.367,1.33,0.0254,0,276.59,13.5666,-0.01001,1,0.18,3.62,3.161,61,CRITICAL,F2,2,1,electrical_overcurrent,0.6,1,1,,,,,5,0
2026-08-25T21:14:22.027Z,1787692462027,FAN_DT_001_F2_S06_R02_20260825T211108,2,193.032,FAULT_ACTIVE,F2,0.6,FAN_DT_001,3.0,process-model-3.0.0-build3,332,1,LIVE,SYNCHRONISED,AUTOMATIC,NORMAL,65,1950,1950,0,145,157,0.3,0.3,25.79131,39.79,1.367,1.33,0.0254,0,276.59,13.6461,-0.00987,1,0.18,3.568,3.1795,61,CRITICAL,F2,2,1,electrical_overcurrent,0.6,1,1,,,,,5,0
2026-08-25T21:14:23.068Z,1787692463068,FAN_DT_001_F2_S06_R02_20260825T211108,2,194.078,FAULT_ACTIVE,F2,0.6,FAN_DT_001,3.0,process-model-3.0.0-build3,333,1,LIVE,SYNCHRONISED,AUTOMATIC,NORMAL,65,1950,1950,0,145,157,0.3,0.3,25.79379,39.8,1.367,1.33,0.0254,0,276.59,13.7252,-0.00977,1,0.18,3.532,3.198,61,CRITICAL,F2,2,1,electrical_overcurrent,0.6,1,1,,,,,5,0
2026-08-25T21:14:24.134Z,1787692464134,FAN_DT_001_F2_S06_R02_20260825T211108,2,195.143,FAULT_ACTIVE,F2,0.6,FAN_DT_001,3.0,process-model-3.0.0-build3,334,1,LIVE,SYNCHRONISED,AUTOMATIC,NORMAL,65,1950,1950,0,145,157,0.3,0.3,25.79586,39.81,1.367,1.33,0.0254,0,276.59,13.8044,-0.00963,1,0.18,3.481,3.2164,61,CRITICAL,F2,2,1,electrical_overcurrent,0.6,1,1,,,,,5,0
2026-08-25T21:14:25.129Z,1787692465129,FAN_DT_001_F2_S06_R02_20260825T211108,2,196.135,FAULT_ACTIVE,F2,0.6,FAN_DT_001,3.0,process-model-3.0.0-build3,335,1,LIVE,SYNCHRONISED,AUTOMATIC,NORMAL,65,1950,1950,0,145,157,0.3,0.3,25.79752,39.82,1.367,1.33,0.0254,0,276.59,13.8837,-0.00948,1,0.18,3.426,3.2349,61,CRITICAL,F2,2,1,electrical_overcurrent,0.6,1,1,,,,,5,0
2026-08-25T21:14:26.172Z,1787692466172,FAN_DT_001_F2_S06_R02_20260825T211108,2,197.178,FAULT_ACTIVE,F2,0.6,FAN_DT_001,3.0,process-model-3.0.0-build3,336,1,LIVE,SYNCHRONISED,AUTOMATIC,NORMAL,65,1950,1950,0,145,157,0.3,0.3,25.79876,39.83,1.367,1.33,0.0254,0,276.59,13.9635,-0.00933,1,0.18,3.375,3.2535,61,CRITICAL,F2,2,1,electrical_overcurrent,0.6,1,1,,,,,5,0
2026-08-25T21:14:27.210Z,1787692467210,FAN_DT_001_F2_S06_R02_20260825T211108,2,198.214,FAULT_ACTIVE,F2,0.6,FAN_DT_001,3.0,process-model-3.0.0-build3,337,1,LIVE,SYNCHRONISED,AUTOMATIC,NORMAL,65,1950,1950,0,145,157,0.3,0.3,25.79957,39.84,1.367,1.33,0.0254,0,276.59,14.0426,-0.00921,1,0.18,3.331,3.2719,61,CRITICAL,F2,2,1,electrical_overcurrent,0.6,1,1,,,,,5,0
2026-08-25T21:14:28.236Z,1787692468236,FAN_DT_001_F2_S06_R02_20260825T211108,2,199.242,FAULT_ACTIVE,F2,0.6,FAN_DT_001,3.0,process-model-3.0.0-build3,338,1,LIVE,SYNCHRONISED,AUTOMATIC,NORMAL,65,1950,1950,0,145,157,0.3,0.3,25.79996,39.85,1.367,1.33,0.0254,0,276.59,14.1221,-0.00906,1,0.18,3.276,3.2905,61,CRITICAL,F2,2,1,electrical_overcurrent,0.6,1,1,,,,,5,0
2026-08-25T21:14:29.266Z,1787692469266,FAN_DT_001_F2_S06_R02_20260825T211108,2,200.276,FAULT_ACTIVE,F2,0.6,FAN_DT_001,3.0,process-model-3.0.0-build3,339,1,LIVE,SYNCHRONISED,AUTOMATIC,NORMAL,65,1950,1950,0,145,157,0.3,0.3,25.79993,39.86,1.367,1.33,0.0254,0,276.59,14.2013,-0.0089,1,0.18,3.218,3.3089,61,CRITICAL,F2,2,1,electrical_overcurrent,0.6,1,1,,,,,5,0
2026-08-25T21:14:30.327Z,1787692470327,FAN_DT_001_F2_S06_R02_20260825T211108,2,201.332,FAULT_ACTIVE,F2,0.6,FAN_DT_001,3.0,process-model-3.0.0-build3,340,1,LIVE,SYNCHRONISED,AUTOMATIC,NORMAL,65,1950,1950,0,145,157,0.3,0.3,25.79949,39.87,1.367,1.33,0.0254,0,276.59,14.2802,-0.00874,1,0.18,3.158,3.3273,61,CRITICAL,F2,2,1,electrical_overcurrent,0.6,1,1,,,,,5,0
2026-08-25T21:14:31.354Z,1787692471354,FAN_DT_001_F2_S06_R02_20260825T211108,2,202.397,FAULT_ACTIVE,F2,0.6,FAN_DT_001,3.0,process-model-3.0.0-build3,341,1,LIVE,SYNCHRONISED,AUTOMATIC,NORMAL,65,1950,1950,0,145,157,0.3,0.3,25.79862,39.88,1.367,1.33,0.0254,0,276.59,14.3595,-0.00857,1,0.18,3.098,3.3458,61,CRITICAL,F2,2,1,electrical_overcurrent,0.6,1,1,,,,,5,0
2026-08-25T21:14:32.392Z,1787692472392,FAN_DT_001_F2_S06_R02_20260825T211108,2,203.454,FAULT_ACTIVE,F2,0.6,FAN_DT_001,3.0,process-model-3.0.0-build3,342,1,LIVE,SYNCHRONISED,AUTOMATIC,NORMAL,65,1950,1950,0,145,157,0.3,0.3,25.79733,39.89,1.367,1.33,0.0254,0,276.59,14.4386,-0.0084,1,0.18,3.038,3.3642,61,CRITICAL,F2,2,1,electrical_overcurrent,0.6,1,1,,,,,5,0
2026-08-25T21:14:33.403Z,1787692473403,FAN_DT_001_F2_S06_R02_20260825T211108,2,204.408,FAULT_ACTIVE,F2,0.6,FAN_DT_001,3.0,process-model-3.0.0-build3,343,1,LIVE,SYNCHRONISED,AUTOMATIC,NORMAL,65,1950,1950,0,145,157,0.3,0.3,25.79562,39.9,1.367,1.33,0.0254,0,276.59,14.518,-0.00825,1,0.18,2.983,3.3827,61,CRITICAL,F2,2,1,electrical_overcurrent,0.6,1,1,,,,,5,0
2026-08-25T21:14:34.434Z,1787692474434,FAN_DT_001_F2_S06_R02_20260825T211108,2,205.438,FAULT_ACTIVE,F2,0.6,FAN_DT_001,3.0,process-model-3.0.0-build3,344,1,LIVE,SYNCHRONISED,AUTOMATIC,NORMAL,65,1950,1950,0,145,157,0.3,0.3,25.7935,39.9,1.367,1.33,0.0254,0,276.59,14.5974,-0.00805,1,0.18,2.911,3.4012,61,CRITICAL,F2,2,1,electrical_overcurrent,0.6,1,1,,,,,5,0
2026-08-25T21:14:35.467Z,1787692475467,FAN_DT_001_F2_S06_R02_20260825T211108,2,206.477,FAULT_ACTIVE,F2,0.6,FAN_DT_001,3.0,process-model-3.0.0-build3,345,1,LIVE,SYNCHRONISED,AUTOMATIC,NORMAL,65,1950,1950,0,145,157,0.3,0.3,25.79095,39.91,1.367,1.33,0.0254,0,276.59,14.6769,-0.0079,1,0.18,2.855,3.4197,61,CRITICAL,F2,2,1,electrical_overcurrent,0.6,1,1,,,,,5,0
2026-08-25T21:14:36.514Z,1787692476514,FAN_DT_001_F2_S06_R02_20260825T211108,2,207.519,FAULT_ACTIVE,F2,0.6,FAN_DT_001,3.0,process-model-3.0.0-build3,346,1,LIVE,SYNCHRONISED,AUTOMATIC,NORMAL,65,1950,1950,0,145,157,0.3,0.3,25.78799,39.92,1.367,1.33,0.0254,0,276.59,14.7559,-0.00772,1,0.18,2.79,3.4381,61,CRITICAL,F2,2,1,electrical_overcurrent,0.6,1,1,,,,,5,0
2026-08-25T21:14:37.547Z,1787692477547,FAN_DT_001_F2_S06_R02_20260825T211108,2,208.551,FAULT_ACTIVE,F2,0.6,FAN_DT_001,3.0,process-model-3.0.0-build3,347,1,LIVE,SYNCHRONISED,AUTOMATIC,NORMAL,65,1950,1950,0,145,157,0.3,0.3,25.78462,39.93,1.367,1.33,0.0254,0,276.59,14.8352,-0.00751,1,0.18,2.714,3.4566,61,CRITICAL,F2,2,1,electrical_overcurrent,0.6,1,1,,,,,5,0
2026-08-25T21:14:38.634Z,1787692478634,FAN_DT_001_F2_S06_R02_20260825T211108,2,209.645,FAULT_ACTIVE,F2,0.6,FAN_DT_001,3.0,process-model-3.0.0-build3,348,1,LIVE,SYNCHRONISED,AUTOMATIC,NORMAL,65,1950,1950,0,145,157,0.3,0.3,25.78084,39.94,1.367,1.33,0.0254,0,276.59,14.9144,-0.00732,1,0.18,2.648,3.4751,61,CRITICAL,F2,2,1,electrical_overcurrent,0.6,1,1,,,,,5,0
2026-08-25T21:14:39.604Z,1787692479604,FAN_DT_001_F2_S06_R02_20260825T211108,2,210.61,FAULT_ACTIVE,F2,0.6,FAN_DT_001,3.0,process-model-3.0.0-build3,349,1,LIVE,SYNCHRONISED,AUTOMATIC,NORMAL,65,1950,1950,0,145,157,0.3,0.3,25.77666,39.94,1.367,1.33,0.0254,0,276.59,14.9935,-0.00714,1,0.18,2.581,3.4935,61,CRITICAL,F2,2,1,electrical_overcurrent,0.6,1,1,,,,,5,0
2026-08-25T21:14:40.636Z,1787692480636,FAN_DT_001_F2_S06_R02_20260825T211108,2,211.64,FAULT_ACTIVE,F2,0.6,FAN_DT_001,3.0,process-model-3.0.0-build3,350,1,LIVE,SYNCHRONISED,AUTOMATIC,NORMAL,65,1950,1950,0,145,157,0.3,0.3,25.77204,39.95,1.367,1.33,0.0254,0,276.59,15.0729,-0.00694,1,0.18,2.511,3.512,61,CRITICAL,F2,2,1,electrical_overcurrent,0.6,1,1,,,,,5,0
2026-08-25T21:14:41.666Z,1787692481666,FAN_DT_001_F2_S06_R02_20260825T211108,2,212.67,FAULT_ACTIVE,F2,0.6,FAN_DT_001,3.0,process-model-3.0.0-build3,351,1,LIVE,SYNCHRONISED,AUTOMATIC,NORMAL,65,1950,1950,0,145,157,0.3,0.3,25.76702,39.96,1.367,1.33,0.0254,0,276.59,15.1524,-0.00675,1,0.18,2.441,3.5305,61,CRITICAL,F2,2,1,electrical_overcurrent,0.6,1,1,,,,,5,0
2026-08-25T21:14:42.705Z,1787692482705,FAN_DT_001_F2_S06_R02_20260825T211108,2,213.71,FAULT_ACTIVE,F2,0.6,FAN_DT_001,3.0,process-model-3.0.0-build3,352,1,LIVE,SYNCHRONISED,AUTOMATIC,NORMAL,65,1950,1950,0,145,157,0.3,0.3,25.76162,39.96,1.367,1.33,0.0254,0,276.59,15.2314,-0.00653,1,0.18,2.361,3.5489,61,CRITICAL,F2,2,1,electrical_overcurrent,0.6,1,1,,,,,5,0
2026-08-25T21:14:43.742Z,1787692483742,FAN_DT_001_F2_S06_R02_20260825T211108,2,214.747,FAULT_ACTIVE,F2,0.6,FAN_DT_001,3.0,process-model-3.0.0-build3,353,1,LIVE,SYNCHRONISED,AUTOMATIC,NORMAL,65,1950,1950,0,145,157,0.3,0.3,25.75581,39.97,1.367,1.33,0.0254,0,276.59,15.3107,-0.00633,1,0.18,2.288,3.5674,61,CRITICAL,F2,2,1,electrical_overcurrent,0.6,1,1,,,,,5,0
2026-08-25T21:14:44.761Z,1787692484761,FAN_DT_001_F2_S06_R02_20260825T211108,2,215.765,FAULT_ACTIVE,F2,0.6,FAN_DT_001,3.0,process-model-3.0.0-build3,354,1,LIVE,SYNCHRONISED,AUTOMATIC,NORMAL,65,1950,1950,0,145,157,0.3,0.3,25.7496,39.98,1.367,1.33,0.0254,0,276.59,15.3899,-0.00612,1,0.18,2.213,3.5859,61,CRITICAL,F2,2,1,electrical_overcurrent,0.6,1,1,,,,,5,0
2026-08-25T21:14:45.798Z,1787692485798,FAN_DT_001_F2_S06_R02_20260825T211108,2,216.802,FAULT_ACTIVE,F2,0.6,FAN_DT_001,3.0,process-model-3.0.0-build3,355,1,LIVE,SYNCHRONISED,AUTOMATIC,NORMAL,65,1950,1950,0,145,157,0.3,0.3,25.74302,39.98,1.367,1.33,0.0254,0,276.59,15.4689,-0.00591,1,0.18,2.137,3.6043,61,CRITICAL,F2,2,1,electrical_overcurrent,0.6,1,1,,,,,5,0
2026-08-25T21:14:46.829Z,1787692486829,FAN_DT_001_F2_S06_R02_20260825T211108,2,217.833,FAULT_ACTIVE,F2,0.6,FAN_DT_001,3.0,process-model-3.0.0-build3,356,1,LIVE,SYNCHRONISED,AUTOMATIC,NORMAL,65,1950,1950,0,145,157,0.3,0.3,25.73602,39.99,1.367,1.33,0.0254,0,276.59,15.5483,-0.00569,1,0.18,2.058,3.6228,61,CRITICAL,F2,2,1,electrical_overcurrent,0.6,1,1,,,,,5,0
2026-08-25T21:14:47.858Z,1787692487858,FAN_DT_001_F2_S06_R02_20260825T211108,2,218.862,FAULT_ACTIVE,F2,0.6,FAN_DT_001,3.0,process-model-3.0.0-build3,357,1,LIVE,SYNCHRONISED,AUTOMATIC,NORMAL,65,1950,1950,0,145,157,0.3,0.3,25.72866,40,1.367,1.33,0.0254,0,276.59,15.6274,-0.00547,1,0.18,1.978,3.6412,61,CRITICAL,F2,2,1,electrical_overcurrent,0.6,1,1,,,,,5,0
2026-08-25T21:14:48.898Z,1787692488898,FAN_DT_001_F2_S06_R02_20260825T211108,2,219.902,FAULT_ACTIVE,F2,0.6,FAN_DT_001,3.0,process-model-3.0.0-build3,358,1,LIVE,SYNCHRONISED,AUTOMATIC,NORMAL,65,1950,1950,0,145,157,0.3,0.3,25.72093,40,1.367,1.33,0.0254,0,276.59,15.7063,-0.00527,1,0.18,1.906,3.6596,61,CRITICAL,F2,2,1,electrical_overcurrent,0.6,1,1,,,,,5,0
2026-08-25T21:14:49.928Z,1787692489928,FAN_DT_001_F2_S06_R02_20260825T211108,2,220.932,FAULT_ACTIVE,F2,0.6,FAN_DT_001,3.0,process-model-3.0.0-build3,359,1,LIVE,SYNCHRONISED,AUTOMATIC,NORMAL,65,1950,1950,0,145,157,0.3,0.3,25.71277,40.01,1.367,1.33,0.0254,0,276.59,15.7858,-0.00503,1,0.18,1.817,3.6781,61,CRITICAL,F2,2,1,electrical_overcurrent,0.6,1,1,,,,,5,0
2026-08-25T21:14:50.965Z,1787692490965,FAN_DT_001_F2_S06_R02_20260825T211108,2,221.969,FAULT_ACTIVE,F2,0.6,FAN_DT_001,3.0,process-model-3.0.0-build3,360,1,LIVE,SYNCHRONISED,AUTOMATIC,NORMAL,65,1950,1950,0,145,157,0.3,0.3,25.70428,40.01,1.367,1.33,0.0254,0,276.59,15.8648,-0.00481,1,0.18,1.74,3.6965,61,CRITICAL,F2,2,1,electrical_overcurrent,0.6,1,1,,,,,5,0
2026-08-25T21:14:51.994Z,1787692491994,FAN_DT_001_F2_S06_R02_20260825T211108,2,222.998,FAULT_ACTIVE,F2,0.6,FAN_DT_001,3.0,process-model-3.0.0-build3,361,1,LIVE,SYNCHRONISED,AUTOMATIC,NORMAL,65,1950,1950,0,145,157,0.3,0.3,25.69541,40.02,1.367,1.33,0.0254,0,276.59,15.944,-0.00457,1,0.18,1.653,3.7149,61,CRITICAL,F2,2,1,electrical_overcurrent,0.6,1,1,,,,,5,0
2026-08-25T21:14:53.023Z,1787692493023,FAN_DT_001_F2_S06_R02_20260825T211108,2,224.027,FAULT_ACTIVE,F2,0.6,FAN_DT_001,3.0,process-model-3.0.0-build3,362,1,LIVE,SYNCHRONISED,AUTOMATIC,NORMAL,65,1950,1950,0,145,157,0.3,0.3,25.68614,40.02,1.367,1.33,0.0254,0,276.59,16.0234,-0.00436,1,0.18,1.576,3.7335,61,CRITICAL,F2,2,1,electrical_overcurrent,0.6,1,1,,,,,5,0
2026-08-25T21:14:54.067Z,1787692494067,FAN_DT_001_F2_S06_R02_20260825T211108,2,225.071,FAULT_ACTIVE,F2,0.6,FAN_DT_001,3.0,process-model-3.0.0-build3,363,1,LIVE,SYNCHRONISED,AUTOMATIC,NORMAL,65,1950,1950,0,145,157,0.3,0.3,25.67652,40.03,1.367,1.33,0.0254,0,276.59,16.1028,-0.00413,1,0.18,1.494,3.752,61,CRITICAL,F2,2,1,electrical_overcurrent,0.6,1,1,,,,,5,0
2026-08-25T21:14:55.098Z,1787692495098,FAN_DT_001_F2_S06_R02_20260825T211108,2,226.105,FAULT_ACTIVE,F2,0.6,FAN_DT_001,3.0,process-model-3.0.0-build3,364,1,LIVE,SYNCHRONISED,AUTOMATIC,NORMAL,65,1950,1950,0,145,157,0.3,0.3,25.66658,40.03,1.367,1.33,0.0254,0,276.59,16.1819,-0.00387,1,0.18,1.4,3.7704,61,CRITICAL,F2,2,1,electrical_overcurrent,0.6,1,1,,,,,5,0
2026-08-25T21:14:58.817Z,1787692498817,FAN_DT_001_F2_S06_R02_20260825T211108,2,229.822,FAULT_ACTIVE,F2,0.6,FAN_DT_001,3.0,process-model-3.0.0-build3,365,1,DELAYED,DELAYED,AUTOMATIC,NORMAL,65,1950,1950,0,145,157,0.3,0.3,25.65621,40.03,1.367,1.33,0.0254,0,276.59,16.2615,-0.00364,1,0.18,1.316,3.7889,61,CRITICAL,F2,2,1,electrical_overcurrent,0.6,1,1,,,,,5,0
2026-08-25T21:14:58.941Z,1787692498941,FAN_DT_001_F2_S06_R02_20260825T211108,2,229.946,FAULT_ACTIVE,F2,0.6,FAN_DT_001,3.0,process-model-3.0.0-build3,366,1,LIVE,SYNCHRONISED,AUTOMATIC,NORMAL,65,1950,1950,0,145,157,0.3,0.3,25.64554,40.04,1.367,1.33,0.0254,0,276.59,16.3408,-0.00341,1,0.18,1.233,3.8074,61,CRITICAL,F2,2,1,electrical_overcurrent,0.6,1,1,,,,,5,0
2026-08-25T21:14:58.955Z,1787692498955,FAN_DT_001_F2_S06_R02_20260825T211108,2,229.96,FAULT_ACTIVE,F2,0.6,FAN_DT_001,3.0,process-model-3.0.0-build3,367,1,LIVE,SYNCHRONISED,AUTOMATIC,NORMAL,65,1950,1950,0,145,157,0.3,0.3,25.63458,40.04,1.367,1.33,0.0254,0,276.59,16.4198,-0.00319,1,0.18,1.153,3.8258,61,CRITICAL,F2,2,1,electrical_overcurrent,0.6,1,1,,,,,5,0
2026-08-25T21:14:59.242Z,1787692499242,FAN_DT_001_F2_S06_R02_20260825T211108,2,230.253,FAULT_ACTIVE,F2,0.6,FAN_DT_001,3.0,process-model-3.0.0-build3,368,1,LIVE,SYNCHRONISED,AUTOMATIC,NORMAL,65,1950,1950,0,145,157,0.3,0.3,25.62314,40.04,1.367,1.33,0.0254,0,276.59,16.4998,-0.00294,1,0.18,1.063,3.8444,61,CRITICAL,F2,2,1,electrical_overcurrent,0.6,1,1,,,,,5,0
2026-08-25T21:15:00.267Z,1787692500267,FAN_DT_001_F2_S06_R02_20260825T211108,2,231.272,FAULT_ACTIVE,F2,0.6,FAN_DT_001,3.0,process-model-3.0.0-build3,369,1,LIVE,SYNCHRONISED,AUTOMATIC,NORMAL,65,1950,1950,0,145,157,0.3,0.3,25.61151,40.05,1.367,1.33,0.0254,0,276.59,16.5788,-0.00269,1,0.18,0.972,3.8629,61,CRITICAL,F2,2,1,electrical_overcurrent,0.6,1,1,,,,,5,0
2026-08-25T21:15:01.301Z,1787692501301,FAN_DT_001_F2_S06_R02_20260825T211108,2,232.306,FAULT_ACTIVE,F2,0.6,FAN_DT_001,3.0,process-model-3.0.0-build3,370,1,LIVE,SYNCHRONISED,AUTOMATIC,NORMAL,65,1950,1950,0,145,157,0.3,0.3,25.59953,40.05,1.367,1.33,0.0254,0,276.59,16.658,-0.00246,1,0.18,0.89,3.8813,61,CRITICAL,F2,2,1,electrical_overcurrent,0.6,1,1,,,,,5,0
2026-08-25T21:15:02.331Z,1787692502331,FAN_DT_001_F2_S06_R02_20260825T211108,2,233.336,FAULT_ACTIVE,F2,0.6,FAN_DT_001,3.0,process-model-3.0.0-build3,371,1,LIVE,SYNCHRONISED,AUTOMATIC,NORMAL,65,1950,1950,0,145,157,0.3,0.3,25.58723,40.05,1.367,1.33,0.0254,0,276.59,16.7373,-0.00221,1,0.18,0.799,3.8998,61,CRITICAL,F2,2,1,electrical_overcurrent,0.6,1,1,,,,,5,0
2026-08-25T21:15:03.362Z,1787692503362,FAN_DT_001_F2_S06_R02_20260825T211108,2,234.367,FAULT_ACTIVE,F2,0.6,FAN_DT_001,3.0,process-model-3.0.0-build3,372,1,LIVE,SYNCHRONISED,AUTOMATIC,NORMAL,65,1950,1950,0,145,157,0.3,0.3,25.57464,40.05,1.367,1.33,0.0254,0,276.59,16.8165,-0.00197,1,0.18,0.71,3.9182,61,CRITICAL,F2,2,1,electrical_overcurrent,0.6,1,1,,,,,5,0
2026-08-25T21:15:04.411Z,1787692504411,FAN_DT_001_F2_S06_R02_20260825T211108,2,235.416,FAULT_ACTIVE,F2,0.6,FAN_DT_001,3.0,process-model-3.0.0-build3,373,1,LIVE,SYNCHRONISED,AUTOMATIC,NORMAL,65,1950,1950,0,145,157,0.3,0.3,25.56171,40.06,1.367,1.33,0.0254,0,276.59,16.8958,-0.00173,1,0.18,0.625,3.9367,61,CRITICAL,F2,2,1,electrical_overcurrent,0.6,1,1,,,,,5,0
2026-08-25T21:15:05.430Z,1787692505430,FAN_DT_001_F2_S06_R02_20260825T211108,2,236.435,FAULT_ACTIVE,F2,0.6,FAN_DT_001,3.0,process-model-3.0.0-build3,374,1,LIVE,SYNCHRONISED,AUTOMATIC,NORMAL,65,1950,1950,0,145,157,0.3,0.3,25.54848,40.06,1.367,1.33,0.0254,0,276.59,16.9753,-0.00148,1,0.18,0.536,3.9552,61,CRITICAL,F2,2,1,electrical_overcurrent,0.6,1,1,,,,,5,0
2026-08-25T21:15:06.485Z,1787692506485,FAN_DT_001_F2_S06_R02_20260825T211108,2,237.49,FAULT_ACTIVE,F2,0.6,FAN_DT_001,3.0,process-model-3.0.0-build3,375,1,LIVE,SYNCHRONISED,AUTOMATIC,NORMAL,65,1950,1950,0,145,157,0.3,0.3,25.53504,40.06,1.367,1.33,0.0254,0,276.59,17.0542,-0.00121,1,0.18,0.439,3.9736,61,CRITICAL,F2,2,1,electrical_overcurrent,0.6,1,1,,,,,5,0
2026-08-25T21:15:07.557Z,1787692507557,FAN_DT_001_F2_S06_R02_20260825T211108,2,238.678,FAULT_ACTIVE,F2,0.6,FAN_DT_001,3.0,process-model-3.0.0-build3,376,1,LIVE,SYNCHRONISED,AUTOMATIC,NORMAL,65,1950,1950,0,145,157,0.3,0.3,25.52122,40.06,1.367,1.33,0.0254,0,276.59,17.1337,-0.00099,1,0.18,0.358,3.9922,61,CRITICAL,F2,2,1,electrical_overcurrent,0.6,1,1,,,,,5,0
2026-08-25T21:15:08.539Z,1787692508539,FAN_DT_001_F2_S06_R02_20260825T211108,2,239.547,FAULT_ACTIVE,F2,0.6,FAN_DT_001,3.0,process-model-3.0.0-build3,377,1,LIVE,SYNCHRONISED,AUTOMATIC,NORMAL,65,1950,1950,0,145,157,0.3,0.3,25.50717,40.06,1.367,1.33,0.0254,0,276.59,17.213,-0.00073,1,0.18,0.263,4.0106,61,CRITICAL,F2,2,1,electrical_overcurrent,0.6,1,1,,,,,5,0
2026-08-25T21:15:10.141Z,1787692510141,FAN_DT_001_F2_S06_R02_20260825T211108,2,241.198,FAULT_ACTIVE,F2,0.6,FAN_DT_001,3.0,process-model-3.0.0-build3,378,1,LIVE,SYNCHRONISED,AUTOMATIC,NORMAL,65,1950,1950,0,145,157,0.3,0.3,25.4929,40.06,1.367,1.33,0.0254,0,276.59,17.292,-0.00049,1,0.18,0.178,4.029,61,CRITICAL,F2,2,1,electrical_overcurrent,0.6,1,1,,,,,5,0
2026-08-25T21:15:10.607Z,1787692510607,FAN_DT_001_F2_S06_R02_20260825T211108,2,241.612,FAULT_ACTIVE,F2,0.6,FAN_DT_001,3.0,process-model-3.0.0-build3,379,1,LIVE,SYNCHRONISED,AUTOMATIC,NORMAL,65,1950,1950,0,145,157,0.3,0.3,25.47827,40.06,1.367,1.33,0.0254,0,276.59,17.3716,-0.00024,1,0.18,0.087,4.0476,61,CRITICAL,F2,2,1,electrical_overcurrent,0.6,1,1,,,,,5,0
2026-08-25T21:15:11.633Z,1787692511633,FAN_DT_001_F2_S06_R02_20260825T211108,2,242.639,FAULT_ACTIVE,F2,0.6,FAN_DT_001,3.0,process-model-3.0.0-build3,380,1,LIVE,SYNCHRONISED,AUTOMATIC,NORMAL,65,1950,1950,0,145,157,0.3,0.3,25.46342,40.06,1.367,1.33,0.0254,0,276.59,17.451,0,1,0.18,0,4.0661,61,CRITICAL,F2,2,1,electrical_overcurrent,0.6,1,1,,,,,5,0
2026-08-25T21:15:12.665Z,1787692512665,FAN_DT_001_F2_S06_R02_20260825T211108,2,243.673,FAULT_ACTIVE,F2,0.6,FAN_DT_001,3.0,process-model-3.0.0-build3,381,1,LIVE,SYNCHRONISED,AUTOMATIC,NORMAL,65,1950,1950,0,145,157,0.3,0.3,25.44839,40.06,1.367,1.33,0.0254,0,276.59,17.53,0.00026,1,0.18,0.094,4.0845,61,CRITICAL,F2,2,1,electrical_overcurrent,0.6,1,1,,,,,5,0
2026-08-25T21:15:13.699Z,1787692513699,FAN_DT_001_F2_S06_R02_20260825T211108,2,244.704,FAULT_ACTIVE,F2,0.6,FAN_DT_001,3.0,process-model-3.0.0-build3,382,1,LIVE,SYNCHRONISED,AUTOMATIC,NORMAL,65,1950,1950,0,145,157,0.3,0.3,25.4331,40.06,1.367,1.33,0.0254,0,276.59,17.6092,0.0005,1,0.18,0.182,4.103,61,CRITICAL,F2,2,1,electrical_overcurrent,0.6,1,1,,,,,5,0
2026-08-25T21:15:14.729Z,1787692514729,FAN_DT_001_F2_S06_R02_20260825T211108,2,245.734,FAULT_ACTIVE,F2,0.6,FAN_DT_001,3.0,process-model-3.0.0-build3,383,1,LIVE,SYNCHRONISED,AUTOMATIC,NORMAL,65,1950,1950,0,145,157,0.3,0.3,25.41754,40.06,1.367,1.33,0.0254,0,276.59,17.6886,0.00076,1,0.18,0.274,4.1214,61,CRITICAL,F2,2,1,electrical_overcurrent,0.6,1,1,,,,,5,0
2026-08-25T21:15:15.761Z,1787692515761,FAN_DT_001_F2_S06_R02_20260825T211108,2,246.769,FAULT_ACTIVE,F2,0.6,FAN_DT_001,3.0,process-model-3.0.0-build3,384,1,LIVE,SYNCHRONISED,AUTOMATIC,NORMAL,65,1950,1950,0,145,157,0.3,0.3,25.40185,40.06,1.367,1.33,0.0254,0,276.59,17.7676,0.00101,1,0.18,0.363,4.1398,61,CRITICAL,F2,2,1,electrical_overcurrent,0.6,1,1,,,,,5,0
2026-08-25T21:15:16.793Z,1787692516793,FAN_DT_001_F2_S06_R02_20260825T211108,2,247.797,FAULT_ACTIVE,F2,0.6,FAN_DT_001,3.0,process-model-3.0.0-build3,385,1,LIVE,SYNCHRONISED,AUTOMATIC,NORMAL,65,1950,1950,0,145,157,0.3,0.3,25.38594,40.06,1.367,1.33,0.0254,0,276.59,17.8466,0.00125,1,0.18,0.453,4.1583,61,CRITICAL,F2,2,1,electrical_overcurrent,0.6,1,1,,,,,5,0
2026-08-25T21:15:17.825Z,1787692517825,FAN_DT_001_F2_S06_R02_20260825T211108,2,248.83,FAULT_ACTIVE,F2,0.6,FAN_DT_001,3.0,process-model-3.0.0-build3,386,1,LIVE,SYNCHRONISED,AUTOMATIC,NORMAL,65,1950,1950,0,145,157,0.3,0.3,25.3698,40.06,1.367,1.33,0.0254,0,276.59,17.9257,0.00148,1,0.18,0.536,4.1767,61,CRITICAL,F2,2,1,electrical_overcurrent,0.6,1,1,,,,,5,0
2026-08-25T21:15:18.860Z,1787692518860,FAN_DT_001_F2_S06_R02_20260825T211108,2,249.864,FAULT_ACTIVE,F2,0.6,FAN_DT_001,3.0,process-model-3.0.0-build3,387,1,LIVE,SYNCHRONISED,AUTOMATIC,NORMAL,65,1950,1950,0,145,157,0.3,0.3,25.35345,40.05,1.367,1.33,0.0254,0,276.59,18.0049,0.00171,1,0.18,0.619,4.1951,61,CRITICAL,F2,2,1,electrical_overcurrent,0.6,1,1,,,,,5,0
2026-08-25T21:15:19.891Z,1787692519891,FAN_DT_001_F2_S06_R02_20260825T211108,2,250.897,FAULT_ACTIVE,F2,0.6,FAN_DT_001,3.0,process-model-3.0.0-build3,388,1,LIVE,SYNCHRONISED,AUTOMATIC,NORMAL,65,1950,1950,0,145,157,0.3,0.3,25.33692,40.05,1.367,1.33,0.0254,0,276.59,18.0841,0.00197,1,0.18,0.71,4.2136,61,CRITICAL,F2,2,1,electrical_overcurrent,0.6,1,1,,,,,5,0
2026-08-25T21:15:20.926Z,1787692520926,FAN_DT_001_F2_S06_R02_20260825T211108,2,251.932,FAULT_ACTIVE,F2,0.6,FAN_DT_001,3.0,process-model-3.0.0-build3,389,1,LIVE,SYNCHRONISED,AUTOMATIC,NORMAL,65,1950,1950,0,145,157,0.3,0.3,25.32019,40.05,1.367,1.33,0.0254,0,276.59,18.1634,0.00222,1,0.18,0.804,4.2321,61,CRITICAL,F2,2,1,electrical_overcurrent,0.6,1,1,,,,,5,0
2026-08-25T21:15:21.959Z,1787692521959,FAN_DT_001_F2_S06_R02_20260825T211108,2,252.963,FAULT_ACTIVE,F2,0.6,FAN_DT_001,3.0,process-model-3.0.0-build3,390,1,LIVE,SYNCHRONISED,AUTOMATIC,NORMAL,65,1950,1950,0,145,157,0.3,0.3,25.3033,40.05,1.367,1.33,0.0254,0,276.59,18.2427,0.00245,1,0.18,0.886,4.2506,61,CRITICAL,F2,2,1,electrical_overcurrent,0.6,1,1,,,,,5,0
2026-08-25T21:15:23.014Z,1787692523014,FAN_DT_001_F2_S06_R02_20260825T211108,2,254.019,FAULT_ACTIVE,F2,0.6,FAN_DT_001,3.0,process-model-3.0.0-build3,391,1,LIVE,SYNCHRONISED,AUTOMATIC,NORMAL,65,1950,1950,0,145,157,0.3,0.3,25.28632,40.05,1.367,1.33,0.0254,0,276.59,18.3216,0.0027,1,0.18,0.976,4.2689,61,CRITICAL,F2,2,1,electrical_overcurrent,0.6,1,1,,,,,5,0
2026-08-25T21:15:24.020Z,1787692524020,FAN_DT_001_F2_S06_R02_20260825T211108,2,255.024,FAULT_ACTIVE,F2,0.6,FAN_DT_001,3.0,process-model-3.0.0-build3,392,1,LIVE,SYNCHRONISED,AUTOMATIC,NORMAL,65,1950,1950,0,145,157,0.3,0.3,25.26915,40.04,1.367,1.33,0.0254,0,276.59,18.4008,0.00292,1,0.18,1.055,4.2874,61,CRITICAL,F2,2,1,electrical_overcurrent,0.6,1,1,,,,,5,0
2026-08-25T21:15:25.056Z,1787692525056,FAN_DT_001_F2_S06_R02_20260825T211108,2,256.061,FAULT_ACTIVE,F2,0.6,FAN_DT_001,3.0,process-model-3.0.0-build3,393,1,LIVE,SYNCHRONISED,AUTOMATIC,NORMAL,65,1950,1950,0,145,157,0.3,0.3,25.25179,40.04,1.367,1.33,0.0254,0,276.59,18.4801,0.00314,1,0.18,1.136,4.3059,61,CRITICAL,F2,2,1,electrical_overcurrent,0.6,1,1,,,,,5,0
2026-08-25T21:15:26.084Z,1787692526084,FAN_DT_001_F2_S06_R02_20260825T211108,2,257.088,FAULT_ACTIVE,F2,0.6,FAN_DT_001,3.0,process-model-3.0.0-build3,394,1,LIVE,SYNCHRONISED,AUTOMATIC,NORMAL,65,1950,1950,0,145,157,0.3,0.3,25.23429,40.04,1.367,1.33,0.0254,0,276.59,18.5595,0.0034,1,0.18,1.23,4.3244,61,CRITICAL,F2,2,1,electrical_overcurrent,0.6,1,1,,,,,5,0
2026-08-25T21:15:27.133Z,1787692527133,FAN_DT_001_F2_S06_R02_20260825T211108,2,258.138,FAULT_ACTIVE,F2,0.6,FAN_DT_001,3.0,process-model-3.0.0-build3,395,1,LIVE,SYNCHRONISED,AUTOMATIC,NORMAL,65,1950,1950,0,145,157,0.3,0.3,25.21674,40.03,1.367,1.33,0.0254,0,276.59,18.6386,0.00361,1,0.18,1.306,4.3428,61,CRITICAL,F2,2,1,electrical_overcurrent,0.6,1,1,,,,,5,0
2026-08-25T21:15:28.158Z,1787692528158,FAN_DT_001_F2_S06_R02_20260825T211108,2,259.164,FAULT_ACTIVE,F2,0.6,FAN_DT_001,3.0,process-model-3.0.0-build3,396,1,LIVE,SYNCHRONISED,AUTOMATIC,NORMAL,65,1950,1950,0,145,157,0.3,0.3,25.19901,40.03,1.367,1.33,0.0254,0,276.59,18.7179,0.00384,1,0.18,1.39,4.3613,61,CRITICAL,F2,2,1,electrical_overcurrent,0.6,1,1,,,,,5,0
2026-08-25T21:15:29.191Z,1787692529191,FAN_DT_001_F2_S06_R02_20260825T211108,2,260.195,FAULT_ACTIVE,F2,0.6,FAN_DT_001,3.0,process-model-3.0.0-build3,397,1,LIVE,SYNCHRONISED,AUTOMATIC,NORMAL,65,1950,1950,0,145,157,0.3,0.3,25.1812,40.02,1.367,1.33,0.0254,0,276.59,18.7971,0.00407,1,0.18,1.473,4.3797,61,CRITICAL,F2,2,1,electrical_overcurrent,0.6,1,1,,,,,5,0
2026-08-25T21:15:30.218Z,1787692530218,FAN_DT_001_F2_S06_R02_20260825T211108,2,261.222,FAULT_ACTIVE,F2,0.6,FAN_DT_001,3.0,process-model-3.0.0-build3,398,1,LIVE,SYNCHRONISED,AUTOMATIC,NORMAL,65,1950,1950,0,145,157,0.3,0.3,25.16345,40.02,1.367,1.33,0.0254,0,276.59,18.8757,0.00429,1,0.18,1.55,4.398,61,CRITICAL,F2,2,1,electrical_overcurrent,0.6,1,1,,,,,5,0
2026-08-25T21:15:31.245Z,1787692531245,FAN_DT_001_F2_S06_R02_20260825T211108,2,262.25,FAULT_ACTIVE,F2,0.6,FAN_DT_001,3.0,process-model-3.0.0-build3,399,1,LIVE,SYNCHRONISED,AUTOMATIC,NORMAL,65,1950,1950,0,145,157,0.3,0.3,25.14539,40.02,1.367,1.33,0.0254,0,276.59,18.9553,0.00451,1,0.18,1.631,4.4166,61,CRITICAL,F2,2,1,electrical_overcurrent,0.6,1,1,,,,,5,0
2026-08-25T21:15:32.275Z,1787692532275,FAN_DT_001_F2_S06_R02_20260825T211108,2,263.286,FAULT_ACTIVE,F2,0.6,FAN_DT_001,3.0,process-model-3.0.0-build3,400,1,LIVE,SYNCHRONISED,AUTOMATIC,NORMAL,65,1950,1950,0,145,157,0.3,0.3,25.12738,40.01,1.367,1.33,0.0254,0,276.59,19.0343,0.00474,1,0.18,1.713,4.435,61,CRITICAL,F2,2,1,electrical_overcurrent,0.6,1,1,,,,,5,0
2026-08-25T21:15:33.333Z,1787692533333,FAN_DT_001_F2_S06_R02_20260825T211108,2,264.338,FAULT_ACTIVE,F2,0.6,FAN_DT_001,3.0,process-model-3.0.0-build3,401,1,LIVE,SYNCHRONISED,AUTOMATIC,NORMAL,65,1950,1950,0,145,157,0.3,0.3,25.10924,40.01,1.367,1.33,0.0254,0,276.59,19.1135,0.00496,1,0.18,1.792,4.4535,61,CRITICAL,F2,2,1,electrical_overcurrent,0.6,1,1,,,,,5,0
2026-08-25T21:15:34.343Z,1787692534343,FAN_DT_001_F2_S06_R02_20260825T211108,2,265.348,FAULT_ACTIVE,F2,0.6,FAN_DT_001,3.0,process-model-3.0.0-build3,402,1,LIVE,SYNCHRONISED,AUTOMATIC,NORMAL,65,1950,1950,0,145,157,0.3,0.3,25.091,40,1.367,1.33,0.0254,0,276.59,19.193,0.00518,1,0.18,1.872,4.472,61,CRITICAL,F2,2,1,electrical_overcurrent,0.6,1,1,,,,,5,0
2026-08-25T21:15:35.376Z,1787692535376,FAN_DT_001_F2_S06_R02_20260825T211108,2,266.38,FAULT_ACTIVE,F2,0.6,FAN_DT_001,3.0,process-model-3.0.0-build3,403,1,LIVE,SYNCHRONISED,AUTOMATIC,NORMAL,65,1950,1950,0,145,157,0.3,0.3,25.07282,39.99,1.367,1.33,0.0254,0,276.59,19.272,0.00537,1,0.18,1.943,4.4904,61,CRITICAL,F2,2,1,electrical_overcurrent,0.6,1,1,,,,,5,0
2026-08-25T21:15:36.418Z,1787692536418,FAN_DT_001_F2_S06_R02_20260825T211108,2,267.424,FAULT_ACTIVE,F2,0.6,FAN_DT_001,3.0,process-model-3.0.0-build3,404,1,LIVE,SYNCHRONISED,AUTOMATIC,NORMAL,65,1950,1950,0,145,157,0.3,0.3,25.05459,39.99,1.367,1.33,0.0254,0,276.59,19.351,0.00559,1,0.18,2.02,4.5088,61,CRITICAL,F2,2,1,electrical_overcurrent,0.6,1,1,,,,,5,0
2026-08-25T21:15:37.437Z,1787692537437,FAN_DT_001_F2_S06_R02_20260825T211108,2,268.441,FAULT_ACTIVE,F2,0.6,FAN_DT_001,3.0,process-model-3.0.0-build3,405,1,LIVE,SYNCHRONISED,AUTOMATIC,NORMAL,65,1950,1950,0,145,157,0.3,0.3,25.03624,39.98,1.367,1.33,0.0254,0,276.59,19.4305,0.00581,1,0.18,2.102,4.5273,61,CRITICAL,F2,2,1,electrical_overcurrent,0.6,1,1,,,,,5,0
2026-08-25T21:15:38.469Z,1787692538469,FAN_DT_001_F2_S06_R02_20260825T211108,2,269.474,FAULT_ACTIVE,F2,0.6,FAN_DT_001,3.0,process-model-3.0.0-build3,406,1,LIVE,SYNCHRONISED,AUTOMATIC,NORMAL,65,1950,1950,0,145,157,0.3,0.3,25.01792,39.98,1.367,1.33,0.0254,0,276.59,19.5097,0.006,1,0.18,2.17,4.5458,61,CRITICAL,F2,2,1,electrical_overcurrent,0.6,1,1,,,,,5,0
2026-08-25T21:15:39.508Z,1787692539508,FAN_DT_001_F2_S06_R02_20260825T211108,2,270.512,FAULT_ACTIVE,F2,0.6,FAN_DT_001,3.0,process-model-3.0.0-build3,407,1,LIVE,SYNCHRONISED,AUTOMATIC,NORMAL,65,1950,1950,0,145,157,0.3,0.3,24.99959,39.97,1.367,1.33,0.0254,0,276.59,19.5889,0.00621,1,0.18,2.246,4.5642,61,CRITICAL,F2,2,1,electrical_overcurrent,0.6,1,1,,,,,5,0
2026-08-25T21:15:40.545Z,1787692540545,FAN_DT_001_F2_S06_R02_20260825T211108,2,271.551,FAULT_ACTIVE,F2,0.6,FAN_DT_001,3.0,process-model-3.0.0-build3,408,1,LIVE,SYNCHRONISED,AUTOMATIC,NORMAL,65,1950,1950,0,145,157,0.3,0.3,24.98123,39.96,1.367,1.33,0.0254,0,276.59,19.6683,0.00639,1,0.18,2.309,4.5827,61,CRITICAL,F2,2,1,electrical_overcurrent,0.6,1,1,,,,,5,0
2026-08-25T21:15:41.573Z,1787692541573,FAN_DT_001_F2_S06_R02_20260825T211108,2,272.577,FAULT_ACTIVE,F2,0.6,FAN_DT_001,3.0,process-model-3.0.0-build3,409,1,LIVE,SYNCHRONISED,AUTOMATIC,NORMAL,65,1950,1950,0,145,157,0.3,0.3,24.96284,39.96,1.367,1.33,0.0254,0,276.59,19.7478,0.0066,1,0.18,2.386,4.6012,61,CRITICAL,F2,2,1,electrical_overcurrent,0.6,1,1,,,,,5,0
2026-08-25T21:15:42.602Z,1787692542602,FAN_DT_001_F2_S06_R02_20260825T211108,2,273.607,FAULT_ACTIVE,F2,0.6,FAN_DT_001,3.0,process-model-3.0.0-build3,410,1,LIVE,SYNCHRONISED,AUTOMATIC,NORMAL,65,1950,1950,0,145,157,0.3,0.3,24.9446,39.95,1.367,1.33,0.0254,0,276.59,19.8268,0.00677,1,0.18,2.446,4.6196,61,CRITICAL,F2,2,1,electrical_overcurrent,0.6,1,1,,,,,5,0
2026-08-25T21:15:43.640Z,1787692543640,FAN_DT_001_F2_S06_R02_20260825T211108,2,274.644,FAULT_ACTIVE,F2,0.6,FAN_DT_001,3.0,process-model-3.0.0-build3,411,1,LIVE,SYNCHRONISED,AUTOMATIC,NORMAL,65,1950,1950,0,145,157,0.3,0.3,24.92631,39.94,1.367,1.33,0.0254,0,276.59,19.9061,0.00696,1,0.18,2.518,4.6381,61,CRITICAL,F2,2,1,electrical_overcurrent,0.6,1,1,,,,,5,0
2026-08-25T21:15:44.679Z,1787692544679,FAN_DT_001_F2_S06_R02_20260825T211108,2,275.685,FAULT_ACTIVE,F2,0.6,FAN_DT_001,3.0,process-model-3.0.0-build3,412,1,LIVE,SYNCHRONISED,AUTOMATIC,NORMAL,65,1950,1950,0,145,157,0.3,0.3,24.90804,39.94,1.367,1.33,0.0254,0,276.59,19.9854,0.00716,1,0.18,2.589,4.6566,61,CRITICAL,F2,2,1,electrical_overcurrent,0.6,1,1,,,,,5,0
2026-08-25T21:15:45.707Z,1787692545707,FAN_DT_001_F2_S06_R02_20260825T211108,2,276.712,FAULT_ACTIVE,F2,0.6,FAN_DT_001,3.0,process-model-3.0.0-build3,413,1,LIVE,SYNCHRONISED,AUTOMATIC,NORMAL,65,1950,1950,0,145,157,0.3,0.3,24.88995,39.93,1.367,1.33,0.0254,0,276.59,20.0643,0.00733,1,0.18,2.649,4.675,61,CRITICAL,F2,2,1,electrical_overcurrent,0.6,1,1,,,,,5,0
2026-08-25T21:15:46.759Z,1787692546759,FAN_DT_001_F2_S06_R02_20260825T211108,2,277.764,FAULT_ACTIVE,F2,0.6,FAN_DT_001,3.0,process-model-3.0.0-build3,414,1,LIVE,SYNCHRONISED,AUTOMATIC,NORMAL,65,1950,1950,0,145,157,0.3,0.3,24.87184,39.92,1.367,1.33,0.0254,0,276.59,20.1434,0.00751,1,0.18,2.715,4.6934,61,CRITICAL,F2,2,1,electrical_overcurrent,0.6,1,1,,,,,5,0
2026-08-25T21:15:47.765Z,1787692547765,FAN_DT_001_F2_S06_R02_20260825T211108,2,278.77,FAULT_ACTIVE,F2,0.6,FAN_DT_001,3.0,process-model-3.0.0-build3,415,1,LIVE,SYNCHRONISED,AUTOMATIC,NORMAL,65,1950,1950,0,145,157,0.3,0.3,24.8538,39.91,1.367,1.33,0.0254,0,276.59,20.2225,0.00766,1,0.18,2.769,4.7119,61,CRITICAL,F2,2,1,electrical_overcurrent,0.6,1,1,,,,,5,0
2026-08-25T21:15:48.801Z,1787692548801,FAN_DT_001_F2_S06_R02_20260825T211108,2,279.808,FAULT_ACTIVE,F2,0.6,FAN_DT_001,3.0,process-model-3.0.0-build3,416,1,LIVE,SYNCHRONISED,AUTOMATIC,NORMAL,65,1950,1950,0,145,157,0.3,0.3,24.83579,39.91,1.367,1.33,0.0254,0,276.59,20.3019,0.00783,1,0.18,2.833,4.7303,61,CRITICAL,F2,2,1,electrical_overcurrent,0.6,1,1,,,,,5,0
2026-08-25T21:15:49.840Z,1787692549840,FAN_DT_001_F2_S06_R02_20260825T211108,2,280.845,FAULT_ACTIVE,F2,0.6,FAN_DT_001,3.0,process-model-3.0.0-build3,417,1,LIVE,SYNCHRONISED,AUTOMATIC,NORMAL,65,1950,1950,0,145,157,0.3,0.3,24.81786,39.9,1.367,1.33,0.0254,0,276.59,20.3813,0.00799,1,0.18,2.89,4.7488,61,CRITICAL,F2,2,1,electrical_overcurrent,0.6,1,1,,,,,5,0
2026-08-25T21:15:50.865Z,1787692550865,FAN_DT_001_F2_S06_R02_20260825T211108,2,281.869,FAULT_ACTIVE,F2,0.6,FAN_DT_001,3.0,process-model-3.0.0-build3,418,1,LIVE,SYNCHRONISED,AUTOMATIC,NORMAL,65,1950,1950,0,145,157,0.3,0.3,24.80006,39.89,1.367,1.33,0.0254,0,276.59,20.4605,0.00814,1,0.18,2.943,4.7673,61,CRITICAL,F2,2,1,electrical_overcurrent,0.6,1,1,,,,,5,0
2026-08-25T21:15:51.899Z,1787692551899,FAN_DT_001_F2_S06_R02_20260825T211108,2,282.904,FAULT_ACTIVE,F2,0.6,FAN_DT_001,3.0,process-model-3.0.0-build3,419,1,LIVE,SYNCHRONISED,AUTOMATIC,NORMAL,65,1950,1950,0,145,157,0.3,0.3,24.78239,39.88,1.367,1.33,0.0254,0,276.59,20.5396,0.00829,1,0.18,2.999,4.7857,61,CRITICAL,F2,2,1,electrical_overcurrent,0.6,1,1,,,,,5,0
2026-08-25T21:15:52.937Z,1787692552937,FAN_DT_001_F2_S06_R02_20260825T211108,2,283.943,FAULT_ACTIVE,F2,0.6,FAN_DT_001,3.0,process-model-3.0.0-build3,420,1,LIVE,SYNCHRONISED,AUTOMATIC,NORMAL,65,1950,1950,0,145,157,0.3,0.3,24.76477,39.87,1.367,1.33,0.0254,0,276.59,20.619,0.00843,1,0.18,3.049,4.8042,61,CRITICAL,F2,2,1,electrical_overcurrent,0.6,1,1,,,,,5,0
2026-08-25T21:15:53.979Z,1787692553979,FAN_DT_001_F2_S06_R02_20260825T211108,2,284.983,FAULT_ACTIVE,F2,0.6,FAN_DT_001,3.0,process-model-3.0.0-build3,421,1,LIVE,SYNCHRONISED,AUTOMATIC,NORMAL,65,1950,1950,0,145,157,0.3,0.3,24.74725,39.86,1.367,1.33,0.0254,0,276.59,20.6985,0.0086,1,0.18,3.109,4.8228,61,CRITICAL,F2,2,1,electrical_overcurrent,0.6,1,1,,,,,5,0
2026-08-25T21:15:54.999Z,1787692554999,FAN_DT_001_F2_S06_R02_20260825T211108,2,286.004,FAULT_ACTIVE,F2,0.6,FAN_DT_001,3.0,process-model-3.0.0-build3,422,1,LIVE,SYNCHRONISED,AUTOMATIC,NORMAL,65,1950,1950,0,145,157,0.3,0.3,24.72994,39.85,1.367,1.33,0.0254,0,276.59,20.7777,0.00873,1,0.18,3.157,4.8412,61,CRITICAL,F2,2,1,electrical_overcurrent,0.6,1,1,,,,,5,0
2026-08-25T21:15:56.060Z,1787692556060,FAN_DT_001_F2_S06_R02_20260825T211108,2,287.067,FAULT_ACTIVE,F2,0.6,FAN_DT_001,3.0,process-model-3.0.0-build3,423,1,LIVE,SYNCHRONISED,AUTOMATIC,NORMAL,65,1950,1950,0,145,157,0.3,0.3,24.71278,39.84,1.367,1.33,0.0254,0,276.59,20.8568,0.00887,1,0.18,3.208,4.8596,61,CRITICAL,F2,2,1,electrical_overcurrent,0.6,1,1,,,,,5,0
2026-08-25T21:15:57.117Z,1787692557117,FAN_DT_001_F2_S06_R02_20260825T211108,2,288.121,FAULT_ACTIVE,F2,0.6,FAN_DT_001,3.0,process-model-3.0.0-build3,424,1,LIVE,SYNCHRONISED,AUTOMATIC,NORMAL,65,1950,1950,0,145,157,0.3,0.3,24.69572,39.84,1.367,1.33,0.0254,0,276.59,20.9362,0.00899,1,0.18,3.251,4.8781,61,CRITICAL,F2,2,1,electrical_overcurrent,0.6,1,1,,,,,5,0
2026-08-25T21:15:58.141Z,1787692558141,FAN_DT_001_F2_S06_R02_20260825T211108,2,289.147,FAULT_ACTIVE,F2,0.6,FAN_DT_001,3.0,process-model-3.0.0-build3,425,1,LIVE,SYNCHRONISED,AUTOMATIC,NORMAL,65,1950,1950,0,145,157,0.3,0.3,24.67882,39.83,1.367,1.33,0.0254,0,276.59,21.0155,0.00912,1,0.18,3.297,4.8966,61,CRITICAL,F2,2,1,electrical_overcurrent,0.6,1,1,,,,,5,0
2026-08-25T21:15:59.179Z,1787692559179,FAN_DT_001_F2_S06_R02_20260825T211108,2,290.209,FAULT_ACTIVE,F2,0.6,FAN_DT_001,3.0,process-model-3.0.0-build3,426,1,LIVE,SYNCHRONISED,AUTOMATIC,NORMAL,65,1950,1950,0,145,157,0.3,0.3,24.66213,39.82,1.367,1.33,0.0254,0,276.59,21.0947,0.00924,1,0.18,3.339,4.9151,61,CRITICAL,F2,2,1,electrical_overcurrent,0.6,1,1,,,,,5,0
2026-08-25T21:16:00.176Z,1787692560176,FAN_DT_001_F2_S06_R02_20260825T211108,2,291.183,FAULT_ACTIVE,F2,0.6,FAN_DT_001,3.0,process-model-3.0.0-build3,427,1,LIVE,SYNCHRONISED,AUTOMATIC,NORMAL,65,1950,1950,0,145,157,0.3,0.3,24.64553,39.81,1.367,1.33,0.0254,0,276.59,21.1743,0.00936,1,0.18,3.382,4.9336,61,CRITICAL,F2,2,1,electrical_overcurrent,0.6,1,1,,,,,5,0
2026-08-25T21:16:01.204Z,1787692561204,FAN_DT_001_F2_S06_R02_20260825T211108,2,292.209,FAULT_ACTIVE,F2,0.6,FAN_DT_001,3.0,process-model-3.0.0-build3,428,1,LIVE,SYNCHRONISED,AUTOMATIC,NORMAL,65,1950,1950,0,145,157,0.3,0.3,24.62919,39.8,1.367,1.33,0.0254,0,276.59,21.2535,0.00946,1,0.18,3.421,4.9521,61,CRITICAL,F2,2,1,electrical_overcurrent,0.6,1,1,,,,,5,0
2026-08-25T21:16:02.239Z,1787692562239,FAN_DT_001_F2_S06_R02_20260825T211108,2,293.245,FAULT_ACTIVE,F2,0.6,FAN_DT_001,3.0,process-model-3.0.0-build3,429,1,LIVE,SYNCHRONISED,AUTOMATIC,NORMAL,65,1950,1950,0,145,157,0.3,0.3,24.61308,39.79,1.367,1.33,0.0254,0,276.59,21.3326,0.00957,1,0.18,3.458,4.9705,61,CRITICAL,F2,2,1,electrical_overcurrent,0.6,1,1,,,,,5,0
2026-08-25T21:16:03.338Z,1787692563338,FAN_DT_001_F2_S06_R02_20260825T211108,2,294.68,FAULT_ACTIVE,F2,0.6,FAN_DT_001,3.0,process-model-3.0.0-build3,430,1,LIVE,SYNCHRONISED,AUTOMATIC,NORMAL,65,1950,1950,0,145,157,0.3,0.3,24.59711,39.78,1.367,1.33,0.0254,0,276.59,21.4119,0.00966,1,0.18,3.492,4.989,61,CRITICAL,F2,2,1,electrical_overcurrent,0.6,1,1,,,,,5,0
2026-08-25T21:16:04.344Z,1787692564344,FAN_DT_001_F2_S06_R02_20260825T211108,2,295.349,FAULT_ACTIVE,F2,0.6,FAN_DT_001,3.0,process-model-3.0.0-build3,431,1,LIVE,SYNCHRONISED,AUTOMATIC,NORMAL,65,1950,1950,0,145,157,0.3,0.3,24.58132,39.77,1.367,1.33,0.0254,0,276.59,21.4914,0.00976,1,0.18,3.529,5.0075,61,CRITICAL,F2,2,1,electrical_overcurrent,0.6,1,1,,,,,5,0
2026-08-25T21:16:05.337Z,1787692565337,FAN_DT_001_F2_S06_R02_20260825T211108,2,296.341,FAULT_ACTIVE,F2,0.6,FAN_DT_001,3.0,process-model-3.0.0-build3,432,1,LIVE,SYNCHRONISED,AUTOMATIC,NORMAL,65,1950,1950,0,145,157,0.3,0.3,24.56587,39.76,1.367,1.33,0.0254,0,276.59,21.5703,0.00985,1,0.18,3.563,5.0259,61,CRITICAL,F2,2,1,electrical_overcurrent,0.6,1,1,,,,,5,0
2026-08-25T21:16:06.375Z,1787692566375,FAN_DT_001_F2_S06_R02_20260825T211108,2,297.38,FAULT_ACTIVE,F2,0.6,FAN_DT_001,3.0,process-model-3.0.0-build3,433,1,LIVE,SYNCHRONISED,AUTOMATIC,NORMAL,65,1950,1950,0,145,157,0.3,0.3,24.55059,39.75,1.367,1.33,0.0254,0,276.59,21.6496,0.00994,1,0.18,3.594,5.0443,61,CRITICAL,F2,2,1,electrical_overcurrent,0.6,1,1,,,,,5,0
2026-08-25T21:16:07.411Z,1787692567411,FAN_DT_001_F2_S06_R02_20260825T211108,2,298.415,FAULT_ACTIVE,F2,0.6,FAN_DT_001,3.0,process-model-3.0.0-build3,434,1,LIVE,SYNCHRONISED,AUTOMATIC,NORMAL,65,1950,1950,0,145,157,0.3,0.3,24.53553,39.74,1.367,1.33,0.0254,0,276.59,21.7289,0.01002,1,0.18,3.623,5.0628,61,CRITICAL,F2,2,1,electrical_overcurrent,0.6,1,1,,,,,5,0
2026-08-25T21:16:08.443Z,1787692568443,FAN_DT_001_F2_S06_R02_20260825T211108,2,299.448,FAULT_ACTIVE,F2,0.6,FAN_DT_001,3.0,process-model-3.0.0-build3,435,1,LIVE,SYNCHRONISED,AUTOMATIC,NORMAL,65,1950,1950,0,145,157,0.3,0.3,24.52076,39.73,1.367,1.33,0.0254,0,276.59,21.8079,0.01009,1,0.18,3.646,5.0812,61,CRITICAL,F2,2,1,electrical_overcurrent,0.6,1,1,,,,,5,0
2026-08-25T21:16:09.475Z,1787692569475,FAN_DT_001_F2_S06_R02_20260825T211108,2,300.48,FAULT_ACTIVE,F2,0.6,FAN_DT_001,3.0,process-model-3.0.0-build3,436,1,LIVE,SYNCHRONISED,AUTOMATIC,NORMAL,65,1950,1950,0,145,157,0.3,0.3,24.50619,39.72,1.367,1.33,0.0254,0,276.59,21.8873,0.01016,1,0.18,3.674,5.0997,61,CRITICAL,F2,2,1,electrical_overcurrent,0.6,1,1,,,,,5,0
2026-08-25T21:16:10.507Z,1787692570507,FAN_DT_001_F2_S06_R02_20260825T211108,2,301.512,FAULT_ACTIVE,F2,0.6,FAN_DT_001,3.0,process-model-3.0.0-build3,437,1,LIVE,SYNCHRONISED,AUTOMATIC,NORMAL,65,1950,1950,0,145,157,0.3,0.3,24.49185,39.71,1.367,1.33,0.0254,0,276.59,21.9667,0.0102,1,0.18,3.689,5.1182,61,CRITICAL,F2,2,1,electrical_overcurrent,0.6,1,1,,,,,5,0
2026-08-25T21:16:11.547Z,1787692571547,FAN_DT_001_F2_S06_R02_20260825T211108,2,302.552,FAULT_ACTIVE,F2,0.6,FAN_DT_001,3.0,process-model-3.0.0-build3,438,1,LIVE,SYNCHRONISED,AUTOMATIC,NORMAL,65,1950,1950,0,145,157,0.3,0.3,24.47786,39.69,1.367,1.33,0.0254,0,276.59,22.0458,0.01028,1,0.18,3.716,5.1367,61,CRITICAL,F2,2,1,electrical_overcurrent,0.6,1,1,,,,,5,0
2026-08-25T21:16:12.571Z,1787692572571,FAN_DT_001_F2_S06_R02_20260825T211108,2,303.577,FAULT_ACTIVE,F2,0.6,FAN_DT_001,3.0,process-model-3.0.0-build3,439,1,LIVE,SYNCHRONISED,AUTOMATIC,NORMAL,65,1950,1950,0,145,157,0.3,0.3,24.4641,39.68,1.367,1.33,0.0254,0,276.59,22.1251,0.01032,1,0.18,3.73,5.1551,61,CRITICAL,F2,2,1,electrical_overcurrent,0.6,1,1,,,,,5,0
2026-08-25T21:16:13.689Z,1787692573689,FAN_DT_001_F2_S06_R02_20260825T211108,2,304.7,FAULT_ACTIVE,F2,0.6,FAN_DT_001,3.0,process-model-3.0.0-build3,440,1,LIVE,SYNCHRONISED,AUTOMATIC,NORMAL,65,1950,1950,0,145,157,0.3,0.3,24.45061,39.67,1.367,1.33,0.0254,0,276.59,22.2044,0.01038,1,0.18,3.754,5.1736,61,CRITICAL,F2,2,1,electrical_overcurrent,0.6,1,1,,,,,5,0
2026-08-25T21:16:14.640Z,1787692574640,FAN_DT_001_F2_S06_R02_20260825T211108,2,305.645,FAULT_ACTIVE,F2,0.6,FAN_DT_001,3.0,process-model-3.0.0-build3,441,1,LIVE,SYNCHRONISED,AUTOMATIC,NORMAL,65,1950,1950,0,145,157,0.3,0.3,24.43741,39.66,1.367,1.33,0.0254,0,276.59,22.2837,0.01042,1,0.18,3.768,5.1921,61,CRITICAL,F2,2,1,electrical_overcurrent,0.6,1,1,,,,,5,0
2026-08-25T21:16:15.667Z,1787692575667,FAN_DT_001_F2_S06_R02_20260825T211108,2,306.672,FAULT_ACTIVE,F2,0.6,FAN_DT_001,3.0,process-model-3.0.0-build3,442,1,LIVE,SYNCHRONISED,AUTOMATIC,NORMAL,65,1950,1950,0,145,157,0.3,0.3,24.42462,39.65,1.367,1.33,0.0254,0,276.59,22.3624,0.01043,1,0.18,3.772,5.2104,61,CRITICAL,F2,2,1,electrical_overcurrent,0.6,1,1,,,,,5,0
2026-08-25T21:16:16.703Z,1787692576703,FAN_DT_001_F2_S06_R02_20260825T211108,2,307.71,FAULT_ACTIVE,F2,0.6,FAN_DT_001,3.0,process-model-3.0.0-build3,443,1,LIVE,SYNCHRONISED,AUTOMATIC,NORMAL,65,1950,1950,0,145,157,0.3,0.3,24.412,39.64,1.367,1.33,0.0254,0,276.59,22.4419,0.01048,1,0.18,3.79,5.229,61,CRITICAL,F2,2,1,electrical_overcurrent,0.6,1,1,,,,,5,0
2026-08-25T21:16:17.734Z,1787692577734,FAN_DT_001_F2_S06_R02_20260825T211108,2,308.749,FAULT_ACTIVE,F2,0.6,FAN_DT_001,3.0,process-model-3.0.0-build3,444,1,LIVE,SYNCHRONISED,AUTOMATIC,NORMAL,65,1950,1950,0,145,157,0.3,0.3,24.39969,39.63,1.367,1.33,0.0254,0,276.59,22.5213,0.01051,1,0.18,3.801,5.2475,61,CRITICAL,F2,2,1,electrical_overcurrent,0.6,1,1,,,,,5,0
2026-08-25T21:16:18.771Z,1787692578771,FAN_DT_001_F2_S06_R02_20260825T211108,2,309.776,FAULT_ACTIVE,F2,0.6,FAN_DT_001,3.0,process-model-3.0.0-build3,445,1,LIVE,SYNCHRONISED,AUTOMATIC,NORMAL,65,1950,1950,0,145,157,0.3,0.3,24.38775,39.62,1.367,1.33,0.0254,0,276.59,22.6004,0.01052,1,0.18,3.803,5.2659,61,CRITICAL,F2,2,1,electrical_overcurrent,0.6,1,1,,,,,5,0
2026-08-25T21:16:19.803Z,1787692579803,FAN_DT_001_F2_S06_R02_20260825T211108,2,310.808,FAULT_ACTIVE,F2,0.6,FAN_DT_001,3.0,process-model-3.0.0-build3,446,1,LIVE,SYNCHRONISED,AUTOMATIC,NORMAL,65,1950,1950,0,145,157,0.3,0.3,24.3761,39.61,1.367,1.33,0.0254,0,276.59,22.6797,0.01054,1,0.18,3.809,5.2844,61,CRITICAL,F2,2,1,electrical_overcurrent,0.6,1,1,,,,,5,0
2026-08-25T21:16:20.833Z,1787692580833,FAN_DT_001_F2_S06_R02_20260825T211108,2,311.839,FAULT_ACTIVE,F2,0.6,FAN_DT_001,3.0,process-model-3.0.0-build3,447,1,LIVE,SYNCHRONISED,AUTOMATIC,NORMAL,65,1950,1950,0,145,157,0.3,0.3,24.36479,39.6,1.367,1.33,0.0254,0,276.59,22.7589,0.01054,1,0.18,3.812,5.3028,61,CRITICAL,F2,2,1,electrical_overcurrent,0.6,1,1,,,,,5,0
2026-08-25T21:16:21.867Z,1787692581867,FAN_DT_001_F2_S06_R02_20260825T211108,2,312.872,FAULT_ACTIVE,F2,0.6,FAN_DT_001,3.0,process-model-3.0.0-build3,448,1,LIVE,SYNCHRONISED,AUTOMATIC,NORMAL,65,1950,1950,0,145,157,0.3,0.3,24.35385,39.59,1.367,1.33,0.0254,0,276.59,22.8379,0.01054,1,0.18,3.811,5.3212,61,CRITICAL,F2,2,1,electrical_overcurrent,0.6,1,1,,,,,5,0
2026-08-25T21:16:22.906Z,1787692582906,FAN_DT_001_F2_S06_R02_20260825T211108,2,313.911,FAULT_ACTIVE,F2,0.6,FAN_DT_001,3.0,process-model-3.0.0-build3,449,1,LIVE,SYNCHRONISED,AUTOMATIC,NORMAL,65,1950,1950,0,145,157,0.3,0.3,24.3432,39.58,1.367,1.33,0.0254,0,276.59,22.9172,0.01054,1,0.18,3.809,5.3397,61,CRITICAL,F2,2,1,electrical_overcurrent,0.6,1,1,,,,,5,0
2026-08-25T21:16:24.000Z,1787692584000,FAN_DT_001_F2_S06_R02_20260825T211108,2,315.016,FAULT_ACTIVE,F2,0.6,FAN_DT_001,3.0,process-model-3.0.0-build3,450,1,LIVE,SYNCHRONISED,AUTOMATIC,NORMAL,65,1950,1950,0,145,157,0.3,0.3,24.33287,39.56,1.367,1.33,0.0254,0,276.59,22.9967,0.01053,1,0.18,3.808,5.3582,61,CRITICAL,F2,2,1,electrical_overcurrent,0.6,1,1,,,,,5,0
2026-08-25T21:16:24.967Z,1787692584967,FAN_DT_001_F2_S06_R02_20260825T211108,2,315.972,FAULT_ACTIVE,F2,0.6,FAN_DT_001,3.0,process-model-3.0.0-build3,451,1,LIVE,SYNCHRONISED,AUTOMATIC,NORMAL,65,1950,1950,0,145,157,0.3,0.3,24.32293,39.55,1.367,1.33,0.0254,0,276.59,23.076,0.01051,1,0.18,3.801,5.3767,61,CRITICAL,F2,2,1,electrical_overcurrent,0.6,1,1,,,,,5,0
2026-08-25T21:16:26.001Z,1787692586001,FAN_DT_001_F2_S06_R02_20260825T211108,2,317.006,FAULT_ACTIVE,F2,0.6,FAN_DT_001,3.0,process-model-3.0.0-build3,452,1,LIVE,SYNCHRONISED,AUTOMATIC,NORMAL,65,1950,1950,0,145,157,0.3,0.3,24.31333,39.54,1.367,1.33,0.0254,0,276.59,23.1553,0.01047,1,0.18,3.787,5.3952,61,CRITICAL,F2,2,1,electrical_overcurrent,0.6,1,1,,,,,5,0
2026-08-25T21:16:27.149Z,1787692587149,FAN_DT_001_F2_S06_R02_20260825T211108,2,318.156,FAULT_ACTIVE,F2,0.6,FAN_DT_001,3.0,process-model-3.0.0-build3,453,1,LIVE,SYNCHRONISED,AUTOMATIC,NORMAL,65,1950,1950,0,145,157,0.3,0.3,24.30412,39.53,1.367,1.33,0.0254,0,276.59,23.2344,0.01047,1,0.18,3.785,5.4136,61,CRITICAL,F2,2,1,electrical_overcurrent,0.6,1,1,,,,,5,0
2026-08-25T21:16:28.126Z,1787692588126,FAN_DT_001_F2_S06_R02_20260825T211108,2,319.134,FAULT_ACTIVE,F2,0.6,FAN_DT_001,3.0,process-model-3.0.0-build3,454,1,LIVE,SYNCHRONISED,AUTOMATIC,NORMAL,65,1950,1950,0,145,157,0.3,0.3,24.29527,39.52,1.367,1.33,0.0254,0,276.59,23.3135,0.01043,1,0.18,3.772,5.4321,61,CRITICAL,F2,2,1,electrical_overcurrent,0.6,1,1,,,,,5,0
2026-08-25T21:16:29.112Z,1787692589112,FAN_DT_001_F2_S06_R02_20260825T211108,2,320.117,FAULT_ACTIVE,F2,0.6,FAN_DT_001,3.0,process-model-3.0.0-build3,455,1,LIVE,SYNCHRONISED,AUTOMATIC,NORMAL,65,1950,1950,0,145,157,0.3,0.3,24.28678,39.51,1.367,1.33,0.0254,0,276.59,23.3928,0.01041,1,0.18,3.762,5.4505,61,CRITICAL,F2,2,1,electrical_overcurrent,0.6,1,1,,,,,5,0
2026-08-25T21:16:30.142Z,1787692590142,FAN_DT_001_F2_S06_R02_20260825T211108,2,321.148,FAULT_ACTIVE,F2,0.6,FAN_DT_001,3.0,process-model-3.0.0-build3,456,1,LIVE,SYNCHRONISED,AUTOMATIC,NORMAL,65,1950,1950,0,145,157,0.3,0.3,24.27862,39.5,1.367,1.33,0.0254,0,276.59,23.4725,0.01035,1,0.18,3.74,5.4691,61,CRITICAL,F2,2,1,electrical_overcurrent,0.6,1,1,,,,,5,0
2026-08-25T21:16:31.633Z,1787692591633,FAN_DT_001_F2_S06_R02_20260825T211108,2,322.648,FAULT_ACTIVE,F2,0.6,FAN_DT_001,3.0,process-model-3.0.0-build3,457,1,LIVE,SYNCHRONISED,AUTOMATIC,NORMAL,65,1950,1950,0,145,157,0.3,0.3,24.27087,39.49,1.367,1.33,0.0254,0,276.59,23.5519,0.01031,1,0.18,3.727,5.4876,61,CRITICAL,F2,2,1,electrical_overcurrent,0.6,1,1,,,,,5,0
2026-08-25T21:16:32.204Z,1787692592204,FAN_DT_001_F2_S06_R02_20260825T211108,2,323.209,FAULT_ACTIVE,F2,0.6,FAN_DT_001,3.0,process-model-3.0.0-build3,458,1,LIVE,SYNCHRONISED,AUTOMATIC,NORMAL,65,1950,1950,0,145,157,0.3,0.3,24.26351,39.48,1.367,1.33,0.0254,0,276.59,23.6312,0.01023,1,0.18,3.7,5.5061,61,CRITICAL,F2,2,1,electrical_overcurrent,0.6,1,1,,,,,5,0
2026-08-25T21:16:33.266Z,1787692593266,FAN_DT_001_F2_S06_R02_20260825T211108,2,324.271,FAULT_ACTIVE,F2,0.6,FAN_DT_001,3.0,process-model-3.0.0-build3,459,1,LIVE,SYNCHRONISED,AUTOMATIC,NORMAL,65,1950,1950,0,145,157,0.3,0.3,24.25654,39.47,1.367,1.33,0.0254,0,276.59,23.7104,0.0102,1,0.18,3.688,5.5245,61,CRITICAL,F2,2,1,electrical_overcurrent,0.6,1,1,,,,,5,0
2026-08-25T21:16:34.268Z,1787692594268,FAN_DT_001_F2_S06_R02_20260825T211108,2,325.272,FAULT_ACTIVE,F2,0.6,FAN_DT_001,3.0,process-model-3.0.0-build3,460,1,LIVE,SYNCHRONISED,AUTOMATIC,NORMAL,65,1950,1950,0,145,157,0.3,0.3,24.24998,39.46,1.367,1.33,0.0254,0,276.59,23.7895,0.01013,1,0.18,3.664,5.543,61,CRITICAL,F2,2,1,electrical_overcurrent,0.6,1,1,,,,,5,0
2026-08-25T21:16:35.309Z,1787692595309,FAN_DT_001_F2_S06_R02_20260825T211108,2,326.314,FAULT_ACTIVE,F2,0.6,FAN_DT_001,3.0,process-model-3.0.0-build3,461,1,LIVE,SYNCHRONISED,AUTOMATIC,NORMAL,65,1950,1950,0,145,157,0.3,0.3,24.24378,39.45,1.367,1.33,0.0254,0,276.59,23.8689,0.01005,1,0.18,3.634,5.5615,61,CRITICAL,F2,2,1,electrical_overcurrent,0.6,1,1,,,,,5,0
2026-08-25T21:16:36.338Z,1787692596338,FAN_DT_001_F2_S06_R02_20260825T211108,2,327.343,FAULT_ACTIVE,F2,0.6,FAN_DT_001,3.0,process-model-3.0.0-build3,462,1,LIVE,SYNCHRONISED,AUTOMATIC,NORMAL,65,1950,1950,0,145,157,0.3,0.3,24.238,39.44,1.367,1.33,0.0254,0,276.59,23.9482,0.00997,1,0.18,3.605,5.5799,61,CRITICAL,F2,2,1,electrical_overcurrent,0.6,1,1,,,,,5,0
2026-08-25T21:16:37.367Z,1787692597367,FAN_DT_001_F2_S06_R02_20260825T211108,2,328.372,FAULT_ACTIVE,F2,0.6,FAN_DT_001,3.0,process-model-3.0.0-build3,463,1,LIVE,SYNCHRONISED,AUTOMATIC,NORMAL,65,1950,1950,0,145,157,0.3,0.3,24.23264,39.43,1.367,1.33,0.0254,0,276.59,24.0271,0.00989,1,0.18,3.575,5.5983,61,CRITICAL,F2,2,1,electrical_overcurrent,0.6,1,1,,,,,5,0
2026-08-25T21:16:39.203Z,1787692599203,FAN_DT_001_F2_S06_R02_20260825T211108,2,331.279,FAULT_ACTIVE,F2,0.6,FAN_DT_001,3.0,process-model-3.0.0-build3,464,1,LIVE,SYNCHRONISED,AUTOMATIC,NORMAL,65,1950,1950,0,145,157,0.3,0.3,24.22764,39.42,1.367,1.33,0.0254,0,276.59,24.1067,0.00981,1,0.18,3.546,5.6169,61,CRITICAL,F2,2,1,electrical_overcurrent,0.6,1,1,,,,,5,0
2026-08-25T21:16:40.290Z,1787692600290,FAN_DT_001_F2_S06_R02_20260825T211108,2,331.341,FAULT_ACTIVE,F2,0.6,FAN_DT_001,3.0,process-model-3.0.0-build3,465,1,LIVE,SYNCHRONISED,AUTOMATIC,NORMAL,65,1950,1950,0,145,157,0.3,0.3,24.22306,39.41,1.367,1.33,0.0254,0,276.59,24.1859,0.00973,1,0.18,3.516,5.6353,61,CRITICAL,F2,2,1,electrical_overcurrent,0.6,1,1,,,,,5,0
2026-08-25T21:16:40.469Z,1787692600469,FAN_DT_001_F2_S06_R02_20260825T211108,2,331.475,FAULT_ACTIVE,F2,0.6,FAN_DT_001,3.0,process-model-3.0.0-build3,466,1,LIVE,SYNCHRONISED,AUTOMATIC,NORMAL,65,1950,1950,0,145,157,0.3,0.3,24.2189,39.4,1.367,1.33,0.0254,0,276.59,24.265,0.00961,1,0.18,3.474,5.6537,61,CRITICAL,F2,2,1,electrical_overcurrent,0.6,1,1,,,,,5,0
2026-08-25T21:16:41.522Z,1787692601522,FAN_DT_001_F2_S06_R02_20260825T211108,2,332.526,FAULT_ACTIVE,F2,0.6,FAN_DT_001,3.0,process-model-3.0.0-build3,467,1,LIVE,SYNCHRONISED,AUTOMATIC,NORMAL,65,1950,1950,0,145,157,0.3,0.3,24.21514,39.39,1.367,1.33,0.0254,0,276.59,24.3444,0.00951,1,0.18,3.437,5.6722,61,CRITICAL,F2,2,1,electrical_overcurrent,0.6,1,1,,,,,5,0
2026-08-25T21:16:42.530Z,1787692602530,FAN_DT_001_F2_S06_R02_20260825T211108,2,333.534,FAULT_ACTIVE,F2,0.6,FAN_DT_001,3.0,process-model-3.0.0-build3,468,1,LIVE,SYNCHRONISED,AUTOMATIC,NORMAL,65,1950,1950,0,145,157,0.3,0.3,24.2118,39.38,1.367,1.33,0.0254,0,276.59,24.4235,0.0094,1,0.18,3.4,5.6907,61,CRITICAL,F2,2,1,electrical_overcurrent,0.6,1,1,,,,,5,0
2026-08-25T21:16:43.565Z,1787692603565,FAN_DT_001_F2_S06_R02_20260825T211108,2,334.571,FAULT_ACTIVE,F2,0.6,FAN_DT_001,3.0,process-model-3.0.0-build3,469,1,LIVE,SYNCHRONISED,AUTOMATIC,NORMAL,65,1950,1950,0,145,157,0.3,0.3,24.20888,39.37,1.367,1.33,0.0254,0,276.59,24.5025,0.00931,1,0.18,3.364,5.7091,61,CRITICAL,F2,2,1,electrical_overcurrent,0.6,1,1,,,,,5,0
2026-08-25T21:16:44.607Z,1787692604607,FAN_DT_001_F2_S06_R02_20260825T211108,2,335.612,FAULT_ACTIVE,F2,0.6,FAN_DT_001,3.0,process-model-3.0.0-build3,470,1,LIVE,SYNCHRONISED,AUTOMATIC,NORMAL,65,1950,1950,0,145,157,0.3,0.3,24.20636,39.36,1.367,1.33,0.0254,0,276.59,24.5819,0.00918,1,0.18,3.319,5.7276,61,CRITICAL,F2,2,1,electrical_overcurrent,0.6,1,1,,,,,5,0
2026-08-25T21:16:45.603Z,1787692605603,FAN_DT_001_F2_S06_R02_20260825T211108,2,336.608,FAULT_ACTIVE,F2,0.6,FAN_DT_001,3.0,process-model-3.0.0-build3,471,1,LIVE,SYNCHRONISED,AUTOMATIC,NORMAL,65,1950,1950,0,145,157,0.3,0.3,24.20423,39.35,1.367,1.33,0.0254,0,276.59,24.6622,0.00905,1,0.18,3.273,5.7463,61,CRITICAL,F2,2,1,electrical_overcurrent,0.6,1,1,,,,,5,0
2026-08-25T21:16:46.638Z,1787692606638,FAN_DT_001_F2_S06_R02_20260825T211108,2,337.643,FAULT_ACTIVE,F2,0.6,FAN_DT_001,3.0,process-model-3.0.0-build3,472,1,LIVE,SYNCHRONISED,AUTOMATIC,NORMAL,65,1950,1950,0,145,157,0.3,0.3,24.20262,39.34,1.367,1.33,0.0254,0,276.59,24.738,0.00896,1,0.18,3.239,5.764,61,CRITICAL,F2,2,1,electrical_overcurrent,0.6,1,1,,,,,5,0
2026-08-25T21:16:47.672Z,1787692607672,FAN_DT_001_F2_S06_R02_20260825T211108,2,338.677,FAULT_ACTIVE,F2,0.6,FAN_DT_001,3.0,process-model-3.0.0-build3,473,1,LIVE,SYNCHRONISED,AUTOMATIC,NORMAL,65,1950,1950,0,145,157,0.3,0.3,24.20135,39.33,1.367,1.33,0.0254,0,276.59,24.8173,0.0088,1,0.18,3.182,5.7824,61,CRITICAL,F2,2,1,electrical_overcurrent,0.6,1,1,,,,,5,0
2026-08-25T21:16:48.710Z,1787692608710,FAN_DT_001_F2_S06_R02_20260825T211108,2,339.714,FAULT_ACTIVE,F2,0.6,FAN_DT_001,3.0,process-model-3.0.0-build3,474,1,LIVE,SYNCHRONISED,AUTOMATIC,NORMAL,65,1950,1950,0,145,157,0.3,0.3,24.20049,39.32,1.367,1.33,0.0254,0,276.59,24.8966,0.00867,1,0.18,3.133,5.8009,61,CRITICAL,F2,2,1,electrical_overcurrent,0.6,1,1,,,,,5,0
2026-08-25T21:16:49.738Z,1787692609738,FAN_DT_001_F2_S06_R02_20260825T211108,2,340.743,FAULT_ACTIVE,F2,0.6,FAN_DT_001,3.0,process-model-3.0.0-build3,475,1,LIVE,SYNCHRONISED,AUTOMATIC,NORMAL,65,1950,1950,0,145,157,0.3,0.3,24.20006,39.31,1.367,1.33,0.0254,0,276.59,24.9759,0.00852,1,0.18,3.082,5.8194,61,CRITICAL,F2,2,1,electrical_overcurrent,0.6,1,1,,,,,5,0
2026-08-25T21:16:50.768Z,1787692610768,FAN_DT_001_F2_S06_R02_20260825T211108,2,341.773,FAULT_ACTIVE,F2,0.6,FAN_DT_001,3.0,process-model-3.0.0-build3,476,1,LIVE,SYNCHRONISED,AUTOMATIC,NORMAL,65,1950,1950,0,145,157,0.3,0.3,24.20005,39.3,1.367,1.33,0.0254,0,276.59,25.0552,0.00838,1,0.18,3.03,5.8379,61,CRITICAL,F2,2,1,electrical_overcurrent,0.6,1,1,,,,,5,0
2026-08-25T21:16:51.798Z,1787692611798,FAN_DT_001_F2_S06_R02_20260825T211108,2,342.803,FAULT_ACTIVE,F2,0.6,FAN_DT_001,3.0,process-model-3.0.0-build3,477,1,LIVE,SYNCHRONISED,AUTOMATIC,NORMAL,65,1950,1950,0,145,157,0.3,0.3,24.20045,39.29,1.367,1.33,0.0254,0,276.59,25.1344,0.00823,1,0.18,2.977,5.8563,61,CRITICAL,F2,2,1,electrical_overcurrent,0.6,1,1,,,,,5,0
2026-08-25T21:16:52.830Z,1787692612830,FAN_DT_001_F2_S06_R02_20260825T211108,2,343.837,FAULT_ACTIVE,F2,0.6,FAN_DT_001,3.0,process-model-3.0.0-build3,478,1,LIVE,SYNCHRONISED,AUTOMATIC,NORMAL,65,1950,1950,0,145,157,0.3,0.3,24.20127,39.29,1.367,1.33,0.0254,0,276.59,25.2134,0.00809,1,0.18,2.926,5.8747,61,CRITICAL,F2,2,1,electrical_overcurrent,0.6,1,1,,,,,5,0
2026-08-25T21:16:53.864Z,1787692613864,FAN_DT_001_F2_S06_R02_20260825T211108,2,344.869,FAULT_ACTIVE,F2,0.6,FAN_DT_001,3.0,process-model-3.0.0-build3,479,1,LIVE,SYNCHRONISED,AUTOMATIC,NORMAL,65,1950,1950,0,145,157,0.3,0.3,24.20252,39.28,1.367,1.33,0.0254,0,276.59,25.2926,0.00793,1,0.18,2.867,5.8932,61,CRITICAL,F2,2,1,electrical_overcurrent,0.6,1,1,,,,,5,0
2026-08-25T21:16:54.894Z,1787692614894,FAN_DT_001_F2_S06_R02_20260825T211108,2,345.899,FAULT_ACTIVE,F2,0.6,FAN_DT_001,3.0,process-model-3.0.0-build3,480,1,LIVE,SYNCHRONISED,AUTOMATIC,NORMAL,65,1950,1950,0,145,157,0.3,0.3,24.20419,39.27,1.367,1.33,0.0254,0,276.59,25.3719,0.00778,1,0.18,2.813,5.9117,61,CRITICAL,F2,2,1,electrical_overcurrent,0.6,1,1,,,,,5,0
2026-08-25T21:16:55.926Z,1787692615926,FAN_DT_001_F2_S06_R02_20260825T211108,2,346.931,FAULT_ACTIVE,F2,0.6,FAN_DT_001,3.0,process-model-3.0.0-build3,481,1,LIVE,SYNCHRONISED,AUTOMATIC,NORMAL,65,1950,1950,0,145,157,0.3,0.3,24.20626,39.26,1.367,1.33,0.0254,0,276.59,25.4511,0.0076,1,0.18,2.748,5.9301,61,CRITICAL,F2,2,1,electrical_overcurrent,0.6,1,1,,,,,5,0
2026-08-25T21:16:56.986Z,1787692616986,FAN_DT_001_F2_S06_R02_20260825T211108,2,347.991,FAULT_ACTIVE,F2,0.6,FAN_DT_001,3.0,process-model-3.0.0-build3,482,1,LIVE,SYNCHRONISED,AUTOMATIC,NORMAL,65,1950,1950,0,145,157,0.3,0.3,24.20876,39.25,1.367,1.33,0.0254,0,276.59,25.5301,0.00742,1,0.18,2.684,5.9485,61,CRITICAL,F2,2,1,electrical_overcurrent,0.6,1,1,,,,,5,0
2026-08-25T21:16:58.006Z,1787692618006,FAN_DT_001_F2_S06_R02_20260825T211108,2,349.012,FAULT_ACTIVE,F2,0.6,FAN_DT_001,3.0,process-model-3.0.0-build3,483,1,LIVE,SYNCHRONISED,AUTOMATIC,NORMAL,65,1950,1950,0,145,157,0.3,0.3,24.21168,39.25,1.367,1.33,0.0254,0,276.59,25.6097,0.00727,1,0.18,2.628,5.9671,61,CRITICAL,F2,2,1,electrical_overcurrent,0.6,1,1,,,,,5,0
2026-08-25T21:16:59.033Z,1787692619033,FAN_DT_001_F2_S06_R02_20260825T211108,2,350.038,FAULT_ACTIVE,F2,0.6,FAN_DT_001,3.0,process-model-3.0.0-build3,484,1,LIVE,SYNCHRONISED,AUTOMATIC,NORMAL,65,1950,1950,0,145,157,0.3,0.3,24.21502,39.24,1.367,1.33,0.0254,0,276.59,25.689,0.00709,1,0.18,2.563,5.9855,61,CRITICAL,F2,2,1,electrical_overcurrent,0.6,1,1,,,,,5,0
2026-08-25T21:17:00.073Z,1787692620073,FAN_DT_001_F2_S06_R02_20260825T211108,2,351.078,FAULT_ACTIVE,F2,0.6,FAN_DT_001,3.0,process-model-3.0.0-build3,485,1,LIVE,SYNCHRONISED,AUTOMATIC,NORMAL,65,1950,1950,0,145,157,0.3,0.3,24.21874,39.23,1.367,1.33,0.0254,0,276.59,25.768,0.00691,1,0.18,2.497,6.0039,61,CRITICAL,F2,2,1,electrical_overcurrent,0.6,1,1,,,,,5,0
2026-08-25T21:17:01.105Z,1787692621105,FAN_DT_001_F2_S06_R02_20260825T211108,2,352.109,FAULT_ACTIVE,F2,0.6,FAN_DT_001,3.0,process-model-3.0.0-build3,486,1,LIVE,SYNCHRONISED,AUTOMATIC,NORMAL,65,1950,1950,0,145,157,0.3,0.3,24.22288,39.23,1.367,1.33,0.0254,0,276.59,25.847,0.00673,1,0.18,2.432,6.0224,61,CRITICAL,F2,2,1,electrical_overcurrent,0.6,1,1,,,,,5,0
2026-08-25T21:17:02.134Z,1787692622134,FAN_DT_001_F2_S06_R02_20260825T211108,2,353.139,FAULT_ACTIVE,F2,0.6,FAN_DT_001,3.0,process-model-3.0.0-build3,487,1,LIVE,SYNCHRONISED,AUTOMATIC,NORMAL,65,1950,1950,0,145,157,0.3,0.3,24.22745,39.22,1.367,1.33,0.0254,0,276.59,25.9265,0.00654,1,0.18,2.364,6.0409,61,CRITICAL,F2,2,1,electrical_overcurrent,0.6,1,1,,,,,5,0
2026-08-25T21:17:03.155Z,1787692623155,FAN_DT_001_F2_S06_R02_20260825T211108,2,354.159,FAULT_ACTIVE,F2,0.6,FAN_DT_001,3.0,process-model-3.0.0-build3,488,1,LIVE,SYNCHRONISED,AUTOMATIC,NORMAL,65,1950,1950,0,145,157,0.3,0.3,24.2324,39.21,1.367,1.33,0.0254,0,276.59,26.0055,0.00635,1,0.18,2.295,6.0593,61,CRITICAL,F2,2,1,electrical_overcurrent,0.6,1,1,,,,,5,0
2026-08-25T21:17:04.192Z,1787692624192,FAN_DT_001_F2_S06_R02_20260825T211108,2,355.196,FAULT_ACTIVE,F2,0.6,FAN_DT_001,3.0,process-model-3.0.0-build3,489,1,LIVE,SYNCHRONISED,AUTOMATIC,NORMAL,65,1950,1950,0,145,157,0.3,0.3,24.23777,39.21,1.367,1.33,0.0254,0,276.59,26.0847,0.00614,1,0.18,2.221,6.0777,61,CRITICAL,F2,2,1,electrical_overcurrent,0.6,1,1,,,,,5,0
2026-08-25T21:17:05.225Z,1787692625225,FAN_DT_001_F2_S06_R02_20260825T211108,2,356.229,FAULT_ACTIVE,F2,0.6,FAN_DT_001,3.0,process-model-3.0.0-build3,490,1,LIVE,SYNCHRONISED,AUTOMATIC,NORMAL,65,1950,1950,0,145,157,0.3,0.3,24.24354,39.2,1.367,1.33,0.0254,0,276.59,26.164,0.00593,1,0.18,2.145,6.0962,61,CRITICAL,F2,2,1,electrical_overcurrent,0.6,1,1,,,,,5,0
2026-08-25T21:17:06.257Z,1787692626257,FAN_DT_001_F2_S06_R02_20260825T211108,2,357.262,FAULT_ACTIVE,F2,0.6,FAN_DT_001,3.0,process-model-3.0.0-build3,491,1,LIVE,SYNCHRONISED,AUTOMATIC,NORMAL,65,1950,1950,0,145,157,0.3,0.3,24.24972,39.19,1.367,1.33,0.0254,0,276.59,26.2435,0.00574,1,0.18,2.074,6.1147,61,CRITICAL,F2,2,1,electrical_overcurrent,0.6,1,1,,,,,5,0
2026-08-25T21:17:07.289Z,1787692627289,FAN_DT_001_F2_S06_R02_20260825T211108,2,358.295,FAULT_ACTIVE,F2,0.6,FAN_DT_001,3.0,process-model-3.0.0-build3,492,1,LIVE,SYNCHRONISED,AUTOMATIC,NORMAL,65,1950,1950,0,145,157,0.3,0.3,24.25626,39.19,1.367,1.33,0.0254,0,276.59,26.3225,0.00555,1,0.18,2.006,6.1331,61,CRITICAL,F2,2,1,electrical_overcurrent,0.6,1,1,,,,,5,0
2026-08-25T21:17:08.327Z,1787692628327,FAN_DT_001_F2_S06_R02_20260825T211108,2,359.332,FAULT_ACTIVE,F2,0.6,FAN_DT_001,3.0,process-model-3.0.0-build3,493,1,LIVE,SYNCHRONISED,AUTOMATIC,NORMAL,65,1950,1950,0,145,157,0.3,0.3,24.26321,39.18,1.367,1.33,0.0254,0,276.59,26.4018,0.00534,1,0.18,1.931,6.1516,61,CRITICAL,F2,2,1,electrical_overcurrent,0.6,1,1,,,,,5,0
2026-08-25T21:17:09.408Z,1787692629408,FAN_DT_001_F2_S06_R02_20260825T211108,2,360.476,FAULT_ACTIVE,F2,0.6,FAN_DT_001,3.0,process-model-3.0.0-build3,494,1,LIVE,SYNCHRONISED,AUTOMATIC,NORMAL,65,1950,1950,0,145,157,0.3,0.3,24.27056,39.18,1.367,1.33,0.0254,0,276.59,26.4811,0.00512,1,0.18,1.85,6.1701,61,CRITICAL,F2,2,1,electrical_overcurrent,0.6,1,1,,,,,5,0
2026-08-25T21:17:10.419Z,1787692630419,FAN_DT_001_F2_S06_R02_20260825T211108,2,361.479,FAULT_ACTIVE,F2,0.6,FAN_DT_001,3.0,process-model-3.0.0-build3,495,1,LIVE,SYNCHRONISED,AUTOMATIC,NORMAL,65,1950,1950,0,145,157,0.3,0.3,24.2783,39.17,1.367,1.33,0.0254,0,276.59,26.5605,0.0049,1,0.18,1.773,6.1886,61,CRITICAL,F2,2,1,electrical_overcurrent,0.6,1,1,,,,,5,0
2026-08-25T21:17:11.426Z,1787692631426,FAN_DT_001_F2_S06_R02_20260825T211108,2,362.431,FAULT_ACTIVE,F2,0.6,FAN_DT_001,3.0,process-model-3.0.0-build3,496,1,LIVE,SYNCHRONISED,AUTOMATIC,NORMAL,65,1950,1950,0,145,157,0.3,0.3,24.28638,39.17,1.367,1.33,0.0254,0,276.59,26.6396,0.00468,1,0.18,1.693,6.207,61,CRITICAL,F2,2,1,electrical_overcurrent,0.6,1,1,,,,,5,0
2026-08-25T21:17:12.513Z,1787692632513,FAN_DT_001_F2_S06_R02_20260825T211108,2,363.522,FAULT_ACTIVE,F2,0.6,FAN_DT_001,3.0,process-model-3.0.0-build3,497,1,LIVE,SYNCHRONISED,AUTOMATIC,NORMAL,65,1950,1950,0,145,157,0.3,0.3,24.29484,39.16,1.367,1.33,0.0254,0,276.59,26.7188,0.00446,1,0.18,1.612,6.2255,61,CRITICAL,F2,2,1,electrical_overcurrent,0.6,1,1,,,,,5,0
2026-08-25T21:17:13.492Z,1787692633492,FAN_DT_001_F2_S06_R02_20260825T211108,2,364.497,FAULT_ACTIVE,F2,0.6,FAN_DT_001,3.0,process-model-3.0.0-build3,498,1,LIVE,SYNCHRONISED,AUTOMATIC,NORMAL,65,1950,1950,0,145,157,0.3,0.3,24.30369,39.16,1.367,1.33,0.0254,0,276.59,26.798,0.00424,1,0.18,1.533,6.2439,61,CRITICAL,F2,2,1,electrical_overcurrent,0.6,1,1,,,,,5,0
2026-08-25T21:17:14.519Z,1787692634519,FAN_DT_001_F2_S06_R02_20260825T211108,2,365.524,FAULT_ACTIVE,F2,0.6,FAN_DT_001,3.0,process-model-3.0.0-build3,499,1,LIVE,SYNCHRONISED,AUTOMATIC,NORMAL,65,1950,1950,0,145,157,0.3,0.3,24.31288,39.15,1.367,1.33,0.0254,0,276.59,26.8771,0.00402,1,0.18,1.455,6.2624,61,CRITICAL,F2,2,1,electrical_overcurrent,0.6,1,1,,,,,5,0
2026-08-25T21:17:15.569Z,1787692635569,FAN_DT_001_F2_S06_R02_20260825T211108,2,366.576,FAULT_ACTIVE,F2,0.6,FAN_DT_001,3.0,process-model-3.0.0-build3,500,1,LIVE,SYNCHRONISED,AUTOMATIC,NORMAL,65,1950,1950,0,145,157,0.3,0.3,24.32248,39.15,1.367,1.33,0.0254,0,276.59,26.9566,0.00379,1,0.18,1.369,6.2809,61,CRITICAL,F2,2,1,electrical_overcurrent,0.6,1,1,,,,,5,0
2026-08-25T21:17:16.597Z,1787692636597,FAN_DT_001_F2_S06_R02_20260825T211108,2,367.605,FAULT_ACTIVE,F2,0.6,FAN_DT_001,3.0,process-model-3.0.0-build3,501,1,LIVE,SYNCHRONISED,AUTOMATIC,NORMAL,65,1950,1950,0,145,157,0.3,0.3,24.33232,39.14,1.367,1.33,0.0254,0,276.59,27.0352,0.00357,1,0.18,1.292,6.2992,61,CRITICAL,F2,2,1,electrical_overcurrent,0.6,1,1,,,,,5,0
2026-08-25T21:17:17.897Z,1787692637897,FAN_DT_001_F2_S06_R02_20260825T211108,2,368.921,FAULT_ACTIVE,F2,0.6,FAN_DT_001,3.0,process-model-3.0.0-build3,502,1,LIVE,SYNCHRONISED,AUTOMATIC,NORMAL,65,1950,1950,0,145,157,0.3,0.3,24.34259,39.14,1.367,1.33,0.0254,0,276.59,27.1144,0.00333,1,0.18,1.204,6.3176,61,CRITICAL,F2,2,1,electrical_overcurrent,0.6,1,1,,,,,5,0
2026-08-25T21:17:18.641Z,1787692638641,FAN_DT_001_F2_S06_R02_20260825T211108,2,369.647,FAULT_ACTIVE,F2,0.6,FAN_DT_001,3.0,process-model-3.0.0-build3,503,1,LIVE,SYNCHRONISED,AUTOMATIC,NORMAL,65,1950,1950,0,145,157,0.3,0.3,24.3532,39.14,1.367,1.33,0.0254,0,276.59,27.1936,0.00311,1,0.18,1.123,6.3361,61,CRITICAL,F2,2,1,electrical_overcurrent,0.6,1,1,,,,,5,0
2026-08-25T21:17:19.678Z,1787692639678,FAN_DT_001_F2_S06_R02_20260825T211108,2,370.683,FAULT_ACTIVE,F2,0.6,FAN_DT_001,3.0,process-model-3.0.0-build3,504,1,LIVE,SYNCHRONISED,AUTOMATIC,NORMAL,65,1950,1950,0,145,157,0.3,0.3,24.36415,39.14,1.367,1.33,0.0254,0,276.59,27.2727,0.00287,1,0.18,1.039,6.3545,61,CRITICAL,F2,2,1,electrical_overcurrent,0.6,1,1,,,,,5,0
2026-08-25T21:17:20.715Z,1787692640715,FAN_DT_001_F2_S06_R02_20260825T211108,2,371.72,FAULT_ACTIVE,F2,0.6,FAN_DT_001,3.0,process-model-3.0.0-build3,505,1,LIVE,SYNCHRONISED,AUTOMATIC,NORMAL,65,1950,1950,0,145,157,0.3,0.3,24.37548,39.13,1.367,1.33,0.0254,0,276.59,27.3522,0.00264,1,0.18,0.956,6.3731,61,CRITICAL,F2,2,1,electrical_overcurrent,0.6,1,1,,,,,5,0
2026-08-25T21:17:21.742Z,1787692641742,FAN_DT_001_F2_S06_R02_20260825T211108,2,372.747,FAULT_ACTIVE,F2,0.6,FAN_DT_001,3.0,process-model-3.0.0-build3,506,1,LIVE,SYNCHRONISED,AUTOMATIC,NORMAL,65,1950,1950,0,145,157,0.3,0.3,24.38709,39.13,1.367,1.33,0.0254,0,276.59,27.4314,0.00241,1,0.18,0.872,6.3915,61,CRITICAL,F2,2,1,electrical_overcurrent,0.6,1,1,,,,,5,0
2026-08-25T21:17:22.776Z,1787692642776,FAN_DT_001_F2_S06_R02_20260825T211108,2,373.78,FAULT_ACTIVE,F2,0.6,FAN_DT_001,3.0,process-model-3.0.0-build3,507,1,LIVE,SYNCHRONISED,AUTOMATIC,NORMAL,65,1950,1950,0,145,157,0.3,0.3,24.399,39.13,1.367,1.33,0.0254,0,276.59,27.5104,0.00217,1,0.18,0.783,6.4099,61,CRITICAL,F2,2,1,electrical_overcurrent,0.6,1,1,,,,,5,0
2026-08-25T21:17:23.821Z,1787692643821,FAN_DT_001_F2_S06_R02_20260825T211108,2,374.827,FAULT_ACTIVE,F2,0.6,FAN_DT_001,3.0,process-model-3.0.0-build3,508,1,LIVE,SYNCHRONISED,AUTOMATIC,NORMAL,65,1950,1950,0,145,157,0.3,0.3,24.41125,39.13,1.367,1.33,0.0254,0,276.59,27.5896,0.00195,1,0.18,0.706,6.4284,61,CRITICAL,F2,2,1,electrical_overcurrent,0.6,1,1,,,,,5,0
2026-08-25T21:17:24.855Z,1787692644855,FAN_DT_001_F2_S06_R02_20260825T211108,2,375.861,FAULT_ACTIVE,F2,0.6,FAN_DT_001,3.0,process-model-3.0.0-build3,509,1,LIVE,SYNCHRONISED,AUTOMATIC,NORMAL,65,1950,1950,0,145,157,0.3,0.3,24.42385,39.12,1.367,1.33,0.0254,0,276.59,27.669,0.00169,1,0.18,0.613,6.4469,61,CRITICAL,F2,2,1,electrical_overcurrent,0.6,1,1,,,,,5,0
2026-08-25T21:17:25.880Z,1787692645880,FAN_DT_001_F2_S06_R02_20260825T211108,2,376.885,FAULT_ACTIVE,F2,0.6,FAN_DT_001,3.0,process-model-3.0.0-build3,510,1,LIVE,SYNCHRONISED,AUTOMATIC,NORMAL,65,1950,1950,0,145,157,0.3,0.3,24.4367,39.12,1.367,1.33,0.0254,0,276.59,27.7482,0.00145,1,0.18,0.524,6.4653,61,CRITICAL,F2,2,1,electrical_overcurrent,0.6,1,1,,,,,5,0
2026-08-25T21:17:26.919Z,1787692646919,FAN_DT_001_F2_S06_R02_20260825T211108,2,377.924,FAULT_ACTIVE,F2,0.6,FAN_DT_001,3.0,process-model-3.0.0-build3,511,1,LIVE,SYNCHRONISED,AUTOMATIC,NORMAL,65,1950,1950,0,145,157,0.3,0.3,24.44983,39.12,1.367,1.33,0.0254,0,276.59,27.8272,0.00121,1,0.18,0.439,6.4837,61,CRITICAL,F2,2,1,electrical_overcurrent,0.6,1,1,,,,,5,0
2026-08-25T21:17:27.940Z,1787692647940,FAN_DT_001_F2_S06_R02_20260825T211108,2,378.944,FAULT_ACTIVE,F2,0.6,FAN_DT_001,3.0,process-model-3.0.0-build3,512,1,LIVE,SYNCHRONISED,AUTOMATIC,NORMAL,65,1950,1950,0,145,157,0.3,0.3,24.46331,39.12,1.367,1.33,0.0254,0,276.59,27.9066,0.00097,1,0.18,0.35,6.5022,61,CRITICAL,F2,2,1,electrical_overcurrent,0.6,1,1,,,,,5,0
2026-08-25T21:17:28.974Z,1787692648974,FAN_DT_001_F2_S06_R02_20260825T211108,2,379.98,FAULT_ACTIVE,F2,0.6,FAN_DT_001,3.0,process-model-3.0.0-build3,513,1,LIVE,SYNCHRONISED,AUTOMATIC,NORMAL,65,1950,1950,0,145,157,0.3,0.3,24.47704,39.12,1.367,1.33,0.0254,0,276.59,27.9858,0.00073,1,0.18,0.263,6.5207,61,CRITICAL,F2,2,1,electrical_overcurrent,0.6,1,1,,,,,5,0
2026-08-25T21:17:30.009Z,1787692650009,FAN_DT_001_F2_S06_R02_20260825T211108,2,381.013,FAULT_ACTIVE,F2,0.6,FAN_DT_001,3.0,process-model-3.0.0-build3,514,1,LIVE,SYNCHRONISED,AUTOMATIC,NORMAL,65,1950,1950,0,145,157,0.3,0.3,24.49102,39.12,1.367,1.33,0.0254,0,276.59,28.0649,0.00049,1,0.18,0.178,6.5391,61,CRITICAL,F2,2,1,electrical_overcurrent,0.6,1,1,,,,,5,0
2026-08-25T21:17:31.052Z,1787692651052,FAN_DT_001_F2_S06_R02_20260825T211108,2,382.058,FAULT_ACTIVE,F2,0.6,FAN_DT_001,3.0,process-model-3.0.0-build3,515,1,LIVE,SYNCHRONISED,AUTOMATIC,NORMAL,65,1950,1950,0,145,157,0.3,0.3,24.50525,39.12,1.367,1.33,0.0254,0,276.59,28.1439,0.00024,1,0.18,0.087,6.5575,61,CRITICAL,F2,2,1,electrical_overcurrent,0.6,1,1,,,,,5,0
2026-08-25T21:17:32.078Z,1787692652078,FAN_DT_001_F2_S06_R02_20260825T211108,2,383.085,FAULT_ACTIVE,F2,0.6,FAN_DT_001,3.0,process-model-3.0.0-build3,516,1,LIVE,SYNCHRONISED,AUTOMATIC,NORMAL,65,1950,1950,0,145,157,0.3,0.3,24.51978,39.12,1.367,1.33,0.0254,0,276.59,28.2231,0,1,0.18,0,6.576,61,CRITICAL,F2,2,1,electrical_overcurrent,0.6,1,1,,,,,5,0
2026-08-25T21:17:33.110Z,1787692653110,FAN_DT_001_F2_S06_R02_20260825T211108,2,384.114,FAULT_ACTIVE,F2,0.6,FAN_DT_001,3.0,process-model-3.0.0-build3,517,1,LIVE,SYNCHRONISED,AUTOMATIC,NORMAL,65,1950,1950,0,145,157,0.3,0.3,24.53452,39.12,1.367,1.33,0.0254,0,276.59,28.3021,-0.00023,1,0.18,0.084,6.5944,61,CRITICAL,F2,2,1,electrical_overcurrent,0.6,1,1,,,,,5,0
2026-08-25T21:17:34.139Z,1787692654139,FAN_DT_001_F2_S06_R02_20260825T211108,2,385.144,FAULT_ACTIVE,F2,0.6,FAN_DT_001,3.0,process-model-3.0.0-build3,518,1,LIVE,SYNCHRONISED,AUTOMATIC,NORMAL,65,1950,1950,0,145,157,0.3,0.3,24.54963,39.12,1.367,1.33,0.0254,0,276.59,28.3816,-0.00048,1,0.18,0.174,6.6129,61,CRITICAL,F2,2,1,electrical_overcurrent,0.6,1,1,,,,,5,0
2026-08-25T21:17:35.165Z,1787692655165,FAN_DT_001_F2_S06_R02_20260825T211108,2,386.175,FAULT_ACTIVE,F2,0.6,FAN_DT_001,3.0,process-model-3.0.0-build3,519,1,LIVE,SYNCHRONISED,AUTOMATIC,NORMAL,65,1950,1950,0,145,157,0.3,0.3,24.56492,39.12,1.367,1.33,0.0254,0,276.59,28.461,-0.00072,1,0.18,0.261,6.6314,61,CRITICAL,F2,2,1,electrical_overcurrent,0.6,1,1,,,,,5,0
2026-08-25T21:17:36.203Z,1787692656203,FAN_DT_001_F2_S06_R02_20260825T211108,2,387.208,FAULT_ACTIVE,F2,0.6,FAN_DT_001,3.0,process-model-3.0.0-build3,520,1,LIVE,SYNCHRONISED,AUTOMATIC,NORMAL,65,1950,1950,0,145,157,0.3,0.3,24.58039,39.12,1.367,1.33,0.0254,0,276.59,28.5401,-0.00095,1,0.18,0.345,6.6498,61,CRITICAL,F2,2,1,electrical_overcurrent,0.6,1,1,,,,,5,0
2026-08-25T21:17:37.251Z,1787692657251,FAN_DT_001_F2_S06_R02_20260825T211108,2,388.255,FAULT_ACTIVE,F2,0.6,FAN_DT_001,3.0,process-model-3.0.0-build3,521,1,LIVE,SYNCHRONISED,AUTOMATIC,NORMAL,65,1950,1950,0,145,157,0.3,0.3,24.59608,39.12,1.367,1.33,0.0254,0,276.59,28.6192,-0.00119,1,0.18,0.432,6.6683,61,CRITICAL,F2,2,1,electrical_overcurrent,0.6,1,1,,,,,5,0
2026-08-25T21:17:38.317Z,1787692658317,FAN_DT_001_F2_S06_R02_20260825T211108,2,389.334,FAULT_ACTIVE,F2,0.6,FAN_DT_001,3.0,process-model-3.0.0-build3,522,1,LIVE,SYNCHRONISED,AUTOMATIC,NORMAL,65,1950,1950,0,145,157,0.3,0.3,24.61206,39.12,1.367,1.33,0.0254,0,276.59,28.6987,-0.00145,1,0.18,0.525,6.6868,61,CRITICAL,F2,2,1,electrical_overcurrent,0.6,1,1,,,,,5,0
2026-08-25T21:17:39.298Z,1787692659298,FAN_DT_001_F2_S06_R02_20260825T211108,2,390.304,FAULT_ACTIVE,F2,0.6,FAN_DT_001,3.0,process-model-3.0.0-build3,523,1,LIVE,SYNCHRONISED,AUTOMATIC,NORMAL,65,1950,1950,0,145,157,0.3,0.3,24.6282,39.12,1.367,1.33,0.0254,0,276.59,28.778,-0.00169,1,0.18,0.613,6.7053,61,CRITICAL,F2,2,1,electrical_overcurrent,0.6,1,1,,,,,5,0
2026-08-25T21:17:40.911Z,1787692660911,FAN_DT_001_F2_S06_R02_20260825T211108,2,391.96,FAULT_ACTIVE,F2,0.6,FAN_DT_001,3.0,process-model-3.0.0-build3,524,1,LIVE,SYNCHRONISED,AUTOMATIC,NORMAL,65,1950,1950,0,145,157,0.3,0.3,24.64454,39.13,1.367,1.33,0.0254,0,276.59,28.8572,-0.00194,1,0.18,0.7,6.7237,61,CRITICAL,F2,2,1,electrical_overcurrent,0.6,1,1,,,,,5,0
2026-08-25T21:17:41.375Z,1787692661375,FAN_DT_001_F2_S06_R02_20260825T211108,2,392.388,FAULT_ACTIVE,F2,0.6,FAN_DT_001,3.0,process-model-3.0.0-build3,525,1,LIVE,SYNCHRONISED,AUTOMATIC,NORMAL,65,1950,1950,0,145,157,0.3,0.3,24.6611,39.13,1.367,1.33,0.0254,0,276.59,28.9367,-0.00218,1,0.18,0.787,6.7422,61,CRITICAL,F2,2,1,electrical_overcurrent,0.6,1,1,,,,,5,0
2026-08-25T21:17:42.405Z,1787692662405,FAN_DT_001_F2_S06_R02_20260825T211108,2,393.411,FAULT_ACTIVE,F2,0.6,FAN_DT_001,3.0,process-model-3.0.0-build3,526,1,LIVE,SYNCHRONISED,AUTOMATIC,NORMAL,65,1950,1950,0,145,157,0.3,0.3,24.67783,39.13,1.367,1.33,0.0254,0,276.59,29.016,-0.0024,1,0.18,0.869,6.7607,61,CRITICAL,F2,2,1,electrical_overcurrent,0.6,1,1,,,,,5,0
2026-08-25T21:17:43.432Z,1787692663432,FAN_DT_001_F2_S06_R02_20260825T211108,2,394.437,FAULT_ACTIVE,F2,0.6,FAN_DT_001,3.0,process-model-3.0.0-build3,527,1,LIVE,SYNCHRONISED,AUTOMATIC,NORMAL,65,1950,1950,0,145,157,0.3,0.3,24.69467,39.13,1.367,1.33,0.0254,0,276.59,29.0952,-0.00264,1,0.18,0.956,6.7792,61,CRITICAL,F2,2,1,electrical_overcurrent,0.6,1,1,,,,,5,0
2026-08-25T21:17:44.467Z,1787692664467,FAN_DT_001_F2_S06_R02_20260825T211108,2,395.475,FAULT_ACTIVE,F2,0.6,FAN_DT_001,3.0,process-model-3.0.0-build3,528,1,LIVE,SYNCHRONISED,AUTOMATIC,NORMAL,65,1950,1950,0,145,157,0.3,0.3,24.71168,39.14,1.367,1.33,0.0254,0,276.59,29.1743,-0.00286,1,0.18,1.034,6.7976,61,CRITICAL,F2,2,1,electrical_overcurrent,0.6,1,1,,,,,5,0
2026-08-25T21:17:45.524Z,1787692665524,FAN_DT_001_F2_S06_R02_20260825T211108,2,396.529,FAULT_ACTIVE,F2,0.6,FAN_DT_001,3.0,process-model-3.0.0-build3,529,1,LIVE,SYNCHRONISED,AUTOMATIC,NORMAL,65,1950,1950,0,145,157,0.3,0.3,24.72885,39.14,1.367,1.33,0.0254,0,276.59,29.2535,-0.0031,1,0.18,1.12,6.8161,61,CRITICAL,F2,2,1,electrical_overcurrent,0.6,1,1,,,,,5,0
2026-08-25T21:17:46.565Z,1787692666565,FAN_DT_001_F2_S06_R02_20260825T211108,2,397.57,FAULT_ACTIVE,F2,0.6,FAN_DT_001,3.0,process-model-3.0.0-build3,530,1,LIVE,SYNCHRONISED,AUTOMATIC,NORMAL,65,1950,1950,0,145,157,0.3,0.3,24.74613,39.14,1.367,1.33,0.0254,0,276.59,29.3326,-0.00333,1,0.18,1.204,6.8345,61,CRITICAL,F2,2,1,electrical_overcurrent,0.6,1,1,,,,,5,0
2026-08-25T21:17:47.562Z,1787692667562,FAN_DT_001_F2_S06_R02_20260825T211108,2,398.57,FAULT_ACTIVE,F2,0.6,FAN_DT_001,3.0,process-model-3.0.0-build3,531,1,LIVE,SYNCHRONISED,AUTOMATIC,NORMAL,65,1950,1950,0,145,157,0.3,0.3,24.76354,39.15,1.367,1.33,0.0254,0,276.59,29.4117,-0.00358,1,0.18,1.293,6.8529,61,CRITICAL,F2,2,1,electrical_overcurrent,0.6,1,1,,,,,5,0
2026-08-25T21:17:48.612Z,1787692668612,FAN_DT_001_F2_S06_R02_20260825T211108,2,399.617,FAULT_ACTIVE,F2,0.6,FAN_DT_001,3.0,process-model-3.0.0-build3,532,1,LIVE,SYNCHRONISED,AUTOMATIC,NORMAL,65,1950,1950,0,145,157,0.3,0.3,24.78107,39.15,1.367,1.33,0.0254,0,276.59,29.4907,-0.00379,1,0.18,1.369,6.8713,61,CRITICAL,F2,2,1,electrical_overcurrent,0.6,1,1,,,,,5,0
2026-08-25T21:17:49.644Z,1787692669644,FAN_DT_001_F2_S06_R02_20260825T211108,2,400.649,FAULT_ACTIVE,F2,0.6,FAN_DT_001,3.0,process-model-3.0.0-build3,533,1,LIVE,SYNCHRONISED,AUTOMATIC,NORMAL,65,1950,1950,0,145,157,0.3,0.3,24.79878,39.15,1.367,1.33,0.0254,0,276.59,29.57,-0.00402,1,0.18,1.454,6.8898,61,CRITICAL,F2,2,1,electrical_overcurrent,0.6,1,1,,,,,5,0
2026-08-25T21:17:50.662Z,1787692670662,FAN_DT_001_F2_S06_R02_20260825T211108,2,401.667,FAULT_ACTIVE,F2,0.6,FAN_DT_001,3.0,process-model-3.0.0-build3,534,1,LIVE,SYNCHRONISED,AUTOMATIC,NORMAL,65,1950,1950,0,145,157,0.3,0.3,24.81662,39.16,1.367,1.33,0.0254,0,276.59,29.6495,-0.00424,1,0.18,1.533,6.9083,61,CRITICAL,F2,2,1,electrical_overcurrent,0.6,1,1,,,,,5,0
2026-08-25T21:17:51.693Z,1787692671693,FAN_DT_001_F2_S06_R02_20260825T211108,2,402.699,FAULT_ACTIVE,F2,0.6,FAN_DT_001,3.0,process-model-3.0.0-build3,535,1,LIVE,SYNCHRONISED,AUTOMATIC,NORMAL,65,1950,1950,0,145,157,0.3,0.3,24.83447,39.16,1.367,1.33,0.0254,0,276.59,29.7285,-0.00445,1,0.18,1.611,6.9267,61,CRITICAL,F2,2,1,electrical_overcurrent,0.6,1,1,,,,,5,0
2026-08-25T21:17:52.730Z,1787692672730,FAN_DT_001_F2_S06_R02_20260825T211108,2,403.736,FAULT_ACTIVE,F2,0.6,FAN_DT_001,3.0,process-model-3.0.0-build3,536,1,LIVE,SYNCHRONISED,AUTOMATIC,NORMAL,65,1950,1950,0,145,157,0.3,0.3,24.85245,39.17,1.367,1.33,0.0254,0,276.59,29.8077,-0.00468,1,0.18,1.693,6.9452,61,CRITICAL,F2,2,1,electrical_overcurrent,0.6,1,1,,,,,5,0
2026-08-25T21:17:53.764Z,1787692673764,FAN_DT_001_F2_S06_R02_20260825T211108,2,404.769,FAULT_ACTIVE,F2,0.6,FAN_DT_001,3.0,process-model-3.0.0-build3,537,1,LIVE,SYNCHRONISED,AUTOMATIC,NORMAL,65,1950,1950,0,145,157,0.3,0.3,24.87057,39.17,1.367,1.33,0.0254,0,276.59,29.8873,-0.0049,1,0.18,1.77,6.9637,61,CRITICAL,F2,2,1,electrical_overcurrent,0.6,1,1,,,,,5,0
2026-08-25T21:17:54.802Z,1787692674802,FAN_DT_001_F2_S06_R02_20260825T211108,2,405.815,FAULT_ACTIVE,F2,0.6,FAN_DT_001,3.0,process-model-3.0.0-build3,538,1,LIVE,SYNCHRONISED,AUTOMATIC,NORMAL,65,1950,1950,0,145,157,0.3,0.3,24.88874,39.18,1.367,1.33,0.0254,0,276.59,29.9667,-0.00512,1,0.18,1.85,6.9822,61,CRITICAL,F2,2,1,electrical_overcurrent,0.6,1,1,,,,,5,0
2026-08-25T21:17:55.837Z,1787692675837,FAN_DT_001_F2_S06_R02_20260825T211108,2,406.847,FAULT_ACTIVE,F2,0.6,FAN_DT_001,3.0,process-model-3.0.0-build3,539,1,LIVE,SYNCHRONISED,AUTOMATIC,NORMAL,65,1950,1950,0,145,157,0.3,0.3,24.90688,39.18,1.367,1.33,0.0254,0,276.59,30.0458,-0.00532,1,0.18,1.922,7.0007,61,CRITICAL,F2,2,1,electrical_overcurrent,0.6,1,1,,,,,5,0
2026-08-25T21:17:56.864Z,1787692676864,FAN_DT_001_F2_S06_R02_20260825T211108,2,407.874,FAULT_ACTIVE,F2,0.6,FAN_DT_001,3.0,process-model-3.0.0-build3,540,1,LIVE,SYNCHRONISED,AUTOMATIC,NORMAL,65,1950,1950,0,145,157,0.3,0.3,24.92511,39.19,1.367,1.33,0.0254,0,276.59,30.125,-0.00555,1,0.18,2.005,7.0191,61,CRITICAL,F2,2,1,electrical_overcurrent,0.6,1,1,,,,,5,0
2026-08-25T21:17:57.897Z,1787692677897,FAN_DT_001_F2_S06_R02_20260825T211108,2,408.901,FAULT_ACTIVE,F2,0.6,FAN_DT_001,3.0,process-model-3.0.0-build3,541,1,LIVE,SYNCHRONISED,AUTOMATIC,NORMAL,65,1950,1950,0,145,157,0.3,0.3,24.94347,39.19,1.367,1.33,0.0254,0,276.59,30.2046,-0.00575,1,0.18,2.08,7.0377,61,CRITICAL,F2,2,1,electrical_overcurrent,0.6,1,1,,,,,5,0
2026-08-25T21:17:58.937Z,1787692678937,FAN_DT_001_F2_S06_R02_20260825T211108,2,409.95,FAULT_ACTIVE,F2,0.6,FAN_DT_001,3.0,process-model-3.0.0-build3,542,1,LIVE,SYNCHRONISED,AUTOMATIC,NORMAL,65,1950,1950,0,145,157,0.3,0.3,24.96178,39.2,1.367,1.33,0.0254,0,276.59,30.2839,-0.00595,1,0.18,2.15,7.0561,61,CRITICAL,F2,2,1,electrical_overcurrent,0.6,1,1,,,,,5,0
2026-08-25T21:17:59.970Z,1787692679970,FAN_DT_001_F2_S06_R02_20260825T211108,2,410.989,FAULT_ACTIVE,F2,0.6,FAN_DT_001,3.0,process-model-3.0.0-build3,543,1,LIVE,SYNCHRONISED,AUTOMATIC,NORMAL,65,1950,1950,0,145,157,0.3,0.3,24.98006,39.21,1.367,1.33,0.0254,0,276.59,30.3629,-0.00616,1,0.18,2.226,7.0746,61,CRITICAL,F2,2,1,electrical_overcurrent,0.6,1,1,,,,,5,0
2026-08-25T21:18:01.002Z,1787692681002,FAN_DT_001_F2_S06_R02_20260825T211108,2,412.007,FAULT_ACTIVE,F2,0.6,FAN_DT_001,3.0,process-model-3.0.0-build3,544,1,LIVE,SYNCHRONISED,AUTOMATIC,NORMAL,65,1950,1950,0,145,157,0.3,0.3,24.99839,39.21,1.367,1.33,0.0254,0,276.59,30.4421,-0.00635,1,0.18,2.295,7.093,61,CRITICAL,F2,2,1,electrical_overcurrent,0.6,1,1,,,,,5,0
2026-08-25T21:18:02.027Z,1787692682027,FAN_DT_001_F2_S06_R02_20260825T211108,2,413.034,FAULT_ACTIVE,F2,0.6,FAN_DT_001,3.0,process-model-3.0.0-build3,545,1,LIVE,SYNCHRONISED,AUTOMATIC,NORMAL,65,1950,1950,0,145,157,0.3,0.3,25.0167,39.22,1.367,1.33,0.0254,0,276.59,30.5213,-0.00653,1,0.18,2.361,7.1115,61,CRITICAL,F2,2,1,electrical_overcurrent,0.6,1,1,,,,,5,0
2026-08-25T21:18:03.057Z,1787692683057,FAN_DT_001_F2_S06_R02_20260825T211108,2,414.062,FAULT_ACTIVE,F2,0.6,FAN_DT_001,3.0,process-model-3.0.0-build3,546,1,LIVE,SYNCHRONISED,AUTOMATIC,NORMAL,65,1950,1950,0,145,157,0.3,0.3,25.03498,39.23,1.367,1.33,0.0254,0,276.59,30.6003,-0.00673,1,0.18,2.432,7.1299,61,CRITICAL,F2,2,1,electrical_overcurrent,0.6,1,1,,,,,5,0
2026-08-25T21:18:04.093Z,1787692684093,FAN_DT_001_F2_S06_R02_20260825T211108,2,415.101,FAULT_ACTIVE,F2,0.6,FAN_DT_001,3.0,process-model-3.0.0-build3,547,1,LIVE,SYNCHRONISED,AUTOMATIC,NORMAL,65,1950,1950,0,145,157,0.3,0.3,25.05323,39.23,1.367,1.33,0.0254,0,276.59,30.6793,-0.00692,1,0.18,2.502,7.1483,61,CRITICAL,F2,2,1,electrical_overcurrent,0.6,1,1,,,,,5,0
2026-08-25T21:18:05.141Z,1787692685141,FAN_DT_001_F2_S06_R02_20260825T211108,2,416.146,FAULT_ACTIVE,F2,0.6,FAN_DT_001,3.0,process-model-3.0.0-build3,548,1,LIVE,SYNCHRONISED,AUTOMATIC,NORMAL,65,1950,1950,0,145,157,0.3,0.3,25.07157,39.24,1.367,1.33,0.0254,0,276.59,30.7588,-0.00708,1,0.18,2.561,7.1668,61,CRITICAL,F2,2,1,electrical_overcurrent,0.6,1,1,,,,,5,0
2026-08-25T21:18:06.160Z,1787692686160,FAN_DT_001_F2_S06_R02_20260825T211108,2,417.164,FAULT_ACTIVE,F2,0.6,FAN_DT_001,3.0,process-model-3.0.0-build3,549,1,LIVE,SYNCHRONISED,AUTOMATIC,NORMAL,65,1950,1950,0,145,157,0.3,0.3,25.08979,39.25,1.367,1.33,0.0254,0,276.59,30.838,-0.00728,1,0.18,2.633,7.1852,61,CRITICAL,F2,2,1,electrical_overcurrent,0.6,1,1,,,,,5,0
2026-08-25T21:18:07.195Z,1787692687195,FAN_DT_001_F2_S06_R02_20260825T211108,2,418.199,FAULT_ACTIVE,F2,0.6,FAN_DT_001,3.0,process-model-3.0.0-build3,550,1,LIVE,SYNCHRONISED,AUTOMATIC,NORMAL,65,1950,1950,0,145,157,0.3,0.3,25.10798,39.26,1.367,1.33,0.0254,0,276.59,30.9172,-0.00745,1,0.18,2.694,7.2037,61,CRITICAL,F2,2,1,electrical_overcurrent,0.6,1,1,,,,,5,0
2026-08-25T21:18:08.224Z,1787692688224,FAN_DT_001_F2_S06_R02_20260825T211108,2,419.23,FAULT_ACTIVE,F2,0.6,FAN_DT_001,3.0,process-model-3.0.0-build3,551,1,LIVE,SYNCHRONISED,AUTOMATIC,NORMAL,65,1950,1950,0,145,157,0.3,0.3,25.12613,39.26,1.367,1.33,0.0254,0,276.59,30.9965,-0.00763,1,0.18,2.758,7.2222,61,CRITICAL,F2,2,1,electrical_overcurrent,0.6,1,1,,,,,5,0
2026-08-25T21:18:09.269Z,1787692689269,FAN_DT_001_F2_S06_R02_20260825T211108,2,420.275,FAULT_ACTIVE,F2,0.6,FAN_DT_001,3.0,process-model-3.0.0-build3,552,1,LIVE,SYNCHRONISED,AUTOMATIC,NORMAL,65,1950,1950,0,145,157,0.3,0.3,25.14428,39.27,1.367,1.33,0.0254,0,276.59,31.0761,-0.0078,1,0.18,2.82,7.2407,61,CRITICAL,F2,2,1,electrical_overcurrent,0.6,1,1,,,,,5,0
2026-08-25T21:18:10.295Z,1787692690295,FAN_DT_001_F2_S06_R02_20260825T211108,2,421.299,FAULT_ACTIVE,F2,0.6,FAN_DT_001,3.0,process-model-3.0.0-build3,553,1,LIVE,SYNCHRONISED,AUTOMATIC,NORMAL,65,1950,1950,0,145,157,0.3,0.3,25.16222,39.28,1.367,1.33,0.0254,0,276.59,31.1551,-0.00796,1,0.18,2.876,7.2591,61,CRITICAL,F2,2,1,electrical_overcurrent,0.6,1,1,,,,,5,0
2026-08-25T21:18:11.327Z,1787692691327,FAN_DT_001_F2_S06_R02_20260825T211108,2,422.332,FAULT_ACTIVE,F2,0.6,FAN_DT_001,3.0,process-model-3.0.0-build3,554,1,LIVE,SYNCHRONISED,AUTOMATIC,NORMAL,65,1950,1950,0,145,157,0.3,0.3,25.18012,39.29,1.367,1.33,0.0254,0,276.59,31.2343,-0.00811,1,0.18,2.934,7.2776,61,CRITICAL,F2,2,1,electrical_overcurrent,0.6,1,1,,,,,5,0
2026-08-25T21:18:12.352Z,1787692692352,FAN_DT_001_F2_S06_R02_20260825T211108,2,423.356,FAULT_ACTIVE,F2,0.6,FAN_DT_001,3.0,process-model-3.0.0-build3,555,1,LIVE,SYNCHRONISED,AUTOMATIC,NORMAL,65,1950,1950,0,145,157,0.3,0.3,25.19788,39.3,1.367,1.33,0.0254,0,276.59,31.3133,-0.00827,1,0.18,2.992,7.296,61,CRITICAL,F2,2,1,electrical_overcurrent,0.6,1,1,,,,,5,0
2026-08-25T21:18:13.392Z,1787692693392,FAN_DT_001_F2_S06_R02_20260825T211108,2,424.406,FAULT_ACTIVE,F2,0.6,FAN_DT_001,3.0,process-model-3.0.0-build3,556,1,LIVE,SYNCHRONISED,AUTOMATIC,NORMAL,65,1950,1950,0,145,157,0.3,0.3,25.21556,39.31,1.367,1.33,0.0254,0,276.59,31.3924,-0.00842,1,0.18,3.043,7.3144,61,CRITICAL,F2,2,1,electrical_overcurrent,0.6,1,1,,,,,5,0
2026-08-25T21:18:14.442Z,1787692694442,FAN_DT_001_F2_S06_R02_20260825T211108,2,425.447,FAULT_ACTIVE,F2,0.6,FAN_DT_001,3.0,process-model-3.0.0-build3,557,1,LIVE,SYNCHRONISED,AUTOMATIC,NORMAL,65,1950,1950,0,145,157,0.3,0.3,25.23316,39.31,1.367,1.33,0.0254,0,276.59,31.4716,-0.00857,1,0.18,3.098,7.3329,61,CRITICAL,F2,2,1,electrical_overcurrent,0.6,1,1,,,,,5,0
2026-08-25T21:18:15.448Z,1787692695448,FAN_DT_001_F2_S06_R02_20260825T211108,2,426.453,FAULT_ACTIVE,F2,0.6,FAN_DT_001,3.0,process-model-3.0.0-build3,558,1,LIVE,SYNCHRONISED,AUTOMATIC,NORMAL,65,1950,1950,0,145,157,0.3,0.3,25.25065,39.32,1.367,1.33,0.0254,0,276.59,31.5509,-0.00871,1,0.18,3.149,7.3514,61,CRITICAL,F2,2,1,electrical_overcurrent,0.6,1,1,,,,,5,0
2026-08-25T21:18:16.481Z,1787692696481,FAN_DT_001_F2_S06_R02_20260825T211108,2,427.486,FAULT_ACTIVE,F2,0.6,FAN_DT_001,3.0,process-model-3.0.0-build3,559,1,LIVE,SYNCHRONISED,AUTOMATIC,NORMAL,65,1950,1950,0,145,157,0.3,0.3,25.26785,39.33,1.367,1.33,0.0254,0,276.59,31.6295,-0.00883,1,0.18,3.194,7.3697,61,CRITICAL,F2,2,1,electrical_overcurrent,0.6,1,1,,,,,5,0
2026-08-25T21:18:17.518Z,1787692697518,FAN_DT_001_F2_S06_R02_20260825T211108,2,428.523,FAULT_ACTIVE,F2,0.6,FAN_DT_001,3.0,process-model-3.0.0-build3,560,1,LIVE,SYNCHRONISED,AUTOMATIC,NORMAL,65,1950,1950,0,145,157,0.3,0.3,25.28513,39.34,1.367,1.33,0.0254,0,276.59,31.7091,-0.00896,1,0.18,3.24,7.3882,61,CRITICAL,F2,2,1,electrical_overcurrent,0.6,1,1,,,,,5,0
2026-08-25T21:18:18.554Z,1787692698554,FAN_DT_001_F2_S06_R02_20260825T211108,2,429.561,FAULT_ACTIVE,F2,0.6,FAN_DT_001,3.0,process-model-3.0.0-build3,561,1,LIVE,SYNCHRONISED,AUTOMATIC,NORMAL,65,1950,1950,0,145,157,0.3,0.3,25.30218,39.35,1.367,1.33,0.0254,0,276.59,31.7883,-0.00911,1,0.18,3.293,7.4067,61,CRITICAL,F2,2,1,electrical_overcurrent,0.6,1,1,,,,,5,0
2026-08-25T21:18:19.577Z,1787692699577,FAN_DT_001_F2_S06_R02_20260825T211108,2,430.581,FAULT_ACTIVE,F2,0.6,FAN_DT_001,3.0,process-model-3.0.0-build3,562,1,LIVE,SYNCHRONISED,AUTOMATIC,NORMAL,65,1950,1950,0,145,157,0.3,0.3,25.31902,39.36,1.367,1.33,0.0254,0,276.59,31.8673,-0.00922,1,0.18,3.333,7.4251,61,CRITICAL,F2,2,1,electrical_overcurrent,0.6,1,1,,,,,5,0
2026-08-25T21:18:20.613Z,1787692700613,FAN_DT_001_F2_S06_R02_20260825T211108,2,431.617,FAULT_ACTIVE,F2,0.6,FAN_DT_001,3.0,process-model-3.0.0-build3,563,1,LIVE,SYNCHRONISED,AUTOMATIC,NORMAL,65,1950,1950,0,145,157,0.3,0.3,25.33579,39.37,1.367,1.33,0.0254,0,276.59,31.9468,-0.00934,1,0.18,3.378,7.4436,61,CRITICAL,F2,2,1,electrical_overcurrent,0.6,1,1,,,,,5,0
2026-08-25T21:18:21.655Z,1787692701655,FAN_DT_001_F2_S06_R02_20260825T211108,2,432.662,FAULT_ACTIVE,F2,0.6,FAN_DT_001,3.0,process-model-3.0.0-build3,564,1,LIVE,SYNCHRONISED,AUTOMATIC,NORMAL,65,1950,1950,0,145,157,0.3,0.3,25.35236,39.38,1.367,1.33,0.0254,0,276.59,32.026,-0.00946,1,0.18,3.42,7.4621,61,CRITICAL,F2,2,1,electrical_overcurrent,0.6,1,1,,,,,5,0
2026-08-25T21:18:22.687Z,1787692702687,FAN_DT_001_F2_S06_R02_20260825T211108,2,433.692,FAULT_ACTIVE,F2,0.6,FAN_DT_001,3.0,process-model-3.0.0-build3,565,1,LIVE,SYNCHRONISED,AUTOMATIC,NORMAL,65,1950,1950,0,145,157,0.3,0.3,25.36867,39.39,1.367,1.33,0.0254,0,276.59,32.105,-0.00957,1,0.18,3.458,7.4805,61,CRITICAL,F2,2,1,electrical_overcurrent,0.6,1,1,,,,,5,0
2026-08-25T21:18:23.710Z,1787692703710,FAN_DT_001_F2_S06_R02_20260825T211108,2,434.715,FAULT_ACTIVE,F2,0.6,FAN_DT_001,3.0,process-model-3.0.0-build3,566,1,LIVE,SYNCHRONISED,AUTOMATIC,NORMAL,65,1950,1950,0,145,157,0.3,0.3,25.38486,39.4,1.367,1.33,0.0254,0,276.59,32.1843,-0.00966,1,0.18,3.492,7.4989,61,CRITICAL,F2,2,1,electrical_overcurrent,0.6,1,1,,,,,5,0
2026-08-25T21:18:24.741Z,1787692704741,FAN_DT_001_F2_S06_R02_20260825T211108,2,435.747,FAULT_ACTIVE,F2,0.6,FAN_DT_001,3.0,process-model-3.0.0-build3,567,1,LIVE,SYNCHRONISED,AUTOMATIC,NORMAL,65,1950,1950,0,145,157,0.3,0.3,25.40085,39.41,1.367,1.33,0.0254,0,276.59,32.2637,-0.00976,1,0.18,3.529,7.5174,61,CRITICAL,F2,2,1,electrical_overcurrent,0.6,1,1,,,,,5,0
2026-08-25T21:18:25.784Z,1787692705784,FAN_DT_001_F2_S06_R02_20260825T211108,2,436.79,FAULT_ACTIVE,F2,0.6,FAN_DT_001,3.0,process-model-3.0.0-build3,568,1,LIVE,SYNCHRONISED,AUTOMATIC,NORMAL,65,1950,1950,0,145,157,0.3,0.3,25.41655,39.42,1.367,1.33,0.0254,0,276.59,32.3426,-0.00985,1,0.18,3.563,7.5358,61,CRITICAL,F2,2,1,electrical_overcurrent,0.6,1,1,,,,,5,0
2026-08-25T21:18:26.809Z,1787692706809,FAN_DT_001_F2_S06_R02_20260825T211108,2,437.813,FAULT_ACTIVE,F2,0.6,FAN_DT_001,3.0,process-model-3.0.0-build3,569,1,LIVE,SYNCHRONISED,AUTOMATIC,NORMAL,65,1950,1950,0,145,157,0.3,0.3,25.43212,39.43,1.367,1.33,0.0254,0,276.59,32.422,-0.00994,1,0.18,3.594,7.5543,61,CRITICAL,F2,2,1,electrical_overcurrent,0.6,1,1,,,,,5,0
2026-08-25T21:18:27.857Z,1787692707857,FAN_DT_001_F2_S06_R02_20260825T211108,2,438.862,FAULT_ACTIVE,F2,0.6,FAN_DT_001,3.0,process-model-3.0.0-build3,570,1,LIVE,SYNCHRONISED,AUTOMATIC,NORMAL,65,1950,1950,0,145,157,0.3,0.3,25.4475,39.44,1.367,1.33,0.0254,0,276.59,32.5016,-0.01002,1,0.18,3.623,7.5729,61,CRITICAL,F2,2,1,electrical_overcurrent,0.6,1,1,,,,,5,0
2026-08-25T21:18:28.876Z,1787692708876,FAN_DT_001_F2_S06_R02_20260825T211108,2,439.881,FAULT_ACTIVE,F2,0.6,FAN_DT_001,3.0,process-model-3.0.0-build3,571,1,LIVE,SYNCHRONISED,AUTOMATIC,NORMAL,65,1950,1950,0,145,157,0.3,0.3,25.46254,39.45,1.367,1.33,0.0254,0,276.59,32.5806,-0.0101,1,0.18,3.65,7.5913,61,CRITICAL,F2,2,1,electrical_overcurrent,0.6,1,1,,,,,5,0
2026-08-25T21:18:29.911Z,1787692709911,FAN_DT_001_F2_S06_R02_20260825T211108,2,440.917,FAULT_ACTIVE,F2,0.6,FAN_DT_001,3.0,process-model-3.0.0-build3,572,1,LIVE,SYNCHRONISED,AUTOMATIC,NORMAL,65,1950,1950,0,145,157,0.3,0.3,25.47741,39.46,1.367,1.33,0.0254,0,276.59,32.66,-0.01018,1,0.18,3.682,7.6098,61,CRITICAL,F2,2,1,electrical_overcurrent,0.6,1,1,,,,,5,0
2026-08-25T21:18:30.948Z,1787692710948,FAN_DT_001_F2_S06_R02_20260825T211108,2,441.953,FAULT_ACTIVE,F2,0.6,FAN_DT_001,3.0,process-model-3.0.0-build3,573,1,LIVE,SYNCHRONISED,AUTOMATIC,NORMAL,65,1950,1950,0,145,157,0.3,0.3,25.49199,39.47,1.367,1.33,0.0254,0,276.59,32.7392,-0.01025,1,0.18,3.707,7.6282,61,CRITICAL,F2,2,1,electrical_overcurrent,0.6,1,1,,,,,5,0
2026-08-25T21:18:31.945Z,1787692711945,FAN_DT_001_F2_S06_R02_20260825T211108,2,442.95,FAULT_ACTIVE,F2,0.6,FAN_DT_001,3.0,process-model-3.0.0-build3,574,1,LIVE,SYNCHRONISED,AUTOMATIC,NORMAL,65,1950,1950,0,145,157,0.3,0.3,25.50652,39.48,1.367,1.33,0.0254,0,276.59,32.8196,-0.01032,1,0.18,3.73,7.647,61,CRITICAL,F2,2,1,electrical_overcurrent,0.6,1,1,,,,,5,0
2026-08-25T21:18:32.986Z,1787692712986,FAN_DT_001_F2_S06_R02_20260825T211108,2,443.991,FAULT_ACTIVE,F2,0.6,FAN_DT_001,3.0,process-model-3.0.0-build3,575,1,LIVE,SYNCHRONISED,AUTOMATIC,NORMAL,65,1950,1950,0,145,157,0.3,0.3,25.51999,39.49,1.367,1.33,0.0254,0,276.59,32.8955,-0.01037,1,0.18,3.75,7.6646,61,CRITICAL,F2,2,1,electrical_overcurrent,0.6,1,1,,,,,5,0
2026-08-25T21:18:34.013Z,1787692714013,FAN_DT_001_F2_S06_R02_20260825T211108,2,445.02,FAULT_ACTIVE,F2,0.6,FAN_DT_001,3.0,process-model-3.0.0-build3,576,1,LIVE,SYNCHRONISED,AUTOMATIC,NORMAL,65,1950,1950,0,145,157,0.3,0.3,25.53378,39.5,1.367,1.33,0.0254,0,276.59,32.9747,-0.01042,1,0.18,3.765,7.6831,61,CRITICAL,F2,2,1,electrical_overcurrent,0.6,1,1,,,,,5,0
2026-08-25T21:18:35.060Z,1787692715060,FAN_DT_001_F2_S06_R02_20260825T211108,2,446.068,FAULT_ACTIVE,F2,0.6,FAN_DT_001,3.0,process-model-3.0.0-build3,577,1,LIVE,SYNCHRONISED,AUTOMATIC,NORMAL,65,1950,1950,0,145,157,0.3,0.3,25.54729,39.51,1.367,1.33,0.0254,0,276.59,33.0539,-0.01045,1,0.18,3.78,7.7016,61,CRITICAL,F2,2,1,electrical_overcurrent,0.6,1,1,,,,,5,0
2026-08-25T21:18:36.104Z,1787692716104,FAN_DT_001_F2_S06_R02_20260825T211108,2,447.109,FAULT_ACTIVE,F2,0.6,FAN_DT_001,3.0,process-model-3.0.0-build3,578,1,LIVE,SYNCHRONISED,AUTOMATIC,NORMAL,65,1950,1950,0,145,157,0.3,0.3,25.56053,39.52,1.367,1.33,0.0254,0,276.59,33.1332,-0.01048,1,0.18,3.79,7.72,61,CRITICAL,F2,2,1,electrical_overcurrent,0.6,1,1,,,,,5,0
2026-08-25T21:18:37.126Z,1787692717126,FAN_DT_001_F2_S06_R02_20260825T211108,2,448.131,FAULT_ACTIVE,F2,0.6,FAN_DT_001,3.0,process-model-3.0.0-build3,579,1,LIVE,SYNCHRONISED,AUTOMATIC,NORMAL,65,1950,1950,0,145,157,0.3,0.3,25.57348,39.54,1.367,1.33,0.0254,0,276.59,33.2126,-0.01054,1,0.18,3.809,7.7385,61,CRITICAL,F2,2,1,electrical_overcurrent,0.6,1,1,,,,,5,0
2026-08-25T21:18:38.143Z,1787692718143,FAN_DT_001_F2_S06_R02_20260825T211108,2,449.148,FAULT_ACTIVE,F2,0.6,FAN_DT_001,3.0,process-model-3.0.0-build3,580,1,LIVE,SYNCHRONISED,AUTOMATIC,NORMAL,65,1950,1950,0,145,157,0.3,0.3,25.58606,39.55,1.367,1.33,0.0254,0,276.59,33.2915,-0.01056,1,0.18,3.817,7.7569,61,CRITICAL,F2,2,1,electrical_overcurrent,0.6,1,1,,,,,5,0
2026-08-25T21:18:39.178Z,1787692719178,FAN_DT_001_F2_S06_R02_20260825T211108,2,450.185,FAULT_ACTIVE,F2,0.6,FAN_DT_001,3.0,process-model-3.0.0-build3,581,1,LIVE,SYNCHRONISED,AUTOMATIC,NORMAL,65,1950,1950,0,145,157,0.3,0.3,25.59837,39.56,1.367,1.33,0.0254,0,276.59,33.3706,-0.01058,1,0.18,3.824,7.7754,61,CRITICAL,F2,2,1,electrical_overcurrent,0.6,1,1,,,,,5,0
2026-08-25T21:18:40.214Z,1787692720214,FAN_DT_001_F2_S06_R02_20260825T211108,2,451.221,FAULT_ACTIVE,F2,0.6,FAN_DT_001,3.0,process-model-3.0.0-build3,582,1,LIVE,SYNCHRONISED,AUTOMATIC,NORMAL,65,1950,1950,0,145,157,0.3,0.3,25.61039,39.57,1.367,1.33,0.0254,0,276.59,33.4499,-0.0106,1,0.18,3.833,7.7938,61,CRITICAL,F2,2,1,electrical_overcurrent,0.6,1,1,,,,,5,0
2026-08-25T21:18:41.241Z,1787692721241,FAN_DT_001_F2_S06_R02_20260825T211108,2,452.246,FAULT_ACTIVE,F2,0.6,FAN_DT_001,3.0,process-model-3.0.0-build3,583,1,LIVE,SYNCHRONISED,AUTOMATIC,NORMAL,65,1950,1950,0,145,157,0.3,0.3,25.6221,39.58,1.367,1.33,0.0254,0,276.59,33.5293,-0.01063,1,0.18,3.842,7.8123,61,CRITICAL,F2,2,1,electrical_overcurrent,0.6,1,1,,,,,5,0
2026-08-25T21:18:42.269Z,1787692722269,FAN_DT_001_F2_S06_R02_20260825T211108,2,453.275,FAULT_ACTIVE,F2,0.6,FAN_DT_001,3.0,process-model-3.0.0-build3,584,1,LIVE,SYNCHRONISED,AUTOMATIC,NORMAL,65,1950,1950,0,145,157,0.3,0.3,25.63343,39.59,1.367,1.33,0.0254,0,276.59,33.6084,-0.01061,1,0.18,3.834,7.8307,61,CRITICAL,F2,2,1,electrical_overcurrent,0.6,1,1,,,,,5,0
2026-08-25T21:18:43.310Z,1787692723310,FAN_DT_001_F2_S06_R02_20260825T211108,2,454.319,FAULT_ACTIVE,F2,0.6,FAN_DT_001,3.0,process-model-3.0.0-build3,585,1,LIVE,SYNCHRONISED,AUTOMATIC,NORMAL,65,1950,1950,0,145,157,0.3,0.3,25.64446,39.6,1.367,1.33,0.0254,0,276.59,33.6876,-0.01061,1,0.18,3.834,7.8492,61,CRITICAL,F2,2,1,electrical_overcurrent,0.6,1,1,,,,,5,0
2026-08-25T21:18:44.405Z,1787692724405,FAN_DT_001_F2_S06_R02_20260825T211108,2,455.411,FAULT_ACTIVE,F2,0.6,FAN_DT_001,3.0,process-model-3.0.0-build3,586,1,LIVE,SYNCHRONISED,AUTOMATIC,NORMAL,65,1950,1950,0,145,157,0.3,0.3,25.6552,39.61,1.367,1.33,0.0254,0,276.59,33.7672,-0.01062,1,0.18,3.838,7.8677,61,CRITICAL,F2,2,1,electrical_overcurrent,0.6,1,1,,,,,5,0
2026-08-25T21:18:45.377Z,1787692725377,FAN_DT_001_F2_S06_R02_20260825T211108,2,456.381,FAULT_ACTIVE,F2,0.6,FAN_DT_001,3.0,process-model-3.0.0-build3,587,1,LIVE,SYNCHRONISED,AUTOMATIC,NORMAL,65,1950,1950,0,145,157,0.3,0.3,25.66555,39.62,1.367,1.33,0.0254,0,276.59,33.8464,-0.0106,1,0.18,3.831,7.8862,61,CRITICAL,F2,2,1,electrical_overcurrent,0.6,1,1,,,,,5,0
2026-08-25T21:18:46.406Z,1787692726406,FAN_DT_001_F2_S06_R02_20260825T211108,2,457.41,FAULT_ACTIVE,F2,0.6,FAN_DT_001,3.0,process-model-3.0.0-build3,588,1,LIVE,SYNCHRONISED,AUTOMATIC,NORMAL,65,1950,1950,0,145,157,0.3,0.3,25.67555,39.63,1.367,1.33,0.0254,0,276.59,33.9257,-0.0106,1,0.18,3.833,7.9047,61,CRITICAL,F2,2,1,electrical_overcurrent,0.6,1,1,,,,,5,0
2026-08-25T21:18:47.445Z,1787692727445,FAN_DT_001_F2_S06_R02_20260825T211108,2,458.449,FAULT_ACTIVE,F2,0.6,FAN_DT_001,3.0,process-model-3.0.0-build3,589,1,LIVE,SYNCHRONISED,AUTOMATIC,NORMAL,65,1950,1950,0,145,157,0.3,0.3,25.68515,39.64,1.367,1.33,0.0254,0,276.59,34.0046,-0.01058,1,0.18,3.824,7.9231,61,CRITICAL,F2,2,1,electrical_overcurrent,0.6,1,1,,,,,5,0
2026-08-25T21:18:48.493Z,1787692728493,FAN_DT_001_F2_S06_R02_20260825T211108,2,459.497,FAULT_ACTIVE,F2,0.6,FAN_DT_001,3.0,process-model-3.0.0-build3,590,1,LIVE,SYNCHRONISED,AUTOMATIC,NORMAL,65,1950,1950,0,145,157,0.3,0.3,25.69446,39.66,1.367,1.33,0.0254,0,276.59,34.084,-0.01056,1,0.18,3.816,7.9416,61,CRITICAL,F2,2,1,electrical_overcurrent,0.6,1,1,,,,,5,0
2026-08-25T21:18:49.563Z,1787692729563,FAN_DT_001_F2_S06_R02_20260825T211108,2,460.568,FAULT_ACTIVE,F2,0.6,FAN_DT_001,3.0,process-model-3.0.0-build3,591,1,LIVE,SYNCHRONISED,AUTOMATIC,NORMAL,65,1950,1950,0,145,157,0.3,0.3,25.7034,39.67,1.367,1.33,0.0254,0,276.59,34.1634,-0.01051,1,0.18,3.801,7.9601,61,CRITICAL,F2,2,1,electrical_overcurrent,0.6,1,1,,,,,5,0
2026-08-25T21:18:50.543Z,1787692730543,FAN_DT_001_F2_S06_R02_20260825T211108,2,461.548,FAULT_ACTIVE,F2,0.6,FAN_DT_001,3.0,process-model-3.0.0-build3,592,1,LIVE,SYNCHRONISED,AUTOMATIC,NORMAL,65,1950,1950,0,145,157,0.3,0.3,25.71192,39.68,1.367,1.33,0.0254,0,276.59,34.2424,-0.01047,1,0.18,3.787,7.9785,61,CRITICAL,F2,2,1,electrical_overcurrent,0.6,1,1,,,,,5,0
2026-08-25T21:18:51.568Z,1787692731568,FAN_DT_001_F2_S06_R02_20260825T211108,2,462.574,FAULT_ACTIVE,F2,0.6,FAN_DT_001,3.0,process-model-3.0.0-build3,593,1,LIVE,SYNCHRONISED,AUTOMATIC,NORMAL,65,1950,1950,0,145,157,0.3,0.3,25.72008,39.69,1.367,1.33,0.0254,0,276.59,34.3214,-0.01042,1,0.18,3.766,7.9969,61,CRITICAL,F2,2,1,electrical_overcurrent,0.6,1,1,,,,,5,0
2026-08-25T21:18:52.611Z,1787692732611,FAN_DT_001_F2_S06_R02_20260825T211108,2,463.616,FAULT_ACTIVE,F2,0.6,FAN_DT_001,3.0,process-model-3.0.0-build3,594,1,LIVE,SYNCHRONISED,AUTOMATIC,NORMAL,65,1950,1950,0,145,157,0.3,0.3,25.72786,39.7,1.367,1.33,0.0254,0,276.59,34.4005,-0.01037,1,0.18,3.748,8.0153,61,CRITICAL,F2,2,1,electrical_overcurrent,0.6,1,1,,,,,5,0
2026-08-25T21:18:53.640Z,1787692733640,FAN_DT_001_F2_S06_R02_20260825T211108,2,464.644,FAULT_ACTIVE,F2,0.6,FAN_DT_001,3.0,process-model-3.0.0-build3,595,1,LIVE,SYNCHRONISED,AUTOMATIC,NORMAL,65,1950,1950,0,145,157,0.3,0.3,25.73529,39.71,1.367,1.33,0.0254,0,276.59,34.4799,-0.01033,1,0.18,3.736,8.0338,61,CRITICAL,F2,2,1,electrical_overcurrent,0.6,1,1,,,,,5,0
2026-08-25T21:18:54.677Z,1787692734677,FAN_DT_001_F2_S06_R02_20260825T211108,2,465.682,FAULT_ACTIVE,F2,0.6,FAN_DT_001,3.0,process-model-3.0.0-build3,596,1,LIVE,SYNCHRONISED,AUTOMATIC,NORMAL,65,1950,1950,0,145,157,0.3,0.3,25.74233,39.72,1.367,1.33,0.0254,0,276.59,34.5592,-0.01027,1,0.18,3.714,8.0523,61,CRITICAL,F2,2,1,electrical_overcurrent,0.6,1,1,,,,,5,0
2026-08-25T21:18:55.698Z,1787692735698,FAN_DT_001_F2_S06_R02_20260825T211108,2,466.703,FAULT_ACTIVE,F2,0.6,FAN_DT_001,3.0,process-model-3.0.0-build3,597,1,LIVE,SYNCHRONISED,AUTOMATIC,NORMAL,65,1950,1950,0,145,157,0.3,0.3,25.74896,39.73,1.367,1.33,0.0254,0,276.59,34.6384,-0.0102,1,0.18,3.688,8.0707,61,CRITICAL,F2,2,1,electrical_overcurrent,0.6,1,1,,,,,5,0
2026-08-25T21:18:56.733Z,1787692736733,FAN_DT_001_F2_S06_R02_20260825T211108,2,467.739,FAULT_ACTIVE,F2,0.6,FAN_DT_001,3.0,process-model-3.0.0-build3,598,1,LIVE,SYNCHRONISED,AUTOMATIC,NORMAL,65,1950,1950,0,145,157,0.3,0.3,25.75518,39.74,1.367,1.33,0.0254,0,276.59,34.7173,-0.01013,1,0.18,3.664,8.0891,61,CRITICAL,F2,2,1,electrical_overcurrent,0.6,1,1,,,,,5,0
2026-08-25T21:18:58.178Z,1787692738178,FAN_DT_001_F2_S06_R02_20260825T211108,2,469.189,FAULT_ACTIVE,F2,0.6,FAN_DT_001,3.0,process-model-3.0.0-build3,599,1,LIVE,SYNCHRONISED,AUTOMATIC,NORMAL,65,1950,1950,0,145,157,0.3,0.3,25.76105,39.75,1.367,1.33,0.0254,0,276.59,34.7967,-0.01005,1,0.18,3.634,8.1076,61,CRITICAL,F2,2,1,electrical_overcurrent,0.6,1,1,,,,,5,0
2026-08-25T21:18:59.013Z,1787692739013,FAN_DT_001_F2_S06_R02_20260825T211108,2,470.018,FAULT_ACTIVE,F2,0.6,FAN_DT_001,3.0,process-model-3.0.0-build3,600,1,LIVE,SYNCHRONISED,AUTOMATIC,NORMAL,65,1950,1950,0,145,157,0.3,0.3,25.76648,39.76,1.367,1.33,0.0254,0,276.59,34.8757,-0.00998,1,0.18,3.608,8.126,61,CRITICAL,F2,2,1,electrical_overcurrent,0.6,1,1,,,,,5,0
2026-08-25T21:18:59.828Z,1787692739828,FAN_DT_001_F2_S06_R02_20260825T211108,2,470.833,FAULT_ACTIVE,F2,0.6,FAN_DT_001,3.0,process-model-3.0.0-build3,601,1,LIVE,SYNCHRONISED,AUTOMATIC,NORMAL,65,1950,1950,0,145,157,0.3,0.3,25.77152,39.77,1.367,1.33,0.0254,0,276.59,34.9548,-0.00988,1,0.18,3.573,8.1445,61,CRITICAL,F2,2,1,electrical_overcurrent,0.6,1,1,,,,,5,0
2026-08-25T21:19:00.861Z,1787692740861,FAN_DT_001_F2_S06_R02_20260825T211108,2,471.88,FAULT_ACTIVE,F2,0.6,FAN_DT_001,3.0,process-model-3.0.0-build3,602,1,LIVE,SYNCHRONISED,AUTOMATIC,NORMAL,65,1950,1950,0,145,157,0.3,0.3,25.77616,39.78,1.367,1.33,0.0254,0,276.59,35.0338,-0.0098,1,0.18,3.543,8.1629,61,CRITICAL,F2,2,1,electrical_overcurrent,0.6,1,1,,,,,5,0
2026-08-25T21:19:01.897Z,1787692741897,FAN_DT_001_F2_S06_R02_20260825T211108,2,472.902,FAULT_ACTIVE,F2,0.6,FAN_DT_001,3.0,process-model-3.0.0-build3,603,1,LIVE,SYNCHRONISED,AUTOMATIC,NORMAL,65,1950,1950,0,145,157,0.3,0.3,25.78041,39.79,1.367,1.33,0.0254,0,276.59,35.1133,-0.00969,1,0.18,3.503,8.1814,61,CRITICAL,F2,2,1,electrical_overcurrent,0.6,1,1,,,,,5,0
2026-08-25T21:19:02.927Z,1787692742927,FAN_DT_001_F2_S06_R02_20260825T211108,2,473.932,FAULT_ACTIVE,F2,0.6,FAN_DT_001,3.0,process-model-3.0.0-build3,604,1,LIVE,SYNCHRONISED,AUTOMATIC,NORMAL,65,1950,1950,0,145,157,0.3,0.3,25.78423,39.8,1.367,1.33,0.0254,0,276.59,35.1924,-0.00959,1,0.18,3.469,8.1998,61,CRITICAL,F2,2,1,electrical_overcurrent,0.6,1,1,,,,,5,0
2026-08-25T21:19:03.960Z,1787692743960,FAN_DT_001_F2_S06_R02_20260825T211108,2,474.968,FAULT_ACTIVE,F2,0.6,FAN_DT_001,3.0,process-model-3.0.0-build3,605,1,LIVE,SYNCHRONISED,AUTOMATIC,NORMAL,65,1950,1950,0,145,157,0.3,0.3,25.78764,39.81,1.367,1.33,0.0254,0,276.59,35.2715,-0.00949,1,0.18,3.432,8.2183,61,CRITICAL,F2,2,1,electrical_overcurrent,0.6,1,1,,,,,5,0
2026-08-25T21:19:05.005Z,1787692745005,FAN_DT_001_F2_S06_R02_20260825T211108,2,476.021,FAULT_ACTIVE,F2,0.6,FAN_DT_001,3.0,process-model-3.0.0-build3,606,1,LIVE,SYNCHRONISED,AUTOMATIC,NORMAL,65,1950,1950,0,145,157,0.3,0.3,25.79065,39.82,1.367,1.33,0.0254,0,276.59,35.3509,-0.00938,1,0.18,3.393,8.2368,61,CRITICAL,F2,2,1,electrical_overcurrent,0.6,1,1,,,,,5,0
2026-08-25T21:19:06.026Z,1787692746026,FAN_DT_001_F2_S06_R02_20260825T211108,2,477.03,FAULT_ACTIVE,F2,0.6,FAN_DT_001,3.0,process-model-3.0.0-build3,607,1,LIVE,SYNCHRONISED,AUTOMATIC,NORMAL,65,1950,1950,0,145,157,0.3,0.3,25.79323,39.83,1.367,1.33,0.0254,0,276.59,35.4301,-0.00926,1,0.18,3.349,8.2552,61,CRITICAL,F2,2,1,electrical_overcurrent,0.6,1,1,,,,,5,0
2026-08-25T21:19:07.059Z,1787692747059,FAN_DT_001_F2_S06_R02_20260825T211108,2,478.063,FAULT_ACTIVE,F2,0.6,FAN_DT_001,3.0,process-model-3.0.0-build3,608,1,LIVE,SYNCHRONISED,AUTOMATIC,NORMAL,65,1950,1950,0,145,157,0.3,0.3,25.7954,39.84,1.367,1.33,0.0254,0,276.59,35.5091,-0.00913,1,0.18,3.302,8.2736,61,CRITICAL,F2,2,1,electrical_overcurrent,0.6,1,1,,,,,5,0
2026-08-25T21:19:08.089Z,1787692748089,FAN_DT_001_F2_S06_R02_20260825T211108,2,479.093,FAULT_ACTIVE,F2,0.6,FAN_DT_001,3.0,process-model-3.0.0-build3,609,1,LIVE,SYNCHRONISED,AUTOMATIC,NORMAL,65,1950,1950,0,145,157,0.3,0.3,25.79715,39.85,1.367,1.33,0.0254,0,276.59,35.5883,-0.00903,1,0.18,3.265,8.2921,61,CRITICAL,F2,2,1,electrical_overcurrent,0.6,1,1,,,,,5,0
2026-08-25T21:19:09.122Z,1787692749122,FAN_DT_001_F2_S06_R02_20260825T211108,2,480.13,FAULT_ACTIVE,F2,0.6,FAN_DT_001,3.0,process-model-3.0.0-build3,610,1,LIVE,SYNCHRONISED,AUTOMATIC,NORMAL,65,1950,1950,0,145,157,0.3,0.3,25.79849,39.86,1.367,1.33,0.0254,0,276.59,35.6678,-0.00887,1,0.18,3.207,8.3106,61,CRITICAL,F2,2,1,electrical_overcurrent,0.6,1,1,,,,,5,0
2026-08-25T21:19:10.151Z,1787692750151,FAN_DT_001_F2_S06_R02_20260825T211108,2,481.177,FAULT_ACTIVE,F2,0.6,FAN_DT_001,3.0,process-model-3.0.0-build3,611,1,LIVE,SYNCHRONISED,AUTOMATIC,NORMAL,65,1950,1950,0,145,157,0.3,0.3,25.79941,39.87,1.367,1.33,0.0254,0,276.59,35.7469,-0.00876,1,0.18,3.166,8.329,61,CRITICAL,F2,2,1,electrical_overcurrent,0.6,1,1,,,,,5,0
2026-08-25T21:19:11.197Z,1787692751197,FAN_DT_001_F2_S06_R02_20260825T211108,2,482.202,FAULT_ACTIVE,F2,0.6,FAN_DT_001,3.0,process-model-3.0.0-build3,612,1,LIVE,SYNCHRONISED,AUTOMATIC,NORMAL,65,1950,1950,0,145,157,0.3,0.3,25.7999,39.88,1.367,1.33,0.0254,0,276.59,35.826,-0.00861,1,0.18,3.114,8.3475,61,CRITICAL,F2,2,1,electrical_overcurrent,0.6,1,1,,,,,5,0
2026-08-25T21:19:12.216Z,1787692752216,FAN_DT_001_F2_S06_R02_20260825T211108,2,483.221,FAULT_ACTIVE,F2,0.6,FAN_DT_001,3.0,process-model-3.0.0-build3,613,1,LIVE,SYNCHRONISED,AUTOMATIC,NORMAL,65,1950,1950,0,145,157,0.3,0.3,25.79998,39.89,1.367,1.33,0.0254,0,276.59,35.9053,-0.00845,1,0.18,3.056,8.3659,61,CRITICAL,F2,2,1,electrical_overcurrent,0.6,1,1,,,,,5,0
2026-08-25T21:19:13.245Z,1787692753245,FAN_DT_001_F2_S06_R02_20260825T211108,2,484.25,FAULT_ACTIVE,F2,0.6,FAN_DT_001,3.0,process-model-3.0.0-build3,614,1,LIVE,SYNCHRONISED,AUTOMATIC,NORMAL,65,1950,1950,0,145,157,0.3,0.3,25.79964,39.9,1.367,1.33,0.0254,0,276.59,35.9843,-0.00832,1,0.18,3.009,8.3843,61,CRITICAL,F2,2,1,electrical_overcurrent,0.6,1,1,,,,,5,0
2026-08-25T21:19:14.285Z,1787692754285,FAN_DT_001_F2_S06_R02_20260825T211108,2,485.29,FAULT_ACTIVE,F2,0.6,FAN_DT_001,3.0,process-model-3.0.0-build3,615,1,LIVE,SYNCHRONISED,AUTOMATIC,NORMAL,65,1950,1950,0,145,157,0.3,0.3,25.79888,39.9,1.367,1.33,0.0254,0,276.59,36.0632,-0.00816,1,0.18,2.949,8.4027,61,CRITICAL,F2,2,1,electrical_overcurrent,0.6,1,1,,,,,5,0
2026-08-25T21:19:15.311Z,1787692755311,FAN_DT_001_F2_S06_R02_20260825T211108,2,486.315,FAULT_ACTIVE,F2,0.6,FAN_DT_001,3.0,process-model-3.0.0-build3,616,1,LIVE,SYNCHRONISED,AUTOMATIC,NORMAL,65,1950,1950,0,145,157,0.3,0.3,25.7977,39.91,1.367,1.33,0.0254,0,276.59,36.1426,-0.00799,1,0.18,2.89,8.4212,61,CRITICAL,F2,2,1,electrical_overcurrent,0.6,1,1,,,,,5,0
2026-08-25T21:19:16.370Z,1787692756370,FAN_DT_001_F2_S06_R02_20260825T211108,2,487.375,FAULT_ACTIVE,F2,0.6,FAN_DT_001,3.0,process-model-3.0.0-build3,617,1,LIVE,SYNCHRONISED,AUTOMATIC,NORMAL,65,1950,1950,0,145,157,0.3,0.3,25.7961,39.92,1.367,1.33,0.0254,0,276.59,36.2218,-0.00784,1,0.18,2.833,8.4397,61,CRITICAL,F2,2,1,electrical_overcurrent,0.6,1,1,,,,,5,0
2026-08-25T21:19:17.371Z,1787692757371,FAN_DT_001_F2_S06_R02_20260825T211108,2,488.376,FAULT_ACTIVE,F2,0.6,FAN_DT_001,3.0,process-model-3.0.0-build3,618,1,LIVE,SYNCHRONISED,AUTOMATIC,NORMAL,65,1950,1950,0,145,157,0.3,0.3,25.7941,39.93,1.367,1.33,0.0254,0,276.59,36.3003,-0.00769,1,0.18,2.78,8.458,61,CRITICAL,F2,2,1,electrical_overcurrent,0.6,1,1,,,,,5,0
2026-08-25T21:19:18.405Z,1787692758405,FAN_DT_001_F2_S06_R02_20260825T211108,2,489.414,FAULT_ACTIVE,F2,0.6,FAN_DT_001,3.0,process-model-3.0.0-build3,619,1,LIVE,SYNCHRONISED,AUTOMATIC,NORMAL,65,1950,1950,0,145,157,0.3,0.3,25.79165,39.94,1.367,1.33,0.0254,0,276.59,36.3799,-0.00751,1,0.18,2.714,8.4765,61,CRITICAL,F2,2,1,electrical_overcurrent,0.6,1,1,,,,,5,0
2026-08-25T21:19:19.439Z,1787692759439,FAN_DT_001_F2_S06_R02_20260825T211108,2,490.444,FAULT_ACTIVE,F2,0.6,FAN_DT_001,3.0,process-model-3.0.0-build3,620,1,LIVE,SYNCHRONISED,AUTOMATIC,NORMAL,65,1950,1950,0,145,157,0.3,0.3,25.78881,39.94,1.367,1.33,0.0254,0,276.59,36.4591,-0.00734,1,0.18,2.654,8.495,61,CRITICAL,F2,2,1,electrical_overcurrent,0.6,1,1,,,,,5,0
2026-08-25T21:19:20.471Z,1787692760471,FAN_DT_001_F2_S06_R02_20260825T211108,2,491.476,FAULT_ACTIVE,F2,0.6,FAN_DT_001,3.0,process-model-3.0.0-build3,621,1,LIVE,SYNCHRONISED,AUTOMATIC,NORMAL,65,1950,1950,0,145,157,0.3,0.3,25.78555,39.95,1.367,1.33,0.0254,0,276.59,36.5381,-0.00715,1,0.18,2.586,8.5134,61,CRITICAL,F2,2,1,electrical_overcurrent,0.6,1,1,,,,,5,0
2026-08-25T21:19:21.519Z,1787692761519,FAN_DT_001_F2_S06_R02_20260825T211108,2,492.524,FAULT_ACTIVE,F2,0.6,FAN_DT_001,3.0,process-model-3.0.0-build3,622,1,LIVE,SYNCHRONISED,AUTOMATIC,NORMAL,65,1950,1950,0,145,157,0.3,0.3,25.78187,39.96,1.367,1.33,0.0254,0,276.59,36.6176,-0.00696,1,0.18,2.517,8.5319,61,CRITICAL,F2,2,1,electrical_overcurrent,0.6,1,1,,,,,5,0
2026-08-25T21:19:22.533Z,1787692762533,FAN_DT_001_F2_S06_R02_20260825T211108,2,493.54,FAULT_ACTIVE,F2,0.6,FAN_DT_001,3.0,process-model-3.0.0-build3,623,1,LIVE,SYNCHRONISED,AUTOMATIC,NORMAL,65,1950,1950,0,145,157,0.3,0.3,25.77779,39.97,1.367,1.33,0.0254,0,276.59,36.6966,-0.00679,1,0.18,2.455,8.5503,61,CRITICAL,F2,2,1,electrical_overcurrent,0.6,1,1,,,,,5,0
2026-08-25T21:19:23.568Z,1787692763568,FAN_DT_001_F2_S06_R02_20260825T211108,2,494.573,FAULT_ACTIVE,F2,0.6,FAN_DT_001,3.0,process-model-3.0.0-build3,624,1,LIVE,SYNCHRONISED,AUTOMATIC,NORMAL,65,1950,1950,0,145,157,0.3,0.3,25.77331,39.97,1.367,1.33,0.0254,0,276.59,36.7758,-0.00661,1,0.18,2.389,8.5688,61,CRITICAL,F2,2,1,electrical_overcurrent,0.6,1,1,,,,,5,0
2026-08-25T21:19:24.598Z,1787692764598,FAN_DT_001_F2_S06_R02_20260825T211108,2,495.603,FAULT_ACTIVE,F2,0.6,FAN_DT_001,3.0,process-model-3.0.0-build3,625,1,LIVE,SYNCHRONISED,AUTOMATIC,NORMAL,65,1950,1950,0,145,157,0.3,0.3,25.7684,39.98,1.367,1.33,0.0254,0,276.59,36.8551,-0.00642,1,0.18,2.32,8.5872,61,CRITICAL,F2,2,1,electrical_overcurrent,0.6,1,1,,,,,5,0
2026-08-25T21:19:25.630Z,1787692765630,FAN_DT_001_F2_S06_R02_20260825T211108,2,496.635,FAULT_ACTIVE,F2,0.6,FAN_DT_001,3.0,process-model-3.0.0-build3,626,1,LIVE,SYNCHRONISED,AUTOMATIC,NORMAL,65,1950,1950,0,145,157,0.3,0.3,25.76311,39.99,1.367,1.33,0.0254,0,276.59,36.9341,-0.00621,1,0.18,2.246,8.6057,61,CRITICAL,F2,2,1,electrical_overcurrent,0.6,1,1,,,,,5,0
2026-08-25T21:19:26.662Z,1787692766662,FAN_DT_001_F2_S06_R02_20260825T211108,2,497.669,FAULT_ACTIVE,F2,0.6,FAN_DT_001,3.0,process-model-3.0.0-build3,627,1,LIVE,SYNCHRONISED,AUTOMATIC,NORMAL,65,1950,1950,0,145,157,0.3,0.3,25.75742,39.99,1.367,1.33,0.0254,0,276.59,37.0133,-0.00601,1,0.18,2.172,8.6241,61,CRITICAL,F2,2,1,electrical_overcurrent,0.6,1,1,,,,,5,0
2026-08-25T21:19:27.701Z,1787692767701,FAN_DT_001_F2_S06_R02_20260825T211108,2,498.706,FAULT_ACTIVE,F2,0.6,FAN_DT_001,3.0,process-model-3.0.0-build3,628,1,LIVE,SYNCHRONISED,AUTOMATIC,NORMAL,65,1950,1950,0,145,157,0.3,0.3,25.75132,40,1.367,1.33,0.0254,0,276.59,37.0924,-0.0058,1,0.18,2.096,8.6425,61,CRITICAL,F2,2,1,electrical_overcurrent,0.6,1,1,,,,,5,0
2026-08-25T21:19:28.725Z,1787692768725,FAN_DT_001_F2_S06_R02_20260825T211108,2,499.729,FAULT_ACTIVE,F2,0.6,FAN_DT_001,3.0,process-model-3.0.0-build3,629,1,LIVE,SYNCHRONISED,AUTOMATIC,NORMAL,65,1950,1950,0,145,157,0.3,0.3,25.74484,40,1.367,1.33,0.0254,0,276.59,37.1715,-0.00561,1,0.18,2.027,8.661,61,CRITICAL,F2,2,1,electrical_overcurrent,0.6,1,1,,,,,5,0
2026-08-25T21:19:29.761Z,1787692769761,FAN_DT_001_F2_S06_R02_20260825T211108,2,500.765,FAULT_ACTIVE,F2,0.6,FAN_DT_001,3.0,process-model-3.0.0-build3,630,1,LIVE,SYNCHRONISED,AUTOMATIC,NORMAL,65,1950,1950,0,145,157,0.3,0.3,25.73797,40.01,1.367,1.33,0.0254,0,276.59,37.2506,-0.00539,1,0.18,1.95,8.6794,61,CRITICAL,F2,2,1,electrical_overcurrent,0.6,1,1,,,,,5,0
2026-08-25T21:19:30.791Z,1787692770791,FAN_DT_001_F2_S06_R02_20260825T211108,2,501.804,FAULT_ACTIVE,F2,0.6,FAN_DT_001,3.0,process-model-3.0.0-build3,631,1,LIVE,SYNCHRONISED,AUTOMATIC,NORMAL,65,1950,1950,0,145,157,0.3,0.3,25.73067,40.01,1.367,1.33,0.0254,0,276.59,37.3301,-0.00518,1,0.18,1.872,8.6979,61,CRITICAL,F2,2,1,electrical_overcurrent,0.6,1,1,,,,,5,0
2026-08-25T21:19:31.827Z,1787692771827,FAN_DT_001_F2_S06_R02_20260825T211108,2,502.835,FAULT_ACTIVE,F2,0.6,FAN_DT_001,3.0,process-model-3.0.0-build3,632,1,LIVE,SYNCHRONISED,AUTOMATIC,NORMAL,65,1950,1950,0,145,157,0.3,0.3,25.72303,40.02,1.367,1.33,0.0254,0,276.59,37.4092,-0.00498,1,0.18,1.799,8.7163,61,CRITICAL,F2,2,1,electrical_overcurrent,0.6,1,1,,,,,5,0
2026-08-25T21:19:32.858Z,1787692772858,FAN_DT_001_F2_S06_R02_20260825T211108,2,503.863,FAULT_ACTIVE,F2,0.6,FAN_DT_001,3.0,process-model-3.0.0-build3,633,1,LIVE,SYNCHRONISED,AUTOMATIC,NORMAL,65,1950,1950,0,145,157,0.3,0.3,25.71504,40.03,1.367,1.33,0.0254,0,276.59,37.488,-0.00477,1,0.18,1.724,8.7347,61,CRITICAL,F2,2,1,electrical_overcurrent,0.6,1,1,,,,,5,0
2026-08-25T21:19:33.888Z,1787692773888,FAN_DT_001_F2_S06_R02_20260825T211108,2,504.892,FAULT_ACTIVE,F2,0.6,FAN_DT_001,3.0,process-model-3.0.0-build3,634,1,LIVE,SYNCHRONISED,AUTOMATIC,NORMAL,65,1950,1950,0,145,157,0.3,0.3,25.70664,40.03,1.367,1.33,0.0254,0,276.59,37.5672,-0.00455,1,0.18,1.644,8.7531,61,CRITICAL,F2,2,1,electrical_overcurrent,0.6,1,1,,,,,5,0
2026-08-25T21:19:34.916Z,1787692774916,FAN_DT_001_F2_S06_R02_20260825T211108,2,505.92,FAULT_ACTIVE,F2,0.6,FAN_DT_001,3.0,process-model-3.0.0-build3,635,1,LIVE,SYNCHRONISED,AUTOMATIC,NORMAL,65,1950,1950,0,145,157,0.3,0.3,25.69784,40.03,1.367,1.33,0.0254,0,276.59,37.6465,-0.00433,1,0.18,1.565,8.7716,61,CRITICAL,F2,2,1,electrical_overcurrent,0.6,1,1,,,,,5,0
2026-08-25T21:19:35.944Z,1787692775944,FAN_DT_001_F2_S06_R02_20260825T211108,2,506.952,FAULT_ACTIVE,F2,0.6,FAN_DT_001,3.0,process-model-3.0.0-build3,636,1,LIVE,SYNCHRONISED,AUTOMATIC,NORMAL,65,1950,1950,0,145,157,0.3,0.3,25.68874,40.04,1.367,1.33,0.0254,0,276.59,37.7254,-0.00411,1,0.18,1.485,8.79,61,CRITICAL,F2,2,1,electrical_overcurrent,0.6,1,1,,,,,5,0
2026-08-25T21:19:36.983Z,1787692776983,FAN_DT_001_F2_S06_R02_20260825T211108,2,507.988,FAULT_ACTIVE,F2,0.6,FAN_DT_001,3.0,process-model-3.0.0-build3,637,1,LIVE,SYNCHRONISED,AUTOMATIC,NORMAL,65,1950,1950,0,145,157,0.3,0.3,25.67922,40.04,1.367,1.33,0.0254,0,276.59,37.8047,-0.00387,1,0.18,1.4,8.8085,61,CRITICAL,F2,2,1,electrical_overcurrent,0.6,1,1,,,,,5,0
2026-08-25T21:19:38.027Z,1787692778027,FAN_DT_001_F2_S06_R02_20260825T211108,2,509.032,FAULT_ACTIVE,F2,0.6,FAN_DT_001,3.0,process-model-3.0.0-build3,638,1,LIVE,SYNCHRONISED,AUTOMATIC,NORMAL,65,1950,1950,0,145,157,0.3,0.3,25.66924,40.05,1.367,1.33,0.0254,0,276.59,37.8849,-0.00364,1,0.18,1.315,8.8272,61,CRITICAL,F2,2,1,electrical_overcurrent,0.6,1,1,,,,,5,0
2026-08-25T21:19:39.055Z,1787692779055,FAN_DT_001_F2_S06_R02_20260825T211108,2,510.059,FAULT_ACTIVE,F2,0.6,FAN_DT_001,3.0,process-model-3.0.0-build3,639,1,LIVE,SYNCHRONISED,AUTOMATIC,NORMAL,65,1950,1950,0,145,157,0.3,0.3,25.65903,40.05,1.367,1.33,0.0254,0,276.59,37.9641,-0.00342,1,0.18,1.237,8.8456,61,CRITICAL,F2,2,1,electrical_overcurrent,0.6,1,1,,,,,5,0
2026-08-25T21:19:40.082Z,1787692780082,FAN_DT_001_F2_S06_R02_20260825T211108,2,511.087,FAULT_ACTIVE,F2,0.6,FAN_DT_001,3.0,process-model-3.0.0-build3,640,1,LIVE,SYNCHRONISED,AUTOMATIC,NORMAL,65,1950,1950,0,145,157,0.3,0.3,25.64852,40.05,1.367,1.33,0.0254,0,276.59,38.0429,-0.00319,1,0.18,1.155,8.864,61,CRITICAL,F2,2,1,electrical_overcurrent,0.6,1,1,,,,,5,0
2026-08-25T21:19:41.168Z,1787692781168,FAN_DT_001_F2_S06_R02_20260825T211108,2,512.173,FAULT_ACTIVE,F2,0.6,FAN_DT_001,3.0,process-model-3.0.0-build3,641,1,LIVE,SYNCHRONISED,AUTOMATIC,NORMAL,65,1950,1950,0,145,157,0.3,0.3,25.63762,40.06,1.367,1.33,0.0254,0,276.59,38.1221,-0.00295,1,0.18,1.066,8.8824,61,CRITICAL,F2,2,1,electrical_overcurrent,0.6,1,1,,,,,5,0
2026-08-25T21:19:42.174Z,1787692782174,FAN_DT_001_F2_S06_R02_20260825T211108,2,513.179,FAULT_ACTIVE,F2,0.6,FAN_DT_001,3.0,process-model-3.0.0-build3,642,1,LIVE,SYNCHRONISED,AUTOMATIC,NORMAL,65,1950,1950,0,145,157,0.3,0.3,25.62638,40.06,1.367,1.33,0.0254,0,276.59,38.2013,-0.00272,1,0.18,0.985,8.9009,61,CRITICAL,F2,2,1,electrical_overcurrent,0.6,1,1,,,,,5,0
2026-08-25T21:19:43.196Z,1787692783196,FAN_DT_001_F2_S06_R02_20260825T211108,2,514.201,FAULT_ACTIVE,F2,0.6,FAN_DT_001,3.0,process-model-3.0.0-build3,643,1,LIVE,SYNCHRONISED,AUTOMATIC,NORMAL,65,1950,1950,0,145,157,0.3,0.3,25.61481,40.06,1.367,1.33,0.0254,0,276.59,38.2806,-0.00247,1,0.18,0.894,8.9194,61,CRITICAL,F2,2,1,electrical_overcurrent,0.6,1,1,,,,,5,0
2026-08-25T21:19:44.215Z,1787692784215,FAN_DT_001_F2_S06_R02_20260825T211108,2,515.219,FAULT_ACTIVE,F2,0.6,FAN_DT_001,3.0,process-model-3.0.0-build3,644,1,LIVE,SYNCHRONISED,AUTOMATIC,NORMAL,65,1950,1950,0,145,157,0.3,0.3,25.60294,40.06,1.367,1.33,0.0254,0,276.59,38.3597,-0.00225,1,0.18,0.815,8.9378,61,CRITICAL,F2,2,1,electrical_overcurrent,0.6,1,1,,,,,5,0
2026-08-25T21:19:45.263Z,1787692785263,FAN_DT_001_F2_S06_R02_20260825T211108,2,516.267,FAULT_ACTIVE,F2,0.6,FAN_DT_001,3.0,process-model-3.0.0-build3,645,1,LIVE,SYNCHRONISED,AUTOMATIC,NORMAL,65,1950,1950,0,145,157,0.3,0.3,25.59076,40.07,1.367,1.33,0.0254,0,276.59,38.4388,-0.002,1,0.18,0.722,8.9562,61,CRITICAL,F2,2,1,electrical_overcurrent,0.6,1,1,,,,,5,0
2026-08-25T21:19:46.280Z,1787692786280,FAN_DT_001_F2_S06_R02_20260825T211108,2,517.284,FAULT_ACTIVE,F2,0.6,FAN_DT_001,3.0,process-model-3.0.0-build3,646,1,LIVE,SYNCHRONISED,AUTOMATIC,NORMAL,65,1950,1950,0,145,157,0.3,0.3,25.57823,40.07,1.367,1.33,0.0254,0,276.59,38.5181,-0.00176,1,0.18,0.635,8.9747,61,CRITICAL,F2,2,1,electrical_overcurrent,0.6,1,1,,,,,5,0
2026-08-25T21:19:47.321Z,1787692787321,FAN_DT_001_F2_S06_R02_20260825T211108,2,518.326,FAULT_ACTIVE,F2,0.6,FAN_DT_001,3.0,process-model-3.0.0-build3,647,1,LIVE,SYNCHRONISED,AUTOMATIC,NORMAL,65,1950,1950,0,145,157,0.3,0.3,25.56548,40.07,1.367,1.33,0.0254,0,276.59,38.5969,-0.00154,1,0.18,0.556,8.9931,61,CRITICAL,F2,2,1,electrical_overcurrent,0.6,1,1,,,,,5,0
2026-08-25T21:19:48.352Z,1787692788352,FAN_DT_001_F2_S06_R02_20260825T211108,2,519.357,FAULT_ACTIVE,F2,0.6,FAN_DT_001,3.0,process-model-3.0.0-build3,648,1,LIVE,SYNCHRONISED,AUTOMATIC,NORMAL,65,1950,1950,0,145,157,0.3,0.3,25.55242,40.07,1.367,1.33,0.0254,0,276.59,38.6758,-0.00127,1,0.18,0.46,9.0115,61,CRITICAL,F2,2,1,electrical_overcurrent,0.6,1,1,,,,,5,0
2026-08-25T21:19:49.371Z,1787692789371,FAN_DT_001_F2_S06_R02_20260825T211108,2,520.375,FAULT_ACTIVE,F2,0.6,FAN_DT_001,3.0,process-model-3.0.0-build3,649,1,LIVE,SYNCHRONISED,AUTOMATIC,NORMAL,65,1950,1950,0,145,157,0.3,0.3,25.53901,40.07,1.367,1.33,0.0254,0,276.59,38.755,-0.00105,1,0.18,0.38,9.0299,61,CRITICAL,F2,2,1,electrical_overcurrent,0.6,1,1,,,,,5,0
2026-08-25T21:19:50.409Z,1787692790409,FAN_DT_001_F2_S06_R02_20260825T211108,2,521.413,FAULT_ACTIVE,F2,0.6,FAN_DT_001,3.0,process-model-3.0.0-build3,650,1,LIVE,SYNCHRONISED,AUTOMATIC,NORMAL,65,1950,1950,0,145,157,0.3,0.3,25.5253,40.07,1.367,1.33,0.0254,0,276.59,38.8344,-0.00079,1,0.18,0.285,9.0484,61,CRITICAL,F2,2,1,electrical_overcurrent,0.6,1,1,,,,,5,0
2026-08-25T21:19:51.462Z,1787692791462,FAN_DT_001_F2_S06_R02_20260825T211108,2,522.468,FAULT_ACTIVE,F2,0.6,FAN_DT_001,3.0,process-model-3.0.0-build3,651,1,LIVE,SYNCHRONISED,AUTOMATIC,NORMAL,65,1950,1950,0,145,157,0.3,0.3,25.51136,40.07,1.367,1.33,0.0254,0,276.59,38.9135,-0.00055,1,0.18,0.198,9.0668,61,CRITICAL,F2,2,1,electrical_overcurrent,0.6,1,1,,,,,5,0
2026-08-25T21:19:52.468Z,1787692792468,FAN_DT_001_F2_S06_R02_20260825T211108,2,523.472,FAULT_ACTIVE,F2,0.6,FAN_DT_001,3.0,process-model-3.0.0-build3,652,1,LIVE,SYNCHRONISED,AUTOMATIC,NORMAL,65,1950,1950,0,145,157,0.3,0.3,25.49717,40.08,1.367,1.33,0.0254,0,276.59,38.9925,-0.00032,1,0.18,0.116,9.0853,61,CRITICAL,F2,2,1,electrical_overcurrent,0.6,1,1,,,,,5,0
2026-08-25T21:19:53.528Z,1787692793528,FAN_DT_001_F2_S06_R02_20260825T211108,2,524.532,FAULT_ACTIVE,F2,0.6,FAN_DT_001,3.0,process-model-3.0.0-build3,653,1,LIVE,SYNCHRONISED,AUTOMATIC,NORMAL,65,1950,1950,0,145,157,0.3,0.3,25.48265,40.08,1.367,1.33,0.0254,0,276.59,39.0719,-0.00006,1,0.18,0.022,9.1037,61,CRITICAL,F2,2,1,electrical_overcurrent,0.6,1,1,,,,,5,0
2026-08-25T21:19:54.542Z,1787692794542,FAN_DT_001_F2_S06_R02_20260825T211108,2,525.548,FAULT_ACTIVE,F2,0.6,FAN_DT_001,3.0,process-model-3.0.0-build3,654,1,LIVE,SYNCHRONISED,AUTOMATIC,NORMAL,65,1950,1950,0,145,157,0.3,0.3,25.4679,40.08,1.367,1.33,0.0254,0,276.59,39.1512,0.00018,1,0.18,0.065,9.1222,61,CRITICAL,F2,2,1,electrical_overcurrent,0.6,1,1,,,,,5,0
2026-08-25T21:19:55.565Z,1787692795565,FAN_DT_001_F2_S06_R02_20260825T211108,2,526.57,FAULT_ACTIVE,F2,0.6,FAN_DT_001,3.0,process-model-3.0.0-build3,655,1,LIVE,SYNCHRONISED,AUTOMATIC,NORMAL,65,1950,1950,0,145,157,0.3,0.3,25.45292,40.07,1.367,1.33,0.0254,0,276.59,39.2303,0.0004,1,0.18,0.146,9.1407,61,CRITICAL,F2,2,1,electrical_overcurrent,0.6,1,1,,,,,5,0
2026-08-25T21:19:56.605Z,1787692796605,FAN_DT_001_F2_S06_R02_20260825T211108,2,527.609,FAULT_ACTIVE,F2,0.6,FAN_DT_001,3.0,process-model-3.0.0-build3,656,1,LIVE,SYNCHRONISED,AUTOMATIC,NORMAL,65,1950,1950,0,145,157,0.3,0.3,25.43768,40.07,1.367,1.33,0.0254,0,276.59,39.3096,0.00065,1,0.18,0.234,9.1591,61,CRITICAL,F2,2,1,electrical_overcurrent,0.6,1,1,,,,,5,0
2026-08-25T21:19:57.639Z,1787692797639,FAN_DT_001_F2_S06_R02_20260825T211108,2,528.645,FAULT_ACTIVE,F2,0.6,FAN_DT_001,3.0,process-model-3.0.0-build3,657,1,LIVE,SYNCHRONISED,AUTOMATIC,NORMAL,65,1950,1950,0,145,157,0.3,0.3,25.42218,40.07,1.367,1.33,0.0254,0,276.59,39.389,0.0009,1,0.18,0.326,9.1776,61,CRITICAL,F2,2,1,electrical_overcurrent,0.6,1,1,,,,,5,0
2026-08-25T21:19:58.668Z,1787692798668,FAN_DT_001_F2_S06_R02_20260825T211108,2,529.671,FAULT_ACTIVE,F2,0.6,FAN_DT_001,3.0,process-model-3.0.0-build3,658,1,LIVE,SYNCHRONISED,AUTOMATIC,NORMAL,65,1950,1950,0,145,157,0.3,0.3,25.40652,40.07,1.367,1.33,0.0254,0,276.59,39.4682,0.00115,1,0.18,0.417,9.1961,61,CRITICAL,F2,2,1,electrical_overcurrent,0.6,1,1,,,,,5,0
2026-08-25T21:19:59.707Z,1787692799707,FAN_DT_001_F2_S06_R02_20260825T211108,2,530.711,FAULT_ACTIVE,F2,0.6,FAN_DT_001,3.0,process-model-3.0.0-build3,659,1,LIVE,SYNCHRONISED,AUTOMATIC,NORMAL,65,1950,1950,0,145,157,0.3,0.3,25.39064,40.07,1.367,1.33,0.0254,0,276.59,39.5473,0.00139,1,0.18,0.501,9.2145,61,CRITICAL,F2,2,1,electrical_overcurrent,0.6,1,1,,,,,5,0
2026-08-25T21:20:00.734Z,1787692800734,FAN_DT_001_F2_S06_R02_20260825T211108,2,531.739,FAULT_ACTIVE,F2,0.6,FAN_DT_001,3.0,process-model-3.0.0-build3,660,1,LIVE,SYNCHRONISED,AUTOMATIC,NORMAL,65,1950,1950,0,145,157,0.3,0.3,25.37453,40.07,1.367,1.33,0.0254,0,276.59,39.6266,0.00163,1,0.18,0.588,9.233,61,CRITICAL,F2,2,1,electrical_overcurrent,0.6,1,1,,,,,5,0
2026-08-25T21:20:01.769Z,1787692801769,FAN_DT_001_F2_S06_R02_20260825T211108,2,532.773,FAULT_ACTIVE,F2,0.6,FAN_DT_001,3.0,process-model-3.0.0-build3,661,1,LIVE,SYNCHRONISED,AUTOMATIC,NORMAL,65,1950,1950,0,145,157,0.3,0.3,25.35819,40.07,1.367,1.33,0.0254,0,276.59,39.706,0.00188,1,0.18,0.679,9.2515,61,CRITICAL,F2,2,1,electrical_overcurrent,0.6,1,1,,,,,5,0
2026-08-25T21:20:02.806Z,1787692802806,FAN_DT_001_F2_S06_R02_20260825T211108,2,533.81,FAULT_ACTIVE,F2,0.6,FAN_DT_001,3.0,process-model-3.0.0-build3,662,1,LIVE,SYNCHRONISED,AUTOMATIC,NORMAL,65,1950,1950,0,145,157,0.3,0.3,25.34177,40.07,1.367,1.33,0.0254,0,276.59,39.785,0.0021,1,0.18,0.759,9.2699,61,CRITICAL,F2,2,1,electrical_overcurrent,0.6,1,1,,,,,5,0
2026-08-25T21:20:03.853Z,1787692803853,FAN_DT_001_F2_S06_R02_20260825T211108,2,534.858,FAULT_ACTIVE,F2,0.6,FAN_DT_001,3.0,process-model-3.0.0-build3,663,1,LIVE,SYNCHRONISED,AUTOMATIC,NORMAL,65,1950,1950,0,145,157,0.3,0.3,25.32514,40.06,1.367,1.33,0.0254,0,276.59,39.864,0.00234,1,0.18,0.846,9.2883,61,CRITICAL,F2,2,1,electrical_overcurrent,0.6,1,1,,,,,5,0
2026-08-25T21:20:04.863Z,1787692804863,FAN_DT_001_F2_S06_R02_20260825T211108,2,535.867,FAULT_ACTIVE,F2,0.6,FAN_DT_001,3.0,process-model-3.0.0-build3,664,1,LIVE,SYNCHRONISED,AUTOMATIC,NORMAL,65,1950,1950,0,145,157,0.3,0.3,25.30829,40.06,1.367,1.33,0.0254,0,276.59,39.9433,0.00257,1,0.18,0.93,9.3068,61,CRITICAL,F2,2,1,electrical_overcurrent,0.6,1,1,,,,,5,0
2026-08-25T21:20:05.912Z,1787692805912,FAN_DT_001_F2_S06_R02_20260825T211108,2,536.916,FAULT_ACTIVE,F2,0.6,FAN_DT_001,3.0,process-model-3.0.0-build3,665,1,LIVE,SYNCHRONISED,AUTOMATIC,NORMAL,65,1950,1950,0,145,157,0.3,0.3,25.29125,40.06,1.367,1.33,0.0254,0,276.59,40.0228,0.00282,1,0.18,1.018,9.3253,61,CRITICAL,F2,2,1,electrical_overcurrent,0.6,1,1,,,,,5,0
2026-08-25T21:20:06.939Z,1787692806939,FAN_DT_001_F2_S06_R02_20260825T211108,2,537.944,FAULT_ACTIVE,F2,0.6,FAN_DT_001,3.0,process-model-3.0.0-build3,666,1,LIVE,SYNCHRONISED,AUTOMATIC,NORMAL,65,1950,1950,0,145,157,0.3,0.3,25.27414,40.05,1.367,1.33,0.0254,0,276.59,40.1018,0.00303,1,0.18,1.097,9.3437,61,CRITICAL,F2,2,1,electrical_overcurrent,0.6,1,1,,,,,5,0
2026-08-25T21:20:07.961Z,1787692807961,FAN_DT_001_F2_S06_R02_20260825T211108,2,538.965,FAULT_ACTIVE,F2,0.6,FAN_DT_001,3.0,process-model-3.0.0-build3,667,1,LIVE,SYNCHRONISED,AUTOMATIC,NORMAL,65,1950,1950,0,145,157,0.3,0.3,25.2569,40.05,1.367,1.33,0.0254,0,276.59,40.1808,0.00329,1,0.18,1.19,9.3621,61,CRITICAL,F2,2,1,electrical_overcurrent,0.6,1,1,,,,,5,0
2026-08-25T21:20:08.993Z,1787692808993,FAN_DT_001_F2_S06_R02_20260825T211108,2,539.997,FAULT_ACTIVE,F2,0.6,FAN_DT_001,3.0,process-model-3.0.0-build3,668,1,LIVE,SYNCHRONISED,AUTOMATIC,NORMAL,65,1950,1950,0,145,157,0.3,0.3,25.23948,40.05,1.367,1.33,0.0254,0,276.59,40.26,0.00352,1,0.18,1.273,9.3806,61,CRITICAL,F2,2,1,electrical_overcurrent,0.6,1,1,,,,,5,0
2026-08-25T21:20:10.037Z,1787692810037,FAN_DT_001_F2_S06_R02_20260825T211108,2,541.04,RECOVERY,F2,0.6,FAN_DT_001,3.0,process-model-3.0.0-build3,669,1,LIVE,SYNCHRONISED,AUTOMATIC,NORMAL,65,1950,1950,0,145,145,0.3,0.3,25.22182,40.03,1.028,1,0.0254,0,207.97,40.3199,0.02192,1,0.18,10.54,9.3945,100,HEALTHY,F0,0,0,healthy,0,0,0,,,,,6,0
2026-08-25T21:20:11.063Z,1787692811063,FAN_DT_001_F2_S06_R02_20260825T211108,2,542.068,RECOVERY,F2,0.6,FAN_DT_001,3.0,process-model-3.0.0-build3,670,1,LIVE,SYNCHRONISED,AUTOMATIC,NORMAL,65,1950,1950,0,145,145,0.3,0.3,25.20426,40,1.028,1,0.0254,0,207.97,40.3791,0.02185,1,0.18,10.507,9.4083,100,HEALTHY,F0,0,0,healthy,0,0,0,,,,,6,0
2026-08-25T21:20:12.081Z,1787692812081,FAN_DT_001_F2_S06_R02_20260825T211108,2,543.087,RECOVERY,F2,0.6,FAN_DT_001,3.0,process-model-3.0.0-build3,671,1,LIVE,SYNCHRONISED,AUTOMATIC,NORMAL,65,1950,1950,0,145,145,0.3,0.3,25.18659,39.98,1.028,1,0.0254,0,207.97,40.4383,0.02176,1,0.18,10.464,9.4221,100,HEALTHY,F0,0,0,healthy,0,0,0,,,,,6,0
2026-08-25T21:20:13.125Z,1787692813125,FAN_DT_001_F2_S06_R02_20260825T211108,2,544.129,RECOVERY,F2,0.6,FAN_DT_001,3.0,process-model-3.0.0-build3,672,1,LIVE,SYNCHRONISED,AUTOMATIC,NORMAL,65,1950,1950,0,145,145,0.3,0.3,25.16879,39.96,1.028,1,0.0254,0,207.97,40.4977,0.02169,1,0.18,10.428,9.436,100,HEALTHY,F0,0,0,healthy,0,0,0,,,,,6,0
2026-08-25T21:20:14.136Z,1787692814136,FAN_DT_001_F2_S06_R02_20260825T211108,2,545.14,RECOVERY,F2,0.6,FAN_DT_001,3.0,process-model-3.0.0-build3,673,1,LIVE,SYNCHRONISED,AUTOMATIC,NORMAL,65,1950,1950,0,145,145,0.3,0.3,25.15087,39.94,1.028,1,0.0254,0,207.97,40.5571,0.02162,1,0.18,10.394,9.4498,100,HEALTHY,F0,0,0,healthy,0,0,0,,,,,6,0
2026-08-25T21:20:15.168Z,1787692815168,FAN_DT_001_F2_S06_R02_20260825T211108,2,546.175,RECOVERY,F2,0.6,FAN_DT_001,3.0,process-model-3.0.0-build3,674,1,LIVE,SYNCHRONISED,AUTOMATIC,NORMAL,65,1950,1950,0,145,145,0.3,0.3,25.13293,39.91,1.028,1,0.0254,0,207.97,40.6163,0.02156,1,0.18,10.367,9.4636,100,HEALTHY,F0,0,0,healthy,0,0,0,,,,,6,0
2026-08-25T21:20:16.197Z,1787692816197,FAN_DT_001_F2_S06_R02_20260825T211108,2,547.201,RECOVERY,F2,0.6,FAN_DT_001,3.0,process-model-3.0.0-build3,675,1,LIVE,SYNCHRONISED,AUTOMATIC,NORMAL,65,1950,1950,0,145,145,0.3,0.3,25.11488,39.89,1.028,1,0.0254,0,207.97,40.6757,0.02148,1,0.18,10.327,9.4774,100,HEALTHY,F0,0,0,healthy,0,0,0,,,,,6,0
2026-08-25T21:20:17.225Z,1787692817225,FAN_DT_001_F2_S06_R02_20260825T211108,2,548.23,RECOVERY,F2,0.6,FAN_DT_001,3.0,process-model-3.0.0-build3,676,1,LIVE,SYNCHRONISED,AUTOMATIC,NORMAL,65,1950,1950,0,145,145,0.3,0.3,25.09675,39.87,1.028,1,0.0254,0,207.97,40.7351,0.02141,1,0.18,10.293,9.4913,100,HEALTHY,F0,0,0,healthy,0,0,0,,,,,6,0
2026-08-25T21:20:18.252Z,1787692818252,FAN_DT_001_F2_S06_R02_20260825T211108,2,549.266,RECOVERY,F2,0.6,FAN_DT_001,3.0,process-model-3.0.0-build3,677,1,LIVE,SYNCHRONISED,AUTOMATIC,NORMAL,65,1950,1950,0,145,145,0.3,0.3,25.07865,39.85,1.028,1,0.0254,0,207.97,40.7943,0.02136,1,0.18,10.269,9.5051,100,HEALTHY,F0,0,0,healthy,0,0,0,,,,,6,0
2026-08-25T21:20:19.286Z,1787692819286,FAN_DT_001_F2_S06_R02_20260825T211108,2,550.29,RECOVERY,F2,0.6,FAN_DT_001,3.0,process-model-3.0.0-build3,678,1,LIVE,SYNCHRONISED,AUTOMATIC,NORMAL,65,1950,1950,0,145,145,0.3,0.3,25.06043,39.83,1.028,1,0.0254,0,207.97,40.8537,0.02128,1,0.18,10.234,9.5189,100,HEALTHY,F0,0,0,healthy,0,0,0,,,,,6,0
2026-08-25T21:20:20.315Z,1787692820315,FAN_DT_001_F2_S06_R02_20260825T211108,2,551.319,RECOVERY,F2,0.6,FAN_DT_001,3.0,process-model-3.0.0-build3,679,1,LIVE,SYNCHRONISED,AUTOMATIC,NORMAL,65,1950,1950,0,145,145,0.3,0.3,25.04221,39.8,1.028,1,0.0254,0,207.97,40.9131,0.02123,1,0.18,10.209,9.5327,100,HEALTHY,F0,0,0,healthy,0,0,0,,,,,6,0
2026-08-25T21:20:21.339Z,1787692821339,FAN_DT_001_F2_S06_R02_20260825T211108,2,552.344,RECOVERY,F2,0.6,FAN_DT_001,3.0,process-model-3.0.0-build3,680,1,LIVE,SYNCHRONISED,AUTOMATIC,NORMAL,65,1950,1950,0,145,145,0.3,0.3,25.024,39.78,1.028,1,0.0254,0,207.97,40.9723,0.02117,1,0.18,10.18,9.5465,100,HEALTHY,F0,0,0,healthy,0,0,0,,,,,6,0
2026-08-25T21:20:22.367Z,1787692822367,FAN_DT_001_F2_S06_R02_20260825T211108,2,553.371,RECOVERY,F2,0.6,FAN_DT_001,3.0,process-model-3.0.0-build3,681,1,LIVE,SYNCHRONISED,AUTOMATIC,NORMAL,65,1950,1950,0,145,145,0.3,0.3,25.00575,39.76,1.028,1,0.0254,0,207.97,41.0316,0.0211,1,0.18,10.147,9.5604,100,HEALTHY,F0,0,0,healthy,0,0,0,,,,,6,0
2026-08-25T21:20:23.393Z,1787692823393,FAN_DT_001_F2_S06_R02_20260825T211108,2,554.396,RECOVERY,F2,0.6,FAN_DT_001,3.0,process-model-3.0.0-build3,682,1,LIVE,SYNCHRONISED,AUTOMATIC,NORMAL,65,1950,1950,0,145,145,0.3,0.3,24.98747,39.74,1.028,1,0.0254,0,207.97,41.091,0.02106,1,0.18,10.125,9.5742,100,HEALTHY,F0,0,0,healthy,0,0,0,,,,,6,0
2026-08-25T21:20:24.419Z,1787692824419,FAN_DT_001_F2_S06_R02_20260825T211108,2,555.425,RECOVERY,F2,0.6,FAN_DT_001,3.0,process-model-3.0.0-build3,683,1,LIVE,SYNCHRONISED,AUTOMATIC,NORMAL,65,1950,1950,0,145,145,0.3,0.3,24.96929,39.72,1.028,1,0.0254,0,207.97,41.1501,0.02101,1,0.18,10.103,9.588,100,HEALTHY,F0,0,0,healthy,0,0,0,,,,,6,0
2026-08-25T21:20:25.449Z,1787692825449,FAN_DT_001_F2_S06_R02_20260825T211108,2,556.454,RECOVERY,F2,0.6,FAN_DT_001,3.0,process-model-3.0.0-build3,684,1,LIVE,SYNCHRONISED,AUTOMATIC,NORMAL,65,1950,1950,0,145,145,0.3,0.3,24.95109,39.7,1.028,1,0.0254,0,207.97,41.2093,0.02094,1,0.18,10.067,9.6018,100,HEALTHY,F0,0,0,healthy,0,0,0,,,,,6,0
2026-08-25T21:20:26.538Z,1787692826538,FAN_DT_001_F2_S06_R02_20260825T211108,2,557.59,RECOVERY,F2,0.6,FAN_DT_001,3.0,process-model-3.0.0-build3,685,1,LIVE,SYNCHRONISED,AUTOMATIC,NORMAL,65,1950,1950,0,145,145,0.3,0.3,24.93292,39.67,1.028,1,0.0254,0,207.97,41.2685,0.02089,1,0.18,10.045,9.6156,100,HEALTHY,F0,0,0,healthy,0,0,0,,,,,6,0
2026-08-25T21:20:27.503Z,1787692827503,FAN_DT_001_F2_S06_R02_20260825T211108,2,558.521,RECOVERY,F2,0.6,FAN_DT_001,3.0,process-model-3.0.0-build3,686,1,LIVE,SYNCHRONISED,AUTOMATIC,NORMAL,65,1950,1950,0,145,145,0.3,0.3,24.91476,39.65,1.028,1,0.0254,0,207.97,41.3278,0.02084,1,0.18,10.019,9.6294,100,HEALTHY,F0,0,0,healthy,0,0,0,,,,,6,0
2026-08-25T21:20:28.537Z,1787692828537,FAN_DT_001_F2_S06_R02_20260825T211108,2,559.542,RECOVERY,F2,0.6,FAN_DT_001,3.0,process-model-3.0.0-build3,687,1,LIVE,SYNCHRONISED,AUTOMATIC,NORMAL,65,1950,1950,0,145,145,0.3,0.3,24.89663,39.63,1.028,1,0.0254,0,207.97,41.3871,0.02079,1,0.18,9.998,9.6432,100,HEALTHY,F0,0,0,healthy,0,0,0,,,,,6,0
2026-08-25T21:20:29.562Z,1787692829562,FAN_DT_001_F2_S06_R02_20260825T211108,2,560.578,RECOVERY,F2,0.6,FAN_DT_001,3.0,process-model-3.0.0-build3,688,1,LIVE,SYNCHRONISED,AUTOMATIC,NORMAL,65,1950,1950,0,145,145,0.3,0.3,24.87859,39.61,1.028,1,0.0254,0,207.97,41.4463,0.02074,1,0.18,9.972,9.657,100,HEALTHY,F0,0,0,healthy,0,0,0,,,,,6,0
2026-08-25T21:20:30.592Z,1787692830592,FAN_DT_001_F2_S06_R02_20260825T211108,2,561.605,RECOVERY,F2,0.6,FAN_DT_001,3.0,process-model-3.0.0-build3,689,1,LIVE,SYNCHRONISED,AUTOMATIC,NORMAL,65,1950,1950,0,145,145,0.3,0.3,24.86065,39.59,1.028,1,0.0254,0,207.97,41.5054,0.02068,1,0.18,9.945,9.6708,100,HEALTHY,F0,0,0,healthy,0,0,0,,,,,6,0
2026-08-25T21:20:31.659Z,1787692831659,FAN_DT_001_F2_S06_R02_20260825T211108,2,562.821,RECOVERY,F2,0.6,FAN_DT_001,3.0,process-model-3.0.0-build3,690,1,LIVE,SYNCHRONISED,AUTOMATIC,NORMAL,65,1950,1950,0,145,145,0.3,0.3,24.8428,39.57,1.028,1,0.0254,0,207.97,41.5645,0.0206,1,0.18,9.908,9.6845,100,HEALTHY,F0,0,0,healthy,0,0,0,,,,,6,0
2026-08-25T21:20:32.635Z,1787692832635,FAN_DT_001_F2_S06_R02_20260825T211108,2,563.64,RECOVERY,F2,0.6,FAN_DT_001,3.0,process-model-3.0.0-build3,691,1,LIVE,SYNCHRONISED,AUTOMATIC,NORMAL,65,1950,1950,0,145,145,0.3,0.3,24.82494,39.55,1.028,1,0.0254,0,207.97,41.6238,0.02056,1,0.18,9.885,9.6983,100,HEALTHY,F0,0,0,healthy,0,0,0,,,,,6,0
2026-08-25T21:20:33.663Z,1787692833663,FAN_DT_001_F2_S06_R02_20260825T211108,2,564.668,RECOVERY,F2,0.6,FAN_DT_001,3.0,process-model-3.0.0-build3,692,1,LIVE,SYNCHRONISED,AUTOMATIC,NORMAL,65,1950,1950,0,145,145,0.3,0.3,24.8072,39.53,1.028,1,0.0254,0,207.97,41.683,0.0205,1,0.18,9.859,9.7121,100,HEALTHY,F0,0,0,healthy,0,0,0,,,,,6,0
2026-08-25T21:20:34.693Z,1787692834693,FAN_DT_001_F2_S06_R02_20260825T211108,2,565.697,RECOVERY,F2,0.6,FAN_DT_001,3.0,process-model-3.0.0-build3,693,1,LIVE,SYNCHRONISED,AUTOMATIC,NORMAL,65,1950,1950,0,145,145,0.3,0.3,24.78957,39.5,1.028,1,0.0254,0,207.97,41.7422,0.02046,1,0.18,9.839,9.7259,100,HEALTHY,F0,0,0,healthy,0,0,0,,,,,6,0
2026-08-25T21:20:35.730Z,1787692835730,FAN_DT_001_F2_S06_R02_20260825T211108,2,566.735,RECOVERY,F2,0.6,FAN_DT_001,3.0,process-model-3.0.0-build3,694,1,LIVE,SYNCHRONISED,AUTOMATIC,NORMAL,65,1950,1950,0,145,145,0.3,0.3,24.77196,39.48,1.028,1,0.0254,0,207.97,41.8017,0.02041,1,0.18,9.812,9.7398,100,HEALTHY,F0,0,0,healthy,0,0,0,,,,,6,0
2026-08-25T21:20:36.759Z,1787692836759,FAN_DT_001_F2_S06_R02_20260825T211108,2,567.764,RECOVERY,F2,0.6,FAN_DT_001,3.0,process-model-3.0.0-build3,695,1,LIVE,SYNCHRONISED,AUTOMATIC,NORMAL,65,1950,1950,0,145,145,0.3,0.3,24.7545,39.46,1.028,1,0.0254,0,207.97,41.8611,0.02033,1,0.18,9.778,9.7536,100,HEALTHY,F0,0,0,healthy,0,0,0,,,,,6,0
2026-08-25T21:20:37.782Z,1787692837782,FAN_DT_001_F2_S06_R02_20260825T211108,2,568.788,RECOVERY,F2,0.6,FAN_DT_001,3.0,process-model-3.0.0-build3,696,1,LIVE,SYNCHRONISED,AUTOMATIC,NORMAL,65,1950,1950,0,145,145,0.3,0.3,24.73724,39.44,1.028,1,0.0254,0,207.97,41.9203,0.02029,1,0.18,9.755,9.7674,100,HEALTHY,F0,0,0,healthy,0,0,0,,,,,6,0
2026-08-25T21:20:38.806Z,1787692838806,FAN_DT_001_F2_S06_R02_20260825T211108,2,569.814,RECOVERY,F2,0.6,FAN_DT_001,3.0,process-model-3.0.0-build3,697,1,LIVE,SYNCHRONISED,AUTOMATIC,NORMAL,65,1950,1950,0,145,145,0.3,0.3,24.72007,39.42,1.028,1,0.0254,0,207.97,41.9796,0.02022,1,0.18,9.72,9.7812,100,HEALTHY,F0,0,0,healthy,0,0,0,,,,,6,0
2026-08-25T21:20:39.830Z,1787692839830,FAN_DT_001_F2_S06_R02_20260825T211108,2,570.835,RECOVERY,F2,0.6,FAN_DT_001,3.0,process-model-3.0.0-build3,698,1,LIVE,SYNCHRONISED,AUTOMATIC,NORMAL,65,1950,1950,0,145,145,0.3,0.3,24.7031,39.4,1.028,1,0.0254,0,207.97,42.0387,0.02015,1,0.18,9.691,9.795,100,HEALTHY,F0,0,0,healthy,0,0,0,,,,,6,0
2026-08-25T21:20:40.883Z,1787692840883,FAN_DT_001_F2_S06_R02_20260825T211108,2,571.888,RECOVERY,F2,0.6,FAN_DT_001,3.0,process-model-3.0.0-build3,699,1,LIVE,SYNCHRONISED,AUTOMATIC,NORMAL,65,1950,1950,0,145,145,0.3,0.3,24.68628,39.38,1.028,1,0.0254,0,207.97,42.0979,0.02008,1,0.18,9.658,9.8088,100,HEALTHY,F0,0,0,healthy,0,0,0,,,,,6,0
2026-08-25T21:20:41.890Z,1787692841890,FAN_DT_001_F2_S06_R02_20260825T211108,2,572.894,RECOVERY,F2,0.6,FAN_DT_001,3.0,process-model-3.0.0-build3,700,1,LIVE,SYNCHRONISED,AUTOMATIC,NORMAL,65,1950,1950,0,145,145,0.3,0.3,24.66952,39.36,1.028,1,0.0254,0,207.97,42.1573,0.02001,1,0.18,9.623,9.8227,100,HEALTHY,F0,0,0,healthy,0,0,0,,,,,6,0
2026-08-25T21:20:42.913Z,1787692842913,FAN_DT_001_F2_S06_R02_20260825T211108,2,573.917,RECOVERY,F2,0.6,FAN_DT_001,3.0,process-model-3.0.0-build3,701,1,LIVE,SYNCHRONISED,AUTOMATIC,NORMAL,65,1950,1950,0,145,145,0.3,0.3,24.65298,39.34,1.028,1,0.0254,0,207.97,42.2167,0.01996,1,0.18,9.598,9.8365,100,HEALTHY,F0,0,0,healthy,0,0,0,,,,,6,0
2026-08-25T21:20:43.977Z,1787692843977,FAN_DT_001_F2_S06_R02_20260825T211108,2,574.985,RECOVERY,F2,0.6,FAN_DT_001,3.0,process-model-3.0.0-build3,702,1,LIVE,SYNCHRONISED,AUTOMATIC,NORMAL,65,1950,1950,0,145,145,0.3,0.3,24.63667,39.32,1.028,1,0.0254,0,207.97,42.2758,0.01989,1,0.18,9.564,9.8503,100,HEALTHY,F0,0,0,healthy,0,0,0,,,,,6,0
2026-08-25T21:20:44.974Z,1787692844974,FAN_DT_001_F2_S06_R02_20260825T211108,2,575.979,RECOVERY,F2,0.6,FAN_DT_001,3.0,process-model-3.0.0-build3,703,1,LIVE,SYNCHRONISED,AUTOMATIC,NORMAL,65,1950,1950,0,145,145,0.3,0.3,24.62048,39.3,1.028,1,0.0254,0,207.97,42.3352,0.01983,1,0.18,9.535,9.8641,100,HEALTHY,F0,0,0,healthy,0,0,0,,,,,6,0
2026-08-25T21:20:45.997Z,1787692845997,FAN_DT_001_F2_S06_R02_20260825T211108,2,577.003,RECOVERY,F2,0.6,FAN_DT_001,3.0,process-model-3.0.0-build3,704,1,LIVE,SYNCHRONISED,AUTOMATIC,NORMAL,65,1950,1950,0,145,145,0.3,0.3,24.60454,39.28,1.028,1,0.0254,0,207.97,42.3944,0.01974,1,0.18,9.491,9.8779,100,HEALTHY,F0,0,0,healthy,0,0,0,,,,,6,0
2026-08-25T21:20:47.030Z,1787692847030,FAN_DT_001_F2_S06_R02_20260825T211108,2,578.037,RECOVERY,F2,0.6,FAN_DT_001,3.0,process-model-3.0.0-build3,705,1,LIVE,SYNCHRONISED,AUTOMATIC,NORMAL,65,1950,1950,0,145,145,0.3,0.3,24.58882,39.26,1.028,1,0.0254,0,207.97,42.4536,0.01966,1,0.18,9.456,9.8917,100,HEALTHY,F0,0,0,healthy,0,0,0,,,,,6,0
2026-08-25T21:20:48.051Z,1787692848051,FAN_DT_001_F2_S06_R02_20260825T211108,2,579.056,RECOVERY,F2,0.6,FAN_DT_001,3.0,process-model-3.0.0-build3,706,1,LIVE,SYNCHRONISED,AUTOMATIC,NORMAL,65,1950,1950,0,145,145,0.3,0.3,24.57327,39.24,1.028,1,0.0254,0,207.97,42.5129,0.01959,1,0.18,9.419,9.9055,100,HEALTHY,F0,0,0,healthy,0,0,0,,,,,6,0
2026-08-25T21:20:49.090Z,1787692849090,FAN_DT_001_F2_S06_R02_20260825T211108,2,580.095,RECOVERY,F2,0.6,FAN_DT_001,3.0,process-model-3.0.0-build3,707,1,LIVE,SYNCHRONISED,AUTOMATIC,NORMAL,65,1950,1950,0,145,145,0.3,0.3,24.55796,39.22,1.028,1,0.0254,0,207.97,42.5721,0.01951,1,0.18,9.38,9.9193,100,HEALTHY,F0,0,0,healthy,0,0,0,,,,,6,0
2026-08-25T21:20:50.107Z,1787692850107,FAN_DT_001_F2_S06_R02_20260825T211108,2,581.117,RECOVERY,F2,0.6,FAN_DT_001,3.0,process-model-3.0.0-build3,708,1,LIVE,SYNCHRONISED,AUTOMATIC,NORMAL,65,1950,1950,0,145,145,0.3,0.3,24.54286,39.2,1.028,1,0.0254,0,207.97,42.6315,0.01943,1,0.18,9.341,9.9331,100,HEALTHY,F0,0,0,healthy,0,0,0,,,,,6,0
2026-08-25T21:20:51.132Z,1787692851132,FAN_DT_001_F2_S06_R02_20260825T211108,2,582.149,RECOVERY,F2,0.6,FAN_DT_001,3.0,process-model-3.0.0-build3,709,1,LIVE,SYNCHRONISED,AUTOMATIC,NORMAL,65,1950,1950,0,145,145,0.3,0.3,24.52801,39.18,1.028,1,0.0254,0,207.97,42.6907,0.01935,1,0.18,9.302,9.9469,100,HEALTHY,F0,0,0,healthy,0,0,0,,,,,6,0
2026-08-25T21:20:52.160Z,1787692852160,FAN_DT_001_F2_S06_R02_20260825T211108,2,583.164,RECOVERY,F2,0.6,FAN_DT_001,3.0,process-model-3.0.0-build3,710,1,LIVE,SYNCHRONISED,AUTOMATIC,NORMAL,65,1950,1950,0,145,145,0.3,0.3,24.5134,39.16,1.028,1,0.0254,0,207.97,42.7501,0.01928,1,0.18,9.269,9.9608,100,HEALTHY,F0,0,0,healthy,0,0,0,,,,,6,0
2026-08-25T21:20:53.189Z,1787692853189,FAN_DT_001_F2_S06_R02_20260825T211108,2,584.193,RECOVERY,F2,0.6,FAN_DT_001,3.0,process-model-3.0.0-build3,711,1,LIVE,SYNCHRONISED,AUTOMATIC,NORMAL,65,1950,1950,0,145,145,0.3,0.3,24.49907,39.14,1.028,1,0.0254,0,207.97,42.8092,0.01916,1,0.18,9.214,9.9745,100,HEALTHY,F0,0,0,healthy,0,0,0,,,,,6,0
2026-08-25T21:20:54.215Z,1787692854215,FAN_DT_001_F2_S06_R02_20260825T211108,2,585.219,RECOVERY,F2,0.6,FAN_DT_001,3.0,process-model-3.0.0-build3,712,1,LIVE,SYNCHRONISED,AUTOMATIC,NORMAL,65,1950,1950,0,145,145,0.3,0.3,24.48494,39.12,1.028,1,0.0254,0,207.97,42.8687,0.01907,1,0.18,9.171,9.9884,100,HEALTHY,F0,0,0,healthy,0,0,0,,,,,6,0
2026-08-25T21:20:55.244Z,1787692855244,FAN_DT_001_F2_S06_R02_20260825T211108,2,586.249,RECOVERY,F2,0.6,FAN_DT_001,3.0,process-model-3.0.0-build3,713,1,LIVE,SYNCHRONISED,AUTOMATIC,NORMAL,65,1950,1950,0,145,145,0.3,0.3,24.47119,39.1,1.028,1,0.0254,0,207.97,42.9276,0.01899,1,0.18,9.13,10.0021,100,HEALTHY,F0,0,0,healthy,0,0,0,,,,,6,0
2026-08-25T21:20:56.270Z,1787692856270,FAN_DT_001_F2_S06_R02_20260825T211108,2,587.275,RECOVERY,F2,0.6,FAN_DT_001,3.0,process-model-3.0.0-build3,714,1,LIVE,SYNCHRONISED,AUTOMATIC,NORMAL,65,1950,1950,0,145,145,0.3,0.3,24.45764,39.08,1.028,1,0.0254,0,207.97,42.9869,0.01889,1,0.18,9.085,10.0159,100,HEALTHY,F0,0,0,healthy,0,0,0,,,,,6,0
2026-08-25T21:20:57.293Z,1787692857293,FAN_DT_001_F2_S06_R02_20260825T211108,2,588.298,RECOVERY,F2,0.6,FAN_DT_001,3.0,process-model-3.0.0-build3,715,1,LIVE,SYNCHRONISED,AUTOMATIC,NORMAL,65,1950,1950,0,145,145,0.3,0.3,24.44436,39.06,1.028,1,0.0254,0,207.97,43.0462,0.0188,1,0.18,9.039,10.0298,100,HEALTHY,F0,0,0,healthy,0,0,0,,,,,6,0
2026-08-25T21:20:58.331Z,1787692858331,FAN_DT_001_F2_S06_R02_20260825T211108,2,589.335,RECOVERY,F2,0.6,FAN_DT_001,3.0,process-model-3.0.0-build3,716,1,LIVE,SYNCHRONISED,AUTOMATIC,NORMAL,65,1950,1950,0,145,145,0.3,0.3,24.43141,39.04,1.028,1,0.0254,0,207.97,43.1054,0.0187,1,0.18,8.991,10.0436,100,HEALTHY,F0,0,0,healthy,0,0,0,,,,,6,0
2026-08-25T21:20:59.354Z,1787692859354,FAN_DT_001_F2_S06_R02_20260825T211108,2,590.361,RECOVERY,F2,0.6,FAN_DT_001,3.0,process-model-3.0.0-build3,717,1,LIVE,SYNCHRONISED,AUTOMATIC,NORMAL,65,1950,1950,0,145,145,0.3,0.3,24.41871,39.02,1.028,1,0.0254,0,207.97,43.1647,0.01859,1,0.18,8.94,10.0574,100,HEALTHY,F0,0,0,healthy,0,0,0,,,,,6,0
2026-08-25T21:21:00.382Z,1787692860382,FAN_DT_001_F2_S06_R02_20260825T211108,2,591.386,RECOVERY,F2,0.6,FAN_DT_001,3.0,process-model-3.0.0-build3,718,1,LIVE,SYNCHRONISED,AUTOMATIC,NORMAL,65,1950,1950,0,145,145,0.3,0.3,24.40632,39,1.028,1,0.0254,0,207.97,43.224,0.01847,1,0.18,8.88,10.0712,100,HEALTHY,F0,0,0,healthy,0,0,0,,,,,6,0
2026-08-25T21:21:01.409Z,1787692861409,FAN_DT_001_F2_S06_R02_20260825T211108,2,592.414,RECOVERY,F2,0.6,FAN_DT_001,3.0,process-model-3.0.0-build3,719,1,LIVE,SYNCHRONISED,AUTOMATIC,NORMAL,65,1950,1950,0,145,145,0.3,0.3,24.39429,38.98,1.028,1,0.0254,0,207.97,43.2831,0.01835,1,0.18,8.824,10.085,100,HEALTHY,F0,0,0,healthy,0,0,0,,,,,6,0
2026-08-25T21:21:02.453Z,1787692862453,FAN_DT_001_F2_S06_R02_20260825T211108,2,593.476,RECOVERY,F2,0.6,FAN_DT_001,3.0,process-model-3.0.0-build3,720,1,LIVE,SYNCHRONISED,AUTOMATIC,NORMAL,65,1950,1950,0,145,145,0.3,0.3,24.3825,38.96,1.028,1,0.0254,0,207.97,43.3426,0.01823,1,0.18,8.764,10.0988,100,HEALTHY,F0,0,0,healthy,0,0,0,,,,,6,0
2026-08-25T21:21:03.484Z,1787692863484,FAN_DT_001_F2_S06_R02_20260825T211108,2,594.504,RECOVERY,F2,0.6,FAN_DT_001,3.0,process-model-3.0.0-build3,721,1,LIVE,SYNCHRONISED,AUTOMATIC,NORMAL,65,1950,1950,0,145,145,0.3,0.3,24.37103,38.95,1.028,1,0.0254,0,207.97,43.402,0.01811,1,0.18,8.709,10.1127,100,HEALTHY,F0,0,0,healthy,0,0,0,,,,,6,0
2026-08-25T21:21:04.501Z,1787692864501,FAN_DT_001_F2_S06_R02_20260825T211108,2,595.505,RECOVERY,F2,0.6,FAN_DT_001,3.0,process-model-3.0.0-build3,722,1,LIVE,SYNCHRONISED,AUTOMATIC,NORMAL,65,1950,1950,0,145,145,0.3,0.3,24.35994,38.93,1.028,1,0.0254,0,207.97,43.4612,0.018,1,0.18,8.657,10.1265,100,HEALTHY,F0,0,0,healthy,0,0,0,,,,,6,0
2026-08-25T21:21:05.767Z,1787692865767,FAN_DT_001_F2_S06_R02_20260825T211108,2,596.774,RECOVERY,F2,0.6,FAN_DT_001,3.0,process-model-3.0.0-build3,723,1,LIVE,SYNCHRONISED,AUTOMATIC,NORMAL,65,1950,1950,0,145,145,0.3,0.3,24.34916,38.91,1.028,1,0.0254,0,207.97,43.5205,0.01786,1,0.18,8.589,10.1403,100,HEALTHY,F0,0,0,healthy,0,0,0,,,,,6,0
2026-08-25T21:21:06.550Z,1787692866550,FAN_DT_001_F2_S06_R02_20260825T211108,2,597.556,RECOVERY,F2,0.6,FAN_DT_001,3.0,process-model-3.0.0-build3,724,1,LIVE,SYNCHRONISED,AUTOMATIC,NORMAL,65,1950,1950,0,145,145,0.3,0.3,24.33871,38.89,1.028,1,0.0254,0,207.97,43.5798,0.01774,1,0.18,8.531,10.1541,100,HEALTHY,F0,0,0,healthy,0,0,0,,,,,6,0
2026-08-25T21:21:07.576Z,1787692867576,FAN_DT_001_F2_S06_R02_20260825T211108,2,598.582,RECOVERY,F2,0.6,FAN_DT_001,3.0,process-model-3.0.0-build3,725,1,LIVE,SYNCHRONISED,AUTOMATIC,NORMAL,65,1950,1950,0,145,145,0.3,0.3,24.32865,38.87,1.028,1,0.0254,0,207.97,43.6389,0.01762,1,0.18,8.471,10.1679,100,HEALTHY,F0,0,0,healthy,0,0,0,,,,,6,0
2026-08-25T21:21:08.620Z,1787692868620,FAN_DT_001_F2_S06_R02_20260825T211108,2,599.638,RECOVERY,F2,0.6,FAN_DT_001,3.0,process-model-3.0.0-build3,726,1,LIVE,SYNCHRONISED,AUTOMATIC,NORMAL,65,1950,1950,0,145,145,0.3,0.3,24.31891,38.85,1.028,1,0.0254,0,207.97,43.6981,0.01748,1,0.18,8.406,10.1817,100,HEALTHY,F0,0,0,healthy,0,0,0,,,,,6,0
