ts_iso,ts_ms,run_id,replicate,experiment_elapsed_s,experiment_phase,selected_fault_code,selected_fault_severity,asset_id,schema_version,model_version,sequence_id,sequence_gap,stream_status,synchronisation_status,control_mode,operating_mode,speed_command_pct,target_rpm,actual_rpm,speed_error_rpm,process_heat_load_w,effective_process_heat_load_w,mechanical_load,effective_mechanical_load,ambient_temperature_c,temperature_c,current_a,current_multiplier,vibration_g,vibration_offset_g,power_w,energy_wh,cooling_rate_c_per_s,cooling_efficiency,thermal_resistance_c_per_w,legacy_thermal_eff_index,co2_g,health_overall,health_status,embedded_fault_code,embedded_fault_class_id,embedded_fault_binary_label,embedded_fault_label,embedded_fault_severity,embedded_fault_active,anomaly,ai_fault_code,ai_fault_label,ai_confidence,ai_severity,accepted_commands,rejected_commands
2026-08-19T15:48:01.208Z,1787154481208,FAN_DT_001_F1_S09_R01_20260819T154800,1,0.988,BASELINE,F1,0.9,FAN_DT_001,3.0,process-model-3.0.0-build3,7145,1,LIVE,SYNCHRONISED,AUTOMATIC,NORMAL,65,1950,1950,0,145,145,0.3,0.3,24.51896,38,1.028,1,0.0254,0,207.97,0.0598,0.00003,1,0.18,0.014,0.0139,100,HEALTHY,F0,0,0,healthy,0,0,0,,,,,28,0
2026-08-19T15:48:02.226Z,1787154482226,FAN_DT_001_F1_S09_R01_20260819T154800,1,2.007,BASELINE,F1,0.9,FAN_DT_001,3.0,process-model-3.0.0-build3,7146,1,LIVE,SYNCHRONISED,AUTOMATIC,NORMAL,65,1950,1950,0,145,145,0.3,0.3,24.53361,38,1.028,1,0.0254,0,207.97,0.1189,-0.0002,1,0.18,0.099,0.0277,100,HEALTHY,F0,0,0,healthy,0,0,0,,,,,28,0
2026-08-19T15:48:03.253Z,1787154483253,FAN_DT_001_F1_S09_R01_20260819T154800,1,3.033,BASELINE,F1,0.9,FAN_DT_001,3.0,process-model-3.0.0-build3,7147,1,LIVE,SYNCHRONISED,AUTOMATIC,NORMAL,65,1950,1950,0,145,145,0.3,0.3,24.5486,38,1.028,1,0.0254,0,207.97,0.1784,-0.00045,1,0.18,0.217,0.0416,100,HEALTHY,F0,0,0,healthy,0,0,0,,,,,28,0
2026-08-19T15:48:04.284Z,1787154484284,FAN_DT_001_F1_S09_R01_20260819T154800,1,4.064,BASELINE,F1,0.9,FAN_DT_001,3.0,process-model-3.0.0-build3,7148,1,LIVE,SYNCHRONISED,AUTOMATIC,NORMAL,65,1950,1950,0,145,145,0.3,0.3,24.56377,38,1.028,1,0.0254,0,207.97,0.2377,-0.00069,1,0.18,0.334,0.0554,100,HEALTHY,F0,0,0,healthy,0,0,0,,,,,28,0
2026-08-19T15:48:05.310Z,1787154485310,FAN_DT_001_F1_S09_R01_20260819T154800,1,5.091,BASELINE,F1,0.9,FAN_DT_001,3.0,process-model-3.0.0-build3,7149,1,LIVE,SYNCHRONISED,AUTOMATIC,NORMAL,65,1950,1950,0,145,145,0.3,0.3,24.57924,38,1.028,1,0.0254,0,207.97,0.2972,-0.00094,1,0.18,0.452,0.0692,100,HEALTHY,F0,0,0,healthy,0,0,0,,,,,28,0
2026-08-19T15:48:06.338Z,1787154486338,FAN_DT_001_F1_S09_R01_20260819T154800,1,6.118,BASELINE,F1,0.9,FAN_DT_001,3.0,process-model-3.0.0-build3,7150,1,LIVE,SYNCHRONISED,AUTOMATIC,NORMAL,65,1950,1950,0,145,145,0.3,0.3,24.59477,38.01,1.028,1,0.0254,0,207.97,0.3561,-0.00117,1,0.18,0.565,0.083,100,HEALTHY,F0,0,0,healthy,0,0,0,,,,,28,0
2026-08-19T15:48:07.367Z,1787154487367,FAN_DT_001_F1_S09_R01_20260819T154800,1,7.148,BASELINE,F1,0.9,FAN_DT_001,3.0,process-model-3.0.0-build3,7151,1,LIVE,SYNCHRONISED,AUTOMATIC,NORMAL,65,1950,1950,0,145,145,0.3,0.3,24.61073,38.01,1.028,1,0.0254,0,207.97,0.4159,-0.00142,1,0.18,0.682,0.0969,100,HEALTHY,F0,0,0,healthy,0,0,0,,,,,28,0
2026-08-19T15:48:08.410Z,1787154488410,FAN_DT_001_F1_S09_R01_20260819T154800,1,8.19,BASELINE,F1,0.9,FAN_DT_001,3.0,process-model-3.0.0-build3,7152,1,LIVE,SYNCHRONISED,AUTOMATIC,NORMAL,65,1950,1950,0,145,145,0.3,0.3,24.62668,38.01,1.028,1,0.0254,0,207.97,0.4749,-0.00163,1,0.18,0.784,0.1106,100,HEALTHY,F0,0,0,healthy,0,0,0,,,,,28,0
2026-08-19T15:48:09.422Z,1787154489422,FAN_DT_001_F1_S09_R01_20260819T154800,1,9.202,BASELINE,F1,0.9,FAN_DT_001,3.0,process-model-3.0.0-build3,7153,1,LIVE,SYNCHRONISED,AUTOMATIC,NORMAL,65,1950,1950,0,145,145,0.3,0.3,24.64296,38.01,1.028,1,0.0254,0,207.97,0.5343,-0.00188,1,0.18,0.903,0.1245,100,HEALTHY,F0,0,0,healthy,0,0,0,,,,,28,0
2026-08-19T15:48:10.452Z,1787154490452,FAN_DT_001_F1_S09_R01_20260819T154800,1,10.234,BASELINE,F1,0.9,FAN_DT_001,3.0,process-model-3.0.0-build3,7154,1,LIVE,SYNCHRONISED,AUTOMATIC,NORMAL,65,1950,1950,0,145,145,0.3,0.3,24.65932,38.01,1.028,1,0.0254,0,207.97,0.5933,-0.00213,1,0.18,1.022,0.1382,100,HEALTHY,F0,0,0,healthy,0,0,0,,,,,28,0
2026-08-19T15:48:11.475Z,1787154491475,FAN_DT_001_F1_S09_R01_20260819T154800,1,11.255,BASELINE,F1,0.9,FAN_DT_001,3.0,process-model-3.0.0-build3,7155,1,LIVE,SYNCHRONISED,AUTOMATIC,NORMAL,65,1950,1950,0,145,145,0.3,0.3,24.67594,38.02,1.028,1,0.0254,0,207.97,0.6528,-0.00236,1,0.18,1.135,0.1521,100,HEALTHY,F0,0,0,healthy,0,0,0,,,,,28,0
2026-08-19T15:48:12.507Z,1787154492507,FAN_DT_001_F1_S09_R01_20260819T154800,1,12.287,BASELINE,F1,0.9,FAN_DT_001,3.0,process-model-3.0.0-build3,7156,1,LIVE,SYNCHRONISED,AUTOMATIC,NORMAL,65,1950,1950,0,145,145,0.3,0.3,24.69267,38.02,1.028,1,0.0254,0,207.97,0.7119,-0.0026,1,0.18,1.251,0.1659,100,HEALTHY,F0,0,0,healthy,0,0,0,,,,,28,0
2026-08-19T15:48:13.532Z,1787154493532,FAN_DT_001_F1_S09_R01_20260819T154800,1,13.312,BASELINE,F1,0.9,FAN_DT_001,3.0,process-model-3.0.0-build3,7157,1,LIVE,SYNCHRONISED,AUTOMATIC,NORMAL,65,1950,1950,0,145,145,0.3,0.3,24.70964,38.02,1.028,1,0.0254,0,207.97,0.7713,-0.00282,1,0.18,1.354,0.1797,100,HEALTHY,F0,0,0,healthy,0,0,0,,,,,28,0
2026-08-19T15:48:14.558Z,1787154494558,FAN_DT_001_F1_S09_R01_20260819T154800,1,14.338,BASELINE,F1,0.9,FAN_DT_001,3.0,process-model-3.0.0-build3,7158,1,LIVE,SYNCHRONISED,AUTOMATIC,NORMAL,65,1950,1950,0,145,145,0.3,0.3,24.72665,38.02,1.028,1,0.0254,0,207.97,0.8304,-0.00306,1,0.18,1.473,0.1935,100,HEALTHY,F0,0,0,healthy,0,0,0,,,,,28,0
2026-08-19T15:48:15.588Z,1787154495588,FAN_DT_001_F1_S09_R01_20260819T154800,1,15.368,BASELINE,F1,0.9,FAN_DT_001,3.0,process-model-3.0.0-build3,7159,1,LIVE,SYNCHRONISED,AUTOMATIC,NORMAL,65,1950,1950,0,145,145,0.3,0.3,24.74391,38.03,1.028,1,0.0254,0,207.97,0.8899,-0.0033,1,0.18,1.587,0.2073,100,HEALTHY,F0,0,0,healthy,0,0,0,,,,,28,0
2026-08-19T15:48:16.612Z,1787154496612,FAN_DT_001_F1_S09_R01_20260819T154800,1,16.392,BASELINE,F1,0.9,FAN_DT_001,3.0,process-model-3.0.0-build3,7160,1,LIVE,SYNCHRONISED,AUTOMATIC,NORMAL,65,1950,1950,0,145,145,0.3,0.3,24.76119,38.03,1.028,1,0.0254,0,207.97,0.9489,-0.00353,1,0.18,1.695,0.2211,100,HEALTHY,F0,0,0,healthy,0,0,0,,,,,28,0
2026-08-19T15:48:17.641Z,1787154497641,FAN_DT_001_F1_S09_R01_20260819T154800,1,17.421,BASELINE,F1,0.9,FAN_DT_001,3.0,process-model-3.0.0-build3,7161,1,LIVE,SYNCHRONISED,AUTOMATIC,NORMAL,65,1950,1950,0,145,145,0.3,0.3,24.77869,38.03,1.028,1,0.0254,0,207.97,1.0083,-0.00375,1,0.18,1.805,0.2349,100,HEALTHY,F0,0,0,healthy,0,0,0,,,,,28,0
2026-08-19T15:48:18.670Z,1787154498670,FAN_DT_001_F1_S09_R01_20260819T154800,1,18.45,BASELINE,F1,0.9,FAN_DT_001,3.0,process-model-3.0.0-build3,7162,1,LIVE,SYNCHRONISED,AUTOMATIC,NORMAL,65,1950,1950,0,145,145,0.3,0.3,24.79629,38.04,1.028,1,0.0254,0,207.97,1.0676,-0.00396,1,0.18,1.904,0.2488,100,HEALTHY,F0,0,0,healthy,0,0,0,,,,,28,0
2026-08-19T15:48:19.700Z,1787154499700,FAN_DT_001_F1_S09_R01_20260819T154800,1,19.479,BASELINE,F1,0.9,FAN_DT_001,3.0,process-model-3.0.0-build3,7163,1,LIVE,SYNCHRONISED,AUTOMATIC,NORMAL,65,1950,1950,0,145,145,0.3,0.3,24.81402,38.04,1.028,1,0.0254,0,207.97,1.127,-0.00418,1,0.18,2.01,0.2626,100,HEALTHY,F0,0,0,healthy,0,0,0,,,,,28,0
2026-08-19T15:48:20.728Z,1787154500728,FAN_DT_001_F1_S09_R01_20260819T154800,1,20.508,BASELINE,F1,0.9,FAN_DT_001,3.0,process-model-3.0.0-build3,7164,1,LIVE,SYNCHRONISED,AUTOMATIC,NORMAL,65,1950,1950,0,145,145,0.3,0.3,24.83179,38.05,1.028,1,0.0254,0,207.97,1.1862,-0.00442,1,0.18,2.126,0.2764,100,HEALTHY,F0,0,0,healthy,0,0,0,,,,,28,0
2026-08-19T15:48:21.756Z,1787154501756,FAN_DT_001_F1_S09_R01_20260819T154800,1,21.536,BASELINE,F1,0.9,FAN_DT_001,3.0,process-model-3.0.0-build3,7165,1,LIVE,SYNCHRONISED,AUTOMATIC,NORMAL,65,1950,1950,0,145,145,0.3,0.3,24.84967,38.05,1.028,1,0.0254,0,207.97,1.2455,-0.00463,1,0.18,2.227,0.2902,100,HEALTHY,F0,0,0,healthy,0,0,0,,,,,28,0
2026-08-19T15:48:22.781Z,1787154502781,FAN_DT_001_F1_S09_R01_20260819T154800,1,22.562,BASELINE,F1,0.9,FAN_DT_001,3.0,process-model-3.0.0-build3,7166,1,LIVE,SYNCHRONISED,AUTOMATIC,NORMAL,65,1950,1950,0,145,145,0.3,0.3,24.86766,38.06,1.028,1,0.0254,0,207.97,1.3049,-0.00484,1,0.18,2.328,0.304,100,HEALTHY,F0,0,0,healthy,0,0,0,,,,,28,0
2026-08-19T15:48:23.827Z,1787154503827,FAN_DT_001_F1_S09_R01_20260819T154800,1,23.607,BASELINE,F1,0.9,FAN_DT_001,3.0,process-model-3.0.0-build3,7167,1,LIVE,SYNCHRONISED,AUTOMATIC,NORMAL,65,1950,1950,0,145,145,0.3,0.3,24.88564,38.06,1.028,1,0.0254,0,207.97,1.364,-0.00506,1,0.18,2.432,0.3178,100,HEALTHY,F0,0,0,healthy,0,0,0,,,,,28,0
2026-08-19T15:48:24.837Z,1787154504837,FAN_DT_001_F1_S09_R01_20260819T154800,1,24.617,BASELINE,F1,0.9,FAN_DT_001,3.0,process-model-3.0.0-build3,7168,1,LIVE,SYNCHRONISED,AUTOMATIC,NORMAL,65,1950,1950,0,145,145,0.3,0.3,24.90379,38.07,1.028,1,0.0254,0,207.97,1.4235,-0.00527,1,0.18,2.533,0.3317,100,HEALTHY,F0,0,0,healthy,0,0,0,,,,,28,0
2026-08-19T15:48:25.868Z,1787154505868,FAN_DT_001_F1_S09_R01_20260819T154800,1,25.648,BASELINE,F1,0.9,FAN_DT_001,3.0,process-model-3.0.0-build3,7169,1,LIVE,SYNCHRONISED,AUTOMATIC,NORMAL,65,1950,1950,0,145,145,0.3,0.3,24.92186,38.07,1.028,1,0.0254,0,207.97,1.4826,-0.00549,1,0.18,2.64,0.3455,100,HEALTHY,F0,0,0,healthy,0,0,0,,,,,28,0
2026-08-19T15:48:26.897Z,1787154506897,FAN_DT_001_F1_S09_R01_20260819T154800,1,26.677,BASELINE,F1,0.9,FAN_DT_001,3.0,process-model-3.0.0-build3,7170,1,LIVE,SYNCHRONISED,AUTOMATIC,NORMAL,65,1950,1950,0,145,145,0.3,0.3,24.94009,38.08,1.028,1,0.0254,0,207.97,1.5421,-0.00569,1,0.18,2.737,0.3593,100,HEALTHY,F0,0,0,healthy,0,0,0,,,,,28,0
2026-08-19T15:48:27.922Z,1787154507922,FAN_DT_001_F1_S09_R01_20260819T154800,1,27.702,BASELINE,F1,0.9,FAN_DT_001,3.0,process-model-3.0.0-build3,7171,1,LIVE,SYNCHRONISED,AUTOMATIC,NORMAL,65,1950,1950,0,145,145,0.3,0.3,24.95831,38.08,1.028,1,0.0254,0,207.97,1.6015,-0.00588,1,0.18,2.83,0.3731,100,HEALTHY,F0,0,0,healthy,0,0,0,,,,,28,0
2026-08-19T15:48:28.952Z,1787154508952,FAN_DT_001_F1_S09_R01_20260819T154800,1,28.733,BASELINE,F1,0.9,FAN_DT_001,3.0,process-model-3.0.0-build3,7172,1,LIVE,SYNCHRONISED,AUTOMATIC,NORMAL,65,1950,1950,0,145,145,0.3,0.3,24.9765,38.09,1.028,1,0.0254,0,207.97,1.6605,-0.00609,1,0.18,2.929,0.3869,100,HEALTHY,F0,0,0,healthy,0,0,0,,,,,28,0
2026-08-19T15:48:29.988Z,1787154509988,FAN_DT_001_F1_S09_R01_20260819T154800,1,29.768,BASELINE,F1,0.9,FAN_DT_001,3.0,process-model-3.0.0-build3,7173,1,LIVE,SYNCHRONISED,AUTOMATIC,NORMAL,65,1950,1950,0,145,145,0.3,0.3,24.99479,38.1,1.028,1,0.0254,0,207.97,1.72,-0.0063,1,0.18,3.028,0.4008,100,HEALTHY,F0,0,0,healthy,0,0,0,,,,,28,0
2026-08-19T15:48:31.007Z,1787154511007,FAN_DT_001_F1_S09_R01_20260819T154800,1,30.787,BASELINE,F1,0.9,FAN_DT_001,3.0,process-model-3.0.0-build3,7174,1,LIVE,SYNCHRONISED,AUTOMATIC,NORMAL,65,1950,1950,0,145,145,0.3,0.3,25.01297,38.1,1.028,1,0.0254,0,207.97,1.7791,-0.00648,1,0.18,3.117,0.4145,100,HEALTHY,F0,0,0,healthy,0,0,0,,,,,28,0
2026-08-19T15:48:32.033Z,1787154512033,FAN_DT_001_F1_S09_R01_20260819T154800,1,31.813,BASELINE,F1,0.9,FAN_DT_001,3.0,process-model-3.0.0-build3,7175,1,LIVE,SYNCHRONISED,AUTOMATIC,NORMAL,65,1950,1950,0,145,145,0.3,0.3,25.03118,38.11,1.028,1,0.0254,0,207.97,1.8382,-0.00667,1,0.18,3.206,0.4283,100,HEALTHY,F0,0,0,healthy,0,0,0,,,,,28,0
2026-08-19T15:48:33.058Z,1787154513058,FAN_DT_001_F1_S09_R01_20260819T154800,1,32.839,BASELINE,F1,0.9,FAN_DT_001,3.0,process-model-3.0.0-build3,7176,1,LIVE,SYNCHRONISED,AUTOMATIC,NORMAL,65,1950,1950,0,145,145,0.3,0.3,25.04946,38.12,1.028,1,0.0254,0,207.97,1.8977,-0.00687,1,0.18,3.302,0.4422,100,HEALTHY,F0,0,0,healthy,0,0,0,,,,,28,0
2026-08-19T15:48:34.090Z,1787154514090,FAN_DT_001_F1_S09_R01_20260819T154800,1,33.87,BASELINE,F1,0.9,FAN_DT_001,3.0,process-model-3.0.0-build3,7177,1,LIVE,SYNCHRONISED,AUTOMATIC,NORMAL,65,1950,1950,0,145,145,0.3,0.3,25.06759,38.12,1.028,1,0.0254,0,207.97,1.9568,-0.00704,1,0.18,3.387,0.4559,100,HEALTHY,F0,0,0,healthy,0,0,0,,,,,28,0
2026-08-19T15:48:35.121Z,1787154515121,FAN_DT_001_F1_S09_R01_20260819T154800,1,34.901,BASELINE,F1,0.9,FAN_DT_001,3.0,process-model-3.0.0-build3,7178,1,LIVE,SYNCHRONISED,AUTOMATIC,NORMAL,65,1950,1950,0,145,145,0.3,0.3,25.0858,38.13,1.028,1,0.0254,0,207.97,2.0163,-0.00723,1,0.18,3.478,0.4698,100,HEALTHY,F0,0,0,healthy,0,0,0,,,,,28,0
2026-08-19T15:48:36.146Z,1787154516146,FAN_DT_001_F1_S09_R01_20260819T154800,1,35.926,BASELINE,F1,0.9,FAN_DT_001,3.0,process-model-3.0.0-build3,7179,1,LIVE,SYNCHRONISED,AUTOMATIC,NORMAL,65,1950,1950,0,145,145,0.3,0.3,25.10387,38.14,1.028,1,0.0254,0,207.97,2.0754,-0.0074,1,0.18,3.556,0.4836,100,HEALTHY,F0,0,0,healthy,0,0,0,,,,,28,0
2026-08-19T15:48:37.172Z,1787154517172,FAN_DT_001_F1_S09_R01_20260819T154800,1,36.952,BASELINE,F1,0.9,FAN_DT_001,3.0,process-model-3.0.0-build3,7180,1,LIVE,SYNCHRONISED,AUTOMATIC,NORMAL,65,1950,1950,0,145,145,0.3,0.3,25.12203,38.15,1.028,1,0.0254,0,207.97,2.135,-0.00757,1,0.18,3.64,0.4975,100,HEALTHY,F0,0,0,healthy,0,0,0,,,,,28,0
2026-08-19T15:48:38.202Z,1787154518202,FAN_DT_001_F1_S09_R01_20260819T154800,1,37.982,BASELINE,F1,0.9,FAN_DT_001,3.0,process-model-3.0.0-build3,7181,1,LIVE,SYNCHRONISED,AUTOMATIC,NORMAL,65,1950,1950,0,145,145,0.3,0.3,25.13997,38.15,1.028,1,0.0254,0,207.97,2.1941,-0.00775,1,0.18,3.724,0.5112,100,HEALTHY,F0,0,0,healthy,0,0,0,,,,,28,0
2026-08-19T15:48:39.227Z,1787154519227,FAN_DT_001_F1_S09_R01_20260819T154800,1,39.007,BASELINE,F1,0.9,FAN_DT_001,3.0,process-model-3.0.0-build3,7182,1,LIVE,SYNCHRONISED,AUTOMATIC,NORMAL,65,1950,1950,0,145,145,0.3,0.3,25.15793,38.16,1.028,1,0.0254,0,207.97,2.2535,-0.00791,1,0.18,3.803,0.5251,100,HEALTHY,F0,0,0,healthy,0,0,0,,,,,28,0
2026-08-19T15:48:40.258Z,1787154520258,FAN_DT_001_F1_S09_R01_20260819T154800,1,40.038,BASELINE,F1,0.9,FAN_DT_001,3.0,process-model-3.0.0-build3,7183,1,LIVE,SYNCHRONISED,AUTOMATIC,NORMAL,65,1950,1950,0,145,145,0.3,0.3,25.17572,38.17,1.028,1,0.0254,0,207.97,2.3126,-0.00806,1,0.18,3.877,0.5388,100,HEALTHY,F0,0,0,healthy,0,0,0,,,,,28,0
2026-08-19T15:48:41.286Z,1787154521286,FAN_DT_001_F1_S09_R01_20260819T154800,1,41.066,BASELINE,F1,0.9,FAN_DT_001,3.0,process-model-3.0.0-build3,7184,1,LIVE,SYNCHRONISED,AUTOMATIC,NORMAL,65,1950,1950,0,145,145,0.3,0.3,25.19355,38.18,1.028,1,0.0254,0,207.97,2.3721,-0.00821,1,0.18,3.945,0.5527,100,HEALTHY,F0,0,0,healthy,0,0,0,,,,,28,0
2026-08-19T15:48:42.315Z,1787154522315,FAN_DT_001_F1_S09_R01_20260819T154800,1,42.095,BASELINE,F1,0.9,FAN_DT_001,3.0,process-model-3.0.0-build3,7185,1,LIVE,SYNCHRONISED,AUTOMATIC,NORMAL,65,1950,1950,0,145,145,0.3,0.3,25.21118,38.19,1.028,1,0.0254,0,207.97,2.4314,-0.00838,1,0.18,4.03,0.5665,100,HEALTHY,F0,0,0,healthy,0,0,0,,,,,28,0
2026-08-19T15:48:43.343Z,1787154523343,FAN_DT_001_F1_S09_R01_20260819T154800,1,43.123,BASELINE,F1,0.9,FAN_DT_001,3.0,process-model-3.0.0-build3,7186,1,LIVE,SYNCHRONISED,AUTOMATIC,NORMAL,65,1950,1950,0,145,145,0.3,0.3,25.22873,38.2,1.028,1,0.0254,0,207.97,2.4907,-0.0085,1,0.18,4.087,0.5803,100,HEALTHY,F0,0,0,healthy,0,0,0,,,,,28,0
2026-08-19T15:48:44.371Z,1787154524371,FAN_DT_001_F1_S09_R01_20260819T154800,1,44.151,BASELINE,F1,0.9,FAN_DT_001,3.0,process-model-3.0.0-build3,7187,1,LIVE,SYNCHRONISED,AUTOMATIC,NORMAL,65,1950,1950,0,145,145,0.3,0.3,25.24621,38.21,1.028,1,0.0254,0,207.97,2.5502,-0.00866,1,0.18,4.162,0.5942,100,HEALTHY,F0,0,0,healthy,0,0,0,,,,,28,0
2026-08-19T15:48:45.401Z,1787154525401,FAN_DT_001_F1_S09_R01_20260819T154800,1,45.181,BASELINE,F1,0.9,FAN_DT_001,3.0,process-model-3.0.0-build3,7188,1,LIVE,SYNCHRONISED,AUTOMATIC,NORMAL,65,1950,1950,0,145,145,0.3,0.3,25.26344,38.21,1.028,1,0.0254,0,207.97,2.6093,-0.0088,1,0.18,4.232,0.608,100,HEALTHY,F0,0,0,healthy,0,0,0,,,,,28,0
2026-08-19T15:48:46.427Z,1787154526427,FAN_DT_001_F1_S09_R01_20260819T154800,1,46.207,BASELINE,F1,0.9,FAN_DT_001,3.0,process-model-3.0.0-build3,7189,1,LIVE,SYNCHRONISED,AUTOMATIC,NORMAL,65,1950,1950,0,145,145,0.3,0.3,25.28064,38.22,1.028,1,0.0254,0,207.97,2.6687,-0.00893,1,0.18,4.294,0.6218,100,HEALTHY,F0,0,0,healthy,0,0,0,,,,,28,0
2026-08-19T15:48:47.456Z,1787154527456,FAN_DT_001_F1_S09_R01_20260819T154800,1,47.236,BASELINE,F1,0.9,FAN_DT_001,3.0,process-model-3.0.0-build3,7190,1,LIVE,SYNCHRONISED,AUTOMATIC,NORMAL,65,1950,1950,0,145,145,0.3,0.3,25.29761,38.23,1.028,1,0.0254,0,207.97,2.7278,-0.00906,1,0.18,4.355,0.6356,100,HEALTHY,F0,0,0,healthy,0,0,0,,,,,28,0
2026-08-19T15:48:48.484Z,1787154528484,FAN_DT_001_F1_S09_R01_20260819T154800,1,48.265,BASELINE,F1,0.9,FAN_DT_001,3.0,process-model-3.0.0-build3,7191,1,LIVE,SYNCHRONISED,AUTOMATIC,NORMAL,65,1950,1950,0,145,145,0.3,0.3,25.31451,38.24,1.028,1,0.0254,0,207.97,2.7873,-0.00917,1,0.18,4.411,0.6494,100,HEALTHY,F0,0,0,healthy,0,0,0,,,,,28,0
2026-08-19T15:48:49.510Z,1787154529510,FAN_DT_001_F1_S09_R01_20260819T154800,1,49.29,BASELINE,F1,0.9,FAN_DT_001,3.0,process-model-3.0.0-build3,7192,1,LIVE,SYNCHRONISED,AUTOMATIC,NORMAL,65,1950,1950,0,145,145,0.3,0.3,25.3312,38.25,1.028,1,0.0254,0,207.97,2.8465,-0.00931,1,0.18,4.475,0.6632,100,HEALTHY,F0,0,0,healthy,0,0,0,,,,,28,0
2026-08-19T15:48:50.541Z,1787154530541,FAN_DT_001_F1_S09_R01_20260819T154800,1,50.321,BASELINE,F1,0.9,FAN_DT_001,3.0,process-model-3.0.0-build3,7193,1,LIVE,SYNCHRONISED,AUTOMATIC,NORMAL,65,1950,1950,0,145,145,0.3,0.3,25.34772,38.26,1.028,1,0.0254,0,207.97,2.9059,-0.00942,1,0.18,4.528,0.6771,100,HEALTHY,F0,0,0,healthy,0,0,0,,,,,28,0
2026-08-19T15:48:51.569Z,1787154531569,FAN_DT_001_F1_S09_R01_20260819T154800,1,51.349,BASELINE,F1,0.9,FAN_DT_001,3.0,process-model-3.0.0-build3,7194,1,LIVE,SYNCHRONISED,AUTOMATIC,NORMAL,65,1950,1950,0,145,145,0.3,0.3,25.36411,38.27,1.028,1,0.0254,0,207.97,2.9653,-0.00952,1,0.18,4.579,0.6909,100,HEALTHY,F0,0,0,healthy,0,0,0,,,,,28,0
2026-08-19T15:48:52.599Z,1787154532599,FAN_DT_001_F1_S09_R01_20260819T154800,1,52.38,BASELINE,F1,0.9,FAN_DT_001,3.0,process-model-3.0.0-build3,7195,1,LIVE,SYNCHRONISED,AUTOMATIC,NORMAL,65,1950,1950,0,145,145,0.3,0.3,25.38024,38.28,1.028,1,0.0254,0,207.97,3.0245,-0.00962,1,0.18,4.628,0.7047,100,HEALTHY,F0,0,0,healthy,0,0,0,,,,,28,0
2026-08-19T15:48:53.629Z,1787154533629,FAN_DT_001_F1_S09_R01_20260819T154800,1,53.409,BASELINE,F1,0.9,FAN_DT_001,3.0,process-model-3.0.0-build3,7196,1,LIVE,SYNCHRONISED,AUTOMATIC,NORMAL,65,1950,1950,0,145,145,0.3,0.3,25.39627,38.29,1.028,1,0.0254,0,207.97,3.0841,-0.00972,1,0.18,4.672,0.7186,100,HEALTHY,F0,0,0,healthy,0,0,0,,,,,28,0
2026-08-19T15:48:54.659Z,1787154534659,FAN_DT_001_F1_S09_R01_20260819T154800,1,54.439,BASELINE,F1,0.9,FAN_DT_001,3.0,process-model-3.0.0-build3,7197,1,LIVE,SYNCHRONISED,AUTOMATIC,NORMAL,65,1950,1950,0,145,145,0.3,0.3,25.41196,38.3,1.028,1,0.0254,0,207.97,3.1432,-0.00983,1,0.18,4.727,0.7324,100,HEALTHY,F0,0,0,healthy,0,0,0,,,,,28,0
2026-08-19T15:48:55.682Z,1787154535682,FAN_DT_001_F1_S09_R01_20260819T154800,1,55.462,BASELINE,F1,0.9,FAN_DT_001,3.0,process-model-3.0.0-build3,7198,1,LIVE,SYNCHRONISED,AUTOMATIC,NORMAL,65,1950,1950,0,145,145,0.3,0.3,25.42756,38.31,1.028,1,0.0254,0,207.97,3.2027,-0.0099,1,0.18,4.76,0.7462,100,HEALTHY,F0,0,0,healthy,0,0,0,,,,,28,0
2026-08-19T15:48:56.714Z,1787154536714,FAN_DT_001_F1_S09_R01_20260819T154800,1,56.495,BASELINE,F1,0.9,FAN_DT_001,3.0,process-model-3.0.0-build3,7199,1,LIVE,SYNCHRONISED,AUTOMATIC,NORMAL,65,1950,1950,0,145,145,0.3,0.3,25.44285,38.32,1.028,1,0.0254,0,207.97,3.2619,-0.01,1,0.18,4.808,0.76,100,HEALTHY,F0,0,0,healthy,0,0,0,,,,,28,0
2026-08-19T15:48:57.744Z,1787154537744,FAN_DT_001_F1_S09_R01_20260819T154800,1,57.524,BASELINE,F1,0.9,FAN_DT_001,3.0,process-model-3.0.0-build3,7200,1,LIVE,SYNCHRONISED,AUTOMATIC,NORMAL,65,1950,1950,0,145,145,0.3,0.3,25.45796,38.33,1.028,1,0.0254,0,207.97,3.3213,-0.01008,1,0.18,4.848,0.7739,100,HEALTHY,F0,0,0,healthy,0,0,0,,,,,28,0
2026-08-19T15:48:58.770Z,1787154538770,FAN_DT_001_F1_S09_R01_20260819T154800,1,58.55,BASELINE,F1,0.9,FAN_DT_001,3.0,process-model-3.0.0-build3,7201,1,LIVE,SYNCHRONISED,AUTOMATIC,NORMAL,65,1950,1950,0,145,145,0.3,0.3,25.47284,38.34,1.028,1,0.0254,0,207.97,3.3808,-0.01014,1,0.18,4.877,0.7877,100,HEALTHY,F0,0,0,healthy,0,0,0,,,,,28,0
2026-08-19T15:48:59.807Z,1787154539807,FAN_DT_001_F1_S09_R01_20260819T154800,1,59.587,BASELINE,F1,0.9,FAN_DT_001,3.0,process-model-3.0.0-build3,7202,1,LIVE,SYNCHRONISED,AUTOMATIC,NORMAL,65,1950,1950,0,145,145,0.3,0.3,25.48742,38.35,1.028,1,0.0254,0,207.97,3.44,-0.01021,1,0.18,4.91,0.8015,100,HEALTHY,F0,0,0,healthy,0,0,0,,,,,28,0
2026-08-19T15:49:00.813Z,1787154540813,FAN_DT_001_F1_S09_R01_20260819T154800,1,60.593,FAULT_ACTIVE,F1,0.9,FAN_DT_001,3.0,process-model-3.0.0-build3,7203,1,LIVE,SYNCHRONISED,AUTOMATIC,NORMAL,65,1950,1950,0,145,145,0.3,0.48,25.50154,38.36,1.208,1.072,0.0808,0.054,244.42,3.5021,-0.01026,1,0.18,4.199,0.816,41.5,CRITICAL,F1,1,1,mechanical_imbalance,0.9,1,1,,,,,29,0
2026-08-19T15:49:01.850Z,1787154541850,FAN_DT_001_F1_S09_R01_20260819T154800,1,61.63,FAULT_ACTIVE,F1,0.9,FAN_DT_001,3.0,process-model-3.0.0-build3,7204,1,LIVE,SYNCHRONISED,AUTOMATIC,NORMAL,65,1950,1950,0,145,145,0.3,0.48,25.5157,38.37,1.208,1.072,0.0808,0.054,244.42,3.5722,-0.01035,1,0.18,4.233,0.8323,41.5,CRITICAL,F1,1,1,mechanical_imbalance,0.9,1,1,,,,,29,0
2026-08-19T15:49:02.889Z,1787154542889,FAN_DT_001_F1_S09_R01_20260819T154800,1,62.669,FAULT_ACTIVE,F1,0.9,FAN_DT_001,3.0,process-model-3.0.0-build3,7205,1,LIVE,SYNCHRONISED,AUTOMATIC,NORMAL,65,1950,1950,0,145,145,0.3,0.48,25.52964,38.38,1.208,1.072,0.0808,0.054,244.42,3.6425,-0.01039,1,0.18,4.252,0.8487,41.5,CRITICAL,F1,1,1,mechanical_imbalance,0.9,1,1,,,,,29,0
2026-08-19T15:49:03.925Z,1787154543925,FAN_DT_001_F1_S09_R01_20260819T154800,1,63.705,FAULT_ACTIVE,F1,0.9,FAN_DT_001,3.0,process-model-3.0.0-build3,7206,1,LIVE,SYNCHRONISED,AUTOMATIC,NORMAL,65,1950,1950,0,145,145,0.3,0.48,25.54331,38.4,1.208,1.072,0.0808,0.054,244.42,3.7129,-0.01043,1,0.18,4.268,0.8651,41.5,CRITICAL,F1,1,1,mechanical_imbalance,0.9,1,1,,,,,29,0
2026-08-19T15:49:04.960Z,1787154544960,FAN_DT_001_F1_S09_R01_20260819T154800,1,64.74,FAULT_ACTIVE,F1,0.9,FAN_DT_001,3.0,process-model-3.0.0-build3,7207,1,LIVE,SYNCHRONISED,AUTOMATIC,NORMAL,65,1950,1950,0,145,145,0.3,0.48,25.55662,38.41,1.208,1.072,0.0808,0.054,244.42,3.7829,-0.01048,1,0.18,4.289,0.8814,41.5,CRITICAL,F1,1,1,mechanical_imbalance,0.9,1,1,,,,,29,0
2026-08-19T15:49:05.993Z,1787154545993,FAN_DT_001_F1_S09_R01_20260819T154800,1,65.774,FAULT_ACTIVE,F1,0.9,FAN_DT_001,3.0,process-model-3.0.0-build3,7208,1,LIVE,SYNCHRONISED,AUTOMATIC,NORMAL,65,1950,1950,0,145,145,0.3,0.48,25.5697,38.42,1.208,1.072,0.0808,0.054,244.42,3.8532,-0.01051,1,0.18,4.298,0.8978,41.5,CRITICAL,F1,1,1,mechanical_imbalance,0.9,1,1,,,,,29,0
2026-08-19T15:49:07.028Z,1787154547028,FAN_DT_001_F1_S09_R01_20260819T154800,1,66.808,FAULT_ACTIVE,F1,0.9,FAN_DT_001,3.0,process-model-3.0.0-build3,7209,1,LIVE,SYNCHRONISED,AUTOMATIC,NORMAL,65,1950,1950,0,145,145,0.3,0.48,25.58242,38.43,1.208,1.072,0.0808,0.054,244.42,3.9233,-0.01055,1,0.18,4.316,0.9141,41.5,CRITICAL,F1,1,1,mechanical_imbalance,0.9,1,1,,,,,29,0
2026-08-19T15:49:08.063Z,1787154548063,FAN_DT_001_F1_S09_R01_20260819T154800,1,67.843,FAULT_ACTIVE,F1,0.9,FAN_DT_001,3.0,process-model-3.0.0-build3,7210,1,LIVE,SYNCHRONISED,AUTOMATIC,NORMAL,65,1950,1950,0,145,145,0.3,0.48,25.59484,38.44,1.208,1.072,0.0808,0.054,244.42,3.9933,-0.01057,1,0.18,4.326,0.9304,41.5,CRITICAL,F1,1,1,mechanical_imbalance,0.9,1,1,,,,,29,0
2026-08-19T15:49:09.095Z,1787154549095,FAN_DT_001_F1_S09_R01_20260819T154800,1,68.875,FAULT_ACTIVE,F1,0.9,FAN_DT_001,3.0,process-model-3.0.0-build3,7211,1,LIVE,SYNCHRONISED,AUTOMATIC,NORMAL,65,1950,1950,0,145,145,0.3,0.48,25.60699,38.45,1.208,1.072,0.0808,0.054,244.42,4.0636,-0.0106,1,0.18,4.335,0.9468,41.5,CRITICAL,F1,1,1,mechanical_imbalance,0.9,1,1,,,,,29,0
2026-08-19T15:49:10.171Z,1787154550171,FAN_DT_001_F1_S09_R01_20260819T154800,1,69.951,FAULT_ACTIVE,F1,0.9,FAN_DT_001,3.0,process-model-3.0.0-build3,7212,1,LIVE,SYNCHRONISED,AUTOMATIC,NORMAL,65,1950,1950,0,145,145,0.3,0.48,25.61879,38.46,1.208,1.072,0.0808,0.054,244.42,4.1337,-0.01061,1,0.18,4.339,0.9632,41.5,CRITICAL,F1,1,1,mechanical_imbalance,0.9,1,1,,,,,29,0
2026-08-19T15:49:11.183Z,1787154551183,FAN_DT_001_F1_S09_R01_20260819T154800,1,70.963,FAULT_ACTIVE,F1,0.9,FAN_DT_001,3.0,process-model-3.0.0-build3,7213,1,LIVE,SYNCHRONISED,AUTOMATIC,NORMAL,65,1950,1950,0,145,145,0.3,0.48,25.6303,38.47,1.208,1.072,0.0808,0.054,244.42,4.2041,-0.0106,1,0.18,4.335,0.9796,41.5,CRITICAL,F1,1,1,mechanical_imbalance,0.9,1,1,,,,,29,0
2026-08-19T15:49:12.305Z,1787154552305,FAN_DT_001_F1_S09_R01_20260819T154800,1,72.085,FAULT_ACTIVE,F1,0.9,FAN_DT_001,3.0,process-model-3.0.0-build3,7214,1,LIVE,SYNCHRONISED,AUTOMATIC,NORMAL,65,1950,1950,0,145,145,0.3,0.48,25.64142,38.48,1.208,1.072,0.0808,0.054,244.42,4.2741,-0.01061,1,0.18,4.339,0.9959,41.5,CRITICAL,F1,1,1,mechanical_imbalance,0.9,1,1,,,,,29,0
2026-08-19T15:49:13.240Z,1787154553240,FAN_DT_001_F1_S09_R01_20260819T154800,1,73.02,FAULT_ACTIVE,F1,0.9,FAN_DT_001,3.0,process-model-3.0.0-build3,7215,1,LIVE,SYNCHRONISED,AUTOMATIC,NORMAL,65,1950,1950,0,145,145,0.3,0.48,25.6522,38.49,1.208,1.072,0.0808,0.054,244.42,4.3441,-0.0106,1,0.18,4.335,1.0122,41.5,CRITICAL,F1,1,1,mechanical_imbalance,0.9,1,1,,,,,29,0
2026-08-19T15:49:14.270Z,1787154554270,FAN_DT_001_F1_S09_R01_20260819T154800,1,74.05,FAULT_ACTIVE,F1,0.9,FAN_DT_001,3.0,process-model-3.0.0-build3,7216,1,LIVE,SYNCHRONISED,AUTOMATIC,NORMAL,65,1950,1950,0,145,145,0.3,0.48,25.66269,38.5,1.208,1.072,0.0808,0.054,244.42,4.4143,-0.0106,1,0.18,4.338,1.0285,41.5,CRITICAL,F1,1,1,mechanical_imbalance,0.9,1,1,,,,,29,0
2026-08-19T15:49:15.308Z,1787154555308,FAN_DT_001_F1_S09_R01_20260819T154800,1,75.088,FAULT_ACTIVE,F1,0.9,FAN_DT_001,3.0,process-model-3.0.0-build3,7217,1,LIVE,SYNCHRONISED,AUTOMATIC,NORMAL,65,1950,1950,0,145,145,0.3,0.48,25.67278,38.52,1.208,1.072,0.0808,0.054,244.42,4.4843,-0.01058,1,0.18,4.327,1.0449,41.5,CRITICAL,F1,1,1,mechanical_imbalance,0.9,1,1,,,,,29,0
2026-08-19T15:49:16.339Z,1787154556339,FAN_DT_001_F1_S09_R01_20260819T154800,1,76.119,FAULT_ACTIVE,F1,0.9,FAN_DT_001,3.0,process-model-3.0.0-build3,7218,1,LIVE,SYNCHRONISED,AUTOMATIC,NORMAL,65,1950,1950,0,145,145,0.3,0.48,25.68253,38.53,1.208,1.072,0.0808,0.054,244.42,4.5544,-0.01057,1,0.18,4.323,1.0612,41.5,CRITICAL,F1,1,1,mechanical_imbalance,0.9,1,1,,,,,29,0
2026-08-19T15:49:17.373Z,1787154557373,FAN_DT_001_F1_S09_R01_20260819T154800,1,77.153,FAULT_ACTIVE,F1,0.9,FAN_DT_001,3.0,process-model-3.0.0-build3,7219,1,LIVE,SYNCHRONISED,AUTOMATIC,NORMAL,65,1950,1950,0,145,145,0.3,0.48,25.69194,38.54,1.208,1.072,0.0808,0.054,244.42,4.6247,-0.01054,1,0.18,4.313,1.0776,41.5,CRITICAL,F1,1,1,mechanical_imbalance,0.9,1,1,,,,,29,0
2026-08-19T15:49:18.412Z,1787154558412,FAN_DT_001_F1_S09_R01_20260819T154800,1,78.192,FAULT_ACTIVE,F1,0.9,FAN_DT_001,3.0,process-model-3.0.0-build3,7220,1,LIVE,SYNCHRONISED,AUTOMATIC,NORMAL,65,1950,1950,0,145,145,0.3,0.48,25.70097,38.55,1.208,1.072,0.0808,0.054,244.42,4.6948,-0.01051,1,0.18,4.298,1.0939,41.5,CRITICAL,F1,1,1,mechanical_imbalance,0.9,1,1,,,,,29,0
2026-08-19T15:49:19.454Z,1787154559454,FAN_DT_001_F1_S09_R01_20260819T154800,1,79.234,FAULT_ACTIVE,F1,0.9,FAN_DT_001,3.0,process-model-3.0.0-build3,7221,1,LIVE,SYNCHRONISED,AUTOMATIC,NORMAL,65,1950,1950,0,145,145,0.3,0.48,25.70966,38.56,1.208,1.072,0.0808,0.054,244.42,4.7651,-0.01047,1,0.18,4.286,1.1103,41.5,CRITICAL,F1,1,1,mechanical_imbalance,0.9,1,1,,,,,29,0
2026-08-19T15:49:20.482Z,1787154560482,FAN_DT_001_F1_S09_R01_20260819T154800,1,80.262,FAULT_ACTIVE,F1,0.9,FAN_DT_001,3.0,process-model-3.0.0-build3,7222,1,LIVE,SYNCHRONISED,AUTOMATIC,NORMAL,65,1950,1950,0,145,145,0.3,0.48,25.71795,38.57,1.208,1.072,0.0808,0.054,244.42,4.8352,-0.01043,1,0.18,4.268,1.1266,41.5,CRITICAL,F1,1,1,mechanical_imbalance,0.9,1,1,,,,,29,0
2026-08-19T15:49:21.521Z,1787154561521,FAN_DT_001_F1_S09_R01_20260819T154800,1,81.301,FAULT_ACTIVE,F1,0.9,FAN_DT_001,3.0,process-model-3.0.0-build3,7223,1,LIVE,SYNCHRONISED,AUTOMATIC,NORMAL,65,1950,1950,0,145,145,0.3,0.48,25.72588,38.58,1.208,1.072,0.0808,0.054,244.42,4.9055,-0.01039,1,0.18,4.252,1.143,41.5,CRITICAL,F1,1,1,mechanical_imbalance,0.9,1,1,,,,,29,0
2026-08-19T15:49:22.554Z,1787154562554,FAN_DT_001_F1_S09_R01_20260819T154800,1,82.334,FAULT_ACTIVE,F1,0.9,FAN_DT_001,3.0,process-model-3.0.0-build3,7224,1,LIVE,SYNCHRONISED,AUTOMATIC,NORMAL,65,1950,1950,0,145,145,0.3,0.48,25.73343,38.59,1.208,1.072,0.0808,0.054,244.42,4.9759,-0.01034,1,0.18,4.231,1.1594,41.5,CRITICAL,F1,1,1,mechanical_imbalance,0.9,1,1,,,,,29,0
2026-08-19T15:49:23.592Z,1787154563592,FAN_DT_001_F1_S09_R01_20260819T154800,1,83.372,FAULT_ACTIVE,F1,0.9,FAN_DT_001,3.0,process-model-3.0.0-build3,7225,1,LIVE,SYNCHRONISED,AUTOMATIC,NORMAL,65,1950,1950,0,145,145,0.3,0.48,25.74056,38.6,1.208,1.072,0.0808,0.054,244.42,5.0459,-0.01028,1,0.18,4.205,1.1757,41.5,CRITICAL,F1,1,1,mechanical_imbalance,0.9,1,1,,,,,29,0
2026-08-19T15:49:24.625Z,1787154564625,FAN_DT_001_F1_S09_R01_20260819T154800,1,84.405,FAULT_ACTIVE,F1,0.9,FAN_DT_001,3.0,process-model-3.0.0-build3,7226,1,LIVE,SYNCHRONISED,AUTOMATIC,NORMAL,65,1950,1950,0,145,145,0.3,0.48,25.74734,38.61,1.208,1.072,0.0808,0.054,244.42,5.1163,-0.0102,1,0.18,4.174,1.1921,41.5,CRITICAL,F1,1,1,mechanical_imbalance,0.9,1,1,,,,,29,0
2026-08-19T15:49:25.662Z,1787154565662,FAN_DT_001_F1_S09_R01_20260819T154800,1,85.442,FAULT_ACTIVE,F1,0.9,FAN_DT_001,3.0,process-model-3.0.0-build3,7227,1,LIVE,SYNCHRONISED,AUTOMATIC,NORMAL,65,1950,1950,0,145,145,0.3,0.48,25.75368,38.62,1.208,1.072,0.0808,0.054,244.42,5.1863,-0.01014,1,0.18,4.15,1.2084,41.5,CRITICAL,F1,1,1,mechanical_imbalance,0.9,1,1,,,,,29,0
2026-08-19T15:49:26.697Z,1787154566697,FAN_DT_001_F1_S09_R01_20260819T154800,1,86.477,FAULT_ACTIVE,F1,0.9,FAN_DT_001,3.0,process-model-3.0.0-build3,7228,1,LIVE,SYNCHRONISED,AUTOMATIC,NORMAL,65,1950,1950,0,145,145,0.3,0.48,25.75966,38.63,1.208,1.072,0.0808,0.054,244.42,5.2567,-0.01008,1,0.18,4.125,1.2248,41.5,CRITICAL,F1,1,1,mechanical_imbalance,0.9,1,1,,,,,29,0
2026-08-19T15:49:27.742Z,1787154567742,FAN_DT_001_F1_S09_R01_20260819T154800,1,87.522,FAULT_ACTIVE,F1,0.9,FAN_DT_001,3.0,process-model-3.0.0-build3,7229,1,LIVE,SYNCHRONISED,AUTOMATIC,NORMAL,65,1950,1950,0,145,145,0.3,0.48,25.76522,38.64,1.208,1.072,0.0808,0.054,244.42,5.3268,-0.01,1,0.18,4.091,1.2411,41.5,CRITICAL,F1,1,1,mechanical_imbalance,0.9,1,1,,,,,29,0
2026-08-19T15:49:28.768Z,1787154568768,FAN_DT_001_F1_S09_R01_20260819T154800,1,88.548,FAULT_ACTIVE,F1,0.9,FAN_DT_001,3.0,process-model-3.0.0-build3,7230,1,LIVE,SYNCHRONISED,AUTOMATIC,NORMAL,65,1950,1950,0,145,145,0.3,0.48,25.77037,38.65,1.208,1.072,0.0808,0.054,244.42,5.397,-0.0099,1,0.18,4.05,1.2575,41.5,CRITICAL,F1,1,1,mechanical_imbalance,0.9,1,1,,,,,29,0
2026-08-19T15:49:29.802Z,1787154569802,FAN_DT_001_F1_S09_R01_20260819T154800,1,89.582,FAULT_ACTIVE,F1,0.9,FAN_DT_001,3.0,process-model-3.0.0-build3,7231,1,LIVE,SYNCHRONISED,AUTOMATIC,NORMAL,65,1950,1950,0,145,145,0.3,0.48,25.77513,38.66,1.208,1.072,0.0808,0.054,244.42,5.4673,-0.00981,1,0.18,4.015,1.2739,41.5,CRITICAL,F1,1,1,mechanical_imbalance,0.9,1,1,,,,,29,0
2026-08-19T15:49:30.837Z,1787154570837,FAN_DT_001_F1_S09_R01_20260819T154800,1,90.617,FAULT_ACTIVE,F1,0.9,FAN_DT_001,3.0,process-model-3.0.0-build3,7232,1,LIVE,SYNCHRONISED,AUTOMATIC,NORMAL,65,1950,1950,0,145,145,0.3,0.48,25.77945,38.67,1.208,1.072,0.0808,0.054,244.42,5.537,-0.00972,1,0.18,3.976,1.2901,41.5,CRITICAL,F1,1,1,mechanical_imbalance,0.9,1,1,,,,,29,0
2026-08-19T15:49:31.869Z,1787154571869,FAN_DT_001_F1_S09_R01_20260819T154800,1,91.648,FAULT_ACTIVE,F1,0.9,FAN_DT_001,3.0,process-model-3.0.0-build3,7233,1,LIVE,SYNCHRONISED,AUTOMATIC,NORMAL,65,1950,1950,0,145,145,0.3,0.48,25.78339,38.68,1.208,1.072,0.0808,0.054,244.42,5.6074,-0.00961,1,0.18,3.933,1.3065,41.5,CRITICAL,F1,1,1,mechanical_imbalance,0.9,1,1,,,,,29,0
2026-08-19T15:49:32.906Z,1787154572906,FAN_DT_001_F1_S09_R01_20260819T154800,1,92.686,FAULT_ACTIVE,F1,0.9,FAN_DT_001,3.0,process-model-3.0.0-build3,7234,1,LIVE,SYNCHRONISED,AUTOMATIC,NORMAL,65,1950,1950,0,145,145,0.3,0.48,25.78689,38.69,1.208,1.072,0.0808,0.054,244.42,5.6773,-0.00951,1,0.18,3.89,1.3228,41.5,CRITICAL,F1,1,1,mechanical_imbalance,0.9,1,1,,,,,29,0
2026-08-19T15:49:33.940Z,1787154573940,FAN_DT_001_F1_S09_R01_20260819T154800,1,93.72,FAULT_ACTIVE,F1,0.9,FAN_DT_001,3.0,process-model-3.0.0-build3,7235,1,LIVE,SYNCHRONISED,AUTOMATIC,NORMAL,65,1950,1950,0,145,145,0.3,0.48,25.79001,38.7,1.208,1.072,0.0808,0.054,244.42,5.7478,-0.00938,1,0.18,3.84,1.3392,41.5,CRITICAL,F1,1,1,mechanical_imbalance,0.9,1,1,,,,,29,0
2026-08-19T15:49:34.976Z,1787154574976,FAN_DT_001_F1_S09_R01_20260819T154800,1,94.755,FAULT_ACTIVE,F1,0.9,FAN_DT_001,3.0,process-model-3.0.0-build3,7236,1,LIVE,SYNCHRONISED,AUTOMATIC,NORMAL,65,1950,1950,0,145,145,0.3,0.48,25.79269,38.71,1.208,1.072,0.0808,0.054,244.42,5.8177,-0.00928,1,0.18,3.796,1.3555,41.5,CRITICAL,F1,1,1,mechanical_imbalance,0.9,1,1,,,,,29,0
2026-08-19T15:49:36.011Z,1787154576011,FAN_DT_001_F1_S09_R01_20260819T154800,1,95.791,FAULT_ACTIVE,F1,0.9,FAN_DT_001,3.0,process-model-3.0.0-build3,7237,1,LIVE,SYNCHRONISED,AUTOMATIC,NORMAL,65,1950,1950,0,145,145,0.3,0.48,25.79496,38.72,1.208,1.072,0.0808,0.054,244.42,5.888,-0.00917,1,0.18,3.753,1.3719,41.5,CRITICAL,F1,1,1,mechanical_imbalance,0.9,1,1,,,,,29,0
2026-08-19T15:49:37.044Z,1787154577044,FAN_DT_001_F1_S09_R01_20260819T154800,1,96.824,FAULT_ACTIVE,F1,0.9,FAN_DT_001,3.0,process-model-3.0.0-build3,7238,1,LIVE,SYNCHRONISED,AUTOMATIC,NORMAL,65,1950,1950,0,145,145,0.3,0.48,25.79681,38.73,1.208,1.072,0.0808,0.054,244.42,5.9582,-0.00904,1,0.18,3.701,1.3883,41.5,CRITICAL,F1,1,1,mechanical_imbalance,0.9,1,1,,,,,29,0
2026-08-19T15:49:38.086Z,1787154578086,FAN_DT_001_F1_S09_R01_20260819T154800,1,97.866,FAULT_ACTIVE,F1,0.9,FAN_DT_001,3.0,process-model-3.0.0-build3,7239,1,LIVE,SYNCHRONISED,AUTOMATIC,NORMAL,65,1950,1950,0,145,145,0.3,0.48,25.79824,38.74,1.208,1.072,0.0808,0.054,244.42,6.0283,-0.00892,1,0.18,3.65,1.4046,41.5,CRITICAL,F1,1,1,mechanical_imbalance,0.9,1,1,,,,,29,0
2026-08-19T15:49:39.114Z,1787154579114,FAN_DT_001_F1_S09_R01_20260819T154800,1,98.894,FAULT_ACTIVE,F1,0.9,FAN_DT_001,3.0,process-model-3.0.0-build3,7240,1,LIVE,SYNCHRONISED,AUTOMATIC,NORMAL,65,1950,1950,0,145,145,0.3,0.48,25.79925,38.75,1.208,1.072,0.0808,0.054,244.42,6.0985,-0.00878,1,0.18,3.592,1.421,41.5,CRITICAL,F1,1,1,mechanical_imbalance,0.9,1,1,,,,,29,0
2026-08-19T15:49:40.155Z,1787154580155,FAN_DT_001_F1_S09_R01_20260819T154800,1,99.934,FAULT_ACTIVE,F1,0.9,FAN_DT_001,3.0,process-model-3.0.0-build3,7241,1,LIVE,SYNCHRONISED,AUTOMATIC,NORMAL,65,1950,1950,0,145,145,0.3,0.48,25.79983,38.76,1.208,1.072,0.0808,0.054,244.42,6.1687,-0.00863,1,0.18,3.532,1.4373,41.5,CRITICAL,F1,1,1,mechanical_imbalance,0.9,1,1,,,,,29,0
2026-08-19T15:49:41.191Z,1787154581191,FAN_DT_001_F1_S09_R01_20260819T154800,1,100.971,FAULT_ACTIVE,F1,0.9,FAN_DT_001,3.0,process-model-3.0.0-build3,7242,1,LIVE,SYNCHRONISED,AUTOMATIC,NORMAL,65,1950,1950,0,145,145,0.3,0.48,25.8,38.77,1.208,1.072,0.0808,0.054,244.42,6.2391,-0.00848,1,0.18,3.468,1.4537,41.5,CRITICAL,F1,1,1,mechanical_imbalance,0.9,1,1,,,,,29,0
2026-08-19T15:49:42.222Z,1787154582222,FAN_DT_001_F1_S09_R01_20260819T154800,1,102.002,FAULT_ACTIVE,F1,0.9,FAN_DT_001,3.0,process-model-3.0.0-build3,7243,1,LIVE,SYNCHRONISED,AUTOMATIC,NORMAL,65,1950,1950,0,145,145,0.3,0.48,25.79974,38.78,1.208,1.072,0.0808,0.054,244.42,6.3092,-0.00835,1,0.18,3.416,1.47,41.5,CRITICAL,F1,1,1,mechanical_imbalance,0.9,1,1,,,,,29,0
2026-08-19T15:49:43.258Z,1787154583258,FAN_DT_001_F1_S09_R01_20260819T154800,1,103.038,FAULT_ACTIVE,F1,0.9,FAN_DT_001,3.0,process-model-3.0.0-build3,7244,1,LIVE,SYNCHRONISED,AUTOMATIC,NORMAL,65,1950,1950,0,145,145,0.3,0.48,25.79906,38.79,1.208,1.072,0.0808,0.054,244.42,6.3791,-0.00819,1,0.18,3.35,1.4863,41.5,CRITICAL,F1,1,1,mechanical_imbalance,0.9,1,1,,,,,29,0
2026-08-19T15:49:44.290Z,1787154584290,FAN_DT_001_F1_S09_R01_20260819T154800,1,104.07,FAULT_ACTIVE,F1,0.9,FAN_DT_001,3.0,process-model-3.0.0-build3,7245,1,LIVE,SYNCHRONISED,AUTOMATIC,NORMAL,65,1950,1950,0,145,145,0.3,0.48,25.79796,38.8,1.208,1.072,0.0808,0.054,244.42,6.4494,-0.00802,1,0.18,3.282,1.5027,41.5,CRITICAL,F1,1,1,mechanical_imbalance,0.9,1,1,,,,,29,0
2026-08-19T15:49:45.323Z,1787154585323,FAN_DT_001_F1_S09_R01_20260819T154800,1,105.103,FAULT_ACTIVE,F1,0.9,FAN_DT_001,3.0,process-model-3.0.0-build3,7246,1,LIVE,SYNCHRONISED,AUTOMATIC,NORMAL,65,1950,1950,0,145,145,0.3,0.48,25.79645,38.8,1.208,1.072,0.0808,0.054,244.42,6.5191,-0.00786,1,0.18,3.217,1.519,41.5,CRITICAL,F1,1,1,mechanical_imbalance,0.9,1,1,,,,,29,0
2026-08-19T15:49:46.354Z,1787154586354,FAN_DT_001_F1_S09_R01_20260819T154800,1,106.134,FAULT_ACTIVE,F1,0.9,FAN_DT_001,3.0,process-model-3.0.0-build3,7247,1,LIVE,SYNCHRONISED,AUTOMATIC,NORMAL,65,1950,1950,0,145,145,0.3,0.48,25.7945,38.81,1.208,1.072,0.0808,0.054,244.42,6.5893,-0.00772,1,0.18,3.158,1.5353,41.5,CRITICAL,F1,1,1,mechanical_imbalance,0.9,1,1,,,,,29,0
2026-08-19T15:49:47.390Z,1787154587390,FAN_DT_001_F1_S09_R01_20260819T154800,1,107.17,FAULT_ACTIVE,F1,0.9,FAN_DT_001,3.0,process-model-3.0.0-build3,7248,1,LIVE,SYNCHRONISED,AUTOMATIC,NORMAL,65,1950,1950,0,145,145,0.3,0.48,25.79216,38.82,1.208,1.072,0.0808,0.054,244.42,6.6592,-0.00754,1,0.18,3.086,1.5516,41.5,CRITICAL,F1,1,1,mechanical_imbalance,0.9,1,1,,,,,29,0
2026-08-19T15:49:48.428Z,1787154588428,FAN_DT_001_F1_S09_R01_20260819T154800,1,108.208,FAULT_ACTIVE,F1,0.9,FAN_DT_001,3.0,process-model-3.0.0-build3,7249,1,LIVE,SYNCHRONISED,AUTOMATIC,NORMAL,65,1950,1950,0,145,145,0.3,0.48,25.78937,38.83,1.208,1.072,0.0808,0.054,244.42,6.7298,-0.00736,1,0.18,3.01,1.568,41.5,CRITICAL,F1,1,1,mechanical_imbalance,0.9,1,1,,,,,29,0
2026-08-19T15:49:49.466Z,1787154589466,FAN_DT_001_F1_S09_R01_20260819T154800,1,109.246,FAULT_ACTIVE,F1,0.9,FAN_DT_001,3.0,process-model-3.0.0-build3,7250,1,LIVE,SYNCHRONISED,AUTOMATIC,NORMAL,65,1950,1950,0,145,145,0.3,0.48,25.78617,38.83,1.208,1.072,0.0808,0.054,244.42,6.7999,-0.0072,1,0.18,2.944,1.5844,41.5,CRITICAL,F1,1,1,mechanical_imbalance,0.9,1,1,,,,,29,0
2026-08-19T15:49:50.498Z,1787154590498,FAN_DT_001_F1_S09_R01_20260819T154800,1,110.278,FAULT_ACTIVE,F1,0.9,FAN_DT_001,3.0,process-model-3.0.0-build3,7251,1,LIVE,SYNCHRONISED,AUTOMATIC,NORMAL,65,1950,1950,0,145,145,0.3,0.48,25.78257,38.84,1.208,1.072,0.0808,0.054,244.42,6.8699,-0.00699,1,0.18,2.861,1.6007,41.5,CRITICAL,F1,1,1,mechanical_imbalance,0.9,1,1,,,,,29,0
2026-08-19T15:49:51.533Z,1787154591533,FAN_DT_001_F1_S09_R01_20260819T154800,1,111.313,FAULT_ACTIVE,F1,0.9,FAN_DT_001,3.0,process-model-3.0.0-build3,7252,1,LIVE,SYNCHRONISED,AUTOMATIC,NORMAL,65,1950,1950,0,145,145,0.3,0.48,25.77854,38.85,1.208,1.072,0.0808,0.054,244.42,6.9403,-0.00683,1,0.18,2.795,1.6171,41.5,CRITICAL,F1,1,1,mechanical_imbalance,0.9,1,1,,,,,29,0
2026-08-19T15:49:52.569Z,1787154592569,FAN_DT_001_F1_S09_R01_20260819T154800,1,112.35,FAULT_ACTIVE,F1,0.9,FAN_DT_001,3.0,process-model-3.0.0-build3,7253,1,LIVE,SYNCHRONISED,AUTOMATIC,NORMAL,65,1950,1950,0,145,145,0.3,0.48,25.77412,38.86,1.208,1.072,0.0808,0.054,244.42,7.0103,-0.00662,1,0.18,2.71,1.6334,41.5,CRITICAL,F1,1,1,mechanical_imbalance,0.9,1,1,,,,,29,0
2026-08-19T15:49:53.602Z,1787154593602,FAN_DT_001_F1_S09_R01_20260819T154800,1,113.382,FAULT_ACTIVE,F1,0.9,FAN_DT_001,3.0,process-model-3.0.0-build3,7254,1,LIVE,SYNCHRONISED,AUTOMATIC,NORMAL,65,1950,1950,0,145,145,0.3,0.48,25.76927,38.86,1.208,1.072,0.0808,0.054,244.42,7.0806,-0.00645,1,0.18,2.638,1.6498,41.5,CRITICAL,F1,1,1,mechanical_imbalance,0.9,1,1,,,,,29,0
2026-08-19T15:49:54.636Z,1787154594636,FAN_DT_001_F1_S09_R01_20260819T154800,1,114.417,FAULT_ACTIVE,F1,0.9,FAN_DT_001,3.0,process-model-3.0.0-build3,7255,1,LIVE,SYNCHRONISED,AUTOMATIC,NORMAL,65,1950,1950,0,145,145,0.3,0.48,25.76406,38.87,1.208,1.072,0.0808,0.054,244.42,7.1504,-0.00623,1,0.18,2.55,1.666,41.5,CRITICAL,F1,1,1,mechanical_imbalance,0.9,1,1,,,,,29,0
2026-08-19T15:49:55.668Z,1787154595668,FAN_DT_001_F1_S09_R01_20260819T154800,1,115.448,FAULT_ACTIVE,F1,0.9,FAN_DT_001,3.0,process-model-3.0.0-build3,7256,1,LIVE,SYNCHRONISED,AUTOMATIC,NORMAL,65,1950,1950,0,145,145,0.3,0.48,25.75839,38.88,1.208,1.072,0.0808,0.054,244.42,7.2207,-0.00605,1,0.18,2.477,1.6824,41.5,CRITICAL,F1,1,1,mechanical_imbalance,0.9,1,1,,,,,29,0
2026-08-19T15:49:56.706Z,1787154596706,FAN_DT_001_F1_S09_R01_20260819T154800,1,116.486,FAULT_ACTIVE,F1,0.9,FAN_DT_001,3.0,process-model-3.0.0-build3,7257,1,LIVE,SYNCHRONISED,AUTOMATIC,NORMAL,65,1950,1950,0,145,145,0.3,0.48,25.75236,38.88,1.208,1.072,0.0808,0.054,244.42,7.2907,-0.00584,1,0.18,2.389,1.6987,41.5,CRITICAL,F1,1,1,mechanical_imbalance,0.9,1,1,,,,,29,0
2026-08-19T15:49:57.739Z,1787154597739,FAN_DT_001_F1_S09_R01_20260819T154800,1,117.519,FAULT_ACTIVE,F1,0.9,FAN_DT_001,3.0,process-model-3.0.0-build3,7258,1,LIVE,SYNCHRONISED,AUTOMATIC,NORMAL,65,1950,1950,0,145,145,0.3,0.48,25.7459,38.89,1.208,1.072,0.0808,0.054,244.42,7.3611,-0.00563,1,0.18,2.304,1.7151,41.5,CRITICAL,F1,1,1,mechanical_imbalance,0.9,1,1,,,,,29,0
2026-08-19T15:49:58.777Z,1787154598777,FAN_DT_001_F1_S09_R01_20260819T154800,1,118.557,FAULT_ACTIVE,F1,0.9,FAN_DT_001,3.0,process-model-3.0.0-build3,7259,1,LIVE,SYNCHRONISED,AUTOMATIC,NORMAL,65,1950,1950,0,145,145,0.3,0.48,25.73907,38.89,1.208,1.072,0.0808,0.054,244.42,7.4312,-0.00543,1,0.18,2.223,1.7315,41.5,CRITICAL,F1,1,1,mechanical_imbalance,0.9,1,1,,,,,29,0
2026-08-19T15:49:59.848Z,1787154599848,FAN_DT_001_F1_S09_R01_20260819T154800,1,119.628,FAULT_ACTIVE,F1,0.9,FAN_DT_001,3.0,process-model-3.0.0-build3,7260,1,LIVE,SYNCHRONISED,AUTOMATIC,NORMAL,65,1950,1950,0,145,145,0.3,0.48,25.73182,38.9,1.208,1.072,0.0808,0.054,244.42,7.5016,-0.00521,1,0.18,2.13,1.7479,41.5,CRITICAL,F1,1,1,mechanical_imbalance,0.9,1,1,,,,,29,0
2026-08-19T15:50:00.855Z,1787154600855,FAN_DT_001_F1_S09_R01_20260819T154800,1,120.635,FAULT_ACTIVE,F1,0.9,FAN_DT_001,3.0,process-model-3.0.0-build3,7261,1,LIVE,SYNCHRONISED,AUTOMATIC,NORMAL,65,1950,1950,0,145,145,0.3,0.48,25.7242,38.9,1.208,1.072,0.0808,0.054,244.42,7.5718,-0.005,1,0.18,2.046,1.7642,41.5,CRITICAL,F1,1,1,mechanical_imbalance,0.9,1,1,,,,,29,0
2026-08-19T15:50:01.872Z,1787154601872,FAN_DT_001_F1_S09_R01_20260819T154800,1,121.652,FAULT_ACTIVE,F1,0.9,FAN_DT_001,3.0,process-model-3.0.0-build3,7262,1,LIVE,SYNCHRONISED,AUTOMATIC,NORMAL,65,1950,1950,0,145,145,0.3,0.48,25.71631,38.91,1.208,1.072,0.0808,0.054,244.42,7.641,-0.00478,1,0.18,1.954,1.7804,41.5,CRITICAL,F1,1,1,mechanical_imbalance,0.9,1,1,,,,,29,0
2026-08-19T15:50:02.907Z,1787154602907,FAN_DT_001_F1_S09_R01_20260819T154800,1,122.687,FAULT_ACTIVE,F1,0.9,FAN_DT_001,3.0,process-model-3.0.0-build3,7263,1,LIVE,SYNCHRONISED,AUTOMATIC,NORMAL,65,1950,1950,0,145,145,0.3,0.48,25.7079,38.91,1.208,1.072,0.0808,0.054,244.42,7.7115,-0.00458,1,0.18,1.873,1.7968,41.5,CRITICAL,F1,1,1,mechanical_imbalance,0.9,1,1,,,,,29,0
2026-08-19T15:50:03.951Z,1787154603951,FAN_DT_001_F1_S09_R01_20260819T154800,1,123.731,FAULT_ACTIVE,F1,0.9,FAN_DT_001,3.0,process-model-3.0.0-build3,7264,1,LIVE,SYNCHRONISED,AUTOMATIC,NORMAL,65,1950,1950,0,145,145,0.3,0.48,25.69919,38.92,1.208,1.072,0.0808,0.054,244.42,7.7814,-0.00435,1,0.18,1.78,1.8131,41.5,CRITICAL,F1,1,1,mechanical_imbalance,0.9,1,1,,,,,29,0
2026-08-19T15:50:04.978Z,1787154604978,FAN_DT_001_F1_S09_R01_20260819T154800,1,124.758,FAULT_ACTIVE,F1,0.9,FAN_DT_001,3.0,process-model-3.0.0-build3,7265,1,LIVE,SYNCHRONISED,AUTOMATIC,NORMAL,65,1950,1950,0,145,145,0.3,0.48,25.69004,38.92,1.208,1.072,0.0808,0.054,244.42,7.8519,-0.00412,1,0.18,1.684,1.8295,41.5,CRITICAL,F1,1,1,mechanical_imbalance,0.9,1,1,,,,,29,0
2026-08-19T15:50:06.019Z,1787154606019,FAN_DT_001_F1_S09_R01_20260819T154800,1,125.799,FAULT_ACTIVE,F1,0.9,FAN_DT_001,3.0,process-model-3.0.0-build3,7266,1,LIVE,SYNCHRONISED,AUTOMATIC,NORMAL,65,1950,1950,0,145,145,0.3,0.48,25.68057,38.93,1.208,1.072,0.0808,0.054,244.42,7.922,-0.0039,1,0.18,1.596,1.8458,41.5,CRITICAL,F1,1,1,mechanical_imbalance,0.9,1,1,,,,,29,0
2026-08-19T15:50:07.054Z,1787154607054,FAN_DT_001_F1_S09_R01_20260819T154800,1,126.834,FAULT_ACTIVE,F1,0.9,FAN_DT_001,3.0,process-model-3.0.0-build3,7267,1,LIVE,SYNCHRONISED,AUTOMATIC,NORMAL,65,1950,1950,0,145,145,0.3,0.48,25.67069,38.93,1.208,1.072,0.0808,0.054,244.42,7.9924,-0.00366,1,0.18,1.499,1.8622,41.5,CRITICAL,F1,1,1,mechanical_imbalance,0.9,1,1,,,,,29,0
2026-08-19T15:50:08.092Z,1787154608092,FAN_DT_001_F1_S09_R01_20260819T154800,1,127.872,FAULT_ACTIVE,F1,0.9,FAN_DT_001,3.0,process-model-3.0.0-build3,7268,1,LIVE,SYNCHRONISED,AUTOMATIC,NORMAL,65,1950,1950,0,145,145,0.3,0.48,25.66051,38.93,1.208,1.072,0.0808,0.054,244.42,8.0625,-0.00344,1,0.18,1.406,1.8786,41.5,CRITICAL,F1,1,1,mechanical_imbalance,0.9,1,1,,,,,29,0
2026-08-19T15:50:09.121Z,1787154609121,FAN_DT_001_F1_S09_R01_20260819T154800,1,128.901,FAULT_ACTIVE,F1,0.9,FAN_DT_001,3.0,process-model-3.0.0-build3,7269,1,LIVE,SYNCHRONISED,AUTOMATIC,NORMAL,65,1950,1950,0,145,145,0.3,0.48,25.64997,38.94,1.208,1.072,0.0808,0.054,244.42,8.1328,-0.00321,1,0.18,1.313,1.8949,41.5,CRITICAL,F1,1,1,mechanical_imbalance,0.9,1,1,,,,,29,0
2026-08-19T15:50:10.157Z,1787154610157,FAN_DT_001_F1_S09_R01_20260819T154800,1,129.937,FAULT_ACTIVE,F1,0.9,FAN_DT_001,3.0,process-model-3.0.0-build3,7270,1,LIVE,SYNCHRONISED,AUTOMATIC,NORMAL,65,1950,1950,0,145,145,0.3,0.48,25.63913,38.94,1.208,1.072,0.0808,0.054,244.42,8.2026,-0.00298,1,0.18,1.218,1.9112,41.5,CRITICAL,F1,1,1,mechanical_imbalance,0.9,1,1,,,,,29,0
2026-08-19T15:50:11.193Z,1787154611193,FAN_DT_001_F1_S09_R01_20260819T154800,1,130.973,FAULT_ACTIVE,F1,0.9,FAN_DT_001,3.0,process-model-3.0.0-build3,7271,1,LIVE,SYNCHRONISED,AUTOMATIC,NORMAL,65,1950,1950,0,145,145,0.3,0.48,25.62786,38.94,1.208,1.072,0.0808,0.054,244.42,8.2731,-0.00276,1,0.18,1.127,1.9276,41.5,CRITICAL,F1,1,1,mechanical_imbalance,0.9,1,1,,,,,29,0
2026-08-19T15:50:12.321Z,1787154612321,FAN_DT_001_F1_S09_R01_20260819T154800,1,132.101,FAULT_ACTIVE,F1,0.9,FAN_DT_001,3.0,process-model-3.0.0-build3,7272,1,LIVE,SYNCHRONISED,AUTOMATIC,NORMAL,65,1950,1950,0,145,145,0.3,0.48,25.61631,38.95,1.208,1.072,0.0808,0.054,244.42,8.3432,-0.00251,1,0.18,1.029,1.944,41.5,CRITICAL,F1,1,1,mechanical_imbalance,0.9,1,1,,,,,29,0
2026-08-19T15:50:13.263Z,1787154613263,FAN_DT_001_F1_S09_R01_20260819T154800,1,133.043,FAULT_ACTIVE,F1,0.9,FAN_DT_001,3.0,process-model-3.0.0-build3,7273,1,LIVE,SYNCHRONISED,AUTOMATIC,NORMAL,65,1950,1950,0,145,145,0.3,0.48,25.60447,38.95,1.208,1.072,0.0808,0.054,244.42,8.4132,-0.00228,1,0.18,0.934,1.9603,41.5,CRITICAL,F1,1,1,mechanical_imbalance,0.9,1,1,,,,,29,0
2026-08-19T15:50:14.296Z,1787154614296,FAN_DT_001_F1_S09_R01_20260819T154800,1,134.076,FAULT_ACTIVE,F1,0.9,FAN_DT_001,3.0,process-model-3.0.0-build3,7274,1,LIVE,SYNCHRONISED,AUTOMATIC,NORMAL,65,1950,1950,0,145,145,0.3,0.48,25.59226,38.95,1.208,1.072,0.0808,0.054,244.42,8.4835,-0.00203,1,0.18,0.829,1.9767,41.5,CRITICAL,F1,1,1,mechanical_imbalance,0.9,1,1,,,,,29,0
2026-08-19T15:50:15.332Z,1787154615332,FAN_DT_001_F1_S09_R01_20260819T154800,1,135.112,FAULT_ACTIVE,F1,0.9,FAN_DT_001,3.0,process-model-3.0.0-build3,7275,1,LIVE,SYNCHRONISED,AUTOMATIC,NORMAL,65,1950,1950,0,145,145,0.3,0.48,25.57979,38.95,1.208,1.072,0.0808,0.054,244.42,8.5535,-0.00179,1,0.18,0.732,1.993,41.5,CRITICAL,F1,1,1,mechanical_imbalance,0.9,1,1,,,,,29,0
2026-08-19T15:50:16.359Z,1787154616359,FAN_DT_001_F1_S09_R01_20260819T154800,1,136.139,FAULT_ACTIVE,F1,0.9,FAN_DT_001,3.0,process-model-3.0.0-build3,7276,1,LIVE,SYNCHRONISED,AUTOMATIC,NORMAL,65,1950,1950,0,145,145,0.3,0.48,25.56701,38.95,1.208,1.072,0.0808,0.054,244.42,8.6234,-0.00156,1,0.18,0.639,2.0093,41.5,CRITICAL,F1,1,1,mechanical_imbalance,0.9,1,1,,,,,29,0
2026-08-19T15:50:17.397Z,1787154617397,FAN_DT_001_F1_S09_R01_20260819T154800,1,137.177,FAULT_ACTIVE,F1,0.9,FAN_DT_001,3.0,process-model-3.0.0-build3,7277,1,LIVE,SYNCHRONISED,AUTOMATIC,NORMAL,65,1950,1950,0,145,145,0.3,0.48,25.55393,38.96,1.208,1.072,0.0808,0.054,244.42,8.6934,-0.0013,1,0.18,0.532,2.0256,41.5,CRITICAL,F1,1,1,mechanical_imbalance,0.9,1,1,,,,,29,0
2026-08-19T15:50:18.432Z,1787154618432,FAN_DT_001_F1_S09_R01_20260819T154800,1,138.212,FAULT_ACTIVE,F1,0.9,FAN_DT_001,3.0,process-model-3.0.0-build3,7278,1,LIVE,SYNCHRONISED,AUTOMATIC,NORMAL,65,1950,1950,0,145,145,0.3,0.48,25.54051,38.96,1.208,1.072,0.0808,0.054,244.42,8.7638,-0.00106,1,0.18,0.434,2.042,41.5,CRITICAL,F1,1,1,mechanical_imbalance,0.9,1,1,,,,,29,0
2026-08-19T15:50:19.464Z,1787154619464,FAN_DT_001_F1_S09_R01_20260819T154800,1,139.244,FAULT_ACTIVE,F1,0.9,FAN_DT_001,3.0,process-model-3.0.0-build3,7279,1,LIVE,SYNCHRONISED,AUTOMATIC,NORMAL,65,1950,1950,0,145,145,0.3,0.48,25.52686,38.96,1.208,1.072,0.0808,0.054,244.42,8.8338,-0.00084,1,0.18,0.343,2.0583,41.5,CRITICAL,F1,1,1,mechanical_imbalance,0.9,1,1,,,,,29,0
2026-08-19T15:50:20.502Z,1787154620502,FAN_DT_001_F1_S09_R01_20260819T154800,1,140.282,FAULT_ACTIVE,F1,0.9,FAN_DT_001,3.0,process-model-3.0.0-build3,7280,1,LIVE,SYNCHRONISED,AUTOMATIC,NORMAL,65,1950,1950,0,145,145,0.3,0.48,25.51289,38.96,1.208,1.072,0.0808,0.054,244.42,8.9039,-0.00057,1,0.18,0.235,2.0746,41.5,CRITICAL,F1,1,1,mechanical_imbalance,0.9,1,1,,,,,29,0
2026-08-19T15:50:21.536Z,1787154621536,FAN_DT_001_F1_S09_R01_20260819T154800,1,141.316,FAULT_ACTIVE,F1,0.9,FAN_DT_001,3.0,process-model-3.0.0-build3,7281,1,LIVE,SYNCHRONISED,AUTOMATIC,NORMAL,65,1950,1950,0,145,145,0.3,0.48,25.49861,38.96,1.208,1.072,0.0808,0.054,244.42,8.9743,-0.00032,1,0.18,0.133,2.091,41.5,CRITICAL,F1,1,1,mechanical_imbalance,0.9,1,1,,,,,29,0
2026-08-19T15:50:22.573Z,1787154622573,FAN_DT_001_F1_S09_R01_20260819T154800,1,142.353,FAULT_ACTIVE,F1,0.9,FAN_DT_001,3.0,process-model-3.0.0-build3,7282,1,LIVE,SYNCHRONISED,AUTOMATIC,NORMAL,65,1950,1950,0,145,145,0.3,0.48,25.48415,38.96,1.208,1.072,0.0808,0.054,244.42,9.0442,-0.00009,1,0.18,0.036,2.1073,41.5,CRITICAL,F1,1,1,mechanical_imbalance,0.9,1,1,,,,,29,0
2026-08-19T15:50:23.605Z,1787154623605,FAN_DT_001_F1_S09_R01_20260819T154800,1,143.385,FAULT_ACTIVE,F1,0.9,FAN_DT_001,3.0,process-model-3.0.0-build3,7283,1,LIVE,SYNCHRONISED,AUTOMATIC,NORMAL,65,1950,1950,0,145,145,0.3,0.48,25.46935,38.96,1.208,1.072,0.0808,0.054,244.42,9.1146,0.00015,1,0.18,0.062,2.1237,41.5,CRITICAL,F1,1,1,mechanical_imbalance,0.9,1,1,,,,,29,0
2026-08-19T15:50:24.644Z,1787154624644,FAN_DT_001_F1_S09_R01_20260819T154800,1,144.424,FAULT_ACTIVE,F1,0.9,FAN_DT_001,3.0,process-model-3.0.0-build3,7284,1,LIVE,SYNCHRONISED,AUTOMATIC,NORMAL,65,1950,1950,0,145,145,0.3,0.48,25.45439,38.96,1.208,1.072,0.0808,0.054,244.42,9.1846,0.0004,1,0.18,0.166,2.14,41.5,CRITICAL,F1,1,1,mechanical_imbalance,0.9,1,1,,,,,29,0
2026-08-19T15:50:25.682Z,1787154625682,FAN_DT_001_F1_S09_R01_20260819T154800,1,145.462,FAULT_ACTIVE,F1,0.9,FAN_DT_001,3.0,process-model-3.0.0-build3,7285,1,LIVE,SYNCHRONISED,AUTOMATIC,NORMAL,65,1950,1950,0,145,145,0.3,0.48,25.43909,38.96,1.208,1.072,0.0808,0.054,244.42,9.2551,0.00063,1,0.18,0.256,2.1564,41.5,CRITICAL,F1,1,1,mechanical_imbalance,0.9,1,1,,,,,29,0
2026-08-19T15:50:26.716Z,1787154626716,FAN_DT_001_F1_S09_R01_20260819T154800,1,146.496,FAULT_ACTIVE,F1,0.9,FAN_DT_001,3.0,process-model-3.0.0-build3,7286,1,LIVE,SYNCHRONISED,AUTOMATIC,NORMAL,65,1950,1950,0,145,145,0.3,0.48,25.42356,38.96,1.208,1.072,0.0808,0.054,244.42,9.3255,0.00088,1,0.18,0.36,2.1728,41.5,CRITICAL,F1,1,1,mechanical_imbalance,0.9,1,1,,,,,29,0
2026-08-19T15:50:27.754Z,1787154627754,FAN_DT_001_F1_S09_R01_20260819T154800,1,147.534,FAULT_ACTIVE,F1,0.9,FAN_DT_001,3.0,process-model-3.0.0-build3,7287,1,LIVE,SYNCHRONISED,AUTOMATIC,NORMAL,65,1950,1950,0,145,145,0.3,0.48,25.4079,38.96,1.208,1.072,0.0808,0.054,244.42,9.3955,0.00114,1,0.18,0.465,2.1892,41.5,CRITICAL,F1,1,1,mechanical_imbalance,0.9,1,1,,,,,29,0
2026-08-19T15:50:28.788Z,1787154628788,FAN_DT_001_F1_S09_R01_20260819T154800,1,148.568,FAULT_ACTIVE,F1,0.9,FAN_DT_001,3.0,process-model-3.0.0-build3,7288,1,LIVE,SYNCHRONISED,AUTOMATIC,NORMAL,65,1950,1950,0,145,145,0.3,0.48,25.39194,38.96,1.208,1.072,0.0808,0.054,244.42,9.4659,0.00136,1,0.18,0.557,2.2055,41.5,CRITICAL,F1,1,1,mechanical_imbalance,0.9,1,1,,,,,29,0
2026-08-19T15:50:29.821Z,1787154629821,FAN_DT_001_F1_S09_R01_20260819T154800,1,149.601,FAULT_ACTIVE,F1,0.9,FAN_DT_001,3.0,process-model-3.0.0-build3,7289,1,LIVE,SYNCHRONISED,AUTOMATIC,NORMAL,65,1950,1950,0,145,145,0.3,0.48,25.37585,38.95,1.208,1.072,0.0808,0.054,244.42,9.536,0.00161,1,0.18,0.66,2.2219,41.5,CRITICAL,F1,1,1,mechanical_imbalance,0.9,1,1,,,,,29,0
2026-08-19T15:50:30.862Z,1787154630862,FAN_DT_001_F1_S09_R01_20260819T154800,1,150.642,FAULT_ACTIVE,F1,0.9,FAN_DT_001,3.0,process-model-3.0.0-build3,7290,1,LIVE,SYNCHRONISED,AUTOMATIC,NORMAL,65,1950,1950,0,145,145,0.3,0.48,25.35953,38.95,1.208,1.072,0.0808,0.054,244.42,9.6061,0.00185,1,0.18,0.756,2.2382,41.5,CRITICAL,F1,1,1,mechanical_imbalance,0.9,1,1,,,,,29,0
2026-08-19T15:50:31.889Z,1787154631889,FAN_DT_001_F1_S09_R01_20260819T154800,1,151.669,FAULT_ACTIVE,F1,0.9,FAN_DT_001,3.0,process-model-3.0.0-build3,7291,1,LIVE,SYNCHRONISED,AUTOMATIC,NORMAL,65,1950,1950,0,145,145,0.3,0.48,25.34305,38.95,1.208,1.072,0.0808,0.054,244.42,9.6762,0.00209,1,0.18,0.855,2.2546,41.5,CRITICAL,F1,1,1,mechanical_imbalance,0.9,1,1,,,,,29,0
2026-08-19T15:50:32.924Z,1787154632924,FAN_DT_001_F1_S09_R01_20260819T154800,1,152.705,FAULT_ACTIVE,F1,0.9,FAN_DT_001,3.0,process-model-3.0.0-build3,7292,1,LIVE,SYNCHRONISED,AUTOMATIC,NORMAL,65,1950,1950,0,145,145,0.3,0.48,25.32642,38.95,1.208,1.072,0.0808,0.054,244.42,9.7461,0.00231,1,0.18,0.946,2.2708,41.5,CRITICAL,F1,1,1,mechanical_imbalance,0.9,1,1,,,,,29,0
2026-08-19T15:50:33.958Z,1787154633958,FAN_DT_001_F1_S09_R01_20260819T154800,1,153.738,FAULT_ACTIVE,F1,0.9,FAN_DT_001,3.0,process-model-3.0.0-build3,7293,1,LIVE,SYNCHRONISED,AUTOMATIC,NORMAL,65,1950,1950,0,145,145,0.3,0.48,25.30957,38.95,1.208,1.072,0.0808,0.054,244.42,9.8162,0.00257,1,0.18,1.053,2.2872,41.5,CRITICAL,F1,1,1,mechanical_imbalance,0.9,1,1,,,,,29,0
2026-08-19T15:50:34.992Z,1787154634992,FAN_DT_001_F1_S09_R01_20260819T154800,1,154.772,FAULT_ACTIVE,F1,0.9,FAN_DT_001,3.0,process-model-3.0.0-build3,7294,1,LIVE,SYNCHRONISED,AUTOMATIC,NORMAL,65,1950,1950,0,145,145,0.3,0.48,25.29254,38.94,1.208,1.072,0.0808,0.054,244.42,9.8865,0.0028,1,0.18,1.146,2.3035,41.5,CRITICAL,F1,1,1,mechanical_imbalance,0.9,1,1,,,,,29,0
2026-08-19T15:50:36.040Z,1787154636040,FAN_DT_001_F1_S09_R01_20260819T154800,1,155.82,FAULT_ACTIVE,F1,0.9,FAN_DT_001,3.0,process-model-3.0.0-build3,7295,1,LIVE,SYNCHRONISED,AUTOMATIC,NORMAL,65,1950,1950,0,145,145,0.3,0.48,25.2754,38.94,1.208,1.072,0.0808,0.054,244.42,9.9565,0.00302,1,0.18,1.236,2.3199,41.5,CRITICAL,F1,1,1,mechanical_imbalance,0.9,1,1,,,,,29,0
2026-08-19T15:50:37.063Z,1787154637063,FAN_DT_001_F1_S09_R01_20260819T154800,1,156.843,FAULT_ACTIVE,F1,0.9,FAN_DT_001,3.0,process-model-3.0.0-build3,7296,1,LIVE,SYNCHRONISED,AUTOMATIC,NORMAL,65,1950,1950,0,145,145,0.3,0.48,25.25802,38.94,1.208,1.072,0.0808,0.054,244.42,10.0269,0.00327,1,0.18,1.338,2.3363,41.5,CRITICAL,F1,1,1,mechanical_imbalance,0.9,1,1,,,,,29,0
2026-08-19T15:50:38.098Z,1787154638098,FAN_DT_001_F1_S09_R01_20260819T154800,1,157.878,FAULT_ACTIVE,F1,0.9,FAN_DT_001,3.0,process-model-3.0.0-build3,7297,1,LIVE,SYNCHRONISED,AUTOMATIC,NORMAL,65,1950,1950,0,145,145,0.3,0.48,25.24063,38.93,1.208,1.072,0.0808,0.054,244.42,10.0967,0.0035,1,0.18,1.431,2.3525,41.5,CRITICAL,F1,1,1,mechanical_imbalance,0.9,1,1,,,,,29,0
2026-08-19T15:50:39.135Z,1787154639135,FAN_DT_001_F1_S09_R01_20260819T154800,1,158.915,FAULT_ACTIVE,F1,0.9,FAN_DT_001,3.0,process-model-3.0.0-build3,7298,1,LIVE,SYNCHRONISED,AUTOMATIC,NORMAL,65,1950,1950,0,145,145,0.3,0.48,25.22298,38.93,1.208,1.072,0.0808,0.054,244.42,10.1671,0.00372,1,0.18,1.524,2.3689,41.5,CRITICAL,F1,1,1,mechanical_imbalance,0.9,1,1,,,,,29,0
2026-08-19T15:50:40.169Z,1787154640169,FAN_DT_001_F1_S09_R01_20260819T154800,1,159.949,FAULT_ACTIVE,F1,0.9,FAN_DT_001,3.0,process-model-3.0.0-build3,7299,1,LIVE,SYNCHRONISED,AUTOMATIC,NORMAL,65,1950,1950,0,145,145,0.3,0.48,25.20526,38.92,1.208,1.072,0.0808,0.054,244.42,10.2375,0.00396,1,0.18,1.62,2.3853,41.5,CRITICAL,F1,1,1,mechanical_imbalance,0.9,1,1,,,,,29,0
2026-08-19T15:50:41.210Z,1787154641210,FAN_DT_001_F1_S09_R01_20260819T154800,1,160.99,FAULT_ACTIVE,F1,0.9,FAN_DT_001,3.0,process-model-3.0.0-build3,7300,1,LIVE,SYNCHRONISED,AUTOMATIC,NORMAL,65,1950,1950,0,145,145,0.3,0.48,25.18748,38.92,1.208,1.072,0.0808,0.054,244.42,10.3075,0.00417,1,0.18,1.705,2.4016,41.5,CRITICAL,F1,1,1,mechanical_imbalance,0.9,1,1,,,,,29,0
2026-08-19T15:50:42.254Z,1787154642254,FAN_DT_001_F1_S09_R01_20260819T154800,1,162.034,FAULT_ACTIVE,F1,0.9,FAN_DT_001,3.0,process-model-3.0.0-build3,7301,1,LIVE,SYNCHRONISED,AUTOMATIC,NORMAL,65,1950,1950,0,145,145,0.3,0.48,25.16952,38.92,1.208,1.072,0.0808,0.054,244.42,10.3779,0.00439,1,0.18,1.796,2.418,41.5,CRITICAL,F1,1,1,mechanical_imbalance,0.9,1,1,,,,,29,0
2026-08-19T15:50:43.345Z,1787154643345,FAN_DT_001_F1_S09_R01_20260819T154800,1,163.125,FAULT_ACTIVE,F1,0.9,FAN_DT_001,3.0,process-model-3.0.0-build3,7302,1,LIVE,SYNCHRONISED,AUTOMATIC,NORMAL,65,1950,1950,0,145,145,0.3,0.48,25.15157,38.91,1.208,1.072,0.0808,0.054,244.42,10.4478,0.00462,1,0.18,1.892,2.4343,41.5,CRITICAL,F1,1,1,mechanical_imbalance,0.9,1,1,,,,,29,0
2026-08-19T15:50:44.309Z,1787154644309,FAN_DT_001_F1_S09_R01_20260819T154800,1,164.089,FAULT_ACTIVE,F1,0.9,FAN_DT_001,3.0,process-model-3.0.0-build3,7303,1,LIVE,SYNCHRONISED,AUTOMATIC,NORMAL,65,1950,1950,0,145,145,0.3,0.48,25.13348,38.91,1.208,1.072,0.0808,0.054,244.42,10.518,0.00484,1,0.18,1.982,2.4507,41.5,CRITICAL,F1,1,1,mechanical_imbalance,0.9,1,1,,,,,29,0
2026-08-19T15:50:45.343Z,1787154645343,FAN_DT_001_F1_S09_R01_20260819T154800,1,165.123,FAULT_ACTIVE,F1,0.9,FAN_DT_001,3.0,process-model-3.0.0-build3,7304,1,LIVE,SYNCHRONISED,AUTOMATIC,NORMAL,65,1950,1950,0,145,145,0.3,0.48,25.11532,38.9,1.208,1.072,0.0808,0.054,244.42,10.5883,0.00506,1,0.18,2.069,2.4671,41.5,CRITICAL,F1,1,1,mechanical_imbalance,0.9,1,1,,,,,29,0
2026-08-19T15:50:46.377Z,1787154646377,FAN_DT_001_F1_S09_R01_20260819T154800,1,166.157,FAULT_ACTIVE,F1,0.9,FAN_DT_001,3.0,process-model-3.0.0-build3,7305,1,LIVE,SYNCHRONISED,AUTOMATIC,NORMAL,65,1950,1950,0,145,145,0.3,0.48,25.09716,38.9,1.208,1.072,0.0808,0.054,244.42,10.6582,0.00528,1,0.18,2.158,2.4834,41.5,CRITICAL,F1,1,1,mechanical_imbalance,0.9,1,1,,,,,29,0
2026-08-19T15:50:47.409Z,1787154647409,FAN_DT_001_F1_S09_R01_20260819T154800,1,167.189,FAULT_ACTIVE,F1,0.9,FAN_DT_001,3.0,process-model-3.0.0-build3,7306,1,LIVE,SYNCHRONISED,AUTOMATIC,NORMAL,65,1950,1950,0,145,145,0.3,0.48,25.07895,38.89,1.208,1.072,0.0808,0.054,244.42,10.7282,0.00547,1,0.18,2.237,2.4997,41.5,CRITICAL,F1,1,1,mechanical_imbalance,0.9,1,1,,,,,29,0
2026-08-19T15:50:48.465Z,1787154648465,FAN_DT_001_F1_S09_R01_20260819T154800,1,168.245,FAULT_ACTIVE,F1,0.9,FAN_DT_001,3.0,process-model-3.0.0-build3,7307,1,LIVE,SYNCHRONISED,AUTOMATIC,NORMAL,65,1950,1950,0,145,145,0.3,0.48,25.06069,38.88,1.208,1.072,0.0808,0.054,244.42,10.7981,0.00569,1,0.18,2.329,2.516,41.5,CRITICAL,F1,1,1,mechanical_imbalance,0.9,1,1,,,,,29,0
2026-08-19T15:50:49.478Z,1787154649478,FAN_DT_001_F1_S09_R01_20260819T154800,1,169.258,FAULT_ACTIVE,F1,0.9,FAN_DT_001,3.0,process-model-3.0.0-build3,7308,1,LIVE,SYNCHRONISED,AUTOMATIC,NORMAL,65,1950,1950,0,145,145,0.3,0.48,25.0423,38.88,1.208,1.072,0.0808,0.054,244.42,10.8685,0.00587,1,0.18,2.403,2.5324,41.5,CRITICAL,F1,1,1,mechanical_imbalance,0.9,1,1,,,,,29,0
2026-08-19T15:50:50.540Z,1787154650540,FAN_DT_001_F1_S09_R01_20260819T154800,1,170.32,FAULT_ACTIVE,F1,0.9,FAN_DT_001,3.0,process-model-3.0.0-build3,7309,1,LIVE,SYNCHRONISED,AUTOMATIC,NORMAL,65,1950,1950,0,145,145,0.3,0.48,25.02402,38.87,1.208,1.072,0.0808,0.054,244.42,10.9385,0.00609,1,0.18,2.49,2.5487,41.5,CRITICAL,F1,1,1,mechanical_imbalance,0.9,1,1,,,,,29,0
2026-08-19T15:50:51.549Z,1787154651549,FAN_DT_001_F1_S09_R01_20260819T154800,1,171.329,FAULT_ACTIVE,F1,0.9,FAN_DT_001,3.0,process-model-3.0.0-build3,7310,1,LIVE,SYNCHRONISED,AUTOMATIC,NORMAL,65,1950,1950,0,145,145,0.3,0.48,25.00558,38.87,1.208,1.072,0.0808,0.054,244.42,11.0089,0.0063,1,0.18,2.576,2.5651,41.5,CRITICAL,F1,1,1,mechanical_imbalance,0.9,1,1,,,,,29,0
2026-08-19T15:50:52.589Z,1787154652589,FAN_DT_001_F1_S09_R01_20260819T154800,1,172.368,FAULT_ACTIVE,F1,0.9,FAN_DT_001,3.0,process-model-3.0.0-build3,7311,1,LIVE,SYNCHRONISED,AUTOMATIC,NORMAL,65,1950,1950,0,145,145,0.3,0.48,24.98722,38.86,1.208,1.072,0.0808,0.054,244.42,11.079,0.00647,1,0.18,2.648,2.5814,41.5,CRITICAL,F1,1,1,mechanical_imbalance,0.9,1,1,,,,,29,0
2026-08-19T15:50:53.629Z,1787154653629,FAN_DT_001_F1_S09_R01_20260819T154800,1,173.409,FAULT_ACTIVE,F1,0.9,FAN_DT_001,3.0,process-model-3.0.0-build3,7312,1,LIVE,SYNCHRONISED,AUTOMATIC,NORMAL,65,1950,1950,0,145,145,0.3,0.48,24.96877,38.85,1.208,1.072,0.0808,0.054,244.42,11.1495,0.00666,1,0.18,2.725,2.5978,41.5,CRITICAL,F1,1,1,mechanical_imbalance,0.9,1,1,,,,,29,0
2026-08-19T15:50:54.660Z,1787154654660,FAN_DT_001_F1_S09_R01_20260819T154800,1,174.44,FAULT_ACTIVE,F1,0.9,FAN_DT_001,3.0,process-model-3.0.0-build3,7313,1,LIVE,SYNCHRONISED,AUTOMATIC,NORMAL,65,1950,1950,0,145,145,0.3,0.48,24.95037,38.85,1.208,1.072,0.0808,0.054,244.42,11.2198,0.00687,1,0.18,2.809,2.6142,41.5,CRITICAL,F1,1,1,mechanical_imbalance,0.9,1,1,,,,,29,0
2026-08-19T15:50:55.697Z,1787154655697,FAN_DT_001_F1_S09_R01_20260819T154800,1,175.477,FAULT_ACTIVE,F1,0.9,FAN_DT_001,3.0,process-model-3.0.0-build3,7314,1,LIVE,SYNCHRONISED,AUTOMATIC,NORMAL,65,1950,1950,0,145,145,0.3,0.48,24.93214,38.84,1.208,1.072,0.0808,0.054,244.42,11.2897,0.00703,1,0.18,2.877,2.6305,41.5,CRITICAL,F1,1,1,mechanical_imbalance,0.9,1,1,,,,,29,0
2026-08-19T15:50:56.729Z,1787154656729,FAN_DT_001_F1_S09_R01_20260819T154800,1,176.509,FAULT_ACTIVE,F1,0.9,FAN_DT_001,3.0,process-model-3.0.0-build3,7315,1,LIVE,SYNCHRONISED,AUTOMATIC,NORMAL,65,1950,1950,0,145,145,0.3,0.48,24.91379,38.83,1.208,1.072,0.0808,0.054,244.42,11.3601,0.00721,1,0.18,2.951,2.6469,41.5,CRITICAL,F1,1,1,mechanical_imbalance,0.9,1,1,,,,,29,0
2026-08-19T15:50:57.774Z,1787154657774,FAN_DT_001_F1_S09_R01_20260819T154800,1,177.554,FAULT_ACTIVE,F1,0.9,FAN_DT_001,3.0,process-model-3.0.0-build3,7316,1,LIVE,SYNCHRONISED,AUTOMATIC,NORMAL,65,1950,1950,0,145,145,0.3,0.48,24.89559,38.82,1.208,1.072,0.0808,0.054,244.42,11.4301,0.0074,1,0.18,3.026,2.6632,41.5,CRITICAL,F1,1,1,mechanical_imbalance,0.9,1,1,,,,,29,0
2026-08-19T15:50:58.800Z,1787154658800,FAN_DT_001_F1_S09_R01_20260819T154800,1,178.58,FAULT_ACTIVE,F1,0.9,FAN_DT_001,3.0,process-model-3.0.0-build3,7317,1,LIVE,SYNCHRONISED,AUTOMATIC,NORMAL,65,1950,1950,0,145,145,0.3,0.48,24.87735,38.82,1.208,1.072,0.0808,0.054,244.42,11.5004,0.00757,1,0.18,3.097,2.6796,41.5,CRITICAL,F1,1,1,mechanical_imbalance,0.9,1,1,,,,,29,0
2026-08-19T15:50:59.837Z,1787154659837,FAN_DT_001_F1_S09_R01_20260819T154800,1,179.617,FAULT_ACTIVE,F1,0.9,FAN_DT_001,3.0,process-model-3.0.0-build3,7318,1,LIVE,SYNCHRONISED,AUTOMATIC,NORMAL,65,1950,1950,0,145,145,0.3,0.48,24.85927,38.81,1.208,1.072,0.0808,0.054,244.42,11.5704,0.00775,1,0.18,3.169,2.6959,41.5,CRITICAL,F1,1,1,mechanical_imbalance,0.9,1,1,,,,,29,0
2026-08-19T15:51:00.875Z,1787154660875,FAN_DT_001_F1_S09_R01_20260819T154800,1,180.655,FAULT_ACTIVE,F1,0.9,FAN_DT_001,3.0,process-model-3.0.0-build3,7319,1,LIVE,SYNCHRONISED,AUTOMATIC,NORMAL,65,1950,1950,0,145,145,0.3,0.48,24.8412,38.8,1.208,1.072,0.0808,0.054,244.42,11.6408,0.0079,1,0.18,3.233,2.7123,41.5,CRITICAL,F1,1,1,mechanical_imbalance,0.9,1,1,,,,,29,0
2026-08-19T15:51:01.909Z,1787154661909,FAN_DT_001_F1_S09_R01_20260819T154800,1,181.689,FAULT_ACTIVE,F1,0.9,FAN_DT_001,3.0,process-model-3.0.0-build3,7320,1,LIVE,SYNCHRONISED,AUTOMATIC,NORMAL,65,1950,1950,0,145,145,0.3,0.48,24.82321,38.79,1.208,1.072,0.0808,0.054,244.42,11.711,0.00807,1,0.18,3.3,2.7287,41.5,CRITICAL,F1,1,1,mechanical_imbalance,0.9,1,1,,,,,29,0
2026-08-19T15:51:02.944Z,1787154662944,FAN_DT_001_F1_S09_R01_20260819T154800,1,182.724,FAULT_ACTIVE,F1,0.9,FAN_DT_001,3.0,process-model-3.0.0-build3,7321,1,LIVE,SYNCHRONISED,AUTOMATIC,NORMAL,65,1950,1950,0,145,145,0.3,0.48,24.80539,38.78,1.208,1.072,0.0808,0.054,244.42,11.781,0.00822,1,0.18,3.365,2.745,41.5,CRITICAL,F1,1,1,mechanical_imbalance,0.9,1,1,,,,,29,0
2026-08-19T15:51:03.976Z,1787154663976,FAN_DT_001_F1_S09_R01_20260819T154800,1,183.756,FAULT_ACTIVE,F1,0.9,FAN_DT_001,3.0,process-model-3.0.0-build3,7322,1,LIVE,SYNCHRONISED,AUTOMATIC,NORMAL,65,1950,1950,0,145,145,0.3,0.48,24.78757,38.77,1.208,1.072,0.0808,0.054,244.42,11.8513,0.00836,1,0.18,3.421,2.7614,41.5,CRITICAL,F1,1,1,mechanical_imbalance,0.9,1,1,,,,,29,0
2026-08-19T15:51:05.011Z,1787154665011,FAN_DT_001_F1_S09_R01_20260819T154800,1,184.791,FAULT_ACTIVE,F1,0.9,FAN_DT_001,3.0,process-model-3.0.0-build3,7323,1,LIVE,SYNCHRONISED,AUTOMATIC,NORMAL,65,1950,1950,0,145,145,0.3,0.48,24.76999,38.77,1.208,1.072,0.0808,0.054,244.42,11.9212,0.00851,1,0.18,3.482,2.7776,41.5,CRITICAL,F1,1,1,mechanical_imbalance,0.9,1,1,,,,,29,0
2026-08-19T15:51:06.049Z,1787154666049,FAN_DT_001_F1_S09_R01_20260819T154800,1,185.829,FAULT_ACTIVE,F1,0.9,FAN_DT_001,3.0,process-model-3.0.0-build3,7324,1,LIVE,SYNCHRONISED,AUTOMATIC,NORMAL,65,1950,1950,0,145,145,0.3,0.48,24.75238,38.76,1.208,1.072,0.0808,0.054,244.42,11.9916,0.00868,1,0.18,3.552,2.794,41.5,CRITICAL,F1,1,1,mechanical_imbalance,0.9,1,1,,,,,29,0
2026-08-19T15:51:07.084Z,1787154667084,FAN_DT_001_F1_S09_R01_20260819T154800,1,186.864,FAULT_ACTIVE,F1,0.9,FAN_DT_001,3.0,process-model-3.0.0-build3,7325,1,LIVE,SYNCHRONISED,AUTOMATIC,NORMAL,65,1950,1950,0,145,145,0.3,0.48,24.73501,38.75,1.208,1.072,0.0808,0.054,244.42,12.0617,0.00879,1,0.18,3.598,2.8104,41.5,CRITICAL,F1,1,1,mechanical_imbalance,0.9,1,1,,,,,29,0
2026-08-19T15:51:08.114Z,1787154668114,FAN_DT_001_F1_S09_R01_20260819T154800,1,187.894,FAULT_ACTIVE,F1,0.9,FAN_DT_001,3.0,process-model-3.0.0-build3,7326,1,LIVE,SYNCHRONISED,AUTOMATIC,NORMAL,65,1950,1950,0,145,145,0.3,0.48,24.71773,38.74,1.208,1.072,0.0808,0.054,244.42,12.1319,0.00895,1,0.18,3.662,2.8267,41.5,CRITICAL,F1,1,1,mechanical_imbalance,0.9,1,1,,,,,29,0
2026-08-19T15:51:09.152Z,1787154669152,FAN_DT_001_F1_S09_R01_20260819T154800,1,188.932,FAULT_ACTIVE,F1,0.9,FAN_DT_001,3.0,process-model-3.0.0-build3,7327,1,LIVE,SYNCHRONISED,AUTOMATIC,NORMAL,65,1950,1950,0,145,145,0.3,0.48,24.70065,38.73,1.208,1.072,0.0808,0.054,244.42,12.2019,0.00906,1,0.18,3.705,2.843,41.5,CRITICAL,F1,1,1,mechanical_imbalance,0.9,1,1,,,,,29,0
2026-08-19T15:51:10.190Z,1787154670190,FAN_DT_001_F1_S09_R01_20260819T154800,1,189.97,FAULT_ACTIVE,F1,0.9,FAN_DT_001,3.0,process-model-3.0.0-build3,7328,1,LIVE,SYNCHRONISED,AUTOMATIC,NORMAL,65,1950,1950,0,145,145,0.3,0.48,24.68362,38.72,1.208,1.072,0.0808,0.054,244.42,12.2724,0.0092,1,0.18,3.766,2.8595,41.5,CRITICAL,F1,1,1,mechanical_imbalance,0.9,1,1,,,,,29,0
2026-08-19T15:51:11.223Z,1787154671223,FAN_DT_001_F1_S09_R01_20260819T154800,1,191.003,FAULT_ACTIVE,F1,0.9,FAN_DT_001,3.0,process-model-3.0.0-build3,7329,1,LIVE,SYNCHRONISED,AUTOMATIC,NORMAL,65,1950,1950,0,145,145,0.3,0.48,24.66689,38.71,1.208,1.072,0.0808,0.054,244.42,12.3423,0.0093,1,0.18,3.806,2.8758,41.5,CRITICAL,F1,1,1,mechanical_imbalance,0.9,1,1,,,,,29,0
2026-08-19T15:51:12.258Z,1787154672258,FAN_DT_001_F1_S09_R01_20260819T154800,1,192.038,FAULT_ACTIVE,F1,0.9,FAN_DT_001,3.0,process-model-3.0.0-build3,7330,1,LIVE,SYNCHRONISED,AUTOMATIC,NORMAL,65,1950,1950,0,145,145,0.3,0.48,24.65021,38.7,1.208,1.072,0.0808,0.054,244.42,12.4128,0.00942,1,0.18,3.853,2.8922,41.5,CRITICAL,F1,1,1,mechanical_imbalance,0.9,1,1,,,,,29,0
2026-08-19T15:51:13.293Z,1787154673293,FAN_DT_001_F1_S09_R01_20260819T154800,1,193.073,FAULT_ACTIVE,F1,0.9,FAN_DT_001,3.0,process-model-3.0.0-build3,7331,1,LIVE,SYNCHRONISED,AUTOMATIC,NORMAL,65,1950,1950,0,145,145,0.3,0.48,24.63384,38.69,1.208,1.072,0.0808,0.054,244.42,12.4826,0.00954,1,0.18,3.902,2.9085,41.5,CRITICAL,F1,1,1,mechanical_imbalance,0.9,1,1,,,,,29,0
2026-08-19T15:51:14.340Z,1787154674340,FAN_DT_001_F1_S09_R01_20260819T154800,1,194.127,FAULT_ACTIVE,F1,0.9,FAN_DT_001,3.0,process-model-3.0.0-build3,7332,1,LIVE,SYNCHRONISED,AUTOMATIC,NORMAL,65,1950,1950,0,145,145,0.3,0.48,24.61756,38.68,1.208,1.072,0.0808,0.054,244.42,12.553,0.00964,1,0.18,3.946,2.9248,41.5,CRITICAL,F1,1,1,mechanical_imbalance,0.9,1,1,,,,,29,0
2026-08-19T15:51:15.362Z,1787154675362,FAN_DT_001_F1_S09_R01_20260819T154800,1,195.142,FAULT_ACTIVE,F1,0.9,FAN_DT_001,3.0,process-model-3.0.0-build3,7333,1,LIVE,SYNCHRONISED,AUTOMATIC,NORMAL,65,1950,1950,0,145,145,0.3,0.48,24.60159,38.67,1.208,1.072,0.0808,0.054,244.42,12.6228,0.00974,1,0.18,3.986,2.9411,41.5,CRITICAL,F1,1,1,mechanical_imbalance,0.9,1,1,,,,,29,0
2026-08-19T15:51:16.396Z,1787154676396,FAN_DT_001_F1_S09_R01_20260819T154800,1,196.176,FAULT_ACTIVE,F1,0.9,FAN_DT_001,3.0,process-model-3.0.0-build3,7334,1,LIVE,SYNCHRONISED,AUTOMATIC,NORMAL,65,1950,1950,0,145,145,0.3,0.48,24.58569,38.66,1.208,1.072,0.0808,0.054,244.42,12.6933,0.00982,1,0.18,4.018,2.9575,41.5,CRITICAL,F1,1,1,mechanical_imbalance,0.9,1,1,,,,,29,0
2026-08-19T15:51:17.428Z,1787154677428,FAN_DT_001_F1_S09_R01_20260819T154800,1,197.208,FAULT_ACTIVE,F1,0.9,FAN_DT_001,3.0,process-model-3.0.0-build3,7335,1,LIVE,SYNCHRONISED,AUTOMATIC,NORMAL,65,1950,1950,0,145,145,0.3,0.48,24.57021,38.65,1.208,1.072,0.0808,0.054,244.42,12.763,0.00992,1,0.18,4.06,2.9738,41.5,CRITICAL,F1,1,1,mechanical_imbalance,0.9,1,1,,,,,29,0
2026-08-19T15:51:18.463Z,1787154678463,FAN_DT_001_F1_S09_R01_20260819T154800,1,198.243,FAULT_ACTIVE,F1,0.9,FAN_DT_001,3.0,process-model-3.0.0-build3,7336,1,LIVE,SYNCHRONISED,AUTOMATIC,NORMAL,65,1950,1950,0,145,145,0.3,0.48,24.55476,38.64,1.208,1.072,0.0808,0.054,244.42,12.8334,0.01001,1,0.18,4.097,2.9902,41.5,CRITICAL,F1,1,1,mechanical_imbalance,0.9,1,1,,,,,29,0
2026-08-19T15:51:19.501Z,1787154679501,FAN_DT_001_F1_S09_R01_20260819T154800,1,199.281,FAULT_ACTIVE,F1,0.9,FAN_DT_001,3.0,process-model-3.0.0-build3,7337,1,LIVE,SYNCHRONISED,AUTOMATIC,NORMAL,65,1950,1950,0,145,145,0.3,0.48,24.53967,38.63,1.208,1.072,0.0808,0.054,244.42,12.9034,0.01009,1,0.18,4.13,3.0065,41.5,CRITICAL,F1,1,1,mechanical_imbalance,0.9,1,1,,,,,29,0
2026-08-19T15:51:20.531Z,1787154680531,FAN_DT_001_F1_S09_R01_20260819T154800,1,200.311,FAULT_ACTIVE,F1,0.9,FAN_DT_001,3.0,process-model-3.0.0-build3,7338,1,LIVE,SYNCHRONISED,AUTOMATIC,NORMAL,65,1950,1950,0,145,145,0.3,0.48,24.52472,38.62,1.208,1.072,0.0808,0.054,244.42,12.9737,0.01017,1,0.18,4.162,3.0229,41.5,CRITICAL,F1,1,1,mechanical_imbalance,0.9,1,1,,,,,29,0
2026-08-19T15:51:21.569Z,1787154681569,FAN_DT_001_F1_S09_R01_20260819T154800,1,201.349,FAULT_ACTIVE,F1,0.9,FAN_DT_001,3.0,process-model-3.0.0-build3,7339,1,LIVE,SYNCHRONISED,AUTOMATIC,NORMAL,65,1950,1950,0,145,145,0.3,0.48,24.51013,38.61,1.208,1.072,0.0808,0.054,244.42,13.0436,0.01022,1,0.18,4.182,3.0392,41.5,CRITICAL,F1,1,1,mechanical_imbalance,0.9,1,1,,,,,29,0
2026-08-19T15:51:22.602Z,1787154682602,FAN_DT_001_F1_S09_R01_20260819T154800,1,202.382,FAULT_ACTIVE,F1,0.9,FAN_DT_001,3.0,process-model-3.0.0-build3,7340,1,LIVE,SYNCHRONISED,AUTOMATIC,NORMAL,65,1950,1950,0,145,145,0.3,0.48,24.49568,38.6,1.208,1.072,0.0808,0.054,244.42,13.1141,0.01029,1,0.18,4.212,3.0556,41.5,CRITICAL,F1,1,1,mechanical_imbalance,0.9,1,1,,,,,29,0
2026-08-19T15:51:23.642Z,1787154683642,FAN_DT_001_F1_S09_R01_20260819T154800,1,203.422,FAULT_ACTIVE,F1,0.9,FAN_DT_001,3.0,process-model-3.0.0-build3,7341,1,LIVE,SYNCHRONISED,AUTOMATIC,NORMAL,65,1950,1950,0,145,145,0.3,0.48,24.48159,38.59,1.208,1.072,0.0808,0.054,244.42,13.184,0.01035,1,0.18,4.233,3.0719,41.5,CRITICAL,F1,1,1,mechanical_imbalance,0.9,1,1,,,,,29,0
2026-08-19T15:51:24.677Z,1787154684677,FAN_DT_001_F1_S09_R01_20260819T154800,1,204.457,FAULT_ACTIVE,F1,0.9,FAN_DT_001,3.0,process-model-3.0.0-build3,7342,1,LIVE,SYNCHRONISED,AUTOMATIC,NORMAL,65,1950,1950,0,145,145,0.3,0.48,24.46771,38.58,1.208,1.072,0.0808,0.054,244.42,13.2543,0.01038,1,0.18,4.248,3.0883,41.5,CRITICAL,F1,1,1,mechanical_imbalance,0.9,1,1,,,,,29,0
2026-08-19T15:51:25.708Z,1787154685708,FAN_DT_001_F1_S09_R01_20260819T154800,1,205.488,FAULT_ACTIVE,F1,0.9,FAN_DT_001,3.0,process-model-3.0.0-build3,7343,1,LIVE,SYNCHRONISED,AUTOMATIC,NORMAL,65,1950,1950,0,145,145,0.3,0.48,24.45413,38.57,1.208,1.072,0.0808,0.054,244.42,13.3245,0.01044,1,0.18,4.271,3.1046,41.5,CRITICAL,F1,1,1,mechanical_imbalance,0.9,1,1,,,,,29,0
2026-08-19T15:51:26.749Z,1787154686749,FAN_DT_001_F1_S09_R01_20260819T154800,1,206.529,FAULT_ACTIVE,F1,0.9,FAN_DT_001,3.0,process-model-3.0.0-build3,7344,1,LIVE,SYNCHRONISED,AUTOMATIC,NORMAL,65,1950,1950,0,145,145,0.3,0.48,24.44087,38.55,1.208,1.072,0.0808,0.054,244.42,13.3946,0.01048,1,0.18,4.286,3.1209,41.5,CRITICAL,F1,1,1,mechanical_imbalance,0.9,1,1,,,,,29,0
2026-08-19T15:51:27.778Z,1787154687778,FAN_DT_001_F1_S09_R01_20260819T154800,1,207.558,FAULT_ACTIVE,F1,0.9,FAN_DT_001,3.0,process-model-3.0.0-build3,7345,1,LIVE,SYNCHRONISED,AUTOMATIC,NORMAL,65,1950,1950,0,145,145,0.3,0.48,24.42784,38.54,1.208,1.072,0.0808,0.054,244.42,13.4649,0.01051,1,0.18,4.298,3.1373,41.5,CRITICAL,F1,1,1,mechanical_imbalance,0.9,1,1,,,,,29,0
2026-08-19T15:51:28.813Z,1787154688813,FAN_DT_001_F1_S09_R01_20260819T154800,1,208.593,FAULT_ACTIVE,F1,0.9,FAN_DT_001,3.0,process-model-3.0.0-build3,7346,1,LIVE,SYNCHRONISED,AUTOMATIC,NORMAL,65,1950,1950,0,145,145,0.3,0.48,24.41518,38.53,1.208,1.072,0.0808,0.054,244.42,13.5349,0.01055,1,0.18,4.316,3.1536,41.5,CRITICAL,F1,1,1,mechanical_imbalance,0.9,1,1,,,,,29,0
2026-08-19T15:51:29.849Z,1787154689849,FAN_DT_001_F1_S09_R01_20260819T154800,1,209.629,FAULT_ACTIVE,F1,0.9,FAN_DT_001,3.0,process-model-3.0.0-build3,7347,1,LIVE,SYNCHRONISED,AUTOMATIC,NORMAL,65,1950,1950,0,145,145,0.3,0.48,24.40279,38.52,1.208,1.072,0.0808,0.054,244.42,13.6051,0.01057,1,0.18,4.323,3.17,41.5,CRITICAL,F1,1,1,mechanical_imbalance,0.9,1,1,,,,,29,0
2026-08-19T15:51:30.884Z,1787154690884,FAN_DT_001_F1_S09_R01_20260819T154800,1,210.664,FAULT_ACTIVE,F1,0.9,FAN_DT_001,3.0,process-model-3.0.0-build3,7348,1,LIVE,SYNCHRONISED,AUTOMATIC,NORMAL,65,1950,1950,0,145,145,0.3,0.48,24.39069,38.51,1.208,1.072,0.0808,0.054,244.42,13.6755,0.01059,1,0.18,4.334,3.1864,41.5,CRITICAL,F1,1,1,mechanical_imbalance,0.9,1,1,,,,,29,0
2026-08-19T15:51:31.917Z,1787154691917,FAN_DT_001_F1_S09_R01_20260819T154800,1,211.698,FAULT_ACTIVE,F1,0.9,FAN_DT_001,3.0,process-model-3.0.0-build3,7349,1,LIVE,SYNCHRONISED,AUTOMATIC,NORMAL,65,1950,1950,0,145,145,0.3,0.48,24.37893,38.5,1.208,1.072,0.0808,0.054,244.42,13.7457,0.01062,1,0.18,4.345,3.2028,41.5,CRITICAL,F1,1,1,mechanical_imbalance,0.9,1,1,,,,,29,0
2026-08-19T15:51:32.950Z,1787154692950,FAN_DT_001_F1_S09_R01_20260819T154800,1,212.73,FAULT_ACTIVE,F1,0.9,FAN_DT_001,3.0,process-model-3.0.0-build3,7350,1,LIVE,SYNCHRONISED,AUTOMATIC,NORMAL,65,1950,1950,0,145,145,0.3,0.48,24.36757,38.49,1.208,1.072,0.0808,0.054,244.42,13.8156,0.01062,1,0.18,4.345,3.219,41.5,CRITICAL,F1,1,1,mechanical_imbalance,0.9,1,1,,,,,29,0
2026-08-19T15:51:34.000Z,1787154694000,FAN_DT_001_F1_S09_R01_20260819T154800,1,213.78,FAULT_ACTIVE,F1,0.9,FAN_DT_001,3.0,process-model-3.0.0-build3,7351,1,LIVE,SYNCHRONISED,AUTOMATIC,NORMAL,65,1950,1950,0,145,145,0.3,0.48,24.35652,38.48,1.208,1.072,0.0808,0.054,244.42,13.8855,0.01061,1,0.18,4.339,3.2353,41.5,CRITICAL,F1,1,1,mechanical_imbalance,0.9,1,1,,,,,29,0
2026-08-19T15:51:35.022Z,1787154695022,FAN_DT_001_F1_S09_R01_20260819T154800,1,214.802,FAULT_ACTIVE,F1,0.9,FAN_DT_001,3.0,process-model-3.0.0-build3,7352,1,LIVE,SYNCHRONISED,AUTOMATIC,NORMAL,65,1950,1950,0,145,145,0.3,0.48,24.34574,38.47,1.208,1.072,0.0808,0.054,244.42,13.9559,0.0106,1,0.18,4.335,3.2517,41.5,CRITICAL,F1,1,1,mechanical_imbalance,0.9,1,1,,,,,29,0
2026-08-19T15:51:36.056Z,1787154696056,FAN_DT_001_F1_S09_R01_20260819T154800,1,215.836,FAULT_ACTIVE,F1,0.9,FAN_DT_001,3.0,process-model-3.0.0-build3,7353,1,LIVE,SYNCHRONISED,AUTOMATIC,NORMAL,65,1950,1950,0,145,145,0.3,0.48,24.33534,38.46,1.208,1.072,0.0808,0.054,244.42,14.0261,0.01061,1,0.18,4.339,3.2681,41.5,CRITICAL,F1,1,1,mechanical_imbalance,0.9,1,1,,,,,29,0
2026-08-19T15:51:37.106Z,1787154697106,FAN_DT_001_F1_S09_R01_20260819T154800,1,216.886,FAULT_ACTIVE,F1,0.9,FAN_DT_001,3.0,process-model-3.0.0-build3,7354,1,LIVE,SYNCHRONISED,AUTOMATIC,NORMAL,65,1950,1950,0,145,145,0.3,0.48,24.32531,38.45,1.208,1.072,0.0808,0.054,244.42,14.0961,0.01057,1,0.18,4.326,3.2844,41.5,CRITICAL,F1,1,1,mechanical_imbalance,0.9,1,1,,,,,29,0
2026-08-19T15:51:38.126Z,1787154698126,FAN_DT_001_F1_S09_R01_20260819T154800,1,217.906,FAULT_ACTIVE,F1,0.9,FAN_DT_001,3.0,process-model-3.0.0-build3,7355,1,LIVE,SYNCHRONISED,AUTOMATIC,NORMAL,65,1950,1950,0,145,145,0.3,0.48,24.31559,38.43,1.208,1.072,0.0808,0.054,244.42,14.1665,0.01055,1,0.18,4.316,3.3008,41.5,CRITICAL,F1,1,1,mechanical_imbalance,0.9,1,1,,,,,29,0
2026-08-19T15:51:39.164Z,1787154699164,FAN_DT_001_F1_S09_R01_20260819T154800,1,218.944,FAULT_ACTIVE,F1,0.9,FAN_DT_001,3.0,process-model-3.0.0-build3,7356,1,LIVE,SYNCHRONISED,AUTOMATIC,NORMAL,65,1950,1950,0,145,145,0.3,0.48,24.30629,38.42,1.208,1.072,0.0808,0.054,244.42,14.2364,0.01053,1,0.18,4.31,3.3171,41.5,CRITICAL,F1,1,1,mechanical_imbalance,0.9,1,1,,,,,29,0
2026-08-19T15:51:40.197Z,1787154700197,FAN_DT_001_F1_S09_R01_20260819T154800,1,219.977,FAULT_ACTIVE,F1,0.9,FAN_DT_001,3.0,process-model-3.0.0-build3,7357,1,LIVE,SYNCHRONISED,AUTOMATIC,NORMAL,65,1950,1950,0,145,145,0.3,0.48,24.29729,38.41,1.208,1.072,0.0808,0.054,244.42,14.3068,0.01051,1,0.18,4.298,3.3335,41.5,CRITICAL,F1,1,1,mechanical_imbalance,0.9,1,1,,,,,29,0
2026-08-19T15:51:41.234Z,1787154701234,FAN_DT_001_F1_S09_R01_20260819T154800,1,221.014,FAULT_ACTIVE,F1,0.9,FAN_DT_001,3.0,process-model-3.0.0-build3,7358,1,LIVE,SYNCHRONISED,AUTOMATIC,NORMAL,65,1950,1950,0,145,145,0.3,0.48,24.28872,38.4,1.208,1.072,0.0808,0.054,244.42,14.3768,0.01048,1,0.18,4.289,3.3498,41.5,CRITICAL,F1,1,1,mechanical_imbalance,0.9,1,1,,,,,29,0
2026-08-19T15:51:42.269Z,1787154702269,FAN_DT_001_F1_S09_R01_20260819T154800,1,222.049,FAULT_ACTIVE,F1,0.9,FAN_DT_001,3.0,process-model-3.0.0-build3,7359,1,LIVE,SYNCHRONISED,AUTOMATIC,NORMAL,65,1950,1950,0,145,145,0.3,0.48,24.28046,38.39,1.208,1.072,0.0808,0.054,244.42,14.4472,0.01042,1,0.18,4.261,3.3662,41.5,CRITICAL,F1,1,1,mechanical_imbalance,0.9,1,1,,,,,29,0
2026-08-19T15:51:43.310Z,1787154703310,FAN_DT_001_F1_S09_R01_20260819T154800,1,223.09,FAULT_ACTIVE,F1,0.9,FAN_DT_001,3.0,process-model-3.0.0-build3,7360,1,LIVE,SYNCHRONISED,AUTOMATIC,NORMAL,65,1950,1950,0,145,145,0.3,0.48,24.27265,38.38,1.208,1.072,0.0808,0.054,244.42,14.5172,0.01038,1,0.18,4.245,3.3825,41.5,CRITICAL,F1,1,1,mechanical_imbalance,0.9,1,1,,,,,29,0
2026-08-19T15:51:44.381Z,1787154704381,FAN_DT_001_F1_S09_R01_20260819T154800,1,224.161,FAULT_ACTIVE,F1,0.9,FAN_DT_001,3.0,process-model-3.0.0-build3,7361,1,LIVE,SYNCHRONISED,AUTOMATIC,NORMAL,65,1950,1950,0,145,145,0.3,0.48,24.26516,38.37,1.208,1.072,0.0808,0.054,244.42,14.5877,0.01032,1,0.18,4.224,3.3989,41.5,CRITICAL,F1,1,1,mechanical_imbalance,0.9,1,1,,,,,29,0
2026-08-19T15:51:45.378Z,1787154705378,FAN_DT_001_F1_S09_R01_20260819T154800,1,225.158,FAULT_ACTIVE,F1,0.9,FAN_DT_001,3.0,process-model-3.0.0-build3,7362,1,LIVE,SYNCHRONISED,AUTOMATIC,NORMAL,65,1950,1950,0,145,145,0.3,0.48,24.25808,38.36,1.208,1.072,0.0808,0.054,244.42,14.658,0.01026,1,0.18,4.197,3.4153,41.5,CRITICAL,F1,1,1,mechanical_imbalance,0.9,1,1,,,,,29,0
2026-08-19T15:51:46.417Z,1787154706417,FAN_DT_001_F1_S09_R01_20260819T154800,1,226.197,FAULT_ACTIVE,F1,0.9,FAN_DT_001,3.0,process-model-3.0.0-build3,7363,1,LIVE,SYNCHRONISED,AUTOMATIC,NORMAL,65,1950,1950,0,145,145,0.3,0.48,24.25141,38.35,1.208,1.072,0.0808,0.054,244.42,14.7281,0.01019,1,0.18,4.17,3.4316,41.5,CRITICAL,F1,1,1,mechanical_imbalance,0.9,1,1,,,,,29,0
2026-08-19T15:51:47.449Z,1787154707449,FAN_DT_001_F1_S09_R01_20260819T154800,1,227.229,FAULT_ACTIVE,F1,0.9,FAN_DT_001,3.0,process-model-3.0.0-build3,7364,1,LIVE,SYNCHRONISED,AUTOMATIC,NORMAL,65,1950,1950,0,145,145,0.3,0.48,24.24511,38.34,1.208,1.072,0.0808,0.054,244.42,14.7984,0.01012,1,0.18,4.141,3.448,41.5,CRITICAL,F1,1,1,mechanical_imbalance,0.9,1,1,,,,,29,0
2026-08-19T15:51:48.484Z,1787154708484,FAN_DT_001_F1_S09_R01_20260819T154800,1,228.264,FAULT_ACTIVE,F1,0.9,FAN_DT_001,3.0,process-model-3.0.0-build3,7365,1,LIVE,SYNCHRONISED,AUTOMATIC,NORMAL,65,1950,1950,0,145,145,0.3,0.48,24.23925,38.33,1.208,1.072,0.0808,0.054,244.42,14.8683,0.01006,1,0.18,4.115,3.4643,41.5,CRITICAL,F1,1,1,mechanical_imbalance,0.9,1,1,,,,,29,0
2026-08-19T15:51:49.519Z,1787154709519,FAN_DT_001_F1_S09_R01_20260819T154800,1,229.299,FAULT_ACTIVE,F1,0.9,FAN_DT_001,3.0,process-model-3.0.0-build3,7366,1,LIVE,SYNCHRONISED,AUTOMATIC,NORMAL,65,1950,1950,0,145,145,0.3,0.48,24.23375,38.32,1.208,1.072,0.0808,0.054,244.42,14.9387,0.00996,1,0.18,4.075,3.4807,41.5,CRITICAL,F1,1,1,mechanical_imbalance,0.9,1,1,,,,,29,0
2026-08-19T15:51:50.552Z,1787154710552,FAN_DT_001_F1_S09_R01_20260819T154800,1,230.332,FAULT_ACTIVE,F1,0.9,FAN_DT_001,3.0,process-model-3.0.0-build3,7367,1,LIVE,SYNCHRONISED,AUTOMATIC,NORMAL,65,1950,1950,0,145,145,0.3,0.48,24.22868,38.31,1.208,1.072,0.0808,0.054,244.42,15.0087,0.00988,1,0.18,4.044,3.497,41.5,CRITICAL,F1,1,1,mechanical_imbalance,0.9,1,1,,,,,29,0
2026-08-19T15:51:51.590Z,1787154711590,FAN_DT_001_F1_S09_R01_20260819T154800,1,231.37,FAULT_ACTIVE,F1,0.9,FAN_DT_001,3.0,process-model-3.0.0-build3,7368,1,LIVE,SYNCHRONISED,AUTOMATIC,NORMAL,65,1950,1950,0,145,145,0.3,0.48,24.22401,38.3,1.208,1.072,0.0808,0.054,244.42,15.0788,0.00981,1,0.18,4.013,3.5134,41.5,CRITICAL,F1,1,1,mechanical_imbalance,0.9,1,1,,,,,29,0
2026-08-19T15:51:52.621Z,1787154712621,FAN_DT_001_F1_S09_R01_20260819T154800,1,232.401,FAULT_ACTIVE,F1,0.9,FAN_DT_001,3.0,process-model-3.0.0-build3,7369,1,LIVE,SYNCHRONISED,AUTOMATIC,NORMAL,65,1950,1950,0,145,145,0.3,0.48,24.21975,38.29,1.208,1.072,0.0808,0.054,244.42,15.1491,0.0097,1,0.18,3.968,3.5297,41.5,CRITICAL,F1,1,1,mechanical_imbalance,0.9,1,1,,,,,29,0
2026-08-19T15:51:53.658Z,1787154713658,FAN_DT_001_F1_S09_R01_20260819T154800,1,233.438,FAULT_ACTIVE,F1,0.9,FAN_DT_001,3.0,process-model-3.0.0-build3,7370,1,LIVE,SYNCHRONISED,AUTOMATIC,NORMAL,65,1950,1950,0,145,145,0.3,0.48,24.21591,38.28,1.208,1.072,0.0808,0.054,244.42,15.219,0.00961,1,0.18,3.932,3.546,41.5,CRITICAL,F1,1,1,mechanical_imbalance,0.9,1,1,,,,,29,0
2026-08-19T15:51:54.693Z,1787154714693,FAN_DT_001_F1_S09_R01_20260819T154800,1,234.473,FAULT_ACTIVE,F1,0.9,FAN_DT_001,3.0,process-model-3.0.0-build3,7371,1,LIVE,SYNCHRONISED,AUTOMATIC,NORMAL,65,1950,1950,0,145,145,0.3,0.48,24.21246,38.27,1.208,1.072,0.0808,0.054,244.42,15.2894,0.00949,1,0.18,3.883,3.5624,41.5,CRITICAL,F1,1,1,mechanical_imbalance,0.9,1,1,,,,,29,0
2026-08-19T15:51:55.743Z,1787154715743,FAN_DT_001_F1_S09_R01_20260819T154800,1,235.523,FAULT_ACTIVE,F1,0.9,FAN_DT_001,3.0,process-model-3.0.0-build3,7372,1,LIVE,SYNCHRONISED,AUTOMATIC,NORMAL,65,1950,1950,0,145,145,0.3,0.48,24.20944,38.26,1.208,1.072,0.0808,0.054,244.42,15.3595,0.00939,1,0.18,3.843,3.5788,41.5,CRITICAL,F1,1,1,mechanical_imbalance,0.9,1,1,,,,,29,0
2026-08-19T15:51:56.763Z,1787154716763,FAN_DT_001_F1_S09_R01_20260819T154800,1,236.543,FAULT_ACTIVE,F1,0.9,FAN_DT_001,3.0,process-model-3.0.0-build3,7373,1,LIVE,SYNCHRONISED,AUTOMATIC,NORMAL,65,1950,1950,0,145,145,0.3,0.48,24.20683,38.25,1.208,1.072,0.0808,0.054,244.42,15.4296,0.00926,1,0.18,3.79,3.5951,41.5,CRITICAL,F1,1,1,mechanical_imbalance,0.9,1,1,,,,,29,0
2026-08-19T15:51:57.798Z,1787154717798,FAN_DT_001_F1_S09_R01_20260819T154800,1,237.578,FAULT_ACTIVE,F1,0.9,FAN_DT_001,3.0,process-model-3.0.0-build3,7374,1,LIVE,SYNCHRONISED,AUTOMATIC,NORMAL,65,1950,1950,0,145,145,0.3,0.48,24.20465,38.24,1.208,1.072,0.0808,0.054,244.42,15.4999,0.00915,1,0.18,3.746,3.6115,41.5,CRITICAL,F1,1,1,mechanical_imbalance,0.9,1,1,,,,,29,0
2026-08-19T15:51:58.835Z,1787154718835,FAN_DT_001_F1_S09_R01_20260819T154800,1,238.615,FAULT_ACTIVE,F1,0.9,FAN_DT_001,3.0,process-model-3.0.0-build3,7375,1,LIVE,SYNCHRONISED,AUTOMATIC,NORMAL,65,1950,1950,0,145,145,0.3,0.48,24.20288,38.23,1.208,1.072,0.0808,0.054,244.42,15.57,0.00903,1,0.18,3.693,3.6278,41.5,CRITICAL,F1,1,1,mechanical_imbalance,0.9,1,1,,,,,29,0
2026-08-19T15:51:59.869Z,1787154719869,FAN_DT_001_F1_S09_R01_20260819T154800,1,239.649,FAULT_ACTIVE,F1,0.9,FAN_DT_001,3.0,process-model-3.0.0-build3,7376,1,LIVE,SYNCHRONISED,AUTOMATIC,NORMAL,65,1950,1950,0,145,145,0.3,0.48,24.20153,38.22,1.208,1.072,0.0808,0.054,244.42,15.6403,0.00887,1,0.18,3.629,3.6442,41.5,CRITICAL,F1,1,1,mechanical_imbalance,0.9,1,1,,,,,29,0
2026-08-19T15:52:00.903Z,1787154720903,FAN_DT_001_F1_S09_R01_20260819T154800,1,240.683,FAULT_ACTIVE,F1,0.9,FAN_DT_001,3.0,process-model-3.0.0-build3,7377,1,LIVE,SYNCHRONISED,AUTOMATIC,NORMAL,65,1950,1950,0,145,145,0.3,0.48,24.20061,38.21,1.208,1.072,0.0808,0.054,244.42,15.7104,0.00876,1,0.18,3.582,3.6605,41.5,CRITICAL,F1,1,1,mechanical_imbalance,0.9,1,1,,,,,29,0
2026-08-19T15:52:01.939Z,1787154721939,FAN_DT_001_F1_S09_R01_20260819T154800,1,241.719,FAULT_ACTIVE,F1,0.9,FAN_DT_001,3.0,process-model-3.0.0-build3,7378,1,LIVE,SYNCHRONISED,AUTOMATIC,NORMAL,65,1950,1950,0,145,145,0.3,0.48,24.2001,38.2,1.208,1.072,0.0808,0.054,244.42,15.7805,0.0086,1,0.18,3.521,3.6769,41.5,CRITICAL,F1,1,1,mechanical_imbalance,0.9,1,1,,,,,29,0
2026-08-19T15:52:02.963Z,1787154722963,FAN_DT_001_F1_S09_R01_20260819T154800,1,242.743,FAULT_ACTIVE,F1,0.9,FAN_DT_001,3.0,process-model-3.0.0-build3,7379,1,LIVE,SYNCHRONISED,AUTOMATIC,NORMAL,65,1950,1950,0,145,145,0.3,0.48,24.20002,38.19,1.208,1.072,0.0808,0.054,244.42,15.8502,0.00848,1,0.18,3.468,3.6931,41.5,CRITICAL,F1,1,1,mechanical_imbalance,0.9,1,1,,,,,29,0
2026-08-19T15:52:03.999Z,1787154723999,FAN_DT_001_F1_S09_R01_20260819T154800,1,243.779,FAULT_ACTIVE,F1,0.9,FAN_DT_001,3.0,process-model-3.0.0-build3,7380,1,LIVE,SYNCHRONISED,AUTOMATIC,NORMAL,65,1950,1950,0,145,145,0.3,0.48,24.20035,38.18,1.208,1.072,0.0808,0.054,244.42,15.9201,0.00832,1,0.18,3.405,3.7094,41.5,CRITICAL,F1,1,1,mechanical_imbalance,0.9,1,1,,,,,29,0
2026-08-19T15:52:05.042Z,1787154725042,FAN_DT_001_F1_S09_R01_20260819T154800,1,244.822,FAULT_ACTIVE,F1,0.9,FAN_DT_001,3.0,process-model-3.0.0-build3,7381,1,LIVE,SYNCHRONISED,AUTOMATIC,NORMAL,65,1950,1950,0,145,145,0.3,0.48,24.20111,38.17,1.208,1.072,0.0808,0.054,244.42,15.9904,0.00817,1,0.18,3.344,3.7258,41.5,CRITICAL,F1,1,1,mechanical_imbalance,0.9,1,1,,,,,29,0
2026-08-19T15:52:06.067Z,1787154726067,FAN_DT_001_F1_S09_R01_20260819T154800,1,245.847,FAULT_ACTIVE,F1,0.9,FAN_DT_001,3.0,process-model-3.0.0-build3,7382,1,LIVE,SYNCHRONISED,AUTOMATIC,NORMAL,65,1950,1950,0,145,145,0.3,0.48,24.20229,38.17,1.208,1.072,0.0808,0.054,244.42,16.0606,0.008,1,0.18,3.275,3.7421,41.5,CRITICAL,F1,1,1,mechanical_imbalance,0.9,1,1,,,,,29,0
2026-08-19T15:52:07.106Z,1787154727106,FAN_DT_001_F1_S09_R01_20260819T154800,1,246.887,FAULT_ACTIVE,F1,0.9,FAN_DT_001,3.0,process-model-3.0.0-build3,7383,1,LIVE,SYNCHRONISED,AUTOMATIC,NORMAL,65,1950,1950,0,145,145,0.3,0.48,24.20389,38.16,1.208,1.072,0.0808,0.054,244.42,16.1306,0.00784,1,0.18,3.208,3.7584,41.5,CRITICAL,F1,1,1,mechanical_imbalance,0.9,1,1,,,,,29,0
2026-08-19T15:52:08.140Z,1787154728140,FAN_DT_001_F1_S09_R01_20260819T154800,1,247.92,FAULT_ACTIVE,F1,0.9,FAN_DT_001,3.0,process-model-3.0.0-build3,7384,1,LIVE,SYNCHRONISED,AUTOMATIC,NORMAL,65,1950,1950,0,145,145,0.3,0.48,24.20591,38.15,1.208,1.072,0.0808,0.054,244.42,16.201,0.00766,1,0.18,3.134,3.7748,41.5,CRITICAL,F1,1,1,mechanical_imbalance,0.9,1,1,,,,,29,0
2026-08-19T15:52:09.175Z,1787154729175,FAN_DT_001_F1_S09_R01_20260819T154800,1,248.955,FAULT_ACTIVE,F1,0.9,FAN_DT_001,3.0,process-model-3.0.0-build3,7385,1,LIVE,SYNCHRONISED,AUTOMATIC,NORMAL,65,1950,1950,0,145,145,0.3,0.48,24.20834,38.14,1.208,1.072,0.0808,0.054,244.42,16.2709,0.00751,1,0.18,3.074,3.7911,41.5,CRITICAL,F1,1,1,mechanical_imbalance,0.9,1,1,,,,,29,0
2026-08-19T15:52:10.213Z,1787154730213,FAN_DT_001_F1_S09_R01_20260819T154800,1,249.993,FAULT_ACTIVE,F1,0.9,FAN_DT_001,3.0,process-model-3.0.0-build3,7386,1,LIVE,SYNCHRONISED,AUTOMATIC,NORMAL,65,1950,1950,0,145,145,0.3,0.48,24.21121,38.13,1.208,1.072,0.0808,0.054,244.42,16.3413,0.00733,1,0.18,2.998,3.8075,41.5,CRITICAL,F1,1,1,mechanical_imbalance,0.9,1,1,,,,,29,0
2026-08-19T15:52:11.245Z,1787154731245,FAN_DT_001_F1_S09_R01_20260819T154800,1,251.026,FAULT_ACTIVE,F1,0.9,FAN_DT_001,3.0,process-model-3.0.0-build3,7387,1,LIVE,SYNCHRONISED,AUTOMATIC,NORMAL,65,1950,1950,0,145,145,0.3,0.48,24.21449,38.13,1.208,1.072,0.0808,0.054,244.42,16.4117,0.00714,1,0.18,2.92,3.8239,41.5,CRITICAL,F1,1,1,mechanical_imbalance,0.9,1,1,,,,,29,0
2026-08-19T15:52:12.282Z,1787154732282,FAN_DT_001_F1_S09_R01_20260819T154800,1,252.062,FAULT_ACTIVE,F1,0.9,FAN_DT_001,3.0,process-model-3.0.0-build3,7388,1,LIVE,SYNCHRONISED,AUTOMATIC,NORMAL,65,1950,1950,0,145,145,0.3,0.48,24.21816,38.12,1.208,1.072,0.0808,0.054,244.42,16.4815,0.00697,1,0.18,2.853,3.8402,41.5,CRITICAL,F1,1,1,mechanical_imbalance,0.9,1,1,,,,,29,0
2026-08-19T15:52:13.316Z,1787154733316,FAN_DT_001_F1_S09_R01_20260819T154800,1,253.096,FAULT_ACTIVE,F1,0.9,FAN_DT_001,3.0,process-model-3.0.0-build3,7389,1,LIVE,SYNCHRONISED,AUTOMATIC,NORMAL,65,1950,1950,0,145,145,0.3,0.48,24.22228,38.11,1.208,1.072,0.0808,0.054,244.42,16.552,0.00678,1,0.18,2.775,3.8566,41.5,CRITICAL,F1,1,1,mechanical_imbalance,0.9,1,1,,,,,29,0
2026-08-19T15:52:14.354Z,1787154734354,FAN_DT_001_F1_S09_R01_20260819T154800,1,254.135,FAULT_ACTIVE,F1,0.9,FAN_DT_001,3.0,process-model-3.0.0-build3,7390,1,LIVE,SYNCHRONISED,AUTOMATIC,NORMAL,65,1950,1950,0,145,145,0.3,0.48,24.22678,38.11,1.208,1.072,0.0808,0.054,244.42,16.622,0.00659,1,0.18,2.696,3.8729,41.5,CRITICAL,F1,1,1,mechanical_imbalance,0.9,1,1,,,,,29,0
2026-08-19T15:52:15.391Z,1787154735391,FAN_DT_001_F1_S09_R01_20260819T154800,1,255.171,FAULT_ACTIVE,F1,0.9,FAN_DT_001,3.0,process-model-3.0.0-build3,7391,1,LIVE,SYNCHRONISED,AUTOMATIC,NORMAL,65,1950,1950,0,145,145,0.3,0.48,24.2317,38.1,1.208,1.072,0.0808,0.054,244.42,16.6923,0.00639,1,0.18,2.614,3.8893,41.5,CRITICAL,F1,1,1,mechanical_imbalance,0.9,1,1,,,,,29,0
2026-08-19T15:52:16.422Z,1787154736422,FAN_DT_001_F1_S09_R01_20260819T154800,1,256.202,FAULT_ACTIVE,F1,0.9,FAN_DT_001,3.0,process-model-3.0.0-build3,7392,1,LIVE,SYNCHRONISED,AUTOMATIC,NORMAL,65,1950,1950,0,145,145,0.3,0.48,24.23704,38.09,1.208,1.072,0.0808,0.054,244.42,16.7626,0.00621,1,0.18,2.541,3.9057,41.5,CRITICAL,F1,1,1,mechanical_imbalance,0.9,1,1,,,,,29,0
2026-08-19T15:52:17.459Z,1787154737459,FAN_DT_001_F1_S09_R01_20260819T154800,1,257.239,FAULT_ACTIVE,F1,0.9,FAN_DT_001,3.0,process-model-3.0.0-build3,7393,1,LIVE,SYNCHRONISED,AUTOMATIC,NORMAL,65,1950,1950,0,145,145,0.3,0.48,24.24272,38.09,1.208,1.072,0.0808,0.054,244.42,16.8323,0.00601,1,0.18,2.458,3.9219,41.5,CRITICAL,F1,1,1,mechanical_imbalance,0.9,1,1,,,,,29,0
2026-08-19T15:52:18.488Z,1787154738488,FAN_DT_001_F1_S09_R01_20260819T154800,1,258.268,FAULT_ACTIVE,F1,0.9,FAN_DT_001,3.0,process-model-3.0.0-build3,7394,1,LIVE,SYNCHRONISED,AUTOMATIC,NORMAL,65,1950,1950,0,145,145,0.3,0.48,24.24884,38.08,1.208,1.072,0.0808,0.054,244.42,16.9025,0.00581,1,0.18,2.378,3.9383,41.5,CRITICAL,F1,1,1,mechanical_imbalance,0.9,1,1,,,,,29,0
2026-08-19T15:52:19.528Z,1787154739528,FAN_DT_001_F1_S09_R01_20260819T154800,1,259.308,FAULT_ACTIVE,F1,0.9,FAN_DT_001,3.0,process-model-3.0.0-build3,7395,1,LIVE,SYNCHRONISED,AUTOMATIC,NORMAL,65,1950,1950,0,145,145,0.3,0.48,24.25537,38.07,1.208,1.072,0.0808,0.054,244.42,16.9727,0.00561,1,0.18,2.294,3.9546,41.5,CRITICAL,F1,1,1,mechanical_imbalance,0.9,1,1,,,,,29,0
2026-08-19T15:52:20.559Z,1787154740559,FAN_DT_001_F1_S09_R01_20260819T154800,1,260.339,FAULT_ACTIVE,F1,0.9,FAN_DT_001,3.0,process-model-3.0.0-build3,7396,1,LIVE,SYNCHRONISED,AUTOMATIC,NORMAL,65,1950,1950,0,145,145,0.3,0.48,24.26225,38.07,1.208,1.072,0.0808,0.054,244.42,17.0425,0.0054,1,0.18,2.209,3.9709,41.5,CRITICAL,F1,1,1,mechanical_imbalance,0.9,1,1,,,,,29,0
2026-08-19T15:52:21.592Z,1787154741592,FAN_DT_001_F1_S09_R01_20260819T154800,1,261.372,FAULT_ACTIVE,F1,0.9,FAN_DT_001,3.0,process-model-3.0.0-build3,7397,1,LIVE,SYNCHRONISED,AUTOMATIC,NORMAL,65,1950,1950,0,145,145,0.3,0.48,24.26958,38.06,1.208,1.072,0.0808,0.054,244.42,17.1129,0.00518,1,0.18,2.118,3.9873,41.5,CRITICAL,F1,1,1,mechanical_imbalance,0.9,1,1,,,,,29,0
2026-08-19T15:52:22.629Z,1787154742629,FAN_DT_001_F1_S09_R01_20260819T154800,1,262.409,FAULT_ACTIVE,F1,0.9,FAN_DT_001,3.0,process-model-3.0.0-build3,7398,1,LIVE,SYNCHRONISED,AUTOMATIC,NORMAL,65,1950,1950,0,145,145,0.3,0.48,24.27727,38.06,1.208,1.072,0.0808,0.054,244.42,17.1831,0.00497,1,0.18,2.034,4.0037,41.5,CRITICAL,F1,1,1,mechanical_imbalance,0.9,1,1,,,,,29,0
2026-08-19T15:52:23.665Z,1787154743665,FAN_DT_001_F1_S09_R01_20260819T154800,1,263.445,FAULT_ACTIVE,F1,0.9,FAN_DT_001,3.0,process-model-3.0.0-build3,7399,1,LIVE,SYNCHRONISED,AUTOMATIC,NORMAL,65,1950,1950,0,145,145,0.3,0.48,24.28532,38.05,1.208,1.072,0.0808,0.054,244.42,17.2532,0.00475,1,0.18,1.942,4.02,41.5,CRITICAL,F1,1,1,mechanical_imbalance,0.9,1,1,,,,,29,0
2026-08-19T15:52:24.699Z,1787154744699,FAN_DT_001_F1_S09_R01_20260819T154800,1,264.479,FAULT_ACTIVE,F1,0.9,FAN_DT_001,3.0,process-model-3.0.0-build3,7400,1,LIVE,SYNCHRONISED,AUTOMATIC,NORMAL,65,1950,1950,0,145,145,0.3,0.48,24.29378,38.05,1.208,1.072,0.0808,0.054,244.42,17.3236,0.00454,1,0.18,1.856,4.0364,41.5,CRITICAL,F1,1,1,mechanical_imbalance,0.9,1,1,,,,,29,0
2026-08-19T15:52:25.765Z,1787154745765,FAN_DT_001_F1_S09_R01_20260819T154800,1,265.545,FAULT_ACTIVE,F1,0.9,FAN_DT_001,3.0,process-model-3.0.0-build3,7401,1,LIVE,SYNCHRONISED,AUTOMATIC,NORMAL,65,1950,1950,0,145,145,0.3,0.48,24.3026,38.04,1.208,1.072,0.0808,0.054,244.42,17.3937,0.00431,1,0.18,1.762,4.0527,41.5,CRITICAL,F1,1,1,mechanical_imbalance,0.9,1,1,,,,,29,0
2026-08-19T15:52:26.770Z,1787154746770,FAN_DT_001_F1_S09_R01_20260819T154800,1,266.55,FAULT_ACTIVE,F1,0.9,FAN_DT_001,3.0,process-model-3.0.0-build3,7402,1,LIVE,SYNCHRONISED,AUTOMATIC,NORMAL,65,1950,1950,0,145,145,0.3,0.48,24.3118,38.04,1.208,1.072,0.0808,0.054,244.42,17.464,0.00409,1,0.18,1.672,4.0691,41.5,CRITICAL,F1,1,1,mechanical_imbalance,0.9,1,1,,,,,29,0
2026-08-19T15:52:27.807Z,1787154747807,FAN_DT_001_F1_S09_R01_20260819T154800,1,267.587,FAULT_ACTIVE,F1,0.9,FAN_DT_001,3.0,process-model-3.0.0-build3,7403,1,LIVE,SYNCHRONISED,AUTOMATIC,NORMAL,65,1950,1950,0,145,145,0.3,0.48,24.32135,38.04,1.208,1.072,0.0808,0.054,244.42,17.5342,0.00384,1,0.18,1.573,4.0855,41.5,CRITICAL,F1,1,1,mechanical_imbalance,0.9,1,1,,,,,29,0
2026-08-19T15:52:28.842Z,1787154748842,FAN_DT_001_F1_S09_R01_20260819T154800,1,268.622,FAULT_ACTIVE,F1,0.9,FAN_DT_001,3.0,process-model-3.0.0-build3,7404,1,LIVE,SYNCHRONISED,AUTOMATIC,NORMAL,65,1950,1950,0,145,145,0.3,0.48,24.33123,38.03,1.208,1.072,0.0808,0.054,244.42,17.6042,0.00363,1,0.18,1.487,4.1018,41.5,CRITICAL,F1,1,1,mechanical_imbalance,0.9,1,1,,,,,29,0
2026-08-19T15:52:29.876Z,1787154749876,FAN_DT_001_F1_S09_R01_20260819T154800,1,269.656,FAULT_ACTIVE,F1,0.9,FAN_DT_001,3.0,process-model-3.0.0-build3,7405,1,LIVE,SYNCHRONISED,AUTOMATIC,NORMAL,65,1950,1950,0,145,145,0.3,0.48,24.34152,38.03,1.208,1.072,0.0808,0.054,244.42,17.6746,0.0034,1,0.18,1.39,4.1182,41.5,CRITICAL,F1,1,1,mechanical_imbalance,0.9,1,1,,,,,29,0
2026-08-19T15:52:30.916Z,1787154750916,FAN_DT_001_F1_S09_R01_20260819T154800,1,270.696,FAULT_ACTIVE,F1,0.9,FAN_DT_001,3.0,process-model-3.0.0-build3,7406,1,LIVE,SYNCHRONISED,AUTOMATIC,NORMAL,65,1950,1950,0,145,145,0.3,0.48,24.35213,38.02,1.208,1.072,0.0808,0.054,244.42,17.7447,0.00317,1,0.18,1.299,4.1345,41.5,CRITICAL,F1,1,1,mechanical_imbalance,0.9,1,1,,,,,29,0
2026-08-19T15:52:31.949Z,1787154751949,FAN_DT_001_F1_S09_R01_20260819T154800,1,271.729,FAULT_ACTIVE,F1,0.9,FAN_DT_001,3.0,process-model-3.0.0-build3,7407,1,LIVE,SYNCHRONISED,AUTOMATIC,NORMAL,65,1950,1950,0,145,145,0.3,0.48,24.3631,38.02,1.208,1.072,0.0808,0.054,244.42,17.815,0.00294,1,0.18,1.202,4.1509,41.5,CRITICAL,F1,1,1,mechanical_imbalance,0.9,1,1,,,,,29,0
2026-08-19T15:52:32.981Z,1787154752981,FAN_DT_001_F1_S09_R01_20260819T154800,1,272.76,FAULT_ACTIVE,F1,0.9,FAN_DT_001,3.0,process-model-3.0.0-build3,7408,1,LIVE,SYNCHRONISED,AUTOMATIC,NORMAL,65,1950,1950,0,145,145,0.3,0.48,24.37435,38.02,1.208,1.072,0.0808,0.054,244.42,17.885,0.00269,1,0.18,1.1,4.1672,41.5,CRITICAL,F1,1,1,mechanical_imbalance,0.9,1,1,,,,,29,0
2026-08-19T15:52:34.019Z,1787154754019,FAN_DT_001_F1_S09_R01_20260819T154800,1,273.799,FAULT_ACTIVE,F1,0.9,FAN_DT_001,3.0,process-model-3.0.0-build3,7409,1,LIVE,SYNCHRONISED,AUTOMATIC,NORMAL,65,1950,1950,0,145,145,0.3,0.48,24.38596,38.02,1.208,1.072,0.0808,0.054,244.42,17.955,0.00246,1,0.18,1.008,4.1835,41.5,CRITICAL,F1,1,1,mechanical_imbalance,0.9,1,1,,,,,29,0
2026-08-19T15:52:35.051Z,1787154755051,FAN_DT_001_F1_S09_R01_20260819T154800,1,274.831,FAULT_ACTIVE,F1,0.9,FAN_DT_001,3.0,process-model-3.0.0-build3,7410,1,LIVE,SYNCHRONISED,AUTOMATIC,NORMAL,65,1950,1950,0,145,145,0.3,0.48,24.39788,38.01,1.208,1.072,0.0808,0.054,244.42,18.0252,0.00222,1,0.18,0.91,4.1999,41.5,CRITICAL,F1,1,1,mechanical_imbalance,0.9,1,1,,,,,29,0
2026-08-19T15:52:36.086Z,1787154756086,FAN_DT_001_F1_S09_R01_20260819T154800,1,275.866,FAULT_ACTIVE,F1,0.9,FAN_DT_001,3.0,process-model-3.0.0-build3,7411,1,LIVE,SYNCHRONISED,AUTOMATIC,NORMAL,65,1950,1950,0,145,145,0.3,0.48,24.4101,38.01,1.208,1.072,0.0808,0.054,244.42,18.0952,0.00198,1,0.18,0.81,4.2162,41.5,CRITICAL,F1,1,1,mechanical_imbalance,0.9,1,1,,,,,29,0
2026-08-19T15:52:37.119Z,1787154757119,FAN_DT_001_F1_S09_R01_20260819T154800,1,276.899,FAULT_ACTIVE,F1,0.9,FAN_DT_001,3.0,process-model-3.0.0-build3,7412,1,LIVE,SYNCHRONISED,AUTOMATIC,NORMAL,65,1950,1950,0,145,145,0.3,0.48,24.42269,38.01,1.208,1.072,0.0808,0.054,244.42,18.1654,0.00176,1,0.18,0.718,4.2325,41.5,CRITICAL,F1,1,1,mechanical_imbalance,0.9,1,1,,,,,29,0
2026-08-19T15:52:38.152Z,1787154758152,FAN_DT_001_F1_S09_R01_20260819T154800,1,277.932,FAULT_ACTIVE,F1,0.9,FAN_DT_001,3.0,process-model-3.0.0-build3,7413,1,LIVE,SYNCHRONISED,AUTOMATIC,NORMAL,65,1950,1950,0,145,145,0.3,0.48,24.43555,38.01,1.208,1.072,0.0808,0.054,244.42,18.2355,0.0015,1,0.18,0.615,4.2489,41.5,CRITICAL,F1,1,1,mechanical_imbalance,0.9,1,1,,,,,29,0
2026-08-19T15:52:39.192Z,1787154759192,FAN_DT_001_F1_S09_R01_20260819T154800,1,278.972,FAULT_ACTIVE,F1,0.9,FAN_DT_001,3.0,process-model-3.0.0-build3,7414,1,LIVE,SYNCHRONISED,AUTOMATIC,NORMAL,65,1950,1950,0,145,145,0.3,0.48,24.4487,38.01,1.208,1.072,0.0808,0.054,244.42,18.3056,0.00126,1,0.18,0.516,4.2652,41.5,CRITICAL,F1,1,1,mechanical_imbalance,0.9,1,1,,,,,29,0
2026-08-19T15:52:40.225Z,1787154760225,FAN_DT_001_F1_S09_R01_20260819T154800,1,280.005,FAULT_ACTIVE,F1,0.9,FAN_DT_001,3.0,process-model-3.0.0-build3,7415,1,LIVE,SYNCHRONISED,AUTOMATIC,NORMAL,65,1950,1950,0,145,145,0.3,0.48,24.46222,38.01,1.208,1.072,0.0808,0.054,244.42,18.3761,0.00103,1,0.18,0.421,4.2816,41.5,CRITICAL,F1,1,1,mechanical_imbalance,0.9,1,1,,,,,29,0
2026-08-19T15:52:41.262Z,1787154761262,FAN_DT_001_F1_S09_R01_20260819T154800,1,281.042,FAULT_ACTIVE,F1,0.9,FAN_DT_001,3.0,process-model-3.0.0-build3,7416,1,LIVE,SYNCHRONISED,AUTOMATIC,NORMAL,65,1950,1950,0,145,145,0.3,0.48,24.47593,38,1.208,1.072,0.0808,0.054,244.42,18.4461,0.00078,1,0.18,0.319,4.2979,41.5,CRITICAL,F1,1,1,mechanical_imbalance,0.9,1,1,,,,,29,0
2026-08-19T15:52:42.298Z,1787154762298,FAN_DT_001_F1_S09_R01_20260819T154800,1,282.078,FAULT_ACTIVE,F1,0.9,FAN_DT_001,3.0,process-model-3.0.0-build3,7417,1,LIVE,SYNCHRONISED,AUTOMATIC,NORMAL,65,1950,1950,0,145,145,0.3,0.48,24.48996,38,1.208,1.072,0.0808,0.054,244.42,18.5163,0.00054,1,0.18,0.221,4.3143,41.5,CRITICAL,F1,1,1,mechanical_imbalance,0.9,1,1,,,,,29,0
2026-08-19T15:52:43.329Z,1787154763329,FAN_DT_001_F1_S09_R01_20260819T154800,1,283.109,FAULT_ACTIVE,F1,0.9,FAN_DT_001,3.0,process-model-3.0.0-build3,7418,1,LIVE,SYNCHRONISED,AUTOMATIC,NORMAL,65,1950,1950,0,145,145,0.3,0.48,24.50425,38,1.208,1.072,0.0808,0.054,244.42,18.5865,0.0003,1,0.18,0.123,4.3307,41.5,CRITICAL,F1,1,1,mechanical_imbalance,0.9,1,1,,,,,29,0
2026-08-19T15:52:44.368Z,1787154764368,FAN_DT_001_F1_S09_R01_20260819T154800,1,284.148,FAULT_ACTIVE,F1,0.9,FAN_DT_001,3.0,process-model-3.0.0-build3,7419,1,LIVE,SYNCHRONISED,AUTOMATIC,NORMAL,65,1950,1950,0,145,145,0.3,0.48,24.51875,38,1.208,1.072,0.0808,0.054,244.42,18.6565,0.00006,1,0.18,0.024,4.347,41.5,CRITICAL,F1,1,1,mechanical_imbalance,0.9,1,1,,,,,29,0
2026-08-19T15:52:45.402Z,1787154765402,FAN_DT_001_F1_S09_R01_20260819T154800,1,285.182,FAULT_ACTIVE,F1,0.9,FAN_DT_001,3.0,process-model-3.0.0-build3,7420,1,LIVE,SYNCHRONISED,AUTOMATIC,NORMAL,65,1950,1950,0,145,145,0.3,0.48,24.53361,38,1.208,1.072,0.0808,0.054,244.42,18.7269,-0.00021,1,0.18,0.087,4.3634,41.5,CRITICAL,F1,1,1,mechanical_imbalance,0.9,1,1,,,,,29,0
2026-08-19T15:52:46.444Z,1787154766444,FAN_DT_001_F1_S09_R01_20260819T154800,1,286.224,FAULT_ACTIVE,F1,0.9,FAN_DT_001,3.0,process-model-3.0.0-build3,7421,1,LIVE,SYNCHRONISED,AUTOMATIC,NORMAL,65,1950,1950,0,145,145,0.3,0.48,24.54866,38,1.208,1.072,0.0808,0.054,244.42,18.7971,-0.00043,1,0.18,0.177,4.3797,41.5,CRITICAL,F1,1,1,mechanical_imbalance,0.9,1,1,,,,,29,0
2026-08-19T15:52:47.469Z,1787154767469,FAN_DT_001_F1_S09_R01_20260819T154800,1,287.249,FAULT_ACTIVE,F1,0.9,FAN_DT_001,3.0,process-model-3.0.0-build3,7422,1,LIVE,SYNCHRONISED,AUTOMATIC,NORMAL,65,1950,1950,0,145,145,0.3,0.48,24.5639,38,1.208,1.072,0.0808,0.054,244.42,18.867,-0.00068,1,0.18,0.28,4.396,41.5,CRITICAL,F1,1,1,mechanical_imbalance,0.9,1,1,,,,,29,0
2026-08-19T15:52:48.501Z,1787154768501,FAN_DT_001_F1_S09_R01_20260819T154800,1,288.281,FAULT_ACTIVE,F1,0.9,FAN_DT_001,3.0,process-model-3.0.0-build3,7423,1,LIVE,SYNCHRONISED,AUTOMATIC,NORMAL,65,1950,1950,0,145,145,0.3,0.48,24.57938,38,1.208,1.072,0.0808,0.054,244.42,18.937,-0.00094,1,0.18,0.384,4.4123,41.5,CRITICAL,F1,1,1,mechanical_imbalance,0.9,1,1,,,,,29,0
2026-08-19T15:52:49.538Z,1787154769538,FAN_DT_001_F1_S09_R01_20260819T154800,1,289.318,FAULT_ACTIVE,F1,0.9,FAN_DT_001,3.0,process-model-3.0.0-build3,7424,1,LIVE,SYNCHRONISED,AUTOMATIC,NORMAL,65,1950,1950,0,145,145,0.3,0.48,24.59507,38.01,1.208,1.072,0.0808,0.054,244.42,19.007,-0.00116,1,0.18,0.473,4.4286,41.5,CRITICAL,F1,1,1,mechanical_imbalance,0.9,1,1,,,,,29,0
2026-08-19T15:52:50.574Z,1787154770574,FAN_DT_001_F1_S09_R01_20260819T154800,1,290.354,FAULT_ACTIVE,F1,0.9,FAN_DT_001,3.0,process-model-3.0.0-build3,7425,1,LIVE,SYNCHRONISED,AUTOMATIC,NORMAL,65,1950,1950,0,145,145,0.3,0.48,24.61106,38.01,1.208,1.072,0.0808,0.054,244.42,19.0773,-0.00142,1,0.18,0.582,4.445,41.5,CRITICAL,F1,1,1,mechanical_imbalance,0.9,1,1,,,,,29,0
2026-08-19T15:52:51.605Z,1787154771605,FAN_DT_001_F1_S09_R01_20260819T154800,1,291.385,FAULT_ACTIVE,F1,0.9,FAN_DT_001,3.0,process-model-3.0.0-build3,7426,1,LIVE,SYNCHRONISED,AUTOMATIC,NORMAL,65,1950,1950,0,145,145,0.3,0.48,24.62721,38.01,1.208,1.072,0.0808,0.054,244.42,19.1475,-0.00166,1,0.18,0.678,4.4614,41.5,CRITICAL,F1,1,1,mechanical_imbalance,0.9,1,1,,,,,29,0
2026-08-19T15:52:52.643Z,1787154772643,FAN_DT_001_F1_S09_R01_20260819T154800,1,292.423,FAULT_ACTIVE,F1,0.9,FAN_DT_001,3.0,process-model-3.0.0-build3,7427,1,LIVE,SYNCHRONISED,AUTOMATIC,NORMAL,65,1950,1950,0,145,145,0.3,0.48,24.64353,38.01,1.208,1.072,0.0808,0.054,244.42,19.2175,-0.00189,1,0.18,0.774,4.4777,41.5,CRITICAL,F1,1,1,mechanical_imbalance,0.9,1,1,,,,,29,0
2026-08-19T15:52:53.676Z,1787154773676,FAN_DT_001_F1_S09_R01_20260819T154800,1,293.457,FAULT_ACTIVE,F1,0.9,FAN_DT_001,3.0,process-model-3.0.0-build3,7428,1,LIVE,SYNCHRONISED,AUTOMATIC,NORMAL,65,1950,1950,0,145,145,0.3,0.48,24.66013,38.01,1.208,1.072,0.0808,0.054,244.42,19.2879,-0.00212,1,0.18,0.867,4.4941,41.5,CRITICAL,F1,1,1,mechanical_imbalance,0.9,1,1,,,,,29,0
2026-08-19T15:52:54.711Z,1787154774711,FAN_DT_001_F1_S09_R01_20260819T154800,1,294.491,FAULT_ACTIVE,F1,0.9,FAN_DT_001,3.0,process-model-3.0.0-build3,7429,1,LIVE,SYNCHRONISED,AUTOMATIC,NORMAL,65,1950,1950,0,145,145,0.3,0.48,24.6768,38.02,1.208,1.072,0.0808,0.054,244.42,19.3579,-0.00237,1,0.18,0.97,4.5104,41.5,CRITICAL,F1,1,1,mechanical_imbalance,0.9,1,1,,,,,29,0
2026-08-19T15:52:55.747Z,1787154775747,FAN_DT_001_F1_S09_R01_20260819T154800,1,295.527,FAULT_ACTIVE,F1,0.9,FAN_DT_001,3.0,process-model-3.0.0-build3,7430,1,LIVE,SYNCHRONISED,AUTOMATIC,NORMAL,65,1950,1950,0,145,145,0.3,0.48,24.69368,38.02,1.208,1.072,0.0808,0.054,244.42,19.428,-0.0026,1,0.18,1.065,4.5267,41.5,CRITICAL,F1,1,1,mechanical_imbalance,0.9,1,1,,,,,29,0
2026-08-19T15:52:56.780Z,1787154776780,FAN_DT_001_F1_S09_R01_20260819T154800,1,296.56,FAULT_ACTIVE,F1,0.9,FAN_DT_001,3.0,process-model-3.0.0-build3,7431,1,LIVE,SYNCHRONISED,AUTOMATIC,NORMAL,65,1950,1950,0,145,145,0.3,0.48,24.71075,38.02,1.208,1.072,0.0808,0.054,244.42,19.4982,-0.00284,1,0.18,1.162,4.5431,41.5,CRITICAL,F1,1,1,mechanical_imbalance,0.9,1,1,,,,,29,0
2026-08-19T15:52:57.816Z,1787154777816,FAN_DT_001_F1_S09_R01_20260819T154800,1,297.597,FAULT_ACTIVE,F1,0.9,FAN_DT_001,3.0,process-model-3.0.0-build3,7432,1,LIVE,SYNCHRONISED,AUTOMATIC,NORMAL,65,1950,1950,0,145,145,0.3,0.48,24.72791,38.02,1.208,1.072,0.0808,0.054,244.42,19.5682,-0.00308,1,0.18,1.261,4.5594,41.5,CRITICAL,F1,1,1,mechanical_imbalance,0.9,1,1,,,,,29,0
2026-08-19T15:52:58.850Z,1787154778850,FAN_DT_001_F1_S09_R01_20260819T154800,1,298.63,FAULT_ACTIVE,F1,0.9,FAN_DT_001,3.0,process-model-3.0.0-build3,7433,1,LIVE,SYNCHRONISED,AUTOMATIC,NORMAL,65,1950,1950,0,145,145,0.3,0.48,24.74529,38.03,1.208,1.072,0.0808,0.054,244.42,19.6385,-0.0033,1,0.18,1.35,4.5758,41.5,CRITICAL,F1,1,1,mechanical_imbalance,0.9,1,1,,,,,29,0
2026-08-19T15:52:59.883Z,1787154779883,FAN_DT_001_F1_S09_R01_20260819T154800,1,299.663,FAULT_ACTIVE,F1,0.9,FAN_DT_001,3.0,process-model-3.0.0-build3,7434,1,LIVE,SYNCHRONISED,AUTOMATIC,NORMAL,65,1950,1950,0,145,145,0.3,0.48,24.76271,38.03,1.208,1.072,0.0808,0.054,244.42,19.7085,-0.00353,1,0.18,1.443,4.5921,41.5,CRITICAL,F1,1,1,mechanical_imbalance,0.9,1,1,,,,,29,0
2026-08-19T15:53:00.919Z,1787154780919,FAN_DT_001_F1_S09_R01_20260819T154800,1,300.699,FAULT_ACTIVE,F1,0.9,FAN_DT_001,3.0,process-model-3.0.0-build3,7435,1,LIVE,SYNCHRONISED,AUTOMATIC,NORMAL,65,1950,1950,0,145,145,0.3,0.48,24.78032,38.03,1.208,1.072,0.0808,0.054,244.42,19.7786,-0.00376,1,0.18,1.536,4.6084,41.5,CRITICAL,F1,1,1,mechanical_imbalance,0.9,1,1,,,,,29,0
2026-08-19T15:53:01.954Z,1787154781954,FAN_DT_001_F1_S09_R01_20260819T154800,1,301.734,FAULT_ACTIVE,F1,0.9,FAN_DT_001,3.0,process-model-3.0.0-build3,7436,1,LIVE,SYNCHRONISED,AUTOMATIC,NORMAL,65,1950,1950,0,145,145,0.3,0.48,24.79808,38.04,1.208,1.072,0.0808,0.054,244.42,19.8489,-0.00399,1,0.18,1.633,4.6248,41.5,CRITICAL,F1,1,1,mechanical_imbalance,0.9,1,1,,,,,29,0
2026-08-19T15:53:02.989Z,1787154782989,FAN_DT_001_F1_S09_R01_20260819T154800,1,302.768,FAULT_ACTIVE,F1,0.9,FAN_DT_001,3.0,process-model-3.0.0-build3,7437,1,LIVE,SYNCHRONISED,AUTOMATIC,NORMAL,65,1950,1950,0,145,145,0.3,0.48,24.81581,38.04,1.208,1.072,0.0808,0.054,244.42,19.9187,-0.00423,1,0.18,1.729,4.6411,41.5,CRITICAL,F1,1,1,mechanical_imbalance,0.9,1,1,,,,,29,0
2026-08-19T15:53:04.018Z,1787154784018,FAN_DT_001_F1_S09_R01_20260819T154800,1,303.798,FAULT_ACTIVE,F1,0.9,FAN_DT_001,3.0,process-model-3.0.0-build3,7438,1,LIVE,SYNCHRONISED,AUTOMATIC,NORMAL,65,1950,1950,0,145,145,0.3,0.48,24.83378,38.05,1.208,1.072,0.0808,0.054,244.42,19.989,-0.00445,1,0.18,1.821,4.6574,41.5,CRITICAL,F1,1,1,mechanical_imbalance,0.9,1,1,,,,,29,0
2026-08-19T15:53:05.054Z,1787154785054,FAN_DT_001_F1_S09_R01_20260819T154800,1,304.834,FAULT_ACTIVE,F1,0.9,FAN_DT_001,3.0,process-model-3.0.0-build3,7439,1,LIVE,SYNCHRONISED,AUTOMATIC,NORMAL,65,1950,1950,0,145,145,0.3,0.48,24.85172,38.05,1.208,1.072,0.0808,0.054,244.42,20.059,-0.00465,1,0.18,1.904,4.6737,41.5,CRITICAL,F1,1,1,mechanical_imbalance,0.9,1,1,,,,,29,0
2026-08-19T15:53:06.098Z,1787154786098,FAN_DT_001_F1_S09_R01_20260819T154800,1,305.878,FAULT_ACTIVE,F1,0.9,FAN_DT_001,3.0,process-model-3.0.0-build3,7440,1,LIVE,SYNCHRONISED,AUTOMATIC,NORMAL,65,1950,1950,0,145,145,0.3,0.48,24.86992,38.06,1.208,1.072,0.0808,0.054,244.42,20.1295,-0.00487,1,0.18,1.994,4.6902,41.5,CRITICAL,F1,1,1,mechanical_imbalance,0.9,1,1,,,,,29,0
2026-08-19T15:53:07.144Z,1787154787144,FAN_DT_001_F1_S09_R01_20260819T154800,1,306.924,FAULT_ACTIVE,F1,0.9,FAN_DT_001,3.0,process-model-3.0.0-build3,7441,1,LIVE,SYNCHRONISED,AUTOMATIC,NORMAL,65,1950,1950,0,145,145,0.3,0.48,24.88815,38.06,1.208,1.072,0.0808,0.054,244.42,20.1999,-0.0051,1,0.18,2.085,4.7066,41.5,CRITICAL,F1,1,1,mechanical_imbalance,0.9,1,1,,,,,29,0
2026-08-19T15:53:08.169Z,1787154788169,FAN_DT_001_F1_S09_R01_20260819T154800,1,307.949,FAULT_ACTIVE,F1,0.9,FAN_DT_001,3.0,process-model-3.0.0-build3,7442,1,LIVE,SYNCHRONISED,AUTOMATIC,NORMAL,65,1950,1950,0,145,145,0.3,0.48,24.90634,38.07,1.208,1.072,0.0808,0.054,244.42,20.27,-0.0053,1,0.18,2.168,4.7229,41.5,CRITICAL,F1,1,1,mechanical_imbalance,0.9,1,1,,,,,29,0
2026-08-19T15:53:09.201Z,1787154789201,FAN_DT_001_F1_S09_R01_20260819T154800,1,308.98,FAULT_ACTIVE,F1,0.9,FAN_DT_001,3.0,process-model-3.0.0-build3,7443,1,LIVE,SYNCHRONISED,AUTOMATIC,NORMAL,65,1950,1950,0,145,145,0.3,0.48,24.92462,38.07,1.208,1.072,0.0808,0.054,244.42,20.3402,-0.00551,1,0.18,2.254,4.7393,41.5,CRITICAL,F1,1,1,mechanical_imbalance,0.9,1,1,,,,,29,0
2026-08-19T15:53:10.236Z,1787154790236,FAN_DT_001_F1_S09_R01_20260819T154800,1,310.016,FAULT_ACTIVE,F1,0.9,FAN_DT_001,3.0,process-model-3.0.0-build3,7444,1,LIVE,SYNCHRONISED,AUTOMATIC,NORMAL,65,1950,1950,0,145,145,0.3,0.48,24.94293,38.08,1.208,1.072,0.0808,0.054,244.42,20.4104,-0.00572,1,0.18,2.341,4.7556,41.5,CRITICAL,F1,1,1,mechanical_imbalance,0.9,1,1,,,,,29,0
2026-08-19T15:53:11.281Z,1787154791281,FAN_DT_001_F1_S09_R01_20260819T154800,1,311.061,FAULT_ACTIVE,F1,0.9,FAN_DT_001,3.0,process-model-3.0.0-build3,7445,1,LIVE,SYNCHRONISED,AUTOMATIC,NORMAL,65,1950,1950,0,145,145,0.3,0.48,24.96122,38.09,1.208,1.072,0.0808,0.054,244.42,20.4803,-0.00592,1,0.18,2.421,4.7719,41.5,CRITICAL,F1,1,1,mechanical_imbalance,0.9,1,1,,,,,29,0
2026-08-19T15:53:12.302Z,1787154792302,FAN_DT_001_F1_S09_R01_20260819T154800,1,312.082,FAULT_ACTIVE,F1,0.9,FAN_DT_001,3.0,process-model-3.0.0-build3,7446,1,LIVE,SYNCHRONISED,AUTOMATIC,NORMAL,65,1950,1950,0,145,145,0.3,0.48,24.9796,38.09,1.208,1.072,0.0808,0.054,244.42,20.5506,-0.00612,1,0.18,2.502,4.7883,41.5,CRITICAL,F1,1,1,mechanical_imbalance,0.9,1,1,,,,,29,0
2026-08-19T15:53:13.341Z,1787154793341,FAN_DT_001_F1_S09_R01_20260819T154800,1,313.121,FAULT_ACTIVE,F1,0.9,FAN_DT_001,3.0,process-model-3.0.0-build3,7447,1,LIVE,SYNCHRONISED,AUTOMATIC,NORMAL,65,1950,1950,0,145,145,0.3,0.48,24.99793,38.1,1.208,1.072,0.0808,0.054,244.42,20.6206,-0.00632,1,0.18,2.585,4.8046,41.5,CRITICAL,F1,1,1,mechanical_imbalance,0.9,1,1,,,,,29,0
2026-08-19T15:53:14.390Z,1787154794390,FAN_DT_001_F1_S09_R01_20260819T154800,1,314.17,FAULT_ACTIVE,F1,0.9,FAN_DT_001,3.0,process-model-3.0.0-build3,7448,1,LIVE,SYNCHRONISED,AUTOMATIC,NORMAL,65,1950,1950,0,145,145,0.3,0.48,25.01637,38.1,1.208,1.072,0.0808,0.054,244.42,20.691,-0.00651,1,0.18,2.663,4.821,41.5,CRITICAL,F1,1,1,mechanical_imbalance,0.9,1,1,,,,,29,0
2026-08-19T15:53:15.411Z,1787154795411,FAN_DT_001_F1_S09_R01_20260819T154800,1,315.191,FAULT_ACTIVE,F1,0.9,FAN_DT_001,3.0,process-model-3.0.0-build3,7449,1,LIVE,SYNCHRONISED,AUTOMATIC,NORMAL,65,1950,1950,0,145,145,0.3,0.48,25.03474,38.11,1.208,1.072,0.0808,0.054,244.42,20.7613,-0.00672,1,0.18,2.749,4.8374,41.5,CRITICAL,F1,1,1,mechanical_imbalance,0.9,1,1,,,,,29,0
2026-08-19T15:53:16.538Z,1787154796538,FAN_DT_001_F1_S09_R01_20260819T154800,1,316.318,FAULT_ACTIVE,F1,0.9,FAN_DT_001,3.0,process-model-3.0.0-build3,7450,1,LIVE,SYNCHRONISED,AUTOMATIC,NORMAL,65,1950,1950,0,145,145,0.3,0.48,25.05305,38.12,1.208,1.072,0.0808,0.054,244.42,20.8313,-0.0069,1,0.18,2.821,4.8537,41.5,CRITICAL,F1,1,1,mechanical_imbalance,0.9,1,1,,,,,29,0
2026-08-19T15:53:17.480Z,1787154797480,FAN_DT_001_F1_S09_R01_20260819T154800,1,317.26,FAULT_ACTIVE,F1,0.9,FAN_DT_001,3.0,process-model-3.0.0-build3,7451,1,LIVE,SYNCHRONISED,AUTOMATIC,NORMAL,65,1950,1950,0,145,145,0.3,0.48,25.0714,38.13,1.208,1.072,0.0808,0.054,244.42,20.9016,-0.00708,1,0.18,2.898,4.8701,41.5,CRITICAL,F1,1,1,mechanical_imbalance,0.9,1,1,,,,,29,0
2026-08-19T15:53:18.512Z,1787154798512,FAN_DT_001_F1_S09_R01_20260819T154800,1,318.292,FAULT_ACTIVE,F1,0.9,FAN_DT_001,3.0,process-model-3.0.0-build3,7452,1,LIVE,SYNCHRONISED,AUTOMATIC,NORMAL,65,1950,1950,0,145,145,0.3,0.48,25.08957,38.13,1.208,1.072,0.0808,0.054,244.42,20.9713,-0.00725,1,0.18,2.968,4.8863,41.5,CRITICAL,F1,1,1,mechanical_imbalance,0.9,1,1,,,,,29,0
2026-08-19T15:53:19.550Z,1787154799550,FAN_DT_001_F1_S09_R01_20260819T154800,1,319.33,FAULT_ACTIVE,F1,0.9,FAN_DT_001,3.0,process-model-3.0.0-build3,7453,1,LIVE,SYNCHRONISED,AUTOMATIC,NORMAL,65,1950,1950,0,145,145,0.3,0.48,25.1078,38.14,1.208,1.072,0.0808,0.054,244.42,21.0414,-0.00745,1,0.18,3.048,4.9027,41.5,CRITICAL,F1,1,1,mechanical_imbalance,0.9,1,1,,,,,29,0
2026-08-19T15:53:20.582Z,1787154800582,FAN_DT_001_F1_S09_R01_20260819T154800,1,320.362,FAULT_ACTIVE,F1,0.9,FAN_DT_001,3.0,process-model-3.0.0-build3,7454,1,LIVE,SYNCHRONISED,AUTOMATIC,NORMAL,65,1950,1950,0,145,145,0.3,0.48,25.12602,38.15,1.208,1.072,0.0808,0.054,244.42,21.1118,-0.0076,1,0.18,3.109,4.9191,41.5,CRITICAL,F1,1,1,mechanical_imbalance,0.9,1,1,,,,,29,0
2026-08-19T15:53:21.621Z,1787154801621,FAN_DT_001_F1_S09_R01_20260819T154800,1,321.401,FAULT_ACTIVE,F1,0.9,FAN_DT_001,3.0,process-model-3.0.0-build3,7455,1,LIVE,SYNCHRONISED,AUTOMATIC,NORMAL,65,1950,1950,0,145,145,0.3,0.48,25.14409,38.16,1.208,1.072,0.0808,0.054,244.42,21.1818,-0.00777,1,0.18,3.181,4.9354,41.5,CRITICAL,F1,1,1,mechanical_imbalance,0.9,1,1,,,,,29,0
2026-08-19T15:53:22.654Z,1787154802654,FAN_DT_001_F1_S09_R01_20260819T154800,1,322.434,FAULT_ACTIVE,F1,0.9,FAN_DT_001,3.0,process-model-3.0.0-build3,7456,1,LIVE,SYNCHRONISED,AUTOMATIC,NORMAL,65,1950,1950,0,145,145,0.3,0.48,25.16218,38.16,1.208,1.072,0.0808,0.054,244.42,21.2523,-0.00793,1,0.18,3.245,4.9518,41.5,CRITICAL,F1,1,1,mechanical_imbalance,0.9,1,1,,,,,29,0
2026-08-19T15:53:23.690Z,1787154803690,FAN_DT_001_F1_S09_R01_20260819T154800,1,323.47,FAULT_ACTIVE,F1,0.9,FAN_DT_001,3.0,process-model-3.0.0-build3,7457,1,LIVE,SYNCHRONISED,AUTOMATIC,NORMAL,65,1950,1950,0,145,145,0.3,0.48,25.1801,38.17,1.208,1.072,0.0808,0.054,244.42,21.3223,-0.00809,1,0.18,3.311,4.9681,41.5,CRITICAL,F1,1,1,mechanical_imbalance,0.9,1,1,,,,,29,0
2026-08-19T15:53:24.724Z,1787154804724,FAN_DT_001_F1_S09_R01_20260819T154800,1,324.504,FAULT_ACTIVE,F1,0.9,FAN_DT_001,3.0,process-model-3.0.0-build3,7458,1,LIVE,SYNCHRONISED,AUTOMATIC,NORMAL,65,1950,1950,0,145,145,0.3,0.48,25.19791,38.18,1.208,1.072,0.0808,0.054,244.42,21.3923,-0.00826,1,0.18,3.377,4.9844,41.5,CRITICAL,F1,1,1,mechanical_imbalance,0.9,1,1,,,,,29,0
2026-08-19T15:53:25.759Z,1787154805759,FAN_DT_001_F1_S09_R01_20260819T154800,1,325.539,FAULT_ACTIVE,F1,0.9,FAN_DT_001,3.0,process-model-3.0.0-build3,7459,1,LIVE,SYNCHRONISED,AUTOMATIC,NORMAL,65,1950,1950,0,145,145,0.3,0.48,25.21571,38.19,1.208,1.072,0.0808,0.054,244.42,21.4627,-0.0084,1,0.18,3.438,5.0008,41.5,CRITICAL,F1,1,1,mechanical_imbalance,0.9,1,1,,,,,29,0
2026-08-19T15:53:26.795Z,1787154806795,FAN_DT_001_F1_S09_R01_20260819T154800,1,326.575,FAULT_ACTIVE,F1,0.9,FAN_DT_001,3.0,process-model-3.0.0-build3,7460,1,LIVE,SYNCHRONISED,AUTOMATIC,NORMAL,65,1950,1950,0,145,145,0.3,0.48,25.2333,38.2,1.208,1.072,0.0808,0.054,244.42,21.5327,-0.00856,1,0.18,3.503,5.0171,41.5,CRITICAL,F1,1,1,mechanical_imbalance,0.9,1,1,,,,,29,0
2026-08-19T15:53:27.843Z,1787154807843,FAN_DT_001_F1_S09_R01_20260819T154800,1,327.623,FAULT_ACTIVE,F1,0.9,FAN_DT_001,3.0,process-model-3.0.0-build3,7461,1,LIVE,SYNCHRONISED,AUTOMATIC,NORMAL,65,1950,1950,0,145,145,0.3,0.48,25.25087,38.21,1.208,1.072,0.0808,0.054,244.42,21.6031,-0.00869,1,0.18,3.555,5.0335,41.5,CRITICAL,F1,1,1,mechanical_imbalance,0.9,1,1,,,,,29,0
2026-08-19T15:53:28.862Z,1787154808862,FAN_DT_001_F1_S09_R01_20260819T154800,1,328.642,FAULT_ACTIVE,F1,0.9,FAN_DT_001,3.0,process-model-3.0.0-build3,7462,1,LIVE,SYNCHRONISED,AUTOMATIC,NORMAL,65,1950,1950,0,145,145,0.3,0.48,25.26824,38.22,1.208,1.072,0.0808,0.054,244.42,21.6732,-0.00884,1,0.18,3.618,5.0499,41.5,CRITICAL,F1,1,1,mechanical_imbalance,0.9,1,1,,,,,29,0
2026-08-19T15:53:29.899Z,1787154809899,FAN_DT_001_F1_S09_R01_20260819T154800,1,329.68,FAULT_ACTIVE,F1,0.9,FAN_DT_001,3.0,process-model-3.0.0-build3,7463,1,LIVE,SYNCHRONISED,AUTOMATIC,NORMAL,65,1950,1950,0,145,145,0.3,0.48,25.28542,38.23,1.208,1.072,0.0808,0.054,244.42,21.7431,-0.00897,1,0.18,3.67,5.0661,41.5,CRITICAL,F1,1,1,mechanical_imbalance,0.9,1,1,,,,,29,0
2026-08-19T15:53:30.932Z,1787154810932,FAN_DT_001_F1_S09_R01_20260819T154800,1,330.713,FAULT_ACTIVE,F1,0.9,FAN_DT_001,3.0,process-model-3.0.0-build3,7464,1,LIVE,SYNCHRONISED,AUTOMATIC,NORMAL,65,1950,1950,0,145,145,0.3,0.48,25.30254,38.24,1.208,1.072,0.0808,0.054,244.42,21.8135,-0.00908,1,0.18,3.716,5.0825,41.5,CRITICAL,F1,1,1,mechanical_imbalance,0.9,1,1,,,,,29,0
2026-08-19T15:53:31.972Z,1787154811972,FAN_DT_001_F1_S09_R01_20260819T154800,1,331.752,FAULT_ACTIVE,F1,0.9,FAN_DT_001,3.0,process-model-3.0.0-build3,7465,1,LIVE,SYNCHRONISED,AUTOMATIC,NORMAL,65,1950,1950,0,145,145,0.3,0.48,25.31945,38.25,1.208,1.072,0.0808,0.054,244.42,21.8835,-0.00922,1,0.18,3.772,5.0989,41.5,CRITICAL,F1,1,1,mechanical_imbalance,0.9,1,1,,,,,29,0
2026-08-19T15:53:33.002Z,1787154813002,FAN_DT_001_F1_S09_R01_20260819T154800,1,332.782,FAULT_ACTIVE,F1,0.9,FAN_DT_001,3.0,process-model-3.0.0-build3,7466,1,LIVE,SYNCHRONISED,AUTOMATIC,NORMAL,65,1950,1950,0,145,145,0.3,0.48,25.33629,38.25,1.208,1.072,0.0808,0.054,244.42,21.9541,-0.00933,1,0.18,3.818,5.1153,41.5,CRITICAL,F1,1,1,mechanical_imbalance,0.9,1,1,,,,,29,0
2026-08-19T15:53:34.036Z,1787154814036,FAN_DT_001_F1_S09_R01_20260819T154800,1,333.817,FAULT_ACTIVE,F1,0.9,FAN_DT_001,3.0,process-model-3.0.0-build3,7467,1,LIVE,SYNCHRONISED,AUTOMATIC,NORMAL,65,1950,1950,0,145,145,0.3,0.48,25.35279,38.26,1.208,1.072,0.0808,0.054,244.42,22.0239,-0.00944,1,0.18,3.86,5.1316,41.5,CRITICAL,F1,1,1,mechanical_imbalance,0.9,1,1,,,,,29,0
2026-08-19T15:53:35.075Z,1787154815075,FAN_DT_001_F1_S09_R01_20260819T154800,1,334.855,FAULT_ACTIVE,F1,0.9,FAN_DT_001,3.0,process-model-3.0.0-build3,7468,1,LIVE,SYNCHRONISED,AUTOMATIC,NORMAL,65,1950,1950,0,145,145,0.3,0.48,25.36916,38.27,1.208,1.072,0.0808,0.054,244.42,22.0939,-0.00957,1,0.18,3.914,5.1479,41.5,CRITICAL,F1,1,1,mechanical_imbalance,0.9,1,1,,,,,29,0
2026-08-19T15:53:36.108Z,1787154816108,FAN_DT_001_F1_S09_R01_20260819T154800,1,335.888,FAULT_ACTIVE,F1,0.9,FAN_DT_001,3.0,process-model-3.0.0-build3,7469,1,LIVE,SYNCHRONISED,AUTOMATIC,NORMAL,65,1950,1950,0,145,145,0.3,0.48,25.38541,38.28,1.208,1.072,0.0808,0.054,244.42,22.1643,-0.00966,1,0.18,3.951,5.1643,41.5,CRITICAL,F1,1,1,mechanical_imbalance,0.9,1,1,,,,,29,0
2026-08-19T15:53:37.146Z,1787154817146,FAN_DT_001_F1_S09_R01_20260819T154800,1,336.926,FAULT_ACTIVE,F1,0.9,FAN_DT_001,3.0,process-model-3.0.0-build3,7470,1,LIVE,SYNCHRONISED,AUTOMATIC,NORMAL,65,1950,1950,0,145,145,0.3,0.48,25.40137,38.29,1.208,1.072,0.0808,0.054,244.42,22.2343,-0.00977,1,0.18,3.996,5.1806,41.5,CRITICAL,F1,1,1,mechanical_imbalance,0.9,1,1,,,,,29,0
2026-08-19T15:53:38.179Z,1787154818179,FAN_DT_001_F1_S09_R01_20260819T154800,1,337.959,FAULT_ACTIVE,F1,0.9,FAN_DT_001,3.0,process-model-3.0.0-build3,7471,1,LIVE,SYNCHRONISED,AUTOMATIC,NORMAL,65,1950,1950,0,145,145,0.3,0.48,25.41719,38.3,1.208,1.072,0.0808,0.054,244.42,22.3046,-0.00984,1,0.18,4.025,5.197,41.5,CRITICAL,F1,1,1,mechanical_imbalance,0.9,1,1,,,,,29,0
2026-08-19T15:53:39.215Z,1787154819215,FAN_DT_001_F1_S09_R01_20260819T154800,1,338.995,FAULT_ACTIVE,F1,0.9,FAN_DT_001,3.0,process-model-3.0.0-build3,7472,1,LIVE,SYNCHRONISED,AUTOMATIC,NORMAL,65,1950,1950,0,145,145,0.3,0.48,25.43277,38.31,1.208,1.072,0.0808,0.054,244.42,22.3748,-0.00994,1,0.18,4.067,5.2133,41.5,CRITICAL,F1,1,1,mechanical_imbalance,0.9,1,1,,,,,29,0
2026-08-19T15:53:40.253Z,1787154820253,FAN_DT_001_F1_S09_R01_20260819T154800,1,340.032,FAULT_ACTIVE,F1,0.9,FAN_DT_001,3.0,process-model-3.0.0-build3,7473,1,LIVE,SYNCHRONISED,AUTOMATIC,NORMAL,65,1950,1950,0,145,145,0.3,0.48,25.44809,38.33,1.208,1.072,0.0808,0.054,244.42,22.445,-0.01003,1,0.18,4.104,5.2297,41.5,CRITICAL,F1,1,1,mechanical_imbalance,0.9,1,1,,,,,29,0
2026-08-19T15:53:41.284Z,1787154821284,FAN_DT_001_F1_S09_R01_20260819T154800,1,341.065,FAULT_ACTIVE,F1,0.9,FAN_DT_001,3.0,process-model-3.0.0-build3,7474,1,LIVE,SYNCHRONISED,AUTOMATIC,NORMAL,65,1950,1950,0,145,145,0.3,0.48,25.46321,38.34,1.208,1.072,0.0808,0.054,244.42,22.5152,-0.01009,1,0.18,4.129,5.2461,41.5,CRITICAL,F1,1,1,mechanical_imbalance,0.9,1,1,,,,,29,0
2026-08-19T15:53:42.324Z,1787154822324,FAN_DT_001_F1_S09_R01_20260819T154800,1,342.104,FAULT_ACTIVE,F1,0.9,FAN_DT_001,3.0,process-model-3.0.0-build3,7475,1,LIVE,SYNCHRONISED,AUTOMATIC,NORMAL,65,1950,1950,0,145,145,0.3,0.48,25.47806,38.35,1.208,1.072,0.0808,0.054,244.42,22.5854,-0.01017,1,0.18,4.162,5.2624,41.5,CRITICAL,F1,1,1,mechanical_imbalance,0.9,1,1,,,,,29,0
2026-08-19T15:53:43.359Z,1787154823359,FAN_DT_001_F1_S09_R01_20260819T154800,1,343.139,FAULT_ACTIVE,F1,0.9,FAN_DT_001,3.0,process-model-3.0.0-build3,7476,1,LIVE,SYNCHRONISED,AUTOMATIC,NORMAL,65,1950,1950,0,145,145,0.3,0.48,25.4927,38.36,1.208,1.072,0.0808,0.054,244.42,22.6557,-0.01023,1,0.18,4.187,5.2788,41.5,CRITICAL,F1,1,1,mechanical_imbalance,0.9,1,1,,,,,29,0
2026-08-19T15:53:44.393Z,1787154824393,FAN_DT_001_F1_S09_R01_20260819T154800,1,344.173,FAULT_ACTIVE,F1,0.9,FAN_DT_001,3.0,process-model-3.0.0-build3,7477,1,LIVE,SYNCHRONISED,AUTOMATIC,NORMAL,65,1950,1950,0,145,145,0.3,0.48,25.50705,38.37,1.208,1.072,0.0808,0.054,244.42,22.7259,-0.01029,1,0.18,4.209,5.2951,41.5,CRITICAL,F1,1,1,mechanical_imbalance,0.9,1,1,,,,,29,0
2026-08-19T15:53:45.429Z,1787154825429,FAN_DT_001_F1_S09_R01_20260819T154800,1,345.209,FAULT_ACTIVE,F1,0.9,FAN_DT_001,3.0,process-model-3.0.0-build3,7478,1,LIVE,SYNCHRONISED,AUTOMATIC,NORMAL,65,1950,1950,0,145,145,0.3,0.48,25.52109,38.38,1.208,1.072,0.0808,0.054,244.42,22.7959,-0.01036,1,0.18,4.238,5.3114,41.5,CRITICAL,F1,1,1,mechanical_imbalance,0.9,1,1,,,,,29,0
2026-08-19T15:53:46.464Z,1787154826464,FAN_DT_001_F1_S09_R01_20260819T154800,1,346.244,FAULT_ACTIVE,F1,0.9,FAN_DT_001,3.0,process-model-3.0.0-build3,7479,1,LIVE,SYNCHRONISED,AUTOMATIC,NORMAL,65,1950,1950,0,145,145,0.3,0.48,25.53496,38.39,1.208,1.072,0.0808,0.054,244.42,22.8664,-0.01042,1,0.18,4.261,5.3279,41.5,CRITICAL,F1,1,1,mechanical_imbalance,0.9,1,1,,,,,29,0
2026-08-19T15:53:47.499Z,1787154827499,FAN_DT_001_F1_S09_R01_20260819T154800,1,347.279,FAULT_ACTIVE,F1,0.9,FAN_DT_001,3.0,process-model-3.0.0-build3,7480,1,LIVE,SYNCHRONISED,AUTOMATIC,NORMAL,65,1950,1950,0,145,145,0.3,0.48,25.54845,38.4,1.208,1.072,0.0808,0.054,244.42,22.9365,-0.01046,1,0.18,4.28,5.3442,41.5,CRITICAL,F1,1,1,mechanical_imbalance,0.9,1,1,,,,,29,0
2026-08-19T15:53:48.545Z,1787154828545,FAN_DT_001_F1_S09_R01_20260819T154800,1,348.325,FAULT_ACTIVE,F1,0.9,FAN_DT_001,3.0,process-model-3.0.0-build3,7481,1,LIVE,SYNCHRONISED,AUTOMATIC,NORMAL,65,1950,1950,0,145,145,0.3,0.48,25.56169,38.41,1.208,1.072,0.0808,0.054,244.42,23.0067,-0.01048,1,0.18,4.289,5.3606,41.5,CRITICAL,F1,1,1,mechanical_imbalance,0.9,1,1,,,,,29,0
2026-08-19T15:53:49.580Z,1787154829580,FAN_DT_001_F1_S09_R01_20260819T154800,1,349.36,FAULT_ACTIVE,F1,0.9,FAN_DT_001,3.0,process-model-3.0.0-build3,7482,1,LIVE,SYNCHRONISED,AUTOMATIC,NORMAL,65,1950,1950,0,145,145,0.3,0.48,25.57466,38.42,1.208,1.072,0.0808,0.054,244.42,23.077,-0.01052,1,0.18,4.304,5.3769,41.5,CRITICAL,F1,1,1,mechanical_imbalance,0.9,1,1,,,,,29,0
2026-08-19T15:53:50.608Z,1787154830608,FAN_DT_001_F1_S09_R01_20260819T154800,1,350.388,FAULT_ACTIVE,F1,0.9,FAN_DT_001,3.0,process-model-3.0.0-build3,7483,1,LIVE,SYNCHRONISED,AUTOMATIC,NORMAL,65,1950,1950,0,145,145,0.3,0.48,25.58724,38.43,1.208,1.072,0.0808,0.054,244.42,23.1469,-0.01056,1,0.18,4.322,5.3932,41.5,CRITICAL,F1,1,1,mechanical_imbalance,0.9,1,1,,,,,29,0
2026-08-19T15:53:51.641Z,1787154831641,FAN_DT_001_F1_S09_R01_20260819T154800,1,351.421,FAULT_ACTIVE,F1,0.9,FAN_DT_001,3.0,process-model-3.0.0-build3,7484,1,LIVE,SYNCHRONISED,AUTOMATIC,NORMAL,65,1950,1950,0,145,145,0.3,0.48,25.59962,38.44,1.208,1.072,0.0808,0.054,244.42,23.2174,-0.01058,1,0.18,4.329,5.4097,41.5,CRITICAL,F1,1,1,mechanical_imbalance,0.9,1,1,,,,,29,0
2026-08-19T15:53:52.681Z,1787154832681,FAN_DT_001_F1_S09_R01_20260819T154800,1,352.461,FAULT_ACTIVE,F1,0.9,FAN_DT_001,3.0,process-model-3.0.0-build3,7485,1,LIVE,SYNCHRONISED,AUTOMATIC,NORMAL,65,1950,1950,0,145,145,0.3,0.48,25.61159,38.45,1.208,1.072,0.0808,0.054,244.42,23.2874,-0.01061,1,0.18,4.339,5.426,41.5,CRITICAL,F1,1,1,mechanical_imbalance,0.9,1,1,,,,,29,0
2026-08-19T15:53:53.715Z,1787154833715,FAN_DT_001_F1_S09_R01_20260819T154800,1,353.495,FAULT_ACTIVE,F1,0.9,FAN_DT_001,3.0,process-model-3.0.0-build3,7486,1,LIVE,SYNCHRONISED,AUTOMATIC,NORMAL,65,1950,1950,0,145,145,0.3,0.48,25.62331,38.47,1.208,1.072,0.0808,0.054,244.42,23.3578,-0.0106,1,0.18,4.335,5.4424,41.5,CRITICAL,F1,1,1,mechanical_imbalance,0.9,1,1,,,,,29,0
2026-08-19T15:53:54.751Z,1787154834751,FAN_DT_001_F1_S09_R01_20260819T154800,1,354.532,FAULT_ACTIVE,F1,0.9,FAN_DT_001,3.0,process-model-3.0.0-build3,7487,1,LIVE,SYNCHRONISED,AUTOMATIC,NORMAL,65,1950,1950,0,145,145,0.3,0.48,25.63467,38.48,1.208,1.072,0.0808,0.054,244.42,23.428,-0.01061,1,0.18,4.339,5.4587,41.5,CRITICAL,F1,1,1,mechanical_imbalance,0.9,1,1,,,,,29,0
2026-08-19T15:53:55.791Z,1787154835791,FAN_DT_001_F1_S09_R01_20260819T154800,1,355.571,FAULT_ACTIVE,F1,0.9,FAN_DT_001,3.0,process-model-3.0.0-build3,7488,1,LIVE,SYNCHRONISED,AUTOMATIC,NORMAL,65,1950,1950,0,145,145,0.3,0.48,25.64568,38.49,1.208,1.072,0.0808,0.054,244.42,23.4981,-0.0106,1,0.18,4.338,5.4751,41.5,CRITICAL,F1,1,1,mechanical_imbalance,0.9,1,1,,,,,29,0
2026-08-19T15:53:56.823Z,1787154836823,FAN_DT_001_F1_S09_R01_20260819T154800,1,356.603,FAULT_ACTIVE,F1,0.9,FAN_DT_001,3.0,process-model-3.0.0-build3,7489,1,LIVE,SYNCHRONISED,AUTOMATIC,NORMAL,65,1950,1950,0,145,145,0.3,0.48,25.65639,38.5,1.208,1.072,0.0808,0.054,244.42,23.5685,-0.01062,1,0.18,4.343,5.4915,41.5,CRITICAL,F1,1,1,mechanical_imbalance,0.9,1,1,,,,,29,0
2026-08-19T15:53:57.858Z,1787154837858,FAN_DT_001_F1_S09_R01_20260819T154800,1,357.638,FAULT_ACTIVE,F1,0.9,FAN_DT_001,3.0,process-model-3.0.0-build3,7490,1,LIVE,SYNCHRONISED,AUTOMATIC,NORMAL,65,1950,1950,0,145,145,0.3,0.48,25.6667,38.51,1.208,1.072,0.0808,0.054,244.42,23.6385,-0.01059,1,0.18,4.334,5.5078,41.5,CRITICAL,F1,1,1,mechanical_imbalance,0.9,1,1,,,,,29,0
2026-08-19T15:53:58.891Z,1787154838891,FAN_DT_001_F1_S09_R01_20260819T154800,1,358.671,FAULT_ACTIVE,F1,0.9,FAN_DT_001,3.0,process-model-3.0.0-build3,7491,1,LIVE,SYNCHRONISED,AUTOMATIC,NORMAL,65,1950,1950,0,145,145,0.3,0.48,25.6767,38.52,1.208,1.072,0.0808,0.054,244.42,23.7089,-0.01057,1,0.18,4.323,5.5242,41.5,CRITICAL,F1,1,1,mechanical_imbalance,0.9,1,1,,,,,29,0
2026-08-19T15:53:59.942Z,1787154839942,FAN_DT_001_F1_S09_R01_20260819T154800,1,359.723,FAULT_ACTIVE,F1,0.9,FAN_DT_001,3.0,process-model-3.0.0-build3,7492,1,LIVE,SYNCHRONISED,AUTOMATIC,NORMAL,65,1950,1950,0,145,145,0.3,0.48,25.68629,38.53,1.208,1.072,0.0808,0.054,244.42,23.7788,-0.01055,1,0.18,4.316,5.5405,41.5,CRITICAL,F1,1,1,mechanical_imbalance,0.9,1,1,,,,,29,0
2026-08-19T15:54:00.962Z,1787154840962,FAN_DT_001_F1_S09_R01_20260819T154800,1,360.742,FAULT_ACTIVE,F1,0.9,FAN_DT_001,3.0,process-model-3.0.0-build3,7493,1,LIVE,SYNCHRONISED,AUTOMATIC,NORMAL,65,1950,1950,0,145,145,0.3,0.48,25.69555,38.54,1.208,1.072,0.0808,0.054,244.42,23.849,-0.01054,1,0.18,4.311,5.5568,41.5,CRITICAL,F1,1,1,mechanical_imbalance,0.9,1,1,,,,,29,0
2026-08-19T15:54:01.994Z,1787154841994,FAN_DT_001_F1_S09_R01_20260819T154800,1,361.773,FAULT_ACTIVE,F1,0.9,FAN_DT_001,3.0,process-model-3.0.0-build3,7494,1,LIVE,SYNCHRONISED,AUTOMATIC,NORMAL,65,1950,1950,0,145,145,0.3,0.48,25.70445,38.55,1.208,1.072,0.0808,0.054,244.42,23.9192,-0.01049,1,0.18,4.292,5.5732,41.5,CRITICAL,F1,1,1,mechanical_imbalance,0.9,1,1,,,,,29,0
2026-08-19T15:54:03.032Z,1787154843032,FAN_DT_001_F1_S09_R01_20260819T154800,1,362.812,FAULT_ACTIVE,F1,0.9,FAN_DT_001,3.0,process-model-3.0.0-build3,7495,1,LIVE,SYNCHRONISED,AUTOMATIC,NORMAL,65,1950,1950,0,145,145,0.3,0.48,25.71295,38.56,1.208,1.072,0.0808,0.054,244.42,23.9892,-0.01045,1,0.18,4.274,5.5895,41.5,CRITICAL,F1,1,1,mechanical_imbalance,0.9,1,1,,,,,29,0
2026-08-19T15:54:04.061Z,1787154844061,FAN_DT_001_F1_S09_R01_20260819T154800,1,363.842,FAULT_ACTIVE,F1,0.9,FAN_DT_001,3.0,process-model-3.0.0-build3,7496,1,LIVE,SYNCHRONISED,AUTOMATIC,NORMAL,65,1950,1950,0,145,145,0.3,0.48,25.72108,38.57,1.208,1.072,0.0808,0.054,244.42,24.0593,-0.01041,1,0.18,4.257,5.6058,41.5,CRITICAL,F1,1,1,mechanical_imbalance,0.9,1,1,,,,,29,0
2026-08-19T15:54:05.098Z,1787154845098,FAN_DT_001_F1_S09_R01_20260819T154800,1,364.878,FAULT_ACTIVE,F1,0.9,FAN_DT_001,3.0,process-model-3.0.0-build3,7497,1,LIVE,SYNCHRONISED,AUTOMATIC,NORMAL,65,1950,1950,0,145,145,0.3,0.48,25.72883,38.59,1.208,1.072,0.0808,0.054,244.42,24.1292,-0.01038,1,0.18,4.245,5.6221,41.5,CRITICAL,F1,1,1,mechanical_imbalance,0.9,1,1,,,,,29,0
2026-08-19T15:54:06.131Z,1787154846131,FAN_DT_001_F1_S09_R01_20260819T154800,1,365.911,FAULT_ACTIVE,F1,0.9,FAN_DT_001,3.0,process-model-3.0.0-build3,7498,1,LIVE,SYNCHRONISED,AUTOMATIC,NORMAL,65,1950,1950,0,145,145,0.3,0.48,25.73623,38.6,1.208,1.072,0.0808,0.054,244.42,24.1996,-0.01032,1,0.18,4.224,5.6385,41.5,CRITICAL,F1,1,1,mechanical_imbalance,0.9,1,1,,,,,29,0
2026-08-19T15:54:07.166Z,1787154847166,FAN_DT_001_F1_S09_R01_20260819T154800,1,366.946,FAULT_ACTIVE,F1,0.9,FAN_DT_001,3.0,process-model-3.0.0-build3,7499,1,LIVE,SYNCHRONISED,AUTOMATIC,NORMAL,65,1950,1950,0,145,145,0.3,0.48,25.74321,38.61,1.208,1.072,0.0808,0.054,244.42,24.2696,-0.01026,1,0.18,4.197,5.6548,41.5,CRITICAL,F1,1,1,mechanical_imbalance,0.9,1,1,,,,,29,0
2026-08-19T15:54:08.199Z,1787154848199,FAN_DT_001_F1_S09_R01_20260819T154800,1,367.979,FAULT_ACTIVE,F1,0.9,FAN_DT_001,3.0,process-model-3.0.0-build3,7500,1,LIVE,SYNCHRONISED,AUTOMATIC,NORMAL,65,1950,1950,0,145,145,0.3,0.48,25.74982,38.62,1.208,1.072,0.0808,0.054,244.42,24.3399,-0.01017,1,0.18,4.162,5.6712,41.5,CRITICAL,F1,1,1,mechanical_imbalance,0.9,1,1,,,,,29,0
2026-08-19T15:54:09.243Z,1787154849243,FAN_DT_001_F1_S09_R01_20260819T154800,1,369.023,FAULT_ACTIVE,F1,0.9,FAN_DT_001,3.0,process-model-3.0.0-build3,7501,1,LIVE,SYNCHRONISED,AUTOMATIC,NORMAL,65,1950,1950,0,145,145,0.3,0.48,25.75601,38.63,1.208,1.072,0.0808,0.054,244.42,24.4099,-0.01012,1,0.18,4.138,5.6875,41.5,CRITICAL,F1,1,1,mechanical_imbalance,0.9,1,1,,,,,29,0
2026-08-19T15:54:10.272Z,1787154850272,FAN_DT_001_F1_S09_R01_20260819T154800,1,370.052,FAULT_ACTIVE,F1,0.9,FAN_DT_001,3.0,process-model-3.0.0-build3,7502,1,LIVE,SYNCHRONISED,AUTOMATIC,NORMAL,65,1950,1950,0,145,145,0.3,0.48,25.76184,38.64,1.208,1.072,0.0808,0.054,244.42,24.4803,-0.01004,1,0.18,4.109,5.7039,41.5,CRITICAL,F1,1,1,mechanical_imbalance,0.9,1,1,,,,,29,0
2026-08-19T15:54:11.305Z,1787154851305,FAN_DT_001_F1_S09_R01_20260819T154800,1,371.085,FAULT_ACTIVE,F1,0.9,FAN_DT_001,3.0,process-model-3.0.0-build3,7503,1,LIVE,SYNCHRONISED,AUTOMATIC,NORMAL,65,1950,1950,0,145,145,0.3,0.48,25.76725,38.65,1.208,1.072,0.0808,0.054,244.42,24.5505,-0.00997,1,0.18,4.079,5.7203,41.5,CRITICAL,F1,1,1,mechanical_imbalance,0.9,1,1,,,,,29,0
2026-08-19T15:54:12.349Z,1787154852349,FAN_DT_001_F1_S09_R01_20260819T154800,1,372.129,FAULT_ACTIVE,F1,0.9,FAN_DT_001,3.0,process-model-3.0.0-build3,7504,1,LIVE,SYNCHRONISED,AUTOMATIC,NORMAL,65,1950,1950,0,145,145,0.3,0.48,25.77225,38.66,1.208,1.072,0.0808,0.054,244.42,24.6207,-0.00988,1,0.18,4.043,5.7366,41.5,CRITICAL,F1,1,1,mechanical_imbalance,0.9,1,1,,,,,29,0
2026-08-19T15:54:13.380Z,1787154853380,FAN_DT_001_F1_S09_R01_20260819T154800,1,373.16,FAULT_ACTIVE,F1,0.9,FAN_DT_001,3.0,process-model-3.0.0-build3,7505,1,LIVE,SYNCHRONISED,AUTOMATIC,NORMAL,65,1950,1950,0,145,145,0.3,0.48,25.77686,38.67,1.208,1.072,0.0808,0.054,244.42,24.6911,-0.00979,1,0.18,4.005,5.753,41.5,CRITICAL,F1,1,1,mechanical_imbalance,0.9,1,1,,,,,29,0
2026-08-19T15:54:14.418Z,1787154854418,FAN_DT_001_F1_S09_R01_20260819T154800,1,374.198,FAULT_ACTIVE,F1,0.9,FAN_DT_001,3.0,process-model-3.0.0-build3,7506,1,LIVE,SYNCHRONISED,AUTOMATIC,NORMAL,65,1950,1950,0,145,145,0.3,0.48,25.78103,38.68,1.208,1.072,0.0808,0.054,244.42,24.7611,-0.00967,1,0.18,3.956,5.7693,41.5,CRITICAL,F1,1,1,mechanical_imbalance,0.9,1,1,,,,,29,0
2026-08-19T15:54:15.450Z,1787154855450,FAN_DT_001_F1_S09_R01_20260819T154800,1,375.23,FAULT_ACTIVE,F1,0.9,FAN_DT_001,3.0,process-model-3.0.0-build3,7507,1,LIVE,SYNCHRONISED,AUTOMATIC,NORMAL,65,1950,1950,0,145,145,0.3,0.48,25.78481,38.69,1.208,1.072,0.0808,0.054,244.42,24.8314,-0.00957,1,0.18,3.914,5.7857,41.5,CRITICAL,F1,1,1,mechanical_imbalance,0.9,1,1,,,,,29,0
2026-08-19T15:54:16.489Z,1787154856489,FAN_DT_001_F1_S09_R01_20260819T154800,1,376.269,FAULT_ACTIVE,F1,0.9,FAN_DT_001,3.0,process-model-3.0.0-build3,7508,1,LIVE,SYNCHRONISED,AUTOMATIC,NORMAL,65,1950,1950,0,145,145,0.3,0.48,25.78816,38.7,1.208,1.072,0.0808,0.054,244.42,24.9015,-0.00948,1,0.18,3.878,5.802,41.5,CRITICAL,F1,1,1,mechanical_imbalance,0.9,1,1,,,,,29,0
2026-08-19T15:54:17.525Z,1787154857525,FAN_DT_001_F1_S09_R01_20260819T154800,1,377.305,FAULT_ACTIVE,F1,0.9,FAN_DT_001,3.0,process-model-3.0.0-build3,7509,1,LIVE,SYNCHRONISED,AUTOMATIC,NORMAL,65,1950,1950,0,145,145,0.3,0.48,25.79111,38.71,1.208,1.072,0.0808,0.054,244.42,24.9718,-0.00934,1,0.18,3.822,5.8184,41.5,CRITICAL,F1,1,1,mechanical_imbalance,0.9,1,1,,,,,29,0
2026-08-19T15:54:18.557Z,1787154858557,FAN_DT_001_F1_S09_R01_20260819T154800,1,378.337,FAULT_ACTIVE,F1,0.9,FAN_DT_001,3.0,process-model-3.0.0-build3,7510,1,LIVE,SYNCHRONISED,AUTOMATIC,NORMAL,65,1950,1950,0,145,145,0.3,0.48,25.79363,38.72,1.208,1.072,0.0808,0.054,244.42,25.042,-0.00925,1,0.18,3.783,5.8348,41.5,CRITICAL,F1,1,1,mechanical_imbalance,0.9,1,1,,,,,29,0
2026-08-19T15:54:19.597Z,1787154859597,FAN_DT_001_F1_S09_R01_20260819T154800,1,379.377,FAULT_ACTIVE,F1,0.9,FAN_DT_001,3.0,process-model-3.0.0-build3,7511,1,LIVE,SYNCHRONISED,AUTOMATIC,NORMAL,65,1950,1950,0,145,145,0.3,0.48,25.79573,38.73,1.208,1.072,0.0808,0.054,244.42,25.1121,-0.00913,1,0.18,3.734,5.8511,41.5,CRITICAL,F1,1,1,mechanical_imbalance,0.9,1,1,,,,,29,0
2026-08-19T15:54:20.652Z,1787154860652,FAN_DT_001_F1_S09_R01_20260819T154800,1,380.432,FAULT_ACTIVE,F1,0.9,FAN_DT_001,3.0,process-model-3.0.0-build3,7512,1,LIVE,SYNCHRONISED,AUTOMATIC,NORMAL,65,1950,1950,0,145,145,0.3,0.48,25.79742,38.74,1.208,1.072,0.0808,0.054,244.42,25.1825,-0.00899,1,0.18,3.679,5.8675,41.5,CRITICAL,F1,1,1,mechanical_imbalance,0.9,1,1,,,,,29,0
2026-08-19T15:54:21.667Z,1787154861667,FAN_DT_001_F1_S09_R01_20260819T154800,1,381.447,FAULT_ACTIVE,F1,0.9,FAN_DT_001,3.0,process-model-3.0.0-build3,7513,1,LIVE,SYNCHRONISED,AUTOMATIC,NORMAL,65,1950,1950,0,145,145,0.3,0.48,25.79868,38.75,1.208,1.072,0.0808,0.054,244.42,25.2524,-0.00884,1,0.18,3.618,5.8838,41.5,CRITICAL,F1,1,1,mechanical_imbalance,0.9,1,1,,,,,29,0
2026-08-19T15:54:22.699Z,1787154862699,FAN_DT_001_F1_S09_R01_20260819T154800,1,382.479,FAULT_ACTIVE,F1,0.9,FAN_DT_001,3.0,process-model-3.0.0-build3,7514,1,LIVE,SYNCHRONISED,AUTOMATIC,NORMAL,65,1950,1950,0,145,145,0.3,0.48,25.79953,38.76,1.208,1.072,0.0808,0.054,244.42,25.3226,-0.00872,1,0.18,3.567,5.9002,41.5,CRITICAL,F1,1,1,mechanical_imbalance,0.9,1,1,,,,,29,0
2026-08-19T15:54:23.735Z,1787154863735,FAN_DT_001_F1_S09_R01_20260819T154800,1,383.515,FAULT_ACTIVE,F1,0.9,FAN_DT_001,3.0,process-model-3.0.0-build3,7515,1,LIVE,SYNCHRONISED,AUTOMATIC,NORMAL,65,1950,1950,0,145,145,0.3,0.48,25.79995,38.76,1.208,1.072,0.0808,0.054,244.42,25.3928,-0.00858,1,0.18,3.509,5.9165,41.5,CRITICAL,F1,1,1,mechanical_imbalance,0.9,1,1,,,,,29,0
2026-08-19T15:54:24.791Z,1787154864791,FAN_DT_001_F1_S09_R01_20260819T154800,1,384.571,FAULT_ACTIVE,F1,0.9,FAN_DT_001,3.0,process-model-3.0.0-build3,7516,1,LIVE,SYNCHRONISED,AUTOMATIC,NORMAL,65,1950,1950,0,145,145,0.3,0.48,25.79995,38.77,1.208,1.072,0.0808,0.054,244.42,25.4628,-0.00842,1,0.18,3.446,5.9328,41.5,CRITICAL,F1,1,1,mechanical_imbalance,0.9,1,1,,,,,29,0
2026-08-19T15:54:25.808Z,1787154865808,FAN_DT_001_F1_S09_R01_20260819T154800,1,385.588,FAULT_ACTIVE,F1,0.9,FAN_DT_001,3.0,process-model-3.0.0-build3,7517,1,LIVE,SYNCHRONISED,AUTOMATIC,NORMAL,65,1950,1950,0,145,145,0.3,0.48,25.79952,38.78,1.208,1.072,0.0808,0.054,244.42,25.5333,-0.00829,1,0.18,3.392,5.9493,41.5,CRITICAL,F1,1,1,mechanical_imbalance,0.9,1,1,,,,,29,0
2026-08-19T15:54:26.844Z,1787154866844,FAN_DT_001_F1_S09_R01_20260819T154800,1,386.623,FAULT_ACTIVE,F1,0.9,FAN_DT_001,3.0,process-model-3.0.0-build3,7518,1,LIVE,SYNCHRONISED,AUTOMATIC,NORMAL,65,1950,1950,0,145,145,0.3,0.48,25.79868,38.79,1.208,1.072,0.0808,0.054,244.42,25.6034,-0.00812,1,0.18,3.324,5.9656,41.5,CRITICAL,F1,1,1,mechanical_imbalance,0.9,1,1,,,,,29,0
2026-08-19T15:54:27.875Z,1787154867875,FAN_DT_001_F1_S09_R01_20260819T154800,1,387.655,FAULT_ACTIVE,F1,0.9,FAN_DT_001,3.0,process-model-3.0.0-build3,7519,1,LIVE,SYNCHRONISED,AUTOMATIC,NORMAL,65,1950,1950,0,145,145,0.3,0.48,25.79741,38.8,1.208,1.072,0.0808,0.054,244.42,25.6737,-0.00796,1,0.18,3.258,5.982,41.5,CRITICAL,F1,1,1,mechanical_imbalance,0.9,1,1,,,,,29,0
2026-08-19T15:54:28.912Z,1787154868912,FAN_DT_001_F1_S09_R01_20260819T154800,1,388.692,FAULT_ACTIVE,F1,0.9,FAN_DT_001,3.0,process-model-3.0.0-build3,7520,1,LIVE,SYNCHRONISED,AUTOMATIC,NORMAL,65,1950,1950,0,145,145,0.3,0.48,25.79573,38.81,1.208,1.072,0.0808,0.054,244.42,25.7436,-0.0078,1,0.18,3.192,5.9983,41.5,CRITICAL,F1,1,1,mechanical_imbalance,0.9,1,1,,,,,29,0
2026-08-19T15:54:29.947Z,1787154869947,FAN_DT_001_F1_S09_R01_20260819T154800,1,389.727,FAULT_ACTIVE,F1,0.9,FAN_DT_001,3.0,process-model-3.0.0-build3,7521,1,LIVE,SYNCHRONISED,AUTOMATIC,NORMAL,65,1950,1950,0,145,145,0.3,0.48,25.79361,38.81,1.208,1.072,0.0808,0.054,244.42,25.8141,-0.00763,1,0.18,3.121,6.0147,41.5,CRITICAL,F1,1,1,mechanical_imbalance,0.9,1,1,,,,,29,0
2026-08-19T15:54:30.981Z,1787154870981,FAN_DT_001_F1_S09_R01_20260819T154800,1,390.761,FAULT_ACTIVE,F1,0.9,FAN_DT_001,3.0,process-model-3.0.0-build3,7522,1,LIVE,SYNCHRONISED,AUTOMATIC,NORMAL,65,1950,1950,0,145,145,0.3,0.48,25.79109,38.82,1.208,1.072,0.0808,0.054,244.42,25.8842,-0.00746,1,0.18,3.05,6.031,41.5,CRITICAL,F1,1,1,mechanical_imbalance,0.9,1,1,,,,,29,0
2026-08-19T15:54:32.018Z,1787154872018,FAN_DT_001_F1_S09_R01_20260819T154800,1,391.8,FAULT_ACTIVE,F1,0.9,FAN_DT_001,3.0,process-model-3.0.0-build3,7523,1,LIVE,SYNCHRONISED,AUTOMATIC,NORMAL,65,1950,1950,0,145,145,0.3,0.48,25.78815,38.83,1.208,1.072,0.0808,0.054,244.42,25.9543,-0.0073,1,0.18,2.986,6.0473,41.5,CRITICAL,F1,1,1,mechanical_imbalance,0.9,1,1,,,,,29,0
2026-08-19T15:54:33.051Z,1787154873051,FAN_DT_001_F1_S09_R01_20260819T154800,1,392.831,FAULT_ACTIVE,F1,0.9,FAN_DT_001,3.0,process-model-3.0.0-build3,7524,1,LIVE,SYNCHRONISED,AUTOMATIC,NORMAL,65,1950,1950,0,145,145,0.3,0.48,25.78478,38.84,1.208,1.072,0.0808,0.054,244.42,26.0246,-0.00712,1,0.18,2.913,6.0637,41.5,CRITICAL,F1,1,1,mechanical_imbalance,0.9,1,1,,,,,29,0
2026-08-19T15:54:34.087Z,1787154874087,FAN_DT_001_F1_S09_R01_20260819T154800,1,393.867,FAULT_ACTIVE,F1,0.9,FAN_DT_001,3.0,process-model-3.0.0-build3,7525,1,LIVE,SYNCHRONISED,AUTOMATIC,NORMAL,65,1950,1950,0,145,145,0.3,0.48,25.78103,38.84,1.208,1.072,0.0808,0.054,244.42,26.0945,-0.00693,1,0.18,2.836,6.08,41.5,CRITICAL,F1,1,1,mechanical_imbalance,0.9,1,1,,,,,29,0
2026-08-19T15:54:35.119Z,1787154875119,FAN_DT_001_F1_S09_R01_20260819T154800,1,394.899,FAULT_ACTIVE,F1,0.9,FAN_DT_001,3.0,process-model-3.0.0-build3,7526,1,LIVE,SYNCHRONISED,AUTOMATIC,NORMAL,65,1950,1950,0,145,145,0.3,0.48,25.77683,38.85,1.208,1.072,0.0808,0.054,244.42,26.1648,-0.00675,1,0.18,2.762,6.0964,41.5,CRITICAL,F1,1,1,mechanical_imbalance,0.9,1,1,,,,,29,0
2026-08-19T15:54:36.156Z,1787154876156,FAN_DT_001_F1_S09_R01_20260819T154800,1,395.936,FAULT_ACTIVE,F1,0.9,FAN_DT_001,3.0,process-model-3.0.0-build3,7527,1,LIVE,SYNCHRONISED,AUTOMATIC,NORMAL,65,1950,1950,0,145,145,0.3,0.48,25.77224,38.86,1.208,1.072,0.0808,0.054,244.42,26.2349,-0.00656,1,0.18,2.684,6.1127,41.5,CRITICAL,F1,1,1,mechanical_imbalance,0.9,1,1,,,,,29,0
2026-08-19T15:54:37.194Z,1787154877194,FAN_DT_001_F1_S09_R01_20260819T154800,1,396.974,FAULT_ACTIVE,F1,0.9,FAN_DT_001,3.0,process-model-3.0.0-build3,7528,1,LIVE,SYNCHRONISED,AUTOMATIC,NORMAL,65,1950,1950,0,145,145,0.3,0.48,25.76726,38.87,1.208,1.072,0.0808,0.054,244.42,26.3049,-0.00637,1,0.18,2.605,6.1291,41.5,CRITICAL,F1,1,1,mechanical_imbalance,0.9,1,1,,,,,29,0
2026-08-19T15:54:38.221Z,1787154878221,FAN_DT_001_F1_S09_R01_20260819T154800,1,398.001,FAULT_ACTIVE,F1,0.9,FAN_DT_001,3.0,process-model-3.0.0-build3,7529,1,LIVE,SYNCHRONISED,AUTOMATIC,NORMAL,65,1950,1950,0,145,145,0.3,0.48,25.76185,38.87,1.208,1.072,0.0808,0.054,244.42,26.3751,-0.00616,1,0.18,2.519,6.1454,41.5,CRITICAL,F1,1,1,mechanical_imbalance,0.9,1,1,,,,,29,0
2026-08-19T15:54:39.259Z,1787154879259,FAN_DT_001_F1_S09_R01_20260819T154800,1,399.039,FAULT_ACTIVE,F1,0.9,FAN_DT_001,3.0,process-model-3.0.0-build3,7530,1,LIVE,SYNCHRONISED,AUTOMATIC,NORMAL,65,1950,1950,0,145,145,0.3,0.48,25.75606,38.88,1.208,1.072,0.0808,0.054,244.42,26.4451,-0.00595,1,0.18,2.436,6.1617,41.5,CRITICAL,F1,1,1,mechanical_imbalance,0.9,1,1,,,,,29,0
2026-08-19T15:54:40.296Z,1787154880296,FAN_DT_001_F1_S09_R01_20260819T154800,1,400.076,FAULT_ACTIVE,F1,0.9,FAN_DT_001,3.0,process-model-3.0.0-build3,7531,1,LIVE,SYNCHRONISED,AUTOMATIC,NORMAL,65,1950,1950,0,145,145,0.3,0.48,25.74983,38.88,1.208,1.072,0.0808,0.054,244.42,26.5155,-0.00575,1,0.18,2.353,6.1781,41.5,CRITICAL,F1,1,1,mechanical_imbalance,0.9,1,1,,,,,29,0
2026-08-19T15:54:41.347Z,1787154881347,FAN_DT_001_F1_S09_R01_20260819T154800,1,401.127,FAULT_ACTIVE,F1,0.9,FAN_DT_001,3.0,process-model-3.0.0-build3,7532,1,LIVE,SYNCHRONISED,AUTOMATIC,NORMAL,65,1950,1950,0,145,145,0.3,0.48,25.74321,38.89,1.208,1.072,0.0808,0.054,244.42,26.586,-0.00556,1,0.18,2.276,6.1945,41.5,CRITICAL,F1,1,1,mechanical_imbalance,0.9,1,1,,,,,29,0
2026-08-19T15:54:42.371Z,1787154882371,FAN_DT_001_F1_S09_R01_20260819T154800,1,402.151,FAULT_ACTIVE,F1,0.9,FAN_DT_001,3.0,process-model-3.0.0-build3,7533,1,LIVE,SYNCHRONISED,AUTOMATIC,NORMAL,65,1950,1950,0,145,145,0.3,0.48,25.73622,38.9,1.208,1.072,0.0808,0.054,244.42,26.656,-0.00536,1,0.18,2.192,6.2109,41.5,CRITICAL,F1,1,1,mechanical_imbalance,0.9,1,1,,,,,29,0
2026-08-19T15:54:43.404Z,1787154883404,FAN_DT_001_F1_S09_R01_20260819T154800,1,403.184,FAULT_ACTIVE,F1,0.9,FAN_DT_001,3.0,process-model-3.0.0-build3,7534,1,LIVE,SYNCHRONISED,AUTOMATIC,NORMAL,65,1950,1950,0,145,145,0.3,0.48,25.72881,38.9,1.208,1.072,0.0808,0.054,244.42,26.7264,-0.00515,1,0.18,2.106,6.2273,41.5,CRITICAL,F1,1,1,mechanical_imbalance,0.9,1,1,,,,,29,0
2026-08-19T15:54:44.440Z,1787154884440,FAN_DT_001_F1_S09_R01_20260819T154800,1,404.22,FAULT_ACTIVE,F1,0.9,FAN_DT_001,3.0,process-model-3.0.0-build3,7535,1,LIVE,SYNCHRONISED,AUTOMATIC,NORMAL,65,1950,1950,0,145,145,0.3,0.48,25.72106,38.91,1.208,1.072,0.0808,0.054,244.42,26.7964,-0.00491,1,0.18,2.01,6.2436,41.5,CRITICAL,F1,1,1,mechanical_imbalance,0.9,1,1,,,,,29,0
2026-08-19T15:54:45.479Z,1787154885479,FAN_DT_001_F1_S09_R01_20260819T154800,1,405.259,FAULT_ACTIVE,F1,0.9,FAN_DT_001,3.0,process-model-3.0.0-build3,7536,1,LIVE,SYNCHRONISED,AUTOMATIC,NORMAL,65,1950,1950,0,145,145,0.3,0.48,25.7129,38.91,1.208,1.072,0.0808,0.054,244.42,26.8667,-0.0047,1,0.18,1.921,6.2599,41.5,CRITICAL,F1,1,1,mechanical_imbalance,0.9,1,1,,,,,29,0
2026-08-19T15:54:46.512Z,1787154886512,FAN_DT_001_F1_S09_R01_20260819T154800,1,406.292,FAULT_ACTIVE,F1,0.9,FAN_DT_001,3.0,process-model-3.0.0-build3,7537,1,LIVE,SYNCHRONISED,AUTOMATIC,NORMAL,65,1950,1950,0,145,145,0.3,0.48,25.70436,38.92,1.208,1.072,0.0808,0.054,244.42,26.937,-0.00448,1,0.18,1.833,6.2763,41.5,CRITICAL,F1,1,1,mechanical_imbalance,0.9,1,1,,,,,29,0
2026-08-19T15:54:47.546Z,1787154887546,FAN_DT_001_F1_S09_R01_20260819T154800,1,407.326,FAULT_ACTIVE,F1,0.9,FAN_DT_001,3.0,process-model-3.0.0-build3,7538,1,LIVE,SYNCHRONISED,AUTOMATIC,NORMAL,65,1950,1950,0,145,145,0.3,0.48,25.69546,38.92,1.208,1.072,0.0808,0.054,244.42,27.0072,-0.00426,1,0.18,1.741,6.2927,41.5,CRITICAL,F1,1,1,mechanical_imbalance,0.9,1,1,,,,,29,0
2026-08-19T15:54:48.581Z,1787154888581,FAN_DT_001_F1_S09_R01_20260819T154800,1,408.361,FAULT_ACTIVE,F1,0.9,FAN_DT_001,3.0,process-model-3.0.0-build3,7539,1,LIVE,SYNCHRONISED,AUTOMATIC,NORMAL,65,1950,1950,0,145,145,0.3,0.48,25.68621,38.92,1.208,1.072,0.0808,0.054,244.42,27.0772,-0.00405,1,0.18,1.656,6.309,41.5,CRITICAL,F1,1,1,mechanical_imbalance,0.9,1,1,,,,,29,0
2026-08-19T15:54:49.615Z,1787154889615,FAN_DT_001_F1_S09_R01_20260819T154800,1,409.395,FAULT_ACTIVE,F1,0.9,FAN_DT_001,3.0,process-model-3.0.0-build3,7540,1,LIVE,SYNCHRONISED,AUTOMATIC,NORMAL,65,1950,1950,0,145,145,0.3,0.48,25.6766,38.93,1.208,1.072,0.0808,0.054,244.42,27.1473,-0.00381,1,0.18,1.561,6.3253,41.5,CRITICAL,F1,1,1,mechanical_imbalance,0.9,1,1,,,,,29,0
2026-08-19T15:54:50.649Z,1787154890649,FAN_DT_001_F1_S09_R01_20260819T154800,1,410.429,FAULT_ACTIVE,F1,0.9,FAN_DT_001,3.0,process-model-3.0.0-build3,7541,1,LIVE,SYNCHRONISED,AUTOMATIC,NORMAL,65,1950,1950,0,145,145,0.3,0.48,25.66662,38.93,1.208,1.072,0.0808,0.054,244.42,27.2174,-0.00358,1,0.18,1.466,6.3417,41.5,CRITICAL,F1,1,1,mechanical_imbalance,0.9,1,1,,,,,29,0
2026-08-19T15:54:51.685Z,1787154891685,FAN_DT_001_F1_S09_R01_20260819T154800,1,411.466,FAULT_ACTIVE,F1,0.9,FAN_DT_001,3.0,process-model-3.0.0-build3,7542,1,LIVE,SYNCHRONISED,AUTOMATIC,NORMAL,65,1950,1950,0,145,145,0.3,0.48,25.65633,38.94,1.208,1.072,0.0808,0.054,244.42,27.2874,-0.00334,1,0.18,1.369,6.358,41.5,CRITICAL,F1,1,1,mechanical_imbalance,0.9,1,1,,,,,29,0
2026-08-19T15:54:52.716Z,1787154892716,FAN_DT_001_F1_S09_R01_20260819T154800,1,412.496,FAULT_ACTIVE,F1,0.9,FAN_DT_001,3.0,process-model-3.0.0-build3,7543,1,LIVE,SYNCHRONISED,AUTOMATIC,NORMAL,65,1950,1950,0,145,145,0.3,0.48,25.64565,38.94,1.208,1.072,0.0808,0.054,244.42,27.3576,-0.00312,1,0.18,1.276,6.3743,41.5,CRITICAL,F1,1,1,mechanical_imbalance,0.9,1,1,,,,,29,0
2026-08-19T15:54:53.753Z,1787154893753,FAN_DT_001_F1_S09_R01_20260819T154800,1,413.532,FAULT_ACTIVE,F1,0.9,FAN_DT_001,3.0,process-model-3.0.0-build3,7544,1,LIVE,SYNCHRONISED,AUTOMATIC,NORMAL,65,1950,1950,0,145,145,0.3,0.48,25.63465,38.94,1.208,1.072,0.0808,0.054,244.42,27.4276,-0.00288,1,0.18,1.18,6.3906,41.5,CRITICAL,F1,1,1,mechanical_imbalance,0.9,1,1,,,,,29,0
2026-08-19T15:54:54.789Z,1787154894789,FAN_DT_001_F1_S09_R01_20260819T154800,1,414.569,FAULT_ACTIVE,F1,0.9,FAN_DT_001,3.0,process-model-3.0.0-build3,7545,1,LIVE,SYNCHRONISED,AUTOMATIC,NORMAL,65,1950,1950,0,145,145,0.3,0.48,25.62329,38.94,1.208,1.072,0.0808,0.054,244.42,27.4979,-0.00264,1,0.18,1.081,6.407,41.5,CRITICAL,F1,1,1,mechanical_imbalance,0.9,1,1,,,,,29,0
2026-08-19T15:54:55.823Z,1787154895823,FAN_DT_001_F1_S09_R01_20260819T154800,1,415.603,FAULT_ACTIVE,F1,0.9,FAN_DT_001,3.0,process-model-3.0.0-build3,7546,1,LIVE,SYNCHRONISED,AUTOMATIC,NORMAL,65,1950,1950,0,145,145,0.3,0.48,25.61157,38.95,1.208,1.072,0.0808,0.054,244.42,27.5683,-0.00243,1,0.18,0.992,6.4234,41.5,CRITICAL,F1,1,1,mechanical_imbalance,0.9,1,1,,,,,29,0
2026-08-19T15:54:56.861Z,1787154896861,FAN_DT_001_F1_S09_R01_20260819T154800,1,416.641,FAULT_ACTIVE,F1,0.9,FAN_DT_001,3.0,process-model-3.0.0-build3,7547,1,LIVE,SYNCHRONISED,AUTOMATIC,NORMAL,65,1950,1950,0,145,145,0.3,0.48,25.5996,38.95,1.208,1.072,0.0808,0.054,244.42,27.6383,-0.00218,1,0.18,0.89,6.4397,41.5,CRITICAL,F1,1,1,mechanical_imbalance,0.9,1,1,,,,,29,0
2026-08-19T15:54:57.897Z,1787154897897,FAN_DT_001_F1_S09_R01_20260819T154800,1,417.677,FAULT_ACTIVE,F1,0.9,FAN_DT_001,3.0,process-model-3.0.0-build3,7548,1,LIVE,SYNCHRONISED,AUTOMATIC,NORMAL,65,1950,1950,0,145,145,0.3,0.48,25.58719,38.95,1.208,1.072,0.0808,0.054,244.42,27.7089,-0.00192,1,0.18,0.786,6.4562,41.5,CRITICAL,F1,1,1,mechanical_imbalance,0.9,1,1,,,,,29,0
2026-08-19T15:54:58.934Z,1787154898934,FAN_DT_001_F1_S09_R01_20260819T154800,1,418.714,FAULT_ACTIVE,F1,0.9,FAN_DT_001,3.0,process-model-3.0.0-build3,7549,1,LIVE,SYNCHRONISED,AUTOMATIC,NORMAL,65,1950,1950,0,145,145,0.3,0.48,25.57461,38.95,1.208,1.072,0.0808,0.054,244.42,27.7788,-0.00169,1,0.18,0.691,6.4725,41.5,CRITICAL,F1,1,1,mechanical_imbalance,0.9,1,1,,,,,29,0
2026-08-19T15:54:59.967Z,1787154899967,FAN_DT_001_F1_S09_R01_20260819T154800,1,419.747,FAULT_ACTIVE,F1,0.9,FAN_DT_001,3.0,process-model-3.0.0-build3,7550,1,LIVE,SYNCHRONISED,AUTOMATIC,NORMAL,65,1950,1950,0,145,145,0.3,0.48,25.56163,38.96,1.208,1.072,0.0808,0.054,244.42,27.8492,-0.00145,1,0.18,0.594,6.4889,41.5,CRITICAL,F1,1,1,mechanical_imbalance,0.9,1,1,,,,,29,0
2026-08-19T15:55:01.003Z,1787154901003,FAN_DT_001_F1_S09_R01_20260819T154800,1,420.783,FAULT_ACTIVE,F1,0.9,FAN_DT_001,3.0,process-model-3.0.0-build3,7551,1,LIVE,SYNCHRONISED,AUTOMATIC,NORMAL,65,1950,1950,0,145,145,0.3,0.48,25.54844,38.96,1.208,1.072,0.0808,0.054,244.42,27.9191,-0.00121,1,0.18,0.497,6.5052,41.5,CRITICAL,F1,1,1,mechanical_imbalance,0.9,1,1,,,,,29,0
2026-08-19T15:55:02.045Z,1787154902045,FAN_DT_001_F1_S09_R01_20260819T154800,1,421.826,FAULT_ACTIVE,F1,0.9,FAN_DT_001,3.0,process-model-3.0.0-build3,7552,1,LIVE,SYNCHRONISED,AUTOMATIC,NORMAL,65,1950,1950,0,145,145,0.3,0.48,25.5349,38.96,1.208,1.072,0.0808,0.054,244.42,27.9894,-0.00097,1,0.18,0.396,6.5215,41.5,CRITICAL,F1,1,1,mechanical_imbalance,0.9,1,1,,,,,29,0
2026-08-19T15:55:03.070Z,1787154903070,FAN_DT_001_F1_S09_R01_20260819T154800,1,422.851,FAULT_ACTIVE,F1,0.9,FAN_DT_001,3.0,process-model-3.0.0-build3,7553,1,LIVE,SYNCHRONISED,AUTOMATIC,NORMAL,65,1950,1950,0,145,145,0.3,0.48,25.52115,38.96,1.208,1.072,0.0808,0.054,244.42,28.0593,-0.00072,1,0.18,0.295,6.5378,41.5,CRITICAL,F1,1,1,mechanical_imbalance,0.9,1,1,,,,,29,0
2026-08-19T15:55:04.100Z,1787154904100,FAN_DT_001_F1_S09_R01_20260819T154800,1,423.88,FAULT_ACTIVE,F1,0.9,FAN_DT_001,3.0,process-model-3.0.0-build3,7554,1,LIVE,SYNCHRONISED,AUTOMATIC,NORMAL,65,1950,1950,0,145,145,0.3,0.48,25.50712,38.96,1.208,1.072,0.0808,0.054,244.42,28.1293,-0.00048,1,0.18,0.198,6.5541,41.5,CRITICAL,F1,1,1,mechanical_imbalance,0.9,1,1,,,,,29,0
2026-08-19T15:55:05.135Z,1787154905135,FAN_DT_001_F1_S09_R01_20260819T154800,1,424.915,FAULT_ACTIVE,F1,0.9,FAN_DT_001,3.0,process-model-3.0.0-build3,7555,1,LIVE,SYNCHRONISED,AUTOMATIC,NORMAL,65,1950,1950,0,145,145,0.3,0.48,25.49277,38.96,1.208,1.072,0.0808,0.054,244.42,28.1995,-0.00023,1,0.18,0.095,6.5705,41.5,CRITICAL,F1,1,1,mechanical_imbalance,0.9,1,1,,,,,29,0
2026-08-19T15:55:06.172Z,1787154906172,FAN_DT_001_F1_S09_R01_20260819T154800,1,425.952,FAULT_ACTIVE,F1,0.9,FAN_DT_001,3.0,process-model-3.0.0-build3,7556,1,LIVE,SYNCHRONISED,AUTOMATIC,NORMAL,65,1950,1950,0,145,145,0.3,0.48,25.47816,38.96,1.208,1.072,0.0808,0.054,244.42,28.2696,0,1,0.18,0,6.5868,41.5,CRITICAL,F1,1,1,mechanical_imbalance,0.9,1,1,,,,,29,0
2026-08-19T15:55:07.206Z,1787154907206,FAN_DT_001_F1_S09_R01_20260819T154800,1,426.986,FAULT_ACTIVE,F1,0.9,FAN_DT_001,3.0,process-model-3.0.0-build3,7557,1,LIVE,SYNCHRONISED,AUTOMATIC,NORMAL,65,1950,1950,0,145,145,0.3,0.48,25.46327,38.96,1.208,1.072,0.0808,0.054,244.42,28.34,0.00026,1,0.18,0.106,6.6032,41.5,CRITICAL,F1,1,1,mechanical_imbalance,0.9,1,1,,,,,29,0
2026-08-19T15:55:08.243Z,1787154908243,FAN_DT_001_F1_S09_R01_20260819T154800,1,428.023,FAULT_ACTIVE,F1,0.9,FAN_DT_001,3.0,process-model-3.0.0-build3,7558,1,LIVE,SYNCHRONISED,AUTOMATIC,NORMAL,65,1950,1950,0,145,145,0.3,0.48,25.44822,38.96,1.208,1.072,0.0808,0.054,244.42,28.41,0.00048,1,0.18,0.197,6.6195,41.5,CRITICAL,F1,1,1,mechanical_imbalance,0.9,1,1,,,,,29,0
2026-08-19T15:55:09.276Z,1787154909276,FAN_DT_001_F1_S09_R01_20260819T154800,1,429.056,FAULT_ACTIVE,F1,0.9,FAN_DT_001,3.0,process-model-3.0.0-build3,7559,1,LIVE,SYNCHRONISED,AUTOMATIC,NORMAL,65,1950,1950,0,145,145,0.3,0.48,25.43285,38.96,1.208,1.072,0.0808,0.054,244.42,28.4803,0.00074,1,0.18,0.302,6.6359,41.5,CRITICAL,F1,1,1,mechanical_imbalance,0.9,1,1,,,,,29,0
2026-08-19T15:55:10.314Z,1787154910314,FAN_DT_001_F1_S09_R01_20260819T154800,1,430.095,FAULT_ACTIVE,F1,0.9,FAN_DT_001,3.0,process-model-3.0.0-build3,7560,1,LIVE,SYNCHRONISED,AUTOMATIC,NORMAL,65,1950,1950,0,145,145,0.3,0.48,25.41732,38.96,1.208,1.072,0.0808,0.054,244.42,28.5503,0.00098,1,0.18,0.399,6.6522,41.5,CRITICAL,F1,1,1,mechanical_imbalance,0.9,1,1,,,,,29,0
2026-08-19T15:55:11.349Z,1787154911349,FAN_DT_001_F1_S09_R01_20260819T154800,1,431.13,FAULT_ACTIVE,F1,0.9,FAN_DT_001,3.0,process-model-3.0.0-build3,7561,1,LIVE,SYNCHRONISED,AUTOMATIC,NORMAL,65,1950,1950,0,145,145,0.3,0.48,25.40145,38.96,1.208,1.072,0.0808,0.054,244.42,28.6209,0.00121,1,0.18,0.496,6.6687,41.5,CRITICAL,F1,1,1,mechanical_imbalance,0.9,1,1,,,,,29,0
2026-08-19T15:55:12.386Z,1787154912386,FAN_DT_001_F1_S09_R01_20260819T154800,1,432.166,FAULT_ACTIVE,F1,0.9,FAN_DT_001,3.0,process-model-3.0.0-build3,7562,1,LIVE,SYNCHRONISED,AUTOMATIC,NORMAL,65,1950,1950,0,145,145,0.3,0.48,25.38552,38.96,1.208,1.072,0.0808,0.054,244.42,28.6908,0.00146,1,0.18,0.597,6.685,41.5,CRITICAL,F1,1,1,mechanical_imbalance,0.9,1,1,,,,,29,0
2026-08-19T15:55:13.426Z,1787154913426,FAN_DT_001_F1_S09_R01_20260819T154800,1,433.206,FAULT_ACTIVE,F1,0.9,FAN_DT_001,3.0,process-model-3.0.0-build3,7563,1,LIVE,SYNCHRONISED,AUTOMATIC,NORMAL,65,1950,1950,0,145,145,0.3,0.48,25.36924,38.95,1.208,1.072,0.0808,0.054,244.42,28.7613,0.0017,1,0.18,0.696,6.7014,41.5,CRITICAL,F1,1,1,mechanical_imbalance,0.9,1,1,,,,,29,0
2026-08-19T15:55:14.457Z,1787154914457,FAN_DT_001_F1_S09_R01_20260819T154800,1,434.237,FAULT_ACTIVE,F1,0.9,FAN_DT_001,3.0,process-model-3.0.0-build3,7564,1,LIVE,SYNCHRONISED,AUTOMATIC,NORMAL,65,1950,1950,0,145,145,0.3,0.48,25.35289,38.95,1.208,1.072,0.0808,0.054,244.42,28.8312,0.00194,1,0.18,0.792,6.7177,41.5,CRITICAL,F1,1,1,mechanical_imbalance,0.9,1,1,,,,,29,0
2026-08-19T15:55:15.522Z,1787154915522,FAN_DT_001_F1_S09_R01_20260819T154800,1,435.302,FAULT_ACTIVE,F1,0.9,FAN_DT_001,3.0,process-model-3.0.0-build3,7565,1,LIVE,SYNCHRONISED,AUTOMATIC,NORMAL,65,1950,1950,0,145,145,0.3,0.48,25.33626,38.95,1.208,1.072,0.0808,0.054,244.42,28.9016,0.00219,1,0.18,0.897,6.7341,41.5,CRITICAL,F1,1,1,mechanical_imbalance,0.9,1,1,,,,,29,0
2026-08-19T15:55:16.527Z,1787154916527,FAN_DT_001_F1_S09_R01_20260819T154800,1,436.307,FAULT_ACTIVE,F1,0.9,FAN_DT_001,3.0,process-model-3.0.0-build3,7566,1,LIVE,SYNCHRONISED,AUTOMATIC,NORMAL,65,1950,1950,0,145,145,0.3,0.48,25.31956,38.95,1.208,1.072,0.0808,0.054,244.42,28.9715,0.00242,1,0.18,0.989,6.7504,41.5,CRITICAL,F1,1,1,mechanical_imbalance,0.9,1,1,,,,,29,0
2026-08-19T15:55:17.560Z,1787154917560,FAN_DT_001_F1_S09_R01_20260819T154800,1,437.34,FAULT_ACTIVE,F1,0.9,FAN_DT_001,3.0,process-model-3.0.0-build3,7567,1,LIVE,SYNCHRONISED,AUTOMATIC,NORMAL,65,1950,1950,0,145,145,0.3,0.48,25.30257,38.94,1.208,1.072,0.0808,0.054,244.42,29.0419,0.00264,1,0.18,1.081,6.7668,41.5,CRITICAL,F1,1,1,mechanical_imbalance,0.9,1,1,,,,,29,0
2026-08-19T15:55:18.600Z,1787154918600,FAN_DT_001_F1_S09_R01_20260819T154800,1,438.38,FAULT_ACTIVE,F1,0.9,FAN_DT_001,3.0,process-model-3.0.0-build3,7568,1,LIVE,SYNCHRONISED,AUTOMATIC,NORMAL,65,1950,1950,0,145,145,0.3,0.48,25.28551,38.94,1.208,1.072,0.0808,0.054,244.42,29.112,0.00289,1,0.18,1.182,6.7831,41.5,CRITICAL,F1,1,1,mechanical_imbalance,0.9,1,1,,,,,29,0
2026-08-19T15:55:19.627Z,1787154919627,FAN_DT_001_F1_S09_R01_20260819T154800,1,439.407,FAULT_ACTIVE,F1,0.9,FAN_DT_001,3.0,process-model-3.0.0-build3,7569,1,LIVE,SYNCHRONISED,AUTOMATIC,NORMAL,65,1950,1950,0,145,145,0.3,0.48,25.26835,38.94,1.208,1.072,0.0808,0.054,244.42,29.1819,0.00312,1,0.18,1.276,6.7994,41.5,CRITICAL,F1,1,1,mechanical_imbalance,0.9,1,1,,,,,29,0
2026-08-19T15:55:20.660Z,1787154920660,FAN_DT_001_F1_S09_R01_20260819T154800,1,440.44,FAULT_ACTIVE,F1,0.9,FAN_DT_001,3.0,process-model-3.0.0-build3,7570,1,LIVE,SYNCHRONISED,AUTOMATIC,NORMAL,65,1950,1950,0,145,145,0.3,0.48,25.25096,38.93,1.208,1.072,0.0808,0.054,244.42,29.2521,0.00335,1,0.18,1.371,6.8157,41.5,CRITICAL,F1,1,1,mechanical_imbalance,0.9,1,1,,,,,29,0
2026-08-19T15:55:21.697Z,1787154921697,FAN_DT_001_F1_S09_R01_20260819T154800,1,441.477,FAULT_ACTIVE,F1,0.9,FAN_DT_001,3.0,process-model-3.0.0-build3,7571,1,LIVE,SYNCHRONISED,AUTOMATIC,NORMAL,65,1950,1950,0,145,145,0.3,0.48,25.23349,38.93,1.208,1.072,0.0808,0.054,244.42,29.3221,0.00357,1,0.18,1.462,6.832,41.5,CRITICAL,F1,1,1,mechanical_imbalance,0.9,1,1,,,,,29,0
2026-08-19T15:55:22.736Z,1787154922736,FAN_DT_001_F1_S09_R01_20260819T154800,1,442.516,FAULT_ACTIVE,F1,0.9,FAN_DT_001,3.0,process-model-3.0.0-build3,7572,1,LIVE,SYNCHRONISED,AUTOMATIC,NORMAL,65,1950,1950,0,145,145,0.3,0.48,25.21583,38.93,1.208,1.072,0.0808,0.054,244.42,29.3924,0.00381,1,0.18,1.561,6.8484,41.5,CRITICAL,F1,1,1,mechanical_imbalance,0.9,1,1,,,,,29,0
2026-08-19T15:55:23.878Z,1787154923878,FAN_DT_001_F1_S09_R01_20260819T154800,1,443.658,FAULT_ACTIVE,F1,0.9,FAN_DT_001,3.0,process-model-3.0.0-build3,7573,1,LIVE,SYNCHRONISED,AUTOMATIC,NORMAL,65,1950,1950,0,145,145,0.3,0.48,25.19812,38.92,1.208,1.072,0.0808,0.054,244.42,29.4624,0.00405,1,0.18,1.656,6.8647,41.5,CRITICAL,F1,1,1,mechanical_imbalance,0.9,1,1,,,,,29,0
2026-08-19T15:55:24.823Z,1787154924823,FAN_DT_001_F1_S09_R01_20260819T154800,1,444.603,FAULT_ACTIVE,F1,0.9,FAN_DT_001,3.0,process-model-3.0.0-build3,7574,1,LIVE,SYNCHRONISED,AUTOMATIC,NORMAL,65,1950,1950,0,145,145,0.3,0.48,25.18022,38.92,1.208,1.072,0.0808,0.054,244.42,29.5328,0.00427,1,0.18,1.747,6.8811,41.5,CRITICAL,F1,1,1,mechanical_imbalance,0.9,1,1,,,,,29,0
2026-08-19T15:55:25.837Z,1787154925837,FAN_DT_001_F1_S09_R01_20260819T154800,1,445.617,FAULT_ACTIVE,F1,0.9,FAN_DT_001,3.0,process-model-3.0.0-build3,7575,1,LIVE,SYNCHRONISED,AUTOMATIC,NORMAL,65,1950,1950,0,145,145,0.3,0.48,25.1623,38.91,1.208,1.072,0.0808,0.054,244.42,29.6028,0.00448,1,0.18,1.833,6.8975,41.5,CRITICAL,F1,1,1,mechanical_imbalance,0.9,1,1,,,,,29,0
2026-08-19T15:55:26.872Z,1787154926872,FAN_DT_001_F1_S09_R01_20260819T154800,1,446.652,FAULT_ACTIVE,F1,0.9,FAN_DT_001,3.0,process-model-3.0.0-build3,7576,1,LIVE,SYNCHRONISED,AUTOMATIC,NORMAL,65,1950,1950,0,145,145,0.3,0.48,25.14424,38.91,1.208,1.072,0.0808,0.054,244.42,29.6731,0.00472,1,0.18,1.932,6.9138,41.5,CRITICAL,F1,1,1,mechanical_imbalance,0.9,1,1,,,,,29,0
2026-08-19T15:55:27.908Z,1787154927908,FAN_DT_001_F1_S09_R01_20260819T154800,1,447.687,FAULT_ACTIVE,F1,0.9,FAN_DT_001,3.0,process-model-3.0.0-build3,7577,1,LIVE,SYNCHRONISED,AUTOMATIC,NORMAL,65,1950,1950,0,145,145,0.3,0.48,25.12615,38.9,1.208,1.072,0.0808,0.054,244.42,29.7432,0.00491,1,0.18,2.01,6.9302,41.5,CRITICAL,F1,1,1,mechanical_imbalance,0.9,1,1,,,,,29,0
2026-08-19T15:55:28.943Z,1787154928943,FAN_DT_001_F1_S09_R01_20260819T154800,1,448.723,FAULT_ACTIVE,F1,0.9,FAN_DT_001,3.0,process-model-3.0.0-build3,7578,1,LIVE,SYNCHRONISED,AUTOMATIC,NORMAL,65,1950,1950,0,145,145,0.3,0.48,25.10797,38.9,1.208,1.072,0.0808,0.054,244.42,29.8134,0.00515,1,0.18,2.106,6.9465,41.5,CRITICAL,F1,1,1,mechanical_imbalance,0.9,1,1,,,,,29,0
2026-08-19T15:55:29.979Z,1787154929979,FAN_DT_001_F1_S09_R01_20260819T154800,1,449.759,FAULT_ACTIVE,F1,0.9,FAN_DT_001,3.0,process-model-3.0.0-build3,7579,1,LIVE,SYNCHRONISED,AUTOMATIC,NORMAL,65,1950,1950,0,145,145,0.3,0.48,25.08974,38.89,1.208,1.072,0.0808,0.054,244.42,29.8836,0.00535,1,0.18,2.187,6.9629,41.5,CRITICAL,F1,1,1,mechanical_imbalance,0.9,1,1,,,,,29,0
2026-08-19T15:55:31.012Z,1787154931012,FAN_DT_001_F1_S09_R01_20260819T154800,1,450.792,FAULT_ACTIVE,F1,0.9,FAN_DT_001,3.0,process-model-3.0.0-build3,7580,1,LIVE,SYNCHRONISED,AUTOMATIC,NORMAL,65,1950,1950,0,145,145,0.3,0.48,25.07145,38.89,1.208,1.072,0.0808,0.054,244.42,29.9538,0.00557,1,0.18,2.279,6.9792,41.5,CRITICAL,F1,1,1,mechanical_imbalance,0.9,1,1,,,,,29,0
2026-08-19T15:55:32.047Z,1787154932047,FAN_DT_001_F1_S09_R01_20260819T154800,1,451.827,FAULT_ACTIVE,F1,0.9,FAN_DT_001,3.0,process-model-3.0.0-build3,7581,1,LIVE,SYNCHRONISED,AUTOMATIC,NORMAL,65,1950,1950,0,145,145,0.3,0.48,25.05312,38.88,1.208,1.072,0.0808,0.054,244.42,30.024,0.00578,1,0.18,2.365,6.9956,41.5,CRITICAL,F1,1,1,mechanical_imbalance,0.9,1,1,,,,,29,0
2026-08-19T15:55:33.080Z,1787154933080,FAN_DT_001_F1_S09_R01_20260819T154800,1,452.86,FAULT_ACTIVE,F1,0.9,FAN_DT_001,3.0,process-model-3.0.0-build3,7582,1,LIVE,SYNCHRONISED,AUTOMATIC,NORMAL,65,1950,1950,0,145,145,0.3,0.48,25.03482,38.88,1.208,1.072,0.0808,0.054,244.42,30.094,0.00596,1,0.18,2.44,7.0119,41.5,CRITICAL,F1,1,1,mechanical_imbalance,0.9,1,1,,,,,29,0
2026-08-19T15:55:34.126Z,1787154934126,FAN_DT_001_F1_S09_R01_20260819T154800,1,453.906,FAULT_ACTIVE,F1,0.9,FAN_DT_001,3.0,process-model-3.0.0-build3,7583,1,LIVE,SYNCHRONISED,AUTOMATIC,NORMAL,65,1950,1950,0,145,145,0.3,0.48,25.01638,38.87,1.208,1.072,0.0808,0.054,244.42,30.1644,0.00617,1,0.18,2.525,7.0283,41.5,CRITICAL,F1,1,1,mechanical_imbalance,0.9,1,1,,,,,29,0
2026-08-19T15:55:35.154Z,1787154935154,FAN_DT_001_F1_S09_R01_20260819T154800,1,454.934,FAULT_ACTIVE,F1,0.9,FAN_DT_001,3.0,process-model-3.0.0-build3,7584,1,LIVE,SYNCHRONISED,AUTOMATIC,NORMAL,65,1950,1950,0,145,145,0.3,0.48,24.99814,38.86,1.208,1.072,0.0808,0.054,244.42,30.2341,0.00636,1,0.18,2.601,7.0445,41.5,CRITICAL,F1,1,1,mechanical_imbalance,0.9,1,1,,,,,29,0
2026-08-19T15:55:36.184Z,1787154936184,FAN_DT_001_F1_S09_R01_20260819T154800,1,455.964,FAULT_ACTIVE,F1,0.9,FAN_DT_001,3.0,process-model-3.0.0-build3,7585,1,LIVE,SYNCHRONISED,AUTOMATIC,NORMAL,65,1950,1950,0,145,145,0.3,0.48,24.9797,38.86,1.208,1.072,0.0808,0.054,244.42,30.3045,0.00656,1,0.18,2.684,7.061,41.5,CRITICAL,F1,1,1,mechanical_imbalance,0.9,1,1,,,,,29,0
2026-08-19T15:55:37.221Z,1787154937221,FAN_DT_001_F1_S09_R01_20260819T154800,1,457.001,FAULT_ACTIVE,F1,0.9,FAN_DT_001,3.0,process-model-3.0.0-build3,7586,1,LIVE,SYNCHRONISED,AUTOMATIC,NORMAL,65,1950,1950,0,145,145,0.3,0.48,24.96138,38.85,1.208,1.072,0.0808,0.054,244.42,30.3745,0.00676,1,0.18,2.765,7.0773,41.5,CRITICAL,F1,1,1,mechanical_imbalance,0.9,1,1,,,,,29,0
2026-08-19T15:55:38.257Z,1787154938257,FAN_DT_001_F1_S09_R01_20260819T154800,1,458.037,FAULT_ACTIVE,F1,0.9,FAN_DT_001,3.0,process-model-3.0.0-build3,7587,1,LIVE,SYNCHRONISED,AUTOMATIC,NORMAL,65,1950,1950,0,145,145,0.3,0.48,24.94298,38.84,1.208,1.072,0.0808,0.054,244.42,30.4449,0.00695,1,0.18,2.843,7.0937,41.5,CRITICAL,F1,1,1,mechanical_imbalance,0.9,1,1,,,,,29,0
2026-08-19T15:55:39.293Z,1787154939293,FAN_DT_001_F1_S09_R01_20260819T154800,1,459.073,FAULT_ACTIVE,F1,0.9,FAN_DT_001,3.0,process-model-3.0.0-build3,7588,1,LIVE,SYNCHRONISED,AUTOMATIC,NORMAL,65,1950,1950,0,145,145,0.3,0.48,24.92474,38.84,1.208,1.072,0.0808,0.054,244.42,30.5149,0.00712,1,0.18,2.914,7.11,41.5,CRITICAL,F1,1,1,mechanical_imbalance,0.9,1,1,,,,,29,0
2026-08-19T15:55:40.329Z,1787154940329,FAN_DT_001_F1_S09_R01_20260819T154800,1,460.109,FAULT_ACTIVE,F1,0.9,FAN_DT_001,3.0,process-model-3.0.0-build3,7589,1,LIVE,SYNCHRONISED,AUTOMATIC,NORMAL,65,1950,1950,0,145,145,0.3,0.48,24.90634,38.83,1.208,1.072,0.0808,0.054,244.42,30.5855,0.0073,1,0.18,2.988,7.1264,41.5,CRITICAL,F1,1,1,mechanical_imbalance,0.9,1,1,,,,,29,0
2026-08-19T15:55:41.370Z,1787154941370,FAN_DT_001_F1_S09_R01_20260819T154800,1,461.15,FAULT_ACTIVE,F1,0.9,FAN_DT_001,3.0,process-model-3.0.0-build3,7590,1,LIVE,SYNCHRONISED,AUTOMATIC,NORMAL,65,1950,1950,0,145,145,0.3,0.48,24.88812,38.82,1.208,1.072,0.0808,0.054,244.42,30.6557,0.00748,1,0.18,3.061,7.1428,41.5,CRITICAL,F1,1,1,mechanical_imbalance,0.9,1,1,,,,,29,0
2026-08-19T15:55:42.403Z,1787154942403,FAN_DT_001_F1_S09_R01_20260819T154800,1,462.183,FAULT_ACTIVE,F1,0.9,FAN_DT_001,3.0,process-model-3.0.0-build3,7591,1,LIVE,SYNCHRONISED,AUTOMATIC,NORMAL,65,1950,1950,0,145,145,0.3,0.48,24.86988,38.81,1.208,1.072,0.0808,0.054,244.42,30.7261,0.00766,1,0.18,3.134,7.1592,41.5,CRITICAL,F1,1,1,mechanical_imbalance,0.9,1,1,,,,,29,0
2026-08-19T15:55:43.439Z,1787154943439,FAN_DT_001_F1_S09_R01_20260819T154800,1,463.219,FAULT_ACTIVE,F1,0.9,FAN_DT_001,3.0,process-model-3.0.0-build3,7592,1,LIVE,SYNCHRONISED,AUTOMATIC,NORMAL,65,1950,1950,0,145,145,0.3,0.48,24.85186,38.8,1.208,1.072,0.0808,0.054,244.42,30.796,0.00781,1,0.18,3.195,7.1755,41.5,CRITICAL,F1,1,1,mechanical_imbalance,0.9,1,1,,,,,29,0
2026-08-19T15:55:44.471Z,1787154944471,FAN_DT_001_F1_S09_R01_20260819T154800,1,464.251,FAULT_ACTIVE,F1,0.9,FAN_DT_001,3.0,process-model-3.0.0-build3,7593,1,LIVE,SYNCHRONISED,AUTOMATIC,NORMAL,65,1950,1950,0,145,145,0.3,0.48,24.83382,38.8,1.208,1.072,0.0808,0.054,244.42,30.8663,0.00796,1,0.18,3.257,7.1919,41.5,CRITICAL,F1,1,1,mechanical_imbalance,0.9,1,1,,,,,29,0
2026-08-19T15:55:45.524Z,1787154945524,FAN_DT_001_F1_S09_R01_20260819T154800,1,465.304,FAULT_ACTIVE,F1,0.9,FAN_DT_001,3.0,process-model-3.0.0-build3,7594,1,LIVE,SYNCHRONISED,AUTOMATIC,NORMAL,65,1950,1950,0,145,145,0.3,0.48,24.81591,38.79,1.208,1.072,0.0808,0.054,244.42,30.9364,0.00813,1,0.18,3.325,7.2082,41.5,CRITICAL,F1,1,1,mechanical_imbalance,0.9,1,1,,,,,29,0
2026-08-19T15:55:46.543Z,1787154946543,FAN_DT_001_F1_S09_R01_20260819T154800,1,466.323,FAULT_ACTIVE,F1,0.9,FAN_DT_001,3.0,process-model-3.0.0-build3,7595,1,LIVE,SYNCHRONISED,AUTOMATIC,NORMAL,65,1950,1950,0,145,145,0.3,0.48,24.79803,38.78,1.208,1.072,0.0808,0.054,244.42,31.0068,0.00829,1,0.18,3.392,7.2246,41.5,CRITICAL,F1,1,1,mechanical_imbalance,0.9,1,1,,,,,29,0
2026-08-19T15:55:47.580Z,1787154947580,FAN_DT_001_F1_S09_R01_20260819T154800,1,467.36,FAULT_ACTIVE,F1,0.9,FAN_DT_001,3.0,process-model-3.0.0-build3,7596,1,LIVE,SYNCHRONISED,AUTOMATIC,NORMAL,65,1950,1950,0,145,145,0.3,0.48,24.78038,38.77,1.208,1.072,0.0808,0.054,244.42,31.0766,0.00845,1,0.18,3.458,7.2409,41.5,CRITICAL,F1,1,1,mechanical_imbalance,0.9,1,1,,,,,29,0
2026-08-19T15:55:48.612Z,1787154948612,FAN_DT_001_F1_S09_R01_20260819T154800,1,468.392,FAULT_ACTIVE,F1,0.9,FAN_DT_001,3.0,process-model-3.0.0-build3,7597,1,LIVE,SYNCHRONISED,AUTOMATIC,NORMAL,65,1950,1950,0,145,145,0.3,0.48,24.76271,38.76,1.208,1.072,0.0808,0.054,244.42,31.147,0.0086,1,0.18,3.518,7.2573,41.5,CRITICAL,F1,1,1,mechanical_imbalance,0.9,1,1,,,,,29,0
2026-08-19T15:55:49.648Z,1787154949648,FAN_DT_001_F1_S09_R01_20260819T154800,1,469.428,FAULT_ACTIVE,F1,0.9,FAN_DT_001,3.0,process-model-3.0.0-build3,7598,1,LIVE,SYNCHRONISED,AUTOMATIC,NORMAL,65,1950,1950,0,145,145,0.3,0.48,24.74532,38.75,1.208,1.072,0.0808,0.054,244.42,31.2169,0.00873,1,0.18,3.571,7.2735,41.5,CRITICAL,F1,1,1,mechanical_imbalance,0.9,1,1,,,,,29,0
2026-08-19T15:55:50.683Z,1787154950683,FAN_DT_001_F1_S09_R01_20260819T154800,1,470.463,FAULT_ACTIVE,F1,0.9,FAN_DT_001,3.0,process-model-3.0.0-build3,7599,1,LIVE,SYNCHRONISED,AUTOMATIC,NORMAL,65,1950,1950,0,145,145,0.3,0.48,24.7279,38.74,1.208,1.072,0.0808,0.054,244.42,31.2874,0.00887,1,0.18,3.629,7.29,41.5,CRITICAL,F1,1,1,mechanical_imbalance,0.9,1,1,,,,,29,0
2026-08-19T15:55:51.717Z,1787154951717,FAN_DT_001_F1_S09_R01_20260819T154800,1,471.497,FAULT_ACTIVE,F1,0.9,FAN_DT_001,3.0,process-model-3.0.0-build3,7600,1,LIVE,SYNCHRONISED,AUTOMATIC,NORMAL,65,1950,1950,0,145,145,0.3,0.48,24.71077,38.73,1.208,1.072,0.0808,0.054,244.42,31.3572,0.00899,1,0.18,3.677,7.3062,41.5,CRITICAL,F1,1,1,mechanical_imbalance,0.9,1,1,,,,,29,0
2026-08-19T15:55:52.749Z,1787154952749,FAN_DT_001_F1_S09_R01_20260819T154800,1,472.529,FAULT_ACTIVE,F1,0.9,FAN_DT_001,3.0,process-model-3.0.0-build3,7601,1,LIVE,SYNCHRONISED,AUTOMATIC,NORMAL,65,1950,1950,0,145,145,0.3,0.48,24.69368,38.73,1.208,1.072,0.0808,0.054,244.42,31.4275,0.00911,1,0.18,3.728,7.3226,41.5,CRITICAL,F1,1,1,mechanical_imbalance,0.9,1,1,,,,,29,0
2026-08-19T15:55:53.786Z,1787154953786,FAN_DT_001_F1_S09_R01_20260819T154800,1,473.566,FAULT_ACTIVE,F1,0.9,FAN_DT_001,3.0,process-model-3.0.0-build3,7602,1,LIVE,SYNCHRONISED,AUTOMATIC,NORMAL,65,1950,1950,0,145,145,0.3,0.48,24.67682,38.72,1.208,1.072,0.0808,0.054,244.42,31.4975,0.00924,1,0.18,3.779,7.3389,41.5,CRITICAL,F1,1,1,mechanical_imbalance,0.9,1,1,,,,,29,0
2026-08-19T15:55:54.826Z,1787154954826,FAN_DT_001_F1_S09_R01_20260819T154800,1,474.606,FAULT_ACTIVE,F1,0.9,FAN_DT_001,3.0,process-model-3.0.0-build3,7603,1,LIVE,SYNCHRONISED,AUTOMATIC,NORMAL,65,1950,1950,0,145,145,0.3,0.48,24.66006,38.71,1.208,1.072,0.0808,0.054,244.42,31.5679,0.00936,1,0.18,3.827,7.3553,41.5,CRITICAL,F1,1,1,mechanical_imbalance,0.9,1,1,,,,,29,0
2026-08-19T15:55:55.857Z,1787154955857,FAN_DT_001_F1_S09_R01_20260819T154800,1,475.636,FAULT_ACTIVE,F1,0.9,FAN_DT_001,3.0,process-model-3.0.0-build3,7604,1,LIVE,SYNCHRONISED,AUTOMATIC,NORMAL,65,1950,1950,0,145,145,0.3,0.48,24.64359,38.7,1.208,1.072,0.0808,0.054,244.42,31.6378,0.00948,1,0.18,3.878,7.3716,41.5,CRITICAL,F1,1,1,mechanical_imbalance,0.9,1,1,,,,,29,0
2026-08-19T15:55:56.922Z,1787154956922,FAN_DT_001_F1_S09_R01_20260819T154800,1,476.702,FAULT_ACTIVE,F1,0.9,FAN_DT_001,3.0,process-model-3.0.0-build3,7605,1,LIVE,SYNCHRONISED,AUTOMATIC,NORMAL,65,1950,1950,0,145,145,0.3,0.48,24.62719,38.69,1.208,1.072,0.0808,0.054,244.42,31.7081,0.00957,1,0.18,3.914,7.388,41.5,CRITICAL,F1,1,1,mechanical_imbalance,0.9,1,1,,,,,29,0
2026-08-19T15:55:57.926Z,1787154957926,FAN_DT_001_F1_S09_R01_20260819T154800,1,477.707,FAULT_ACTIVE,F1,0.9,FAN_DT_001,3.0,process-model-3.0.0-build3,7606,1,LIVE,SYNCHRONISED,AUTOMATIC,NORMAL,65,1950,1950,0,145,145,0.3,0.48,24.61105,38.68,1.208,1.072,0.0808,0.054,244.42,31.7782,0.00968,1,0.18,3.961,7.4043,41.5,CRITICAL,F1,1,1,mechanical_imbalance,0.9,1,1,,,,,29,0
2026-08-19T15:55:58.963Z,1787154958963,FAN_DT_001_F1_S09_R01_20260819T154800,1,478.743,FAULT_ACTIVE,F1,0.9,FAN_DT_001,3.0,process-model-3.0.0-build3,7607,1,LIVE,SYNCHRONISED,AUTOMATIC,NORMAL,65,1950,1950,0,145,145,0.3,0.48,24.59508,38.67,1.208,1.072,0.0808,0.054,244.42,31.8484,0.00978,1,0.18,4.001,7.4207,41.5,CRITICAL,F1,1,1,mechanical_imbalance,0.9,1,1,,,,,29,0
2026-08-19T15:55:59.997Z,1787154959997,FAN_DT_001_F1_S09_R01_20260819T154800,1,479.777,FAULT_ACTIVE,F1,0.9,FAN_DT_001,3.0,process-model-3.0.0-build3,7608,1,LIVE,SYNCHRONISED,AUTOMATIC,NORMAL,65,1950,1950,0,145,145,0.3,0.48,24.57928,38.66,1.208,1.072,0.0808,0.054,244.42,31.9189,0.00987,1,0.18,4.039,7.4371,41.5,CRITICAL,F1,1,1,mechanical_imbalance,0.9,1,1,,,,,29,0
2026-08-19T15:56:01.061Z,1787154961061,FAN_DT_001_F1_S09_R01_20260819T154800,1,480.841,FAULT_ACTIVE,F1,0.9,FAN_DT_001,3.0,process-model-3.0.0-build3,7609,1,LIVE,SYNCHRONISED,AUTOMATIC,NORMAL,65,1950,1950,0,145,145,0.3,0.48,24.5638,38.65,1.208,1.072,0.0808,0.054,244.42,31.9889,0.00997,1,0.18,4.08,7.4534,41.5,CRITICAL,F1,1,1,mechanical_imbalance,0.9,1,1,,,,,29,0
2026-08-19T15:56:02.069Z,1787154962069,FAN_DT_001_F1_S09_R01_20260819T154800,1,481.849,FAULT_ACTIVE,F1,0.9,FAN_DT_001,3.0,process-model-3.0.0-build3,7610,1,LIVE,SYNCHRONISED,AUTOMATIC,NORMAL,65,1950,1950,0,145,145,0.3,0.48,24.54847,38.64,1.208,1.072,0.0808,0.054,244.42,32.0593,0.01003,1,0.18,4.103,7.4698,41.5,CRITICAL,F1,1,1,mechanical_imbalance,0.9,1,1,,,,,29,0
2026-08-19T15:56:03.104Z,1787154963104,FAN_DT_001_F1_S09_R01_20260819T154800,1,482.884,FAULT_ACTIVE,F1,0.9,FAN_DT_001,3.0,process-model-3.0.0-build3,7611,1,LIVE,SYNCHRONISED,AUTOMATIC,NORMAL,65,1950,1950,0,145,145,0.3,0.48,24.53346,38.62,1.208,1.072,0.0808,0.054,244.42,32.1293,0.01012,1,0.18,4.141,7.4861,41.5,CRITICAL,F1,1,1,mechanical_imbalance,0.9,1,1,,,,,29,0
2026-08-19T15:56:04.137Z,1787154964137,FAN_DT_001_F1_S09_R01_20260819T154800,1,483.917,FAULT_ACTIVE,F1,0.9,FAN_DT_001,3.0,process-model-3.0.0-build3,7612,1,LIVE,SYNCHRONISED,AUTOMATIC,NORMAL,65,1950,1950,0,145,145,0.3,0.48,24.51862,38.61,1.208,1.072,0.0808,0.054,244.42,32.1997,0.0102,1,0.18,4.174,7.5025,41.5,CRITICAL,F1,1,1,mechanical_imbalance,0.9,1,1,,,,,29,0
2026-08-19T15:56:05.166Z,1787154965166,FAN_DT_001_F1_S09_R01_20260819T154800,1,484.946,FAULT_ACTIVE,F1,0.9,FAN_DT_001,3.0,process-model-3.0.0-build3,7613,1,LIVE,SYNCHRONISED,AUTOMATIC,NORMAL,65,1950,1950,0,145,145,0.3,0.48,24.50423,38.6,1.208,1.072,0.0808,0.054,244.42,32.2691,0.01024,1,0.18,4.191,7.5187,41.5,CRITICAL,F1,1,1,mechanical_imbalance,0.9,1,1,,,,,29,0
2026-08-19T15:56:06.196Z,1787154966196,FAN_DT_001_F1_S09_R01_20260819T154800,1,485.977,FAULT_ACTIVE,F1,0.9,FAN_DT_001,3.0,process-model-3.0.0-build3,7614,1,LIVE,SYNCHRONISED,AUTOMATIC,NORMAL,65,1950,1950,0,145,145,0.3,0.48,24.48996,38.59,1.208,1.072,0.0808,0.054,244.42,32.3392,0.01032,1,0.18,4.222,7.535,41.5,CRITICAL,F1,1,1,mechanical_imbalance,0.9,1,1,,,,,29,0
2026-08-19T15:56:07.233Z,1787154967233,FAN_DT_001_F1_S09_R01_20260819T154800,1,487.013,FAULT_ACTIVE,F1,0.9,FAN_DT_001,3.0,process-model-3.0.0-build3,7615,1,LIVE,SYNCHRONISED,AUTOMATIC,NORMAL,65,1950,1950,0,145,145,0.3,0.48,24.47598,38.58,1.208,1.072,0.0808,0.054,244.42,32.4091,0.01037,1,0.18,4.243,7.5513,41.5,CRITICAL,F1,1,1,mechanical_imbalance,0.9,1,1,,,,,29,0
2026-08-19T15:56:08.268Z,1787154968268,FAN_DT_001_F1_S09_R01_20260819T154800,1,488.048,FAULT_ACTIVE,F1,0.9,FAN_DT_001,3.0,process-model-3.0.0-build3,7616,1,LIVE,SYNCHRONISED,AUTOMATIC,NORMAL,65,1950,1950,0,145,145,0.3,0.48,24.46219,38.57,1.208,1.072,0.0808,0.054,244.42,32.4795,0.01041,1,0.18,4.259,7.5677,41.5,CRITICAL,F1,1,1,mechanical_imbalance,0.9,1,1,,,,,29,0
2026-08-19T15:56:09.303Z,1787154969303,FAN_DT_001_F1_S09_R01_20260819T154800,1,489.083,FAULT_ACTIVE,F1,0.9,FAN_DT_001,3.0,process-model-3.0.0-build3,7617,1,LIVE,SYNCHRONISED,AUTOMATIC,NORMAL,65,1950,1950,0,145,145,0.3,0.48,24.44879,38.56,1.208,1.072,0.0808,0.054,244.42,32.5494,0.01045,1,0.18,4.274,7.584,41.5,CRITICAL,F1,1,1,mechanical_imbalance,0.9,1,1,,,,,29,0
2026-08-19T15:56:10.336Z,1787154970336,FAN_DT_001_F1_S09_R01_20260819T154800,1,490.116,FAULT_ACTIVE,F1,0.9,FAN_DT_001,3.0,process-model-3.0.0-build3,7618,1,LIVE,SYNCHRONISED,AUTOMATIC,NORMAL,65,1950,1950,0,145,145,0.3,0.48,24.43558,38.55,1.208,1.072,0.0808,0.054,244.42,32.6198,0.01051,1,0.18,4.301,7.6004,41.5,CRITICAL,F1,1,1,mechanical_imbalance,0.9,1,1,,,,,29,0
2026-08-19T15:56:11.374Z,1787154971374,FAN_DT_001_F1_S09_R01_20260819T154800,1,491.154,FAULT_ACTIVE,F1,0.9,FAN_DT_001,3.0,process-model-3.0.0-build3,7619,1,LIVE,SYNCHRONISED,AUTOMATIC,NORMAL,65,1950,1950,0,145,145,0.3,0.48,24.42274,38.54,1.208,1.072,0.0808,0.054,244.42,32.6898,0.01054,1,0.18,4.313,7.6167,41.5,CRITICAL,F1,1,1,mechanical_imbalance,0.9,1,1,,,,,29,0
2026-08-19T15:56:12.408Z,1787154972408,FAN_DT_001_F1_S09_R01_20260819T154800,1,492.188,FAULT_ACTIVE,F1,0.9,FAN_DT_001,3.0,process-model-3.0.0-build3,7620,1,LIVE,SYNCHRONISED,AUTOMATIC,NORMAL,65,1950,1950,0,145,145,0.3,0.48,24.41011,38.53,1.208,1.072,0.0808,0.054,244.42,32.7603,0.01057,1,0.18,4.323,7.6331,41.5,CRITICAL,F1,1,1,mechanical_imbalance,0.9,1,1,,,,,29,0
2026-08-19T15:56:13.444Z,1787154973444,FAN_DT_001_F1_S09_R01_20260819T154800,1,493.225,FAULT_ACTIVE,F1,0.9,FAN_DT_001,3.0,process-model-3.0.0-build3,7621,1,LIVE,SYNCHRONISED,AUTOMATIC,NORMAL,65,1950,1950,0,145,145,0.3,0.48,24.3979,38.52,1.208,1.072,0.0808,0.054,244.42,32.8302,0.01058,1,0.18,4.327,7.6494,41.5,CRITICAL,F1,1,1,mechanical_imbalance,0.9,1,1,,,,,29,0
2026-08-19T15:56:14.479Z,1787154974479,FAN_DT_001_F1_S09_R01_20260819T154800,1,494.259,FAULT_ACTIVE,F1,0.9,FAN_DT_001,3.0,process-model-3.0.0-build3,7622,1,LIVE,SYNCHRONISED,AUTOMATIC,NORMAL,65,1950,1950,0,145,145,0.3,0.48,24.38593,38.51,1.208,1.072,0.0808,0.054,244.42,32.9006,0.0106,1,0.18,4.335,7.6658,41.5,CRITICAL,F1,1,1,mechanical_imbalance,0.9,1,1,,,,,29,0
2026-08-19T15:56:15.626Z,1787154975626,FAN_DT_001_F1_S09_R01_20260819T154800,1,495.406,FAULT_ACTIVE,F1,0.9,FAN_DT_001,3.0,process-model-3.0.0-build3,7623,1,LIVE,SYNCHRONISED,AUTOMATIC,NORMAL,65,1950,1950,0,145,145,0.3,0.48,24.37435,38.5,1.208,1.072,0.0808,0.054,244.42,32.9706,0.0106,1,0.18,4.337,7.6821,41.5,CRITICAL,F1,1,1,mechanical_imbalance,0.9,1,1,,,,,29,0
2026-08-19T15:56:16.545Z,1787154976545,FAN_DT_001_F1_S09_R01_20260819T154800,1,496.325,FAULT_ACTIVE,F1,0.9,FAN_DT_001,3.0,process-model-3.0.0-build3,7624,1,LIVE,SYNCHRONISED,AUTOMATIC,NORMAL,65,1950,1950,0,145,145,0.3,0.48,24.36309,38.48,1.208,1.072,0.0808,0.054,244.42,33.0406,0.01063,1,0.18,4.348,7.6985,41.5,CRITICAL,F1,1,1,mechanical_imbalance,0.9,1,1,,,,,29,0
2026-08-19T15:56:17.579Z,1787154977579,FAN_DT_001_F1_S09_R01_20260819T154800,1,497.359,FAULT_ACTIVE,F1,0.9,FAN_DT_001,3.0,process-model-3.0.0-build3,7625,1,LIVE,SYNCHRONISED,AUTOMATIC,NORMAL,65,1950,1950,0,145,145,0.3,0.48,24.3521,38.47,1.208,1.072,0.0808,0.054,244.42,33.111,0.01061,1,0.18,4.339,7.7149,41.5,CRITICAL,F1,1,1,mechanical_imbalance,0.9,1,1,,,,,29,0
2026-08-19T15:56:18.726Z,1787154978726,FAN_DT_001_F1_S09_R01_20260819T154800,1,498.506,FAULT_ACTIVE,F1,0.9,FAN_DT_001,3.0,process-model-3.0.0-build3,7626,1,LIVE,SYNCHRONISED,AUTOMATIC,NORMAL,65,1950,1950,0,145,145,0.3,0.48,24.34152,38.46,1.208,1.072,0.0808,0.054,244.42,33.181,0.01061,1,0.18,4.341,7.7312,41.5,CRITICAL,F1,1,1,mechanical_imbalance,0.9,1,1,,,,,29,0
2026-08-19T15:56:19.648Z,1787154979648,FAN_DT_001_F1_S09_R01_20260819T154800,1,499.428,FAULT_ACTIVE,F1,0.9,FAN_DT_001,3.0,process-model-3.0.0-build3,7627,1,LIVE,SYNCHRONISED,AUTOMATIC,NORMAL,65,1950,1950,0,145,145,0.3,0.48,24.33128,38.45,1.208,1.072,0.0808,0.054,244.42,33.2511,0.0106,1,0.18,4.337,7.7475,41.5,CRITICAL,F1,1,1,mechanical_imbalance,0.9,1,1,,,,,29,0
2026-08-19T15:56:20.687Z,1787154980687,FAN_DT_001_F1_S09_R01_20260819T154800,1,500.467,FAULT_ACTIVE,F1,0.9,FAN_DT_001,3.0,process-model-3.0.0-build3,7628,1,LIVE,SYNCHRONISED,AUTOMATIC,NORMAL,65,1950,1950,0,145,145,0.3,0.48,24.32137,38.44,1.208,1.072,0.0808,0.054,244.42,33.3212,0.01057,1,0.18,4.325,7.7638,41.5,CRITICAL,F1,1,1,mechanical_imbalance,0.9,1,1,,,,,29,0
2026-08-19T15:56:21.769Z,1787154981769,FAN_DT_001_F1_S09_R01_20260819T154800,1,501.549,FAULT_ACTIVE,F1,0.9,FAN_DT_001,3.0,process-model-3.0.0-build3,7629,1,LIVE,SYNCHRONISED,AUTOMATIC,NORMAL,65,1950,1950,0,145,145,0.3,0.48,24.31182,38.43,1.208,1.072,0.0808,0.054,244.42,33.3914,0.01057,1,0.18,4.323,7.7802,41.5,CRITICAL,F1,1,1,mechanical_imbalance,0.9,1,1,,,,,29,0
2026-08-19T15:56:22.754Z,1787154982754,FAN_DT_001_F1_S09_R01_20260819T154800,1,502.534,FAULT_ACTIVE,F1,0.9,FAN_DT_001,3.0,process-model-3.0.0-build3,7630,1,LIVE,SYNCHRONISED,AUTOMATIC,NORMAL,65,1950,1950,0,145,145,0.3,0.48,24.30267,38.42,1.208,1.072,0.0808,0.054,244.42,33.4612,0.01052,1,0.18,4.304,7.7965,41.5,CRITICAL,F1,1,1,mechanical_imbalance,0.9,1,1,,,,,29,0
2026-08-19T15:56:23.789Z,1787154983789,FAN_DT_001_F1_S09_R01_20260819T154800,1,503.57,FAULT_ACTIVE,F1,0.9,FAN_DT_001,3.0,process-model-3.0.0-build3,7631,1,LIVE,SYNCHRONISED,AUTOMATIC,NORMAL,65,1950,1950,0,145,145,0.3,0.48,24.29381,38.41,1.208,1.072,0.0808,0.054,244.42,33.5318,0.01049,1,0.18,4.292,7.8129,41.5,CRITICAL,F1,1,1,mechanical_imbalance,0.9,1,1,,,,,29,0
2026-08-19T15:56:24.848Z,1787154984848,FAN_DT_001_F1_S09_R01_20260819T154800,1,504.628,FAULT_ACTIVE,F1,0.9,FAN_DT_001,3.0,process-model-3.0.0-build3,7632,1,LIVE,SYNCHRONISED,AUTOMATIC,NORMAL,65,1950,1950,0,145,145,0.3,0.48,24.28538,38.4,1.208,1.072,0.0808,0.054,244.42,33.6018,0.01046,1,0.18,4.28,7.8292,41.5,CRITICAL,F1,1,1,mechanical_imbalance,0.9,1,1,,,,,29,0
2026-08-19T15:56:25.861Z,1787154985861,FAN_DT_001_F1_S09_R01_20260819T154800,1,505.641,FAULT_ACTIVE,F1,0.9,FAN_DT_001,3.0,process-model-3.0.0-build3,7633,1,LIVE,SYNCHRONISED,AUTOMATIC,NORMAL,65,1950,1950,0,145,145,0.3,0.48,24.2773,38.39,1.208,1.072,0.0808,0.054,244.42,33.672,0.01042,1,0.18,4.261,7.8456,41.5,CRITICAL,F1,1,1,mechanical_imbalance,0.9,1,1,,,,,29,0
2026-08-19T15:56:26.894Z,1787154986894,FAN_DT_001_F1_S09_R01_20260819T154800,1,506.674,FAULT_ACTIVE,F1,0.9,FAN_DT_001,3.0,process-model-3.0.0-build3,7634,1,LIVE,SYNCHRONISED,AUTOMATIC,NORMAL,65,1950,1950,0,145,145,0.3,0.48,24.26959,38.38,1.208,1.072,0.0808,0.054,244.42,33.7424,0.01035,1,0.18,4.233,7.862,41.5,CRITICAL,F1,1,1,mechanical_imbalance,0.9,1,1,,,,,29,0
2026-08-19T15:56:27.930Z,1787154987930,FAN_DT_001_F1_S09_R01_20260819T154800,1,507.71,FAULT_ACTIVE,F1,0.9,FAN_DT_001,3.0,process-model-3.0.0-build3,7635,1,LIVE,SYNCHRONISED,AUTOMATIC,NORMAL,65,1950,1950,0,145,145,0.3,0.48,24.26232,38.36,1.208,1.072,0.0808,0.054,244.42,33.8122,0.0103,1,0.18,4.215,7.8783,41.5,CRITICAL,F1,1,1,mechanical_imbalance,0.9,1,1,,,,,29,0
2026-08-19T15:56:28.964Z,1787154988964,FAN_DT_001_F1_S09_R01_20260819T154800,1,508.744,FAULT_ACTIVE,F1,0.9,FAN_DT_001,3.0,process-model-3.0.0-build3,7636,1,LIVE,SYNCHRONISED,AUTOMATIC,NORMAL,65,1950,1950,0,145,145,0.3,0.48,24.25539,38.35,1.208,1.072,0.0808,0.054,244.42,33.8826,0.01024,1,0.18,4.19,7.8947,41.5,CRITICAL,F1,1,1,mechanical_imbalance,0.9,1,1,,,,,29,0
2026-08-19T15:56:30.002Z,1787154990002,FAN_DT_001_F1_S09_R01_20260819T154800,1,509.781,FAULT_ACTIVE,F1,0.9,FAN_DT_001,3.0,process-model-3.0.0-build3,7637,1,LIVE,SYNCHRONISED,AUTOMATIC,NORMAL,65,1950,1950,0,145,145,0.3,0.48,24.24889,38.34,1.208,1.072,0.0808,0.054,244.42,33.9526,0.01017,1,0.18,4.162,7.911,41.5,CRITICAL,F1,1,1,mechanical_imbalance,0.9,1,1,,,,,29,0
2026-08-19T15:56:31.033Z,1787154991033,FAN_DT_001_F1_S09_R01_20260819T154800,1,510.813,FAULT_ACTIVE,F1,0.9,FAN_DT_001,3.0,process-model-3.0.0-build3,7638,1,LIVE,SYNCHRONISED,AUTOMATIC,NORMAL,65,1950,1950,0,145,145,0.3,0.48,24.24275,38.33,1.208,1.072,0.0808,0.054,244.42,34.0229,0.0101,1,0.18,4.133,7.9273,41.5,CRITICAL,F1,1,1,mechanical_imbalance,0.9,1,1,,,,,29,0
2026-08-19T15:56:32.070Z,1787154992070,FAN_DT_001_F1_S09_R01_20260819T154800,1,511.85,FAULT_ACTIVE,F1,0.9,FAN_DT_001,3.0,process-model-3.0.0-build3,7639,1,LIVE,SYNCHRONISED,AUTOMATIC,NORMAL,65,1950,1950,0,145,145,0.3,0.48,24.23704,38.32,1.208,1.072,0.0808,0.054,244.42,34.0929,0.01002,1,0.18,4.098,7.9437,41.5,CRITICAL,F1,1,1,mechanical_imbalance,0.9,1,1,,,,,29,0
2026-08-19T15:56:33.103Z,1787154993103,FAN_DT_001_F1_S09_R01_20260819T154800,1,512.883,FAULT_ACTIVE,F1,0.9,FAN_DT_001,3.0,process-model-3.0.0-build3,7640,1,LIVE,SYNCHRONISED,AUTOMATIC,NORMAL,65,1950,1950,0,145,145,0.3,0.48,24.2317,38.31,1.208,1.072,0.0808,0.054,244.42,34.1633,0.00993,1,0.18,4.063,7.96,41.5,CRITICAL,F1,1,1,mechanical_imbalance,0.9,1,1,,,,,29,0
2026-08-19T15:56:34.140Z,1787154994140,FAN_DT_001_F1_S09_R01_20260819T154800,1,513.92,FAULT_ACTIVE,F1,0.9,FAN_DT_001,3.0,process-model-3.0.0-build3,7641,1,LIVE,SYNCHRONISED,AUTOMATIC,NORMAL,65,1950,1950,0,145,145,0.3,0.48,24.22679,38.3,1.208,1.072,0.0808,0.054,244.42,34.2333,0.00985,1,0.18,4.032,7.9763,41.5,CRITICAL,F1,1,1,mechanical_imbalance,0.9,1,1,,,,,29,0
2026-08-19T15:56:35.171Z,1787154995171,FAN_DT_001_F1_S09_R01_20260819T154800,1,514.952,FAULT_ACTIVE,F1,0.9,FAN_DT_001,3.0,process-model-3.0.0-build3,7642,1,LIVE,SYNCHRONISED,AUTOMATIC,NORMAL,65,1950,1950,0,145,145,0.3,0.48,24.22228,38.29,1.208,1.072,0.0808,0.054,244.42,34.3035,0.00975,1,0.18,3.989,7.9927,41.5,CRITICAL,F1,1,1,mechanical_imbalance,0.9,1,1,,,,,29,0
2026-08-19T15:56:36.210Z,1787154996210,FAN_DT_001_F1_S09_R01_20260819T154800,1,515.99,FAULT_ACTIVE,F1,0.9,FAN_DT_001,3.0,process-model-3.0.0-build3,7643,1,LIVE,SYNCHRONISED,AUTOMATIC,NORMAL,65,1950,1950,0,145,145,0.3,0.48,24.21819,38.28,1.208,1.072,0.0808,0.054,244.42,34.3735,0.00965,1,0.18,3.949,8.009,41.5,CRITICAL,F1,1,1,mechanical_imbalance,0.9,1,1,,,,,29,0
2026-08-19T15:56:37.267Z,1787154997267,FAN_DT_001_F1_S09_R01_20260819T154800,1,517.047,FAULT_ACTIVE,F1,0.9,FAN_DT_001,3.0,process-model-3.0.0-build3,7644,1,LIVE,SYNCHRONISED,AUTOMATIC,NORMAL,65,1950,1950,0,145,145,0.3,0.48,24.21449,38.27,1.208,1.072,0.0808,0.054,244.42,34.4439,0.00957,1,0.18,3.914,8.0254,41.5,CRITICAL,F1,1,1,mechanical_imbalance,0.9,1,1,,,,,29,0
2026-08-19T15:56:38.279Z,1787154998279,FAN_DT_001_F1_S09_R01_20260819T154800,1,518.059,FAULT_ACTIVE,F1,0.9,FAN_DT_001,3.0,process-model-3.0.0-build3,7645,1,LIVE,SYNCHRONISED,AUTOMATIC,NORMAL,65,1950,1950,0,145,145,0.3,0.48,24.21122,38.26,1.208,1.072,0.0808,0.054,244.42,34.5138,0.00945,1,0.18,3.866,8.0417,41.5,CRITICAL,F1,1,1,mechanical_imbalance,0.9,1,1,,,,,29,0
2026-08-19T15:56:39.312Z,1787154999312,FAN_DT_001_F1_S09_R01_20260819T154800,1,519.091,FAULT_ACTIVE,F1,0.9,FAN_DT_001,3.0,process-model-3.0.0-build3,7646,1,LIVE,SYNCHRONISED,AUTOMATIC,NORMAL,65,1950,1950,0,145,145,0.3,0.48,24.20836,38.25,1.208,1.072,0.0808,0.054,244.42,34.5842,0.00932,1,0.18,3.815,8.0581,41.5,CRITICAL,F1,1,1,mechanical_imbalance,0.9,1,1,,,,,29,0
2026-08-19T15:56:40.349Z,1787155000349,FAN_DT_001_F1_S09_R01_20260819T154800,1,520.129,FAULT_ACTIVE,F1,0.9,FAN_DT_001,3.0,process-model-3.0.0-build3,7647,1,LIVE,SYNCHRONISED,AUTOMATIC,NORMAL,65,1950,1950,0,145,145,0.3,0.48,24.20592,38.24,1.208,1.072,0.0808,0.054,244.42,34.6542,0.00922,1,0.18,3.772,8.0744,41.5,CRITICAL,F1,1,1,mechanical_imbalance,0.9,1,1,,,,,29,0
2026-08-19T15:56:41.387Z,1787155001387,FAN_DT_001_F1_S09_R01_20260819T154800,1,521.168,FAULT_ACTIVE,F1,0.9,FAN_DT_001,3.0,process-model-3.0.0-build3,7648,1,LIVE,SYNCHRONISED,AUTOMATIC,NORMAL,65,1950,1950,0,145,145,0.3,0.48,24.2039,38.23,1.208,1.072,0.0808,0.054,244.42,34.7246,0.00908,1,0.18,3.716,8.0908,41.5,CRITICAL,F1,1,1,mechanical_imbalance,0.9,1,1,,,,,29,0
2026-08-19T15:56:42.427Z,1787155002427,FAN_DT_001_F1_S09_R01_20260819T154800,1,522.207,FAULT_ACTIVE,F1,0.9,FAN_DT_001,3.0,process-model-3.0.0-build3,7649,1,LIVE,SYNCHRONISED,AUTOMATIC,NORMAL,65,1950,1950,0,145,145,0.3,0.48,24.2023,38.22,1.208,1.072,0.0808,0.054,244.42,34.7946,0.00896,1,0.18,3.665,8.1071,41.5,CRITICAL,F1,1,1,mechanical_imbalance,0.9,1,1,,,,,29,0
2026-08-19T15:56:43.451Z,1787155003451,FAN_DT_001_F1_S09_R01_20260819T154800,1,523.23,FAULT_ACTIVE,F1,0.9,FAN_DT_001,3.0,process-model-3.0.0-build3,7650,1,LIVE,SYNCHRONISED,AUTOMATIC,NORMAL,65,1950,1950,0,145,145,0.3,0.48,24.20112,38.22,1.208,1.072,0.0808,0.054,244.42,34.8645,0.00883,1,0.18,3.613,8.1234,41.5,CRITICAL,F1,1,1,mechanical_imbalance,0.9,1,1,,,,,29,0
2026-08-19T15:56:44.485Z,1787155004485,FAN_DT_001_F1_S09_R01_20260819T154800,1,524.264,FAULT_ACTIVE,F1,0.9,FAN_DT_001,3.0,process-model-3.0.0-build3,7651,1,LIVE,SYNCHRONISED,AUTOMATIC,NORMAL,65,1950,1950,0,145,145,0.3,0.48,24.20036,38.21,1.208,1.072,0.0808,0.054,244.42,34.9349,0.00869,1,0.18,3.557,8.1398,41.5,CRITICAL,F1,1,1,mechanical_imbalance,0.9,1,1,,,,,29,0
2026-08-19T15:56:45.522Z,1787155005522,FAN_DT_001_F1_S09_R01_20260819T154800,1,525.303,FAULT_ACTIVE,F1,0.9,FAN_DT_001,3.0,process-model-3.0.0-build3,7652,1,LIVE,SYNCHRONISED,AUTOMATIC,NORMAL,65,1950,1950,0,145,145,0.3,0.48,24.20002,38.2,1.208,1.072,0.0808,0.054,244.42,35.0048,0.00855,1,0.18,3.499,8.1561,41.5,CRITICAL,F1,1,1,mechanical_imbalance,0.9,1,1,,,,,29,0
2026-08-19T15:56:46.556Z,1787155006556,FAN_DT_001_F1_S09_R01_20260819T154800,1,526.336,FAULT_ACTIVE,F1,0.9,FAN_DT_001,3.0,process-model-3.0.0-build3,7653,1,LIVE,SYNCHRONISED,AUTOMATIC,NORMAL,65,1950,1950,0,145,145,0.3,0.48,24.2001,38.19,1.208,1.072,0.0808,0.054,244.42,35.0754,0.0084,1,0.18,3.436,8.1726,41.5,CRITICAL,F1,1,1,mechanical_imbalance,0.9,1,1,,,,,29,0
2026-08-19T15:56:47.592Z,1787155007592,FAN_DT_001_F1_S09_R01_20260819T154800,1,527.372,FAULT_ACTIVE,F1,0.9,FAN_DT_001,3.0,process-model-3.0.0-build3,7654,1,LIVE,SYNCHRONISED,AUTOMATIC,NORMAL,65,1950,1950,0,145,145,0.3,0.48,24.20061,38.18,1.208,1.072,0.0808,0.054,244.42,35.1452,0.00826,1,0.18,3.377,8.1888,41.5,CRITICAL,F1,1,1,mechanical_imbalance,0.9,1,1,,,,,29,0
2026-08-19T15:56:48.623Z,1787155008623,FAN_DT_001_F1_S09_R01_20260819T154800,1,528.403,FAULT_ACTIVE,F1,0.9,FAN_DT_001,3.0,process-model-3.0.0-build3,7655,1,LIVE,SYNCHRONISED,AUTOMATIC,NORMAL,65,1950,1950,0,145,145,0.3,0.48,24.20153,38.17,1.208,1.072,0.0808,0.054,244.42,35.2155,0.00811,1,0.18,3.316,8.2052,41.5,CRITICAL,F1,1,1,mechanical_imbalance,0.9,1,1,,,,,29,0
2026-08-19T15:56:49.662Z,1787155009662,FAN_DT_001_F1_S09_R01_20260819T154800,1,529.442,FAULT_ACTIVE,F1,0.9,FAN_DT_001,3.0,process-model-3.0.0-build3,7656,1,LIVE,SYNCHRONISED,AUTOMATIC,NORMAL,65,1950,1950,0,145,145,0.3,0.48,24.20288,38.16,1.208,1.072,0.0808,0.054,244.42,35.2856,0.00795,1,0.18,3.253,8.2215,41.5,CRITICAL,F1,1,1,mechanical_imbalance,0.9,1,1,,,,,29,0
2026-08-19T15:56:50.686Z,1787155010686,FAN_DT_001_F1_S09_R01_20260819T154800,1,530.466,FAULT_ACTIVE,F1,0.9,FAN_DT_001,3.0,process-model-3.0.0-build3,7657,1,LIVE,SYNCHRONISED,AUTOMATIC,NORMAL,65,1950,1950,0,145,145,0.3,0.48,24.20464,38.15,1.208,1.072,0.0808,0.054,244.42,35.3553,0.00778,1,0.18,3.183,8.2378,41.5,CRITICAL,F1,1,1,mechanical_imbalance,0.9,1,1,,,,,29,0
2026-08-19T15:56:51.729Z,1787155011729,FAN_DT_001_F1_S09_R01_20260819T154800,1,531.509,FAULT_ACTIVE,F1,0.9,FAN_DT_001,3.0,process-model-3.0.0-build3,7658,1,LIVE,SYNCHRONISED,AUTOMATIC,NORMAL,65,1950,1950,0,145,145,0.3,0.48,24.20682,38.15,1.208,1.072,0.0808,0.054,244.42,35.4254,0.0076,1,0.18,3.109,8.2541,41.5,CRITICAL,F1,1,1,mechanical_imbalance,0.9,1,1,,,,,29,0
2026-08-19T15:56:52.757Z,1787155012757,FAN_DT_001_F1_S09_R01_20260819T154800,1,532.537,FAULT_ACTIVE,F1,0.9,FAN_DT_001,3.0,process-model-3.0.0-build3,7659,1,LIVE,SYNCHRONISED,AUTOMATIC,NORMAL,65,1950,1950,0,145,145,0.3,0.48,24.20943,38.14,1.208,1.072,0.0808,0.054,244.42,35.4958,0.00745,1,0.18,3.048,8.2705,41.5,CRITICAL,F1,1,1,mechanical_imbalance,0.9,1,1,,,,,29,0
2026-08-19T15:56:53.794Z,1787155013794,FAN_DT_001_F1_S09_R01_20260819T154800,1,533.574,FAULT_ACTIVE,F1,0.9,FAN_DT_001,3.0,process-model-3.0.0-build3,7660,1,LIVE,SYNCHRONISED,AUTOMATIC,NORMAL,65,1950,1950,0,145,145,0.3,0.48,24.21244,38.13,1.208,1.072,0.0808,0.054,244.42,35.5657,0.00725,1,0.18,2.965,8.2868,41.5,CRITICAL,F1,1,1,mechanical_imbalance,0.9,1,1,,,,,29,0
2026-08-19T15:56:54.834Z,1787155014834,FAN_DT_001_F1_S09_R01_20260819T154800,1,534.614,FAULT_ACTIVE,F1,0.9,FAN_DT_001,3.0,process-model-3.0.0-build3,7661,1,LIVE,SYNCHRONISED,AUTOMATIC,NORMAL,65,1950,1950,0,145,145,0.3,0.48,24.21589,38.12,1.208,1.072,0.0808,0.054,244.42,35.6362,0.00707,1,0.18,2.892,8.3032,41.5,CRITICAL,F1,1,1,mechanical_imbalance,0.9,1,1,,,,,29,0
2026-08-19T15:56:55.870Z,1787155015870,FAN_DT_001_F1_S09_R01_20260819T154800,1,535.65,FAULT_ACTIVE,F1,0.9,FAN_DT_001,3.0,process-model-3.0.0-build3,7662,1,LIVE,SYNCHRONISED,AUTOMATIC,NORMAL,65,1950,1950,0,145,145,0.3,0.48,24.21974,38.12,1.208,1.072,0.0808,0.054,244.42,35.7064,0.0069,1,0.18,2.821,8.3196,41.5,CRITICAL,F1,1,1,mechanical_imbalance,0.9,1,1,,,,,29,0
2026-08-19T15:56:56.906Z,1787155016906,FAN_DT_001_F1_S09_R01_20260819T154800,1,536.686,FAULT_ACTIVE,F1,0.9,FAN_DT_001,3.0,process-model-3.0.0-build3,7663,1,LIVE,SYNCHRONISED,AUTOMATIC,NORMAL,65,1950,1950,0,145,145,0.3,0.48,24.22402,38.11,1.208,1.072,0.0808,0.054,244.42,35.7769,0.0067,1,0.18,2.74,8.336,41.5,CRITICAL,F1,1,1,mechanical_imbalance,0.9,1,1,,,,,29,0
2026-08-19T15:56:57.940Z,1787155017940,FAN_DT_001_F1_S09_R01_20260819T154800,1,537.72,FAULT_ACTIVE,F1,0.9,FAN_DT_001,3.0,process-model-3.0.0-build3,7664,1,LIVE,SYNCHRONISED,AUTOMATIC,NORMAL,65,1950,1950,0,145,145,0.3,0.48,24.22868,38.1,1.208,1.072,0.0808,0.054,244.42,35.8468,0.00651,1,0.18,2.665,8.3523,41.5,CRITICAL,F1,1,1,mechanical_imbalance,0.9,1,1,,,,,29,0
2026-08-19T15:56:58.973Z,1787155018973,FAN_DT_001_F1_S09_R01_20260819T154800,1,538.753,FAULT_ACTIVE,F1,0.9,FAN_DT_001,3.0,process-model-3.0.0-build3,7665,1,LIVE,SYNCHRONISED,AUTOMATIC,NORMAL,65,1950,1950,0,145,145,0.3,0.48,24.23378,38.1,1.208,1.072,0.0808,0.054,244.42,35.9172,0.00633,1,0.18,2.589,8.3687,41.5,CRITICAL,F1,1,1,mechanical_imbalance,0.9,1,1,,,,,29,0
2026-08-19T15:57:00.010Z,1787155020010,FAN_DT_001_F1_S09_R01_20260819T154800,1,539.791,FAULT_ACTIVE,F1,0.9,FAN_DT_001,3.0,process-model-3.0.0-build3,7666,1,LIVE,SYNCHRONISED,AUTOMATIC,NORMAL,65,1950,1950,0,145,145,0.3,0.48,24.23924,38.09,1.208,1.072,0.0808,0.054,244.42,35.9872,0.00613,1,0.18,2.509,8.385,41.5,CRITICAL,F1,1,1,mechanical_imbalance,0.9,1,1,,,,,29,0
2026-08-19T15:57:01.030Z,1787155021030,FAN_DT_001_F1_S09_R01_20260819T154800,1,540.81,RECOVERY,F1,0.9,FAN_DT_001,3.0,process-model-3.0.0-build3,7667,1,LIVE,SYNCHRONISED,AUTOMATIC,NORMAL,65,1950,1950,0,145,145,0.3,0.3,24.24501,38.08,1.028,1,0.0254,0,207.97,36.0497,0.00592,1,0.18,2.845,8.3996,100,HEALTHY,F0,0,0,healthy,0,0,0,,,,,30,0
2026-08-19T15:57:02.047Z,1787155022047,FAN_DT_001_F1_S09_R01_20260819T154800,1,541.827,RECOVERY,F1,0.9,FAN_DT_001,3.0,process-model-3.0.0-build3,7668,1,LIVE,SYNCHRONISED,AUTOMATIC,NORMAL,65,1950,1950,0,145,145,0.3,0.3,24.25122,38.08,1.028,1,0.0254,0,207.97,36.1088,0.00574,1,0.18,2.759,8.4134,100,HEALTHY,F0,0,0,healthy,0,0,0,,,,,30,0
2026-08-19T15:57:03.072Z,1787155023072,FAN_DT_001_F1_S09_R01_20260819T154800,1,542.853,RECOVERY,F1,0.9,FAN_DT_001,3.0,process-model-3.0.0-build3,7669,1,LIVE,SYNCHRONISED,AUTOMATIC,NORMAL,65,1950,1950,0,145,145,0.3,0.3,24.25785,38.07,1.028,1,0.0254,0,207.97,36.1683,0.00553,1,0.18,2.658,8.4272,100,HEALTHY,F0,0,0,healthy,0,0,0,,,,,30,0
2026-08-19T15:57:04.103Z,1787155024103,FAN_DT_001_F1_S09_R01_20260819T154800,1,543.883,RECOVERY,F1,0.9,FAN_DT_001,3.0,process-model-3.0.0-build3,7670,1,LIVE,SYNCHRONISED,AUTOMATIC,NORMAL,65,1950,1950,0,145,145,0.3,0.3,24.26485,38.07,1.028,1,0.0254,0,207.97,36.2275,0.00531,1,0.18,2.554,8.441,100,HEALTHY,F0,0,0,healthy,0,0,0,,,,,30,0
2026-08-19T15:57:05.128Z,1787155025128,FAN_DT_001_F1_S09_R01_20260819T154800,1,544.908,RECOVERY,F1,0.9,FAN_DT_001,3.0,process-model-3.0.0-build3,7671,1,LIVE,SYNCHRONISED,AUTOMATIC,NORMAL,65,1950,1950,0,145,145,0.3,0.3,24.27225,38.06,1.028,1,0.0254,0,207.97,36.2869,0.00512,1,0.18,2.46,8.4548,100,HEALTHY,F0,0,0,healthy,0,0,0,,,,,30,0
2026-08-19T15:57:06.157Z,1787155026157,FAN_DT_001_F1_S09_R01_20260819T154800,1,545.938,RECOVERY,F1,0.9,FAN_DT_001,3.0,process-model-3.0.0-build3,7672,1,LIVE,SYNCHRONISED,AUTOMATIC,NORMAL,65,1950,1950,0,145,145,0.3,0.3,24.27998,38.06,1.028,1,0.0254,0,207.97,36.3459,0.00489,1,0.18,2.352,8.4686,100,HEALTHY,F0,0,0,healthy,0,0,0,,,,,30,0
2026-08-19T15:57:07.186Z,1787155027186,FAN_DT_001_F1_S09_R01_20260819T154800,1,546.966,RECOVERY,F1,0.9,FAN_DT_001,3.0,process-model-3.0.0-build3,7673,1,LIVE,SYNCHRONISED,AUTOMATIC,NORMAL,65,1950,1950,0,145,145,0.3,0.3,24.28816,38.05,1.028,1,0.0254,0,207.97,36.4055,0.00466,1,0.18,2.242,8.4825,100,HEALTHY,F0,0,0,healthy,0,0,0,,,,,30,0
2026-08-19T15:57:08.227Z,1787155028227,FAN_DT_001_F1_S09_R01_20260819T154800,1,548.007,RECOVERY,F1,0.9,FAN_DT_001,3.0,process-model-3.0.0-build3,7674,1,LIVE,SYNCHRONISED,AUTOMATIC,NORMAL,65,1950,1950,0,145,145,0.3,0.3,24.29663,38.05,1.028,1,0.0254,0,207.97,36.4645,0.00445,1,0.18,2.14,8.4962,100,HEALTHY,F0,0,0,healthy,0,0,0,,,,,30,0
2026-08-19T15:57:09.240Z,1787155029240,FAN_DT_001_F1_S09_R01_20260819T154800,1,549.02,RECOVERY,F1,0.9,FAN_DT_001,3.0,process-model-3.0.0-build3,7675,1,LIVE,SYNCHRONISED,AUTOMATIC,NORMAL,65,1950,1950,0,145,145,0.3,0.3,24.30554,38.04,1.028,1,0.0254,0,207.97,36.524,0.00424,1,0.18,2.038,8.5101,100,HEALTHY,F0,0,0,healthy,0,0,0,,,,,30,0
2026-08-19T15:57:10.268Z,1787155030268,FAN_DT_001_F1_S09_R01_20260819T154800,1,550.048,RECOVERY,F1,0.9,FAN_DT_001,3.0,process-model-3.0.0-build3,7676,1,LIVE,SYNCHRONISED,AUTOMATIC,NORMAL,65,1950,1950,0,145,145,0.3,0.3,24.31477,38.04,1.028,1,0.0254,0,207.97,36.5832,0.00402,1,0.18,1.932,8.5239,100,HEALTHY,F0,0,0,healthy,0,0,0,,,,,30,0
2026-08-19T15:57:11.297Z,1787155031297,FAN_DT_001_F1_S09_R01_20260819T154800,1,551.077,RECOVERY,F1,0.9,FAN_DT_001,3.0,process-model-3.0.0-build3,7677,1,LIVE,SYNCHRONISED,AUTOMATIC,NORMAL,65,1950,1950,0,145,145,0.3,0.3,24.32435,38.03,1.028,1,0.0254,0,207.97,36.6424,0.00378,1,0.18,1.82,8.5377,100,HEALTHY,F0,0,0,healthy,0,0,0,,,,,30,0
2026-08-19T15:57:12.329Z,1787155032329,FAN_DT_001_F1_S09_R01_20260819T154800,1,552.109,RECOVERY,F1,0.9,FAN_DT_001,3.0,process-model-3.0.0-build3,7678,1,LIVE,SYNCHRONISED,AUTOMATIC,NORMAL,65,1950,1950,0,145,145,0.3,0.3,24.33432,38.03,1.028,1,0.0254,0,207.97,36.7019,0.00355,1,0.18,1.707,8.5515,100,HEALTHY,F0,0,0,healthy,0,0,0,,,,,30,0
2026-08-19T15:57:13.353Z,1787155033353,FAN_DT_001_F1_S09_R01_20260819T154800,1,553.134,RECOVERY,F1,0.9,FAN_DT_001,3.0,process-model-3.0.0-build3,7679,1,LIVE,SYNCHRONISED,AUTOMATIC,NORMAL,65,1950,1950,0,145,145,0.3,0.3,24.34458,38.03,1.028,1,0.0254,0,207.97,36.761,0.00334,1,0.18,1.605,8.5653,100,HEALTHY,F0,0,0,healthy,0,0,0,,,,,30,0
2026-08-19T15:57:14.379Z,1787155034379,FAN_DT_001_F1_S09_R01_20260819T154800,1,554.159,RECOVERY,F1,0.9,FAN_DT_001,3.0,process-model-3.0.0-build3,7680,1,LIVE,SYNCHRONISED,AUTOMATIC,NORMAL,65,1950,1950,0,145,145,0.3,0.3,24.35524,38.02,1.028,1,0.0254,0,207.97,36.8204,0.00309,1,0.18,1.488,8.5792,100,HEALTHY,F0,0,0,healthy,0,0,0,,,,,30,0
2026-08-19T15:57:15.408Z,1787155035408,FAN_DT_001_F1_S09_R01_20260819T154800,1,555.188,RECOVERY,F1,0.9,FAN_DT_001,3.0,process-model-3.0.0-build3,7681,1,LIVE,SYNCHRONISED,AUTOMATIC,NORMAL,65,1950,1950,0,145,145,0.3,0.3,24.36617,38.02,1.028,1,0.0254,0,207.97,36.8795,0.00288,1,0.18,1.383,8.5929,100,HEALTHY,F0,0,0,healthy,0,0,0,,,,,30,0
2026-08-19T15:57:16.434Z,1787155036434,FAN_DT_001_F1_S09_R01_20260819T154800,1,556.214,RECOVERY,F1,0.9,FAN_DT_001,3.0,process-model-3.0.0-build3,7682,1,LIVE,SYNCHRONISED,AUTOMATIC,NORMAL,65,1950,1950,0,145,145,0.3,0.3,24.37747,38.02,1.028,1,0.0254,0,207.97,36.9388,0.00262,1,0.18,1.261,8.6067,100,HEALTHY,F0,0,0,healthy,0,0,0,,,,,30,0
2026-08-19T15:57:17.463Z,1787155037463,FAN_DT_001_F1_S09_R01_20260819T154800,1,557.243,RECOVERY,F1,0.9,FAN_DT_001,3.0,process-model-3.0.0-build3,7683,1,LIVE,SYNCHRONISED,AUTOMATIC,NORMAL,65,1950,1950,0,145,145,0.3,0.3,24.38908,38.02,1.028,1,0.0254,0,207.97,36.998,0.00241,1,0.18,1.157,8.6205,100,HEALTHY,F0,0,0,healthy,0,0,0,,,,,30,0
2026-08-19T15:57:18.487Z,1787155038487,FAN_DT_001_F1_S09_R01_20260819T154800,1,558.269,RECOVERY,F1,0.9,FAN_DT_001,3.0,process-model-3.0.0-build3,7684,1,LIVE,SYNCHRONISED,AUTOMATIC,NORMAL,65,1950,1950,0,145,145,0.3,0.3,24.40104,38.01,1.028,1,0.0254,0,207.97,37.0574,0.00217,1,0.18,1.042,8.6344,100,HEALTHY,F0,0,0,healthy,0,0,0,,,,,30,0
2026-08-19T15:57:19.518Z,1787155039518,FAN_DT_001_F1_S09_R01_20260819T154800,1,559.298,RECOVERY,F1,0.9,FAN_DT_001,3.0,process-model-3.0.0-build3,7685,1,LIVE,SYNCHRONISED,AUTOMATIC,NORMAL,65,1950,1950,0,145,145,0.3,0.3,24.41324,38.01,1.028,1,0.0254,0,207.97,37.1165,0.00192,1,0.18,0.924,8.6482,100,HEALTHY,F0,0,0,healthy,0,0,0,,,,,30,0
2026-08-19T15:57:20.543Z,1787155040543,FAN_DT_001_F1_S09_R01_20260819T154800,1,560.324,RECOVERY,F1,0.9,FAN_DT_001,3.0,process-model-3.0.0-build3,7686,1,LIVE,SYNCHRONISED,AUTOMATIC,NORMAL,65,1950,1950,0,145,145,0.3,0.3,24.42583,38.01,1.028,1,0.0254,0,207.97,37.176,0.00169,1,0.18,0.815,8.662,100,HEALTHY,F0,0,0,healthy,0,0,0,,,,,30,0
2026-08-19T15:57:21.575Z,1787155041575,FAN_DT_001_F1_S09_R01_20260819T154800,1,561.355,RECOVERY,F1,0.9,FAN_DT_001,3.0,process-model-3.0.0-build3,7687,1,LIVE,SYNCHRONISED,AUTOMATIC,NORMAL,65,1950,1950,0,145,145,0.3,0.3,24.4387,38.01,1.028,1,0.0254,0,207.97,37.2353,0.00145,1,0.18,0.695,8.6758,100,HEALTHY,F0,0,0,healthy,0,0,0,,,,,30,0
2026-08-19T15:57:22.604Z,1787155042604,FAN_DT_001_F1_S09_R01_20260819T154800,1,562.383,RECOVERY,F1,0.9,FAN_DT_001,3.0,process-model-3.0.0-build3,7688,1,LIVE,SYNCHRONISED,AUTOMATIC,NORMAL,65,1950,1950,0,145,145,0.3,0.3,24.45185,38.01,1.028,1,0.0254,0,207.97,37.2946,0.00121,1,0.18,0.582,8.6896,100,HEALTHY,F0,0,0,healthy,0,0,0,,,,,30,0
2026-08-19T15:57:23.631Z,1787155043631,FAN_DT_001_F1_S09_R01_20260819T154800,1,563.411,RECOVERY,F1,0.9,FAN_DT_001,3.0,process-model-3.0.0-build3,7689,1,LIVE,SYNCHRONISED,AUTOMATIC,NORMAL,65,1950,1950,0,145,145,0.3,0.3,24.46529,38,1.028,1,0.0254,0,207.97,37.354,0.00098,1,0.18,0.469,8.7035,100,HEALTHY,F0,0,0,healthy,0,0,0,,,,,30,0
2026-08-19T15:57:24.661Z,1787155044661,FAN_DT_001_F1_S09_R01_20260819T154800,1,564.441,RECOVERY,F1,0.9,FAN_DT_001,3.0,process-model-3.0.0-build3,7690,1,LIVE,SYNCHRONISED,AUTOMATIC,NORMAL,65,1950,1950,0,145,145,0.3,0.3,24.47896,38,1.028,1,0.0254,0,207.97,37.4131,0.00073,1,0.18,0.353,8.7173,100,HEALTHY,F0,0,0,healthy,0,0,0,,,,,30,0
2026-08-19T15:57:25.685Z,1787155045685,FAN_DT_001_F1_S09_R01_20260819T154800,1,565.465,RECOVERY,F1,0.9,FAN_DT_001,3.0,process-model-3.0.0-build3,7691,1,LIVE,SYNCHRONISED,AUTOMATIC,NORMAL,65,1950,1950,0,145,145,0.3,0.3,24.49299,38,1.028,1,0.0254,0,207.97,37.4726,0.00049,1,0.18,0.235,8.7311,100,HEALTHY,F0,0,0,healthy,0,0,0,,,,,30,0
2026-08-19T15:57:26.716Z,1787155046716,FAN_DT_001_F1_S09_R01_20260819T154800,1,566.496,RECOVERY,F1,0.9,FAN_DT_001,3.0,process-model-3.0.0-build3,7692,1,LIVE,SYNCHRONISED,AUTOMATIC,NORMAL,65,1950,1950,0,145,145,0.3,0.3,24.50721,38,1.028,1,0.0254,0,207.97,37.5318,0.00023,1,0.18,0.112,8.7449,100,HEALTHY,F0,0,0,healthy,0,0,0,,,,,30,0
2026-08-19T15:57:27.741Z,1787155047741,FAN_DT_001_F1_S09_R01_20260819T154800,1,567.521,RECOVERY,F1,0.9,FAN_DT_001,3.0,process-model-3.0.0-build3,7693,1,LIVE,SYNCHRONISED,AUTOMATIC,NORMAL,65,1950,1950,0,145,145,0.3,0.3,24.52174,38,1.028,1,0.0254,0,207.97,37.5912,0,1,0.18,0,8.7588,100,HEALTHY,F0,0,0,healthy,0,0,0,,,,,30,0
2026-08-19T15:57:28.778Z,1787155048778,FAN_DT_001_F1_S09_R01_20260819T154800,1,568.558,RECOVERY,F1,0.9,FAN_DT_001,3.0,process-model-3.0.0-build3,7694,1,LIVE,SYNCHRONISED,AUTOMATIC,NORMAL,65,1950,1950,0,145,145,0.3,0.3,24.53648,38,1.028,1,0.0254,0,207.97,37.6504,-0.00023,1,0.18,0.111,8.7725,100,HEALTHY,F0,0,0,healthy,0,0,0,,,,,30,0
2026-08-19T15:57:29.797Z,1787155049797,FAN_DT_001_F1_S09_R01_20260819T154800,1,569.577,RECOVERY,F1,0.9,FAN_DT_001,3.0,process-model-3.0.0-build3,7695,1,LIVE,SYNCHRONISED,AUTOMATIC,NORMAL,65,1950,1950,0,145,145,0.3,0.3,24.5515,38,1.028,1,0.0254,0,207.97,37.7098,-0.00048,1,0.18,0.233,8.7864,100,HEALTHY,F0,0,0,healthy,0,0,0,,,,,30,0
2026-08-19T15:57:30.824Z,1787155050824,FAN_DT_001_F1_S09_R01_20260819T154800,1,570.604,RECOVERY,F1,0.9,FAN_DT_001,3.0,process-model-3.0.0-build3,7696,1,LIVE,SYNCHRONISED,AUTOMATIC,NORMAL,65,1950,1950,0,145,145,0.3,0.3,24.56668,38,1.028,1,0.0254,0,207.97,37.769,-0.00072,1,0.18,0.347,8.8002,100,HEALTHY,F0,0,0,healthy,0,0,0,,,,,30,0
2026-08-19T15:57:31.854Z,1787155051854,FAN_DT_001_F1_S09_R01_20260819T154800,1,571.634,RECOVERY,F1,0.9,FAN_DT_001,3.0,process-model-3.0.0-build3,7697,1,LIVE,SYNCHRONISED,AUTOMATIC,NORMAL,65,1950,1950,0,145,145,0.3,0.3,24.58213,38.01,1.028,1,0.0254,0,207.97,37.8282,-0.00097,1,0.18,0.466,8.814,100,HEALTHY,F0,0,0,healthy,0,0,0,,,,,30,0
2026-08-19T15:57:32.879Z,1787155052879,FAN_DT_001_F1_S09_R01_20260819T154800,1,572.659,RECOVERY,F1,0.9,FAN_DT_001,3.0,process-model-3.0.0-build3,7698,1,LIVE,SYNCHRONISED,AUTOMATIC,NORMAL,65,1950,1950,0,145,145,0.3,0.3,24.5978,38.01,1.028,1,0.0254,0,207.97,37.8876,-0.00121,1,0.18,0.583,8.8278,100,HEALTHY,F0,0,0,healthy,0,0,0,,,,,30,0
2026-08-19T15:57:33.910Z,1787155053910,FAN_DT_001_F1_S09_R01_20260819T154800,1,573.69,RECOVERY,F1,0.9,FAN_DT_001,3.0,process-model-3.0.0-build3,7699,1,LIVE,SYNCHRONISED,AUTOMATIC,NORMAL,65,1950,1950,0,145,145,0.3,0.3,24.61364,38.01,1.028,1,0.0254,0,207.97,37.9467,-0.00144,1,0.18,0.691,8.8416,100,HEALTHY,F0,0,0,healthy,0,0,0,,,,,30,0
2026-08-19T15:57:34.937Z,1787155054937,FAN_DT_001_F1_S09_R01_20260819T154800,1,574.717,RECOVERY,F1,0.9,FAN_DT_001,3.0,process-model-3.0.0-build3,7700,1,LIVE,SYNCHRONISED,AUTOMATIC,NORMAL,65,1950,1950,0,145,145,0.3,0.3,24.6298,38.01,1.028,1,0.0254,0,207.97,38.0063,-0.00168,1,0.18,0.807,8.8555,100,HEALTHY,F0,0,0,healthy,0,0,0,,,,,30,0
2026-08-19T15:57:35.966Z,1787155055966,FAN_DT_001_F1_S09_R01_20260819T154800,1,575.746,RECOVERY,F1,0.9,FAN_DT_001,3.0,process-model-3.0.0-build3,7701,1,LIVE,SYNCHRONISED,AUTOMATIC,NORMAL,65,1950,1950,0,145,145,0.3,0.3,24.64598,38.01,1.028,1,0.0254,0,207.97,38.0653,-0.00194,1,0.18,0.931,8.8692,100,HEALTHY,F0,0,0,healthy,0,0,0,,,,,30,0
2026-08-19T15:57:36.992Z,1787155056992,FAN_DT_001_F1_S09_R01_20260819T154800,1,576.772,RECOVERY,F1,0.9,FAN_DT_001,3.0,process-model-3.0.0-build3,7702,1,LIVE,SYNCHRONISED,AUTOMATIC,NORMAL,65,1950,1950,0,145,145,0.3,0.3,24.66251,38.01,1.028,1,0.0254,0,207.97,38.1248,-0.00218,1,0.18,1.048,8.8831,100,HEALTHY,F0,0,0,healthy,0,0,0,,,,,30,0
2026-08-19T15:57:38.024Z,1787155058024,FAN_DT_001_F1_S09_R01_20260819T154800,1,577.804,RECOVERY,F1,0.9,FAN_DT_001,3.0,process-model-3.0.0-build3,7703,1,LIVE,SYNCHRONISED,AUTOMATIC,NORMAL,65,1950,1950,0,145,145,0.3,0.3,24.67911,38.02,1.028,1,0.0254,0,207.97,38.184,-0.00241,1,0.18,1.157,8.8969,100,HEALTHY,F0,0,0,healthy,0,0,0,,,,,30,0
2026-08-19T15:57:39.051Z,1787155059051,FAN_DT_001_F1_S09_R01_20260819T154800,1,578.831,RECOVERY,F1,0.9,FAN_DT_001,3.0,process-model-3.0.0-build3,7704,1,LIVE,SYNCHRONISED,AUTOMATIC,NORMAL,65,1950,1950,0,145,145,0.3,0.3,24.69595,38.02,1.028,1,0.0254,0,207.97,38.2435,-0.00263,1,0.18,1.267,8.9107,100,HEALTHY,F0,0,0,healthy,0,0,0,,,,,30,0
2026-08-19T15:57:40.081Z,1787155060081,FAN_DT_001_F1_S09_R01_20260819T154800,1,579.861,RECOVERY,F1,0.9,FAN_DT_001,3.0,process-model-3.0.0-build3,7705,1,LIVE,SYNCHRONISED,AUTOMATIC,NORMAL,65,1950,1950,0,145,145,0.3,0.3,24.71285,38.02,1.028,1,0.0254,0,207.97,38.3026,-0.00288,1,0.18,1.386,8.9245,100,HEALTHY,F0,0,0,healthy,0,0,0,,,,,30,0
2026-08-19T15:57:41.107Z,1787155061107,FAN_DT_001_F1_S09_R01_20260819T154800,1,580.887,RECOVERY,F1,0.9,FAN_DT_001,3.0,process-model-3.0.0-build3,7706,1,LIVE,SYNCHRONISED,AUTOMATIC,NORMAL,65,1950,1950,0,145,145,0.3,0.3,24.73001,38.02,1.028,1,0.0254,0,207.97,38.3621,-0.00309,1,0.18,1.485,8.9384,100,HEALTHY,F0,0,0,healthy,0,0,0,,,,,30,0
2026-08-19T15:57:42.134Z,1787155062134,FAN_DT_001_F1_S09_R01_20260819T154800,1,581.914,RECOVERY,F1,0.9,FAN_DT_001,3.0,process-model-3.0.0-build3,7707,1,LIVE,SYNCHRONISED,AUTOMATIC,NORMAL,65,1950,1950,0,145,145,0.3,0.3,24.74723,38.03,1.028,1,0.0254,0,207.97,38.4213,-0.00332,1,0.18,1.598,8.9522,100,HEALTHY,F0,0,0,healthy,0,0,0,,,,,30,0
2026-08-19T15:57:43.163Z,1787155063163,FAN_DT_001_F1_S09_R01_20260819T154800,1,582.943,RECOVERY,F1,0.9,FAN_DT_001,3.0,process-model-3.0.0-build3,7708,1,LIVE,SYNCHRONISED,AUTOMATIC,NORMAL,65,1950,1950,0,145,145,0.3,0.3,24.7646,38.03,1.028,1,0.0254,0,207.97,38.4805,-0.00357,1,0.18,1.718,8.966,100,HEALTHY,F0,0,0,healthy,0,0,0,,,,,30,0
2026-08-19T15:57:44.188Z,1787155064188,FAN_DT_001_F1_S09_R01_20260819T154800,1,583.968,RECOVERY,F1,0.9,FAN_DT_001,3.0,process-model-3.0.0-build3,7709,1,LIVE,SYNCHRONISED,AUTOMATIC,NORMAL,65,1950,1950,0,145,145,0.3,0.3,24.78208,38.03,1.028,1,0.0254,0,207.97,38.5398,-0.00378,1,0.18,1.82,8.9798,100,HEALTHY,F0,0,0,healthy,0,0,0,,,,,30,0
2026-08-19T15:57:45.220Z,1787155065220,FAN_DT_001_F1_S09_R01_20260819T154800,1,585,RECOVERY,F1,0.9,FAN_DT_001,3.0,process-model-3.0.0-build3,7710,1,LIVE,SYNCHRONISED,AUTOMATIC,NORMAL,65,1950,1950,0,145,145,0.3,0.3,24.79969,38.04,1.028,1,0.0254,0,207.97,38.599,-0.00402,1,0.18,1.933,8.9936,100,HEALTHY,F0,0,0,healthy,0,0,0,,,,,30,0
2026-08-19T15:57:46.263Z,1787155066263,FAN_DT_001_F1_S09_R01_20260819T154800,1,586.043,RECOVERY,F1,0.9,FAN_DT_001,3.0,process-model-3.0.0-build3,7711,1,LIVE,SYNCHRONISED,AUTOMATIC,NORMAL,65,1950,1950,0,145,145,0.3,0.3,24.81769,38.04,1.028,1,0.0254,0,207.97,38.6593,-0.00424,1,0.18,2.038,9.0076,100,HEALTHY,F0,0,0,healthy,0,0,0,,,,,30,0
2026-08-19T15:57:47.287Z,1787155067287,FAN_DT_001_F1_S09_R01_20260819T154800,1,587.067,RECOVERY,F1,0.9,FAN_DT_001,3.0,process-model-3.0.0-build3,7712,1,LIVE,SYNCHRONISED,AUTOMATIC,NORMAL,65,1950,1950,0,145,145,0.3,0.3,24.83549,38.05,1.028,1,0.0254,0,207.97,38.7186,-0.00445,1,0.18,2.142,9.0214,100,HEALTHY,F0,0,0,healthy,0,0,0,,,,,30,0
2026-08-19T15:57:48.318Z,1787155068318,FAN_DT_001_F1_S09_R01_20260819T154800,1,588.098,RECOVERY,F1,0.9,FAN_DT_001,3.0,process-model-3.0.0-build3,7713,1,LIVE,SYNCHRONISED,AUTOMATIC,NORMAL,65,1950,1950,0,145,145,0.3,0.3,24.85336,38.05,1.028,1,0.0254,0,207.97,38.7778,-0.00469,1,0.18,2.254,9.0352,100,HEALTHY,F0,0,0,healthy,0,0,0,,,,,30,0
2026-08-19T15:57:49.344Z,1787155069344,FAN_DT_001_F1_S09_R01_20260819T154800,1,589.124,RECOVERY,F1,0.9,FAN_DT_001,3.0,process-model-3.0.0-build3,7714,1,LIVE,SYNCHRONISED,AUTOMATIC,NORMAL,65,1950,1950,0,145,145,0.3,0.3,24.87137,38.06,1.028,1,0.0254,0,207.97,38.8372,-0.0049,1,0.18,2.359,9.0491,100,HEALTHY,F0,0,0,healthy,0,0,0,,,,,30,0
2026-08-19T15:57:50.370Z,1787155070370,FAN_DT_001_F1_S09_R01_20260819T154800,1,590.15,RECOVERY,F1,0.9,FAN_DT_001,3.0,process-model-3.0.0-build3,7715,1,LIVE,SYNCHRONISED,AUTOMATIC,NORMAL,65,1950,1950,0,145,145,0.3,0.3,24.88934,38.06,1.028,1,0.0254,0,207.97,38.8962,-0.0051,1,0.18,2.45,9.0628,100,HEALTHY,F0,0,0,healthy,0,0,0,,,,,30,0
2026-08-19T15:57:51.401Z,1787155071401,FAN_DT_001_F1_S09_R01_20260819T154800,1,591.181,RECOVERY,F1,0.9,FAN_DT_001,3.0,process-model-3.0.0-build3,7716,1,LIVE,SYNCHRONISED,AUTOMATIC,NORMAL,65,1950,1950,0,145,145,0.3,0.3,24.90744,38.07,1.028,1,0.0254,0,207.97,38.9555,-0.00533,1,0.18,2.562,9.0766,100,HEALTHY,F0,0,0,healthy,0,0,0,,,,,30,0
2026-08-19T15:57:52.452Z,1787155072452,FAN_DT_001_F1_S09_R01_20260819T154800,1,592.232,RECOVERY,F1,0.9,FAN_DT_001,3.0,process-model-3.0.0-build3,7717,1,LIVE,SYNCHRONISED,AUTOMATIC,NORMAL,65,1950,1950,0,145,145,0.3,0.3,24.92564,38.07,1.028,1,0.0254,0,207.97,39.015,-0.00551,1,0.18,2.651,9.0905,100,HEALTHY,F0,0,0,healthy,0,0,0,,,,,30,0
2026-08-19T15:57:53.459Z,1787155073459,FAN_DT_001_F1_S09_R01_20260819T154800,1,593.239,RECOVERY,F1,0.9,FAN_DT_001,3.0,process-model-3.0.0-build3,7718,1,LIVE,SYNCHRONISED,AUTOMATIC,NORMAL,65,1950,1950,0,145,145,0.3,0.3,24.94381,38.08,1.028,1,0.0254,0,207.97,39.0743,-0.00574,1,0.18,2.759,9.1043,100,HEALTHY,F0,0,0,healthy,0,0,0,,,,,30,0
2026-08-19T15:57:54.487Z,1787155074487,FAN_DT_001_F1_S09_R01_20260819T154800,1,594.268,RECOVERY,F1,0.9,FAN_DT_001,3.0,process-model-3.0.0-build3,7719,1,LIVE,SYNCHRONISED,AUTOMATIC,NORMAL,65,1950,1950,0,145,145,0.3,0.3,24.96206,38.09,1.028,1,0.0254,0,207.97,39.1336,-0.00593,1,0.18,2.853,9.1181,100,HEALTHY,F0,0,0,healthy,0,0,0,,,,,30,0
2026-08-19T15:57:55.513Z,1787155075513,FAN_DT_001_F1_S09_R01_20260819T154800,1,595.293,RECOVERY,F1,0.9,FAN_DT_001,3.0,process-model-3.0.0-build3,7720,1,LIVE,SYNCHRONISED,AUTOMATIC,NORMAL,65,1950,1950,0,145,145,0.3,0.3,24.98035,38.09,1.028,1,0.0254,0,207.97,39.1931,-0.00613,1,0.18,2.949,9.132,100,HEALTHY,F0,0,0,healthy,0,0,0,,,,,30,0
2026-08-19T15:57:56.545Z,1787155076545,FAN_DT_001_F1_S09_R01_20260819T154800,1,596.325,RECOVERY,F1,0.9,FAN_DT_001,3.0,process-model-3.0.0-build3,7721,1,LIVE,SYNCHRONISED,AUTOMATIC,NORMAL,65,1950,1950,0,145,145,0.3,0.3,24.99853,38.1,1.028,1,0.0254,0,207.97,39.2522,-0.00634,1,0.18,3.048,9.1458,100,HEALTHY,F0,0,0,healthy,0,0,0,,,,,30,0
2026-08-19T15:57:57.569Z,1787155077569,FAN_DT_001_F1_S09_R01_20260819T154800,1,597.349,RECOVERY,F1,0.9,FAN_DT_001,3.0,process-model-3.0.0-build3,7722,1,LIVE,SYNCHRONISED,AUTOMATIC,NORMAL,65,1950,1950,0,145,145,0.3,0.3,25.01682,38.1,1.028,1,0.0254,0,207.97,39.3116,-0.00651,1,0.18,3.13,9.1596,100,HEALTHY,F0,0,0,healthy,0,0,0,,,,,30,0
2026-08-19T15:57:58.598Z,1787155078598,FAN_DT_001_F1_S09_R01_20260819T154800,1,598.378,RECOVERY,F1,0.9,FAN_DT_001,3.0,process-model-3.0.0-build3,7723,1,LIVE,SYNCHRONISED,AUTOMATIC,NORMAL,65,1950,1950,0,145,145,0.3,0.3,25.03502,38.11,1.028,1,0.0254,0,207.97,39.3708,-0.00671,1,0.18,3.224,9.1734,100,HEALTHY,F0,0,0,healthy,0,0,0,,,,,30,0
2026-08-19T15:57:59.626Z,1787155079626,FAN_DT_001_F1_S09_R01_20260819T154800,1,599.406,RECOVERY,F1,0.9,FAN_DT_001,3.0,process-model-3.0.0-build3,7724,1,LIVE,SYNCHRONISED,AUTOMATIC,NORMAL,65,1950,1950,0,145,145,0.3,0.3,25.05326,38.12,1.028,1,0.0254,0,207.97,39.4302,-0.0069,1,0.18,3.319,9.1872,100,HEALTHY,F0,0,0,healthy,0,0,0,,,,,30,0
